molecule_id,chemical_name,cas_raw,cas,cas_format_valid,cas_checksum_valid,smiles_raw,canonical_smiles,smiles_parseable,odor_labels_cleaned
MOL_000001,Acetanisole,100-06-1,100-06-1,True,True,COc1ccc(C(C)=O)cc1,COc1ccc(C(C)=O)cc1,True,hay;floral;sweet
MOL_000002,Anisic acid,100-09-4,100-09-4,True,True,COc1ccc(C(=O)O)cc1,COc1ccc(C(=O)O)cc1,True,spicy;cherry;sweet
MOL_000003,Styrene,100-42-5,100-42-5,True,True,C=Cc1ccccc1,C=Cc1ccccc1,True,gasoline;balsamic;pungent
MOL_000004,Benzonitrile,100-47-0,100-47-0,True,True,N#Cc1ccccc1,N#Cc1ccccc1,True,cherry;almond
MOL_000005,Benzyl alcohol,100-51-6,100-51-6,True,True,OCc1ccccc1,OCc1ccccc1,True,fruity;almond;sweet
MOL_000006,Benzaldehyde,100-52-7,100-52-7,True,True,O=Cc1ccccc1,O=Cc1ccccc1,True,almond
MOL_000007,Benzyl mercaptan,100-53-8,100-53-8,True,True,SCc1ccccc1,SCc1ccccc1,True,onion;garlic
MOL_000008,Anisole,100-66-3,100-66-3,True,True,COc1ccccc1,COc1ccccc1,True,anisic;sweet
MOL_000009,Methyl phenyl sulfide,100-68-5,100-68-5,True,True,CSc1ccccc1,CSc1ccccc1,True,roasted;meaty;sulfurous;coffee;woody
MOL_000010,Ethylpyridine,100-71-0,100-71-0,True,True,CCc1ccccn1,CCc1ccccn1,True,green;fishy;grassy;smoky
MOL_000011,Acetone glyceryl acetal(s),100-79-8,100-79-8,True,True,CC1(C)OCC(CO)O1,CC1(C)OCC(CO)O1,True,fruity;solvent
MOL_000012,Hydroxybenzaldehyde,100-83-4,100-83-4,True,True,O=Cc1cccc(O)c1,O=Cc1cccc(O)c1,True,phenolic;medicinal;aromatic;sweet
MOL_000013,Cresyl methyl ether,100-84-5,100-84-5,True,True,COc1cccc(C)c1,COc1cccc(C)c1,True,nutty;pungent;floral;dry
MOL_000014,Dimethylphenethyl alcohol,100-86-7,100-86-7,True,True,CC(C)(O)Cc1ccccc1,CC(C)(O)Cc1ccccc1,True,rose;fresh;herbal;floral
MOL_000015,Pentadecanoic acid,1002-84-2,1002-84-2,True,True,CCCCCCCCCCCCCCC(=O)O,CCCCCCCCCCCCCCC(=O)O,True,fatty;waxy
MOL_000016,Octanal dimethyl acetal,10022-28-3,10022-28-3,True,True,CCCCCCCC(OC)OC,CCCCCCCC(OC)OC,True,citrus;green;fresh;waxy;orange;cognac
MOL_000017,Terpinyl cinnamate,10024-56-3,10024-56-3,True,True,CC1=CCC(C(C)(C)OC(=O)/C=C/c2ccccc2)CC1,CC1=CCC(C(C)(C)OC(=O)/C=C/c2ccccc2)CC1,True,fruity;balsamic;sweet;spicy
MOL_000018,Tolyl laurate,10024-57-4,10024-57-4,True,True,CCCCCCCCCCCC(=O)Oc1ccc(C)cc1,CCCCCCCCCCCC(=O)Oc1ccc(C)cc1,True,waxy;balsamic;floral;sweet
MOL_000019,Linalyl octanoate,10024-64-3,10024-64-3,True,True,C=CC(C)(CCC=C(C)C)OC(=O)CCCCCCC,C=CC(C)(CCC=C(C)C)OC(=O)CCCCCCC,True,fruity;herbal;dry
MOL_000020,Dihydrothiophenone,1003-04-9,1003-04-9,True,True,O=C1CCSC1,O=C1CCSC1,True,meaty;roasted;garlic;onion;vegetable;buttery
MOL_000021,Thiobutyrolactone,1003-10-7,1003-10-7,True,True,O=C1CCCS1,O=C1CCCS1,True,sulfurous;burnt
MOL_000022,Formylpyrrole,1003-29-8,1003-29-8,True,True,O=Cc1ccc[nH]1,O=Cc1ccc[nH]1,True,roasted;nutty;burnt;pungent
MOL_000023,Dimethyltetrahydrofuran,1003-38-9,1003-38-9,True,True,CC1CCC(C)O1,CC1CCC(C)O1,True,solvent;ethereal;gasoline;sweet;mint
MOL_000024,Methylphenylbutyl isobutyrate,10031-71-7,10031-71-7,True,True,CC(C)C(=O)OC(C)(C)CCc1ccccc1,CC(C)C(=O)OC(C)(C)CCc1ccccc1,True,fruity;tropical;herbal;tea
MOL_000025,Ethoxybenzaldehyde,10031-82-0,10031-82-0,True,True,CCOc1ccc(C=O)cc1,CCOc1ccc(C=O)cc1,True,anisic;cherry;almond;sweet
MOL_000026,Ethylbenzyl butyrate,10031-86-4,10031-86-4,True,True,CCCC(=O)OC(CC)c1ccccc1,CCCC(=O)OC(CC)c1ccccc1,True,fruity;floral;sweet
MOL_000027,Ethylbutyl acetate,10031-87-5,10031-87-5,True,True,CCC(CC)COC(C)=O,CCC(CC)COC(C)=O,True,fruity;banana;pear;fermented;musty
MOL_000028,Ethylheptenal,10031-88-6,10031-88-6,True,True,CCCC/C=C(/C=O)CC,CCCC/C=C(/C=O)CC,True,green;fatty;nutty
MOL_000029,Ethyl furylpropanoate,10031-90-0,10031-90-0,True,True,CCOC(=O)CCc1ccco1,CCOC(=O)CCc1ccco1,True,green;fruity;woody;chamomile;pineapple
MOL_000030,Ethyl nonynoate,10031-92-2,10031-92-2,True,True,CCCCCCC#CC(=O)OCC,CCCCCCC#CC(=O)OCC,True,leafy;violet;cucumber;green
MOL_000031,Ethyl phenylbutyrate,10031-93-3,10031-93-3,True,True,CCOC(=O)CCCc1ccccc1,CCOC(=O)CCCc1ccccc1,True,fruity;plum;sweet
MOL_000032,Eugenyl formate,10031-96-6,10031-96-6,True,True,C=CCc1ccc(OC=O)c(OC)c1,C=CCc1ccc(OC=O)c(OC)c1,True,orris;woody;sweet;dry
MOL_000033,Geranyl acetoacetate,10032-00-5,10032-00-5,True,True,CC(=O)CC(=O)OC/C=C(\C)CCC=C(C)C,CC(=O)CC(=O)OC/C=C(\C)CCC=C(C)C,True,apple;fruity;fermented;sweet
MOL_000034,Geranyl hexanoate,10032-02-7,10032-02-7,True,True,CCCCCC(=O)OC/C=C(\C)CCC=C(C)C,CCCCCC(=O)OC/C=C(\C)CCC=C(C)C,True,fruity;pineapple;rose;tropical
MOL_000035,Heptanal dimethyl acetal,10032-05-0,10032-05-0,True,True,CCCCCCC(OC)OC,CCCCCCC(OC)OC,True,green;vegetable
MOL_000036,Heptyl cinnamate,10032-08-3,10032-08-3,True,True,CCCCCCCOC(=O)/C=C/c1ccccc1,CCCCCCCOC(=O)/C=C/c1ccccc1,True,green;earthy;floral
MOL_000037,Hexenyl methylbutanoate,10032-11-8,10032-11-8,True,True,CCC=CCCOC(=O)CC(C)C,CCC=CCCOC(=O)CC(C)C,True,green;fruity;apple
MOL_000038,Hexyl methylbutanoate,10032-13-0,10032-13-0,True,True,CCCCCCOC(=O)CC(C)C,CCCCCCOC(=O)CC(C)C,True,green;apple;sweet
MOL_000039,Hexyl methylbutanoate,10032-15-2,10032-15-2,True,True,CCCCCCOC(=O)C(C)CC,CCCCCCOC(=O)C(C)CC,True,green;fruity;apple
MOL_000040,Hexylacetoxytetrahydrofuran,10039-39-1,10039-39-1,True,True,CCCCCCC1CC(OC(C)=O)CO1,CCCCCCC1CC(OC(C)=O)CO1,True,fruity;floral;sweet
MOL_000041,Butyltetrahydrofuran,1004-29-1,1004-29-1,True,True,CCCCC1CCCO1,CCCCC1CCCO1,True,solvent;green;fatty;aromatic;sweet
MOL_000042,Dimethylphenethyl formate,10058-43-2,10058-43-2,True,True,CC(C)(Cc1ccccc1)OC=O,CC(C)(Cc1ccccc1)OC=O,True,green;jasmine;herbal
MOL_000043,earthy indane,1006-27-5,1006-27-5,True,True,COC1CCC2=CC=CC=C12,COC1CCc2ccccc21,True,floral;mint;earthy;animal;anisic
MOL_000044,Mercaptoheptanol,1006684-20-3,1006684-20-3,True,True,CCCCCCC(O)S,CCCCCCC(O)S,True,fruity;tropical;vegetable
MOL_000045,Methyl dimethylanthranilate,10072-05-6,10072-05-6,True,True,COC(=O)c1ccccc1N(C)C,COC(=O)c1ccccc1N(C)C,True,grape
MOL_000046,valerophenone,1009-14-9,1009-14-9,True,True,CCCCC(=O)C1=CC=CC=C1,CCCCC(=O)c1ccccc1,True,balsamic;musty
MOL_000047,Dimethylphenylpropionaldehyde,1009-62-7,1009-62-7,True,True,CC(C)(C=O)Cc1ccccc1,CC(C)(C=O)Cc1ccccc1,True,aldehydic;fresh;floral
MOL_000048,Dimethylphenethyl butyrate,10094-34-5,10094-34-5,True,True,CCCC(=O)OC(C)(C)Cc1ccccc1,CCCC(=O)OC(C)(C)Cc1ccccc1,True,apricot;fruity;tea;plum
MOL_000049,Ethyl cyclohexanepropionate,10094-36-7,10094-36-7,True,True,CCOC(=O)CCC1CCCCC1,CCOC(=O)CCC1CCCCC1,True,fruity;pineapple;sweet
MOL_000050,2-hexenyl acetate,10094-40-3,10094-40-3,True,True,CCCC=CCOC(=O)C,CCCC=CCOC(C)=O,True,green;fruity
MOL_000051,Hexenyl methylbutanoate,10094-41-4,10094-41-4,True,True,CC/C=C\CCOC(=O)C(C)CC,CC/C=C\CCOC(=O)C(C)CC,True,apple;green;fruity;pear;pineapple
MOL_000052,Methylcinnamaldehyde,101-39-3,101-39-3,True,True,C/C(C=O)=C/c1ccccc1,C/C(C=O)=C/c1ccccc1,True,cinnamon;spicy;balsamic;sweet
MOL_000053,Methyl phenylacetate,101-41-7,101-41-7,True,True,COC(=O)Cc1ccccc1,COC(=O)Cc1ccccc1,True,honey;floral;sweet
MOL_000054,Phenylacetaldehyde dimethyl acetal,101-48-4,101-48-4,True,True,COC(Cc1ccccc1)OC,COC(Cc1ccccc1)OC,True,green;earthy;floral
MOL_000055,Phenylacetaldehyde ethyleneglycol acetal,101-49-5,101-49-5,True,True,c1ccc(CC2OCCO2)cc1,c1ccc(CC2OCCO2)cc1,True,green;waxy;sweet
MOL_000056,Diphenylmethane,101-81-5,101-81-5,True,True,c1ccc(Cc2ccccc2)cc1,c1ccc(Cc2ccccc2)cc1,True,rose;metallic;leafy
MOL_000057,Diphenyl ether,101-84-8,101-84-8,True,True,c1ccc(Oc2ccccc2)cc1,c1ccc(Oc2ccccc2)cc1,True,green;floral;metallic
MOL_000058,Amylcinnamyl alcohol,101-85-9,101-85-9,True,True,CCCCC/C(=C\c1ccccc1)CO,CCCCC/C(=C\c1ccccc1)CO,True,fruity;pear;waxy;jasmine;floral;sweet
MOL_000059,Hexylcinnamaldehyde,101-86-0,101-86-0,True,True,CCCCCC/C(C=O)=C\c1ccccc1,CCCCCC/C(C=O)=C\c1ccccc1,True,jasmine;floral;sweet
MOL_000060,para-cresyl phenyl acetate,101-94-0,101-94-0,True,True,CC1=CC=C(C=C1)OC(=O)CC2=CC=CC=C2,Cc1ccc(OC(=O)Cc2ccccc2)cc1,True,animal;rose;honey;floral
MOL_000061,Ethyl phenylacetate,101-97-3,101-97-3,True,True,CCOC(=O)Cc1ccccc1,CCOC(=O)Cc1ccccc1,True,honey;sweet
MOL_000062,Propylene glycol dipropionate,10108-80-2,10108-80-2,True,True,CCC(=O)OCC(C)OC(=O)CC,CCC(=O)OCC(C)OC(=O)CC,True,fruity;winey
MOL_000063,"Bicycloheptenecarboxylic acid, ethyl ester",10138-32-6,10138-32-6,True,True,CCOC(=O)C1CC2C=CC1C2,CCOC(=O)C1CC2C=CC1C2,True,green;fruity;honey
MOL_000064,Phenethyl lactate,10138-63-3,10138-63-3,True,True,O=C(CCO)OCCc1ccccc1,O=C(CCO)OCCc1ccccc1,True,fruity;sweet;ethereal
MOL_000065,Acetyldihydrothiazine,101417-25-8,101417-25-8,True,True,CC(=O)N1CCC=CS1,CC(=O)N1CCC=CS1,True,nutty;popcorn;roasted
MOL_000066,Nonyl hexanoate,101452-99-7,101452-99-7,True,True,CCCCCCCCCOC(=O)CCCCC,CCCCCCCCCOC(=O)CCCCC,True,fruity;nutty;winey;ethereal
MOL_000067,Isobutyldimethyldihydrodithiazine,101517-87-7,101517-87-7,True,True,CC(C)CC1(C)C=CSSN1C,CC(C)CC1(C)C=CSSN1C,True,hazelnut;roasted
MOL_000068,Allyl methyl sulfide,10152-76-8,10152-76-8,True,True,C=CCSC,C=CCSC,True,onion;sulfurous;garlic
MOL_000069,Methyl propenyl sulfide,10152-77-9,10152-77-9,True,True,CC=CSC,CC=CSC,True,onion;sulfurous;garlic
MOL_000070,Methyl hydroxydecanoate,101853-47-8,101853-47-8,True,True,CCCCCCCCC(O)C(=O)OC,CCCCCCCCC(O)C(=O)OC,True,fruity;pineapple;sweet
MOL_000071,Hydroxyhexanoic acid,10191-24-9,10191-24-9,True,True,CCCC(O)CC(=O)O,CCCC(O)CC(=O)O,True,fruity;cheesy
MOL_000072,Diphenylpropanone,102-04-5,102-04-5,True,True,O=C(Cc1ccccc1)Cc1ccccc1,O=C(Cc1ccccc1)Cc1ccccc1,True,fruity;honey;almond;floral;sweet
MOL_000073,Isobutyl phenylacetate,102-13-6,102-13-6,True,True,CC(C)COC(=O)Cc1ccccc1,CC(C)COC(=O)Cc1ccccc1,True,rose;floral;sweet
MOL_000074,Benzyl phenylacetate,102-16-9,102-16-9,True,True,O=C(Cc1ccccc1)OCc1ccccc1,O=C(Cc1ccccc1)OCc1ccccc1,True,floral;sweet
MOL_000075,Anisyl phenylacetate,102-17-0,102-17-0,True,True,COc1ccc(COC(=O)Cc2ccccc2)cc1,COc1ccc(COC(=O)Cc2ccccc2)cc1,True,honey;balsamic;rose
MOL_000076,Isoamyl phenylacetate,102-19-2,102-19-2,True,True,CC(C)CCOC(=O)Cc1ccccc1,CC(C)CCOC(=O)Cc1ccccc1,True,fruity;cocoa;honey;balsamic;floral;sweet
MOL_000077,Phenethyl phenylacetate,102-20-5,102-20-5,True,True,O=C(Cc1ccccc1)OCCc1ccccc1,O=C(Cc1ccccc1)OCCc1ccccc1,True,honey;balsamic;floral;rose
MOL_000078,Geranyl phenylacetate,102-22-7,102-22-7,True,True,CC(C)=CCC/C(C)=C/COC(=O)Cc1ccccc1,CC(C)=CCC/C(C)=C/COC(=O)Cc1ccccc1,True,honey;rose;floral;sweet
MOL_000079,Tripropylamine,102-69-2,102-69-2,True,True,CCCN(CCC)CCC,CCCN(CCC)CCC,True,ripe;fishy;cheesy
MOL_000080,Acetin,102-76-1,102-76-1,True,True,CC(=O)OCC(COC(C)=O)OC(C)=O,CC(=O)OCC(COC(C)=O)OC(C)=O,True,fruity;ethereal
MOL_000081,Tributylamine,102-82-9,102-82-9,True,True,CCCCN(CCCC)CCCC,CCCCN(CCCC)CCCC,True,ripe;cheesy;fishy;animal
MOL_000082,Dodecanol,10203-28-8,10203-28-8,True,True,CCCCCCCCCCC(C)O,CCCCCCCCCCC(C)O,True,oily;fruity;fatty;ethereal
MOL_000083,(E)-filbertone,102322-83-8,102322-83-8,True,True,CCC(C)C(=O)/C=C/C,C/C=C/C(=O)C(C)CC,True,hazelnut;nutty
MOL_000084,3-(3-tert-butyl phenyl) propanal,1023288-21-2,1023288-21-2,True,True,CC(C)(C)C1=CC=CC(=C1)CCC=O,CC(C)(C)c1cccc(CCC=O)c1,True,aldehydic;floral;solvent
MOL_000085,Isopropyl dodecanoate,10233-13-3,10233-13-3,True,True,CCCCCCCCCCCC(=O)OC(C)C,CCCCCCCCCCCC(=O)OC(C)C,True,creamy;green;oily;fatty;fruity;waxy;dairy;floral
MOL_000086,Phytyl acetate,10236-16-5,10236-16-5,True,True,CC(=O)OC/C=C(\C)CCC[C@H](C)CCC[C@H](C)CCCC(C)C,CC(=O)OC/C=C(\C)CCC[C@H](C)CCC[C@H](C)CCCC(C)C,True,fruity;floral
MOL_000087,Epoxydecanal,102369-06-2,102369-06-2,True,True,CCCCCCCC1OC1C=O,CCCCCCCC1OC1C=O,True,citrus
MOL_000088,Dimethylheptyl acetate,10250-45-0,10250-45-0,True,True,CC(=O)OC(CC(C)C)CC(C)C,CC(=O)OC(CC(C)C)CC(C)C,True,herbal;floral
MOL_000089,Benzyl octanoate,10276-85-4,10276-85-4,True,True,CCCCCCCC(=O)OCc1ccccc1,CCCCCCCC(=O)OCc1ccccc1,True,floral;fruity;fatty;peach
MOL_000090,Propyl sorbate,10297-72-0,10297-72-0,True,True,C/C=C\C=C\C(=O)OCCC,C/C=C\C=C\C(=O)OCCC,True,green;fruity;tropical;fresh;pineapple
MOL_000091,Methylphenylbutanol,103-05-9,103-05-9,True,True,CC(C)(O)CCc1ccccc1,CC(C)(O)CCc1ccccc1,True,green;herbal;floral;sweet
MOL_000092,narcissus acetate,103-07-1,103-07-1,True,True,CC(=O)OC(C)(C)CCC1=CC=CC=C1,CC(=O)OC(C)(C)CCc1ccccc1,True,rose;green;floral;leafy;sweet;balsamic
MOL_000093,Ethylhexyl acetate,103-09-3,103-09-3,True,True,CCCCC(CC)COC(C)=O,CCCCC(CC)COC(C)=O,True,fruity;sweet;herbal
MOL_000094,Methoxystyryl isopropyl ketone,103-13-9,103-13-9,True,True,COc1ccc(/C=C\C(=O)C(C)C)cc1,COc1ccc(/C=C\C(=O)C(C)C)cc1,True,fruity;caramellic;buttery
MOL_000095,Methyl phenylpropionate,103-25-3,103-25-3,True,True,COC(=O)CCc1ccccc1,COC(=O)CCc1ccccc1,True,spicy;cinnamon;fruity;floral;sweet
MOL_000096,Methyl cinnamate,103-26-4,103-26-4,True,True,COC(=O)/C=C/c1ccccc1,COC(=O)/C=C/c1ccccc1,True,fruity;balsamic
MOL_000097,Benzyl isobutyrate,103-28-6,103-28-6,True,True,CC(C)C(=O)OCc1ccccc1,CC(C)C(=O)OCc1ccccc1,True,fruity;floral
MOL_000098,Ethyl cinnamate,103-36-6,103-36-6,True,True,CCOC(=O)/C=C/c1ccccc1,CCOC(=O)/C=C/c1ccccc1,True,honey;cinnamon;balsamic;plum
MOL_000099,Benzyl butyrate,103-37-7,103-37-7,True,True,CCCC(=O)OCc1ccccc1,CCCC(=O)OCc1ccccc1,True,fruity;floral;apricot;plum
MOL_000100,Benzyl isovalerate,103-38-8,103-38-8,True,True,CC(C)CC(=O)OCc1ccccc1,CC(C)CC(=O)OCc1ccccc1,True,apple;fruity;tobacco;herbal;cheesy
MOL_000101,Benzyl cinnamate,103-41-3,103-41-3,True,True,O=C(/C=C/c1ccccc1)OCc1ccccc1,O=C(/C=C/c1ccccc1)OCc1ccccc1,True,balsamic;floral;sweet
MOL_000102,Phenethyl acetate,103-45-7,103-45-7,True,True,CC(=O)OCCc1ccccc1,CC(=O)OCCc1ccccc1,True,honey;fruity;rose;sweet
MOL_000103,Phenethyl isobutyrate,103-48-0,103-48-0,True,True,CC(C)C(=O)OCCc1ccccc1,CC(C)C(=O)OCCc1ccccc1,True,honey;fruity;floral;rose
MOL_000104,Dibenzyl ether,103-50-4,103-50-4,True,True,c1ccc(COCc2ccccc2)cc1,c1ccc(COCc2ccccc2)cc1,True,rose;earthy;almond;sweet;mushroom
MOL_000105,Phenethyl butyrate,103-52-6,103-52-6,True,True,CCCC(=O)OCCc1ccccc1,CCCC(=O)OCCc1ccccc1,True,rose;green;fruity;musty;floral
MOL_000106,Phenethyl cinnamate,103-53-7,103-53-7,True,True,O=C(/C=C/c1ccccc1)OCCc1ccccc1,O=C(/C=C/c1ccccc1)OCCc1ccccc1,True,balsamic;sweet
MOL_000107,Cinnamyl acetate,103-54-8,103-54-8,True,True,CC(=O)OC/C=C/c1ccccc1,CC(=O)OC/C=C/c1ccccc1,True,spicy;fruity;cinnamon;balsamic;floral;sweet
MOL_000108,Cinnamyl propionate,103-56-0,103-56-0,True,True,CCC(=O)OC/C=C/c1ccccc1,CCC(=O)OC/C=C/c1ccccc1,True,spicy;rose;fruity;balsamic;floral
MOL_000109,Phenylpropyl isobutyrate,103-58-2,103-58-2,True,True,CC(C)C(=O)OCCCc1ccccc1,CC(C)C(=O)OCCCc1ccccc1,True,fruity;balsamic;sweet;spicy
MOL_000110,Cinnamyl isobutyrate,103-59-3,103-59-3,True,True,CC(C)C(=O)OC/C=C/c1ccccc1,CC(C)C(=O)OC/C=C/c1ccccc1,True,pineapple;apple;plum;banana
MOL_000111,Phenoxyethyl isobutyrate,103-60-6,103-60-6,True,True,CC(C)C(=O)OCCOc1ccccc1,CC(C)C(=O)OCCOc1ccccc1,True,honey;fruity;floral
MOL_000112,Cinnamyl butyrate,103-61-7,103-61-7,True,True,CCCC(=O)OC/C=C/c1ccccc1,CCCC(=O)OC/C=C/c1ccccc1,True,fruity;balsamic;floral
MOL_000113,bromstyrol,103-64-0,103-64-0,True,True,C1=CC=C(C=C1)C=CBr,BrC=Cc1ccccc1,True,leafy;green;floral
MOL_000114,Ethyl phenyl ether,103-73-1,103-73-1,True,True,CCOc1ccccc1,CCOc1ccccc1,True,anisic;sweet
MOL_000115,Phenylpropanone,103-79-7,103-79-7,True,True,CC(=O)Cc1ccccc1,CC(=O)Cc1ccccc1,True,green;fruity;sharp
MOL_000116,Phenylacetic acid,103-82-2,103-82-2,True,True,O=C(O)Cc1ccccc1,O=C(O)Cc1ccccc1,True,honey;sweet;animal
MOL_000117,Tolyl isobutyrate,103-93-5,103-93-5,True,True,Cc1ccc(OC(=O)C(C)C)cc1,Cc1ccc(OC(=O)C(C)C)cc1,True,fruity;warm;animal
MOL_000118,Methylisopropylphenylpropionaldehyde,103-95-7,103-95-7,True,True,CC(C)c1ccc(C(C)CC=O)cc1,CC(C)c1ccc(C(C)CC=O)cc1,True,green;vegetable;floral
MOL_000119,methyl (S)-2-methyl butyrate,10307-60-5,10307-60-5,True,True,O=C(OC)[C@@H](C)CC,CC[C@H](C)C(=O)OC,True,fruity;apple
MOL_000120,ethyl (S)-2-methyl butyrate,10307-61-6,10307-61-6,True,True,CC[C@H](C)C(=O)OCC,CCOC(=O)[C@@H](C)CC,True,fresh;fruity;apple;peach
MOL_000121,Hydroxycyclohexenone,10316-66-2,10316-66-2,True,True,O=C1CCCC=C1O,O=C1CCCC=C1O,True,caramellic;burnt
MOL_000122,Methylpentenoic acid,10321-71-8,10321-71-8,True,True,CC(C)/C=C/C(=O)O,CC(C)/C=C/C(=O)O,True,tobacco;sour;berry
MOL_000123,ethyl linalool,10339-55-6,10339-55-6,True,True,CC/C(=C/CCC(C)(C=C)O)/C,C=CC(C)(O)CC/C=C(\C)CC,True,fresh;woody;herbal;green;citrus
MOL_000124,Nonenol,10339-61-4,10339-61-4,True,True,CCCCC/C=C/CCO,CCCCC/C=C/CCO,True,green;melon;waxy
MOL_000125,Nonenol,10340-23-5,10340-23-5,True,True,CCCCC/C=C\CCO,CCCCC/C=C\CCO,True,green;melon;fresh;waxy
MOL_000126,Ethyl hydroxymethylpentanoate,10348-47-7,10348-47-7,True,True,CCOC(=O)C(O)CC(C)C,CCOC(=O)C(O)CC(C)C,True,fruity;fresh;winey
MOL_000127,Propyl crotonate,10352-87-1,10352-87-1,True,True,C/C=C/C(=O)OCCC,C/C=C/C(=O)OCCC,True,apple;caramellic;ethereal;fruity;chamomile
MOL_000128,Benzyl valerate,10361-39-4,10361-39-4,True,True,CCCCC(=O)OCc1ccccc1,CCCCC(=O)OCc1ccccc1,True,apple;fruity;tobacco;musk
MOL_000129,lily propanol,103694-68-4,103694-68-4,True,True,CC1=CC(=CC=C1)CC(C)(C)CO,Cc1cccc(CC(C)(C)CO)c1,True,floral;green;tropical
MOL_000130,Propyl hexenoate,10380-79-7,10380-79-7,True,True,CCC/C=C/C(=O)OCCC,CCC/C=C/C(=O)OCCC,True,green;fruity;fresh
MOL_000131,Tolylacetaldehyde,104-09-6,104-09-6,True,True,Cc1ccc(CC=O)cc1,Cc1ccc(CC=O)cc1,True,green;fruity;nutty;melon;cherry;sweet
MOL_000132,Anisyl acetone,104-20-1,104-20-1,True,True,COc1ccc(CCC(C)=O)cc1,COc1ccc(CCC(C)=O)cc1,True,fruity;floral;sweet;berry
MOL_000133,Anisyl acetate,104-21-2,104-21-2,True,True,COc1ccc(COC(C)=O)cc1,COc1ccc(COC(C)=O)cc1,True,fruity;vanilla;balsamic;cherry;floral;coumarinic
MOL_000134,Methoxyphenylpentenone,104-27-8,104-27-8,True,True,CCC(=O)/C=C/c1ccc(OC)cc1,CCC(=O)/C=C/c1ccc(OC)cc1,True,caramellic;sweet;buttery
MOL_000135,Propylanisole,104-45-0,104-45-0,True,True,CCCc1ccc(OC)cc1,CCCc1ccc(OC)cc1,True,herbal;anisic;sweet
MOL_000136,anethol,104-46-1,104-46-1,True,True,COc1ccc(/C=C/C)cc1,C/C=C/c1ccc(OC)cc1,True,sweet;anisic;medicinal
MOL_000137,Octalactone,104-50-7,104-50-7,True,True,CCCCC1CCC(=O)O1,CCCCC1CCC(=O)O1,True,coumarinic;coconut;sweet
MOL_000138,Phenylpropionaldehyde,104-53-0,104-53-0,True,True,O=CCCc1ccccc1,O=CCCc1ccccc1,True,green;balsamic;floral
MOL_000139,Cinnamyl alcohol,104-54-1,104-54-1,True,True,OC/C=C\c1ccccc1,OC/C=C\c1ccccc1,True,balsamic;floral;sweet;spicy
MOL_000140,Cinnamaldehyde,104-55-2,104-55-2,True,True,O=C/C=C/c1ccccc1,O=C/C=C/c1ccccc1,True,cinnamon;spicy
MOL_000141,Benzyl formate,104-57-4,104-57-4,True,True,O=COCc1ccccc1,O=COCc1ccccc1,True,fruity;fresh;cherry
MOL_000142,Nonalactone,104-61-0,104-61-0,True,True,CCCCC[C@H]1CCC(=O)O1,CCCCC[C@H]1CCC(=O)O1,True,fatty;coconut
MOL_000143,Phenethyl formate,104-62-1,104-62-1,True,True,O=COCCc1ccccc1,O=COCCc1ccccc1,True,green;rose;herbal
MOL_000144,Phenylpropyl formate,104-64-3,104-64-3,True,True,O=COCCCc1ccccc1,O=COCCCc1ccccc1,True,green;honey;floral;sweet
MOL_000145,Cinnamyl formate,104-65-4,104-65-4,True,True,O=COC/C=C/c1ccccc1,O=COC/C=C/c1ccccc1,True,apple;fruity;herbal;balsamic
MOL_000146,Undecalactone,104-67-6,104-67-6,True,True,CCCCCCC[C@H]1CCC(=O)O1,CCCCCCC[C@H]1CCC(=O)O1,True,fatty;peach;apricot
MOL_000147,Ethylhexanol,104-76-7,104-76-7,True,True,CCCCC(CC)CO,CCCCC(CC)CO,True,oily;rose;sweet;fermented
MOL_000148,Tolualdehyde,104-87-0,104-87-0,True,True,Cc1ccc(C=O)cc1,Cc1ccc(C=O)cc1,True,cherry;almond;sweet
MOL_000149,Ethylmethylpyridine,104-90-5,104-90-5,True,True,CCc1ccc(C)nc1,CCc1ccc(C)nc1,True,potato;green;fatty;nutty;earthy
MOL_000150,Methylanisole,104-93-8,104-93-8,True,True,COc1ccc(C)cc1,COc1ccc(C)cc1,True,leathery;green;nutty;sharp;phenolic;floral;sweet
MOL_000151,Eugenyl phenylacetate,10402-33-2,10402-33-2,True,True,C=CCc1ccc(OC(=O)Cc2ccccc2)c(OC)c1,C=CCc1ccc(OC(=O)Cc2ccccc2)c(OC)c1,True,spicy;honey;warm;aromatic;sweet
MOL_000152,Geranyl valerate,10402-47-8,10402-47-8,True,True,CCCCC(=O)OC/C=C(\C)CCC=C(C)C,CCCCC(=O)OC/C=C(\C)CCC=C(C)C,True,apple;rose;fruity;tobacco;pineapple
MOL_000153,geranyl methyl tiglate,10402-48-9,10402-48-9,True,True,CC(=CCC/C(=C/COC(=O)C(=C(C)C)C)/C)C,CC(C)=CCC/C(C)=C/COC(=O)C(C)=C(C)C,True,sweet;fruity;tropical;rose;herbal;rum
MOL_000154,2-phenyl propyl acetate,10402-52-5,10402-52-5,True,True,CC(COC(=O)C)C1=CC=CC=C1,CC(=O)OCC(C)c1ccccc1,True,sweet;floral;green;earthy
MOL_000155,(R)-muscone,10403-00-6,10403-00-6,True,True,C[C@@H]1CCCCCCCCCCCCC(=O)C1,C[C@@H]1CCCCCCCCCCCCC(=O)C1,True,musk;animal;orris
MOL_000156,cis-woody acetate,10411-92-4,10411-92-4,True,True,O=C(C)O[C@@H]1CC[C@@H](CC1)C(C)(C)C,CC(=O)O[C@H]1CC[C@@H](C(C)(C)C)CC1,True,fresh;fruity;floral;pine
MOL_000157,4-methoxybenzoyl oxyacetic acid,10414-68-3,10414-68-3,True,True,COC1=CC=C(C=C1)C(=O)OCC(=O)O,COc1ccc(C(=O)OCC(=O)O)cc1,True,roasted
MOL_000158,Cresyl valerate,10415-86-8,10415-86-8,True,True,CCCCC(=O)Oc1ccc(C)cc1,CCCCC(=O)Oc1ccc(C)cc1,True,floral;musk;animal
MOL_000159,Phenylmethylpentanol,10415-87-9,10415-87-9,True,True,CCC(C)(O)CCc1ccccc1,CCC(C)(O)CCc1ccccc1,True,fruity;floral;rose
MOL_000160,Phenylbutyl acetate,10415-88-0,10415-88-0,True,True,CC(=O)OC(C)CCc1ccccc1,CC(=O)OC(C)CCc1ccccc1,True,green;fruity;sweet
MOL_000161,Ethyl acetylthiobutyrate,104228-51-5,104228-51-5,True,True,CCOC(=S)C(CC)C(C)=O,CCOC(=S)C(CC)C(C)=O,True,sulfurous;fruity;meaty;tropical
MOL_000162,Citral propylene glycol acetal,10444-50-5,10444-50-5,True,True,CC(C)=CCC/C(C)=C/C1OCC(C)O1,CC(C)=CCC/C(C)=C/C1OCC(C)O1,True,lemon;sweet;citrus
MOL_000163,chamomile propionate,104468-21-5,104468-21-5,True,True,CC(=C)CCOC(=O)C(C)(C)C,C=C(C)CCOC(=O)C(C)(C)C,True,fresh;herbal;fruity;floral;chamomile;rose
MOL_000164,Hexyl decanoate,10448-26-7,10448-26-7,True,True,CCCCCCCCCC(=O)OCCCCCC,CCCCCCCCCC(=O)OCCCCCC,True,green;oily;fatty;fruity;herbal;winey
MOL_000165,peony acetonitrile,10461-98-0,10461-98-0,True,True,C1CCC(=C(C#N)C2=CC=CC=C2)CC1,N#CC(=C1CCCCC1)c1ccccc1,True,floral;grapefruit;fresh
MOL_000166,peanut dithiazine,104691-41-0,104691-41-0,True,True,CC1NC(SC(S1)C)C(C)C,CC1NC(C(C)C)SC(C)S1,True,nutty;meaty;cocoa;onion
MOL_000167,Acetaldehyde ethyl methyl acetal,10471-14-4,10471-14-4,True,True,CCOC(C)OC,CCOC(C)OC,True,alcoholic;ethereal;green;nutty;pungent
MOL_000168,Diethyl dodecanedioate,10471-28-0,10471-28-0,True,True,CCOC(=O)CCCCCCCCCCC(=O)OCC,CCOC(=O)CCCCCCCCCCC(=O)OCC,True,odorless
MOL_000169,Linalyl valerate,10471-96-2,10471-96-2,True,True,C=CC(C)(CCC=C(C)C)OC(=O)CCCC,C=CC(C)(CCC=C(C)C)OC(=O)CCCC,True,fruity;sweet
MOL_000170,Isoamyl angelate,10482-55-0,10482-55-0,True,True,C/C=C(/C)C(=O)OCCC(C)C,C/C=C(/C)C(=O)OCCC(C)C,True,fruity;herbal;chamomile;winey;floral
MOL_000171,(-)-alpha-terpineol,10482-56-1,10482-56-1,True,True,CC1=CC[C@H](CC1)C(C)(C)O,CC1=CC[C@@H](C(C)(C)O)CC1,True,floral;pine
MOL_000172,Cinnamyl valerate,10482-65-2,10482-65-2,True,True,CCCCC(=O)OC/C=C/c1ccccc1,CCCCC(=O)OC/C=C/c1ccccc1,True,floral;rose;herbal
MOL_000173,citronellyl benzoate,10482-77-6,10482-77-6,True,True,CC(CCC=C(C)C)CCOC(=O)C1=CC=CC=C1,CC(C)=CCCC(C)CCOC(=O)c1ccccc1,True,citrus;rose
MOL_000174,citronellyl cinnamate,10482-79-8,10482-79-8,True,True,CC(CCC=C(C)C)CCOC(=O)/C=C/C1=CC=CC=C1,CC(C)=CCCC(C)CCOC(=O)/C=C/c1ccccc1,True,floral;sweet;cinnamon;rose
MOL_000175,allyl salicylate,10484-09-0,10484-09-0,True,True,C=CCOC(=O)C1=CC=CC=C1O,C=CCOC(=O)c1ccccc1O,True,fruity;banana;pineapple;mint
MOL_000176,Isoeugenol amyl ether,10484-36-3,10484-36-3,True,True,C/C=C/c1ccc(OCCCCC)c(OC)c1,C/C=C/c1ccc(OCCCCC)c(OC)c1,True,spicy;tea;balsamic;floral
MOL_000177,Naphthyl butyl ether,10484-56-7,10484-56-7,True,True,CCCCOc1ccc2ccccc2c1,CCCCOc1ccc2ccccc2c1,True,fruity;strawberry;floral;sweet
MOL_000178,Rhodinyl phenylacetate,10486-14-3,10486-14-3,True,True,C=C(C)CCCC(C)CCOC(=O)Cc1ccccc1,C=C(C)CCCC(C)CCOC(=O)Cc1ccccc1,True,honey;rose;sweet
MOL_000179,Tridecanal,10486-19-8,10486-19-8,True,True,CCCCCCCCCCCCC=O,CCCCCCCCCCCCC=O,True,fatty;waxy;orange;citrus
MOL_000180,vetiveryl formate,10486-25-6,10486-25-6,True,True,CC1CC(C=C(C2C1CC(=C(C)C)C2)C)OC=O,CC1=CC(OC=O)CC(C)C2CC(=C(C)C)CC12,True,woody;fresh
MOL_000181,vetiveryl propionate,10486-26-7,10486-26-7,True,True,CCC(=O)OC1CC(C2CC(=C(C)C)CC2C(=C1)C)C,CCC(=O)OC1C=C(C)C2CC(=C(C)C)CC2C(C)C1,True,earthy;woody
MOL_000182,"beta,2,2,3-tetramethyl-delta-methylene-3-cyclopentene-1-butanol",104864-90-6,104864-90-6,True,True,CC1(C)C(/C)=C\CC1C(=C)CC(C)CO,C=C(CC(C)CO)C1CC=C(C)C1(C)C,True,woody
MOL_000183,2-hydroxy-2-cyclopenten-1-one,10493-98-8,10493-98-8,True,True,C1CC(=O)C(=C1)O,O=C1CCC=C1O,True,caramellic
MOL_000184,berry hexanoate,104986-28-9,104986-28-9,True,True,CCOC(=O)CCCCCOC(=O)C,CCOC(=O)CCCCCOC(C)=O,True,fruity;floral;anisic;fresh;berry;jasmine;balsamic
MOL_000185,Isobutyl furanpropionate,105-01-1,105-01-1,True,True,CC(C)COC(=O)CCc1ccco1,CC(C)COC(=O)CCc1ccco1,True,fruity;brandy;pineapple;winey;rum
MOL_000186,Anisyl alcohol,105-13-5,105-13-5,True,True,COc1ccc(CO)cc1,COc1ccc(CO)cc1,True,creamy;fruity;vanilla;coumarinic;anisic;balsamic;floral;sweet
MOL_000187,Heptalactone,105-21-5,105-21-5,True,True,CCCC1CCC(=O)O1,CCCC1CCC(=O)O1,True,hay;coconut;coumarinic
MOL_000188,Methylpentanol,105-30-6,105-30-6,True,True,CCCC(C)CO,CCCC(C)CO,True,alcoholic;solvent;ethereal;fermented;sweet
MOL_000189,Ethyl propionate,105-37-3,105-37-3,True,True,CCOC(=O)CC,CCOC(=O)CC,True,fruity;ethereal;rum
MOL_000190,Methylpentanoic acid,105-43-1,105-43-1,True,True,CCC(C)CC(=O)O,CCC(C)CC(=O)O,True,cheesy
MOL_000191,Methyl acetoacetate,105-45-3,105-45-3,True,True,COC(=O)CC(C)=O,COC(=O)CC(C)=O,True,apple;green;fruity;winey;brandy
MOL_000192,Butyl acetate,105-46-4,105-46-4,True,True,CCC(C)OC(C)=O,CCC(C)OC(C)=O,True,ethereal;fruity;banana;pear;sweet
MOL_000193,Diethyl malonate,105-53-3,105-53-3,True,True,CCOC(=O)CC(=O)OCC,CCOC(=O)CC(=O)OCC,True,green;fruity;apple;sweet
MOL_000194,Ethyl butyrate,105-54-4,105-54-4,True,True,CCCC(=O)OCC,CCCC(=O)OCC,True,ripe;ethereal;fruity;banana;pineapple;buttery
MOL_000195,Acetal,105-57-7,105-57-7,True,True,CCOC(C)OCC,CCOC(C)OCC,True,green;fruity;alcoholic
MOL_000196,Diethyl carbonate,105-58-8,105-58-8,True,True,CCOC(=O)OCC,CCOC(=O)OCC,True,fresh;ethereal
MOL_000197,Hexalactam,105-60-2,105-60-2,True,True,O=C1CCCCCN1,O=C1CCCCCN1,True,fishy;spicy;animal
MOL_000198,Propyl butyrate,105-66-8,105-66-8,True,True,CCCOC(=O)CCC,CCCOC(=O)CCC,True,fruity;sweet
MOL_000199,Xylenol,105-67-9,105-67-9,True,True,Cc1ccc(O)c(C)c1,Cc1ccc(O)c(C)c1,True,phenolic;burnt;sharp
MOL_000200,Isoamyl propionate,105-68-0,105-68-0,True,True,CCC(=O)OCCC(C)C,CCC(=O)OCCC(C)C,True,apricot;fruity;banana;tropical;pineapple;plum;sweet
MOL_000201,Isobutyl hexanoate,105-79-3,105-79-3,True,True,CCCCCC(=O)OCC(C)C,CCCCCC(=O)OCC(C)C,True,fruity;winey;pineapple
MOL_000202,Acetaldehyde dipropyl acetal,105-82-8,105-82-8,True,True,CCCOC(C)OCCC,CCCOC(C)OCCC,True,alcoholic;ethereal;green;earthy;fruity;fresh;vegetable;winey
MOL_000203,Citronellyl formate,105-85-1,105-85-1,True,True,CC(C)=CCCC(C)CCOC=O,CC(C)=CCCC(C)CCOC=O,True,leafy;fruity;green;rose
MOL_000204,Geranyl formate,105-86-2,105-86-2,True,True,CC(C)=CCC/C(C)=C/COC=O,CC(C)=CCC/C(C)=C/COC=O,True,rose;green;fruity;fresh;leafy
MOL_000205,Geranyl acetate,105-87-3,105-87-3,True,True,CC(=O)OC/C=C(\C)CCC=C(C)C,CC(=O)OC/C=C(\C)CCC=C(C)C,True,rose;green;fruity;floral;sweet
MOL_000206,Rhodinyl propionate,105-89-5,105-89-5,True,True,C=C(C)CCCC(C)CCOC(=O)CC,C=C(C)CCCC(C)CCOC(=O)CC,True,rose;floral;sweet
MOL_000207,Geranyl propionate,105-90-8,105-90-8,True,True,CCC(=O)OC/C=C(\C)CCC=C(C)C,CCC(=O)OC/C=C(\C)CCC=C(C)C,True,fruity;grape;rose;sweet
MOL_000208,Neryl propionate,105-91-9,105-91-9,True,True,CCC(=O)OC/C=C(/C)CCC=C(C)C,CCC(=O)OC/C=C(/C)CCC=C(C)C,True,fruity;sweet
MOL_000209,Ethylene brassylate,105-95-3,105-95-3,True,True,O=C1CCCCCCCCCCCC(=O)OCCO1,O=C1CCCCCCCCCCCC(=O)OCCO1,True,musk;fatty;sweet;oily
MOL_000210,butyl para-cresol ether,10519-06-9,10519-06-9,True,True,CCCCOC1=CC=C(C=C1)C,CCCCOc1ccc(C)cc1,True,floral
MOL_000211,2-decalinyl acetate,10519-11-6,10519-11-6,True,True,CC(=O)OC1CCC2CCCCC2C1,CC(=O)OC1CCC2CCCCC2C1,True,woody;floral;fruity;herbal;musty
MOL_000212,2-decalinyl formate,10519-12-7,10519-12-7,True,True,C1CCC2CC(CCC2C1)OC=O,O=COC1CCC2CCCCC2C1,True,woody;dry;oily;floral
MOL_000213,ethyl decine carbonate,10519-17-2,10519-17-2,True,True,O=C(C#CCCCCCCCC)OCC,CCCCCCCCC#CC(=O)OCC,True,green;floral;waxy
MOL_000214,ethyl heptine carbonate,10519-20-7,10519-20-7,True,True,CCCCCC#CC(=O)OCC,CCCCCC#CC(=O)OCC,True,leafy;oily;waxy
MOL_000215,Decenone,10519-33-2,10519-33-2,True,True,CCCCCC/C=C/C(C)=O,CCCCCC/C=C/C(C)=O,True,green;fruity;fatty;savory;chicken;waxy;jasmine;buttery
MOL_000216,Phenylpentanol,10521-91-2,10521-91-2,True,True,OCCCCCc1ccccc1,OCCCCCc1ccccc1,True,citrus;herbal;floral;sweet
MOL_000217,styryl acetate,10521-96-7,10521-96-7,True,True,CC(=O)O/C=C\C1=CC=CC=C1,CC(=O)O/C=C\c1ccccc1,True,sweet;fruity;rum
MOL_000218,Methyl undecynoate,10522-18-6,10522-18-6,True,True,CCCCCCCCC#CC(=O)OC,CCCCCCCCC#CC(=O)OC,True,green;violet;waxy;floral
MOL_000219,neryl phenyl acetate,10522-32-4,10522-32-4,True,True,CC(=CCC/C(=C\COC(=O)CC1=CC=CC=C1)/C)C,CC(C)=CCC/C(C)=C\COC(=O)Cc1ccccc1,True,honey;rose;floral
MOL_000220,Nonyl isobutyrate,10522-34-6,10522-34-6,True,True,CCCCCCCCCOC(=O)C(C)C,CCCCCCCCCOC(=O)C(C)C,True,apricot;rose;green;sharp;orange;herbal;sweet
MOL_000221,ethyl crotonate,10544-63-5,10544-63-5,True,True,CCOC(=O)C=CC,CC=CC(=O)OCC,True,pungent;fruity;sour;sharp;rum;cognac;pineapple;meaty
MOL_000222,(Z)-4-octen-1-yl acetate,105450-79-1,105450-79-1,True,True,CCC/C=C\CCCOC(=O)C,CCC/C=C\CCCOC(C)=O,True,fruity;fishy;pear
MOL_000223,"1-allyl-2,2,7,7-tetramethyl cycloheptanol",105463-44-3,105463-44-3,True,True,CC1(CCCCC(C1(CC=C)O)(C)C)C,C=CCC1(O)C(C)(C)CCCCC1(C)C,True,woody;camphoreous;earthy
MOL_000224,Dimethylpentylfuranone,10547-84-9,10547-84-9,True,True,CCCCCC1C(=O)OC(C)=C1C,CCCCCC1C(=O)OC(C)=C1C,True,green;tea
MOL_000225,Decenal,105683-99-6,105683-99-6,True,True,CCCC=CCCCCC=O,CCCC=CCCCCC=O,True,green;herbal
MOL_000226,Butyl undecanoate,10580-24-2,10580-24-2,True,True,CCCCCCCCCCC(=O)OCCCC,CCCCCCCCCCC(=O)OCCCC,True,oily;fruity;fatty;waxy;cognac
MOL_000227,Citronellyl hexanoate,10580-25-3,10580-25-3,True,True,CCCCCC(=O)OCCC(C)CCC=C(C)C,CCCCCC(=O)OCCC(C)CCC=C(C)C,True,apple;rose;fruity;pear;pineapple;floral
MOL_000228,Isobutyl valerate,10588-10-0,10588-10-0,True,True,CCCCC(=O)OCC(C)C,CCCCC(=O)OCC(C)C,True,fruity;apple;ethereal
MOL_000229,isopulegyl formate,10588-15-5,10588-15-5,True,True,CC1CCC(C(C1)OC=O)C(=C)C,C=C(C)C1CCC(C)CC1OC=O,True,mint;green;leafy;floral
MOL_000230,Methylpropionylfuran,10599-69-6,10599-69-6,True,True,CCC(=O)c1ccc(C)o1,CCC(=O)c1ccc(C)o1,True,green;nutty;hazelnut;hay
MOL_000231,Acetyldimethylfuran,10599-70-9,10599-70-9,True,True,CC(=O)c1cc(C)oc1C,CC(=O)c1cc(C)oc1C,True,earthy;nutty;sweet;roasted
MOL_000232,Pentadecalactone,106-02-5,106-02-5,True,True,O=C1CCCCCCCCCCCCCCO1,O=C1CCCCCCCCCCCCCCO1,True,musk;sweet;pear
MOL_000233,Butyl laurate,106-18-3,106-18-3,True,True,CCCCCCCCCCCC(=O)OCCCC,CCCCCCCCCCCC(=O)OCCCC,True,oily;fatty;fruity
MOL_000234,Dipropyl adipate,106-19-4,106-19-4,True,True,CCCOC(=O)CCCCC(=O)OCCC,CCCOC(=O)CCCCC(=O)OCCC,True,solvent;odorless
MOL_000235,Dimethyloctanol,106-21-8,106-21-8,True,True,CC(C)CCCC(C)CCO,CC(C)CCCC(C)CCO,True,rose;waxy;sweet
MOL_000236,Citronellol,106-22-9,106-22-9,True,True,CC(C)=CCC[C@@H](C)CCO,CC(C)=CCC[C@@H](C)CCO,True,rose
MOL_000237,Citronellal,106-23-0,106-23-0,True,True,CC(C)=CCC[C@@H](C)CC=O,CC(C)=CCC[C@@H](C)CC=O,True,citrus;green;fresh;lemon;woody
MOL_000238,Geraniol,106-24-1,106-24-1,True,True,CC(C)=CCC/C(C)=C/CO,CC(C)=CCC/C(C)=C/CO,True,rose;floral;sweet
MOL_000239,Nerol,106-25-2,106-25-2,True,True,CC(C)=CCC/C(C)=C\CO,CC(C)=CCC/C(C)=C\CO,True,fresh;rose;sweet
MOL_000240,Neral,106-26-3,106-26-3,True,True,CC(C)=CCC/C(C)=C\C=O,CC(C)=CCC/C(C)=C\C=O,True,fruity;lemon;citrus;herbal
MOL_000241,Isoamyl butyrate,106-27-4,106-27-4,True,True,CCCC(=O)OCCC(C)C,CCCC(=O)OCCC(C)C,True,fruity
MOL_000242,"(E,E)-farnesol",106-28-5,106-28-5,True,True,CC(=CCC/C(=C/CC/C(=C/CO)/C)/C)C,CC(C)=CCC/C(C)=C/CC/C(C)=C/CO,True,floral;sweet;waxy
MOL_000243,Geranyl butyrate,106-29-6,106-29-6,True,True,CCCC(=O)OC/C=C(\C)CCC=C(C)C,CCCC(=O)OC/C=C(\C)CCC=C(C)C,True,fruity;rose;sweet
MOL_000244,Ethyl heptanoate,106-30-9,106-30-9,True,True,CCCCCCC(=O)OCC,CCCCCCC(=O)OCC,True,fruity;winey;cognac
MOL_000245,Ethyl octanoate,106-32-1,106-32-1,True,True,CCCCCCCC(=O)OCC,CCCCCCCC(=O)OCC,True,fruity;winey;sweet
MOL_000246,Ethyl laurate,106-33-2,106-33-2,True,True,CCCCCCCCCCCC(=O)OCC,CCCCCCCCCCCC(=O)OCC,True,oily;fatty;fruity;waxy;floral
MOL_000247,Heptanone,106-35-4,106-35-4,True,True,CCCCC(=O)CC,CCCCC(=O)CC,True,green;fatty;fruity;banana
MOL_000248,Propyl propionate,106-36-5,106-36-5,True,True,CCCOC(=O)CC,CCCOC(=O)CC,True,fruity;ethereal;rum
MOL_000249,Cresol,106-44-5,106-44-5,True,True,Cc1ccc(O)cc1,Cc1ccc(O)cc1,True,animal;phenolic;smoky;medicinal
MOL_000250,Dimethyl succinate,106-65-0,106-65-0,True,True,COC(=O)CCC(=O)OC,COC(=O)CCC(=O)OC,True,green;fruity;winey;ethereal
MOL_000251,Octanone,106-68-3,106-68-3,True,True,CCCCCC(=O)CC,CCCCCC(=O)CC,True,earthy;fruity;cheesy;herbal
MOL_000252,Methyl hexanoate,106-70-7,106-70-7,True,True,CCCCCC(=O)OC,CCCCCC(=O)OC,True,fruity;apple;pineapple;ethereal
MOL_000253,Dimethylheptenal,106-72-9,106-72-9,True,True,CC(C)=CCCC(C)C=O,CC(C)=CCCC(C)C=O,True,green;melon
MOL_000254,Methyl heptanoate,106-73-0,106-73-0,True,True,CCCCCCC(=O)OC,CCCCCCC(=O)OC,True,apple;green;fruity;waxy;berry;orris
MOL_000255,Dimethyl sebacate,106-79-6,106-79-6,True,True,COC(=O)CCCCCCCCC(=O)OC,COC(=O)CCCCCCCCC(=O)OC,True,fruity;ethereal
MOL_000256,Butenal diethyl acetal,10602-34-3,10602-34-3,True,True,C/C=C/C(OCC)OCC,C/C=C/C(OCC)OCC,True,ethereal;fruity;sharp;herbal;pungent
MOL_000257,Heptenol,10606-47-0,10606-47-0,True,True,CCC/C=C/CCO,CCC/C=C/CCO,True,grassy;green;fresh;herbal;floral
MOL_000258,Methylpropyloxathiane,1064678-08-5,1064678-08-5,True,True,CCCC1(C)CCCOS1,CCCC1(C)CCCOS1,True,onion;garlic;sweet
MOL_000259,Propenal,107-02-8,107-02-8,True,True,C=CC=O,C=CC=O,True,alliaceous;sharp;herbal;pungent
MOL_000260,Propanethiol,107-03-9,107-03-9,True,True,CCCS,CCCS,True,meaty;cabbage;onion;sulfurous
MOL_000261,Propylamine,107-10-8,107-10-8,True,True,CCCN,CCCN,True,fishy;cheesy
MOL_000262,Allyl alcohol,107-18-6,107-18-6,True,True,C=CCO,C=CCO,True,sharp;pungent
MOL_000263,propargyl alcohol,107-19-7,107-19-7,True,True,C#CCO,C#CCO,True,floral
MOL_000264,Glyoxal,107-22-2,107-22-2,True,True,O=CC=O,O=CC=O,True,burnt;caramellic
MOL_000265,Methyl formate,107-31-3,107-31-3,True,True,COC=O,COC=O,True,ethereal;fresh;warm;winey;rum
MOL_000266,Hydroxycitronellol,107-74-4,107-74-4,True,True,CC(CCO)CCCC(C)(C)O,CC(CCO)CCCC(C)(C)O,True,rose;floral;sweet
MOL_000267,Hydroxycitronellal,107-75-5,107-75-5,True,True,CC(CC=O)CCCC(C)(C)O,CC(CC=O)CCCC(C)(C)O,True,floral;sweet
MOL_000268,Isopentylamine,107-85-7,107-85-7,True,True,CC(C)CCN,CC(C)CCN,True,cheesy
MOL_000269,Methylbutenal,107-86-8,107-86-8,True,True,CC(C)=CC=O,CC(C)=CC=O,True,fruity;spicy;almond;nutty
MOL_000270,Pentanone,107-87-9,107-87-9,True,True,CCCC(C)=O,CCCC(C)=O,True,ketonic;ethereal;fruity;banana;dairy;rum
MOL_000271,Butyric acid,107-92-6,107-92-6,True,True,CCCC(=O)O,CCCC(=O)O,True,buttery;sour;cheesy
MOL_000272,(E)-2-butenoic acid,107-93-7,107-93-7,True,True,C/C=C/C(=O)O,C/C=C/C(=O)O,True,milky
MOL_000273,Mercaptopropionic acid,107-96-0,107-96-0,True,True,O=C(O)CCS,O=C(O)CCS,True,sulfurous;meaty;roasted
MOL_000274,Methoxypropanol,107-98-2,107-98-2,True,True,COCC(C)O,COCC(C)O,True,sweet;ethereal
MOL_000275,Allyl levulinate,1070-35-5,1070-35-5,True,True,C=CCOC(=O)CCC(C)=O,C=CCOC(=O)CCC(C)=O,True,fruity;burnt;sweet;banana
MOL_000276,Acetylpyrrole,1072-83-9,1072-83-9,True,True,CC(=O)c1ccc[nH]1,CC(=O)c1ccc[nH]1,True,nutty;tea;cherry;musty
MOL_000277,Lavender lactone,1073-11-6,1073-11-6,True,True,C=CC1(C)CCC(=O)O1,C=CC1(C)CCC(=O)O1,True,fruity;floral
MOL_000278,Propionylpyrrole,1073-26-3,1073-26-3,True,True,CCC(=O)c1ccc[nH]1,CCC(=O)c1ccc[nH]1,True,green;roasted
MOL_000279,Methylthiophenol,1073-29-6,1073-29-6,True,True,CSc1ccccc1O,CSc1ccccc1O,True,caramellic;meaty;burnt;brothy;sulfurous;smoky;beefy
MOL_000280,Thymol methyl ether,1076-56-8,1076-56-8,True,True,COc1cc(C)ccc1C(C)C,COc1cc(C)ccc1C(C)C,True,spicy;herbal
MOL_000281,1-octen-3-yl propionate,107697-91-6,107697-91-6,True,True,O=C(OC(\C=C)CCCCC)CC,C=CC(CCCCC)OC(=O)CC,True,mushroom
MOL_000282,"bornane-3,1-cyclopenta-2-one",107715-18-4,107715-18-4,True,True,CC1(C2CCC1(C(=O)C23CCCC3)C)C,CC12CCC(C3(CCCC3)C1=O)C2(C)C,True,herbal;woody
MOL_000283,(R)-gamma-decalactone,107797-26-2,107797-26-2,True,True,O=C1O[C@H](CCCCCC)CC1,CCCCCC[C@@H]1CCC(=O)O1,True,fatty;sweet;fruity;coconut;caramellic
MOL_000284,(S)-gamma-decalactone,107797-27-3,107797-27-3,True,True,O=C1O[C@@H](CCCCCC)CC1,CCCCCC[C@H]1CCC(=O)O1,True,ethereal;sweet;coconut;fruity;fatty
MOL_000285,Pinocarvyl acetate,1078-95-1,1078-95-1,True,True,C=C1C(OC(C)=O)CC2CC1C2(C)C,C=C1C(OC(C)=O)CC2CC1C2(C)C,True,fruity;camphoreous;mint;herbal
MOL_000286,santol pentenol,107898-54-4,107898-54-4,True,True,CC1=CCC(C1(C)C)/C=C/C(C)(C)C(C)O,CC1=CCC(/C=C/C(C)(C)C(C)O)C1(C)C,True,woody;herbal;tropical
MOL_000287,Myrtenyl acetate,1079-01-2,1079-01-2,True,True,CC(=O)OCC1=CCC2CC1C2(C)C,CC(=O)OCC1=CCC2CC1C2(C)C,True,spicy;herbal;woody;floral;sweet
MOL_000288,Methylpentanone,108-10-1,108-10-1,True,True,CC(=O)CC(C)C,CC(=O)CC(C)C,True,green;fruity;sweet;ethereal
MOL_000289,Methylpentanol,108-11-2,108-11-2,True,True,CC(C)CC(C)O,CC(C)CC(C)O,True,alcoholic;solvent;green;oily;fermented;winey
MOL_000290,Isopropyl acetate,108-21-4,108-21-4,True,True,CC(=O)OC(C)C,CC(=O)OC(C)C,True,fruity;sharp;ethereal
MOL_000291,Isopropenyl acetate,108-22-5,108-22-5,True,True,C=C(C)OC(C)=O,C=C(C)OC(C)=O,True,ethereal;fruity;cognac;rum
MOL_000292,Valerolactone,108-29-2,108-29-2,True,True,CC1CCC(=O)O1,CC1CCC(=O)O1,True,coumarinic;hay;sweet
MOL_000293,Cresol,108-39-4,108-39-4,True,True,Cc1cccc(O)c1,Cc1cccc(O)c1,True,leathery;phenolic;medicinal;dry
MOL_000294,Resorcinol,108-46-3,108-46-3,True,True,Oc1cccc(O)c1,Oc1cccc(O)c1,True,odorless
MOL_000295,Dimethylpyridine,108-47-4,108-47-4,True,True,Cc1ccnc(C)c1,Cc1ccnc(C)c1,True,green;fishy;animal;phenolic;smoky;mint
MOL_000296,Dimethylpyridine,108-48-5,108-48-5,True,True,Cc1cccc(C)n1,Cc1cccc(C)n1,True,green;nutty;cocoa;coffee;herbal;musty
MOL_000297,Dimethylpyrazine,108-50-9,108-50-9,True,True,Cc1cncc(C)n1,Cc1cncc(C)n1,True,roasted;potato;chocolate
MOL_000298,Dimethyl malonate,108-59-8,108-59-8,True,True,COC(=O)CC(=O)OC,COC(=O)CC(=O)OC,True,green;fruity;apple;ethereal
MOL_000299,Ethyl isovalerate,108-64-5,108-64-5,True,True,CCOC(=O)CC(C)C,CCOC(=O)CC(C)C,True,apple;fruity;banana;winey;buttery
MOL_000300,Xylenol,108-68-9,108-68-9,True,True,Cc1cc(C)cc(O)c1,Cc1cc(C)cc(O)c1,True,woody;phenolic;spicy;orris
MOL_000301,Trimethylpyridine,108-75-8,108-75-8,True,True,Cc1cc(C)nc(C)c1,Cc1cc(C)nc(C)c1,True,leathery;green;tobacco;fishy;animal;musty
MOL_000302,Dimethylheptanol,108-82-7,108-82-7,True,True,CC(C)CC(O)CC(C)C,CC(C)CC(O)CC(C)C,True,green;fruity;winey;fermented;sweet
MOL_000303,Dimethylheptanone,108-83-8,108-83-8,True,True,CC(C)CC(=O)CC(C)C,CC(C)CC(=O)CC(C)C,True,fruity;sweet
MOL_000304,Dimethylbutyl acetate,108-84-9,108-84-9,True,True,CC(=O)OC(C)CC(C)C,CC(=O)OC(C)CC(C)C,True,fruity;apple;fresh;banana
MOL_000305,Methylpyridine,108-89-4,108-89-4,True,True,Cc1ccncc1,Cc1ccncc1,True,green;tobacco;fishy;animal
MOL_000306,Cyclohexanol,108-93-0,108-93-0,True,True,OC1CCCCC1,OC1CCCCC1,True,fermented;camphoreous;mint
MOL_000307,Cyclohexanone,108-94-1,108-94-1,True,True,O=C1CCCCC1,O=C1CCCCC1,True,ketonic;solvent;camphoreous;sweet;mint
MOL_000308,Phenol,108-95-2,108-95-2,True,True,Oc1ccccc1,Oc1ccccc1,True,phenolic;medicinal
MOL_000309,Benzenethiol,108-98-5,108-98-5,True,True,Sc1ccccc1,Sc1ccccc1,True,burnt;meaty
MOL_000310,Methylpyridine,108-99-6,108-99-6,True,True,Cc1cccnc1,Cc1cccnc1,True,green;earthy;hazelnut;tobacco
MOL_000311,Vanillylidene acetone,1080-12-2,1080-12-2,True,True,COc1cc(/C=C/C(C)=O)ccc1O,COc1cc(/C=C/C(C)=O)ccc1O,True,creamy;spicy;vanilla;warm;balsamic;sweet
MOL_000312,Propyl octenoate,108058-77-1,108058-77-1,True,True,CCCCCC=CC(=O)OCCC,CCCCCC=CC(=O)OCCC,True,fatty
MOL_000313,Methyl furfurylthioacetate,108499-33-8,108499-33-8,True,True,COC(=S)CCc1ccco1,COC(=S)CCc1ccco1,True,sulfurous;coffee
MOL_000314,(R)-delta-undecalactone,108861-12-7,108861-12-7,True,True,O=C1CCC[C@@H](CCCCCC)O1,CCCCCC[C@@H]1CCCC(=O)O1,True,fruity;sweet;creamy
MOL_000315,Methylpiperidine,109-05-7,109-05-7,True,True,CC1CCCCN1,CC1CCCCN1,True,roasted;nutty;fishy;popcorn;cheesy
MOL_000316,Methylpyridine,109-06-8,109-06-8,True,True,Cc1ccccn1,Cc1ccccn1,True,fishy;hazelnut;popcorn;rum
MOL_000317,Methylpyrazine,109-08-0,109-08-0,True,True,Cc1cnccn1,Cc1cnccn1,True,green;nutty;cocoa;fishy;potato;musty
MOL_000318,Octyl isobutyrate,109-15-9,109-15-9,True,True,CCCCCCCCOC(=O)C(C)C,CCCCCCCCOC(=O)C(C)C,True,green;fruity;fatty;earthy;herbal;vegetable
MOL_000319,Butyl isovalerate,109-19-3,109-19-3,True,True,CCCCOC(=O)CC(C)C,CCCCOC(=O)CC(C)C,True,fruity;apple;banana;ethereal
MOL_000320,Geranyl isovalerate,109-20-6,109-20-6,True,True,CC(C)=CC/C=C(\C)CCOC(=O)CC(C)C,CC(C)=CC/C=C(\C)CCOC(=O)CC(C)C,True,apple;rose;fruity;tropical
MOL_000321,Butyl butyrate,109-21-7,109-21-7,True,True,CCCCOC(=O)CCC,CCCCOC(=O)CCC,True,apple;fruity;banana;pear;pineapple;sweet
MOL_000322,Isoamyl heptanoate,109-25-1,109-25-1,True,True,CCCCCCC(=O)OCCC(C)C,CCCCCCC(=O)OCCC(C)C,True,apple;green;oily;fruity;banana;pear;winey
MOL_000323,Dihydroambrettolide,109-29-5,109-29-5,True,True,O=C1CCCCCCCCCCCCCCCO1,O=C1CCCCCCCCCCCCCCCO1,True,musk;animal
MOL_000324,Butyl undecenoate,109-42-2,109-42-2,True,True,C=CCCCCCCCCC(=O)OCCCC,C=CCCCCCCCCC(=O)OCCCC,True,fatty;waxy;buttery;winey;brandy
MOL_000325,Dibutyl sebacate,109-43-3,109-43-3,True,True,CCCCOC(=O)CCCCCCCCC(=O)OCCCC,CCCCOC(=O)CCCCCCCCC(=O)OCCCC,True,fruity;odorless
MOL_000326,Hexenone,109-49-9,109-49-9,True,True,C=CCCC(C)=O,C=CCCC(C)=O,True,ketonic;ethereal;fruity;gasoline;pungent;burnt;floral
MOL_000327,Valeric acid,109-52-4,109-52-4,True,True,CCCCC(=O)O,CCCCC(=O)O,True,cheesy
MOL_000328,Propyl acetate,109-60-4,109-60-4,True,True,CCCOC(C)=O,CCCOC(C)=O,True,alcoholic;solvent;ethereal;fruity;pear
MOL_000329,Butylamine,109-73-9,109-73-9,True,True,CCCCN,CCCCN,True,fishy;cheesy
MOL_000330,Butanethiol,109-79-5,109-79-5,True,True,CCCCS,CCCCS,True,meaty;roasted;garlic;savory;onion;sulfurous;beefy;cheesy
MOL_000331,Propanedithiol,109-80-8,109-80-8,True,True,SCCCS,SCCCS,True,onion;garlic;meaty
MOL_000332,Dimethoxymethane,109-87-5,109-87-5,True,True,COCOC,COCOC,True,alcoholic;ethereal;fruity;gasoline;rum
MOL_000333,Diethylamine,109-89-7,109-89-7,True,True,CCNCC,CCNCC,True,fishy;cheesy
MOL_000334,Ethyl formate,109-94-4,109-94-4,True,True,CCOC=O,CCOC=O,True,ethereal;fruity;cognac;winey;rum
MOL_000335,Ethyl nitrite,109-95-5,109-95-5,True,True,CCON=O,CCON=O,True,ethereal;fruity;fermented;sweet;rum
MOL_000336,Pyrrole,109-97-7,109-97-7,True,True,c1cc[nH]c1,c1cc[nH]c1,True,burnt;sweet;warm
MOL_000337,Furfurylmethylfuryl disulfide,109537-55-5,109537-55-5,True,True,c1coc(CCSSc2ccco2)c1,c1coc(CCSSc2ccco2)c1,True,sulfurous;meaty;savory
MOL_000338,"2-hydroxy-3,4,5-trimethyl-2-cyclopenten-1-one",109682-87-3,109682-87-3,True,True,O=C1C(/O)=C(/C)C(C)C1C,CC1=C(O)C(=O)C(C)C1C,True,sweet;burnt;spicy;caramellic;coffee;bread;anisic
MOL_000339,Furan,110-00-9,110-00-9,True,True,c1ccoc1,c1ccoc1,True,burnt;smoky
MOL_000340,Tetrahydrothiophene,110-01-0,110-01-0,True,True,C1CCSC1,C1CCSC1,True,meaty;alliaceous;cabbage;burnt;sulfurous
MOL_000341,Thiophene,110-02-1,110-02-1,True,True,c1ccsc1,c1ccsc1,True,solvent;aromatic;pungent
MOL_000342,Methylhexanone,110-12-3,110-12-3,True,True,CC(=O)CCC(C)C,CC(=O)CCC(C)C,True,ketonic;mint;fruity;sweet;cheesy
MOL_000343,Hexanedione,110-13-4,110-13-4,True,True,CC(=O)CCC(C)=O,CC(=O)CCC(C)=O,True,fresh;burnt;herbal
MOL_000344,Succinic acid,110-15-6,110-15-6,True,True,O=C(O)CCC(=O)O,O=C(O)CCC(=O)O,True,odorless
MOL_000345,Maleic acid,110-16-7,110-16-7,True,True,O=C(O)/C=C\C(=O)O,O=C(O)/C=C\C(=O)O,True,winey
MOL_000346,Fumaric acid,110-17-8,110-17-8,True,True,O=C(O)/C=C/C(=O)O,O=C(O)/C=C/C(=O)O,True,odorless
MOL_000347,Isobutyl acetate,110-19-0,110-19-0,True,True,CC(=O)OCC(C)C,CC(=O)OCC(C)C,True,apple;fruity;banana;pear;pineapple
MOL_000348,Isopropyl myristate,110-27-0,110-27-0,True,True,CCCCCCCCCCCCCC(=O)OC(C)C,CCCCCCCCCCCCCC(=O)OC(C)C,True,oily;fatty
MOL_000349,Isobutyl hexadecanoate,110-34-9,110-34-9,True,True,CCCCCCCCCCCCCCCC(=O)OCC(C)C,CCCCCCCCCCCCCCCC(=O)OCC(C)C,True,odorless
MOL_000350,Butyl myristate,110-36-1,110-36-1,True,True,CCCCCCCCCCCCCC(=O)OCCCC,CCCCCCCCCCCCCC(=O)OCCCC,True,fatty;waxy
MOL_000351,Ethyl decanoate,110-38-3,110-38-3,True,True,CCCCCCCCCC(=O)OCC,CCCCCCCCCC(=O)OCC,True,fatty;nutty;cognac;winey;sweet
MOL_000352,Octyl butyrate,110-39-4,110-39-4,True,True,CCCCCCCCOC(=O)CCC,CCCCCCCCOC(=O)CCC,True,green;fatty;fruity;herbal;floral
MOL_000353,Diethyl sebacate,110-40-7,110-40-7,True,True,CCOC(=O)CCCCCCCCC(=O)OCC,CCOC(=O)CCCCCCCCC(=O)OCC,True,fruity;melon;winey
MOL_000354,Methylundecanal,110-41-8,110-41-8,True,True,CCCCCCCCCC(C)C=O,CCCCCCCCCC(C)C=O,True,fruity;fatty;dry
MOL_000355,Methyl decanoate,110-42-9,110-42-9,True,True,CCCCCCCCCC(=O)OC,CCCCCCCCCC(=O)OC,True,oily;fatty;fruity;cognac;winey
MOL_000356,Heptanone,110-43-0,110-43-0,True,True,CCCCCC(C)=O,CCCCCC(C)=O,True,fruity;cinnamon;coconut;cheesy
MOL_000357,Isoamyl formate,110-45-2,110-45-2,True,True,CC(C)CCOC=O,CC(C)CCOC=O,True,apple;green;fruity;black currant;winey;plum;sweet
MOL_000358,Pentylamine,110-58-7,110-58-7,True,True,CCCCCN,CCCCCN,True,fermented;fishy;fresh;cheesy
MOL_000359,Valeraldehyde,110-62-3,110-62-3,True,True,CCCCC=O,CCCCC=O,True,nutty;pungent;chocolate
MOL_000360,Pentanethiol,110-66-7,110-66-7,True,True,CCCCCS,CCCCCS,True,vegetable;green;tropical;cabbage;sulfurous
MOL_000361,Monoglyme,110-71-4,110-71-4,True,True,COCCOC,COCCOC,True,solvent;sweet;ethereal
MOL_000362,Propyl formate,110-74-7,110-74-7,True,True,CCCOC=O,CCCOC=O,True,ethereal;rum
MOL_000363,Ethyl hydroxyethyl sulfide,110-77-0,110-77-0,True,True,CCSCCO,CCSCCO,True,meaty;garlic;savory;tropical;onion;sulfurous
MOL_000364,Diethyl disulfide,110-81-6,110-81-6,True,True,CCSSCC,CCSSCC,True,vegetable;alliaceous;garlic;fruity;tropical;onion;sulfurous
MOL_000365,Cyclohexane,110-82-7,110-82-7,True,True,C1CCCCC1,C1CCCCC1,True,gasoline;sweet
MOL_000366,Piperazine,110-85-0,110-85-0,True,True,C1CNCCN1,C1CNCCN1,True,fishy
MOL_000367,Pyridine,110-86-1,110-86-1,True,True,c1ccncc1,c1ccncc1,True,fishy;burnt
MOL_000368,Piperidine,110-89-4,110-89-4,True,True,C1CCNCC1,C1CCNCC1,True,fishy;floral;animal
MOL_000369,Methylheptenone,110-93-0,110-93-0,True,True,CC(=O)CCC=C(C)C,CC(=O)CCC=C(C)C,True,green;oily;herbal
MOL_000370,cedrene,11028-42-5,11028-42-5,True,True,C[C@@H]1CCC23C[C@@H]1C([C@@H]2CCC3=C)(C)C,C=C1CC[C@@H]2C13CC[C@@H](C)[C@H](C3)C2(C)C,True,woody
MOL_000371,santalol,11031-45-1,11031-45-1,True,True,C/C=C/C=C/C=C/C=C/CCCCCCO,C/C=C/C=C/C=C/C=C/CCCCCCO,True,sweet;woody
MOL_000372,woody heptene,110458-85-0,110458-85-0,True,True,CC1=C(C2(CC1CC2CO)C(=C)C)C,C=C(C)C12CC(CC1CO)C(C)=C2C,True,fresh;woody
MOL_000373,Isojasmone,11050-62-7,11050-62-7,True,True,CC/C=C/CC1=C(C)C(=O)CC1,CC/C=C/CC1=C(C)C(=O)CC1,True,jasmine;sweet;herbal
MOL_000374,ethyl-4-hydroxymethyl-3(2H)-furanone,110516-60-4,110516-60-4,True,True,CCC1C(=O)C(=CO1)CO,CCC1OC=C(CO)C1=O,True,caramellic
MOL_000375,Butyl hexadecanoate,111-06-8,111-06-8,True,True,CCCCCCCCCCCCCCCC(=O)OCCCC,CCCCCCCCCCCCCCCC(=O)OCCCC,True,fatty;waxy
MOL_000376,Methyl octanoate,111-11-5,111-11-5,True,True,CCCCCCCC(=O)OC,CCCCCCCC(=O)OC,True,fruity;winey;orange
MOL_000377,Methyl octynoate,111-12-6,111-12-6,True,True,CCCCCC#CC(=O)OC,CCCCCC#CC(=O)OC,True,green;cucumber;violet;leafy;vegetable;winey
MOL_000378,Octanone,111-13-7,111-13-7,True,True,CCCCCCC(C)=O,CCCCCCC(C)=O,True,apple;green;fatty;fruity;cheesy
MOL_000379,Heptanoic acid,111-14-8,111-14-8,True,True,CCCCCCC(=O)O,CCCCCCC(=O)O,True,fatty;sour
MOL_000380,Ethoxyethyl acetate,111-15-9,111-15-9,True,True,CCOCCOC(C)=O,CCOCCOC(C)=O,True,fruity;solvent;sweet
MOL_000381,Hexylamine,111-26-2,111-26-2,True,True,CCCCCCN,CCCCCCN,True,fishy;cheesy
MOL_000382,Hexanol,111-27-3,111-27-3,True,True,CCCCCCO,CCCCCCO,True,fatty;winey;fruity
MOL_000383,Hexadienol,111-28-4,111-28-4,True,True,C/C=C/C=C/CO,C/C=C/C=C/CO,True,green;fruity;vegetable;tropical
MOL_000384,Glutaraldehyde,111-30-8,111-30-8,True,True,O=CCCCC=O,O=CCCCC=O,True,green;apple
MOL_000385,Hexanethiol,111-31-9,111-31-9,True,True,CCCCCCS,CCCCCCS,True,roasted;meaty;fatty;savory;burnt;coffee;sulfurous
MOL_000386,Propenyloxyethanol,111-45-5,111-45-5,True,True,C=CCOCCO,C=CCOCCO,True,solvent
MOL_000387,Dipropyl sulfide,111-47-7,111-47-7,True,True,CCCSCCC,CCCSCCC,True,green;alliaceous;garlic;onion;sulfurous
MOL_000388,Ethylene glycol diacetate,111-55-7,111-55-7,True,True,CC(=O)OCCOC(C)=O,CC(=O)OCCOC(C)=O,True,oily;winey;sweet
MOL_000389,Ethyl stearate,111-61-5,111-61-5,True,True,CCCCCCCCCCCCCCCCCC(=O)OCC,CCCCCCCCCCCCCCCCCC(=O)OCC,True,waxy;odorless
MOL_000390,Ethyl oleate,111-62-6,111-62-6,True,True,CCCCCCCC/C=C/CCCCCCCC(=O)OCC,CCCCCCCC/C=C/CCCCCCCC(=O)OCC,True,oily;sweet
MOL_000391,Octane,111-65-9,111-65-9,True,True,CCCCCCCC,CCCCCCCC,True,gasoline
MOL_000392,Octene,111-66-0,111-66-0,True,True,C=CCCCCCC,C=CCCCCCC,True,gasoline
MOL_000393,Octene,111-67-1,111-67-1,True,True,C/C=C\CCCCC,C/C=C\CCCCC,True,gasoline
MOL_000394,Heptyl alcohol,111-70-6,111-70-6,True,True,CCCCCCCO,CCCCCCCO,True,green;fatty;fresh
MOL_000395,Heptanal,111-71-7,111-71-7,True,True,CCCCCCC=O,CCCCCCC=O,True,citrus;green;fatty;nutty;cognac;sweet
MOL_000396,Butoxyethanol,111-76-2,111-76-2,True,True,CCCCOCCO,CCCCOCCO,True,oily;fruity;alcoholic;ethereal
MOL_000397,Methyl nonenoate,111-79-5,111-79-5,True,True,CCCCCC/C=C\C(=O)OC,CCCCCC/C=C\C(=O)OC,True,green;fatty;coconut;violet
MOL_000398,Methyl nonynoate,111-80-8,111-80-8,True,True,CCCCCCC#CC(=O)OC,CCCCCCC#CC(=O)OC,True,green;violet;leafy
MOL_000399,Methyl undecenoate,111-81-9,111-81-9,True,True,C=CCCCCCCCCC(=O)OC,C=CCCCCCCCCC(=O)OC,True,fatty;fruity;waxy;dairy;winey
MOL_000400,methyl laurate,111-82-0,111-82-0,True,True,CCCCCCCCCCCC(=O)OC,CCCCCCCCCCCC(=O)OC,True,waxy;fresh;creamy;coconut;mushroom
MOL_000401,Nonane,111-84-2,111-84-2,True,True,CCCCCCCCC,CCCCCCCCC,True,gasoline
MOL_000402,Octanol,111-87-5,111-87-5,True,True,CCCCCCCCO,CCCCCCCCO,True,sweet;rose;waxy;orange
MOL_000403,Octyl mercaptan,111-88-6,111-88-6,True,True,CCCCCCCCS,CCCCCCCCS,True,sulfurous;vegetable;meaty;roasted
MOL_000404,Propyl propanethiosulfonate,1113-13-9,1113-13-9,True,True,CCCOS(=O)(=S)CCC,CCCOS(=O)(=S)CCC,True,onion;fresh
MOL_000405,Geranyl linalool,1113-21-9,1113-21-9,True,True,C=CC(C)(O)CC/C=C(\C)CC/C=C(\C)CCC=C(C)C,C=CC(C)(O)CC/C=C(\C)CC/C=C(\C)CCC=C(C)C,True,balsamic;floral;rose;sweet
MOL_000406,Hydroxyoxopropanoic acid,1113-60-6,1113-60-6,True,True,O=C(O)C(=O)CO,O=C(O)C(=O)CO,True,creamy;burnt;buttery
MOL_000407,Butanediol diacetate,1114-92-7,1114-92-7,True,True,CC(=O)OC(C)C(C)OC(C)=O,CC(=O)OC(C)C(C)OC(C)=O,True,honey
MOL_000408,tiglaldehyde,1115-11-3,1115-11-3,True,True,CC=C(C)C=O,CC=C(C)C=O,True,pungent;green;ethereal;nutty;anisic;fruity;sharp
MOL_000409,Dipropyl malonate,1117-19-7,1117-19-7,True,True,CCCOC(=O)CC(=O)OCCC,CCCOC(=O)CC(=O)OCCC,True,fruity;apple;winey;ethereal
MOL_000410,Hexyl octanoate,1117-55-1,1117-55-1,True,True,CCCCCCCC(=O)OCCCCCC,CCCCCCCC(=O)OCCCCCC,True,green;fruity;fatty;herbal
MOL_000411,Hexyl valerate,1117-59-5,1117-59-5,True,True,CCCCCCOC(=O)CCCC,CCCCCCOC(=O)CCCC,True,apple;green;fruity;musk;sweet
MOL_000412,(R)-(+)-beta-citronellol,1117-61-9,1117-61-9,True,True,C[C@H](CCC=C(C)C)CCO,CC(C)=CCC[C@@H](C)CCO,True,citrus;rose;leafy;oily;floral
MOL_000413,Ethyl octenoate,1117-65-3,1117-65-3,True,True,CCCCC=CCC(=O)OCC,CCCCC=CCC(=O)OCC,True,fruity;fatty;tropical;pineapple
MOL_000414,anisyl propanal / methyl anthranilate schiff's base,111753-62-9,111753-62-9,True,True,CC(CC1=CC=C(C=C1)OC)C=NC2=CC=CC=C2C(=O)OC,COC(=O)c1ccccc1N=CC(C)Cc1ccc(OC)cc1,True,sweet;anisic;floral;green;woody;spicy;orris
MOL_000415,Linalyl isovalerate,1118-27-0,1118-27-0,True,True,C=CC(OC(=O)CC(C)C)C(C)CC=C(C)C,C=CC(OC(=O)CC(C)C)C(C)CC=C(C)C,True,fruity;sweet
MOL_000416,Myrcenyl acetate,1118-39-4,1118-39-4,True,True,C=CC(=C)CCCC(C)(C)OC(C)=O,C=CC(=C)CCCC(C)(C)OC(C)=O,True,citrus;pear;fresh;herbal;sweet
MOL_000417,Allyl acetoacetate,1118-84-9,1118-84-9,True,True,C=CCOC(=O)CC(C)=O,C=CCOC(=O)CC(C)=O,True,fruity;tropical
MOL_000418,(Z)-12-musk decenone,111879-79-9,111879-79-9,True,True,C1CCCC\C=C/CCCOC(=O)CCCC1,O=C1CCCCCCCCC/C=C\CCCO1,True,musk
MOL_000419,(E)-12-musk decenone,111879-80-2,111879-80-2,True,True,C1CCCC/C=C/CCCOC(=O)CCCC1,O=C1CCCCCCCCC/C=C/CCCO1,True,sweet;musk;waxy;dry;orris;fresh;metallic;animal;tropical
MOL_000420,(Z)-13-musk decenone,111879-81-3,111879-81-3,True,True,C1CCCCCC(=O)OCC/C=C\CCCC1,O=C1CCCCCCCCCC/C=C\CCO1,True,musk
MOL_000421,Hexyl heptanoate,1119-06-8,1119-06-8,True,True,CCCCCCOC(=O)CCCCCC,CCCCCCOC(=O)CCCCCC,True,sour;green;fruity;fatty;fresh
MOL_000422,Methylpentanal,1119-16-0,1119-16-0,True,True,CC(C)CCC=O,CC(C)CCC=O,True,fatty;fruity;cocoa;herbal;cheesy
MOL_000423,Heptenone,1119-44-4,1119-44-4,True,True,CCC/C=C/C(C)=O,CCC/C=C/C(C)=O,True,grassy;green;fruity;milky;dairy;sweet;cheesy
MOL_000424,Nonanoic acid,112-05-0,112-05-0,True,True,CCCCCCCCC(=O)O,CCCCCCCCC(=O)O,True,fatty;nutty;dairy;cheesy
MOL_000425,Heptyl acetate,112-06-1,112-06-1,True,True,CCCCCCCOC(C)=O,CCCCCCCOC(C)=O,True,fruity;fatty;floral
MOL_000426,Butoxyethyl acetate,112-07-2,112-07-2,True,True,CCCCOCCOC(C)=O,CCCCOCCOC(C)=O,True,ethereal;radish;fruity;warm;pungent;sweet
MOL_000427,Undecanone,112-12-9,112-12-9,True,True,CCCCCCCCCC(C)=O,CCCCCCCCCC(C)=O,True,rose;fatty;fruity;orange
MOL_000428,Octyl acetate,112-14-1,112-14-1,True,True,CCCCCCCCOC(C)=O,CCCCCCCCOC(C)=O,True,citrus;green;fruity;peach;orange;jasmine;floral
MOL_000429,Decyl acetate,112-17-4,112-17-4,True,True,CCCCCCCCCCOC(C)=O,CCCCCCCCCCOC(C)=O,True,rose;fatty;fruity;orange;pineapple
MOL_000430,Undecenyl acetate,112-19-6,112-19-6,True,True,C=CCCCCCCCCCOC(C)=O,C=CCCCCCCCCCOC(C)=O,True,honey;fatty;floral;rose
MOL_000431,Heptyl formate,112-23-2,112-23-2,True,True,CCCCCCCOC=O,CCCCCCCOC=O,True,apple;fruity;fatty;sharp;plum
MOL_000432,Decanol,112-30-1,112-30-1,True,True,CCCCCCCCCCO,CCCCCCCCCCO,True,oily;fatty;waxy;floral;sweet
MOL_000433,Decanal,112-31-2,112-31-2,True,True,CCCCCCCCCC=O,CCCCCCCCCC=O,True,waxy;sweet;orange
MOL_000434,Octyl formate,112-32-3,112-32-3,True,True,CCCCCCCCOC=O,CCCCCCCCOC=O,True,rose;citrus;green;fruity;orange;orris
MOL_000435,Undecanoic acid,112-37-8,112-37-8,True,True,CCCCCCCCCCC(=O)O,CCCCCCCCCCC(=O)O,True,fatty
MOL_000436,Undecenoic acid,112-38-9,112-38-9,True,True,C=CCCCCCCCCC(=O)O,C=CCCCCCCCCC(=O)O,True,oily;fatty;waxy
MOL_000437,Methyl palmitate,112-39-0,112-39-0,True,True,CCCCCCCCCCCCCCCC(=O)OC,CCCCCCCCCCCCCCCC(=O)OC,True,waxy;sweet
MOL_000438,Dodecane,112-40-3,112-40-3,True,True,CCCCCCCCCCCC,CCCCCCCCCCCC,True,gasoline;sweet
MOL_000439,Dodecene,112-41-4,112-41-4,True,True,C=CCCCCCCCCCC,C=CCCCCCCCCCC,True,gasoline;sweet
MOL_000440,Undecyl alcohol,112-42-5,112-42-5,True,True,CCCCCCCCCCCO,CCCCCCCCCCCO,True,oily;fruity;floral;citrus
MOL_000441,Undecenol,112-43-6,112-43-6,True,True,C=CCCCCCCCCCO,C=CCCCCCCCCCO,True,rose;citrus;green;fatty;waxy;floral
MOL_000442,Undecanal,112-44-7,112-44-7,True,True,CCCCCCCCCCC=O,CCCCCCCCCCC=O,True,citrus;fatty;waxy;floral;sweet
MOL_000443,Undecenal,112-45-8,112-45-8,True,True,C=CCCCCCCCCC=O,C=CCCCCCCCCC=O,True,fatty;waxy;rose;citrus
MOL_000444,Dipentyl disulfide,112-51-6,112-51-6,True,True,CCCCCSSCCCCC,CCCCCSSCCCCC,True,vegetable;meaty;green;alliaceous;savory;sulfurous
MOL_000445,Dodecanol,112-53-8,112-53-8,True,True,CCCCCCCCCCCCO,CCCCCCCCCCCCO,True,citrus;oily;fatty;waxy;floral
MOL_000446,Dodecanal,112-54-9,112-54-9,True,True,CCCCCCCCCCCC=O,CCCCCCCCCCCC=O,True,waxy;floral;sweet
MOL_000447,Dodecanethiol,112-55-0,112-55-0,True,True,CCCCCCCCCCCCS,CCCCCCCCCCCCS,True,sulfurous;fatty;meaty
MOL_000448,Methyl octadecanoate,112-61-8,112-61-8,True,True,CCCCCCCCCCCCCCCCCC(=O)OC,CCCCCCCCCCCCCCCCCC(=O)OC,True,odorless
MOL_000449,Methyl linoleate,112-63-0,112-63-0,True,True,CCCCC/C=C\C/C=C\CCCCCCCC(=O)OC,CCCCC/C=C\C/C=C\CCCCCCCC(=O)OC,True,oily;fatty
MOL_000450,Dodecyl acetate,112-66-3,112-66-3,True,True,CCCCCCCCCCCCOC(C)=O,CCCCCCCCCCCCOC(C)=O,True,rose;citrus;fruity;fresh;waxy
MOL_000451,Tridecanol,112-70-9,112-70-9,True,True,CCCCCCCCCCCCCO,CCCCCCCCCCCCCO,True,woody;fruity;waxy;sweet
MOL_000452,Myristyl alcohol,112-72-1,112-72-1,True,True,CCCCCCCCCCCCCCO,CCCCCCCCCCCCCCO,True,oily;fatty
MOL_000453,Oleic acid,112-80-1,112-80-1,True,True,CCCCCCCC/C=C/CCCCCCCC(=O)O,CCCCCCCC/C=C/CCCCCCCC(=O)O,True,fatty
MOL_000454,Stearyl alcohol,112-92-5,112-92-5,True,True,CCCCCCCCCCCCCCCCCCO,CCCCCCCCCCCCCCCCCCO,True,oily;fatty
MOL_000455,Eicosane,112-95-8,112-95-8,True,True,CCCCCCCCCCCCCCCCCCCC,CCCCCCCCCCCCCCCCCCCC,True,waxy
MOL_000456,Undecane,1120-21-4,1120-21-4,True,True,CCCCCCCCCCC,CCCCCCCCCCC,True,gasoline
MOL_000457,Dimethylcyclopentenone,1121-05-7,1121-05-7,True,True,CC1=C(C)C(=O)CC1,CC1=C(C)C(=O)CC1,True,ketonic;caramellic;roasted;fruity;burnt
MOL_000458,Acetylpyridine,1122-62-9,1122-62-9,True,True,CC(=O)c1ccccn1,CC(=O)c1ccccn1,True,popcorn
MOL_000459,Methylphenethyl alcohol,1123-85-9,1123-85-9,True,True,CC(CO)c1ccccc1,CC(CO)c1ccccc1,True,floral;sweet
MOL_000460,Tetramethylpyrazine,1124-11-4,1124-11-4,True,True,Cc1nc(C)c(C)nc1C,Cc1nc(C)c(C)nc1C,True,nutty;musty;chocolate
MOL_000461,beta-thujone,1125-12-8,1125-12-8,True,True,CC1C2CC2(CC1=O)C(C)C,CC1C(=O)CC2(C(C)C)CC12,True,woody;camphoreous;spicy
MOL_000462,Trimethylcyclohexenedione,1125-21-9,1125-21-9,True,True,CC1=CC(=O)CC(C)(C)C1=O,CC1=CC(=O)CC(C)(C)C1=O,True,hay;tobacco;honey;tea
MOL_000463,Benzaldehyde dimethyl acetal,1125-88-8,1125-88-8,True,True,COC(OC)c1ccccc1,COC(OC)c1ccccc1,True,green;nutty;almond;sweet
MOL_000464,butyl phenyl ether,1126-79-0,1126-79-0,True,True,CCCCOC1=CC=CC=C1,CCCCOc1ccccc1,True,anisic
MOL_000465,Dihydrojasmone,1128-08-1,1128-08-1,True,True,CCCCCC1=C(C)CCC1=O,CCCCCC1=C(C)CCC1=O,True,spicy;fruity;jasmine;herbal;floral
MOL_000466,Cyclohexyl isobutyrate,1129-47-1,1129-47-1,True,True,CC(C)C(=O)OC1CCCCC1,CC(C)C(=O)OC1CCCCC1,True,apple;fruity;banana;sweet
MOL_000467,3-cyclohexyl propyl formate,1129-67-5,1129-67-5,True,True,C1CCC(CC1)CCCOC=O,O=COCCCC1CCCCC1,True,green;metallic;cinnamon
MOL_000468,Hexylpyridine,1129-69-7,1129-69-7,True,True,CCCCCCc1ccccn1,CCCCCCc1ccccn1,True,green;fatty;nutty;vegetable
MOL_000469,Dimethoxyacetophenone,1131-62-0,1131-62-0,True,True,COc1ccc(C(C)=O)cc1OC,COc1ccc(C(C)=O)cc1OC,True,vanilla;almond;balsamic;sweet
MOL_000470,Methylnonanedione,113486-29-6,113486-29-6,True,True,CCCCCCC(=O)C(=O)CC,CCCCCCC(=O)C(=O)CC,True,hay;caramellic;tea;green;fruity
MOL_000471,Isolongifolene,1135-66-6,1135-66-6,True,True,CC1(C)C2=CCCC(C)(C)C23CCC1C3,CC1(C)C2=CCCC(C)(C)C23CCC1C3,True,woody
MOL_000472,fruity butanate,113889-23-9,113889-23-9,True,True,CCCC(=O)OC1C=CC2C1C3CCC2C3,CCCC(=O)OC1C=CC2C3CCC(C3)C12,True,fruity;green;peach;floral;balsamic;woody
MOL_000473,Caryophyllene oxide,1139-30-6,1139-30-6,True,True,C=C1CCC2OC2(C)CCC2C1CC2(C)C,C=C1CCC2OC2(C)CCC2C1CC2(C)C,True,woody;tobacco;dry
MOL_000474,Furaneyl butyrate,114099-96-6,114099-96-6,True,True,CCCC(=O)Oc1ccco1,CCCC(=O)Oc1ccco1,True,strawberry;caramellic;buttery
MOL_000475,Terpinyl isovalerate,1142-85-4,1142-85-4,True,True,CC1=CCC(C(C)(C)OC(=O)CC(C)C)CC1,CC1=CCC(C(C)(C)OC(=O)CC(C)C)CC1,True,pine;floral;citrus
MOL_000476,"cadina-1,4-dien-3-ol",114791-16-1,114791-16-1,True,True,CC1CCC(C2C1=CC(C(=C2)C)O)C(C)C,CC1=CC2C(=CC1O)C(C)CCC2C(C)C,True,woody;spicy
MOL_000477,Methylbutenol,115-18-4,115-18-4,True,True,C=CC(C)(C)O,C=CC(C)(C)O,True,ethereal;earthy;oily;fruity;herbal
MOL_000478,Santalol,115-71-9,115-71-9,True,True,C/C(=C/CCC1(C)C2CC3C(C2)C31C)CO,C/C(=C/CCC1(C)C2CC3C(C2)C31C)CO,True,woody
MOL_000479,Linalyl acetate,115-95-7,115-95-7,True,True,C=CC(C)(CCC=C(C)C)OC(C)=O,C=CC(C)(CCC=C(C)C)OC(C)=O,True,citrus;fruity;pear;floral;sweet
MOL_000480,Linalyl formate,115-99-1,115-99-1,True,True,C=CC(C)(CCC=C(C)C)OC=O,C=CC(C)(CCC=C(C)C)OC=O,True,fresh;citrus;herbal
MOL_000481,"(3alpha,5alpha)-androst-16-en-3-ol",1153-51-1,1153-51-1,True,True,C[C@]12CC[C@H]3[C@H]([C@@H]1CC=C2)CC[C@@H]4[C@@]3(CC[C@H](C4)O)C,C[C@]12CC[C@@H](O)C[C@@H]1CC[C@@H]1[C@@H]2CC[C@]2(C)C=CC[C@@H]12,True,animal;musk
MOL_000482,Isoeugenyl butyl ether,115422-59-8,115422-59-8,True,True,CC=Cc1ccc(OCCCC)c(OC)c1,CC=Cc1ccc(OCCCC)c(OC)c1,True,spicy;balsamic;floral;sweet
MOL_000483,damascate,115724-27-1,115724-27-1,True,True,CC1CCC(C(C1)C(C)(C)C)OC(=O)C,CC(=O)OC1CCC(C)CC1C(C)(C)C,True,floral;rose;tropical;fruity
MOL_000484,Menthyl hydroxybutyrate,115869-76-6,115869-76-6,True,True,CCC(O)C(=O)OC1CC(C)CCC1C(C)C,CCC(O)C(=O)OC1CC(C)CCC1C(C)C,True,fresh
MOL_000485,Trimethylcyclohexanol,116-02-9,116-02-9,True,True,CC1CC(O)CC(C)(C)C1,CC1CC(O)CC(C)(C)C1,True,herbal;camphoreous;mint
MOL_000486,Acetol,116-09-6,116-09-6,True,True,CC(=O)CO,CC(=O)CO,True,green;winey;caramellic;sweet
MOL_000487,Safranal,116-26-7,116-26-7,True,True,CC1=C(C=O)C(C)(C)CC=C1,CC1=C(C=O)C(C)(C)CC=C1,True,tobacco;camphoreous
MOL_000488,Methylbutyric acid,116-53-0,116-53-0,True,True,CCC(C)C(=O)O,CCC(C)C(=O)O,True,fruity;pungent;cheesy
MOL_000489,moskene (Givaudan),116-66-5,116-66-5,True,True,CC1=C(C=C2C(=C1[N+](=O)[O-])C(CC2(C)C)(C)C)[N+](=O)[O-],Cc1c([N+](=O)[O-])cc2c(c1[N+](=O)[O-])C(C)(C)CC2(C)C,True,sweet;musk;orris;dry
MOL_000490,Dimethylpyrrolidinodithiazine,116505-60-3,116505-60-3,True,True,CC1=C(C)C(N2CCCC2)=NSS1,CC1=C(C)C(N2CCCC2)=NSS1,True,meaty;roasted
MOL_000491,Methyldodecanal,116854-43-4,116854-43-4,True,True,CC[C@@H](C)CCCCCCCCC=O,CC[C@@H](C)CCCCCCCCC=O,True,fatty;waxy;citrus
MOL_000492,Undecatetraene,116963-97-4,116963-97-4,True,True,C=CC=CC=CC=CCCC,C=CC=CC=CC=CCCC,True,green;earthy;fruity;leafy;woody
MOL_000493,Vetiveryl acetate,117-98-6,117-98-6,True,True,CC(=O)OC1C=C(C)C2CC(=C(C)C)CC2C(C)C1,CC(=O)OC1C=C(C)C2CC(=C(C)C)CC2C(C)C1,True,fresh;herbal;woody;sweet;dry
MOL_000494,Ethylthiobutanol,117013-33-9,117013-33-9,True,True,CCCC(O)SCC,CCCC(O)SCC,True,sulfurous;nutty;meaty;savory
MOL_000495,amber dioxane,117933-89-8,117933-89-8,True,True,CCC(C)C1(COC(OC1)C2CCC(=CC2C)C)C,CCC(C)C1(C)COC(C2CCC(C)=CC2C)OC1,True,dry;musty;woody;balsamic;earthy;floral
MOL_000496,Phenyl salicylate,118-55-8,118-55-8,True,True,O=C(Oc1ccccc1)c1ccccc1O,O=C(Oc1ccccc1)c1ccccc1O,True,fruity;honey;woody;balsamic;floral
MOL_000497,Homosalate,118-56-9,118-56-9,True,True,CC1CC(OC(=O)c2ccccc2O)CC(C)(C)C1,CC1CC(OC(=O)c2ccccc2O)CC(C)(C)C1,True,medicinal;odorless
MOL_000498,Benzyl salicylate,118-58-1,118-58-1,True,True,O=C(OCc1ccccc1)c1ccccc1O,O=C(OCc1ccccc1)c1ccccc1O,True,balsamic;sweet
MOL_000499,Ethylhexyl salicylate,118-60-5,118-60-5,True,True,CCCCC(CC)COC(=O)c1ccccc1O,CCCCC(CC)COC(=O)c1ccccc1O,True,fruity;spicy;floral
MOL_000500,Ethyl salicylate,118-61-6,118-61-6,True,True,CCOC(=O)c1ccccc1O,CCOC(=O)c1ccccc1O,True,fruity;floral;sweet
MOL_000501,Isocaryophyllene,118-65-0,118-65-0,True,True,C=C1CC/C=C(/C)CC[C@@H]2[C@@H]1CC2(C)C,C=C1CC/C=C(/C)CC[C@@H]2[C@@H]1CC2(C)C,True,woody;spicy;dry
MOL_000502,Maltol,118-71-8,118-71-8,True,True,Cc1occc(=O)c1O,Cc1occc(=O)c1O,True,caramellic;fruity;strawberry;berry;sweet
MOL_000503,Dimethylthiophenol,118-72-9,118-72-9,True,True,Cc1cccc(C)c1S,Cc1cccc(C)c1S,True,roasted;meaty;sulfurous;phenolic;smoky
MOL_000504,Hydroxyacetophenone,118-93-4,118-93-4,True,True,CC(=O)c1ccccc1O,CC(=O)c1ccccc1O,True,hay;cinnamon;almond;cherry;coumarinic
MOL_000505,Trimethylamine oxide,1184-78-7,1184-78-7,True,True,C[N+](C)(C)[O-],C[N+](C)(C)[O-],True,fishy
MOL_000506,hydroxyambran,118562-73-5,118562-73-5,True,True,CC(CO)C1CCCCCCCCCCC1,CC(CO)C1CCCCCCCCCCC1,True,woody;balsamic;musk
MOL_000507,Diallyl pentasulfide,118686-45-6,118686-45-6,True,True,C=CCSSSSSCC=C,C=CCSSSSSCC=C,True,roasted;alliaceous;garlic;savory;onion;sulfurous
MOL_000508,Methylheptanoic acid,1188-02-9,1188-02-9,True,True,CCCCC[C@@H](C)C(=O)O,CCCCC[C@@H](C)C(=O)O,True,sour;oily;fatty;cheesy
MOL_000509,Butyl hexenoate,118869-62-8,118869-62-8,True,True,CC/C=C/CC(=O)OCCCC,CC/C=C/CC(=O)OCCCC,True,green;fruity;apple;tropical
MOL_000510,Methyl geranate,1189-09-9,1189-09-9,True,True,COC(=O)/C=C(\C)CCC=C(C)C,COC(=O)/C=C(\C)CCC=C(C)C,True,green;fruity;waxy
MOL_000511,Methyl salicylate,119-36-8,119-36-8,True,True,COC(=O)c1ccccc1O,COC(=O)c1ccccc1O,True,sweet;warm
MOL_000512,Benzoin,119-53-9,119-53-9,True,True,O=C(c1ccccc1)C(O)c1ccccc1,O=C(c1ccccc1)C(O)c1ccccc1,True,spicy;camphoreous;sweet
MOL_000513,Benzophenone,119-61-9,119-61-9,True,True,O=C(c1ccccc1)c1ccccc1,O=C(c1ccccc1)c1ccccc1,True,rose
MOL_000514,Isoquinoline,119-65-3,119-65-3,True,True,c1ccc2cnccc2c1,c1ccc2cnccc2c1,True,almond;herbal;anisic;balsamic;sweet
MOL_000515,Dihydrocoumarin,119-84-6,119-84-6,True,True,O=C1CCc2ccccc2O1,O=C1CCc2ccccc2O1,True,hay;tobacco;nutty;sweet;coumarinic
MOL_000516,Methyl decadienoate,1191-03-3,1191-03-3,True,True,CCCCCC=CC=CC(=O)OC,CCCCCC=CC=CC(=O)OC,True,fruity;fatty;waxy;pear
MOL_000517,Hexenoic acid,1191-04-4,1191-04-4,True,True,CCC/C=C/C(=O)O,CCC/C=C/C(=O)O,True,fatty;cheesy
MOL_000518,Butanedithiol,1191-08-8,1191-08-8,True,True,SCCCCS,SCCCCS,True,sulfurous;burnt;meaty
MOL_000519,Prenyl acetate,1191-16-8,1191-16-8,True,True,CC(=O)OCC=C(C)C,CC(=O)OCC=C(C)C,True,green;banana;apple;fruity
MOL_000520,Ethyl linolenate,1191-41-9,1191-41-9,True,True,CC/C=C/C/C=C/C/C=C/CCCCCCCC(=O)OCC,CC/C=C/C/C=C/C/C=C/CCCCCCCC(=O)OCC,True,oily;fatty
MOL_000521,Hexanedithiol,1191-43-1,1191-43-1,True,True,SCCCCCCS,SCCCCCCS,True,meaty;fatty;savory;sulfurous;mushroom
MOL_000522,Octanedithiol,1191-62-4,1191-62-4,True,True,SCCCCCCCCS,SCCCCCCCCS,True,earthy;sulfurous;meaty;mushroom
MOL_000523,Methylformylpyrrole,1192-58-1,1192-58-1,True,True,Cn1cccc1C=O,Cn1cccc1C=O,True,nutty;burnt;roasted
MOL_000524,Furylmethylketone,1192-62-7,1192-62-7,True,True,CC(=O)c1ccco1,CC(=O)c1ccco1,True,caramellic;nutty;balsamic;sweet
MOL_000525,Formylmethylpyrrole,1192-79-6,1192-79-6,True,True,Cc1ccc(C=O)[nH]1,Cc1ccc(C=O)[nH]1,True,spicy;aromatic;almond
MOL_000526,Trimethyloxacyclopentane,1193-11-9,1193-11-9,True,True,CC1COC(C)(C)O1,CC1COC(C)(C)O1,True,green;fruity;earthy;vegetable;musty
MOL_000527,Methylcyclohexenone,1193-18-6,1193-18-6,True,True,CC1=CC(=O)CCC1,CC1=CC(=O)CCC1,True,nutty;caramellic;mint;musty
MOL_000528,Acetylmethylfuran,1193-79-9,1193-79-9,True,True,CC(=O)c1ccc(C)o1,CC(=O)c1ccc(C)o1,True,nutty;hay;caramellic;coumarinic
MOL_000529,Cyclohexylethanol,1193-81-3,1193-81-3,True,True,CC(O)C1CCCCC1,CC(O)C1CCCCC1,True,oily;fruity;fermented;herbal
MOL_000530,Methylguaiacol,1195-09-1,1195-09-1,True,True,COc1ccc(C)cc1O,COc1ccc(C)cc1O,True,vanilla;phenolic;smoky;sweet;medicinal
MOL_000531,Dimethylstyrene,1195-32-0,1195-32-0,True,True,C=C(C)c1ccc(C)cc1,C=C(C)c1ccc(C)cc1,True,pine;spicy;citrus;lemon;phenolic
MOL_000532,Fenchone (no enantiomer specified),1195-79-5,1195-79-5,True,True,CC12CCC(C1)C(C)(C)C2=O,CC12CCC(C1)C(C)(C)C2=O,True,pine;camphoreous;sweet
MOL_000533,Limonene oxide,1195-92-2,1195-92-2,True,True,C=C(C)C1CCC2(C)OC2C1,C=C(C)C1CCC2(C)OC2C1,True,citrus;fruity;herbal;sweet
MOL_000534,laevo-verbenone,1196-01-6,1196-01-6,True,True,CC1=CC(=O)[C@H]2C[C@@H]1C2(C)C,CC1=CC(=O)[C@H]2C[C@@H]1C2(C)C,True,spicy;mint;camphoreous
MOL_000535,Cyclotene acetate,1196-22-1,1196-22-1,True,True,CC(=O)OC1=C(C)CCC1=O,CC(=O)OC1=C(C)CCC1=O,True,fruity;caramellic
MOL_000536,Cymenol,1197-01-9,1197-01-9,True,True,Cc1ccc(C(C)(C)O)cc1,Cc1ccc(C(C)(C)O)cc1,True,nutty;cherry;herbal
MOL_000537,cis-carveol,1197-06-4,1197-06-4,True,True,CC1=CC[C@H](C[C@H]1O)C(=C)C,C=C(C)[C@@H]1CC=C(C)[C@H](O)C1,True,spicy
MOL_000538,trans-carveol,1197-07-5,1197-07-5,True,True,CC1=CC[C@@H](C[C@H]1O)C(=C)C,C=C(C)[C@H]1CC=C(C)[C@H](O)C1,True,spicy;solvent;mint
MOL_000539,Menthadienal,1197-15-5,1197-15-5,True,True,CC1=CC(C=O)=C(C(C)C)CC1,CC1=CC(C=O)=C(C(C)C)CC1,True,fatty;spicy;herbal
MOL_000540,Methylfurylpropanedione,1197-20-2,1197-20-2,True,True,CC(=O)C(=O)c1ccc(C)o1,CC(=O)C(=O)c1ccc(C)o1,True,burnt;caramellic
MOL_000541,Isoeugenyl benzyl ether,120-11-6,120-11-6,True,True,C/C=C\c1ccc(OCc2ccccc2)c(OC)c1,C/C=C\c1ccc(OCc2ccccc2)c(OC)c1,True,spicy;balsamic;floral
MOL_000542,Veratraldehyde,120-14-9,120-14-9,True,True,COc1ccc(C=O)cc1OC,COc1ccc(C=O)cc1OC,True,woody;sweet;vanilla
MOL_000543,Isoeugenyl phenylacetate,120-24-1,120-24-1,True,True,C/C=C/c1ccc(OC(=O)Cc2ccccc2)c(OC)c1,C/C=C/c1ccc(OC(=O)Cc2ccccc2)c(OC)c1,True,honey;vanilla;sweet
MOL_000544,Ethoxymethoxybenzaldehyde,120-25-2,120-25-2,True,True,CCOc1ccc(C=O)cc1OC,CCOc1ccc(C=O)cc1OC,True,woody;sweet;vanilla
MOL_000545,Styrallyl propanoate,120-45-6,120-45-6,True,True,CCC(=O)OC(C)c1ccccc1,CCC(=O)OC(C)c1ccccc1,True,green;fruity;floral;sweet
MOL_000546,Isobutyl benzoate,120-50-3,120-50-3,True,True,CC(C)COC(=O)c1ccccc1,CC(C)COC(=O)c1ccccc1,True,rose;green;fruity;leafy;balsamic;floral
MOL_000547,Benzyl benzoate,120-51-4,120-51-4,True,True,O=C(OCc1ccccc1)c1ccccc1,O=C(OCc1ccccc1)c1ccccc1,True,fruity;balsamic;sweet
MOL_000548,Piperonal,120-57-0,120-57-0,True,True,O=Cc1ccc2c(c1)OCO2,O=Cc1ccc2c(c1)OCO2,True,cherry;floral;sweet
MOL_000549,isosafrole,120-58-1,120-58-1,True,True,CC=CC1=CC2=C(C=C1)OCO2,CC=Cc1ccc2c(c1)OCO2,True,sweet;spicy
MOL_000550,Indole,120-72-9,120-72-9,True,True,c1ccc2[nH]ccc2c1,c1ccc2[nH]ccc2c1,True,cheesy;floral;animal
MOL_000551,5-norbornene-2-carboxylic acid,120-74-1,120-74-1,True,True,C1C2CC(C1C=C2)C(=O)O,O=C(O)C1CC2C=CC1C2,True,fruity;green
MOL_000552,Methylbenzothiazole,120-75-2,120-75-2,True,True,Cc1nc2ccccc2s1,Cc1nc2ccccc2s1,True,vegetable;meaty;nutty;sulfurous
MOL_000553,Catechol,120-80-9,120-80-9,True,True,Oc1ccccc1O,Oc1ccccc1O,True,phenolic;burnt
MOL_000554,Cyclopentanone,120-92-3,120-92-3,True,True,O=C1CCCC1,O=C1CCCC1,True,ketonic;nutty;woody;musty
MOL_000555,Methylpyrrolidine,120-94-5,120-94-5,True,True,CN1CCCC1,CN1CCCC1,True,ripe;fishy;cheesy
MOL_000556,Isobornyl formate,1200-67-5,1200-67-5,True,True,CC1(C)C2CCC1(C)[C@@H](OC=O)C2,CC1(C)C2CCC1(C)[C@@H](OC=O)C2,True,green;earthy;camphoreous;pine
MOL_000557,Helional®,1205-17-0,1205-17-0,True,True,CC(C=O)Cc1ccc2c(c1)OCO2,CC(C=O)Cc1ccc2c(c1)OCO2,True,hay;green;melon;floral
MOL_000558,Carvyl acetate,1205-42-1,1205-42-1,True,True,C=C(C)[C@@H]1CC=C(C)[C@H](OC(C)=O)C1,C=C(C)[C@@H]1CC=C(C)[C@H](OC(C)=O)C1,True,sour;green;fruity;herbal;sweet
MOL_000559,(3-methoxy-2-methyl propyl) benzene,120811-92-9,120811-92-9,True,True,CC(COC)Cc1ccccc1,COCC(C)Cc1ccccc1,True,floral;green;rose;fruity
MOL_000560,tobacarol (IFF),1209-61-6,1209-61-6,True,True,CC1CCC2C(O2)(CCC3C1CC3(C)C)C,CC1CCC2OC2(C)CCC2C1CC2(C)C,True,musty;balsamic;woody;spicy;tobacco
MOL_000561,Ethyl vanillin,121-32-4,121-32-4,True,True,CCOc1cc(C=O)ccc1O,CCOc1cc(C=O)ccc1O,True,vanilla;sweet
MOL_000562,Vanillin,121-33-5,121-33-5,True,True,COc1cc(C=O)ccc1O,COc1cc(C=O)ccc1O,True,creamy;vanilla
MOL_000563,Vanillic acid,121-34-6,121-34-6,True,True,COc1cc(C(=O)O)ccc1O,COc1cc(C(=O)O)ccc1O,True,odorless
MOL_000564,Ethyl phenylglycidate,121-39-1,121-39-1,True,True,CCOC(=O)C1OC1c1ccccc1,CCOC(=O)C1OC1c1ccccc1,True,caramellic;fruity;strawberry;berry;sweet
MOL_000565,Triethylamine,121-44-8,121-44-8,True,True,CCN(CC)CC,CCN(CC)CC,True,ripe;fishy;cheesy
MOL_000566,Propyl gallate,121-79-9,121-79-9,True,True,CCCOC(=O)c1cc(O)c(O)c(O)c1,CCCOC(=O)c1cc(O)c(O)c(O)c1,True,odorless
MOL_000567,para-methoxypropiophenone,121-97-1,121-97-1,True,True,CCC(=O)C1=CC=C(C=C1)OC,CCC(=O)c1ccc(OC)cc1,True,musty;anisic
MOL_000568,Methyl anisate,121-98-2,121-98-2,True,True,COC(=O)c1ccc(OC)cc1,COC(=O)c1ccc(OC)cc1,True,anisic;vanilla;sweet
MOL_000569,Dodecenal,121052-28-6,121052-28-6,True,True,CCC/C=C/CCCCCCC=O,CCC/C=C/CCCCCCC=O,True,fatty;waxy;citrus
MOL_000570,(Z)-methyl epi-jasmonate,1211-29-6,1211-29-6,True,True,CC/C=C\C[C@@H]1[C@H](CCC1=O)CC(=O),CC/C=C\C[C@H]1C(=O)CC[C@@H]1CC=O,True,floral;fresh;oily;waxy;sweet;fruity;green
MOL_000571,perillaldehyde propylene glycol acetal,121199-28-8,121199-28-8,True,True,CC1COC(O1)C2=CCC(CC2)C(=C)C,C=C(C)C1CC=C(C2OCC(C)O2)CC1,True,fatty;spicy;herbal
MOL_000572,Ethyl acetoxyoctanoate,121312-01-4,121312-01-4,True,True,CCCCCCC(OC(C)=O)C(=O)OCC,CCCCCCC(OC(C)=O)C(=O)OCC,True,oily;fruity;winey;tropical
MOL_000573,Hexenyl anisate,121432-33-5,121432-33-5,True,True,CCCCC=COC(=O)c1ccc(OC)cc1,CCCCC=COC(=O)c1ccc(OC)cc1,True,green;fruity;anisic;floral
MOL_000574,Methylacetophenone,122-00-9,122-00-9,True,True,CC(=O)c1ccc(C)cc1,CC(=O)c1ccc(C)cc1,True,fruity;hay;floral;sweet
MOL_000575,Cuminaldehyde,122-03-2,122-03-2,True,True,CC(C)c1ccc(C=O)cc1,CC(C)c1ccc(C=O)cc1,True,green;pungent;herbal
MOL_000576,Amylcinnamaldehyde,122-40-7,122-40-7,True,True,CCCCC/C(C=O)=C/c1ccccc1,CCCCC/C(C=O)=C/c1ccccc1,True,floral;jasmine
MOL_000577,Butyl phenylacetate,122-43-0,122-43-0,True,True,CCCCOC(=O)Cc1ccccc1,CCCCOC(=O)Cc1ccccc1,True,honey;rose;sweet
MOL_000578,phenyl propyl phenyl acetate,122-44-1,122-44-1,True,True,C1=CC=C(C=C1)CCCOC(=O)CC2=CC=CC=C2,O=C(Cc1ccccc1)OCCCc1ccccc1,True,balsamic;floral;rose;green;spicy
MOL_000579,Octyl phenylacetate,122-45-2,122-45-2,True,True,CCCCCCCCOC(=O)Cc1ccccc1,CCCCCCCCOC(=O)Cc1ccccc1,True,rose;citrus;fatty;fruity;floral;sweet
MOL_000580,meta-cresyl acetate,122-46-3,122-46-3,True,True,CC1=CC(=CC=C1)OC(=O)C,CC(=O)Oc1cccc(C)c1,True,pungent;floral;phenolic
MOL_000581,Zingerone,122-48-5,122-48-5,True,True,COc1cc(CCC(C)=O)ccc1O,COc1cc(CCC(C)=O)ccc1O,True,vanilla;spicy;balsamic;sweet
MOL_000582,Triethoxymethane,122-51-0,122-51-0,True,True,CCOC(OCC)OCC,CCOC(OCC)OCC,True,camphoreous
MOL_000583,Phenylbutenone,122-57-6,122-57-6,True,True,CC(=O)/C=C/c1ccccc1,CC(=O)/C=C/c1ccccc1,True,creamy;fruity;sweet;coumarinic;cheesy
MOL_000584,Phenoxyacetic acid,122-59-8,122-59-8,True,True,O=C(O)COc1ccccc1,O=C(O)COc1ccccc1,True,sour;honey
MOL_000585,Benzyl propionate,122-63-4,122-63-4,True,True,CCC(=O)OCc1ccccc1,CCC(=O)OCc1ccccc1,True,fruity;floral;jasmine
MOL_000586,Isobutyl cinnamate,122-67-8,122-67-8,True,True,CC(C)COC(=O)/C=C/c1ccccc1,CC(C)COC(=O)/C=C/c1ccccc1,True,fruity;cocoa;waxy;balsamic;peach;sweet
MOL_000587,Phenylpropyl cinnamate,122-68-9,122-68-9,True,True,O=C(/C=C\c1ccccc1)OCCCc1ccccc1,O=C(/C=C\c1ccccc1)OCCCc1ccccc1,True,fruity;balsamic;rose;sweet
MOL_000588,Cinnamyl cinnamate,122-69-0,122-69-0,True,True,O=C(/C=C/c1ccccc1)OC/C=C/c1ccccc1,O=C(/C=C/c1ccccc1)OC/C=C/c1ccccc1,True,spicy;cinnamon;balsamic;floral;sweet
MOL_000589,Phenethyl propionate,122-70-3,122-70-3,True,True,CCC(=O)OCCc1ccccc1,CCC(=O)OCCc1ccccc1,True,spicy;rose;fruity;herbal
MOL_000590,Acetaldehyde diphenethyl acetal,122-71-4,122-71-4,True,True,CC(OCCc1ccccc1)OCCc1ccccc1,CC(OCCc1ccccc1)OCCc1ccccc1,True,rose;warm;leafy;balsamic;floral
MOL_000591,Phenylpropyl acetate,122-72-5,122-72-5,True,True,CC(=O)OCCCc1ccccc1,CC(=O)OCCCc1ccccc1,True,honey;balsamic;floral;spicy
MOL_000592,gardenia oxide,122-73-6,122-73-6,True,True,CC(C)CCOCC1=CC=CC=C1,CC(C)CCOCc1ccccc1,True,vegetable;floral;jasmine;fruity;green
MOL_000593,Phenylpropyl propionate,122-74-7,122-74-7,True,True,CCC(=O)OCCCc1ccccc1,CCC(=O)OCCCc1ccccc1,True,balsamic;floral
MOL_000594,Phenylacetaldehyde,122-78-1,122-78-1,True,True,O=CCc1ccccc1,O=CCc1ccccc1,True,rose;green;honey;floral
MOL_000595,Phenyl acetate,122-79-2,122-79-2,True,True,CC(=O)Oc1ccccc1,CC(=O)Oc1ccccc1,True,jasmine;metallic
MOL_000596,Methoxyphenylpropanone,122-84-9,122-84-9,True,True,COc1ccc(CC(C)=O)cc1,COc1ccc(CC(C)=O)cc1,True,anisic
MOL_000597,Anisyl formate,122-91-8,122-91-8,True,True,COc1ccc(COC=O)cc1,COc1ccc(COC=O)cc1,True,spicy;green;vanilla;floral;sweet
MOL_000598,Phenylpropanol,122-97-4,122-97-4,True,True,OCCCc1ccccc1,OCCCc1ccccc1,True,balsamic;floral
MOL_000599,Phenoxyethanol,122-99-6,122-99-6,True,True,OCCOc1ccccc1,OCCOc1ccccc1,True,rose;fresh;balsamic;floral
MOL_000600,Dimethyldithiolaneone,122152-29-8,122152-29-8,True,True,CC1(C)CSSC1=O,CC1(C)CSSC1=O,True,roasted;fatty;savory;burnt;potato
MOL_000601,musk gx 50% in IPM,1222-05-5,1222-05-5,True,True,CC1COCC2=CC3=C(C=C12)C(C(C3(C)C)C)(C)C,CC1COCc2cc3c(cc21)C(C)(C)C(C)C3(C)C,True,sweet;floral;musk
MOL_000602,glucoethyl vanillin,122397-96-0,122397-96-0,True,True,CCO[C@@H]1O[C@H](CO)[C@@H](O)[C@H](O)[C@H]1O.O=Cc1cc(OC)c(O)cc1,CCO[C@@H]1O[C@H](CO)[C@@H](O)[C@H](O)[C@H]1O.COc1cc(C=O)ccc1O,True,vanilla
MOL_000603,"(+)-(E,S)-filbertone",122440-59-9,122440-59-9,True,True,CC[C@H](C)C(=O)/C=C/C,C/C=C/C(=O)[C@@H](C)CC,True,hazelnut;metallic;fatty;nutty
MOL_000604,Isoamyl undecylenate,12262-03-2,12262-03-2,True,True,CCCC/C=C/CCCCC(=O)OCCC(C)C,CCCC/C=C/CCCCC(=O)OCCC(C)C,True,herbal;winey;brandy
MOL_000605,delta-octadecalactone,1227-51-6,1227-51-6,True,True,CCCCCCCCCCCCCC1CCCC(=O)O1,CCCCCCCCCCCCCC1CCCC(=O)O1,True,fatty;waxy;savory
MOL_000606,herbal heptane,122795-41-9,122795-41-9,True,True,CCC1CC2CC1CC2OC,CCC1CC2CC1CC2OC,True,herbal;green;leafy;citrus
MOL_000607,Methyldithiopropanone,122861-78-3,122861-78-3,True,True,CSSCC(C)=O,CSSCC(C)=O,True,onion;green;sweet
MOL_000608,Ethylhexanal,123-05-7,123-05-7,True,True,CCCCC(C=O)CC,CCCCC(C=O)CC,True,green;fruity
MOL_000609,Ethylphenol,123-07-9,123-07-9,True,True,CCc1ccc(O)cc1,CCc1ccc(O)cc1,True,woody;phenolic;animal
MOL_000610,Hydroxybenzaldehyde,123-08-0,123-08-0,True,True,O=Cc1ccc(O)cc1,O=Cc1ccc(O)cc1,True,hay;nutty;phenolic;almond;woody;balsamic
MOL_000611,Anisaldehyde: p-Anisaldehyde,123-11-5,123-11-5,True,True,COc1ccc(C=O)cc1,COc1ccc(C=O)cc1,True,hay;vanilla;fruity;herbal;anisic;floral;sweet
MOL_000612,Methylpentanal,123-15-9,123-15-9,True,True,CCCC(C)C=O,CCCC(C)C=O,True,green;fruity;cocoa;cheesy
MOL_000613,Heptanone,123-19-3,123-19-3,True,True,CCCC(=O)CCC,CCCC(=O)CCC,True,green;fruity;pungent
MOL_000614,Diethyl succinate,123-25-1,123-25-1,True,True,CCOC(=O)CCC(=O)OCC,CCOC(=O)CCC(=O)OCC,True,green;grape;winey;ethereal
MOL_000615,Ethyl nonanoate,123-29-5,123-29-5,True,True,CCCCCCCCC(=O)OCC,CCCCCCCCC(=O)OCC,True,oily;fatty;nutty;grape;waxy;cognac
MOL_000616,Dimethylpyrazine,123-32-0,123-32-0,True,True,Cc1cnc(C)cn1,Cc1cnc(C)cn1,True,earthy;roasted;chocolate
MOL_000617,myrcene,123-35-3,123-35-3,True,True,CC(=CCCC(=C)C=C)C,C=CC(=C)CCC=C(C)C,True,spicy;pine;balsamic;solvent;herbal;woody;rose;vegetable
MOL_000618,Propionaldehyde,123-38-6,123-38-6,True,True,CCC=O,CCC=O,True,green
MOL_000619,Hydroxymethylpentanone,123-42-2,123-42-2,True,True,CC(=O)CC(C)(C)O,CC(=O)CC(C)(C)O,True,ketonic;fruity;fresh;mint
MOL_000620,Isoamyl alcohol,123-51-3,123-51-3,True,True,CC(C)CCO,CC(C)CCO,True,alcoholic
MOL_000621,Paraldehyde,123-63-7,123-63-7,True,True,CC1OC(C)OC(C)O1,CC1OC(C)OC(C)O1,True,fruity;musty;sweet;rum
MOL_000622,Ethyl hexanoate,123-66-0,123-66-0,True,True,CCCCCC(=O)OCC,CCCCCC(=O)OCC,True,fruity;banana;pear;tropical;strawberry;pineapple
MOL_000623,Allyl hexanoate,123-68-2,123-68-2,True,True,C=CCOC(=O)CCCCC,C=CCOC(=O)CCCCC,True,fatty;fruity;winey;pineapple
MOL_000624,Ambrettolide,123-69-3,123-69-3,True,True,O=C1CCCCC/C=C\CCCCCCCCO1,O=C1CCCCC/C=C\CCCCCCCCO1,True,musk
MOL_000625,Butyraldehyde,123-72-8,123-72-8,True,True,CCCC=O,CCCC=O,True,malty;green;fruity;cocoa
MOL_000626,Butenal,123-73-9,123-73-9,True,True,C/C=C/C=O,C/C=C/C=O,True,spicy;sharp;warm
MOL_000627,pyrrolidine,123-75-1,123-75-1,True,True,C1CCNC1,C1CCNC1,True,pungent;animal;sulfurous;fishy
MOL_000628,Levulinic acid,123-76-2,123-76-2,True,True,CC(=O)CCC(=O)O,CC(=O)CCC(=O)O,True,caramellic
MOL_000629,Dioctyl adipate (so called),123-79-5,123-79-5,True,True,CCCCCCCCOC(=O)CCCCC(=O)OCCCCCCCC,CCCCCCCCOC(=O)CCCCC(=O)OCCCCCCCC,True,fatty;odorless
MOL_000630,Butyl acetate,123-86-4,123-86-4,True,True,CCCCOC(C)=O,CCCCOC(C)=O,True,fruity;banana;pear;pineapple;sweet
MOL_000631,Isoamyl acetate,123-92-2,123-92-2,True,True,CC(=O)OCCC(C)C,CC(=O)OCCC(C)C,True,fruity;pear;sweet;banana
MOL_000632,Butyl stearate,123-95-5,123-95-5,True,True,CCCCCCCCCCCCCCCCCC(=O)OCCCC,CCCCCCCCCCCCCCCCCC(=O)OCCCC,True,odorless;fruity;fatty
MOL_000633,Octanol,123-96-6,123-96-6,True,True,CCCCCCC(C)O,CCCCCCC(C)O,True,green;earthy;musty;leafy;floral
MOL_000634,Nonanedioic acid,123-99-9,123-99-9,True,True,O=C(O)CCCCCCCC(=O)O,O=C(O)CCCCCCCC(=O)O,True,odorless
MOL_000635,Adipic acid,124-04-9,124-04-9,True,True,O=C(O)CCCCC(=O)O,O=C(O)CCCCC(=O)O,True,odorless
MOL_000636,Ethyl myristate,124-06-1,124-06-1,True,True,CCCCCCCCCCCCCC(=O)OCC,CCCCCCCCCCCCCC(=O)OCC,True,fatty;waxy;sweet
MOL_000637,Octanoic acid,124-07-2,124-07-2,True,True,CCCCCCCC(=O)O,CCCCCCCC(=O)O,True,fatty;animal
MOL_000638,Methyl myristate,124-10-7,124-10-7,True,True,CCCCCCCCCCCCCC(=O)OC,CCCCCCCCCCCCCC(=O)OC,True,oily;fatty;cognac;orris
MOL_000639,Nonene,124-11-8,124-11-8,True,True,C=CCCCCCCC,C=CCCCCCCC,True,gasoline
MOL_000640,octane nitrile,124-12-9,124-12-9,True,True,CCCCCCCC#N,CCCCCCCC#N,True,fatty;aldehydic;green
MOL_000641,Octanal,124-13-0,124-13-0,True,True,CCCCCCCC=O,CCCCCCCC=O,True,fatty;fruity
MOL_000642,Decane,124-18-5,124-18-5,True,True,CCCCCCCCCC,CCCCCCCCCC,True,gasoline
MOL_000643,Nonanal,124-19-6,124-19-6,True,True,CCCCCCCCC=O,CCCCCCCCC=O,True,waxy;fatty;floral;rose
MOL_000644,Myristaldehyde,124-25-4,124-25-4,True,True,CCCCCCCCCCCCCC=O,CCCCCCCCCCCCCC=O,True,fatty;waxy;citrus
MOL_000645,Dimethylamine,124-40-3,124-40-3,True,True,CNC,CNC,True,fishy
MOL_000646,Isoborneol,124-76-5,124-76-5,True,True,CC1(C)[C@H]2CC[C@@]1(C)[C@H](O)C2,CC1(C)[C@H]2CC[C@@]1(C)[C@H](O)C2,True,pine;camphoreous
MOL_000647,"(E)-3,12-tridecadiene nitrile",124071-42-7,124071-42-7,True,True,C=CCCCCCCC/C=C/CC#N,C=CCCCCCCC/C=C/CC#N,True,citrus
MOL_000648,"3,6-dimethylheptan-2-ol",1247790-47-1,1247790-47-1,True,True,CC(C)CCC(C)C(C)O,CC(C)CCC(C)C(C)O,True,floral;green;rose
MOL_000649,(R)-4-methyl nonanoic acid,124918-65-6,124918-65-6,True,True,CCCCC[C@@H](C)CCC(=O)O,CCCCC[C@@H](C)CCC(=O)O,True,animal
MOL_000650,Isobornyl acetate,125-12-2,125-12-2,True,True,CC(=O)O[C@H]1C[C@H]2CC[C@@]1(C)C2(C)C,CC(=O)O[C@H]1C[C@H]2CC[C@@]1(C)C2(C)C,True,pine;earthy;fruity;camphoreous;herbal;woody
MOL_000651,alpha-farnesene isomer,125037-13-0,125037-13-0,True,True,CC(=CCCC(=CCC=C(C)C=C)C)C,C=CC(C)=CCC=C(C)CCC=C(C)C,True,citrus;herbal;balsamic;floral;green;woody;vegetable
MOL_000652,3-(3-propen-2-yl phenyl) butanal,125109-84-4,125109-84-4,True,True,O=CCC(c1cc(ccc1)\C(=C)C)C,C=C(C)c1cccc(C(C)CC=O)c1,True,fresh;woody;green;floral;melon
MOL_000653,floral butanal,125109-85-5,125109-85-5,True,True,CC(C)C1=CC(=CC=C1)C(C)CC=O,CC(C)c1cccc(C(C)CC=O)c1,True,floral;green;fresh
MOL_000654,Methylthiodecanal,1256932-15-6,1256932-15-6,True,True,CCCCCCCCC(C=O)SC,CCCCCCCCC(C=O)SC,True,meaty;fatty;gasoline;savory
MOL_000655,Linalyl benzoate,126-64-7,126-64-7,True,True,C=CC(C)(CCC=C(C)C)OC(=O)c1ccccc1,C=CC(C)(CCC=C(C)C)OC(=O)c1ccccc1,True,floral;citrus;fruity
MOL_000656,dextro-linalool,126-90-9,126-90-9,True,True,CC(=CCC[C@@](C)(C=C)O)C,C=C[C@@](C)(O)CCC=C(C)C,True,sweet;floral;citrus;herbal
MOL_000657,laevo-linalool,126-91-0,126-91-0,True,True,CC(=CCC[C@](C)(C=C)O)C,C=C[C@](C)(O)CCC=C(C)C,True,fresh;floral;woody;herbal
MOL_000658,Pyruvic acid,127-17-3,127-17-3,True,True,CC(=O)C(=O)O,CC(=O)C(=O)O,True,burnt;sour
MOL_000659,Ionone,127-41-3,127-41-3,True,True,CC(=O)/C=C/C1C(C)=CCCC1(C)C,CC(=O)/C=C/C1C(C)=CCCC1(C)C,True,woody;balsamic;violet
MOL_000660,(E)-alpha-methyl ionone (74-80%),127-42-4,127-42-4,True,True,CCC(=O)/C=C/C1C(=CCCC1(C)C)C,CCC(=O)/C=C/C1C(C)=CCCC1(C)C,True,sweet;floral;fruity;orris;violet;woody;tea
MOL_000661,Methylionone,127-43-5,127-43-5,True,True,CCC(=O)/C=C/C1=C(C)CCCC1(C)C,CCC(=O)/C=C/C1=C(C)CCCC1(C)C,True,woody
MOL_000662,Methylionone,127-51-5,127-51-5,True,True,CC(=O)/C(C)=C\C1C(C)=CCCC1(C)C,CC(=O)/C(C)=C\C1C(C)=CCCC1(C)C,True,violet;floral;sweet;orris
MOL_000663,Pinene,127-91-3,127-91-3,True,True,C=C1CCC2CC1C2(C)C,C=C1CCC2CC1C2(C)C,True,woody;pine;dry
MOL_000664,methyl trans-3-oxo-2-pentyl cyclopentane carboxylate,1271488-66-4,1271488-66-4,True,True,CCCCC[C@H]1[C@@H](CCC1=O)C(=O)OC,CCCCC[C@@H]1C(=O)CC[C@H]1C(=O)OC,True,floral;jasmine;rose;green
MOL_000665,Propanal ethyl methyl acetal,127248-84-4,127248-84-4,True,True,CCOC(CC)OC,CCOC(CC)OC,True,cognac;ethereal;brandy
MOL_000666,Methyldecanal,127793-88-8,127793-88-8,True,True,CCC(C)CCCCCCC=O,CCC(C)CCCCCCC=O,True,rose;citrus;green;fresh;cucumber;sweet
MOL_000667,Isobutyl methylthiobutyrate,127931-21-9,127931-21-9,True,True,CCC(C)C(=S)OCC(C)C,CCC(C)C(=S)OCC(C)C,True,ripe;creamy;fruity;tropical;strawberry;sulfurous;cheesy
MOL_000668,butylated hydroxytoluene,128-37-0,128-37-0,True,True,CC1=CC(=C(C(=C1)C(C)(C)C)O)C(C)(C)C,Cc1cc(C(C)(C)C)c(O)c(C(C)(C)C)c1,True,phenolic;camphoreous
MOL_000669,"Saccharine, sodium salt",128-44-9,128-44-9,True,True,O=C1NS(=O)(=O)c2ccccc21,O=C1NS(=O)(=O)c2ccccc21,True,odorless
MOL_000670,Nopol,128-50-7,128-50-7,True,True,CC1(C)C2CC=C(CCO)C1C2,CC1(C)C2CC=C(CCO)C1C2,True,woody;camphoreous;citrus;pine
MOL_000671,Nopyl acetate,128-51-8,128-51-8,True,True,CC(=O)OCCC1=CCC2CC1C2(C)C,CC(=O)OCCC1=CCC2CC1C2(C)C,True,woody;fruity;floral;sweet
MOL_000672,woody propanol,128119-70-0,128119-70-0,True,True,CC(COC1CC2CCC1(C)C2(C)C)CO,CC(CO)COC1CC2CCC1(C)C2(C)C,True,warm;woody;dry;balsamic;orris
MOL_000673,(R)-4-methyl octanoic acid,128342-71-2,128342-71-2,True,True,CCCC[C@@H](C)CCC(=O)O,CCCC[C@@H](C)CCC(=O)O,True,meaty;dairy
MOL_000674,(S)-4-methyl nonanoic acid,128342-72-3,128342-72-3,True,True,CCCCC[C@H](C)CCC(=O)O,CCCCC[C@H](C)CCC(=O)O,True,meaty;dairy
MOL_000675,dihydrogalangal acetate,129319-15-9,129319-15-9,True,True,CCC(C1=CC=C(C=C1)OC(=O)C)OC(=O)C,CCC(OC(C)=O)c1ccc(OC(C)=O)cc1,True,pungent;spicy
MOL_000676,quinine,130-95-0,130-95-0,True,True,COC1=CC2=C(C=CN=C2C=C1)[C@H]([C@@H]3C[C@@H]4CCN3C[C@@H]4C=C)O,C=C[C@H]1CN2CC[C@H]1C[C@H]2[C@H](O)c1ccnc2ccc(OC)cc12,True,
MOL_000677,Acetaldehyde diamyl acetal,13002-08-9,13002-08-9,True,True,CCCCCOC(C)OCCCCC,CCCCCOC(C)OCCCCC,True,vegetable;alcoholic;ethereal;green;cocoa;cognac
MOL_000678,Acetaldehyde di-isoamyl acetal,13002-09-0,13002-09-0,True,True,CC(C)CCOC(C)OCCC(C)C,CC(C)CCOC(C)OCCC(C)C,True,alcoholic;ethereal;green;fermented;vegetable
MOL_000679,Propanal di-isobutyl acetal,13002-11-4,13002-11-4,True,True,CCC(OCC(C)C)OCC(C)C,CCC(OCC(C)C)OCC(C)C,True,green;fermented;alcoholic;ethereal
MOL_000680,Hexylidenehexanal,13019-16-4,13019-16-4,True,True,CCCCC/C=C(/C=O)CCCC,CCCCC/C=C(/C=O)CCCC,True,grassy;citrus;green;fatty;fruity;aldehydic
MOL_000681,Methylheptenol,13019-19-7,13019-19-7,True,True,CCCCCC=C(C)O,CCCCCC=C(C)O,True,green;earthy;fruity;herbal;floral
MOL_000682,Methylheptanone,13019-20-0,13019-20-0,True,True,CCCCC(=O)C(C)C,CCCCC(=O)C(C)C,True,green;fruity;dairy;herbal;cheesy
MOL_000683,Decenol,13019-22-2,13019-22-2,True,True,C=CCCCCCCCCO,C=CCCCCCCCCO,True,rose;fresh;aldehydic;waxy
MOL_000684,Nonenyl acetate,13049-88-2,13049-88-2,True,True,CCCCC/C=C\CCOC(C)=O,CCCCC/C=C\CCOC(C)=O,True,citrus;green;fatty;fruity;melon;fresh;waxy
MOL_000685,Isobutyl pyruvate,13051-48-4,13051-48-4,True,True,CC(=O)C(=O)OCC(C)C,CC(=O)C(=O)OCC(C)C,True,fruity;caramellic;sweet;ethereal
MOL_000686,Ethyl geranate,13058-12-3,13058-12-3,True,True,CCOC(=O)/C=C(\C)CCC=C(C)C,CCOC(=O)/C=C(\C)CCC=C(C)C,True,green;woody;rose
MOL_000687,tetrahydrojasmone,13074-63-0,13074-63-0,True,True,CCCCCC1C(CCC1=O)C,CCCCCC1C(=O)CCC1C,True,coconut;sweet;jasmine;spicy;fruity
MOL_000688,Hexylcyclopentanone,13074-65-2,13074-65-2,True,True,CCCCCCC1CCCC1=O,CCCCCCC1CCCC1=O,True,green;fruity;floral;jasmine
MOL_000689,salicynile (Firmenich),130786-09-3,130786-09-3,True,True,CCC/C=C(/C#N)\C1=CC=CC=C1,CCC/C=C(/C#N)c1ccccc1,True,floral;metallic;herbal;green;waxy;fresh
MOL_000690,Bornyl butyrate,13109-70-1,13109-70-1,True,True,CCCC(=O)O[C@H]1C[C@H]2CC[C@@]1(C)C2(C)C,CCCC(=O)O[C@H]1C[C@H]2CC[C@@]1(C)C2(C)C,True,fruity;herbal;woody
MOL_000691,Isobutanal diisopentyl acetal,13112-63-5,13112-63-5,True,True,CC(C)CCOC(OCCC(C)C)C(C)C,CC(C)CCOC(OCCC(C)C)C(C)C,True,alcoholic;ethereal;malty;green;cocoa;fermented
MOL_000692,Valeraldehyde dibutyl acetal,13112-65-7,13112-65-7,True,True,CCCCOC(CCCC)OCCCC,CCCCOC(CCCC)OCCCC,True,green;fermented;nutty;alcoholic
MOL_000693,2-acetyl-2-pyrroline,1314926-27-6,1314926-27-6,True,True,CC(=O)C1=CCCN1,CC(=O)C1=CCCN1,True,nutty;roasted;meaty;sweet
MOL_000694,"6,7,8,9-tetrahydro-7,7,8,9,9-pentamethyl-5H-cyclopenta[H]quinazoline",1315251-11-6,1315251-11-6,True,True,C[C@H]1C(C2=C(C1(C)C)C3=NC=NC=C3CC2)(C)C,C[C@H]1C(C)(C)C2=C(c3ncncc3CC2)C1(C)C,True,musk;balsamic;orris;floral
MOL_000695,Undecadienal,13162-46-4,13162-46-4,True,True,CCCCCC/C=C/C=C/C=O,CCCCCC/C=C/C=C/C=O,True,green;oily;fatty;chicken;buttery
MOL_000696,musk dimethyl indane,13171-00-1,13171-00-1,True,True,CC(=O)C1=CC(=CC2=C1CCC2(C)C)C(C)(C)C,CC(=O)c1cc(C(C)(C)C)cc2c1CCC2(C)C,True,animal;musk;woody
MOL_000697,clary propyl acetate,131766-73-9,131766-73-9,True,True,CCCC1CC(CCO1)(C)OC(=O)C,CCCC1CC(C)(OC(C)=O)CCO1,True,herbal;spicy;tea;fruity;floral
MOL_000698,woody dioxolane,131812-67-4,131812-67-4,True,True,CC1COC(O1)(C)C2=CC3=C(C=C2)C(CCC3(C)C)(C)C,CC1COC(C)(c2ccc3c(c2)C(C)(C)CCC3(C)C)O1,True,dry;balsamic;woody;orris;musk
MOL_000699,Vanillyl ethyl ether,13184-86-6,13184-86-6,True,True,CCOCc1ccc(O)c(OC)c1,CCOCc1ccc(O)c(OC)c1,True,phenolic;sweet
MOL_000700,Benzaldehyde glyceryl acetal,1319-88-6,1319-88-6,True,True,OCC(O)/C(O)=C/c1ccccc1,OCC(O)/C(O)=C/c1ccccc1,True,almond
MOL_000701,Ethyl aconitate (mixed esters),1321-30-8,1321-30-8,True,True,CCOC(=O)C/C(=C/C(=O)O)C(=O)O,CCOC(=O)C/C(=C/C(=O)O)C(=O)O,True,caramellic;fruity;winey;sweet;rum
MOL_000702,isodecanal,1321-89-7,1321-89-7,True,True,CC(C)CCCCCCC=O,CC(C)CCCCCCC=O,True,sweet;floral;rose;lemon;citrus
MOL_000703,Megastigmatrienone,13215-88-8,13215-88-8,True,True,C/C=C/C=C1\C(C)=CC(=O)CC1(C)C,C/C=C/C=C1\C(C)=CC(=O)CC1(C)C,True,hay;fruity;tobacco;woody;dry
MOL_000704,jasmin acetate,1322-17-4,1322-17-4,True,True,CCCCCCC(CCO)O.CCCCCCC(CCOC(=O)C)OC(=O)C,CCCCCCC(CCOC(C)=O)OC(C)=O.CCCCCCC(O)CCO,True,fresh;sweet;oily;floral;jasmine
MOL_000705,floral undecenone,1322-58-3,1322-58-3,True,True,CC(C)CCCC(C)C/C=C/C(=O)C,CC(=O)/C=C/CC(C)CCCC(C)C,True,sweet;floral;balsamic;rose;woody;dry
MOL_000706,santalyl phenyl acetate,1323-75-7,1323-75-7,True,True,CC(COC(=O)Cc1ccccc1)=CCCC3(C)C(=C)C2CC3CC2,C=C1C2CCC(C2)C1(C)CCC=C(C)COC(=O)Cc1ccccc1,True,honey;floral;woody
MOL_000707,Diethylpyrazine,13238-84-1,13238-84-1,True,True,CCc1cnc(CC)cn1,CCc1cnc(CC)cn1,True,earthy;nutty;cocoa;musty
MOL_000708,Ethyl dioxohexanoate,13246-52-1,13246-52-1,True,True,CCOC(=O)C(=O)CC(=O)CC,CCOC(=O)C(=O)CC(=O)CC,True,caramellic;fruity;burnt;floral
MOL_000709,Dimethylheptanol,13254-34-7,13254-34-7,True,True,CC(C)CCCC(C)(C)O,CC(C)CCCC(C)(C)O,True,citrus;fresh;floral
MOL_000710,2-nonyn-1-al dimethyl acetal,13257-44-8,13257-44-8,True,True,CCCCCCC#CC(OC)OC,CCCCCCC#CC(OC)OC,True,fresh;green;violet;leafy;sweet
MOL_000711,Isobutanal diisobutyl acetal,13262-24-3,13262-24-3,True,True,CC(C)COC(OCC(C)C)C(C)C,CC(C)COC(OCC(C)C)C(C)C,True,alcoholic;ethereal;malty;green;cocoa;fermented
MOL_000712,Valeraldehyde diisobutyl acetal,13262-27-6,13262-27-6,True,True,CCCCC(OCC(C)C)OCC(C)C,CCCCC(OCC(C)C)OCC(C)C,True,green;fermented;alcoholic
MOL_000713,4-ethyl heptanoic acid,132735-95-6,132735-95-6,True,True,O=C(O)CCC(CCC)CC,CCCC(CC)CCC(=O)O,True,dairy
MOL_000714,Isovaleraldehyde diisoamyl acetal,13285-51-3,13285-51-3,True,True,CC(C)CCOC(CC(C)C)OCCC(C)C,CC(C)CCOC(CC(C)C)OCCC(C)C,True,alcoholic;malty;green;cocoa;fermented
MOL_000715,phenethyl anthranilate,133-18-6,133-18-6,True,True,C1=CC=C(C=C1)CCOC(=O)C2=CC=CC=C2N,Nc1ccccc1C(=O)OCCc1ccccc1,True,sweet;floral;rose;grape;orange;orris;honey
MOL_000716,"Tartaric acid (d-, l-, dl-, meso)",133-37-9,133-37-9,True,True,O=C(O)C(O)C(O)C(=O)O,O=C(O)C(O)C(O)C(=O)O,True,odorless
MOL_000717,Propylene glycol monoacetate,1331-12-0,1331-12-0,True,True,CC(=O)OCC(C)O,CC(=O)OCC(C)O,True,fruity;ethereal
MOL_000718,Ethyl methylthiopropionate,13327-56-5,13327-56-5,True,True,CCOC(=O)CCSC,CCOC(=O)CCSC,True,fruity;caramellic;pineapple
MOL_000719,tetrahydrogeraniol,1333-49-9,1333-49-9,True,True,CC(C)CCCC(C)CCO,CC(C)CCCC(C)CCO,True,sweet;rose;leathery;musty;solvent
MOL_000720,4-isopropyl quinoline,1333-53-5,1333-53-5,True,True,CC(C)C1=CC=NC2=CC=CC=C12,CC(C)c1ccnc2ccccc12,True,green;metallic;earthy;leafy
MOL_000721,isobutyl quinoline,1333-58-0,1333-58-0,True,True,CC(C)CC1=CC=NC2=CC=CC=C12,CC(C)Cc1ccnc2ccccc12,True,leathery;animal;herbal;green
MOL_000722,methyl furoate,1334-76-5,1334-76-5,True,True,COC(=O)C1=COC=C1,COC(=O)c1ccoc1,True,berry;fruity;winey
MOL_000723,Amyl furoate,1334-82-3,1334-82-3,True,True,CCCCCOC(=O)c1ccco1,CCCCCOC(=O)c1ccco1,True,caramellic;fruity;fermented;herbal;winey;sweet
MOL_000724,Mintlactone,13341-72-5,13341-72-5,True,True,CC1=C2CCC(C)CC2OC1=O,CC1=C2CCC(C)CC2OC1=O,True,coconut;sweet;coumarinic
MOL_000725,Propionylpyrroline,133447-37-7,133447-37-7,True,True,CCC(=O)N1C=CCC1,CCC(=O)N1C=CCC1,True,nutty;bread;popcorn;roasted
MOL_000726,homocuminic aldehyde,1335-44-0,1335-44-0,True,True,CC(C)C1=CC=CC(=C1)CC=O,CC(C)c1cccc(CC=O)c1,True,green;woody;leafy;floral
MOL_000727,Methyl ionone (isomers not specified  - see comments),1335-46-2,1335-46-2,True,True,CCC(=O)/C=C/C1C(C)=CCCC1(C)C,CCC(=O)/C=C/C1C(C)=CCCC1(C)C,True,oily;violet;orris;woody;floral;sweet
MOL_000728,muguet propanol,13351-61-6,13351-61-6,True,True,CC(C)(CC1=CC=CC=C1)CO,CC(C)(CO)Cc1ccccc1,True,floral;woody
MOL_000729,Ethylmethylpyrazine,13360-64-0,13360-64-0,True,True,CCc1cnc(C)cn1,CCc1cnc(C)cn1,True,roasted;green;nutty;cocoa;coffee
MOL_000730,Ethyldimethylpyrazine,13360-65-1,13360-65-1,True,True,CCc1nc(C)cnc1C,CCc1nc(C)cnc1C,True,nutty;cocoa;burnt;almond;chocolate
MOL_000731,undecenal mixture (aldehyde C-11 mixed),1337-83-3,1337-83-3,True,True,CC=CCCCCCCCC=O,CC=CCCCCCCCC=O,True,fresh;green;aldehydic;rose
MOL_000732,Sorbitan monostearate,1338-41-6,1338-41-6,True,True,CCCCCCCCCCCCCCCCCC(=O)OCC(O)[C@H]1OC[C@@H](O)[C@@H]1O,CCCCCCCCCCCCCCCCCC(=O)OCC(O)[C@H]1OC[C@@H](O)[C@@H]1O,True,oily;waxy
MOL_000733,Hydroxymethylthienylethanone,133860-42-1,133860-42-1,True,True,O=C(CCO)c1cccs1,O=C(CCO)c1cccs1,True,caramellic;meaty;roasted;burnt
MOL_000734,"octahydro-4,7-methano-1H-indene-5-acetaldehyde",1339119-15-1,1339119-15-1,True,True,C1CC2C(C1)C3CC2CC3CC=O,O=CCC1CC2CC1C1CCCC21,True,floral;green;fresh;fruity
MOL_000735,menthyl anthranilate,134-09-8,134-09-8,True,True,CC1CCC(C(C1)OC(=O)C2=CC=CC=C2N)C(C)C,CC1CCC(C(C)C)C(OC(=O)c2ccccc2N)C1,True,grape;mint
MOL_000736,Methyl anthranilate,134-20-3,134-20-3,True,True,COC(=O)c1ccccc1N,COC(=O)c1ccccc1N,True,grape;musty
MOL_000737,Guaiol acetate,134-28-1,134-28-1,True,True,CC(=O)OC(C)(C)[C@@H]1CC[C@H](C)C2=C(C1)[C@@H](C)CC2,CC(=O)OC(C)(C)[C@@H]1CC[C@H](C)C2=C(C1)[C@@H](C)CC2,True,rose;earthy;tea;woody;floral;sweet
MOL_000738,Syringic aldehyde,134-96-3,134-96-3,True,True,COc1cc(C=O)cc(OC)c1O,COc1cc(C=O)cc(OC)c1O,True,smoky;vanilla;balsamic;floral;sweet
MOL_000739,floral nitrile,134123-93-6,134123-93-6,True,True,CCC1=CC=C(C=C1)CC(C)(C)C#N,CCc1ccc(CC(C)(C)C#N)cc1,True,fresh;anisic;herbal
MOL_000740,Butyl hexenoate,13416-74-5,13416-74-5,True,True,CCCC=CC(=O)OCCCC,CCCC=CC(=O)OCCCC,True,green;fruity;apple;banana
MOL_000741,(E)-2-hexenoic acid,13419-69-7,13419-69-7,True,True,CCC/C=C/C(=O)O,CCC/C=C/C(=O)O,True,fruity;sweet;warm;herbal
MOL_000742,Isovaleraldehyde di-isobutyl acetal,13439-98-0,13439-98-0,True,True,CC(C)COC(CC(C)C)OCC(C)C,CC(C)COC(CC(C)C)OCC(C)C,True,alcoholic;malty;green;cocoa;fermented
MOL_000743,Acetaldehyde ethyl 3-methylbutyl acetal,13442-90-5,13442-90-5,True,True,CCOCCOCCC(C)C,CCOCCOCCC(C)C,True,alcoholic;ethereal;green;nutty;cognac;pungent
MOL_000744,Acetaldehyde amyl isoamyl acetal,13442-92-7,13442-92-7,True,True,CCCCCOC(C)OCCC(C)C,CCCCCOC(C)OCCC(C)C,True,vegetable;alcoholic;ethereal;green;cognac
MOL_000745,Carene,13466-78-9,13466-78-9,True,True,CC1=CCC2C(C1)C2(C)C,CC1=CCC2C(C1)C2(C)C,True,fresh;sweet
MOL_000746,(E)-alpha-bergamotene,13474-59-4,13474-59-4,True,True,C/C(C)=C\CC[C@]2(C)[C@@H]1C[C@H]2C(/C)=C\C1,CC(C)=CCC[C@]1(C)[C@H]2CC=C(C)[C@@H]1C2,True,woody;warm;tea
MOL_000747,tangerine nitrile,134769-33-8,134769-33-8,True,True,C=CCCCCCCC/C=C/CC#N,C=CCCCCCCC/C=C/CC#N,True,sweet;citrus;aldehydic;fresh
MOL_000748,dihydrorose oxide,13477-62-8,13477-62-8,True,True,CC1CCOC(C1)CC(C)C,CC(C)CC1CC(C)CCO1,True,rose;floral;green;herbal;metallic
MOL_000749,Methyl nonenoate,13481-87-3,13481-87-3,True,True,CCCCC/C=C/CC(=O)OC,CCCCC/C=C/CC(=O)OC,True,green;fruity;fatty;pear
MOL_000750,Butylcyclohexanol,13491-79-7,13491-79-7,True,True,CC(C)(C)C1CCCCC1O,CC(C)(C)C1CCCCC1O,True,pine;camphoreous;mint
MOL_000751,Furfuryl formate,13493-97-5,13493-97-5,True,True,O=COCc1ccco1,O=COCc1ccco1,True,ethereal;nutty;coffee;bread
MOL_000752,Dimethylcyclopentadione,13494-06-9,13494-06-9,True,True,CC1CC(=O)C(=O)C1C,CC1CC(=O)C(=O)C1C,True,caramellic;burnt
MOL_000753,Dimethylcyclopentadione,13494-07-0,13494-07-0,True,True,CC1CC(C)C(=O)C1=O,CC1CC(C)C(=O)C1=O,True,caramellic;nutty
MOL_000754,"3-ethyl-1,2-cyclopentadione",13494-08-1,13494-08-1,True,True,CCC1CCC(=O)C1=O,CCC1CCC(=O)C1=O,True,sweet;caramellic
MOL_000755,Decadienal,134998-59-7,134998-59-7,True,True,CCCCCC=CC=CC=O,CCCCCC=CC=CC=O,True,fatty;melon
MOL_000756,Methoxybenzaldehyde,135-02-4,135-02-4,True,True,COc1ccccc1C=O,COc1ccccc1C=O,True,spicy;cinnamon;almond;sweet
MOL_000757,isopropyl quinoline,135-79-5,135-79-5,True,True,CC(C)C1=CC2=C(C=C1)N=CC=C2,CC(C)c1ccc2ncccc2c1,True,green;metallic;earthy;leafy;woody;phenolic;nutty
MOL_000758,Furfural diethyl acetal,13529-27-6,13529-27-6,True,True,CCOC(OCC)c1ccco1,CCOC(OCC)c1ccco1,True,fruity;burnt;bread;aromatic
MOL_000759,Methyl methylthiopropionate,13532-18-8,13532-18-8,True,True,COC(=O)CCSC,COC(=O)CCSC,True,radish;green;fruity;tropical;cabbage;onion
MOL_000760,Acetaldehyde methylbutyl isoamyl acetal,13548-84-0,13548-84-0,True,True,CCCC(C)OC(C)OCCC(C)C,CCCC(C)OC(C)OCCC(C)C,True,alcoholic;ethereal;green;nutty;cognac
MOL_000761,Tridecadienal,13552-95-9,13552-95-9,True,True,CCCCCCCCC=CC=CC=O,CCCCCCCCC=CC=CC=O,True,floral;fatty;waxy;herbal
MOL_000762,Tridecatrienal,13552-96-0,13552-96-0,True,True,CCCCC/C=C\C/C=C\C=C\C=O,CCCCC/C=C\C/C=C\C=C\C=O,True,fishy;metallic;fresh
MOL_000763,Dodecadienal,13553-09-8,13553-09-8,True,True,CCCCCCCC=CC=CC=O,CCCCCCCC=CC=CC=O,True,fatty;chicken
MOL_000764,"(-)-(E,R)-filbertone",135910-94-0,135910-94-0,True,True,CC[C@@H](C)C(=O)/C=C/C,C/C=C/C(=O)[C@H](C)CC,True,hazelnut;ethereal;buttery;chocolate;metallic;nutty
MOL_000765,Butyl benzoate,136-60-7,136-60-7,True,True,CCCCOC(=O)c1ccccc1,CCCCOC(=O)c1ccccc1,True,woody;fruity;balsamic;spicy
MOL_000766,Acetaldehyde ethyl 2-methylbutyl acetal,13602-09-0,13602-09-0,True,True,CCOC(C)OCC(C)CC,CCOC(C)OCC(C)CC,True,alcoholic;ethereal;green;nutty;cognac;pungent
MOL_000767,Ethyl methylthiopropenoate,136115-65-6,136115-65-6,True,True,C=C(C)C(=S)OCC,C=C(C)C(=S)OCC,True,sour;fruity;onion;grape;sulfurous;plum;sweet
MOL_000768,Trimethylthiazole,13623-11-5,13623-11-5,True,True,Cc1nc(C)c(C)s1,Cc1nc(C)c(C)s1,True,nutty;cocoa;hazelnut;coffee;herbal;chocolate
MOL_000769,Linalool oxide,1365-19-1,1365-19-1,True,True,CC(C)=CCCC(C)(O)C1CO1,CC(C)=CCCC(C)(O)C1CO1,True,creamy;fresh;woody;floral;sweet;mint
MOL_000770,Ethyl formyloxydecanoate,1367348-37-5,1367348-37-5,True,True,CCCCCCCCC(OC=O)C(=O)OCC,CCCCCCCCC(OC=O)C(=O)OCC,True,dairy
MOL_000771,Furfurylmethylfuran,13678-51-8,13678-51-8,True,True,c1coc(CCc2ccco2)c1,c1coc(CCc2ccco2)c1,True,aromatic;burnt;roasted;metallic
MOL_000772,Methylthiobutanone,13678-58-5,13678-58-5,True,True,CCC(=O)CSC,CCC(=O)CSC,True,garlic;mushroom
MOL_000773,Methylmethylthiofuran,13678-59-6,13678-59-6,True,True,CSc1ccc(C)o1,CSc1ccc(C)o1,True,sulfurous;burnt
MOL_000774,Furfuryl methylbutanoate,13678-60-9,13678-60-9,True,True,CC(C)CC(=O)OCc1ccco1,CC(C)CC(=O)OCc1ccco1,True,ripe;fruity;berry
MOL_000775,Furfuryl methylbutyrate,13678-61-0,13678-61-0,True,True,CCC(C)C(=O)OCc1ccco1,CCC(C)C(=O)OCc1ccco1,True,fruity
MOL_000776,Bisfurfuryl sulfide,13678-67-6,13678-67-6,True,True,c1coc(CSCc2ccco2)c1,c1coc(CSCc2ccco2)c1,True,roasted;meaty;earthy;savory;burnt;coffee;mushroom
MOL_000777,Furfuryl thioacetate,13678-68-7,13678-68-7,True,True,CC(=O)SCc1ccco1,CC(=O)SCc1ccco1,True,roasted;alliaceous;garlic;savory;burnt;coffee
MOL_000778,"1-(2-thienyl)-1,2-propane dione",13678-69-8,13678-69-8,True,True,CC(=O)C(=O)C1=CC=CS1,CC(=O)C(=O)c1cccs1,True,caramellic;woody
MOL_000779,Furfuryl methyl ether,13679-46-4,13679-46-4,True,True,COCc1ccco1,COCc1ccco1,True,coffee
MOL_000780,Methyl methylfurfuryl sulfide,13679-60-2,13679-60-2,True,True,CSC(C)c1ccco1,CSC(C)c1ccco1,True,onion;coffee
MOL_000781,Methyl thiofuroate,13679-61-3,13679-61-3,True,True,CSC(=O)c1ccco1,CSC(=O)c1ccco1,True,cabbage;onion;dairy;cheesy
MOL_000782,Methylthiophencarboxaldehyde,13679-70-4,13679-70-4,True,True,Cc1ccc(C=O)s1,Cc1ccc(C=O)s1,True,cherry;almond
MOL_000783,2-acetyl-3-methyl thiophene,13679-72-6,13679-72-6,True,True,CC1=C(SC=C1)C(=O)C,CC(=O)c1sccc1C,True,phenolic;mint;almond;floral
MOL_000784,Acetylmethylthiophene,13679-74-8,13679-74-8,True,True,CC(=O)c1ccc(C)s1,CC(=O)c1ccc(C)s1,True,vanilla;nutty;sweet;almond;cherry;coumarinic
MOL_000785,2-propanoyl thiophene,13679-75-9,13679-75-9,True,True,CCC(=O)C1=CC=CS1,CCC(=O)c1cccs1,True,creamy;caramellic
MOL_000786,4-methyl-2-propionyl thiazole,13679-83-9,13679-83-9,True,True,Cc1csc(n1)C(=O)CC,CCC(=O)c1nc(C)cs1,True,green;fruity
MOL_000787,Methyltetrahydrothiophenone,13679-85-1,13679-85-1,True,True,CC1SCCC1=O,CC1SCCC1=O,True,fruity;catty;burnt;black currant;berry;sulfurous
MOL_000788,Isopropenylmethylvinyltetrahydrofuran,13679-86-2,13679-86-2,True,True,C=CC1(C)CCC(C(=C)C)O1,C=CC1(C)CCC(C(=C)C)O1,True,pine;fresh;herbal;mint
MOL_000789,Mercaptohexyl acetate,136954-20-6,136954-20-6,True,True,CCCC(S)CCOC(C)=O,CCCC(S)CCOC(C)=O,True,fruity;tropical;black currant;sulfurous;grapefruit
MOL_000790,Mercaptohexyl butyrate,136954-21-7,136954-21-7,True,True,CCCC(=O)OCCC(S)CCC,CCCC(=O)OCCC(S)CCC,True,ripe;fruity;tropical;catty;sulfurous
MOL_000791,Mercaptohexyl hexanoate,136954-22-8,136954-22-8,True,True,CCCCCC(=O)OCCC(S)CCC,CCCCCC(=O)OCCC(S)CCC,True,fruity;tropical;black currant;sulfurous;grapefruit
MOL_000792,Acetylthiohexyl acetate,136954-25-1,136954-25-1,True,True,CC(=O)OCCCCCCSC(C)=O,CC(=O)OCCCCCCSC(C)=O,True,sulfurous;fruity;tropical
MOL_000793,Sulfurol,137-00-8,137-00-8,True,True,Cc1ncsc1CCO,Cc1ncsc1CCO,True,nutty;beefy;meaty
MOL_000794,fleuramone (IFF),137-03-1,137-03-1,True,True,CCCCCCCC1CCCC1=O,CCCCCCCC1CCCC1=O,True,fresh;fruity;peach;jasmine;oily;tropical
MOL_000795,Toluenethiol,137-06-4,137-06-4,True,True,Cc1ccccc1S,Cc1ccccc1S,True,roasted;meaty;burnt;brothy;phenolic;smoky
MOL_000796,Methylbutanol,137-32-6,137-32-6,True,True,CCC(C)CO,CCC(C)CO,True,alcoholic;solvent;ethereal;fermented;winey
MOL_000797,Methylhexanedione,13706-86-0,13706-86-0,True,True,CC(=O)C(=O)CC(C)C,CC(=O)C(=O)CC(C)C,True,oily;buttery
MOL_000798,trans-1-ethyl-2-methyl propyl 2-butenoate,1370711-06-0,1370711-06-0,True,True,CCC(C(C)C)OC(=O)/C=C/C,C/C=C/C(=O)OC(CC)C(C)C,True,fruity;woody;sweet;fresh
MOL_000799,Methylquinoxaline,13708-12-8,13708-12-8,True,True,Cc1cccc2nccnc12,Cc1cccc2nccnc12,True,nutty;burnt;roasted
MOL_000800,methyl beta-ionyl acetate,137085-37-1,137085-37-1,True,True,CC[C@@H](/C=C/C1=C(CCCC1(C)C)C)OC(=O)C,CC[C@@H](/C=C/C1=C(C)CCCC1(C)C)OC(C)=O,True,berry
MOL_000801,dihydro-gamma-ionone,13720-12-2,13720-12-2,True,True,CC(=O)CCC1C(=C)CCCC1(C)C,C=C1CCCC(C)(C)C1CCC(C)=O,True,warm;woody;earthy;musk;tobacco;balsamic;violet
MOL_000802,(+)-2-ethyl fenchol,137255-07-3,137255-07-3,True,True,CC[C@]1([C@@]2(CC[C@@H](C2)C1(C)C)C)O,CC[C@]1(O)C(C)(C)[C@H]2CC[C@]1(C)C2,True,earthy
MOL_000803,Cubebene,13744-15-5,13744-15-5,True,True,C=C1CC[C@]23[C@H]1[C@H]2[C@H](C(C)C)CC[C@H]3C,C=C1CC[C@@]23[C@@H]([C@@H]12)[C@H](C(C)C)CC[C@H]3C,True,citrus;green;fruity;herbal;woody
MOL_000804,Diallyl hexasulfide,137443-18-6,137443-18-6,True,True,C=CCSSSSSSCC=C,C=CCSSSSSSCC=C,True,roasted;alliaceous;garlic;savory;onion;sulfurous
MOL_000805,(E)-woody epoxide,13786-79-3,13786-79-3,True,True,C/C/1=C\CCC2(C(O2)CC/C(=C/CC1)/C)C,C/C1=C\CCC2(C)OC2CC/C(C)=C/CC1,True,woody;balsamic
MOL_000806,3-[(4R)-4-(propan-2-yl)cyclohex-1-en-1-yl]propanal,1378867-81-2,1378867-81-2,True,True,CC(C)C1CCC(=CC1)CCC=O,CC(C)C1CC=C(CCC=O)CC1,True,floral;aldehydic;green
MOL_000807,(R)-cedralone,13794-73-5,13794-73-5,True,True,CC1CCC2C13CC(C2(C)C)C(C(=O)C3)C,CC1C(=O)CC23CC1C(C)(C)C2CCC3C,True,woody
MOL_000808,Butyl lactate,138-22-7,138-22-7,True,True,CCCCOC(=O)C(C)O,CCCCOC(=O)C(C)O,True,caramellic;sweet;buttery
MOL_000809,Rhodinyl isobutyrate,138-23-8,138-23-8,True,True,C=C(C)CCCC(C)CCOC(=O)C(C)C,C=C(C)CCCC(C)CCOC(=O)C(C)C,True,fruity;rose;floral;sweet
MOL_000810,Limonene,138-86-3,138-86-3,True,True,C=C(C)C1CC=C(C)CC1,C=C(C)C1CC=C(C)CC1,True,citrus;gasoline
MOL_000811,Terpineol,138-87-4,138-87-4,True,True,C=C(C)C1CCC(C)(O)CC1,C=C(C)C1CCC(C)(O)CC1,True,sour;herbal;woody;sweet
MOL_000812,cuminyl nitrile,13816-33-6,13816-33-6,True,True,CC(C)C1=CC=C(C=C1)C#N,CC(C)c1ccc(C#N)cc1,True,spicy;dry;green
MOL_000813,cis-muguet shiseol,13828-37-0,13828-37-0,True,True,CC(C)[C@H]1CC[C@@H](CO)CC1,CC(C)[C@H]1CC[C@@H](CO)CC1,True,fresh;floral;spicy;grassy
MOL_000814,Fenchyl acetate,13851-11-1,13851-11-1,True,True,CC(=O)OC1C(C)(C)[C@@H]2CC[C@@]1(C)C2,CC(=O)OC1C(C)(C)[C@@H]2CC[C@@]1(C)C2,True,sweet
MOL_000815,Ocimene,13877-91-3,13877-91-3,True,True,C=C/C(C)=C/CC=C(C)C,C=C/C(C)=C/CC=C(C)C,True,citrus;anisic
MOL_000816,caryophyllene,13877-93-5,13877-93-5,True,True,C/C/1=C/CCC(=C)C2CC(C2CC1)(C)C,C=C1CC/C=C(/C)CCC2C1CC2(C)C,True,sweet;woody;spicy;dry;pine
MOL_000817,Hexyldecenal,13893-39-5,13893-39-5,True,True,CCCCCCCC=C(C=O)CCCCCC,CCCCCCCC=C(C=O)CCCCCC,True,orange;metallic
MOL_000818,methyl (E)-3-hexenoate,13894-61-6,13894-61-6,True,True,CC/C=C/CC(=O)OC,CC/C=C/CC(=O)OC,True,green;honey;fruity;floral;woody;tropical;pineapple;sharp;sweet;fresh;apple;pear
MOL_000819,Methyl hexenoate,13894-62-7,13894-62-7,True,True,CCCC=CC(=O)OC,CCCC=CC(=O)OC,True,green;fruity;pineapple
MOL_000820,methyl (E)-2-hexenoate,13894-63-8,13894-63-8,True,True,CCC/C=C/C(=O)OC,CCC/C=C/C(=O)OC,True,fruity;green;banana;honey
MOL_000821,Glyceryl tripropanoate,139-45-7,139-45-7,True,True,CCC(=O)OCC(COC(=O)CC)OC(=O)CC,CCC(=O)OCC(COC(=O)CC)OC(=O)CC,True,fruity;sour
MOL_000822,Citronellyl phenylacetate,139-70-8,139-70-8,True,True,CC(C)=CCCC(C)CCOC(=O)Cc1ccccc1,CC(C)=CCCC(C)CCOC(=O)Cc1ccccc1,True,honey;rose;waxy;sweet
MOL_000823,Protocatecuic aldehyde,139-85-5,139-85-5,True,True,O=Cc1ccc(O)c(O)c1,O=Cc1ccc(O)c(O)c1,True,medicinal;burnt
MOL_000824,Ethylpyrazine,13925-00-3,13925-00-3,True,True,CCc1cnccn1,CCc1cnccn1,True,nutty;musty;buttery
MOL_000825,Ethylmethylpyrazine,13925-03-6,13925-03-6,True,True,CCc1cncc(C)n1,CCc1cncc(C)n1,True,potato;hazelnut;cocoa;roasted
MOL_000826,Isopropylmethylpyrazine,13925-05-8,13925-05-8,True,True,Cc1cnc(C(C)C)cn1,Cc1cnc(C(C)C)cn1,True,roasted;green;earthy;nutty;coffee
MOL_000827,Isobutylmethylpyrazine,13925-06-9,13925-06-9,True,True,Cc1nccnc1CC(C)C,Cc1nccnc1CC(C)C,True,earthy;vegetable;herbal
MOL_000828,"3,5-cocoa pyrazine",13925-07-0,13925-07-0,True,True,CCC1=NC=C(N=C1C)C,CCc1ncc(C)nc1C,True,burnt;almond;roasted;nutty;coffee;caramellic;musty;cocoa
MOL_000829,Methylvinylpyrazine,13925-08-1,13925-08-1,True,True,C=Cc1cnc(C)cn1,C=Cc1cnc(C)cn1,True,coffee
MOL_000830,amber butanol,139504-68-0,139504-68-0,True,True,CCC(COC1CCCCC1C(C)(C)C)O,CCC(O)COC1CCCCC1C(C)(C)C,True,woody;balsamic;musk
MOL_000831,Butylamine,13952-84-6,13952-84-6,True,True,CCC(C)N,CCC(C)N,True,ripe;fishy;cheesy
MOL_000832,Methyl acetoxymethylbutyrate,139564-42-4,139564-42-4,True,True,CCC(COC(C)=O)C(=O)OC,CCC(COC(C)=O)C(=O)OC,True,fruity;tropical;burnt;pineapple
MOL_000833,Ethyl acetoxymethylbutyrate,139564-43-5,139564-43-5,True,True,CCOC(=O)C(CC)COC(C)=O,CCOC(=O)C(CC)COC(C)=O,True,fruity;apple;pineapple;tropical
MOL_000834,Pentenoic acid,13991-37-2,13991-37-2,True,True,CC/C=C/C(=O)O,CC/C=C/C(=O)O,True,fruity;caramellic;sour;cheesy
MOL_000835,(E)-cinnamic acid,140-10-3,140-10-3,True,True,C1=CC=C(C=C1)/C=C/C(=O)O,O=C(O)/C=C/c1ccccc1,True,balsamic;sweet
MOL_000836,Benzyl acetate,140-11-4,140-11-4,True,True,CC(=O)OCc1ccccc1,CC(=O)OCc1ccccc1,True,fruity;jasmine;floral;sweet
MOL_000837,Benzyl dodecanoate,140-25-0,140-25-0,True,True,CCCCCCCCCCCC(=O)OCc1ccccc1,CCCCCCCCCCCC(=O)OCc1ccccc1,True,fatty
MOL_000838,Phenethyl isovalerate,140-26-1,140-26-1,True,True,CC(C)CC(=O)OCCc1ccccc1,CC(C)CC(=O)OCCc1ccccc1,True,fruity;balsamic;rose
MOL_000839,Cinnamyl isovalerate,140-27-2,140-27-2,True,True,CC(C)CC(=O)OC/C=C/c1ccccc1,CC(C)CC(=O)OC/C=C/c1ccccc1,True,green;floral;rose;herbal
MOL_000840,Tolyl acetate,140-39-6,140-39-6,True,True,CC(=O)Oc1ccc(C)cc1,CC(=O)Oc1ccc(C)cc1,True,floral;animal
MOL_000841,Estragole,140-67-0,140-67-0,True,True,C=CCc1ccc(OC)cc1,C=CCc1ccc(OC)cc1,True,anisic;sweet;herbal
MOL_000842,Ethyl acrylate,140-88-5,140-88-5,True,True,C=CC(=O)OCC,C=CC(=O)OCC,True,rum;sharp
MOL_000843,(Z)-linalool oxide (pyranoid),14009-71-3,14009-71-3,True,True,CC1(CC[C@@H]([C@](O1)(C)C=C)O)C,C=C[C@]1(C)OC(C)(C)CC[C@@H]1O,True,citrus;green
MOL_000844,Ethyl heptadecanoate,14010-23-2,14010-23-2,True,True,CCCCCCCCCCCCCCCCC(=O)OCC,CCCCCCCCCCCCCCCCC(=O)OCC,True,oily;fatty;waxy
MOL_000845,Linalool oxide (pyranoid),14049-11-7,14049-11-7,True,True,C=CC1(C)CCC(O)C(C)(C)O1,C=CC1(C)CCC(O)C(C)(C)O1,True,earthy;creamy;fresh;floral
MOL_000846,cedrenyl acetate,1405-92-1,1405-92-1,True,True,C[C@@H]1CC[C@@H]2[C@]13CC=C([C@H](C3)C2(C)C)COC(=O)C,CC(=O)OCC1=CC[C@@]23C[C@@H]1C(C)(C)[C@@H]2CC[C@H]3C,True,sharp;dry;woody;nutty;waxy
MOL_000847,Ethyldimethoxyphenol,14059-92-8,14059-92-8,True,True,CCc1cc(OC)c(O)c(OC)c1,CCc1cc(OC)c(O)c(OC)c1,True,phenolic;smoky;burnt;spicy
MOL_000848,Ethyl butylphenylacetate,14062-22-7,14062-22-7,True,True,CCCCC(C(=O)OCC)c1ccccc1,CCCCC(C(=O)OCC)c1ccccc1,True,creamy;green;fruity;milky;honey;sweet
MOL_000849,(-)-menthone,14073-97-3,14073-97-3,True,True,C[C@@H]1CC[C@H](C(=O)C1)C(C)C,CC(C)[C@@H]1CC[C@@H](C)CC1=O,True,mint;herbal;camphoreous;sweet;fresh;green;anisic
MOL_000850,Dibutyl succinate,141-03-7,141-03-7,True,True,CCCCOC(=O)CCC(=O)OCCCC,CCCCOC(=O)CCC(=O)OCCCC,True,fruity;winey;fermented
MOL_000851,Diisobutyl adipate,141-04-8,141-04-8,True,True,CC(C)COC(=O)CCCCC(=O)OCC(C)C,CC(C)COC(=O)CCCCC(=O)OCC(C)C,True,odorless
MOL_000852,Diethyl maleate,141-05-9,141-05-9,True,True,CCOC(=O)/C=C\C(=O)OCC,CCOC(=O)/C=C\C(=O)OCC,True,fruity;apple;winey
MOL_000853,Propyl valerate,141-06-0,141-06-0,True,True,CCCCC(=O)OCCC,CCCCC(=O)OCCC,True,apple;ethereal;fruity;pineapple;winey
MOL_000854,Rhodinyl formate,141-09-3,141-09-3,True,True,C=C(C)CCCC(C)CCOC=O,C=C(C)CCCC(C)CCOC=O,True,rose;green;fruity;fresh;leafy
MOL_000855,Pseudoionone,141-10-6,141-10-6,True,True,CC(=O)/C=C/C=C(\C)CCC=C(C)C,CC(=O)/C=C/C=C(\C)CCC=C(C)C,True,fruity;berry;orris;tea;woody;floral;sweet
MOL_000856,Rhodinyl acetate,141-11-7,141-11-7,True,True,C=C(C)CCCC(C)CCOC(C)=O,C=C(C)CCCC(C)CCOC(C)=O,True,fruity;fresh;rose
MOL_000857,Neryl acetate,141-12-8,141-12-8,True,True,CC(=O)OC/C=C(/C)CCC=C(C)C,CC(=O)OC/C=C(/C)CCC=C(C)C,True,fruity;floral;sweet
MOL_000858,Adoxal (Givaudan),141-13-9,141-13-9,True,True,CC(C)=CCCC(C)CCCC(C)C=O,CC(C)=CCCC(C)CCCC(C)C=O,True,rose;fresh;aldehydic;floral
MOL_000859,Citronellyl propionate,141-14-0,141-14-0,True,True,CCC(=O)OCCC(C)CCC=C(C)C,CCC(=O)OCCC(C)CCC=C(C)C,True,fruity;rose;sweet
MOL_000860,Rhodinyl butyrate,141-15-1,141-15-1,True,True,C=C(C)CCCC(C)CCOC(=O)CCC,C=C(C)CCCC(C)CCOC(=O)CCC,True,fruity;rose;sweet
MOL_000861,citronellyl butyrate,141-16-2,141-16-2,True,True,CCCC(=O)OCCC(C)CCC=C(C)C,CCCC(=O)OCCC(C)CCC=C(C)C,True,sweet;fruity;floral;tropical;green;waxy;citrus;woody
MOL_000862,rhodinol,141-25-3,141-25-3,True,True,CC(CCC=C(C)C)CCO,CC(C)=CCCC(C)CCO,True,floral;rose;spicy;waxy;orris;sweet;fatty;citrus;fresh;lemon
MOL_000863,(E)-citral,141-27-5,141-27-5,True,True,CC(=CCC/C(=C/C=O)/C)C,CC(C)=CCC/C(C)=C/C=O,True,citrus;lemon
MOL_000864,Diethyl adipate,141-28-6,141-28-6,True,True,CCOC(=O)CCCCC(=O)OCC,CCOC(=O)CCCCC(=O)OCC,True,oily;fruity;winey
MOL_000865,Ethyl acetate,141-78-6,141-78-6,True,True,CCOC(C)=O,CCOC(C)=O,True,winey;sharp;ethereal;brandy
MOL_000866,Methylpentenone,141-79-7,141-79-7,True,True,CC(=O)C=C(C)C,CC(=O)C=C(C)C,True,honey;bread;musty;mint
MOL_000867,Hydroxycitronellal dimethyl acetal,141-92-4,141-92-4,True,True,COC(CC(C)CCCC(C)(C)O)OC,COC(CC(C)CCCC(C)(C)O)OC,True,green;melon;fresh;floral
MOL_000868,Ethyl acetoacetate,141-97-9,141-97-9,True,True,CCOC(=O)CC(C)=O,CCOC(=O)CC(C)=O,True,apple;ethereal;green;fruity;rum
MOL_000869,1-methyl thio-2-propanone,14109-72-9,14109-72-9,True,True,CC(=O)CSC,CSCC(C)=O,True,melon
MOL_000870,Octenone,14129-48-7,14129-48-7,True,True,CCC/C=C/C(=O)CC,CCC/C=C/C(=O)CC,True,fruity;coconut;mushroom
MOL_000871,Methylpropylpyridine,14159-61-6,14159-61-6,True,True,CC(C)Cc1cccnc1,CC(C)Cc1cccnc1,True,green;earthy
MOL_000872,Mercaptomethylheptanone,1416051-88-1,1416051-88-1,True,True,CCCCCC(=O)CCS,CCCCCC(=O)CCS,True,fruity;grape;hazelnut;berry
MOL_000873,Methyl phenyl disulfide,14173-25-2,14173-25-2,True,True,CSSc1ccccc1,CSSc1ccccc1,True,vegetable;radish;onion;sulfurous;pungent
MOL_000874,musk propanoate,141773-73-1,141773-73-1,True,True,CCC(=O)OCC(C)(C)OC(C)C1CCCC(C1)(C)C,CCC(=O)OCC(C)(C)OC(C)C1CCCC(C)(C)C1,True,musk;fruity;pear;woody;floral
MOL_000875,Hydroxypyridine,142-08-5,142-08-5,True,True,O=c1cccc[nH]1,O=c1cccc[nH]1,True,nutty;smoky;burnt;animal
MOL_000876,Allyl heptanoate,142-19-8,142-19-8,True,True,C=CCOC(=O)CCCCCC,C=CCOC(=O)CCCCCC,True,apple;fruity;banana;pineapple;sweet
MOL_000877,Monosodium glutamate,142-47-2,142-47-2,True,True,N[C@@H](CCC(=O)O)C(=O)O,N[C@@H](CCC(=O)O)C(=O)O,True,meaty
MOL_000878,"Nerolidol, S-(cis)]-isomer",142-50-7,142-50-7,True,True,C=C[C@@](C)(O)CC/C=C(/C)CCC=C(C)C,C=C[C@@](C)(O)CC/C=C(/C)CCC=C(C)C,True,green;woody;floral
MOL_000879,Octyl propionate,142-60-9,142-60-9,True,True,CCCCCCCCOC(=O)CC,CCCCCCCCOC(=O)CC,True,fatty;fruity;waxy;sweet
MOL_000880,Hexanoic acid,142-62-1,142-62-1,True,True,CCCCCC(=O)O,CCCCCC(=O)O,True,fatty;cheesy
MOL_000881,Propylene glycol stearate,142-75-6,142-75-6,True,True,CCCCCCCCCCCCCCCCCC(=O)OCC(C)O,CCCCCCCCCCCCCCCCCC(=O)OCC(C)O,True,odorless
MOL_000882,Butyl oleate,142-77-8,142-77-8,True,True,CCCCCCCC/C=C\CCCCCCCC(=O)OCCCC,CCCCCCCC/C=C\CCCCCCCC(=O)OCCCC,True,oily;fatty;fishy
MOL_000883,Hexadienal,142-83-6,142-83-6,True,True,C/C=C/C=C/C=O,C/C=C/C=C/C=O,True,green;fruity;sweet;citrus
MOL_000884,Isopropyl palmitate,142-91-6,142-91-6,True,True,CCCCCCCCCCCCCCCC(=O)OC(C)C,CCCCCCCCCCCCCCCC(=O)OC(C)C,True,odorless
MOL_000885,Hexyl acetate,142-92-7,142-92-7,True,True,CCCCCCOC(C)=O,CCCCCCOC(C)=O,True,fruity;apple;sweet;pear
MOL_000886,Dibutyl ether,142-96-1,142-96-1,True,True,CCCCOCCCC,CCCCOCCCC,True,fruity;sweet;ethereal
MOL_000887,Nerolidol oxide,1424-83-5,1424-83-5,True,True,CC(C)=CCCC(C)=CCCC(C)(O)C1CO1,CC(C)=CCCC(C)=CCCC(C)(O)C1CO1,True,fruity;floral
MOL_000888,Bisethylthioethane,14252-42-7,14252-42-7,True,True,CCSC(C)SCC,CCSC(C)SCC,True,meaty;fruity;alliaceous;tropical;coffee;sulfurous
MOL_000889,hexen-1-yl oxypropane nitrile,142653-61-0,142653-61-0,True,True,CC/C=C\CCOCCC#N,CC/C=C\CCOCCC#N,True,green;fruity;tropical;floral;violet;oily;cucumber;fatty
MOL_000890,allyl phenethyl ether,14289-65-7,14289-65-7,True,True,C=CCOCCC1=CC=CC=C1,C=CCOCCc1ccccc1,True,green;fruity;mushroom;honey
MOL_000891,2-ethyl-4-isopropenyl pyridine,142896-08-0,142896-08-0,True,True,n1ccc(\C(=C)C)cc1CC,C=C(C)c1ccnc(CC)c1,True,nutty;sharp;herbal
MOL_000892,Acetylisopropylpyridine,142896-09-1,142896-09-1,True,True,CC(=O)c1cccnc1C(C)C,CC(=O)c1cccnc1C(C)C,True,grassy;green;violet;herbal;leafy
MOL_000893,Acetylisopropenylpyridine,142896-11-5,142896-11-5,True,True,C=C(C)c1ccnc(C(C)=O)c1,C=C(C)c1ccnc(C(C)=O)c1,True,grassy;sweet;mint
MOL_000894,Acetylisopropenylpyridine,142896-12-6,142896-12-6,True,True,C=C(C)c1cc(C(C)=O)ccn1,C=C(C)c1cc(C(C)=O)ccn1,True,roasted;green;fermented;herbal
MOL_000895,Dodecanoic acid,143-07-7,143-07-7,True,True,CCCCCCCCCCCC(=O)O,CCCCCCCCCCCC(=O)O,True,fatty;fresh;waxy
MOL_000896,Nonanol,143-08-8,143-08-8,True,True,CCCCCCCCCO,CCCCCCCCCO,True,fatty;floral;rose;orange
MOL_000897,Nonyl acetate,143-13-5,143-13-5,True,True,CCCCCCCCCOC(C)=O,CCCCCCCCCOC(C)=O,True,green;fruity;leafy;floral;mushroom
MOL_000898,Undecenal,143-14-6,143-14-6,True,True,C/C=C/CCCCCCCC=O,C/C=C/CCCCCCCC=O,True,citrus;waxy;orange;sweet
MOL_000899,Oleyl alcohol,143-28-2,143-28-2,True,True,CCCCCCCC/C=C\CCCCCCCCO,CCCCCCCC/C=C\CCCCCCCCO,True,fatty
MOL_000900,Propyl myristate,14303-70-9,14303-70-9,True,True,CCCCCCCCCCCCCC(=O)OCCC,CCCCCCCCCCCCCC(=O)OCCC,True,oily;fatty;waxy
MOL_000901,Nonenone,14309-57-0,14309-57-0,True,True,CCCCC/C=C/C(C)=O,CCCCC/C=C/C(C)=O,True,fruity;nutty;earthy;waxy;dairy;mushroom;cheesy
MOL_000902,methyl cyclohexyl acetate,14352-61-5,14352-61-5,True,True,O=C(OC)CC1CCCCC1,COC(=O)CC1CCCCC1,True,fruity;tropical;banana;pineapple;honey
MOL_000903,Pentylfurylketone,14360-50-0,14360-50-0,True,True,CCCCCC(=O)c1ccco1,CCCCCC(=O)c1ccco1,True,green;fruity;apricot
MOL_000904,(E)-cinnamaldehyde,14371-10-9,14371-10-9,True,True,C1=CC=C(C=C1)/C=C/C=O,O=C/C=C/c1ccccc1,True,sweet;spicy;cinnamon;warm
MOL_000905,2-propenyl-para-cymene,14374-92-6,14374-92-6,True,True,CC=CC1=C(C=CC(=C1)C(C)C)C,CC=Cc1cc(C(C)C)ccc1C,True,green;sweet;vegetable;dry;earthy
MOL_000906,Methylthiopentanone,143764-28-7,143764-28-7,True,True,CCCC(=O)CSC,CCCC(=O)CSC,True,vegetable;fruity;sulfurous;sweet
MOL_000907,Furfuryl methyl sulfide,1438-91-1,1438-91-1,True,True,CSCc1ccco1,CSCc1ccco1,True,onion;garlic;radish
MOL_000908,Furfurylpyrrole,1438-94-4,1438-94-4,True,True,c1coc(Cn2cccc2)c1,c1coc(Cn2cccc2)c1,True,earthy;alliaceous;vegetable;smoky;pungent
MOL_000909,Linalyl propionate,144-39-8,144-39-8,True,True,C=CC(C)(CCC=C(C)C)OC(=O)CC,C=CC(C)(CCC=C(C)C)OC(=O)CC,True,rose;fruity;floral;sweet
MOL_000910,Dimethylfuranone,14400-67-0,14400-67-0,True,True,CC1=CC(=O)C(C)O1,CC1=CC(=O)C(C)O1,True,caramellic;roasted;burnt;coffee;bread;sweet;buttery
MOL_000911,Decenoic acid,14436-32-9,14436-32-9,True,True,C=CCCCCCCCC(=O)O,C=CCCCCCCCC(=O)O,True,creamy;fatty;fruity;milky;waxy;cheesy
MOL_000912,(S)-styralyl alcohol,1445-91-6,1445-91-6,True,True,C[C@@H](C1=CC=CC=C1)O,C[C@H](O)c1ccccc1,True,floral;strawberry
MOL_000913,Terpinyl anthranilate,14481-52-8,14481-52-8,True,True,CC1=CCC(C(C)(C)OC(=O)c2ccccc2N)CC1,CC1=CCC(C(C)(C)OC(=O)c2ccccc2N)CC1,True,fruity;musty;floral;sweet
MOL_000914,terpinyl valerate,14481-55-1,14481-55-1,True,True,CCCCC(=O)OC(C)(C)C1CCC(=CC1)C,CCCCC(=O)OC(C)(C)C1CC=C(C)CC1,True,fruity;floral
MOL_000915,laevo-methionyl glycine,14486-03-4,14486-03-4,True,True,CSCC[C@@H](C(=O)NCC(=O)O)N,CSCC[C@H](N)C(=O)NCC(=O)O,True,savory;meaty;cheesy
MOL_000916,musk tibetene (Givaudan),145-39-1,145-39-1,True,True,CC1=C(C(=C(C(=C1C)[N+](=O)[O-])C(C)(C)C)[N+](=O)[O-])C,Cc1c(C)c([N+](=O)[O-])c(C(C)(C)C)c([N+](=O)[O-])c1C,True,musk;sweet;orris;fatty
MOL_000917,Hydroxymethylacetophenone,1450-72-2,1450-72-2,True,True,CC(=O)c1cc(C)ccc1O,CC(=O)c1cc(C)ccc1O,True,spicy;cherry;honey;phenolic;aromatic;coumarinic
MOL_000918,2-mercaptopyrimidine,1450-85-7,1450-85-7,True,True,C1=CNC(=S)N=C1,S=c1nccc[nH]1,True,onion
MOL_000919,"2,4-decadien-1-ol",14507-02-9,14507-02-9,True,True,CCCCCC=CC=CCO,CCCCCC=CC=CCO,True,fatty;waxy;citrus;melon;meaty;chicken;fruity;dairy
MOL_000920,Heptadecanol,1454-85-9,1454-85-9,True,True,CCCCCCCCCCCCCCCCCO,CCCCCCCCCCCCCCCCCO,True,odorless
MOL_000921,2-methoxythiazole,14542-13-3,14542-13-3,True,True,COC1=NC=CS1,COc1nccs1,True,malty;bread;caramellic
MOL_000922,"1-methoxy-2,7-octadiene",14543-49-8,14543-49-8,True,True,O(CC=CCCC/C=C)C,C=CCCCC=CCOC,True,green;fatty;violet;fruity
MOL_000923,Butylthiophene,1455-20-5,1455-20-5,True,True,CCCCc1cccs1,CCCCc1cccs1,True,roasted
MOL_000924,Terpinyl methyl ether,14576-08-0,14576-08-0,True,True,COC(C)(C)C1CC=C(C)CC1,COC(C)(C)C1CC=C(C)CC1,True,spicy;citrus;earthy;woody;grapefruit;floral
MOL_000925,(Z)-musk pentane,14595-54-1,14595-54-1,True,True,C1CCCCCC(=O)CC/C=C\CCCC1,O=C1CC/C=C\CCCCCCCCCC1,True,musk;animal;sweet;fruity;orris
MOL_000926,Cresyl butyrate,14617-92-6,14617-92-6,True,True,CCCC(=O)Oc1ccc(C)cc1,CCCC(=O)Oc1ccc(C)cc1,True,fruity;medicinal;aromatic;floral
MOL_000927,Dodecanal dimethyl acetal,14620-52-1,14620-52-1,True,True,CCCCCCCCCCCC(OC)OC,CCCCCCCCCCCC(OC)OC,True,apple;citrus;green;fatty;melon;fresh
MOL_000928,Trimethylpyrazine,14667-55-1,14667-55-1,True,True,Cc1cnc(C)c(C)n1,Cc1cnc(C)c(C)n1,True,roasted;nutty;cocoa;burnt;coffee;potato
MOL_000929,(Z)-7-tetradecen-2-one,146955-45-5,146955-45-5,True,True,O=C(CCCC\C=C/CCCCCC)C,CCCCCC/C=C\CCCCC(C)=O,True,fruity;jasmine;orris
MOL_000930,Octenoic acid,1470-50-4,1470-50-4,True,True,CCCCC/C=C\C(=O)O,CCCCC/C=C\C(=O)O,True,creamy;fatty;chicken;waxy;dairy;musty
MOL_000931,Decenal,147159-48-6,147159-48-6,True,True,CCC/C=C/CCCCC=O,CCC/C=C/CCCCC=O,True,green;fatty;cucumber
MOL_000932,(Z)-8-undecenal,147159-49-7,147159-49-7,True,True,CC/C=C\CCCCCCC=O,CC/C=C\CCCCCCC=O,True,aldehydic;citrus;waxy;floral;fresh
MOL_000933,para-anisaldehyde / methyl anthranilate schiff's base,14735-72-9,14735-72-9,True,True,COC1=CC=C(C=C1)C=NC2=CC=CC=C2C(=O)OC,COC(=O)c1ccccc1N=Cc1ccc(OC)cc1,True,sweet;floral;orris
MOL_000934,Butylcyclohexanone,14765-30-1,14765-30-1,True,True,CCC(C)C1CCCCC1=O,CCC(C)C1CCCCC1=O,True,mint
MOL_000935,Hydroxymethoxybenzaldehyde,148-53-8,148-53-8,True,True,COc1cccc(C=O)c1O,COc1cccc(C=O)c1O,True,vanilla;medicinal;pungent;sweet
MOL_000936,Nonenoic acid,14812-03-4,14812-03-4,True,True,CCCCCC/C=C/C(=O)O,CCCCCC/C=C/C(=O)O,True,green;fatty
MOL_000937,Ethyl benzothioate,1484-17-9,1484-17-9,True,True,CCOC(=S)c1ccccc1,CCOC(=S)c1ccccc1,True,ripe;fermented;sulfurous;cheesy
MOL_000938,Methyl hydroxybutyrate,1487-49-6,1487-49-6,True,True,COC(=O)CC(C)O,COC(=O)CC(C)O,True,apple;green;fruity;grape;fresh;winey
MOL_000939,(R)-(-)-2-butanol,14898-79-4,14898-79-4,True,True,CC[C@@H](C)O,CC[C@@H](C)O,True,oily;winey;fruity
MOL_000940,Mercaptobenzothiazole,149-30-4,149-30-4,True,True,S=c1[nH]c2ccccc2s1,S=c1[nH]c2ccccc2s1,True,garlic;sulfurous;burnt
MOL_000941,Ethylhexanoic acid,149-57-5,149-57-5,True,True,CCCCC(CC)C(=O)O,CCCCC(CC)C(=O)O,True,sour;fatty;fruity;herbal;musty;cheesy
MOL_000942,Menthol,1490-04-6,1490-04-6,True,True,CC1CCC(C(C)C)C(O)C1,CC1CCC(C(C)C)C(O)C1,True,mint;musty
MOL_000943,Ionone,14901-07-6,14901-07-6,True,True,CC(=O)/C=C/C1=C(C)CCCC1(C)C,CC(=O)/C=C/C1=C(C)CCCC1(C)C,True,woody;fruity;violet
MOL_000944,2-hexenyl cyclopentanyl acetate,149982-46-7,149982-46-7,True,True,CCC/C=C/COC(=O)CC1CCCC1,CCC/C=C/COC(=O)CC1CCCC1,True,fruity;jasmine;pear;milky
MOL_000945,Methoxyphenol,150-19-6,150-19-6,True,True,COc1cccc(O)c1,COc1cccc(O)c1,True,phenolic;medicinal;sweet
MOL_000946,Phenylalanine,150-30-1,150-30-1,True,True,NC(Cc1ccccc1)C(=O)O,NC(Cc1ccccc1)C(=O)O,True,cocoa;chocolate
MOL_000947,Benzyl disulfide,150-60-7,150-60-7,True,True,c1ccc(CSSCc2ccccc2)cc1,c1ccc(CSSCc2ccccc2)cc1,True,caramellic;green;earthy;burnt;sulfurous
MOL_000948,Methoxyphenol,150-76-5,150-76-5,True,True,COc1ccc(O)cc1,COc1ccc(O)cc1,True,anisic;aromatic;sweet
MOL_000949,Dimethoxybenzene,150-78-7,150-78-7,True,True,COc1ccc(OC)cc1,COc1ccc(OC)cc1,True,earthy;tobacco;nutty;phenolic;sweet
MOL_000950,Citronellyl acetate,150-84-5,150-84-5,True,True,CC(=O)OCCC(C)CCC=C(C)C,CC(=O)OCCC(C)CCC=C(C)C,True,fruity;fresh;rose
MOL_000951,Phytol,150-86-7,150-86-7,True,True,C/C(=C\CO)CCC[C@H](C)CCC[C@H](C)CCCC(C)C,C/C(=C\CO)CCC[C@H](C)CCC[C@H](C)CCCC(C)C,True,balsamic;floral
MOL_000952,alpha-methyl cinnamyl alcohol,1504-55-8,1504-55-8,True,True,C/C(=C\C1=CC=CC=C1)/CO,C/C(=C\c1ccccc1)CO,True,sweet;balsamic;floral;warm
MOL_000953,Methoxycinnamaldehyde,1504-74-1,1504-74-1,True,True,COc1ccccc1/C=C/C=O,COc1ccccc1/C=C/C=O,True,spicy;sweet;warm
MOL_000954,Methylcinnamaldehyde,1504-75-2,1504-75-2,True,True,Cc1ccc(/C=C/C=O)cc1,Cc1ccc(/C=C/C=O)cc1,True,cinnamon;vanilla;fruity;balsamic;sweet
MOL_000955,10-epi-gamma-eudesmol,15051-81-7,15051-81-7,True,True,CC1=C2C[C@@H](CC[C@@]2(CCC1)C)C(C)(C)O,CC1=C2C[C@H](C(C)(C)O)CC[C@]2(C)CCC1,True,sweet;woody;floral
MOL_000956,Dimethylphenethyl acetate,151-05-3,151-05-3,True,True,CC(=O)OC(C)(C)Cc1ccccc1,CC(=O)OC(C)(C)Cc1ccccc1,True,rose;fruity;fresh;jasmine;floral
MOL_000957,Dimethoxybenzene,151-10-0,151-10-0,True,True,COc1cccc(OC)c1,COc1cccc(OC)c1,True,earthy;nutty;sweet
MOL_000958,Dimethyloctanol,151-19-9,151-19-9,True,True,CCC(C)CCC(C)(O)CC,CCC(C)CCC(C)(O)CC,True,floral;sweet
MOL_000959,ginsene,15111-56-5,15111-56-5,True,True,CCOC(=O)C1CCC=CC1,CCOC(=O)C1CC=CCC1,True,sweet;fruity;floral
MOL_000960,Perillyl acetate,15111-96-3,15111-96-3,True,True,C=C(C)C1CC=C(COC(C)=O)CC1,C=C(C)C1CC=C(COC(C)=O)CC1,True,spicy;fruity;herbal;woody;floral
MOL_000961,Menthadienyl acetate,15111-97-4,15111-97-4,True,True,C=C(COC(C)=O)C1CC=C(C)CC1,C=C(COC(C)=O)C1CC=C(C)CC1,True,woody;fruity;sweet;herbal
MOL_000962,methyl phenoxyethanol,15149-10-7,15149-10-7,True,True,CC1=CC=C(C=C1)OCCO,Cc1ccc(OCCO)cc1,True,floral;jasmine;animal
MOL_000963,Methyl methoxybenzyl ether,1515-81-7,1515-81-7,True,True,COCc1ccc(OC)cc1,COCc1ccc(OC)cc1,True,anisic;vanilla;floral
MOL_000964,Ethylmethoxybenzene,1515-95-3,1515-95-3,True,True,CCc1ccc(OC)cc1,CCc1ccc(OC)cc1,True,anisic;tobacco;nutty;phenolic
MOL_000965,Hexadienyl acetate,1516-17-2,1516-17-2,True,True,C/C=C/C=C/COC(C)=O,C/C=C/C=C/COC(C)=O,True,apple;fruity;pear;pineapple;winey;sweet
MOL_000966,(R)-styralyl alcohol,1517-69-7,1517-69-7,True,True,C[C@H](C1=CC=CC=C1)O,C[C@@H](O)c1ccccc1,True,floral;earthy;green
MOL_000967,alpha-methyl-(E)-cinnamaldehyde,15174-47-7,15174-47-7,True,True,C/C(=C\C1=CC=CC=C1)/C=O,C/C(C=O)=C\c1ccccc1,True,cinnamon;spicy
MOL_000968,Diisobutyl disulfide,1518-72-5,1518-72-5,True,True,CC(C)CSSCC(C)C,CC(C)CSSCC(C)C,True,vegetable;meaty;green;alliaceous;savory;sulfurous
MOL_000969,Propylthiophene,1518-75-8,1518-75-8,True,True,CCCc1cccs1,CCCc1cccs1,True,fatty;burnt;gasoline
MOL_000970,Rose furan,15186-51-3,15186-51-3,True,True,CC(C)=CCc1occc1C,CC(C)=CCc1occc1C,True,lemon;citrus
MOL_000971,Hydratropaldehyde diethyl acetal,15295-60-0,15295-60-0,True,True,CCOC(OCC)C(C)c1ccccc1,CCOC(OCC)C(C)c1ccccc1,True,green;earthy;floral;musty
MOL_000972,musk indane,15323-35-0,15323-35-0,True,True,CC1C(C2=C(C1(C)C)C=C(C(=C2)C)C(=O)C)(C)C,CC(=O)c1cc2c(cc1C)C(C)(C)C(C)C2(C)C,True,sweet;musk;balsamic;orris;dry;fruity
MOL_000973,Methyl thioacetate,1534-08-3,1534-08-3,True,True,CSC(C)=O,CSC(C)=O,True,vegetable;popcorn;cabbage
MOL_000974,beta-bisabolol,15352-77-9,15352-77-9,True,True,CC1=CCC(CC1)(C(C)CCC=C(C)C)O,CC(C)=CCCC(C)C1(O)CC=C(C)CC1,True,citrus;floral;sour;lemon;fresh;sweet;herbal
MOL_000975,Menthol,15356-60-2,15356-60-2,True,True,CC(C)[C@@H]1CC[C@@H](C)C[C@@H]1O,CC(C)[C@@H]1CC[C@@H](C)C[C@@H]1O,True,mint;musty
MOL_000976,Dihydroactinidiolide,15356-74-8,15356-74-8,True,True,CC1(C)CCCC2(C)OC(=O)C=C12,CC1(C)CCCC2(C)OC(=O)C=C12,True,fruity;tobacco;tea;floral;sweet
MOL_000977,trimethyl-3-cyclopentenyl acetonitrile,15373-31-6,15373-31-6,True,True,CC1=CCC(C1(C)C)CC#N,CC1=CCC(CC#N)C1(C)C,True,pine;herbal;hay
MOL_000978,ethyl phenyl lactate,15399-05-0,15399-05-0,True,True,CCOC(=O)C(CC1=CC=CC=C1)O,CCOC(=O)C(O)Cc1ccccc1,True,spicy
MOL_000979,Ethyl acetylhexanoate,1540-29-0,1540-29-0,True,True,CCCCC(C(C)=O)C(=O)OCC,CCCCC(C(C)=O)C(=O)OCC,True,green;fruity;herbal;winey;floral
MOL_000980,4-methyl-5-nonanol,154170-44-2,154170-44-2,True,True,CCCCC(C(C)CCC)O,CCCCC(O)C(C)CCC,True,spicy;herbal
MOL_000981,germacrene B,15423-57-1,15423-57-1,True,True,C/C/1=C\CC/C(=C/CC(=C(C)C)CC1)/C,CC(C)=C1C/C=C(\C)CC/C=C(\C)CC1,True,woody;earthy;spicy
MOL_000982,Dodecenolide,15456-68-5,15456-68-5,True,True,CCC=CCCCC1CCCC(=O)O1,CCC=CCCCC1CCCC(=O)O1,True,fatty;waxy;dairy
MOL_000983,Decenoic acid,15469-77-9,15469-77-9,True,True,CCCCCC/C=C/CC(=O)O,CCCCCC/C=C/CC(=O)O,True,green;oily;fatty;fruity;waxy
MOL_000984,Cyclohexyl valerate,1551-43-5,1551-43-5,True,True,CCCCC(=O)OC1CCCCC1,CCCCC(=O)OC1CCCCC1,True,fruity;herbal;animal
MOL_000985,Cyclohexyl butyrate,1551-44-6,1551-44-6,True,True,CCCC(=O)OC1CCCCC1,CCCC(=O)OC1CCCCC1,True,fruity;fresh;floral;sweet
MOL_000986,propylene glycol di-2-methyl butyrate,15514-30-0,15514-30-0,True,False,CCC(C)C(=O)OCC(C)OC(=O)C(C)CC,CCC(C)C(=O)OCC(C)OC(=O)C(C)CC,True,fruity;buttery
MOL_000987,Ethyl hexenoate,1552-67-6,1552-67-6,True,True,CCC/C=C/C(=O)OCC,CCC/C=C/C(=O)OCC,True,green;fruity;rum;sweet
MOL_000988,"hexanal butane-2,3-diol acetal",155639-75-1,155639-75-1,True,True,CCCCCC1OC(C(O1)C)C,CCCCCC1OC(C)C(C)O1,True,sweet;fatty;green
MOL_000989,Oxophenylpropionic acid,156-06-9,156-06-9,True,True,O=C(O)C(=O)Cc1ccccc1,O=C(O)C(=O)Cc1ccccc1,True,burnt;caramellic
MOL_000990,Methylhexanoic acid,1561-11-1,1561-11-1,True,True,CCC(C)CCC(=O)O,CCC(C)CCC(=O)O,True,fatty;fruity;sour;cheesy
MOL_000991,Allyl Thiohexanoate,156420-69-8,156420-69-8,True,True,C=CCOC(=S)CCCCC,C=CCOC(=S)CCCCC,True,fruity;pineapple;tropical
MOL_000992,Ethyl mercaptobutyrate,156472-94-5,156472-94-5,True,True,CCOC(=O)C(S)CC,CCOC(=O)C(S)CC,True,green;fruity;tropical;grape;black currant;sweet
MOL_000993,Menthyl methyl ether,1565-76-0,1565-76-0,True,True,COC1CC(C)CCC1C(C)C,COC1CC(C)CCC1C(C)C,True,fresh;mint
MOL_000994,Decanol,1565-81-7,1565-81-7,True,True,CCCCCCCC(O)CC,CCCCCCCC(O)CC,True,oily;fatty;waxy;orange;musty;mushroom
MOL_000995,Ethylthiazole,15679-09-1,15679-09-1,True,True,CCc1nccs1,CCc1nccs1,True,green;nutty;tomato;leafy;vegetable
MOL_000996,Ethylmethylthiazole,15679-12-6,15679-12-6,True,True,CCc1nc(C)cs1,CCc1nc(C)cs1,True,meaty;nutty;cocoa;savory;coffee
MOL_000997,Isopropylmethylthiazole,15679-13-7,15679-13-7,True,True,Cc1csc(C(C)C)n1,Cc1csc(C(C)C)n1,True,green;earthy;nutty;tropical;coffee;vegetable;peach
MOL_000998,Ethoxythiazole,15679-19-3,15679-19-3,True,True,CCOc1nccs1,CCOc1nccs1,True,meaty;roasted;nutty;onion;burnt;brothy;phenolic;sweet
MOL_000999,Methylheptenol,1569-60-4,1569-60-4,True,True,CC(C)=CCCC(C)O,CC(C)=CCCC(C)O,True,citrus;green;fatty;floral;sweet
MOL_001000,Cyclohexanethiol,1569-69-3,1569-69-3,True,True,SC1CCCCC1,SC1CCCCC1,True,meaty;garlic;onion;horseradish;vegetable
MOL_001001,Butyl methylbutyrate,15706-73-7,15706-73-7,True,True,CCCCOC(=O)C(C)CC,CCCCOC(=O)C(C)CC,True,fruity;apple;pineapple;tropical
MOL_001002,Ethylmethylpyrazine,15707-23-0,15707-23-0,True,True,CCc1nccnc1C,CCc1nccnc1C,True,roasted;green;earthy;nutty;burnt;hazelnut;potato
MOL_001003,Diethylpyrazine,15707-24-1,15707-24-1,True,True,CCc1nccnc1CC,CCc1nccnc1CC,True,potato;roasted;earthy;nutty
MOL_001004,Ethyldimethylpyrazine,15707-34-3,15707-34-3,True,True,CCc1cnc(C)c(C)n1,CCc1cnc(C)c(C)n1,True,nutty;cocoa;burnt;almond;chocolate
MOL_001005,Allyl isobutyrate,15727-77-2,15727-77-2,True,True,C=CCOC(=O)C(C)C,C=CCOC(=O)C(C)C,True,apple;apricot;green;fruity;tropical;fresh
MOL_001006,Diethylthiazole,15729-76-7,15729-76-7,True,True,CCc1cnc(CC)s1,CCc1cnc(CC)s1,True,nutty;musty;meaty
MOL_001007,Methylpentenoic acid,1575-74-2,1575-74-2,True,True,C=CC[C@H](C)C(=O)O,C=CC[C@H](C)C(=O)O,True,strawberry;cheesy
MOL_001008,Heptenyl acetate,1576-77-8,1576-77-8,True,True,CCC/C=C/CCOC(C)=O,CCC/C=C/CCOC(C)=O,True,green;fruity;banana;tropical;berry;sweet
MOL_001009,(Z)-3-hepten-1-yl acetate,1576-78-9,1576-78-9,True,True,CC(=O)OCC/C=C\CCC,CCC/C=C\CCOC(C)=O,True,green;tropical;banana;vegetable;fatty
MOL_001010,Pentenyl acetate,1576-85-8,1576-85-8,True,True,C=CCCCOC(C)=O,C=CCCCOC(C)=O,True,green;fruity
MOL_001011,(E)-2-pentenal,1576-87-0,1576-87-0,True,True,CC/C=C/C=O,CC/C=C/C=O,True,pungent;green;fruity;apple;orange;tomato
MOL_001012,Pentenol,1576-95-0,1576-95-0,True,True,CC/C=C\CO,CC/C=C\CO,True,green;fruity;ethereal;citrus
MOL_001013,citrus propanol,15760-18-6,15760-18-6,True,True,CC1=CCC(CC1)C(C)CCO,CC1=CCC(C(C)CCO)CC1,True,fresh;sweet;citrus;rose;warm;herbal
MOL_001014,ethenyl dimethyl pyrazine,157615-33-3,157615-33-3,True,True,CC1=CN=C(C(=N1)C)C=C,C=Cc1ncc(C)nc1C,True,earthy;musty
MOL_001015,Dimethylbenzaldehyde,15764-16-6,15764-16-6,True,True,Cc1ccc(C=O)c(C)c1,Cc1ccc(C=O)c(C)c1,True,cherry;almond;sweet
MOL_001016,(E)-3-hexenoic acid,1577-18-0,1577-18-0,True,True,CC/C=C/CC(=O)O,CC/C=C/CC(=O)O,True,fruity;honey;sour;cheesy;green;dairy;waxy
MOL_001017,Octenoic acid,1577-19-1,1577-19-1,True,True,CCCC/C=C/CC(=O)O,CCCC/C=C/CC(=O)O,True,green;oily;fruity;fatty;melon;waxy;dairy
MOL_001018,ethyl-2-cyclopentenyl acetate,15848-49-4,15848-49-4,True,True,CCOC(=O)CC1CCC=C1,CCOC(=O)CC1C=CCC1,True,fruity;pineapple;pear;plum;tropical
MOL_001019,Dibutyl malate,1587-18-4,1587-18-4,True,True,CCCCOC(=O)CC(O)C(=O)OCCCC,CCCCOC(=O)CC(O)C(=O)OCCCC,True,oily;fruity;fatty;fermented
MOL_001020,trimethyl citrate,1587-20-8,1587-20-8,True,True,COC(=O)CC(CC(=O)OC)(C(=O)OC)O,COC(=O)CC(O)(CC(=O)OC)C(=O)OC,True,ethereal;fruity
MOL_001021,Isopropylcyclohexyl acetate,15876-32-1,15876-32-1,True,True,CC(=O)OC1(C(C)C)CCCCC1,CC(=O)OC1(C(C)C)CCCCC1,True,fruity;camphoreous;woody;sweet;mint
MOL_001022,Methylpropylpyrazine,15986-80-8,15986-80-8,True,True,CCCc1nccnc1C,CCCc1nccnc1C,True,earthy;nutty;cocoa;musty
MOL_001023,2-methyl-3-isopropyl pyrazine,15986-81-9,15986-81-9,True,True,CC1=NC=CN=C1C(C)C,Cc1nccnc1C(C)C,True,woody;coffee
MOL_001024,2-butyl-3-methyl pyrazine,15987-00-5,15987-00-5,True,True,CCCCC1=NC=CN=C1C,CCCCc1nccnc1C,True,anisic
MOL_001025,Dimethoxyhexane,1599-47-9,1599-47-9,True,True,CCCCCC(OC)OC,CCCCCC(OC)OC,True,apple;green;leafy;musty;sweet
MOL_001026,Methylpentyldioxolane,1599-49-1,1599-49-1,True,True,CCCCCC1OCC(C)O1,CCCCCC1OCC(C)O1,True,green;fruity;vegetable;waxy
MOL_001027,Methylheptadienone,1604-28-0,1604-28-0,True,True,CC(=O)/C=C/C=C(C)C,CC(=O)/C=C/C=C(C)C,True,cinnamon;spicy;nutty
MOL_001028,Dimethylundecanone,1604-34-8,1604-34-8,True,True,CC(=O)CCCC(C)CCCC(C)C,CC(=O)CCCC(C)CCCC(C)C,True,hay;fruity;fatty;woody;floral;sweet
MOL_001029,Acetoxyethoxyethane,1608-72-6,1608-72-6,True,True,CCOC(C)OC(C)=O,CCOC(C)OC(C)=O,True,ethereal;fruity;fresh;winey
MOL_001030,Butanedithiol,16128-68-0,16128-68-0,True,True,CCC(S)CS,CCC(S)CS,True,sulfurous;burnt;garlic;meaty
MOL_001031,cherry pentenoate,1617-23-8,1617-23-8,True,True,CC=CC(C)C(=O)OCC,CC=CC(C)C(=O)OCC,True,fruity;green;cherry;musty;melon;berry;oily;tropical;pineapple;mint;sweet;pungent
MOL_001032,Hexyl butenoate,1617-25-0,1617-25-0,True,True,C/C=C/C(=O)OCCCCCC,C/C=C/C(=O)OCCCCCC,True,apple;fruity;pear;woody;pineapple
MOL_001033,Pentenoic acid,1617-32-9,1617-32-9,True,True,C/C=C/CC(=O)O,C/C=C/CC(=O)O,True,green;fruity;cheesy
MOL_001034,ethyl (E)-2-methyl-2-pentenoate,1617-40-9,1617-40-9,True,True,CC\C=C(/C)\C(=O)OCC,CC/C=C(\C)C(=O)OCC,True,fruity;berry;rum
MOL_001035,Bis-Methylthiomethane,1618-26-4,1618-26-4,True,True,CSCSC,CSCSC,True,meaty;alliaceous;onion;mushroom
MOL_001036,(R)-styralyl acetate,16197-92-5,16197-92-5,True,True,C[C@H](C1=CC=CC=C1)OC(=O)C,CC(=O)O[C@H](C)c1ccccc1,True,fruity;floral;jasmine;apricot;apple
MOL_001037,hyacinth butanal,16251-77-7,16251-77-7,True,True,CC(CC=O)C1=CC=CC=C1,CC(CC=O)c1ccccc1,True,leafy;green;herbal;floral
MOL_001038,Methoxypyridine,1628-89-3,1628-89-3,True,True,COc1ccccn1,COc1ccccn1,True,phenolic;smoky;burnt
MOL_001039,Pentenone,1629-58-9,1629-58-9,True,True,C=CC(=O)CC,C=CC(=O)CC,True,alliaceous;pungent;radish
MOL_001040,Hexenone,1629-60-3,1629-60-3,True,True,C=CC(=O)CCC,C=CC(=O)CCC,True,green;metallic
MOL_001041,Hydroxymethylhexanone,163038-04-8,163038-04-8,True,True,CCCCC(=O)CCO,CCCCC(=O)CCO,True,green;pungent;roasted;cheesy
MOL_001042,Fenchyl alcohol,1632-73-1,1632-73-1,True,True,CC1(C)[C@@H](O)[C@@]2(C)CC[C@@H]1C2,CC1(C)[C@@H]2CC[C@@](C)(C2)[C@@H]1O,True,camphoreous;sweet;citrus
MOL_001043,Methoxymethylpropane,1634-04-4,1634-04-4,True,True,COC(C)(C)C,COC(C)(C)C,True,winey;fresh;gasoline;ethereal
MOL_001044,Dimethylhexenone,1635-02-5,1635-02-5,True,True,CC/C(C)=C(/C)C(C)=O,CC/C(C)=C(/C)C(C)=O,True,spicy;ketonic
MOL_001045,Undecatriene,16356-11-9,16356-11-9,True,True,C=C/C=C/C=C/CCCCC,C=C/C=C/C=C/CCCCC,True,green;herbal
MOL_001046,Heptanethiol,1639-09-4,1639-09-4,True,True,CCCCCCCS,CCCCCCCS,True,vegetable;meaty;fatty;savory;onion;sulfurous
MOL_001047,Ethylhexyl hexanoate,16397-75-4,16397-75-4,True,True,CCCCCC(=O)OCC(CC)CCCC,CCCCCC(=O)OCC(CC)CCCC,True,fruity;herbal
MOL_001048,Dodecenolactone,16400-72-9,16400-72-9,True,True,CCCCCCCC1CC=CC(=O)O1,CCCCCCCC1CC=CC(=O)O1,True,creamy;coconut;waxy;dairy;buttery
MOL_001049,Rose oxide,16409-43-1,16409-43-1,True,True,CC(C)=CC1CC(C)CCO1,CC(C)=CC1CC(C)CCO1,True,green;earthy;rose
MOL_001050,Menthyl acetate,16409-45-3,16409-45-3,True,True,CC(=O)OC1CC(C)CCC1C(C)C,CC(=O)OC1CC(C)CCC1C(C)C,True,fruity;fresh;herbal;sweet;mint
MOL_001051,Menthyl isovalerate,16409-46-4,16409-46-4,True,True,CC(C)CC(=O)OC1CC(C)CCC1C(C)C,CC(C)CC(=O)OC1CC(C)CCC1C(C)C,True,fruity;balsamic;mint;herbal
MOL_001052,(±)-geosmin,16423-19-1,16423-19-1,True,True,C[C@@H]1CCC[C@]2([C@]1(CCCC2)O)C,C[C@@H]1CCC[C@]2(C)CCCC[C@@]12O,True,earthy;animal
MOL_001053,(E)-5-decenoic acid,16424-55-8,16424-55-8,True,True,CCCC/C=C/CCCC(=O)O,CCCC/C=C/CCCC(=O)O,True,milky;fatty
MOL_001054,Dodecalactone,16429-21-3,16429-21-3,True,True,CCCCCCC1CCCCC(=O)O1,CCCCCCC1CCCCC(=O)O1,True,fatty;milky;peach;apricot
MOL_001055,Octyl acetoacetate,16436-00-3,16436-00-3,True,True,CCCCCCCCOC(=O)CC(C)=O,CCCCCCCCOC(=O)CC(C)=O,True,caramellic;oily;fruity;fermented;waxy
MOL_001056,"5-acetyl-2,3-dihydro-1,4-thiazine",164524-93-0,164524-93-0,True,True,CC(=O)C1=CSCCN1,CC(=O)C1=CSCCN1,True,nutty;roasted;popcorn
MOL_001057,tonka ketone,1646-26-0,1646-26-0,True,True,CC(=O)C1=CC2=CC=CC=C2O1,CC(=O)c1cc2ccccc2o1,True,sweet;coumarinic;floral;tropical;milky;honey
MOL_001058,Hexadienyl isobutyrate,16491-24-0,16491-24-0,True,True,C/C=C/C=C\COC(=O)C(C)C,C/C=C/C=C\COC(=O)C(C)C,True,fruity;pineapple;sweet;tropical
MOL_001059,Hexadienyl propionate,16491-25-1,16491-25-1,True,True,C/C=C/C=C\COC(=O)CC,C/C=C/C=C\COC(=O)CC,True,fruity;pineapple;sweet;winey
MOL_001060,(Z)-3-hexen-1-yl butyrate,16491-36-4,16491-36-4,True,True,CCCC(=O)OCC\C=C/CC,CC/C=C\CCOC(=O)CCC,True,fresh;apple;fruity;winey;metallic;buttery;green;vegetable;grape
MOL_001061,Octenyl butyrate,16491-54-6,16491-54-6,True,True,C=CC(CCCCC)OC(=O)CCC,C=CC(CCCCC)OC(=O)CCC,True,earthy;mushroom;buttery
MOL_001062,Ethyloctanoic acid,16493-80-4,16493-80-4,True,True,CCCC[C@@H](CC)CCC(=O)O,CCCC[C@@H](CC)CCC(=O)O,True,dairy;cheesy
MOL_001063,laevo-linalyl acetate,16509-46-9,16509-46-9,True,True,CC(=CCC[C@](C)(C=C)OC(=O)C)C,C=C[C@@](C)(CCC=C(C)C)OC(C)=O,True,green
MOL_001064,Cyclopropylmethylmethoxybenzene,16510-27-3,16510-27-3,True,True,COc1ccccc1CC1CC1,COc1ccccc1CC1CC1,True,anisic
MOL_001065,2-nonanone propylene glycol acetal,165191-91-3,165191-91-3,True,True,CCCCCCCC1(OCC(O1)C)C,CCCCCCCC1(C)OCC(C)O1,True,fruity;floral;fatty;herbal
MOL_001066,Undecanol,1653-30-1,1653-30-1,True,True,CCCCCCCCCC(C)O,CCCCCCCCCC(C)O,True,oily;fatty;fruity
MOL_001067,2-(5-isopropyl-2-methyltetrahydro-2-thiophenyl)ethyl acetate,1658479-63-0,1658479-63-0,True,True,CC(C)C1CCC(S1)(C)CCOC(=O)C,CC(=O)OCCC1(C)CCC(C(C)C)S1,True,tropical;strawberry;vegetable
MOL_001068,Orivone,16587-71-6,16587-71-6,True,True,CCC(C)(C)C1CCC(=O)CC1,CCC(C)(C)C1CCC(=O)CC1,True,woody;camphoreous;orris
MOL_001069,Propyl cyclohexanepropionate,16595-06-5,16595-06-5,True,True,CCCOC(=O)CCC1CCCCC1,CCCOC(=O)CCC1CCCCC1,True,fruity;pear;pineapple;peach;sweet
MOL_001070,Methylthiobutanal,16630-52-7,16630-52-7,True,True,CSC(C)CC=O,CSC(C)CC=O,True,green;potato;tomato;cheesy
MOL_001071,Methionyl acetate,16630-55-0,16630-55-0,True,True,CSCCCOC(C)=O,CSCCCOC(C)=O,True,green;herbal;mushroom
MOL_001072,Methionyl butyrate,16630-60-7,16630-60-7,True,True,CCCC(=O)OCCCSC,CCCC(=O)OCCCSC,True,fruity;savory;tropical;sulfurous;pineapple;mushroom;cheesy
MOL_001073,Methional diethyl acetal,16630-61-8,16630-61-8,True,True,CCOC(CCSC)OCC,CCOC(CCSC)OCC,True,sulfurous;potato;cheesy
MOL_001074,Methyl methylthioacetate,16630-66-3,16630-66-3,True,True,COC(=O)CSC,COC(=O)CSC,True,vegetable;meaty;fruity;savory;tropical;sulfurous;cheesy
MOL_001075,Hexenal,16635-54-4,16635-54-4,True,True,CCC/C=C\C=O,CCC/C=C\C=O,True,green;fruity;fresh;grassy
MOL_001076,Octenone,1669-44-9,1669-44-9,True,True,CCCC/C=C/C(C)=O,CCCC/C=C/C(C)=O,True,earthy;fruity;mushroom
MOL_001077,Acetylcyclopentanone,1670-46-8,1670-46-8,True,True,CC(=O)C1CCCC1=O,CC(=O)C1CCCC1=O,True,fruity;ketonic;caramellic;burnt
MOL_001078,Cyclohexanone diethyl acetal,1670-47-9,1670-47-9,True,True,CCOC1(OCC)CCCCC1,CCOC1(OCC)CCCCC1,True,alcoholic;ethereal;fruity;fermented;aromatic;rum
MOL_001079,Isogeraniol,16750-94-0,16750-94-0,True,True,CC(C)=CC/C=C(/C)CCO,CC(C)=CC/C=C(/C)CCO,True,floral;rose
MOL_001080,Ethoxyacetophenone,1676-63-7,1676-63-7,True,True,CCOc1ccc(C(C)=O)cc1,CCOc1ccc(C(C)=O)cc1,True,hay;sharp;anisic;aromatic;floral
MOL_001081,Cyclopentanethiol,1679-07-8,1679-07-8,True,True,SC1CCCC1,SC1CCCC1,True,meaty;garlic;onion;burnt;horseradish;vegetable
MOL_001082,Methylbutanethiol,1679-09-0,1679-09-0,True,True,CCC(C)(C)S,CCC(C)(C)S,True,sulfurous;catty
MOL_001083,Methylbutyrolactone,1679-47-6,1679-47-6,True,True,CC1CCOC1=O,CC1CCOC1=O,True,hay;coconut;coumarinic
MOL_001084,Methyl decanethioate,1680-29-1,1680-29-1,True,True,CCCCCCCCCC(=S)OC,CCCCCCCCCC(=S)OC,True,cabbage
MOL_001085,Pinocarvone,16812-40-1,16812-40-1,True,True,C=C1C(=O)CC2CC1C2(C)C,C=C1C(=O)CC2CC1C2(C)C,True,camphoreous;mint
MOL_001086,Pinene oxide,1686-14-2,1686-14-2,True,True,CC1(C)C2CC3OC3(C)C1C2,CC1(C)C2CC3OC3(C)C1C2,True,pine;fresh;sweet
MOL_001087,Tetradecenal,169054-69-7,169054-69-7,True,True,CCCCC/C=C\CCCCCCC=O,CCCCC/C=C\CCCCCCC=O,True,citrus;fruity;fatty;fresh;orange;sweet
MOL_001088,Hexadienyl butyrate,16930-93-1,16930-93-1,True,True,C/C=C/C=C/COC(=O)CCC,C/C=C/C=C/COC(=O)CCC,True,buttery;dairy;cheesy
MOL_001089,Hexyl tiglate,16930-96-4,16930-96-4,True,True,C/C=C(\C)C(=O)OCCCCCC,C/C=C(\C)C(=O)OCCCCCC,True,green;fruity;fresh
MOL_001090,Heptenyl acetate,16939-73-4,16939-73-4,True,True,CCCC/C=C/COC(C)=O,CCCC/C=C/COC(C)=O,True,green;fruity;fatty;tropical;waxy;pineapple;sweet
MOL_001091,Butyl acetoacetate,1694-31-1,1694-31-1,True,True,CC(=O)CC(=O)OC(C)(C)C,CC(=O)CC(=O)OC(C)(C)C,True,fermented;fruity;caramellic;brandy
MOL_001092,(E)-2-methyl-2-pentenoic acid,16957-70-3,16957-70-3,True,True,CC/C=C(\C)/C(=O)O,CC/C=C(\C)C(=O)O,True,fruity;strawberry;woody
MOL_001093,Methylmethyleneoctadienal,17015-30-4,17015-30-4,True,True,CC=C(C=CC=CC=O)CC,CC=C(C=CC=CC=O)CC,True,green;fruity;fresh
MOL_001094,Ethylmethylfuran,1703-52-2,1703-52-2,True,True,CCc1ccc(C)o1,CCc1ccc(C)o1,True,fresh;gasoline;burnt;ethereal
MOL_001095,Mercaptopentanone,17042-24-9,17042-24-9,True,True,CCC(=O)C(C)S,CCC(=O)C(C)S,True,roasted;catty;onion;sulfurous;grapefruit
MOL_001096,Methyl diphenyl ether,1706-12-3,1706-12-3,True,True,Cc1ccc(Oc2ccccc2)cc1,Cc1ccc(Oc2ccccc2)cc1,True,green;rose;metallic
MOL_001097,heptanal cyclic ethylene acetal,1708-34-5,1708-34-5,True,True,CCCCCCC1OCCO1,CCCCCCC1OCCO1,True,fresh;green;woody;floral;oily;solvent;fatty
MOL_001098,heptanal glyceryl acetal,1708-35-6,1708-35-6,True,True,CCCCCCC1OCC(O1)CO,CCCCCCC1OCC(CO)O1,True,earthy;mushroom;musty;green;sweet
MOL_001099,Heptanal glyceryl acetal isomer,1708-36-7,1708-36-7,True,True,CCCCCCC1OCC(O)CO1,CCCCCCC1OCC(O)CO1,True,earthy;musty;herbal
MOL_001100,Heptenol,1708-81-2,1708-81-2,True,True,CCC/C=C\CCO,CCC/C=C\CCO,True,grassy;green;melon;herbal;floral
MOL_001101,3-hexenyl acetate,1708-82-3,1708-82-3,True,True,O=C(OCCC=CCC)C,CCC=CCCOC(C)=O,True,green;fruity;banana;apple
MOL_001102,"(E,E)-2,4-hexadien-1-ol",17102-64-6,17102-64-6,True,True,C\C=C\C=C\CO,C/C=C/C=C/CO,True,fresh;green;herbal
MOL_001103,Isopropylideneglyceryl hydroxydecanoate,172201-58-0,172201-58-0,True,True,CCCCCCCCC(O)C(=O)OC(=C(C)C)C(O)CO,CCCCCCCCC(O)C(=O)OC(=C(C)C)C(O)CO,True,fatty;peach;sweet
MOL_001104,Cyclododecanol,1724-39-6,1724-39-6,True,True,OC1CCCCCCCCCCC1,OC1CCCCCCCCCCC1,True,woody;camphoreous;earthy
MOL_001105,musk nonane,1725-01-5,1725-01-5,True,True,C1CCCCOCCCCCCOC(=O)CCC1,O=C1CCCCCCCCOCCCCCCO1,True,sweet;musk;oily;fruity;animal;floral
MOL_001106,Pseudocyclocitral,1726-47-2,1726-47-2,True,True,CC1=CC(C)(C)C(C=O)CC1,CC1=CC(C)(C)C(C=O)CC1,True,green;herbal
MOL_001107,alpha-campholene acetate,1727-68-0,1727-68-0,True,True,CC1=CCC(C1(C)C)CCOC(=O)C,CC(=O)OCCC1CC=C(C)C1(C)C,True,sweet;woody;floral;violet
MOL_001108,Dihydroionone,17283-81-7,17283-81-7,True,True,CC(=O)CCC1=C(C)CCCC1(C)C,CC(=O)CCC1=C(C)CCCC1(C)C,True,fruity;orris;woody;floral
MOL_001109,(S)-2-methyl butyraldehyde,1730-97-8,1730-97-8,True,True,CC[C@H](C)C=O,CC[C@H](C)C=O,True,fresh;fruity;cocoa;coffee
MOL_001110,Undecyl acetate,1731-81-3,1731-81-3,True,True,CCCCCCCCCCCOC(C)=O,CCCCCCCCCCCOC(C)=O,True,oily;fatty;waxy;rose
MOL_001111,Methyl nonanoate,1731-84-6,1731-84-6,True,True,CCCCCCCCC(=O)OC,CCCCCCCCC(=O)OC,True,green;fruity;nutty;coconut;winey
MOL_001112,Methyl undecanoate,1731-86-8,1731-86-8,True,True,CCCCCCCCCCC(=O)OC,CCCCCCCCCCC(=O)OC,True,oily;fatty;waxy;winey;sweet
MOL_001113,Methyl tridecanoate,1731-88-0,1731-88-0,True,True,CCCCCCCCCCCCC(=O)OC,CCCCCCCCCCCCC(=O)OC,True,oily;fatty;waxy
MOL_001114,Isopropyl tiglate,1733-25-1,1733-25-1,True,True,CC(C)=CC(=O)OC(C)C,CC(C)=CC(=O)OC(C)C,True,green;vegetable;chamomile;sweet;mint
MOL_001115,Methylbenzyl acetate,17369-57-2,17369-57-2,True,True,CC(=O)OCc1cccc(C)c1,CC(=O)OCc1cccc(C)c1,True,fruity;cherry;sweet
MOL_001116,Propylidenephthalide,17369-59-4,17369-59-4,True,True,CC/C=C1\OC(=O)c2ccccc21,CC/C=C1\OC(=O)c2ccccc21,True,spicy;warm;herbal
MOL_001117,Tetramethylethylcyclohexenone (mixture of isomers),17369-60-7,17369-60-7,True,True,CCC1(C)CC(=O)C(C)=C(C)C1C,CCC1(C)CC(=O)C(C)=C(C)C1C,True,creamy;caramellic;fruity;nutty
MOL_001118,"5-ethyl-3,4,5,6-tetramethyl cyclohexen-2-one",17369-61-8,17369-61-8,True,True,CCC1(C(C(=CC(=O)C1C)C)C)C,CCC1(C)C(C)C(=O)C=C(C)C1C,True,warm;caramellic;fruity;spicy
MOL_001119,Butyl ethyl malonate,17373-84-1,17373-84-1,True,True,CCCCOC(=O)CC(=O)OCC,CCCCOC(=O)CC(=O)OCC,True,green;oily;apple;winey
MOL_001120,Hexylidenecyclopentanone,17373-89-6,17373-89-6,True,True,CCCCCC=C1CCCC1=O,CCCCCC=C1CCCC1=O,True,green;fruity;jasmine;herbal;floral
MOL_001121,Methylbenzyl acetate,17373-93-2,17373-93-2,True,True,CC(=O)OCc1ccccc1C,CC(=O)OCc1ccccc1C,True,fruity;cherry;floral;sweet
MOL_001122,Isobutanal diethyl acetal,1741-41-9,1741-41-9,True,True,CCOC(OCC)C(C)C,CCOC(OCC)C(C)C,True,apple;ethereal;malty;green;fruity;fermented
MOL_001123,Phenylbutenol,17488-65-2,17488-65-2,True,True,CC(O)/C=C/c1ccccc1,CC(O)/C=C/c1ccccc1,True,fruity;balsamic;floral;sweet
MOL_001124,Tricyclodecenyl propionate,17511-60-3,17511-60-3,True,True,CCC(=O)OC1CC2CC1C1CC=CC21,CCC(=O)OC1CC2CC1C1CC=CC21,True,fresh;herbal
MOL_001125,methyl (E)-cinnamate,1754-62-7,1754-62-7,True,True,COC(=O)/C=C/C1=CC=CC=C1,COC(=O)/C=C/c1ccccc1,True,sweet;balsamic;strawberry;cherry
MOL_001126,Nonadienal,17587-33-6,17587-33-6,True,True,CC/C=C/CC/C=C/C=O,CC/C=C/CC/C=C/C=O,True,green;fatty;violet;leafy;vegetable;cucumber
MOL_001127,vinyl sulfurol,1759-28-0,1759-28-0,True,True,CC1=C(SC=N1)C=C,C=Cc1scnc1C,True,musty;nutty;earthy;vegetable;cocoa;spicy
MOL_001128,hexoxyacetaldehyde dimethyl acetal,17597-95-4,17597-95-4,True,True,CCCCCCOCC(OC)OC,CCCCCCOCC(OC)OC,True,fresh;green;leafy;sweet;floral;fruity
MOL_001129,Ethoxymethoxybenzene,17600-72-5,17600-72-5,True,True,CCOc1ccccc1OC,CCOc1ccccc1OC,True,creamy;earthy;vanilla;nutty;phenolic;sweet
MOL_001130,Methyl propyl trisulfide,17619-36-2,17619-36-2,True,True,CCCSSSC,CCCSSSC,True,green;garlic;onion;sweet
MOL_001131,Propylthiazole,17626-75-4,17626-75-4,True,True,CCCc1nccs1,CCCc1nccs1,True,green;vegetable;nutty;herbal
MOL_001132,Bisabolene,17627-44-0,17627-44-0,True,True,CC(C)=CC/C=C(\C)C1CC=C(C)CC1,CC(C)=CC/C=C(\C)C1CC=C(C)CC1,True,citrus;tropical;woody;balsamic;floral;sweet
MOL_001133,(S)-4-methyl-1-hexanol,1767-46-0,1767-46-0,True,True,CC[C@H](C)CCCO,CC[C@H](C)CCCO,True,spicy;nutty;green;sour
MOL_001134,(-)-alpha-cubebene,17699-14-8,17699-14-8,True,True,CC1CCC(C2C13C2C(=CC3)C)C(C)C,CC1=CCC23C(C)CCC(C(C)C)C2C13,True,herbal;waxy
MOL_001135,Hexenoic acid,1775-43-5,1775-43-5,True,True,CC/C=C\CC(=O)O,CC/C=C\CC(=O)O,True,grassy;green;fruity;melon;cheesy
MOL_001136,Propyl acetoacetate,1779-60-8,1779-60-8,True,True,CCCOC(=O)CC(C)=O,CCCOC(=O)CC(C)=O,True,apple;caramellic;fruity;fermented;brandy
MOL_001137,Nerol oxide,1786-08-9,1786-08-9,True,True,CC(C)=CC1CC(C)=CCO1,CC(C)=CC1CC(C)=CCO1,True,green;floral
MOL_001138,Sinensal,17909-77-2,17909-77-2,True,True,C=C/C(C)=C/C/C=C(\C)CC/C=C(\C)C=O,C=C/C(C)=C/C/C=C(\C)CC/C=C(\C)C=O,True,orange
MOL_001139,Methylthiolane,1795-09-1,1795-09-1,True,True,CC1CCCS1,CC1CCCS1,True,sulfurous;alliaceous;savory
MOL_001140,(R)-(+)-menthofuran,17957-94-7,17957-94-7,True,True,C[C@@H]1CCC2=C(C1)OC=C2C,Cc1coc2c1CC[C@@H](C)C2,True,mint;leafy;herbal;camphoreous
MOL_001141,Allyl phenylacetate,1797-74-6,1797-74-6,True,True,C=CCOC(=O)Cc1ccccc1,C=CCOC(=O)Cc1ccccc1,True,honey;pineapple;fruity;sweet
MOL_001142,(Z)-abienol,17990-16-8,17990-16-8,True,True,C/C(=C/C[C@@H]1[C@]2(CCCC([C@@H]2CC[C@@]1(C)O)(C)C)C)/C=C,C=C/C(C)=C\C[C@@H]1[C@@]2(C)CCCC(C)(C)[C@@H]2CC[C@@]1(C)O,True,woody;balsamic;musk
MOL_001143,Furanmethylthiopentanone,180031-78-1,180031-78-1,True,True,CC(=O)CC(C)SCc1ccco1,CC(=O)CC(C)SCc1ccco1,True,meaty;roasted;burnt;coffee;chocolate
MOL_001144,Pentylpyridine,1802-20-6,1802-20-6,True,True,CCCCCc1cccnc1,CCCCCc1cccnc1,True,green;earthy
MOL_001145,Perillaldehyde,18031-40-8,18031-40-8,True,True,C=C(C)[C@@H]1CC=C(C=O)CC1,C=C(C)[C@@H]1CC=C(C=O)CC1,True,spicy;fatty;herbal
MOL_001146,Methylhexyl acetate,180348-60-1,180348-60-1,True,True,CC(=O)OCCCCC(C)C,CC(=O)OCCCCC(C)C,True,green;fruity
MOL_001147,Pentenyl isothiocyanate,18060-79-2,18060-79-2,True,True,C=CCCCN=C=S,C=CCCCN=C=S,True,green;pungent
MOL_001148,indoletal,18096-62-3,18096-62-3,True,True,C1C2COCOC2C3=CC=CC=C31,c1ccc2c(c1)CC1COCOC21,True,animal;earthy;jasmine
MOL_001149,vanillin menthoxypropane diol acetal,180964-47-0,180964-47-0,True,True,CC1CCC(C(C1)OCC2COC(O2)C3=CC(=C(C=C3)O)OC)C(C)C,COc1cc(C2OCC(COC3CC(C)CCC3C(C)C)O2)ccc1O,True,mint;vanilla
MOL_001150,diacetyl trimer,18114-49-3,18114-49-3,True,True,CC(=O)C1(CC2(C(O1)(OC(O2)(C)C(=O)C)C)O)C,CC(=O)C1(C)CC2(O)OC(C)(C(C)=O)OC2(C)O1,True,buttery;roasted
MOL_001151,marine hexane,181258-87-7,181258-87-7,True,True,CCO[C@@H]1CC[C@@H](CC1)C(C)(C)CC,CCO[C@H]1CC[C@@H](C(C)(C)CC)CC1,True,fresh;green;vegetable
MOL_001152,cyclamen propanal,18127-01-0,18127-01-0,True,True,CC(C)(C)C1=CC=C(C=C1)CCC=O,CC(C)(C)c1ccc(CCC=O)cc1,True,fresh;floral;sweet
MOL_001153,Propylpyrazine,18138-03-9,18138-03-9,True,True,CCCc1cnccn1,CCCc1cnccn1,True,green;nutty
MOL_001154,Diethylmethylpyrazine,18138-04-0,18138-04-0,True,True,CCc1ncc(C)nc1CC,CCc1ncc(C)nc1CC,True,roasted;meaty;nutty;hazelnut;chocolate
MOL_001155,Diethylmethylpyrazine,18138-05-1,18138-05-1,True,True,CCc1cnc(C)c(CC)n1,CCc1cnc(C)c(CC)n1,True,green;earthy;nutty;cocoa
MOL_001156,laevo-beta-pinene,18172-67-3,18172-67-3,True,True,CC1(C2CCC1C(=C)C2)C,C=C1CC2CCC1C2(C)C,True,dry;woody;fresh;pine;hay;green;balsamic
MOL_001157,isopropyl anthranilate,18189-02-1,18189-02-1,True,True,CC(C)OC(=O)C1=CC=CC=C1N,CC(C)OC(=O)c1ccccc1N,True,floral;honey
MOL_001158,decyl anthranilate,18189-07-6,18189-07-6,True,True,CCCCCCCCCCOC(=O)C1=CC=CC=C1N,CCCCCCCCCCOC(=O)c1ccccc1N,True,floral;grape
MOL_001159,Phenylbutanoic acid,1821-12-1,1821-12-1,True,True,O=C(O)CCCc1ccccc1,O=C(O)CCCc1ccccc1,True,honey;floral;sweet
MOL_001160,wine lactone,182699-77-0,182699-77-0,True,True,C[C@@H]1[C@H]2CCC(=C[C@H]2OC1=O)C,CC1=C[C@H]2OC(=O)[C@H](C)[C@H]2CC1,True,coconut;herbal;spicy;sweet
MOL_001161,Methylpropylthiazole,18277-27-5,18277-27-5,True,True,CCC(C)c1nccs1,CCC(C)c1nccs1,True,green;tomato;herbal;leafy;vegetable
MOL_001162,Hexenal dimethyl acetal,18318-83-7,18318-83-7,True,True,CCC/C=C/C(OC)OC,CCC/C=C/C(OC)OC,True,green;fruity;apple
MOL_001163,Isopinocamphone,18358-53-7,18358-53-7,True,True,CC1C(=O)C2CC1C(C)(C)C2,CC1C(=O)C2CC1C(C)(C)C2,True,pine;camphoreous;herbal
MOL_001164,Isopropyl valerate,18362-97-5,18362-97-5,True,True,CCCCC(=O)OC(C)C,CCCCC(=O)OC(C)C,True,apple;ethereal;fruity;winey;brandy
MOL_001165,Ethyltrimethylnorbornanol,18368-91-7,18368-91-7,True,True,CCC1(O)C2(C)CCC(C2)C1(C)C,CCC1(O)C2(C)CCC(C2)C1(C)C,True,earthy;musty
MOL_001166,para-menthatriene,18368-95-1,18368-95-1,True,True,CC1=CC=C(CC1)C(=C)C,C=C(C)C1=CC=C(C)CC1,True,pine;camphoreous;herbal;woody;oily;mint;tropical
MOL_001167,"(3S,5R,8S)-3,8-dimethyl-5-prop-1-en-2-yl-3,4,5,6,7,8-hexahydro-2H-azulen-1-one",18374-76-0,18374-76-0,True,True,C[C@H]1CC[C@H](CC2=C1C(=O)C[C@@H]2C)C(=C)C,C=C(C)[C@@H]1CC[C@H](C)C2=C(C1)[C@@H](C)CC2=O,True,woody;spicy
MOL_001168,Allyl formate,1838-59-1,1838-59-1,True,True,C=CCOC=O,C=CCOC=O,True,fruity;pungent;ethereal
MOL_001169,2-methyl-2-pentenyl acetate,1838-88-6,1838-88-6,True,True,CC/C=C(\C)/COC(=O)C,CC/C=C(\C)COC(C)=O,True,pear;melon;banana;fruity
MOL_001170,Carvone oxide,18383-49-8,18383-49-8,True,True,C=C(C)[C@H]1CC(=O)[C@@]2(C)O[C@H]2C1,C=C(C)[C@H]1CC(=O)[C@@]2(C)O[C@H]2C1,True,ethereal
MOL_001171,Octenol,18409-17-1,18409-17-1,True,True,CCCCC/C=C/CO,CCCCC/C=C/CO,True,citrus;green;oily;fatty;cucumber
MOL_001172,(E)-2-decen-1-ol,18409-18-2,18409-18-2,True,True,CCCCCCC/C=C/CO,CCCCCCC/C=C/CO,True,waxy;fresh;citrus;rose;rum;herbal
MOL_001173,Octadienol,18409-20-6,18409-20-6,True,True,CCC/C=C/C=C/CO,CCC/C=C/C=C/CO,True,fatty;chicken;melon
MOL_001174,Decadienol,18409-21-7,18409-21-7,True,True,CCCCC/C=C/C=C/CO,CCCCC/C=C/C=C/CO,True,fatty;chicken
MOL_001175,Isovaleraldehyde propylene glycol acetal (cis & trans),18433-93-7,18433-93-7,True,True,CC(C)CC1OCC(C)O1,CC(C)CC1OCC(C)O1,True,creamy;ethereal;malty;fruity;cocoa;fermented;dairy
MOL_001176,"2-propyl-3,6-dimethyl pyrazine",18433-97-1,18433-97-1,True,True,CCCC1=NC(=CN=C1C)C,CCCc1nc(C)cnc1C,True,hazelnut;nutty
MOL_001177,alpha-decalactone,18436-37-8,18436-37-8,True,True,CCCCCCC1CCOC1=O,CCCCCCC1CCOC1=O,True,floral;sweet;grassy;fruity;green;coconut
MOL_001178,Butyl lactate,18449-60-0,18449-60-0,True,True,CCC(C)OC(=O)C(C)O,CCC(C)OC(=O)C(C)O,True,caramellic;fruity;dairy;sweet;buttery
MOL_001179,"6,7-dihydrolinalool",18479-49-7,18479-49-7,True,True,CC(C)CCCC(C)(C=C)O,C=CC(C)(O)CCCC(C)C,True,woody;citrus;camphoreous
MOL_001180,dihydrolinalool,18479-51-1,18479-51-1,True,True,CCC(C)(CCC=C(C)C)O,CCC(C)(O)CCC=C(C)C,True,woody;citrus;berry;green
MOL_001181,muguet octadienol,18479-54-4,18479-54-4,True,True,CCC(C)(C=CC=C(C)C)O,CCC(C)(O)C=CC=C(C)C,True,sweet;floral;fresh;citrus
MOL_001182,Tetrahydromyrcenol,18479-57-7,18479-57-7,True,True,CCC(C)CCCC(C)(C)O,CCC(C)CCCC(C)(C)O,True,floral;citrus
MOL_001183,Dihydromyrcenol,18479-58-8,18479-58-8,True,True,C=CC(C)CCCC(C)(C)O,C=CC(C)CCCC(C)(C)O,True,floral;citrus;fresh;herbal
MOL_001184,Menthenol,18479-68-0,18479-68-0,True,True,CC1=CCC(C(C)CO)CC1,CC1=CCC(C(C)CO)CC1,True,fruity;herbal
MOL_001185,Decadienol,18485-38-6,18485-38-6,True,True,CCCCCCC/C=C/C=C/CO,CCCCCCC/C=C/C=C/CO,True,fatty;chicken
MOL_001186,(1R)-(-)-myrtenal,18486-69-6,18486-69-6,True,True,CC1([C@H]2CC1CC=C2C=O)C,CC1(C)C2CC=C(C=O)[C@@H]1C2,True,spicy;cinnamon;coumarinic;pine;camphoreous;fruity
MOL_001187,Heptenal diethyl acetal,18492-65-4,18492-65-4,True,True,CC/C=C\CCC(OCC)OCC,CC/C=C\CCC(OCC)OCC,True,green;fruity;tropical
MOL_001188,georgywood,185429-83-8,185429-83-8,True,True,CC1C2=C(CCCC2(C)C)CCC1(C)C(=O)C,CC(=O)C1(C)CCC2=C(C1C)C(C)(C)CCC2,True,woody;balsamic;floral
MOL_001189,asaricin,18607-93-7,18607-93-7,True,True,COC1=CC2=C(C=C1CC=C)OCO2,C=CCc1cc2c(cc1OC)OCO2,True,spicy
MOL_001190,methyl nerate,1862-61-9,1862-61-9,True,True,O=C(OC)\C=C(/CC/C=C(\C)C)C,COC(=O)/C=C(/C)CCC=C(C)C,True,floral;herbal;citrus;fruity;green
MOL_001191,Isobutylthiazole,18640-74-9,18640-74-9,True,True,CC(C)Cc1nccs1,CC(C)Cc1nccs1,True,green;leafy;tomato
MOL_001192,Allyl cinnamate,1866-31-5,1866-31-5,True,True,C=CCOC(=O)/C=C/c1ccccc1,C=CCOC(=O)/C=C/c1ccccc1,True,spicy;apricot;fruity;balsamic;peach;sweet
MOL_001193,Isodihydrocarveol,18675-35-9,18675-35-9,True,True,C=C(C)[C@H]1CC[C@@H](C)[C@H](O)C1,C=C(C)[C@H]1CC[C@@H](C)[C@H](O)C1,True,herbal;musty;mint
MOL_001194,Dodecenolide,18679-18-0,18679-18-0,True,True,CCCCC/C=C\CC1CCC(=O)O1,CCCCC/C=C\CC1CCC(=O)O1,True,creamy;fatty;waxy;dairy;peach;buttery
MOL_001195,Octenoic acid,1871-67-6,1871-67-6,True,True,CCCCC/C=C/C(=O)O,CCCCC/C=C/C(=O)O,True,creamy;fatty;chicken;waxy;dairy;musty
MOL_001196,Methylheptanol,18720-65-5,18720-65-5,True,True,CCC(C)CC(O)CC,CCC(C)CC(O)CC,True,alcoholic;oily;fruity;fermented;floral
MOL_001197,Methylheptanol,18720-66-6,18720-66-6,True,True,CCC(O)CCC(C)C,CCC(O)CCC(C)C,True,oily;floral
MOL_001198,Ethylthiopropanol,18721-61-4,18721-61-4,True,True,CCSCCCO,CCSCCCO,True,sulfurous;potato;vegetable
MOL_001199,hawthorn ethanol,1875-89-4,1875-89-4,True,True,CC1=CC(=CC=C1)CCO,Cc1cccc(CCO)c1,True,floral;rose;jasmine;woody
MOL_001200,Octenoic acid,18776-92-6,18776-92-6,True,True,CCC/C=C/CCC(=O)O,CCC/C=C/CCC(=O)O,True,green;oily;fatty;fruity;waxy;dairy
MOL_001201,Methylbutanethiol,1878-18-8,1878-18-8,True,True,CCC(C)CS,CCC(C)CS,True,sulfurous
MOL_001202,Hexylthiophene,18794-77-9,18794-77-9,True,True,CCCCCCc1cccs1,CCCCCCc1cccs1,True,green;savory;metallic;tropical;sulfurous;mushroom
MOL_001203,Farnesene,18794-84-8,18794-84-8,True,True,C=CC(=C)CC/C=C(\C)CCC=C(C)C,C=CC(=C)CC/C=C(\C)CCC=C(C)C,True,green;woody;citrus;herbal
MOL_001204,Nonanal dimethyl acetal,18824-63-0,18824-63-0,True,True,CCCCCCCCC(OC)OC,CCCCCCCCC(OC)OC,True,citrus;green;melon;fresh;vegetable;floral
MOL_001205,(E)-2-heptenal,18829-55-5,18829-55-5,True,True,CCCC/C=C/C=O,CCCC/C=C/C=O,True,pungent;green;vegetable;fresh;fatty;oily;fruity
MOL_001206,Nonenal,18829-56-6,18829-56-6,True,True,CCCCCC/C=C/C=O,CCCCCC/C=C/C=O,True,fatty;melon;waxy;orris;cucumber
MOL_001207,Furfuryl isopropyl sulfide,1883-78-9,1883-78-9,True,True,CC(C)SCc1ccco1,CC(C)SCc1ccco1,True,meaty;roasted;garlic;savory;onion;coffee
MOL_001208,Pellitorine,18836-52-7,18836-52-7,True,True,CCCCC/C=C/C=C/C(=O)NCC(C)C,CCCCC/C=C/C=C/C(=O)NCC(C)C,True,spicy
MOL_001209,ethyl vanillin isobutyrate,188417-26-7,188417-26-7,True,True,[O-]C(=O)C(C)C.O=Cc1cc(OCC)c(O)cc1,CC(C)C(=O)[O-].CCOc1cc(C=O)ccc1O,True,sweet;creamy;vanilla;chocolate;milky;caramellic;rum
MOL_001210,Methyldecenolide,188442-41-3,188442-41-3,True,True,CC1=CCCCCCCCOC1=O,CC1=CCCCCCCCOC1=O,True,green;nutty;milky
MOL_001211,(E)-cinnamyl nitrile,1885-38-7,1885-38-7,True,True,C1=CC=C(C=C1)/C=C/C#N,N#C/C=C/c1ccccc1,True,cinnamon;spicy
MOL_001212,green cyclopropionate,188570-78-7,188570-78-7,True,True,CC/C=C\CCOC(=O)C1CC1,CC/C=C\CCOC(=O)C1CC1,True,fresh;floral;green;tropical
MOL_001213,Jasmopyrane (Quest),18871-14-2,18871-14-2,True,True,CCCCCC1COCCC1OC(C)=O,CCCCCC1COCCC1OC(C)=O,True,jasmine;herbal;tea;floral;sweet
MOL_001214,(S)-(Z)-verbenol,18881-04-4,18881-04-4,True,True,CC1=C[C@@H](C2CC1C2(C)C)O,CC1=C[C@H](O)C2CC1C2(C)C,True,balsamic
MOL_001215,Thiopropionic acid,1892-31-5,1892-31-5,True,True,CCC(=O)S,CCC(=O)S,True,sulfurous
MOL_001216,methyl octadienoate,189440-77-5,189440-77-5,True,True,COC(=O)CC/C=C/CC=C,C=CC/C=C/CCC(=O)OC,True,fruity;green;pear
MOL_001217,Heptenoic acid,18999-28-5,18999-28-5,True,True,CCCC/C=C/C(=O)O,CCCC/C=C/C(=O)O,True,grassy;caramellic;sour;green;fruity;fatty;cheesy
MOL_001218,Methyldecanal,19009-56-4,19009-56-4,True,True,CCCCCCCCC(C)C=O,CCCCCCCCC(C)C=O,True,citrus;green;fatty;waxy;orange;dry
MOL_001219,Methylphenylbutenone,1901-26-4,1901-26-4,True,True,CC(=O)/C(C)=C\c1ccccc1,CC(=O)/C(C)=C\c1ccccc1,True,fruity;caramellic;sweet;berry
MOL_001220,Campholenic alcohol,1901-38-8,1901-38-8,True,True,CC1=CCC(CCO)C1(C)C,CC1=CCC(CCO)C1(C)C,True,camphoreous;berry;woody;sweet
MOL_001221,Hexyl butenoate,19089-92-0,19089-92-0,True,True,C/C=C\C(=O)OCCCCCC,C/C=C\C(=O)OCCCCCC,True,apple;fruity;pear;woody;pineapple
MOL_001222,dihexyl (E)-fumarate,19139-31-2,19139-31-2,True,True,CCCCCCOC(=O)\C=C\C(=O)OCCCCCC,CCCCCCOC(=O)/C=C/C(=O)OCCCCCC,True,fresh;floral;green;solvent;herbal;woody
MOL_001223,(R)-2-phenyl propyl alcohol,19141-40-3,19141-40-3,True,True,C[C@@H](CO)C1=CC=CC=C1,C[C@@H](CO)c1ccccc1,True,floral;leafy;fruity
MOL_001224,Methylheptenyl acetate,19162-00-6,19162-00-6,True,True,CC(=O)OC(C)CCC=C(C)C,CC(=O)OC(C)CCC=C(C)C,True,green;fruity;floral;earthy
MOL_001225,Tetramethylpentadecane,1921-70-6,1921-70-6,True,True,CC(C)CCCC(C)CCCC(C)CCCC(C)C,CC(C)CCCC(C)CCCC(C)CCCC(C)C,True,oily;fishy;waxy
MOL_001226,musk 89 (IFF),1922-67-4,1922-67-4,True,True,CC1COCC2=CC3=C(C=C12)C(CCC3(C)C)(C)C,CC1COCc2cc3c(cc21)C(C)(C)CCC3(C)C,True,musk
MOL_001227,propylene glycol dibenzoate,19224-26-1,19224-26-1,True,True,CC(COC(=O)C1=CC=CC=C1)OC(=O)C2=CC=CC=C2,CC(COC(=O)c1ccccc1)OC(=O)c1ccccc1,True,fishy;metallic
MOL_001228,Methylbutenyl acetate,19248-94-3,19248-94-3,True,True,C/C=C(\C)COC(C)=O,C/C=C(\C)COC(C)=O,True,green;fruity;banana
MOL_001229,Methylhexanal,19269-28-4,19269-28-4,True,True,CCCC(C)CC=O,CCCC(C)CC=O,True,green;fatty;fruity;aldehydic;cheesy
MOL_001230,Farnesal,19317-11-4,19317-11-4,True,True,CC(C)=CCC/C(C)=C/CC/C(C)=C/C=O,CC(C)=CCC/C(C)=C/CC/C(C)=C/C=O,True,citrus;oily;woody;sweet
MOL_001231,Hydroxymethylfuranone,19322-27-1,19322-27-1,True,True,CC1=C(O)C(=O)CO1,CC1=C(O)C(=O)CO1,True,caramellic;roasted;burnt;sweet
MOL_001232,Isoamyl lactate,19329-89-6,19329-89-6,True,True,CC(C)CCOC(=O)C(C)O,CC(C)CCOC(=O)C(C)O,True,oily;fruity;winey;caramellic
MOL_001233,Dimethylphenethylamine,19342-01-9,19342-01-9,True,True,C[C@H](c1ccccc1)N(C)C,C[C@H](c1ccccc1)N(C)C,True,fishy
MOL_001234,curcumenol,19431-84-6,19431-84-6,True,True,C[C@H]1CC[C@@H]2[C@]13CC(=C(C)C)[C@](O3)(C=C2C)O,CC1=C[C@@]2(O)O[C@@]3(CC2=C(C)C)[C@@H](C)CC[C@@H]13,True,fresh;fatty
MOL_001235,alpha-muurolol,19435-97-3,19435-97-3,True,True,CC1=C[C@H]2[C@@H](CC[C@@]([C@H]2CC1)(C)O)C(C)C,CC1=C[C@H]2[C@H](C(C)C)CC[C@@](C)(O)[C@H]2CC1,True,herbal;honey
MOL_001236,Limonenediol,1946-00-5,1946-00-5,True,True,C=C(C)C1CCC(C)(O)C(O)C1,C=C(C)C1CCC(C)(O)C(O)C1,True,grapefruit
MOL_001237,Ethyl ethylmethylphenylglycidate,19464-94-9,19464-94-9,True,True,CCOC(=O)C1(c2ccccc2)OC1(C)CC,CCOC(=O)C1(c2ccccc2)OC1(C)CC,True,fruity;berry
MOL_001238,Decenyl acetate,19487-61-7,19487-61-7,True,True,CCCCCCC/C=C/COC(C)=O,CCCCCCC/C=C/COC(C)=O,True,citrus;fatty;fruity;waxy
MOL_001239,muguet dienal,194934-66-2,194934-66-2,True,True,C[C@@H](CC/C=C(\C)/CCC=C(C)C)CC=O,CC(C)=CCC/C(C)=C/CC[C@H](C)CC=O,True,floral;waxy;green;fresh;creamy
MOL_001240,Dimethylisopropyloxazole,19519-45-0,19519-45-0,True,True,Cc1nc(C(C)C)oc1C,Cc1nc(C(C)C)oc1C,True,green;earthy
MOL_001241,"3-laevo-menthoxy-2-methyl propane-1,2-diol",195863-84-4,195863-84-4,True,True,CC(C)[C@@H]1CC[C@H](C)C[C@H]1OCC(C)(O)CO,CC(C)[C@@H]1CC[C@H](C)C[C@H]1OCC(C)(O)CO,True,mint
MOL_001242,Octenyl propionate,196109-18-9,196109-18-9,True,True,CCCCCCC=COC(=O)CC,CCCCCCC=COC(=O)CC,True,apple;green;fruity;banana;waxy;pineapple
MOL_001243,Methoxycinnamaldehyde,1963-36-6,1963-36-6,True,True,COc1ccc(/C=C/C=O)cc1,COc1ccc(/C=C/C=O)cc1,True,cinnamon;spicy;warm;herbal
MOL_001244,Ethyl pentenoate,1968-40-7,1968-40-7,True,True,C=CCCC(=O)OCC,C=CCCC(=O)OCC,True,fruity;ethereal
MOL_001245,geosmin,19700-21-1,19700-21-1,True,True,C[C@H]1CCC[C@@]2([C@@]1(CCCC2)O)C,C[C@H]1CCC[C@@]2(C)CCCC[C@]12O,True,fresh;musty;earthy
MOL_001246,Ocimenyl acetate,197098-61-6,197098-61-6,True,True,C=C/C(C)=C/CCC(C)(C)OC(C)=O,C=C/C(C)=C/CCC(C)(C)OC(C)=O,True,green;fruity;fresh;pineapple
MOL_001247,decane nitrile,1975-78-6,1975-78-6,True,True,CCCCCCCCCC#N,CCCCCCCCCC#N,True,fresh;musty;fatty;waxy;oily;cognac
MOL_001248,Ethylcrotonaldehyde,19780-25-7,19780-25-7,True,True,C/C=C(/C=O)CC,C/C=C(/C=O)CC,True,fruity;pungent
MOL_001249,Ethyl mercaptopropionate,19788-49-9,19788-49-9,True,True,CCOC(=O)C(C)S,CCOC(=O)C(C)S,True,sulfurous;fruity
MOL_001250,Propyl mercaptopropionate,19788-50-2,19788-50-2,True,True,CCCOC(=O)C(C)S,CCCOC(=O)C(C)S,True,meaty;fruity;tropical;strawberry
MOL_001251,peony alcohol,19819-98-8,19819-98-8,True,True,CC1=CC=CC=C1CCO,Cc1ccccc1CCO,True,floral;rose;waxy;green;earthy
MOL_001252,butyl 3-pentenoate,19825-93-5,19825-93-5,True,True,CCCCOC(=O)CC=CC,CC=CCC(=O)OCCCC,True,chamomile
MOL_001253,sandal cyclopropane,198404-98-7,198404-98-7,True,True,C[C@]1(C[C@@H]1C[C@@H]2C[C@H]3C[C@]3(C2(C)C)C)CO,CC1(C)[C@H](C[C@H]2C[C@@]2(C)CO)C[C@H]2C[C@]21C,True,tropical;woody;fatty;herbal;fresh;floral
MOL_001254,cedrol methyl ether,19870-74-7,19870-74-7,True,True,C[C@@H]1CC[C@@H]2[C@]13CC[C@]([C@H](C3)C2(C)C)(C)OC,CO[C@@]1(C)CC[C@@]23C[C@@H]1C(C)(C)[C@@H]2CC[C@H]3C,True,woody;dry;musk;earthy
MOL_001255,Mercaptomethyllpentanone,19872-52-7,19872-52-7,True,True,CC(=O)CC(C)(C)S,CC(=O)CC(C)(C)S,True,meaty;fruity;savory;catty;tropical;black currant
MOL_001256,(-)-myrtenol,19894-97-4,19894-97-4,True,True,OCC/1=C/C[C@H]2C[C@@H]\1C2(C)C,CC1(C)[C@H]2CC=C(CO)[C@@H]1C2,True,woody;pine;balsamic;mint;medicinal
MOL_001257,D-(+)-beta-pinene,19902-08-0,19902-08-0,True,True,CC1([C@@H]2CCC(=C)[C@H]1C2)C,C=C1CC[C@@H]2C[C@H]1C2(C)C,True,sweet;fresh;pine;woody;hay;green
MOL_001258,T-muurolol,19912-62-0,19912-62-0,True,True,CC1=C[C@H]2[C@@H](CC[C@]([C@H]2CC1)(C)O)C(C)C,CC1=C[C@H]2[C@H](C(C)C)CC[C@](C)(O)[C@H]2CC1,True,herbal;spicy;honey
MOL_001259,Ethylmethylthiazole,19961-52-5,19961-52-5,True,True,CCc1cnc(C)s1,CCc1cnc(C)s1,True,roasted;green;alliaceous;fishy;cocoa;burnt;sulfurous
MOL_001260,Trimethylcyclohexenone,20013-73-4,20013-73-4,True,True,CC1=CCCC(C)(C)C1=O,CC1=CCCC(C)(C)C1=O,True,tobacco;sharp;camphoreous;herbal
MOL_001261,hotrienol,20053-88-7,20053-88-7,True,True,C/C(=C\C=C)/CC(C)(C=C)O,C=C/C=C(\C)CC(C)(O)C=C,True,sweet;tropical;floral;herbal;spicy
MOL_001262,methyl (Z)-jasmonate,20073-13-6,20073-13-6,True,True,CC/C=C\CC1C(CCC1=O)CC(=O)OC,CC/C=C\CC1C(=O)CCC1CC(=O)OC,True,floral;jasmine
MOL_001263,Methylheptenone,2009-74-7,2009-74-7,True,True,CC(=O)/C=C/CC(C)C,CC(=O)/C=C/CC(C)C,True,ketonic;green;fruity;fresh;herbal
MOL_001264,Phenyl valerate,20115-23-5,20115-23-5,True,True,CCCCC(=O)Oc1ccccc1,CCCCC(=O)Oc1ccccc1,True,phenolic;medicinal;fruity
MOL_001265,(E)-2-octen-4-ol,20125-81-9,20125-81-9,True,True,CCCCC(/C=C/C)O,C/C=C/C(O)CCCC,True,fruity;berry
MOL_001266,Octenol,20125-84-2,20125-84-2,True,True,CCCC/C=C/CCO,CCCC/C=C/CCO,True,earthy;fresh;melon;herbal
MOL_001267,alpha-heptyl cinnamaldehyde,20175-19-3,20175-19-3,True,True,CCCCCCCC(=CC1=CC=CC=C1)C=O,CCCCCCCC(C=O)=Cc1ccccc1,True,green;leafy;fruity
MOL_001268,3-nonyne,20184-89-8,20184-89-8,True,True,C(#CCCCCC)CC,CCC#CCCCCC,True,cucumber;fresh
MOL_001269,Ethyl phenylpropionate,2021-28-5,2021-28-5,True,True,CCOC(=O)CCc1ccccc1,CCOC(=O)CCc1ccccc1,True,fruity;honey;floral;sweet;rum
MOL_001270,"acetaldehyde 1,3-octane diol acetal",202188-43-0,202188-43-0,True,True,CCCCCC1CCOC(O1)C,CCCCCC1CCOC(C)O1,True,green;ethereal;musty
MOL_001271,Ethyl furfuryl sulfide,2024-70-6,2024-70-6,True,True,CCSCc1ccco1,CCSCc1ccco1,True,roasted;garlic;horseradish;coffee;sulfurous
MOL_001272,Pentenol,20273-24-9,20273-24-9,True,True,CC/C=C/CO,CC/C=C/CO,True,ethereal;citrus;green;fruity;metallic;fresh
MOL_001273,Phenyl isobutyrate,20279-29-2,20279-29-2,True,True,CC(C)C(=O)Oc1ccccc1,CC(C)C(=O)Oc1ccccc1,True,fruity;honey;animal;pungent
MOL_001274,Propyl pyruvate,20279-43-0,20279-43-0,True,True,CCCOC(=O)C(C)=O,CCCOC(=O)C(C)=O,True,fruity;burnt;caramellic
MOL_001275,Amyl levulinate,20279-49-6,20279-49-6,True,True,CCCCCOC(=O)CCC(C)=O,CCCCCOC(=O)CCC(C)=O,True,oily;fruity;winey;caramellic
MOL_001276,Hexyl lactate,20279-51-0,20279-51-0,True,True,CCCCCCOC(=O)C(C)O,CCCCCCOC(=O)C(C)O,True,floral;sweet
MOL_001277,Octyl butyrate,20286-45-7,20286-45-7,True,True,CCCCCC(CC)OC(=O)CCC,CCCCCC(CC)OC(=O)CCC,True,fruity;herbal
MOL_001278,cis-green acetate,20298-69-5,20298-69-5,True,True,CC(=O)O[C@@H]1CCCC[C@@H]1C(C)(C)C,CC(=O)O[C@@H]1CCCC[C@@H]1C(C)(C)C,True,fruity;citrus;woody;camphoreous;pine;spicy;herbal
MOL_001279,cis-3-tert-butyl cyclohexyl acetate,20298-72-0,20298-72-0,True,True,O=C(C)O[C@@H]1C[C@H](CCC1)C(C)(C)C,CC(=O)O[C@H]1CCC[C@H](C(C)(C)C)C1,True,woody;orris;fresh;floral;camphoreous
MOL_001280,beta-sesquiphellandrene,20307-83-9,20307-83-9,True,True,C[C@@H](CCC=C(C)C)C1CCC(=C)C=C1,C=C1C=CC([C@@H](C)CCC=C(C)C)CC1,True,herbal;fruity;woody
MOL_001281,Elemene,20307-84-0,20307-84-0,True,True,C=CC1(C)CCC(C(C)C)=CC1C(=C)C,C=CC1(C)CCC(C(C)C)=CC1C(=C)C,True,woody;balsamic;spicy
MOL_001282,Methyl ethyl disulfide,20333-39-5,20333-39-5,True,True,CCSSC,CCSSC,True,onion;sulfurous;alliaceous
MOL_001283,dextro-bornyl acetate,20347-65-3,20347-65-3,True,True,CC(=O)O[C@H]1CC2CCC1(C2(C)C)C,CC(=O)O[C@H]1CC2CCC1(C)C2(C)C,True,pine;camphoreous;herbal;balsamic
MOL_001284,4-methyl-4-phenyl-2-pentanol,2035-93-0,2035-93-0,True,True,CC(CC(C)(C)C1=CC=CC=C1)O,CC(O)CC(C)(C)c1ccccc1,True,floral;green
MOL_001285,Isoamyl octanoate,2035-99-6,2035-99-6,True,True,CCCCCCCC(=O)OCCC(C)C,CCCCCCCC(=O)OCCC(C)C,True,green;oily;fruity;fatty;waxy;cognac;winey;pineapple
MOL_001286,Limonene oxide,203719-54-4,203719-54-4,True,True,C=C(C)[C@@H]1CCC2(C)OC2C1,C=C(C)[C@@H]1CCC2(C)OC2C1,True,fresh;herbal;mint
MOL_001287,labdanum ethanone,2040-10-0,2040-10-0,True,True,CC1=CC(=CC(=C1C(=O)C)C)C(C)(C)C,CC(=O)c1c(C)cc(C(C)(C)C)cc1C,True,dry;woody;balsamic;rose;musk;floral
MOL_001288,Dodecenal,20407-84-5,20407-84-5,True,True,CCCCCCCCC/C=C/C=O,CCCCCCCCC/C=C/C=O,True,waxy;orange
MOL_001289,(R)-citronellyl acetate,20425-54-1,20425-54-1,True,True,O=C(OCC[C@@H](CC/C=C(\C)C)C)C,CC(=O)OCC[C@H](C)CCC=C(C)C,True,citrus;animal;aldehydic
MOL_001290,Pyridinemethanethiol,2044-73-7,2044-73-7,True,True,SCc1ccccn1,SCc1ccccn1,True,roasted;meaty;fatty;savory;sulfurous
MOL_001291,Methyl phenylbutyrate,2046-17-5,2046-17-5,True,True,COC(=O)CCCc1ccccc1,COC(=O)CCCc1ccccc1,True,honey;fruity;floral;sweet
MOL_001292,Allyl butenoate,20474-93-5,20474-93-5,True,True,C=CCOC(=O)/C=C/C,C=CCOC(=O)/C=C/C,True,fruity;fresh;pungent
MOL_001293,Dehydrodihydroionone,20483-36-7,20483-36-7,True,True,CC(=O)CCC1=C(C)C=CCC1(C)C,CC(=O)CCC1=C(C)C=CCC1(C)C,True,rose;tobacco;waxy
MOL_001294,Butyl propionate,20487-40-5,20487-40-5,True,True,CCC(=O)OC(C)(C)C,CCC(=O)OC(C)(C)C,True,fruity;rum;brandy
MOL_001295,dihydronootkatone,20489-53-6,20489-53-6,True,True,C[C@@H]1CC(=O)C[C@H]2[C@]1(C[C@@H](CC2)C(=C)C)C,C=C(C)[C@@H]1CC[C@H]2CC(=O)C[C@@H](C)[C@]2(C)C1,True,citrus;grapefruit
MOL_001296,Amyl benzoate,2049-96-9,2049-96-9,True,True,CCCCCOC(=O)c1ccccc1,CCCCCOC(=O)c1ccccc1,True,fruity;balsamic;floral;sweet
MOL_001297,Isoamyl isobutyrate,2050-01-3,2050-01-3,True,True,CC(C)CCOC(=O)C(C)C,CC(C)CCOC(=O)C(C)C,True,green;fruity
MOL_001298,Amyl salicylate,2050-08-0,2050-08-0,True,True,CCCCCOC(=O)c1ccccc1O,CCCCCOC(=O)c1ccccc1O,True,balsamic;floral;sweet;herbal
MOL_001299,Isoamyl valerate,2050-09-1,2050-09-1,True,True,CCCCC(=O)OCCC(C)C,CCCCC(=O)OCCC(C)C,True,apple;apricot;fruity;fatty;banana;fermented;herbal
MOL_001300,Catechol diethyl ether,2050-46-6,2050-46-6,True,True,CCOc1ccccc1OCC,CCOc1ccccc1OCC,True,anisic;vanilla;sweet
MOL_001301,Diallyl trisulfide,2050-87-5,2050-87-5,True,True,C=CCSSSCC=C,C=CCSSSCC=C,True,onion;garlic;roasted;savory
MOL_001302,Diisoamyl disulfide,2051-04-9,2051-04-9,True,True,CC(C)CCSSCCC(C)C,CC(C)CCSSCCC(C)C,True,vegetable;meaty;green;alliaceous;savory;sulfurous
MOL_001303,Octyl acetate,2051-50-5,2051-50-5,True,True,CCCCCCC(C)OC(C)=O,CCCCCCC(C)OC(C)=O,True,waxy;fruity;floral;herbal
MOL_001304,Allyl butanoate,2051-78-7,2051-78-7,True,True,C=CCOC(=O)CCC,C=CCOC(=O)CCC,True,apple;apricot;green;fruity;pineapple
MOL_001305,Benzyl lactate,2051-96-9,2051-96-9,True,True,CC(O)C(=O)OCc1ccccc1,CC(O)C(=O)OCc1ccccc1,True,caramellic;fruity;dairy;sweet
MOL_001306,butyl salicylate,2052-14-4,2052-14-4,True,True,CCCCOC(=O)C1=CC=CC=C1O,CCCCOC(=O)c1ccccc1O,True,floral;herbal;medicinal
MOL_001307,Butyl levulinate,2052-15-5,2052-15-5,True,True,CCCCOC(=O)CCC(C)=O,CCCCOC(=O)CCC(C)=O,True,caramellic;fruity;fatty;savory;waxy;sweet
MOL_001308,Trimethylcyclohexanedione,20547-99-3,20547-99-3,True,True,CC1CC(=O)CC(C)(C)C1=O,CC1CC(=O)CC(C)(C)C1=O,True,tea;tobacco;sour
MOL_001309,Methylthiobutanol,20582-85-8,20582-85-8,True,True,CSCCCCO,CSCCCCO,True,fruity;metallic;tomato;vegetable;mushroom;cheesy
MOL_001310,Dipentyl malonate,20602-31-7,20602-31-7,True,True,CCCCCOC(=O)CC(=O)OCCCCC,CCCCCOC(=O)CC(=O)OCCCCC,True,fruity;fatty;winey
MOL_001311,Trimethyloxazole,20662-84-4,20662-84-4,True,True,Cc1nc(C)c(C)o1,Cc1nc(C)c(C)o1,True,meaty;green;fruity;nutty;beefy;sweet;chocolate
MOL_001312,(Z)-2-octenal,20664-46-4,20664-46-4,True,True,CCCCC/C=C\C=O,CCCCC/C=C\C=O,True,fatty;fruity;green;leafy;nutty
MOL_001313,vanillyl isobutyrate,20665-85-4,20665-85-4,True,True,CC(C)C(=O)OC1=C(C=C(C=C1)C=O)OC,COc1cc(C=O)ccc1OC(=O)C(C)C,True,sweet;vanilla;creamy;fruity;caramellic;chocolate
MOL_001314,Propenyldimethoxyphenol,20675-95-0,20675-95-0,True,True,CC=Cc1ccc(O)c(OC)c1OC,CC=Cc1ccc(O)c(OC)c1OC,True,phenolic;smoky;spicy
MOL_001315,Acetaldehyde ethyl propyl acetal,20680-10-8,20680-10-8,True,True,CCCOC(C)OCC,CCCOC(C)OCC,True,alcoholic;ethereal;green;nutty;cognac;pungent
MOL_001316,4-tert-butyl cyclohexane carboxaldehyde,20691-52-5,20691-52-5,True,True,CC(C)(C)C1CCC(CC1)C=O,CC(C)(C)C1CCC(C=O)CC1,True,floral;woody
MOL_001317,Methylallyl propionate,20720-12-1,20720-12-1,True,True,C=C(C)COC(=O)CC,C=C(C)COC(=O)CC,True,ethereal;fruity;sharp;rum;sweet;brandy
MOL_001318,Methyl hexanethioate,20756-86-9,20756-86-9,True,True,CCCCCC(=S)OC,CCCCCC(=S)OC,True,green;fruity;tropical;sulfurous;pineapple;cheesy
MOL_001319,citronellyl senecioate,20770-40-5,20770-40-5,True,True,CC(CCC=C(C)C)CCOC(=O)C=C(C)C,CC(C)=CCCC(C)CCOC(=O)C=C(C)C,True,rose;floral
MOL_001320,dihydrocarvyl acetate,20777-49-5,20777-49-5,True,True,CC1CCC(CC1OC(=O)C)C(=C)C,C=C(C)C1CCC(C)C(OC(C)=O)C1,True,floral;rose;spicy;sweet;mint;green;fruity;vegetable;camphoreous;pine
MOL_001321,tetrahydrolinalyl acetate,20780-48-7,20780-48-7,True,True,CCC(C)(CCCC(C)C)OC(=O)C,CCC(C)(CCCC(C)C)OC(C)=O,True,fresh;woody;citrus;floral
MOL_001322,Tetrahydrogeranyl acetate,20780-49-8,20780-49-8,True,True,CC(=O)OCCC(C)CCCC(C)C,CC(=O)OCCC(C)CCCC(C)C,True,honey;fruity;waxy;floral
MOL_001323,Methyl methylthiobutanoate,207983-28-6,207983-28-6,True,True,CCC(C)C(=S)OC,CCC(C)C(=S)OC,True,ripe;vegetable;fruity;tropical;sulfurous;cheesy
MOL_001324,Ethyl butanethioate,20807-99-2,20807-99-2,True,True,CCCC(=S)OCC,CCCC(=S)OCC,True,fruity;cocoa;cheesy
MOL_001325,2-heptyl pyridine,20815-27-4,20815-27-4,True,True,CCCCCCCC1=CC=CC=N1,CCCCCCCc1ccccn1,True,green;floral;earthy
MOL_001326,cumin carbinol,20834-59-7,20834-59-7,True,True,CC1=CC=C(C=C1)CC(C)(C)O,Cc1ccc(CC(C)(C)O)cc1,True,floral;green;spicy
MOL_001327,Methylbutanethiol,2084-18-6,2084-18-6,True,True,CC(C)C(C)S,CC(C)C(C)S,True,sulfurous;beefy;meaty
MOL_001328,Pentanethiol,2084-19-7,2084-19-7,True,True,CCCC(C)S,CCCC(C)S,True,sulfurous
MOL_001329,Methylheptenone,20859-10-3,20859-10-3,True,True,CCCC=CC(=O)CC,CCCC=CC(=O)CC,True,ketonic;fresh;herbal
MOL_001330,Divanillin,2092-49-1,2092-49-1,True,True,COc1cc(C=O)cc(-c2cc(C=O)cc(OC)c2O)c1O,COc1cc(C=O)cc(-c2cc(C=O)cc(OC)c2O)c1O,True,creamy;milky
MOL_001331,Ethoxymethylphenol,20920-83-6,20920-83-6,True,True,CCOCc1ccccc1O,CCOCc1ccccc1O,True,vanilla;animal;phenolic;smoky;sweet
MOL_001332,Ethyl hydroxyphenylpropanoate,20921-04-4,20921-04-4,True,True,CCOC(=O)C(C)(O)c1ccccc1,CCOC(=O)C(C)(O)c1ccccc1,True,creamy;vanilla;sweet
MOL_001333,benzyl pivalate,2094-69-1,2094-69-1,True,True,CC(C)(C)C(=O)OCC1=CC=CC=C1,CC(C)(C)C(=O)OCc1ccccc1,True,floral;herbal;chamomile
MOL_001334,Decadiene,20996-35-4,20996-35-4,True,True,C=CC=CCCCCCC,C=CC=CCCCCCC,True,green;oily;gasoline;herbal
MOL_001335,Pentenal,2100-17-6,2100-17-6,True,True,C=CCCC=O,C=CCCC=O,True,green;sharp;malty
MOL_001336,Carveol,2102-59-2,2102-59-2,True,True,C=C(C)[C@@H]1CC=C(C)[C@H](O)C1,C=C(C)[C@@H]1CC=C(C)[C@H](O)C1,True,sweet
MOL_001337,(E)-cinnamyl acetate,21040-45-9,21040-45-9,True,True,CC(=O)OC/C=C/C1=CC=CC=C1,CC(=O)OC/C=C/c1ccccc1,True,sweet;floral;spicy;balsamic
MOL_001338,Methyl octenoate,21063-71-8,21063-71-8,True,True,CCC/C=C/CCC(=O)OC,CCC/C=C/CCC(=O)OC,True,green;fruity
MOL_001339,2-cyclohexyl propionaldehyde,2109-22-0,2109-22-0,True,True,CC(C=O)C1CCCCC1,CC(C=O)C1CCCCC1,True,fresh;green;musty;fruity
MOL_001340,Phenylpropylpyridine,2110-18-1,2110-18-1,True,True,c1ccc(CCCc2ccccn2)cc1,c1ccc(CCCc2ccccn2)cc1,True,green;earthy;herbal
MOL_001341,Methyl methyllactate,2110-78-3,2110-78-3,True,True,COC(=O)C(C)(C)O,COC(=O)C(C)(C)O,True,fruity;nutty;caramellic
MOL_001342,Perillaldehyde,2111-75-3,2111-75-3,True,True,C=C(C)C1CC=C(C=O)CC1,C=C(C)C1CC=C(C=O)CC1,True,spicy;fatty;herbal
MOL_001343,vetylbois,21112-37-8,21112-37-8,True,True,CC(C)(C)C1=C(C=CC(=C1)OC)OC,COc1ccc(OC)c(C(C)(C)C)c1,True,woody
MOL_001344,citronellyl (R)-lactate,211238-85-6,211238-85-6,True,True,C[C@H](C(=O)OCCC(C)CCC=C(C)C)O,CC(C)=CCCC(C)CCOC(=O)[C@@H](C)O,True,floral;warm
MOL_001345,"(4aR,5R,7aS,9R)-octahydro-2,2,5,8,8,9a-hexamethyl-4h-4a,9-methanoazuleno(5,6-d)-1,3-dioxole",211299-54-6,211299-54-6,True,True,C[C@@H]1CC[C@@H]2[C@@]13C[C@H](C2(C)C)C4(C(C3)OC(O4)(C)C)C,C[C@@H]1CC[C@H]2C(C)(C)[C@H]3C[C@@]12CC1OC(C)(C)OC13C,True,woody;balsamic
MOL_001346,Nonadienyl acetate,211323-05-6,211323-05-6,True,True,CC/C=C\C/C=C/CCOC(C)=O,CC/C=C\C/C=C/CCOC(C)=O,True,green;fruity;melon;pear;fresh
MOL_001347,Methyl hydroxyhexanoate,21188-58-9,21188-58-9,True,True,CCCCC(O)C(=O)OC,CCCCC(O)C(=O)OC,True,fruity;fresh;pineapple;winey
MOL_001348,Methyl acetoxyhexanoate,21188-60-3,21188-60-3,True,True,CCCC(CC(=O)OC)OC(C)=O,CCCC(CC(=O)OC)OC(C)=O,True,green;fruity
MOL_001349,Ethyl acetoxyhexanoate,21188-61-4,21188-61-4,True,True,CCCC(CC(=O)OCC)OC(C)=O,CCCC(CC(=O)OCC)OC(C)=O,True,green;fruity
MOL_001350,"1,5,8-para-menthatriene",21195-59-5,21195-59-5,True,True,CC1=CCC(C=C1)C(=C)C,C=C(C)C1C=CC(C)=CC1,True,roasted
MOL_001351,Phenoxyacetaldehyde,2120-70-9,2120-70-9,True,True,O=CCOc1ccccc1,O=CCOc1ccccc1,True,green;fresh;aldehydic;woody;floral;sweet
MOL_001352,animal carbolactone,21280-29-5,21280-29-5,True,True,CC1(CCCC23C1CC(CC2)(C(=O)O3)C)C,CC12CCC3(CCCC(C)(C)C3C1)OC2=O,True,dry;animal;balsamic;musk
MOL_001353,(-)-cubenol,21284-22-0,21284-22-0,True,True,C[C@@H]1CC[C@H]([C@H]2[C@]1(CCC(=C2)C)O)C(C)C,CC1=C[C@H]2[C@H](C(C)C)CC[C@@H](C)[C@]2(O)CC1,True,spicy;herbal;tea
MOL_001354,Menthadienol,21391-84-4,21391-84-4,True,True,C=C1CC[C@@H](C(=C)C)C[C@@H]1O,C=C(C)[C@@H]1CCC(=C)[C@@H](O)C1,True,mint;citrus;herbal
MOL_001355,Neryl formate,2142-94-1,2142-94-1,True,True,CC(C)=CCC/C(C)=C/C(O)C=O,CC(C)=CCC/C(C)=C/C(O)C=O,True,green;floral;sweet;herbal
MOL_001356,1-methyl-3-(2-methyl propyl) cyclohexanol,215231-33-7,215231-33-7,True,True,CC1(O)CCCC(CC(C)C)C1,CC(C)CC1CCCC(C)(O)C1,True,floral;citrus
MOL_001357,Terpinyl formate,2153-26-6,2153-26-6,True,True,CC1=CCC(C(C)(C)OC=O)CC1,CC1=CCC(C(C)(C)OC=O)CC1,True,floral;citrus;herbal
MOL_001358,Terpinyl butyrate,2153-28-8,2153-28-8,True,True,CCCC(=O)OC(C)(C)C1CC=C(C)CC1,CCCC(=O)OC(C)(C)C1CC=C(C)CC1,True,fruity;balsamic;sour;herbal
MOL_001359,Allyl cysteine,21593-77-1,21593-77-1,True,True,C=CCSCC(N)C(=O)O,C=CCSCC(N)C(=O)O,True,garlic;alliaceous
MOL_001360,Thujyl alcohol,21653-20-3,21653-20-3,True,True,CC1[C@H](O)C[C@@]2(C(C)C)C[C@H]12,CC1[C@H](O)C[C@@]2(C(C)C)C[C@H]12,True,camphoreous;mint
MOL_001361,Decenal,21661-97-2,21661-97-2,True,True,CC/C=C\CCCCCC=O,CC/C=C\CCCCCC=O,True,cucumber;aldehydic;citrus
MOL_001362,Decenal,21662-08-8,21662-08-8,True,True,CCCC/C=C\CCCC=O,CCCC/C=C\CCCC=O,True,citrus;green;fatty;fruity;melon;fresh
MOL_001363,Decenal,21662-09-9,21662-09-9,True,True,CCC/C=C/C=C/CCCO,CCC/C=C/C=C/CCCO,True,citrus;waxy;orange;floral
MOL_001364,Dodecadienal,21662-13-5,21662-13-5,True,True,CCCCC/C=C/CC/C=C/C=O,CCCCC/C=C/CC/C=C/C=O,True,fatty;waxy;citrus;melon
MOL_001365,Dodecadienal,21662-16-8,21662-16-8,True,True,CCCCCCC/C=C/C=C/C=O,CCCCCCC/C=C/C=C/C=O,True,meaty;fatty;orange;grapefruit
MOL_001366,Ethylformylpyrrole,2167-14-8,2167-14-8,True,True,CCn1cccc1C=O,CCn1cccc1C=O,True,burnt;roasted
MOL_001367,Cyclohexaneethyl acetate,21722-83-8,21722-83-8,True,True,CC(=O)OCCC1CCCCC1,CC(=O)OCCC1CCCCC1,True,fruity;rose;sweet;mint
MOL_001368,Amyl valerate,2173-56-0,2173-56-0,True,True,CCCCCOC(=O)CCCC,CCCCCOC(=O)CCCC,True,fruity;apple;ethereal
MOL_001369,Naphthyl isobutyl ether,2173-57-1,2173-57-1,True,True,CC(C)COc1ccc2ccccc2c1,CC(C)COc1ccc2ccccc2c1,True,fruity;strawberry;sweet
MOL_001370,Methyl methylpentanoate,2177-77-7,2177-77-7,True,True,CCCC(C)C(=O)OC,CCCC(C)C(=O)OC,True,apple;green;fruity;melon;tropical;berry;pineapple;sweet
MOL_001371,Diallyl disulfide,2179-57-9,2179-57-9,True,True,C=CCSSCC=C,C=CCSSCC=C,True,garlic;pungent
MOL_001372,Allyl methyl disulfide,2179-58-0,2179-58-0,True,True,C=CCSSC,C=CCSSC,True,onion;sulfurous;garlic
MOL_001373,Allyl propyl disulphide,2179-59-1,2179-59-1,True,True,C=CCSSCCC,C=CCSSCCC,True,onion;alliaceous;garlic;savory
MOL_001374,Methyl propyl disulfide,2179-60-4,2179-60-4,True,True,CCCSSC,CCCSSC,True,onion;garlic;vegetable;radish
MOL_001375,Methylphenylhexenal,21834-92-4,21834-92-4,True,True,CC(C)C/C=C(/C=O)c1ccccc1,CC(C)C/C=C(/C=O)c1ccccc1,True,cocoa
MOL_001376,hydroxydimethyl cyclopentenone,21835-00-7,21835-00-7,True,True,CC1CC(=O)C(=C1C)O,CC1=C(O)C(=O)CC1C,True,caramellic
MOL_001377,Ethylhydroxycyclopentenone,21835-01-8,21835-01-8,True,True,CCC1=C(O)C(=O)CC1,CCC1=C(O)C(=O)CC1,True,caramellic;sweet
MOL_001378,Anisaldehyde dimethyl acetal,2186-92-7,2186-92-7,True,True,COc1ccc(C(OC)OC)cc1,COc1ccc(C(OC)OC)cc1,True,spicy;anisic;green;floral
MOL_001379,(±)-trans-patchouli hexanol,21862-63-5,21862-63-5,True,True,CC(C)(C)[C@H]1CC[C@H](O)CC1,CC(C)(C)[C@H]1CC[C@H](O)CC1,True,woody;earthy
MOL_001380,Isopropyl levulinate,21884-26-4,21884-26-4,True,True,CC(=O)CCC(=O)OC(C)C,CC(=O)CCC(=O)OC(C)C,True,fruity;banana;melon;sweet
MOL_001381,"(Z,Z)-3,6-nonadienal",21944-83-2,21944-83-2,True,True,CC/C=C\C/C=C\CC=O,CC/C=C\C/C=C\CC=O,True,fatty;fresh;cucumber
MOL_001382,Dodecenal,21944-98-9,21944-98-9,True,True,CCCCCCC/C=C\CCC=O,CCCCCCC/C=C\CCC=O,True,fishy;citrus
MOL_001383,Pyrazinyl methyl sulfide,21948-70-9,21948-70-9,True,True,CSc1cnccn1,CSc1cnccn1,True,alliaceous;nutty;cocoa;hazelnut;sweet
MOL_001384,Nonenolide,21963-26-8,21963-26-8,True,True,CCCCCC1C=CC(=O)O1,CCCCCC1C=CC(=O)O1,True,hay;fatty;coconut;coumarinic
MOL_001385,Nonenol,21964-44-3,21964-44-3,True,True,C=CC(O)CCCCCC,C=CC(O)CCCCCC,True,oily;earthy;sweet;mushroom
MOL_001386,Isoamyl hexanoate,2198-61-0,2198-61-0,True,True,CCCCCC(=O)OCCC(C)C,CCCCCC(=O)OCCC(C)C,True,apple;fruity;banana;waxy;pineapple
MOL_001387,Ionol,22029-76-1,22029-76-1,True,True,CC1=C(/C=C/C(C)O)C(C)(C)CCC1,CC1=C(/C=C/C(C)O)C(C)(C)CCC1,True,fruity;violet;berry;woody;floral
MOL_001388,Ionyl acetate,22030-19-9,22030-19-9,True,True,CC(=O)OC(C)/C=C/C1=C(C)CCCC1(C)C,CC(=O)OC(C)/C=C/C1=C(C)CCCC1(C)C,True,woody;fruity
MOL_001389,Acetylpyrazine,22047-25-2,22047-25-2,True,True,CC(=O)c1cnccn1,CC(=O)c1cnccn1,True,nutty;bread;popcorn
MOL_001390,Acetylmethylpyrazine,22047-26-3,22047-26-3,True,True,CC(=O)Cc1cnccn1,CC(=O)Cc1cnccn1,True,nutty;bread;popcorn
MOL_001391,Acetylmethylpyrazine,22047-27-4,22047-27-4,True,True,CC(=O)c1cnc(C)cn1,CC(=O)c1cnc(C)cn1,True,nutty;bread;popcorn
MOL_001392,indocolore (Firmenich),2206-94-2,2206-94-2,True,True,O=C(O\C(=C)c1ccccc1)C,C=C(OC(C)=O)c1ccccc1,True,animal;floral;phenolic
MOL_001393,Prenyl ethyl ether,22094-00-4,22094-00-4,True,True,CCOCC=C(C)C,CCOCC=C(C)C,True,alcoholic;sharp;brandy
MOL_001394,2-octen-1-ol,22104-78-5,22104-78-5,True,True,CCCCCC=CCO,CCCCCC=CCO,True,green;vegetable
MOL_001395,2-nonen-1-ol,22104-79-6,22104-79-6,True,True,CCCCCCC=CCO,CCCCCCC=CCO,True,sweet;fatty;melon;cucumber;vegetable
MOL_001396,Decenol,22104-80-9,22104-80-9,True,True,CCCCCCCC=CCO,CCCCCCCC=CCO,True,rose;citrus;fatty;waxy;floral
MOL_001397,Dodecenol,22104-81-0,22104-81-0,True,True,CCCCCCCCC/C=C/CO,CCCCCCCCC/C=C/CO,True,fatty;citrus
MOL_001398,Methylbenzyl acetate,2216-45-7,2216-45-7,True,True,CC(=O)OCc1ccc(C)cc1,CC(=O)OCc1ccc(C)cc1,True,fruity;anisic;cherry;floral;sweet
MOL_001399,Menthol,2216-51-5,2216-51-5,True,True,CC(C)[C@@H]1CC[C@@H](C)C[C@H]1O,CC(C)[C@@H]1CC[C@@H](C)C[C@H]1O,True,mint
MOL_001400,Neomenthol,2216-52-6,2216-52-6,True,True,CC(C)[C@H]1CC[C@@H](C)CC1O,CC(C)[C@H]1CC[C@@H](C)CC1O,True,pine;camphoreous;musty;mint
MOL_001401,Methoxynaphthalene,2216-69-5,2216-69-5,True,True,COc1cccc2ccccc12,COc1cccc2ccccc12,True,orange
MOL_001402,Heptyl propionate,2216-81-1,2216-81-1,True,True,CCCCCCCOC(=O)CC,CCCCCCCOC(=O)CC,True,fruity;winey;waxy
MOL_001403,Tetrahydrofurfuryl butyrate,2217-33-6,2217-33-6,True,True,CCCC(=O)OCC1CCCO1,CCCC(=O)OCC1CCCO1,True,apricot;fruity;tropical;pineapple;sweet
MOL_001404,2-tert-butyl-6-methyl phenol,2219-82-1,2219-82-1,True,True,CC1=C(C(=CC=C1)C(C)(C)C)O,Cc1cccc(C(C)(C)C)c1O,True,phenolic;leathery;medicinal
MOL_001405,Acetylthiohexanal,22236-44-8,22236-44-8,True,True,CCCCC(C=O)SC(C)=O,CCCCC(C=O)SC(C)=O,True,grapefruit;sweet;citrus
MOL_001406,patchouli ethanol,2226-05-3,2226-05-3,True,True,CC2(C)C(=C\CO)\C1CCC2C1,CC1(C)/C(=C/CO)C2CCC1C2,True,dry;woody;earthy;camphoreous;mint
MOL_001407,Menthyl formate,2230-90-2,2230-90-2,True,True,CC1CCC(C(C)C)C(OC=O)C1,CC1CCC(C(C)C)C(OC=O)C1,True,green;earthy;fresh;herbal;floral;mint
MOL_001408,phenyl ethylidene acetone,2235-83-8,2235-83-8,True,True,CC(=O)CCCC1=CC=CC=C1,CC(=O)CCCc1ccccc1,True,floral
MOL_001409,Propyl palmitate,2239-78-3,2239-78-3,True,True,CCCCCCCCCCCCCCCC(=O)OCCC,CCCCCCCCCCCCCCCC(=O)OCCC,True,odorless
MOL_001410,spirogalbanone (Givaudan),224031-70-3,224031-70-3,True,True,C=CCCC(=O)C\2=C\CCC1(CCCC1)C/2,C=CCCC(=O)C1=CCCC2(CCCC2)C1,True,green;fruity;pineapple
MOL_001411,"3,5,5-trimethyl-2-methylene hexanal",22414-70-6,22414-70-6,True,True,O=C/C(=C)C(C)CC(C)(C)C,C=C(C=O)C(C)CC(C)(C)C,True,mint;camphoreous
MOL_001412,alpha-methylene citronellal,22418-66-2,22418-66-2,True,True,CC(CCC=C(C)C)C(=C)C=O,C=C(C=O)C(C)CCC=C(C)C,True,citrus;fresh;green;woody
MOL_001413,Undecene,2244-02-2,2244-02-2,True,True,C/C=C/CCCCCCCC,C/C=C/CCCCCCCC,True,gasoline
MOL_001414,dextro-carvone,2244-16-8,2244-16-8,True,True,CC1=CC[C@@H](CC1=O)C(=C)C,C=C(C)[C@H]1CC=C(C)C(=O)C1,True,spicy;bread
MOL_001415,bulnesol,22451-73-6,22451-73-6,True,True,CC1CCC2=C(CCC(CC12)C(C)(C)O)C,CC1=C2CCC(C)C2CC(C(C)(C)O)CC1,True,spicy
MOL_001416,leafy oxime,22457-23-4,22457-23-4,True,True,CCC(C)CC(=NO)CC,CCC(CC(C)CC)=NO,True,green;fruity;leafy;woody
MOL_001417,citronellal oxime,22457-25-6,22457-25-6,True,True,N(O)=CCC(CC\C=C(/C)C)C,CC(C)=CCCC(C)CC=NO,True,citrus
MOL_001418,thesaron (Takasago),22471-55-2,22471-55-2,True,True,O=C(OCC)[C@@H]1[C@@H](C)CCCC1(C)C,CCOC(=O)[C@@H]1[C@@H](C)CCCC1(C)C,True,fruity;floral;rose;balsamic
MOL_001419,Methoxyethyl acetoacetate,22502-03-0,22502-03-0,True,True,COCCOC(=O)CC(C)=O,COCCOC(=O)CC(C)=O,True,fermented;fruity;sweet
MOL_001420,Isopropyl isothiocyanate,2253-73-8,2253-73-8,True,True,CC(C)N=C=S,CC(C)N=C=S,True,pungent;horseradish
MOL_001421,Phenethyl isothiocyanate,2257-09-2,2257-09-2,True,True,S=C=NCCc1ccccc1,S=C=NCCc1ccccc1,True,spicy;radish;horseradish;vegetable;pungent
MOL_001422,Octenone,22610-86-2,22610-86-2,True,True,CCC=CCCC(C)=O,CCC=CCCC(C)=O,True,green;fatty;earthy;herbal
MOL_001423,"(3S,6S)-(Z)-linalool oxide (pyranoid)",22628-11-1,22628-11-1,True,True,C[C@]1(CC[C@@H](C(O1)(C)C)O)C=C,C=C[C@]1(C)CC[C@H](O)C(C)(C)O1,True,sweet;floral;creamy
MOL_001424,waxy nitrile,22629-49-8,22629-49-8,True,True,CCCCCCCCCCC=CC#N,CCCCCCCCCCC=CC#N,True,citrus;waxy;fresh;aldehydic
MOL_001425,Trimethyloxazoline,22694-96-8,22694-96-8,True,True,CC1=N[C@@H](C)O[C@H]1C,CC1=N[C@@H](C)O[C@H]1C,True,vegetable;green;nutty;cocoa;woody;musty
MOL_001426,Dihydrolinalool,2270-57-7,2270-57-7,True,True,CCC(C)(O)CCC=C(C)C,CCC(C)(O)CCC=C(C)C,True,floral;citrus
MOL_001427,Methyl citronellate,2270-60-2,2270-60-2,True,True,COC(=O)CC(C)CCC=C(C)C,COC(=O)CC(C)CCC=C(C)C,True,apple;green;waxy;winey;floral;brandy
MOL_001428,methyl 5-methyl salicylate,22717-57-3,22717-57-3,True,True,O=C(OC)c1cc(ccc1O)C,COC(=O)c1cc(C)ccc1O,True,mint;fruity;cherry;leathery
MOL_001429,3-mercapto-2-methyl pentanol,227456-27-1,227456-27-1,True,True,CCC(C(C)CO)S,CCC(S)C(C)CO,True,sulfurous;onion
MOL_001430,3-mercapto-2-methyl pentanal,227456-28-2,227456-28-2,True,True,CCC(C(C)C=O)S,CCC(S)C(C)C=O,True,sulfurous;onion;savory;roasted;beefy;chicken;alliaceous;garlic;tropical;dairy
MOL_001431,Mercaptomethylbutanol,227456-33-9,227456-33-9,True,True,CC(S)C(C)CO,CC(S)C(C)CO,True,meaty;green;onion
MOL_001432,Nonenal,2277-16-9,2277-16-9,True,True,CCCC/C=C/CCC=O,CCCC/C=C/CCC=O,True,green;fruity;fatty;melon;waxy
MOL_001433,Nonenal,2277-19-2,2277-19-2,True,True,CC/C=C\CCCCC=O,CC/C=C\CCCCC=O,True,fresh;cucumber;citrus
MOL_001434,Nonenol,2277-20-5,2277-20-5,True,True,CC/C=C/CCCCC=O,CC/C=C/CCCCC=O,True,green;melon;tropical;fresh
MOL_001435,Menthadienol,22771-44-4,22771-44-4,True,True,C=C(C)C1C=CC(C)(O)CC1,C=C(C)C1C=CC(C)(O)CC1,True,musty;floral;herbal
MOL_001436,Solanone,2278-53-7,2278-53-7,True,True,C=C(C)/C=C/C(CCC(C)=O)C(C)C,C=C(C)/C=C/C(CCC(C)=O)C(C)C,True,hay;tobacco;tea;aromatic
MOL_001437,dihydrocitronellyl ethyl ether,22810-10-2,22810-10-2,True,True,CCOCCC(C)CCCC(C)C,CCOCCC(C)CCCC(C)C,True,fresh;rose;citrus;green;herbal
MOL_001438,Octyl crotonate,22874-79-9,22874-79-9,True,True,C/C=C\C(=O)OCCCCCCCC,C/C=C\C(=O)OCCCCCCCC,True,fruity;fresh;herbal;floral
MOL_001439,neryl ethyl ether,22882-89-9,22882-89-9,True,True,CCOC/C=C(/C)\CCC=C(C)C,CCOC/C=C(/C)CCC=C(C)C,True,fresh;rose
MOL_001440,Ethylbenzaldehyde,22927-13-5,22927-13-5,True,True,CCc1ccccc1C=O,CCc1ccccc1C=O,True,spicy;almond
MOL_001441,Pentylpyridine,2294-76-0,2294-76-0,True,True,CCCCCc1ccccn1,CCCCCc1ccccn1,True,green;fatty;vegetable;meaty
MOL_001442,Acetyldimethylfuran,22940-86-9,22940-86-9,True,True,CC(=O)c1oc(C)cc1C,CC(=O)c1oc(C)cc1C,True,nutty;balsamic;caramellic;roasted
MOL_001443,Dodecalactone,2305-05-7,2305-05-7,True,True,CCCCCCCCC1CCC(=O)O1,CCCCCCCCC1CCC(=O)O1,True,fatty;fruity;peach
MOL_001444,2-hexen-1-ol,2305-21-7,2305-21-7,True,True,CCCC=CCO,CCCC=CCO,True,fruity;green;leafy
MOL_001445,Ethyl hydroxyhexanoate,2305-25-1,2305-25-1,True,True,CCCC(O)CC(=O)OCC,CCCC(O)CC(=O)OCC,True,citrus;green;fruity;grape;fresh;winey
MOL_001446,nerolidyl acetate,2306-78-7,2306-78-7,True,True,CC(=CCC/C(=C/CCC(C)(C=C)OC(=O)C)/C)C,C=CC(C)(CC/C=C(\C)CCC=C(C)C)OC(C)=O,True,fresh;sweet;citrus;waxy;floral;woody
MOL_001447,Octyl octanoate,2306-88-9,2306-88-9,True,True,CCCCCCCCOC(=O)CCCCCCC,CCCCCCCCOC(=O)CCCCCCC,True,tea;fatty;sweet;herbal
MOL_001448,Decyl octanoate,2306-89-0,2306-89-0,True,True,CCCCCCCCCCOC(=O)CCCCCCC,CCCCCCCCCCOC(=O)CCCCCCC,True,citrus;oily;fruity;winey;floral
MOL_001449,Isoamyl decanoate,2306-91-4,2306-91-4,True,True,CCCCCCCCCC(=O)OCCC(C)C,CCCCCCCCCC(=O)OCCC(C)C,True,green;oily;fruity;banana;waxy;cognac;winey
MOL_001450,Octyl decanoate,2306-92-5,2306-92-5,True,True,CCCCCCCCCC(=O)OCCCCCCCC,CCCCCCCCCC(=O)OCCCCCCCC,True,oily;fatty;fruity
MOL_001451,Propyl thioacetate,2307-10-0,2307-10-0,True,True,CCCSC(C)=O,CCCSC(C)=O,True,green;garlic;alliaceous;onion;fresh;sulfurous
MOL_001452,Isoamyl acetoacetate,2308-18-1,2308-18-1,True,True,CC(=O)CC(=O)OCCC(C)C,CC(=O)CC(=O)OCCC(C)C,True,fruity;winey;sweet;ethereal
MOL_001453,Bisabolol,23089-26-1,23089-26-1,True,True,CC(C)=CCC[C@](C)(O)[C@@H]1CC=C(C)CC1,CC(C)=CCC[C@](C)(O)[C@@H]1CC=C(C)CC1,True,lemon;fruity;floral
MOL_001454,Isopropyl hexanoate,2311-46-8,2311-46-8,True,True,CCCCCC(=O)OC(C)C,CCCCCC(=O)OC(C)C,True,fruity;pineapple;sweet
MOL_001455,Isopropyl decanoate,2311-59-3,2311-59-3,True,True,CCCCCCCCCC(=O)OC(C)C,CCCCCCCCCC(=O)OC(C)C,True,green;fruity;oily;woody;vegetable
MOL_001456,acetoin dimer,23147-57-1,23147-57-1,True,True,CC1C(OC(C(O1)(C)O)C)(C)O,CC1OC(C)(O)C(C)OC1(C)O,True,milky;creamy;buttery;dairy
MOL_001457,Hexenyl formate,2315-09-5,2315-09-5,True,True,CC/C=C/CCOC=O,CC/C=C/CCOC=O,True,green;fruity;apple;sharp
MOL_001458,Propyl benzoate,2315-68-6,2315-68-6,True,True,CCCOC(=O)c1ccccc1,CCCOC(=O)c1ccccc1,True,nutty;balsamic
MOL_001459,Ionone epoxide,23267-57-4,23267-57-4,True,True,CC(=O)/C=C/C12OC1(C)CCCC2(C)C,CC(=O)/C=C/C12OC1(C)CCCC2(C)C,True,fruity;violet;orris;woody;floral;sweet
MOL_001460,"(1S,2R,5R)-(+)-isomenthol",23283-97-8,23283-97-8,True,True,C[C@@H]1CC[C@@H]([C@H](C1)O)C(C)C,CC(C)[C@H]1CC[C@@H](C)C[C@@H]1O,True,musty;sweet;herbal;earthy;camphoreous;hay
MOL_001461,Methylthioacetaldehyde,23328-62-3,23328-62-3,True,True,CCC=S,CCC=S,True,onion;alliaceous;potato;garlic
MOL_001462,geosmin,23333-91-7,23333-91-7,True,True,CC1CCCC2(C1(CCCC2)O)C,CC1CCCC2(C)CCCCC12O,True,fresh;earthy
MOL_001463,Acetaldehyde hexyl isoamyl acetal,233665-90-2,233665-90-2,True,True,CCCCCCOC(C)OCCC(C)C,CCCCCCOC(C)OCCC(C)C,True,green;fruity;alcoholic;ethereal
MOL_001464,Acetylethylthiazole,233665-91-3,233665-91-3,True,True,CC(=O)CCc1nccs1,CC(=O)CCc1nccs1,True,nutty;burnt;roasted
MOL_001465,Ethyl methylthiobutyrate,233665-96-8,233665-96-8,True,True,CCOC(=S)C(C)CC,CCOC(=S)C(C)CC,True,ripe;vegetable;fruity;earthy;tropical;sulfurous;cheesy
MOL_001466,Ethyl methylthiopentanoate,233665-98-0,233665-98-0,True,True,CCCC(C)C(=S)OCC,CCCC(C)C(=S)OCC,True,green;fruity;sulfurous;tropical
MOL_001467,Hexenyl ethylbutyrate,233666-04-1,233666-04-1,True,True,CCCCC=COC(=O)C(CC)CC,CCCCC=COC(=O)C(CC)CC,True,green;fruity;apple
MOL_001468,Octanediol,23433-05-8,23433-05-8,True,True,CCCCCC(O)CCO,CCCCCC(O)CCO,True,musty
MOL_001469,Phenylbutanol,2344-70-9,2344-70-9,True,True,CC(O)CCc1ccccc1,CC(O)CCc1ccccc1,True,fruity;floral;herbal
MOL_001470,Neryl isobutyrate,2345-24-6,2345-24-6,True,True,CC(C)=CCC/C(C)=C\COC(=O)C(C)C,CC(C)=CCC/C(C)=C\COC(=O)C(C)C,True,rose;floral;sweet
MOL_001471,Geranyl isobutyrate,2345-26-8,2345-26-8,True,True,CC(C)=CCC/C(C)=C/COC(=O)C(C)C,CC(C)=CCC/C(C)=C/COC(=O)C(C)C,True,fruity;rose;sweet
MOL_001472,Tetradecanone,2345-27-9,2345-27-9,True,True,CCCCCCCCCCCCC(C)=O,CCCCCCCCCCCCC(C)=O,True,oily;milky;spicy
MOL_001473,Pentadecanone,2345-28-0,2345-28-0,True,True,CCCCCCCCCCCCCC(C)=O,CCCCCCCCCCCCCC(C)=O,True,fruity;fatty;waxy;dairy
MOL_001474,Methylthiazoline,2346-00-1,2346-00-1,True,True,CC1=NCCS1,CC1=NCCS1,True,meaty;roasted;green;earthy;nutty;musty
MOL_001475,Hexyl isobutyrate,2349-07-7,2349-07-7,True,True,CCCCCCOC(=O)C(C)C,CCCCCCOC(=O)C(C)C,True,apple;green;fruity;pear;tropical;sweet
MOL_001476,Heptyl isobutyrate,2349-13-5,2349-13-5,True,True,CCCCCCCOC(=O)C(C)C,CCCCCCCOC(=O)C(C)C,True,fruity;tropical;herbal
MOL_001477,Phenoxyethyl propionate,23495-12-7,23495-12-7,True,True,CCC(=O)OCCOc1ccccc1,CCC(=O)OCCOc1ccccc1,True,fruity
MOL_001478,ethyl 2-octenoate,2351-90-8,2351-90-8,True,True,CCCCCC=CC(=O)OCC,CCCCCC=CC(=O)OCC,True,fruity;green;pineapple;pear;waxy;tropical;animal
MOL_001479,Phenoxyethyl butyrate,23511-70-8,23511-70-8,True,True,CCCC(=O)OCCOc1ccccc1,CCCC(=O)OCCOc1ccccc1,True,honey;fruity;floral
MOL_001480,Methylthiomethylpentanone,23550-40-5,23550-40-5,True,True,CSC(C)(C)CC(C)=O,CSC(C)(C)CC(C)=O,True,green;fruity;catty
MOL_001481,Acetaldehyde dibenzyl acetal,23556-90-3,23556-90-3,True,True,CC(OCc1ccccc1)OCc1ccccc1,CC(OCc1ccccc1)OCc1ccccc1,True,green;fruity;sweet
MOL_001482,"2,4-decadienal",2363-88-4,2363-88-4,True,True,CCCCCC=CC=CC=O,CCCCCC=CC=CC=O,True,orange;sweet;fresh;citrus;fatty;green;oily;chicken
MOL_001483,Octenal,2363-89-5,2363-89-5,True,True,CCCCC/C=C/C=O,CCCCC/C=C/C=O,True,green;fatty;vegetable
MOL_001484,musk methyl propionate,236391-76-7,236391-76-7,True,True,CCC(=O)OCC(=O)OC(C)C1CCCC(C1)(C)C,CCC(=O)OCC(=O)OC(C)C1CCCC(C)(C)C1,True,musk;fruity;berry
MOL_001485,Methyl thioglycolate,2365-48-2,2365-48-2,True,True,COC(=O)CS,COC(=O)CS,True,green;sulfurous;fruity;alliaceous
MOL_001486,Dimethyltrithiolane,23654-92-4,23654-92-4,True,True,CC1SSC(C)S1,CC1SSC(C)S1,True,onion;chicken;meaty
MOL_001487,Damascenone,23696-85-7,23696-85-7,True,True,C/C=C/C(=O)C1=C(C)C=CCC1(C)C,C/C=C/C(=O)C1=C(C)C=CCC1(C)C,True,apple;rose;fruity;tobacco;plum;tea;floral
MOL_001488,2-octenyl acetate,2371-13-3,2371-13-3,True,True,CC(=O)OCC=CCCCCC,CCCCCC=CCOC(C)=O,True,melon;pear;tropical;earthy
MOL_001489,2-methyl isoborneol,2371-42-8,2371-42-8,True,True,CC1(C2CCC1(C(C2)(C)O)C)C,CC1(O)CC2CCC1(C)C2(C)C,True,earthy;musty
MOL_001490,Damascone,23726-91-2,23726-91-2,True,True,C/C=C/C(=O)C1=C(C)CCCC1(C)C,C/C=C/C(=O)C1=C(C)CCCC1(C)C,True,rose;tobacco;plum;honey;black currant
MOL_001491,Damascone,23726-92-3,23726-92-3,True,True,C/C=C\C(=O)C1=C(C)CCCC1(C)C,C/C=C\C(=O)C1=C(C)CCCC1(C)C,True,rose;tobacco;plum;honey;black currant
MOL_001492,(E)-beta-damascenone,23726-93-4,23726-93-4,True,True,C/C=C/C(=O)C1=C(C=CCC1(C)C)C,C/C=C/C(=O)C1=C(C)C=CCC1(C)C,True,apple;rose;honey;tobacco;sweet
MOL_001493,(Z)-alpha-damascone,23726-94-5,23726-94-5,True,True,C/C=C\C(=O)C1C(=CCCC1(C)C)C,C/C=C\C(=O)C1C(C)=CCCC1(C)C,True,floral;rose;apple;fruity
MOL_001494,Propionylmethylfuran,23747-34-4,23747-34-4,True,True,CCC(=O)c1occc1C,CCC(=O)c1occc1C,True,hay;caramellic;roasted;nutty;coumarinic
MOL_001495,Ethyl methyldithiopropionate,23747-43-5,23747-43-5,True,True,CCOC(=O)C(C)SSC,CCOC(=O)C(C)SSC,True,green;fruity;tropical;onion;sulfurous;pineapple
MOL_001496,Methanethiol isovalerate,23747-45-7,23747-45-7,True,True,CSC(=O)CC(C)C,CSC(=O)CC(C)C,True,creamy;fermented;dairy;vegetable;cheesy
MOL_001497,Methyldihydrocyclopentapyrazine,23747-48-0,23747-48-0,True,True,C[C@@H]1CCC2=C1N=CCN2,C[C@@H]1CCC2=C1N=CCN2,True,roasted;earthy;nutty;hazelnut;potato
MOL_001498,"2,4,6-trimethyl-1,3,5-trithiane",23769-39-3,23769-39-3,True,True,CC1SC(SC(S1)C)C,CC1SC(C)SC(C)S1,True,sulfurous;onion
MOL_001499,Acetylmethylpyrazine,23787-80-6,23787-80-6,True,True,CC(=O)c1nccnc1C,CC(=O)c1nccnc1C,True,roasted;nutty;cocoa;hazelnut;coffee;popcorn
MOL_001500,isolongifolene ketone,23787-90-8,23787-90-8,True,True,CC1(CCC(=O)C2C13CCC(C3)C2(C)C)C,CC1(C)C2CCC3(C2)C1C(=O)CCC3(C)C,True,dry;woody;earthy;tobacco;balsamic
MOL_001501,Dimethylquinoxaline,2379-55-7,2379-55-7,True,True,Cc1nc2ccccc2nc1C,Cc1nc2ccccc2nc1C,True,fatty;roasted
MOL_001502,agarospirol,23811-08-7,23811-08-7,True,True,C[C@H]1CCC=C(C12CC[C@H](C2)C(C)(C)O)C,CC1=CCC[C@H](C)C12CC[C@@H](C(C)(C)O)C2,True,spicy;woody
MOL_001503,Mercaptopinane,23832-18-0,23832-18-0,True,True,CC1(S)CCC2CC1C2(C)C,CC1(S)CCC2CC1C2(C)C,True,green;sulfurous;fruity;tropical
MOL_001504,(R)-(+)-citronellal,2385-77-5,2385-77-5,True,True,C[C@H](CCC=C(C)C)CC=O,CC(C)=CCC[C@@H](C)CC=O,True,fresh;herbal;citrus
MOL_001505,Acetaldehyde butyl isoamyl acetal,238757-27-2,238757-27-2,True,True,CCCCOC(C)OCCC(C)C,CCCCOC(C)OCCC(C)C,True,vegetable;alcoholic;ethereal;green;cognac
MOL_001506,Propanal ethyl methylbutyl acetal,238757-30-7,238757-30-7,True,True,CCCC(C)OC(CC)OCC,CCCC(C)OC(CC)OCC,True,green;fermented;alcoholic;ethereal
MOL_001507,Butanal ethyl isoamyl acetal,238757-30-7,238757-30-7,True,True,CCCC(OCC)OCCC(C)C,CCCC(OCC)OCCC(C)C,True,alcoholic;ethereal;green;fruity;fermented
MOL_001508,Isobutanal ethyl propyl acetal,238757-42-1,238757-42-1,True,True,CCCOC(OCC)C(C)C,CCCOC(OCC)C(C)C,True,alcoholic;ethereal;malty;green;cocoa;fermented
MOL_001509,Acetaldehyde methylbutyl propyl acetal,238757-63-6,238757-63-6,True,True,CCCOC(C)OC(C)CCC,CCCOC(C)OC(C)CCC,True,green;cognac;alcoholic;ethereal
MOL_001510,Heptyl isovalerate,238757-71-6,238757-71-6,True,True,CCCCCC(C)OC(=O)CC(C)C,CCCCCC(C)OC(=O)CC(C)C,True,green;fruity;oily;herbal;winey
MOL_001511,nerolione (Symrise),23911-56-0,23911-56-0,True,True,CC1=C2C=CC=CC2=C(O1)C(=O)C,CC(=O)c1oc(C)c2ccccc12,True,floral
MOL_001512,Methyl hexenoate,2396-77-2,2396-77-2,True,True,CCC/C=C/C(=O)OC,CCC/C=C/C(=O)OC,True,green;fruity;sharp;musty
MOL_001513,Methyl hexenoate,2396-78-3,2396-78-3,True,True,CC/C=C/CC(=O)OC,CC/C=C/CC(=O)OC,True,green;fruity;tropical;honey;pineapple
MOL_001514,Ethyl hexenoate,2396-83-0,2396-83-0,True,True,CC/C=C/CC(=O)OCC,CC/C=C/CC(=O)OCC,True,green;fruity;pineapple
MOL_001515,Ethyl sorbate,2396-84-1,2396-84-1,True,True,C/C=C/C=C/C(=O)OCC,C/C=C/C=C/C(=O)OCC,True,green;fruity;tropical
MOL_001516,methyl 2-octenoate,2396-85-2,2396-85-2,True,True,CCCCCC=CC(=O)OC,CCCCCC=CC(=O)OC,True,fruity;pear;green;roasted
MOL_001517,Germacrene D,23986-74-5,23986-74-5,True,True,C=C1/C=C/C(C(C)C)CC/C(C)=C/CC1,C=C1/C=C/C(C(C)C)CC/C(C)=C/CC1,True,hay;tobacco;herbal;tea;woody;mint
MOL_001518,Anisaldehyde diethyl acetal,2403-58-9,2403-58-9,True,True,CCOC(OCC)c1ccc(OC)cc1,CCOC(OCC)c1ccc(OC)cc1,True,spicy;herbal;anisic;floral;sweet
MOL_001519,Tolualdehyde diethyl acetal,2403-59-0,2403-59-0,True,True,CCOC(OCC)c1ccc(C)cc1,CCOC(OCC)c1ccc(C)cc1,True,almond;herbal;cherry;floral;sweet
MOL_001520,Profarnesal (Symrise),24048-13-3,24048-13-3,True,True,CC(C)=CCC/C(C)=C/CCC(C)C=O,CC(C)=CCC/C(C)=C/CCC(C)C=O,True,fresh;aldehydic;floral
MOL_001521,waxy undecadienol,24048-14-4,24048-14-4,True,True,CC(CCC=C(C)CCC=C(C)C)CO,CC(C)=CCCC(C)=CCCC(C)CO,True,waxy;aldehydic
MOL_001522,Propylthiazolidine,24050-10-0,24050-10-0,True,True,CCCC1NCCS1,CCCC1NCCS1,True,caramellic;radish;green;bread;pungent
MOL_001523,Methylthiazolidine,24050-16-6,24050-16-6,True,True,CC1NCCS1,CC1NCCS1,True,fishy;sweet;meaty
MOL_001524,Hexenolactone,2407-43-4,2407-43-4,True,True,CCC1C=CC(=O)O1,CCC1C=CC(=O)O1,True,spicy;caramellic;fruity;coconut;coumarinic
MOL_001525,Allyl propionate,2408-20-0,2408-20-0,True,True,C=CCOC(=O)CC,C=CCOC(=O)CC,True,apple;sour;apricot;fruity;tropical;pear;pungent
MOL_001526,Trimethylcyclohexanone,2408-37-9,2408-37-9,True,True,CC1CCCC(C)(C)C1=O,CC1CCCC(C)(C)C1=O,True,tobacco;camphoreous
MOL_001527,2-tert-butyl-para-cresol,2409-55-4,2409-55-4,True,True,CC1=CC(=C(C=C1)O)C(C)(C)C,Cc1ccc(O)c(C(C)(C)C)c1,True,medicinal;leathery
MOL_001528,Cyclohexyl benzoate,2412-73-9,2412-73-9,True,True,O=C(OC1CCCCC1)c1ccccc1,O=C(OC1CCCCC1)c1ccccc1,True,fruity;balsamic;floral;herbal
MOL_001529,Methyl methylvalerate,2412-80-8,2412-80-8,True,True,COC(=O)CCC(C)C,COC(=O)CCC(C)C,True,fruity
MOL_001530,Trimethylphenol,2416-94-6,2416-94-6,True,True,Cc1ccc(C)c(O)c1C,Cc1ccc(C)c(O)c1C,True,spicy;leathery;woody;phenolic;smoky;medicinal
MOL_001531,Methoxymethylpropylpyrazine,24168-70-5,24168-70-5,True,True,CCC(C)c1nccnc1OC,CCC(C)c1nccnc1OC,True,green
MOL_001532,myrcenyl methyl ether,24202-00-4,24202-00-4,True,True,CC(C)(CCCC(=C)C=C)OC,C=CC(=C)CCCC(C)(C)OC,True,pine;balsamic;herbal
MOL_001533,geranium dihydropyran,24237-00-1,24237-00-1,True,True,CCCCC1C=C(CC(O1)C)C,CCCCC1C=C(C)CC(C)O1,True,floral;green;earthy;spicy;vegetable
MOL_001534,Acetylthiazole,24295-03-2,24295-03-2,True,True,CC(=O)c1nccs1,CC(=O)c1nccs1,True,nutty;bread;popcorn
MOL_001535,Ethyl amylacetoacetate,24317-94-0,24317-94-0,True,True,CCCCCC(C(C)=O)C(=O)OCC,CCCCCC(C(C)=O)C(=O)OCC,True,green;fruity;herbal;winey;floral
MOL_001536,Ethyl acetyldecanoate,24317-95-1,24317-95-1,True,True,CCCCCCCCC(C(C)=O)C(=O)OCC,CCCCCCCCC(C(C)=O)C(=O)OCC,True,waxy;fruity;floral;herbal
MOL_001537,Ethyl propanethioate,2432-42-0,2432-42-0,True,True,CCSC(=O)CC,CCSC(=O)CC,True,vegetable;green;tropical;sulfurous;cheesy
MOL_001538,Methyl thiobutyrate,2432-51-1,2432-51-1,True,True,CCCC(=O)SC,CCCC(=O)SC,True,fruity;milky;cocoa;sweet;cheesy
MOL_001539,S-(methyl thio) hexanoate,2432-77-1,2432-77-1,True,True,CCCCCC(=O)SC,CCCCCC(=O)SC,True,fruity;ethereal;green;tropical;cabbage;cheesy;fatty;floral
MOL_001540,Methyl octanethioate,2432-83-9,2432-83-9,True,True,CCCCCCCC(=S)OC,CCCCCCCC(=S)OC,True,cabbage;cheesy
MOL_001541,Butyl methylbutanethioate,2432-91-9,2432-91-9,True,True,CCC(C)SC(=O)CC(C)C,CCC(C)SC(=O)CC(C)C,True,vegetable;green;fruity;tropical;sulfurous;cheesy
MOL_001542,Ethyl pentanethioate,2432-92-0,2432-92-0,True,True,CCCCC(=S)OCC,CCCCC(=S)OCC,True,fruity;cheesy
MOL_001543,Ethyl hydroxymethylvalerate,24323-38-4,24323-38-4,True,True,CCCC(CO)C(=O)OCC,CCCC(CO)C(=O)OCC,True,fruity;berry
MOL_001544,Butanedithiol,24330-52-7,24330-52-7,True,True,CC(S)CCS,CC(S)CCS,True,onion;sulfurous;garlic
MOL_001545,2-heptyl tetrahydrofuran,2435-16-7,2435-16-7,True,True,CCCCCCCC1CCCO1,CCCCCCCC1CCCO1,True,vegetable;waxy;rose;floral
MOL_001546,dihydromyrcene,2436-90-0,2436-90-0,True,True,CC(CCC=C(C)C)C=C,C=CC(C)CCC=C(C)C,True,floral;rose;herbal;citrus;pine
MOL_001547,dodecane nitrile,2437-25-4,2437-25-4,True,True,CCCCCCCCCCCC#N,CCCCCCCCCCCC#N,True,dry;citrus;orange;metallic;spicy
MOL_001548,(+)-terpinen-4-ol,2438-10-0,2438-10-0,True,True,CC1=CC[C@@](CC1)(C(C)C)O,CC1=CC[C@](O)(C(C)C)CC1,True,musty
MOL_001549,Methylbutyl propionate,2438-20-2,2438-20-2,True,True,CCC(=O)OCC(C)CC,CCC(=O)OCC(C)CC,True,apple;banana;fruity;melon;tropical;sweet
MOL_001550,Methylphenylbutyraldehyde,2439-44-3,2439-44-3,True,True,CC(C)C(C=O)c1ccccc1,CC(C)C(C=O)c1ccccc1,True,green;fruity
MOL_001551,Phenylpentenal,24401-36-3,24401-36-3,True,True,C=CCC(C=O)c1ccccc1,C=CCC(C=O)c1ccccc1,True,fruity;tomato;chocolate
MOL_001552,alpha-cadinene,24406-05-1,24406-05-1,True,True,CC(C)[C@@H]1C\C=C(\C)[C@@H]2CCC(\C)=C/[C@@H]12,CC1=C[C@@H]2[C@@H](CC1)C(C)=CC[C@H]2C(C)C,True,woody;dry
MOL_001553,ethyl 2-hydroxy-3-methyl butyrate,2441-06-7,2441-06-7,True,True,CCOC(=O)C(C(C)C)O,CCOC(=O)C(O)C(C)C,True,pineapple;strawberry;tea;honey
MOL_001554,Nonenone,24415-26-7,24415-26-7,True,True,C=CC(=O)CCCCCC,C=CC(=O)CCCCCC,True,mushroom
MOL_001555,Octenyl acetate,2442-10-6,2442-10-6,True,True,C=CC(CCCCC)OC(C)=O,C=CC(CCCCC)OC(C)=O,True,fruity;fresh;herbal;mushroom
MOL_001556,Vomifoliol,24427-77-8,24427-77-8,True,True,CC1=CC(=O)CC(C)(C)[C@@]1(O)/C=C/[C@@H](C)O,CC1=CC(=O)CC(C)(C)[C@@]1(O)/C=C/[C@@H](C)O,True,woody;fruity;floral
MOL_001557,Hexyl levulinate,24431-34-3,24431-34-3,True,True,CCCCCCOC(=O)CCC(C)=O,CCCCCCOC(=O)CCC(C)=O,True,fruity;winey;caramellic;warm
MOL_001558,Nonanoyl hydroxymethoxybenzylamide,2444-46-4,2444-46-4,True,True,CCCCCCCCC(=O)NCc1ccc(O)c(OC)c1,CCCCCCCCC(=O)NCc1ccc(O)c(OC)c1,True,odorless
MOL_001559,Diallyl tetrasulfide,2444-49-7,2444-49-7,True,True,C=CCSSSSCC=C,C=CCSSSSCC=C,True,roasted;alliaceous;garlic;savory;onion;sulfurous
MOL_001560,Isobutyl methylbutyrate,2445-67-2,2445-67-2,True,True,CCC(C)C(=O)OCC(C)C,CCC(C)C(=O)OCC(C)C,True,fruity;sweet
MOL_001561,Methylbutyl isobutyrate,2445-69-4,2445-69-4,True,True,CCC(C)COC(=O)C(C)C,CCC(C)COC(=O)C(C)C,True,fruity
MOL_001562,Amyl isobutyrate,2445-72-9,2445-72-9,True,True,CCCCCOC(=O)C(C)C,CCCCCOC(=O)C(C)C,True,apple;apricot;fruity;pineapple
MOL_001563,Hexyl propionate,2445-76-3,2445-76-3,True,True,CCCCCCOC(=O)CC,CCCCCCOC(=O)CC,True,sour;earthy;fruity;fermented
MOL_001564,Methylbutyl methylbutanoate,2445-77-4,2445-77-4,True,True,CCC(C)COC(=O)CC(C)C,CCC(C)COC(=O)CC(C)C,True,apple;earthy;fruity;herbal;winey
MOL_001565,Methylbutyl methylbutyrate,2445-78-5,2445-78-5,True,True,CCC(C)COC(=O)C(C)CC,CCC(C)COC(=O)C(C)CC,True,apple;green;fruity;tropical;waxy;berry;pineapple
MOL_001566,7-methyl coumarin,2445-83-2,2445-83-2,True,True,CC1=CC2=C(C=C1)C=CC(=O)O2,Cc1ccc2ccc(=O)oc2c1,True,sweet;coumarinic;coconut;orris
MOL_001567,Ethyl pentenoate,2445-93-4,2445-93-4,True,True,CC/C=C/C(=O)OCC,CC/C=C/C(=O)OCC,True,apple;fruity;banana;tropical
MOL_001568,Dimethylallyl acetate,24509-88-4,24509-88-4,True,True,C=CC(C)(C)OC(C)=O,C=CC(C)(C)OC(C)=O,True,green;fruity;banana;tropical
MOL_001569,(S)-1-octen-3-ol,24587-53-9,24587-53-9,True,True,CCCCC[C@@H](C=C)O,C=C[C@@H](O)CCCCC,True,musty;grassy;herbal;green
MOL_001570,Nonenal,2463-53-8,2463-53-8,True,True,CCCCCC/C=C\C=O,CCCCCC/C=C\C=O,True,fatty;melon;waxy;orris;cucumber
MOL_001571,Heptenal,2463-63-0,2463-63-0,True,True,CCCC/C=C/C=O,CCCC/C=C/C=O,True,apple;green;fatty;fruity;fresh;vegetable;pungent;sweet
MOL_001572,Undecenal,2463-77-6,2463-77-6,True,True,CCCCCCCC/C=C/C=O,CCCCCCCC/C=C/C=O,True,citrus;fresh;lemon;orange;sweet
MOL_001573,Mercaptooxopropionic acid,2464-23-5,2464-23-5,True,True,O=C(O)C(=O)CS,O=C(O)C(=O)CS,True,sulfurous;meaty;cheesy
MOL_001574,Mercaptopropanone,24653-75-6,24653-75-6,True,True,CC(=O)CS,CC(=O)CS,True,meaty;garlic;onion;chicken;sulfurous
MOL_001575,(E)-para-methoxycinnamaldehyde,24680-50-0,24680-50-0,True,True,COC1=CC=C(C=C1)\C=C\C=O,COc1ccc(/C=C/C=O)cc1,True,spicy;floral;sweet;cinnamon;cherry;vanilla
MOL_001576,Isobutylmethoxypyrazine,24683-00-9,24683-00-9,True,True,COc1nccnc1CC(C)C,COc1nccnc1CC(C)C,True,green
MOL_001577,cis-herbal cyclohexane,24691-15-4,24691-15-4,True,True,CCO[C@@H]1C[C@@H](CC(C1)(C)C)C,CCO[C@@H]1C[C@H](C)CC(C)(C)C1,True,fresh;green;herbal;citrus;woody
MOL_001578,bicyclogermacrene,24703-35-3,24703-35-3,True,True,C/C/1=C\CC/C(=C/C2C(C2(C)C)CC1)/C,C/C1=C\C2C(CC/C(C)=C/CC1)C2(C)C,True,green;woody
MOL_001579,Citronellyl tiglate,24717-85-9,24717-85-9,True,True,C/C=C(\C)C(=O)OCCC(C)CCC=C(C)C,C/C=C(\C)C(=O)OCCC(C)CCC=C(C)C,True,leafy;rose
MOL_001580,bornyl isobutyrate,24717-86-0,24717-86-0,True,True,CC(C)C(=O)OC1CC2CCC1(C2(C)C)C,CC(C)C(=O)OC1CC2CCC1(C)C2(C)C,True,camphoreous;nutty;pine
MOL_001581,(E)-alpha-damascone,24720-09-0,24720-09-0,True,True,C/C=C/C(=O)C1C(=CCCC1(C)C)C,C/C=C/C(=O)C1C(C)=CCCC1(C)C,True,floral;rose;apple;fruity;black currant;sweet;woody;green;berry
MOL_001582,Acetosyringone,2478-38-8,2478-38-8,True,True,COc1cc(C(C)=O)cc(OC)c1O,COc1cc(C(C)=O)cc(OC)c1O,True,spicy;vanilla;phenolic;balsamic;sweet
MOL_001583,Phenylpropyl salicylate,24781-13-3,24781-13-3,True,True,O=C(OCCCc1ccccc1)c1ccccc1O,O=C(OCCCc1ccccc1)c1ccccc1O,True,balsamic;floral;sweet
MOL_001584,Phenethyl methylbutyrate,24817-51-4,24817-51-4,True,True,CCC(C)C(=O)OCCc1ccccc1,CCC(C)C(=O)OCCc1ccccc1,True,green;fruity;waxy;floral;sweet
MOL_001585,Methyl decenoate,2482-39-5,2482-39-5,True,True,CCCCCCC/C=C/C(=O)OC,CCCCCCC/C=C/C(=O)OC,True,green;fruity;fatty;pear;tropical
MOL_001586,Methyl dihydrojasmonate,24851-98-7,24851-98-7,True,True,CCCCCC1C(=O)CCC1CC(=O)OC,CCCCCC1C(=O)CCC1CC(=O)OC,True,fruity;floral;jasmine
MOL_001587,Hexenyl acetate,2497-18-9,2497-18-9,True,True,CCC/C=C/COC(C)=O,CCC/C=C/COC(C)=O,True,apple;green;banana;fruity;fresh;sweet
MOL_001588,Hexenone,2497-21-4,2497-21-4,True,True,C/C=C\C(=O)CC,C/C=C\C(=O)CC,True,spicy;green;tropical;metallic;horseradish;pungent;rum
MOL_001589,(Z)-2-decenal,2497-25-8,2497-25-8,True,True,CCCCCCC/C=C\C=O,CCCCCCC/C=C\C=O,True,fatty
MOL_001590,Tricyclodecenyl acetate,2500-83-6,2500-83-6,True,True,CC(=O)OC1CC2CC1C1C=CCC21,CC(=O)OC1CC2CC1C1C=CCC21,True,green;woody;anisic;sweet
MOL_001591,Ethyl phenylpropionate,2510-99-8,2510-99-8,True,True,CCOC(=O)C(C)c1ccccc1,CCOC(=O)C(C)c1ccccc1,True,fruity;honey;balsamic;floral;sweet
MOL_001592,ethyl 2-cyclohexyl propionate,2511-00-4,2511-00-4,True,True,CCOC(=O)C(C)C1CCCCC1,CCOC(=O)C(C)C1CCCCC1,True,fruity;green;pear
MOL_001593,"(E,Z)-2,4-decadienal",25152-83-4,25152-83-4,True,True,CCCCC/C=C\C=C\C=O,CCCCC/C=C\C=C\C=O,True,roasted;fatty;floral;green;waxy
MOL_001594,Decadienal,25152-84-5,25152-84-5,True,True,CCCCC/C=C/C=C/C=O,CCCCC/C=C/C=C/C=O,True,fatty;citrus
MOL_001595,(Z)-3-hexen-1-yl benzoate,25152-85-6,25152-85-6,True,True,CC/C=C\CCOC(=O)C1=CC=CC=C1,CC/C=C\CCOC(=O)c1ccccc1,True,fresh;green;leafy;floral;balsamic;fatty;sweet;oily;spicy;fruity
MOL_001596,Hexenal,25166-87-4,25166-87-4,True,True,CCCC=CC=O,CCCC=CC=O,True,green;grassy
MOL_001597,Decenolide,2518-53-8,2518-53-8,True,True,CCCCCCC1C=CC(=O)O1,CCCCCCC1C=CC(=O)O1,True,dairy;coconut;mushroom
MOL_001598,pentenyl cyclopentanone,2520-60-7,2520-60-7,True,True,CC(=CCC1CCCC1=O)C,CC(C)=CCC1CCCC1=O,True,floral;jasmine
MOL_001599,marine formate,25225-08-5,25225-08-5,True,True,CC(C1CCCC(C1)(C)C)OC=O,CC(OC=O)C1CCCC(C)(C)C1,True,fresh;woody;herbal;fruity;apple
MOL_001600,cyclademol,25225-09-6,25225-09-6,True,True,CC(C1CCCC(C1)(C)C)O,CC(O)C1CCCC(C)(C)C1,True,camphoreous;mint
MOL_001601,musk acetate,25225-10-9,25225-10-9,True,True,CC(C1CCCC(C1)(C)C)OC(=O)C,CC(=O)OC(C)C1CCCC(C)(C)C1,True,floral;rose;musk;fruity
MOL_001602,Isobutyl tetradecanoate,25263-97-2,25263-97-2,True,True,CCCCCCCCCCCCCC(=O)OCC(C)C,CCCCCCCCCCCCCC(=O)OCC(C)C,True,fatty;waxy
MOL_001603,Methylmercaptothiophene,2527-76-6,2527-76-6,True,True,Cc1sccc1S,Cc1sccc1S,True,meaty;roasted
MOL_001604,Furfuryl propyl disulfide,252736-36-0,252736-36-0,True,True,CCCSSCc1ccco1,CCCSSCc1ccco1,True,meaty;roasted;savory
MOL_001605,Methylfuryl methyltetrahydrofuryl disulfide,252736-40-6,252736-40-6,True,True,Cc1ccoc1SSC1(C)CCCO1,Cc1ccoc1SSC1(C)CCCO1,True,sulfurous;meaty;savory
MOL_001606,Methylthioacetoxytetrahydrofuran,252736-41-7,252736-41-7,True,True,CCC(=S)OC1CCCO1,CCC(=S)OC1CCCO1,True,sulfurous;meaty;roasted
MOL_001607,Acetyldimethylthiophene,2530-10-1,2530-10-1,True,True,CC(=O)c1cc(C)sc1C,CC(=O)c1cc(C)sc1C,True,roasted;meaty;nutty;savory;hazelnut;cheesy
MOL_001608,Dimethylcyclohexyl methyl ketone (Herbac - IFF),25304-14-7,25304-14-7,True,True,CC(=O)C1CCCC(C)(C)C1,CC(=O)C1CCCC(C)(C)C1,True,woody;camphoreous;mint;herbal
MOL_001609,Ionol,25312-34-9,25312-34-9,True,True,CC1=CCCC(C)(C)C1/C=C/C(C)O,CC1=CCCC(C)(C)C1/C=C/C(C)O,True,violet;floral;berry
MOL_001610,Acetaldehyde ethyl isopropyl acetal,25334-93-4,25334-93-4,True,True,CCOC(C)OC(C)C,CCOC(C)OC(C)C,True,alcoholic;ethereal;green;nutty;cognac;pungent
MOL_001611,Acetyltetrahydropyridine,25343-57-1,25343-57-1,True,True,CC(=O)C1=CCCCN1,CC(=O)C1=CCCCN1,True,nutty;popcorn
MOL_001612,Heptenyl isovalerate,253596-70-2,253596-70-2,True,True,CCCCCC=COC(=O)CC(C)C,CCCCCC=COC(=O)CC(C)C,True,green;fruity;apple;tropical
MOL_001613,Dimethylbutyl malate,253596-99-5,253596-99-5,True,True,CCCC(C)(C)OC(=O)C(O)CC(=O)O,CCCC(C)(C)OC(=O)C(O)CC(=O)O,True,oily;fruity;fatty;fermented;winey
MOL_001614,Dimethylheptanethiol,25360-10-5,25360-10-5,True,True,CCCCCCC(C)(C)S,CCCCCCC(C)(C)S,True,sulfurous
MOL_001615,Isobutanal ethyl isoamyl acetal,253679-74-2,253679-74-2,True,True,CCOC(OCCC(C)C)C(C)C,CCOC(OCCC(C)C)C(C)C,True,alcoholic;ethereal;malty;green;cocoa;fermented
MOL_001616,spilanthol,25394-57-4,25394-57-4,True,True,O=C(/C=C/CC/C=C\C=C\C)NCC(C)C,C/C=C/C=C\CC/C=C/C(=O)NCC(C)C,True,fruity
MOL_001617,Butylbutenal,25409-08-9,25409-08-9,True,True,C/C=C(\C=O)CCCC,C/C=C(\C=O)CCCC,True,roasted;fatty;hazelnut;sweet
MOL_001618,Amyl isovalerate: Pentyl isovalerate,25415-62-7,25415-62-7,True,True,CCCCCOC(=O)CC(C)C,CCCCCOC(=O)CC(C)C,True,chocolate;fruity;apple;banana
MOL_001619,Ethyl isohexanoate,25415-67-2,25415-67-2,True,True,CCOC(=O)CCC(C)C,CCOC(=O)CCC(C)C,True,fruity;apple;pineapple
MOL_001620,Propyl isohexanoate,25415-68-3,25415-68-3,True,True,CCCOC(=O)CCC(C)C,CCCOC(=O)CCC(C)C,True,fruity;apple;pineapple
MOL_001621,Isopropyl isohexanoate,25415-69-4,25415-69-4,True,True,CC(C)CCC(=O)OC(C)C,CC(C)CCC(=O)OC(C)C,True,fruity;apple;pineapple
MOL_001622,Amyl butenoate,25415-76-3,25415-76-3,True,True,C/C=C\C(=O)OCCCCC,C/C=C\C(=O)OCCCCC,True,apple;fruity;fresh;chamomile;pungent
MOL_001623,Isoamyl crotonate,25415-77-4,25415-77-4,True,True,C/C=C/C(=O)OCCC(C)C,C/C=C/C(=O)OCCC(C)C,True,apple;fruity;sharp;chamomile;rum
MOL_001624,2-pentyl-2-cyclohexen-1-one,25435-63-6,25435-63-6,True,True,O=C1/C=C(/CCCCC)CCC1,CCCCCC1=CC(=O)CCC1,True,floral;orange;coconut;milky;jasmine
MOL_001625,(E)-2-octenal,2548-87-0,2548-87-0,True,True,CCCCC/C=C/C=O,CCCCC/C=C/C=O,True,fresh;cucumber;fatty;green;herbal;banana;waxy;leafy
MOL_001626,Cyclohexyl salicylate,25485-88-5,25485-88-5,True,True,O=C(OC1CCCCC1)c1ccccc1O,O=C(OC1CCCCC1)c1ccccc1O,True,balsamic;aromatic;floral
MOL_001627,Glyceryl monooleate,25496-72-4,25496-72-4,True,True,CCCCCCCC/C=C\CCCCCCCC(=O)OCC(O)CO,CCCCCCCC/C=C\CCCCCCCC(=O)OCC(O)CO,True,oily;sweet
MOL_001628,Propylene glycol monopropionate (2 isomers),25496-75-7,25496-75-7,True,True,CCC(=O)OCC(C)O,CCC(=O)OCC(C)O,True,fruity
MOL_001629,Dimethyl octenone,2550-11-0,2550-11-0,True,True,CCC(=O)C(C)CC=C(C)C,CCC(=O)C(C)CC=C(C)C,True,fruity;fresh;grapefruit;citrus
MOL_001630,Dimethyloctenone,2550-18-7,2550-18-7,True,True,CCCCC=CC(=O)C(C)C,CCCCC=CC(=O)C(C)C,True,ketonic;fruity;fresh;herbal
MOL_001631,Methylhexanone,2550-21-2,2550-21-2,True,True,CCCC(C)C(C)=O,CCCC(C)C(C)=O,True,ketonic;ethereal;fruity;dairy;herbal
MOL_001632,Phenylbutanone,2550-26-7,2550-26-7,True,True,CC(=O)CCc1ccccc1,CC(=O)CCc1ccccc1,True,green;fresh;jasmine;floral
MOL_001633,Dicyclohexyl disulfide,2550-40-5,2550-40-5,True,True,C1CCC(SSC2CCCCC2)CC1,C1CCC(SSC2CCCCC2)CC1,True,meaty;green;cocoa;onion;coffee;berry;musty
MOL_001634,cyclohexadecanone,2550-52-9,2550-52-9,True,True,C1CCCCCCCC(=O)CCCCCCC1,O=C1CCCCCCCCCCCCCCC1,True,orris;musk;animal
MOL_001635,musk dec-7-enone,2550-59-6,2550-59-6,True,True,C1CCCCC(=O)CCCCC/C=C\CCC1,O=C1CCCCC/C=C\CCCCCCCC1,True,musk
MOL_001636,creamy lactone,25524-95-2,25524-95-2,True,True,CC/C=C/CC1CCCC(=O)O1,CC/C=C/CC1CCCC(=O)O1,True,creamy;waxy;jasmine;peach;coconut;milky;fatty;dairy;tropical;fruity
MOL_001637,ethyl phenoxyacetate,2555-49-9,2555-49-9,True,True,CCOC(=O)COC1=CC=CC=C1,CCOC(=O)COc1ccccc1,True,green;floral;rose
MOL_001638,Acetaldehyde ethyl phenylethyl acetal,2556-10-7,2556-10-7,True,True,CCOC(C)OCCc1ccccc1,CCOC(C)OCCc1ccccc1,True,leafy;green
MOL_001639,Amylcyclopentenone,25564-22-1,25564-22-1,True,True,CCCCCC1=CCCC1=O,CCCCCC1=CCCC1=O,True,fruity;floral;jasmine
MOL_001640,Methyl propionylanthranilate,25628-84-6,25628-84-6,True,True,CCC(=O)Nc1ccccc1C(=O)OC,CCC(=O)Nc1ccccc1C(=O)OC,True,grape
MOL_001641,vanilla cresol,2563-07-7,2563-07-7,True,True,CCOC1=C(C=CC(=C1)C)O,CCOc1cc(C)ccc1O,True,vanilla;woody;spicy;phenolic
MOL_001642,rose blossom pentanol,25634-93-9,25634-93-9,True,True,CC1=CC(=CC=C1)CCCCCO,Cc1cccc(CCCCCO)c1,True,rose;floral;waxy
MOL_001643,geranyl methyl ether,2565-82-4,2565-82-4,True,True,CC(=CCC/C(=C/COC)/C)C,COC/C=C(\C)CCC=C(C)C,True,floral;rose;sweet
MOL_001644,"4,4,6-trimethyl-2-phenyl-1,3-dioxane",2568-06-1,2568-06-1,True,True,CC1CC(OC(O1)C2=CC=CC=C2)(C)C,CC1CC(C)(C)OC(c2ccccc2)O1,True,herbal;floral;green;rose
MOL_001645,Benzaldehyde propylene glycol acetal,2568-25-4,2568-25-4,True,True,CC1COC(c2ccccc2)O1,CC1COC(c2ccccc2)O1,True,cherry;almond;odorless
MOL_001646,Methoxypropylpyrazine,25680-57-3,25680-57-3,True,True,CCC(OC)c1cnccn1,CCC(OC)c1cnccn1,True,potato;earthy
MOL_001647,Ethylmethoxypyrazine,25680-58-4,25680-58-4,True,True,CCc1nccnc1OC,CCc1nccnc1OC,True,green;earthy;nutty;vegetable;musty
MOL_001648,bean pyrazine,25773-40-4,25773-40-4,True,True,CC(C)C1=NC=CN=C1OC,COc1nccnc1C(C)C,True,vegetable;earthy;chocolate;nutty
MOL_001649,Lavandulyl acetate,25905-14-0,25905-14-0,True,True,C=C(C)C(CC=C(C)C)COC(C)=O,C=C(C)C(CC=C(C)C)COC(C)=O,True,spicy;fruity;warm;herbal;sweet
MOL_001650,(E)-3-methyl-5-cyclotetradecen-1-one,259854-70-1,259854-70-1,True,True,O=C1CC(C)CC=CCCCCCCCC1,CC1CC=CCCCCCCCCC(=O)C1,True,musk;animal;orris;fatty;fresh;anisic;woody
MOL_001651,(Z)-3-methyl-5-cyclotetradecen-1-one,259854-71-2,259854-71-2,True,True,O=C1CC(C\C=C/CCCCCCCC1)C,CC1C/C=C\CCCCCCCCC(=O)C1,True,musk
MOL_001652,Octenol,26001-58-1,26001-58-1,True,True,CCCCC/C=C\CO,CCCCC/C=C\CO,True,floral;green;fatty;vegetable;musty
MOL_001653,Methylbutyl hexanoate,2601-13-0,2601-13-0,True,True,CCCCCC(=O)OCC(C)CC,CCCCCC(=O)OCC(C)CC,True,fruity;apple;pineapple;banana
MOL_001654,Isobutyldimethyloxazole,26131-91-9,26131-91-9,True,True,Cc1nc(C)c(CC(C)C)o1,Cc1nc(C)c(CC(C)C)o1,True,roasted;green;earthy;burnt;vegetable
MOL_001655,Menthyl phenylacetate,26171-78-8,26171-78-8,True,True,CC1CCC(C(C)C)C(OC(=O)Cc2ccccc2)C1,CC1CCC(C(C)C)C(OC(=O)Cc2ccccc2)C1,True,honey;balsamic;herbal;mint
MOL_001656,Menthyl acetate,2623-23-6,2623-23-6,True,True,CC(=O)O[C@@H]1C[C@H](C)CC[C@H]1C(C)C,CC(=O)O[C@@H]1C[C@H](C)CC[C@H]1C(C)C,True,mint;sour;fruity;sweet
MOL_001657,Vinylphenol,2628-17-3,2628-17-3,True,True,C=Cc1ccc(O)cc1,C=Cc1ccc(O)cc1,True,phenolic;medicinal;spicy
MOL_001658,Decenoic acid,26303-90-2,26303-90-2,True,True,CCCCC/C=C/CCC(=O)O,CCCCC/C=C/CCC(=O)O,True,oily;fatty;meaty;savory
MOL_001659,3-methyl-6-ethyl-5-octen-1-ol,26330-64-3,26330-64-3,True,True,CCC(=CCC(C)CCO)CC,CCC(=CCC(C)CCO)CC,True,floral;aldehydic
MOL_001660,"2,6-nonadienal",26370-28-5,26370-28-5,True,True,CCC=CCCC=CC=O,CCC=CCCC=CC=O,True,cucumber;leafy;green
MOL_001661,Hexyl butyrate,2639-63-6,2639-63-6,True,True,CCCCCCOC(=O)CCC,CCCCCCOC(=O)CCC,True,fruity
MOL_001662,Nonyl butyrate,2639-64-7,2639-64-7,True,True,CCCCCCCCCOC(=O)CCC,CCCCCCCCCOC(=O)CCC,True,rose;fruity;orange;herbal;sweet
MOL_001663,Nerolidyl isobutyrate,2639-68-1,2639-68-1,True,True,C=CC(C)(CC/C=C(/C)CCC=C(C)C)OC(=O)C(C)C,C=CC(C)(CC/C=C(/C)CCC=C(C)C)OC(=O)C(C)C,True,fruity;pear;woody;sweet
MOL_001664,Glyceryl hydroxydecanoates,26446-31-1,26446-31-1,True,True,CCCCCC(O)CCCC(=O)OCC(O)CO,CCCCCC(O)CCCC(=O)OCC(O)CO,True,buttery
MOL_001665,Glyceryl hydroxydodecanoates,26446-32-2,26446-32-2,True,True,CCCCCCCC(O)CCCC(=O)OCC(O)CO,CCCCCCCC(O)CCCC(=O)OCC(O)CO,True,buttery
MOL_001666,Pentanal dimethyl acetal,26450-58-8,26450-58-8,True,True,CCCCC(OC)OC,CCCCC(OC)OC,True,green;fruity;ethereal;cognac
MOL_001667,Mercaptomethylpropionic acid,26473-47-2,26473-47-2,True,True,CC(CS)C(=O)O,CC(CS)C(=O)O,True,ripe;vegetable;meaty;tropical;sulfurous;cheesy
MOL_001668,Dihydromercaptomethylfuran,26486-13-5,26486-13-5,True,True,SCC1CC=CO1,SCC1CC=CO1,True,sulfurous;meaty;roasted;savory
MOL_001669,Dimethyltetrahydrofuranthiol,26486-21-5,26486-21-5,True,True,CC1CCOC1(C)S,CC1CCOC1(C)S,True,sulfurous;meaty;roasted
MOL_001670,Hydroxydimethylthiophenone,26494-10-0,26494-10-0,True,True,CC1=C(O)C(=O)C(C)S1,CC1=C(O)C(=O)C(C)S1,True,roasted;meaty;savory;burnt;sulfurous
MOL_001671,"pentanoic acid, 3-methyl-2-oxo-, ethyl ester",26516-27-8,26516-27-8,True,True,O=C(C(C)CC)C(=O)OCC,CCOC(=O)C(=O)C(C)CC,True,nutty;woody;herbal
MOL_001672,(R)-(-)-2-hexanol,26549-24-6,26549-24-6,True,True,CCCC[C@@H](C)O,CCCC[C@@H](C)O,True,mushroom;musty;oily
MOL_001673,(S)-3-heptanol,26549-25-7,26549-25-7,True,True,CCCC[C@H](CC)O,CCCC[C@@H](O)CC,True,herbal;medicinal
MOL_001674,ethyl (E)-3-hexenoate,26553-46-8,26553-46-8,True,True,CC\C=C\CC(=O)OCC,CC/C=C/CC(=O)OCC,True,green;fruity;tropical;pineapple;honey
MOL_001675,Ethyl octenoate,26553-47-9,26553-47-9,True,True,CCCC/C=C/CC(=O)OCC,CCCC/C=C/CC(=O)OCC,True,fruity;fatty;tropical;pineapple
MOL_001676,trans-hexanal propylene glycol acetal,26563-75-7,26563-75-7,True,True,CCCCC[C@H]1OC[C@@H](O1)C,CCCCC[C@H]1OC[C@H](C)O1,True,waxy;green;fruity;vegetable
MOL_001677,Methylphenylpentenal,26643-91-4,26643-91-4,True,True,CC(C)/C=C(/C=O)c1ccccc1,CC(C)/C=C(/C=O)c1ccccc1,True,floral
MOL_001678,Phenylmethylhexenal,26643-92-5,26643-92-5,True,True,CCCC=C(C=O)Cc1ccccc1,CCCC=C(C=O)Cc1ccccc1,True,floral
MOL_001679,kahweofuran,26693-24-3,26693-24-3,True,True,CC1=C2C(=CO1)CCS2,Cc1occ2c1SCC2,True,roasted;smoky;sulfurous
MOL_001680,ethyl citronellate,26728-44-9,26728-44-9,True,True,CCOC(=O)CC(C)CCC=C(C)C,CCOC(=O)CC(C)CCC=C(C)C,True,fruity;dry;musty;citrus;anisic;rose;spicy;herbal
MOL_001681,Butyl ethyl ether,2679-87-0,2679-87-0,True,True,CCOC(C)CC,CCOC(C)CC,True,fruity;fresh;ethereal;berry
MOL_001682,anise indene,26912-64-1,26912-64-1,True,True,C=CCOC1CC2CC1C3C2CC=C3,C=CCOC1CC2CC1C1C=CCC21,True,floral;anisic;fruity;woody;herbal
MOL_001683,isobornyl benzoate,26927-89-9,26927-89-9,True,True,CC1(C2CCC1(C(C2)OC(=O)C3=CC=CC=C3)C)C,CC1(C)C2CCC1(C)C(OC(=O)c1ccccc1)C2,True,balsamic;pine;herbal
MOL_001684,bornyl benzoate,26927-90-2,26927-90-2,True,True,C[C@]12CC[C@H](C1(C)C)C[C@H]2OC(=O)C3=CC=CC=C3,CC1(C)[C@H]2CC[C@]1(C)[C@H](OC(=O)c1ccccc1)C2,True,pine;balsamic;herbal
MOL_001685,"1,8-dimethoxy-para-menthane",26946-66-7,26946-66-7,True,True,CC1(CCC(CC1)C(C)(C)OC)OC,COC1(C)CCC(C(C)(C)OC)CC1,True,fruity;mint;green;musty
MOL_001686,Nonenone,27039-84-5,27039-84-5,True,True,CCC/C=C/CCC(C)=O,CCC/C=C/CCC(C)=O,True,fruity;dairy;herbal;berry;cheesy
MOL_001687,Allyl cyclohexanepropionate,2705-87-5,2705-87-5,True,True,C=CCOC(=O)CCC1CCCCC1,C=CCOC(=O)CCC1CCCCC1,True,fruity;pineapple;sweet
MOL_001688,Paradol,27113-22-0,27113-22-0,True,True,CCCCCCCC(=O)CCc1ccc(O)c(OC)c1,CCCCCCCC(=O)CCc1ccc(O)c(OC)c1,True,spicy
MOL_001689,Terpineol ethyl ether,27153-54-4,27153-54-4,True,True,CCOC(C)(C)C1CC=C(C)CC1,CCOC(C)(C)C1CC=C(C)CC1,True,citrus;green;fatty
MOL_001690,Methyl acetylanthranilate,2719-08-6,2719-08-6,True,True,COC(=O)c1ccccc1NC(C)=O,COC(=O)c1ccccc1NC(C)=O,True,grape
MOL_001691,Tetradecalactone,2721-22-4,2721-22-4,True,True,CCCCCCCCCC1CCCC(=O)O1,CCCCCCCCCC1CCCC(=O)O1,True,creamy;fatty;milky;sweet;buttery
MOL_001692,Acetyltetrahydropyridine,27300-27-2,27300-27-2,True,True,CC(=O)C1=NCCCC1,CC(=O)C1=NCCCC1,True,bread;caramellic;popcorn
MOL_001693,Hexadienal diethyl acetal,27310-22-1,27310-22-1,True,True,C/C=C/C=C/C(OCC)OCC,C/C=C/C=C/C(OCC)OCC,True,green;tropical
MOL_001694,Ethyl hydroxymethylbutyrate,27372-03-8,27372-03-8,True,True,CCOC(=O)C(C)C(C)O,CCOC(=O)C(C)C(C)O,True,green;fruity;grape
MOL_001695,Ethylhydroxymethylfuranone,27538-09-6,27538-09-6,True,True,CCC1=C(O)C(=O)C(C)O1,CCC1=C(O)C(=O)C(C)O1,True,caramellic;fruity;bread;sweet
MOL_001696,ethyl furaneol,27538-10-9,27538-10-9,True,True,CCC1C(=O)C(=C(O1)C)O,CCC1OC(C)=C(O)C1=O,True,sweet;caramellic
MOL_001697,isobornyl propionate,2756-56-1,2756-56-1,True,True,CCC(=O)OC1CC2(CCC1C2(C)C)C,CCC(=O)OC1CC2(C)CCC1C2(C)C,True,pungent;pine;camphoreous;woody;herbal;fruity;earthy
MOL_001698,Methylcyclopentenone,2758-18-1,2758-18-1,True,True,CC1=CC(=O)CC1,CC1=CC(=O)CC1,True,ketonic;caramellic;sweet
MOL_001699,Hydroxydecadienoic acid lactone,27593-23-3,27593-23-3,True,True,CCCCCc1cccc(=O)o1,CCCCCc1cccc(=O)o1,True,creamy;coconut;dairy;peach;buttery
MOL_001700,magnolia indene,27606-09-3,27606-09-3,True,True,CC1C2CC3=CC=CC=C3C2OC(O1)C,CC1OC(C)C2Cc3ccccc3C2O1,True,floral;green;grapefruit
MOL_001701,Isoamyl methylbutanoate,27625-35-0,27625-35-0,True,True,CCC(C)C(=O)OCCC(C)C,CCC(C)C(=O)OCCC(C)C,True,ripe;fruity;apple;banana
MOL_001702,Trimethyltrithiane,2765-04-0,2765-04-0,True,True,CC1SC(C)SC(C)S1,CC1SC(C)SC(C)S1,True,sulfurous;black currant;meaty;catty
MOL_001703,Nonenone,27743-70-0,27743-70-0,True,True,CCCCCC=CC(C)=O,CCCCCC=CC(C)=O,True,earthy;fruity;sweet;mushroom
MOL_001704,Allyl propyl sulfide,27817-67-0,27817-67-0,True,True,C=CCSCCC,C=CCSCCC,True,onion;sulfurous;alliaceous;garlic
MOL_001705,ethyl (E)-2-hexenoate,27829-72-7,27829-72-7,True,True,CCC/C=C/C(=O)OCC,CCC/C=C/C(=O)OCC,True,green;fruity;tropical;winey;rum;orange;vegetable;sweet
MOL_001706,Ethyl acetoxybutyrate,27846-49-7,27846-49-7,True,True,CCOC(=O)C(CC)OC(C)=O,CCOC(=O)C(CC)OC(C)=O,True,fruity;mint
MOL_001707,Dihydroeugenol,2785-87-7,2785-87-7,True,True,CCCc1ccc(O)c(OC)c1,CCCc1ccc(O)c(OC)c1,True,spicy;balsamic;sweet
MOL_001708,Ethylguaiacol,2785-89-9,2785-89-9,True,True,CCc1ccc(O)c(OC)c1,CCc1ccc(O)c(OC)c1,True,spicy;vanilla;phenolic;smoky
MOL_001709,Methyl lactate,27871-49-4,27871-49-4,True,True,COC(=O)[C@H](C)O,COC(=O)[C@H](C)O,True,caramellic;ethereal;milky;buttery;rum
MOL_001710,Dimethylcyclohexenecarboxaldehydes,27939-60-2,27939-60-2,True,True,CC1C=CCCC1(C)C=O,CC1C=CCCC1(C)C=O,True,green;leafy;floral;citrus
MOL_001711,Dimethyloxathiane,27959-66-6,27959-66-6,True,True,CC1(C)CCCOS1,CC1(C)CCCOS1,True,spicy;meaty;fruity;tropical;herbal;sulfurous
MOL_001712,methyl cyclogeranate (Firmenich),28043-10-9,28043-10-9,True,True,CC1=CCCC(C1C(=O)OC)(C)C,COC(=O)C1C(C)=CCCC1(C)C,True,herbal;floral;fruity;woody;camphoreous
MOL_001713,Nonadienol,28069-72-9,28069-72-9,True,True,CC/C=C\CC/C=C/CO,CC/C=C\CC/C=C/CO,True,green;violet;herbal;cucumber
MOL_001714,Acetaldehyde ethyl cis-3-hexenyl acetal,28069-74-1,28069-74-1,True,True,CC/C=C/CCOC(C)OCC,CC/C=C/CCOC(C)OCC,True,grassy;radish;green;fruity;vegetable;musty
MOL_001715,Heptenoic acid,28163-84-0,28163-84-0,True,True,CCC/C=C/CC(=O)O,CCC/C=C/CC(=O)O,True,green;fruity;waxy;dairy
MOL_001716,Cyclohexylmethylpyrazine,28217-92-7,28217-92-7,True,True,c1cnc(CC2CCCCC2)cn1,c1cnc(CC2CCCCC2)cn1,True,green;earthy;nutty;cocoa;musty
MOL_001717,sandal butenol,28219-60-5,28219-60-5,True,True,CC1=CCC(C1(C)C)C/C=C(\C)/CO,CC1=CCC(C/C=C(\C)CO)C1(C)C,True,woody;creamy;milky;waxy;oily;musk
MOL_001718,Cedrenol,28231-03-0,28231-03-0,True,True,C=C1C(O)CC23CC1C(C)(C)C2CCC3C,C=C1C(O)CC23CC1C(C)(C)C2CCC3C,True,woody
MOL_001719,(R)-delta-decalactone,2825-91-4,2825-91-4,True,True,O=C1O[C@H](CCCCC)CCC1,CCCCC[C@@H]1CCCC(=O)O1,True,sweet;fruity;milky
MOL_001720,Isopropyl nonanoate,28267-32-5,28267-32-5,True,True,CCCCCCCCC(=O)OC(C)C,CCCCCCCCC(=O)OC(C)C,True,oily;fruity;melon;fermented;winey
MOL_001721,Ethyl dodecenoate,28290-90-6,28290-90-6,True,True,CCCCCCCCCC=CC(=O)OCC,CCCCCCCCCC=CC(=O)OCC,True,green;fatty;melon;pear
MOL_001722,alpha-acorenol,28296-85-7,28296-85-7,True,True,C[C@@H]1CC[C@H]([C@]12CCC(=CC2)C)C(C)(C)O,CC1=CC[C@@]2(CC1)[C@H](C)CC[C@H]2C(C)(C)O,True,fruity;sweet;orris;floral;ripe
MOL_001723,Dodecyl formate,28303-42-6,28303-42-6,True,True,CCCCCCCCCCCCOC=O,CCCCCCCCCCCCOC=O,True,green;fruity;floral
MOL_001724,Propyl decadienoate,28316-62-3,28316-62-3,True,True,CCCCC/C=C\C=C\C(=O)OCCC,CCCCC/C=C\C=C\C(=O)OCCC,True,tropical;waxy;pear
MOL_001725,"Dimethoxyvinylphenol 2,6-Dimethoxy-4-vinylphenol",28343-22-8,28343-22-8,True,True,C=Cc1cc(OC)c(O)c(OC)c1,C=Cc1cc(OC)c(O)c(OC)c1,True,phenolic;smoky;spicy
MOL_001726,Allyl isovalerate,2835-39-4,2835-39-4,True,True,C=CCOC(=O)CC(C)C,C=CCOC(=O)CC(C)C,True,apple;cherry;fruity;berry;winey
MOL_001727,Butyl decadienoate,28369-24-6,28369-24-6,True,True,CCCCC/C=C\C=C\C(=O)OCCCC,CCCCC/C=C\C=C\C(=O)OCCCC,True,green;fruity;fatty;pear
MOL_001728,"methyl 2,6,10-trimethyl cyclododeca-2,5,9-trienyl ketone",28371-99-5,28371-99-5,True,True,C/C/1=C/CC/C(=C\C/C=C(\C(CC1)C(=O)C)/C)/C,CC(=O)C1CC/C(C)=C\CC/C(C)=C\C/C=C\1C,True,woody;musk;tobacco
MOL_001729,Isoamyl anthranilate,28457-05-8,28457-05-8,True,True,CC(C)CCOC(=O)c1ccccc1N,CC(C)CCOC(=O)c1ccccc1N,True,grape;plum
MOL_001730,Ethylcinnamaldehyde,28467-92-7,28467-92-7,True,True,CC/C(C=O)=C/c1ccccc1,CC/C(C=O)=C/c1ccccc1,True,spicy;oily;warm;herbal
MOL_001731,Methoxymethylpyrazine,2847-30-5,2847-30-5,True,True,COc1nccnc1C,COc1nccnc1C,True,nutty;hazelnut;roasted
MOL_001732,Dihydrodihydroxymethylpyranone,28564-83-2,28564-83-2,True,True,CC1=C(O)C(=O)C(O)CO1,CC1=C(O)C(=O)C(O)CO1,True,caramellic
MOL_001733,Bisdimethylfuryl disulfide,28588-73-0,28588-73-0,True,True,Cc1cc(SSc2cc(C)oc2C)c(C)o1,Cc1cc(SSc2cc(C)oc2C)c(C)o1,True,meaty;roasted
MOL_001734,Methylfuranthiol,28588-74-1,28588-74-1,True,True,Cc1occc1S,Cc1occc1S,True,meaty;roasted;fishy;brothy;beefy;sweet
MOL_001735,Bismethylfuryl disulfide,28588-75-2,28588-75-2,True,True,Cc1occc1SSc1ccoc1C,Cc1occc1SSc1ccoc1C,True,meaty
MOL_001736,Bismethylfuryl tetrasulfide,28588-76-3,28588-76-3,True,True,Cc1coc(SSSSc2occ(C)c2C)c1C,Cc1coc(SSSSc2occ(C)c2C)c1C,True,beefy;meaty
MOL_001737,"2,5-dimethyl-2-indan methanol",285977-85-7,285977-85-7,True,True,CC1=CC2=C(CC(C2)(C)CO)C=C1,Cc1ccc2c(c1)CC(C)(CO)C2,True,floral
MOL_001738,Dihydroxyacetophenone,28631-86-9,28631-86-9,True,True,O=C(c1ccccc1)C(O)O,O=C(c1ccccc1)C(O)O,True,spicy;green;fatty;earthy;nutty;vegetable;aromatic
MOL_001739,Isoambrettolide,28645-51-4,28645-51-4,True,True,O=C1CCCCCCC/C=C\CCCCCCO1,O=C1CCCCCCC/C=C\CCCCCCO1,True,fruity;musk;warm
MOL_001740,Sotolon,28664-35-9,28664-35-9,True,True,CC1=C(O)C(=O)OC1C,CC1=C(O)C(=O)OC1C,True,caramellic
MOL_001741,alpha-thujene,2867-05-2,2867-05-2,True,True,CC1=CCC2(C1C2)C(C)C,CC1=CCC2(C(C)C)CC12,True,woody;green;herbal
MOL_001742,2-ethyl decanoic acid,2874-76-2,2874-76-2,True,True,O=C(O)C(CCCCCCCC)CC,CCCCCCCCC(CC)C(=O)O,True,fresh;waxy;citrus;woody
MOL_001743,maltyl acetate,28787-36-2,28787-36-2,True,True,CC1=C(C(=O)C=CO1)OC(=O)C,CC(=O)Oc1c(C)occc1=O,True,fruity;berry;tropical
MOL_001744,Thiazole,288-47-1,288-47-1,True,True,c1cscn1,c1cscn1,True,nutty;meaty
MOL_001745,2-methyl-3-(methyl thio) pyrazine,2882-20-4,2882-20-4,True,True,CC1=NC=CN=C1SC,CSc1nccnc1C,True,roasted;meaty;nutty;almond;vegetable
MOL_001746,Methoxymethylpyrazine,2882-21-5,2882-21-5,True,True,COc1cncc(C)n1,COc1cncc(C)n1,True,nutty;hazelnut;roasted
MOL_001747,Methoxymethylpyrazine,2882-22-6,2882-22-6,True,True,COc1cnc(C)cn1,COc1cnc(C)cn1,True,nutty;hazelnut;roasted
MOL_001748,Menthenyl acetate,28839-13-6,28839-13-6,True,True,CC(=O)OC1C=C(C)CCC1C(C)C,CC(=O)OC1C=C(C)CCC1C(C)C,True,fruity;spicy;sweet;herbal
MOL_001749,Methylmethylthiopyrazine,2884-13-1,2884-13-1,True,True,CSc1cncc(C)n1,CSc1cncc(C)n1,True,nutty;burnt;meaty;roasted
MOL_001750,Methylmethylthiopyrazine,2884-14-2,2884-14-2,True,True,CSc1cnc(C)cn1,CSc1cnc(C)cn1,True,nutty;burnt;meaty;roasted
MOL_001751,2-methyl-2-hexenoic acid,28897-58-7,28897-58-7,True,True,CCC/C=C(\C)/C(=O)O,CCC/C=C(\C)C(=O)O,True,fruity;cheesy
MOL_001752,Trithiolane,289-16-7,289-16-7,True,True,C1SCSS1,C1SCSS1,True,meaty;roasted;garlic;sulfurous;beefy;mushroom
MOL_001753,Calone®,28940-11-6,28940-11-6,True,True,Cc1ccc2c(c1)OCC(=O)CO2,Cc1ccc2c(c1)OCC(=O)CO2,True,green;melon;fresh
MOL_001754,(Z)-beta-farnesene,28973-97-9,28973-97-9,True,True,CC(=CCC/C(=C\CCC(=C)C=C)/C)C,C=CC(=C)CC/C=C(/C)CCC=C(C)C,True,citrus;green
MOL_001755,"(E)-2,6-dimethyl-1,5,7-octatrien-3-ol",28977-58-4,28977-58-4,True,True,CC(=C)C(C/C=C(\C)/C=C)O,C=C/C(C)=C/CC(O)C(=C)C,True,camphoreous;citrus;pine
MOL_001756,Pyrazine,290-37-9,290-37-9,True,True,c1cnccn1,c1cnccn1,True,roasted;nutty;musty
MOL_001757,Myrtanyl acetate,29021-36-1,29021-36-1,True,True,CC(=O)OCC1CCC2CC1C2(C)C,CC(=O)OCC1CCC2CC1C2(C)C,True,pine;fruity;herbal;sweet
MOL_001758,myrtenyl isobutyrate,29021-37-2,29021-37-2,True,True,CC(C)C(=O)OCC1=CCC2CC1C2(C)C,CC(C)C(=O)OCC1=CCC2CC1C2(C)C,True,fruity;woody;pine
MOL_001759,Tetrathiane,291-22-5,291-22-5,True,True,C1CSSSS1,C1CSSSS1,True,sulfurous;mushroom
MOL_001760,2-nonene nitrile,29127-83-1,29127-83-1,True,True,CCCCCC/C=C\C#N,CCCCCC/C=C\C#N,True,green;fatty;orris
MOL_001761,Ethyl methyl ketone propylene glycol ketal,2916-28-1,2916-28-1,True,True,CCC1(C)OCC(C)O1,CCC1(C)OCC(C)O1,True,fruity;ethereal;mint
MOL_001762,Hexadecanethiol,2917-26-2,2917-26-2,True,True,CCCCCCCCCCCCCCCCS,CCCCCCCCCCCCCCCCS,True,sulfurous;fatty;meaty
MOL_001763,dehydro beta-linalool,29171-20-8,29171-20-8,True,True,CC(=CCCC(C)(C#C)O)C,C#CC(C)(O)CCC=C(C)C,True,sweet;musk;waxy;dry;woody
MOL_001764,Lenthionine,292-46-6,292-46-6,True,True,C1SSCSSS1,C1SSCSSS1,True,sulfurous;mushroom
MOL_001765,Ethyl acetyloctanoate,29214-60-6,29214-60-6,True,True,CCCCCCC(C(C)=O)C(=O)OCC,CCCCCCC(C(C)=O)C(=O)OCC,True,green;fruity;jasmine;herbal;winey;floral
MOL_001766,Heptadecanone,2922-51-2,2922-51-2,True,True,CCCCCCCCCCCCCCCC(C)=O,CCCCCCCCCCCCCCCC(C)=O,True,fatty;dairy
MOL_001767,Carvyl formate,29239-07-4,29239-07-4,True,True,C=C(C)C1CC=C(C)C(OC=O)C1,C=C(C)C1CC=C(C)C(OC=O)C1,True,fruity;herbal;sweet;mint
MOL_001768,flower hexene,292605-05-1,292605-05-1,True,True,CC/C=C\CCOCC(=C)C,C=C(C)COCC/C=C\CC,True,green;fresh;floral;pear;vegetable;tropical;radish
MOL_001769,Cadinene,29350-73-0,29350-73-0,True,True,CC(C)[C@@H]1CC[C@H](C)[C@@H]2C=C[C@H](C)C[C@@H]12,CC(C)[C@@H]1CC[C@H](C)[C@@H]2C=C[C@H](C)C[C@H]21,True,woody;burnt;dry
MOL_001770,Methylthiomethylmercaptan,29414-47-9,29414-47-9,True,True,CSCS,CSCS,True,garlic;meaty;sulfurous;savory
MOL_001771,Dimethyloctatrienol,29414-56-0,29414-56-0,True,True,C=C/C(C)=C/CC(O)C(=C)C,C=C/C(C)=C/CC(O)C(=C)C,True,camphoreous
MOL_001772,Isopropylpyrazine,29460-90-0,29460-90-0,True,True,CC(C)c1cnccn1,CC(C)c1cnccn1,True,green;nutty
MOL_001773,2-isobutyl pyrazine,29460-92-2,29460-92-2,True,True,CC(C)CC1=NC=CN=C1,CC(C)Cc1cnccn1,True,green;vegetable;fruity
MOL_001774,hexahydrotetramethyl methanonaphthalen-8-one,29461-13-0,29461-13-0,True,True,CC1(CCC(=O)C2C13CCC(C3)C2(C)C)C,CC1(C)C2CCC3(C2)C1C(=O)CCC3(C)C,True,woody;earthy
MOL_001775,Methyl methanethiosulfonate,2949-92-0,2949-92-0,True,True,CSS(C)(=O)=O,CSS(C)(=O)=O,True,roasted;alliaceous;onion;pungent
MOL_001776,Menthenal,29548-14-9,29548-14-9,True,True,CC1=CC(C=O)C(C(C)C)CC1,CC1=CC(C=O)C(C(C)C)CC1,True,green;lemon;rose;citrus
MOL_001777,Farnesyl acetate,29548-30-9,29548-30-9,True,True,CC(=O)OC/C=C(\C)CC/C=C(\C)CCC=C(C)C,CC(=O)OC/C=C(\C)CC/C=C(\C)CCC=C(C)C,True,green;melon;floral;rose
MOL_001778,Ethylthiophenol,29549-60-8,29549-60-8,True,True,CCSc1ccccc1O,CCSc1ccccc1O,True,smoky;burnt
MOL_001779,(R)-delta-dodecalactone,29587-89-1,29587-89-1,True,True,O=C1O[C@H](CCCCCCC)CCC1,CCCCCCC[C@@H]1CCCC(=O)O1,True,fruity;apricot;milky
MOL_001780,Propylene glycol monobutyrate (2 isomers),29592-95-8,29592-95-8,True,True,CCCC(=O)OCC(C)O,CCCC(=O)OCC(C)O,True,fruity;ethereal
MOL_001781,Isopulegone,29606-79-9,29606-79-9,True,True,C=C(C)C1CCC(C)CC1=O,C=C(C)C1CCC(C)CC1=O,True,green;woody;mint
MOL_001782,Mercaptomenthanone,29725-66-4,29725-66-4,True,True,CC(C)C1CCC(C)(S)CC1=O,CC(C)C1CCC(C)(S)CC1=O,True,citrus
MOL_001783,"methyl benzyl acetate (mixed ortho-,meta-,para-)",29759-11-3,29759-11-3,True,True,CC(C1=CC=CC=C1)OC(=O)C,CC(=O)OC(C)c1ccccc1,True,sweet;floral;fruity;herbal
MOL_001784,Octyl methylbutyrate,29811-50-5,29811-50-5,True,True,CCCCCCCCOC(=O)C(C)CC,CCCCCCCCOC(=O)C(C)CC,True,green;fatty;fruity;waxy;herbal
MOL_001785,Ethyl ethylphenylpropanoate,2983-36-0,2983-36-0,True,True,CCOC(=O)C(CC)Cc1ccccc1,CCOC(=O)C(CC)Cc1ccccc1,True,green;fruity;floral;sweet
MOL_001786,Ethyl ethylhexanoate,2983-37-1,2983-37-1,True,True,CCCCC(CC)C(=O)OCC,CCCCC(CC)C(=O)OCC,True,woody;fruity;fatty;herbal
MOL_001787,Ethyl ethylbutyrate,2983-38-2,2983-38-2,True,True,CCOC(=O)C(CC)CC,CCOC(=O)C(CC)CC,True,fruity;apple;buttery
MOL_001788,cadinadiene,29837-12-5,29837-12-5,True,True,C[C@H]1CCC(C2C1=CCC(=C2)C)C(C)C,CC1=CC2C(=CC1)[C@@H](C)CCC2C(C)C,True,spicy;fruity;tropical
MOL_001789,Ethyl acetoxypropionate,2985-28-6,2985-28-6,True,True,CCOC(=O)C(C)OC(C)=O,CCOC(=O)C(C)OC(C)=O,True,fruity;caramellic;dairy;rum
MOL_001790,woody ether,2986-54-1,2986-54-1,True,True,COC1CCCCCCCCCCC1,COC1CCCCCCCCCCC1,True,woody;dry;musk;balsamic;earthy;tobacco
MOL_001791,(-)-gamma-elemene,29873-99-2,29873-99-2,True,True,CC(=C1CC[C@]([C@H](C1)C(=C)C)(C)C=C)C,C=C[C@@]1(C)CCC(=C(C)C)C[C@@H]1C(=C)C,True,green;woody;oily
MOL_001792,Phenylacetaldehyde glyceryl acetal,29895-73-6,29895-73-6,True,True,OCC1COC(Cc2ccccc2)O1,OCC1COC(Cc2ccccc2)O1,True,rose;floral;sweet
MOL_001793,alpha-hexyl cinnamaldehyde dimethyl acetal,29896-45-5,29896-45-5,True,True,CCCCCCC1=CC=C(C=C1)/C=C/C(OC)OC,CCCCCCc1ccc(/C=C/C(OC)OC)cc1,True,fresh;green;fatty;leafy;woody
MOL_001794,Heptenoic acid,29901-85-7,29901-85-7,True,True,CCC/C=C\CC(=O)O,CCC/C=C\CC(=O)O,True,green;fruity;waxy;dairy
MOL_001795,Acetylthiazoline,29926-41-8,29926-41-8,True,True,CC(=O)C1=NCCS1,CC(=O)C1=NCCS1,True,green;onion;popcorn
MOL_001796,Propionylthiazoline,29926-42-9,29926-42-9,True,True,CCC(=O)S1=CNCC1,CCC(=O)S1=CNCC1,True,nutty;bread;popcorn;roasted
MOL_001797,Dimethyloctatrienol,29957-43-5,29957-43-5,True,True,C=CC(C)(O)C/C=C/C(=C)C,C=CC(C)(O)C/C=C/C(=C)C,True,citrus;fruity;grape;fresh;woody;floral
MOL_001798,Hydroxybutyric acid,300-85-6,300-85-6,True,True,CC(O)CC(=O)O,CC(O)CC(=O)O,True,fruity;cheesy
MOL_001799,gamma-muurolene,30021-74-0,30021-74-0,True,True,CC1=C[C@H]2[C@@H](CC1)C(=C)CC[C@@H]2C(C)C,C=C1CC[C@H](C(C)C)[C@H]2C=C(C)CC[C@@H]12,True,herbal;woody;spicy
MOL_001800,Phenylpropanal dimethyl acetal,30076-98-3,30076-98-3,True,True,COC(CCc1ccccc1)OC,COC(CCc1ccccc1)OC,True,green;fruity;earthy;floral
MOL_001801,Methylcyclohexadione,3008-43-3,3008-43-3,True,True,CC1CCCC(=O)C1=O,CC1CCCC(=O)C1=O,True,phenolic;burnt;caramellic;coffee
MOL_001802,"(E,E)-3,5-octadien-2-one",30086-02-3,30086-02-3,True,True,CC/C=C/C=C/C(=O)C,CC/C=C/C=C/C(C)=O,True,fruity;green;grassy
MOL_001803,Methyl linolenate,301-00-8,301-00-8,True,True,CC/C=C\C/C=C\C/C=C\CCCCCCCC(=O)OC,CC/C=C\C/C=C\C/C=C\CCCCCCCC(=O)OC,True,oily;fatty
MOL_001804,Amyl anthranilate,30100-15-3,30100-15-3,True,True,CCCCCOC(=O)c1ccccc1N,CCCCCOC(=O)c1ccccc1N,True,fruity;grape;berry;floral;sweet
MOL_001805,"(E,E)-2,6-alloocimene",3016-19-1,3016-19-1,True,True,C/C=C(\C)/C=C/C=C(C)C,C/C=C(C)/C=C/C=C(C)C,True,pine;sweet;fresh;floral
MOL_001806,muguet butanal,30168-23-1,30168-23-1,True,True,C1CC2C(C1)C\3CC2C/C3=C\CCC=O,O=CCC/C=C1\CC2CC1C1CCCC21,True,floral;sweet;aldehydic;waxy
MOL_001807,Ethyl decadienoate,3025-30-7,3025-30-7,True,True,CCCCC/C=C\C=C\C(=O)OCC,CCCCC/C=C\C=C\C(=O)OCC,True,apple;pear
MOL_001808,geranium pyran,30310-41-9,30310-41-9,True,True,CC1CC(=C)CC(O1)C2=CC=CC=C2,C=C1CC(C)OC(c2ccccc2)C1,True,floral;green;leafy;herbal
MOL_001809,Rose oxide,3033-23-6,3033-23-6,True,True,CC(C)=C[C@@H]1C[C@H](C)CCO1,CC(C)=C[C@@H]1C[C@H](C)CCO1,True,rose;green;sharp;metallic;floral
MOL_001810,Octadienal,30361-28-5,30361-28-5,True,True,CCC/C=C/C=C/C=O,CCC/C=C/C=C/C=O,True,citrus;green;fatty;fruity;melon
MOL_001811,"(E,E)-2,4-undecadienal",30361-29-6,30361-29-6,True,True,CCCCCC/C=C/C=C/C=O,CCCCCC/C=C/C=C/C=O,True,oily;caramellic;spicy;citrus;buttery;roasted;fatty;waxy;chicken;sweet
MOL_001812,Dehydroionene,30364-38-6,30364-38-6,True,True,Cc1ccc2c(c1)C=CCC2(C)C,Cc1ccc2c(c1)C=CCC2(C)C,True,woody;gasoline
MOL_001813,Decenal,30390-50-2,30390-50-2,True,True,CCCCCC=CCCC=O,CCCCCC=CCCC=O,True,citrus;fruity;fresh;orange;floral
MOL_001814,Dodecenal,30390-51-3,30390-51-3,True,True,CCCCCCC/C=C/CCC=O,CCCCCCC/C=C/CCC=O,True,fishy;citrus
MOL_001815,Dimethylethyloxazole,30408-61-8,30408-61-8,True,True,CCc1nc(C)oc1C,CCc1nc(C)oc1C,True,green;vegetable;nutty;hazelnut
MOL_001816,Methyl oxohexanoate,30414-54-1,30414-54-1,True,True,CCCC(=O)CC(=O)OC,CCCC(=O)CC(=O)OC,True,fruity;caramellic;roasted
MOL_001817,Nonenyl acetate,30418-89-4,30418-89-4,True,True,CCCCCC/C=C/COC(C)=O,CCCCCC/C=C/COC(C)=O,True,citrus;green;fruity;melon;waxy
MOL_001818,Dimethylcyclopentenone,30434-64-1,30434-64-1,True,True,CC1=CC(=O)CC1C,CC1=CC(=O)CC1C,True,ketonic;caramellic;burnt
MOL_001819,Ethyl propyl disulfide,30453-31-7,30453-31-7,True,True,CCCSSCC,CCCSSCC,True,vegetable;roasted;green;garlic;fatty;savory;onion;sulfurous
MOL_001820,Trimethylpentanol,3054-92-0,3054-92-0,True,True,CC(C)C(C)C(C)(C)O,CC(C)C(C)C(C)(C)O,True,earthy;camphoreous
MOL_001821,Diethoxypropene,3054-95-3,3054-95-3,True,True,C=CC(OCC)OCC,C=CC(OCC)OCC,True,green;fruity;gasoline;sharp;fresh;pungent
MOL_001822,Nonadienal,30551-17-8,30551-17-8,True,True,CCCCC=CC=CC=O,CCCCC=CC=CC=O,True,grassy;green;fatty;violet;leafy;cucumber
MOL_001823,khusimone,30557-76-7,30557-76-7,True,True,CC1([C@@H]2CC[C@@]3(C2)C(C1=C)CCC3=O)C,C=C1C2CCC(=O)[C@@]23CC[C@H](C3)C1(C)C,True,woody
MOL_001824,Methylcyclohexadiene mixture,30640-46-1,30640-46-1,True,True,CC1=CC=CCC1,CC1=CC=CCC1,True,gasoline
MOL_001825,Butyl decanoate,30673-36-0,30673-36-0,True,True,CCCCCCCCCC(=O)OCCCC,CCCCCCCCCC(=O)OCCCC,True,oily;fruity;cognac;sweet;brandy
MOL_001826,Isobutyl decanoate,30673-38-2,30673-38-2,True,True,CCCCCCCCCC(=O)OCC(C)C,CCCCCCCCCC(=O)OCC(C)C,True,oily;fatty;fruity;cognac;sweet;brandy
MOL_001827,Propyl decanoate,30673-60-0,30673-60-0,True,True,CCCCCCCCCC(=O)OCCC,CCCCCCCCCC(=O)OCCC,True,vegetable;fruity;fatty;oily;woody
MOL_001828,Methyloctanal,30689-75-9,30689-75-9,True,True,CCC(C)CCCCC=O,CCC(C)CCCCC=O,True,citrus;green;fatty;orange;sweet
MOL_001829,melozol acetate,30772-69-1,30772-69-1,True,True,CC(=O)OCC1CCC2C1C3CCC2C3,CC(=O)OCC1CCC2C3CCC(C3)C12,True,woody;fruity;floral;balsamic
MOL_001830,melon carboxaldehyde,30772-79-3,30772-79-3,True,True,C1CC2CC1C3C2C(CC3)C=O,O=CC1CCC2C3CCC(C3)C12,True,green;melon;fresh;aldehydic
MOL_001831,heptanal cyclic trimethylene acetal,3080-69-1,3080-69-1,True,True,CCCCCCC1OCCC(O1)C,CCCCCCC1OCCC(C)O1,True,floral;rose
MOL_001832,Methylnonanal,3085-26-5,3085-26-5,True,True,CCCCCCCC(C)C=O,CCCCCCCC(C)C=O,True,citrus;green;milky;waxy;sweet
MOL_001833,3-mercapto-3-methyl butanal,308805-43-8,308805-43-8,True,True,CC(C)(CC=O)S,CC(C)(S)CC=O,True,brothy;cheesy
MOL_001834,allyl sorbate,30895-79-5,30895-79-5,True,True,CC=CC=CC(=O)OC(=C)C,C=C(C)OC(=O)C=CC=CC,True,fruity;pineapple
MOL_001835,nopyl aldehyde,30897-75-7,30897-75-7,True,True,CC1(C2CC=C(C1C2)CC=O)C,CC1(C)C2CC=C(CC=O)C1C2,True,woody;pine;oily;fatty
MOL_001836,Propyl anthranilate,30954-98-4,30954-98-4,True,True,CCCOC(=O)c1ccccc1N,CCCOC(=O)c1ccccc1N,True,grape;winey
MOL_001837,cedrenone,30960-39-5,30960-39-5,True,True,C[C@@H]1CC[C@@H]2C13C[C@H](C2(C)C)C(=CC3=O)C,CC1=CC(=O)C23C[C@@H]1C(C)(C)[C@@H]2CC[C@H]3C,True,woody
MOL_001838,Isobutyl nonanoate,30982-03-7,30982-03-7,True,True,CCCCCCCCC(=O)OCC(C)C,CCCCCCCCC(=O)OCC(C)C,True,oily;fruity;winey;rose
MOL_001839,"(E,E)-digeranyl ether",31147-36-1,31147-36-1,True,True,CC(=CCC/C(=C\COC\C=C(/C)\CCC=C(C)C)/C)C,CC(C)=CCC/C(C)=C\COC/C=C(\C)CCC=C(C)C,True,fresh;floral;balsamic
MOL_001840,Amyl palmitate,31148-31-9,31148-31-9,True,True,CCCCCCCCCCCCCCCC(=O)OCCCCC,CCCCCCCCCCCCCCCC(=O)OCCCCC,True,fatty;waxy
MOL_001841,(S)-gamma-heptalactone,31323-51-0,31323-51-0,True,True,CCC[C@H]1CCC(=O)O1,CCC[C@H]1CCC(=O)O1,True,fatty;coconut;fruity;sweet
MOL_001842,Methylthioethanethiol,31331-53-0,31331-53-0,True,True,CSC(C)S,CSC(C)S,True,meaty;garlic;onion
MOL_001843,Propionylmenthene,31375-17-4,31375-17-4,True,True,CCC(=O)C1CC(C(C)C)CC=C1C,CCC(=O)C1CC(C(C)C)CC=C1C,True,citrus;green;leafy
MOL_001844,pineapple heptadienone 10%,313973-37-4,313973-37-4,True,True,O=C(CCC=C)C(=C)C1CCCCC1,C=CCCC(=O)C(=C)C1CCCCC1,True,sweet;green;fruity;pineapple;tropical;floral;metallic;herbal
MOL_001845,cyclohexyl crotonate,31416-78-1,31416-78-1,True,True,C/C=C/C(=O)OC1CCCCC1,C/C=C/C(=O)OC1CCCCC1,True,fruity;sweet;floral;green;woody
MOL_001846,Hydroxypentanone,3142-66-3,3142-66-3,True,True,CCC(O)C(C)=O,CCC(O)C(C)=O,True,creamy;caramellic;buttery
MOL_001847,Methylpentenoic acid,3142-72-1,3142-72-1,True,True,CC/C=C(\C)C(=O)O,CC/C=C(\C)C(=O)O,True,green;strawberry;caramellic;sweet
MOL_001848,Methoxypyrazine,3149-28-8,3149-28-8,True,True,COc1cnccn1,COc1cnccn1,True,roasted;green;earthy;nutty;cocoa;winey;sweet
MOL_001849,Ethyl propyl trisulfide,31499-70-4,31499-70-4,True,True,CCCSSSCC,CCCSSSCC,True,roasted;alliaceous;garlic;onion;sulfurous;pungent
MOL_001850,Ethyl methyl trisulfide,31499-71-5,31499-71-5,True,True,CCSSSC,CCSSSC,True,roasted;green;garlic;alliaceous;onion;sulfurous
MOL_001851,Dihydroionone,31499-72-6,31499-72-6,True,True,CC(=O)CCC1C(C)=CCCC1(C)C,CC(=O)CCC1C(C)=CCCC1(C)C,True,fruity;violet;orris;woody;floral
MOL_001852,Hexenyl hexanoate,31501-11-8,31501-11-8,True,True,CC/C=C\CCOC(=O)CCCCC,CC/C=C\CCOC(=O)CCCCC,True,green;fruity;pear
MOL_001853,Nonenol,31502-14-4,31502-14-4,True,True,CCCCCC/C=C/CO,CCCCCC/C=C/CO,True,green;fatty;melon;chicken
MOL_001854,Mercaptomethylpentanol,31539-84-1,31539-84-1,True,True,CCCCC(O)CS,CCCCC(O)CS,True,sulfurous;grapefruit;black currant;citrus
MOL_001855,boronia butenal,3155-71-3,3155-71-3,True,True,CC1=C(C(CCC1)(C)C)C\C=C(/C)\C=O,CC1=C(C/C=C(\C)C=O)C(C)(C)CCC1,True,dry;sweet;tobacco;nutty;violet;floral;leafy;hay;woody
MOL_001856,isooctyl acetate,31565-19-2,31565-19-2,True,True,CC(C)CCCCCOC(=O)C,CC(=O)OCCCCCC(C)C,True,sweet;fruity
MOL_001857,Methylfurylbutanal,31704-80-0,31704-80-0,True,True,CCC(C=O)c1ccc(C)o1,CCC(C=O)c1ccc(C)o1,True,green;fruity;fatty;vegetable;cucumber
MOL_001858,"N-(2-mercaptoethyl)-1,3-thiazolidine",317803-03-5,317803-03-5,True,True,C1CSCN1CCS,SCCN1CCSC1,True,popcorn;nutty
MOL_001859,Nonenal,31823-43-5,31823-43-5,True,True,CCCCC/C=C\CC=O,CCCCC/C=C\CC=O,True,green;cucumber
MOL_001860,Methyltetrahydrofuranone,3188-00-9,3188-00-9,True,True,CC1OCCC1=O,CC1OCCC1=O,True,caramellic;roasted;buttery;bread;sweet;rum
MOL_001861,Ethylmethylthiazole,31883-01-9,31883-01-9,True,True,CCc1scnc1C,CCc1scnc1C,True,green;vegetable;hazelnut
MOL_001862,clary propionate,319002-92-1,319002-92-1,True,True,O=C(OCCC)[C@@H](OC(C)(C)CC)C,CCCOC(=O)[C@H](C)OC(C)(C)CC,True,floral;herbal;woody;citrus
MOL_001863,Lyral®,31906-04-4,31906-04-4,True,True,CC(C)(O)CCCC1=CCC(C=O)CC1,CC(C)(O)CCCC1=CCC(C=O)CC1,True,woody;aldehydic;floral
MOL_001864,Ethyl 2-furyl ketone,3194-15-8,3194-15-8,True,True,CCC(=O)c1ccco1,CCC(=O)c1ccco1,True,fruity;sweet
MOL_001865,Pentanoylfuran,3194-17-0,3194-17-0,True,True,CCCCC(=O)c1ccco1,CCCCC(=O)c1ccco1,True,fruity;cheesy
MOL_001866,Nonenone,32064-72-5,32064-72-5,True,True,C/C=C/C(=O)CCCCC,C/C=C/C(=O)CCCCC,True,earthy;fruity;sweet;mushroom
MOL_001867,Ethylfuran,3208-16-0,3208-16-0,True,True,CCc1ccco1,CCc1ccco1,True,ethereal;burnt;coffee;musty;sweet
MOL_001868,Phenylpropyltetrahydrofuran,3208-40-0,3208-40-0,True,True,c1ccc(CCCC2CCCO2)cc1,c1ccc(CCCC2CCCO2)cc1,True,caramellic;fruity;honey;peach;plum;sweet
MOL_001869,Methoxymethylphenol,3209-13-0,3209-13-0,True,True,COc1cc(C)cc(O)c1,COc1cc(C)cc(O)c1,True,phenolic;sweet
MOL_001870,Butylcyclohexyl acetate,32210-23-4,32210-23-4,True,True,CC(=O)OC1CCC(C(C)(C)C)CC1,CC(=O)OC1CCC(C(C)(C)C)CC1,True,woody;floral;orris
MOL_001871,Caryophyllene alcohol acetate,32214-91-8,32214-91-8,True,True,C=C1CCC(OC(C)=O)/C(C)=C\CC2C1CC2(C)C,C=C1CCC(OC(C)=O)/C(C)=C\CC2C1CC2(C)C,True,woody;fruity
MOL_001872,(R)-2-methyl butyric acid,32231-50-8,32231-50-8,True,True,CC[C@@H](C)C(=O)O,CC[C@@H](C)C(=O)O,True,cheesy;animal
MOL_001873,"5-sec-butyl-2,3-dimethyl pyrazine",32263-00-6,32263-00-6,True,True,CCC(C)C1=CN=C(C(=N1)C)C,CCC(C)c1cnc(C)c(C)n1,True,fresh;burnt;roasted
MOL_001874,Ethylmethylthiazole,32272-48-3,32272-48-3,True,True,CCc1csc(C)n1,CCc1csc(C)n1,True,green;sulfurous;roasted;meaty
MOL_001875,Dimethylethylthiazole,32272-57-4,32272-57-4,True,True,CCc1nc(C)sc1C,CCc1nc(C)sc1C,True,earthy;potato;burnt;coffee
MOL_001876,Acetylcedrene,32388-55-9,32388-55-9,True,True,CC(=O)C1=C(C)C2CC3(C1)C(C)CCC3C2(C)C,CC(=O)C1=C(C)C2CC3(C1)C(C)CCC3C2(C)C,True,musk;warm;woody
MOL_001877,Methylhexenone,3240-09-3,3240-09-3,True,True,C=C(C)CCC(C)=O,C=C(C)CCC(C)=O,True,green;fruity;fatty;tropical;dairy;berry;cheesy
MOL_001878,balsam ketone,3240-29-7,3240-29-7,True,True,C=CCCC(=O)C1=CC=CC=C1,C=CCCC(=O)c1ccccc1,True,balsamic;herbal
MOL_001879,dextro-glucurolactone,32449-92-6,32449-92-6,True,True,C(=O)[C@@H]([C@@H]1[C@@H]([C@@H](C(=O)O1)O)O)O,O=C[C@H](O)[C@H]1OC(=O)[C@@H](O)[C@H]1O,True,mint
MOL_001880,Dodecenoic acid,32466-54-9,32466-54-9,True,True,CCCCCCCCC/C=C/C(=O)O,CCCCCCCCC/C=C/C(=O)O,True,green;fatty;fruity
MOL_001881,Tridecenoic acid,32466-55-0,32466-55-0,True,True,CCCCCCCCCC/C=C/C(=O)O,CCCCCCCCCC/C=C/C(=O)O,True,fatty;waxy
MOL_001882,Ethyl oxohexanoate,3249-68-1,3249-68-1,True,True,CCCC(=O)CC(=O)OCC,CCCC(=O)CC(=O)OCC,True,green;fruity;pineapple;berry
MOL_001883,"Pentadecano-1,14-lactone",32539-85-8,32539-85-8,True,True,CC1CCCCCCCCCCCCC(=O)O1,CC1CCCCCCCCCCCCC(=O)O1,True,musk
MOL_001884,corps popinal,32540-03-7,32540-03-7,True,True,CC1=CC/C(=C(\C)/CCC=O)/CC1,CC1=CC/C(=C(\C)CCC=O)CC1,True,floral
MOL_001885,Piperonyl acetate,326-61-4,326-61-4,True,True,CC(=O)OCc1ccc2c(c1)OCO2,CC(=O)OCc1ccc2c(c1)OCO2,True,cherry;floral;sweet
MOL_001886,(E)-ethyl geranate,32659-21-5,32659-21-5,True,True,CCOC(=O)\C=C(/C)\CCC=C(C)C,CCOC(=O)/C=C(\C)CCC=C(C)C,True,woody;rose;green
MOL_001887,Isopropyl isovalerate,32665-23-9,32665-23-9,True,True,CC(C)CC(=O)OC(C)C,CC(C)CC(=O)OC(C)C,True,apple;ethereal;fruity;berry;pineapple;cheesy
MOL_001888,1-cyclooct-3-enyl ethanone,32669-00-4,32669-00-4,True,True,CC(=O)C1CCCC/C=C\C1,CC(=O)C1C/C=C\CCCC1,True,aldehydic;aromatic;herbal;camphoreous
MOL_001889,Methylthiopropanal,3268-49-3,3268-49-3,True,True,CSCCC=O,CSCCC=O,True,onion;potato;tomato;meaty
MOL_001890,Menthadienol,3269-90-7,3269-90-7,True,True,C=C(CO)C1CC=C(C)CC1,C=C(CO)C1CC=C(C)CC1,True,mint;citrus;fruity;herbal;floral;sweet
MOL_001891,2-ethyl-6-vinyl pyrazine,32736-90-6,32736-90-6,True,True,n1cc(nc(c1)CC)\C=C,C=Cc1cncc(CC)n1,True,buttery;potato
MOL_001892,Diethylmethylpyrazine,32736-91-7,32736-91-7,True,True,CCc1cnc(CC)c(C)n1,CCc1cnc(CC)c(C)n1,True,hazelnut;cocoa;burnt
MOL_001893,Ethoxymethylpyrazine,32737-14-7,32737-14-7,True,True,CCOc1nccnc1C,CCOc1nccnc1C,True,roasted;nutty;cocoa
MOL_001894,2-tert-butyl pyrazine,32741-11-0,32741-11-0,True,True,CC(C)(C)C1=NC=CN=C1,CC(C)(C)c1cnccn1,True,mint;green;vegetable;nutty;roasted
MOL_001895,"2,3-dimethyl valeraldehyde",32749-94-3,32749-94-3,True,True,CCC(C)C(C)C=O,CCC(C)C(C)C=O,True,green;ethereal
MOL_001896,Decenolactone,32764-98-0,32764-98-0,True,True,C/C=C/CCC1CCCC(=O)O1,C/C=C/CCC1CCCC(=O)O1,True,apricot;oily;fruity;peach;floral
MOL_001897,"(E)-2,5,9-trimethyl-4,9-decadien-1-al",32803-39-7,32803-39-7,True,True,CC(C/C=C(\C)/CCCC(=C)C)C=O,C=C(C)CCC/C(C)=C/CC(C)C=O,True,floral;aldehydic;orris;citrus;fruity;animal;waxy;sweet
MOL_001898,Ethyl cyclohexanecarboxylate,3289-28-9,3289-28-9,True,True,CCOC(=O)C1CCCCC1,CCOC(=O)C1CCCCC1,True,apple;fruity;cheesy;fermented;berry;brandy
MOL_001899,Dihydroionol,3293-47-8,3293-47-8,True,True,CC1=C(CCC(C)O)C(C)(C)CCC1,CC1=C(CCC(C)O)C(C)(C)CCC1,True,woody;floral;sweet
MOL_001900,Butenyl methyl sulfide,32951-19-2,32951-19-2,True,True,CCC=CSC,CCC=CSC,True,onion;alliaceous;garlic;savory
MOL_001901,Acetylethylpyrazine,32974-92-8,32974-92-8,True,True,CCc1nccnc1C(C)=O,CCc1nccnc1C(C)=O,True,meaty;earthy;nutty;hazelnut;potato;popcorn
MOL_001902,"Acetaldehyde 2,3-butanediol acetal",3299-32-9,3299-32-9,True,True,CC1OC(C)C(C)O1,CC1OC(C)C(C)O1,True,alcoholic;ethereal;green;fruity;fresh;winey
MOL_001903,Heptalactone,3301-90-4,3301-90-4,True,True,CCC1CCCC(=O)O1,CCC1CCCC(=O)O1,True,coconut;coumarinic
MOL_001904,Nonalactone,3301-94-8,3301-94-8,True,True,CCCCC1CCCC(=O)O1,CCCCC1CCCC(=O)O1,True,oily;fatty;coconut;sweet
MOL_001905,Methylheptanoic acid,3302-03-2,3302-03-2,True,True,CCCCCC(C)C(=O)O,CCCCCC(C)C(=O)O,True,fatty;sour;cheesy
MOL_001906,Trimethylhexanoic acid,3302-10-1,3302-10-1,True,True,CC(CC(=O)O)CC(C)(C)C,CC(CC(=O)O)CC(C)(C)C,True,sour
MOL_001907,Methyloctenone,33046-81-0,33046-81-0,True,True,CC(=O)/C=C/CCC(C)C,CC(=O)/C=C/CCC(C)C,True,creamy;meaty;green;oily;fatty;earthy;nutty
MOL_001908,Prenyl thioacetate,33049-93-3,33049-93-3,True,True,CC(=O)SCC=C(C)C,CC(=O)SCC=C(C)C,True,green;sulfurous;fruity;tropical
MOL_001909,(R)-2-methyl butyraldehyde,33204-48-7,33204-48-7,True,True,CC[C@@H](C)C=O,CC[C@@H](C)C=O,True,burnt;cocoa;coffee
MOL_001910,Epoxycarvone,33204-74-9,33204-74-9,True,True,C=C(C)C1CC(=O)C2(C)OC2C1,C=C(C)C1CC(=O)C2(C)OC2C1,True,mint
MOL_001911,(Z)-buchu mercaptan,33284-96-7,33284-96-7,True,True,C[C@H]1CC[C@@H](C(=O)C1)C(C)(C)S,C[C@H]1CC[C@H](C(C)(C)S)C(=O)C1,True,tropical
MOL_001912,Methylfuryl methylthiomethyl disulfide,333384-99-9,333384-99-9,True,True,CSCSSc1occc1C,CSCSSc1occc1C,True,sulfurous;meaty;beefy;roasted
MOL_001913,Methyl propenyl trisulfide,33368-80-8,33368-80-8,True,True,CC=CSSSC,CC=CSSSC,True,onion;sulfurous;garlic
MOL_001914,Allyl propenyl disulfide,33368-82-0,33368-82-0,True,True,C=CCSSC=CC,C=CCSSC=CC,True,onion;garlic
MOL_001915,Ocimene,3338-55-4,3338-55-4,True,True,C=C/C(C)=C\CC=C(C)C,C=C/C(C)=C\CC=C(C)C,True,floral;sweet;warm;herbal
MOL_001916,Decanoic acid,334-48-5,334-48-5,True,True,CCCCCCCCCC(=O)O,CCCCCCCCCC(=O)O,True,fatty;waxy;dairy;cheesy
MOL_001917,(E)-2-decenoic acid,334-49-6,334-49-6,True,True,CCCCCCC/C=C/C(=O)O,CCCCCCC/C=C/C(=O)O,True,sweet;fresh;fruity;oily;waxy
MOL_001918,Ethyl mercaptomethylpropionate,33441-50-8,33441-50-8,True,True,CCOC(=O)C(C)CS,CCOC(=O)C(C)CS,True,sulfurous;fruity;tropical
MOL_001919,Hexenyl formate,33467-73-1,33467-73-1,True,True,CC/C=C\CCOC=O,CC/C=C\CCOC=O,True,green;fruity;apple;sharp
MOL_001920,Hexenyl propionate,33467-74-2,33467-74-2,True,True,CC/C=C\CCOC(=O)CC,CC/C=C\CCOC(=O)CC,True,apple;citrus;green;pear;waxy;vegetable;sweet
MOL_001921,Heptenol,33467-76-4,33467-76-4,True,True,CCCC/C=C/CO,CCCC/C=C/CO,True,green;fatty;pungent
MOL_001922,Heptadienol,33467-79-7,33467-79-7,True,True,CC/C=C/C=C/CO,CC/C=C/C=C/CO,True,fatty;nutty;almond;cheesy
MOL_001923,Verbenyl acetate,33522-69-9,33522-69-9,True,True,CC(=O)OC1C=C(C)C2CC1C2(C)C,CC(=O)OC1C=C(C)C2CC1C2(C)C,True,fruity;spicy;mint;herbal
MOL_001924,fucoserratene,33580-05-1,33580-05-1,True,True,CC/C=C\C=C\C=C,C=C/C=C/C=C\CC,True,green;solvent
MOL_001925,Phenylbutanol,3360-41-6,3360-41-6,True,True,OCCCCc1ccccc1,OCCCCc1ccccc1,True,honey;rose;sweet;herbal
MOL_001926,Methyl methylpentenoate,33603-30-4,33603-30-4,True,True,CCC=C(C)C(=O)OC,CCC=C(C)C(=O)OC,True,green;fruity;melon;strawberry;pineapple;sweet
MOL_001927,sea resorcylate,33662-58-7,33662-58-7,True,True,CC1=C(C=CC(=C1O)C(=O)OC)O,COC(=O)c1ccc(O)c(C)c1O,True,musty;sweet;fresh;phenolic
MOL_001928,Octenone,33665-27-9,33665-27-9,True,True,CCC/C=C/CC(C)=O,CCC/C=C/CC(C)=O,True,spicy;green;fatty;earthy;fruity;dairy;herbal
MOL_001929,Methylnonalactone,33673-62-0,33673-62-0,True,True,CCCCCC1OC(=O)CC1C,CCCCCC1OC(=O)CC1C,True,coconut;buttery
MOL_001930,Hexanal dihexyl acetal,33673-65-3,33673-65-3,True,True,CCCCCCOC(CCCCC)OCCCCCC,CCCCCCOC(CCCCC)OCCCCCC,True,grassy;apple;green;oily;cognac
MOL_001931,musk indanone,33704-61-9,33704-61-9,True,True,CC1C(C2=C(C1(C)C)C(=O)CCC2)(C)C,CC1C(C)(C)C2=C(C(=O)CCC2)C1(C)C,True,spicy;musk;woody;fresh
MOL_001932,Hexyl hexenoate,33855-57-1,33855-57-1,True,True,CCC/C=C/C(=O)OCCCCCC,CCC/C=C/C(=O)OCCCCCC,True,green;fruity;fatty;waxy;sweet
MOL_001933,Butenyl isothiocyanate,3386-97-8,3386-97-8,True,True,C=CCCN=C=S,C=CCCN=C=S,True,green;pungent;horseradish
MOL_001934,Sabinene,3387-41-5,3387-41-5,True,True,C=C1CCC2(C(C)C)CC12,C=C1CCC2(C(C)C)CC12,True,spicy;citrus
MOL_001935,beta-elemene,33880-83-0,33880-83-0,True,True,CC(=C)[C@H]1CC[C@]([C@H](C1)C(=C)C)(C)C=C,C=C[C@@]1(C)CC[C@H](C(=C)C)C[C@@H]1C(=C)C,True,herbal;waxy;fresh
MOL_001936,pinoacetaldehyde,33885-51-7,33885-51-7,True,True,CC1(C2CC=C(C1C2)CCC=O)C,CC1(C)C2CC=C(CCC=O)C1C2,True,fresh;balsamic;pine;nutty;aldehydic
MOL_001937,Dimethyldioxolane,3390-12-3,3390-12-3,True,True,CC1COC(C)O1,CC1COC(C)O1,True,ethereal;green;fruity;dairy;sweet;buttery
MOL_001938,Myrtenyl isovalerate,33900-84-4,33900-84-4,True,True,CC(C)CC(=O)OCC1=CCC2CC1C2(C)C,CC(C)CC(=O)OCC1=CCC2CC1C2(C)C,True,woody;fruity;herbal
MOL_001939,musk lactone,3391-83-1,3391-83-1,True,True,C1CCCCC(=O)OCCCCCOCCCC1,O=C1CCCCCCCCCOCCCCCO1,True,sweet;oily;balsamic;musk;animal
MOL_001940,Octenol,3391-86-4,3391-86-4,True,True,C=CC(O)CCCCC,C=CC(O)CCCCC,True,earthy;sweet;mushroom
MOL_001941,Menthone,3391-87-5,3391-87-5,True,True,CC(C)[C@H]1CC[C@H](C)CC1=O,CC(C)[C@H]1CC[C@H](C)CC1=O,True,mint
MOL_001942,Propenyl propyl sulfide,33922-70-2,33922-70-2,True,True,CC=CSCCC,CC=CSCCC,True,onion;alliaceous;garlic
MOL_001943,Allyl propyl trisulfide,33922-73-5,33922-73-5,True,True,C=CCSSSCCC,C=CCSSSCCC,True,onion;garlic;pungent
MOL_001944,"2-methyl-4-phenyl-1,3-dioxolane",33941-99-0,33941-99-0,True,True,CC1OCC(O1)C2=CC=CC=C2,CC1OCC(c2ccccc2)O1,True,animal;floral;jasmine
MOL_001945,Mercaptomethylbutanol,33959-27-2,33959-27-2,True,True,CC(O)C(C)CS,CC(O)C(C)CS,True,onion;sulfurous;meaty;savory
MOL_001946,Methyltetrahydrofuranone,34003-72-0,34003-72-0,True,True,CC1CC(=O)CO1,CC1CC(=O)CO1,True,hay;sweet;burnt;rum;bread;coumarinic;buttery
MOL_001947,Methylthiobutanone,34047-39-7,34047-39-7,True,True,CSCCC(C)=O,CSCCC(C)=O,True,earthy;fishy;vegetable;potato;cheesy
MOL_001948,gardenia decalone,34131-98-1,34131-98-1,True,True,CC(C)C1CCC2CC(=O)CCC2C1,CC(C)C1CCC2CC(=O)CCC2C1,True,floral;green;grapefruit;woody
MOL_001949,Allyl methyl trisulfide,34135-85-8,34135-85-8,True,True,C=CCSSSC,C=CCSSSC,True,onion;garlic
MOL_001950,Menthadienol,3419-02-1,3419-02-1,True,True,C=C(C)C1(O)CC=C(C)CC1,C=C(C)C1(O)CC=C(C)CC1,True,earthy;animal;musty;sweet
MOL_001951,isomaltol,3420-59-5,3420-59-5,True,True,CC(=O)C1=C(C=CO1)O,CC(=O)c1occc1O,True,burnt;caramellic;fruity
MOL_001952,Dimethylbenzyl acetate,3425-72-7,3425-72-7,True,True,CC(=O)OC(C)(C)c1ccccc1,CC(=O)OC(C)(C)c1ccccc1,True,fruity;floral
MOL_001953,Isopropylhydratropaldehyde,34291-99-1,34291-99-1,True,True,CC(C)c1ccc(C(C)C=O)cc1,CC(C)c1ccc(C(C)C=O)cc1,True,green;herbal;leafy;floral
MOL_001954,Mercaptomethylbutanol,34300-94-2,34300-94-2,True,True,CC(C)(S)CCO,CC(C)(S)CCO,True,meaty;onion;sulfurous;grapefruit;beefy
MOL_001955,Hexyl dodecanoate,34316-64-8,34316-64-8,True,True,CCCCCCCCCCCC(=O)OCCCCCC,CCCCCCCCCCCC(=O)OCCCCCC,True,oily;fatty;waxy;creamy
MOL_001956,Isopropyl methylbutanethioate,34322-06-0,34322-06-0,True,True,CC(C)CC(=O)SC(C)C,CC(C)CC(=O)SC(C)C,True,vegetable;green;tropical;sulfurous;cheesy
MOL_001957,Butyl methylbutenethioate,34322-09-3,34322-09-3,True,True,CCC(C)SC(=O)C=C(C)C,CCC(C)SC(=O)C=C(C)C,True,vegetable;green;fruity;tropical;sulfurous;cheesy
MOL_001958,"(2S,5R)-buchu mercaptan",34349-25-2,34349-25-2,True,True,C[C@@H]1CC[C@@H](C(=O)C1)C(C)(C)S,C[C@@H]1CC[C@H](C(C)(C)S)C(=O)C1,True,herbal
MOL_001959,Isopropyl methylbutenethioate,34365-79-2,34365-79-2,True,True,CC(C)=CC(=O)SC(C)C,CC(C)=CC(=O)SC(C)C,True,meaty;green;tropical;onion;sulfurous
MOL_001960,Acetylethylpyrazine,34413-34-8,34413-34-8,True,True,CCc1cncc(C(C)=O)n1,CCc1cncc(C(C)=O)n1,True,nutty;hazelnut;popcorn
MOL_001961,Tetrahydroquinoxaline,34413-35-9,34413-35-9,True,True,c1cnc2c(n1)CCCC2,c1cnc2c(n1)CCCC2,True,roasted;nutty;popcorn
MOL_001962,butyl laevo-lactate,34451-19-9,34451-19-9,True,True,CCCCOC(=O)[C@H](C)O,CCCCOC(=O)[C@H](C)O,True,sweet;fruity;fermented;mushroom;milky;creamy
MOL_001963,Ethyl octenoate,34495-71-1,34495-71-1,True,True,CCC/C=C\CCC(=O)OCC,CCC/C=C\CCC(=O)OCC,True,green;fruity;fatty;pear;pineapple
MOL_001964,Trimethylhexanol,3452-97-9,3452-97-9,True,True,CC(CCO)CC(C)(C)C,CC(CCO)CC(C)(C)C,True,green;oily;mint;herbal
MOL_001965,Methyltetrahydronaphthalenone,34545-88-5,34545-88-5,True,True,CC1=CC2=CC(=O)CCC2CC1,CC1=CC2=CC(=O)CCC2CC1,True,fruity;coconut;coumarinic
MOL_001966,Styrallyl butyrate,3460-44-4,3460-44-4,True,True,CCCC(=O)OC(C)c1ccccc1,CCCC(=O)OC(C)c1ccccc1,True,apple;apricot;green;fruity;berry;floral
MOL_001967,Styrallyl hexanoate,3460-45-5,3460-45-5,True,True,CCCCCC(=O)OC(C)c1ccccc1,CCCCCC(=O)OC(C)c1ccccc1,True,fruity;rose
MOL_001968,Ketobutanethiol,34619-12-0,34619-12-0,True,True,CC(=O)CCS,CC(=O)CCS,True,potato;meaty
MOL_001969,Ethyl glucoside,34625-23-5,34625-23-5,True,True,CCO[C@@H]1O[C@H](CO)[C@@H](O)[C@H](O)[C@H]1O,CCO[C@@H]1O[C@H](CO)[C@@H](O)[C@H](O)[C@H]1O,True,alcoholic
MOL_001970,jasmin cyclopentanol,34686-67-4,34686-67-4,True,True,CCC/C=C/CC1CCCC1O,CCC/C=C/CC1CCCC1O,True,floral;green;fruity;waxy;jasmine;tropical;banana
MOL_001971,jasmin lactone (IFF),34686-71-0,34686-71-0,True,True,CC/C=C/CC1CCCC(=O)O1,CC/C=C/CC1CCCC(=O)O1,True,oily;fruity;floral;jasmine;peach;apricot;coconut
MOL_001972,hexenyl cyclopentanone,34687-46-2,34687-46-2,True,True,CCC/C=C/CC1CCCC1=O,CCC/C=C/CC1CCCC1=O,True,oily;jasmine;coconut;milky;dairy;floral
MOL_001973,(S)-2-phenyl propionaldehyde,34713-70-7,34713-70-7,True,True,C[C@H](C=O)C1=CC=CC=C1,C[C@H](C=O)c1ccccc1,True,floral;green
MOL_001974,Decanal diethyl acetal,34764-02-8,34764-02-8,True,True,CCCCCCCCCC(OCC)OCC,CCCCCCCCCC(OCC)OCC,True,citrus;ethereal;oily;fruity;fatty;fresh;waxy;herbal;rum
MOL_001975,Amyl  cinnamate,3487-99-8,3487-99-8,True,True,CCCCCOC(=O)/C=C/c1ccccc1,CCCCCOC(=O)/C=C/c1ccccc1,True,balsamic;cocoa;floral;sweet
MOL_001976,Hexyl cinnamate,3488-00-4,3488-00-4,True,True,CCCCCCOC(=O)/C=C/c1ccccc1,CCCCCCOC(=O)/C=C/c1ccccc1,True,fruity;balsamic;warm;herbal
MOL_001977,Nonanedithiol,3489-28-9,3489-28-9,True,True,SCCCCCCCCCS,SCCCCCCCCCS,True,vegetable;meaty;fatty;waxy;sulfurous;mushroom
MOL_001978,musk decenone,34902-57-3,34902-57-3,True,True,O=C1/C=C/CCCCCCCCCCCCO1,O=C1/C=C/CCCCCCCCCCCCO1,True,sweet;musk;waxy
MOL_001979,Phenylpentenal,3491-63-2,3491-63-2,True,True,CC/C=C(/C=O)c1ccccc1,CC/C=C(/C=O)c1ccccc1,True,honey;cocoa;floral
MOL_001980,green oxane,3494-76-6,3494-76-6,True,True,CC(C)C1C(COC(O1)C(C)C)(C)C,CC(C)C1OCC(C)(C)C(C(C)C)O1,True,spicy;woody;fruity
MOL_001981,Diamyl disulfide,34965-30-5,34965-30-5,True,True,CCC(C)(C)SSC(C)(C)CC,CCC(C)(C)SSC(C)(C)CC,True,vegetable;meaty;green;alliaceous;savory;sulfurous
MOL_001982,Acetylpyridine,350-03-8,350-03-8,True,True,CC(=O)c1cccnc1,CC(=O)c1cccnc1,True,roasted;tobacco;nutty;burnt
MOL_001983,Ethyl safranate (isomers),35044-57-6,35044-57-6,True,True,CCOC(=O)C1C(C)=CC=CC1(C)C,CCOC(=O)C1C(C)=CC=CC1(C)C,True,spicy;apple;fruity;herbal
MOL_001984,ethyl safranate,35044-59-8,35044-59-8,True,True,CCOC(=O)C1=C(C=CCC1(C)C)C,CCOC(=O)C1=C(C)C=CCC1(C)C,True,fresh;herbal;rose;apple;woody
MOL_001985,beta-damascone,35044-68-9,35044-68-9,True,True,CC=CC(=O)C1=C(CCCC1(C)C)C,CC=CC(=O)C1=C(C)CCCC1(C)C,True,fruity;floral;black currant;plum;rose;honey;tobacco
MOL_001986,Methylbutyl formate,35073-27-9,35073-27-9,True,True,CCC(C)COC=O,CCC(C)COC=O,True,apple;green;fruity;fatty;winey
MOL_001987,clover nitrile,3508-98-3,3508-98-3,True,True,CCCCC(C#N)C1=CC=CC=C1,CCCCC(C#N)c1ccccc1,True,floral;balsamic
MOL_001988,gamma-damascone,35087-49-1,35087-49-1,True,True,O=C(/C=C/C)C1\C(=C)CCCC1(C)C,C=C1CCCC(C)(C)C1C(=O)/C=C/C,True,fruity;floral;rose;green;apple;plum;camphoreous;tobacco
MOL_001989,Methylfuranone,3511-32-8,3511-32-8,True,True,CC1=CC(=O)CO1,CC1=CC(=O)CO1,True,caramellic;roasted;nutty;bread;sweet;buttery
MOL_001990,Hexenyl isovalerate,35154-45-1,35154-45-1,True,True,CC/C=C\CCOC(=O)CC(C)C,CC/C=C\CCOC(=O)CC(C)C,True,green;fruity;apple
MOL_001991,Isopropylmethylhexenal,35158-25-9,35158-25-9,True,True,CC(C)C/C=C(/C=O)C(C)C,CC(C)C/C=C(/C=O)C(C)C,True,earthy;cocoa;herbal;woody
MOL_001992,Piperitenone oxide,35178-55-3,35178-55-3,True,True,CC(C)=C1CCC2(C)OC2C1=O,CC(C)=C1CCC2(C)OC2C1=O,True,pineapple;apple;mint;herbal
MOL_001993,Decenone,35194-30-0,35194-30-0,True,True,C=CCCCCCCC(C)=O,C=CCCCCCCC(C)=O,True,apple;green;fruity;fatty;pear;pineapple
MOL_001994,Ethyl octenoate,35194-38-8,35194-38-8,True,True,C=CCCCCCC(=O)OCC,C=CCCCCCC(=O)OCC,True,cognac;sweet
MOL_001995,Diethyl sulfide,352-93-2,352-93-2,True,True,CCSCC,CCSCC,True,meaty;garlic;savory;tomato;sulfurous
MOL_001996,apple crotonate,35206-51-0,35206-51-0,True,True,C\C=C\C(=O)OC(C)CC(C)C,C/C=C/C(=O)OC(C)CC(C)C,True,fruity;apple;pear;plum;grape
MOL_001997,Methyl acetoxyoctanoate,35234-21-0,35234-21-0,True,True,CCCCCC(CC(=O)OC)OC(C)=O,CCCCCC(CC(=O)OC)OC(C)=O,True,green;fruity;winey;tropical
MOL_001998,Methyl acetoxyhexanoate,35234-22-1,35234-22-1,True,True,CCCCC(OC(C)=O)C(=O)OC,CCCCC(OC(C)=O)C(=O)OC,True,fruity;apple;pineapple
MOL_001999,Ethyl acetoxyoctanoate,35234-25-4,35234-25-4,True,True,CCCC(CCCC(=O)OCC)OC(C)=O,CCCC(CCCC(=O)OCC)OC(C)=O,True,fruity
MOL_002000,Ethoxyethylpyrazine,35243-43-7,35243-43-7,True,True,CCOC(C)c1cnccn1,CCOC(C)c1cnccn1,True,potato;roasted;earthy;nutty;woody
MOL_002001,Pyrazineethanethiol,35250-53-4,35250-53-4,True,True,SCCc1cnccn1,SCCc1cnccn1,True,roasted;meaty;savory;chicken;sulfurous
MOL_002002,Hexadecyl lactate,35274-05-6,35274-05-6,True,True,CCCCCCCCCCCCCCCCOC(=O)C(C)O,CCCCCCCCCCCCCCCCOC(=O)C(C)O,True,odorless
MOL_002003,Methyl tolyl disulfide,35379-09-0,35379-09-0,True,True,CSSc1ccccc1C,CSSc1ccccc1C,True,sulfurous;meaty;roasted
MOL_002004,Undecatrienol,35389-48-1,35389-48-1,True,True,CCCCCC=CC=CC=CO,CCCCCC=CC=CC=CO,True,green;fishy
MOL_002005,Isopentylidene isopentylamine,35448-31-8,35448-31-8,True,True,CC(C)CC=NCCC(C)C,CC(C)CC=NCCC(C)C,True,oily;fishy;cocoa;burnt;sweet
MOL_002006,Ethyl methylanthranilate,35472-56-1,35472-56-1,True,True,CCOC(=O)c1ccccc1NC,CCOC(=O)c1ccccc1NC,True,grape
MOL_002007,Methyl butylphenylacetate,3549-23-3,3549-23-3,True,True,COC(=O)Cc1ccc(C(C)(C)C)cc1,COC(=O)Cc1ccc(C(C)(C)C)cc1,True,creamy;green;fruity;milky;vanilla;honey;woody;sweet;chocolate
MOL_002008,Methyl phenethyl ether,3558-60-9,3558-60-9,True,True,COCCc1ccccc1,COCCc1ccccc1,True,rose;green;jasmine;floral
MOL_002009,ipsdienol,35628-00-3,35628-00-3,True,True,CC(=C[C@H](CC(=C)C=C)O)C,C=CC(=C)C[C@H](O)C=C(C)C,True,pine;balsamic
MOL_002010,"trans-para-menthane-3,8-diol",3564-98-5,3564-98-5,True,True,CC1CC[C@H]([C@@H](C1)O)C(C)(C)O,CC1CC[C@@H](C(C)(C)O)[C@H](O)C1,True,herbal;camphoreous;mint
MOL_002011,Diethylthiophene,35686-14-7,35686-14-7,True,True,CCc1ccsc1CC,CCc1ccsc1CC,True,onion;meaty;roasted
MOL_002012,Acetoxyphenylbutanone,3572-06-3,3572-06-3,True,True,CC(=O)CCc1ccc(OC(C)=O)cc1,CC(=O)CCc1ccc(OC(C)=O)cc1,True,fruity;vanilla;woody
MOL_002013,pomarose,357650-26-1,357650-26-1,True,True,O=C(/C=C/C)\C(=C(/C(C)C)C)C,C/C=C/C(=O)/C(C)=C(/C)C(C)C,True,fruity;rose;apple;plum;ripe
MOL_002014,Methylthiazole,3581-87-1,3581-87-1,True,True,Cc1nccs1,Cc1nccs1,True,green;vegetable
MOL_002015,Methylthiazole,3581-89-3,3581-89-3,True,True,Cc1cncs1,Cc1cncs1,True,sulfurous;coffee;roasted
MOL_002016,Dimethylthiazole,3581-91-7,3581-91-7,True,True,Cc1ncsc1C,Cc1ncsc1C,True,meaty;roasted;green;nutty;chicken
MOL_002017,herbal dioxane,3583-00-4,3583-00-4,True,True,CC(C)C1C(COCO1)(C)C,CC(C)C1OCOCC1(C)C,True,fresh;green;herbal;camphoreous;woody
MOL_002018,Isohexyl isohexanoate,35852-42-7,35852-42-7,True,True,CC(C)CCCOC(=O)CCC(C)C,CC(C)CCCOC(=O)CCC(C)C,True,fruity;waxy;herbal;sweet
MOL_002019,Hexenyl valerate,35852-46-1,35852-46-1,True,True,CC/C=C/CCOC(=O)CCCC,CC/C=C/CCOC(=O)CCCC,True,green;fruity;tropical;buttery
MOL_002020,Nonenol,35854-86-5,35854-86-5,True,True,CC/C=C\CCCCCO,CC/C=C\CCCCCO,True,green;fruity;waxy;melon
MOL_002021,meta-cresyl phenyl ether,3586-14-9,3586-14-9,True,True,CC1=CC(=CC=C1)OC2=CC=CC=C2,Cc1cccc(Oc2ccccc2)c1,True,floral;rose
MOL_002022,Hexenyl acetate,35926-04-6,35926-04-6,True,True,C=CC(CCC)OC(C)=O,C=CC(CCC)OC(C)=O,True,green;fruity;rum
MOL_002023,(R)-citronellyl nitrile,35931-93-2,35931-93-2,True,True,C[C@H](CCC=C(C)C)CC#N,CC(C)=CCC[C@@H](C)CC#N,True,citrus;green;fruity;floral
MOL_002024,Cedrene,35944-22-0,35944-22-0,True,True,CC1=CC[C@@]23C[C@@H]1C(C)(C)[C@@H]2CC[C@@H]3C,CC1=CC[C@@]23C[C@@H]1C(C)(C)[C@@H]2CC[C@@H]3C,True,fatty;tea;woody;sweet;dry
MOL_002025,Diethyl trisulfide,3600-24-6,3600-24-6,True,True,CCSSSCC,CCSSSCC,True,alliaceous;garlic;savory;onion
MOL_002026,Cyclotetradecanone,3603-99-4,3603-99-4,True,True,O=C1CCCCCCCCCCCCC1,O=C1CCCCCCCCCCCCC1,True,musk
MOL_002027,herbal carene,3608-11-5,3608-11-5,True,True,CC1=CC2C(C2(C)C)CC1C(=O)C,CC(=O)C1CC2C(C=C1C)C2(C)C,True,herbal;dry;woody;citrus
MOL_002028,Methoxycitronellal,3613-30-7,3613-30-7,True,True,COC(C)(C)CCCC(C)CC=O,COC(C)(C)CCCC(C)CC=O,True,fresh;floral;sweet
MOL_002029,Undecenone,36219-73-5,36219-73-5,True,True,C=CCCCCCCCC(C)=O,C=CCCCCCCCC(C)=O,True,citrus;green;fruity;melon;tropical
MOL_002030,isomenthol,3623-52-7,3623-52-7,True,True,C[C@@H]1CC[C@@H]([C@@H](C1)O)C(C)C,CC(C)[C@H]1CC[C@@H](C)C[C@H]1O,True,mint;musty;woody;camphoreous
MOL_002031,Dihydromethylthienopyrimidine,36267-71-7,36267-71-7,True,True,Cc1ncc2c(n1)CSC2,Cc1ncc2c(n1)CSC2,True,nutty;popcorn
MOL_002032,"2-methyl-5,7-dihydrofuro-[3,4-d]-pyrimidine",36267-74-0,36267-74-0,True,True,Cc1ncc2c(n1)COC2,Cc1ncc2c(n1)COC2,True,sweet;popcorn
MOL_002033,"2,7-dimethyl-5,7-dihydrofuro-[3,4-d]-pyrimidine",36267-77-3,36267-77-3,True,True,Cc1ncc2c(n1)C(OC2)C,Cc1ncc2c(n1)C(C)OC2,True,popcorn;malty
MOL_002034,woody cyclohexanone,36306-87-3,36306-87-3,True,True,CCOC(=C)C1C(CC(=O)CC1(C)C)(C)C,C=C(OCC)C1C(C)(C)CC(=O)CC1(C)C,True,woody;balsamic;tobacco;herbal
MOL_002035,Oxooctanoic acid,3637-14-7,3637-14-7,True,True,CCCC(=O)CCCC(=O)O,CCCC(=O)CCCC(=O)O,True,fruity
MOL_002036,Oxododecanoic acid,3637-16-9,3637-16-9,True,True,CCCCCCCCCCC(=O)C(=O)O,CCCCCCCCCCC(=O)C(=O)O,True,creamy;peach
MOL_002037,Theaspirane,36431-72-8,36431-72-8,True,True,CC1=CCCC(C)(C)C12CCC(C)O2,CC1=CCCC(C)(C)C12CCC(C)O2,True,fruity;camphoreous;woody;sweet
MOL_002038,Tolyl isobutyrate,36438-54-7,36438-54-7,True,True,Cc1ccccc1OC(=O)C(C)C,Cc1ccccc1OC(=O)C(C)C,True,medicinal;phenolic;fruity;berry
MOL_002039,Strawberry furanone,3658-77-3,3658-77-3,True,True,CC1=C(O)C(=O)C(C)O1,CC1=C(O)C(=O)C(C)O1,True,caramellic;roasted;fruity;strawberry;pineapple
MOL_002040,Pentanal diethyl acetal,3658-79-5,3658-79-5,True,True,CCCCC(OCC)OCC,CCCCC(OCC)OCC,True,apple;ethereal;green;fruity;cognac
MOL_002041,Dimethyl trisulfide,3658-80-8,3658-80-8,True,True,CSSSC,CSSSC,True,onion;garlic;cabbage
MOL_002042,Butanal ethyl amyl acetal,3658-92-2,3658-92-2,True,True,CCCCCOC(CCC)OCC,CCCCCOC(CCC)OCC,True,alcoholic;ethereal;green;fermented;cognac
MOL_002043,Hexanal diethyl acetal,3658-93-3,3658-93-3,True,True,CCCCCC(OCC)OCC,CCCCCC(OCC)OCC,True,apple;green;fruity;fresh;herbal;cognac;floral
MOL_002044,Diethoxymethylbutane,3658-94-4,3658-94-4,True,True,CCOC(OCC)C(C)CC,CCOC(OCC)C(C)CC,True,apple;ethereal;green;fruity;fermented
MOL_002045,Butanal diethyl acetal,3658-95-5,3658-95-5,True,True,CCCC(OCC)OCC,CCCC(OCC)OCC,True,green;fruity;fermented;ethereal
MOL_002046,Octenone,3664-60-6,3664-60-6,True,True,C=CCCCCC(C)=O,C=CCCCCC(C)=O,True,fatty;herbal;cheesy
MOL_002047,Hexadecanol,36653-82-4,36653-82-4,True,True,CCCCCCCCCCCCCCCCO,CCCCCCCCCCCCCCCCO,True,odorless
MOL_002048,Furfuryl pentanoate,36701-01-6,36701-01-6,True,True,CCCCC(=O)OCc1ccco1,CCCCC(=O)OCc1ccco1,True,fruity;apple;caramellic;pineapple
MOL_002049,methyl (E)-3-nonenoate,36781-67-6,36781-67-6,True,True,CCCCC/C=C/CC(=O)OC,CCCCC/C=C/CC(=O)OC,True,fruity;green;melon;pear
MOL_002050,Campholene acetate,36789-59-0,36789-59-0,True,True,CC(=O)OC(C)C1CC=C(C)C1(C)C,CC(=O)OC(C)C1CC=C(C)C1(C)C,True,fruity;berry;woody;floral
MOL_002051,Dimethylheptenol,36806-46-9,36806-46-9,True,True,C=C(C)CCCC(C)CO,C=C(C)CCCC(C)CO,True,green;oily;fatty;melon;fresh;waxy
MOL_002052,Hexenyl acetate,3681-71-8,3681-71-8,True,True,CC/C=C\CCOC(C)=O,CC/C=C\CCOC(C)=O,True,grassy;fruity;green;banana
MOL_002053,Propyl dodecanoate,3681-78-5,3681-78-5,True,True,CCCCCCCCCCCC(=O)OCCC,CCCCCCCCCCCC(=O)OCCC,True,creamy;fruity;waxy;dairy;cognac;floral
MOL_002054,Hexenyl acetate,3681-82-1,3681-82-1,True,True,CC/C=C/CCOC(C)=O,CC/C=C/CCOC(C)=O,True,green;fruity;banana;sharp;pear
MOL_002055,Methyl oxomethylpentanoate,3682-42-6,3682-42-6,True,True,CCC(C)C(=O)C(=O)OC,CCC(C)C(=O)C(=O)OC,True,fruity;caramellic;rum
MOL_002056,Octenol,3687-48-7,3687-48-7,True,True,C=C[C@H](O)CCCCC,C=C[C@H](O)CCCCC,True,fruity;mushroom
MOL_002057,"4-acetyl-2,5-dimethyl-3(2H)-furanone",36871-78-0,36871-78-0,True,True,CC1C(=O)C(=C(O1)C)C(=O)C,CC(=O)C1=C(C)OC(C)C1=O,True,caramellic;fruity;berry
MOL_002058,Ethylthiophenecarbaldehyde,36880-33-8,36880-33-8,True,True,CCc1ccc(C=O)s1,CCc1ccc(C=O)s1,True,almond;nutty;caramellic
MOL_002059,Hydroxyproline,36901-87-8,36901-87-8,True,True,O=C(O)[C@@H]1C[C@@H](O)CN1,O=C(O)[C@@H]1C[C@@H](O)CN1,True,odorless
MOL_002060,Guaiene,3691-12-1,3691-12-1,True,True,C=C(C)C1CCC(C)C2=C(C1)C(C)CC2,C=C(C)C1CCC(C)C2=C(C1)C(C)CC2,True,woody;balsamic;sweet
MOL_002061,Methyl octyl sulfide,3698-95-1,3698-95-1,True,True,CCCCCCCCSC,CCCCCCCCSC,True,green;fruity;tropical;onion;sulfurous;pineapple
MOL_002062,Propyl methylbutyrate,37064-20-3,37064-20-3,True,True,CCCOC(=O)C(C)CC,CCCOC(=O)C(C)CC,True,apple;green;fruity;pineapple;sweet
MOL_002063,3-hydroxy-2-octanone,37160-77-3,37160-77-3,True,True,CCCCCC(C(=O)C)O,CCCCCC(O)C(C)=O,True,nutty
MOL_002064,Methyl phenylglycidate,37161-74-3,37161-74-3,True,True,COC(=O)C1OC1c1ccccc1,COC(=O)C1OC1c1ccccc1,True,fruity;sweet;berry
MOL_002065,amber acetate,37172-02-4,37172-02-4,True,True,CCC(C)C1CCCCC1(C=C)OC(=O)C,C=CC1(OC(C)=O)CCCCC1C(C)CC,True,woody;balsamic;dry;musk
MOL_002066,amber cyclohexanol,37172-05-7,37172-05-7,True,True,CCC(C)C1CCCCC1(C#C)OC(=O)C,C#CC1(OC(C)=O)CCCCC1C(C)CC,True,woody;balsamic;dry
MOL_002067,dihydroisojasmonate methyl ester,37172-53-5,37172-53-5,True,True,CCCCCCC1C(CCC1=O)C(=O)OC,CCCCCCC1C(=O)CCC1C(=O)OC,True,green;jasmine;floral;fresh;oily;herbal
MOL_002068,Celery ketone,3720-16-9,3720-16-9,True,True,CCCC1CC(=O)C=C(C)C1,CCCC1CC(=O)C=C(C)C1,True,spicy;herbal
MOL_002069,Dodecyl butyrate,3724-61-6,3724-61-6,True,True,CCCCCCCCCCCCOC(=O)CCC,CCCCCCCCCCCCOC(=O)CCC,True,oily;fruity;fatty
MOL_002070,Butenoic acid,3724-65-0,3724-65-0,True,True,C/C=C/C(=O)O,C/C=C/C(=O)O,True,spicy;caramellic;sour;milky;sharp;burnt
MOL_002071,amber naphthofuran,3738-00-9,3738-00-9,True,True,CC1(CCCC2(C1CCC3(C2CCO3)C)C)C,CC1(C)CCCC2(C)C1CCC1(C)OCCC12,True,dry;woody;balsamic;musk;sweet
MOL_002072,Methylpentenone,3744-02-3,3744-02-3,True,True,C=C(C)CC(C)=O,C=C(C)CC(C)=O,True,ketonic;sweet;burnt;mint
MOL_002073,Ethyl decenoate,37486-72-9,37486-72-9,True,True,CCCCCCC/C=C/C(=O)OCC,CCCCCCC/C=C/C(=O)OCC,True,apple;citrus;green;fruity;pear;waxy
MOL_002074,amber dodecane,37514-30-0,37514-30-0,True,True,CC1(CCCCCCCCCCC1)OC,COC1(C)CCCCCCCCCCC1,True,woody;vegetable;musk
MOL_002075,dihydrofarnesol,37519-97-4,37519-97-4,True,True,CC(CC/C=C(\C)/CCC=C(C)C)CCO,CC(C)=CCC/C(C)=C/CCC(C)CCO,True,floral;metallic
MOL_002076,Benzyl tiglate,37526-88-8,37526-88-8,True,True,C/C=C(\C)C(=O)OCc1ccccc1,C/C=C(\C)C(=O)OCc1ccccc1,True,rose;mushroom
MOL_002077,Isobutyl levulinate,3757-32-2,3757-32-2,True,True,CC(=O)CCC(=O)OCC(C)C,CC(=O)CCC(=O)OCC(C)C,True,oily;fruity;caramellic;herbal
MOL_002078,Nonenoic acid,3760-11-0,3760-11-0,True,True,CCCCCC/C=C\C(=O)O,CCCCCC/C=C\C(=O)O,True,green;fatty
MOL_002079,Undecenol,37617-03-1,37617-03-1,True,True,CCCCCCCC/C=C/CO,CCCCCCCC/C=C/CO,True,floral;waxy;rose
MOL_002080,Butylthiazole,37645-61-7,37645-61-7,True,True,CCCCc1nccs1,CCCCc1nccs1,True,green;vegetable;tomato;herbal
MOL_002081,Pentylthiazole,37645-62-8,37645-62-8,True,True,CCCCCc1nccs1,CCCCCc1nccs1,True,green;fatty;earthy;nutty;cocoa;vegetable
MOL_002082,Ethyl furylmethylthiocarbonate,376595-42-5,376595-42-5,True,True,CCOC(O)=[SH]Cc1ccco1,CCOC(O)=[SH]Cc1ccco1,True,sulfurous
MOL_002083,Methylpentenoic acid,37674-63-8,37674-63-8,True,True,C/C=C/C(C)C(=O)O,C/C=C/C(C)C(=O)O,True,fruity;hazelnut;cheesy
MOL_002084,Empetal,37677-14-8,37677-14-8,True,True,CC(C)=CCCC1=CCC(C=O)CC1,CC(C)=CCCC1=CCC(C=O)CC1,True,floral;aldehydic;citrus
MOL_002085,Acetaldehyde glyceryl acetal,3773-93-1,3773-93-1,True,True,CC1OCC(CO)O1,CC1OCC(CO)O1,True,green;fruity;ethereal
MOL_002086,Pentylfuran,3777-69-3,3777-69-3,True,True,CCCCCc1ccco1,CCCCCc1ccco1,True,green;earthy;fruity;vegetable
MOL_002087,Heptylfuran,3777-71-7,3777-71-7,True,True,CCCCCCCc1ccco1,CCCCCCCc1ccco1,True,meaty;green;fatty;oily;nutty;tropical;dairy
MOL_002088,Methylhexanoic acid,3780-58-3,3780-58-3,True,True,CCCC(C)CC(=O)O,CCCC(C)CC(=O)O,True,fruity;sour;cheesy
MOL_002089,Isobutyl dodecanoate,37811-72-6,37811-72-6,True,True,CCCCCCCCCCCC(=O)OCC(C)C,CCCCCCCCCCCC(=O)OCC(C)C,True,oily;fatty;winey
MOL_002090,Dimethylbenzofuran,3782-00-1,3782-00-1,True,True,Cc1oc2ccccc2c1C,Cc1oc2ccccc2c1C,True,tobacco;spicy
MOL_002091,Mercaptobutanol,37887-04-0,37887-04-0,True,True,CC(O)C(C)S,CC(O)C(C)S,True,meaty;garlic;savory;onion;brothy
MOL_002092,(Z)-nerolidol,3790-78-1,3790-78-1,True,True,CC(=CCC/C(=C\CCC(C)(C=C)O)/C)C,C=CC(C)(O)CC/C=C(/C)CCC=C(C)C,True,waxy;floral
MOL_002093,Geranylacetone,3796-70-1,3796-70-1,True,True,CC(=O)CC/C=C(\C)CCC=C(C)C,CC(=O)CC/C=C(\C)CCC=C(C)C,True,rose;green;fruity;fresh;floral
MOL_002094,(E)-2-phenyl-1(2)-propene-1-yl acetate,37973-51-6,37973-51-6,True,True,C/C(=C\OC(=O)C)/C1=CC=CC=C1,CC(=O)O/C=C(\C)c1ccccc1,True,sweet;honey;floral
MOL_002095,geranyl ethyl acetal,38019-89-5,38019-89-5,True,True,CCOC(C)OC/C=C(\C)/CCC=C(C)C,CCOC(C)OC/C=C(\C)CCC=C(C)C,True,sweet;creamy;vanilla;caramellic
MOL_002096,5-acetyl-4-methyl thiazole,38205-55-9,38205-55-9,True,True,CC1=C(SC=N1)C(=O)C,CC(=O)c1scnc1C,True,roasted;nutty;sulfurous
MOL_002097,Dimethylacetylthiazole,38205-60-6,38205-60-6,True,True,CC(=O)c1sc(C)nc1C,CC(=O)c1sc(C)nc1C,True,meaty;roasted;nutty;sulfurous
MOL_002098,"2,4-dimethyl-5-ethyl thiazole",38205-61-7,38205-61-7,True,True,CCC1=C(N=C(S1)C)C,CCc1sc(C)nc1C,True,nutty;roasted;meaty;earthy
MOL_002099,Methylmethoxythiazole,38205-64-0,38205-64-0,True,True,COc1cnc(C)s1,COc1cnc(C)s1,True,green;vegetable;sulfurous;cabbage
MOL_002100,"3-(benzyl oxy)-2,2-dimethyl propanal",38216-93-2,38216-93-2,True,True,CC(C)(COCC1=CC=CC=C1)C=O,CC(C)(C=O)COCc1ccccc1,True,aldehydic;fresh;floral;green;spicy
MOL_002101,musk dione,38223-29-9,38223-29-9,True,True,C1CCCCCC(=O)OCCCC(=O)CCCC1,O=C1CCCCCCCCCCC(=O)OCCC1,True,musk
MOL_002102,Epoxyoxophorone,38284-11-6,38284-11-6,True,True,CC(C)=CC(=O)C=C1COC1=O,CC(C)=CC(=O)C=C1COC1=O,True,tobacco;camphoreous;tea;sweet;mint
MOL_002103,"3,5-octadien-2-one",38284-27-4,38284-27-4,True,True,CCC=CC=CC(=O)C,CCC=CC=CC(C)=O,True,fruity;fatty;mushroom
MOL_002104,Nonanediol acetate,38285-49-3,38285-49-3,True,True,CCCCC1COCC(C)C1OC(C)=O,CCCCC1COCC(C)C1OC(C)=O,True,floral;jasmine;mushroom
MOL_002105,decahydrocyclododecaoxazole,38303-23-0,38303-23-0,True,True,C1CCCCCC2=C(CCCC1)N=CO2,c1nc2c(o1)CCCCCCCCCC2,True,green;herbal;pine;earthy;woody
MOL_002106,Methylmethyldihydrofuranylthiotetrahydrofuranthiol (2 isomers),38325-24-5,38325-24-5,True,True,CC1OCC=C1SC1(S)CCOC1C,CC1OCC=C1SC1(S)CCOC1C,True,meaty;roasted
MOL_002107,SpiroDithiamethyloxabicyclooctane-(oxamethyl)-cyclopentane,38325-25-6,38325-25-6,True,True,CC1OCCC12SC1CCOC1(C)S2,CC1OCCC12SC1CCOC1(C)S2,True,meaty
MOL_002108,Dodecenyl acetate,38363-23-4,38363-23-4,True,True,CCCCCCCCC/C=C/COC(C)=O,CCCCCCCCC/C=C/COC(C)=O,True,fatty;fruity;fresh;citrus
MOL_002109,Isovaleraldehyde diethyl acetal,3842-03-3,3842-03-3,True,True,CCOC(CC(C)C)OCC,CCOC(CC(C)C)OCC,True,ethereal;malty;green;fruity;fatty;cocoa;fermented
MOL_002110,(±)-tetrahydronootkatone,38427-80-4,38427-80-4,True,True,CC1CC(=O)CC2C1(CC(CC2)C(C)C)C,CC(C)C1CCC2CC(=O)CC(C)C2(C)C1,True,musty;woody;fresh;green;sour;spicy;herbal;fruity;animal
MOL_002111,Methylthiohexanal,38433-74-8,38433-74-8,True,True,CCCC(CC=O)SC,CCCC(CC=O)SC,True,green;buttery
MOL_002112,Ethyl ethylanthranilate,38446-21-8,38446-21-8,True,True,CCNc1ccccc1C(=O)OCC,CCNc1ccccc1C(=O)OCC,True,grape;winey;dry
MOL_002113,Thiomenthone,38462-22-5,38462-22-5,True,True,CC1CCC(C(C)(C)S)C(=O)C1,CC1CCC(C(C)(C)S)C(=O)C1,True,catty
MOL_002114,marine pyridine,38462-23-6,38462-23-6,True,True,CC(=CCC/C(=C/CCC1=CC=NC=C1)/C)C,CC(C)=CCC/C(C)=C/CCc1ccncc1,True,fresh;buttery;leathery;metallic
MOL_002115,Hexanedione,3848-24-6,3848-24-6,True,True,CCCC(=O)C(C)=O,CCCC(=O)C(C)=O,True,creamy;sweet;buttery
MOL_002116,Undecatetraene,38533-54-9,38533-54-9,True,True,C=CC=CC=CCC=CCC,C=CC=CC=CCC=CCC,True,green;fatty
MOL_002117,Copaene,3856-25-5,3856-25-5,True,True,CC1=CCC2C3C(C(C)C)CC[C@@]2(C)C13,CC1=CCC2C3C(C(C)C)CC[C@@]2(C)C13,True,woody;spicy
MOL_002118,Methylfurfuryl alcohol,3857-25-8,3857-25-8,True,True,Cc1ccc(CO)o1,Cc1ccc(CO)o1,True,caramellic;fermented;almond;sweet
MOL_002119,Isopropenylpyrazine,38713-41-6,38713-41-6,True,True,C=C(C)c1cnccn1,C=C(C)c1cnccn1,True,nutty;burnt;chocolate
MOL_002120,"(E)-2,4-dimethyl-2-pentenoic acid",3876-52-6,3876-52-6,True,True,O=C(O)/C(=C/C(C)C)C,C/C(=C\C(C)C)C(=O)O,True,sour;cheesy;creamy
MOL_002121,methyl (para-tolyl oxy) acetate,38768-63-7,38768-63-7,True,True,CC1=CC=C(C=C1)OCC(=O)OC,COC(=O)COc1ccc(C)cc1,True,fruity;fatty
MOL_002122,Methyl propyl sulfide,3877-15-4,3877-15-4,True,True,CCCSC,CCCSC,True,green;onion;vegetable
MOL_002123,neryl acetone,3879-26-3,3879-26-3,True,True,CC(=CCC/C(=C\CCC(=O)C)/C)C,CC(=O)CC/C=C(/C)CCC=C(C)C,True,fatty;metallic
MOL_002124,Methoxycinnamyl acetate,38822-47-8,38822-47-8,True,True,COC(C=Cc1ccccc1)OC(C)=O,COC(C=Cc1ccccc1)OC(C)=O,True,floral;fruity;spicy;balsamic
MOL_002125,Glucose pentaacetate,3891-59-6,3891-59-6,True,True,CC(=O)OC[C@@H](OC(C)=O)[C@@H](OC(C)=O)[C@H](OC(C)=O)[C@H](C=O)OC(C)=O,CC(=O)OC[C@@H](OC(C)=O)[C@@H](OC(C)=O)[C@H](OC(C)=O)[C@H](C=O)OC(C)=O,True,odorless
MOL_002126,Dihydrodimethylcyclopentapyrazine,38917-61-2,38917-61-2,True,True,Cc1cnc2c(n1)CCC2C,Cc1cnc2c(n1)CCC2C,True,roasted;earthy;nutty;cocoa;burnt;musty
MOL_002127,"6,7-dihydro-2,3-dimethyl-5H-cyclopentapyrazine",38917-62-3,38917-62-3,True,True,CC1=NC2=C(CCC2)N=C1C,Cc1nc2c(nc1C)CCC2,True,roasted;nutty
MOL_002128,Dihydrodimethylcyclopentapyrazine,38917-63-4,38917-63-4,True,True,Cc1nc2c(nc1C)CCC2,Cc1nc2c(nc1C)CCC2,True,roasted;earthy;nutty;burnt
MOL_002129,Heptyl butyrate,39026-94-3,39026-94-3,True,True,CCCCCC(C)OC(=O)CCC,CCCCCC(C)OC(=O)CCC,True,green;fruity;tropical;waxy;floral
MOL_002130,(E)-linalool oxide (pyranoid),39028-58-5,39028-58-5,True,True,C[C@]1([C@H](CCC(O1)(C)C)O)C=C,C=C[C@@]1(C)OC(C)(C)CC[C@@H]1O,True,woody
MOL_002131,(R)-gamma-cadinene,39029-41-9,39029-41-9,True,True,CC1=C[C@H]2[C@H](CC1)C(=C)CC[C@@H]2C(C)C,C=C1CC[C@H](C(C)C)[C@H]2C=C(C)CC[C@H]12,True,herbal;woody
MOL_002132,chrysanthemum carbaldehyde,39067-39-5,39067-39-5,True,True,CCCC1C2CC(C1C=O)C=C2,CCCC1C2C=CC(C2)C1C=O,True,green;floral;fresh;aldehydic;animal
MOL_002133,Thiogeraniol,39067-80-6,39067-80-6,True,True,CC(C)=CCC/C(C)=C\CS,CC(C)=CCC/C(C)=C\CS,True,green;fruity;catty;berry;sulfurous;grapefruit;mint
MOL_002134,Decenal,3913-71-1,3913-71-1,True,True,CCCCCCC/C=C\C=O,CCCCCCC/C=C\C=O,True,fatty;waxy;orange
MOL_002135,Octenyl acetate,3913-80-2,3913-80-2,True,True,CCCCC/C=C/COC(C)=O,CCCCC/C=C/COC(C)=O,True,green;fruity;pear;fresh;herbal
MOL_002136,Decenal,3913-81-3,3913-81-3,True,True,CCCCCCC/C=C/C=O,CCCCCCC/C=C/C=O,True,green;earthy;fatty;chicken;waxy;mushroom
MOL_002137,Decenoic acid,3913-85-7,3913-85-7,True,True,CCCCCCC/C=C\C(=O)O,CCCCCCC/C=C\C(=O)O,True,fatty;fruity;waxy;orange;peach;sweet
MOL_002138,Neryl isovalerate,3915-83-1,3915-83-1,True,True,CC(C)=CCC/C(C)=C/COC(=O)CC(C)C,CC(C)=CCC/C(C)=C/COC(=O)CC(C)C,True,fruity;peach
MOL_002139,"ethyl 2,5-dimethyl-3-oxo-4(2H)-furyl carbonate",39156-54-2,39156-54-2,True,True,O=C(OC=1C(=O)C(C)OC=1C)OCC,CCOC(=O)OC1=C(C)OC(C)C1=O,True,caramellic;sweet
MOL_002140,Pentenol,39161-19-8,39161-19-8,True,True,CCCC=CO,CCCC=CO,True,green;sharp
MOL_002141,methyl indole-1-carboxylate,39203-20-8,39203-20-8,True,True,COC(=O)n2ccc1ccccc12,COC(=O)n1ccc2ccccc21,True,orange;grape;floral
MOL_002142,Whiskey lactone,39212-23-2,39212-23-2,True,True,CCCCC1OC(=O)CC1C,CCCCC1OC(=O)CC1C,True,coconut;woody;coumarinic
MOL_002143,Hexyl furoate,39251-86-0,39251-86-0,True,True,CCCCCCOC(=O)c1ccco1,CCCCCCOC(=O)c1ccco1,True,apple;green;fruity;pear;waxy;floral
MOL_002144,Octyl furoate,39251-88-2,39251-88-2,True,True,CCCCCCCCOC(=O)c1ccco1,CCCCCCCCOC(=O)c1ccco1,True,green;fatty;metallic;waxy;brothy;mushroom
MOL_002145,Furfuryl hexanoate,39252-02-3,39252-02-3,True,True,CCCCCC(=O)OCc1ccco1,CCCCCC(=O)OCc1ccco1,True,green;fatty;waxy;musty
MOL_002146,Furfuryl octanoate,39252-03-4,39252-03-4,True,True,CCCCCCCC(=O)OCc1ccco1,CCCCCCCC(=O)OCc1ccco1,True,peach;coconut;sweet
MOL_002147,Furfuryl decanoate,39252-05-6,39252-05-6,True,True,CCCCCCCCCC(=O)OCc1ccco1,CCCCCCCCCC(=O)OCc1ccco1,True,fatty;caramellic;waxy;creamy
MOL_002148,Ethyl methylpentanoate,39255-32-8,39255-32-8,True,True,CCCC(C)C(=O)OCC,CCCC(C)C(=O)OCC,True,green;fruity;melon;pear;waxy;pineapple
MOL_002149,Ethyl pivalate,3938-95-2,3938-95-2,True,True,CCOC(=O)C(C)(C)C,CCOC(=O)C(C)(C)C,True,fruity;apple;rum
MOL_002150,Ethyl methoxyacetate,3938-96-3,3938-96-3,True,True,CCOC(=O)COC,CCOC(=O)COC,True,fruity;solvent
MOL_002151,Methyl vanillate,3943-74-6,3943-74-6,True,True,COC(=O)c1ccc(O)c(OC)c1,COC(=O)c1ccc(O)c(OC)c1,True,spicy;green;vanilla;fresh;floral;sweet
MOL_002152,Furfuryl heptanoate,39481-28-2,39481-28-2,True,True,CCCCCCC(=O)OCc1ccco1,CCCCCCC(=O)OCc1ccco1,True,green;fermented;fruity;musty
MOL_002153,trans-oak lactone,39638-67-0,39638-67-0,True,True,CCCC[C@@H]1[C@H](CC(=O)O1)C,CCCC[C@H]1OC(=O)C[C@@H]1C,True,spicy;coconut;vegetable;balsamic
MOL_002154,(+)-methyl dihydroepijasmonate,39647-11-5,39647-11-5,True,True,CCCCC[C@H]1[C@H](CCC1=O)CC(=O)OC,CCCCC[C@@H]1C(=O)CC[C@@H]1CC(=O)OC,True,jasmine
MOL_002155,Thiolinalool,39707-47-6,39707-47-6,True,True,C=CC(C)(S)CCC=C(C)C,C=CC(C)(S)CCC=C(C)C,True,fruity;fresh;grapefruit
MOL_002156,WS-3,39711-79-0,39711-79-0,True,True,CCNC(=O)C1CC(CCC1C(C)C)C,CCNC(=O)C1CC(C)CCC1C(C)C,True,mint;alcoholic
MOL_002157,heptyl phenyl acetate,39736-25-9,39736-25-9,True,True,CCCCCCCOC(=O)CC1=CC=CC=C1,CCCCCCCOC(=O)Cc1ccccc1,True,citrus;sweet;leafy;honey
MOL_002158,Ethylacetylpyrrole,39741-41-8,39741-41-8,True,True,CCn1cccc1C(C)=O,CCn1cccc1C(C)=O,True,nutty
MOL_002159,Decenal,39770-05-3,39770-05-3,True,True,C=CCCCCCCCC=O,C=CCCCCCCCC=O,True,rose;citrus;green;fatty;fresh;floral
MOL_002160,Butylpyridine,3978-81-2,3978-81-2,True,True,CC(C)(C)c1ccncc1,CC(C)(C)c1ccncc1,True,green;tobacco;leafy;woody
MOL_002161,Isobutylthiazoline,39800-92-5,39800-92-5,True,True,CC(C)CS1=CNCC1,CC(C)CS1=CNCC1,True,green
MOL_002162,Isodamascone,39872-57-6,39872-57-6,True,True,C/C=C/C(=O)C1CCC(C)(C)C=C1C,C/C=C/C(=O)C1CCC(C)(C)C=C1C,True,apple;rose;fruity;floral
MOL_002163,dihydrodamascone,39900-18-0,39900-18-0,True,True,C/C=C/C(=O)[C@@H]1[C@@H](CCCC1(C)C)C,C/C=C/C(=O)[C@@H]1[C@H](C)CCCC1(C)C,True,fruity;floral
MOL_002164,cedryl formate,39900-38-4,39900-38-4,True,True,C[C@@H]1CC[C@@H]2[C@]13CC[C@@]([C@H](C3)C2(C)C)(C)OC=O,C[C@@H]1CC[C@H]2C(C)(C)[C@H]3C[C@@]12CC[C@@]3(C)OC=O,True,balsamic;woody
MOL_002165,Ethyl heptenoate,39924-27-1,39924-27-1,True,True,CC/C=C/CCC(=O)OCC,CC/C=C/CCC(=O)OCC,True,green;fruity;melon;waxy;vegetable
MOL_002166,Methyl jasmonate,39924-52-2,39924-52-2,True,True,CC/C=C/CC1C(=O)CCC1CC(=O)OC,CC/C=C/CC1C(=O)CCC1CC(=O)OC,True,floral;jasmine
MOL_002167,Methoxyheptanethiol,400052-49-5,400052-49-5,True,True,CCCCCCC(S)OC,CCCCCCC(S)OC,True,green;fruity;tropical;black currant
MOL_002168,para-jasmone,40010-99-9,40010-99-9,True,True,CCCCC1CC(C(=O)O1)C(=O)C,CCCCC1CC(C(C)=O)C(=O)O1,True,floral;jasmine
MOL_002169,Dihydroxydithiane,40018-26-6,40018-26-6,True,True,OC1CSC(O)CS1,OC1CSC(O)CS1,True,meaty;tomato;brothy;sulfurous;bread
MOL_002170,aldehydic nitrile,40188-41-8,40188-41-8,True,True,CC(C)CCCC(C)CC#N,CC(C)CCCC(C)CC#N,True,citrus;aldehydic;lemon;fatty;metallic
MOL_002171,tuberose acetate,40203-73-4,40203-73-4,True,True,COC(=O)C=C1CCCC1,COC(=O)C=C1CCCC1,True,floral;sweet;fruity;dry;green
MOL_002172,(E)-aconitic acid,4023-65-8,4023-65-8,True,True,C(/C(=C\C(=O)O)/C(=O)O)C(=O)O,O=C(O)/C=C(\CC(=O)O)C(=O)O,True,vegetable;musty;nutty;dry;roasted
MOL_002173,Ethyl geranyl ether,40267-72-9,40267-72-9,True,True,CCOC/C=C(\C)CCC=C(C)C,CCOC/C=C(\C)CCC=C(C)C,True,spicy;rose;green;floral
MOL_002174,Ditolyl disulfide,4032-80-8,4032-80-8,True,True,Cc1ccccc1SSc1ccccc1C,Cc1ccccc1SSc1ccccc1C,True,sulfurous;burnt;meaty;roasted
MOL_002175,Ethylmethylthiophene,40323-88-4,40323-88-4,True,True,CCc1ccc(C)s1,CCc1ccc(C)s1,True,green;sulfurous
MOL_002176,Methyl hydroxymethylpentanoate,40348-72-9,40348-72-9,True,True,COC(=O)C(O)CC(C)C,COC(=O)C(O)CC(C)C,True,fruity;berry;winey;musty;sweet
MOL_002177,isononyl acetate,40379-24-6,40379-24-6,True,True,CC(C)CCCCCCOC(=O)C,CC(=O)OCCCCCCC(C)C,True,sweet;herbal;spicy;woody;floral;fruity;violet
MOL_002178,Capsaicin,404-86-4,404-86-4,True,True,COc1cc(CNC(=O)CCCC/C=C/C(C)C)ccc1O,COc1cc(CNC(=O)CCCC/C=C/C(C)C)ccc1O,True,herbal
MOL_002179,Piperonal diethyl acetal,40527-42-2,40527-42-2,True,True,CCOC(OCC)c1ccc2c(c1)OCO2,CCOC(OCC)c1ccc2c(c1)OCO2,True,spicy;floral;sweet
MOL_002180,"4,8-dimethyl-7-nonen-2-ol",40596-76-7,40596-76-7,True,True,CC(CCC=C(C)C)CC(C)O,CC(C)=CCCC(C)CC(C)O,True,citrus;lemon;grapefruit;floral
MOL_002181,2-ethyl-N-methyl-N-(3-methyl phenyl) butyramide,406488-30-0,406488-30-0,True,True,CCC(CC)C(=O)N(C)c1cccc(c1)C,CCC(CC)C(=O)N(C)c1cccc(C)c1,True,sharp;tropical;grapefruit;green
MOL_002182,Methylphenylbutyraldehyde,40654-82-8,40654-82-8,True,True,CC(C=O)CCc1ccccc1,CC(C=O)CCc1ccccc1,True,floral;earthy;musty;sweet
MOL_002183,(E)-nerolidol,40716-66-3,40716-66-3,True,True,CC(=CCC/C(=C/CCC(C)(C=C)O)/C)C,C=CC(C)(O)CC/C=C(\C)CCC=C(C)C,True,floral;green;citrus;woody;waxy
MOL_002184,Dimethylmethoxyfuranone,4077-47-8,4077-47-8,True,True,COC1=C(C)OC(C)C1=O,COC1=C(C)OC(C)C1=O,True,caramellic;fruity;winey;sweet
MOL_002185,Ethyl acetyldodecanoate,40778-32-3,40778-32-3,True,True,CCCCCCCCCCC(C(C)=O)C(=O)OCC,CCCCCCCCCCC(C(C)=O)C(=O)OCC,True,waxy;fruity;floral
MOL_002186,muscogene,40785-62-4,40785-62-4,True,True,C1CCCCC2COCC2/C=C\CCC1,C1=C\C2COCC2CCCCCCCC/1,True,earthy;animal;musk
MOL_002187,Mercaptobutanone,40789-98-8,40789-98-8,True,True,CC(=O)C(C)S,CC(=O)C(C)S,True,meaty;savory;catty;onion;coffee;beefy
MOL_002188,Dibutanoneyl sulfide,40790-04-3,40790-04-3,True,True,CC(=O)CCSCCC(C)=O,CC(=O)CCSCCC(C)=O,True,sulfurous;meaty
MOL_002189,Ethyl methylthiopropionate,40800-76-8,40800-76-8,True,True,CCOC(=O)C(C)SC,CCOC(=O)C(C)SC,True,fruity;tropical
MOL_002190,isodihydrolavandulol,40853-53-0,40853-53-0,True,True,CC(C)C/C=C(/CO)\C(C)C,CC(C)C/C=C(/CO)C(C)C,True,fresh;herbal;mint;woody
MOL_002191,(Z)-isodihydrolavandulyl acetate,40853-56-3,40853-56-3,True,True,CC(C)C/C=C(\COC(=O)C)/C(C)C,CC(=O)OC/C(=C\CC(C)C)C(C)C,True,fresh;herbal;mint;woody
MOL_002192,Methylthiomethylbutenal,40878-72-6,40878-72-6,True,True,C/C=C(/C=O)CSC,C/C=C(/C=O)CSC,True,potato
MOL_002193,Methylmethylthiomethylpentenal,40878-73-7,40878-73-7,True,True,CCC(C)=C(C=O)CSC,CCC(C)=C(C=O)CSC,True,spicy;pungent;herbal
MOL_002194,filbert heptenone B,409-02-9,409-02-9,True,True,CC(=CCCC(=O)C)C,CC(=O)CCC=C(C)C,True,nutty;hazelnut;roasted;ketonic;coffee
MOL_002195,Acetaldehyde ethyl linalyl acetal,40910-49-4,40910-49-4,True,True,C=CC(C)(CCC=C(C)C)OC(C)OCC,C=CC(C)(CCC=C(C)C)OC(C)OCC,True,fresh;herbal;floral
MOL_002196,ethyl (R)-2-methyl butyrate,40917-00-8,40917-00-8,True,True,CC[C@@H](C)C(=O)OCC,CCOC(=O)[C@H](C)CC,True,fruity;green;cognac;phenolic
MOL_002197,Heptyldihydromethylfuranone,40923-64-6,40923-64-6,True,True,CCCCCCCC1CC(C)OC1=O,CCCCCCCC1CC(C)OC1=O,True,creamy;citrus;green;fruity;fatty;nutty;sweet
MOL_002198,amyl cyclopentanone propanone,40942-73-2,40942-73-2,True,True,CCCCCC1C(CCC1=O)CC(=O)C,CCCCCC1C(=O)CCC1CC(C)=O,True,floral;jasmine
MOL_002199,(S)-gamma-hexalactone,41035-07-8,41035-07-8,True,True,CC[C@H]1CCC(=O)O1,CC[C@H]1CCC(=O)O1,True,sweet;creamy;coconut;woody
MOL_002200,Methylthiopropylamine,4104-45-4,4104-45-4,True,True,CSCCCN,CSCCCN,True,ripe;vegetable;fishy;sulfurous;potato;cheesy
MOL_002201,Ethyl propyl sulfide,4110-50-3,4110-50-3,True,True,CCCSCC,CCCSCC,True,onion;vegetable
MOL_002202,Ethyl pentadecanoate,41114-00-5,41114-00-5,True,True,CCCCCCCCCCCCCCC(=O)OCC,CCCCCCCCCCCCCCC(=O)OCC,True,oily;fatty;waxy
MOL_002203,Guaiacyl phenylacetate,4112-89-4,4112-89-4,True,True,COc1ccccc1OC(=O)Cc1ccccc1,COc1ccccc1OC(=O)Cc1ccccc1,True,anisic;woody;honey;dry
MOL_002204,Ambrinol,41199-19-3,41199-19-3,True,True,CC1(O)CCC2C(=CCCC2(C)C)C1,CC1(O)CCC2C(=CCCC2(C)C)C1,True,earthy;animal
MOL_002205,Diethyltetrahydrofuran,41239-48-9,41239-48-9,True,True,CCC1CCC(CC)O1,CCC1CCC(CC)O1,True,herbal;sweet;solvent;mint
MOL_002206,Mercaptoacetaldehyde,4124-63-4,4124-63-4,True,True,O=CCS,O=CCS,True,meaty;tomato;brothy;sulfurous;bread
MOL_002207,Nonenoic acid,4124-88-3,4124-88-3,True,True,CCCCC/C=C/CC(=O)O,CCCCC/C=C/CC(=O)O,True,green;fatty;fruity;melon;waxy;dairy
MOL_002208,Methyl formylanthranilate,41270-80-8,41270-80-8,True,True,COC(=O)c1ccccc1NC=O,COC(=O)c1ccccc1NC=O,True,grape;fruity;musty
MOL_002209,"(E,E)-farnesyl acetate",4128-17-0,4128-17-0,True,True,CC(=CCC/C(=C/CC/C(=C/COC(=O)C)/C)/C)C,CC(=O)OC/C=C(\C)CC/C=C(\C)CCC=C(C)C,True,oily;waxy
MOL_002210,Methyl methylmercaptopropionate,4131-76-4,4131-76-4,True,True,COC(=O)C(C)CS,COC(=O)C(C)CS,True,fruity;grape;fresh;tropical
MOL_002211,Dihydrodimethylcyclopentapyrazine,41330-21-6,41330-21-6,True,True,CC1CC(C)c2nccnc21,CC1CC(C)c2nccnc21,True,roasted;earthy;nutty;burnt
MOL_002212,(+)-alpha-santalyl acetate,41414-75-9,41414-75-9,True,True,C/C(=C/CC[C@@]1(C2C[C@H]3C1([C@H]3C2)C)C)/COC(=O)C,CC(=O)OC/C(C)=C\CC[C@]1(C)C2C[C@@H]3[C@H](C2)C31C,True,woody;orris
MOL_002213,Ethylcitral,41448-29-7,41448-29-7,True,True,CC/C(C)=C/CC/C(C)=C/C=O,CC/C(C)=C/CC/C(C)=C/C=O,True,citrus;fruity;fresh;lemon;herbal
MOL_002214,Nonenol,41453-56-9,41453-56-9,True,True,CCCCCC/C=C\CO,CCCCCC/C=C\CO,True,green;melon;cucumber;waxy
MOL_002215,"Methyltolylpropionaldehyde (mixed o-, m-, p- isomers)",41496-43-9,41496-43-9,True,True,Cc1ccc(CC(C)C=O)cc1,Cc1ccc(CC(C)C=O)cc1,True,citrus;green;fruity;melon;almond;balsamic;cherry;floral;sweet
MOL_002216,Isoamyl tiglate,41519-18-0,41519-18-0,True,True,C/C=C(\C)C(=O)OCCC(C)C,C/C=C(\C)C(=O)OCCC(C)C,True,apple;fruity;herbal;chamomile;winey
MOL_002217,(Z)-3-hexen-1-yl isobutyrate,41519-23-7,41519-23-7,True,True,CC/C=C\CCOC(=O)C(C)C,CC/C=C\CCOC(=O)C(C)C,True,fruity;green;pear;apple;tropical;leafy;sweet
MOL_002218,Octenal,41547-22-2,41547-22-2,True,True,CC/C=C\CCCC=O,CC/C=C\CCCC=O,True,green;fresh;melon;cucumber
MOL_002219,epoxylinalyl acetate,41610-76-8,41610-76-8,True,True,CC(=O)OC(C)(CCC1C(O1)(C)C)C=C,C=CC(C)(CCC1OC1(C)C)OC(C)=O,True,fresh;floral;woody;citrus
MOL_002220,Heptenoic acid,41653-95-6,41653-95-6,True,True,CC/C=C/CCC(=O)O,CC/C=C/CCC(=O)O,True,green;fatty;fruity
MOL_002221,Octenoic acid,41653-97-8,41653-97-8,True,True,CC/C=C\CCCC(=O)O,CC/C=C\CCCC(=O)O,True,green;fatty;fruity;waxy;dairy
MOL_002222,Methyl octenoate,41654-15-3,41654-15-3,True,True,CC/C=C\CCCC(=O)OC,CC/C=C\CCCC(=O)OC,True,green;fruity;coconut;tropical;dairy;vegetable
MOL_002223,methyl 2-hydroxy-3-methyl pentanoate,41654-19-7,41654-19-7,True,True,CCC(C)C(C(=O)OC)O,CCC(C)C(O)C(=O)OC,True,fruity;caramellic
MOL_002224,Acetoxydimethylfuranone,4166-20-5,4166-20-5,True,True,CC(=O)OC1=C(C)OC(C)C1=O,CC(=O)OC1=C(C)OC(C)C1=O,True,fruity;strawberry
MOL_002225,tetrahydromugol,41678-36-8,41678-36-8,True,True,CC(C)CCCC(C)C(=C)O,C=C(O)C(C)CCCC(C)C,True,woody;herbal;pine
MOL_002226,herbal undecanone,41724-19-0,41724-19-0,True,True,CC1CC2C3CCC(C3)C2CC1=O,CC1CC2C3CCC(C3)C2CC1=O,True,herbal;woody;fruity;pine;berry
MOL_002227,"(E,Z)-3,5-octadien-2-one",4173-41-5,4173-41-5,True,True,CC/C=C\C=C\C(=O)C,CC/C=C\C=C\C(C)=O,True,fatty;fruity;hay;green;herbal
MOL_002228,Dimethylthiazole,4175-66-0,4175-66-0,True,True,Cc1cnc(C)s1,Cc1cnc(C)s1,True,meaty;roasted;earthy;nutty;cabbage
MOL_002229,Methylfuranone,41763-99-9,41763-99-9,True,True,CC1OC=CC1=O,CC1OC=CC1=O,True,caramellic;roasted;nutty;bread;sweet;buttery
MOL_002230,Vinylpyrazine,4177-16-6,4177-16-6,True,True,C=Cc1cnccn1,C=Cc1cnccn1,True,green;burnt
MOL_002231,Octylfuran,4179-38-8,4179-38-8,True,True,CCCCCCCCc1ccco1,CCCCCCCCc1ccco1,True,oily;fatty
MOL_002232,Anethole,4180-23-8,4180-23-8,True,True,C/C=C/c1ccc(OC)cc1,C/C=C/c1ccc(OC)cc1,True,herbal;anisic;sweet
MOL_002233,Ethylmethylthiazoline,41803-21-8,41803-21-8,True,True,CCC1=S(C)CCN1,CCC1=S(C)CCN1,True,creamy;roasted;meaty;tropical;tomato;dairy;peach
MOL_002234,Allyl thiopropionate,41820-22-8,41820-22-8,True,True,C=CCSC(=O)CC,C=CCSC(=O)CC,True,alliaceous;garlic;onion;fresh;sweet
MOL_002235,phenethyl oxyacetaldehyde,41847-88-5,41847-88-5,True,True,C1=CC=C(C=C1)CCOCC=O,O=CCOCCc1ccccc1,True,floral;green;rose
MOL_002236,sandal octanol,41890-92-0,41890-92-0,True,True,CC(CCCC(C)(C)OC)C(C)O,COC(C)(C)CCCC(C)C(C)O,True,sweet;woody;fresh;floral
MOL_002237,ethyl (E)-cinnamate,4192-77-2,4192-77-2,True,True,CCOC(=O)/C=C/C1=CC=CC=C1,CCOC(=O)/C=C/c1ccccc1,True,floral;honey;balsamic
MOL_002238,Diethylmethylthiazole,41981-71-9,41981-71-9,True,True,CCc1nc(C)sc1CC,CCc1nc(C)sc1CC,True,roasted;green;earthy;nutty;vegetable
MOL_002239,Dimethylpropylthiazole,41981-72-0,41981-72-0,True,True,CCCc1nc(C)c(C)s1,CCCc1nc(C)c(C)s1,True,roasted;green;fruity;nutty;cocoa;tropical
MOL_002240,Ethylene sulfide,420-12-2,420-12-2,True,True,C1CS1,C1CS1,True,sulfurous;vegetable;meaty
MOL_002241,Sinapinaldehyde,4206-58-0,4206-58-0,True,True,COc1cc(/C=C/C=O)cc(OC)c1O,COc1cc(/C=C/C=O)cc(OC)c1O,True,spicy;sweet
MOL_002242,Methyl thioisobutyrate,42075-42-3,42075-42-3,True,True,COC(=S)C(C)C,COC(=S)C(C)C,True,sulfurous;fruity
MOL_002243,Methyl pentanethioate,42075-43-4,42075-43-4,True,True,CCCCC(=S)OC,CCCCC(=S)OC,True,fruity;tropical;cheesy
MOL_002244,S-tropical 2-thiobutyrate,42075-45-6,42075-45-6,True,True,CCC(C)C(=O)SC,CCC(C)C(=O)SC,True,sulfurous;sweet;cabbage;tropical;fruity
MOL_002245,Phenethyl senecioate,42078-65-9,42078-65-9,True,True,CC(C)=CC(=O)OCCc1ccccc1,CC(C)=CC(=O)OCCc1ccccc1,True,green;winey
MOL_002246,Allyl furoate,4208-49-5,4208-49-5,True,True,C=CCOC(=O)c1ccco1,C=CCOC(=O)c1ccco1,True,fruity;caramellic;coffee
MOL_002247,Butyrylfuran,4208-57-5,4208-57-5,True,True,CCCC(=O)c1ccco1,CCCC(=O)c1ccco1,True,balsamic
MOL_002248,Hexenyl acetate,42125-17-7,42125-17-7,True,True,C/C=C\CCCOC(C)=O,C/C=C\CCCOC(C)=O,True,green;fruity;banana
MOL_002249,Benzyl decanoate,42175-41-7,42175-41-7,True,True,CCCCCCCCCC(=O)OCc1ccccc1,CCCCCCCCCC(=O)OCc1ccccc1,True,floral;fatty;waxy
MOL_002250,Hexenoic acid,4219-24-3,4219-24-3,True,True,CCC=CCC(=O)O,CCC=CCC(=O)O,True,fruity;cheesy
MOL_002251,Phellandrene,4221-98-1,4221-98-1,True,True,CC1=CC[C@H](C(C)C)C=C1,CC1=CC[C@H](C(C)C)C=C1,True,spicy;fresh;citrus
MOL_002252,(S)-(+)-2-butanol,4221-99-2,4221-99-2,True,True,CC[C@H](C)O,CC[C@H](C)O,True,oily;winey
MOL_002253,Hexyl tetradecanoate,42231-99-2,42231-99-2,True,True,CCCCCCCCCCCCCC(=O)OCCCCCC,CCCCCCCCCCCCCC(=O)OCCCCCC,True,odorless
MOL_002254,Cyclohexyl phenylacetate,42288-75-5,42288-75-5,True,True,O=C(Cc1ccccc1)OC1CCCCC1,O=C(Cc1ccccc1)OC1CCCCC1,True,honey;fruity;aromatic;sweet
MOL_002255,Propylfuran,4229-91-8,4229-91-8,True,True,CCCc1ccco1,CCCc1ccco1,True,green;alliaceous;ethereal;buttery
MOL_002256,Allyl octanoate,4230-97-1,4230-97-1,True,True,C=CCOC(=O)CCCCCCC,C=CCOC(=O)CCCCCCC,True,apple;fatty;fruity;banana;pineapple;winey
MOL_002257,Dimethylheptenol,4234-93-9,4234-93-9,True,True,CC(C)=CCCC(C)CO,CC(C)=CCCC(C)CO,True,melon
MOL_002258,Ethylhydroxymethylcyclopentenone,42348-12-9,42348-12-9,True,True,CCC1=C(O)C(=O)CC1C,CCC1=C(O)C(=O)CC1C,True,burnt;caramellic
MOL_002259,herbal ethanone,42370-07-0,42370-07-0,True,True,CC(=O)C1C2CCC(C2)C1(C)C,CC(=O)C1C2CCC(C2)C1(C)C,True,camphoreous;herbal;mint;woody;apple
MOL_002260,Hexenyl phenylacetate,42436-07-7,42436-07-7,True,True,CC/C=C\CCOC(=O)Cc1ccccc1,CC/C=C\CCOC(=O)Cc1ccccc1,True,green;melon;tropical;honey;waxy;floral;sweet
MOL_002261,Trithiahexane,42474-44-2,42474-44-2,True,True,CSCSSC,CSCSSC,True,garlic;cabbage;onion;burnt;sulfurous
MOL_002262,Diisopropyl disulfide,4253-89-8,4253-89-8,True,True,CC(C)SSC(C)C,CC(C)SSC(C)C,True,meaty;alliaceous;garlic;tropical;onion;burnt;sulfurous
MOL_002263,ambrene acetal,42604-12-6,42604-12-6,True,True,COCOC1CCCCCCCCCCC1,COCOC1CCCCCCCCCCC1,True,woody;balsamic;dry;musty;musk
MOL_002264,Benzofurancarboxaldehyde,4265-16-1,4265-16-1,True,True,O=Cc1cc2ccccc2o1,O=Cc1cc2ccccc2o1,True,coumarinic;sweet
MOL_002265,Methylbenzofuran,4265-25-2,4265-25-2,True,True,Cc1cc2ccccc2o1,Cc1cc2ccccc2o1,True,phenolic
MOL_002266,Heptyl octanoate,4265-97-8,4265-97-8,True,True,CCCCCCCOC(=O)CCCCCCC,CCCCCCCOC(=O)CCCCCCC,True,green;oily;fatty;tropical;waxy;musty
MOL_002267,Diethylpropylthiazole,4276-68-0,4276-68-0,True,True,CCCc1nc(CC)c(CC)s1,CCCc1nc(CC)c(CC)s1,True,green;fruity
MOL_002268,Menthanediol,42822-86-6,42822-86-6,True,True,CC1CCC(C(C)(C)O)C(O)C1,CC1CCC(C(C)(C)O)C(O)C1,True,mint
MOL_002269,amber pentadecane,42824-62-4,42824-62-4,True,True,C1CCCCCC2COCC2CCCC1,C1CCCCCC2COCC2CCCC1,True,warm;woody;dry;balsamic
MOL_002270,Acetaldehyde di-isopropyl acetal,4285-59-0,4285-59-0,True,True,CC(C)OC(C)OC(C)C,CC(C)OC(C)OC(C)C,True,alcoholic;ethereal;green;fruity;cognac;pungent;brandy
MOL_002271,Methylthiobutanal,42919-64-2,42919-64-2,True,True,CSCCCC=O,CSCCCC=O,True,vegetable;tomato
MOL_002272,benzyl ethyl malonate,42998-51-6,42998-51-6,True,True,O=C(OCC)CC(=O)OCc1ccccc1,CCOC(=O)CC(=O)OCc1ccccc1,True,fruity;winey;apple
MOL_002273,Propionylthiazole,43039-98-1,43039-98-1,True,True,CCC(=O)c1nccs1,CCC(=O)c1nccs1,True,nutty;savory
MOL_002274,Methyltrithiane,43040-01-3,43040-01-3,True,True,CC1SCCSS1,CC1SCCSS1,True,meaty
MOL_002275,Damascone,43052-87-5,43052-87-5,True,True,C/C=C/C(=O)C1C(C)=CCCC1(C)C,C/C=C/C(=O)C1C(C)=CCCC1(C)C,True,apple;rose;black currant;plum;mint
MOL_002276,Diacetyl,431-03-8,431-03-8,True,True,CC(=O)C(C)=O,CC(=O)C(C)=O,True,buttery
MOL_002277,Acetylethylpyrazine,43108-58-3,43108-58-3,True,True,CCc1cnc(C(C)=O)cn1,CCc1cnc(C(C)=O)cn1,True,nutty;popcorn
MOL_002278,Octenone,4312-99-6,4312-99-6,True,True,C=CC(=O)CCCCC,C=CC(=O)CCCCC,True,mushroom;metallic
MOL_002279,"(E,E)-2,4-heptadienal",4313-03-5,4313-03-5,True,True,CC/C=C/C=C/C=O,CC/C=C/C=C/C=O,True,fatty;green;oily;aldehydic;vegetable;cinnamon
MOL_002280,Acetophenone diethyl acetal,4316-37-4,4316-37-4,True,True,CCOC(C)(OCC)c1ccccc1,CCOC(C)(OCC)c1ccccc1,True,spicy;green;fruity;warm;floral
MOL_002281,Cyclocitral,432-24-6,432-24-6,True,True,CC1=CCCC(C)(C)C1C=O,CC1=CCCC(C)(C)C1C=O,True,grassy;hay;citrus;herbal;floral
MOL_002282,Cyclocitral,432-25-7,432-25-7,True,True,CC1=C(C=O)C(C)(C)CCC1,CC1=C(C=O)C(C)(C)CCC1,True,grassy;hay;green;fruity;floral;sweet;mint
MOL_002283,Dimethylacetylcyclohexene,43219-68-7,43219-68-7,True,True,CC(=O)C1(C)CC=C(C)CC1,CC(=O)C1(C)CC=C(C)CC1,True,fruity;fresh;mint;herbal
MOL_002284,Ethoxypropionic acid,4324-38-3,4324-38-3,True,True,CCOCCC(=O)O,CCOCCC(=O)O,True,ethereal;fruity;sharp;pungent
MOL_002285,4-methyl-3-cyclohexene-1-carboxylic acid,4342-60-3,4342-60-3,True,True,CC1=CCC(CC1)C(=O)O,CC1=CCC(C(=O)O)CC1,True,animal;spicy;leathery;woody
MOL_002286,Phenyl butyrate,4346-18-3,4346-18-3,True,True,CCCC(=O)Oc1ccccc1,CCCC(=O)Oc1ccccc1,True,fruity;honey;aromatic;floral;sweet
MOL_002287,Heptanal propylene glycol acetal,4351-10-4,4351-10-4,True,True,CCCCCCC1OCC(C)O1,CCCCCCC1OCC(C)O1,True,green;fruity;fresh;herbal
MOL_002288,Cyclohexyl formate,4351-54-6,4351-54-6,True,True,O=COC1CCCCC1,O=COC1CCCCC1,True,fruity;sweet
MOL_002289,Methylpropyldioxolane,4352-99-2,4352-99-2,True,True,CCCC1OCC(C)O1,CCCC1OCC(C)O1,True,green;fruity;fermented;ethereal
MOL_002290,Cinnamaldehyde propylene glycol acetal,4353-01-9,4353-01-9,True,True,CC1COC(/C=C/c2ccccc2)O1,CC1COC(/C=C/c2ccccc2)O1,True,cinnamon;spicy;sweet
MOL_002291,Ethylmethyldioxolane,4359-46-0,4359-46-0,True,True,CCC1OCC(C)O1,CCC1OCC(C)O1,True,green;fruity;pungent;ethereal
MOL_002292,green dioxolane,4359-47-1,4359-47-1,True,True,CCCCC(CC)C1OCCO1,CCCCC(CC)C1OCCO1,True,green;fruity;radish;floral;metallic
MOL_002293,Furfural propylene glycol acetal,4359-54-0,4359-54-0,True,True,CC1COC(c2ccco2)O1,CC1COC(c2ccco2)O1,True,fruity;fresh;almond;aromatic;sweet
MOL_002294,octanal glycol acetal,4359-57-3,4359-57-3,True,True,CCCCCCCC1OCCO1,CCCCCCCC1OCCO1,True,fresh;citrus;orange;aldehydic;fatty
MOL_002295,cinnamyl nitrile,4360-47-8,4360-47-8,True,True,C1=CC=C(C=C1)C=CC#N,N#CC=Cc1ccccc1,True,spicy;cinnamon
MOL_002296,tetrahydroionol,4361-23-3,4361-23-3,True,True,CC1CCCC(C1CCC(C)O)(C)C,CC(O)CCC1C(C)CCCC1(C)C,True,floral;violet;woody;leathery
MOL_002297,Hydratropaldehyde ethylene glycol acetal,4362-22-5,4362-22-5,True,True,CC(c1ccccc1)C1OCCO1,CC(c1ccccc1)C1OCCO1,True,green;earthy;floral;mushroom
MOL_002298,Cinnamaldehyde dimethyl acetal,4364-06-1,4364-06-1,True,True,COC(/C=C/c1ccccc1)OC,COC(/C=C/c1ccccc1)OC,True,spicy;green;cinnamon;fresh;herbal
MOL_002299,Trimethylnonenol,437770-28-0,437770-28-0,True,True,CCCCCCC(C)C(C)=C(C)O,CCCCCCC(C)C(C)=C(C)O,True,citrus;grapefruit;floral
MOL_002300,"1,4-benzodioxin-2(3H)-one",4385-48-2,4385-48-2,True,True,c1ccc2c(c1)OCC(=O)O2,O=C1COc2ccccc2O1,True,green;coumarinic
MOL_002301,Isopropylphenylacetaldehyde,4395-92-0,4395-92-0,True,True,CC(C)c1ccc(CC=O)cc1,CC(C)c1ccc(CC=O)cc1,True,green;woody
MOL_002302,S-ethyl 2-acetyl aminoethane thioate,4396-62-7,4396-62-7,True,True,CCSC(=O)CNC(=O)C,CCSC(=O)CNC(C)=O,True,pungent;meaty
MOL_002303,Hexyl isothiocyanate,4404-45-9,4404-45-9,True,True,CCCCCCN=C=S,CCCCCCN=C=S,True,green;pungent;horseradish
MOL_002304,(E)-cinnamyl alcohol,4407-36-7,4407-36-7,True,True,C1=CC=C(C=C1)/C=C/CO,OC/C=C/c1ccccc1,True,sweet;balsamic;floral;spicy;green;orris;cinnamon
MOL_002305,Phenylethyl mercaptan,4410-99-5,4410-99-5,True,True,SCCc1ccccc1,SCCc1ccccc1,True,sulfurous;roasted;tropical
MOL_002306,Phenylbutenal,4411-89-6,4411-89-6,True,True,C/C=C(/C=O)c1ccccc1,C/C=C(/C=O)c1ccccc1,True,cocoa;honey;musty;floral
MOL_002307,Butyl isothiocyanate,4426-79-3,4426-79-3,True,True,CCC(C)N=C=S,CCC(C)N=C=S,True,pungent;horseradish
MOL_002308,Isoleucine,443-79-8,443-79-8,True,True,CC[C@H](C)[C@@H](N)C(=O)O,CC[C@H](C)[C@@H](N)C(=O)O,True,odorless
MOL_002309,Octahydrocoumarin,4430-31-3,4430-31-3,True,True,O=C1CCC2CCCCC2O1,O=C1CCC2CCCCC2O1,True,coumarinic;spicy;sweet;herbal
MOL_002310,Erucin,4430-36-8,4430-36-8,True,True,CSCCCCN=C=S,CSCCCCN=C=S,True,pungent;radish;cabbage
MOL_002311,Lesquerellin,4430-39-1,4430-39-1,True,True,CSCCCCCCN=C=S,CSCCCCCCN=C=S,True,radish;fatty;horseradish;pungent;sweet
MOL_002312,Berteroin,4430-42-6,4430-42-6,True,True,CSCCCCCN=C=S,CSCCCCCN=C=S,True,pungent;radish;cabbage
MOL_002313,Tetrahydropseudoionone,4433-36-7,4433-36-7,True,True,CC(=O)CCCC(C)CCC=C(C)C,CC(=O)CCCC(C)CCC=C(C)C,True,rose;woody;balsamic;floral;sweet
MOL_002314,Bisfurfuryl disulfide,4437-20-1,4437-20-1,True,True,c1coc(CSSCc2ccco2)c1,c1coc(CSSCc2ccco2)c1,True,sulfurous;roasted;coffee;meaty
MOL_002315,Difurfuryl ether,4437-22-3,4437-22-3,True,True,c1coc(COCc2ccco2)c1,c1coc(COCc2ccco2)c1,True,nutty;burnt;coffee
MOL_002316,Hexanedione,4437-51-8,4437-51-8,True,True,CCC(=O)C(=O)CC,CCC(=O)C(=O)CC,True,nutty;caramellic;buttery
MOL_002317,Hexenal,4440-65-7,4440-65-7,True,True,CC/C=C/CC=O,CC/C=C/CC=O,True,grassy;apple;green;fresh;tomato;leafy;pungent
MOL_002318,Cyclohexylethanol,4442-79-9,4442-79-9,True,True,OCCC1CCCCC1,OCCC1CCCCC1,True,fresh;floral
MOL_002319,"1,3-oxathiane, 2-ethyl-4,4-dimethyl-",444880-09-5,444880-09-5,True,True,CC1(C)CCOC(CC)S1,CCC1OCCC(C)(C)S1,True,herbal;black currant;mint;sulfurous;onion
MOL_002320,Ethyl methylthioacetate,4455-13-4,4455-13-4,True,True,CCOC(=O)CSC,CCOC(=O)CSC,True,radish;green;fruity;tropical;onion;sulfurous
MOL_002321,Butyraldehyde dimethyl acetal,4461-87-4,4461-87-4,True,True,CCCC(OC)OC,CCCC(OC)OC,True,alcoholic;ethereal;green;fermented;fresh;cognac
MOL_002322,Butylfuran,4466-24-4,4466-24-4,True,True,CCCCc1ccco1,CCCCc1ccco1,True,spicy;nutty;burnt;vegetable;musty
MOL_002323,Nonanone,4485-09-0,4485-09-0,True,True,CCCCCC(=O)CCC,CCCCCC(=O)CCC,True,grassy;green;fruity;oily;herbal
MOL_002324,Methyl decadienoate,4493-42-9,4493-42-9,True,True,CCCCC/C=C\C=C\C(=O)OC,CCCCC/C=C\C=C\C(=O)OC,True,pear
MOL_002325,Methylbenzyl mercaptan,4498-99-1,4498-99-1,True,True,Cc1ccc(CS)cc1,Cc1ccc(CS)cc1,True,sulfurous;burnt;garlic;savory
MOL_002326,Isopropyl sorbate,44987-75-9,44987-75-9,True,True,C/C=C/C=C/C(=O)OC(C)C,C/C=C/C=C/C(=O)OC(C)C,True,green;fruity;tropical
MOL_002327,Ethylthiophenol,4500-58-7,4500-58-7,True,True,CCc1ccccc1S,CCc1ccccc1S,True,alliaceous;smoky;meaty;roasted
MOL_002328,Campholenic aldehyde,4501-58-0,4501-58-0,True,True,CC(=O)C1CC=C(C)C1(C)C,CC(=O)C1CC=C(C)C1(C)C,True,pine;fatty;camphoreous;herbal;woody;sweet
MOL_002329,Methylnonanoic acid,45019-28-1,45019-28-1,True,True,CCCCC[C@@H](C)CCC(=O)O,CCCCC[C@@H](C)CCC(=O)O,True,fatty;milky;dairy
MOL_002330,Methylbutenol,4516-90-9,4516-90-9,True,True,C=CC(C)CO,C=CC(C)CO,True,fermented;fruity;fresh;herbal
MOL_002331,Butanedithiol,4532-64-3,4532-64-3,True,True,CC(S)C(C)S,CC(S)C(C)S,True,roasted;meaty;fatty;sulfurous;beefy
MOL_002332,Methylhexanoic acid,4536-23-6,4536-23-6,True,True,CCCC[C@@H](C)C(=O)O,CCCC[C@@H](C)C(=O)O,True,fatty;fruity;sour;cheesy
MOL_002333,Piperitone,4573-50-6,4573-50-6,True,True,CC1=CC(=O)[C@@H](C(C)C)CC1,CC1=CC(=O)[C@@H](C(C)C)CC1,True,herbal;mint
MOL_002334,Hydroxymethoxycinnamaldehyde,458-36-6,458-36-6,True,True,COc1cc(/C=C/C=O)ccc1O,COc1cc(/C=C/C=O)ccc1O,True,spicy;vanilla;balsamic;cinnamon
MOL_002335,Caryophyllene alcohol,4586-22-5,4586-22-5,True,True,CC1(C)CC2C3CCCC(C)(C3O)C2C1,CC1(C)CC2C3CCCC(C)(C3O)C2C1,True,woody;balsamic
MOL_002336,Geranic acid,459-80-3,459-80-3,True,True,CC(C)=CCC/C(C)=C/C(=O)O,CC(C)=CCC/C(C)=C/C(=O)O,True,citrus;green;fruity;fresh;herbal;woody;floral
MOL_002337,Farnesol,4602-84-0,4602-84-0,True,True,CC(C)=CCC/C(C)=C/CC/C(C)=C/CO,CC(C)=CCC/C(C)=C/CC/C(C)=C/CO,True,oily;floral;sweet
MOL_002338,Propyl phenylacetate,4606-15-9,4606-15-9,True,True,CCCOC(=O)Cc1ccccc1,CCCOC(=O)Cc1ccccc1,True,honey;rose;apricot
MOL_002339,Diethoxymethane,462-95-3,462-95-3,True,True,CCOCOCC,CCOCOCC,True,sweet;ethereal
MOL_002340,Isopropylcyclohexanol,4621-04-9,4621-04-9,True,True,CC(C)C1CCC(O)CC1,CC(C)C1CCC(O)CC1,True,floral;rose
MOL_002341,laitone,4625-90-5,4625-90-5,True,True,CC(C)C1CCC2(CC1)CCC(=O)O2,CC(C)C1CCC2(CCC(=O)O2)CC1,True,woody;herbal;vegetable;milky
MOL_002342,Linolenic acid,463-40-1,463-40-1,True,True,CC/C=C/C/C=C/C/C=C/CCCCCCCC(=O)O,CC/C=C/C/C=C/C/C=C/CCCCCCCC(=O)O,True,fatty
MOL_002343,Valencene,4630-07-3,4630-07-3,True,True,C=C(C)C1CCC2=CCCC(C)C2(C)C1,C=C(C)C1CCC2=CCCC(C)C2(C)C1,True,gasoline;orange;citrus
MOL_002344,Methyl cyclohexanecarboxylate,4630-82-4,4630-82-4,True,True,COC(=O)C1CCCCC1,COC(=O)C1CCCCC1,True,fruity;milky;berry;floral;sweet
MOL_002345,Dimethylbutanol,464-07-3,464-07-3,True,True,CC(O)C(C)(C)C,CC(O)C(C)(C)C,True,fermented;camphoreous
MOL_002346,Borneol,464-43-7,464-43-7,True,True,CC1(C)C2CCC1(C)[C@@H](O)C2,CC1(C)C2CCC1(C)[C@@H](O)C2,True,sharp;camphoreous;woody;mint
MOL_002347,laevo-borneol,464-45-9,464-45-9,True,True,CC1([C@@H]2CC[C@@]1([C@@H](C2)O)C)C,CC1(C)[C@@H]2CC[C@]1(C)[C@H](O)C2,True,pine;woody;camphoreous;spicy
MOL_002348,laevo-camphor,464-48-2,464-48-2,True,True,C[C@]12CCC(C1(C)C)CC2=O,CC1(C)C2CC[C@]1(C)C(=O)C2,True,camphoreous
MOL_002349,Camphor,464-49-3,464-49-3,True,True,CC1(C)[C@H]2CC[C@@]1(C)C(=O)C2,CC1(C)[C@H]2CC[C@@]1(C)C(=O)C2,True,fresh;camphoreous;mint
MOL_002350,Heptenone,4643-25-8,4643-25-8,True,True,C/C=C/C(=O)CCC,C/C=C/C(=O)CCC,True,citrus;earthy;nutty;herbal;pungent
MOL_002351,Octenone,4643-27-0,4643-27-0,True,True,C/C=C/C(=O)CCCC,C/C=C/C(=O)CCCC,True,green;fruity;tropical;pineapple;vegetable;sweet
MOL_002352,longiborneol,465-24-7,465-24-7,True,True,CC1(CCCC2(C3C1[C@@H](C2(CC3)C)O)C)C,CC1(C)CCCC2(C)C3CCC2(C)[C@@H](O)C31,True,musty;woody
MOL_002353,camphene hydrate,465-31-6,465-31-6,True,True,CC1(C2CCC(C2)C1(C)O)C,CC1(C)C2CCC(C2)C1(C)O,True,mint;musty;camphoreous
MOL_002354,Methylbutyl cinnamate,4654-29-9,4654-29-9,True,True,CCC(C)COC(=O)/C=C/c1ccccc1,CCC(C)COC(=O)/C=C/c1ccccc1,True,fruity;cocoa;berry;balsamic;floral;sweet
MOL_002355,Propylpyridine,4673-31-8,4673-31-8,True,True,CCCc1cccnc1,CCCc1cccnc1,True,burnt;woody;musty;sweet
MOL_002356,Nootkatone,4674-50-4,4674-50-4,True,True,C=C(C)C1CCC2=CC(=O)CC(C)C2(C)C1,C=C(C)C1CCC2=CC(=O)CC(C)C2(C)C1,True,grapefruit;citrus
MOL_002357,Methylbutenol,4675-87-0,4675-87-0,True,True,C/C=C(\C)CO,C/C=C(\C)CO,True,alcoholic;green;fruity;earthy;herbal;winey
MOL_002358,Cedrene,469-61-4,469-61-4,True,True,CC1=CC[C@@]23CC1C(C)(C)[C@@H]2CC[C@H]3C,CC1=CC[C@@]23CC1C(C)(C)[C@@H]2CC[C@H]3C,True,fatty;tea;woody;sweet;dry
MOL_002359,Fenchone,4695-62-9,4695-62-9,True,True,CC1(C)C(=O)[C@@]2(C)CC[C@@H]1C2,CC1(C)C(=O)[C@@]2(C)CC[C@@H]1C2,True,camphoreous;sweet;mint
MOL_002360,Thujopsene,470-40-6,470-40-6,True,True,CC1=CC[C@]2(C)CCCC(C)(C)[C@@]23C[C@@H]13,CC1=CC[C@]2(C)CCCC(C)(C)[C@@]23C[C@@H]13,True,woody;spicy;dry
MOL_002361,Cineole,470-67-7,470-67-7,True,True,CC(C)C12CCC(C)(CC1)O2,CC(C)C12CCC(C)(CC1)O2,True,pine;fresh;camphoreous
MOL_002362,Eucalyptol,470-82-6,470-82-6,True,True,CC12CCC(CC1)C(C)(C)O2,CC12CCC(CC1)C(C)(C)O2,True,camphoreous;fresh
MOL_002363,Methyl dihydroxydimethylbenzoate,4707-47-5,4707-47-5,True,True,COC(=O)c1c(C)cc(O)c(C)c1O,COC(=O)c1c(C)cc(O)c(C)c1O,True,woody;earthy
MOL_002364,alpha-fenchene,471-84-1,471-84-1,True,True,CC1(C2CCC1C(=C)C2)C,C=C1CC2CCC1C2(C)C,True,camphoreous
MOL_002365,Trimethylcyclohexenacetaldehyde,472-66-2,472-66-2,True,True,CC1=C(CC=O)C(C)(C)CCC1,CC1=C(CC=O)C(C)(C)CCC1,True,tea;tobacco;fruity;sweet
MOL_002366,Caryophyllene alcohol,472-97-9,472-97-9,True,True,CC12CCCC(O)(C1)C1CC(C)(C)C1CC2,CC12CCCC(O)(C1)C1CC(C)(C)C1CC2,True,spicy;warm;woody;dry
MOL_002367,Allyl cyclohexaneacetate,4728-82-9,4728-82-9,True,True,C=CCOC(=O)CC1CCCCC1,C=CCOC(=O)CC1CCCCC1,True,fruity;sweet
MOL_002368,ambrein,473-03-0,473-03-0,True,True,C/C(=C\CCC1[C@]2(CCCC(C2CC[C@@]1(C)O)(C)C)C)/CC[C@@H]3C(=C)CCCC3(C)C,C=C1CCCC(C)(C)[C@@H]1CC/C(C)=C/CCC1[C@@]2(C)CCCC(C)(C)C2CC[C@@]1(C)O,True,musk;balsamic;woody
MOL_002369,beta-eudesmol,473-15-4,473-15-4,True,True,C[C@]12CCCC(=C)[C@@H]1C[C@@H](CC2)C(C)(C)O,C=C1CCC[C@]2(C)CC[C@@H](C(C)(C)O)C[C@@H]12,True,woody;green
MOL_002370,(+)-isopinocamphone,473-62-1,473-62-1,True,True,O=C1[C@@H]([C@H]2C[C@H](C1)C2(C)C)C,C[C@H]1C(=O)C[C@H]2C[C@H]1C2(C)C,True,camphoreous;pine
MOL_002371,Verbenol,473-67-6,473-67-6,True,True,CC1=CC(O)C2CC1C2(C)C,CC1=CC(O)C2CC1C2(C)C,True,spicy;mint;camphoreous;sweet
MOL_002372,Carvacryl ethyl ether,4732-13-2,4732-13-2,True,True,CCOc1cc(C(C)C)ccc1C,CCOc1cc(C(C)C)ccc1C,True,spicy;earthy;herbal
MOL_002373,Mercaptooctanal,473438-39-0,473438-39-0,True,True,CCCCCCC(S)C=O,CCCCCCC(S)C=O,True,citrus;green;fruity;fresh;grapefruit
MOL_002374,Propanal diethyl acetal,4744-08-5,4744-08-5,True,True,CCOC(CC)OCC,CCOC(CC)OCC,True,apple;ethereal;fruity;brandy;cognac
MOL_002375,Propanal dimethyl acetal,4744-10-9,4744-10-9,True,True,CCC(OC)OC,CCC(OC)OC,True,ethereal;fruity;brandy;cognac
MOL_002376,Hexyl methyl ether,4747-07-3,4747-07-3,True,True,CCCCCCOC,CCCCCCOC,True,green;banana;pear;herbal;floral;sweet
MOL_002377,Ethylbenzaldehyde,4748-78-1,4748-78-1,True,True,CCc1ccc(C=O)cc1,CCc1ccc(C=O)cc1,True,green;almond;herbal;anisic;cherry
MOL_002378,Ionene,475-03-6,475-03-6,True,True,Cc1ccc2c(c1)CCCC2(C)C,Cc1ccc2c(c1)CCCC2(C)C,True,woody;camphoreous
MOL_002379,Longifolene,475-20-7,475-20-7,True,True,C=C1C2CCC3C2C(C)(C)CCCC13C,C=C1C2CCC3C2C(C)(C)CCCC13C,True,woody;camphoreous;sweet
MOL_002380,musk F,4755-83-3,4755-83-3,True,True,O=C(c1ccc2c(c1)C(C(C2(C)C)C)(C)C)C,CC(=O)c1ccc2c(c1)C(C)(C)C(C)C2(C)C,True,musk
MOL_002381,serenolide,477218-42-1,477218-42-1,True,True,CC(C1CCCC(C1)(C)C)OC(C)(C)COC(=O)C2CC2,CC(OC(C)(C)COC(=O)C1CC1)C1CCCC(C)(C)C1,True,musk
MOL_002382,applelide (IFF),478695-70-4,478695-70-4,True,True,CCOC(=O)CC(=O)OC(C)C1CCCC(C1)(C)C,CCOC(=O)CC(=O)OC(C)C1CCCC(C)(C)C1,True,orris;creamy;warm;musk;fresh;fruity;apple
MOL_002383,Trimethylnonadienol,479547-57-4,479547-57-4,True,True,CCCCCC=C(C)C(C)=C(C)O,CCCCCC=C(C)C(C)=C(C)O,True,pine;earthy;melon;herbal
MOL_002384,Hexenol,4798-44-1,4798-44-1,True,True,C=CC(O)CCC,C=CC(O)CCC,True,ethereal;rum
MOL_002385,Octenol,4798-61-2,4798-61-2,True,True,C/C=C/C(O)CCCC,C/C=C/C(O)CCCC,True,apple;fruity;pear;cherry
MOL_002386,alpha-cadinol,481-34-5,481-34-5,True,True,CC1=C[C@H]2[C@@H](CC[C@@](C2CC1)(C)O)C(C)C,CC1=C[C@@H]2C(CC1)[C@](C)(O)CC[C@H]2C(C)C,True,herbal;woody
MOL_002387,2-pentyl cyclopentanone,4819-67-4,4819-67-4,True,True,CCCCCC1CCCC1=O,CCCCCC1CCCC1=O,True,coconut;jasmine;oily;rose;leafy;green;herbal
MOL_002388,Dodecenal,4826-62-4,4826-62-4,True,True,CCCCCCCCC/C=C\C=O,CCCCCCCCC/C=C\C=O,True,citrus;fatty;orange
MOL_002389,"1,3-dithiolane",4829-04-3,4829-04-3,True,True,S1CCSC1,C1CSCS1,True,sweet;sulfurous;onion
MOL_002390,Cadinene,483-76-1,483-76-1,True,True,CC1=CC2C(=C(C)CCC2C(C)C)CC1,CC1=CC2C(=C(C)CCC2C(C)C)CC1,True,woody;burnt;dry
MOL_002391,osthol,484-12-8,484-12-8,True,True,CC(=CCC1=C(C=CC2=C1OC(=O)C=C2)OC)C,COc1ccc2ccc(=O)oc2c1CC=C(C)C,True,dry;musty;herbal
MOL_002392,dillapiol (dill),484-31-1,484-31-1,True,True,COC1=C(C2=C(C=C1CC=C)OCO2)OC,C=CCc1cc2c(c(OC)c1OC)OCO2,True,woody;spicy
MOL_002393,Pentylthiophene,4861-58-9,4861-58-9,True,True,CCCCCc1cccs1,CCCCCc1cccs1,True,fruity;tropical;savory;sulfurous;mushroom;cheesy
MOL_002394,Isopropyl phenylacetate,4861-85-2,4861-85-2,True,True,CC(C)OC(=O)Cc1ccccc1,CC(C)OC(=O)Cc1ccccc1,True,rose;honey;winey;floral;sweet;chocolate
MOL_002395,Octyl acetate,4864-61-3,4864-61-3,True,True,CCCCCC(CC)OC(C)=O,CCCCCC(CC)OC(C)=O,True,rose;citrus;green;waxy;floral;mint
MOL_002396,Elemicin,487-11-6,487-11-6,True,True,C=CCc1cc(OC)c(OC)c(OC)c1,C=CCc1cc(OC)c(OC)c(OC)c1,True,woody;spicy;floral;sweet
MOL_002397,Jasmone,488-10-8,488-10-8,True,True,CC/C=C\CC1=C(C)CCC1=O,CC/C=C\CC1=C(C)CCC1=O,True,fruity;floral;jasmine
MOL_002398,Hydroxymethylpentanoic acid,488-15-3,488-15-3,True,True,CCC(C)C(O)C(=O)O,CCC(C)C(O)C(=O)O,True,buttery;fruity;cheesy;creamy
MOL_002399,Hydroxyisophorone,4883-60-7,4883-60-7,True,True,C[C@@H]1CC(C)(C)CC(=O)C1=O,C[C@@H]1CC(C)(C)CC(=O)C1=O,True,tea;caramellic;musty;sweet
MOL_002400,Cyclopentylcyclopentanone,4884-24-6,4884-24-6,True,True,O=C1CCCC1C1CCCC1,O=C1CCCC1C1CCCC1,True,green;fruity;fresh;jasmine;mint
MOL_002401,Octyl hexanoate,4887-30-3,4887-30-3,True,True,CCCCCCCCOC(=O)CCCCC,CCCCCCCCOC(=O)CCCCC,True,green;oily;fruity;sweet
MOL_002402,alpha-gurjunene,489-40-7,489-40-7,True,True,C[C@@H]1CC[C@@H]2[C@@H](C2(C)C)C3=C(CCC13)C,CC1=C2C(CC1)[C@H](C)CC[C@@H]1[C@H]2C1(C)C,True,woody;balsamic
MOL_002403,Diosphenol,490-03-9,490-03-9,True,True,CC1=C(O)C(=O)C(C(C)C)CC1,CC1=C(O)C(=O)C(C(C)C)CC1,True,herbal;camphoreous;mint
MOL_002404,Acetoxybutanone,4906-24-5,4906-24-5,True,True,CCC(=O)COC(C)=O,CCC(=O)COC(C)=O,True,creamy;fruity;nutty;grape;winey;buttery
MOL_002405,neoisomenthol,491-02-1,491-02-1,True,True,CC1CCC(C(C1)O)C(C)C,CC1CCC(C(C)C)C(O)C1,True,mint
MOL_002406,Piperitol,491-04-3,491-04-3,True,True,CC1=CC(O)C(C(C)C)CC1,CC1=CC(O)C(C(C)C)CC1,True,musty;sour;mint
MOL_002407,(±)-isomenthone,491-07-6,491-07-6,True,True,CC1CCC(C(=O)C1)C(C)C,CC1CCC(C(C)C)C(=O)C1,True,mint;sweet;camphoreous;ethereal
MOL_002408,Piperitenone,491-09-8,491-09-8,True,True,CC1=CC(=O)C(=C(C)C)CC1,CC1=CC(=O)C(=C(C)C)CC1,True,herbal;sharp;mint
MOL_002409,Methylquinoline,491-35-0,491-35-0,True,True,Cc1ccnc2ccccc12,Cc1ccnc2ccccc12,True,green;oily;burnt;animal;musty;floral
MOL_002410,Phenylpropionic acid,492-37-5,492-37-5,True,True,CC(C(=O)O)c1ccccc1,CC(C(=O)O)c1ccccc1,True,honey;floral;sweet
MOL_002411,pepper hexanone,4927-36-0,4927-36-0,True,True,CCC(=O)CC(C)(C)C1=CC=CC=C1,CCC(=O)CC(C)(C)c1ccccc1,True,spicy;woody;rose;floral
MOL_002412,vetiver pentanone,4927-39-3,4927-39-3,True,True,CC(=O)CC(C)(C)C1CCCCC1,CC(=O)CC(C)(C)C1CCCCC1,True,floral;woody;waxy
MOL_002413,Heptenol,4938-52-7,4938-52-7,True,True,C=CC(O)CCCC,C=CC(O)CCCC,True,green;earthy;fruity;cheesy;vegetable;sweet;mushroom;buttery
MOL_002414,glucovanillin,494-08-6,494-08-6,True,True,COC1=C(C=CC(=C1)C=O)O[C@H]2[C@@H]([C@H]([C@@H]([C@H](O2)CO)O)O)O,COc1cc(C=O)ccc1O[C@@H]1O[C@H](CO)[C@@H](O)[C@H](O)[C@H]1O,True,vanilla
MOL_002415,Menthofuran,494-90-6,494-90-6,True,True,Cc1coc2c1CC[C@@H](C)C2,Cc1coc2c1CC[C@@H](C)C2,True,hay;herbal;musty;sweet;mint
MOL_002416,Ethyl maltol,4940-11-8,4940-11-8,True,True,CCc1occc(=O)c1O,CCc1occc(=O)c1O,True,caramellic;fruity;sweet
MOL_002417,(E)-13-musk decenone,4941-78-0,4941-78-0,True,True,C1CCCCCC(=O)OCC/C=C/CCCC1,O=C1CCCCCCCCCC/C=C/CCO1,True,musk
MOL_002418,cis-2-pinanol,4948-28-1,4948-28-1,True,True,C[C@@]1(CC[C@H]2C[C@@H]1C2(C)C)O,CC1(C)[C@H]2CC[C@](C)(O)[C@@H]1C2,True,pine;woody;camphoreous;balsamic
MOL_002419,Phenylbutanone,495-40-9,495-40-9,True,True,CCCC(=O)c1ccccc1,CCCC(=O)c1ccccc1,True,creamy;fruity;vanilla;nutty;floral;sweet;buttery
MOL_002420,alpha-zingiberene,495-60-3,495-60-3,True,True,CC1=CC[C@@H](C=C1)[C@@H](C)CCC=C(C)C,CC(C)=CCC[C@H](C)[C@@H]1C=CC(C)=CC1,True,spicy;fresh;sharp
MOL_002421,Bisabolene,495-61-4,495-61-4,True,True,C=C(CCC=C(C)C)[C@H]1CC=C(C)CC1,C=C(CCC=C(C)C)[C@H]1CC=C(C)CC1,True,citrus;tropical;woody;balsamic;floral;sweet
MOL_002422,Bisabolene,495-62-5,495-62-5,True,True,CC(C)=CCC/C(C)=C1\CC=C(C)CC1,CC(C)=CCC/C(C)=C1\CC=C(C)CC1,True,citrus;fruity;tropical;woody;balsamic;floral;sweet
MOL_002423,Piperonyl alcohol,495-76-1,495-76-1,True,True,OCc1ccc2c(c1)OCO2,OCc1ccc2c(c1)OCO2,True,vanilla;sweet
MOL_002424,Menthyl propionate,4951-48-8,4951-48-8,True,True,CCC(=O)O[C@@H]1C[C@H](C)CC[C@H]1C(C)C,CCC(=O)O[C@@H]1C[C@H](C)CC[C@H]1C(C)C,True,fruity;fresh;herbal;floral;sweet;mint
MOL_002425,Methyloctenal,49576-57-0,49576-57-0,True,True,CCCCC/C=C(\C)C=O,CCCCC/C=C(\C)C=O,True,citrus;green;fruity;fatty;aldehydic;waxy
MOL_002426,Dihydrobenzofuran,496-16-2,496-16-2,True,True,c1ccc2c(c1)CCO2,c1ccc2c(c1)CCO2,True,phenolic;aromatic;gasoline;sweet
MOL_002427,Hydroxypyrone,496-64-0,496-64-0,True,True,O=c1occcc1O,O=c1occcc1O,True,fruity;caramellic
MOL_002428,Hydroxyoctanone,496-77-5,496-77-5,True,True,CCCC(=O)C(O)CCC,CCCC(=O)C(O)CCC,True,nutty;pungent;sweet;buttery
MOL_002429,"2,4,5-trimethyl phenol",496-78-6,496-78-6,True,True,CC1=CC(=C(C=C1C)O)C,Cc1cc(C)c(O)cc1C,True,phenolic
MOL_002430,Methylbutenal,497-03-0,497-03-0,True,True,C/C=C(\C)C=O,C/C=C(\C)C=O,True,green;fruity;almond;herbal
MOL_002431,Hydroxybutenoic acid gamma-lactone,497-23-4,497-23-4,True,True,O=C1C=CCO1,O=C1C=CCO1,True,winey;sharp;sweet;burnt
MOL_002432,Ethyl methylmethylthiopropionate,49773-24-2,49773-24-2,True,True,CCOC(=O)C(C)(C)SC,CCOC(=O)C(C)(C)SC,True,green;sulfurous;fruity;tropical
MOL_002433,Hexenyl isothiocyanate,49776-81-0,49776-81-0,True,True,C=CCCCCN=C=S,C=CCCCCN=C=S,True,green;fatty;pungent
MOL_002434,Vanillyl alcohol,498-00-0,498-00-0,True,True,COc1cc(CO)ccc1O,COc1cc(CO)ccc1O,True,creamy;vanilla;milky;balsamic;sweet
MOL_002435,Acetovanillone,498-02-2,498-02-2,True,True,COc1cc(C(C)=O)ccc1O,COc1cc(C(C)=O)ccc1O,True,sweet
MOL_002436,Lavandulol,498-16-8,498-16-8,True,True,C=C(C)[C@H](CO)CC=C(C)C,C=C(C)[C@H](CO)CC=C(C)C,True,spicy;rose;citrus;warm;herbal
MOL_002437,Hydroxymethylpentanoic acid,498-36-2,498-36-2,True,True,CC(C)CC(O)C(=O)O,CC(C)CC(O)C(=O)O,True,fruity;milky;dairy;cheesy
MOL_002438,Thiophenaldehyde,498-62-4,498-62-4,True,True,O=Cc1ccsc1,O=Cc1ccsc1,True,almond;roasted
MOL_002439,Dihydroterpineol,498-81-7,498-81-7,True,True,CC1CCC(C(C)(C)O)CC1,CC1CCC(C(C)(C)O)CC1,True,pine;floral
MOL_002440,"3,7-dimethyl-1-octene",4984-01-4,4984-01-4,True,True,CC(C)CCCC(C)C=C,C=CC(C)CCCC(C)C,True,woody;pine;herbal
MOL_002441,Hydroxyhexanone,4984-85-4,4984-85-4,True,True,CCC(=O)C(O)CC,CCC(=O)C(O)CC,True,caramellic;dairy;buttery
MOL_002442,Aconitic acid,499-12-7,499-12-7,True,True,O=C(O)/C=C(\CC(=O)O)C(=O)O,O=C(O)/C=C(\CC(=O)O)C(=O)O,True,odorless
MOL_002443,Hinokitiol,499-44-5,499-44-5,True,True,CC(C)c1cccc(O)c(=O)c1,CC(C)c1cccc(O)c(=O)c1,True,woody;phenolic
MOL_002444,Hydroxydimethyloctanoic acid lactone,499-54-7,499-54-7,True,True,CC1CCC(C(C)C)OC(=O)C1,CC1CCC(C(C)C)OC(=O)C1,True,caramellic
MOL_002445,Carvomenthol,499-69-4,499-69-4,True,True,CC(C)[C@@H]1CC[C@@H](C)[C@H](O)C1,CC(C)[C@@H]1CC[C@@H](C)[C@H](O)C1,True,herbal;mint
MOL_002446,Carvomenthone,499-70-7,499-70-7,True,True,CC1CCC(C(C)C)CC1=O,CC1CCC(C(C)C)CC1=O,True,mint
MOL_002447,carvotan acetone,499-71-8,499-71-8,True,True,CC1=CCC(CC1=O)C(C)C,CC1=CCC(C(C)C)CC1=O,True,mint
MOL_002448,carvenone,499-74-1,499-74-1,True,True,CC1CCC(=CC1=O)C(C)C,CC(C)C1=CC(=O)C(C)CC1,True,mint
MOL_002449,Carvacrol,499-75-2,499-75-2,True,True,Cc1ccc(C(C)C)cc1O,Cc1ccc(C(C)C)cc1O,True,smoky;herbal;phenolic;medicinal
MOL_002450,amyl 2-furoate,4996-48-9,4996-48-9,True,True,CCCCCOC(=O)C1=CC=CO1,CCCCCOC(=O)c1ccco1,True,caramellic;winey;herbal
MOL_002451,Lactic acid,50-21-5,50-21-5,True,True,CC(O)C(=O)O,CC(O)C(=O)O,True,sour;buttery
MOL_002452,Sorbitol,50-70-4,50-70-4,True,True,OCC(O)C(O)C(O)C(O)CO,OCC(O)C(O)C(O)C(O)CO,True,odorless
MOL_002453,Ascorbic acid,50-81-7,50-81-7,True,True,O=C1C(O)=C(O)OC1C(O)CO,O=C1C(O)=C(O)OC1C(O)CO,True,odorless
MOL_002454,Cryptone,500-02-7,500-02-7,True,True,CC(C)C1C=CC(=O)CC1,CC(C)C1C=CC(=O)CC1,True,ketonic;fresh;herbal;woody;mint
MOL_002455,Nonenone,5009-32-5,5009-32-5,True,True,C=CCCCCCC(C)=O,C=CCCCCCC(C)=O,True,cheesy
MOL_002456,meta-eugenol,501-19-9,501-19-9,True,True,COC1=C(C=C(C=C1)CC=C)O,C=CCc1ccc(OC)c(O)c1,True,spicy;floral
MOL_002457,Phenylpropionic acid,501-52-0,501-52-0,True,True,O=C(O)CCc1ccccc1,O=C(O)CCc1ccccc1,True,balsamic;sweet
MOL_002458,Chavicol,501-92-8,501-92-8,True,True,C=CCc1ccc(O)cc1,C=CCc1ccc(O)cc1,True,spicy;smoky;phenolic;medicinal
MOL_002459,Hydroxyphenylethanol,501-94-0,501-94-0,True,True,OCCc1ccc(O)cc1,OCCc1ccc(O)cc1,True,fruity;rose;floral;sweet
MOL_002460,Octadecalactone,502-26-1,502-26-1,True,True,CCCCCCCCCCCCCCC1CCC(=O)O1,CCCCCCCCCCCCCCC1CCC(=O)O1,True,fatty;waxy
MOL_002461,Cycloheptanone,502-42-1,502-42-1,True,True,O=C1CCCCCC1,O=C1CCCCCC1,True,ketonic;mint
MOL_002462,Dimethyloctenoic acid,502-47-6,502-47-6,True,True,CC(C)=CCCC(C)CC(=O)O,CC(C)=CCCC(C)CC(=O)O,True,floral;fatty;waxy;green
MOL_002463,Dibutyl ketone,502-56-7,502-56-7,True,True,CCCCC(=O)CCCC,CCCCC(=O)CCCC,True,green;spicy;floral;herbal
MOL_002464,Farnesene,502-61-4,502-61-4,True,True,C=C/C(C)=C/C/C=C(\C)CCC=C(C)C,C=C/C(C)=C/C/C=C(\C)CCC=C(C)C,True,apple;citrus;green;berry;herbal;vegetable
MOL_002465,Trimethylpentadecanone,502-69-2,502-69-2,True,True,CC(=O)CCCC(C)CCCC(C)CCCC(C)C,CC(=O)CCCC(C)CCCC(C)CCCC(C)C,True,fresh;jasmine;floral;sweet
MOL_002466,exaltone (Firmenich),502-72-7,502-72-7,True,True,C1CCCCCCCC(=O)CCCCCC1,O=C1CCCCCCCCCCCCCC1,True,orris;musk;animal;oily
MOL_002467,alpha-ocimene,502-99-8,502-99-8,True,True,CC(=C)CC/C=C(\C)/C=C,C=C/C(C)=C/CCC(=C)C,True,fruity;floral;fresh
MOL_002468,Isovaleric acid,503-74-2,503-74-2,True,True,CC(C)CC(=O)O,CC(C)CC(=O)O,True,fruity;sour;cheesy
MOL_002469,"(Z)-1,5-octadien-3-ol",50306-18-8,50306-18-8,True,True,CC/C=C\CC(C=C)O,C=CC(O)C/C=C\CC,True,green;fresh;mushroom;metallic
MOL_002470,Propylene glycol dihexanoate,50343-36-7,50343-36-7,True,True,CCCCCC(=O)OCC(C)OC(=O)CCCCC,CCCCCC(=O)OCC(C)OC(=O)CCCCC,True,fruity
MOL_002471,"4-methyl-1,3-dithiolane",50363-43-4,50363-43-4,True,True,S1CC(SC1)C,CC1CSCS1,True,sulfurous;alliaceous;tomato
MOL_002472,Dihydrolinalyl acetate,50373-60-9,50373-60-9,True,True,CCC(C)(CCC=C(C)C)OC(C)=O,CCC(C)(CCC=C(C)C)OC(C)=O,True,fruity;floral;sweet;citrus
MOL_002473,Ethylhexyl mercaptopropionate,50448-95-8,50448-95-8,True,True,CCCCC(CC)COC(=O)CCS,CCCCC(CC)COC(=O)CCS,True,sulfurous;fruity;tropical;savory
MOL_002474,Hexenyl acetate,5048-26-0,5048-26-0,True,True,C=CCCCCOC(C)=O,C=CCCCCOC(C)=O,True,sour;green;fruity;sweet
MOL_002475,Methylthiopropanol,505-10-2,505-10-2,True,True,CSCCCO,CSCCCO,True,meaty;mushroom
MOL_002476,"1,3-dithiane",505-23-7,505-23-7,True,True,S1CCCSC1,C1CSCSC1,True,alliaceous;roasted
MOL_002477,Dithiane,505-29-3,505-29-3,True,True,C1CSCCS1,C1CSCCS1,True,garlic;onion;mushroom
MOL_002478,Isophytol,505-32-8,505-32-8,True,True,C=CC(C)(O)CCCC(C)CCCC(C)CCCC(C)C,C=CC(C)(O)CCCC(C)CCCC(C)CCCC(C)C,True,tea;leafy;sweet;odorless
MOL_002479,Hexenal,505-57-7,505-57-7,True,True,CCC/C=C/C=O,CCC/C=C/C=O,True,grassy;apple;green;fruity;fresh;leafy;vegetable;pungent
MOL_002480,Methionyl isothiocyanate,505-79-3,505-79-3,True,True,CSCCCN=C=S,CSCCCN=C=S,True,earthy;vegetable;pungent;radish
MOL_002481,(Z)-4-decenoic acid,505-90-8,505-90-8,True,True,CCCCC/C=C\CCC(=O)O,CCCCC/C=C\CCC(=O)O,True,fatty;green
MOL_002482,Butylpyridine,5058-19-5,5058-19-5,True,True,CCCCc1ccccn1,CCCCc1ccccn1,True,green;sweet
MOL_002483,Heptadecanoic acid,506-12-7,506-12-7,True,True,CCCCCCCCCCCCCCCCC(=O)O,CCCCCCCCCCCCCCCCC(=O)O,True,odorless
MOL_002484,Arachidonic acid,506-32-1,506-32-1,True,True,CCCCC/C=C/C/C=C/C/C=C/C/C=C/CCCC(=O)O,CCCCC/C=C/C/C=C/C/C=C/C/C=C/CCCC(=O)O,True,fatty;fishy
MOL_002485,green carboxylate,50607-64-2,50607-64-2,True,True,CCCC(C)C=NC1=CC=CC=C1C(=O)OC,CCCC(C)C=Nc1ccccc1C(=O)OC,True,sweet;fruity;citrus;green;grape;spicy
MOL_002486,Butyl nonanoate,50623-57-9,50623-57-9,True,True,CCCCCCCCC(=O)OCCCC,CCCCCCCCC(=O)OCCCC,True,rose;oily;fruity;cognac;winey
MOL_002487,Phenylcarbethoxyfuran,50626-02-3,50626-02-3,True,True,CCOC(=O)c1ccoc1-c1ccccc1,CCOC(=O)c1ccoc1-c1ccccc1,True,fruity;tropical;berry;cherry;sweet
MOL_002488,Ethanethioic acid,507-09-5,507-09-5,True,True,CC(=O)S,CC(=O)S,True,meaty;fruity;savory;tropical;fresh;herbal;sulfurous
MOL_002489,Borneol,507-70-0,507-70-0,True,True,CC1(C)C2CCC1(C)C(O)C2,CC1(C)C2CCC1(C)C(O)C2,True,sharp;camphoreous;woody;mint
MOL_002490,Mercaptomethylbutyl acetate,50746-09-3,50746-09-3,True,True,CCCC(CS)OC(C)=O,CCCC(CS)OC(C)=O,True,green;fruity;tropical
MOL_002491,3-mercapto-3-methyl butyl formate,50746-10-6,50746-10-6,True,True,CC(C)(CCOC=O)S,CC(C)(S)CCOC=O,True,sulfurous;catty;caramellic;onion;coffee;meaty;tropical
MOL_002492,Pentylcyclopropanecarboxylic acid,5075-48-9,5075-48-9,True,True,CCCCCC1CC1C(=O)O,CCCCCC1CC1C(=O)O,True,leathery;animal
MOL_002493,Ethoxymethoxybenzene,5076-72-2,5076-72-2,True,True,CCOc1ccc(OC)cc1,CCOc1ccc(OC)cc1,True,tobacco;nutty;phenolic;sweet
MOL_002494,Hydroxybutanone,5077-67-8,5077-67-8,True,True,CCC(=O)CO,CCC(=O)CO,True,alcoholic;caramellic;oily
MOL_002495,Tricyclene,508-32-7,508-32-7,True,True,CC1(C)C2CC3C(C2)C31C,CC1(C)C2CC3C(C2)C31C,True,fresh;woody
MOL_002496,Decenyl acetate,50816-18-7,50816-18-7,True,True,C=CCCCCCCCCOC(C)=O,C=CCCCCCCCCOC(C)=O,True,rose;waxy
MOL_002497,Heptyl methylbutyrate,50862-12-9,50862-12-9,True,True,CCCCCCCOC(=O)C(C)CC,CCCCCCCOC(=O)C(C)CC,True,apple;green;fruity;fresh;waxy
MOL_002498,Octadecenal,5090-41-5,5090-41-5,True,True,CCCCCCCC/C=C/CCCCCCCC=O,CCCCCCCC/C=C/CCCCCCCC=O,True,meaty;roasted;fatty;chicken
MOL_002499,dehydronootkatone,5090-63-1,5090-63-1,True,True,C[C@@H]1CC(=O)C=C2[C@]1(C[C@@H](C=C2)C(=C)C)C,C=C(C)[C@@H]1C=CC2=CC(=O)C[C@@H](C)[C@]2(C)C1,True,fruity;citrus;grapefruit
MOL_002500,Propylene glycol dibutyrate,50980-84-2,50980-84-2,True,True,CCCC(=O)OCC(C)OC(=O)CCC,CCCC(=O)OCC(C)OC(=O)CCC,True,fruity
MOL_002501,Tyramine,51-67-2,51-67-2,True,True,NCCc1ccc(O)cc1,NCCc1ccc(O)cc1,True,ripe;fishy;phenolic;cheesy
MOL_002502,sclarene,511-02-4,511-02-4,True,True,C[C@]12CCCC([C@@H]1CCC(=C)[C@@H]2CCC(=C)C=C)(C)C,C=CC(=C)CC[C@H]1C(=C)CC[C@H]2C(C)(C)CCC[C@]12C,True,green;pine;woody;balsamic;herbal
MOL_002503,Decenol,51100-54-0,51100-54-0,True,True,C=CC(O)CCCCCCC,C=CC(O)CCCCCCC,True,citrus;earthy;waxy;dairy;mushroom;cheesy
MOL_002504,Methylbutyl salicylate,51115-63-0,51115-63-0,True,True,CCC(C)COC(=O)c1ccccc1O,CCC(C)COC(=O)c1ccccc1O,True,green;herbal;balsamic;floral;sweet
MOL_002505,Methylbutyl butyrate,51115-64-1,51115-64-1,True,True,CCCC(=O)OCC(C)CC,CCCC(=O)OCC(C)CC,True,fruity
MOL_002506,WS-23,51115-67-4,51115-67-4,True,True,CC(C)C(C)(C(C)C)C(=O)NC,CNC(=O)C(C)(C(C)C)C(C)C,True,mint
MOL_002507,"N-ethyl-2,2-diisopropyl butanamide",51115-70-9,51115-70-9,True,True,CCC(C(C)C)(C(C)C)C(=O)NCC,CCNC(=O)C(CC)(C(C)C)C(C)C,True,mint
MOL_002508,(R)-massoia lactone,51154-96-2,51154-96-2,True,True,CCCCC[C@@H]1CC=CC(=O)O1,CCCCC[C@@H]1CC=CC(=O)O1,True,sweet;coconut;milky;creamy;waxy
MOL_002509,(Z)-3-octen-2-one,51193-77-2,51193-77-2,True,True,CCCC/C=C\C(=O)C,CCCC/C=C\C(C)=O,True,nutty
MOL_002510,(-)-alpha-fenchol,512-13-0,512-13-0,True,True,O[C@H]2[C@]1(CC[C@H](C1)C2(C)C)C,CC1(C)[C@@H]2CC[C@@](C)(C2)[C@@H]1O,True,earthy;woody;fresh;mint;camphoreous;pine;green;herbal
MOL_002511,Santalene,512-61-8,512-61-8,True,True,CC(C)=CCCC1(C)C2CC3C(C2)C31C,CC(C)=CCCC1(C)C2CC3C(C2)C31C,True,woody;sweet
MOL_002512,Propyl pivalate,5129-35-1,5129-35-1,True,True,CCCOC(=O)C(C)(C)C,CCCOC(=O)C(C)(C)C,True,ripe;fruity;tropical;sweet
MOL_002513,Butyl pivalate,5129-37-3,5129-37-3,True,True,CCCCOC(=O)C(C)(C)C,CCCCOC(=O)C(C)(C)C,True,fruity;apple;herbal
MOL_002514,Isobutyl pivalate,5129-38-4,5129-38-4,True,True,CC(C)COC(=O)C(C)(C)C,CC(C)COC(=O)C(C)(C)C,True,fruity
MOL_002515,Isobutyl mercaptan,513-44-0,513-44-0,True,True,CC(C)CS,CC(C)CS,True,garlic;onion;vegetable
MOL_002516,Butanethiol,513-53-1,513-53-1,True,True,CCC(C)S,CCC(C)S,True,meaty;onion;chicken;sulfurous;beefy
MOL_002517,"2,3-butane diol",513-85-9,513-85-9,True,True,CC(C(C)O)O,CC(O)C(C)O,True,fruity;creamy;buttery
MOL_002518,Acetoin,513-86-0,513-86-0,True,True,CC(=O)C(C)O,CC(=O)C(C)O,True,creamy;buttery
MOL_002519,Octyl heptanoate,5132-75-2,5132-75-2,True,True,CCCCCCCCOC(=O)CCCCCC,CCCCCCCCOC(=O)CCCCCC,True,green;fatty;fruity;sweet
MOL_002520,Decatrienal,51325-37-2,51325-37-2,True,True,CCCC=CC=CC=CC=O,CCCC=CC=CC=CC=O,True,citrus;oily;fishy;fatty
MOL_002521,Nonenolide,51352-68-2,51352-68-2,True,True,O=C1C=CCCCCCCO1,O=C1C=CCCCCCCO1,True,tobacco;fruity;coconut;coumarinic
MOL_002522,Amyl phenylacetate,5137-52-0,5137-52-0,True,True,CCCCCOC(=O)Cc1ccccc1,CCCCCOC(=O)Cc1ccccc1,True,apple;fruity;honey;balsamic;sweet
MOL_002523,Myrtanol,514-99-8,514-99-8,True,True,CC1(C)C2CCC(CO)C1C2,CC1(C)C2CCC(CO)C1C2,True,woody;mint;herbal
MOL_002524,Dihydrofarnesol,51411-24-6,51411-24-6,True,True,CC(C)=CCCC(C)=CCCC(C)CCO,CC(C)=CCCC(C)=CCCC(C)CCO,True,floral
MOL_002525,Geranyl nitrile,5146-66-7,5146-66-7,True,True,CC(C)=CCC/C(C)=C/C#N,CC(C)=CCC/C(C)=C/C#N,True,green;fruity;lemon;sweet
MOL_002526,Myrtenol,515-00-4,515-00-4,True,True,CC1(C)C2CC=C(CO)C1C2,CC1(C)C2CC=C(CO)C1C2,True,woody;herbal
MOL_002527,Sclareol,515-03-7,515-03-7,True,True,C=C[C@](C)(O)CC[C@@H]1[C@@]2(C)CCCC(C)(C)C2CC[C@@]1(C)O,C=C[C@](C)(O)CC[C@@H]1[C@@]2(C)CCCC(C)(C)C2CC[C@@]1(C)O,True,odorless
MOL_002528,Elemene,515-13-9,515-13-9,True,True,C=CC1(C)CCC(C(=C)C)CC1C(=C)C,C=CC1(C)CCC(C(=C)C)CC1C(=C)C,True,woody
MOL_002529,alpha-bisabolol,515-69-5,515-69-5,True,True,CC1=CC[C@@H](CC1)[C@@](C)(CCC=C(C)C)O,CC(C)=CCC[C@@](C)(O)[C@H]1CC=C(C)CC1,True,floral;spicy;balsamic;fresh
MOL_002530,Geranyl octanoate,51532-26-4,51532-26-4,True,True,CCCCCCCC(=O)OC/C=C(\C)CCC=C(C)C,CCCCCCCC(=O)OC/C=C(\C)CCC=C(C)C,True,fruity;rose;herbal
MOL_002531,Tetradecenal,51534-36-2,51534-36-2,True,True,CCCCCCCCCCC/C=C/C=O,CCCCCCCCCCC/C=C/C=O,True,citrus;green;fatty;waxy;floral
MOL_002532,Methyl methylthiobutyrate,51534-66-8,51534-66-8,True,True,CCC(SC)C(=O)OC,CCC(SC)C(=O)OC,True,fruity;tropical;cabbage;sulfurous;sweet;cheesy
MOL_002533,citronellyl nitrile,51566-62-2,51566-62-2,True,True,CC(CCC=C(C)C)CC#N,CC(C)=CCCC(C)CC#N,True,fresh;lemon;metallic;citrus;waxy;floral
MOL_002534,alpha-isomethyl ionol,51595-91-6,51595-91-6,True,True,CC1=C(C(CCC1)(C)C)C=C(C)C(C)O,CC(=CC1=C(C)CCCC1(C)C)C(C)O,True,woody
MOL_002535,Valine,516-06-3,516-06-3,True,True,CC(C)C(N)C(=O)O,CC(C)C(N)C(=O)O,True,odorless
MOL_002536,Pentenylcyclopentanone,51608-18-5,51608-18-5,True,True,CC/C=C/CC1CCCC1=O,CC/C=C/CC1CCCC1=O,True,creamy;fruity;coconut;dairy;balsamic;floral
MOL_002537,Methyltrithiolane,51647-38-2,51647-38-2,True,True,CC1CSSS1,CC1CSSS1,True,meaty;roasted;alliaceous;garlic;onion
MOL_002538,(Z)-5-decen-1-ol,51652-47-2,51652-47-2,True,True,CCCC/C=C\CCCCO,CCCC/C=C\CCCCO,True,waxy;fatty;rose
MOL_002539,Methylhexenone,5166-53-0,5166-53-0,True,True,CC(=O)/C=C/C(C)C,CC(=O)/C=C/C(C)C,True,metallic;berry;cheesy
MOL_002540,dextro-linalyl acetate,51685-40-6,51685-40-6,True,True,CC(=CCC[C@@](C)(C=C)OC(=O)C)C,C=C[C@](C)(CCC=C(C)C)OC(C)=O,True,green
MOL_002541,(+)-geosmin,5173-69-3,5173-69-3,True,True,O[C@@]12[C@@H](CCC[C@@]2(CCCC1)C)C,C[C@@H]1CCC[C@]2(C)CCCC[C@@]12O,True,earthy;musty
MOL_002542,(-)-geosmin,5173-70-6,5173-70-6,True,True,C[C@H]1CCC[C@@]2([C@]1(CCCC2)O)C,C[C@H]1CCC[C@@]2(C)CCCC[C@@]12O,True,earthy;musty;animal
MOL_002543,Methylthiohexanol,51755-66-9,51755-66-9,True,True,CCCC(CCO)SC,CCCC(CCO)SC,True,green;vegetable
MOL_002544,Methylthioheptanal,51755-70-5,51755-70-5,True,True,CCCCCC(C=O)SC,CCCCCC(C=O)SC,True,roasted;citrus;green;tropical;savory;sulfurous
MOL_002545,Mercaptohexanol,51755-83-0,51755-83-0,True,True,CCCC(S)CCO,CCCC(S)CCO,True,meaty;fruity;alliaceous;tropical;grapefruit
MOL_002546,lychee mercaptan acetate,51755-85-2,51755-85-2,True,True,CCCC(CCOC(=O)C)SC,CCCC(CCOC(C)=O)SC,True,sulfurous;green;spicy;vegetable;tropical;pungent
MOL_002547,Floropal®,5182-36-5,5182-36-5,True,True,CC1CC(C)(c2ccccc2)OC(C)O1,CC1CC(C)(c2ccccc2)OC(C)O1,True,green;herbal;grapefruit;floral
MOL_002548,Diethoxybutanone,51933-13-2,51933-13-2,True,True,CCOC(OCC)C(=O)CC,CCOC(OCC)C(=O)CC,True,fruity;ethereal;buttery
MOL_002549,Cysteine,52-90-4,52-90-4,True,True,NC(CS)C(=O)O,NC(CS)C(=O)O,True,odorless
MOL_002550,(S)-(+)-2-hexanol,52019-78-0,52019-78-0,True,True,CCCC[C@H](C)O,CCCC[C@H](C)O,True,mushroom;green;ripe;berry;dry;metallic
MOL_002551,Isoprenyl acetate,5205-07-2,5205-07-2,True,True,C=C(C)CCOC(C)=O,C=C(C)CCOC(C)=O,True,green;banana;tropical
MOL_002552,Prenyl benzoate,5205-11-8,5205-11-8,True,True,CC(C)=CCOC(=O)c1ccccc1,CC(C)=CCOC(=O)c1ccccc1,True,tea;balsamic;floral;sweet
MOL_002553,Isoprenyl benzoate,5205-12-9,5205-12-9,True,True,C=C(C)C=COC(=O)c1ccccc1,C=C(C)C=COC(=O)c1ccccc1,True,tea;balsamic;floral;sweet
MOL_002554,Ethyl oxooctanoate,5205-40-3,5205-40-3,True,True,CCCC(=O)CCCC(=O)OCC,CCCC(=O)CCCC(=O)OCC,True,fruity
MOL_002555,Bourbonene,5208-59-3,5208-59-3,True,True,C=C1CCC2C1C1C(C(C)C)CCC21C,C=C1CCC2C1C1C(C(C)C)CCC21C,True,earthy;herbal;woody;balsamic;mint
MOL_002556,ethyl 2-hydroxyhexanoate,52089-55-1,52089-55-1,True,True,CCCCC(C(=O)OCC)O,CCCCC(O)C(=O)OCC,True,fruity;green
MOL_002557,alpha-ionyl acetate,52210-18-1,52210-18-1,True,True,CC1=CCCC(C1C=CC(C)OC(=O)C)(C)C,CC(=O)OC(C)C=CC1C(C)=CCCC1(C)C,True,sweet;woody;floral;violet;berry
MOL_002558,beta-cadinene,523-47-7,523-47-7,True,True,CC1=CC[C@@H]2[C@@H](C1)[C@@H](CC=C2C)C(C)C,CC1=CC[C@H]2C(C)=CC[C@@H](C(C)C)[C@@H]2C1,True,green;woody
MOL_002559,Apiole,523-80-8,523-80-8,True,True,C=CCc1cc(OC)c2c(c1OC)OCO2,C=CCc1cc(OC)c2c(c1OC)OCO2,True,spicy;phenolic
MOL_002560,Decyl hexanoate,52363-43-6,52363-43-6,True,True,CCCCCCCCCCOC(=O)CCCCC,CCCCCCCCCCOC(=O)CCCCC,True,oily;fruity;fatty;pineapple
MOL_002561,acorn acetate,5240-32-4,5240-32-4,True,True,CC(=O)OC1(CCCCC1)C#C,C#CC1(OC(C)=O)CCCCC1,True,nutty;dry;hay;woody;herbal
MOL_002562,Propylmethylthiazole,52414-87-6,52414-87-6,True,True,CCCc1csc(C)n1,CCCc1csc(C)n1,True,green;vegetable
MOL_002563,Ethylmethylthiazole,52414-91-2,52414-91-2,True,True,CCc1ncsc1C,CCc1ncsc1C,True,green;burnt;meaty;roasted
MOL_002564,myrmac aldehyde,52474-60-9,52474-60-9,True,True,CC(=CCCC1=CCCC(C1)(C)C=O)C,CC(C)=CCCC1=CCCC(C)(C=O)C1,True,citrus;fresh;aldehydic;grapefruit;floral
MOL_002565,myrmac carboxaldehyde,52475-86-2,52475-86-2,True,True,CC(=CCCC1=CCC(CC1)(C)C=O)C,CC(C)=CCCC1=CCC(C)(C=O)CC1,True,aldehydic;fresh;herbal
MOL_002566,1-formyl-3-isohexenyl-3-cyclohexene,52475-89-5,52475-89-5,True,True,CC(=CCCC1=CCCC(C1)C=O)C,CC(C)=CCCC1=CCCC(C=O)C1,True,aldehydic;orange;fresh;fruity
MOL_002567,Methylbutyl benzoate,52513-03-8,52513-03-8,True,True,CCC(C)COC(=O)c1ccccc1,CCC(C)COC(=O)c1ccccc1,True,green;fruity;balsamic;floral;sweet
MOL_002568,vanillin hexylene glycol acetal,52514-66-6,52514-66-6,True,True,CC1CC(OC(O1)C2=CC(=C(C=C2)O)OC)(C)C,COc1cc(C2OC(C)CC(C)(C)O2)ccc1O,True,sweet;creamy;vanilla;smoky
MOL_002569,ethyl vanillin hexylene glycol acetal,52514-67-7,52514-67-7,True,True,CCOC1=C(C=CC(=C1)C2OC(CC(O2)(C)C)C)O,CCOc1cc(C2OC(C)CC(C)(C)O2)ccc1O,True,sweet;creamy;vanilla;phenolic
MOL_002570,Ethyldihydrocyclopentapyrazine,52517-53-0,52517-53-0,True,True,CCN1CCN=C2C=CC=C21,CCN1CCN=C2C=CC=C21,True,roasted;earthy;nutty;coffee;musty
MOL_002571,Tetrahydromethylquinoxaline,52517-54-1,52517-54-1,True,True,CN1CCNc2ccccc21,CN1CCNc2ccccc21,True,burnt;meaty
MOL_002572,Undecanal dimethyl acetal,52517-67-6,52517-67-6,True,True,CCCCCCCCCCC(OC)OC,CCCCCCCCCCC(OC)OC,True,oily;citrus
MOL_002573,fir carboxylate,52557-97-8,52557-97-8,True,True,CC1(CC2CC(C1C2)C(=O)OC)C,COC(=O)C1CC2CC1C(C)(C)C2,True,pine;green;fruity;woody
MOL_002574,Methylthiazoline,52558-99-3,52558-99-3,True,True,CS1=CNCC1,CS1=CNCC1,True,garlic
MOL_002575,Xylenol,526-75-0,526-75-0,True,True,Cc1cccc(O)c1C,Cc1cccc(O)c1C,True,spicy;leathery;animal
MOL_002576,Methoxyquinoline,5263-87-6,5263-87-6,True,True,COc1ccc2ncccc2c1,COc1ccc2ncccc2c1,True,sweet
MOL_002577,Trimethylphenol,527-60-6,527-60-6,True,True,Cc1cc(C)c(O)c(C)c1,Cc1cc(C)c(O)c(C)c1,True,spicy;leathery;tobacco;phenolic;smoky;medicinal
MOL_002578,Methylthioethanol,5271-38-5,5271-38-5,True,True,CSCCO,CSCCO,True,sulfurous;vegetable;tomato
MOL_002579,(E)-isoelemicin,5273-85-8,5273-85-8,True,True,C/C=C/C1=CC(=C(C(=C1)OC)OC)OC,C/C=C/c1cc(OC)c(OC)c(OC)c1,True,spicy;floral
MOL_002580,Ethyl p-Methyl-beta-Phenylglycidate,52788-71-3,52788-71-3,True,True,CCOC(=O)C1OC1c1ccc(C)cc1,CCOC(=O)C1OC1c1ccc(C)cc1,True,fruity;sweet
MOL_002581,Methyl acetoxycyclohexyl ketone,52789-73-8,52789-73-8,True,True,CC(=O)OC1(C(C)=O)CCCCC1,CC(=O)OC1(C(C)=O)CCCCC1,True,fruity;nutty;cinnamon;honey;floral
MOL_002582,Acetyl thymol,528-79-0,528-79-0,True,True,CC(=O)Oc1cc(C)ccc1C(C)C,CC(=O)Oc1cc(C)ccc1C(C)C,True,spicy;smoky;herbal;balsamic
MOL_002583,Prenylthiol,5287-45-6,5287-45-6,True,True,CC(C)=CCS,CC(C)=CCS,True,meaty;garlic;onion;coffee
MOL_002584,isopiperitenone,529-01-1,529-01-1,True,True,CC1=CC(=O)C(CC1)C(=C)C,C=C(C)C1CCC(C)=CC1=O,True,sweet;herbal;fruity
MOL_002585,Tolualdehyde,529-20-4,529-20-4,True,True,Cc1ccccc1C=O,Cc1ccccc1C=O,True,cherry;almond;sweet
MOL_002586,Cyclohexaneacetic acid,5292-21-7,5292-21-7,True,True,O=C(O)CC1CCCCC1,O=C(O)CC1CCCCC1,True,caramellic;cheesy;honey;waxy;buttery
MOL_002587,Syringic alcohol,530-56-3,530-56-3,True,True,COc1cc(CO)cc(OC)c1O,COc1cc(CO)cc(OC)c1O,True,balsamic;floral
MOL_002588,Syringic acid,530-57-4,530-57-4,True,True,COc1cc(C(=O)O)cc(OC)c1O,COc1cc(C(=O)O)cc(OC)c1O,True,balsamic
MOL_002589,Menthyl methylbutyrate,53004-93-6,53004-93-6,True,True,CCC(C)C(=O)OC1CC(C)CCC1C(C)C,CCC(C)C(=O)OC1CC(C)CCC1C(C)C,True,fruity;herbal;floral;sweet;mint
MOL_002590,tropical indene,53018-24-9,53018-24-9,True,True,COC1CC2CC1C3C2CC=C3,COC1CC2CC1C1C=CCC21,True,fruity;sweet;green;herbal;melon
MOL_002591,Octyl nonanoate,5303-26-4,5303-26-4,True,True,CCCCCCCCOC(=O)CCCCCCCC,CCCCCCCCOC(=O)CCCCCCCC,True,citrus;earthy;oily;fruity;floral
MOL_002592,Nonadienol,53046-97-2,53046-97-2,True,True,CC/C=C\C/C=C\CCO,CC/C=C\C/C=C\CCO,True,fresh
MOL_002593,Methyl methylthiobutyrate,53053-51-3,53053-51-3,True,True,COC(=O)CCCSC,COC(=O)CCCSC,True,roasted;fruity;nutty;dairy;vegetable;sweet
MOL_002594,propyl angelate,53082-57-8,53082-57-8,True,True,CCCOC(=O)/C(=C\C)/C,C/C=C(/C)C(=O)OCCC,True,winey;fruity;rose
MOL_002595,3-methyl pentyl angelate,53082-58-9,53082-58-9,True,True,CCC(C)CCOC(=O)/C(=C\C)/C,C/C=C(/C)C(=O)OCCC(C)CC,True,woody;floral;vegetable;nutty;chamomile
MOL_002596,Eugenyl benzoate,531-26-0,531-26-0,True,True,C=CCc1ccc(OC(=O)c2ccccc2)c(OC)c1,C=CCc1ccc(OC(=O)c2ccccc2)c(OC)c1,True,spicy;warm;balsamic
MOL_002597,7-methoxycoumarin,531-59-9,531-59-9,True,True,COC1=CC2=C(C=C1)C=CC(=O)O2,COc1ccc2ccc(=O)oc2c1,True,balsamic;coumarinic;sweet
MOL_002598,Pentanoylthiophene,53119-25-8,53119-25-8,True,True,CCCCC(=O)c1cccs1,CCCCC(=O)c1cccs1,True,nutty;caramellic;roasted
MOL_002599,Ethoxymethylpyrazine,53163-97-6,53163-97-6,True,True,CCOc1cncc(C)n1,CCOc1cncc(C)n1,True,pineapple;fresh
MOL_002600,Nonyl propionate,53184-67-1,53184-67-1,True,True,CCCCCCCCCOC(=O)CC,CCCCCCCCCOC(=O)CC,True,rose;ethereal;waxy;aldehydic;winey;sweet
MOL_002601,Cinnamyl benzoate,5320-75-2,5320-75-2,True,True,O=C(OC/C=C/c1ccccc1)c1ccccc1,O=C(OC/C=C/c1ccccc1)c1ccccc1,True,balsamic;sweet;spicy
MOL_002602,(E)-citrus nitrile,53243-60-0,53243-60-0,True,True,C/C(=C\C#N)/CCC1=CC=CC=C1,C/C(=C\C#N)CCc1ccccc1,True,citrus;lemon
MOL_002603,"2-hydroxy-3,5,5-trimethyl-2-cyclopenten-1-one",53263-56-2,53263-56-2,True,True,O=C1C(\O)=C(\C)CC1(C)C,CC1=C(O)C(=O)C(C)(C)C1,True,sweet;caramellic
MOL_002604,Ethylhydroxymethylcyclopentenone,53263-58-4,53263-58-4,True,True,CCC1CC(C)=C(O)C1=O,CCC1CC(C)=C(O)C1=O,True,burnt;caramellic;malty
MOL_002605,Tolyl acetate,533-18-6,533-18-6,True,True,CC(=O)Oc1ccccc1C,CC(=O)Oc1ccccc1C,True,fruity;medicinal;floral
MOL_002606,Sesamol,533-31-3,533-31-3,True,True,Oc1ccc2c(c1)OCO2,Oc1ccc2c(c1)OCO2,True,phenolic;spicy
MOL_002607,phenethyl butyl ether,5331-14-6,5331-14-6,True,True,CCCCOCCC1=CC=CC=C1,CCCCOCCc1ccccc1,True,vegetable;mushroom;floral;green;metallic
MOL_002608,1-(2-thienyl) butanone,5333-83-5,5333-83-5,True,True,CCCC(=O)C1=CC=CS1,CCCC(=O)c1cccs1,True,roasted;beefy;meaty
MOL_002609,amber dioxepine,53338-05-9,53338-05-9,True,True,CC(C)CCC1(OCC=CCO1)C,CC(C)CCC1(C)OCC=CCO1,True,fresh;herbal;sweet;balsamic
MOL_002610,Hexenyl formate,53398-78-0,53398-78-0,True,True,CCC/C=C/COC=O,CCC/C=C/COC=O,True,green;fruity;rum
MOL_002611,Hexenyl propionate,53398-80-4,53398-80-4,True,True,CCC/C=C/COC(=O)CC,CCC/C=C/COC(=O)CC,True,ripe;fruity;apple;pear
MOL_002612,(E)-2-hexen-1-yl butyrate,53398-83-7,53398-83-7,True,True,CCC/C=C/COC(=O)CCC,CCC/C=C/COC(=O)CCC,True,green;fruity;apricot;ripe;banana;woody;floral;fermented;apple;fatty;grassy
MOL_002613,(Z)-3-hexen-1-yl 2-methyl butyrate,53398-85-9,53398-85-9,True,True,CC/C=C\CCOC(=O)C(C)CC,CC/C=C\CCOC(=O)C(C)CC,True,fresh;green;apple;sweet;fruity;pear;berry;sour;animal
MOL_002614,Hexenyl hexanoate,53398-86-0,53398-86-0,True,True,CCC/C=C/COC(=O)CCCCC,CCC/C=C/COC(=O)CCCCC,True,apple;green;fruity;pear;waxy;berry;tea
MOL_002615,Hexenyl hexenoate,53398-87-1,53398-87-1,True,True,CCCC=CC(=O)OC=CCCCC,CCCC=CC(=O)OC=CCCCC,True,apple;green;fruity;melon;pear;tropical;pineapple
MOL_002616,Dimethoxyethane,534-15-6,534-15-6,True,True,COC(C)OC,COC(C)OC,True,green;alcoholic
MOL_002617,Methylfuran,534-22-5,534-22-5,True,True,Cc1ccco1,Cc1ccco1,True,solvent;nutty;gasoline;metallic;burnt;musty;sweet
MOL_002618,Undecanal diethyl acetal,53405-97-3,53405-97-3,True,True,CCCCCCCCCCC(OCC)OCC,CCCCCCCCCCC(OCC)OCC,True,fruity;fresh;floral;citrus
MOL_002619,Dodecanal diethyl acetal,53405-98-4,53405-98-4,True,True,CCCCCCCCCCCC(OCC)OCC,CCCCCCCCCCCC(OCC)OCC,True,citrus;green;oily;fruity
MOL_002620,(E)-2-undecenal,53448-07-0,53448-07-0,True,True,CCCCCCCC/C=C/C=O,CCCCCCCC/C=C/C=O,True,fresh;fruity;citrus;orange;aldehydic;waxy;fatty;green
MOL_002621,Methylthiobutanone,53475-15-3,53475-15-3,True,True,CSC(C)C(C)=O,CSC(C)C(C)=O,True,earthy;alliaceous;tropical;black currant;sulfurous
MOL_002622,Butyl vanillate,5348-74-3,5348-74-3,True,True,CCCCOC(=O)c1ccc(O)c(OC)c1,CCCCOC(=O)c1ccc(O)c(OC)c1,True,balsamic;floral;sweet
MOL_002623,Octyloxyacetaldehyde,53488-14-5,53488-14-5,True,True,CCCCCCCCOCC=O,CCCCCCCCOCC=O,True,fruity;fresh;aldehydic;herbal;floral
MOL_002624,Methylphenylpentanone,5349-62-2,5349-62-2,True,True,CC(C)CC(=O)Cc1ccccc1,CC(C)CC(=O)Cc1ccccc1,True,woody;spicy;caramellic;fruity
MOL_002625,Isopropyldimethylthiazole,53498-30-9,53498-30-9,True,True,Cc1nc(C(C)C)sc1C,Cc1nc(C(C)C)sc1C,True,earthy;nutty;roasted;potato
MOL_002626,Isobutyldimethylthiazole,53498-32-1,53498-32-1,True,True,Cc1nc(CC(C)C)sc1C,Cc1nc(CC(C)C)sc1C,True,green;earthy;nutty;savory;tomato;vegetable
MOL_002627,Amyl dodecanoate,5350-03-8,5350-03-8,True,True,CCCCCCCCCCCC(=O)OCCCCC,CCCCCCCCCCCC(=O)OCCCCC,True,oily;fatty;winey
MOL_002628,Hydroxybenzyl methyl ether,5355-17-9,5355-17-9,True,True,COCc1ccc(O)cc1,COCc1ccc(O)cc1,True,green;earthy;phenolic;medicinal;sweet
MOL_002629,Hydroxyphenylbutanone,5355-63-5,5355-63-5,True,True,CCC(=O)C(O)c1ccccc1,CCC(=O)C(O)c1ccccc1,True,creamy;caramellic;floral;sweet
MOL_002630,Dimethylbenzyl alcohol,536-50-5,536-50-5,True,True,Cc1ccc(C(C)O)cc1,Cc1ccc(C(C)O)cc1,True,hay;nutty;almond;cherry;floral;mint
MOL_002631,Perilla alcohol,536-59-4,536-59-4,True,True,C=C(C)C1CC=C(CO)CC1,C=C(C)C1CC=C(CO)CC1,True,citrus;floral
MOL_002632,Isopropylbenzyl alcohol,536-60-7,536-60-7,True,True,CC(C)c1ccc(CO)cc1,CC(C)c1ccc(CO)cc1,True,oily;spicy
MOL_002633,Ethylpyridine,536-75-4,536-75-4,True,True,CCc1ccncc1,CCc1ccncc1,True,green;earthy;herbal;sweet
MOL_002634,Ethylpyridine,536-78-7,536-78-7,True,True,CCc1cccnc1,CCc1cccnc1,True,tobacco;nutty;roasted;smoky
MOL_002635,Methylpentenal,5362-56-1,5362-56-1,True,True,CC(C)/C=C\C=O,CC(C)/C=C\C=O,True,apple;green;fresh;aldehydic;woody;cognac
MOL_002636,Prenyl thioisobutyrate,53626-94-1,53626-94-1,True,True,CC(C)=CCOC(=S)C(C)C,CC(C)=CCOC(=S)C(C)C,True,fruity;tropical;sulfurous
MOL_002637,Nootkatol,53643-07-5,53643-07-5,True,True,C=C(C)C1CCC2=CC(O)CC(C)C2(C)C1,C=C(C)C1CCC2=CC(O)CC(C)C2(C)C1,True,grapefruit;citrus
MOL_002638,Isoprenyl hexanoate,53655-22-4,53655-22-4,True,True,C=C(C)C=COC(=O)CCCCC,C=C(C)C=COC(=O)CCCCC,True,green;fruity;pineapple;tropical
MOL_002639,rhodinyl acetate substitutes,53751-40-9,53751-40-9,True,True,c(cc(c1)COC(=O)C)c(OC)c1OC,COc1ccc(COC(C)=O)cc1OC,True,sweet;floral;fresh;berry;rose
MOL_002640,Dihydromyrcenyl acetate,53767-93-4,53767-93-4,True,True,C=CC(C)CCCC(C)(C)OC(C)=O,C=CC(C)CCCC(C)(C)OC(C)=O,True,floral;citrus
MOL_002641,Butyl cinnamate,538-65-8,538-65-8,True,True,CCCCOC(=O)/C=C/c1ccccc1,CCCCOC(=O)/C=C/c1ccccc1,True,fruity;balsamic;cocoa;sweet
MOL_002642,Benzyl methyl ether,538-86-3,538-86-3,True,True,COCc1ccccc1,COCc1ccccc1,True,fruity;rose;metallic
MOL_002643,cycloeudesmol,53823-06-6,53823-06-6,True,True,C[C@H]1CCC[C@]2([C@@]13C[C@@]3(CC2)C(C)(C)O)C,C[C@H]1CCC[C@]2(C)CC[C@@]3(C(C)(C)O)C[C@@]123,True,fishy
MOL_002644,Ethyldimethyloxazole,53833-30-0,53833-30-0,True,True,CCc1nc(C)c(C)o1,CCc1nc(C)c(C)o1,True,green;vegetable;musty;earthy
MOL_002645,Dimethylpropyloxazole,53833-32-2,53833-32-2,True,True,CCCc1nc(C)c(C)o1,CCCc1nc(C)c(C)o1,True,roasted;fatty;metallic;burnt;herbal
MOL_002646,4-butyl thiazole,53833-33-3,53833-33-3,True,True,CCCCC1=CSC=N1,CCCCc1cscn1,True,green;herbal;mint;vegetable
MOL_002647,Bismercaptopropylsulfide,53897-60-2,53897-60-2,True,True,SC(S)CCSCCC(S)S,SC(S)CCSCCC(S)S,True,green;fruity;alliaceous;garlic;onion
MOL_002648,Tetrahydrotrimethylthiadiazine,53897-63-5,53897-63-5,True,True,CC1CCSN(C)N1C,CC1CCSN(C)N1C,True,meaty;roasted;nutty;beefy
MOL_002649,Benzyl ethyl ether,539-30-0,539-30-0,True,True,CCOCc1ccccc1,CCOCc1ccccc1,True,fruity;sharp
MOL_002650,Butylpyridine,539-32-2,539-32-2,True,True,CCCCc1cccnc1,CCCCc1cccnc1,True,earthy;green;fishy;animal
MOL_002651,Ethyl valerate,539-82-2,539-82-2,True,True,CCCCC(=O)OCC,CCCCC(=O)OCC,True,fruity;apple;pineapple;tropical
MOL_002652,Ethyl levulinate,539-88-8,539-88-8,True,True,CCOC(=O)CCC(C)=O,CCOC(=O)CCC(C)=O,True,apple;caramellic;green;fruity;tropical;sweet
MOL_002653,Isobutyl butyrate,539-90-2,539-90-2,True,True,CCCC(=O)OCC(C)C,CCCC(=O)OCC(C)C,True,fruity;banana;pear;pineapple;sweet;rum
MOL_002654,Methyl mercaptopropionate,53907-46-3,53907-46-3,True,True,COC(=O)C(C)S,COC(=O)C(C)S,True,vegetable;meaty;tropical;brothy;sulfurous
MOL_002655,Citral,5392-40-5,5392-40-5,True,True,CC(C)=CCC/C(C)=C/C=O,CC(C)=CCC/C(C)=C/C=O,True,fruity;fresh;lemon;citrus
MOL_002656,"2,4,4,6-tetramethyl cyclohexa-2,5-diene-1-one",53950-85-9,53950-85-9,True,True,CC1=CC(C=C(C1=O)C)(C)C,CC1=CC(C)(C)C=C(C)C1=O,True,warm;sweet;mint;woody;green;hay
MOL_002657,Benzyl acetoacetate,5396-89-4,5396-89-4,True,True,CC(=O)CC(=O)OCc1ccccc1,CC(=O)CC(=O)OCc1ccccc1,True,fruity;balsamic;fresh;floral
MOL_002658,Amyl hexanoate,540-07-8,540-07-8,True,True,CCCCCOC(=O)CCCCC,CCCCCOC(=O)CCCCC,True,apple;green;fruity;pear;waxy;pineapple
MOL_002659,amyl butyrate,540-18-1,540-18-1,True,True,CCCCCOC(=O)CCC,CCCCCOC(=O)CCC,True,sweet;fruity;banana;pineapple;cherry;tropical
MOL_002660,Isobutyl propionate,540-42-1,540-42-1,True,True,CCC(=O)OCC(C)C,CCC(=O)OCC(C)C,True,fruity;ethereal;rum
MOL_002661,Ethanedithiol,540-63-6,540-63-6,True,True,SCCS,SCCS,True,onion;sulfurous;garlic
MOL_002662,Ethyl hydroxybutyrate,5405-41-4,5405-41-4,True,True,CCOC(=O)CC(C)O,CCOC(=O)CC(C)O,True,fruity;grape;fresh
MOL_002663,Acetaldehyde dihexyl acetal,5405-58-3,5405-58-3,True,True,CCCCCCOC(C)OCCCCCC,CCCCCCOC(C)OCCCCCC,True,apple;green;fruity;fermented;herbal
MOL_002664,Methyl mercaptobutanoate,54051-19-3,54051-19-3,True,True,CCC(S)C(=O)OC,CCC(S)C(=O)OC,True,green;fruity;tropical;black currant;sweet
MOL_002665,para-cresyl propionaldehyde,5406-12-2,5406-12-2,True,True,CC1=CC=C(C=C1)CCC=O,Cc1ccc(CCC=O)cc1,True,floral
MOL_002666,Methoxyphenylpropanol,5406-18-8,5406-18-8,True,True,COc1ccc(CCCO)cc1,COc1ccc(CCCO)cc1,True,cinnamon;spicy;aromatic;floral
MOL_002667,Acetoketal,5406-58-6,5406-58-6,True,True,CC1(C)COC(C)(c2ccccc2)OC1,CC1(C)COC(C)(c2ccccc2)OC1,True,woody;sweet;camphoreous
MOL_002668,muguet undecadienal,54082-68-7,54082-68-7,True,True,O=CC(CC/C=C(/CC\C=C(/C)C)C)C,CC(C)=CCC/C(C)=C/CCC(C)C=O,True,aldehydic;floral;waxy;fresh;green
MOL_002669,muguet nitrile,54089-83-7,54089-83-7,True,True,CC(CCC1=CC=CC=C1)CC#N,CC(CC#N)CCc1ccccc1,True,citrus;floral;sweet;metallic
MOL_002670,Methylbutanethiol,541-31-1,541-31-1,True,True,CC(C)CCS,CC(C)CCS,True,vegetable;meaty;sulfurous
MOL_002671,Methylcrotonic acid,541-47-9,541-47-9,True,True,CC(C)=CC(=O)O,CC(C)=CC(=O)O,True,musty;spicy;caramellic;herbal
MOL_002672,Dimethylthiazole,541-58-2,541-58-2,True,True,Cc1csc(C)n1,Cc1csc(C)n1,True,cocoa;meaty
MOL_002673,Methylheptanone,541-85-5,541-85-5,True,True,CCC(=O)CC(C)CC,CCC(=O)CC(C)CC,True,fruity;ketonic;herbal
MOL_002674,Muscone,541-91-3,541-91-3,True,True,CC1CCCCCCCCCCCCC(=O)C1,CC1CCCCCCCCCCCCC(=O)C1,True,musk;sweet
MOL_002675,ethyl levulinate propylene glycol ketal,5413-49-0,5413-49-0,True,True,CCOC(=O)CCC1(OCC(O1)C)C,CCOC(=O)CCC1(C)OCC(C)O1,True,oily;caramellic
MOL_002676,verdyl acetate,5413-60-5,5413-60-5,True,True,CC(=O)OC1CC2CC1C3C2C=CC3,CC(=O)OC1CC2CC1C1CC=CC21,True,floral;green;fresh;woody;pine
MOL_002677,tris(methyl thio) methane,5418-86-0,5418-86-0,True,True,CSC(SC)SC,CSC(SC)SC,True,earthy;mushroom;musty
MOL_002678,Isopropyl acetoacetate,542-08-5,542-08-5,True,True,CC(=O)CC(=O)OC(C)C,CC(=O)CC(=O)OC(C)C,True,apple;caramellic;fruity;fermented;brandy
MOL_002679,Valerolactone,542-28-9,542-28-9,True,True,O=C1CCCCO1,O=C1CCCCO1,True,fruity;aromatic
MOL_002680,Civetone,542-46-1,542-46-1,True,True,O=C1CCCCCCC/C=C\CCCCCCC1,O=C1CCCCCCC/C=C\CCCCCCC1,True,musk;sweet;animal
MOL_002681,Isobutyl formate,542-55-2,542-55-2,True,True,CC(C)COC=O,CC(C)COC=O,True,fruity;ethereal;rum
MOL_002682,Ethyl isothiocyanate,542-85-8,542-85-8,True,True,CCN=C=S,CCN=C=S,True,pungent;horseradish
MOL_002683,cinnamaldehyde butylene glycol acetal,5420-98-4,5420-98-4,True,True,CC1CCOC(O1)/C=C/C2=CC=CC=C2,CC1CCOC(/C=C/c2ccccc2)O1,True,sweet;spicy;cinnamon;warm
MOL_002684,Tetrahydrofurfuryl phenylacetate (See comments),5421-00-1,5421-00-1,True,True,O=C(Cc1ccccc1)OCC1CCCO1,O=C(Cc1ccccc1)OCC1CCCO1,True,honey;fruity;sweet;chocolate
MOL_002685,Decanal propylene glycol acetal,5421-12-5,5421-12-5,True,True,CCCCCCCCCC1OCC(C)O1,CCCCCCCCCC1OCC(C)O1,True,green;fruity;floral;citrus
MOL_002686,Hexyl phenylacetate,5421-17-0,5421-17-0,True,True,CCCCCCOC(=O)Cc1ccccc1,CCCCCCOC(=O)Cc1ccccc1,True,green;fruity;honey;waxy;winey;floral;sweet
MOL_002687,Isobutyl undecenoate,5421-27-2,5421-27-2,True,True,C=CCCCCCCCCC(=O)OCC(C)C,C=CCCCCCCCCC(=O)OCC(C)C,True,fatty;fruity;buttery;waxy;herbal;winey;brandy
MOL_002688,Butyl acetolactate,5422-69-5,5422-69-5,True,True,CCCCOC(=O)C(C)OC(C)=O,CCCCOC(=O)C(C)OC(C)=O,True,fruity;milky;creamy
MOL_002689,phenethyl acetal,5426-78-8,5426-78-8,True,True,CCOC(C)OC1=CC=CC=C1,CCOC(C)Oc1ccccc1,True,green;fresh;leafy;woody;rose
MOL_002690,Myrcenol,543-39-5,543-39-5,True,True,C=CC(=C)CCCC(C)(C)O,C=CC(=C)CCCC(C)(C)O,True,woody;floral
MOL_002691,Heptanol,543-49-7,543-49-7,True,True,CCCCCC(C)O,CCCCCC(C)O,True,green;lemon;herbal
MOL_002692,Acetyldimethylpyrazine,54300-08-2,54300-08-2,True,True,CC(=O)c1ncc(C)nc1C,CC(=O)c1ncc(C)nc1C,True,nutty;hazelnut;popcorn;roasted
MOL_002693,"2-acetyl-3,6-dimethyl pyrazine",54300-09-3,54300-09-3,True,True,CC1=CN=C(C(=N1)C(=O)C)C,CC(=O)c1nc(C)cnc1C,True,popcorn;hazelnut;caramellic
MOL_002694,Acetyldimethylpyrazine,54300-10-6,54300-10-6,True,True,CC(=O)c1cnc(C)c(C)n1,CC(=O)c1cnc(C)c(C)n1,True,roasted;green;nutty;aromatic
MOL_002695,Hexenal diethyl acetal,54306-00-2,54306-00-2,True,True,CCC/C=C/C(OCC)OCC,CCC/C=C/C(OCC)OCC,True,green;fruity;apple
MOL_002696,Isobutyl phenoxyacetate,5432-66-6,5432-66-6,True,True,CC(C)COC(=O)COc1ccccc1,CC(C)COC(=O)COc1ccccc1,True,honey;sweet;herbal
MOL_002697,Hexyl pivalate,5434-57-1,5434-57-1,True,True,CCCCCCOC(=O)C(C)(C)C,CCCCCCOC(=O)C(C)(C)C,True,apple;green;fruity;pear
MOL_002698,Ethyl heptenoate,54340-72-6,54340-72-6,True,True,CCCC/C=C/C(=O)OCC,CCCC/C=C/C(=O)OCC,True,green;fruity;apple;melon
MOL_002699,acetaldehyde methyl hexyl acetal,54340-90-8,54340-90-8,True,True,CCCCCCOC(C)OC,CCCCCCOC(C)OC,True,green;woody;herbal
MOL_002700,Trimethylhexanal,5435-64-3,5435-64-3,True,True,CC(CC=O)CC(C)(C)C,CC(CC=O)CC(C)(C)C,True,green;spicy;herbal
MOL_002701,Oxobutanal dimethyl acetal,5436-21-5,5436-21-5,True,True,COC(CC(C)=O)OC,COC(CC(C)=O)OC,True,sweet;herbal
MOL_002702,Octenol,54393-36-1,54393-36-1,True,True,CCC/C=C\CCCO,CCC/C=C\CCCO,True,green;fruity;earthy;fresh;herbal;sweet
MOL_002703,Diisoamyl ether,544-01-4,544-01-4,True,True,CC(C)CCOCCC(C)C,CC(C)CCOCCC(C)C,True,green;fruity;ethereal;herbal
MOL_002704,Hexenol,544-12-7,544-12-7,True,True,CC/C=C/CCO,CC/C=C/CCO,True,grassy;apple;green;fatty;fruity;herbal;leafy;vegetable
MOL_002705,Ethyl linoleate,544-35-4,544-35-4,True,True,CCCCC/C=C\C/C=C\CCCCCCCC(=O)OCC,CCCCC/C=C\C/C=C\CCCCCCCC(=O)OCC,True,oily;fatty
MOL_002706,Butyl sulfide,544-40-1,544-40-1,True,True,CCCCSCCCC,CCCCSCCCC,True,green;garlic;onion;violet;horseradish;floral
MOL_002707,Myristic acid,544-63-8,544-63-8,True,True,CCCCCCCCCCCCCC(=O)O,CCCCCCCCCCCCCC(=O)O,True,oily;waxy;odorless
MOL_002708,Hexadecane,544-76-3,544-76-3,True,True,CCCCCCCCCCCCCCCC,CCCCCCCCCCCCCCCC,True,waxy;gasoline
MOL_002709,"2,3-dimethyl-5-isobutyl pyrazine",54410-83-2,54410-83-2,True,True,CC1=NC=C(N=C1C)CC(C)C,Cc1ncc(CC(C)C)nc1C,True,green;leafy;nutty
MOL_002710,Butylethylthiophene,54411-06-2,54411-06-2,True,True,CCCCc1ccc(CC)s1,CCCCc1ccc(CC)s1,True,sulfurous;burnt;roasted
MOL_002711,cyclohexyl propanol,5442-00-2,5442-00-2,True,True,CC(CO)C1CCCCC1,CC(CO)C1CCCCC1,True,floral;mint;green;balsamic
MOL_002712,Ethylhexyl benzoate,5444-75-7,5444-75-7,True,True,CCCCC(CC)COC(=O)c1ccccc1,CCCCC(CC)COC(=O)c1ccccc1,True,balsamic;ethereal
MOL_002713,saffron indenone,54440-17-4,54440-17-4,True,True,CC1C(=O)C2=CC=CC=C2C1(C)C,CC1C(=O)c2ccccc2C1(C)C,True,herbal;leathery;spicy;fresh;phenolic;tobacco;woody
MOL_002714,lactadione,544409-58-7,544409-58-7,True,True,CCCCCC(=O)C(C)(C(=O)C)O,CCCCCC(=O)C(C)(O)C(C)=O,True,solvent;earthy
MOL_002715,patchouli ethanone,54464-57-2,54464-57-2,True,True,CC1CC2=C(CC1(C)C(=O)C)C(CCC2)(C)C,CC(=O)C1(C)CC2=C(CCCC2(C)C)CC1C,True,woody;dry;musk;ketonic;phenolic
MOL_002716,Acetaldehyde ethyl hexyl acetal,54484-73-0,54484-73-0,True,True,CCCCCCOC(C)OCC,CCCCCCOC(C)OCC,True,alcoholic;ethereal;green;earthy;cognac;floral
MOL_002717,Decyl formate,5451-52-5,5451-52-5,True,True,CCCCCCCCCCOC=O,CCCCCCCCCCOC=O,True,fruity;fresh;floral
MOL_002718,Heptyl valerate,5451-80-9,5451-80-9,True,True,CCCCCCCOC(=O)CCCC,CCCCCCCOC(=O)CCCC,True,oily;fruity;winey
MOL_002719,Phenylpropyl valerate,5451-88-7,5451-88-7,True,True,CCCCC(=O)OCCCc1ccccc1,CCCCC(=O)OCCCc1ccccc1,True,spicy;fruity;balsamic;sweet
MOL_002720,Nonyl formate,5451-92-3,5451-92-3,True,True,CCCCCCCCCOC=O,CCCCCCCCCOC=O,True,sweet;citrus
MOL_002721,nonyl benzoate,5451-95-6,5451-95-6,True,True,CCCCCCCCCOC(=O)C1=CC=CC=C1,CCCCCCCCCOC(=O)c1ccccc1,True,balsamic;sweet;orange;mint
MOL_002722,Phenylpropyl isovalerate,5452-07-3,5452-07-3,True,True,CC(C)CC(=O)OCCCc1ccccc1,CC(C)CC(=O)OCCCc1ccccc1,True,fruity;strawberry
MOL_002723,Decyl butyrate,5454-09-1,5454-09-1,True,True,CCCCCCCCCCOC(=O)CCC,CCCCCCCCCCOC(=O)CCC,True,apricot;rose;fruity;waxy;peach
MOL_002724,Phenylethyl heptanoate,5454-11-5,5454-11-5,True,True,CCCCCCC(=O)OCCc1ccccc1,CCCCCCC(=O)OCCc1ccccc1,True,citrus;earthy;oily;orange;herbal;winey
MOL_002725,Decyl propionate,5454-19-3,5454-19-3,True,True,CCCCCCCCCCOC(=O)CC,CCCCCCCCCCOC(=O)CC,True,citrus;fatty;musk;aldehydic;cognac;sweet;rum
MOL_002726,benzyl heptanoate,5454-21-7,5454-21-7,True,True,CCCCCCC(=O)OCC1=CC=CC=C1,CCCCCCC(=O)OCc1ccccc1,True,fruity;apricot;herbal
MOL_002727,Decyl isobutyrate,5454-22-8,5454-22-8,True,True,CCCCCCCCCCOC(=O)C(C)C,CCCCCCCCCCOC(=O)C(C)C,True,oily;herbal
MOL_002728,Butyl heptanoate,5454-28-4,5454-28-4,True,True,CCCCCCC(=O)OCCCC,CCCCCCC(=O)OCCCC,True,green;fruity;apple;herbal
MOL_002729,Ethyl hexadecenoate,54546-22-4,54546-22-4,True,True,CCCCCC/C=C/CCCCCCCC(=O)OCC,CCCCCC/C=C/CCCCCCCC(=O)OCC,True,oily;fatty
MOL_002730,herbal acetal,54546-26-8,54546-26-8,True,True,CCCCC1OC(CC(O1)(C)C)C,CCCCC1OC(C)CC(C)(C)O1,True,herbal;spicy;chamomile;green
MOL_002731,Octanedione,5455-24-3,5455-24-3,True,True,CCCC(=O)C(=O)CCC,CCCC(=O)C(=O)CCC,True,creamy;caramellic;fatty;fruity;cheesy;sweet;buttery
MOL_002732,Phenethyl octanoate,5457-70-5,5457-70-5,True,True,CCCCCCCC(=O)OCCc1ccccc1,CCCCCCCC(=O)OCCc1ccccc1,True,green;fruity;earthy;winey;floral
MOL_002733,Isopropyl octanoate,5458-59-3,5458-59-3,True,True,CCCCCCCC(=O)OC(C)C,CCCCCCCC(=O)OC(C)C,True,fatty;fruity;winey
MOL_002734,Cedrene,546-28-1,546-28-1,True,True,C=C1CC[C@@]23C[C@@H]1C(C)(C)[C@@H]2CC[C@H]3C,C=C1CC[C@@]23C[C@@H]1C(C)(C)[C@@H]2CC[C@H]3C,True,woody;fatty;sweet
MOL_002735,Artemisia Ketone,546-49-6,546-49-6,True,True,C=CC(C)(C)C(=O)C=C(C)C,C=CC(C)(C)C(=O)C=C(C)C,True,green;honey;berry;herbal;mint
MOL_002736,Sabinene hydrate,546-79-2,546-79-2,True,True,CC(C)[C@]12CC[C@@](C)(O)[C@@H]1C2,CC(C)[C@]12CC[C@@](C)(O)[C@@H]1C2,True,camphoreous;herbal;woody;sweet;mint
MOL_002737,alpha-thujone,546-80-5,546-80-5,True,True,C[C@@H]1[C@H]2C[C@]2(CC1=O)C(C)C,CC(C)[C@]12CC(=O)[C@H](C)[C@H]1C2,True,woody;camphoreous
MOL_002738,Ethylhexyl formate,5460-45-7,5460-45-7,True,True,CCCCC(CC)COC=O,CCCCC(CC)COC=O,True,fruity
MOL_002739,Fenchyl formate,5460-46-8,5460-46-8,True,True,CC12CCC(C1)C(C)(C)C2OC=O,CC12CCC(C1)C(C)(C)C2OC=O,True,pine
MOL_002740,Undecyl butyrate,5461-02-9,5461-02-9,True,True,CCCCCCCCCCCOC(=O)CCC,CCCCCCCCCCCOC(=O)CCC,True,oily;fruity;fatty
MOL_002741,Isobutyl octanoate,5461-06-3,5461-06-3,True,True,CCCCCCCC(=O)OCC(C)C,CCCCCCCC(=O)OCC(C)C,True,oily;fatty;fruity;winey
MOL_002742,Piperonyl isobutyrate,5461-08-5,5461-08-5,True,True,CC(C)C(=O)OCc1ccc2c(c1)OCO2,CC(C)C(=O)OCc1ccc2c(c1)OCO2,True,fruity;sweet;berry
MOL_002743,para-anisyl propanal,5462-06-6,5462-06-6,True,True,CC(CC1=CC=C(C=C1)OC)C=O,COc1ccc(CC(C)C=O)cc1,True,sweet;anisic;herbal;berry;green
MOL_002744,Diethyltrithiolane,54644-28-9,54644-28-9,True,True,CCC1(CC)CSSS1,CCC1(CC)CSSS1,True,garlic;sulfurous
MOL_002745,Ethyl hexenoate,54653-25-7,54653-25-7,True,True,CCCC=CC(=O)OCC,CCCC=CC(=O)OCC,True,ripe;apple;green;fruity;strawberry;pineapple;sweet
MOL_002746,Ethyl mercaptopropionate,5466-06-8,5466-06-8,True,True,CCOC(=O)CCS,CCOC(=O)CCS,True,fruity;tropical;grape;fresh
MOL_002747,Phenylacetaldehyde propylene glycol acetal,5468-05-3,5468-05-3,True,True,CC1COC(Cc2ccccc2)O1,CC1COC(Cc2ccccc2)O1,True,rose;green;fresh;floral;sweet
MOL_002748,Phenylacetaldehyde butylene glycol acetal,5468-06-4,5468-06-4,True,True,CC1OC(Cc2ccccc2)OC1C,CC1OC(Cc2ccccc2)OC1C,True,earthy;fruity;herbal;floral;sweet
MOL_002749,Pinocamphone,547-60-4,547-60-4,True,True,CC1C(=O)CC2CC1C2(C)C,CC1C(=O)CC2CC1C2(C)C,True,spicy;fresh;camphoreous;herbal
MOL_002750,laevo-pinocarveol,547-61-5,547-61-5,True,True,CC1([C@H]2C[C@@H]1C(=C)C(C2)O)C,C=C1C(O)C[C@@H]2C[C@H]1C2(C)C,True,warm;woody;balsamic;herbal
MOL_002751,Methyl isobutyrate,547-63-7,547-63-7,True,True,COC(=O)C(C)C,COC(=O)C(C)C,True,apple;apricot;fruity;pineapple;rum
MOL_002752,Raspberry Ketone,5471-51-2,5471-51-2,True,True,CC(=O)CCc1ccc(O)cc1,CC(=O)CCc1ccc(O)cc1,True,fruity;sweet
MOL_002753,"2,4,6-triethyl tetrahydro-1,3,5-dithiazine",54717-17-8,54717-17-8,True,True,CCC1NC(SC(S1)CC)CC,CCC1NC(CC)SC(CC)S1,True,alliaceous;roasted;onion;fatty
MOL_002754,massoia lactone,54814-64-1,54814-64-1,True,True,CCCCCC1CC=CC(=O)O1,CCCCCC1CC=CC(=O)O1,True,sweet;creamy;coconut;milky;peach;fruity;herbal
MOL_002755,Nonanal diethyl acetal,54815-13-3,54815-13-3,True,True,CCCCCCCCC(OCC)OCC,CCCCCCCCC(OCC)OCC,True,green;fresh;floral;citrus
MOL_002756,"tricyclo(5.2.1.02,6)dec-3-enyl acetate",54830-99-8,54830-99-8,True,True,CC(=O)OC1=CCC2C1C3CCC2C3,CC(=O)OC1=CCC2C3CCC(C3)C12,True,green;woody;pine;anisic
MOL_002757,Benzyl octyl ether,54852-64-1,54852-64-1,True,True,CCCCCCCCOCc1ccccc1,CCCCCCCCOCc1ccccc1,True,earthy;fruity;balsamic;aromatic;floral
MOL_002758,Mercaptopentanol,548740-99-4,548740-99-4,True,True,CCCCC(O)S,CCCCC(O)S,True,citrus;green;catty;brothy;grapefruit
MOL_002759,Mercaptoheptyl acetate,548774-80-7,548774-80-7,True,True,CC(=O)OCCCCCCCS,CC(=O)OCCCCCCCS,True,citrus;fruity;tea;peach
MOL_002760,Octanal diethyl acetal,54889-48-4,54889-48-4,True,True,CCCCCCCC(OCC)OCC,CCCCCCCC(OCC)OCC,True,green;floral;orange;citrus
MOL_002761,Di-isopropyltrithiolane,54934-99-5,54934-99-5,True,True,CC(C)C1(C(C)C)CSSS1,CC(C)C1(C(C)C)CSSS1,True,oily;garlic;fatty;nutty;onion;sulfurous
MOL_002762,Methyloctanoic acid,54947-74-9,54947-74-9,True,True,CCCC[C@@H](C)CCC(=O)O,CCCC[C@@H](C)CCC(=O)O,True,meaty;fatty;musty;cheesy
MOL_002763,Methylhydroxypropyl methylmercaptopropyl sulfide,54957-02-7,54957-02-7,True,True,CC(O)C(C)SC(C)C(C)S,CC(O)C(C)SC(C)C(C)S,True,meaty;roasted;savory;burnt;brothy;sulfurous
MOL_002764,ethylene dodecanoate,54982-83-1,54982-83-1,True,True,C1CCCCCC(=O)OCCOC(=O)CCCC1,O=C1CCCCCCCCCCC(=O)OCCO1,True,sweet;fresh;waxy;musk;animal
MOL_002765,Hydroxyhydroxymethoxyphenylacetic acid,55-10-7,55-10-7,True,True,COc1cc([C@H](O)C(=O)O)ccc1O,COc1cc([C@H](O)C(=O)O)ccc1O,True,vanilla;sweet
MOL_002766,cis-oak lactone,55013-32-6,55013-32-6,True,True,CCCC[C@@H]1[C@@H](CC(=O)O1)C,CCCC[C@H]1OC(=O)C[C@H]1C,True,sweet;spicy;coconut;vanilla
MOL_002767,muguet shiseol,5502-75-0,5502-75-0,True,True,CC(C)C1CCC(CC1)CO,CC(C)C1CCC(CO)CC1,True,fresh;floral;spicy;grassy
MOL_002768,"5-isopropyl-nonane-2,8-diol",55023-56-8,55023-56-8,True,True,CC(C)C(CCC(C)O)CCC(C)O,CC(O)CCC(CCC(C)O)C(C)C,True,woody;animal
MOL_002769,Ethyldimethylpyrazine,55031-15-7,55031-15-7,True,True,CCc1ncc(C)nc1C,CCc1ncc(C)nc1C,True,nutty;cocoa;burnt;almond;hazelnut;chocolate
MOL_002770,exo-isocitral,55050-40-3,55050-40-3,True,True,CC(=CCCC(=C)CC=O)C,C=C(CC=O)CCC=C(C)C,True,fruity;aldehydic;citrus;floral;lemon;woody
MOL_002771,rose absolute pentanol,55066-48-3,55066-48-3,True,True,CC(CCC1=CC=CC=C1)CCO,CC(CCO)CCc1ccccc1,True,fresh;floral;rose;green;honey;tropical
MOL_002772,lily pentanal,55066-49-4,55066-49-4,True,True,CC(CCC1=CC=CC=C1)CC=O,CC(CC=O)CCc1ccccc1,True,aldehydic;floral;green;fresh;waxy;woody
MOL_002773,Ethyl ricinoleate,55066-53-0,55066-53-0,True,True,CCCCCC[C@@H](O)C/C=C\CCCCCCCC(=O)OCC,CCCCCC[C@@H](O)C/C=C\CCCCCCCC(=O)OCC,True,oily;fatty
MOL_002774,Tolyl isovalerate,55066-56-3,55066-56-3,True,True,Cc1ccc(OC(=O)CC(C)C)cc1,Cc1ccc(OC(=O)CC(C)C)cc1,True,tobacco;herbal;sweet;animal
MOL_002775,Butylidenephthalide,551-08-6,551-08-6,True,True,CCC/C=C1/OC(=O)c2ccccc21,CCC/C=C1/OC(=O)c2ccccc21,True,herbal
MOL_002776,Aminoacetophenone,551-93-9,551-93-9,True,True,CC(=O)c1ccccc1N,CC(=O)c1ccccc1N,True,grape
MOL_002777,Methylbutyl dodecanoate,55195-19-2,55195-19-2,True,True,CCCCCCCCCCCC(=O)OC(C)CCC,CCCCCCCCCCCC(=O)OC(C)CCC,True,oily;fatty;waxy;winey
MOL_002778,Methylbutyl decanoate,55195-23-8,55195-23-8,True,True,CCCCCCCCCC(=O)OC(C)CCC,CCCCCCCCCC(=O)OC(C)CCC,True,oily;fruity;cognac;sweet;brandy
MOL_002779,Viridiflorol,552-02-3,552-02-3,True,True,C[C@@H]1CC[C@H]2[C@@H]1C1[C@@H](CC[C@]2(C)O)C1(C)C,C[C@@H]1CC[C@H]2[C@@H]1C1[C@@H](CC[C@]2(C)O)C1(C)C,True,green;sweet;woody;floral
MOL_002780,(+)-dihydrocarvone,5524-05-0,5524-05-0,True,True,C[C@@H]1CC[C@H](CC1=O)C(=C)C,C=C(C)[C@@H]1CC[C@@H](C)C(=O)C1,True,herbal;mint
MOL_002781,Photocitral A,55253-28-6,55253-28-6,True,True,C=C(C)[C@H]1CC[C@@H](C)[C@H]1C=O,C=C(C)[C@H]1CC[C@@H](C)[C@H]1C=O,True,green;fruity;camphoreous;herbal;woody
MOL_002782,Isopropyl nicotinate,553-60-6,553-60-6,True,True,CC(C)OC(=O)c1cccnc1,CC(C)OC(=O)c1cccnc1,True,fruity;tobacco;herbal;floral
MOL_002783,Methyl propionate,554-12-1,554-12-1,True,True,CCC(=O)OC,CCC(=O)OC,True,fruity;ethereal;rum
MOL_002784,Methylthiophene,554-14-3,554-14-3,True,True,Cc1cccs1,Cc1cccs1,True,roasted;green;onion;sulfurous;pungent
MOL_002785,Methylenedioxyphenylbutanone,55418-52-5,55418-52-5,True,True,CC(=O)CCc1ccc2c(c1)OCO2,CC(=O)CCc1ccc2c(c1)OCO2,True,berry;woody;cherry;floral;sweet
MOL_002786,(Z)-3-hexenal dimethyl acetal,55444-65-0,55444-65-0,True,True,CC/C=C\CC(OC)OC,CC/C=C\CC(OC)OC,True,fruity;apple
MOL_002787,methyl (R)-2-methyl butyrate,55449-44-0,55449-44-0,True,True,O=C(OC)[C@H](C)CC,CC[C@@H](C)C(=O)OC,True,fruity;dairy
MOL_002788,Phellandrene,555-10-2,555-10-2,True,True,C=C1C=C[C@H](C(C)C)CC1,C=C1C=C[C@H](C(C)C)CC1,True,spicy;fresh;citrus
MOL_002789,Cycloionone,5552-30-7,5552-30-7,True,True,CC1=CC=C2C(C)(C)CCCC2(C)O1,CC1=CC=C2C(C)(C)CCCC2(C)O1,True,fruity;berry;orris;woody;floral;sweet
MOL_002790,"4-methyl-2-(2-methyl-1-propenyl)-1,3-dioxane",55546-11-7,55546-11-7,True,True,CC1CCOC(O1)C=C(C)C,CC(C)=CC1OCCC(C)O1,True,floral;woody;fruity;berry;green
MOL_002791,Methylbutyl valerate,55590-83-5,55590-83-5,True,True,CCCCC(=O)OCC(C)CC,CCCCC(=O)OCC(C)CC,True,apple;apricot;fruity;banana
MOL_002792,Methyl isovalerate,556-24-1,556-24-1,True,True,COC(=O)CC(C)C,COC(=O)CC(C)C,True,fruity;apple;pineapple;ethereal
MOL_002793,Methyl isothiocyanate,556-61-6,556-61-6,True,True,CN=C=S,CN=C=S,True,pungent;horseradish
MOL_002794,Methylbutenol,556-82-1,556-82-1,True,True,CC(C)=CCO,CC(C)=CCO,True,green;fruity
MOL_002795,Propyl isovalerate,557-00-6,557-00-6,True,True,CCCOC(=O)CC(C)C,CCCOC(=O)CC(C)C,True,fruity;apple
MOL_002796,Allyl ethyl ether,557-31-3,557-31-3,True,True,C=CCOCC,C=CCOCC,True,sharp;ethereal
MOL_002797,Nonadienal,557-48-2,557-48-2,True,True,CC/C=C\CC/C=C/C=O,CC/C=C\CC/C=C/C=O,True,green;melon;violet;leafy;cucumber
MOL_002798,Dimethyldihydroxydithiane,55704-78-4,55704-78-4,True,True,CC1(O)CSC(C)(O)CS1,CC1(O)CSC(C)(O)CS1,True,onion;chicken;sweet
MOL_002799,Phenethyl tiglate,55719-85-2,55719-85-2,True,True,C/C=C(\C)C(=O)OCCc1ccccc1,C/C=C(\C)C(=O)OCCc1ccccc1,True,rose;green;herbal;leafy;dry
MOL_002800,Dimethylfuranthiol acetate,55764-22-2,55764-22-2,True,True,CC(=O)Sc1cc(C)oc1C,CC(=O)Sc1cc(C)oc1C,True,meaty;roasted
MOL_002801,Dimethylfuranthiol,55764-23-3,55764-23-3,True,True,Cc1cc(S)c(C)o1,Cc1cc(S)c(C)o1,True,meaty;roasted;savory
MOL_002802,Methylfuryl thioacetate,55764-25-5,55764-25-5,True,True,CC(=O)Sc1ccoc1C,CC(=O)Sc1ccoc1C,True,meaty;roasted;chicken;beefy
MOL_002803,Dimethylthioisovalerylfuran,55764-28-8,55764-28-8,True,True,Cc1cc(SC(=O)CC(C)C)c(C)o1,Cc1cc(SC(=O)CC(C)C)c(C)o1,True,creamy;cocoa
MOL_002804,"3-(2-furoyl thio)-2,5-dimethyl furan",55764-31-3,55764-31-3,True,True,CC1=CC(=C(O1)C)SC(=O)C2=CC=CO2,Cc1cc(SC(=O)c2ccco2)c(C)o1,True,vegetable
MOL_002805,"2,4-octadienal",5577-44-6,5577-44-6,True,True,CCCC=CC=CC=O,CCCC=CC=CC=O,True,fatty;pear;vegetable;green;oily;citrus;melon
MOL_002806,Decalactone,5579-78-2,5579-78-2,True,True,CCCCC1CCCCC(=O)O1,CCCCC1CCCCC(=O)O1,True,caramellic;fruity;nutty;milky;coconut
MOL_002807,dianthus ethone,5595-79-9,5595-79-9,True,True,CCOC1=C(C=CC(=C1)COC)O,CCOc1cc(COC)ccc1O,True,sweet;floral;spicy;orris;vanilla;creamy;smoky;balsamic
MOL_002808,gamma-aminobutyric acid,56-12-2,56-12-2,True,True,C(CC(=O)O)CN,NCCCC(=O)O,True,savory;meaty
MOL_002809,Glutamine,56-85-9,56-85-9,True,True,NC(=O)CC[C@H](N)C(=O)O,NC(=O)CC[C@H](N)C(=O)O,True,odorless
MOL_002810,Glutamic acid,56-86-0,56-86-0,True,True,NC(CCC(=O)O)C(=O)O,NC(CCC(=O)O)C(=O)O,True,odorless
MOL_002811,Nerolidyl acetate,56001-43-5,56001-43-5,True,True,C=C[C@](C)(CC/C=C(/C)CCC=C(C)C)OC(C)=O,C=C[C@](C)(CC/C=C(/C)CCC=C(C)C)OC(C)=O,True,woody;fresh
MOL_002812,(R)-2-ethyl hexanoic acid,56006-48-5,56006-48-5,True,True,CCCC[C@@H](CC)C(=O)O,CCCC[C@@H](CC)C(=O)O,True,herbal;earthy
MOL_002813,Methyldecanoic acid,5601-60-5,5601-60-5,True,True,CCC(C)CCCCCCC(=O)O,CCC(C)CCCCCCC(=O)O,True,fatty;waxy
MOL_002814,Isoamyl phenethyl ether,56011-02-0,56011-02-0,True,True,CC(C)CCOCCc1ccccc1,CC(C)CCOCCc1ccccc1,True,green;tropical;sweet
MOL_002815,Dimethylvinylhexenal,56134-05-5,56134-05-5,True,True,C=CC(C)(C=O)CC=C(C)C,C=CC(C)(C=O)CC=C(C)C,True,fruity;citrus
MOL_002816,"2-methyl-1,3-dithiolane",5616-51-3,5616-51-3,True,True,CC1SCCS1,CC1SCCS1,True,sulfurous;alliaceous;smoky;savory;vegetable
MOL_002817,coumane,5617-64-1,5617-64-1,True,True,C1C2C1C(=O)OC3=CC=CC=C23,O=C1Oc2ccccc2C2CC12,True,green;spicy;coumarinic;nutty;vanilla
MOL_002818,Geranyl butenoate,56172-46-4,56172-46-4,True,True,C/C=C/C(=O)OC/C=C(\C)CCC=C(C)C,C/C=C/C(=O)OC/C=C(\C)CCC=C(C)C,True,rose;herbal;floral;sweet
MOL_002819,Undecenyl butyrate,56195-37-0,56195-37-0,True,True,C=CCCCCCCCCCOC(=O)CCC,C=CCCCCCCCCCOC(=O)CCC,True,oily;fruity;fatty
MOL_002820,Terpinenol,562-74-3,562-74-3,True,True,CC1=CCC(O)(C(C)C)CC1,CC1=CCC(O)(C(C)C)CC1,True,citrus;green;woody;musty;sweet
MOL_002821,"2,4,6-nonatrienal",56269-22-8,56269-22-8,True,True,CCC=CC=CC=CC=O,CCC=CC=CC=CC=O,True,green;cucumber;melon;aldehydic
MOL_002822,Methylbutanone,563-80-4,563-80-4,True,True,CC(=O)C(C)C,CC(=O)C(C)C,True,ketonic;camphoreous;ethereal
MOL_002823,sclareolide,564-20-5,564-20-5,True,True,C[C@]12CCCC([C@@H]1CC[C@@]3([C@@H]2CC(=O)O3)C)(C)C,CC1(C)CCC[C@]2(C)[C@H]3CC(=O)O[C@]3(C)CC[C@@H]12,True,dry;woody;musk;balsamic;aromatic;musty;tobacco
MOL_002824,Myrtenal,564-94-3,564-94-3,True,True,CC1(C)C2CC=C(C=O)C1C2,CC1(C)C2CC=C(C=O)C1C2,True,spicy;cinnamon;herbal
MOL_002825,Benzyl methylbutyrate,56423-40-6,56423-40-6,True,True,CCC(C)C(=O)OCc1ccccc1,CCC(C)C(=O)OCc1ccccc1,True,fruity;apple;tropical
MOL_002826,Heptyl isovalerate,56423-43-9,56423-43-9,True,True,CCCCCCCOC(=O)CC(C)C,CCCCCCCOC(=O)CC(C)C,True,green;fruity;herbal
MOL_002827,Methylpentanol,565-60-6,565-60-6,True,True,CCC(C)C(C)O,CCC(C)C(C)O,True,alcoholic;solvent;ethereal;green;fruity
MOL_002828,Methylpentanone,565-61-7,565-61-7,True,True,CCC(C)C(C)=O,CCC(C)C(C)=O,True,fruity;ketonic;fermented
MOL_002829,Angelic acid,565-63-9,565-63-9,True,True,C/C=C(/C)C(=O)O,C/C=C(/C)C(=O)O,True,spicy;caramellic
MOL_002830,Methylpentanone,565-69-5,565-69-5,True,True,CCC(=O)C(C)C,CCC(=O)C(C)C,True,fruity;ketonic;ethereal;mint
MOL_002831,Diisopropyl ketone,565-80-0,565-80-0,True,True,CC(C)C(=O)C(C)C,CC(C)C(=O)C(C)C,True,ketonic;ethereal;fruity;herbal;cheesy
MOL_002832,Propiosyringone,5650-43-1,5650-43-1,True,True,CCC(=O)c1cc(OC)c(O)c(OC)c1,CCC(=O)c1cc(OC)c(O)c(OC)c1,True,fruity;vanilla;balsamic;floral;sweet
MOL_002833,Dimethoxybenzyl alcohol,5653-67-8,5653-67-8,True,True,COc1cccc(CO)c1OC,COc1cccc(CO)c1OC,True,fruity;vanilla;anisic;aromatic;sweet
MOL_002834,Bornyl acetate,5655-61-8,5655-61-8,True,True,CC(=O)O[C@@H]1C[C@@H]2CC[C@@]1(C)C2(C)C,CC(=O)O[C@@H]1C[C@@H]2CC[C@@]1(C)C2(C)C,True,pine;balsamic;sweet;herbal
MOL_002835,Octadecenal,56554-87-1,56554-87-1,True,True,CCCCCCCCCCCCCCCC=CC=O,CCCCCCCCCCCCCCCC=CC=O,True,fatty
MOL_002836,(E)-5-decen-1-ol,56578-18-8,56578-18-8,True,True,OCCCC/C=C/CCCC,CCCC/C=C/CCCCO,True,waxy;floral;rose
MOL_002837,Cinnamaldehyde ethylene glycol acetal,5660-60-6,5660-60-6,True,True,C(=C/C1OCCO1)\c1ccccc1,C(=C/C1OCCO1)\c1ccccc1,True,cinnamon;spicy;sweet
MOL_002838,Trimethylphenylbutenone,56681-06-2,56681-06-2,True,True,C=C(C)C(=O)C(C)(C)c1ccccc1,C=C(C)C(=O)C(C)(C)c1ccccc1,True,fruity;floral
MOL_002839,Acetaldehyde di-isobutyl acetal,5669-09-0,5669-09-0,True,True,CC(C)COC(C)OCC(C)C,CC(C)COC(C)OCC(C)C,True,green;fermented;alcoholic;ethereal
MOL_002840,Nonadiene,56700-78-8,56700-78-8,True,True,C=CC=CCCCCC,C=CC=CCCCCC,True,gasoline
MOL_002841,Undecadienol,56722-23-7,56722-23-7,True,True,CCCCCCCC=CC=CO,CCCCCCCC=CC=CO,True,green;mushroom;herbal
MOL_002842,caryophyllene alcohol,56747-96-7,56747-96-7,True,True,CC1(CC2C3CCCC(C2C1)(C3O)C)C,CC1(C)CC2C3CCCC(C)(C3O)C2C1,True,spicy;musty;earthy;balsamic
MOL_002843,Octadienal,56767-18-1,56767-18-1,True,True,C/C=C/CC/C=C/C=O,C/C=C/CC/C=C/C=O,True,green;fatty;vegetable
MOL_002844,"(Z,Z,Z)-8,11,14-heptadecatrienal",56797-44-5,56797-44-5,True,True,CC/C=C\C/C=C\C/C=C\CCCCCCC=O,CC/C=C\C/C=C\C/C=C\CCCCCCC=O,True,fishy
MOL_002845,Nonadienol,56805-23-3,56805-23-3,True,True,CC/C=C\C/C=C/CCO,CC/C=C\C/C=C/CCO,True,apple;green;fatty;banana;vegetable;cucumber
MOL_002846,muguet butanol,56836-93-2,56836-93-2,True,True,CC(CC1=CC=CC=C1)C(C)O,CC(O)C(C)Cc1ccccc1,True,floral;green;rose;mint
MOL_002847,Hexenyl valerate,56922-74-8,56922-74-8,True,True,CCC/C=C/COC(=O)CCCC,CCC/C=C/COC(=O)CCCC,True,apple;green;fruity;pear;waxy;cognac;pineapple;winey
MOL_002848,Hexenyl acetate,56922-75-9,56922-75-9,True,True,CCC/C=C\COC(C)=O,CCC/C=C\COC(C)=O,True,green;fruity;tropical
MOL_002849,Hexenyl hexanoate,56922-79-3,56922-79-3,True,True,CCC/C=C\COC(=O)CCCCC,CCC/C=C\COC(=O)CCCCC,True,green;fruity;apple;pear
MOL_002850,Hexenyl hexanoate,56922-82-8,56922-82-8,True,True,CC/C=C/CCOC(=O)CCCCC,CC/C=C/CCOC(=O)CCCCC,True,apple;green;fruity;fatty;pear
MOL_002851,Citral glyceryl acetal(s),5694-82-6,5694-82-6,True,True,CC(C)=CCC/C(C)=C/C1OCC(CO)O1,CC(C)=CCC/C(C)=C/C1OCC(CO)O1,True,lemon
MOL_002852,Styrallyl isovalerate,56961-73-0,56961-73-0,True,True,CC(C)CC(=O)OC(C)c1ccccc1,CC(C)CC(=O)OC(C)c1ccccc1,True,fruity;jasmine;herbal;floral
MOL_002853,galbascone (IFF),56973-85-4,56973-85-4,True,True,CC1(CCC=C(C1)C(=O)CCC=C)C,C=CCCC(=O)C1=CCCC(C)(C)C1,True,fresh;green;earthy;pineapple;floral;fruity
MOL_002854,dimethyl cyclohexyl 3-butenyl ketone,56973-87-6,56973-87-6,True,True,CC1(CCCC(C1)C(=O)CCC=C)C,C=CCCC(=O)C1CCCC(C)(C)C1,True,green;fruity;pineapple;herbal;balsamic;pine
MOL_002855,Allyl isothiocyanate,57-06-7,57-06-7,True,True,C=CCN=C=S,C=CCN=C=S,True,pungent
MOL_002856,Palmitic acid,57-10-3,57-10-3,True,True,CCCCCCCCCCCCCCCC(=O)O,CCCCCCCCCCCCCCCC(=O)O,True,odorless
MOL_002857,Stearic acid,57-11-4,57-11-4,True,True,CCCCCCCCCCCCCCCCCC(=O)O,CCCCCCCCCCCCCCCCCC(=O)O,True,odorless
MOL_002858,Fructose,57-48-7,57-48-7,True,True,O=C(CO)[C@@H](O)[C@H](O)[C@H](O)CO,O=C(CO)[C@@H](O)[C@H](O)[C@H](O)CO,True,sweet
MOL_002859,"Sucrose, Cane sugar, Beet sugar",57-50-1,57-50-1,True,True,OC[C@H]1O[C@H](O[C@]2(CO)O[C@H](CO)[C@@H](O)[C@@H]2O)[C@H](O)[C@@H](O)[C@@H]1O,OC[C@H]1O[C@@](CO)(O[C@H]2O[C@H](CO)[C@@H](O)[C@H](O)[C@H]2O)[C@@H](O)[C@@H]1O,True,sweet
MOL_002860,Propylene glycol,57-55-6,57-55-6,True,True,CC(O)CO,CC(O)CO,True,odorless
MOL_002861,"(E,E)-sorbyl acetate",57006-69-6,57006-69-6,True,True,C/C=C/C=C/COC(=O)C,C/C=C/C=C/COC(C)=O,True,fresh;green;oily;herbal;vegetable
MOL_002862,Acetaldehyde butyl ethyl acetal,57006-87-8,57006-87-8,True,True,CCCCOC(C)OCC,CCCCOC(C)OCC,True,alcoholic;ethereal;green;fruity;cognac
MOL_002863,Nonatrienal,57018-53-8,57018-53-8,True,True,CCC=CC=CC=CC=O,CCC=CC=CC=CC=O,True,sweet
MOL_002864,Methoxyphenylacetaldehyde,5703-26-4,5703-26-4,True,True,COc1ccc(CC=O)cc1,COc1ccc(CC=O)cc1,True,spicy;green;floral;sweet
MOL_002865,Hydroxypentanone,5704-20-1,5704-20-1,True,True,CCCC(=O)CO,CCCC(=O)CO,True,hay;buttery
MOL_002866,Dehydrodihydroionol,57069-86-0,57069-86-0,True,True,CC1=C(CCC(C)O)C(C)(C)CC=C1,CC1=C(CCC(C)O)C(C)(C)CC=C1,True,leathery;green;musk;orris
MOL_002867,Decenol,57074-37-0,57074-37-0,True,True,CCCCC/C=C/CCCO,CCCCC/C=C/CCCO,True,fruity;fatty;earthy;melon;waxy;herbal;cucumber
MOL_002868,Caryophyllene alcohol acetate,57082-24-3,57082-24-3,True,True,CC(=O)OC12CCCC(C)(CCC3C1CC3(C)C)C2,CC(=O)OC12CCCC(C)(CCC3C1CC3(C)C)C2,True,woody;fruity
MOL_002869,Methyltetrahydrofuranthiol,57124-87-5,57124-87-5,True,True,CC1OCCC1S,CC1OCCC1S,True,roasted;meaty;savory;chicken;beefy
MOL_002870,(Z)-cinnamaldehyde,57194-69-1,57194-69-1,True,True,C1=CC=C(C=C1)/C=C\C=O,O=C/C=C\c1ccccc1,True,spicy;cinnamon
MOL_002871,Pyrroline,5724-81-2,5724-81-2,True,True,C1=NCCC1,C1=NCCC1,True,meaty;fishy;cheesy;buttery
MOL_002872,4-butyl-5-methyl thiazole,57246-60-3,57246-60-3,True,True,CCCCC1=C(SC=N1)C,CCCCc1ncsc1C,True,green;vegetable
MOL_002873,amber oxepin,57345-19-4,57345-19-4,True,True,CC1(CCCC2(C1CCC34C2CCC(O3)(OC4)C)C)C,CC12CCC3C(CCC4C(C)(C)CCCC43C)(CO1)O2,True,dry;balsamic;orris;woody;musk
MOL_002874,Butoxybenzaldehyde,5736-88-9,5736-88-9,True,True,CCCCOc1ccc(C=O)cc1,CCCCOc1ccc(C=O)cc1,True,anisic;floral;sweet;herbal
MOL_002875,Benzyl eugenol,57371-42-3,57371-42-3,True,True,C=CCc1ccc(OCc2ccccc2)c(OC)c1,C=CCc1ccc(OCc2ccccc2)c(OC)c1,True,spicy;hay;warm
MOL_002876,Damascone,57378-68-4,57378-68-4,True,True,C/C=C/C(=O)C1C(C)C=CCC1(C)C,C/C=C/C(=O)C1C(C)C=CCC1(C)C,True,black currant;fruity;rose
MOL_002877,Butyl octenoate,57403-32-4,57403-32-4,True,True,CCCCC/C=C\C(=O)OCCCC,CCCCC/C=C\C(=O)OCCCC,True,green;oily;fruity;pear
MOL_002878,(E)-trimethyl phenyl butenone,57461-21-9,57461-21-9,True,True,CC1=C(C(=C(C=C1)C)/C=C/C(=O)C)C,CC(=O)/C=C/c1c(C)ccc(C)c1C,True,floral;green
MOL_002879,Methyl furfuryl disulfide,57500-00-2,57500-00-2,True,True,CSSCc1ccco1,CSSCc1ccco1,True,meaty;roasted;onion;coffee;bread
MOL_002880,Dimethyl tetrasulfide,5756-24-1,5756-24-1,True,True,CSSSSC,CSSSSC,True,meaty;garlic;savory;onion;sulfurous;pungent
MOL_002881,Isopulegyl acetate,57576-09-7,57576-09-7,True,True,C=C(C)[C@@H]1CC[C@@H](C)C[C@H]1OC(C)=O,C=C(C)[C@@H]1CC[C@@H](C)C[C@H]1OC(C)=O,True,green;fruity;mint
MOL_002882,Ethyl ethoxycrotonate,57592-45-7,57592-45-7,True,True,C/C=C(\OCC)C(=O)OCC,C/C=C(\OCC)C(=O)OCC,True,fruity;chamomile;apple;caramellic
MOL_002883,Acetylindole,576-15-8,576-15-8,True,True,CC(=O)n1ccc2ccccc21,CC(=O)n1ccc2ccccc21,True,balsamic;jasmine
MOL_002884,Xylenol,576-26-1,576-26-1,True,True,Cc1cccc(C)c1O,Cc1cccc(C)c1O,True,phenolic;smoky;sharp;sweet
MOL_002885,Methyl undecenoate,5760-50-9,5760-50-9,True,True,C/C=C/CCCCCCCC(=O)OC,C/C=C/CCCCCCCC(=O)OC,True,green;fatty;musty;cognac
MOL_002886,leather propionate,5764-85-2,5764-85-2,True,True,CCOC(=O)CC(C1=CC=CC=C1)O,CCOC(=O)CC(O)c1ccccc1,True,fruity;leathery;strawberry;dry;hay;animal
MOL_002887,Propylfuranone,57681-53-5,57681-53-5,True,True,CCCC1C=CC(=O)O1,CCCC1C=CC(=O)O1,True,hay;nutty;coconut;sweet;buttery
MOL_002888,Methylacetophenone,577-16-2,577-16-2,True,True,CC(=O)c1ccccc1C,CC(=O)c1ccccc1C,True,hay;sweet;almond;aromatic;coumarinic
MOL_002889,Ethyl hydroxybenzyl ether,57726-26-8,57726-26-8,True,True,CCOCc1ccc(O)cc1,CCOCc1ccc(O)cc1,True,animal;phenolic;aromatic;floral;sweet
MOL_002890,wine lactone,57743-63-2,57743-63-2,True,True,CC1C2CCC(=CC2OC1=O)C,CC1=CC2OC(=O)C(C)C2CC1,True,sweet;spicy;woody
MOL_002891,Methylanisole,578-58-5,578-58-5,True,True,COc1ccccc1C,COc1ccccc1C,True,earthy;camphoreous
MOL_002892,Allyl decanoate,57856-81-2,57856-81-2,True,True,C=CCOC(=O)CCCCCCCCC,C=CCOC(=O)CCCCCCCCC,True,fruity;winey;sweet;pineapple
MOL_002893,Acetoxydihydrotheaspirane,57893-27-3,57893-27-3,True,True,CC(=O)OC1(C)CCCC(C)(C)C12CCC(C)O2,CC(=O)OC1(C)CCCC(C)(C)C12CCC(C)O2,True,fruity;woody;floral
MOL_002894,Phenylpropanedione,579-07-7,579-07-7,True,True,CC(=O)C(=O)c1ccccc1,CC(=O)C(=O)c1ccccc1,True,creamy;spicy;dairy;sweet;buttery
MOL_002895,Methoxypropenyphenol,579-60-2,579-60-2,True,True,C=CCc1cccc(OC)c1O,C=CCc1cccc(OC)c1O,True,phenolic;spicy;sweet;smoky
MOL_002896,Methoxyacetophenone,579-74-8,579-74-8,True,True,COc1ccccc1C(C)=O,COc1ccccc1C(C)=O,True,earthy;phenolic;medicinal;musty;sweet
MOL_002897,Methoxybenzoic acid,579-75-9,579-75-9,True,True,COc1ccccc1C(=O)O,COc1ccccc1C(=O)O,True,odorless
MOL_002898,Benzoylanthranilic acid,579-93-1,579-93-1,True,True,O=C(Nc1ccccc1C(=O)O)c1ccccc1,O=C(Nc1ccccc1C(=O)O)c1ccccc1,True,fruity
MOL_002899,(+)-camphene,5794-03-6,5794-03-6,True,True,CC1([C@@H]2CC[C@@H](C2)C1=C)C,C=C1[C@H]2CC[C@H](C2)C1(C)C,True,fresh;herbal;woody;pine;camphoreous
MOL_002900,(-)-camphene,5794-04-7,5794-04-7,True,True,CC1([C@H]2CC[C@H](C2)C1=C)C,C=C1[C@@H]2CC[C@@H](C2)C1(C)C,True,fresh;woody;pine
MOL_002901,Phenethyl nonanoate,57943-67-6,57943-67-6,True,True,CCCCCCCCC(=O)OCCc1ccccc1,CCCCCCCCC(=O)OCCc1ccccc1,True,rose;oily;herbal;waxy;sweet
MOL_002902,Caffeine,58-08-2,58-08-2,True,True,Cn1c(=O)c2c(ncn2C)n(C)c1=O,Cn1c(=O)c2c(ncn2C)n(C)c1=O,True,odorless
MOL_002903,dextro-xylose,58-86-6,58-86-6,True,True,C1[C@H]([C@@H]([C@H]([C@H](O1)O)O)O)O,O[C@@H]1[C@@H](O)[C@@H](O)OC[C@H]1O,True,smoky;woody;sweet;caramellic
MOL_002904,Furfurylthiopropanone,58066-86-7,58066-86-7,True,True,CC(=O)CSCc1ccco1,CC(=O)CSCc1ccco1,True,burnt;coffee;cabbage
MOL_002905,caryophyllene formate,58096-46-1,58096-46-1,True,True,CC1(CC2C1CCC3(CCCC2(C3)OC=O)C)C,CC12CCCC(OC=O)(C1)C1CC(C)(C)C1CC2,True,woody;spicy;camphoreous
MOL_002906,Methylional,58102-02-6,58102-02-6,True,True,CC1=CCCC(C)(C)C1/C=C\C(C)C=O,CC1=CCCC(C)(C)C1/C=C\C(C)C=O,True,woody;orris
MOL_002907,Tolualdehyde propylene glycol acetal,58244-29-4,58244-29-4,True,True,Cc1ccc(C2OCC(C)O2)cc1,Cc1ccc(C2OCC(C)O2)cc1,True,almond;aromatic;cherry
MOL_002908,8-undecenal,58296-81-4,58296-81-4,True,True,CCC=CCCCCCCC=O,CCC=CCCCCCCC=O,True,aldehydic;waxy
MOL_002909,Allyl benzoate,583-04-0,583-04-0,True,True,C=CCOC(=O)c1ccccc1,C=CCOC(=O)c1ccccc1,True,fruity;cherry;floral;berry
MOL_002910,Butyl furoate,583-33-5,583-33-5,True,True,CCCCOC(=O)c1ccco1,CCCCOC(=O)c1ccco1,True,fruity;caramellic
MOL_002911,Methylcyclohexanone,583-60-8,583-60-8,True,True,CC1CCCCC1=O,CC1CCCCC1=O,True,ketonic;earthy;almond;mint
MOL_002912,Dimethylpyridine,583-61-9,583-61-9,True,True,Cc1cccnc1C,Cc1cccnc1C,True,roasted
MOL_002913,Methylthiooxobutanoic acid,583-92-6,583-92-6,True,True,CSCCC(=O)C(=O)O,CSCCC(=O)C(=O)O,True,sulfurous;cheesy
MOL_002914,Methylthiophenecarboxaldehyde,5834-16-2,5834-16-2,True,True,Cc1ccsc1C=O,Cc1ccsc1C=O,True,savory;beefy;sweet
MOL_002915,Ethyl tiglate,5837-78-5,5837-78-5,True,True,C/C=C(\C)C(=O)OCC,C/C=C(\C)C(=O)OCC,True,fruity;caramellic
MOL_002916,Pentanol,584-02-1,584-02-1,True,True,CCC(O)CC,CCC(O)CC,True,fermented;fruity;ethereal
MOL_002917,Trimethylhexyl acetate,58430-94-7,58430-94-7,True,True,CC(=O)OCCC(C)CC(C)(C)C,CC(=O)OCCC(C)CC(C)(C)C,True,fruity;orris;woody
MOL_002918,lavandulol,58461-27-1,58461-27-1,True,True,CC(=CCC(CO)C(=C)C)C,C=C(C)C(CO)CC=C(C)C,True,floral;waxy;herbal
MOL_002919,Ethyloctanal,58475-04-0,58475-04-0,True,True,CCCCCCC(C=O)CC,CCCCCCC(C=O)CC,True,orange
MOL_002920,Isobornyl butyrate,58479-55-3,58479-55-3,True,True,CCCC(=O)OC1CC2(C)CC[C@@H]1C2(C)C,CCCC(=O)OC1CC2(C)CC[C@@H]1C2(C)C,True,pine;fruity;warm;herbal;woody
MOL_002921,Isobutyl lactate,585-24-0,585-24-0,True,True,CC(C)COC(=O)C(C)O,CC(C)COC(=O)C(C)O,True,fruity;caramellic;buttery
MOL_002922,Octandione,585-25-1,585-25-1,True,True,CCCCCC(=O)C(C)=O,CCCCCC(=O)C(C)=O,True,creamy;fatty;buttery;sweet;cheesy
MOL_002923,Butylphenol,585-34-2,585-34-2,True,True,CC(C)(C)c1cccc(O)c1,CC(C)(C)c1cccc(O)c1,True,spicy;leathery;phenolic
MOL_002924,amber decane,58567-11-6,58567-11-6,True,True,CCOCOC1CCCCCCCCCCC1,CCOCOC1CCCCCCCCCCC1,True,woody;musk;dry;musty;balsamic
MOL_002925,Terpinolene,586-62-9,586-62-9,True,True,CC1=CCC(=C(C)C)CC1,CC1=CCC(=C(C)C)CC1,True,anisic;pine;sweet;citrus
MOL_002926,gamma-terpineol,586-81-2,586-81-2,True,True,CC(=C1CCC(CC1)(C)O)C,CC(C)=C1CCC(C)(O)CC1,True,pine;floral
MOL_002927,Terpinenol,586-82-3,586-82-3,True,True,CC(C)C1=CCC(C)(O)CC1,CC(C)C1=CCC(C)(O)CC1,True,woody;musty;pine;dry
MOL_002928,isobutyl citral,58605-97-3,58605-97-3,True,True,CC(C)CC(=CCCC(=CC=O)C)C,CC(=CC=O)CCC=C(C)CC(C)C,True,fruity;aldehydic;waxy;floral
MOL_002929,Methylthioethyl acetate,5862-47-5,5862-47-5,True,True,CSCCOC(C)=O,CSCCOC(C)=O,True,fruity;tropical;sulfurous
MOL_002930,Hexyl methylpentenoate,58625-95-9,58625-95-9,True,True,C/C=C/C(C)C(=O)OCCCCCC,C/C=C/C(C)C(=O)OCCCCCC,True,green;fruity;melon;pear;grape;berry
MOL_002931,ethyl 2-methyl-2-pentenoate,58625-96-0,58625-96-0,True,True,CCC=C(C)C(=O)OCC,CCC=C(C)C(=O)OCC,True,sweet;berry;rum;fruity
MOL_002932,Ethyl methylpentanoate,5870-68-8,5870-68-8,True,True,CCOC(=O)CC(C)CC,CCOC(=O)CC(C)CC,True,fruity;pineapple
MOL_002933,Heptyl butyrate,5870-93-9,5870-93-9,True,True,CCCCCCCOC(=O)CCC,CCCCCCCOC(=O)CCC,True,green;fruity;tropical;fresh;tea;chamomile;sweet
MOL_002934,Benzyl butyl ether,588-67-0,588-67-0,True,True,CCCCOCc1ccccc1,CCCCOCc1ccccc1,True,rose;fruity;sharp;floral;sweet
MOL_002935,Methylthiopropionic acid,58809-73-7,58809-73-7,True,True,CSC(C)C(=O)O,CSC(C)C(=O)O,True,green;fruity;tropical;sulfurous;cheesy
MOL_002936,4-ethyl veratrole,5888-51-7,5888-51-7,True,True,CCC1=CC(=C(C=C1)OC)OC,CCc1ccc(OC)c(OC)c1,True,musty;earthy
MOL_002937,Methylbenzyl alcohol,589-18-4,589-18-4,True,True,Cc1ccc(CO)cc1,Cc1ccc(CO)cc1,True,rose;green;leafy;balsamic;sweet
MOL_002938,Methylhexane,589-34-4,589-34-4,True,True,CCCC(C)CC,CCCC(C)CC,True,gasoline
MOL_002939,Methylpentanol,589-35-5,589-35-5,True,True,CCC(C)CCO,CCC(C)CCO,True,green;fruity;cognac;winey
MOL_002940,Hexanone,589-38-8,589-38-8,True,True,CCCC(=O)CC,CCCC(=O)CC,True,grape;winey;ethereal
MOL_002941,Butyl formate,589-40-2,589-40-2,True,True,CCC(C)OC=O,CCC(C)OC=O,True,fruity;fresh;rum
MOL_002942,Dimethylhexane,589-43-5,589-43-5,True,True,CCC(C)CC(C)C,CCC(C)CC(C)C,True,gasoline
MOL_002943,Heptanol,589-55-9,589-55-9,True,True,CCCC(O)CCC,CCCC(O)CCC,True,alcoholic;green;fruity;pungent
MOL_002944,Isobutyl isovalerate,589-59-3,589-59-3,True,True,CC(C)COC(=O)CC(C)C,CC(C)COC(=O)CC(C)C,True,fruity;apple
MOL_002945,Isobutyl butenoate,589-66-2,589-66-2,True,True,C/C=C\C(=O)OCC(C)C,C/C=C\C(=O)OCC(C)C,True,fruity;apple;pineapple;rum
MOL_002946,Butyl octanoate,589-75-3,589-75-3,True,True,CCCCCCCC(=O)OCCCC,CCCCCCCC(=O)OCCCC,True,green;fruity;floral;oily
MOL_002947,Heptanol,589-82-2,589-82-2,True,True,CCCCC(O)CC,CCCCC(O)CC,True,green;fruity;fermented;herbal;pungent;sweet
MOL_002948,Methylcyclohexanone,589-92-4,589-92-4,True,True,CC1CCC(=O)CC1,CC1CCC(=O)CC1,True,anisic;musty;solvent;mint
MOL_002949,Octanol,589-98-0,589-98-0,True,True,CCCCCC(O)CC,CCCCCC(O)CC,True,earthy;oily;nutty;herbal;mushroom
MOL_002950,Epoxyheptanal,58936-30-4,58936-30-4,True,True,CCCCC1OC1C=O,CCCCC1OC1C=O,True,green;grassy;citrus
MOL_002951,Methyl isoprenyl sulfide,5897-45-0,5897-45-0,True,True,C=C(C)C=CSC,C=C(C)C=CSC,True,garlic
MOL_002952,dihydroterpineol,58985-02-7,58985-02-7,True,True,CC1CCC(CC1)C(C)(C)O,CC1CCC(C(C)(C)O)CC1,True,pine;citrus;floral
MOL_002953,Dihydroterpinyl acetate,58985-18-5,58985-18-5,True,True,CC(=O)OC(C)(C)C1CCC(C)CC1,CC(=O)OC(C)(C)C1CCC(C)CC1,True,pine;citrus;fruity;fresh;herbal;woody
MOL_002954,Methionine,59-51-8,59-51-8,True,True,CSCCC(N)C(=O)O,CSCCC(N)C(=O)O,True,sulfurous
MOL_002955,Dimercaptopropanol,59-52-9,59-52-9,True,True,OCC(S)CS,OCC(S)CS,True,sulfurous
MOL_002956,Potassium sorbate,590-00-1,590-00-1,True,True,C/C=C/C=C/C(=O)O,C/C=C/C=C/C(=O)O,True,odorless
MOL_002957,Butyl propionate,590-01-2,590-01-2,True,True,CCCCOC(=O)CC,CCCCOC(=O)CC,True,apricot;ethereal;fruity;banana;rum
MOL_002958,Methylpentanol,590-36-3,590-36-3,True,True,CCCC(C)(C)O,CCCC(C)(C)O,True,alcoholic;solvent;fermented;camphoreous;mint
MOL_002959,Dimethylhexane,590-73-8,590-73-8,True,True,CCCCC(C)(C)C,CCCCC(C)(C)C,True,gasoline
MOL_002960,Methylbutyraldehyde,590-86-3,590-86-3,True,True,CC(C)CC=O,CC(C)CC=O,True,green;fruity;cocoa;pungent;cheesy
MOL_002961,Hydroxybutanone,590-90-9,590-90-9,True,True,CC(=O)CCO,CC(=O)CCO,True,milky;caramellic;sweet
MOL_002962,Methional propylene glycol acetal,59007-89-5,59007-89-5,True,True,CSCCC1OCC(C)O1,CSCCC1OCC(C)O1,True,sulfurous;potato;cheesy
MOL_002963,Furfuryl butenoate,59020-84-7,59020-84-7,True,True,CC=CC(=O)OCc1ccco1,CC=CC(=O)OCc1ccco1,True,earthy;mushroom
MOL_002964,Furfuryl thiopropionate,59020-85-8,59020-85-8,True,True,CCC(=O)SCc1ccco1,CCC(=O)SCc1ccco1,True,alliaceous;coffee;savory
MOL_002965,Furanmethanethiol formate,59020-90-5,59020-90-5,True,True,O=CSCc1ccco1,O=CSCc1ccco1,True,coffee
MOL_002966,Mercaptomethylpyrazine,59021-02-2,59021-02-2,True,True,SCc1cnccn1,SCc1cnccn1,True,sulfurous;roasted;cabbage
MOL_002967,Propenyl propyl disulfide,5905-46-4,5905-46-4,True,True,C/C=C/SSCCC,C/C=C/SSCCC,True,onion;nutty;savory
MOL_002968,Methyl propenyl disulfide,5905-47-5,5905-47-5,True,True,C/C=C/SSC,C/C=C/SSC,True,onion;fresh;pungent
MOL_002969,Cyclododecyl formate,59052-82-3,59052-82-3,True,True,O=COC1CCCCCCCCCCC1,O=COC1CCCCCCCCCCC1,True,woody;fruity;camphoreous;floral
MOL_002970,acetoxymethyl isolongifolene,59056-62-1,59056-62-1,True,True,CC(=O)OCC1CCC(C23C14C2CC(C3)C4(C)C)(C)C,CC(=O)OCC1CCC(C)(C)C23CC4CC2C13C4(C)C,True,woody;balsamic;herbal
MOL_002971,hydroxymethyl isolongifolene 50% in dpg,59056-64-3,59056-64-3,True,True,CC1(CCC(C23C14C2CC(C4)C3(C)C)CO)C,CC1(C)CCC(CO)C23C4CC(CC412)C3(C)C,True,warm;woody;balsamic;animal;herbal;dry
MOL_002972,formoxymethyl isolongifolene,59056-70-1,59056-70-1,True,True,CC1(CCC(C23C14C2CC(C4)C3(C)C)COC=O)C,CC1(C)CCC(COC=O)C23C4CC(CC412)C3(C)C,True,woody;balsamic;herbal;dry
MOL_002973,Angelica lactone,591-11-7,591-11-7,True,True,CC1C=CC(=O)O1,CC1C=CC(=O)O1,True,tobacco;nutty;coumarinic;herbal;sweet
MOL_002974,Angelica lactone,591-12-8,591-12-8,True,True,CC1=CCC(=O)O1,CC1=CCC(=O)O1,True,tobacco;sweet;bread;coumarinic
MOL_002975,Dimethylpyridine,591-22-0,591-22-0,True,True,Cc1cncc(C)c1,Cc1cncc(C)c1,True,green;fatty
MOL_002976,3-methyl cyclohexanol,591-23-1,591-23-1,True,True,CC1CCCC(C1)O,CC1CCCC(O)C1,True,dry;solvent;musty;rum;alcoholic;fruity
MOL_002977,Methylcyclohexanone,591-24-2,591-24-2,True,True,CC1CCCC(=O)C1,CC1CCCC(=O)C1,True,ketonic;mint;solvent;ethereal;fresh
MOL_002978,Methoxybenzaldehyde,591-31-1,591-31-1,True,True,COc1cccc(C=O)c1,COc1cccc(C=O)c1,True,spicy;cinnamon;anisic;floral;sweet
MOL_002979,1-methyl cyclohexene,591-49-1,591-49-1,True,True,CC1=CCCCC1,CC1=CCCCC1,True,citrus
MOL_002980,Butyl acetoacetate,591-60-6,591-60-6,True,True,CCCCOC(=O)CC(C)=O,CCCCOC(=O)CC(C)=O,True,fruity;fermented;winey;sweet;brandy
MOL_002981,Butyl butenoate,591-63-9,591-63-9,True,True,CC=CC(=O)OCCCC,CC=CC(=O)OCCCC,True,apple;green;fruity;cognac;herbal;pineapple;rum
MOL_002982,Butyl valerate,591-68-4,591-68-4,True,True,CCCCOC(=O)CCCC,CCCCOC(=O)CCCC,True,fruity;ethereal
MOL_002983,Hexanone,591-78-6,591-78-6,True,True,CCCCC(C)=O,CCCCC(C)=O,True,ketonic;fruity;dairy;cheesy
MOL_002984,Pentenoic acid,591-80-0,591-80-0,True,True,C=CCCC(=O)O,C=CCCC(=O)O,True,caramellic;sour;cheesy
MOL_002985,Isobutyl isothiocyanate,591-82-2,591-82-2,True,True,CC(C)CN=C=S,CC(C)CN=C=S,True,horseradish;pungent;sweet
MOL_002986,Allyl acetate,591-87-7,591-87-7,True,True,C=CCOC(C)=O,C=CCOC(C)=O,True,ethereal;fruity;anisic;winey;pungent;rum
MOL_002987,"2,4-heptadienal",5910-85-0,5910-85-0,True,True,CCC=CC=CC=O,CCC=CC=CC=O,True,green;pungent;fruity;spicy
MOL_002988,"(E,E)-2,4-nonadienal",5910-87-2,5910-87-2,True,True,CCCC/C=C/C=C/C=O,CCCC/C=C/C=C/C=O,True,fatty;melon;waxy;green;leafy;cucumber;tropical;chicken
MOL_002989,Dimethylpyrazine,5910-89-4,5910-89-4,True,True,Cc1nccnc1C,Cc1nccnc1C,True,caramellic;meaty;green;nutty;cocoa;coffee;potato
MOL_002990,(Z)-isoeugenol,5912-86-7,5912-86-7,True,True,C\C=C/C1=CC(=C(C=C1)O)OC,C/C=C\c1ccc(O)c(OC)c1,True,spicy
MOL_002991,(E)-isoeugenyl acetate,5912-87-8,5912-87-8,True,True,C/C=C/C1=CC(=C(C=C1)OC(=O)C)OC,C/C=C/c1ccc(OC(C)=O)c(OC)c1,True,spicy
MOL_002992,5-(methyl thio) valeronitrile,59121-25-4,59121-25-4,True,True,CSCCCCC#N,CSCCCCC#N,True,vegetable;cabbage
MOL_002993,autumn carboxylate,59151-19-8,59151-19-8,True,True,CCCCCC1CC(=O)C=C(C1C(=O)OCC)C,CCCCCC1CC(=O)C=C(C)C1C(=O)OCC,True,sweet;anisic;floral;fresh;jasmine
MOL_002994,Acetaldehyde ethyl amyl acetal,59184-43-9,59184-43-9,True,True,CCCCCOC(C)OCC,CCCCCOC(C)OCC,True,alcoholic;ethereal;green;cognac;pungent
MOL_002995,Hydroxymethyloctanone,59191-78-5,59191-78-5,True,True,CCCCCC(CO)C(C)=O,CCCCCC(CO)C(C)=O,True,earthy;musty;sweet;herbal
MOL_002996,Acetonyl acetate,592-20-1,592-20-1,True,True,CC(=O)COC(C)=O,CC(=O)COC(C)=O,True,caramellic;sour;fruity;fermented;buttery
MOL_002997,Butyl isothiocyanate,592-82-5,592-82-5,True,True,CCCCN=C=S,CCCCN=C=S,True,radish;green;cabbage;vegetable;pungent
MOL_002998,Butyl formate,592-84-7,592-84-7,True,True,CCCCOC=O,CCCCOC=O,True,rum;ethereal;plum
MOL_002999,Allyl sulfide,592-88-1,592-88-1,True,True,C=CCSCC=C,C=CCSCC=C,True,garlic;pungent;sweet;horseradish
MOL_003000,Octene,592-98-3,592-98-3,True,True,CC/C=C/CCCC,CC/C=C/CCCC,True,gasoline
MOL_003001,Octene,592-99-4,592-99-4,True,True,CCC/C=C/CCC,CCC/C=C/CCC,True,gasoline
MOL_003002,Heptyl acetate,5921-82-4,5921-82-4,True,True,CCCCCC(C)OC(C)=O,CCCCCC(C)OC(C)=O,True,green;banana;fruity;melon;pear
MOL_003003,Heptyl acetate,5921-83-5,5921-83-5,True,True,CCCCC(CC)OC(C)=O,CCCCC(CC)OC(C)=O,True,rose;green;fruity;herbal;floral
MOL_003004,Cuminyl acetate,59230-57-8,59230-57-8,True,True,CC(=O)OCc1ccc(C(C)C)cc1,CC(=O)OCc1ccc(C(C)C)cc1,True,fruity;fresh;herbal;sweet
MOL_003005,Methyl benzothioate,5925-68-8,5925-68-8,True,True,CSC(=O)c1ccccc1,CSC(=O)c1ccccc1,True,fruity;milky;fermented;sulfurous;cheesy
MOL_003006,Methyl propanethioate,5925-75-7,5925-75-7,True,True,O=C(CSCc1nc2ccccc2[nH]1)Nc1ccc2ccccc2c1,O=C(CSCc1nc2ccccc2[nH]1)Nc1ccc2ccccc2c1,True,ripe;fruity;tropical;cabbage;dairy;cheesy
MOL_003007,laevo-menthyl lactate,59259-38-0,59259-38-0,True,True,C[C@@H]1CC[C@H]([C@@H](C1)OC(=O)C(C)O)C(C)C,CC(O)C(=O)O[C@@H]1C[C@H](C)CC[C@H]1C(C)C,True,mint
MOL_003008,(S)-delta-decalactone,59285-67-5,59285-67-5,True,True,O=C1O[C@@H](CCCCC)CCC1,CCCCC[C@H]1CCCC(=O)O1,True,sweet;fruity;peach;fatty;buttery
MOL_003009,Tridecanone,593-08-8,593-08-8,True,True,CCCCCCCCCCCC(C)=O,CCCCCCCCCCCC(C)=O,True,milky;spicy;herbal
MOL_003010,Octadecane,593-45-3,593-45-3,True,True,CCCCCCCCCCCCCCCCCC,CCCCCCCCCCCCCCCCCC,True,waxy;gasoline
MOL_003011,Methylfuranmethanethiol,59303-05-8,59303-05-8,True,True,Cc1ccoc1CS,Cc1ccoc1CS,True,sulfurous;coffee;roasted
MOL_003012,Methylfurfurylthiopyrazine,59303-08-1,59303-08-1,True,True,Cc1cnc(SCc2ccco2)cn1,Cc1cnc(SCc2ccco2)cn1,True,meaty;coffee;roasted
MOL_003013,Methylfurfurylthiopyrazine,59303-09-2,59303-09-2,True,True,Cc1cncc(SCc2ccco2)n1,Cc1cncc(SCc2ccco2)n1,True,meaty;coffee;roasted
MOL_003014,(E)-isoeugenol,5932-68-3,5932-68-3,True,True,C\C=C\C1=CC(=C(C=C1)O)OC,C/C=C/c1ccc(O)c(OC)c1,True,sweet;spicy;floral;phenolic
MOL_003015,cis-galbanum oxathiane,59323-76-1,59323-76-1,True,True,O1CC[C@@H](S[C@@H]1C)CCC,CCC[C@H]1CCO[C@@H](C)S1,True,sulfurous;green;fruity;tropical;pineapple;onion
MOL_003016,"(±)-(Z+E)-2-pentyl-4-propyl-1,3-oxathiane",59323-81-8,59323-81-8,True,True,CCCC1CCOC(CCCCC)S1,CCCCCC1OCCC(CCC)S1,True,fruity;alliaceous
MOL_003017,Methylpropyloxathiane,59324-17-3,59324-17-3,True,True,CCC[C@@H]1CCO[C@@H](C)S1,CCC[C@@H]1CCO[C@@H](C)S1,True,green;fruity;sulfurous
MOL_003018,Amyl decanoate,5933-87-9,5933-87-9,True,True,CCCCCCCCCC(=O)OCCCCC,CCCCCCCCCC(=O)OCCCCC,True,oily;fatty;brandy;rum
MOL_003019,Dimethylphenethyl isobutyrate,59354-71-1,59354-71-1,True,True,CC(C)C(=O)OC(C)(C)Cc1ccccc1,CC(C)C(=O)OC(C)(C)Cc1ccccc1,True,fruity;fresh;aromatic;floral
MOL_003020,T-cadinol,5937-11-1,5937-11-1,True,True,CC1=C[C@H]2[C@@H](CC[C@]([C@@H]2CC1)(C)O)C(C)C,CC1=C[C@@H]2[C@@H](CC1)[C@@](C)(O)CC[C@H]2C(C)C,True,balsamic;earthy
MOL_003021,Undecadienol,59376-58-8,59376-58-8,True,True,CCCCCC/C=C\C=C/CO,CCCCCC/C=C\C=C/CO,True,fatty
MOL_003022,Di-sec-butyl disulfide,5943-30-6,5943-30-6,True,True,CC[C@H](C)SS[C@H](C)CC,CC[C@@H](C)SS[C@@H](C)CC,True,vegetable;meaty;green;alliaceous;savory;sulfurous
MOL_003023,Dibutyl trisulfide,5943-31-7,5943-31-7,True,True,CCCCSSSCCCC,CCCCSSSCCCC,True,onion;garlic
MOL_003024,Diisopropyl trisulfide,5943-34-0,5943-34-0,True,True,CC(C)SSSC(C)C,CC(C)SSSC(C)C,True,green;alliaceous;garlic;onion;sulfurous
MOL_003025,Pinocarveol,5947-36-4,5947-36-4,True,True,C=C1C(O)CC2CC1C2(C)C,C=C1C(O)CC2CC1C2(C)C,True,pine;camphoreous;sweet;mint
MOL_003026,tetrahydrocarvone,59471-80-6,59471-80-6,True,True,CC1CCC(CC1=O)C(C)C,CC1CCC(C(C)C)CC1=O,True,mint;herbal
MOL_003027,(S)-(-)-citronellal,5949-05-3,5949-05-3,True,True,C[C@@H](CCC=C(C)C)CC=O,CC(C)=CCC[C@H](C)CC=O,True,fresh;herbal;citrus
MOL_003028,Hexyl acetate,5953-49-1,5953-49-1,True,True,CCCCC(C)OC(C)=O,CCCCC(C)OC(C)=O,True,apple;sour;fruity;pear;sweet
MOL_003029,Menthyl acetoacetate,59557-05-0,59557-05-0,True,True,CC(=O)CC(=O)O[C@H]1C[C@@H](C)CC[C@@H]1C(C)C,CC(=O)CC(=O)O[C@H]1C[C@@H](C)CC[C@@H]1C(C)C,True,fruity;fresh;floral;mint
MOL_003030,Tolyl octanoate,59558-23-5,59558-23-5,True,True,CCCCCCCC(=O)Oc1ccc(C)cc1,CCCCCCCC(=O)Oc1ccc(C)cc1,True,oily;herbal;animal;floral
MOL_003031,Hydroxypropyl valerate,59569-67-4,59569-67-4,True,True,CCCCC(=O)OCC(C)O,CCCCC(=O)OCC(C)O,True,fruity;sweet
MOL_003032,Methylnonanoic acid,5963-14-4,5963-14-4,True,True,CC(C)CCCCCCC(=O)O,CC(C)CCCCCCC(=O)O,True,fatty
MOL_003033,2-pentyl isovalerate,597550-02-2,597550-02-2,True,True,O=C(OC(CCC)C)CC(C)C,CCCC(C)OC(=O)CC(C)C,True,apple;brandy;mint;fruity;metallic
MOL_003034,(R)-(-)-2-octanol,5978-70-1,5978-70-1,True,True,SJWFXCIHNDVPSH-MRVPVSSYSA-N,,False,creamy;cucumber;fatty;sour
MOL_003035,Butenol,598-32-3,598-32-3,True,True,C=CC(C)O,C=CC(C)O,True,green;fermented;gasoline
MOL_003036,Methylbutanol,598-75-4,598-75-4,True,True,CC(C)C(C)O,CC(C)C(C)O,True,alcoholic;solvent;ethereal;fermented
MOL_003037,Methyl dimethylpropionate,598-98-1,598-98-1,True,True,COC(=O)C(C)(C)C,COC(=O)C(C)(C)C,True,fruity;fresh;ethereal
MOL_003038,Ocimenol,5986-38-9,5986-38-9,True,True,C=C/C(C)=C/CCC(C)(C)O,C=C/C(C)=C/CCC(C)(C)O,True,fresh;citrus
MOL_003039,Patchouli alcohol,5986-55-0,5986-55-0,True,True,C[C@H]1CCC2(O)C(C)(C)C3CC[C@@]2(C)C1C3,C[C@H]1CCC2(O)C(C)(C)C3CC[C@@]2(C)C1C3,True,earthy;woody;camphoreous
MOL_003040,Tetrahydrogeranial,5988-91-0,5988-91-0,True,True,CC(C)CCCC(C)CC=O,CC(C)CCCC(C)CC=O,True,green;fresh;citrus
MOL_003041,Limonene,5989-27-5,5989-27-5,True,True,C=C(C)[C@H]1CC=C(C)CC1,C=C(C)[C@H]1CC=C(C)CC1,True,citrus;gasoline;fresh;orange;sweet
MOL_003042,Linalool oxide,5989-33-3,5989-33-3,True,True,C=CC1(C)CCC(C(C)(C)O)O1,C=CC1(C)CCC(C(C)(C)O)O1,True,creamy;earthy;leafy;floral;sweet
MOL_003043,Limonene,5989-54-8,5989-54-8,True,True,C=C(C)[C@@H]1CC=C(C)CC1,C=C(C)[C@@H]1CC=C(C)CC1,True,orange;herbal
MOL_003044,Pantolactone,599-04-2,599-04-2,True,True,CC1(C)COC(=O)C1O,CC1(C)COC(=O)C1O,True,bread;sweet;roasted
MOL_003045,Dithianonencarbonal,59902-01-1,59902-01-1,True,True,CSCC/C=C(/C=O)CSC,CSCC/C=C(/C=O)CSC,True,meaty;cabbage;vegetable;potato;sweet
MOL_003046,Butyrin,60-01-5,60-01-5,True,True,CCCC(=O)OCC(COC(=O)CCC)OC(=O)CCC,CCCC(=O)OCC(COC(=O)CCC)OC(=O)CCC,True,fruity;creamy;sweet;buttery
MOL_003047,Phenethyl alcohol,60-12-8,60-12-8,True,True,OCCc1ccccc1,OCCc1ccccc1,True,floral;rose
MOL_003048,Mercaptoethanol,60-24-2,60-24-2,True,True,OCCS,OCCS,True,chicken;burnt;meaty
MOL_003049,Linoleic acid,60-33-3,60-33-3,True,True,CCCCC/C=C\C/C=C\CCCCCCCC(=O)O,CCCCC/C=C\C/C=C\CCCCCCCC(=O)O,True,oily;fatty
MOL_003050,Pentanedione,600-14-6,600-14-6,True,True,CCC(=O)C(C)=O,CCC(=O)C(C)=O,True,oily;fatty;buttery
MOL_003051,Oxobutyric acid,600-18-0,600-18-0,True,True,CCC(=O)C(=O)O,CCC(=O)C(=O)O,True,creamy;caramellic;fatty;sweet
MOL_003052,Methyl pyruvate,600-22-6,600-22-6,True,True,COC(=O)C(C)=O,COC(=O)C(C)=O,True,spicy;caramellic;fruity;sweet
MOL_003053,Dimethylpentanol,600-36-2,600-36-2,True,True,CC(C)C(O)C(C)C,CC(C)C(O)C(C)C,True,alcoholic;solvent;sweet
MOL_003054,Elemoyl acetate,60031-93-8,60031-93-8,True,True,C=CC1(C)CCC(COC(C)=O)C(C)(C)C1C(=C)C,C=CC1(C)CCC(COC(C)=O)C(C)(C)C1C(=C)C,True,fruity;sweet;citrus
MOL_003055,Phenylpropyl benzoate,60045-26-3,60045-26-3,True,True,O=C(OCCCc1ccccc1)c1ccccc1,O=C(OCCCc1ccccc1)c1ccccc1,True,green;herbal;vegetable;balsamic;sweet
MOL_003056,Phenylpropyl phenylpropionate,60045-27-4,60045-27-4,True,True,O=C(CCc1ccccc1)OCCCc1ccccc1,O=C(CCc1ccccc1)OCCCc1ccccc1,True,balsamic;floral;sweet
MOL_003057,linalool oxide (furanoid),60047-17-8,60047-17-8,True,True,CC1(CCC(O1)C(C)(C)O)C=C,C=CC1(C)CCC(C(C)(C)O)O1,True,musty;camphoreous;herbal;balsamic;pine
MOL_003058,Sinensal,60066-88-8,60066-88-8,True,True,C=CC(=C)CC/C=C(\C)CC/C=C(\C)C=O,C=CC(=C)CC/C=C(\C)CC/C=C(\C)C=O,True,fruity;fresh;waxy;orange;sweet
MOL_003059,Heptyl decanoate,60160-17-0,60160-17-0,True,True,CCCCCCCCCC(=O)OCCCCCCC,CCCCCCCCCC(=O)OCCCCCCC,True,winey;brandy
MOL_003060,"alpha-ethyl-2,2,6-trimethyl cyclohexane propanol",60241-52-3,60241-52-3,True,True,OC(CC)CCC1C(CCCC1(C)C)C,CCC(O)CCC1C(C)CCCC1(C)C,True,woody;musk
MOL_003061,violet propanol,60241-53-4,60241-53-4,True,True,CC1CCCC(C1CC(C)C(C)O)(C)C,CC(O)C(C)CC1C(C)CCCC1(C)C,True,woody;violet;floral;musk
MOL_003062,isomethyl tetrahydroionyl acetate,60241-55-6,60241-55-6,True,True,CC1CCCC(C1CC(C)C(C)OC(=O)C)(C)C,CC(=O)OC(C)C(C)CC1C(C)CCCC1(C)C,True,woody;orris
MOL_003063,Dipropyl trisulfide,6028-61-1,6028-61-1,True,True,CCCSSSCCC,CCCSSSCCC,True,green;onion
MOL_003064,Ethyloctenoic acid,60308-76-1,60308-76-1,True,True,CCCCC(/C=C/C(=O)O)CC,CCCCC(/C=C/C(=O)O)CC,True,oily;fatty
MOL_003065,Pentanol,6032-29-7,6032-29-7,True,True,CCCC(C)O,CCCC(C)O,True,alcoholic;solvent;ethereal;winey
MOL_003066,(S)-(+)-2-heptanol,6033-23-4,6033-23-4,True,True,CCCCC[C@H](C)O,CCCCC[C@H](C)O,True,mushroom;oily;fatty;cheesy;musty
MOL_003067,(R)-(-)-2-heptanol,6033-24-5,6033-24-5,True,True,CCCCC[C@@H](C)O,CCCCC[C@@H](C)O,True,fruity;sweet;oily;fatty
MOL_003068,floral pyran,60335-71-9,60335-71-9,True,True,CC1=CCOC(C1)C2=CC=CC=C2,CC1=CCOC(c2ccccc2)C1,True,floral;rose;metallic;green
MOL_003069,"1,2,3,3,4,5,6-heptamethyl bicyclo(2.2.2)oct-5-en-2-ol",60362-71-2,60362-71-2,True,True,CC1=C(C2(CCC1(C(C2(C)O)(C)C)C)C)C,CC1=C(C)C2(C)CCC1(C)C(C)(C)C2(C)O,True,woody;camphoreous;earthy
MOL_003070,Pentyl butyrate,60415-61-4,60415-61-4,True,True,CCCC(=O)OC(C)CCC,CCCC(=O)OC(C)CCC,True,ethereal;green;fruity;banana;sharp;peach;pineapple;plum;sweet
MOL_003071,3-cyclohexyl propyl acetate,60416-24-2,60416-24-2,True,True,CC(=O)OCCCC1CCCCC1,CC(=O)OCCCC1CCCCC1,True,ethereal;floral;fruity
MOL_003072,Ethyl methylpentadienoate,60523-21-9,60523-21-9,True,True,C=C=CC(C)C(=O)OCC,C=C=CC(C)C(=O)OCC,True,apple;fruity;melon;pear;berry
MOL_003073,Methyl methoxybenzoate,606-45-1,606-45-1,True,True,COC(=O)c1ccccc1OC,COC(=O)c1ccccc1OC,True,anisic;winey;musty;herbal
MOL_003074,Butylphthalide,6066-49-5,6066-49-5,True,True,CCCCC1OC(=O)c2ccccc21,CCCCC1OC(=O)c2ccccc21,True,herbal
MOL_003075,Isopropyl salicylate,607-85-2,607-85-2,True,True,CC(C)OC(=O)c1ccccc1O,CC(C)OC(=O)c1ccccc1O,True,fruity;sweet;herbal
MOL_003076,Propyl salicylate,607-90-9,607-90-9,True,True,CCCOC(=O)c1ccccc1O,CCCOC(=O)c1ccccc1O,True,fruity;herbal;plum;floral;sweet
MOL_003077,Myristicin,607-91-0,607-91-0,True,True,C=CCc1cc(OC)c2c(c1)OCO2,C=CCc1cc(OC)c2c(c1)OCO2,True,woody;spicy
MOL_003078,Ethyl acetylbutyrate,607-97-6,607-97-6,True,True,CCOC(=O)C(CC)C(C)=O,CCOC(=O)C(CC)C(C)=O,True,fruity;apple;caramellic;sweet
MOL_003079,Menthyl butyrate,6070-14-0,6070-14-0,True,True,CCCC(=O)OC1CC(C)CCC1C(C)C,CCCC(=O)OC1CC(C)CCC1C(C)C,True,fruity;fresh;herbal;floral;mint
MOL_003080,Menthyl hexanoate,6070-16-2,6070-16-2,True,True,CCCCCC(=O)OC1CC(C)CCC1C(C)C,CCCCCC(=O)OC1CC(C)CCC1C(C)C,True,sour;fruity;herbal;woody;sweet;mint
MOL_003081,Dimethylthiazoline,60755-05-7,60755-05-7,True,True,CC1=NC(C)SC1,CC1=NC(C)SC1,True,vegetable;nutty;meaty;roasted
MOL_003082,Amylcinnamaldehyde diethyl acetal,60763-41-9,60763-41-9,True,True,CCCCC/C(=C\c1ccccc1)C(OCC)OCC,CCCCC/C(=C\c1ccccc1)C(OCC)OCC,True,green;leafy;floral;jasmine
MOL_003083,"3,6-dimethyl-3-octyl acetate",60763-42-0,60763-42-0,True,True,CCC(C)CCC(C)(CC)OC(=O)C,CCC(C)CCC(C)(CC)OC(C)=O,True,sweet;floral;fruity;honey;waxy
MOL_003084,Ethyl hydroxymethylbenzoate,60770-00-5,60770-00-5,True,True,CCOC(=O)c1ccccc1CO,CCOC(=O)c1ccccc1CO,True,animal;floral
MOL_003085,Methyl butyl disulfide,60779-24-0,60779-24-0,True,True,CCCCSSC,CCCCSSC,True,onion;alliaceous;garlic;roasted
MOL_003086,(Z)-2-nonenal,60784-31-8,60784-31-8,True,True,CCCCCC/C=C\C=O,CCCCCC/C=C\C=O,True,orris;fatty;waxy;cucumber
MOL_003087,citronellyl ethoxalate,60788-25-2,60788-25-2,True,True,CCOC(=O)C(=O)OCCC(C)CCC=C(C)C,CCOC(=O)C(=O)OCCC(C)CCC=C(C)C,True,sweet;floral;rose;aldehydic;tropical;waxy
MOL_003088,Nonyl acetate,60826-15-5,60826-15-5,True,True,CCCCCCC(CC)OC(C)=O,CCCCCCC(CC)OC(C)=O,True,green;fruity;tropical;waxy;floral
MOL_003089,ethyl (R)-2-hydroxy-4-methyl pentanoate,60856-83-9,60856-83-9,True,True,O=C(OCC)[C@H](O)CC(C)C,CCOC(=O)[C@H](O)CC(C)C,True,fresh;berry
MOL_003090,ethyl (S)-2-hydroxy-4-methyl pentanoate,60856-85-1,60856-85-1,True,True,CC(C)C[C@H](O)C(=O)OCC,CCOC(=O)[C@@H](O)CC(C)C,True,fresh;berry
MOL_003091,Ethyl acetylpropionate,609-14-3,609-14-3,True,True,CCOC(=O)C(C)C(C)=O,CCOC(=O)C(C)C(C)=O,True,green;fruity;apple;winey
MOL_003092,Piperitone,6091-50-5,6091-50-5,True,True,CC1=CC(=O)[C@H](C(C)C)CC1,CC1=CC(=O)[C@H](C(C)C)CC1,True,fresh;mint;herbal
MOL_003093,Methoxycinnamic acid,6099-03-2,6099-03-2,True,True,COc1ccccc1/C=C/C(=O)O,COc1ccccc1/C=C/C(=O)O,True,balsamic;aromatic
MOL_003094,Tridecadienal,60998-24-5,60998-24-5,True,True,CCCCCCCC/C=C/C=C/C=O,CCCCCCCC/C=C/C=C/C=O,True,fatty
MOL_003095,Leucine,61-90-5,61-90-5,True,True,CC(C)CC(N)C(=O)O,CC(C)CC(N)C(=O)O,True,odorless
MOL_003096,Methyl furoate,611-13-2,611-13-2,True,True,COC(=O)c1ccco1,COC(=O)c1ccco1,True,earthy;fruity;winey;caramellic
MOL_003097,Isoeugenyl isovalerate,61114-23-6,61114-23-6,True,True,C/C=C/c1ccc(OC(=O)CC(C)C)c(OC)c1,C/C=C/c1ccc(OC(=O)CC(C)C)c(OC)c1,True,spicy;fruity;herbal;woody;aromatic;sweet
MOL_003098,Eugenyl isovalerate,61114-24-7,61114-24-7,True,True,C=CCc1ccc(OC(=O)CC(C)C)c(OC)c1,C=CCc1ccc(OC(=O)CC(C)C)c(OC)c1,True,spicy;fruity;woody;aromatic
MOL_003099,Methyl methylpentanethioate,61122-71-2,61122-71-2,True,True,CCCC(C)C(=S)OC,CCCC(C)C(=S)OC,True,creamy;vegetable;tropical;fermented;dairy;sulfurous;cheesy
MOL_003100,Butenol,6117-91-5,6117-91-5,True,True,C/C=C\CO,C/C=C\CO,True,fruity;gasoline;sweet;ethereal
MOL_003101,Propyl methylfuryl disulfide,61197-09-9,61197-09-9,True,True,CCCSSc1ccoc1C,CCCSSc1ccoc1C,True,meaty;roasted;coffee;beefy
MOL_003102,Vinylanisole,612-15-7,612-15-7,True,True,C=Cc1ccccc1OC,C=Cc1ccccc1OC,True,spicy;leathery;earthy;woody;medicinal;musty
MOL_003103,Methoxybenzyl alcohol,612-16-8,612-16-8,True,True,COc1ccccc1CO,COc1ccccc1CO,True,anisic;vanilla;aromatic;sweet
MOL_003104,Mercaptomethylbutyl isovalerate,612071-27-9,612071-27-9,True,True,CCCC(CS)OC(=O)CC(C)C,CCCC(CS)OC(=O)CC(C)C,True,fruity;tropical;grape;sulfurous
MOL_003105,Hexenol,6126-50-7,6126-50-7,True,True,C/C=C/CCCO,C/C=C/CCCO,True,green;fruity;fatty;tomato;vegetable
MOL_003106,3-((2-methyl-3-furyl)thio)-4-heptanone,61295-41-8,61295-41-8,True,True,CCCC(=O)C(CC)SC1=C(OC=C1)C,CCCC(=O)C(CC)Sc1ccoc1C,True,meaty
MOL_003107,Methylfurylthiobutanone,61295-44-1,61295-44-1,True,True,CCC(=O)C(C)Sc1ccco1,CCC(=O)C(C)Sc1ccco1,True,sweet
MOL_003108,Methylfurylthiononanone,61295-50-9,61295-50-9,True,True,CCCCC(=O)C(CCC)Sc1ccoc1C,CCCCC(=O)C(CCC)Sc1ccoc1C,True,roasted;meaty;brothy;beefy
MOL_003109,Dimethylmethylfurylthioheptanone,61295-51-0,61295-51-0,True,True,Cc1occc1SC(C(=O)CC(C)C)C(C)C,Cc1occc1SC(C(=O)CC(C)C)C(C)C,True,onion;meaty;roasted
MOL_003110,Ethoxybenzaldehyde,613-69-4,613-69-4,True,True,CCOc1ccccc1C=O,CCOc1ccccc1C=O,True,anisic;spicy;aromatic;sweet
MOL_003111,Guaiacyl acetate,613-70-7,613-70-7,True,True,COc1ccccc1OC(C)=O,COc1ccccc1OC(C)=O,True,smoky;sweet
MOL_003112,Isobutylmethylthiazole,61323-24-8,61323-24-8,True,True,Cc1csc(CC(C)C)n1,Cc1csc(CC(C)C)n1,True,green;vegetable;leafy;tomato
MOL_003113,Ethyl nicotinate,614-18-6,614-18-6,True,True,CCOC(=O)c1cccnc1,CCOC(=O)c1cccnc1,True,fruity;tobacco;herbal;floral
MOL_003114,benzyl phenyl carbinol,614-29-9,614-29-9,True,True,C1=CC=C(C=C1)CC(C2=CC=CC=C2)O,OC(Cc1ccccc1)c1ccccc1,True,floral;orris
MOL_003115,glyceryl tribenzoate,614-33-5,614-33-5,True,True,C1=CC=C(C=C1)C(=O)OCC(COC(=O)C2=CC=CC=C2)OC(=O)C3=CC=CC=C3,O=C(OCC(COC(=O)c1ccccc1)OC(=O)c1ccccc1)c1ccccc1,True,solvent;herbal;balsamic;fresh;green
MOL_003116,Cresyl benzoate,614-34-6,614-34-6,True,True,Cc1ccc(OC(=O)c2ccccc2)cc1,Cc1ccc(OC(=O)c2ccccc2)cc1,True,aromatic;floral
MOL_003117,(E)-cinnamophenone,614-47-1,614-47-1,True,True,C1=CC=C(C=C1)/C=C/C(=O)C2=CC=CC=C2,O=C(/C=C/c1ccccc1)c1ccccc1,True,floral;balsamic;herbal
MOL_003118,Ethyl furoate,614-99-3,614-99-3,True,True,CCOC(=O)c1ccco1,CCOC(=O)c1ccco1,True,fruity;burnt;floral
MOL_003119,"2,6-dipropyl-5,6-dihydro-2H-thiopyran-3-carboxaldehyde",61407-00-9,61407-00-9,True,True,CCCC1CC=C(C=O)C(CCC)S1,CCCC1CC=C(C=O)C(CCC)S1,True,green;tropical
MOL_003120,Hexenyl hexenoate,61444-38-0,61444-38-0,True,True,CC/C=C\CCOC(=O)C/C=C\CC,CC/C=C\CCOC(=O)C/C=C\CC,True,apple;green;fruity;melon;pear;violet;tomato;leafy
MOL_003121,Hexenyl heptanoate,61444-39-1,61444-39-1,True,True,CC/C=C/CCOC(=O)CCCCCC,CC/C=C/CCOC(=O)CCCCCC,True,green;fruity;fatty;tropical;waxy
MOL_003122,Hexenyl octanoate,61444-41-5,61444-41-5,True,True,CC/C=C\CCOC(=O)CCCCCCC,CC/C=C\CCOC(=O)CCCCCCC,True,green;fruity;fatty;tropical;waxy;winey
MOL_003123,Propyl furoate,615-10-1,615-10-1,True,True,CCCOC(=O)c1ccco1,CCCOC(=O)c1ccco1,True,earthy;fruity;burnt;sweet
MOL_003124,Isoamyl furoate,615-12-3,615-12-3,True,True,CC(C)CCOC(=O)c1ccco1,CC(C)CCOC(=O)c1ccco1,True,chocolate
MOL_003125,Methylthiobenzothiazole,615-22-5,615-22-5,True,True,CSc1nc2ccccc2s1,CSc1nc2ccccc2s1,True,sulfurous;burnt;roasted
MOL_003126,Amyl nonanoate,61531-45-1,61531-45-1,True,True,CCCCCCCCC(=O)OCCCCC,CCCCCCCCC(=O)OCCCCC,True,oily;fruity;nutty;winey;floral
MOL_003127,Propyl lactate,616-09-1,616-09-1,True,True,CCCOC(=O)C(C)O,CCCOC(=O)C(C)O,True,milky;caramellic;sweet
MOL_003128,(R)-2-methyl-1-butanol,616-16-0,616-16-0,True,True,CC[C@@H](C)CO,CC[C@@H](C)CO,True,fermented;fatty
MOL_003129,Pentenol,616-25-1,616-25-1,True,True,C=CC(O)CC,C=CC(O)CC,True,grassy;alliaceous;pungent
MOL_003130,Pentanethiol,616-31-9,616-31-9,True,True,CCC(S)CC,CCC(S)CC,True,gasoline;savory;sulfurous
MOL_003131,Dimethyl carbonate,616-38-6,616-38-6,True,True,COC(=O)OC,COC(=O)OC,True,ethereal
MOL_003132,Methylthiophene,616-44-4,616-44-4,True,True,Cc1ccsc1,Cc1ccsc1,True,sulfurous;fatty;pungent
MOL_003133,Methylthiomethylthiophene,61675-72-7,61675-72-7,True,True,CSCc1cccs1,CSCc1cccs1,True,alliaceous;savory;onion;sulfurous;mushroom
MOL_003134,Heliotropin propylene glycol acetal,61683-99-6,61683-99-6,True,True,CC1COC(c2ccc3c(c2)OCO3)O1,CC1COC(c2ccc3c(c2)OCO3)O1,True,aromatic;floral;sweet
MOL_003135,(S)-(+)-2-octanol,6169-06-8,6169-06-8,True,True,CCCCCC[C@H](C)O,CCCCCC[C@H](C)O,True,mushroom;oily;fatty;creamy;grape
MOL_003136,2-methyl butyl angelate,61692-77-1,61692-77-1,True,True,O=C(OCC(CC)C)\C(=C/C)C,C/C=C(/C)C(=O)OCC(C)CC,True,floral;fruity
MOL_003137,beta-phenethyl angelate,61692-79-3,61692-79-3,True,True,O=C(OCCc1ccccc1)\C(=C/C)C,C/C=C(/C)C(=O)OCCc1ccccc1,True,rose;woody;orris
MOL_003138,Propyl methylbutenoate,61692-83-9,61692-83-9,True,True,C/C=C(\C)C(=O)OCCC,C/C=C(\C)C(=O)OCCC,True,green;fruity;chamomile;sweet;mint
MOL_003139,Isobutyl tiglate,61692-84-0,61692-84-0,True,True,C/C=C(\C)C(=O)OCC(C)C,C/C=C(\C)C(=O)OCC(C)C,True,chamomile;pungent;herbal
MOL_003140,herbal carbonate,61699-38-5,61699-38-5,True,True,COC(=O)OC1CCCCCCC1,COC(=O)OC1CCCCCCC1,True,fresh;herbal;oily;jasmine;waxy
MOL_003141,Tolyl salicylate,617-01-6,617-01-6,True,True,Cc1ccccc1OC(=O)c1ccccc1O,Cc1ccccc1OC(=O)c1ccccc1O,True,aromatic;sweet;mint
MOL_003142,Ethyl vanillate,617-05-0,617-05-0,True,True,CCOC(=O)c1ccc(O)c(OC)c1,CCOC(=O)c1ccc(O)c(OC)c1,True,spicy;vanilla;phenolic;floral;sweet
MOL_003143,Methylhexanol,617-29-8,617-29-8,True,True,CCCC(O)C(C)C,CCCC(O)C(C)C,True,green;camphoreous;musty;leafy;floral
MOL_003144,Ethyl pyruvate,617-35-6,617-35-6,True,True,CCOC(=O)C(C)=O,CCOC(=O)C(C)=O,True,fruity;caramellic;sweet
MOL_003145,Isopropyl isobutyrate,617-50-5,617-50-5,True,True,CC(C)OC(=O)C(C)C,CC(C)OC(=O)C(C)C,True,fruity;fresh;pineapple;pear
MOL_003146,Isopropyl lactate,617-51-6,617-51-6,True,True,CC(C)OC(=O)C(C)O,CC(C)OC(=O)C(C)O,True,fruity;milky;caramellic;buttery
MOL_003147,Phenylpropanol,617-94-7,617-94-7,True,True,CC(C)(O)c1ccccc1,CC(C)(O)c1ccccc1,True,green;fatty;herbal;woody;floral
MOL_003148,para-tert-butyl quinoline,61702-91-8,61702-91-8,True,True,CC(C)(C)C1=C2C=CC=NC2=CC=C1,CC(C)(C)c1cccc2ncccc12,True,leathery;earthy;musty;woody
MOL_003149,Dodecanone,6175-49-1,6175-49-1,True,True,CCCCCCCCCCC(C)=O,CCCCCCCCCCC(C)=O,True,fruity;floral;citrus
MOL_003150,geranyl acetoacetate,61759-64-6,61759-64-6,True,True,CC(=CCCC(=CCOC(=O)CC(=O)C)C)C,CC(=O)CC(=O)OCC=C(C)CCC=C(C)C,True,green;sweet;rose;woody;fruity
MOL_003151,homogeranyl nitrile,61792-11-8,61792-11-8,True,True,CCC(=CCCC(=CC#N)C)C,CCC(C)=CCCC(C)=CC#N,True,lemon;fresh;metallic
MOL_003152,Cinnamyl tiglate,61792-12-9,61792-12-9,True,True,C/C=C(\C)C(=O)OC/C=C/c1ccccc1,C/C=C(\C)C(=O)OC/C=C/c1ccccc1,True,balsamic;floral;sweet;herbal
MOL_003153,Isopropylphenol,618-45-1,618-45-1,True,True,CC(C)c1cccc(O)c1,CC(C)c1cccc(O)c1,True,phenolic;medicinal;leathery;animal
MOL_003154,Phenethyl decanoate,61810-55-7,61810-55-7,True,True,CCCCCCCCCC(=O)OCCc1ccccc1,CCCCCCCCCC(=O)OCCc1ccccc1,True,rose;green;oily;waxy;herbal;winey;floral
MOL_003155,Methylthiooctanone,61837-77-2,61837-77-2,True,True,CCCCCCC(=O)CSC,CCCCCCC(=O)CSC,True,citrus;meaty;tomato;vegetable;cheesy
MOL_003156,Methylbutyl phenylacetate,61889-11-0,61889-11-0,True,True,CCC(C)COC(=O)Cc1ccccc1,CCC(C)COC(=O)Cc1ccccc1,True,fruity;cocoa;balsamic;floral;sweet
MOL_003157,Dihydrocarveol,619-01-2,619-01-2,True,True,C=C(C)C1CCC(C)C(O)C1,C=C(C)C1CCC(C)C(O)C1,True,woody;floral;sweet
MOL_003158,Menthenol,619-62-5,619-62-5,True,True,CC(C)[C@@H]1C=C[C@](C)(O)CC1,CC(C)[C@@H]1C=C[C@](C)(O)CC1,True,floral;musty;herbal
MOL_003159,Heptenol,6191-71-5,6191-71-5,True,True,CC/C=C\CCCO,CC/C=C\CCCO,True,green;creamy;fruity;grassy
MOL_003160,Phenoxyethyl acetate,6192-44-5,6192-44-5,True,True,CC(=O)OCCOc1ccccc1,CC(=O)OCCOc1ccccc1,True,fruity;floral;herbal
MOL_003161,verdoxan,61920-45-4,61920-45-4,True,True,CC(C)C1C(COC(O1)(C)C)(C)C,CC(C)C1OC(C)(C)OCC1(C)C,True,woody;earthy;fruity;green;herbal
MOL_003162,Ethyl linalyl acetate,61931-80-4,61931-80-4,True,True,C=CC(C)(CC/C=C(\C)CC)OC(C)=O,C=CC(C)(CC/C=C(\C)CC)OC(C)=O,True,fruity;pear;fresh;floral
MOL_003163,Hexenyl lactate,61931-81-5,61931-81-5,True,True,CC/C=C\CCOC(=O)C(C)O,CC/C=C\CCOC(=O)C(C)O,True,green;leafy;fresh
MOL_003164,Methylfurfural,620-02-0,620-02-0,True,True,Cc1ccc(C=O)o1,Cc1ccc(C=O)o1,True,spicy;caramellic;nutty;bread;sweet
MOL_003165,Methoxypyridine,620-08-6,620-08-6,True,True,COc1ccncc1,COc1ccncc1,True,spicy;aromatic;smoky
MOL_003166,Ethylphenol,620-17-7,620-17-7,True,True,CCc1cccc(O)c1,CCc1cccc(O)c1,True,phenolic
MOL_003167,Tolualdehyde,620-23-5,620-23-5,True,True,Cc1cccc(C=O)c1,Cc1cccc(C=O)c1,True,cherry;almond;sweet
MOL_003168,Ethyl acetylphenylpropionate,620-79-1,620-79-1,True,True,CCOC(=O)C(Cc1ccccc1)C(C)=O,CCOC(=O)C(Cc1ccccc1)C(C)=O,True,fruity;balsamic;floral
MOL_003169,Ethyl acetylcinnamate,620-80-4,620-80-4,True,True,CCOC(=O)/C(=C\c1ccccc1)C(C)=O,CCOC(=O)/C(=C\c1ccccc1)C(C)=O,True,fruity;spicy;caramellic
MOL_003170,sedanenolide,62006-39-7,62006-39-7,True,True,CCCCC1C2=C(C=CCC2)C(=O)O1,CCCCC1OC(=O)C2=C1CCC=C2,True,herbal;vegetable
MOL_003171,"1-oxaspiro-4,7-dodecane",62079-29-2,62079-29-2,True,True,C1CCCC2(CCC1)CCCO2,C1CCCC2(CCC1)CCCO2,True,animal;camphoreous;spicy;balsamic;woody
MOL_003172,Methyl dodecenoate,6208-91-9,6208-91-9,True,True,CCCCCCCCCC=CC(=O)OC,CCCCCCCCCC=CC(=O)OC,True,green;fatty;fruity;melon;pear
MOL_003173,Hydroxymethoxybenzaldehyde,621-59-0,621-59-0,True,True,COc1ccc(C=O)cc1O,COc1ccc(C=O)cc1O,True,vanilla;hay;floral;herbal
MOL_003174,Cinnamic acid,621-82-9,621-82-9,True,True,O=C(O)/C=C/c1ccccc1,O=C(O)/C=C/c1ccccc1,True,balsamic
MOL_003175,Ethoxybenzyl alcohol,6214-44-4,6214-44-4,True,True,CCOc1ccc(CO)cc1,CCOc1ccc(CO)cc1,True,anisic;vanilla;aromatic;sweet
MOL_003176,Dihydroxydihydroxymethyldioxane,62147-49-3,62147-49-3,True,True,O=C(CO)CO,O=C(CO)CO,True,fruity;sweet
MOL_003177,Propylpyridine,622-39-9,622-39-9,True,True,CCCc1ccccn1,CCCc1ccccn1,True,roasted;green;fatty;fishy;nutty;tobacco
MOL_003178,Cyclohexyl acetate,622-45-7,622-45-7,True,True,CC(=O)OC1CCCCC1,CC(=O)OC1CCCCC1,True,apple;solvent;fruity;banana;sweet
MOL_003179,Cresyl ethyl ether,622-60-6,622-60-6,True,True,CCOc1ccc(C)cc1,CCOc1ccc(C)cc1,True,pungent;sweet
MOL_003180,Hydroquinone monoethyl ether,622-62-8,622-62-8,True,True,CCOc1ccc(O)cc1,CCOc1ccc(O)cc1,True,herbal;anisic;smoky;sweet
MOL_003181,Benzyl isothiocyanate,622-78-6,622-78-6,True,True,S=C=NCc1ccccc1,S=C=NCc1ccccc1,True,radish;horseradish;vegetable;pungent
MOL_003182,Cyclododecyl acetate,6221-92-7,6221-92-7,True,True,CC(=O)OC1CCCCCCCCCCC1,CC(=O)OC1CCCCCCCCCCC1,True,woody;fruity;fatty
MOL_003183,Dodecyl propionate,6221-93-8,6221-93-8,True,True,CCCCCCCCCCCCOC(=O)CC,CCCCCCCCCCCCOC(=O)CC,True,fruity;winey
MOL_003184,Cyclododecyl propionate,6221-94-9,6221-94-9,True,True,CCC(=O)OC1CCCCCCCCCCC1,CCC(=O)OC1CCCCCCCCCCC1,True,woody;fruity;fatty
MOL_003185,Tetradecyl butyrate,6221-98-3,6221-98-3,True,True,Cc1ccc(C)c(NC(=O)C(C)Sc2ccccc2)c1,Cc1ccc(C)c(NC(=O)C(C)Sc2ccccc2)c1,True,fatty;fruity;waxy
MOL_003186,Cyclohexyl propionate,6222-35-1,6222-35-1,True,True,CCC(=O)OC1CCCCC1,CCC(=O)OC1CCCCC1,True,green;fruity;banana;waxy;pineapple;sweet
MOL_003187,Heptenal,62238-34-0,62238-34-0,True,True,CC/C=C/CCC=O,CC/C=C/CCC=O,True,creamy;green;fatty;melon
MOL_003188,Hydroxybenzyl alcohol,623-05-2,623-05-2,True,True,OCc1ccc(O)cc1,OCc1ccc(O)cc1,True,fruity;nutty;phenolic;medicinal;sweet
MOL_003189,Furylbutenone,623-15-4,623-15-4,True,True,CC(=O)/C=C/c1ccco1,CC(=O)/C=C/c1ccco1,True,spicy;vanilla;cinnamon;coumarinic;warm;woody;sweet
MOL_003190,Furfuryl acetate,623-17-6,623-17-6,True,True,CC(=O)OCc1ccco1,CC(=O)OCc1ccco1,True,fruity;banana;floral;ethereal
MOL_003191,Methyl furfuracrylate,623-18-7,623-18-7,True,True,COC(=O)/C=C/c1ccco1,COC(=O)/C=C/c1ccco1,True,cinnamon;spicy;fruity
MOL_003192,Furfuryl propionate,623-19-8,623-19-8,True,True,CCC(=O)OCc1ccco1,CCC(=O)OCc1ccco1,True,green;fruity;banana;pear
MOL_003193,Ethyl (E)-furfuracrylate,623-20-1,623-20-1,True,True,CCOC(=O)/C=C/c1ccco1,CCOC(=O)/C=C/c1ccco1,True,apple;fruity;berry;balsamic;floral
MOL_003194,Furfuryl butyrate,623-21-2,623-21-2,True,True,CCCC(=O)OCc1ccco1,CCCC(=O)OCc1ccco1,True,green;fruity;grape
MOL_003195,Propyl furanacrylate,623-22-3,623-22-3,True,True,CCCOC(=O)/C=C\c1ccco1,CCCOC(=O)/C=C\c1ccco1,True,apple;spicy;fruity;pear;tropical;honey;strawberry;sweet
MOL_003196,Furylacrolein,623-30-3,623-30-3,True,True,O=C/C=C/c1ccco1,O=C/C=C/c1ccco1,True,spicy;cinnamon;nutty;fruity;herbal
MOL_003197,Methylpentenal,623-36-9,623-36-9,True,True,CC/C=C(\C)C=O,CC/C=C(\C)C=O,True,green;fruity;pungent
MOL_003198,Hexanol,623-37-0,623-37-0,True,True,CCCC(O)CC,CCCC(O)CC,True,fermented;medicinal;alcoholic;solvent
MOL_003199,Methyl butyrate,623-42-7,623-42-7,True,True,CCCC(=O)OC,CCCC(=O)OC,True,apple;ethereal;fruity;fermented;buttery
MOL_003200,Methyl crotonate,623-43-8,623-43-8,True,True,C/C=C/C(=O)OC,C/C=C/C(=O)OC,True,green;fruity;sharp
MOL_003201,Ethyl mercaptoacetate,623-51-8,623-51-8,True,True,CCOC(=O)CS,CCOC(=O)CS,True,green;sulfurous;fruity;alliaceous
MOL_003202,Ethyl butenoate,623-70-1,623-70-1,True,True,C/C=C/C(=O)OCC,C/C=C/C(=O)OCC,True,caramellic;fruity;cognac;pungent;rum
MOL_003203,Propylene glycol diacetate,623-84-7,623-84-7,True,True,CC(=O)OCC(C)OC(C)=O,CC(=O)OCC(C)OC(C)=O,True,fruity
MOL_003204,Diethyl fumarate,623-91-6,623-91-6,True,True,CCOC(=O)/C=C/C(=O)OCC,CCOC(=O)/C=C/C(=O)OCC,True,green;fruity;herbal
MOL_003205,Tufurol acetate,62346-96-7,62346-96-7,True,True,CC(=O)OCc1ccc(C)cc1C,CC(=O)OCc1ccc(C)cc1C,True,fruity;fresh;floral;sweet
MOL_003206,Oxodecanoic acid,624-01-1,624-01-1,True,True,CCCCCC(=O)CCCC(=O)O,CCCCCC(=O)CCCC(=O)O,True,creamy;peach
MOL_003207,Heptyl heptanoate,624-09-9,624-09-9,True,True,CCCCCCCOC(=O)CCCCCC,CCCCCCCOC(=O)CCCCCC,True,green;oily;fruity;fatty;fermented;winey
MOL_003208,Propyl octanoate,624-13-5,624-13-5,True,True,CCCCCCCC(=O)OCCC,CCCCCCCC(=O)OCCC,True,oily;fruity;winey
MOL_003209,Diethyl nonanedioate,624-17-9,624-17-9,True,True,CCOC(=O)CCCCCCCC(=O)OCC,CCOC(=O)CCCCCCCC(=O)OCC,True,oily;fruity;fatty
MOL_003210,Methyl valerate,624-24-8,624-24-8,True,True,CCCCC(=O)OC,CCCCC(=O)OC,True,apple;ethereal;green;fruity;pineapple
MOL_003211,Methylbutyl acetate,624-41-9,624-41-9,True,True,CCC(C)COC(C)=O,CCC(C)COC(C)=O,True,banana;apple;fruity;ethereal
MOL_003212,Methylheptanone,624-42-0,624-42-0,True,True,CCC(=O)CCC(C)C,CCC(=O)CCC(C)C,True,fruity;herbal;ketonic;camphoreous
MOL_003213,Methyl levulinate,624-45-3,624-45-3,True,True,COC(=O)CCC(C)=O,COC(=O)CCC(C)=O,True,green;fruity;burnt;caramellic
MOL_003214,Nonanol,624-51-1,624-51-1,True,True,CCCCCCC(O)CC,CCCCCCC(O)CC,True,earthy;spicy;herbal
MOL_003215,Amyl propionate,624-54-4,624-54-4,True,True,CCCCCOC(=O)CC,CCCCCOC(=O)CC,True,apple;fruity;banana;tropical;pineapple;sweet
MOL_003216,Ethyl methyl sulfide,624-89-5,624-89-5,True,True,CCSC,CCSC,True,meaty;alliaceous;savory;tomato;sulfurous
MOL_003217,Dimethyl disulfide,624-92-0,624-92-0,True,True,CSSC,CSSC,True,onion;cabbage
MOL_003218,Cyclohexyl caproate,6243-10-3,6243-10-3,True,True,CCCCCC(=O)OC1CCCCC1,CCCCCC(=O)OC1CCCCC1,True,fruity;winey;pineapple;metallic
MOL_003219,Methoxydimethylheptanal,62439-41-2,62439-41-2,True,True,COC(C)(C)CCCC(C)C=O,COC(C)(C)CCCC(C)C=O,True,citrus;fruity;melon;floral
MOL_003220,Isoamyl myristate,62488-24-8,62488-24-8,True,True,CCCCCCCCCCCCCC(=O)OCCC(C)C,CCCCCCCCCCCCCC(=O)OCCC(C)C,True,fatty;waxy
MOL_003221,"2,4-heptadien-1-ol",62488-55-5,62488-55-5,True,True,CCC=CC=CCO,CCC=CC=CCO,True,fatty;cheesy;nutty;almond
MOL_003222,Nonadienol,62488-56-6,62488-56-6,True,True,CCCC/C=C/C=C/CO,CCCC/C=C/C=C/CO,True,green;fatty;melon;chicken;cucumber
MOL_003223,Amyl acetate,625-16-1,625-16-1,True,True,CCC(C)(C)OC(C)=O,CCC(C)(C)OC(C)=O,True,fruity;fresh;banana;mint
MOL_003224,Pentenone,625-33-2,625-33-2,True,True,C/C=C\C(C)=O,C/C=C\C(C)=O,True,spicy;fruity;fishy;musty;pungent
MOL_003225,Isopropyl formate,625-55-8,625-55-8,True,True,CC(C)OC=O,CC(C)OC=O,True,fruity;sweet;ethereal
MOL_003226,Ethyl thioacetate,625-60-5,625-60-5,True,True,CCSC(C)=O,CCSC(C)=O,True,sulfurous;garlic;meaty
MOL_003227,Diisopropyl sulfide,625-80-9,625-80-9,True,True,CC(C)SC(C)C,CC(C)SC(C)C,True,vegetable;savory;onion;sulfurous
MOL_003228,Dimethylpyrrole,625-84-3,625-84-3,True,True,Cc1ccc(C)[nH]1,Cc1ccc(C)[nH]1,True,green;earthy;burnt;animal
MOL_003229,Dimethylfuran,625-86-5,625-86-5,True,True,Cc1ccc(C)o1,Cc1ccc(C)o1,True,cognac;solvent;ethereal;rum
MOL_003230,4-methoxy-alpha-toluene thiol,6258-60-2,6258-60-2,True,True,O(c1ccc(cc1)CS)C,COc1ccc(CS)cc1,True,sulfurous;burnt;floral;balsamic;anisic
MOL_003231,Thiophenemethanethiol,6258-63-5,6258-63-5,True,True,SCc1cccs1,SCc1cccs1,True,sulfurous;coffee;meaty
MOL_003232,Hexyl salicylate,6259-76-3,6259-76-3,True,True,CCCCCCOC(=O)c1ccccc1O,CCCCCCOC(=O)c1ccccc1O,True,spicy;hay;fruity;herbal;balsamic;floral
MOL_003233,Methylbutyl acetate,626-38-0,626-38-0,True,True,CCCC(C)OC(C)=O,CCCC(C)OC(C)=O,True,ripe;fruity
MOL_003234,Propyl hexanoate,626-77-7,626-77-7,True,True,CCCCCC(=O)OCCC,CCCCCC(=O)OCCC,True,green;pineapple;sweet;tropical
MOL_003235,Butyl hexanoate,626-82-4,626-82-4,True,True,CCCCCC(=O)OCCCC,CCCCCC(=O)OCCCC,True,green;fruity;fermented;waxy;berry;pineapple
MOL_003236,Methylpentanol,626-89-1,626-89-1,True,True,CC(C)CCCO,CC(C)CCCO,True,green;oily;fruity;fermented;herbal
MOL_003237,Hexanol,626-93-7,626-93-7,True,True,CCCCC(C)O,CCCCC(C)O,True,alcoholic;solvent;fruity;fatty;fermented;musty;mushroom
MOL_003238,2-pentenoic acid,626-98-2,626-98-2,True,True,CCC=CC(=O)O,CCC=CC(=O)O,True,pungent;fatty
MOL_003239,Jasmone,6261-18-3,6261-18-3,True,True,CC/C=C/CC1=C(C)CCC1=O,CC/C=C/CC1=C(C)CCC1=O,True,jasmine
MOL_003240,Phenethyl mercaptan,6263-65-6,6263-65-6,True,True,CC(S)c1ccccc1,CC(S)c1ccccc1,True,meaty;tropical;sulfurous;floral
MOL_003241,Methylnitrobutane,627-67-8,627-67-8,True,True,CC(C)CC[N+](=O)[O-],CC(C)CC[N+](=O)[O-],True,fruity
MOL_003242,Ethyl undecanoate,627-90-7,627-90-7,True,True,CCCCCCCCCCC(=O)OCC,CCCCCCCCCCC(=O)OCC,True,creamy;fruity;coconut;waxy;cheesy
MOL_003243,Dimethyl adipate,627-93-0,627-93-0,True,True,COC(=O)CCCCC(=O)OC,COC(=O)CCCCC(=O)OC,True,fruity;winey;sweet
MOL_003244,Methylhexanol,627-98-5,627-98-5,True,True,CC(C)CCCCO,CC(C)CCCCO,True,alcoholic;solvent;oily;fermented
MOL_003245,phenyl glycol diacetate,6270-03-7,6270-03-7,True,True,CC(=O)OCC(C1=CC=CC=C1)OC(=O)C,CC(=O)OCC(OC(C)=O)c1ccccc1,True,floral;balsamic;honey;woody
MOL_003246,Furfuryl isobutyrate,6270-55-9,6270-55-9,True,True,CC(C)C(=O)OCc1ccco1,CC(C)C(=O)OCc1ccco1,True,fruity
MOL_003247,Ethyl furfuryl ether,6270-56-0,6270-56-0,True,True,CCOCc1ccco1,CCOCc1ccco1,True,spicy;ethereal;fermented;sweet;buttery
MOL_003248,Heptanethiol,628-00-2,628-00-2,True,True,CCCCCC(C)S,CCCCCC(C)S,True,vegetable;fatty;savory;onion;sulfurous
MOL_003249,Isoamyl isothiocyanate,628-03-5,628-03-5,True,True,CC(C)CCN=C=S,CC(C)CCN=C=S,True,pungent;horseradish;cabbage
MOL_003250,Methyl butyl sulfide,628-29-5,628-29-5,True,True,CCCCSC,CCCCSC,True,vegetable;meaty;green;sulfurous
MOL_003251,Methylhexanoic acid,628-46-6,628-46-6,True,True,CC(C)CCCC(=O)O,CC(C)CCCC(=O)O,True,sour;oily;fatty;fruity;cheesy
MOL_003252,Amyl acetate,628-63-7,628-63-7,True,True,CCCCCOC(C)=O,CCCCCOC(C)=O,True,banana;fruity;ethereal
MOL_003253,Acetoxybutyl acetate,628-67-1,628-67-1,True,True,CC(=O)OCCCCOC(C)=O,CC(=O)OCCCCOC(C)=O,True,fruity;sweet;solvent;ethereal
MOL_003254,Ethyl palmitate,628-97-7,628-97-7,True,True,CCCCCCCCCCCCCCCC(=O)OCC,CCCCCCCCCCCCCCCC(=O)OCC,True,waxy;sweet
MOL_003255,Nonanol,628-99-9,628-99-9,True,True,CCCCCCCC(C)O,CCCCCCCC(C)O,True,green;fruity;waxy;dairy;musty
MOL_003256,Phenylpropyl hexanoate,6281-40-9,6281-40-9,True,True,CCCCCC(=O)OCCCc1ccccc1,CCCCCC(=O)OCCCc1ccccc1,True,green;fruity;sweet
MOL_003257,Cyclohexylethyl formate,6282-05-9,6282-05-9,True,True,O=COCCC1CCCCC1,O=COCCC1CCCCC1,True,fruity;apple;waxy
MOL_003258,Dodecyl lactate,6283-92-7,6283-92-7,True,True,CCCCCCCCCCCCOC(=O)C(C)O,CCCCCCCCCCCCOC(=O)C(C)O,True,oily;fruity;fatty;burnt;dairy
MOL_003259,Isopropyl crotonate,6284-46-4,6284-46-4,True,True,C/C=C/C(=O)OC(C)C,C/C=C/C(=O)OC(C)C,True,fruity;apple;chamomile;sweet
MOL_003260,Amyl isothiocyanate,629-12-9,629-12-9,True,True,CCCCCN=C=S,CCCCCN=C=S,True,vegetable;pungent;horseradish;radish
MOL_003261,Propyl disulfide,629-19-6,629-19-6,True,True,CCCSSCCC,CCCSSCCC,True,green;alliaceous;garlic;onion
MOL_003262,Hexyl formate,629-33-4,629-33-4,True,True,CCCCCCOC=O,CCCCCCOC=O,True,ethereal;green;fruity;sweet
MOL_003263,"1,8-octane dinitrile",629-40-3,629-40-3,True,True,C(CCCC#N)CCC#N,N#CCCCCCCC#N,True,fresh;sweet;waxy;floral;citrus
MOL_003264,Dibutyl disulfide,629-45-8,629-45-8,True,True,CCCCSSCCCC,CCCCSSCCCC,True,vegetable;green;alliaceous;sulfurous
MOL_003265,Tridecane,629-50-5,629-50-5,True,True,CCCCCCCCCCCCC,CCCCCCCCCCCCC,True,gasoline
MOL_003266,Hexadecenoic acid,629-56-1,629-56-1,True,True,CCCCCCCCCCCCCC=CC(=O)O,CCCCCCCCCCCCCC=CC(=O)O,True,oily;fatty
MOL_003267,Tetradecane,629-59-4,629-59-4,True,True,CCCCCCCCCCCCCC,CCCCCCCCCCCCCC,True,gasoline
MOL_003268,Pentadecane,629-62-9,629-62-9,True,True,CCCCCCCCCCCCCCC,CCCCCCCCCCCCCCC,True,waxy;gasoline
MOL_003269,clean nitrile,629-63-0,629-63-0,True,True,CCCCCCCCCCCCCC#N,CCCCCCCCCCCCCC#N,True,fresh;floral;green
MOL_003270,Palmityl acetate,629-70-9,629-70-9,True,True,CCCCCCCCCCCCCCCCOC(C)=O,CCCCCCCCCCCCCCCCOC(C)=O,True,waxy;sweet
MOL_003271,Pentadecanol,629-76-5,629-76-5,True,True,CCCCCCCCCCCCCCCO,CCCCCCCCCCCCCCCO,True,floral;fatty;waxy
MOL_003272,Heptadecane,629-78-7,629-78-7,True,True,CCCCCCCCCCCCCCCCC,CCCCCCCCCCCCCCCCC,True,waxy;gasoline
MOL_003273,Hexadecanal,629-80-1,629-80-1,True,True,CCCCCCCCCCCCCCCC=O,CCCCCCCCCCCCCCCC=O,True,fatty;waxy;orris
MOL_003274,Fraistone,6290-17-1,6290-17-1,True,True,CCOC(=O)CC1(C)OCC(C)O1,CCOC(=O)CC1(C)OCC(C)O1,True,apple;fruity;fresh;strawberry;sweet
MOL_003275,Ethyl ethoxybenzoate,6290-24-0,6290-24-0,True,True,CCOC(=O)c1ccccc1OCC,CCOC(=O)c1ccccc1OCC,True,green;fruity;warm;floral;sweet
MOL_003276,"2-ethyl-4-isopropyl-2,5,5-trimethyl-1,3-dioxane",6290-33-1,6290-33-1,True,True,O1CC(C(OC1(C)CC)C(C)C)(C)C,CCC1(C)OCC(C)(C)C(C(C)C)O1,True,mint;leathery
MOL_003277,Phenethyl hexanoate,6290-37-5,6290-37-5,True,True,CCCCCC(=O)OCCc1ccccc1,CCCCCC(=O)OCCc1ccccc1,True,rose;fruity;honey;waxy;woody
MOL_003278,Ethylhexyl propionate,6293-37-4,6293-37-4,True,True,CCCCC(CC)COC(=O)CC,CCCCC(CC)COC(=O)CC,True,oily;fruity;fatty
MOL_003279,Butyl methylvalerate,6297-41-2,6297-41-2,True,True,CCCCOC(=O)C(C)CCC,CCCCOC(=O)C(C)CCC,True,fruity;herbal;chamomile
MOL_003280,Methionine,63-68-3,63-68-3,True,True,CSCC[C@H](N)C(=O)O,CSCC[C@H](N)C(=O)O,True,meaty
MOL_003281,Phenylalanine,63-91-2,63-91-2,True,True,N[C@@H](Cc1ccccc1)C(=O)O,N[C@@H](Cc1ccccc1)C(=O)O,True,cocoa
MOL_003282,Methylmethylthiofuran,63012-97-5,63012-97-5,True,True,Cc1ccsc1C,Cc1ccsc1C,True,meaty;roasted;nutty;brothy;sweet
MOL_003283,2-isobutyl pyridine,6304-24-1,6304-24-1,True,True,CC(C)CC1=CC=CC=N1,CC(C)Cc1ccccn1,True,aromatic;vegetable
MOL_003284,Isoamyl laurate,6309-51-9,6309-51-9,True,True,CCCCCCCCCCCC(=O)OCCC(C)C,CCCCCCCCCCCC(=O)OCCC(C)C,True,oily;fatty;winey
MOL_003285,Decenolactone,63095-33-0,63095-33-0,True,True,CC/C=C\CCC1CCC(=O)O1,CC/C=C\CCC1CCC(=O)O1,True,creamy;green;fruity;tropical;peach;floral;sweet
MOL_003286,3-(10-undecen-1-yl oxy) propionitrile,63095-34-1,63095-34-1,True,True,N#CCCOCCCCCCCCC\C=C,C=CCCCCCCCCCOCCC#N,True,fruity;pineapple
MOL_003287,"2,6,9,10,10-pentamethyl-1-oxa-spiro[4.5]deca-3,6-diene",63128-04-1,63128-04-1,True,True,CC1CC=C(C2(C1(C)C)C=CC(O2)C)C,CC1=CCC(C)C(C)(C)C12C=CC(C)O2,True,fruity;mint;black currant
MOL_003288,Phenylacetaldehyde diethyl acetal,6314-97-2,6314-97-2,True,True,CCOC(Cc1ccccc1)OCC,CCOC(Cc1ccccc1)OCC,True,green;leafy;floral;sweet
MOL_003289,Octenal,63196-63-4,63196-63-4,True,True,CC=CCCCCC=O,CC=CCCCCC=O,True,green;melon
MOL_003290,(Z)-6-octenal,63196-64-5,63196-64-5,True,True,C/C=C\CCCCC=O,C/C=C\CCCCC=O,True,fresh;fruity;green;melon;cucumber
MOL_003291,Dimethylthiophene,632-15-5,632-15-5,True,True,Cc1cscc1C,Cc1cscc1C,True,onion
MOL_003292,Allyl pentanoate,6321-45-5,6321-45-5,True,True,C=CCOC(=O)CCCC,C=CCOC(=O)CCCC,True,apple;fruity;fermented;pineapple;winey
MOL_003293,"vanillin 2,3-butylene glycol acetal",63253-24-7,63253-24-7,True,True,Oc1ccc(cc1OC)C2OC(C)C(C)O2,COc1cc(C2OC(C)C(C)O2)ccc1O,True,vanilla;creamy;chocolate;orris;caramellic;dairy;sweet;balsamic;malty
MOL_003294,Nonanediol diacetate (See FEMA 2783),63270-14-4,63270-14-4,True,True,CCCCCCC(CCOC(C)=O)OC(C)=O,CCCCCCC(CCOC(C)=O)OC(C)=O,True,floral;jasmine
MOL_003295,(R)-gamma-hexalactone,63357-95-9,63357-95-9,True,True,CC[C@@H]1CCC(=O)O1,CC[C@@H]1CCC(=O)O1,True,sweet;coconut;hay;herbal
MOL_003296,(R)-gamma-nonalactone,63357-96-0,63357-96-0,True,True,CCCCC[C@@H]1CCC(=O)O1,CCCCC[C@@H]1CCC(=O)O1,True,sweet;ethereal;coconut;fatty;milky
MOL_003297,(S)-gamma-nonalactone,63357-97-1,63357-97-1,True,True,O=C1O[C@@H](CCCCC)CC1,CCCCC[C@H]1CCC(=O)O1,True,fatty;musty;coconut
MOL_003298,Dimethylmethylthiofuran,63359-63-7,63359-63-7,True,True,CSc1cc(C)oc1C,CSc1cc(C)oc1C,True,brothy;meaty;roasted
MOL_003299,Trimethoxybenzene,634-36-6,634-36-6,True,True,COc1cccc(OC)c1OC,COc1cccc(OC)c1OC,True,phenolic;spicy;leathery;smoky
MOL_003300,Acetaldehyde di-cis-3-hexenyl acetal,63449-64-9,63449-64-9,True,True,CC/C=C\CCOC(C)OCC/C=C\CC,CC/C=C\CCOC(C)OCC/C=C\CC,True,green;herbal;vegetable;sweet
MOL_003301,beta-naphthyl anthranilate,63449-68-3,63449-68-3,True,True,C1=CC=C2C=C(C=CC2=C1)OC(=O)C3=CC=CC=C3N,Nc1ccccc1C(=O)Oc1ccc2ccccc2c1,True,floral;grape;sweet;fruity;berry;winey
MOL_003302,Cyclohexylethyl butyrate,63449-88-7,63449-88-7,True,True,CCCC(=O)OC(C)C1CCCCC1,CCCC(=O)OC(C)C1CCCCC1,True,fruity;sweet
MOL_003303,Methoxymethylpyrazine,63450-30-6,63450-30-6,True,True,COCc1cnccn1,COCc1cnccn1,True,almond;roasted
MOL_003304,3-mercapto-4-heptanone,63458-78-6,63458-78-6,True,True,CCCC(=O)C(CC)S,CCCC(=O)C(S)CC,True,herbal;grapefruit;green;black currant
MOL_003305,4-mercapto-5-nonanone,63458-80-0,63458-80-0,True,True,CCCCC(=O)C(CCC)S,CCCCC(=O)C(S)CCC,True,green;fruity;grapefruit;mint;leafy
MOL_003306,"1,2,3,4-tetrahydroquinoline",635-46-1,635-46-1,True,True,C1CC2=CC=CC=C2NC1,c1ccc2c(c1)CCCN2,True,honey;animal;phenolic
MOL_003307,floral pyranol,63500-71-0,63500-71-0,True,True,CC(C)CC1CC(CCO1)(C)O,CC(C)CC1CC(C)(O)CCO1,True,fresh;floral;woody
MOL_003308,Thenyl alcohol,636-72-6,636-72-6,True,True,OCc1cccs1,OCc1cccs1,True,ethereal;alliaceous;savory;fermented;burnt;coffee
MOL_003309,Phenyl propionate,637-27-4,637-27-4,True,True,CCC(=O)Oc1ccccc1,CCC(=O)Oc1ccccc1,True,honey;phenolic;floral
MOL_003310,Tetrahydrofurfuryl acetate,637-64-9,637-64-9,True,True,CC(=O)OCC1CCCO1,CC(=O)OCC1CCCO1,True,fruity;ethereal;rum
MOL_003311,Tetrahydrofurfuryl propionate,637-65-0,637-65-0,True,True,CCC(=O)OCC1CCCO1,CCC(=O)OCC1CCCO1,True,fruity;caramellic;sweet;fermented
MOL_003312,Methoxystyrene,637-69-4,637-69-4,True,True,C=Cc1ccc(OC)cc1,C=Cc1ccc(OC)cc1,True,rose
MOL_003313,Isopropyl propionate,637-78-5,637-78-5,True,True,CCC(=O)OC(C)C,CCC(=O)OC(C)C,True,fruity;plum;ethereal;rum
MOL_003314,Pentylbutenone,63759-55-7,63759-55-7,True,True,C=C(CCCCC)C(C)=O,C=C(CCCCC)C(C)=O,True,fruity;fresh;musty;mushroom
MOL_003315,muguet ethanol,63767-86-2,63767-86-2,True,True,CC(C)C1CCC(CC1)C(C)O,CC(C)C1CCC(C(C)O)CC1,True,floral;waxy;rose
MOL_003316,Hexyl hexanoate,6378-65-0,6378-65-0,True,True,CCCCCCOC(=O)CCCCC,CCCCCCOC(=O)CCCCC,True,green;fruity;tropical;fresh;waxy;berry;vegetable;sweet
MOL_003317,(E)-methyl isoeugenol,6379-72-2,6379-72-2,True,True,C/C=C/C1=CC(=C(C=C1)OC)OC,C/C=C/c1ccc(OC)c(OC)c1,True,spicy
MOL_003318,Carvacryl methyl ether,6379-73-3,6379-73-3,True,True,COc1cc(C(C)C)ccc1C,COc1cc(C(C)C)ccc1C,True,spicy;green;herbal;phenolic
MOL_003319,Dimethylthiophene,638-02-8,638-02-8,True,True,Cc1ccc(C)s1,Cc1ccc(C)s1,True,onion;fresh;green
MOL_003320,Ethyl senecioate,638-10-8,638-10-8,True,True,CCOC(=O)C=C(C)C,CCOC(=O)C=C(C)C,True,apple;fruity;pineapple;chamomile;sweet
MOL_003321,Isopropyl butyrate,638-11-9,638-11-9,True,True,CCCC(=O)OC(C)C,CCCC(=O)OC(C)C,True,pineapple;strawberry;buttery
MOL_003322,Trimethyldihydrodithiazine,638-17-5,638-17-5,True,True,CC1NC(C)SC(C)S1,CC1NC(C)SC(C)S1,True,roasted;meaty;chicken;brothy;beefy
MOL_003323,Amyl octanoate,638-25-5,638-25-5,True,True,CCCCCCCC(=O)OCCCCC,CCCCCCCC(=O)OCCCCC,True,oily;fruity;fatty;floral;sweet
MOL_003324,Ethyl butyl sulfide,638-46-0,638-46-0,True,True,CCCCSCC,CCCCSCC,True,vegetable;meaty;green;alliaceous;sulfurous
MOL_003325,Amyl formate,638-49-3,638-49-3,True,True,CCCCCOC=O,CCCCCOC=O,True,green;fruity;fresh;winey;sweet
MOL_003326,Tridecanoic acid,638-53-9,638-53-9,True,True,CCCCCCCCCCCCC(=O)O,CCCCCCCCCCCCC(=O)O,True,fatty;waxy
MOL_003327,myristyl acetate,638-59-5,638-59-5,True,True,CCCCCCCCCCCCCCOC(=O)C,CCCCCCCCCCCCCCOC(C)=O,True,fatty;waxy
MOL_003328,Dimethoxyvinylbenzene,6380-23-0,6380-23-0,True,True,C=Cc1ccc(OC)c(OC)c1,C=Cc1ccc(OC)c(OC)c1,True,vegetable;smoky;earthy;phenolic;medicinal;sweet
MOL_003329,(Z)-methyl isoeugenol,6380-24-1,6380-24-1,True,True,C/C=C\C1=CC(=C(C=C1)OC)OC,C/C=C\c1ccc(OC)c(OC)c1,True,spicy
MOL_003330,Carvacryl acetate,6380-28-5,6380-28-5,True,True,CC(=O)Oc1cc(C(C)C)ccc1C,CC(=O)Oc1cc(C(C)C)ccc1C,True,fruity;spicy;herbal
MOL_003331,Amyl lactate,6382-06-5,6382-06-5,True,True,CCCCCOC(=O)C(C)O,CCCCCOC(=O)C(C)O,True,fruity;milky;caramellic
MOL_003332,Octenal,63826-25-5,63826-25-5,True,True,C/C=C/CCCCC=O,C/C=C/CCCCC=O,True,creamy;green;fruity;fatty;melon;fresh
MOL_003333,Methylheptanal,63885-09-6,63885-09-6,True,True,CCCCCC(C)C=O,CCCCCC(C)C=O,True,green;fruity;fresh;orange;sweet
MOL_003334,Elemol,639-99-6,639-99-6,True,True,C=C[C@]1(C)CC[C@@H](C(C)(C)O)C[C@H]1C(=C)C,C=C[C@]1(C)CC[C@@H](C(C)(C)O)C[C@H]1C(=C)C,True,green;woody;floral;sweet
MOL_003335,Butyl ethyl disulfide,63986-03-8,63986-03-8,True,True,CCCCSSCC,CCCCSSCC,True,vegetable;green;alliaceous;garlic;onion;sulfurous
MOL_003336,Phenethylamine,64-04-0,64-04-0,True,True,NCCc1ccccc1,NCCc1ccccc1,True,fishy
MOL_003337,Ethyl alcohol,64-17-5,64-17-5,True,True,CCO,CCO,True,alcoholic;sweet;ethereal
MOL_003338,Formic acid,64-18-6,64-18-6,True,True,O=CO,O=CO,True,pungent
MOL_003339,Acetic acid,64-19-7,64-19-7,True,True,CC(=O)O,CC(=O)O,True,pungent;sour
MOL_003340,tricyclodecyl acetate,64001-15-6,64001-15-6,True,True,CC(=O)OC1CC2CC1C3C2CCC3,CC(=O)OC1CC2CC1C1CCCC21,True,herbal;green;fruity
MOL_003341,"Heliotropine butane-2,3-diol acetal",6412-69-7,6412-69-7,True,True,CC1OC(c2ccc3c(c2)OCO3)OC1C,CC1OC(c2ccc3c(c2)OCO3)OC1C,True,floral
MOL_003342,Ethyl acetoacetate ethylene glycol Ketal,6413-10-1,6413-10-1,True,True,CCOC(=O)CC1(C)OCCO1,CCOC(=O)CC1(C)OCCO1,True,pine;apple;fruity;woody;sweet
MOL_003343,herbal undecane,6413-26-9,6413-26-9,True,True,CC1CCOC2(O1)CCCCC2,CC1CCOC2(CCCCC2)O1,True,herbal;camphoreous;woody
MOL_003344,Anisaldehyde propylene glycol acetal,6414-32-0,6414-32-0,True,True,COc1ccc(C2OCC(C)O2)cc1,COc1ccc(C2OCC(C)O2)cc1,True,anisic;floral;sweet;herbal
MOL_003345,sedanolide,6415-59-4,6415-59-4,True,True,CC(C)CC1C2CCCC=C2C(=O)O1,CC(C)CC1OC(=O)C2=CCCCC21,True,herbal;vegetable
MOL_003346,rose undecene,64165-57-7,64165-57-7,True,True,CCC1OCC2(CCC=CC2)CO1,CCC1OCC2(CC=CCC2)CO1,True,rose;nutty;herbal;sweet;fruity;floral
MOL_003347,Ethyl hexenoate,64187-83-3,64187-83-3,True,True,CC/C=C\CC(=O)OCC,CC/C=C\CC(=O)OCC,True,apple;green;fruity;pear;tropical;fresh;pineapple;sweet
MOL_003348,Octenol,64275-73-6,64275-73-6,True,True,CC/C=C\CCCCO,CC/C=C\CCCCO,True,green;fruity;melon;mushroom
MOL_003349,Difurfurylfuran,64280-32-6,64280-32-6,True,True,c1coc(Cc2ccoc2Cc2ccco2)c1,c1coc(Cc2ccoc2Cc2ccco2)c1,True,fruity;floral
MOL_003350,Methylbiphenyl,644-08-6,644-08-6,True,True,Cc1ccc(-c2ccccc2)cc1,Cc1ccc(-c2ccccc2)cc1,True,grape
MOL_003351,2-naphthyl phenyl ketone,644-13-3,644-13-3,True,True,C1=CC=C(C=C1)C(=O)C2=CC3=CC=CC=C3C=C2,O=C(c1ccccc1)c1ccc2ccccc2c1,True,camphoreous;floral
MOL_003352,Propylphenol,644-35-9,644-35-9,True,True,CCCc1ccccc1O,CCCc1ccccc1O,True,spicy;smoky;phenolic;balsamic;medicinal
MOL_003353,Propyl isobutyrate,644-49-5,644-49-5,True,True,CCCOC(=O)C(C)C,CCCOC(=O)C(C)C,True,fruity;pineapple;tropical
MOL_003354,Isopropylpyridine,644-98-4,644-98-4,True,True,CC(C)c1ccccn1,CC(C)c1ccccn1,True,green;vegetable;earthy
MOL_003355,(E)-2-tetradecenal,64461-99-0,64461-99-0,True,True,CCCCCCCCCCC/C=C/C=O,CCCCCCCCCCC/C=C/C=O,True,citrus;waxy;green;spicy;fresh;fatty;herbal;chicken;cucumber;lemon
MOL_003356,Isopropylacetophenone,645-13-6,645-13-6,True,True,CC(=O)c1ccc(C(C)C)cc1,CC(=O)c1ccc(C(C)C)cc1,True,herbal;orris;woody
MOL_003357,Propylphenol,645-56-7,645-56-7,True,True,CCCc1ccc(O)cc1,CCCc1ccc(O)cc1,True,phenolic;medicinal
MOL_003358,Ethylhexenal,645-62-5,645-62-5,True,True,CCC/C=C(/C=O)CC,CCC/C=C(/C=O)CC,True,apple;fruity;lemon
MOL_003359,Propyl levulinate,645-67-0,645-67-0,True,True,CCCOC(=O)CCC(C)=O,CCCOC(=O)CCC(C)=O,True,fruity;caramellic;sweet
MOL_003360,Hexyldimethyldioxolane,6454-22-4,6454-22-4,True,True,CCCCCCC1OC(C)C(C)O1,CCCCCCC1OC(C)C(C)O1,True,green;fruity;milky;dairy
MOL_003361,3-methylthio-4-heptanone,64549-15-1,64549-15-1,True,True,CCCC(=O)C(CC)SC,CCCC(=O)C(CC)SC,True,green;mint;herbal;vegetable
MOL_003362,Acetaldehyde butyl phenethyl acetal,64577-91-9,64577-91-9,True,True,CCCCOC(C)OCCc1ccccc1,CCCCOC(C)OCCc1ccccc1,True,green;vegetable
MOL_003363,Methylthiopropionic acid,646-01-5,646-01-5,True,True,CSCCC(=O)O,CSCCC(=O)O,True,roasted;green;fruity;cocoa;tropical;sulfurous;cheesy
MOL_003364,Methylpentanoic acid,646-07-1,646-07-1,True,True,CC(C)CCC(=O)O,CC(C)CCC(=O)O,True,sour;pungent;cheesy
MOL_003365,Isobutyl stearate,646-13-9,646-13-9,True,True,CCCCCCCCCCCCCCCCCC(=O)OCC(C)C,CCCCCCCCCCCCCCCCCC(=O)OCC(C)C,True,odorless
MOL_003366,"1,5-undecadien-4-ol",64677-46-9,64677-46-9,True,True,CCCCCC=CC(CC=C)O,C=CCC(O)C=CCCCCC,True,green;earthy;mushroom
MOL_003367,"1,5-undecadien-4-yl acetate",64677-48-1,64677-48-1,True,True,C=CCC(C=CCCCCC)OC(C)=O,C=CCC(C=CCCCCC)OC(C)=O,True,green;fatty
MOL_003368,Benzyl nonanoate,6471-66-5,6471-66-5,True,True,CCCCCCCCC(=O)OCc1ccccc1,CCCCCCCCC(=O)OCc1ccccc1,True,fatty;fresh;balsamic;floral;sweet
MOL_003369,laevo-carvone,6485-40-1,6485-40-1,True,True,CC1=CC[C@H](CC1=O)C(=C)C,C=C(C)[C@@H]1CC=C(C)C(=O)C1,True,sweet;mint;herbal
MOL_003370,tagette carboxylate,6493-80-7,6493-80-7,True,True,CC1(CCC=CC1)C(=O)OC,COC(=O)C1(C)CC=CCC1,True,herbal;floral;camphoreous;sweet
MOL_003371,Ethyl methoxybenzyl ether,64988-06-3,64988-06-3,True,True,CCOCc1ccccc1OC,CCOCc1ccccc1OC,True,rose;fresh;tea;aromatic;floral;sweet
MOL_003372,Benzoic acid,65-85-0,65-85-0,True,True,O=C(O)c1ccccc1,O=C(O)c1ccccc1,True,balsamic
MOL_003373,sandal pentenone,65113-95-3,65113-95-3,True,True,CC1=CCC(C1(C)C)C/C=C(\C)/C(=O)C,CC(=O)/C(C)=C/CC1CC=C(C)C1(C)C,True,woody;orris;floral
MOL_003374,sandal pentanol,65113-99-7,65113-99-7,True,True,CC1=CCC(C1(C)C)CCC(C)C(C)O,CC1=CCC(CCC(C)C(C)O)C1(C)C,True,woody;waxy;oily;creamy
MOL_003375,methyl cyclopentapyrazine,65128-99-6,65128-99-6,True,True,CC1C=Cc2c1nccn2,CC1C=Cc2nccnc21,True,roasted
MOL_003376,Propyl nonanoate,6513-03-7,6513-03-7,True,True,CCCCCCCCC(=O)OCCC,CCCCCCCCC(=O)OCCC,True,fruity;winey;melon;fermented
MOL_003377,Trimethylhexyl propionate,65155-45-5,65155-45-5,True,True,CCC(=O)OCCCCCCC(C)C,CCC(=O)OCCCCCCC(C)C,True,fresh;floral;herbal
MOL_003378,Octadienone,65213-86-7,65213-86-7,True,True,CCC=CC=CC(C)=O,CCC=CC=CC(C)=O,True,green;earthy;fishy;metallic;mushroom
MOL_003379,Dimethylethoxyfuranone,65330-49-6,65330-49-6,True,True,CCOC1=C(C)OC(C)C1=O,CCOC1=C(C)OC(C)C1=O,True,caramellic;roasted;fruity;strawberry;berry;sweet
MOL_003380,Pentadecenal,65398-36-9,65398-36-9,True,True,CCCCCCCCCCCCC=CC=O,CCCCCCCCCCCCC=CC=O,True,oily;chicken
MOL_003381,Trithiaheptane,6540-86-9,6540-86-9,True,True,CCCCSSS,CCCCSSS,True,radish;onion;horseradish
MOL_003382,Methoxymethylcinnamaldehyde,65405-67-6,65405-67-6,True,True,COc1ccc(/C=C(/C)C=O)cc1,COc1ccc(/C=C(/C)C=O)cc1,True,cinnamon;spicy;floral;fruity
MOL_003383,Hydroxymethylheptanone,65405-68-7,65405-68-7,True,True,CCCCC(CO)C(C)=O,CCCCC(CO)C(C)=O,True,fruity;spicy;herbal
MOL_003384,Decenal,65405-70-1,65405-70-1,True,True,CCCCC/C=C/CCC=O,CCCCC/C=C/CCC=O,True,fruity;fresh;orange;citrus
MOL_003385,amber formate,65405-72-3,65405-72-3,True,True,CC1CCC2(C(=CCCC2(C1OC=O)C)C)C,CC1=CCCC2(C)C(OC=O)C(C)CCC12C,True,dry;woody;balsamic;musty;orris
MOL_003386,Geranoxyacetaldehyde,65405-73-4,65405-73-4,True,True,CC(C)=CCC/C(C)=C/COCC=O,CC(C)=CCC/C(C)=C/COCC=O,True,rose;fresh;aldehydic;floral
MOL_003387,Hexenyl anthranilate,65405-76-7,65405-76-7,True,True,CC/C=C\CCOC(=O)c1ccccc1N,CC/C=C\CCOC(=O)c1ccccc1N,True,fruity;grape;sweet
MOL_003388,Hexenyl salicylate,65405-77-8,65405-77-8,True,True,CC/C=C/CCOC(=O)c1ccccc1O,CC/C=C/CCOC(=O)c1ccccc1O,True,green;woody;balsamic;floral;sweet
MOL_003389,Hexenyl butenoate,65405-80-3,65405-80-3,True,True,C/C=C/C(=O)OCC/C=C/CC,C/C=C/C(=O)OCC/C=C/CC,True,green;fruity;apple;tropical
MOL_003390,Trimethylcyclohexenylmethylbutanal,65405-84-7,65405-84-7,True,True,CC1=CCCC(C)(C)C1C(C)CCC=O,CC1=CCCC(C)(C)C1C(C)CCC=O,True,woody;orris
MOL_003391,Maltol isobutyrate,65416-14-0,65416-14-0,True,True,Cc1occc(=O)c1OC(=O)C(C)C,Cc1occc(=O)c1OC(=O)C(C)C,True,strawberry;caramellic;sweet
MOL_003392,Benzyl butenoate,65416-24-2,65416-24-2,True,True,C/C=C/C(=O)OCc1ccccc1,C/C=C/C(=O)OCc1ccccc1,True,spicy;warm;herbal
MOL_003393,beta-ionyl ethyl ether,65416-26-4,65416-26-4,True,True,CCOC(C)/C=C/C1=C(CCCC1(C)C)C,CCOC(C)/C=C/C1=C(C)CCCC1(C)C,True,fruity;apricot;berry;woody;floral
MOL_003394,Vitispirane,65416-59-3,65416-59-3,True,True,C=C1C=CCC(C)(C)C12CCC(C)O2,C=C1C=CCC(C)(C)C12CCC(C)O2,True,green;fruity;earthy;woody;winey;floral
MOL_003395,Dodecenoic acid,65423-25-8,65423-25-8,True,True,C=CCCCCCCCCCC(=O)O,C=CCCCCCCCCCC(=O)O,True,fatty;citrus
MOL_003396,isobutyl quinoline,65442-31-1,65442-31-1,True,True,CCC(C)C1=CC2=C(C=C1)N=CC=C2,CCC(C)c1ccc2ncccc2c1,True,leathery;earthy;musty;woody
MOL_003397,fruity cyclopentanone,65443-14-3,65443-14-3,True,True,CCCCCC1(CCC(C1=O)(C)C)C,CCCCCC1(C)CCC(C)(C)C1=O,True,fruity;peach;apricot;jasmine;milky;herbal
MOL_003398,Phenylpropylpyrazole,65504-93-0,65504-93-0,True,True,c1ccc(CCCc2cc[nH]n2)cc1,c1ccc(CCCc2cc[nH]n2)cc1,True,roasted;aromatic;burnt
MOL_003399,Ethoxymethylpyrazine,65504-94-1,65504-94-1,True,True,CCOCc1cnccn1,CCOCc1cnccn1,True,roasted;earthy;nutty;pineapple
MOL_003400,Hexyl Ketodioxane,65504-97-4,65504-97-4,True,True,CCCCCCC1COC(=O)CO1,CCCCCCC1COC(=O)CO1,True,creamy;fatty;nutty;sweet;buttery
MOL_003401,Dimethylthiofuroylfuran,65505-16-0,65505-16-0,True,True,Cc1coc(C(=O)c2cccs2)c1C,Cc1coc(C(=O)c2cccs2)c1C,True,sulfurous;meaty
MOL_003402,Methyl methylfuryl disulfide,65505-17-1,65505-17-1,True,True,CSSc1ccoc1C,CSSc1ccoc1C,True,roasted;meaty;coffee;brothy;sulfurous
MOL_003403,Dimethylvinylthiazole,65505-18-2,65505-18-2,True,True,C=Cc1sc(C)nc1C,C=Cc1sc(C)nc1C,True,nutty;meaty
MOL_003404,Isobutyl methylanthranilate,65505-24-0,65505-24-0,True,True,CNc1ccccc1C(=O)OCC(C)C,CNc1ccccc1C(=O)OCC(C)C,True,fruity;floral;sweet;citrus
MOL_003405,Tetrahydrofurfuryl cinnamate,65505-25-1,65505-25-1,True,True,O=C(C=Cc1ccccc1)OCC1CCCO1,O=C(C=Cc1ccccc1)OCC1CCCO1,True,balsamic;winey;sweet;spicy
MOL_003406,Methylfurfurylthiopyrazine,65530-53-2,65530-53-2,True,True,Cc1nccnc1SCc1ccco1,Cc1nccnc1SCc1ccco1,True,caramellic;meaty;roasted;nutty;coffee
MOL_003407,ambroxide,65588-69-4,65588-69-4,True,True,CC1(CCCC2(C1CCC3C2CCO3)C)C,CC1(C)CCCC2(C)C3CCOC3CCC12,True,dry;balsamic;musk;woody;pine;green;nutty
MOL_003408,Sulfurol acetate,656-53-1,656-53-1,True,True,CC(=O)OCCc1scnc1C,CC(=O)OCCc1scnc1C,True,nutty;chicken;brothy;bread;beefy
MOL_003409,Hexyl nonanoate,6561-39-3,6561-39-3,True,True,CCCCCCCCC(=O)OCCCCCC,CCCCCCCCC(=O)OCCCCCC,True,green;oily;nutty;cognac;winey
MOL_003410,6-hydroxydihydrotheaspirane (mixture of isomers),65620-50-0,65620-50-0,True,True,CC1CCC2(O1)C(CCCC2(C)O)(C)C,CC1CCC2(O1)C(C)(C)CCCC2(C)O,True,camphoreous;pine;woody;earthy;green;mint
MOL_003411,hexyl (Z)-tiglate,65652-33-7,65652-33-7,True,True,CCCCCCOC(=O)C(/C)=C\C,C/C=C(/C)C(=O)OCCCCCC,True,green;floral;jasmine
MOL_003412,Octenylcyclopentanone,65737-52-2,65737-52-2,True,True,CCCCC/C=C/CC1CCCC1=O,CCCCC/C=C/CC1CCCC1=O,True,creamy;apple;green;fruity;melon;waxy;jasmine;peach
MOL_003413,Hydratropyl methyl ether,65738-46-7,65738-46-7,True,True,COCC(C)c1ccccc1,COCC(C)c1ccccc1,True,floral;sharp
MOL_003414,"(Z)-1,5-octadien-3-one",65767-22-8,65767-22-8,True,True,CC/C=C\CC(=O)C=C,C=CC(=O)C/C=C\CC,True,floral;metallic
MOL_003415,Phenylpropyl isobutyrate,65813-53-8,65813-53-8,True,True,CC(C)C(=O)OC[C@@H](C)c1ccccc1,CC(C)C(=O)OC[C@@H](C)c1ccccc1,True,fruity;balsamic;sweet
MOL_003416,Dimethylbenzofuranone,65817-24-5,65817-24-5,True,True,Cc1cccc2c1C(C)C(=O)O2,Cc1cccc2c1C(C)C(=O)O2,True,hay;coconut;sweet;coumarinic
MOL_003417,Dipropenylsulfide,65819-74-1,65819-74-1,True,True,C/C=C/S/C=C/C,C/C=C/S/C=C/C,True,onion;garlic;pungent;savory
MOL_003418,Mercaptopinane,6588-78-9,6588-78-9,True,True,CC1(C)C2CCC(CS)C1C2,CC1(C)C2CCC(CS)C1C2,True,green;sulfurous;fruity;tropical
MOL_003419,Methylthiomethylphenylpropenal,65887-08-3,65887-08-3,True,True,CSC/C(C=O)=C/c1ccccc1,CSC/C(C=O)=C/c1ccccc1,True,green;cabbage;onion;vegetable
MOL_003420,Butyldimethylthiazoline,65894-82-8,65894-82-8,True,True,CCC(C)C1N=C(C)C(C)S1,CCC(C)C1N=C(C)C(C)S1,True,roasted;nutty;herbal;vegetable;chocolate
MOL_003421,Dimethylisobutylthiazoline,65894-83-9,65894-83-9,True,True,CC1=NC(CC(C)C)SC1C,CC1=NC(CC(C)C)SC1C,True,meaty;roasted;green;nutty;burnt;vegetable;sweet;chocolate
MOL_003422,Isoamyl isovalerate,659-70-1,659-70-1,True,True,CC(C)CCOC(=O)CC(C)C,CC(C)CCOC(=O)CC(C)C,True,apple;apricot;green;fruity;tropical;cognac;pineapple
MOL_003423,"(Z,Z)-2,4-decadienal",65909-91-3,65909-91-3,True,True,CCCCC/C=C\C=C/C=O,CCCCC/C=C\C=C/C=O,True,fishy
MOL_003424,Hexanal,66-25-1,66-25-1,True,True,CCCCCC=O,CCCCCC=O,True,grassy;green;fatty;fruity
MOL_003425,herbal norbornane,66062-78-0,66062-78-0,True,True,CC(C1C2CCC(C2)C1(C)C)O,CC(O)C1C2CCC(C2)C1(C)C,True,sweet;fresh;woody;earthy;herbal
MOL_003426,sandal cyclohexanol,66068-84-6,66068-84-6,True,True,CC1C2CC(C1(C)C)CC2C3CCC(CC3)O,CC1C2CC(CC2C2CCC(O)CC2)C1(C)C,True,woody;fresh;sweet;balsamic
MOL_003427,(R)-sandal hexanol,66072-32-0,66072-32-0,True,True,CC1(C2CCC1(C(C2)C3CCC(CC3)O)C)C,CC1(C)C2CCC1(C)C(C1CCC(O)CC1)C2,True,woody;fresh;sweet;balsamic
MOL_003428,Methyl furfuryl trisulfide,66169-00-4,66169-00-4,True,True,CSSSCc1ccco1,CSSSCc1ccco1,True,pungent;coffee;roasted
MOL_003429,Methyl tiglate,6622-76-0,6622-76-0,True,True,C/C=C(/C)C(=O)OC,C/C=C(/C)C(=O)OC,True,fruity;herbal;ethereal;rum
MOL_003430,Acetaldehyde benzyl ethyl acetal,66222-24-0,66222-24-0,True,True,CCOC(C)OCc1ccccc1,CCOC(C)OCc1ccccc1,True,green;fruity;sweet
MOL_003431,Heptyl hexanoate,6624-58-4,6624-58-4,True,True,CCCCCC(=O)OC(C)CCCCC,CCCCCC(=O)OC(C)CCCCC,True,green;fruity;tropical;sweet
MOL_003432,Anisyl hexanoate: Anisyl caproate,6624-60-8,6624-60-8,True,True,CCCCCC(=O)OCc1ccc(OC)cc1,CCCCCC(=O)OCc1ccc(OC)cc1,True,fruity;apricot;sweet
MOL_003433,Dodecyl isobutyrate,6624-71-1,6624-71-1,True,True,CCCCCCCCCCCCOC(=O)C(C)C,CCCCCCCCCCCCOC(=O)C(C)C,True,oily;fatty;milky;waxy;buttery
MOL_003434,"2,5,6-trimethyl-2-heptanol",66256-48-2,66256-48-2,True,True,CC(C)C(C)CCC(C)(C)O,CC(C)C(C)CCC(C)(C)O,True,floral;fruity
MOL_003435,Allyldimethoxyphenol,6627-88-9,6627-88-9,True,True,C=CCc1cc(OC)c(O)c(OC)c1,C=CCc1cc(OC)c(O)c(OC)c1,True,spicy;meaty;burnt;phenolic;smoky
MOL_003436,Dithiahexane,6628-18-8,6628-18-8,True,True,CSCCSC,CSCCSC,True,sulfurous;alliaceous;garlic;dairy
MOL_003437,green carbaldehyde,66327-54-6,66327-54-6,True,True,CC(C)CCCC1=CCC(CC1)(C)C=O,CC(C)CCCC1=CCC(C)(C=O)CC1,True,fresh;green;aldehydic;metallic;citrus;waxy
MOL_003438,4-propenyl syringol,6635-22-9,6635-22-9,True,True,CC=CC1=CC(=C(C(=C1)OC)O)OC,CC=Cc1cc(OC)c(O)c(OC)c1,True,sweet;spicy
MOL_003439,Methyldimethoxyphenol,6638-05-7,6638-05-7,True,True,COc1cc(C)cc(OC)c1O,COc1cc(C)cc(OC)c1O,True,medicinal;phenolic;smoky;spicy
MOL_003440,Citronellal ethylene glycol acetal,66512-92-3,66512-92-3,True,True,CC(C)=CCCC(C)CC1OCCO1,CC(C)=CCCC(C)CC1OCCO1,True,green;floral;sweet;herbal
MOL_003441,Isopropyl methylbutyrate,66576-71-4,66576-71-4,True,True,CCC(C)C(=O)OC(C)C,CCC(C)C(=O)OC(C)C,True,apple;green;fruity;pineapple;sweet
MOL_003442,cyclamen homoaldehyde,6658-48-6,6658-48-6,True,True,CC(C)CC1=CC=C(C=C1)CC(C)C=O,CC(C)Cc1ccc(CC(C)C=O)cc1,True,floral;green;tropical;oily;fresh;balsamic
MOL_003443,Dimethylpentenoic acid,66634-97-7,66634-97-7,True,True,C/C(=C\C(C)C)C(=O)O,C/C(=C\C(C)C)C(=O)O,True,ripe;fruity;animal;cheesy
MOL_003444,Heptenol,66642-85-1,66642-85-1,True,True,CCCCCC=CO,CCCCCC=CO,True,fruity;fatty
MOL_003445,Decatrienal,66642-86-2,66642-86-2,True,True,CC/C=C\C/C=C/C=C/C=O,CC/C=C\C/C=C/C=C/C=O,True,fatty;fishy
MOL_003446,tonkavert,66848-40-6,66848-40-6,True,True,CC1CC(CC(=C1)C)C#N,CC1=CC(C)CC(C#N)C1,True,coumarinic;tobacco
MOL_003447,hexyl oxyacetonitrile,66912-24-1,66912-24-1,True,True,N#CCOCCCCCC,CCCCCCOCC#N,True,floral;herbal;fatty;violet
MOL_003448,Hydroxymethylfurfural,67-47-0,67-47-0,True,True,O=Cc1ccc(CO)o1,O=Cc1ccc(CO)o1,True,hay;winey;herbal
MOL_003449,Isopropyl alcohol,67-63-0,67-63-0,True,True,CC(C)O,CC(C)O,True,alcoholic
MOL_003450,Acetone,67-64-1,67-64-1,True,True,CC(C)=O,CC(C)=O,True,solvent
MOL_003451,dimethyl sulfoxide,67-68-5,67-68-5,True,True,CS(=O)C,CS(C)=O,True,fatty;oily;cheesy;garlic;mushroom;fresh
MOL_003452,Ethyl tolyloxyacetate,67028-40-4,67028-40-4,True,True,CCOC(=O)COc1ccc(C)cc1,CCOC(=O)COc1ccc(C)cc1,True,fruity;nutty;cocoa;honey;anisic;cherry
MOL_003453,musk decanolide,6707-60-4,6707-60-4,True,True,C1CCCCCOCCCCOC(=O)CCCC1,O=C1CCCCCCCCCCOCCCCO1,True,musk;woody;sweet;waxy;fruity
MOL_003454,Decenolactone,67114-38-9,67114-38-9,True,True,CCC=CCCC1CCC(=O)O1,CCC=CCCC1CCC(=O)O1,True,creamy;green;fruity;tropical;peach;floral;sweet
MOL_003455,Methylbutyl octanoate,67121-39-5,67121-39-5,True,True,CCCCCCCC(=O)OC(C)CCC,CCCCCCCC(=O)OC(C)CCC,True,green;oily;fruity;fatty;waxy;winey
MOL_003456,Ethyl decenoate,67233-91-4,67233-91-4,True,True,C=CCCCCCCCC(=O)OCC,C=CCCCCCCCC(=O)OCC,True,oily;fruity;woody
MOL_003457,Propanal ethyl isobutyl acetal,67234-04-2,67234-04-2,True,True,CCOC(CC)OCC(C)C,CCOC(CC)OCC(C)C,True,green;cognac;ethereal
MOL_003458,Dimercaptomethane,6725-64-0,6725-64-0,True,True,SCS,SCS,True,meaty
MOL_003459,(E)-2-hexenal,6728-26-3,6728-26-3,True,True,CCC/C=C/C=O,CCC/C=C/C=O,True,green;banana;aldehydic;fatty;cheesy;sharp;fresh;leafy;fruity;herbal;spicy
MOL_003460,Heptenal,6728-31-0,6728-31-0,True,True,CC/C=C\CCC=O,CC/C=C\CCC=O,True,green;creamy;vegetable
MOL_003461,Hydroxymethoxybenzaldehyde,673-22-3,673-22-3,True,True,COc1ccc(C=O)c(O)c1,COc1ccc(C=O)c(O)c1,True,aromatic
MOL_003462,Allo-ocimene,673-84-7,673-84-7,True,True,C/C=C(C)/C=C/C=C(C)C,C/C=C(C)/C=C/C=C(C)C,True,herbal
MOL_003463,Trimethylhexyl formate,67355-38-8,67355-38-8,True,True,CC(CCOC=O)CC(C)(C)C,CC(CCOC=O)CC(C)(C)C,True,green;woody;herbal
MOL_003464,Dimethylanisole,6738-23-4,6738-23-4,True,True,COc1ccc(C)cc1C,COc1ccc(C)cc1C,True,earthy;spicy;nutty;herbal
MOL_003465,Acetylthiazolidine,67399-73-9,67399-73-9,True,True,CC(=O)C1NCCS1,CC(=O)C1NCCS1,True,nutty;fishy;popcorn;meaty
MOL_003466,Megastigmadienone,67401-27-8,67401-27-8,True,True,C=CCCC1=C(C)C(=O)CCC1(C)C,C=CCCC1=C(C)C(=O)CCC1(C)C,True,woody;fruity;floral;tobacco
MOL_003467,Dimethyltetrathiane,67411-27-2,67411-27-2,True,True,CC1(C)CSSSS1,CC1(C)CSSSS1,True,garlic;onion;sulfurous
MOL_003468,Decenyl acetate,67452-27-1,67452-27-1,True,True,CCCCC/C=C\CCCOC(C)=O,CCCCC/C=C\CCCOC(C)=O,True,rose;citrus;fruity;fatty;waxy;herbal;floral
MOL_003469,mesitene lactone,675-09-2,675-09-2,True,True,CC1=CC(=O)OC(=C1)C,Cc1cc(C)oc(=O)c1,True,sweet;caramellic;green;anisic;balsamic
MOL_003470,Nonadienal,6750-03-4,6750-03-4,True,True,CCCC/C=C/C=C/C=O,CCCC/C=C/C=C/C=O,True,fatty;nutty;chicken
MOL_003471,spathulenol,6750-60-3,6750-60-3,True,True,C[C@@]1(CC[C@@H]2[C@@H]1[C@H]3[C@H](C3(C)C)CCC2=C)O,C=C1CC[C@@H]2[C@H]([C@H]3[C@H]1CC[C@]3(C)O)C2(C)C,True,earthy;herbal;fruity
MOL_003472,Humulene,6753-98-6,6753-98-6,True,True,C/C1=C\CC/C(C)=C/CC(C)(C)/C=C/C1,C/C1=C\CC/C(C)=C/CC(C)(C)/C=C/C1,True,earthy;woody;balsamic
MOL_003473,zingiberol,6754-68-3,6754-68-3,True,True,CC12CCCC(=C)C1CC(CC2)CC(C)(C)O,C=C1CCCC2(C)CCC(CC(C)(C)O)CC12,True,spicy
MOL_003474,herbal cyclohexane,67583-77-1,67583-77-1,True,True,CCOC1CC(CC(C1)(C)C)C,CCOC1CC(C)CC(C)(C)C1,True,green;fruity;herbal
MOL_003475,(S)-citronellyl acetate,67601-05-2,67601-05-2,True,True,C[C@@H](CCC=C(C)C)CCOC(=O)C,CC(=O)OCC[C@@H](C)CCC=C(C)C,True,fresh;fruity;citrus;rose;sweet
MOL_003476,licorice diethyl acetal,67633-92-5,67633-92-5,True,True,O(CC)C(OCC)C3CC1CC3C2\C=C/CC12,CCOC(OCC)C1CC2CC1C1C=CCC21,True,fruity;herbal;anisic;floral
MOL_003477,Resedolan,67633-94-7,67633-94-7,True,True,CC1CC(C)(C)OC(Cc2ccccc2)O1,CC1CC(C)(C)OC(Cc2ccccc2)O1,True,green;balsamic;floral
MOL_003478,Hexenyl methyl carbonate,67633-96-9,67633-96-9,True,True,CC/C=C/CCOC(=O)OC,CC/C=C/CCOC(=O)OC,True,green;violet
MOL_003479,Mercaptopentanone,67633-97-0,67633-97-0,True,True,CCC(S)C(C)=O,CCC(S)C(C)=O,True,meaty;savory;catty
MOL_003480,santalyl butyrate,67633-99-2,67633-99-2,True,True,CCCC(=O)OC/C(=C/CCC1(C2CC3C1(C3C2)C)C)/C,CCCC(=O)OC/C(C)=C/CCC1(C)C2CC3C(C2)C31C,True,woody;balsamic;fruity;rose;nutty
MOL_003481,Allyl isoamyloxyacetate,67634-00-8,67634-00-8,True,True,C=CCOC(=O)COCCC(C)C,C=CCOC(=O)COCCC(C)C,True,apple;green;fruity;herbal;pineapple
MOL_003482,Allyl methylbutoxyacetate,67634-01-9,67634-01-9,True,True,C=CCOC(=O)COCC(C)CC,C=CCOC(=O)COCC(C)CC,True,green;fruity;herbal
MOL_003483,phenyl acetaldehyde digeranyl acetal,67634-02-0,67634-02-0,True,True,O(C(OCC=C(C)CC\C=C(/C)C)Cc1ccccc1)CC=C(C)CC\C=C(/C)C,CC(C)=CCCC(C)=CCOC(Cc1ccccc1)OCC=C(C)CCC=C(C)C,True,floral;rose;green;orris;tropical
MOL_003484,"3,5,6-neocyclocitral",67634-07-5,67634-07-5,True,True,CC1C=C(CC(C1C)C=O)C,CC1=CC(C)C(C)C(C=O)C1,True,fresh;green;leafy;herbal;floral
MOL_003485,patchouli cyclohexanol,67634-11-1,67634-11-1,True,True,CC1CCC(C(C1)C(C)(C)C)O,CC1CCC(O)C(C(C)(C)C)C1,True,fresh;mint;earthy;woody
MOL_003486,leerall / methyl anthranilate schiff's base,67634-12-2,67634-12-2,True,True,CC(C)(CCCC1=CCC(CC1)C=NC2=CC=CC=C2C(=O)OC)O,COC(=O)c1ccccc1N=CC1CC=C(CCCC(C)(C)O)CC1,True,fresh;floral;sweet
MOL_003487,Ethyldimethylhydrocinamaldehyde,67634-15-5,67634-15-5,True,True,CCc1ccc(CC(C)(C)C=O)cc1,CCc1ccc(CC(C)(C)C=O)cc1,True,aldehydic;floral
MOL_003488,tricyclodecenyl isobutyrate,67634-20-2,67634-20-2,True,True,CC(C)C(=O)OC1CC2CC1C3C2CC=C3,CC(C)C(=O)OC1CC2CC1C1C=CCC21,True,fruity;balsamic;chocolate;anisic;herbal
MOL_003489,"2,4-dimethyl cyclohexyl methyl acetate",67634-22-4,67634-22-4,True,True,CC1CCC(C(C1)C)COC(=O)C,CC(=O)OCC1CCC(C)CC1C,True,floral;woody;mint;sweet;grapefruit
MOL_003490,Phenylpropanal propylene glycol acetal,67634-23-5,67634-23-5,True,True,CC1COC(C(C)c2ccccc2)O1,CC1COC(C(C)c2ccccc2)O1,True,green;fruity;melon;fresh;mushroom
MOL_003491,"2,4-dimethyl-3-cyclohexene-1-methanyl acetate",67634-25-7,67634-25-7,True,True,CC1CC(CC(=C1)C)COC(=O)C,CC(=O)OCC1CC(C)=CC(C)C1,True,citrus;floral;green;grapefruit
MOL_003492,pepperwood,67643-70-3,67643-70-3,True,True,CC(=CCCC(C)(C=C)OC(=O)N(C)C)C,C=CC(C)(CCC=C(C)C)OC(=O)N(C)C,True,spicy
MOL_003493,Propylsyringol,6766-82-1,6766-82-1,True,True,CCCc1cc(OC)c(O)c(OC)c1,CCCc1cc(OC)c(O)c(OC)c1,True,phenolic;spicy;burnt;smoky
MOL_003494,Phenethyl pivalate,67662-96-8,67662-96-8,True,True,CC(C)(C)C(=O)OCCc1ccccc1,CC(C)(C)C(=O)OCCc1ccccc1,True,rose
MOL_003495,Methyldecalactone,67663-01-8,67663-01-8,True,True,CCCCCCC1OC(=O)CC1C,CCCCCCC1OC(=O)CC1C,True,green;fruity;milky;waxy;jasmine;peach
MOL_003496,Nonadienal diethyl acetal,67674-36-6,67674-36-6,True,True,CC/C=C/CC/C=C/C(OCC)OCC,CC/C=C/CC/C=C/C(OCC)OCC,True,green;melon;violet;fresh;cucumber
MOL_003497,Benzyl methylbutenoate,67674-41-3,67674-41-3,True,True,CC=C(C)C(=O)OCc1ccccc1,CC=C(C)C(=O)OCc1ccccc1,True,earthy;rose;mushroom
MOL_003498,Trimethylhexenal dimethyl acetal,67674-46-8,67674-46-8,True,True,COC(OC)C(C)(C)CC=C(C)C,COC(OC)C(C)(C)CC=C(C)C,True,citrus;fresh;grapefruit
MOL_003499,linalool oxide acetates,67689-50-3,67689-50-3,True,True,CC(=O)OC(C)(C)C1CCC(O1)(C)C=C,C=CC1(C)CCC(C(C)(C)OC(C)=O)O1,True,warm;fruity;woody
MOL_003500,Ethyl trimethylhexanoate,67707-75-9,67707-75-9,True,True,CCOC(=O)CC(C)CC(C)(C)C,CCOC(=O)CC(C)CC(C)(C)C,True,apple;fruity;winey;floral
MOL_003501,Methylpropyloxathiane,67715-80-4,67715-80-4,True,True,CCCC1CCOC(C)S1,CCCC1CCOC(C)S1,True,green;fruity;tropical;black currant;sulfurous
MOL_003502,methyl sandal,67739-11-1,67739-11-1,True,True,CCC(/C(=C/C1(CC2CC1C=C2)C)/C)O,CCC(O)/C(C)=C/C1(C)CC2C=CC1C2,True,woody;sweet
MOL_003503,(E)-2-hexenal diethyl acetal,67746-30-9,67746-30-9,True,True,CCC/C=C/C(OCC)OCC,CCC/C=C/C(OCC)OCC,True,green;spicy;dry;earthy;fatty;vegetable
MOL_003504,costus valerolactone,67770-79-0,67770-79-0,True,True,CCCCC1(CCC(=O)OC1)CC,CCCCC1(CC)CCC(=O)OC1,True,warm;fatty;animal;leathery;earthy;coconut
MOL_003505,phenyl acetaldehyde / methyl anthranilate schiff's base,67785-76-6,67785-76-6,True,True,COC(=O)C1=CC=CC=C1N=CCC2=CC=CC=C2,COC(=O)c1ccccc1N=CCc1ccccc1,True,floral;green;leafy;citrus
MOL_003506,Dimethyl benzyl carbinyl propionate,67785-77-7,67785-77-7,True,True,CCC(=O)OC(C)(C)Cc1ccccc1,CCC(=O)OC(C)(C)Cc1ccccc1,True,fruity;floral;sweet
MOL_003507,Ebanol®,67801-20-1,67801-20-1,True,True,CC1=CCC(/C=C\C(C)C(C)O)C1(C)C,CC1=CCC(/C=C\C(C)C(C)O)C1(C)C,True,musk
MOL_003508,herbal ketone,67801-33-6,67801-33-6,True,True,CCCCCCC(CO)C(=O)C,CCCCCCC(CO)C(C)=O,True,fresh;sweet;green;earthy;herbal
MOL_003509,Hydroxycitronellal-indole schiff base,67801-36-9,67801-36-9,True,True,CC(CCCC(C)(C)O)CC(n1ccc2ccccc21)n1ccc2ccccc21,CC(CCCC(C)(C)O)CC(n1ccc2ccccc21)n1ccc2ccccc21,True,jasmine;animal;floral
MOL_003510,orris butenone,67801-38-1,67801-38-1,True,True,CC1CC(=CC(C1\C=C\C(=O)C)C)C,CC(=O)/C=C/C1C(C)C=C(C)CC1C,True,floral;orris;violet;woody
MOL_003511,octanal / methyl anthranilate schiff's base,67801-44-9,67801-44-9,True,True,O=C(OC)c1ccccc1/N=C/CCCCCCC,CCCCCCC/C=N/c1ccccc1C(=O)OC,True,fresh;floral;grape;oily;fatty
MOL_003512,Heptenyl methylpropanoate,67801-45-0,67801-45-0,True,True,CCC/C=C/CCOC(=O)C(C)C,CCC/C=C/CCOC(=O)C(C)C,True,green;fruity;apple
MOL_003513,citral / methyl anthranilate schiff's base,67801-47-2,67801-47-2,True,True,CC(=CCC/C(=C/C=NC1=CC=CC=C1C(=O)OC)/C)C,COC(=O)c1ccccc1N=C/C=C(\C)CCC=C(C)C,True,fresh;sweet;lemon;floral;fruity
MOL_003514,spicy carbonate,67801-64-3,67801-64-3,True,True,CCOC(=O)OC1CCCCC1C(C)(C)C,CCOC(=O)OC1CCCCC1C(C)(C)C,True,spicy;woody;floral;green;herbal
MOL_003515,Vertoliff,67801-65-4,67801-65-4,True,True,CC1=CCC(C)C(C=O)C1,CC1=CCC(C)C(C=O)C1,True,green;aldehydic;citrus;herbal
MOL_003516,"5-acetyl-2-((2-furanyl methyl)thio) dihydro-2,5-dimethyl-3(2H)-furanone",67828-71-1,67828-71-1,True,True,CC(=O)C1(CC(=O)C(O1)(C)SCC2=CC=CO2)C,CC(=O)C1(C)CC(=O)C(C)(SCc2ccco2)O1,True,woody;coffee
MOL_003517,limonene aldehyde,6784-13-0,6784-13-0,True,True,CC1=CCC(CC1)C(C)CC=O,CC1=CCC(C(C)CC=O)CC1,True,citrus;green;aldehydic;herbal
MOL_003518,Methylpropoxypyrazine,67845-28-7,67845-28-7,True,True,CCCOc1cncc(C)n1,CCCOc1cncc(C)n1,True,green;vegetable;woody;earthy
MOL_003519,bark carbaldehyde,67845-30-1,67845-30-1,True,True,CC1=CC2CC(C1CC2C(C)C)C=O,CC1=CC2CC(C=O)C1CC2C(C)C,True,fresh;grassy;oily;green;spicy
MOL_003520,2-methyl-5-ethoxypyrazine,67845-34-5,67845-34-5,True,True,CCOC1=NC=C(N=C1)C,CCOc1cnc(C)cn1,True,nutty;roasted
MOL_003521,citronellal / methyl anthranilate schiff's base,67845-42-5,67845-42-5,True,True,CC(CCC=C(C)C)CC=NC1=CC=CC=C1C(=O)OC,COC(=O)c1ccccc1N=CCC(C)CCC=C(C)C,True,fresh;citrus;green;grassy;sharp;woody
MOL_003522,para-methyl phenoxyacetaldehyde,67845-46-9,67845-46-9,True,True,CC1=CC=C(C=C1)OCC=O,Cc1ccc(OCC=O)cc1,True,hay;melon;fresh;floral;fishy
MOL_003523,Dimethylnonadienol,67845-50-5,67845-50-5,True,True,CC(C)=CCC/C(C)=C/C(C)O,CC(C)=CCC/C(C)=C/C(C)O,True,pine;lemon;woody
MOL_003524,Trimethylcyclohexyl acetate,67859-96-5,67859-96-5,True,True,CC(=O)OC1CC(C)CC(C)(C)C1,CC(=O)OC1CC(C)CC(C)(C)C1,True,rose;fruity;herbal;sweet;mint
MOL_003525,Maltol butyrate,67860-01-9,67860-01-9,True,True,CCCC(=O)Oc1c(C)occc1=O,CCCC(=O)Oc1c(C)occc1=O,True,fruity;caramellic;berry
MOL_003526,Acetylmethylpyrimidine,67860-38-2,67860-38-2,True,True,CC(=O)c1ccnc(C)n1,CC(=O)c1ccnc(C)n1,True,caramellic;meaty;roasted;nutty;animal
MOL_003527,decanal / methyl anthranilate schiff's base,67874-67-3,67874-67-3,True,True,CCCCCCCCCC=NC1=CC=CC=C1C(=O)OC,CCCCCCCCCC=Nc1ccccc1C(=O)OC,True,fresh;fatty;waxy;sweet;dry;floral
MOL_003528,Geranyl anthranilate,67874-69-5,67874-69-5,True,True,CC(C)=CCC/C(C)=C/COC(=O)c1ccccc1N,CC(C)=CCC/C(C)=C/COC(=O)c1ccccc1N,True,fruity;floral
MOL_003529,conifer acetate,67874-72-0,67874-72-0,True,True,CCC(C)(C)C1CCCCC1OC(=O)C,CCC(C)(C)C1CCCCC1OC(C)=O,True,balsamic;woody;sweet;pine;berry;fruity
MOL_003530,dihydrocitronellyl phenyl acetate,67874-77-5,67874-77-5,True,True,CC(C)CCCC(C)CCOC(=O)CC1=CC=CC=C1,CC(C)CCCC(C)CCOC(=O)Cc1ccccc1,True,rose
MOL_003531,apricot isobutyrate,67874-78-6,67874-78-6,True,True,CC(C)C(=O)OC1CCC2CCCCC2C1,CC(C)C(=O)OC1CCC2CCCCC2C1,True,fruity;apricot;plum;rose
MOL_003532,Tetrahydrogeranyl butanoate,67874-80-0,67874-80-0,True,True,CCCC(=O)OCCC(C)CCCC(C)C,CCCC(=O)OCCC(C)CCCC(C)C,True,fruity;floral;rose
MOL_003533,cedryl methyl ether,67874-81-1,67874-81-1,True,True,C[C@@H]1CC[C@@H]2C13CC[C@@]([C@H](C3)C2(C)C)(C)OC,CO[C@]1(C)CCC23C[C@@H]1C(C)(C)[C@@H]2CC[C@H]3C,True,dry;musk;woody;musty
MOL_003534,Isopropylmethyldioxolane,67879-60-1,67879-60-1,True,True,CC1COC(C(C)C)O1,CC1COC(C(C)C)O1,True,ethereal;malty;green;fruity;cocoa;fermented;winey
MOL_003535,Hexenyl tiglate,67883-79-8,67883-79-8,True,True,C/C=C(/C)C(=O)OCC/C=C/CC,C/C=C(/C)C(=O)OCC/C=C/CC,True,green;vegetable;fruity;herbal
MOL_003536,Hexenal,6789-80-6,6789-80-6,True,True,CC/C=C\CC=O,CC/C=C\CC=O,True,grassy;green;fresh;leafy;pungent
MOL_003537,Hexyl benzoate,6789-88-4,6789-88-4,True,True,CCCCCCOC(=O)c1ccccc1,CCCCCCOC(=O)c1ccccc1,True,green;herbal;woody;balsamic;floral
MOL_003538,ambroxan,6790-58-5,6790-58-5,True,True,CC1(CCC[C@]2([C@H]1CC[C@@]3([C@@H]2CCO3)C)C)C,CC1(C)CCC[C@]2(C)[C@H]3CCO[C@]3(C)CC[C@@H]12,True,musk;sweet;balsamic;dry;woody;pine;green;nutty;tea
MOL_003539,prune glycidate,67905-40-2,67905-40-2,True,True,CC1=CCCC(C1/C=C/C2(C(O2)C(=O)OC)C)(C)C,COC(=O)C1OC1(C)/C=C/C1C(C)=CCCC1(C)C,True,fruity;berry;plum
MOL_003540,musk dodecane,67919-67-9,67919-67-9,True,True,CC12CCCC3(C1(CCC4C3(O4)C)C)CC2,CC12CCCC3(CC1)C1(C)OC1CCC23C,True,dry;musk;fresh;ethereal
MOL_003541,Lilac aldehyde,67920-63-2,67920-63-2,True,True,C=CC1(C)CCC(C(C)C=O)O1,C=CC1(C)CCC(C(C)C=O)O1,True,fresh;floral;sweet
MOL_003542,Trimethylhexanal diethyl acetal,67923-83-5,67923-83-5,True,True,CCOC(CCCCCC(C)C)OCC,CCOC(CCCCCC(C)C)OCC,True,green;floral;sweet
MOL_003543,alpha-amyl cinnamaldehyde / methyl anthranilate schiff's base,67924-13-4,67924-13-4,True,True,CCCCCC/C(=C\C1=CC=CC=C1)/C=NC2=CC=CC=C2C(=O)OC,CCCCCC/C(C=Nc1ccccc1C(=O)OC)=C\c1ccccc1,True,fresh;floral;fatty;waxy
MOL_003544,2-isopropyl-4-methyl-3-thiazoline,67936-13-4,67936-13-4,True,True,N\1=C(/C)CSC/1C(C)C,CC1=NC(C(C)C)SC1,True,roasted;sulfurous;sweet;cocoa;chocolate
MOL_003545,Methyl isohexyl carbinyl acetate,67952-57-2,67952-57-2,True,True,CC(=O)OC(C)CCCC(C)C,CC(=O)OC(C)CCCC(C)C,True,fruity;sweet
MOL_003546,Isopropylmethylthiopyrazine,67952-59-4,67952-59-4,True,True,CSc1nccnc1C(C)C,CSc1nccnc1C(C)C,True,meaty;roasted;green;earthy;woody
MOL_003547,Methylmethyldithiopropanal,67952-60-7,67952-60-7,True,True,CSSC(C)(C)C=O,CSSC(C)(C)C=O,True,aromatic;cocoa;chocolate
MOL_003548,Methylmethylthiopyrazine (mixture of isomers),67952-65-2,67952-65-2,True,True,CSc1nccnc1C,CSc1nccnc1C,True,meaty;roasted;nutty;hazelnut;burnt
MOL_003549,2-ethyl fenchol + arbanol,67952-68-5,67952-68-5,True,True,OC2(CC)C1(C)CCC(C1)C2(C)C,CCC1(O)C2(C)CCC(C2)C1(C)C,True,earthy
MOL_003550,isolongifolene epoxide,67999-56-8,67999-56-8,True,True,CC1(CCC2C3(C14CCC(C4)C3(C)C)O2)C,CC1(C)CCC2OC23C(C)(C)C2CCC13C2,True,dry;woody;citrus;herbal
MOL_003551,Thioglycolic acid,68-11-1,68-11-1,True,True,O=C(O)CS,O=C(O)CS,True,sulfurous
MOL_003552,acetaldehyde citronellyl methyl acetal,68039-24-7,68039-24-7,True,True,CC(CCC=C(C)C)CCOC(C)OC,COC(C)OCCC(C)CCC=C(C)C,True,citrus;lemon
MOL_003553,Amyl methylbutyrate,68039-26-9,68039-26-9,True,True,CCCCCOC(=O)C(C)CC,CCCCCOC(=O)C(C)CC,True,ripe;fruity;apple;banana
MOL_003554,geranyl nonanoate,68039-29-2,68039-29-2,True,True,CCCCCCCCC(=O)OC/C=C(\C)/CCC=C(C)C,CCCCCCCCC(=O)OC/C=C(\C)CCC=C(C)C,True,floral;green;rose
MOL_003555,isogreen methanoindene,68039-39-4,68039-39-4,True,True,CC(C)C(=O)OC1CC2CC1C3C2C=CC3,CC(C)C(=O)OC1CC2CC1C1CC=CC21,True,green;oily;sweet;woody;floral;jasmine
MOL_003556,peach pivalate,68039-44-1,68039-44-1,True,True,CC(C)(C)C(=O)OC1CC2CC1C3C2C=CC3,CC(C)(C)C(=O)OC1CC2CC1C1CC=CC21,True,fruity;peach;sweet;orris;green;floral
MOL_003557,phenethyl isopropyl ether,68039-47-4,68039-47-4,True,True,CC(C)OCCC1=CC=CC=C1,CC(C)OCCc1ccccc1,True,green;rose;solvent;metallic;spicy;leafy;vegetable
MOL_003558,"3,5-ivy carbaldehyde",68039-48-5,68039-48-5,True,True,CC1CC(CC(=C1)C)C=O,CC1=CC(C)CC(C=O)C1,True,green;aldehydic;leafy
MOL_003559,"2,4-ivy carbaldehyde",68039-49-6,68039-49-6,True,True,CC1C=C(CCC1C=O)C,CC1=CC(C)C(C=O)CC1,True,green;aldehydic;leafy;woody;sour;floral;citrus
MOL_003560,fig crotonate,68039-69-0,68039-69-0,True,True,C/C=C/C(=O)OC(C)C1CCCCC1,C/C=C/C(=O)OC(C)C1CCCCC1,True,waxy;fruity;green;plum;grape;brandy
MOL_003561,plum crotonate,68039-73-6,68039-73-6,True,True,C/C=C/C(=O)OC1CCCC1C2CCCC2,C/C=C/C(=O)OC1CCCC1C1CCCC1,True,fresh;fruity;plum;peach;tropical;floral;rose;violet
MOL_003562,2-para-cresyl oxyethyl acetate,6807-11-0,6807-11-0,True,True,CC1=CC=C(C=C1)OCCOC(=O)C,CC(=O)OCCOc1ccc(C)cc1,True,floral;jasmine;fruity;balsamic
MOL_003563,3-dodecenal,68083-57-8,68083-57-8,True,True,CCCCCCCCC=CCC=O,CCCCCCCCC=CCC=O,True,orange;citrus;spicy
MOL_003564,gardenia pentyl acetate,68083-58-9,68083-58-9,True,True,CC(CC(C)(C)C1=CC=CC=C1)OC(=O)C,CC(=O)OC(C)CC(C)(C)c1ccccc1,True,fresh;green;oily;floral;grapefruit;woody;balsamic
MOL_003565,Diisopentyl thiomalate,68084-03-7,68084-03-7,True,True,CC(C)CCOC(=O)CC(S)C(=O)OCCC(C)C,CC(C)CCOC(=O)CC(S)C(=O)OCCC(C)C,True,fermented;bread
MOL_003566,Citronellol,6812-78-8,6812-78-8,True,True,C=C(C)CCC[C@H](C)CCO,C=C(C)CCC[C@H](C)CCO,True,rose;citrus;waxy;floral;sweet
MOL_003567,allyl isononylate,68132-80-9,68132-80-9,True,True,CCC(C)(C)CCCC(=O)OCC=C,C=CCOC(=O)CCCC(C)(C)CC,True,fruity;rose;sweet;musk
MOL_003568,(Z)-3-hexen-1-yl oxyacetaldehyde,68133-72-2,68133-72-2,True,True,CC/C=C/CCOCC=O,CC/C=C/CCOCC=O,True,fresh;green;waxy;citrus;aldehydic
MOL_003569,isoamyl geranate,68133-73-3,68133-73-3,True,True,CC(C)CCOC(=O)\C=C(/C)\CCC=C(C)C,CC(C)=CCC/C(C)=C/C(=O)OCCC(C)C,True,rose;lemon;honey;hay
MOL_003570,(Z)-3-hexen-1-yl cinnamate,68133-75-5,68133-75-5,True,True,CC/C=C/CCOC(=O)/C=C/C1=CC=CC=C1,CC/C=C/CCOC(=O)/C=C/c1ccccc1,True,fresh;balsamic;green
MOL_003571,Hexenyl pyruvate,68133-76-6,68133-76-6,True,True,CC/C=C\CCOC(=O)C(C)=O,CC/C=C\CCOC(=O)C(C)=O,True,green;spicy;caramellic
MOL_003572,Hexenyl salicylate,68133-77-7,68133-77-7,True,True,CCC/C=C/COC(=O)c1ccccc1O,CCC/C=C/COC(=O)c1ccccc1O,True,aromatic;fresh
MOL_003573,Hexenyl phenylacetate,68133-78-8,68133-78-8,True,True,CCC/C=C/COC(=O)Cc1ccccc1,CCC/C=C/COC(=O)Cc1ccccc1,True,green;honey;rum
MOL_003574,Dimethyloctadienylcyclopentanone,68133-79-9,68133-79-9,True,True,CC(C)=CCC/C(C)=C/CC1CCCC1=O,CC(C)=CCC/C(C)=C/CC1CCCC1=O,True,apricot;fruity;fresh;peach
MOL_003575,musk methyl ketone,68140-48-7,68140-48-7,True,True,CC1C(C2=C(C1(C)C)C=C(C(=C2)C(=O)C)C)C(C)C,CC(=O)c1cc2c(cc1C)C(C)(C)C(C)C2C(C)C,True,dry;sweet;balsamic;musk;herbal;creamy
MOL_003576,Cresyl hexanoate,68141-11-7,68141-11-7,True,True,CCCCCC(=O)Oc1ccc(C)cc1,CCCCCC(=O)Oc1ccc(C)cc1,True,herbal;floral;animal
MOL_003577,Methylundecanal dimethyl acetal,68141-17-3,68141-17-3,True,True,CCCCCCCCCC(C)C(OC)OC,CCCCCCCCCC(C)C(OC)OC,True,green;lemon;waxy;aldehydic
MOL_003578,Phenethyl crotonate,68141-20-8,68141-20-8,True,True,C/C=C/C(=O)OCCc1ccccc1,C/C=C/C(=O)OCCc1ccccc1,True,rose;herbal;musty;sweet;dry
MOL_003579,dihydrocitronellal dimethyl acetal,68141-23-1,68141-23-1,True,True,CC(C)CCCC(C)CC(OC)OC,COC(CC(C)CCCC(C)C)OC,True,ethereal;rose
MOL_003580,Triisobutyltrioxane,68165-40-2,68165-40-2,True,True,CC(C)CC1OC(CC(C)C)OC(CC(C)C)O1,CC(C)CC1OC(CC(C)C)OC(CC(C)C)O1,True,creamy;vanilla;cocoa;floral;chocolate
MOL_003581,6(or 8)-isobutyl quinoline,68198-80-1,68198-80-1,True,True,CC(C)CC1=CC2=C(C=C1)N=CC=C2,CC(C)Cc1ccc2ncccc2c1,True,earthy;nutty;musty;woody;leathery;green
MOL_003582,geranyl oxyacetaldehyde,68213-87-6,68213-87-6,True,True,C\C(C)=C\CCC(C)=CCOCC=O,CC(C)=CCCC(C)=CCOCC=O,True,sweet;fresh;waxy;aldehydic;rose
MOL_003583,Tetrahydrogeranyl formate,68214-06-2,68214-06-2,True,True,CC(C)CCCC(C)CCOC=O,CC(C)CCCC(C)CCOC=O,True,spicy;green;fruity;fresh;floral
MOL_003584,Methylcyclopentenolone butyrate,68227-51-0,68227-51-0,True,True,CCCC(=O)OC1=C(C)CCC1=O,CCCC(=O)OC1=C(C)CCC1=O,True,creamy;caramellic;nutty;buttery
MOL_003585,triplal / ethyl anthranilate schiff's base,68228-09-1,68228-09-1,True,True,CCOC(=O)C1=CC=CC=C1NCC2CCC(=CC2C)C,CCOC(=O)c1ccccc1NCC1CCC(C)=CC1C,True,fresh;green;herbal;leafy;woody
MOL_003586,Citral hexylene glycol acetal,68258-94-6,68258-94-6,True,True,CC(C)=CCC/C(C)=C/C1OC(C)CC(C)(C)O1,CC(C)=CCC/C(C)=C/C1OC(C)CC(C)(C)O1,True,oily;lemon;citrus;herbal
MOL_003587,Methylheptenone propylene glycol acetal,68258-95-7,68258-95-7,True,True,CC(C)=CCCC1(C)OCC(C)O1,CC(C)=CCCC1(C)OCC(C)O1,True,green;fatty;fruity;citrus
MOL_003588,isofreshal,68259-31-4,68259-31-4,True,True,CC1=C2CC(C(C1)C(C2)C(C)C)C=O,CC1=C2CC(C=O)C(C1)C(C(C)C)C2,True,aldehydic;fatty;green;metallic
MOL_003589,woody octene,68259-33-6,68259-33-6,True,True,CC1=C2CC(C(C1)C(C2)C(=O)C)C(C)C,CC(=O)C1CC2=C(C)CC1C(C(C)C)C2,True,woody;fresh;spicy;balsamic
MOL_003590,fresh nitrile,68311-05-7,68311-05-7,True,True,CC1=CC2C(CC1CC2C(C)C)C#N,CC1=CC2C(C#N)CC1CC2C(C)C,True,green;woody;fresh
MOL_003591,Phenylacetaldehyde diisobutyl acetal,68345-22-2,68345-22-2,True,True,CC(C)COC(Cc1ccccc1)OCC(C)C,CC(C)COC(Cc1ccccc1)OCC(C)C,True,green;floral;sweet
MOL_003592,Menthyl isobutyrate,68366-65-4,68366-65-4,True,True,CC1CCC(C(C)C)C(OC(=O)C(C)C)C1,CC1CCC(C(C)C)C(OC(=O)C(C)C)C1,True,fruity;floral;sweet;herbal
MOL_003593,3-isopropenyl pentane dioic acid,6839-75-4,6839-75-4,True,True,C=C(C)C(CC(O)=O)CC(O)=O,C=C(C)C(CC(=O)O)CC(=O)O,True,savory;roasted
MOL_003594,TMH aldehyde,68391-29-7,68391-29-7,True,True,CC(CC(C)(C)C)C(C)C=O,CC(C=O)C(C)CC(C)(C)C,True,aldehydic;floral;citrus
MOL_003595,Nonanal propylene glycol acetal,68391-39-9,68391-39-9,True,True,CCCCCCCCC1OCC(C)O1,CCCCCCCCC1OCC(C)O1,True,citrus;green;fruity;fresh;floral
MOL_003596,Epithiomenthane,68398-18-5,68398-18-5,True,True,CC1CCC2CC1SC2(C)C,CC1CCC2CC1SC2(C)C,True,sulfurous;fruity;grapefruit;tropical
MOL_003597,4-dimethyl ionone,68459-99-4,68459-99-4,True,True,CC1=CCCC(C1/C=C/C(=O)C(C)C)(C)C,CC1=CCCC(C)(C)C1/C=C/C(=O)C(C)C,True,sweet;floral;violet;woody
MOL_003598,santal penten-2-ol,68480-04-6,68480-04-6,True,True,CC1=CCC(C1(C)C)C/C=C(\C)/C(C)O,CC1=CCC(C/C=C(\C)C(C)O)C1(C)C,True,oily;woody;spicy;orris
MOL_003599,dewy propionate,68480-06-8,68480-06-8,True,True,CCC(=O)OCCCCCCCCC=C,C=CCCCCCCCCOC(=O)CC,True,fresh;waxy;rose;floral;balsamic
MOL_003600,tetrahydromyrcenyl acetate,68480-08-0,68480-08-0,True,True,CCC(C)CCCC(C)(C)OC(=O)C,CCC(C)CCCC(C)(C)OC(C)=O,True,fresh;citrus;herbal;musty;woody
MOL_003601,grapefruit indene,68480-11-5,68480-11-5,True,True,C1CC2C(C1)C3CC2CC34CCCO4,C1CC2C3CC(C2C1)C1(CCCO1)C3,True,fresh;citrus;grapefruit;green;woody;floral
MOL_003602,methyl cyclocitrone (IFF),68480-14-8,68480-14-8,True,True,CC1C=C(CC(C1C)C(=O)C)C,CC(=O)C1CC(C)=CC(C)C1C,True,green;floral;earthy;dry;woody
MOL_003603,Dimethylcyclohexanemethanol,68480-15-9,68480-15-9,True,True,CC1CCC(CO)C(C)C1,CC1CCC(CO)C(C)C1,True,woody;floral;mint
MOL_003604,Tridecenol,68480-25-1,68480-25-1,True,True,CCCCCCCCCC/C=C/CO,CCCCCCCCCC/C=C/CO,True,waxy;citrus
MOL_003605,(E)-2-undecen-1-yl acetate,68480-27-3,68480-27-3,True,True,CCCCCCCC/C=C/COC(=O)C,CCCCCCCC/C=C/COC(C)=O,True,fresh;waxy;rose
MOL_003606,Prenyl formate,68480-28-4,68480-28-4,True,True,CC(C)=CCOC=O,CC(C)=CCOC=O,True,green;fruity;tomato;leafy;rum
MOL_003607,WS-5,68489-14-5,68489-14-5,True,True,CCOC(=O)CNC(=O)[C@@H]1C[C@@H](CC[C@H]1C(C)C)C,CCOC(=O)CNC(=O)[C@@H]1C[C@H](C)CC[C@H]1C(C)C,True,mint
MOL_003608,Vanillin propylene glycol acetal,68527-74-2,68527-74-2,True,True,COc1cc(C2OCC(C)O2)ccc1O,COc1cc(C2OCC(C)O2)ccc1O,True,creamy;vanilla;warm;sweet
MOL_003609,Ethyl vanillin propylene glycol acetal,68527-76-4,68527-76-4,True,True,CCOc1cc(C2OCC(C)O2)ccc1O,CCOc1cc(C2OCC(C)O2)ccc1O,True,sweet
MOL_003610,isocyclogeraniol (IFF),68527-77-5,68527-77-5,True,True,CC1CC(=CC(C1CO)C)C,CC1=CC(C)C(CO)C(C)C1,True,spicy;floral;herbal;green;woody
MOL_003611,phenyl acetaldehyde diisoamyl acetal,68555-28-2,68555-28-2,True,True,CC(C)CCOC(CC1=CC=CC=C1)OCCC(C)C,CC(C)CCOC(Cc1ccccc1)OCCC(C)C,True,herbal;green;floral
MOL_003612,(Z)-6-nonenal dimethyl acetal,68555-53-3,68555-53-3,True,True,CC/C=C\CCCCC(OC)OC,CC/C=C\CCCCC(OC)OC,True,fruity;green;melon;cucumber
MOL_003613,Citronellyl anthranilate,68555-57-7,68555-57-7,True,True,CC(C)=CCCC(C)CCOC(=O)c1ccccc1N,CC(C)=CCCC(C)CCOC(=O)c1ccccc1N,True,fruity;sweet;rose
MOL_003614,Prenyl salicylate,68555-58-8,68555-58-8,True,True,CC(C)=CCOC(=O)c1ccccc1O,CC(C)=CCOC(=O)c1ccccc1O,True,herbal;woody;floral;sweet
MOL_003615,tetrahydroionyl acetate,68555-59-9,68555-59-9,True,True,CC1CCCC(C1CCC(C)OC(=O)C)(C)C,CC(=O)OC(C)CCC1C(C)CCCC1(C)C,True,fruity;floral;berry
MOL_003616,isoamyl heptine carbonate,68555-60-2,68555-60-2,True,True,CCCCCC#CC(=O)OCCC(C)C,CCCCCC#CC(=O)OCCC(C)C,True,sweet;leafy;violet;green
MOL_003617,Isomethylionyl acetate,68555-61-3,68555-61-3,True,True,CC(=O)OC(C)/C(C)=C/C1C(C)=CCCC1(C)C,CC(=O)OC(C)/C(C)=C/C1C(C)=CCCC1(C)C,True,woody;fruity;aromatic;berry
MOL_003618,Maltol Propionate,68555-63-5,68555-63-5,True,True,CCC(=O)Oc1c(C)occc1=O,CCC(=O)Oc1c(C)occc1=O,True,fruity;strawberry;caramellic
MOL_003619,Nonadienyl acetate,68555-65-7,68555-65-7,True,True,CC/C=C\CC/C=C/COC(C)=O,CC/C=C\CC/C=C/COC(C)=O,True,apple;spicy;green;nutty;melon;violet;cucumber
MOL_003620,dimethyl ionone,68555-94-2,68555-94-2,True,True,CCC(=O)/C(=C/C1C(CC=CC1(C)C)C)/C,CCC(=O)/C(C)=C/C1C(C)CC=CC1(C)C,True,woody;orris;violet;berry
MOL_003621,trimethyl cyclohexene,68555-95-3,68555-95-3,True,True,CC1CCCC(=C1C)C,CC1=C(C)C(C)CCC1,True,citrus;lemon;herbal;pine
MOL_003622,menthadienyl formate,68683-20-5,68683-20-5,True,True,CC(C)C1=CCC(=CC1)CCOC=O,CC(C)C1=CCC(CCOC=O)=CC1,True,sweet;floral;fruity;herbal;mint
MOL_003623,jasimia,68683-25-0,68683-25-0,True,True,CCCCCCCC(COC(=O)C)OC(=O)C,CCCCCCCC(COC(C)=O)OC(C)=O,True,fresh;floral
MOL_003624,Methylthiobutyryltrimethylcyclohexene,68697-67-6,68697-67-6,True,True,CCCCC(=S)C1(C)CCCC(C)=C1C,CCCCC(=S)C1(C)CCCC(C)=C1C,True,cocoa;tea;sweet
MOL_003625,methyl vetivate,68698-57-7,68698-57-7,True,True,CC1=C(C2CC(C1(C2)C)C(=O)OC)C(=C)C,C=C(C)C1=C(C)C2(C)CC1CC2C(=O)OC,True,dry;woody;spicy;citrus
MOL_003626,(Z)-3-hexen-1-yl heptine carbonate,68698-58-8,68698-58-8,True,True,O=C(OCC\C=C/CC)C#CCCCCC,CC/C=C\CCOC(=O)C#CCCCCC,True,green;violet
MOL_003627,Hexenyl isovalerate,68698-59-9,68698-59-9,True,True,CCC/C=C/COC(=O)CC(C)C,CCC/C=C/COC(=O)CC(C)C,True,fruity;apple;tropical;buttery
MOL_003628,Geranyl methylbutyrate,68705-63-5,68705-63-5,True,True,CCC(C)C(=O)OC/C=C(\C)CCC=C(C)C,CCC(C)C(=O)OC/C=C(\C)CCC=C(C)C,True,apple;rose;fruity;peach;sweet
MOL_003629,Dimethyltetrahydrobenzaldehyde,68737-61-1,68737-61-1,True,True,CC1=CC(C)C(C=O)CC1,CC1=CC(C)C(C=O)CC1,True,green;leafy;floral;citrus
MOL_003630,ivy carbaldehyde / methyl anthranilate schiff's base,68738-99-8,68738-99-8,True,True,CC\1C=C(CC/C1=C\NC2=CC=CC=C2C(=O)OC)C,COC(=O)c1ccccc1N/C=C1\CCC(C)=CC1C,True,fresh;green;sweet;floral;leafy
MOL_003631,Ethylmethoxypyrazine,68739-00-4,68739-00-4,True,True,CCc1cnc(OC)cn1,CCc1cnc(OC)cn1,True,green;earthy;nutty;cocoa;musty
MOL_003632,(Z)-pinane,6876-13-7,6876-13-7,True,True,CC1CC[C@H]2C[C@@H]1C2(C)C,CC1CC[C@H]2C[C@@H]1C2(C)C,True,fresh;pine;balsamic;herbal
MOL_003633,hydroxycitronellal nitrile,68797-68-2,68797-68-2,True,True,CC(CCCC(C)(C)O)CC#N,CC(CC#N)CCCC(C)(C)O,True,floral;woody;fresh
MOL_003634,Butylcyclohexyl propionate,68797-70-6,68797-70-6,True,True,CCC(=O)OC1CCC(C(C)(C)C)CC1,CCC(=O)OC1CCC(C(C)(C)C)CC1,True,woody;fruity
MOL_003635,Heptanal diethyl acetal,688-82-4,688-82-4,True,True,CCCCCCC(OCC)OCC,CCCCCCC(OCC)OCC,True,citrus;green;fresh;waxy;herbal;leafy;winey
MOL_003636,Undecenal,68820-35-9,68820-35-9,True,True,CCCCCCCCC=CC=O,CCCCCCCCC=CC=O,True,citrus;green;fatty;aldehydic;floral
MOL_003637,woody nonane (ethoxy),68845-00-1,68845-00-1,True,True,CCOC1(CCC2C(=C)C1CCC2(C)C)C,C=C1C2CCC(C)(OCC)C1CCC2(C)C,True,woody;balsamic;orris;tobacco
MOL_003638,"2,4-ivy carbaldehyde / methyl anthranilate schiff's base",68845-02-3,68845-02-3,True,True,CC1C=C(CCC1C=NC2=CC=CC=C2C(=O)OC)C,COC(=O)c1ccccc1N=CC1CCC(C)=CC1C,True,fresh;aldehydic;green;woody;leafy;floral
MOL_003639,diethyl dimethyl-2-cyclohexenone,68845-36-3,68845-36-3,True,True,CCC1C(CC(=O)C(=C1CC)C)C,CCC1=C(C)C(=O)CC(C)C1CC,True,dry;woody;floral;phenolic;orris
MOL_003640,santall,68877-29-2,68877-29-2,True,True,CC1(C2CCC(C1(C2)C)C3CCC(CC3)O)C,CC1(C)C2CCC(C3CCC(O)CC3)C1(C)C2,True,woody;fresh;balsamic
MOL_003641,geranyl undecylenate,68892-05-7,68892-05-7,True,True,CC(=CCC/C(=C/COC(=O)CCCCCCCCC=C)/C)C,C=CCCCCCCCCC(=O)OC/C=C(\C)CCC=C(C)C,True,waxy;floral;leafy;rose
MOL_003642,Geranylacetone (no isomers specified),689-67-8,689-67-8,True,True,CC(=O)CCC=C(C)CCC=C(C)C,CC(=O)CCC=C(C)CCC=C(C)C,True,rose;green;fruity;fresh;aldehydic;leafy;floral
MOL_003643,Methyl sorbate,689-89-4,689-89-4,True,True,C/C=C/C=C/C(=O)OC,C/C=C/C=C/C(=O)OC,True,fruity;vanilla;nutty;anisic;sweet
MOL_003644,Allyl cyclohexyloxypropionate,68901-15-5,68901-15-5,True,True,C=CCOC(=O)COC1CCCCC1,C=CCOC(=O)COC1CCCCC1,True,green;fruity;herbal;pineapple
MOL_003645,2-methyl-4-(camphenyl-8) cyclohexanone,68901-22-4,68901-22-4,True,True,CC1CC(CCC1=O)CC2C3CCC(C3)C2(C)C,CC1CC(CC2C3CCC(C3)C2(C)C)CCC1=O,True,animal;balsamic;musk
MOL_003646,glycoacetal,68901-32-6,68901-32-6,True,True,CC1=CC2CC(C1CC2C(C)C)C3OCCO3,CC1=CC2CC(C3OCCO3)C1CC2C(C)C,True,floral;rose;green;woody
MOL_003647,dicyclopentadiene propionate,68912-13-0,68912-13-0,True,True,CCC(=O)OC1C=CC2C1C3CCC2C3,CCC(=O)OC1C=CC2C3CCC(C3)C12,True,fruity;herbal;woody;jasmine;oily
MOL_003648,Anisyl isovalerate,68922-04-3,68922-04-3,True,True,CC(C)CC(=O)OCc1ccc(O)cc1,CC(C)CC(=O)OCc1ccc(O)cc1,True,fruity;spicy;apricot;sweet
MOL_003649,Citronellyl isovalerate,68922-10-1,68922-10-1,True,True,CC(C)=CCCC(C)CCOC(=O)CC(C)C,CC(C)=CCCC(C)CCOC(=O)CC(C)C,True,rose;tobacco;warm;herbal;chamomile
MOL_003650,Methylphenethyl butyrate,68922-11-2,68922-11-2,True,True,CCCC(=O)OC(C)Cc1ccccc1,CCCC(=O)OC(C)Cc1ccccc1,True,spicy;floral
MOL_003651,calarene epoxide,68926-75-0,68926-75-0,True,True,CC1CCC2C3(C1(C4C(C4(C)C)CC3)C)O2,CC1CCC2OC23CCC2C(C2(C)C)C13C,True,woody;earthy;musk
MOL_003652,geranyl linalool,68931-30-6,68931-30-6,True,True,OC(\C=C)(CCC=C(CCC=C(C)CC\C=C(/C)C)C)C,C=CC(C)(O)CCC=C(C)CCC=C(C)CCC=C(C)C,True,floral;rose
MOL_003653,(E)-3-hexen-1-yl crotonate,68938-58-9,68938-58-9,True,True,CC/C=C/CCOC(=O)/C=C/C,C/C=C/C(=O)OCC/C=C/CC,True,green;fresh;animal;metallic
MOL_003654,Jasmolactone extra C,68959-28-4,68959-28-4,True,True,CC/C=C/CCC1CCCC(=O)O1,CC/C=C/CCC1CCCC(=O)O1,True,peach;jasmine;floral;buttery
MOL_003655,Undecadienone,68973-20-6,68973-20-6,True,True,CCCCC/C=C/C=C/C(C)=O,CCCCC/C=C/C=C/C(C)=O,True,fatty
MOL_003656,muguet carboxaldehyde,68991-97-9,68991-97-9,True,True,CC1(CCCC2=C1CC(CC2)C=O)C,CC1(C)CCCC2=C1CC(C=O)CC2,True,floral;fresh;earthy;balsamic
MOL_003657,ortho-salicylic acid,69-72-7,69-72-7,True,True,C1=CC=C(C(=C1)C(=O)O)O,O=C(O)c1ccccc1O,True,phenolic;nutty
MOL_003658,octyl cinnamate,69038-78-4,69038-78-4,True,True,CCCCCCCCOC(=O)/C=C/C1=CC=CC=C1,CCCCCCCCOC(=O)/C=C/c1ccccc1,True,balsamic;cinnamon
MOL_003659,Methylpentene,691-38-3,691-38-3,True,True,C/C=C\C(C)C,C/C=C\C(C)C,True,gasoline
MOL_003660,ocimene oxirane,69103-20-4,69103-20-4,True,True,CC(=CCC1C(O1)(C)C)C=C,C=CC(C)=CCC1OC1(C)C,True,sweet;metallic;fresh;herbal;balsamic;pear
MOL_003661,Isodecyl acetate,69103-24-8,69103-24-8,True,True,CC(=O)OCCCCCCCC(C)C,CC(=O)OCCCCCCCC(C)C,True,sweet;fresh;rose;citrus
MOL_003662,Thienyl disulfide,6911-51-9,6911-51-9,True,True,c1csc(SSc2cccs2)c1,c1csc(SSc2cccs2)c1,True,brothy;savory
MOL_003663,(E)-3-hexenal,69112-21-6,69112-21-6,True,True,CC/C=C/CC=O,CC/C=C/CC=O,True,green;fruity;apple
MOL_003664,(E)-cinnamyl isovalerate,69121-78-4,69121-78-4,True,True,CC(C)CC(=O)OC/C=C/C1=CC=CC=C1,CC(C)CC(=O)OC/C=C/c1ccccc1,True,sweet;spicy;melon;cherry;apple;berry
MOL_003665,diethyl 2-hydroxyglutarate,69134-53-8,69134-53-8,True,True,CCOC(=O)CCC(C(=O)OCC)O,CCOC(=O)CCC(O)C(=O)OCC,True,sweet;caramellic
MOL_003666,Malic Acid,6915-15-7,6915-15-7,True,True,O=C(O)CC(O)C(=O)O,O=C(O)CC(O)C(=O)O,True,odorless
MOL_003667,Ethylhexanal diethyl acetal,69178-43-4,69178-43-4,True,True,CCOC(CCCCC(C)C)OCC,CCOC(CCCCC(C)C)OCC,True,green;fruity;leafy
MOL_003668,Ethyl undecenoate,692-86-4,692-86-4,True,True,C=CCCCCCCCCC(=O)OCC,C=CCCCCCCCCC(=O)OCC,True,green;fruity;fatty;waxy;winey
MOL_003669,Decanone,693-54-9,693-54-9,True,True,CCCCCCCCC(C)=O,CCCCCCCCC(C)=O,True,floral;orange
MOL_003670,Oleyl acetate,693-80-1,693-80-1,True,True,CCCCCCCC/C=C\CCCCCCCCOC(C)=O,CCCCCCCC/C=C\CCCCCCCCOC(C)=O,True,oily;fruity;fatty
MOL_003671,Methylthiazole,693-95-8,693-95-8,True,True,Cc1cscn1,Cc1cscn1,True,meaty;green;alliaceous;nutty;vegetable
MOL_003672,peach nitrile,69300-15-8,69300-15-8,True,True,CCCCCCCCC(C)C#N,CCCCCCCCC(C)C#N,True,peach;fruity;floral;jasmine;milky
MOL_003673,Pinene oxide,6931-54-0,6931-54-0,True,True,CC1(C)C2CCC3(CO3)C1C2,CC1(C)C2CCC3(CO3)C1C2,True,camphoreous;herbal
MOL_003674,Benzyl hexanoate,6938-45-0,6938-45-0,True,True,CCCCCC(=O)OCc1ccccc1,CCCCCC(=O)OCc1ccccc1,True,apricot;green;fruity;tropical;peach;pineapple;floral;sweet
MOL_003675,Diisopropyl adipate,6938-94-9,6938-94-9,True,True,CC(C)OC(=O)CCCCC(=O)OC(C)C,CC(C)OC(=O)CCCCC(=O)OC(C)C,True,fruity
MOL_003676,Ethanedithiol,69382-62-3,69382-62-3,True,True,CC(S)S,CC(S)S,True,roasted;meaty;savory;onion;sulfurous;cheesy
MOL_003677,Benzyl levulinate,6939-75-9,6939-75-9,True,True,CC(=O)CCC(=O)OCc1ccccc1,CC(=O)CCC(=O)OCc1ccccc1,True,fruity;caramellic;sweet
MOL_003678,Cyclohexyl acetoacetate,6947-02-0,6947-02-0,True,True,CC(=O)CC(=O)OC1CCCCC1,CC(=O)CC(=O)OC1CCCCC1,True,fruity;caramellic;sweet
MOL_003679,tonka undecanone,69486-14-2,69486-14-2,True,True,C/C=C/1\CC2CC1C3C2OC(=O)CC3,C/C=C1\CC2CC1C1CCC(=O)OC21,True,sweet;spicy;balsamic;coumarinic;woody;tobacco;green
MOL_003680,Hexalactone,695-06-7,695-06-7,True,True,CCC1CCC(=O)O1,CCC1CCC(=O)O1,True,creamy;sweet;coumarinic
MOL_003681,Isopropylpyridine,696-30-0,696-30-0,True,True,CC(C)c1ccncc1,CC(C)c1ccncc1,True,green;earthy;animal;herbal;sweet
MOL_003682,Dimethoxytetrahydrofuran,696-59-3,696-59-3,True,True,COC1CCC(OC)O1,COC1CCC(OC)O1,True,ethereal
MOL_003683,Hexyl butyrate,6963-52-6,6963-52-6,True,True,CCCCC(C)OC(=O)CCC,CCCCC(C)OC(=O)CCC,True,fruity;sweet
MOL_003684,Anisyl butyrate,6963-56-0,6963-56-0,True,True,CCCC(=O)OCc1ccc(OC)cc1,CCCC(=O)OCc1ccc(OC)cc1,True,fruity;plum;floral;sweet
MOL_003685,Octyl salicylate,6969-49-9,6969-49-9,True,True,CCCCCCCCOC(=O)c1ccccc1O,CCCCCCCCOC(=O)c1ccccc1O,True,balsamic;floral
MOL_003686,Heptylcyclopropanecarboxylic acid,697290-77-0,697290-77-0,True,True,CCCCCCCC1(C(=O)O)CC1,CCCCCCCC1(C(=O)O)CC1,True,green;waxy;herbal;woody;balsamic
MOL_003687,4-isopropyl cinnamaldehyde,6975-24-2,6975-24-2,True,True,CC(C)C1=CC=C(C=C1)C=CC=O,CC(C)c1ccc(C=CC=O)cc1,True,spicy;balsamic
MOL_003688,Furylpropanone,6975-60-6,6975-60-6,True,True,CC(=O)Cc1ccco1,CC(=O)Cc1ccco1,True,fruity;spicy;caramellic;sweet
MOL_003689,Heptyl hexanoate,6976-72-3,6976-72-3,True,True,CCCCCCCOC(=O)CCCCC,CCCCCCCOC(=O)CCCCC,True,green;oily;fruity;tropical;leafy;vegetable;sweet
MOL_003690,Maple furanone,698-10-2,698-10-2,True,True,CCC1OC(=O)C(O)=C1C,CCC1OC(=O)C(O)=C1C,True,caramellic
MOL_003691,Hydroxymethylbenzaldehyde,698-27-1,698-27-1,True,True,Cc1ccc(C=O)c(O)c1,Cc1ccc(C=O)c(O)c1,True,coumarinic;burnt;caramellic;sweet
MOL_003692,Octalactone,698-76-0,698-76-0,True,True,CCCC1CCCC(=O)O1,CCCC1CCCC(=O)O1,True,coconut;coumarinic
MOL_003693,methyl benzyl carbinol,698-87-3,698-87-3,True,True,CC(CC1=CC=CC=C1)O,CC(O)Cc1ccccc1,True,rose;floral
MOL_003694,Acetylmethylpyrrole,6982-72-5,6982-72-5,True,True,CC(=O)Cc1ccc[nH]1,CC(=O)Cc1ccc[nH]1,True,roasted;meaty;earthy;fruity;burnt
MOL_003695,(R)-gamma-dodecalactone,69830-91-7,69830-91-7,True,True,O=C1CC[C@@H](CCCCCCCC)O1,CCCCCCCC[C@@H]1CCC(=O)O1,True,fruity;sweet;floral;aldehydic;woody
MOL_003696,(S)-gamma-dodecalactone,69830-92-8,69830-92-8,True,True,O=C1CC[C@H](CCCCCCCC)O1,CCCCCCCC[C@H]1CCC(=O)O1,True,fatty;fruity;milky
MOL_003697,sandel,69834-10-2,69834-10-2,True,True,CC1(C2CCC1C(C2)C3CCCCC3O)C,CC1(C)C2CCC1C(C1CCCCC1O)C2,True,sweet;oily;woody;creamy
MOL_003698,Acetaldehyde ethyl isobutyl acetal,6986-51-2,6986-51-2,True,True,CCOC(C)OCC(C)C,CCOC(C)OCC(C)C,True,alcoholic;ethereal;green;fermented;cognac
MOL_003699,"2-methoxy-3,5-dimethyl-2-cyclopenten-1-one",69898-48-2,69898-48-2,True,True,CC1CC(=C(C1=O)OC)C,COC1=C(C)CC(C)C1=O,True,caramellic
MOL_003700,2-para-cresyl ethanol,699-02-5,699-02-5,True,True,CC1=CC=C(C=C1)CCO,Cc1ccc(CCO)cc1,True,floral;balsamic;rose;green
MOL_003701,Methyl benzyl disulfide,699-10-5,699-10-5,True,True,CSSCc1ccccc1,CSSCc1ccccc1,True,vegetable;green;metallic;onion;cabbage;sulfurous
MOL_003702,Furylbutanone,699-17-2,699-17-2,True,True,CC(=O)CCc1ccco1,CC(=O)CCc1ccco1,True,fruity;spicy;caramellic
MOL_003703,Ethyl octadienoate,69925-33-3,69925-33-3,True,True,C=CC/C=C/CCC(=O)OCC,C=CC/C=C/CCC(=O)OCC,True,fruity;pineapple;pear
MOL_003704,citronellyl ethyl ether,69929-16-4,69929-16-4,True,True,CCOCCC(C)CCC=C(C)C,CCOCCC(C)CCC=C(C)C,True,fresh;rose;citrus;floral
MOL_003705,chrysanthemum ketone,69929-17-5,69929-17-5,True,True,CC1C=C(CCC1C(=O)C(C)(C)C)C,CC1=CC(C)C(C(=O)C(C)(C)C)CC1,True,herbal;floral;grapefruit
MOL_003706,Cinnamyl hexanoate,6994-20-3,6994-20-3,True,True,CCCCCC(=O)OC/C=C/c1ccccc1,CCCCCC(=O)OC/C=C/c1ccccc1,True,fruity;balsamic;sweet
MOL_003707,Thiomalic acid,70-49-5,70-49-5,True,True,O=C(O)CC(S)C(=O)O,O=C(O)CC(S)C(=O)O,True,sulfurous
MOL_003708,hexahydrocoumarin,700-82-3,700-82-3,True,True,C1CCC2=C(C1)CCC(=O)O2,O=C1CCC2=C(CCCC2)O1,True,coconut;coumarinic
MOL_003709,benzyl ethyl carbinol,701-70-2,701-70-2,True,True,CCC(CC1=CC=CC=C1)O,CCC(O)Cc1ccccc1,True,floral
MOL_003710,Cyclohexylpropionic acid,701-97-3,701-97-3,True,True,O=C(O)CCC1CCCCC1,O=C(O)CCC1CCCCC1,True,balsamic
MOL_003711,Dihydrojasmone lactone,7011-83-8,7011-83-8,True,True,CCCCCCC1(C)CCC(=O)O1,CCCCCCC1(C)CCC(=O)O1,True,waxy;peach;jasmine
MOL_003712,alpha-ionyl ethyl ether,70172-07-5,70172-07-5,True,True,O(CC)C(/C=C/C1C(=C/CCC1(C)C)\C)C,CCOC(C)/C=C/C1C(C)=CCCC1(C)C,True,dry;woody;fruity;ethereal
MOL_003713,"6,8-dimethyl-2-nonanol",70214-77-6,70214-77-6,True,True,CC(C)CC(C)CCCC(C)O,CC(C)CC(C)CCCC(C)O,True,animal;floral;green;fruity;mushroom
MOL_003714,(Z)-3-hexenyl methyl ether,70220-06-3,70220-06-3,True,True,CC/C=C\CCOC,CC/C=C\CCOC,True,green;fruity;pear;apple;fresh;sweet
MOL_003715,Propylphenethyl alcohol,705-73-7,705-73-7,True,True,CCCC(O)Cc1ccccc1,CCCC(O)Cc1ccccc1,True,green;earthy;sweet
MOL_003716,Decalactone,705-86-2,705-86-2,True,True,CCCCCC1CCCC(=O)O1,CCCCCC1CCCC(=O)O1,True,creamy;milky;nutty;peach;sweet;buttery
MOL_003717,Decalactone,706-14-9,706-14-9,True,True,CCCCCCC1CCC(=O)O1,CCCCCCC1CCC(=O)O1,True,peach;coconut
MOL_003718,(E)-2-tridecenal,7069-41-2,7069-41-2,True,True,CCCCCCCCCC/C=C/C=O,CCCCCCCCCC/C=C/C=O,True,waxy;citrus;fatty;creamy;fresh;herbal
MOL_003719,thyme undecane,707-29-9,707-29-9,True,True,CC1(COC2(CCCCC2)OC1)C,CC1(C)COC2(CCCCC2)OC1,True,fresh;herbal;leathery;tobacco;animal;sweet
MOL_003720,cedanol,7070-15-7,7070-15-7,True,True,C[C@]12CC[C@H](C1(C)C)C[C@@H]2OCCO,CC1(C)[C@H]2CC[C@]1(C)[C@@H](OCCO)C2,True,woody;balsamic;pine
MOL_003721,timber propanol,70788-30-6,70788-30-6,True,True,CCCC(CCC1C(CCCC1(C)C)C)O,CCCC(O)CCC1C(C)CCCC1(C)C,True,dry;woody;orris;balsamic
MOL_003722,dihydrogeranyl linalool,70851-60-4,70851-60-4,True,True,CCC(C)(CC\C=C(/C)\CC\C=C(/C)\CCC=C(C)C)O,CCC(C)(O)CC/C=C(\C)CC/C=C(\C)CCC=C(C)C,True,floral;balsamic
MOL_003723,Jasmone lactone,70851-61-5,70851-61-5,True,True,CC/C=C/CCC1(C)CCC(=O)O1,CC/C=C/CCC1(C)CCC(=O)O1,True,floral;jasmine;coconut
MOL_003724,Propanol,71-23-8,71-23-8,True,True,CCCO,CCCO,True,fermented;alcoholic;sweet
MOL_003725,Butyl alcohol,71-36-3,71-36-3,True,True,CCCCO,CCCCO,True,winey;alcoholic;solvent
MOL_003726,Amyl alcohol,71-41-0,71-41-0,True,True,CCCCCO,CCCCCO,True,alcoholic;solvent
MOL_003727,Undecalactone,710-04-3,710-04-3,True,True,CCCCCCC1CCCC(=O)O1,CCCCCCC1CCCC(=O)O1,True,creamy;fatty;peach
MOL_003728,Damascone,71048-82-3,71048-82-3,True,True,C/C=C/C(=O)[C@@H]1[C@@H](C)C=CCC1(C)C,C/C=C/C(=O)[C@@H]1[C@@H](C)C=CCC1(C)C,True,black currant;fruity;rose
MOL_003729,magnolia decadienal,71077-31-1,71077-31-1,True,True,CC(CCC=C(C)CCC=O)C=C,C=CC(C)CCC=C(C)CCC=O,True,floral;aldehydic
MOL_003730,isospirene,71078-31-4,71078-31-4,True,True,CC1CC=C(C2(C1C)C=CC(O2)C)C,CC1=CCC(C)C(C)C12C=CC(C)O2,True,black currant;berry
MOL_003731,isopropyl vanillin,71118-98-4,71118-98-4,True,True,O=Cc1cc(OC(C)C)c(O)cc1,CC(C)Oc1cc(C=O)ccc1O,True,vanilla
MOL_003732,Menthenethiol,71159-90-5,71159-90-5,True,True,CC1=CC(S)C(C(C)C)CC1,CC1=CC(S)C(C(C)C)CC1,True,fruity;tropical;fresh;grapefruit
MOL_003733,Anisyl isobutyrate,71172-26-4,71172-26-4,True,True,COc1ccc(COC(=O)C(C)C)cc1,COc1ccc(COC(=O)C(C)C)cc1,True,fruity;floral;sweet
MOL_003734,Isoamyl levulinate,71172-75-3,71172-75-3,True,True,CC(=O)CCC(=O)OCCC(C)C,CC(=O)CCC(=O)OCCC(C)C,True,oily;fruity;winey;caramellic
MOL_003735,Tetrahydrocuminic acid,71298-42-5,71298-42-5,True,True,CC(C)C1=CCC(C(=O)O)CC1,CC(C)C1=CCC(C(=O)O)CC1,True,spicy;herbal
MOL_003736,Dodecalactone,713-95-1,713-95-1,True,True,CCCCCCCC1CCCC(=O)O1,CCCCCCCC1CCCC(=O)O1,True,fatty;fruity;peach;buttery
MOL_003737,Methyl pentadecanoate,7132-64-1,7132-64-1,True,True,CCCCCCCCCCCCCCC(=O)OC,CCCCCCCCCCCCCCC(=O)OC,True,oily;fatty;waxy
MOL_003738,4-ethyl-2-hydroxy-3-methyl-2-cyclopenten-1-one,71387-71-8,71387-71-8,True,True,O=C1C(/O)=C(/C)C(CC)C1,CCC1CC(=O)C(O)=C1C,True,sweet;malty
MOL_003739,Linalyl phenylacetate,7143-69-3,7143-69-3,True,True,C=CC(C)(CCC=C(C)C)OC(=O)Cc1ccccc1,C=CC(C)(CCC=C(C)C)OC(=O)Cc1ccccc1,True,rose;floral;sweet
MOL_003740,"4,6-dimethyl-alpha-allyl-3-cyclohexene methanol",71477-77-5,71477-77-5,True,True,CC1CC(=CCC1C(CC=C)O)C,C=CCC(O)C1CC=C(C)CC1C,True,floral;anisic;fruity;berry;herbal;green
MOL_003741,Cinnamaldehyde diethyl acetal,7148-78-9,7148-78-9,True,True,CCOC(/C=C/c1ccccc1)OCC,CCOC(/C=C/c1ccccc1)OCC,True,green;spicy;fresh;sweet
MOL_003742,Cyclamen aldehyde diethyl acetal,7149-24-8,7149-24-8,True,True,CCOC(OCC)C(C)Cc1ccc(C(C)C)cc1,CCOC(OCC)C(C)Cc1ccc(C(C)C)cc1,True,green;vegetable;floral
MOL_003743,Linalyl anthranilate,7149-26-0,7149-26-0,True,True,C=CC(C)(CCC=C(C)C)OC(=O)c1ccccc1N,C=CC(C)(CCC=C(C)C)OC(=O)c1ccccc1N,True,green;orange;floral
MOL_003744,Methylallyl butyrate,7149-29-3,7149-29-3,True,True,C=C(C)COC(=O)CCC,C=C(C)COC(=O)CCC,True,fruity;sharp;pungent
MOL_003745,Phenethyl furoate,7149-32-8,7149-32-8,True,True,O=C(OCCc1ccccc1)c1ccco1,O=C(OCCc1ccccc1)c1ccco1,True,fruity;caramellic
MOL_003746,"allyl 3,5,5-trimethyl hexanoate",71500-37-3,71500-37-3,True,True,CC(CC(=O)OCC=C)CC(C)(C)C,C=CCOC(=O)CC(C)CC(C)(C)C,True,fruity;pineapple;spicy
MOL_003747,heptyl benzoate,7155-12-6,7155-12-6,True,True,CCCCCCCOC(=O)C1=CC=CC=C1,CCCCCCCOC(=O)c1ccccc1,True,green;herbal;balsamic;metallic
MOL_003748,saffron pyranone,71566-51-3,71566-51-3,True,True,CC1CC(CC(=O)O1)(C)C,CC1CC(C)(C)CC(=O)O1,True,sharp;nutty;spicy;citrus;herbal
MOL_003749,celery undecene,71566-53-5,71566-53-5,True,True,CCC1OCC2(CC(=CCC2C)C)CO1,CCC1OCC2(CO1)CC(C)=CCC2C,True,aromatic;herbal;vegetable;spicy;earthy;woody
MOL_003750,geranyl cinnamate,71605-84-0,71605-84-0,True,True,CC(=CCC/C(=C/COC(=O)/C=C/C1=CC=CC=C1)/C)C,CC(C)=CCC/C(C)=C/COC(=O)/C=C/c1ccccc1,True,balsamic;rose
MOL_003751,Heptyl nonanoate,71605-85-1,71605-85-1,True,True,CCCCCCCCC(=O)OCCCCCCC,CCCCCCCCC(=O)OCCCCCCC,True,rose;oily;orange;winey;floral;sweet
MOL_003752,terpinyl benzoate,71648-34-5,71648-34-5,True,True,CC(C)(C1CCC(=C)CC1)OC(=O)C2=CC=CC=C2,C=C1CCC(C(C)(C)OC(=O)c2ccccc2)CC1,True,pine;balsamic;floral;woody
MOL_003753,geranyl phenyl acetate,71648-43-6,71648-43-6,True,True,CC(=CCCC(=CCOC(=O)CC1=CC=CC=C1)C)C,CC(C)=CCCC(C)=CCOC(=O)Cc1ccccc1,True,floral;tropical;honey;rose;fruity;sweet;balsamic;orris;ripe
MOL_003754,Menthadienyl acetate,71660-03-2,71660-03-2,True,True,CC(=O)OC1=C(C(C)C)CCC(C)=C1,CC(=O)OC1=C(C(C)C)CCC(C)=C1,True,fruity;mint;herbal
MOL_003755,Citronellal diethyl acetal,71662-17-4,71662-17-4,True,True,CCOC(CC(C)CCC=C(C)C)OCC,CCOC(CC(C)CCC=C(C)C)OCC,True,green;fatty;lemon
MOL_003756,Cresyl heptanoate,71662-19-6,71662-19-6,True,True,CCCCCCC(=O)Oc1ccc(C)cc1,CCCCCCC(=O)Oc1ccc(C)cc1,True,animal;aromatic;floral
MOL_003757,Ethyl butyryllactate,71662-27-6,71662-27-6,True,True,CCCC(=O)C(C)(O)C(=O)OCC,CCCC(=O)C(C)(O)C(=O)OCC,True,sour;fruity;sweet;buttery
MOL_003758,Ethoxybenzyl alcohol,71672-75-8,71672-75-8,True,True,CCOc1ccccc1CO,CCOc1ccccc1CO,True,anisic;vanilla;aromatic;sweet
MOL_003759,woody epoxide,71735-79-0,71735-79-0,True,True,CC1(C/C=C\CC/C=C\CCC2C1(O2)C)C,CC1(C)C/C=C\CC/C=C\CCC2OC21C,True,sweet;dry;woody;orris;balsamic;earthy
MOL_003760,Ketodibutanoyloxybutane,71808-61-2,71808-61-2,True,True,CCCC(=O)OC(C)(OC(=O)CCC)C(C)=O,CCCC(=O)OC(C)(OC(=O)CCC)C(C)=O,True,cheesy;buttery
MOL_003761,Octenyl acetate,71978-00-2,71978-00-2,True,True,CCCCCCC=COC(C)=O,CCCCCCC=COC(C)=O,True,green;banana;fruity;melon;pineapple
MOL_003762,Threonine,72-19-5,72-19-5,True,True,CC(O)C(N)C(=O)O,CC(O)C(N)C(=O)O,True,sweet
MOL_003763,Ethylmethylphenylpropyl acetate,72007-81-9,72007-81-9,True,True,CCC(C)(CCc1ccccc1)OC(C)=O,CCC(C)(CCc1ccccc1)OC(C)=O,True,green;fruity;fresh;tea;floral
MOL_003764,2-octanone oxime,7207-49-0,7207-49-0,True,True,N(/O)=C(\CCCCCC)C,CCCCCC/C(C)=N/O,True,fresh;earthy;floral;green
MOL_003765,sandal cyclopentane,72089-08-8,72089-08-8,True,True,CC1=CCC(C1(C)C)CCC(C)CO,CC1=CCC(CCC(C)CO)C1(C)C,True,herbal;woody;waxy;nutty
MOL_003766,Nonyl phenylacetate,72109-82-1,72109-82-1,True,True,CCCCCCCCCOC(=O)Cc1ccccc1,CCCCCCCCCOC(=O)Cc1ccccc1,True,citrus;fatty;honey;waxy;balsamic;floral
MOL_003767,dimethyl alpha-ionone,72117-72-7,72117-72-7,True,True,CCC(=O)/C(=C/C1C(=CCCC1(C)C)C)/C,CCC(=O)/C(C)=C/C1C(C)=CCCC1(C)C,True,floral;violet;sweet;orris;woody
MOL_003768,"trans-para-2,8-1-menthadienol",7212-40-0,7212-40-0,True,True,CC(=C)[C@@H]1CC[C@@](C=C1)(C)O,C=C(C)[C@H]1C=C[C@](C)(O)CC1,True,fresh;mint
MOL_003769,Nerolidol,7212-44-4,7212-44-4,True,True,C=CC(C)(O)CC/C=C(\C)CCC=C(C)C,C=CC(C)(O)CC/C=C(\C)CCC=C(C)C,True,green;woody;floral
MOL_003770,Thioguaiacol,7217-59-6,7217-59-6,True,True,COc1ccccc1S,COc1ccccc1S,True,meaty;roasted;earthy;vanilla;smoky
MOL_003771,methyl bicycloheptenyl methyloxirane carboxylate,72175-33-8,72175-33-8,True,True,CC1(C(O1)C(=O)OC)C2CC3CC2C=C3,COC(=O)C1OC1(C)C1CC2C=CC1C2,True,fruity;floral;sweet;jasmine;rose;melon
MOL_003772,(Z)-isocitral,72203-97-5,72203-97-5,True,True,C\C(C)=C\C\C=C(\C)CC=O,CC(C)=CC/C=C(/C)CC=O,True,green
MOL_003773,ethyl vanillin acetate,72207-94-4,72207-94-4,True,True,CCOC1=C(C=CC(=C1)C=O)OC(=O)C,CCOc1cc(C=O)ccc1OC(C)=O,True,vanilla;milky;creamy;caramellic;orris
MOL_003774,ocimen-1-yl acetate,72214-23-4,72214-23-4,True,True,C/C(=C\CCC(C)(C)OC(=O)C)/C=C,C=C/C(C)=C/CCC(C)(C)OC(C)=O,True,citrus;herbal;fresh;floral
MOL_003775,"2-acetoxy-1,8-cineole",72257-53-5,72257-53-5,True,True,CC(=O)OC1CC2CCC1(OC2(C)C)C,CC(=O)OC1CC2CCC1(C)OC2(C)C,True,mint;fresh;camphoreous
MOL_003776,tropical dienoate (Bedoukian),72276-09-6,72276-09-6,True,True,O=C(OCC)CC/C=C/C\C=C,C=CC/C=C/CCC(=O)OCC,True,sweet;ethereal;fruity;pineapple;pear;tropical
MOL_003777,Mercaptopinane,72361-41-2,72361-41-2,True,True,CC1C(S)CC2CC1C2(C)C,CC1C(S)CC2CC1C2(C)C,True,green;sulfurous;fruity;tropical
MOL_003778,guaiacyl isobutyrate,723759-62-4,723759-62-4,True,True,CC(C)C(=O)OC1=CC=CC=C1OC,COc1ccccc1OC(=O)C(C)C,True,fruity;nutty
MOL_003779,clary alcohol,72402-00-7,72402-00-7,True,True,CC1C(CCC1(C)O)C(=C)C,C=C(C)C1CCC(C)(O)C1C,True,camphoreous;citrus;spicy
MOL_003780,freesia acetate,72403-67-9,72403-67-9,True,True,CC(=CCCC1=CCC[C@@H](C1)COC(=O)C)C,CC(=O)OC[C@H]1CCC=C(CCC=C(C)C)C1,True,fresh;floral;sweet;citrus;green
MOL_003781,bigarade oxide,72429-08-4,72429-08-4,True,True,C[C@@H]1C[C@H]2CC(CO[C@@H]2C[C@@H]1C)(C)C,C[C@@H]1C[C@H]2CC(C)(C)CO[C@@H]2C[C@@H]1C,True,citrus;floral;grapefruit;woody;herbal;berry
MOL_003782,Methyl isopentyl disulfide,72437-56-0,72437-56-0,True,True,CSSCCC(C)C,CSSCCC(C)C,True,meaty;roasted;savory;onion;sulfurous
MOL_003783,Butyl propyl disulfide,72437-64-0,72437-64-0,True,True,CCCCSSCCC,CCCCSSCCC,True,alliaceous;garlic;savory;onion;pungent
MOL_003784,Amyl methyl disulfide,72437-68-4,72437-68-4,True,True,CCCCCSSC,CCCCCSSC,True,vegetable;green;alliaceous;garlic;onion;sulfurous
MOL_003785,3-ethyl thiopropionate,7244-82-8,7244-82-8,True,True,CCSCCC(=O)O,CCSCCC(=O)O,True,savory;dairy
MOL_003786,Mint sulfide,72445-42-2,72445-42-2,True,True,C=C1CC[C@@H]2S[C@@H]1[C@H]1[C@H](C(C)C)CC[C@@]21C,C=C1CC[C@@H]2S[C@@H]1[C@H]1[C@H](C(C)C)CC[C@]12C,True,earthy;woody;musty
MOL_003787,Trimethyloxathiane,72472-02-7,72472-02-7,True,True,CC1CCOSC1(C)C,CC1CCOSC1(C)C,True,green;tropical;herbal;sulfurous
MOL_003788,2-methyl quinoxaline,7251-61-8,7251-61-8,True,True,CC1=NC2=CC=CC=C2N=C1,Cc1cnc2ccccc2n1,True,roasted;coffee;nutty;fruity
MOL_003789,Nonyl anthranilate,72724-82-4,72724-82-4,True,True,CCCCCCCCCOC(=O)c1ccccc1N,CCCCCCCCCOC(=O)c1ccccc1N,True,fresh;sweet
MOL_003790,Prenyl senecioate,72779-06-7,72779-06-7,True,True,CC(C)=CCOC(=O)C=C(C)C,CC(C)=CCOC(=O)C=C(C)C,True,green;fruity
MOL_003791,Ethoxyisopropylpyrazine,72797-16-1,72797-16-1,True,True,CCOc1nccnc1C(C)C,CCOc1nccnc1C(C)C,True,roasted;green;earthy;nutty;vegetable
MOL_003792,Acetyldimethylpyrazine,72797-17-2,72797-17-2,True,True,CC(=O)[n+]1cc(C)nc(C)c1,CC(=O)[n+]1cc(C)nc(C)c1,True,nutty;hazelnut;popcorn;roasted
MOL_003793,ethyl vanillin diethyl acetal,72797-28-5,72797-28-5,True,True,CCOC1=C(C=C(C=C1)C(OCC)OCC)OC,CCOc1ccc(C(OCC)OCC)cc1OC,True,vanilla
MOL_003794,Linalool ethyl ether,72845-33-1,72845-33-1,True,True,C=CC(C)(CCC=C(C)C)OCC,C=CC(C)(CCC=C(C)C)OCC,True,citrus;floral
MOL_003795,tiglyl tiglate,72845-40-0,72845-40-0,True,True,C/C=C(\C)/COC(=O)/C(=C/C)/C,C/C=C(\C)COC(=O)/C(C)=C/C,True,woody;earthy;mushroom;anisic;floral;leafy
MOL_003796,"Heptanal glyceryl acetal (mixed 1,2 and 1,3 acetals)",72854-42-3,72854-42-3,True,True,CCCCCCCOCC(=O)CO,CCCCCCCOCC(=O)CO,True,earthy;sweet;mushroom
MOL_003797,5(6)-decenoic acid,72881-27-7,72881-27-7,True,True,CCCCCCC\C=C\C(=O)O,CCCCCCC/C=C/C(=O)O,True,waxy;buttery;oily;creamy;dairy;green;milky;plum
MOL_003798,decyl methyl ether,7289-52-3,7289-52-3,True,True,CCCCCCCCCCOC,CCCCCCCCCCOC,True,fresh;sweet
MOL_003799,decyl oxyacetaldehyde,72894-07-6,72894-07-6,True,True,CCCCCCCCCCOCC=O,CCCCCCCCCCOCC=O,True,fatty;rose;waxy
MOL_003800,nonanal / methyl anthranilate schiff's base,72894-12-3,72894-12-3,True,True,O=C(OC)c1ccccc1/N=C/CCCCCCCC,CCCCCCCC/C=N/c1ccccc1C(=O)OC,True,sweet;floral;rose;aldehydic
MOL_003801,raspberry dicarboxylate,72903-27-6,72903-27-6,True,True,CCOC(=O)C1CCC(CC1)C(=O)OCC,CCOC(=O)C1CCC(C(=O)OCC)CC1,True,fruity;berry;apple;ethereal
MOL_003802,Decyl isovalerate,72928-48-4,72928-48-4,True,True,CCCCCCCCCCOC(=O)CC(C)C,CCCCCCCCCCOC(=O)CC(C)C,True,apple;fruity;waxy;winey;brandy
MOL_003803,marine nitrile,72928-51-9,72928-51-9,True,True,CC1(CCCC2=C1CC(CC2)C#N)C,CC1(C)CCCC2=C1CC(C#N)CC2,True,citrus;fresh;earthy;orris
MOL_003804,Myrtenyl formate,72928-52-0,72928-52-0,True,True,CC1(C)C2CC=C(COC=O)C1C2,CC1(C)C2CC=C(COC=O)C1C2,True,sweet;spicy
MOL_003805,Citronellyl octanoate,72934-05-5,72934-05-5,True,True,CCCCCCCC(=O)OCCC(C)CCC=C(C)C,CCCCCCCC(=O)OCCC(C)CCC=C(C)C,True,rose;oily;fruity;waxy;floral
MOL_003806,Citronellyl decanoate,72934-06-6,72934-06-6,True,True,CCCCCCCCCC(=O)OCCC(C)CCC=C(C)C,CCCCCCCCCC(=O)OCCC(C)CCC=C(C)C,True,rose;odorless;waxy;floral
MOL_003807,Citronellyl dodecanoate,72934-07-7,72934-07-7,True,True,CCCCCCCCCCCC(=O)OCCC(C)CCC=C(C)C,CCCCCCCCCCCC(=O)OCCC(C)CCC=C(C)C,True,waxy;floral;odorless
MOL_003808,Tridecanal diethyl acetal,72934-16-8,72934-16-8,True,True,CCCCCCCCCCCCC(OCC)OCC,CCCCCCCCCCCCC(OCC)OCC,True,fatty;waxy;citrus
MOL_003809,Methylthioethylpyrazine,72987-62-3,72987-62-3,True,True,CCc1nccnc1SC,CCc1nccnc1SC,True,roasted;green;earthy;nutty;vegetable;musty
MOL_003810,Isoleucine,73-32-5,73-32-5,True,True,CC[C@H](C)[C@H](N)C(=O)O,CC[C@H](C)[C@H](N)C(=O)O,True,odorless
MOL_003811,Hexadecalactone,730-46-1,730-46-1,True,True,CCCCCCCCCCCCC1CCC(=O)O1,CCCCCCCCCCCCC1CCC(=O)O1,True,fatty;waxy;creamy
MOL_003812,guaiyl butyrate,73003-91-5,73003-91-5,True,True,CCCC(=O)OC(C)(C)[C@@H]1CC[C@@H](C2=C(C1)[C@H](CC2)C)C,CCCC(=O)OC(C)(C)[C@@H]1CC[C@H](C)C2=C(C1)[C@@H](C)CC2,True,rose;plum;animal;balsamic;woody
MOL_003813,Geranyl ethylbutyrate,73019-14-4,73019-14-4,True,True,CCC(CC)C(=O)OC/C=C(\C)CCC=C(C)C,CCC(CC)C(=O)OC/C=C(\C)CCC=C(C)C,True,fruity;apple
MOL_003814,geranyl heptanoate,73019-15-5,73019-15-5,True,True,CCCCCCC(=O)OC/C=C(\C)/CCC=C(C)C,CCCCCCC(=O)OC/C=C(\C)CCC=C(C)C,True,floral;cognac;alcoholic;winey
MOL_003815,hawthorn acetate,7306-12-9,7306-12-9,True,True,CC(=O)OCCC(=C)C1=CC=CC=C1,C=C(CCOC(C)=O)c1ccccc1,True,sweet;floral;anisic;balsamic
MOL_003816,Acetaldehyde amyl methyl acetal,73142-32-2,73142-32-2,True,True,CCCCCOC(C)OC,CCCCCOC(C)OC,True,vegetable;alcoholic;ethereal;green;cognac
MOL_003817,Ethyl methoxybenzoate,7335-26-4,7335-26-4,True,True,CCOC(=O)c1ccccc1OC,CCOC(=O)c1ccccc1OC,True,fruity;grape;floral;sweet
MOL_003818,"(R,S)-methyl cedryl ketone",73398-84-2,73398-84-2,True,True,C[C@@H]1CC[C@@H]2C13CC[C@]([C@H](C3)C2(C)C)(C)C(=O)C,CC(=O)[C@@]1(C)CCC23C[C@@H]1C(C)(C)[C@@H]2CC[C@H]3C,True,woody
MOL_003819,Ethylhexanethiol,7341-17-5,7341-17-5,True,True,CCCCC(CC)CS,CCCCC(CC)CS,True,vegetable;meaty;roasted;alliaceous;tropical;sulfurous
MOL_003820,isobutyl (E)-2-butenoate,73545-15-0,73545-15-0,True,True,C\C=C\C(=O)OCC(C)C,C/C=C/C(=O)OCC(C)C,True,sweet;fruity;pineapple;apple;banana
MOL_003821,"(E,E)-sorbyl isobutyrate",73545-16-1,73545-16-1,True,True,C/C=C/C=C/COC(=O)C(C)C,C/C=C/C=C/COC(=O)C(C)C,True,green;fruity;apple;pear;pineapple
MOL_003822,Hexenal diethyl acetal,73545-18-3,73545-18-3,True,True,CC/C=C\CC(OCC)OCC,CC/C=C\CC(OCC)OCC,True,green;apple;spicy;herbal
MOL_003823,methyl linolenate,7361-80-0,7361-80-0,True,True,CCC=CCC=CCC=CCCCCCCCC(=O)OC,CCC=CCC=CCC=CCCCCCCCC(=O)OC,True,oily;fatty;fruity
MOL_003824,Butyl sorbate,7367-78-4,7367-78-4,True,True,C/C=C/C=C/C(=O)OCCCC,C/C=C/C=C/C(=O)OCCCC,True,green;fruity;waxy;tropical
MOL_003825,Methyl octenoate,7367-81-9,7367-81-9,True,True,CCCCC/C=C/C(=O)OC,CCCCC/C=C/C(=O)OC,True,green;fruity;melon;pear
MOL_003826,Ethyl octenoate,7367-82-0,7367-82-0,True,True,CCCCC/C=C/C(=O)OCC,CCCCC/C=C/C(=O)OCC,True,green;fruity;pear;tropical;pineapple
MOL_003827,Methyl decenoate,7367-83-1,7367-83-1,True,True,CCCCC/C=C\CCC(=O)OC,CCCCC/C=C\CCC(=O)OC,True,green;fruity;fatty;pear;tropical;waxy
MOL_003828,Ethyl decenoate,7367-84-2,7367-84-2,True,True,CCCCC/C=C\CCC(=O)OCC,CCCCC/C=C\CCC(=O)OCC,True,floral;fruity;pear;strawberry;pineapple;peach
MOL_003829,methyl (E)-2-decenoate,7367-85-3,7367-85-3,True,True,CCCCCCC/C=C/C(=O)OC,CCCCCCC/C=C/C(=O)OC,True,fresh;green;fatty
MOL_003830,Ethyl hydroxyoctanoate,7367-90-0,7367-90-0,True,True,CCCCCC(O)CC(=O)OCC,CCCCCC(O)CC(=O)OCC,True,apple;green;fruity;winey;sweet
MOL_003831,Hexadecalactone,7370-44-7,7370-44-7,True,True,CCCCCCCCCCCC1CCCC(=O)O1,CCCCCCCCCCCC1CCCC(=O)O1,True,fatty;waxy;dairy
MOL_003832,Tridecalactone,7370-92-5,7370-92-5,True,True,CCCCCCCCC1CCCC(=O)O1,CCCCCCCCC1CCCC(=O)O1,True,buttery;fatty;dairy;creamy
MOL_003833,sesquiphellandrene,73744-93-1,73744-93-1,True,True,CC(CCC=C(C)C)C1CCC(=C)C=C1,C=C1C=CC(C(C)CCC=C(C)C)CC1,True,sweet;fruity;herbal
MOL_003834,2-methyl-2-octenal,73757-27-4,73757-27-4,True,True,CCCCCC=C(C)C=O,CCCCCC=C(C)C=O,True,fruity;green
MOL_003835,Propylene glycol dioctanoate,7384-98-7,7384-98-7,True,True,CCCCCCCC(=O)OCC(C)OC(=O)CCCCCCC,CCCCCCCC(=O)OCC(C)OC(=O)CCCCCCC,True,oily;fatty;fruity;cognac
MOL_003836,Trimethylvinyltetrahydropyran,7392-19-0,7392-19-0,True,True,CC(C)=C(C)C1CCCCO1,CC(C)=C(C)C1CCCCO1,True,herbal;fresh;camphoreous
MOL_003837,Methylamine,74-89-5,74-89-5,True,True,CN,CN,True,ripe;fishy;cheesy
MOL_003838,Methyl mercaptan,74-93-1,74-93-1,True,True,CS,CS,True,cabbage
MOL_003839,Phenylpropyl butyrate,7402-29-1,7402-29-1,True,True,CCCC(=O)OCCCc1ccccc1,CCCC(=O)OCCCc1ccccc1,True,fruity;balsamic;sweet
MOL_003840,Methylphenylpentanone,7403-42-1,7403-42-1,True,True,CC(=O)CC(C)(C)c1ccccc1,CC(=O)CC(C)(C)c1ccccc1,True,woody;floral
MOL_003841,Valeraldehyde propylene glycol acetal,74094-60-3,74094-60-3,True,True,CCCCC1OCC(C)O1,CCCCC1OCC(C)O1,True,alcoholic;green;fatty;nutty;fermented
MOL_003842,Octanal propylene glycol acetal,74094-61-4,74094-61-4,True,True,CCCCCCCC1OCC(C)O1,CCCCCCCC1OCC(C)O1,True,citrus;green;lemon;orange;woody
MOL_003843,Undecanal propylene glycol acetal,74094-62-5,74094-62-5,True,True,CCCCCCCCCCC1OCC(C)O1,CCCCCCCCCCC1OCC(C)O1,True,fatty;floral;citrus;herbal
MOL_003844,melon heptenal propylene glycol acetal,74094-63-6,74094-63-6,True,True,C/C(C)=C\CCC(C)C1OC(C)CO1,CC(C)=CCCC(C)C1OCC(C)O1,True,green;citrus
MOL_003845,Citronellal propylene glycol acetal,74094-64-7,74094-64-7,True,True,CC(C)=CCCC(C)CC1OCC(C)O1,CC(C)=CCCC(C)CC1OCC(C)O1,True,green;floral;herbal
MOL_003846,Dimethylmethylpropenyltetrahydrofuran,7416-35-5,7416-35-5,True,True,C/C=C(\C)C1CCC(C)(C)O1,C/C=C(\C)C1CCC(C)(C)O1,True,citrus;fresh;camphoreous;mint
MOL_003847,Pentenyl hexanoate,74298-89-8,74298-89-8,True,True,CC/C=C/COC(=O)CCCCC,CC/C=C/COC(=O)CCCCC,True,green;fruity;banana;tropical;waxy
MOL_003848,clary octenone,74338-72-0,74338-72-0,True,True,CC(C)C(=O)C(C)(C)CC=C(C)C,CC(C)=CCC(C)(C)C(=O)C(C)C,True,sweet;herbal;citrus;tropical
MOL_003849,Dimethylnonanol,74356-31-3,74356-31-3,True,True,CCCCCC(C)(O)CC(C)C,CCCCCC(C)(O)CC(C)C,True,fruity
MOL_003850,Ethyl methyl p-tolylglycidate,74367-97-8,74367-97-8,True,True,CCOC(=O)C1OC1(C)c1ccc(C)cc1,CCOC(=O)C1OC1(C)c1ccc(C)cc1,True,fruity;vanilla;almond;cherry;floral;sweet
MOL_003851,"3,7-dimethyl-2,6-octadien-1-yl cyclopropyl carboxamide",744251-93-2,744251-93-2,True,True,CC(=CCC/C(=C/CNC(=O)C1CC1)/C)C,CC(C)=CCC/C(C)=C/CNC(=O)C1CC1,True,roasted;meaty
MOL_003852,Ethyl methylbutyrate,7452-79-1,7452-79-1,True,True,CCOC(=O)C(C)CC,CCOC(=O)C(C)CC,True,green;fruity;apple;strawberry
MOL_003853,(S)-gamma-undecalactone,74568-05-1,74568-05-1,True,True,CCCCCCC[C@H]1CCC(=O)O1,CCCCCCC[C@H]1CCC(=O)O1,True,fatty;sweet;aldehydic
MOL_003854,(R)-gamma-undecalactone,74568-06-2,74568-06-2,True,True,CCCCCCC[C@@H]1CCC(=O)O1,CCCCCCC[C@@H]1CCC(=O)O1,True,fatty;sweet;peach
MOL_003855,Decenolide,74585-00-5,74585-00-5,True,True,C=CCCCC1CCCC(=O)O1,C=CCCCC1CCCC(=O)O1,True,creamy;sweet;buttery
MOL_003856,Methylthio acetyloxypropionate,74586-09-7,74586-09-7,True,True,CSOC(=O)C(C)OC(C)=O,CSOC(=O)C(C)OC(C)=O,True,sulfurous;fruity;tropical
MOL_003857,Dihydrotrismethylpropyldithiazine,74595-94-1,74595-94-1,True,True,CCCN1SSC=C(C)C1(C)C,CCCN1SSC=C(C)C1(C)C,True,meaty;roasted;savory;potato
MOL_003858,Phenethyl valerate,7460-74-4,7460-74-4,True,True,CCCCC(=O)OCCc1ccccc1,CCCCC(=O)OCCc1ccccc1,True,apple;rose;fruity;tobacco;pineapple;floral
MOL_003859,Methylthiomethyl hexanoate,74758-91-1,74758-91-1,True,True,CCCCCC(=O)OCSC,CCCCCC(=O)OCSC,True,pineapple;fruity;creamy
MOL_003860,Methylthiomethyl butyrate,74758-93-3,74758-93-3,True,True,CCCC(=O)OCSC,CCCC(=O)OCSC,True,fruity;milky;tropical;cabbage;cheesy
MOL_003861,Butylquinoline,74808-78-9,74808-78-9,True,True,CCCCc1ccc2ccccc2n1,CCCCc1ccc2ccccc2n1,True,tobacco;leathery;animal
MOL_003862,Benzylheptanone,7492-37-7,7492-37-7,True,True,CCCC(=O)C(CC)Cc1ccccc1,CCCC(=O)C(CC)Cc1ccccc1,True,fruity;berry;plum;mint
MOL_003863,Acetaldehyde benzyl methoxyethyl acetal,7492-39-9,7492-39-9,True,True,COC(C)OC(C)OCc1ccccc1,COC(C)OC(C)OCc1ccccc1,True,green;fruity;almond;sweet
MOL_003864,Bornyl formate,7492-41-3,7492-41-3,True,True,CC1(C)C2CCC1(C)C(OC=O)C2,CC1(C)C2CCC1(C)C(OC=O)C2,True,green;earthy;pine
MOL_003865,Butylcinnamaldehyde,7492-44-6,7492-44-6,True,True,CCCC/C(C=O)=C\c1ccccc1,CCCC/C(C=O)=C\c1ccccc1,True,green;fruity;jasmine;herbal;floral
MOL_003866,Butyl decenoate,7492-45-7,7492-45-7,True,True,CCCCCCC/C=C/C(=O)OCCCC,CCCCCCC/C=C/C(=O)OCCCC,True,apricot;green;fruity;milky;coconut;waxy;peach
MOL_003867,Cinnamyl phenylacetate,7492-65-1,7492-65-1,True,True,O=C(Cc1ccccc1)OC/C=C/c1ccccc1,O=C(Cc1ccccc1)OC/C=C/c1ccccc1,True,honey;balsamic;floral;sweet
MOL_003868,Citral diethyl acetal,7492-66-2,7492-66-2,True,True,CCOC(/C=C(\C)CCC=C(C)C)OCC,CCOC(/C=C(\C)CCC=C(C)C)OCC,True,green;fresh;citrus
MOL_003869,Citronellyloxyacetaldehyde,7492-67-3,7492-67-3,True,True,CC(C)=CCCC(C)CCOCC=O,CC(C)=CCCC(C)CCOCC=O,True,rose;citrus;melon;floral
MOL_003870,Benzyl dimethylcrotonate,7492-69-5,7492-69-5,True,True,CC(C)=C(C)C(=O)OCc1ccccc1,CC(C)=C(C)C(=O)OCc1ccccc1,True,fruity;spicy;herbal
MOL_003871,Butyl butyryllactate,7492-70-8,7492-70-8,True,True,CCCCOC(=O)C(C)OC(=O)CCC,CCCCOC(=O)C(C)OC(=O)CCC,True,sour;fruity;sweet;buttery
MOL_003872,Acetaldehyde phenethyl propyl acetal,7493-57-4,7493-57-4,True,True,CCCOC(C)OCCc1ccccc1,CCCOC(C)OCCc1ccccc1,True,green;leafy;floral
MOL_003873,Methylpentanedione,7493-58-5,7493-58-5,True,True,CC(=O)C(=O)C(C)C,CC(=O)C(=O)C(C)C,True,creamy;fruity;sweet;buttery
MOL_003874,Undecadione,7493-59-6,7493-59-6,True,True,CCCCCCCCC(=O)C(C)=O,CCCCCCCCC(=O)C(C)=O,True,creamy;milky;coconut;dairy;sweet
MOL_003875,allyl anthranilate,7493-63-2,7493-63-2,True,True,C=CCOC(=O)C1=CC=CC=C1N,C=CCOC(=O)c1ccccc1N,True,green;leafy;floral;grape
MOL_003876,Allyl cyclohexanebutyrate,7493-65-4,7493-65-4,True,True,C=CCOC(=O)CCCC1CCCCC1,C=CCOC(=O)CCCC1CCCCC1,True,fruity;pineapple;sweet
MOL_003877,Allyl cyclohexanehexanoate,7493-66-5,7493-66-5,True,True,C=CCOC(=O)CCCCCC1CCCCC1,C=CCOC(=O)CCCCCC1CCCCC1,True,fatty;fruity
MOL_003878,Allyl cyclohexanevalerate,7493-68-7,7493-68-7,True,True,C=CCOC(=O)CCCCC1CCCCC1,C=CCOC(=O)CCCCC1CCCCC1,True,fruity;sweet
MOL_003879,Allyl ethylbutyrate,7493-69-8,7493-69-8,True,True,C=CCOC(=O)C(CC)CC,C=CCOC(=O)C(CC)CC,True,oily;fruity
MOL_003880,Allyl tiglate,7493-71-2,7493-71-2,True,True,C=CCOC(=O)/C(C)=C/C,C=CCOC(=O)/C(C)=C/C,True,green;earthy;fruity;berry;herbal;sweet
MOL_003881,Allyl nonanoate,7493-72-3,7493-72-3,True,True,C=CCOC(=O)CCCCCCCC,C=CCOC(=O)CCCCCCCC,True,fatty;fruity;nutty;cognac;pineapple;winey
MOL_003882,Allyl phenoxyacetate,7493-74-5,7493-74-5,True,True,C=CCOC(=O)COc1ccccc1,C=CCOC(=O)COc1ccccc1,True,honey;fruity;pineapple;sweet
MOL_003883,Allyl sorbate,7493-75-6,7493-75-6,True,True,C=CCOC(=O)/C=C/C=C/C,C=CCOC(=O)/C=C/C=C/C,True,fruity;sharp;melon;pineapple;sweet
MOL_003884,Allyl undecenoate,7493-76-7,7493-76-7,True,True,C=CCCCCCCCCC(=O)OCC=C,C=CCCCCCCCCC(=O)OCC=C,True,fatty;nutty;coconut;pineapple;sweet
MOL_003885,Amylcinnamyl acetate,7493-78-9,7493-78-9,True,True,CCCCCC(/C=C/c1ccccc1)OC(C)=O,CCCCCC(/C=C/c1ccccc1)OC(C)=O,True,floral;fruity;spicy;balsamic
MOL_003886,Amylcinnamyl formate,7493-79-0,7493-79-0,True,True,CCCCC/C(=C/c1ccccc1)COC=O,CCCCC/C(=C/c1ccccc1)COC=O,True,green;herbal;balsamic;floral;sweet;buttery
MOL_003887,Amyl heptanoate,7493-82-5,7493-82-5,True,True,CCCCCCC(=O)OCCCCC,CCCCCCC(=O)OCCCCC,True,ethereal;green;fruity;banana;winey;dry
MOL_003888,(E)-2-tridecen-1-ol,74962-98-4,74962-98-4,True,True,CCCCCCCCCC\C=C\CO,CCCCCCCCCC/C=C/CO,True,waxy;fresh;herbal;citrus;fatty
MOL_003889,Ethylamine,75-04-7,75-04-7,True,True,CCN,CCN,True,ripe;fishy;cheesy
MOL_003890,Acetaldehyde,75-07-0,75-07-0,True,True,CC=O,CC=O,True,nutty;alcoholic;pungent
MOL_003891,Ethanethiol,75-08-1,75-08-1,True,True,CCS,CCS,True,vegetable;meaty;garlic;tropical;onion;coffee;sulfurous
MOL_003892,Methyl sulfide,75-18-3,75-18-3,True,True,CSC,CSC,True,vegetable;pungent;cabbage
MOL_003893,Isopropylamine,75-31-0,75-31-0,True,True,CC(C)N,CC(C)N,True,fishy;cheesy
MOL_003894,Isopropyl mercaptan,75-33-2,75-33-2,True,True,CC(C)S,CC(C)S,True,meaty;onion;chicken;brothy;sulfurous
MOL_003895,Trimethylamine,75-50-3,75-50-3,True,True,CN(C)C,CN(C)C,True,fishy;pungent
MOL_003896,Methylpropanol,75-65-0,75-65-0,True,True,CC(C)(C)O,CC(C)(C)O,True,fermented;musty;ethereal
MOL_003897,Methylpropanethiol,75-66-1,75-66-1,True,True,CC(C)(C)S,CC(C)(C)S,True,sulfurous;meaty;roasted;tropical
MOL_003898,Methylbutanol,75-85-4,75-85-4,True,True,CCC(C)(C)O,CCC(C)(C)O,True,alcoholic;solvent;ethereal;fermented;camphoreous
MOL_003899,Pivalic acid,75-98-9,75-98-9,True,True,CC(C)(C)C(=O)O,CC(C)(C)C(=O)O,True,pungent;sour;cheesy
MOL_003900,Trimethylhydroxycyclohexanone,7500-42-7,7500-42-7,True,True,CC1(C)CCCC(C)(O)C1=O,CC1(C)CCCC(C)(O)C1=O,True,tea;tobacco
MOL_003901,(E)-2-undecen-1-ol,75039-84-8,75039-84-8,True,True,CCCCCCCC/C=C/CO,CCCCCCCC/C=C/CO,True,floral;rose;waxy;fresh;fruity
MOL_003902,Acetaldehyde isobutyl isoamyl acetal,75048-15-6,75048-15-6,True,True,CC(C)CCOC(C)OCC(C)C,CC(C)CCOC(C)OCC(C)C,True,alcoholic;ethereal;green;nutty;cognac
MOL_003903,buchu oxime,75147-23-8,75147-23-8,True,True,CC12CCCC(C1=NO)(CC2)C,CC12CCCC(C)(CC1)C2=NO,True,fresh;fruity;herbal
MOL_003904,(S)-(+)-lilyall,75166-30-2,75166-30-2,True,True,C[C@@H](Cc1ccc(cc1)C(C)(C)C)C=O,C[C@H](C=O)Cc1ccc(C(C)(C)C)cc1,True,floral
MOL_003905,(R)-(-)-lilyall,75166-31-3,75166-31-3,True,True,C[C@H](Cc1ccc(cc1)C(C)(C)C)C=O,C[C@@H](C=O)Cc1ccc(C(C)(C)C)cc1,True,floral
MOL_003906,Dimercaptothiapropane,7529-06-8,7529-06-8,True,True,CC(S)SS,CC(S)SS,True,roasted;alliaceous;savory;sulfurous
MOL_003907,2-acetyl-4-methyl thiazole,7533-07-5,7533-07-5,True,True,CC1=CSC(=N1)C(=O)C,CC(=O)c1nc(C)cs1,True,roasted;meaty
MOL_003908,Citronellol,7540-51-4,7540-51-4,True,True,CC(C)=CCC[C@H](C)CCO,CC(C)=CCC[C@H](C)CCO,True,rose;citrus;green;fruity;floral;sweet
MOL_003909,Citronellyl valerate,7540-53-6,7540-53-6,True,True,CCCCC(=O)OCCC(C)CCC=C(C)C,CCCCC(=O)OCCC(C)CCC=C(C)C,True,honey;fruity;rose;herbal
MOL_003910,"(Z,E)-phytol",7541-49-3,7541-49-3,True,True,CC(C)CCCC(C)CCCC(C)CCCC(=CCO)C,CC(=CCO)CCCC(C)CCCC(C)CCCC(C)C,True,floral;balsamic;green;jasmine
MOL_003911,Anisyl propionate,7549-33-9,7549-33-9,True,True,CCC(=O)OCc1ccc(OC)cc1,CCC(=O)OCc1ccc(OC)cc1,True,fruity;vanilla;herbal;floral;sweet
MOL_003912,Citral dimethyl acetal,7549-37-3,7549-37-3,True,True,COC(/C=C(\C)CCC=C(C)C)OC,COC(/C=C(\C)CCC=C(C)C)OC,True,lemon;citrus
MOL_003913,Bornyl valerate,7549-41-9,7549-41-9,True,True,CCCCC(=O)O[C@@H]1CC2CCC1(C)C2(C)C,CCCCC(=O)O[C@@H]1CC2CCC1(C)C2(C)C,True,pine;fruity;tobacco;herbal;woody
MOL_003914,grapefruit nitrile,75490-39-0,75490-39-0,True,True,CC(CC(C)(C)C#N)C1=CC=CC=C1,CC(CC(C)(C)C#N)c1ccccc1,True,citrus;floral;grapefruit;burnt;leafy;woody
MOL_003915,Diethyl malate,7554-12-3,7554-12-3,True,True,CCOC(=O)CC(O)C(=O)OCC,CCOC(=O)CC(O)C(=O)OCC,True,fruity;apple;winey;herbal
MOL_003916,Ethyl hydroxyoctanoate,75587-05-2,75587-05-2,True,True,CCCC(O)CCCC(=O)OCC,CCCC(O)CCCC(=O)OCC,True,fatty;pineapple
MOL_003917,Ethyl hydroxydecanoate,75587-06-3,75587-06-3,True,True,CCCCCCCCC(O)C(=O)OCC,CCCCCCCCC(O)C(=O)OCC,True,fruity
MOL_003918,Prenyl thioisovalerate,75631-91-3,75631-91-3,True,True,CC(C)=CCOC(=S)CC(C)C,CC(C)=CCOC(=S)CC(C)C,True,fruity;tropical;sulfurous
MOL_003919,(R)-tonka furanone,75640-26-5,75640-26-5,True,True,O=C1C(=C2CCC(C=C2O1)C)C,CC1=C2CCC(C)C=C2OC1=O,True,milky;coumarinic;sweet;coconut
MOL_003920,Acetaldehyde butyl methyl acetal,75677-94-0,75677-94-0,True,True,CCCCOC(C)OC,CCCCOC(C)OC,True,vegetable;alcoholic;ethereal;green;cognac
MOL_003921,mercaptomethyl pentanone,75832-79-0,75832-79-0,True,True,CC(C)C(C(=O)C)S,CC(=O)C(S)C(C)C,True,black currant
MOL_003922,Methyltridecanal,75853-49-5,75853-49-5,True,True,CC(C)CCCCCCCCCCC=O,CC(C)CCCCCCCCCCC=O,True,meaty;beefy
MOL_003923,Methyltetradecanal,75853-50-8,75853-50-8,True,True,CCC(C)CCCCCCCCCCC=O,CCC(C)CCCCCCCCCCC=O,True,fatty;beefy;meaty
MOL_003924,Methyltetradecanal,75853-51-9,75853-51-9,True,True,CCCCCCCCCCCCC(C)C=O,CCCCCCCCCCCCC(C)C=O,True,fatty;beefy;meaty
MOL_003925,guaiacyl propionate,7598-60-9,7598-60-9,True,True,CCC(=O)OC1=CC=CC=C1OC,CCC(=O)Oc1ccccc1OC,True,fruity;nutty;vanilla
MOL_003926,Dimethylbutanediol,76-09-5,76-09-5,True,True,CC(C)(O)C(C)(C)O,CC(C)(O)C(C)(C)O,True,ethereal;herbal;woody;bread;mint
MOL_003927,(±)-camphor,76-22-2,76-22-2,True,True,CC1(C2CCC1(C(=O)C2)C)C,CC12CCC(CC1=O)C2(C)C,True,camphoreous
MOL_003928,Bornyl acetate,76-49-3,76-49-3,True,True,CC(=O)OC1CC2CCC1(C)C2(C)C,CC(=O)OC1CC2CCC1(C)C2(C)C,True,pine;sweet;herbal
MOL_003929,Bornyl isovalerate,76-50-6,76-50-6,True,True,CC(C)CC(=O)OC1CC2CCC1(C)C2(C)C,CC(C)CC(=O)OC1CC2CCC1(C)C2(C)C,True,green;earthy;fruity;camphoreous;herbal;woody;mint
MOL_003930,Farnesyl acetone,762-29-8,762-29-8,True,True,CC(=O)CC/C=C(\C)CC/C=C(\C)CCC=C(C)C,CC(=O)CC/C=C(\C)CC/C=C(\C)CCC=C(C)C,True,creamy;winey;floral;sweet
MOL_003931,Nonenyl acetate,76238-22-7,76238-22-7,True,True,CC/C=C/CCCCCOC(C)=O,CC/C=C/CCCCCOC(C)=O,True,green;fatty;melon;pear;waxy
MOL_003932,Dodecenal,76261-02-4,76261-02-4,True,True,CCCCC/C=C/CCCCC=O,CCCCC/C=C/CCCCC=O,True,fatty;waxy;citrus
MOL_003933,Methylbutenol,763-32-6,763-32-6,True,True,C=C(C)CCO,C=C(C)CCO,True,green;fruity;fresh;herbal;sweet
MOL_003934,Pentenol,764-37-4,764-37-4,True,True,C/C=C/CCO,C/C=C/CCO,True,green;fruity;fresh
MOL_003935,Pentenal,764-39-6,764-39-6,True,True,CC/C=C/C=O,CC/C=C/C=O,True,green;fruity;apple
MOL_003936,Pentadienal,764-40-9,764-40-9,True,True,C=C/C=C\C=O,C=C/C=C\C=O,True,spicy;green;pungent
MOL_003937,decyl vinyl ether,765-05-9,765-05-9,True,True,CCCCCCCCCCOC=C,C=COCCCCCCCCCC,True,fresh;waxy;rose;orris
MOL_003938,cyclotene,765-70-8,765-70-8,True,True,CC1CCC(=O)C1=O,CC1CCC(=O)C1=O,True,sweet;caramellic;coffee;woody;burnt;bread
MOL_003939,"1,2-cyclohexane dione",765-87-7,765-87-7,True,True,C1CCC(=O)C(=O)C1,O=C1CCCCC1=O,True,sweet;nutty;caramellic;brothy
MOL_003940,Benzyl methyl sulfide,766-92-7,766-92-7,True,True,CSCc1ccccc1,CSCc1ccccc1,True,meaty;roasted;savory;burnt;horseradish;sulfurous
MOL_003941,Octenol,76649-14-4,76649-14-4,True,True,CCCC/C=C/C(C)O,CCCC/C=C/C(C)O,True,green;earthy;nutty;melon;mushroom
MOL_003942,Ethyl decenoate,76649-16-6,76649-16-6,True,True,CCCCC/C=C/CCC(=O)OCC,CCCCC/C=C/CCC(=O)OCC,True,apple;green;fatty;pear;waxy;pineapple
MOL_003943,(Z)-3-hexen-1-yl 2-methyl-2-pentenoate,76649-17-7,76649-17-7,True,True,CC\C=C\CCOC(=O)/C(=C\CC)/C,CC/C=C(/C)C(=O)OCC/C=C/CC,True,fresh;green;metallic;tropical;waxy
MOL_003944,Prenyl caproate,76649-22-4,76649-22-4,True,True,CCCCCC(=O)OCC=C(C)C,CCCCCC(=O)OCC=C(C)C,True,green;earthy;fruity
MOL_003945,Prenyl isobutyrate,76649-23-5,76649-23-5,True,True,CC(C)=CCOC(=O)C(C)C,CC(C)=CCOC(=O)C(C)C,True,green;fruity;waxy;berry;plum;buttery
MOL_003946,Nonadienol,76649-25-7,76649-25-7,True,True,CC/C=C/C/C=C/CCO,CC/C=C/C/C=C/CCO,True,green;fatty;fishy;chicken;cucumber
MOL_003947,Nonadienyl acetate,76649-26-8,76649-26-8,True,True,CC/C=C/C/C=C/CCOC(C)=O,CC/C=C/C/C=C/CCOC(C)=O,True,green;fruity;melon;pear;fresh
MOL_003948,Dimethylethylthiazoline,76788-46-0,76788-46-0,True,True,CCC1N=C(C)C(C)S1,CCC1N=C(C)C(C)S1,True,meaty;nutty;cocoa;musty;peach
MOL_003949,Diethyl diethylmalonate,77-25-8,77-25-8,True,True,CCOC(=O)C(CC)(CC)C(=O)OCC,CCOC(=O)C(CC)(CC)C(=O)OCC,True,fruity;apple;pear
MOL_003950,Santalol,77-42-9,77-42-9,True,True,C=C1C2CCC(C2)C1(C)CC/C=C(/C)CO,C=C1C2CCC(C2)C1(C)CC/C=C(/C)CO,True,animal;woody
MOL_003951,Cedrol,77-53-2,77-53-2,True,True,C[C@@H]1CC[C@H]2C(C)(C)[C@H]3C[C@]21CC[C@@]3(C)O,C[C@@H]1CC[C@H]2C(C)(C)[C@H]3C[C@@]12CC[C@@]3(C)O,True,woody
MOL_003952,Cedryl acetate,77-54-3,77-54-3,True,True,CC(=O)OC1(C)CCC23CC1C(C)(C)[C@@H]2CC[C@H]3C,CC(=O)OC1(C)CCC23CC1C(C)(C)[C@@H]2CC[C@H]3C,True,leathery;earthy;woody
MOL_003953,Ethyl hydroxymethylbutyrate,77-70-3,77-70-3,True,True,CCOC(=O)C(C)(O)CC,CCOC(=O)C(C)(O)CC,True,fruity;grape;caramellic;nutty
MOL_003954,Methylpentanol,77-74-7,77-74-7,True,True,CCC(C)(O)CC,CCC(C)(O)CC,True,green;fruity;earthy;fermented;camphoreous;leafy
MOL_003955,Dimethoxypropane,77-76-9,77-76-9,True,True,COC(C)(C)OC,COC(C)(C)OC,True,fresh;solvent;ethereal
MOL_003956,Ethyl methylphenylglycidate,77-83-8,77-83-8,True,True,CCOC(=O)C1OC1(C)c1ccccc1,CCOC(=O)C1OC1(C)c1ccccc1,True,fruity;strawberry;sweet
MOL_003957,Tributyl acetylcitrate,77-90-7,77-90-7,True,True,CCCCOC(=O)CC(CC(=O)OCCCC)(OC(C)=O)C(=O)OCCCC,CCCCOC(=O)CC(CC(=O)OCCCC)(OC(C)=O)C(=O)OCCCC,True,fruity;winey;sweet
MOL_003958,Citric acid,77-92-9,77-92-9,True,True,O=C(O)CC(O)(CC(=O)O)C(=O)O,O=C(O)CC(O)(CC(=O)O)C(=O)O,True,odorless
MOL_003959,Triethyl citrate,77-93-0,77-93-0,True,True,CCOC(=O)CC(O)(CC(=O)OCC)C(=O)OCC,CCOC(=O)CC(O)(CC(=O)OCC)C(=O)OCC,True,fruity;winey;plum;sweet
MOL_003960,Tributyl citrate,77-94-1,77-94-1,True,True,CCCCOC(=O)CC(O)(CC(=O)OCCCC)C(=O)OCCCC,CCCCOC(=O)CC(O)(CC(=O)OCCCC)C(=O)OCCCC,True,odorless
MOL_003961,Furfurylidenebutyraldehyde,770-27-4,770-27-4,True,True,CC/C(C=O)=C\c1ccco1,CC/C(C=O)=C\c1ccco1,True,spicy;caramellic;leathery;vanilla;nutty;coconut
MOL_003962,Butyl methylthioacrylate,77105-53-4,77105-53-4,True,True,C=C(C)C(=S)OCCCC,C=C(C)C(=S)OCCCC,True,fruity
MOL_003963,methyl R-3-acetoxyhexanoate,77118-93-5,77118-93-5,True,True,CCCC(CC(=O)OC)OC(=O)C,CCCC(CC(=O)OC)OC(C)=O,True,fruity;green;vegetable
MOL_003964,(Z)-cinnamyl acetate,77134-01-1,77134-01-1,True,True,CC(=O)OC/C=C\C1=CC=CC=C1,CC(=O)OC/C=C\c1ccccc1,True,floral;spicy;balsamic
MOL_003965,(-)-spathulenol,77171-55-2,77171-55-2,True,True,C[C@]1(CC[C@H]2[C@@H]1C3C(C3(C)C)CCC2=C)O,C=C1CCC2C([C@H]3[C@@H]1CC[C@@]3(C)O)C2(C)C,True,honey
MOL_003966,triflaige A (ZEON),77189-02-7,77189-02-7,True,True,OC2C(CCC2C1CCCC1)C3CCCC3,OC1C(C2CCCC2)CCC1C1CCCC1,True,tropical;fruity;floral;musk
MOL_003967,Acetaldehyde butyl methylbutyl acetal,77249-20-8,77249-20-8,True,True,CCCCOC(C)OC(C)CCC,CCCCOC(C)OC(C)CCC,True,vegetable;alcoholic;ethereal;green;cognac
MOL_003968,Dimethyloxazoline,77311-02-5,77311-02-5,True,True,CC1=NC(C)OC1,CC1=NC(C)OC1,True,vegetable;nutty;meaty;roasted
MOL_003969,5-butyl oxazole,77311-06-9,77311-06-9,True,True,CCCCc1cnco1,CCCCc1cnco1,True,smoky;fatty;animal;meaty
MOL_003970,2-acetyl oxazole,77311-07-0,77311-07-0,True,True,CC(=O)C1=NC=CO1,CC(=O)c1ncco1,True,nutty;popcorn
MOL_003971,Menthyl succinate,77341-67-4,77341-67-4,True,True,CC1CCC(C(C)C)C(OC(=O)CCC(=O)O)C1,CC1CCC(C(C)C)C(OC(=O)CCC(=O)O)C1,True,odorless
MOL_003972,Benzaldehyde diethyl acetal,774-48-1,774-48-1,True,True,CCOC(OCC)c1ccccc1,CCOC(OCC)c1ccccc1,True,spicy;green;almond;aromatic;sweet
MOL_003973,acetyl tetralin,774-55-0,774-55-0,True,True,CC(=O)C1=CC2=C(CCCC2)C=C1,CC(=O)c1ccc2c(c1)CCCC2,True,floral;musk;grape
MOL_003974,Bovolide,774-64-1,774-64-1,True,True,CCCC/C=C1/OC(=O)C(C)=C1C,CCCC/C=C1/OC(=O)C(C)=C1C,True,dairy
MOL_003975,Butyl anthranilate,7756-96-9,7756-96-9,True,True,CCCCOC(=O)c1ccccc1N,CCCCOC(=O)c1ccccc1N,True,fruity;grape;berry;winey;sweet
MOL_003976,Dihydrocarvone,7764-50-3,7764-50-3,True,True,C=C(C)C1CCC(C)C(=O)C1,C=C(C)C1CCC(C)C(=O)C1,True,mint
MOL_003977,Cyclohexyl isovalerate,7774-44-9,7774-44-9,True,True,CC(C)CC(=O)OC1CCCCC1,CC(C)CC(=O)OC1CCCCC1,True,fruity;apple;banana;berry
MOL_003978,Dibutyl Butyrolactone,7774-47-2,7774-47-2,True,True,CCCCC1(CCCC)CCC(=O)O1,CCCCC1(CCCC)CCC(=O)O1,True,coconut;buttery
MOL_003979,Dimethylbenzyl isobutyrate,7774-60-9,7774-60-9,True,True,CC(C)C(=O)OC(C)(C)c1ccccc1,CC(C)C(=O)OC(C)(C)c1ccccc1,True,apricot;fruity;plum;peach;sweet
MOL_003980,terpinyl isobutyrate,7774-65-4,7774-65-4,True,True,CC1=CCC(CC1)C(C)(C)OC(=O)C(C)C,CC1=CCC(C(C)(C)OC(=O)C(C)C)CC1,True,green;floral;herbal;spicy;fatty;citrus
MOL_003981,Mercaptothiophene,7774-73-4,7774-73-4,True,True,Sc1ccsc1,Sc1ccsc1,True,sulfurous;meaty
MOL_003982,Thienylmercaptan,7774-74-5,7774-74-5,True,True,Sc1cccs1,Sc1cccs1,True,caramellic;roasted;burnt;coffee;sulfurous
MOL_003983,Tolylbutanone,7774-79-0,7774-79-0,True,True,CC(=O)CCc1ccc(C)cc1,CC(=O)CCc1ccc(C)cc1,True,fruity;floral;sweet
MOL_003984,Tridecenal,7774-82-5,7774-82-5,True,True,CCCCCCCCCC/C=C/C=O,CCCCCCCCCC/C=C/C=O,True,creamy;citrus;green;fatty;waxy
MOL_003985,Isoeugenyl formate,7774-96-1,7774-96-1,True,True,C/C=C/c1ccc(OC=O)c(OC)c1,C/C=C/c1ccc(OC=O)c(OC)c1,True,green;fresh;orris;woody;sweet
MOL_003986,Isopropylphenylpropionaldehyde,7775-00-0,7775-00-0,True,True,CC(C)c1ccc(CCC=O)cc1,CC(C)c1ccc(CCC=O)cc1,True,green;floral;sweet
MOL_003987,Styrallyl formate,7775-38-4,7775-38-4,True,True,CC(OC=O)c1ccccc1,CC(OC=O)c1ccccc1,True,green;woody;balsamic;floral
MOL_003988,styralyl isobutyrate,7775-39-5,7775-39-5,True,True,CC(C)C(=O)OC(C)C1=CC=CC=C1,CC(C)C(=O)OC(C)c1ccccc1,True,fruity;tropical;jasmine;green
MOL_003989,Propyl cinnamate,7778-83-8,7778-83-8,True,True,CCCOC(=O)/C=C/c1ccccc1,CCCOC(=O)/C=C/c1ccccc1,True,balsamic;sweet
MOL_003990,Propyl heptanoate,7778-87-2,7778-87-2,True,True,CCCCCCC(=O)OCCC,CCCCCCC(=O)OCCC,True,green;fruity;winey;oily
MOL_003991,Rhodinyl isovalerate,7778-96-3,7778-96-3,True,True,C=C(C)CCCC(C)CCOC(=O)CC(C)C,C=C(C)CCCC(C)CCOC(=O)CC(C)C,True,fruity;floral;rose
MOL_003992,Dimethyloctanal,7779-07-9,7779-07-9,True,True,CCC(C)CCCC(C)C=O,CCC(C)CCCC(C)C=O,True,rose;citrus;green;fruity;melon;fresh;waxy;vegetable;sweet
MOL_003993,Cyclohexyl anthranilate,7779-16-0,7779-16-0,True,True,Nc1ccccc1C(=O)OC1CCCCC1,Nc1ccccc1C(=O)OC1CCCCC1,True,fruity;fatty;grape;orange;floral
MOL_003994,Cyclohexyl cinnamate,7779-17-1,7779-17-1,True,True,O=C(/C=C/c1ccccc1)OC1CCCCC1,O=C(/C=C/c1ccccc1)OC1CCCCC1,True,fruity;almond;balsamic;cherry;sweet
MOL_003995,Linalyl hexanoate,7779-23-9,7779-23-9,True,True,C=CC(C)(CCC=C(C)C)OC(=O)CCCCC,C=CC(C)(CCC=C(C)C)OC(=O)CCCCC,True,green;fruity;dry
MOL_003996,alpha-methyl ionone,7779-30-8,7779-30-8,True,True,O=C(C=CC1C(=C/CCC1(C)C)\C)CC,CCC(=O)C=CC1C(C)=CCCC1(C)C,True,sweet;orris;fruity;floral;violet;waxy;woody
MOL_003997,Decanal dimethyl acetal,7779-41-1,7779-41-1,True,True,CCCCCCCCCC(OC)OC,CCCCCCCCCC(OC)OC,True,citrus;green;fatty;fruity;waxy;orange
MOL_003998,Ambrettolide,7779-50-2,7779-50-2,True,True,O=C1CCCCC=CCCCCCCCCCO1,O=C1CCCCC=CCCCCCCCCCO1,True,musk;berry
MOL_003999,Nonanonyl acetate,7779-54-6,7779-54-6,True,True,CCCCCCCC(=O)COC(C)=O,CCCCCCCC(=O)COC(C)=O,True,fruity;warm;herbal
MOL_004000,Isoamyl cinnamate,7779-65-9,7779-65-9,True,True,CC(C)CCOC(=O)/C=C/c1ccccc1,CC(C)CCOC(=O)/C=C/c1ccccc1,True,fruity;cocoa;berry;balsamic;floral;sweet
MOL_004001,Isoamyl furanbutyrate,7779-66-0,7779-66-0,True,True,CC(C)CCOC(=O)CCCc1ccco1,CC(C)CCOC(=O)CCCc1ccco1,True,fruity;sweet;buttery
MOL_004002,Isoamyl furanpropionate,7779-67-1,7779-67-1,True,True,CC(C)CCOC(=O)CCc1ccco1,CC(C)CCOC(=O)CCc1ccco1,True,caramellic;green;fruity;fermented;floral;sweet
MOL_004003,Isoamyl nonanoate,7779-70-6,7779-70-6,True,True,CCCCCCCCC(=O)OCCC(C)C,CCCCCCCCC(=O)OCCC(C)C,True,apricot;oily;nutty;fruity;winey;floral
MOL_004004,Isoamyl pyruvate,7779-72-8,7779-72-8,True,True,CC(=O)C(=O)OCCC(C)C,CC(=O)C(=O)OCCC(C)C,True,fruity;caramellic;sweet;rum
MOL_004005,isobornyl isovalerate,7779-73-9,7779-73-9,True,True,O=C(OC1C2(C(C(C1)CC2)(C)C)C)CC(C)C,CC(C)CC(=O)OC1CC2CCC1(C)C2(C)C,True,woody;dry;musty;pine;camphoreous;oily;balsamic;mint;green
MOL_004006,Isobutyl acetoacetate,7779-75-1,7779-75-1,True,True,CC(=O)CC(=O)OCC(C)C,CC(=O)CC(=O)OCC(C)C,True,winey;sweet;brandy
MOL_004007,Isobutyl anthranilate,7779-77-3,7779-77-3,True,True,CC(C)COC(=O)c1ccccc1N,CC(C)COC(=O)c1ccccc1N,True,fruity;orange;sweet
MOL_004008,Isobutylphenethyl alcohol,7779-78-4,7779-78-4,True,True,CC(C)CC(O)Cc1ccccc1,CC(C)CC(O)Cc1ccccc1,True,floral;herbal
MOL_004009,Isobutyl heptanoate,7779-80-8,7779-80-8,True,True,CCCCCCC(=O)OCC(C)C,CCCCCCC(=O)OCC(C)C,True,green;fruity;winey;cognac
MOL_004010,Isobutyl angelate,7779-81-9,7779-81-9,True,True,C/C=C(/C)C(=O)OCC(C)C,C/C=C(/C)C(=O)OCC(C)C,True,fruity;herbal;chamomile;winey;sweet
MOL_004011,Hydroxycitronellal diethyl acetal,7779-94-4,7779-94-4,True,True,CCOC(CC(C)CCCC(C)(C)O)OCC,CCOC(CC(C)CCCC(C)(C)O)OCC,True,floral
MOL_004012,Isopropyl cinnamate,7780-06-5,7780-06-5,True,True,CC(C)OC(=O)/C=C/c1ccccc1,CC(C)OC(=O)/C=C/c1ccccc1,True,balsamic;sweet
MOL_004013,Isoeugenyl ethyl ether,7784-67-0,7784-67-0,True,True,C/C=C/c1ccc(OCC)c(OC)c1,C/C=C/c1ccc(OCC)c(OC)c1,True,spicy;vanilla;warm;balsamic
MOL_004014,delta-methyl ionone,7784-98-7,7784-98-7,True,True,CCC(=O)/C=C/C1C(C=CCC1(C)C)C,CCC(=O)/C=C/C1C(C)C=CCC1(C)C,True,musk;earthy;musty
MOL_004015,L-(-)-alpha-pinene,7785-26-4,7785-26-4,True,True,CC1=CC[C@H]2C[C@@H]1C2(C)C,CC1=CC[C@H]2C[C@@H]1C2(C)C,True,sharp;warm;balsamic;fresh;pine;earthy;woody
MOL_004016,Geranyl tiglate,7785-33-3,7785-33-3,True,True,C/C=C(\C)C(=O)OC/C=C(\C)CCC=C(C)C,C/C=C(\C)C(=O)OC/C=C(\C)CCC=C(C)C,True,fruity
MOL_004017,(+)-alpha-terpineol,7785-53-7,7785-53-7,True,True,CC1=CC[C@@H](CC1)C(C)(C)O,CC1=CC[C@H](C(C)(C)O)CC1,True,floral
MOL_004018,Amyl angelate,7785-63-9,7785-63-9,True,True,C/C=C(/C)C(=O)OCCCCC,C/C=C(/C)C(=O)OCCCCC,True,apple;fruity;jasmine;chamomile;winey;floral;sweet
MOL_004019,Butyl angelate,7785-64-0,7785-64-0,True,True,C/C=C(/C)C(=O)OCCCC,C/C=C(/C)C(=O)OCCCC,True,caramellic;fruity;herbal;chamomile;winey;floral;sweet
MOL_004020,Amyl tiglate,7785-65-1,7785-65-1,True,True,C/C=C(\C)C(=O)OCCCCC,C/C=C(\C)C(=O)OCCCCC,True,fruity;floral;sweet;herbal
MOL_004021,butyl tiglate,7785-66-2,7785-66-2,True,True,CCCCOC(=O)/C(=C/C)/C,C/C=C(\C)C(=O)OCCCC,True,floral;herbal;warm;fruity
MOL_004022,D-(+)-alpha-pinene,7785-70-8,7785-70-8,True,True,CC1=CC[C@@H]2C[C@H]1C2(C)C,CC1=CC[C@@H]2C[C@H]1C2(C)C,True,pine;aromatic;mint
MOL_004023,Methyloctanal,7786-29-0,7786-29-0,True,True,CCCCCCC(C)C=O,CCCCCCC(C)C=O,True,rose;citrus;fatty;orange;floral
MOL_004024,Nonadienol,7786-44-9,7786-44-9,True,True,CCC=CCCC=CCO,CCC=CCCC=CCO,True,leafy;vegetable;cucumber;melon
MOL_004025,Nonyl isovalerate,7786-47-2,7786-47-2,True,True,CCCCCCCCCOC(=O)CC(C)C,CCCCCCCCCOC(=O)CC(C)C,True,fatty;fruity;nutty
MOL_004026,Nonyl octanoate,7786-48-3,7786-48-3,True,True,CCCCCCCCCOC(=O)CCCCCCC,CCCCCCCCCOC(=O)CCCCCCC,True,rose;earthy;fatty;oily;sweet;mushroom
MOL_004027,Octyl isovalerate,7786-58-5,7786-58-5,True,True,CCCCCCCCOC(=O)CC(C)C,CCCCCCCCOC(=O)CC(C)C,True,apple;green;fatty;fruity;earthy;herbal
MOL_004028,Methoxyvinylphenol,7786-61-0,7786-61-0,True,True,C=Cc1ccc(O)c(OC)c1,C=Cc1ccc(O)c(OC)c1,True,spicy;sweet;smoky
MOL_004029,isopulegol,7786-67-6,7786-67-6,True,True,CC1CCC(C(C1)O)C(=C)C,C=C(C)C1CCC(C)CC1O,True,mint;camphoreous;medicinal;woody;green;grassy;herbal
MOL_004030,Fenchone,7787-20-4,7787-20-4,True,True,CC1(C)C(=O)[C@]2(C)CC[C@H]1C2,CC1(C)C(=O)[C@]2(C)CC[C@H]1C2,True,pine;camphoreous;sweet
MOL_004031,Ethoxypropanal diethyl acetal,7789-92-6,7789-92-6,True,True,CCOCCC(OCC)OCC,CCOCCC(OCC)OCC,True,alcoholic;ethereal;fruity;cognac
MOL_004032,patchwood,77923-74-1,77923-74-1,True,True,CC1(CCCC2C13CCC(C3)C2=O)C,CC1(C)CCCC2C(=O)C3CCC21C3,True,tropical;fresh;orris;woody;earthy
MOL_004033,Methylthiomethyl methylpropanethioate,77974-85-7,77974-85-7,True,True,CSCOC(=S)C(C)C,CSCOC(=S)C(C)C,True,vegetable;roasted;green;fruity;tropical;sulfurous;cheesy
MOL_004034,Linalyl isobutyrate,78-35-3,78-35-3,True,True,C=CC(C)(CCC=C(C)C)OC(=O)C(C)C,C=CC(C)(CCC=C(C)C)OC(=O)C(C)C,True,fruity;floral;rose
MOL_004035,Linalyl butyrate,78-36-4,78-36-4,True,True,C=CC(C)(CCC=C(C)C)OC(=O)CCC,C=CC(C)(CCC=C(C)C)OC(=O)CCC,True,fruity;pear;plum;honey;peach;sweet
MOL_004036,Linalyl cinnamate,78-37-5,78-37-5,True,True,C=CC(C)(CCC=C(C)C)OC(=O)/C=C/c1ccccc1,C=CC(C)(CCC=C(C)C)OC(=O)/C=C/c1ccccc1,True,balsamic;floral;sweet
MOL_004037,Isophorone,78-59-1,78-59-1,True,True,CC1=CC(=O)CC(C)(C)C1,CC1=CC(=O)CC(C)(C)C1,True,green;tobacco;sharp;honey;camphoreous;sweet;mint
MOL_004038,Tetrahydrolinalool,78-69-3,78-69-3,True,True,CCC(C)(O)CCCC(C)C,CCC(C)(O)CCCC(C)C,True,floral;sweet
MOL_004039,Linalool,78-70-6,78-70-6,True,True,C=CC(C)(O)CCC=C(C)C,C=CC(C)(O)CCC=C(C)C,True,woody;floral;citrus
MOL_004040,Isoprene,78-79-5,78-79-5,True,True,C=CC(=C)C,C=CC(=C)C,True,gasoline
MOL_004041,Isobutylamine,78-81-9,78-81-9,True,True,CC(C)CN,CC(C)CN,True,ripe;malty;fishy;cheesy
MOL_004042,Isobutyl alcohol,78-83-1,78-83-1,True,True,CC(C)CO,CC(C)CO,True,fermented;sweet
MOL_004043,Isobutyraldehyde,78-84-2,78-84-2,True,True,CC(C)C=O,CC(C)C=O,True,green;fruity;banana;chocolate;cheesy
MOL_004044,methacrolein,78-85-3,78-85-3,True,True,CC(=C)C=O,C=C(C)C=O,True,floral;leafy;green
MOL_004045,Butanol,78-92-2,78-92-2,True,True,CCC(C)O,CCC(C)O,True,alcoholic;solvent;oily;fermented;winey
MOL_004046,Butanone,78-93-3,78-93-3,True,True,CCC(C)=O,CCC(C)=O,True,ketonic;solvent;fruity;camphoreous;sweet
MOL_004047,Butenone,78-94-4,78-94-4,True,True,C=CC(C)=O,C=CC(C)=O,True,ethereal;gasoline;sharp;pungent;sweet
MOL_004048,1-amino-2-propanol,78-96-6,78-96-6,True,True,CC(CN)O,CC(O)CN,True,fishy
MOL_004049,Pyruvaldehyde,78-98-8,78-98-8,True,True,CC(=O)C=O,CC(=O)C=O,True,sharp;pungent
MOL_004050,Ethyl decatrienoate,78417-28-4,78417-28-4,True,True,CC/C=C/C/C=C/C=C/C(=O)OCC,CC/C=C/C/C=C/C=C/C(=O)OCC,True,green;pear
MOL_004051,jasmin nonane,78649-62-4,78649-62-4,True,True,CCCCC1COC2(O1)CCCC2,CCCCC1COC2(CCCC2)O1,True,jasmine;green;mushroom
MOL_004052,Octenal,78693-34-2,78693-34-2,True,True,CCCC/C=C\CC=O,CCCC/C=C\CC=O,True,green;fruity;fresh
MOL_004053,(E)-cinnamyl propionate,78761-38-3,78761-38-3,True,True,CCC(=O)OC/C=C/C1=CC=CC=C1,CCC(=O)OC/C=C/c1ccccc1,True,fruity;balsamic;grape
MOL_004054,(E)-cinnamyl butyrate,78761-39-4,78761-39-4,True,True,CCCC(=O)OC/C=C/C1=CC=CC=C1,CCCC(=O)OC/C=C/c1ccccc1,True,balsamic;fruity;cinnamon
MOL_004055,Methyl methylfurfuryl disulfide,78818-78-7,78818-78-7,True,True,CSSC(C)c1ccco1,CSSC(C)c1ccco1,True,roasted;alliaceous;coffee;sulfurous;pungent
MOL_004056,Ethyl octenoate,78989-37-4,78989-37-4,True,True,CCC/C=C/CCC(=O)OCC,CCC/C=C/CCC(=O)OCC,True,fruity;pear;citrus
MOL_004057,Propionic acid,79-09-4,79-09-4,True,True,CCC(=O)O,CCC(=O)O,True,milky;pungent;sour
MOL_004058,Glycolic acid,79-14-1,79-14-1,True,True,O=C(O)CO,O=C(O)CO,True,odorless
MOL_004059,Methyl acetate,79-20-9,79-20-9,True,True,COC(C)=O,COC(C)=O,True,ethereal;fruity;sweet
MOL_004060,Isobutyric acid,79-31-2,79-31-2,True,True,CC(C)C(=O)O,CC(C)C(=O)O,True,fruity;sour;cheesy
MOL_004061,Methylpropenoic acid,79-41-4,79-41-4,True,True,C=C(C)C(=O)O,C=C(C)C(=O)O,True,sharp;pungent
MOL_004062,Mercaptopropionic acid,79-42-5,79-42-5,True,True,CC(S)C(=O)O,CC(S)C(=O)O,True,meaty;brothy;sulfurous;cheesy
MOL_004063,Irone,79-69-6,79-69-6,True,True,CC(=O)/C=C/[C@H]1C(C)=CC[C@@H](C)C1(C)C,CC(=O)/C=C/[C@H]1C(C)=CC[C@@H](C)C1(C)C,True,violet;sweet;berry;orris
MOL_004064,Irone,79-70-9,79-70-9,True,True,CC(=O)/C=C/C1=C(C)CCC(C)C1(C)C,CC(=O)/C=C/C1=C(C)CCC(C)C1(C)C,True,woody;fruity;violet;berry
MOL_004065,Ionone,79-76-5,79-76-5,True,True,C=C1CCCC(C)(C)C1/C=C/C(C)=O,C=C1CCCC(C)(C)C1/C=C/C(C)=O,True,green;violet;woody;floral
MOL_004066,(E)-beta-ionone,79-77-6,79-77-6,True,True,C[C@@H]1CCC=C(C1(C)C)/C=C/C(=O)C,CC(=O)/C=C/C1=CCC[C@@H](C)C1(C)C,True,dry;orris;floral;woody;berry;nutty;sweet;fruity
MOL_004067,Allyl ionone,79-78-7,79-78-7,True,True,C=CCCC(=O)/C=C/C1C(C)=CCCC1(C)C,C=CCCC(=O)/C=C/C1C(C)=CCCC1(C)C,True,fruity;sweet;berry;woody;pineapple
MOL_004068,Isomethyl-beta-ionone,79-89-0,79-89-0,True,True,CC(=O)/C(C)=C\C1=C(C)CCCC1(C)C,CC(=O)/C(C)=C\C1=C(C)CCCC1(C)C,True,woody;orris
MOL_004069,Camphene,79-92-5,79-92-5,True,True,C=C1C2CCC(C2)C1(C)C,C=C1C2CCC(C2)C1(C)C,True,oily;camphoreous;sweet
MOL_004070,Hexyl mercaptobutanoate,796857-79-9,796857-79-9,True,True,CCCCCCOC(=O)C(S)CC,CCCCCCOC(=O)C(S)CC,True,green;fruity;tropical;herbal;grapefruit
MOL_004071,etaspirene,79893-63-3,79893-63-3,True,True,CCC1=CCCC(C12C=CC(O2)C)(C)C,CCC1=CCCC(C)(C)C12C=CC(C)O2,True,black currant;berry;fruity
MOL_004072,2-isopropoxyethyl salicylate,79915-74-5,79915-74-5,True,True,CC(C)OCCOC(=O)C1=CC=CC=C1O,CC(C)OCCOC(=O)c1ccccc1O,True,sweet;floral;balsamic;herbal;cherry
MOL_004073,Methoxydecene,79930-37-3,79930-37-3,True,True,CCCCCCCCC=COC,CCCCCCCCC=COC,True,green;fresh;aldehydic;citrus
MOL_004074,dihydro-alpha-terpinyl acetate,80-25-1,80-25-1,True,True,CC1CCC(CC1)C(C)(C)OC(=O)C,CC(=O)OC(C)(C)C1CCC(C)CC1,True,fresh;herbal;woody;citrus
MOL_004075,Terpinyl acetate,80-26-2,80-26-2,True,True,CC(=O)OC(C)(C)C1CC=C(C)CC1,CC(=O)OC(C)(C)C1CC=C(C)CC1,True,spicy;sweet;herbal
MOL_004076,Terpinyl propionate,80-27-3,80-27-3,True,True,CCC(=O)OC(C)(C)C1CC=C(C)CC1,CCC(=O)OC(C)(C)C1CC=C(C)CC1,True,fruity;sweet;citrus;herbal
MOL_004077,Terpin hydrate,80-53-5,80-53-5,True,True,CC1(O)CCC(C(C)(C)O)CC1,CC1(O)CCC(C(C)(C)O)CC1,True,pine;balsamic;camphoreous
MOL_004078,Lilial®,80-54-6,80-54-6,True,True,CC(C=O)Cc1ccc(C(C)(C)C)cc1,CC(C=O)Cc1ccc(C(C)(C)C)cc1,True,green;fresh;floral
MOL_004079,Pinene,80-56-8,80-56-8,True,True,CC1=CCC2CC1C2(C)C,CC1=CCC2CC1C2(C)C,True,pine
MOL_004080,Verbenone: Pin-2-en-4-one,80-57-9,80-57-9,True,True,CC1=CC(=O)[C@@H]2C[C@H]1C2(C)C,CC1=CC(=O)[C@@H]2C[C@H]1C2(C)C,True,fruity;camphoreous;berry;woody;mint
MOL_004081,Tiglic acid,80-59-1,80-59-1,True,True,C/C=C(\C)C(=O)O,C/C=C(\C)C(=O)O,True,spicy;sweet;warm
MOL_004082,Methyl methacrylate,80-62-6,80-62-6,True,True,C=C(C)C(=O)OC,C=C(C)C(=O)OC,True,apple;fruity;sharp;grape
MOL_004083,cyclotene hydrate,80-71-7,80-71-7,True,True,CC1=C(C(=O)CC1)O,CC1=C(O)C(=O)CC1,True,caramellic
MOL_004084,chamomile isobutyrate,80118-06-5,80118-06-5,True,True,CC(C)C(=O)OC(C)CC(=C)C,C=C(C)CC(C)OC(=O)C(C)C,True,fruity;floral;herbal;chamomile
MOL_004085,ionone mixed isomers,8013-90-9,8013-90-9,True,True,CC1=C(C(CCC1)(C)C)C=CC(=O)C,CC(=O)C=CC1=C(C)CCCC1(C)C,True,violet;sweet;floral;woody
MOL_004086,(S)-(-)-menthofuran,80183-38-6,80183-38-6,True,True,C[C@H]1CCC2=C(C1)OC=C2C,Cc1coc2c1CC[C@H](C)C2,True,herbal;fatty;pine
MOL_004087,Dehydromenthofurolactone,80417-97-6,80417-97-6,True,True,CC1=C2CCC(C)C=C2OC1=O,CC1=C2CCC(C)C=C2OC1=O,True,coconut;sweet;coumarinic;mint
MOL_004088,"2,4-hexadienal",80466-34-8,80466-34-8,True,True,CC=CC=CC=O,CC=CC=CC=O,True,fatty;sweet;green;aldehydic;spicy
MOL_004089,privet dioxane,80480-24-6,80480-24-6,True,True,CCCC(C)C1OCC(CO1)(C)CCC,CCCC(C)C1OCC(C)(CCC)CO1,True,fresh;oily;green;jasmine;herbal;spicy;floral
MOL_004090,Hydroxypropyl phenylacetate,80550-09-0,80550-09-0,True,True,CC(O)COC(=O)Cc1ccccc1,CC(O)COC(=O)Cc1ccccc1,True,honey;balsamic
MOL_004091,Dihydroconiferaldehyde,80638-48-8,80638-48-8,True,True,COc1cc(CCC=O)ccc1O,COc1cc(CCC=O)ccc1O,True,vanilla;spicy;aromatic;sweet
MOL_004092,indisan (IFF),80748-58-9,80748-58-9,True,True,CC1C2CCC(C2)(C1(C)C)C3(CCCCC3)O,CC1C2CCC(C3(O)CCCCC3)(C2)C1(C)C,True,woody;fresh;sweet
MOL_004093,hyacinth ether,80858-47-5,80858-47-5,True,True,C1CCC(CC1)OCCC2=CC=CC=C2,c1ccc(CCOC2CCCCC2)cc1,True,floral;green;metallic;fruity;berry;balsamic
MOL_004094,Phenylpropyl butyrate,80866-83-7,80866-83-7,True,True,CCCC(=O)OC[C@@H](C)c1ccccc1,CCCC(=O)OC[C@@H](C)c1ccccc1,True,spicy;fruity;woody;floral;sweet
MOL_004095,musk ketone,81-14-1,81-14-1,True,True,CC1=C(C(=C(C(=C1[N+](=O)[O-])C(C)(C)C)[N+](=O)[O-])C)C(=O)C,CC(=O)c1c(C)c([N+](=O)[O-])c(C(C)(C)C)c([N+](=O)[O-])c1C,True,fatty;musk;fresh;dry;floral;orris
MOL_004096,musk xylol,81-15-2,81-15-2,True,True,CC1=C(C(=C(C(=C1[N+](=O)[O-])C(C)(C)C)[N+](=O)[O-])C)[N+](=O)[O-],Cc1c([N+](=O)[O-])c(C)c([N+](=O)[O-])c(C(C)(C)C)c1[N+](=O)[O-],True,fatty;dry;sweet;fresh;musk
MOL_004097,Propanedithiol,814-67-5,814-67-5,True,True,CC(S)CS,CC(S)CS,True,onion;sulfurous
MOL_004098,Methylbutenone,814-78-8,814-78-8,True,True,C=C(C)C(C)=O,C=C(C)C(C)=O,True,pungent
MOL_004099,Methylpentanedione,815-57-6,815-57-6,True,True,CC(=O)C(C)C(C)=O,CC(=O)C(C)C(C)=O,True,fruity;ketonic;burnt
MOL_004100,"3-cyclohexene-1-carboxylic acid, 2,6,6-trimethyl-, methyl ester",815580-59-7,815580-59-7,True,True,CC1C=CCC(C1C(=O)OC)(C)C,COC(=O)C1C(C)C=CCC1(C)C,True,rose;fruity;floral;spicy
MOL_004101,Methyl ethylbutyrate,816-11-5,816-11-5,True,True,CCC(CC)C(=O)OC,CCC(CC)C(=O)OC,True,fruity;apple
MOL_004102,Methyl ethylhexanoate,816-19-3,816-19-3,True,True,CCCCC(CC)C(=O)OC,CCCCC(CC)C(=O)OC,True,fruity;fatty;orris;herbal;woody
MOL_004103,Methylallyl isobutyrate,816-73-9,816-73-9,True,True,C=C(C)COC(=O)C(C)C,C=C(C)COC(=O)C(C)C,True,ethereal;fruity;sharp;fresh;pineapple;sweet
MOL_004104,Dimethylnonadienone,817-88-9,817-88-9,True,True,CC(=O)/C=C(\C)CCC=C(C)C,CC(=O)/C=C(\C)CCC=C(C)C,True,rose;citrus;fruity;fresh;lemon;grapefruit
MOL_004105,damascone carboxylate,81752-87-6,81752-87-6,True,True,CC1(CCCC(=C)C1C(=O)OC)C,C=C1CCCC(C)(C)C1C(=O)OC,True,aromatic;fruity;rose;herbal;camphoreous
MOL_004106,violet decenol,81782-77-6,81782-77-6,True,True,CCCCCC(/C(=C/CC)/C)O,CC/C=C(\C)C(O)CCCCC,True,green;oily;violet;floral;nutty;fruity
MOL_004107,cassis oxime 10%,81783-01-9,81783-01-9,True,True,CC(C)/C(=N\O)/C(C)(C)C\C=C(/C)\C=C,C=C/C(C)=C/CC(C)(C)/C(=N/O)C(C)C,True,black currant;green;grapefruit;herbal;rose
MOL_004108,(Z)-woody amylene,81786-73-4,81786-73-4,True,True,CC(/C(=C(/C)\C(=O)C)/C)C(C)(C)C,CC(=O)/C(C)=C(/C)C(C)C(C)(C)C,True,woody;floral;pine;balsamic;violet;orris
MOL_004109,tetramethyl-4-methylene-2-heptanol,81787-06-6,81787-06-6,True,True,CC(C)(C)C(C)C(=C)C(C)C(C)O,C=C(C(C)C(C)O)C(C)C(C)(C)C,True,fresh;dry;woody;balsamic
MOL_004110,Di-isoamyl succinate,818-04-2,818-04-2,True,True,CC(C)CCOC(=O)CCC(=O)OCCC(C)C,CC(C)CCOC(=O)CCC(=O)OCCC(C)C,True,fruity;grape;winey
MOL_004111,Diethyl pentanedioate,818-38-2,818-38-2,True,True,CCOC(=O)CCCC(=O)OCC,CCOC(=O)CCCC(=O)OCC,True,fruity;winey
MOL_004112,Methyl pentenoate,818-57-5,818-57-5,True,True,CCC=CC(=O)OC,CCC=CC(=O)OC,True,green;fruity;ethereal
MOL_004113,Methyloctanol,818-81-5,818-81-5,True,True,CCCCCCC(C)CO,CCCCCCC(C)CO,True,oily;fruity;waxy
MOL_004114,Butyl butanoate,819-97-6,819-97-6,True,True,CCCC(=O)OC(C)CC,CCCC(=O)OC(C)CC,True,apple;apricot;fruity;banana;pear;pineapple;sweet;rum
MOL_004115,Methylheptenone,81925-81-7,81925-81-7,True,True,C/C=C/C(=O)C(C)CC,C/C=C/C(=O)C(C)CC,True,hazelnut;metallic
MOL_004116,Isoamyl palmitate,81974-61-0,81974-61-0,True,True,CCCCCCCCCCCCCCCC(=O)OCCC(C)C,CCCCCCCCCCCCCCCC(=O)OCCC(C)C,True,fatty;waxy
MOL_004117,Butyl hexanoate,820-00-8,820-00-8,True,True,CCCCCC(=O)OC(C)CC,CCCCCC(=O)OC(C)CC,True,fruity
MOL_004118,Pentenol,821-09-0,821-09-0,True,True,C=CCCCO,C=CCCCO,True,green;fruity;fermented
MOL_004119,Hexenol,821-41-0,821-41-0,True,True,C=CCCCCO,C=CCCCCO,True,green;fatty;ethereal
MOL_004120,Nonanone,821-55-6,821-55-6,True,True,CCCCCCCC(C)=O,CCCCCCCC(C)=O,True,fruity;fatty;coconut;herbal;cheesy
MOL_004121,Benzyl anthranilate,82185-41-9,82185-41-9,True,True,Nc1ccccc1C(=O)OCc1ccccc1,Nc1ccccc1C(=O)OCc1ccccc1,True,floral;sweet;citrus
MOL_004122,Octadecyl acetate,822-23-1,822-23-1,True,True,CCCCCCCCCCCCCCCCCCOC(C)=O,CCCCCCCCCCCCCCCCCCOC(C)=O,True,oily;fatty;waxy
MOL_004123,Hexalactone,823-22-3,823-22-3,True,True,CC1CCCC(=O)O1,CC1CCCC(=O)O1,True,creamy;coconut;sweet;coumarinic;chocolate;buttery
MOL_004124,Rhubafuran®,82461-14-1,82461-14-1,True,True,CC1CC(C)(c2ccccc2)CO1,CC1CC(C)(c2ccccc2)CO1,True,fresh;herbal;aromatic;floral
MOL_004125,Ethyl decenoate,82561-67-9,82561-67-9,True,True,CCCCCCC=CCC(=O)OCC,CCCCCCC=CCC(=O)OCC,True,green;fruity;waxy;pear
MOL_004126,Vanillyl butyl ether,82654-98-6,82654-98-6,True,True,CCCCOCc1ccc(O)c(OC)c1,CCCCOCc1ccc(O)c(OC)c1,True,vanilla;warm;pungent;sweet
MOL_004127,green heptenal,82784-84-7,82784-84-7,True,True,CC(C)/C(=C/CC(C)C=O)/C,C/C(=C\CC(C)C=O)C(C)C,True,fresh;green;sweet;melon
MOL_004128,Trithioacetone,828-26-2,828-26-2,True,True,CC1(C)SC(C)(C)SC(C)(C)S1,CC1(C)SC(C)(C)SC(C)(C)S1,True,meaty;tropical;chicken;sulfurous
MOL_004129,(R)-mercapto-3-methyl hexan-1-ol,828300-39-6,828300-39-6,True,True,OCC[C@@](S)(C)CCC,CCC[C@@](C)(S)CCO,True,grapefruit;tropical;black currant;onion
MOL_004130,Skatole,83-34-1,83-34-1,True,True,Cc1c[nH]c2ccccc12,Cc1c[nH]c2ccccc12,True,fruity;animal;floral
MOL_004131,Musk ambrette,83-66-9,83-66-9,True,True,COc1c(C(C)(C)C)cc([N+](=O)[O-])c(C)c1[N+](=O)[O-],COc1c(C(C)(C)C)cc([N+](=O)[O-])c(C)c1[N+](=O)[O-],True,musk;floral;sweet
MOL_004132,Theobromine,83-67-0,83-67-0,True,True,Cn1cnc2c1c(=O)[nH]c(=O)n2C,Cn1cnc2c1c(=O)[nH]c(=O)n2C,True,odorless
MOL_004133,(S)-grapefruit mercaptan,83150-77-0,83150-77-0,True,True,SC([C@@H]1C/C=C(/C)CC1)(C)C,CC1=CC[C@@H](C(C)(C)S)CC1,True,grapefruit;citrus
MOL_004134,Nonadienyl acetate,83334-93-4,83334-93-4,True,True,CC/C=C\C/C=C\CCOC(C)=O,CC/C=C\C/C=C\CCOC(C)=O,True,green;fruity;fresh;melon
MOL_004135,Ethylmethylmethylpropylthiazoline,83418-53-5,83418-53-5,True,True,CCCS1=C(C)N(C)C(CC)C1,CCCS1=C(C)N(C)C(CC)C1,True,chocolate;vegetable;nutty;roasted
MOL_004136,Ethylmethylbutylthiazoline,83418-54-6,83418-54-6,True,True,CCCCS1=C(C)N(CC)CC1,CCCCS1=C(C)N(CC)CC1,True,chocolate;vegetable;nutty;roasted
MOL_004137,Decylfuran,83469-85-6,83469-85-6,True,True,CCCCCCCCCCc1ccco1,CCCCCCCCCCc1ccco1,True,fatty;spicy
MOL_004138,prenyl tiglate,83783-86-2,83783-86-2,True,True,C\C(C)=C\COC(=O)C(\C)=C\C,C/C=C(\C)C(=O)OCC=C(C)C,True,fruity;jasmine;floral
MOL_004139,Octadienol,83861-74-9,83861-74-9,True,True,CCCCC=CC=CO,CCCCC=CC=CO,True,green;leafy;mushroom
MOL_004140,coranol (Firmenich),83926-73-2,83926-73-2,True,True,CC(C)(CCC1CCCCC1)O,CC(C)(O)CCC1CCCCC1,True,floral;woody;spicy
MOL_004141,musk cyclopentenyl propionate,84012-64-6,84012-64-6,True,True,CCC(=O)OCC(C)(C)CC1=C(CCC1C(=C)C)C,C=C(C)C1CCC(C)=C1CC(C)(C)COC(=O)CC,True,sweet;musk;animal
MOL_004142,acetal 318,84029-93-6,84029-93-6,True,True,CCOC(C)OC(C)(CCCC(C)C)C=C,C=CC(C)(CCCC(C)C)OC(C)OCC,True,sweet;spicy;floral;fruity;tropical;fresh
MOL_004143,(Z)-3-hexen-1-yl angelate,84060-80-0,84060-80-0,True,True,CC/C=C\CCOC(=O)/C(=C\C)/C,C/C=C(/C)C(=O)OCC/C=C\CC,True,green;floral;herbal;apple;pear
MOL_004144,3-methyl-4-penten-1-yl angelate,84110-41-8,84110-41-8,True,True,C/C=C(/C)\C(=O)OCCC(C)C=C,C=CC(C)CCOC(=O)/C(C)=C\C,True,fruity;green;anisic
MOL_004145,Decenoic acid,84168-28-5,84168-28-5,True,True,CCCCCCCC=CC(=O)O,CCCCCCCC=CC(=O)O,True,green;fatty;milky;waxy
MOL_004146,Isoprenyl methylbutyrate,84254-81-9,84254-81-9,True,True,C=C(C)CCOC(=O)C(C)CC,C=C(C)CCOC(=O)C(C)CC,True,green;apple
MOL_004147,gardenia amide,84434-18-4,84434-18-4,True,True,CCC(C)C(=O)N(C)C1=CC=CC=C1,CCC(C)C(=O)N(C)c1ccccc1,True,fresh;woody;citrus;oily;grapefruit
MOL_004148,Hexenyl acetoacetate,84434-20-8,84434-20-8,True,True,CC/C=C/CCOC(=O)CC(C)=O,CC/C=C/CCOC(=O)CC(C)=O,True,green;earthy;apple;sweet
MOL_004149,Octyl formate,84434-65-1,84434-65-1,True,True,CCCCCC(CC)OC=O,CCCCCC(CC)OC=O,True,pine;green;fruity;waxy;floral
MOL_004150,Methionyl isovalerate,84559-98-8,84559-98-8,True,True,CSCCCOC(=O)CC(C)C,CSCCCOC(=O)CC(C)C,True,sulfurous;fruity;tropical;cheesy
MOL_004151,2-pentyl cyclopentan-1-ol,84560-00-9,84560-00-9,True,True,CCCCCC1CCCC1O,CCCCCC1CCCC1O,True,floral;jasmine;tea;fruity
MOL_004152,2-((3-isopropenyl-1-methyl-2-methylene cyclopentyl)carbonyl) cyclopentan-1-one,84642-56-8,84642-56-8,True,True,O=C(C1(\C(=C)C(C(=C)\C)CC1)C)C2C(=O)CCC2,C=C(C)C1CCC(C)(C(=O)C2CCCC2=O)C1=C,True,woody
MOL_004153,trimethyl cyclohexyl acetyl cyclopentanone,84642-57-9,84642-57-9,True,True,CC1CC(CC(C1)(C)C)CC(=O)C2CCCC2=O,CC1CC(CC(=O)C2CCCC2=O)CC(C)(C)C1,True,woody;animal;aromatic
MOL_004154,Octenyl butanoate,84642-60-4,84642-60-4,True,True,CCCCC/C=C/COC(=O)CCC,CCCCC/C=C/COC(=O)CCC,True,fruity;waxy;berry
MOL_004155,acetoin butyrate,84642-61-5,84642-61-5,True,True,CCCC(=O)OC(C)C(=O)C,CCCC(=O)OC(C)C(C)=O,True,fruity;cheesy;sour;creamy;berry;buttery;musty
MOL_004156,Huminol,84681-92-5,84681-92-5,True,True,CCC1(O)C2(C)CCCC1(C)CC2,CCC1(O)C2(C)CCCC1(C)CC2,True,earthy;woody
MOL_004157,"(E,E)-pomarose",847144-75-6,847144-75-6,True,True,C\C=C\C(=O)C(\C)=C(/C)C(C)C,C/C=C/C(=O)/C(C)=C(\C)C(C)C,True,fruity;rose;apple;plum;ripe;rum;caramellic
MOL_004158,N-(2-(pyridin-2-yl)ethyl)-3-para-menthane carboxamide,847565-09-7,847565-09-7,True,True,CC1CCC(C(C1)C(=O)NCCC2=CC=CC=N2)C(C)C,CC1CCC(C(C)C)C(C(=O)NCCc2ccccn2)C1,True,mint
MOL_004159,Propyl decadienoate,84788-08-9,84788-08-9,True,True,CCCCC/C=C/C=C/C(=O)OCCC,CCCCC/C=C/C=C/C(=O)OCCC,True,green;fruity;melon;pear;tropical;waxy
MOL_004160,Methyl methylanthranilate,85-91-6,85-91-6,True,True,CNc1ccccc1C(=O)OC,CNc1ccccc1C(=O)OC,True,orange;musty;floral;sweet
MOL_004161,Isohexyl isovalerate,850309-45-4,850309-45-4,True,True,CC(C)CCCOC(=O)CC(C)C,CC(C)CCCOC(=O)CC(C)C,True,green;fruity;sharp;pungent
MOL_004162,lavinol,85136-10-3,85136-10-3,True,True,CC(C(C)(CC=C(C)C)C=C)O,C=CC(C)(CC=C(C)C)C(C)O,True,herbal
MOL_004163,Mercaptomethylhexanone,851768-51-9,851768-51-9,True,True,CCC(=O)CC(C)(C)S,CCC(=O)CC(C)(C)S,True,citrus;fruity;tropical;grape
MOL_004164,Mercaptomethylhexanone,851768-52-0,851768-52-0,True,True,CCC(C)(S)CC(C)=O,CCC(C)(S)CC(C)=O,True,meaty;fruity;catty;black currant;sulfurous;floral
MOL_004165,"(S)-8,9-dehydrotheaspirone",85248-56-2,85248-56-2,True,True,CC1=CC[C@@]2(O1)C(=CC(=O)CC2(C)C)C,CC1=CC[C@@]2(O1)C(C)=CC(=O)CC2(C)C,True,camphoreous;woody
MOL_004166,Piperonyl formate,85262-96-0,85262-96-0,True,True,O=COCc1ccc2c(c1)OCO2,O=COCc1ccc2c(c1)OCO2,True,cherry;floral;sweet
MOL_004167,Methionyl thioglycolate,852997-30-9,852997-30-9,True,True,CSCC[C@H](N)C(=O)OC(=O)CS,CSCC[C@H](N)C(=O)OC(=O)CS,True,meaty;radish;alliaceous;nutty;savory;onion;brothy;sweet
MOL_004168,orange nitrile,85351-07-1,85351-07-1,True,True,CCCCCCCCCC(C)CC#N,CCCCCCCCCC(C)CC#N,True,orange;green;fresh;fishy;oily
MOL_004169,6-decenoic acid,85392-04-7,85392-04-7,True,True,OC(=O)CCCCC=CCCC,CCCC=CCCCCC(=O)O,True,milky;buttery;dairy
MOL_004170,Methylmethylthiomethylhexenal,85407-25-6,85407-25-6,True,True,CSC/C(C=O)=C/CC(C)C,CSC/C(C=O)=C/CC(C)C,True,spicy;meaty;onion;herbal
MOL_004171,hexyl 2-methyl-3-pentenoate,85508-08-3,85508-08-3,True,True,O=C(OCCCCCC)C(C)\C=C\C,C/C=C/C(C)C(=O)OCCCCCC,True,fruity;tropical;sweet;waxy;spicy;woody;green;melon;citrus
MOL_004172,Ethyl acetoxyoctanoate,85554-66-1,85554-66-1,True,True,CCCCCC(CC(=O)OCC)OC(C)=O,CCCCCC(CC(=O)OCC)OC(C)=O,True,fruity;winey;tropical
MOL_004173,Hexenyl levulinate,85554-70-7,85554-70-7,True,True,CC/C=C/CCOC(=O)CCC(C)=O,CC/C=C/CCOC(=O)CCC(C)=O,True,apple;caramellic;green;fruity;earthy
MOL_004174,Hexenyl lactate,85554-71-8,85554-71-8,True,True,CCC/C=C/COC(=O)C(C)O,CCC/C=C/COC(=O)C(C)O,True,green;tropical;fresh;waxy;leafy
MOL_004175,Hexenyl octanoate,85554-72-9,85554-72-9,True,True,CCC/C=C/COC(=O)CCCCCCC,CCC/C=C/COC(=O)CCCCCCC,True,green;fruity;earthy;oily;pear;winey
MOL_004176,Isobornyl isobutyrate,85586-67-0,85586-67-0,True,True,CC(C)C(=O)O[C@@H]1C[C@H]2CC[C@]1(C)C2(C)C,CC(C)C(=O)O[C@@H]1C[C@H]2CC[C@]1(C)C2(C)C,True,pine;earthy;nutty;fruity;camphoreous;herbal
MOL_004177,(E)-2-hexenal,85761-70-2,85761-70-2,True,True,CCC/C=C/C=O,CCC/C=C/C=O,True,green;leafy
MOL_004178,ortho-phenyl anisole,86-26-0,86-26-0,True,True,COC1=CC=CC=C1C2=CC=CC=C2,COc1ccccc1-c1ccccc1,True,rose;fruity
MOL_004179,Dimethoxybenzaldehyde,86-51-1,86-51-1,True,True,COc1cccc(C=O)c1OC,COc1cccc(C=O)c1OC,True,vanilla;spicy;aromatic;sweet
MOL_004180,Methylpentylthiazole,86290-21-3,86290-21-3,True,True,CCCCCc1nc(C)cs1,CCCCCc1nc(C)cs1,True,fermented;vegetable
MOL_004181,Methyl methylbutyrate,868-57-5,868-57-5,True,True,CCC(C)C(=O)OC,CCC(C)C(=O)OC,True,ripe;apple;fruity;tropical;berry;sweet
MOL_004182,Ethoxymethylcoumarin,87-05-8,87-05-8,True,True,CCOc1ccc2c(C)cc(=O)oc2c1,CCOc1ccc2c(C)cc(=O)oc2c1,True,coumarinic
MOL_004183,Isobutyl salicylate,87-19-4,87-19-4,True,True,CC(C)COC(=O)c1ccccc1O,CC(C)COC(=O)c1ccccc1O,True,floral;sweet;herbal
MOL_004184,Isoamyl salicylate,87-20-7,87-20-7,True,True,CC(C)CCOC(=O)c1ccccc1O,CC(C)CCOC(=O)c1ccccc1O,True,green;herbal;balsamic;floral;sweet
MOL_004185,Phenethyl salicylate,87-22-9,87-22-9,True,True,O=C(OCCc1ccccc1)c1ccccc1O,O=C(OCCc1ccccc1)c1ccccc1O,True,balsamic;floral;sweet;spicy
MOL_004186,Ethyl anthranilate,87-25-2,87-25-2,True,True,CCOC(=O)c1ccccc1N,CCOC(=O)c1ccccc1N,True,green;fruity;grape;sweet
MOL_004187,Cinnamyl anthranilate,87-29-6,87-29-6,True,True,Nc1ccccc1C(=O)OC/C=C/c1ccccc1,Nc1ccccc1C(=O)OC/C=C/c1ccccc1,True,fruity;grape;floral
MOL_004188,Phthalide,87-41-2,87-41-2,True,True,O=C1OCc2ccccc21,O=C1OCc2ccccc21,True,hay;sweet;almond;coumarinic
MOL_004189,Caryophyllene,87-44-5,87-44-5,True,True,C=C1CC/C=C(\C)CC[C@@H]2[C@@H]1CC2(C)C,C=C1CC/C=C(\C)CC[C@@H]2[C@@H]1CC2(C)C,True,woody;spicy;dry
MOL_004190,Cyclotene propionate,87-55-8,87-55-8,True,True,CCC(=O)OC1=C(C)CCC1=O,CCC(=O)OC1=C(C)CCC1=O,True,nutty;caramellic;buttery
MOL_004191,Diethyl tartrate,87-91-2,87-91-2,True,True,CCOC(=O)C(O)C(O)C(=O)OCC,CCOC(=O)C(O)C(O)C(=O)OCC,True,fruity;winey
MOL_004192,Allyl mercaptan,870-23-5,870-23-5,True,True,C=CCS,C=CCS,True,onion;pungent;sweet
MOL_004193,menthoxypropane diol,87061-04-9,87061-04-9,True,True,CC1CCC(C(C1)OCC(CO)O)C(C)C,CC1CCC(C(C)C)C(OCC(O)CO)C1,True,mint;phenolic;fruity;ripe;berry
MOL_004194,Acetaldehyde dibutyl acetal,871-22-7,871-22-7,True,True,CCCCOC(C)OCCCC,CCCCOC(C)OCCCC,True,apple;alcoholic;green;fruity;winey;rum
MOL_004195,amber carbinol,87118-95-4,87118-95-4,True,True,CC(C(C)C(C)C(C)(C)C)C(C)O,CC(O)C(C)C(C)C(C)C(C)(C)C,True,woody;balsamic;dry;fatty;fresh;ripe
MOL_004196,cassyrane,871465-49-5,871465-49-5,True,True,CCCC1(C=CC(O1)C)C(C)(C)C,CCCC1(C(C)(C)C)C=CC(C)O1,True,black currant;camphoreous;anisic;herbal;leafy;green
MOL_004197,Methyl propyl tetrasulfide,87148-08-1,87148-08-1,True,True,CCCSSSSC,CCCSSSSC,True,onion;sulfurous;garlic
MOL_004198,Dipentyl sulfide,872-10-6,872-10-6,True,True,CCCCCSCCCCC,CCCCCSCCCCC,True,vegetable;meaty;green;alliaceous;sulfurous
MOL_004199,Ethylthiophene,872-55-9,872-55-9,True,True,CCc1cccs1,CCc1cccs1,True,green
MOL_004200,Dimethylethylthiazole,873-64-3,873-64-3,True,True,CCc1nc(C)c(C)s1,CCc1nc(C)c(C)s1,True,burnt;cocoa;hazelnut
MOL_004201,Trimethylcyclohexanone,873-94-9,873-94-9,True,True,CC1CC(=O)CC(C)(C)C1,CC1CC(=O)CC(C)(C)C1,True,tobacco;honey;herbal;sweet;mint
MOL_004202,(Z)-4-hepten-2-yl salicylate,873888-84-7,873888-84-7,True,True,CCC=CCC(C)OC(=O)c1ccccc1O,CCC=CCC(C)OC(=O)c1ccccc1O,True,floral;green
MOL_004203,Methylfurylacrolein,874-66-8,874-66-8,True,True,C/C(C=O)=C/c1ccco1,C/C(C=O)=C/c1ccco1,True,cinnamon;spicy
MOL_004204,para-anisyl nitrile,874-90-8,874-90-8,True,True,COC1=CC=C(C=C1)C#N,COc1ccc(C#N)cc1,True,sweet;floral;hay;coumarinic
MOL_004205,tobacco nonene,87641-23-4,87641-23-4,True,True,C[C@@H]1CC([C@H]2[C@H]1C[C@@H](CC2)CC(=O)C)(C)C,CC(=O)C[C@@H]1CC[C@@H]2[C@@H](C1)[C@H](C)CC2(C)C,True,dry;woody;tobacco;leafy;camphoreous
MOL_004206,rhubarb undecane,87641-24-5,87641-24-5,True,True,CC1OCC2(CC3CCC2C3)CO1,CC1OCC2(CO1)CC1CCC2C1,True,fruity;green;vegetable
MOL_004207,Dimethylcyclopropylmethylpentenal,877-60-1,877-60-1,True,True,CC(=C(C=O)CC1CC1)C(C)C,CC(=C(C=O)CC1CC1)C(C)C,True,lemon
MOL_004208,violet methyl carbonate,87731-18-8,87731-18-8,True,True,COC(=O)OC1CCC\C=C/CC1,COC(=O)OC1CC/C=C\CCC1,True,floral;violet;green;banana;herbal;fruity
MOL_004209,Ethylbutyric acid,88-09-5,88-09-5,True,True,CCC(CC)C(=O)O,CCC(CC)C(=O)O,True,earthy;fruity;nutty;dairy
MOL_004210,Furoic acid,88-14-2,88-14-2,True,True,O=C(O)c1ccco1,O=C(O)c1ccco1,True,odorless
MOL_004211,2-acetyl thiophene,88-15-3,88-15-3,True,True,CC(=O)C1=CC=CS1,CC(=O)c1cccs1,True,sulfurous;nutty;hazelnut
MOL_004212,versalide,88-29-9,88-29-9,True,True,CCC1=CC2=C(C=C1C(=O)C)C(CCC2(C)C)(C)C,CCc1cc2c(cc1C(C)=O)C(C)(C)CCC2(C)C,True,sweet;musk
MOL_004213,Verdox HC (IFF),88-41-5,88-41-5,True,True,CC(=O)OC1CCCCC1C(C)(C)C,CC(=O)OC1CCCCC1C(C)(C)C,True,woody;fruity;apple;fresh
MOL_004214,Methyl-tert-butylphenol,88-60-8,88-60-8,True,True,Cc1ccc(C(C)(C)C)c(O)c1,Cc1ccc(C(C)(C)C)c(O)c1,True,leathery;burnt;woody;smoky;dry
MOL_004215,Isopropylphenol,88-69-7,88-69-7,True,True,CC(C)c1ccccc1O,CC(C)c1ccccc1O,True,phenolic;spicy;medicinal;smoky
MOL_004216,Guaiene,88-84-6,88-84-6,True,True,CC(C)=C1CCC(C)C2=C(C1)C(C)CC2,CC(C)=C1CCC(C)C2=C(C1)C(C)CC2,True,woody;balsamic;sweet
MOL_004217,Phthalic acid,88-99-3,88-99-3,True,True,O=C(O)c1ccccc1C(=O)O,O=C(O)c1ccccc1C(=O)O,True,aromatic
MOL_004218,Octylthiophene,880-36-4,880-36-4,True,True,CCCCCCCCc1cccs1,CCCCCCCCc1cccs1,True,oily;fatty
MOL_004219,Vanillin acetate,881-68-5,881-68-5,True,True,COc1cc(C=O)ccc1OC(C)=O,COc1cc(C=O)ccc1OC(C)=O,True,creamy;floral;sweet;vanilla
MOL_004220,Phenyl disulfide,882-33-7,882-33-7,True,True,c1ccc(SSc2ccccc2)cc1,c1ccc(SSc2ccccc2)cc1,True,meaty;earthy;garlic;burnt;sulfurous
MOL_004221,Propanedithiol,88497-17-0,88497-17-0,True,True,CCC(S)S,CCC(S)S,True,onion;sulfurous
MOL_004222,musk dec-7(8)-enone,88642-03-9,88642-03-9,True,True,C1CCCCCCC=CC(=O)CCCCCC1,O=C1C=CCCCCCCCCCCCCC1,True,musk;balsamic;orris;fresh
MOL_004223,moss naphthaleneol,88644-30-8,88644-30-8,True,True,CC1(CCCC2(C13CCC(C3)C2(C)C)O)C,CC1(C)CCCC2(O)C(C)(C)C3CCC12C3,True,woody;green;musty;pine;balsamic;earthy
MOL_004224,Ethyl mercaptomethylbutanoate,888021-82-7,888021-82-7,True,True,CCOC(=O)C(CC)CS,CCOC(=O)C(CC)CS,True,ripe;fruity;tropical;sweet
MOL_004225,Hydroxycitronellal methyl anthranilate,89-43-0,89-43-0,True,True,COC(=O)c1ccccc1N=CCC(C)CCCC(C)(C)O,COC(=O)c1ccccc1N=CCC(C)CCCC(C)(C)O,True,floral
MOL_004226,Menthyl salicylate,89-46-3,89-46-3,True,True,CC1CCC(C(C)C)C(OC(=O)c2ccccc2O)C1,CC1CCC(C(C)C)C(OC(=O)c2ccccc2O)C1,True,odorless
MOL_004227,Menthyl valerate,89-47-4,89-47-4,True,True,CCCCC(=O)OC1CC(C)CCC1C(C)C,CCCCC(=O)OC1CC(C)CCC1C(C)C,True,fruity;herbal;balsamic;sweet;mint
MOL_004228,menthyl acetate,89-48-5,89-48-5,True,True,C[C@@H]1CC[C@H]([C@@H](C1)OC(=O)C)C(C)C,CC(=O)O[C@@H]1C[C@H](C)CC[C@H]1C(C)C,True,tea;mint;fruity
MOL_004229,Erythorbic acid,89-65-6,89-65-6,True,True,O=C1O[C@H]([C@H](O)CO)C(O)=C1O,O=C1O[C@H]([C@H](O)CO)C(O)=C1O,True,odorless
MOL_004230,methyl 2-methyl benzoate,89-71-4,89-71-4,True,True,CC1=CC=CC=C1C(=O)OC,COC(=O)c1ccccc1C,True,floral;grape
MOL_004231,Dimethylacetophenone,89-74-7,89-74-7,True,True,CC(=O)c1ccc(C)cc1C,CC(=O)c1ccc(C)cc1C,True,hay;sharp;sweet;woody;floral;coumarinic;mint
MOL_004232,"dextro,laevo-menthol",89-78-1,89-78-1,True,True,CC1CCC(C(C1)O)C(C)C,CC1CCC(C(C)C)C(O)C1,True,mint;woody
MOL_004233,Isopulegol,89-79-2,89-79-2,True,True,C=C(C)C1CCC(C)CC1O,C=C(C)C1CCC(C)CC1O,True,herbal;mint
MOL_004234,(±)-menthone,89-80-5,89-80-5,True,True,CC1CCC(C(=O)C1)C(C)C,CC1CCC(C(C)C)C(=O)C1,True,mint
MOL_004235,Piperitone,89-81-6,89-81-6,True,True,CC1=CC(=O)C(C(C)C)CC1,CC1=CC(=O)C(C(C)C)CC1,True,fresh;mint;herbal
MOL_004236,Pulegone,89-82-7,89-82-7,True,True,CC(C)=C1CC[C@@H](C)CC1=O,CC(C)=C1CC[C@@H](C)CC1=O,True,mint;herbal
MOL_004237,Thymol,89-83-8,89-83-8,True,True,Cc1ccc(C(C)C)c(O)c1,Cc1ccc(C(C)C)c(O)c1,True,spicy;herbal;phenolic;medicinal;sweet
MOL_004238,Dihydroxybenzoic acid,89-86-1,89-86-1,True,True,O=C(O)c1ccc(O)cc1O,O=C(O)c1ccc(O)cc1O,True,odorless
MOL_004239,Vetiverol,89-88-3,89-88-3,True,True,CC1=CC(O)CC(C)C2CC(=C(C)C)CC12,CC1=CC(O)CC(C)C2CC(=C(C)C)CC12,True,earthy;balsamic
MOL_004240,neocaspirene,89079-92-5,89079-92-5,True,True,CC1C=CC2(O1)C=C(CCC2C(C)C)C,CC1=CC2(C=CC(C)O2)C(C(C)C)CC1,True,black currant;tropical;fruity
MOL_004241,Methyl acetoxybutyrate,89422-42-4,89422-42-4,True,True,CCC(OC(C)=O)C(=O)OC,CCC(OC(C)=O)C(=O)OC,True,fruity;apple;pineapple;tropical
MOL_004242,Mercaptobutyl acetate,89534-38-3,89534-38-3,True,True,CC(=O)OCCCCS,CC(=O)OCCCCS,True,alliaceous;fruity;hazelnut;pungent;cheesy
MOL_004243,Methylmethylthiobutene,89534-74-7,89534-74-7,True,True,CCC=C(C)SC,CCC=C(C)SC,True,creamy;meaty;savory;sulfurous
MOL_004244,Hexanal hexyl isoamyl acetal,896447-13-5,896447-13-5,True,True,CCCCCCOC(CCCCC)OCCC(C)C,CCCCCCOC(CCCCC)OCCC(C)C,True,apple;green;oily;cognac;sweet
MOL_004245,Acetyldithiolane,89712-89-0,89712-89-0,True,True,CC(=O)C1CCSS1,CC(=O)C1CCSS1,True,onion;meaty
MOL_004246,musk ether,89780-06-3,89780-06-3,True,True,CC1=C(C(=C2C(=C1)C(CCC2(C)C)(C)C)OC)C=O,COc1c(C=O)c(C)cc2c1C(C)(C)CCC2(C)C,True,sweet;musk;orris;woody
MOL_004247,Ethylphenol,90-00-6,90-00-6,True,True,CCc1ccccc1O,CCc1ccccc1O,True,phenolic;sweet
MOL_004248,Salicylaldehyde,90-02-8,90-02-8,True,True,O=Cc1ccccc1O,O=Cc1ccccc1O,True,almond;phenolic;spicy;pungent
MOL_004249,Guaiacol,90-05-1,90-05-1,True,True,COc1ccccc1O,COc1ccccc1O,True,vanilla;phenolic;smoky;sweet;medicinal
MOL_004250,Methylnaphthalene,90-12-0,90-12-0,True,True,Cc1cccc2ccccc12,Cc1cccc2ccccc12,True,green;earthy;medicinal;musty
MOL_004251,rose acetate,90-17-5,90-17-5,True,True,CC(=O)OC(C1=CC=CC=C1)C(Cl)(Cl)Cl,CC(=O)OC(c1ccccc1)C(Cl)(Cl)Cl,True,rose;floral;orris;balsamic;fresh
MOL_004252,2-cyclohexyl cyclohexanone,90-42-6,90-42-6,True,True,C1CCC(CC1)C2CCCCC2=O,O=C1CCCCC1C1CCCCC1,True,floral;sweet;herbal;spicy;mint;woody;orris;fresh
MOL_004253,Phenylphenol,90-43-7,90-43-7,True,True,Oc1ccccc1-c1ccccc1,Oc1ccccc1-c1ccccc1,True,phenolic;medicinal;spicy
MOL_004254,Phenylpropionaldehyde dimethyl acetal,90-87-9,90-87-9,True,True,COC(OC)C(C)c1ccccc1,COC(OC)C(C)c1ccccc1,True,green;floral;mushroom;citrus
MOL_004255,(R)-3-thiohexanol,90180-88-4,90180-88-4,True,True,CCC[C@H](CCO)S,CCC[C@@H](S)CCO,True,sulfurous;herbal
MOL_004256,(R)-3-(methyl thio) hexanol,90180-89-5,90180-89-5,True,True,CCC[C@H](CCO)SC,CCC[C@H](CCO)SC,True,tropical;fruity
MOL_004257,(S)-3-thiohexanol,90180-90-8,90180-90-8,True,True,CCC[C@@H](CCO)S,CCC[C@H](S)CCO,True,fruity;tropical;grapefruit;black currant;herbal
MOL_004258,Allyl methyl tetrasulfide,90195-83-8,90195-83-8,True,True,C=CCSSSSC,C=CCSSSSC,True,onion;sulfurous;pungent;garlic
MOL_004259,Ethyl ethylthiobutyrate,90201-28-8,90201-28-8,True,True,CCOC(=O)CC(C)SCC,CCOC(=O)CC(C)SCC,True,sulfurous;fruity;tropical
MOL_004260,Pentyl methylpentanoate,90397-36-7,90397-36-7,True,True,CCCCCOC(=O)C(C)CCC,CCCCCOC(=O)C(C)CCC,True,fruity;fatty;floral;pear
MOL_004261,Methylpentyl methylpentanoate,90397-38-9,90397-38-9,True,True,CCCC(C)COC(=O)C(C)CCC,CCCC(C)COC(=O)C(C)CCC,True,fruity;fatty;floral;pear
MOL_004262,petitgrain heptane,90530-04-4,90530-04-4,True,True,CC(C)OC2CC1CC(C2C1)=[C@H]C,CC=C1CC2CC(OC(C)C)C1C2,True,herbal;citrus;anisic;animal;leathery
MOL_004263,Methylthiopropyl hexanoate,906079-63-8,906079-63-8,True,True,CCCCCC(=O)OCCCSC,CCCCCC(=O)OCCCSC,True,fruity;savory;tropical;onion;sulfurous;pineapple
MOL_004264,Nonenal,90645-87-7,90645-87-7,True,True,CCCCCCC=CC=O,CCCCCCC=CC=O,True,green;fatty;cucumber;melon
MOL_004265,benzhydrol,91-01-0,91-01-0,True,True,C1=CC=C(C=C1)C(C2=CC=CC=C2)O,OC(c1ccccc1)c1ccccc1,True,green;rose
MOL_004266,Dimethoxyphenol,91-10-1,91-10-1,True,True,COc1cccc(OC)c1O,COc1cccc(OC)c1O,True,woody;phenolic;medicinal;smoky
MOL_004267,Dimethoxybenzene,91-16-7,91-16-7,True,True,COc1ccccc1OC,COc1ccccc1OC,True,creamy;earthy;vanilla;nutty;phenolic;musty;sweet
MOL_004268,Quinoxaline,91-19-0,91-19-0,True,True,c1ccc2nccnc2c1,c1ccc2nccnc2c1,True,burnt
MOL_004269,Naphthalene,91-20-3,91-20-3,True,True,c1ccc2ccccc2c1,c1ccc2ccccc2c1,True,camphoreous;gasoline;dry
MOL_004270,Quinoline,91-22-5,91-22-5,True,True,c1ccc2ncccc2c1,c1ccc2ncccc2c1,True,tobacco;animal;musty;sweet
MOL_004271,cyclamen aldehyde / methyl anthranilate schiff's base,91-50-9,91-50-9,True,True,CC(C)C1=CC=C(C=C1)CC(C)C=NC2=CC=CC=C2C(=O)OC,COC(=O)c1ccccc1N=CC(C)Cc1ccc(C(C)C)cc1,True,fresh;floral
MOL_004272,lilyall / methyl anthranilate schiff's base,91-51-0,91-51-0,True,True,CC(CC1=CC=C(C=C1)C(C)(C)C)C=NC2=CC=CC=C2C(=O)OC,COC(=O)c1ccccc1N=CC(C)Cc1ccc(C(C)(C)C)cc1,True,fresh;green;floral;citrus
MOL_004273,Methylnaphthalene,91-57-6,91-57-6,True,True,Cc1ccc2ccccc2c1,Cc1ccc2ccccc2c1,True,oily;aromatic
MOL_004274,Naphthalenethiol,91-60-1,91-60-1,True,True,Sc1ccc2ccccc2c1,Sc1ccc2ccccc2c1,True,sulfurous;meaty;mushroom
MOL_004275,Tetrahydromethylquinoline,91-61-2,91-61-2,True,True,Cc1ccc2c(c1)CCCN2,Cc1ccc2c(c1)CCCN2,True,honey;sweet;leathery;animal
MOL_004276,Methylquinoline,91-62-3,91-62-3,True,True,Cc1ccc2ncccc2c1,Cc1ccc2ncccc2c1,True,tobacco;animal;woody;floral;sweet
MOL_004277,Methylquinoline,91-63-4,91-63-4,True,True,Cc1ccc2ccccc2n1,Cc1ccc2ccccc2n1,True,oily;fishy;tobacco;herbal
MOL_004278,coumarin,91-64-5,91-64-5,True,True,C1=CC=C2C(=C1)C=CC(=O)O2,O=c1ccc2ccccc2o1,True,sweet;hay;coumarinic
MOL_004279,Amylcinnamaldehyde dimethyl acetal,91-87-2,91-87-2,True,True,CCCCC/C(=C\c1ccccc1)C(OC)OC,CCCCC/C(=C\c1ccccc1)C(OC)OC,True,green;floral;jasmine
MOL_004280,(Z)-coconut decanone ethyl,91069-39-5,91069-39-5,True,True,CCC1CCC2(CC1)CCC(=O)O2,CCC1CCC2(CCC(=O)O2)CC1,True,creamy;peach;milky
MOL_004281,(E)-coconut decanone ethyl,91069-40-8,91069-40-8,True,True,CC[C@H]1CC[C@@]2(CCC(=O)O2)CC1,CC[C@H]1CC[C@@]2(CCC(=O)O2)CC1,True,spicy;creamy;milky;cinnamon
MOL_004282,"(±)-2,5-undecadien-1-ol",91212-78-1,91212-78-1,True,True,CCCCCC=CCC=CCO,CCCCCC=CCC=CCO,True,fatty;waxy
MOL_004283,Undecadienal,91254-00-1,91254-00-1,True,True,CCCCC/C=C/C/C=C/C=O,CCCCC/C=C/C/C=C/C=O,True,fatty
MOL_004284,Dimethylnonadienyl acetate,91418-25-6,91418-25-6,True,True,CCCCCC=CC(C)=C(C)OC(C)=O,CCCCCC=CC(C)=C(C)OC(C)=O,True,citrus;earthy;lemon;woody
MOL_004285,tangerine acetate,91482-37-0,91482-37-0,True,True,CC(CCC=C(C)CCC=C(C)C)OC(=O)C,CC(=O)OC(C)CCC=C(C)CCC=C(C)C,True,green;citrus;fresh;fishy;waxy;sharp
MOL_004286,Methylfurylthiobutanal,915971-43-6,915971-43-6,True,True,CCC(C)(C=O)Sc1ccco1,CCC(C)(C=O)Sc1ccco1,True,fruity;meaty
MOL_004287,1-(2-hydroxy-4-methyl cyclohexyl) ethanone,917750-72-2,917750-72-2,True,True,CC1CCC(C(C)=O)C(O)C1,CC(=O)C1CCC(C)CC1O,True,floral
MOL_004288,Methylcoumarin,92-48-8,92-48-8,True,True,Cc1ccc2oc(=O)ccc2c1,Cc1ccc2oc(=O)ccc2c1,True,coconut;coumarinic
MOL_004289,Biphenyl,92-52-4,92-52-4,True,True,c1ccc(-c2ccccc2)cc1,c1ccc(-c2ccccc2)cc1,True,rose;metallic
MOL_004290,4-cyclohexyl cyclohexanone,92-68-2,92-68-2,True,True,C1CCC(CC1)C2CCC(=O)CC2,O=C1CCC(C2CCCCC2)CC1,True,floral;orris;woody;fresh
MOL_004291,(±)-dihydromint lactone,92015-65-1,92015-65-1,True,True,CC1C(=O)OC2CC(C)CCC12,CC1CCC2C(C1)OC(=O)C2C,True,coumarinic;milky;phenolic;tobacco;sweet
MOL_004292,magnolia cyclohexanol,92046-48-5,92046-48-5,True,True,CCC12CCC(C1)C(C2)C3(CCCCC3)O,CCC12CCC(C1)C(C1(O)CCCCC1)C2,True,floral
MOL_004293,Methyldodecanal,92168-98-4,92168-98-4,True,True,CC(C)CCCCCCCCCC=O,CC(C)CCCCCCCCCC=O,True,fatty;waxy;citrus
MOL_004294,Citronellal dimethyl acetal,923-69-3,923-69-3,True,True,COC(CC(C)CCC=C(C)C)OC,COC(CC(C)CCC=C(C)C)OC,True,floral;citrus;herbal
MOL_004295,Oxoethylbutanolide,923291-29-6,923291-29-6,True,True,O=CCC1CCOC1=O,O=CCC1CCOC1=O,True,burnt;caramellic
MOL_004296,rose furan epoxide,92356-06-4,92356-06-4,True,True,CC1=C(OC=C1)CC2C(O2)(C)C,Cc1ccoc1CC1OC1(C)C,True,green;earthy;citrus
MOL_004297,Methyl senecioate,924-50-5,924-50-5,True,True,COC(=O)C=C(C)C,COC(=O)C=C(C)C,True,ripe;apple;ethereal;fruity;herbal;chamomile;sweet
MOL_004298,Dipropyl succinate,925-15-5,925-15-5,True,True,CCCOC(=O)CCC(=O)OCCC,CCCOC(=O)CCC(=O)OCCC,True,fruity;winey
MOL_004299,Methylhexanal,925-54-2,925-54-2,True,True,CCCCC(C)C=O,CCCCC(C)C=O,True,fatty;fruity;aldehydic;cheesy
MOL_004300,Nonanone,925-78-0,925-78-0,True,True,CCCCCCC(=O)CC,CCCCCCC(=O)CC,True,grassy;fruity;green;herbal
MOL_004301,"2-methoxy-3,5-dimethyl pyrazine",92508-08-2,92508-08-2,True,True,O(c1ncc(nc1C)C)C,COc1ncc(C)nc1C,True,earthy
MOL_004302,Mercaptopentanone,92585-08-5,92585-08-5,True,True,CC(=O)CC(C)S,CC(=O)CC(C)S,True,meaty;tropical;catty;black currant;sulfurous;potato;grapefruit
MOL_004303,grapefruit pentanol,92585-24-5,92585-24-5,True,True,CC(CC(C)C1=CC=CC=C1)CO,CC(CO)CC(C)c1ccccc1,True,woody;green;citrus;grapefruit;floral
MOL_004304,Undecanone,927-49-1,927-49-1,True,True,CCCCCC(=O)CCCCC,CCCCCC(=O)CCCCC,True,creamy;earthy;fatty;waxy;dairy;mushroom;cheesy
MOL_004305,"2,3-dihydro-1,8-cineole",92760-25-3,92760-25-3,True,True,CC1(C2CCC(O1)(C=C2)C)C,CC12C=CC(CC1)C(C)(C)O2,True,mint;lemon
MOL_004306,Methylheptanone,928-68-7,928-68-7,True,True,CC(=O)CCCC(C)C,CC(=O)CCCC(C)C,True,spicy;ketonic;mint;herbal
MOL_004307,Decanone,928-80-3,928-80-3,True,True,CCCCCCCC(=O)CC,CCCCCCCC(=O)CC,True,citrus;green;fatty;fruity;waxy;orange;floral
MOL_004308,(Z)-4-hexen-1-ol,928-91-6,928-91-6,True,True,C/C=C\CCCO,C/C=C\CCCO,True,green;vegetable;tomato;radish;brothy;gasoline;herbal;musty;metallic
MOL_004309,(E)-4-hexen-1-ol,928-92-7,928-92-7,True,True,C/C=C/CCCO,C/C=C/CCCO,True,green;herbal;musty;tomato;metallic
MOL_004310,Hexenol,928-94-9,928-94-9,True,True,CCC/C=C\CO,CCC/C=C\CO,True,green;vegetable;fresh
MOL_004311,Hexenol,928-95-0,928-95-0,True,True,CCC/C=C/CO,CCC/C=C/CO,True,green;fruity;leafy;sharp
MOL_004312,Hexenol,928-96-1,928-96-1,True,True,CC/C=C\CCO,CC/C=C\CCO,True,green;fresh;grassy
MOL_004313,(E)-3-hexen-1-ol,928-97-2,928-97-2,True,True,CC/C=C/CCO,CC/C=C/CCO,True,green;woody;floral;leafy;oily;earthy
MOL_004314,Di-isobutyltrithiolane,92900-67-9,92900-67-9,True,True,CC(C)CC1(CC(C)C)CSSS1,CC(C)CC1(CC(C)C)CSSS1,True,roasted;nutty
MOL_004315,"6-methoxy-2,6-dimethyl octanal",929253-05-4,929253-05-4,True,True,CCC(C)(CCCC(C)C=O)OC,CCC(C)(CCCC(C)C=O)OC,True,fresh;green;fruity;citrus
MOL_004316,Dimethoxybenzyl alcohol,93-03-8,93-03-8,True,True,COc1ccc(CO)cc1OC,COc1ccc(CO)cc1OC,True,vanilla;aromatic
MOL_004317,Naphthyl methyl ether,93-04-9,93-04-9,True,True,COc1ccc2ccccc2c1,COc1ccc2ccccc2c1,True,floral;sweet;orange
MOL_004318,Methyl beta-naphthyl ketone,93-08-3,93-08-3,True,True,CC(=O)c1ccc2ccccc2c1,CC(=O)c1ccc2ccccc2c1,True,orange;sweet
MOL_004319,Eugenyl methyl ether,93-15-2,93-15-2,True,True,C=CCc1ccc(OC)c(OC)c1,C=CCc1ccc(OC)c(OC)c1,True,spicy;herbal;tea;musty
MOL_004320,Isoeugenyl methyl ether,93-16-3,93-16-3,True,True,C/C=C/c1ccc(OC)c(OC)c1,C/C=C/c1ccc(OC)c(OC)c1,True,spicy;tea;floral;sweet
MOL_004321,Naphthyl ethyl ether,93-18-5,93-18-5,True,True,CCOc1ccc2ccccc2c1,CCOc1ccc2ccccc2c1,True,floral
MOL_004322,Isobutylquinoline,93-19-6,93-19-6,True,True,CC(C)Cc1ccc2ccccc2n1,CC(C)Cc1ccc2ccccc2n1,True,earthy;leathery
MOL_004323,Eugenyl acetate,93-28-7,93-28-7,True,True,C=CCc1ccc(OC(C)=O)c(OC)c1,C=CCc1ccc(OC(C)=O)c(OC)c1,True,spicy;fruity;balsamic;sweet
MOL_004324,Isoeugenyl acetate,93-29-8,93-29-8,True,True,C/C=C/c1ccc(OC(C)=O)c(OC)c1,C/C=C/c1ccc(OC(C)=O)c(OC)c1,True,spicy;fruity;balsamic;floral
MOL_004325,Methoxymethylphenol,93-51-6,93-51-6,True,True,COc1cc(C)ccc1O,COc1cc(C)ccc1O,True,spicy;vanilla;phenolic;smoky;sweet
MOL_004326,Phenylpropionaldehyde,93-53-8,93-53-8,True,True,CC(C=O)c1ccccc1,CC(C=O)c1ccccc1,True,green;floral;honey
MOL_004327,Phenylpropanol,93-54-9,93-54-9,True,True,CCC(O)c1ccccc1,CCC(O)c1ccccc1,True,balsamic;floral;rose
MOL_004328,Propiophenone,93-55-0,93-55-0,True,True,CCC(=O)c1ccccc1,CCC(=O)c1ccccc1,True,hay;fruity;cherry;floral
MOL_004329,Methyl benzoate,93-58-3,93-58-3,True,True,COC(=O)c1ccccc1,COC(=O)c1ccccc1,True,fruity;floral;sweet
MOL_004330,Methyl nicotinate,93-60-7,93-60-7,True,True,COC(=O)c1cccnc1,COC(=O)c1cccnc1,True,tobacco;sweet;herbal
MOL_004331,Ethyl benzoate,93-89-0,93-89-0,True,True,CCOC(=O)c1ccccc1,CCOC(=O)c1ccccc1,True,fruity;floral
MOL_004332,Phenylbutandione,93-91-4,93-91-4,True,True,CC(=O)CC(=O)c1ccccc1,CC(=O)CC(=O)c1ccccc1,True,vanilla;balsamic;sweet
MOL_004333,styralyl acetate,93-92-5,93-92-5,True,True,CC(C1=CC=CC=C1)OC(=O)C,CC(=O)OC(C)c1ccccc1,True,green;leafy;floral;musty;fruity;nutty;berry
MOL_004334,Phenyl benzoate,93-99-2,93-99-2,True,True,O=C(Oc1ccccc1)c1ccccc1,O=C(Oc1ccccc1)c1ccccc1,True,green;fruity;metallic;balsamic;floral
MOL_004335,Cyclohexenone,930-68-7,930-68-7,True,True,O=C1C=CCCC1,O=C1C=CCCC1,True,green;roasted;mint
MOL_004336,Pentamethylheptanethiol,93002-38-1,93002-38-1,True,True,CC(C)(C)CC(C)(S)CC(C)(C)C,CC(C)(C)CC(C)(S)CC(C)(C)C,True,fatty;sulfurous
MOL_004337,1-methoxycyclohexene,931-57-7,931-57-7,True,True,COC1=CCCCC1,COC1=CCCCC1,True,herbal;spicy
MOL_004338,Methylacetylpyrrole,932-16-1,932-16-1,True,True,CC(=O)c1cccn1C,CC(=O)c1cccn1C,True,nutty;floral;sweet
MOL_004339,Cyclopentyl acetate,933-05-1,933-05-1,True,True,CC(=O)OC1CCCC1,CC(=O)OC1CCCC1,True,fruity;apple;banana
MOL_004340,"4,7-decadienal",934534-30-2,934534-30-2,True,True,CCC=CCC=CCCC=O,CCC=CCC=CCCC=O,True,citrus;aldehydic
MOL_004341,Ethylacetophenone,937-30-4,937-30-4,True,True,CCc1ccc(C(C)=O)cc1,CCc1ccc(C(C)=O)cc1,True,pungent;warm;herbal;balsamic;floral;sweet
MOL_004342,Dimethyl benzyl carbinyl crotonate,93762-34-6,93762-34-6,True,True,C/C=C/C(=O)OC(C)(C)Cc1ccccc1,C/C=C/C(=O)OC(C)(C)Cc1ccccc1,True,fruity;spicy;warm;herbal
MOL_004343,Phenethyl ethylhexanoate,93776-92-2,93776-92-2,True,True,CCCCC(CC)C(=O)OCCc1ccccc1,CCCCC(CC)C(=O)OCCc1ccccc1,True,rose;woody;aromatic;floral
MOL_004344,hydroxycitronellal propylene glycol acetal,93804-64-9,93804-64-9,True,True,CC1COC(O1)CC(C)CCCC(C)(C)O,CC(CCCC(C)(C)O)CC1OCC(C)O1,True,green;floral
MOL_004345,Methylbutyl myristate,93805-23-3,93805-23-3,True,True,CCCCCCCCCCCCCC(=O)OCC(C)CC,CCCCCCCCCCCCCC(=O)OCC(C)CC,True,fatty;waxy
MOL_004346,Ethyl maltol butyrate,93805-72-2,93805-72-2,True,True,CCCC(=O)Oc1c(CC)occc1=O,CCCC(=O)Oc1c(CC)occc1=O,True,fruity;caramellic;berry
MOL_004347,Methylhexadecanal,93815-50-0,93815-50-0,True,True,CCC(C)CCCCCCCCCCCCC=O,CCC(C)CCCCCCCCCCCCC=O,True,fatty
MOL_004348,Methylhexadecanal,93815-51-1,93815-51-1,True,True,CC(C)CCCCCCCCCCCCCC=O,CC(C)CCCCCCCCCCCCCC=O,True,fatty
MOL_004349,methyl beta-ionol,93840-90-5,93840-90-5,True,True,CCC(/C=C/C1=C(CCCC1(C)C)C)O,CCC(O)/C=C/C1=C(C)CCCC1(C)C,True,fruity;berry
MOL_004350,Hexanal dibutyl acetal,93892-07-0,93892-07-0,True,True,CCCCCC(OCCCC)OCCCC,CCCCCC(OCCCC)OCCCC,True,green;oily;apple;cognac
MOL_004351,Hexanal diisoamyl acetal,93892-09-2,93892-09-2,True,True,CCCCCC(OCCC(C)C)OCCC(C)C,CCCCCC(OCCC(C)C)OCCC(C)C,True,green;oily;apple;cognac
MOL_004352,citronitrile (Symrise),93893-89-1,93893-89-1,True,True,N#CC=C(CCc1ccccc1)C,CC(=CC#N)CCc1ccccc1,True,citrus;fruity;floral;rose;cinnamon;balsamic
MOL_004353,citrus carbaldehyde / methyl anthranilate schiff's base,93894-30-5,93894-30-5,True,True,CC(=CCCC1=CCC(CC1)C=NC2=CC=CC=C2C(=O)OC)C,COC(=O)c1ccccc1N=CC1CC=C(CCC=C(C)C)CC1,True,fresh;green;citrus;fruity;floral
MOL_004354,Phenylpentenal,939-21-9,939-21-9,True,True,C=CC(CC=O)c1ccccc1,C=CC(CC=O)c1ccccc1,True,cocoa;floral
MOL_004355,Isopropyl benzoate,939-48-0,939-48-0,True,True,CC(C)OC(=O)c1ccccc1,CC(C)OC(=O)c1ccccc1,True,fruity;floral;sweet
MOL_004356,Butylbenzaldehyde,939-97-9,939-97-9,True,True,CC(C)(C)c1ccc(C=O)cc1,CC(C)(C)c1ccc(C=O)cc1,True,spicy;warm;herbal
MOL_004357,fresh carbaldehyde,93904-56-4,93904-56-4,True,True,CC1=C2CC(C(C1)C(C2)C(C)C)C=O,CC1=C2CC(C=O)C(C1)C(C(C)C)C2,True,fatty;green;metallic;aldehydic
MOL_004358,Ethyl oxodecanoate,93919-00-7,93919-00-7,True,True,CCCCCC(=O)CCCC(=O)OCC,CCCCCC(=O)CCCC(=O)OCC,True,fruity
MOL_004359,Menthyl stearate,93919-01-8,93919-01-8,True,True,CCCCCCCCCCCCCCCCCC(=O)OC1CC(C)CCC1C(C)C,CCCCCCCCCCCCCCCCCC(=O)OC1CC(C)CCC1C(C)C,True,waxy;odorless
MOL_004360,Carvyl butyrate,93919-04-1,93919-04-1,True,True,C=C(C)C1CC=C(C)C(OC(=O)CCC)C1,C=C(C)C1CC=C(C)C(OC(=O)CCC)C1,True,fruity;herbal;mint
MOL_004361,rhubarb pyran,93939-86-7,93939-86-7,True,True,C\C=C/1\CC2CC1C3C2OCCC3,C/C=C1/CC2CC1C1CCCOC21,True,floral;fruity;green;leathery;woody;earthy;herbal;berry
MOL_004362,Menthyl octanoate,93940-59-1,93940-59-1,True,True,CCCCCCCC(=O)OC1CC(C)CCC1C(C)C,CCCCCCCC(=O)OC1CC(C)CCC1C(C)C,True,floral;mint;herbal
MOL_004363,Octenyl isobutyrate,93940-61-5,93940-61-5,True,True,C=CC(CCCCC)OC(=O)C(C)C,C=CC(CCCCC)OC(=O)C(C)C,True,fruity;mushroom
MOL_004364,juniparome (Takasago),93942-00-8,93942-00-8,True,True,CC1C2C3CCC(C3)C2C(=C1C)OC,COC1=C(C)C(C)C2C3CCC(C3)C12,True,herbal;woody;pine
MOL_004365,waxy acetate,93952-58-0,93952-58-0,True,True,CC(C)OC(=O)CC1=CCCCC1,CC(C)OC(=O)CC1=CCCCC1,True,sweet;waxy;rose;honey;anisic
MOL_004366,Allyl methylbutyrate,93963-13-4,93963-13-4,True,True,C=CCOC(=O)C(C)CC,C=CCOC(=O)C(C)CC,True,green;fruity;oily;tropical;fermented;waxy;pineapple;sweet
MOL_004367,Methyl decenoate,93979-14-7,93979-14-7,True,True,CCCCCCCC=CC(=O)OC,CCCCCCCC=CC(=O)OC,True,green;fruity;pear;tropical;waxy
MOL_004368,rose carbonate,93981-50-1,93981-50-1,True,True,CCOC(=O)OC1C(CCC(C1C)C)C,CCOC(=O)OC1C(C)CCC(C)C1C,True,warm;rose;leathery;metallic;fruity
MOL_004369,Ethyl benzoylacetate,94-02-0,94-02-0,True,True,CCOC(=O)CC(=O)c1ccccc1,CCOC(=O)CC(=O)c1ccccc1,True,fruity;cherry;brandy
MOL_004370,Propyl hydroxybenzoate,94-13-3,94-13-3,True,True,CCCOC(=O)c1ccc(O)cc1,CCCOC(=O)c1ccc(O)cc1,True,odorless
MOL_004371,Butyl hydroxybenzoate,94-26-8,94-26-8,True,True,CCCCOC(=O)c1ccc(O)cc1,CCCCOC(=O)c1ccc(O)cc1,True,odorless
MOL_004372,Ethyl anisate,94-30-4,94-30-4,True,True,CCOC(=O)c1ccc(OC)cc1,CCOC(=O)c1ccc(OC)cc1,True,anisic;floral;sweet
MOL_004373,Isoamyl benzoate,94-46-2,94-46-2,True,True,CC(C)CCOC(=O)c1ccccc1,CC(C)CCOC(=O)c1ccccc1,True,green;fruity;waxy;balsamic;sweet
MOL_004374,Phenethyl benzoate,94-47-3,94-47-3,True,True,O=C(OCCc1ccccc1)c1ccccc1,O=C(OCCc1ccccc1)c1ccccc1,True,honey;balsamic;floral;rose
MOL_004375,Geranyl benzoate,94-48-4,94-48-4,True,True,CC(C)=CCC/C(C)=C/COC(=O)c1ccccc1,CC(C)=CCC/C(C)=C/COC(=O)c1ccccc1,True,floral;rose
MOL_004376,Octyl benzoate,94-50-8,94-50-8,True,True,CCCCCCCCOC(=O)c1ccccc1,CCCCCCCCOC(=O)c1ccccc1,True,oily;balsamic
MOL_004377,dihydrosafrole,94-58-6,94-58-6,True,True,CCCC1=CC2=C(C=C1)OCO2,CCCc1ccc2c(c1)OCO2,True,spicy
MOL_004378,Safrole,94-59-7,94-59-7,True,True,C=CCc1ccc2c(c1)OCO2,C=CCc1ccc2c(c1)OCO2,True,spicy;aromatic
MOL_004379,Piperine,94-62-2,94-62-2,True,True,O=C(/C=C/C=C/c1ccc2c(c1)OCO2)N1CCCCC1,O=C(/C=C/C=C/c1ccc2c(c1)OCO2)N1CCCCC1,True,odorless
MOL_004380,Propenylguaethol,94-86-0,94-86-0,True,True,C/C=C/c1ccc(OCC)c(O)c1,C/C=C/c1ccc(OCC)c(O)c1,True,vanilla;phenolic
MOL_004381,Menthyl decanoate,94020-93-6,94020-93-6,True,True,CCCCCCCCCC(=O)OC1CC(C)CCC1C(C)C,CCCCCCCCCC(=O)OC1CC(C)CCC1C(C)C,True,floral;mint;herbal
MOL_004382,3-cyclohexyl propyl isobutyrate,94021-78-0,94021-78-0,True,True,CC(C)C(=O)OCCCC1CCCCC1,CC(C)C(=O)OCCCC1CCCCC1,True,green;fruity;metallic
MOL_004383,Butyl butyrylglycolate,94022-04-5,94022-04-5,True,True,CCCCOC(=O)COC(=O)CCC,CCCCOC(=O)COC(=O)CCC,True,creamy;caramellic;fruity;fatty;dairy
MOL_004384,isobornyl phenyl acetate,94022-06-7,94022-06-7,True,True,CC1(C2CCC1(C(C2)OC(=O)CC3=CC=CC=C3)C)C,CC1(C)C2CCC1(C)C(OC(=O)Cc1ccccc1)C2,True,pine;balsamic
MOL_004385,Methoxymethylbutanethiol,94087-83-9,94087-83-9,True,True,COCCC(C)(C)S,COCCC(C)(C)S,True,sulfurous;black currant;catty
MOL_004386,Methylhexenyl acetate,94088-33-2,94088-33-2,True,True,CC/C=C/CC(C)OC(C)=O,CC/C=C/CC(C)OC(C)=O,True,green;fruity
MOL_004387,Hexenyl methylbutyrate,94089-01-7,94089-01-7,True,True,CCC/C=C/COC(=O)C(C)CC,CCC/C=C/COC(=O)C(C)CC,True,green;fruity;apple
MOL_004388,Thienylethanethiol,94089-02-8,94089-02-8,True,True,CC(S)c1cccs1,CC(S)c1cccs1,True,burnt;coffee
MOL_004389,Hexenal propylene glycol acetal,94089-21-1,94089-21-1,True,True,CCC/C=C/C1OCC(C)O1,CCC/C=C/C1OCC(C)O1,True,green;fruity
MOL_004390,Isopropoxymethylpyrazine,94089-22-2,94089-22-2,True,True,Cc1nccnc1OC(C)C,Cc1nccnc1OC(C)C,True,green;fruity;sweet
MOL_004391,Acetoin propylene glycol ketal,94089-23-3,94089-23-3,True,True,CC1COC(C)(C(C)O)O1,CC1COC(C)(C(C)O)O1,True,fatty;fruity;buttery
MOL_004392,Methyl naphthyl ketone,941-98-0,941-98-0,True,True,CC(=O)c1cccc2ccccc12,CC(=O)c1cccc2ccccc12,True,orange
MOL_004393,Ethylhexyl tiglate,94133-92-3,94133-92-3,True,True,C/C=C(\C)C(=O)OC(CC)CCCCC,C/C=C(\C)C(=O)OC(CC)CCCCC,True,fruity;spicy
MOL_004394,Octenyl propionate,94134-03-9,94134-03-9,True,True,CCCC/C=C/CCOC(=O)CC,CCCC/C=C/CCOC(=O)CC,True,melon;pear
MOL_004395,Sulfurol butyrate,94159-31-6,94159-31-6,True,True,CCCC(=O)OCCc1scnc1C,CCCC(=O)OCCc1scnc1C,True,fatty;nutty;meaty;roasted
MOL_004396,Sulfurol hexanoate,94159-32-7,94159-32-7,True,True,CCCCCC(=O)OCCc1scnc1C,CCCCCC(=O)OCCc1scnc1C,True,fatty;nutty;meaty;roasted
MOL_004397,bornyl 2-methyl butyrate,94200-10-9,94200-10-9,True,True,C1(C)(C)C2(CCC1CC2OC(=O)C(CC)C)C,CCC(C)C(=O)OC1CC2CCC1(C)C2(C)C,True,herbal;woody
MOL_004398,Trimethylcyclohexyl butyrate,94200-12-1,94200-12-1,True,True,CCCC(=O)OC1CC(C)CC(C)(C)C1,CCCC(=O)OC1CC(C)CC(C)(C)C1,True,mint;fruity;banana;sweet
MOL_004399,3-cyclohexyl propyl butyrate,94200-13-2,94200-13-2,True,True,CCCC(=O)OCCCC1CCCCC1,CCCC(=O)OCCCC1CCCCC1,True,mint;green;waxy
MOL_004400,coconut decanone methyl,94201-19-1,94201-19-1,True,True,CC1CCC2(CC1)CCC(=O)O2,CC1CCC2(CCC(=O)O2)CC1,True,milky;coconut;tropical;creamy;coumarinic;dairy;plum
MOL_004401,rose pyran,94201-73-7,94201-73-7,True,True,CC1CCOC(C1)C2=CC=CC=C2,CC1CCOC(c2ccccc2)C1,True,rose;fresh;green;herbal;phenolic;sharp
MOL_004402,Benzaldehyde diisoamyl acetal,94231-95-5,94231-95-5,True,True,CC(C)CCOC(OCCC(C)C)c1ccccc1,CC(C)CCOC(OCCC(C)C)c1ccccc1,True,fruity;almond;herbal;cherry;sweet
MOL_004403,Methyl furfurylthiopropionate,94278-26-9,94278-26-9,True,True,COC(=S)C(C)Cc1ccco1,COC(=S)C(C)Cc1ccco1,True,meaty;roasted;earthy;fruity;nutty;coffee;sulfurous
MOL_004404,Ethyl furfurylthiopropionate,94278-27-0,94278-27-0,True,True,CCOC(=O)CCSCc1ccco1,CCOC(=O)CCSCc1ccco1,True,roasted;garlic;nutty;onion;sulfurous
MOL_004405,Menthone thioacetate,94293-57-9,94293-57-9,True,True,CC(=S)OC(C)(C)[C@@H]1CCC(C)CC1=O,CC(=S)OC(C)(C)[C@@H]1CCC(C)CC1=O,True,catty
MOL_004406,Butylacetophenone,943-27-1,943-27-1,True,True,CC(=O)c1ccc(C(C)(C)C)cc1,CC(=O)c1ccc(C(C)(C)C)cc1,True,balsamic;floral;sweet;herbal
MOL_004407,Anisylidene acetone,943-88-4,943-88-4,True,True,COc1ccc(/C=C/C(C)=O)cc1,COc1ccc(/C=C/C(C)=O)cc1,True,creamy;floral;sweet
MOL_004408,myrascone,94333-50-3,94333-50-3,True,True,CCC1=C(C(CCC1C)(C)C)C(=O)OCC,CCOC(=O)C1=C(CC)C(C)CCC1(C)C,True,tropical;floral;fruity
MOL_004409,clary acetate,94346-09-5,94346-09-5,True,True,C[C@@H]1[C@@H](CC[C@]1(C)OC(=O)C)C(=C)C,C=C(C)[C@@H]1CC[C@](C)(OC(C)=O)[C@@H]1C,True,warm;herbal;woody
MOL_004410,Carvyl isovalerate,94386-39-7,94386-39-7,True,True,C=C(C)C1CC=C(C)C(OC(=O)CC(C)C)C1,C=C(C)C1CC=C(C)C(OC(=O)CC(C)C)C1,True,fruity;herbal;sweet
MOL_004411,cinnamaldehyde / methyl anthranilate schiff's base,94386-48-8,94386-48-8,True,True,COC(=O)C1=CC=CC=C1N=C/C=C/C2=CC=CC=C2,COC(=O)c1ccccc1N=C/C=C/c1ccccc1,True,sweet;cinnamon;pine
MOL_004412,juniper carboxaldehyde,94406-15-2,94406-15-2,True,True,CC1(CC(C2=CCCCC21)(C)C=O)C,CC1(C=O)CC(C)(C)C2CCCC=C21,True,herbal;camphoreous;pine;black currant
MOL_004413,Benzothiophene,95-15-8,95-15-8,True,True,c1ccc2sccc2c1,c1ccc2sccc2c1,True,earthy;gasoline;burnt;sulfurous
MOL_004414,Benzothiazole,95-16-9,95-16-9,True,True,c1ccc2scnc2c1,c1ccc2scnc2c1,True,vegetable;burnt;coffee;sulfurous;beefy
MOL_004415,Methylindole,95-20-5,95-20-5,True,True,Cc1cc2ccccc2[nH]1,Cc1cc2ccccc2[nH]1,True,animal
MOL_004416,Methylbenzoxazole,95-21-6,95-21-6,True,True,Cc1nc2ccccc2o1,Cc1nc2ccccc2o1,True,tobacco;vanilla;pungent;burnt;floral;sweet
MOL_004417,Hexylcyclopentenone,95-41-0,95-41-0,True,True,CCCCCCC1=CCCC1=O,CCCCCCC1=CCCC1=O,True,hay;fruity;jasmine;herbal;sweet
MOL_004418,Cresol,95-48-7,95-48-7,True,True,Cc1ccccc1O,Cc1ccccc1O,True,phenolic;medicinal
MOL_004419,Xylenol,95-65-8,95-65-8,True,True,Cc1ccc(O)cc1C,Cc1ccc(O)cc1C,True,dry
MOL_004420,Xylenol,95-87-4,95-87-4,True,True,Cc1ccc(C)c(O)c1,Cc1ccc(C)c(O)c1,True,phenolic;smoky
MOL_004421,Diethyl oxalate,95-92-1,95-92-1,True,True,CCOC(=O)C(=O)OCC,CCOC(=O)C(=O)OCC,True,fruity;musk;fermented;herbal;winey
MOL_004422,woody dodecane,950-33-4,950-33-4,True,True,COC1(CCCCCCCCCCC1)OC,COC1(OC)CCCCCCCCCCC1,True,woody;earthy;musk
MOL_004423,cascalone (Firmenich),950919-28-5,950919-28-5,True,True,CC(C)C1=CC2=C(C=C1)OCC(=O)CO2,CC(C)c1ccc2c(c1)OCC(=O)CO2,True,fresh;fruity
MOL_004424,Diisoamyl trisulfide,955371-64-9,955371-64-9,True,True,CC(C)CCSSSCCC(C)C,CC(C)CCSSSCCC(C)C,True,onion;garlic
MOL_004425,peach cyclopentanone,95962-14-4,95962-14-4,True,True,CC1=CCC(CC1)C(C)CC2CCCC2=O,CC1=CCC(C(C)CC2CCCC2=O)CC1,True,fruity;tropical;milky;peach;apricot;oily;waxy;creamy;coconut
MOL_004426,"(E,E)-sorbyl butyrate",95994-93-7,95994-93-7,True,True,CCCC(=O)OC/C=C/C=C/C,C/C=C/C=C/COC(=O)CCC,True,fruity;green;winey;cheesy;dairy
MOL_004427,Heptanedione,96-04-8,96-04-8,True,True,CCCCC(=O)C(C)=O,CCCCC(=O)C(C)=O,True,fatty;cheesy;sweet;buttery
MOL_004428,limonene diepoxide,96-08-2,96-08-2,True,True,CC1C(O1)C2CCC3(C(C2)O3)C,CC1OC1C1CCC2(C)OC2C1,True,mint
MOL_004429,Methylbutylamine,96-15-1,96-15-1,True,True,CC[C@@H](C)CN,CC[C@@H](C)CN,True,ripe;fishy;cheesy
MOL_004430,Methylbutyraldehyde,96-17-3,96-17-3,True,True,CCC(C)C=O,CCC(C)C=O,True,malty;green;fruity;cocoa;fermented
MOL_004431,Pentanone,96-22-0,96-22-0,True,True,CCC(=O)CC,CCC(=O)CC,True,fruity;caramellic;ethereal;cheesy
MOL_004432,dihydroxyacetone (monomer),96-26-4,96-26-4,True,True,C(C(=O)CO)O,O=C(CO)CO,True,mint
MOL_004433,Methyl acrylate,96-33-3,96-33-3,True,True,C=CC(=O)OC,C=CC(=O)OC,True,chamomile;pungent
MOL_004434,Methyl glycolate,96-35-5,96-35-5,True,True,COC(=O)CO,COC(=O)CO,True,burnt;caramellic;ethereal
MOL_004435,Cyclopentanol,96-41-3,96-41-3,True,True,OC1CCCC1,OC1CCCC1,True,fermented;alcoholic;solvent;ethereal
MOL_004436,Methyltetrahydrofuran,96-47-9,96-47-9,True,True,CC1CCCO1,CC1CCCO1,True,solvent;mint;sweet
MOL_004437,Hydroxybutanoic acid lactone,96-48-0,96-48-0,True,True,O=C1CCCO1,O=C1CCCO1,True,nutty;caramellic;buttery
MOL_004438,Methylpyrrole,96-54-8,96-54-8,True,True,Cn1cccc1,Cn1cccc1,True,animal;herbal;woody;smoky;sweet
MOL_004439,Menthyl palmitate,96097-19-7,96097-19-7,True,True,CCCCCCCCCCCCCCCC(=O)OC1CC(C)CCC1C(C)C,CCCCCCCCCCCCCCCC(=O)OC1CC(C)CCC1C(C)C,True,waxy;odorless
MOL_004440,Pentylmethylthiazole,96693-92-4,96693-92-4,True,True,CCCCCc1csc(C)n1,CCCCCc1csc(C)n1,True,green;vegetable;meaty
MOL_004441,Carvyl acetate,97-42-7,97-42-7,True,True,C=C(C)C1CC=C(C)C(OC(C)=O)C1,C=C(C)C1CC=C(C)C(OC(C)=O)C1,True,sour;green;fruity;herbal;sweet
MOL_004442,Carvyl propionate,97-45-0,97-45-0,True,True,C=C(C)C1CC=C(C)C(OC(=O)CC)C1,C=C(C)C1CC=C(C)C(OC(=O)CC)C1,True,fruity;warm;sweet;mint
MOL_004443,Eugenol,97-53-0,97-53-0,True,True,C=CCc1ccc(O)c(OC)c1,C=CCc1ccc(O)c(OC)c1,True,spicy;smoky;pungent;dry
MOL_004444,isoeugenol,97-54-1,97-54-1,True,True,CC(=C)C1=CC(=C(C=C1)O)OC,C=C(C)c1ccc(O)c(OC)c1,True,sweet;spicy;woody;floral
MOL_004445,Methylvaleric acid,97-61-0,97-61-0,True,True,CCCC(C)C(=O)O,CCCC(C)C(=O)O,True,creamy;sour;dairy;pungent;cheesy
MOL_004446,Ethyl isobutyrate,97-62-1,97-62-1,True,True,CCOC(=O)C(C)C,CCOC(=O)C(C)C,True,apple;ethereal;fruity;sweet;rum
MOL_004447,Ethyl methacrylate,97-63-2,97-63-2,True,True,C=C(C)C(=O)OCC,C=C(C)C(=O)OCC,True,apple;chamomile;pungent
MOL_004448,Ethyl lactate,97-64-3,97-64-3,True,True,CCOC(=O)C(C)O,CCOC(=O)C(C)O,True,buttery;ethereal;rum
MOL_004449,Isobutyl isobutyrate,97-85-8,97-85-8,True,True,CC(C)COC(=O)C(C)C,CC(C)COC(=O)C(C)C,True,fruity;banana;tropical;pineapple;winey;sweet
MOL_004450,Isobutyl  methacrylate,97-86-9,97-86-9,True,True,C=C(C)C(=O)OCC(C)C,C=C(C)C(=O)OCC(C)C,True,chamomile;pungent
MOL_004451,Butyl isobutyrate,97-87-0,97-87-0,True,True,CCCCOC(=O)C(C)C,CCCCOC(=O)C(C)C,True,fruity
MOL_004452,Butyl methacrylate,97-88-1,97-88-1,True,True,C=C(C)C(=O)OCCCC,C=C(C)C(=O)OCCCC,True,fruity;sweet;ethereal;herbal
MOL_004453,Citronellyl isobutyrate,97-89-2,97-89-2,True,True,CC(C)=CCCC(C)CCOC(=O)C(C)C,CC(C)=CCCC(C)CCOC(=O)C(C)C,True,fruity;rose;sweet
MOL_004454,Ethylbutanol,97-95-0,97-95-0,True,True,CCC(CC)CO,CCC(CC)CO,True,fermented;alcoholic;solvent
MOL_004455,Ethylbutyraldehyde,97-96-1,97-96-1,True,True,CCC(C=O)CC,CCC(C=O)CC,True,caramellic;green;fruity;cocoa;fresh;pungent
MOL_004456,Tetrahydrofurfuryl alcohol,97-99-4,97-99-4,True,True,OCC1CCCO1,OCC1CCCO1,True,caramellic;solvent;oily;fruity
MOL_004457,3-cyclohexyl propyl propionate,97158-38-8,97158-38-8,True,True,CCC(=O)OCCCC1CCCCC1,CCC(=O)OCCCC1CCCCC1,True,green;fruity;fresh;berry
MOL_004458,bean hexene,97358-54-8,97358-54-8,True,True,CC\C=C\CCOC(CC)OC,CC/C=C/CCOC(CC)OC,True,fresh;green;musty;woody;vegetable;leafy
MOL_004459,privetone,97375-48-9,97375-48-9,True,True,CC1=CC=C(C=C1)OCCOC,COCCOc1ccc(C)cc1,True,fresh;green;floral;woody;earthy;herbal;phenolic;melon;animal
MOL_004460,agrumen nitrile,97384-48-0,97384-48-0,True,True,CC(CC1=CC=CC=C1)(C=C)C#N,C=CC(C)(C#N)Cc1ccccc1,True,aldehydic;spicy;herbal;green;sweet
MOL_004461,Tetramethylbicyclononadienone,97844-16-1,97844-16-1,True,True,CC1=C(C2=CC=CC(=O)CCCC2)CCCCC(C)C(C)=C1C,CC1=C(C2=CC=CC(=O)CCCC2)CCCCC(C)C(C)=C1C,True,fruity
MOL_004462,Tetramethylbicyclononadienol,97866-86-9,97866-86-9,True,True,CC1=C(C2=C(O)C=CCCCCC2)CCCCC(C)C(C)=C1C,CC1=C(C2=C(O)C=CCCCCC2)CCCCC(C)C(C)=C1C,True,fruity
MOL_004463,Methylbutyl methylbutenoate,97890-13-6,97890-13-6,True,True,CCC(C)COC(=O)C=C(C)C,CCC(C)COC(=O)C=C(C)C,True,fruity;chamomile;apple;floral
MOL_004464,furfuryl alcohol,98-00-0,98-00-0,True,True,C1=COC(=C1)CO,OCc1ccco1,True,alcoholic;musty;sweet;caramellic;bread;coffee;sulfurous;fruity
MOL_004465,Furfural,98-01-1,98-01-1,True,True,O=Cc1ccco1,O=Cc1ccco1,True,spicy;caramellic;almond;bread;sweet
MOL_004466,Furfuryl mercaptan,98-02-2,98-02-2,True,True,SCc1ccco1,SCc1ccco1,True,alliaceous;burnt;caramellic;coffee
MOL_004467,Thiophenecarbaldehyde,98-03-3,98-03-3,True,True,O=Cc1cccs1,O=Cc1cccs1,True,nutty;coconut
MOL_004468,Butylcyclohexanol,98-52-2,98-52-2,True,True,CC(C)(C)C1CCC(O)CC1,CC(C)(C)C1CCC(O)CC1,True,leathery;camphoreous;woody;dry
MOL_004469,Butylcyclohexanone,98-53-3,98-53-3,True,True,CC(C)(C)C1CCC(=O)CC1,CC(C)(C)C1CCC(=O)CC1,True,camphoreous;mint;dry
MOL_004470,Dimethylethylphenol,98-54-4,98-54-4,True,True,CC(C)(C)c1ccc(O)cc1,CC(C)(C)c1ccc(O)cc1,True,phenolic;leathery
MOL_004471,Terpineol,98-55-5,98-55-5,True,True,CC1=CC[C@H](C(C)(C)O)CC1,CC1=CC[C@H](C(C)(C)O)CC1,True,floral;sweet
MOL_004472,Methylethenylbenzene,98-83-9,98-83-9,True,True,C=C(C)c1ccccc1,C=C(C)c1ccccc1,True,herbal
MOL_004473,Styrallyl alcohol,98-85-1,98-85-1,True,True,CC(O)c1ccccc1,CC(O)c1ccccc1,True,rose;green;earthy;floral
MOL_004474,Acetophenone,98-86-2,98-86-2,True,True,CC(=O)c1ccccc1,CC(=O)c1ccccc1,True,cherry;pungent;sweet
MOL_004475,Cyclohexanecarboxylic acid,98-89-5,98-89-5,True,True,O=C(O)C1CCCCC1,O=C(O)C1CCCCC1,True,fruity;cheesy
MOL_004476,nonyl heptanoate,98841-69-1,98841-69-1,True,True,CCCCCCCCCOC(=O)CCCCCC,CCCCCCCCCOC(=O)CCCCCC,True,orange;rose;herbal;cognac
MOL_004477,Carveol,99-48-9,99-48-9,True,True,C=C(C)C1CC=C(C)C(O)C1,C=C(C)C1CC=C(C)C(O)C1,True,sweet
MOL_004478,carvone,99-49-0,99-49-0,True,True,CC1=CCC(CC1=O)C(=C)C,C=C(C)C1CC=C(C)C(=O)C1,True,mint;anisic
MOL_004479,"3,4-dihydroxybenzoic acid",99-50-3,99-50-3,True,True,Oc1ccc(cc1O)C(=O)O,O=C(O)c1ccc(O)c(O)c1,True,phenolic;balsamic
MOL_004480,Tolylpropionaldehyde,99-72-9,99-72-9,True,True,Cc1ccc(C(C)C=O)cc1,Cc1ccc(C(C)C=O)cc1,True,green;fresh;herbal;woody;floral;sweet
MOL_004481,Methyl methylbenzoate,99-75-2,99-75-2,True,True,COC(=O)c1ccc(C)cc1,COC(=O)c1ccc(C)cc1,True,anisic;fruity;floral;sweet
MOL_004482,Phellandrene,99-83-2,99-83-2,True,True,CC1=CCC(C(C)C)C=C1,CC1=CCC(C(C)C)C=C1,True,spicy;citrus;fresh;woody;mint
MOL_004483,Terpinene,99-85-4,99-85-4,True,True,CC1=CCC(C(C)C)=CC1,CC1=CCC(C(C)C)=CC1,True,fresh;citrus;herbal
MOL_004484,Terpinene,99-86-5,99-86-5,True,True,CC1=CC=C(C(C)C)CC1,CC1=CC=C(C(C)C)CC1,True,fresh;lemon;citrus
MOL_004485,Cymene,99-87-6,99-87-6,True,True,Cc1ccc(C(C)C)cc1,Cc1ccc(C(C)C)cc1,True,citrus
MOL_004486,Isopropylphenol,99-89-8,99-89-8,True,True,CC(C)c1ccc(O)cc1,CC(C)c1ccc(O)cc1,True,phenolic;medicinal
MOL_004487,para-chloroacetophenone,99-91-2,99-91-2,True,True,CC(=O)c1ccc(cc1)Cl,CC(=O)c1ccc(Cl)cc1,True,sweet;floral;hay
MOL_004488,Hydroxyacetophenone,99-93-4,99-93-4,True,True,CC(=O)c1ccc(O)cc1,CC(=O)c1ccc(O)cc1,True,hay;fruity;herbal;woody;balsamic;floral
MOL_004489,Hydroxybenzoic acid,99-96-7,99-96-7,True,True,O=C(O)c1ccc(O)cc1,O=C(O)c1ccc(O)cc1,True,odorless
MOL_004490,Tetrahydrofurfuryl mercaptopropionate,99253-91-5,99253-91-5,True,True,CC(S)C(=O)OCC1CCCO1,CC(S)C(=O)OCC1CCCO1,True,sulfurous;savory;tropical
MOL_004491,Methyl tolylglycidate,99334-18-6,99334-18-6,True,True,COC(=O)C1(c2ccccc2C)CO1,COC(=O)C1(c2ccccc2C)CO1,True,fruity;sweet;berry
MOL_004492,"N,N-diethyl octanamide",996-97-4,996-97-4,True,True,CCCCCCCC(=O)N(CC)CC,CCCCCCCC(=O)N(CC)CC,True,spicy;sweet;mint;fresh;tobacco;woody;fruity
MOL_004493,ethyl 4-hydroxybutyrate,999-10-0,999-10-0,True,True,CCOC(=O)CCCO,CCOC(=O)CCCO,True,caramellic
MOL_004494,Neryl butyrate,999-40-6,999-40-6,True,True,CCCC(=O)OC/C=C(/C)CCC=C(C)C,CCCC(=O)OC/C=C(/C)CCC=C(C)C,True,fruity;floral;sweet;orange
MOL_004495,Methylmethylthiomethylhexenal,99910-84-6,99910-84-6,True,True,CCC(C)/C=C(\C=O)CSC,CCC(C)/C=C(\C=O)CSC,True,spicy;meaty;onion;herbal
