molecule_id,cas,chemical_name,canonical_smiles,row_index
MOL_000001,100-06-1,Acetanisole,COc1ccc(C(C)=O)cc1,0
MOL_000002,100-09-4,Anisic acid,COc1ccc(C(=O)O)cc1,1
MOL_000003,100-42-5,Styrene,C=Cc1ccccc1,2
MOL_000004,100-47-0,Benzonitrile,N#Cc1ccccc1,3
MOL_000005,100-51-6,Benzyl alcohol,OCc1ccccc1,4
MOL_000006,100-52-7,Benzaldehyde,O=Cc1ccccc1,5
MOL_000007,100-53-8,Benzyl mercaptan,SCc1ccccc1,6
MOL_000008,100-66-3,Anisole,COc1ccccc1,7
MOL_000009,100-68-5,Methyl phenyl sulfide,CSc1ccccc1,8
MOL_000010,100-71-0,Ethylpyridine,CCc1ccccn1,9
MOL_000011,100-79-8,Acetone glyceryl acetal(s),CC1(C)OCC(CO)O1,10
MOL_000012,100-83-4,Hydroxybenzaldehyde,O=Cc1cccc(O)c1,11
MOL_000013,100-84-5,Cresyl methyl ether,COc1cccc(C)c1,12
MOL_000014,100-86-7,Dimethylphenethyl alcohol,CC(C)(O)Cc1ccccc1,13
MOL_000015,1002-84-2,Pentadecanoic acid,CCCCCCCCCCCCCCC(=O)O,14
MOL_000016,10022-28-3,Octanal dimethyl acetal,CCCCCCCC(OC)OC,15
MOL_000017,10024-56-3,Terpinyl cinnamate,CC1=CCC(C(C)(C)OC(=O)/C=C/c2ccccc2)CC1,16
MOL_000018,10024-57-4,Tolyl laurate,CCCCCCCCCCCC(=O)Oc1ccc(C)cc1,17
MOL_000019,10024-64-3,Linalyl octanoate,C=CC(C)(CCC=C(C)C)OC(=O)CCCCCCC,18
MOL_000020,1003-04-9,Dihydrothiophenone,O=C1CCSC1,19
MOL_000021,1003-10-7,Thiobutyrolactone,O=C1CCCS1,20
MOL_000022,1003-29-8,Formylpyrrole,O=Cc1ccc[nH]1,21
MOL_000023,1003-38-9,Dimethyltetrahydrofuran,CC1CCC(C)O1,22
MOL_000024,10031-71-7,Methylphenylbutyl isobutyrate,CC(C)C(=O)OC(C)(C)CCc1ccccc1,23
MOL_000025,10031-82-0,Ethoxybenzaldehyde,CCOc1ccc(C=O)cc1,24
MOL_000026,10031-86-4,Ethylbenzyl butyrate,CCCC(=O)OC(CC)c1ccccc1,25
MOL_000027,10031-87-5,Ethylbutyl acetate,CCC(CC)COC(C)=O,26
MOL_000028,10031-88-6,Ethylheptenal,CCCC/C=C(/C=O)CC,27
MOL_000029,10031-90-0,Ethyl furylpropanoate,CCOC(=O)CCc1ccco1,28
MOL_000030,10031-92-2,Ethyl nonynoate,CCCCCCC#CC(=O)OCC,29
MOL_000031,10031-93-3,Ethyl phenylbutyrate,CCOC(=O)CCCc1ccccc1,30
MOL_000032,10031-96-6,Eugenyl formate,C=CCc1ccc(OC=O)c(OC)c1,31
MOL_000033,10032-00-5,Geranyl acetoacetate,CC(=O)CC(=O)OC/C=C(\C)CCC=C(C)C,32
MOL_000034,10032-02-7,Geranyl hexanoate,CCCCCC(=O)OC/C=C(\C)CCC=C(C)C,33
MOL_000035,10032-05-0,Heptanal dimethyl acetal,CCCCCCC(OC)OC,34
MOL_000036,10032-08-3,Heptyl cinnamate,CCCCCCCOC(=O)/C=C/c1ccccc1,35
MOL_000037,10032-11-8,Hexenyl methylbutanoate,CCC=CCCOC(=O)CC(C)C,36
MOL_000038,10032-13-0,Hexyl methylbutanoate,CCCCCCOC(=O)CC(C)C,37
MOL_000039,10032-15-2,Hexyl methylbutanoate,CCCCCCOC(=O)C(C)CC,38
MOL_000040,10039-39-1,Hexylacetoxytetrahydrofuran,CCCCCCC1CC(OC(C)=O)CO1,39
MOL_000041,1004-29-1,Butyltetrahydrofuran,CCCCC1CCCO1,40
MOL_000042,10058-43-2,Dimethylphenethyl formate,CC(C)(Cc1ccccc1)OC=O,41
MOL_000043,1006-27-5,earthy indane,COC1CCc2ccccc21,42
MOL_000044,1006684-20-3,Mercaptoheptanol,CCCCCCC(O)S,43
MOL_000045,10072-05-6,Methyl dimethylanthranilate,COC(=O)c1ccccc1N(C)C,44
MOL_000046,1009-14-9,valerophenone,CCCCC(=O)c1ccccc1,45
MOL_000047,1009-62-7,Dimethylphenylpropionaldehyde,CC(C)(C=O)Cc1ccccc1,46
MOL_000048,10094-34-5,Dimethylphenethyl butyrate,CCCC(=O)OC(C)(C)Cc1ccccc1,47
MOL_000049,10094-36-7,Ethyl cyclohexanepropionate,CCOC(=O)CCC1CCCCC1,48
MOL_000050,10094-40-3,2-hexenyl acetate,CCCC=CCOC(C)=O,49
MOL_000051,10094-41-4,Hexenyl methylbutanoate,CC/C=C\CCOC(=O)C(C)CC,50
MOL_000052,101-39-3,Methylcinnamaldehyde,C/C(C=O)=C/c1ccccc1,51
MOL_000053,101-41-7,Methyl phenylacetate,COC(=O)Cc1ccccc1,52
MOL_000054,101-48-4,Phenylacetaldehyde dimethyl acetal,COC(Cc1ccccc1)OC,53
MOL_000055,101-49-5,Phenylacetaldehyde ethyleneglycol acetal,c1ccc(CC2OCCO2)cc1,54
MOL_000056,101-81-5,Diphenylmethane,c1ccc(Cc2ccccc2)cc1,55
MOL_000057,101-84-8,Diphenyl ether,c1ccc(Oc2ccccc2)cc1,56
MOL_000058,101-85-9,Amylcinnamyl alcohol,CCCCC/C(=C\c1ccccc1)CO,57
MOL_000059,101-86-0,Hexylcinnamaldehyde,CCCCCC/C(C=O)=C\c1ccccc1,58
MOL_000060,101-94-0,para-cresyl phenyl acetate,Cc1ccc(OC(=O)Cc2ccccc2)cc1,59
MOL_000061,101-97-3,Ethyl phenylacetate,CCOC(=O)Cc1ccccc1,60
MOL_000062,10108-80-2,Propylene glycol dipropionate,CCC(=O)OCC(C)OC(=O)CC,61
MOL_000063,10138-32-6,"Bicycloheptenecarboxylic acid, ethyl ester",CCOC(=O)C1CC2C=CC1C2,62
MOL_000064,10138-63-3,Phenethyl lactate,O=C(CCO)OCCc1ccccc1,63
MOL_000065,101417-25-8,Acetyldihydrothiazine,CC(=O)N1CCC=CS1,64
MOL_000066,101452-99-7,Nonyl hexanoate,CCCCCCCCCOC(=O)CCCCC,65
MOL_000067,101517-87-7,Isobutyldimethyldihydrodithiazine,CC(C)CC1(C)C=CSSN1C,66
MOL_000068,10152-76-8,Allyl methyl sulfide,C=CCSC,67
MOL_000069,10152-77-9,Methyl propenyl sulfide,CC=CSC,68
MOL_000070,101853-47-8,Methyl hydroxydecanoate,CCCCCCCCC(O)C(=O)OC,69
MOL_000071,10191-24-9,Hydroxyhexanoic acid,CCCC(O)CC(=O)O,70
MOL_000072,102-04-5,Diphenylpropanone,O=C(Cc1ccccc1)Cc1ccccc1,71
MOL_000073,102-13-6,Isobutyl phenylacetate,CC(C)COC(=O)Cc1ccccc1,72
MOL_000074,102-16-9,Benzyl phenylacetate,O=C(Cc1ccccc1)OCc1ccccc1,73
MOL_000075,102-17-0,Anisyl phenylacetate,COc1ccc(COC(=O)Cc2ccccc2)cc1,74
MOL_000076,102-19-2,Isoamyl phenylacetate,CC(C)CCOC(=O)Cc1ccccc1,75
MOL_000077,102-20-5,Phenethyl phenylacetate,O=C(Cc1ccccc1)OCCc1ccccc1,76
MOL_000078,102-22-7,Geranyl phenylacetate,CC(C)=CCC/C(C)=C/COC(=O)Cc1ccccc1,77
MOL_000079,102-69-2,Tripropylamine,CCCN(CCC)CCC,78
MOL_000080,102-76-1,Acetin,CC(=O)OCC(COC(C)=O)OC(C)=O,79
MOL_000081,102-82-9,Tributylamine,CCCCN(CCCC)CCCC,80
MOL_000082,10203-28-8,Dodecanol,CCCCCCCCCCC(C)O,81
MOL_000083,102322-83-8,(E)-filbertone,C/C=C/C(=O)C(C)CC,82
MOL_000084,1023288-21-2,3-(3-tert-butyl phenyl) propanal,CC(C)(C)c1cccc(CCC=O)c1,83
MOL_000085,10233-13-3,Isopropyl dodecanoate,CCCCCCCCCCCC(=O)OC(C)C,84
MOL_000086,10236-16-5,Phytyl acetate,CC(=O)OC/C=C(\C)CCC[C@H](C)CCC[C@H](C)CCCC(C)C,85
MOL_000087,102369-06-2,Epoxydecanal,CCCCCCCC1OC1C=O,86
MOL_000088,10250-45-0,Dimethylheptyl acetate,CC(=O)OC(CC(C)C)CC(C)C,87
MOL_000089,10276-85-4,Benzyl octanoate,CCCCCCCC(=O)OCc1ccccc1,88
MOL_000090,10297-72-0,Propyl sorbate,C/C=C\C=C\C(=O)OCCC,89
MOL_000091,103-05-9,Methylphenylbutanol,CC(C)(O)CCc1ccccc1,90
MOL_000092,103-07-1,narcissus acetate,CC(=O)OC(C)(C)CCc1ccccc1,91
MOL_000093,103-09-3,Ethylhexyl acetate,CCCCC(CC)COC(C)=O,92
MOL_000094,103-13-9,Methoxystyryl isopropyl ketone,COc1ccc(/C=C\C(=O)C(C)C)cc1,93
MOL_000095,103-25-3,Methyl phenylpropionate,COC(=O)CCc1ccccc1,94
MOL_000096,103-26-4,Methyl cinnamate,COC(=O)/C=C/c1ccccc1,95
MOL_000097,103-28-6,Benzyl isobutyrate,CC(C)C(=O)OCc1ccccc1,96
MOL_000098,103-36-6,Ethyl cinnamate,CCOC(=O)/C=C/c1ccccc1,97
MOL_000099,103-37-7,Benzyl butyrate,CCCC(=O)OCc1ccccc1,98
MOL_000100,103-38-8,Benzyl isovalerate,CC(C)CC(=O)OCc1ccccc1,99
MOL_000101,103-41-3,Benzyl cinnamate,O=C(/C=C/c1ccccc1)OCc1ccccc1,100
MOL_000102,103-45-7,Phenethyl acetate,CC(=O)OCCc1ccccc1,101
MOL_000103,103-48-0,Phenethyl isobutyrate,CC(C)C(=O)OCCc1ccccc1,102
MOL_000104,103-50-4,Dibenzyl ether,c1ccc(COCc2ccccc2)cc1,103
MOL_000105,103-52-6,Phenethyl butyrate,CCCC(=O)OCCc1ccccc1,104
MOL_000106,103-53-7,Phenethyl cinnamate,O=C(/C=C/c1ccccc1)OCCc1ccccc1,105
MOL_000107,103-54-8,Cinnamyl acetate,CC(=O)OC/C=C/c1ccccc1,106
MOL_000108,103-56-0,Cinnamyl propionate,CCC(=O)OC/C=C/c1ccccc1,107
MOL_000109,103-58-2,Phenylpropyl isobutyrate,CC(C)C(=O)OCCCc1ccccc1,108
MOL_000110,103-59-3,Cinnamyl isobutyrate,CC(C)C(=O)OC/C=C/c1ccccc1,109
MOL_000111,103-60-6,Phenoxyethyl isobutyrate,CC(C)C(=O)OCCOc1ccccc1,110
MOL_000112,103-61-7,Cinnamyl butyrate,CCCC(=O)OC/C=C/c1ccccc1,111
MOL_000113,103-64-0,bromstyrol,BrC=Cc1ccccc1,112
MOL_000114,103-73-1,Ethyl phenyl ether,CCOc1ccccc1,113
MOL_000115,103-79-7,Phenylpropanone,CC(=O)Cc1ccccc1,114
MOL_000116,103-82-2,Phenylacetic acid,O=C(O)Cc1ccccc1,115
MOL_000117,103-93-5,Tolyl isobutyrate,Cc1ccc(OC(=O)C(C)C)cc1,116
MOL_000118,103-95-7,Methylisopropylphenylpropionaldehyde,CC(C)c1ccc(C(C)CC=O)cc1,117
MOL_000119,10307-60-5,methyl (S)-2-methyl butyrate,CC[C@H](C)C(=O)OC,118
MOL_000120,10307-61-6,ethyl (S)-2-methyl butyrate,CCOC(=O)[C@@H](C)CC,119
MOL_000121,10316-66-2,Hydroxycyclohexenone,O=C1CCCC=C1O,120
MOL_000122,10321-71-8,Methylpentenoic acid,CC(C)/C=C/C(=O)O,121
MOL_000123,10339-55-6,ethyl linalool,C=CC(C)(O)CC/C=C(\C)CC,122
MOL_000124,10339-61-4,Nonenol,CCCCC/C=C/CCO,123
MOL_000125,10340-23-5,Nonenol,CCCCC/C=C\CCO,124
MOL_000126,10348-47-7,Ethyl hydroxymethylpentanoate,CCOC(=O)C(O)CC(C)C,125
MOL_000127,10352-87-1,Propyl crotonate,C/C=C/C(=O)OCCC,126
MOL_000128,10361-39-4,Benzyl valerate,CCCCC(=O)OCc1ccccc1,127
MOL_000129,103694-68-4,lily propanol,Cc1cccc(CC(C)(C)CO)c1,128
MOL_000130,10380-79-7,Propyl hexenoate,CCC/C=C/C(=O)OCCC,129
MOL_000131,104-09-6,Tolylacetaldehyde,Cc1ccc(CC=O)cc1,130
MOL_000132,104-20-1,Anisyl acetone,COc1ccc(CCC(C)=O)cc1,131
MOL_000133,104-21-2,Anisyl acetate,COc1ccc(COC(C)=O)cc1,132
MOL_000134,104-27-8,Methoxyphenylpentenone,CCC(=O)/C=C/c1ccc(OC)cc1,133
MOL_000135,104-45-0,Propylanisole,CCCc1ccc(OC)cc1,134
MOL_000136,104-46-1,anethol,C/C=C/c1ccc(OC)cc1,135
MOL_000137,104-50-7,Octalactone,CCCCC1CCC(=O)O1,136
MOL_000138,104-53-0,Phenylpropionaldehyde,O=CCCc1ccccc1,137
MOL_000139,104-54-1,Cinnamyl alcohol,OC/C=C\c1ccccc1,138
MOL_000140,104-55-2,Cinnamaldehyde,O=C/C=C/c1ccccc1,139
MOL_000141,104-57-4,Benzyl formate,O=COCc1ccccc1,140
MOL_000142,104-61-0,Nonalactone,CCCCC[C@H]1CCC(=O)O1,141
MOL_000143,104-62-1,Phenethyl formate,O=COCCc1ccccc1,142
MOL_000144,104-64-3,Phenylpropyl formate,O=COCCCc1ccccc1,143
MOL_000145,104-65-4,Cinnamyl formate,O=COC/C=C/c1ccccc1,144
MOL_000146,104-67-6,Undecalactone,CCCCCCC[C@H]1CCC(=O)O1,145
MOL_000147,104-76-7,Ethylhexanol,CCCCC(CC)CO,146
MOL_000148,104-87-0,Tolualdehyde,Cc1ccc(C=O)cc1,147
MOL_000149,104-90-5,Ethylmethylpyridine,CCc1ccc(C)nc1,148
MOL_000150,104-93-8,Methylanisole,COc1ccc(C)cc1,149
MOL_000151,10402-33-2,Eugenyl phenylacetate,C=CCc1ccc(OC(=O)Cc2ccccc2)c(OC)c1,150
MOL_000152,10402-47-8,Geranyl valerate,CCCCC(=O)OC/C=C(\C)CCC=C(C)C,151
MOL_000153,10402-48-9,geranyl methyl tiglate,CC(C)=CCC/C(C)=C/COC(=O)C(C)=C(C)C,152
MOL_000154,10402-52-5,2-phenyl propyl acetate,CC(=O)OCC(C)c1ccccc1,153
MOL_000155,10403-00-6,(R)-muscone,C[C@@H]1CCCCCCCCCCCCC(=O)C1,154
MOL_000156,10411-92-4,cis-woody acetate,CC(=O)O[C@H]1CC[C@@H](C(C)(C)C)CC1,155
MOL_000157,10414-68-3,4-methoxybenzoyl oxyacetic acid,COc1ccc(C(=O)OCC(=O)O)cc1,156
MOL_000158,10415-86-8,Cresyl valerate,CCCCC(=O)Oc1ccc(C)cc1,157
MOL_000159,10415-87-9,Phenylmethylpentanol,CCC(C)(O)CCc1ccccc1,158
MOL_000160,10415-88-0,Phenylbutyl acetate,CC(=O)OC(C)CCc1ccccc1,159
MOL_000161,104228-51-5,Ethyl acetylthiobutyrate,CCOC(=S)C(CC)C(C)=O,160
MOL_000162,10444-50-5,Citral propylene glycol acetal,CC(C)=CCC/C(C)=C/C1OCC(C)O1,161
MOL_000163,104468-21-5,chamomile propionate,C=C(C)CCOC(=O)C(C)(C)C,162
MOL_000164,10448-26-7,Hexyl decanoate,CCCCCCCCCC(=O)OCCCCCC,163
MOL_000165,10461-98-0,peony acetonitrile,N#CC(=C1CCCCC1)c1ccccc1,164
MOL_000166,104691-41-0,peanut dithiazine,CC1NC(C(C)C)SC(C)S1,165
MOL_000167,10471-14-4,Acetaldehyde ethyl methyl acetal,CCOC(C)OC,166
MOL_000168,10471-28-0,Diethyl dodecanedioate,CCOC(=O)CCCCCCCCCCC(=O)OCC,167
MOL_000169,10471-96-2,Linalyl valerate,C=CC(C)(CCC=C(C)C)OC(=O)CCCC,168
MOL_000170,10482-55-0,Isoamyl angelate,C/C=C(/C)C(=O)OCCC(C)C,169
MOL_000171,10482-56-1,(-)-alpha-terpineol,CC1=CC[C@@H](C(C)(C)O)CC1,170
MOL_000172,10482-65-2,Cinnamyl valerate,CCCCC(=O)OC/C=C/c1ccccc1,171
MOL_000173,10482-77-6,citronellyl benzoate,CC(C)=CCCC(C)CCOC(=O)c1ccccc1,172
MOL_000174,10482-79-8,citronellyl cinnamate,CC(C)=CCCC(C)CCOC(=O)/C=C/c1ccccc1,173
MOL_000175,10484-09-0,allyl salicylate,C=CCOC(=O)c1ccccc1O,174
MOL_000176,10484-36-3,Isoeugenol amyl ether,C/C=C/c1ccc(OCCCCC)c(OC)c1,175
MOL_000177,10484-56-7,Naphthyl butyl ether,CCCCOc1ccc2ccccc2c1,176
MOL_000178,10486-14-3,Rhodinyl phenylacetate,C=C(C)CCCC(C)CCOC(=O)Cc1ccccc1,177
MOL_000179,10486-19-8,Tridecanal,CCCCCCCCCCCCC=O,178
MOL_000180,10486-25-6,vetiveryl formate,CC1=CC(OC=O)CC(C)C2CC(=C(C)C)CC12,179
MOL_000181,10486-26-7,vetiveryl propionate,CCC(=O)OC1C=C(C)C2CC(=C(C)C)CC2C(C)C1,180
MOL_000182,104864-90-6,"beta,2,2,3-tetramethyl-delta-methylene-3-cyclopentene-1-butanol",C=C(CC(C)CO)C1CC=C(C)C1(C)C,181
MOL_000183,10493-98-8,2-hydroxy-2-cyclopenten-1-one,O=C1CCC=C1O,182
MOL_000184,104986-28-9,berry hexanoate,CCOC(=O)CCCCCOC(C)=O,183
MOL_000185,105-01-1,Isobutyl furanpropionate,CC(C)COC(=O)CCc1ccco1,184
MOL_000186,105-13-5,Anisyl alcohol,COc1ccc(CO)cc1,185
MOL_000187,105-21-5,Heptalactone,CCCC1CCC(=O)O1,186
MOL_000188,105-30-6,Methylpentanol,CCCC(C)CO,187
MOL_000189,105-37-3,Ethyl propionate,CCOC(=O)CC,188
MOL_000190,105-43-1,Methylpentanoic acid,CCC(C)CC(=O)O,189
MOL_000191,105-45-3,Methyl acetoacetate,COC(=O)CC(C)=O,190
MOL_000192,105-46-4,Butyl acetate,CCC(C)OC(C)=O,191
MOL_000193,105-53-3,Diethyl malonate,CCOC(=O)CC(=O)OCC,192
MOL_000194,105-54-4,Ethyl butyrate,CCCC(=O)OCC,193
MOL_000195,105-57-7,Acetal,CCOC(C)OCC,194
MOL_000196,105-58-8,Diethyl carbonate,CCOC(=O)OCC,195
MOL_000197,105-60-2,Hexalactam,O=C1CCCCCN1,196
MOL_000198,105-66-8,Propyl butyrate,CCCOC(=O)CCC,197
MOL_000199,105-67-9,Xylenol,Cc1ccc(O)c(C)c1,198
MOL_000200,105-68-0,Isoamyl propionate,CCC(=O)OCCC(C)C,199
MOL_000201,105-79-3,Isobutyl hexanoate,CCCCCC(=O)OCC(C)C,200
MOL_000202,105-82-8,Acetaldehyde dipropyl acetal,CCCOC(C)OCCC,201
MOL_000203,105-85-1,Citronellyl formate,CC(C)=CCCC(C)CCOC=O,202
MOL_000204,105-86-2,Geranyl formate,CC(C)=CCC/C(C)=C/COC=O,203
MOL_000205,105-87-3,Geranyl acetate,CC(=O)OC/C=C(\C)CCC=C(C)C,204
MOL_000206,105-89-5,Rhodinyl propionate,C=C(C)CCCC(C)CCOC(=O)CC,205
MOL_000207,105-90-8,Geranyl propionate,CCC(=O)OC/C=C(\C)CCC=C(C)C,206
MOL_000208,105-91-9,Neryl propionate,CCC(=O)OC/C=C(/C)CCC=C(C)C,207
MOL_000209,105-95-3,Ethylene brassylate,O=C1CCCCCCCCCCCC(=O)OCCO1,208
MOL_000210,10519-06-9,butyl para-cresol ether,CCCCOc1ccc(C)cc1,209
MOL_000211,10519-11-6,2-decalinyl acetate,CC(=O)OC1CCC2CCCCC2C1,210
MOL_000212,10519-12-7,2-decalinyl formate,O=COC1CCC2CCCCC2C1,211
MOL_000213,10519-17-2,ethyl decine carbonate,CCCCCCCCC#CC(=O)OCC,212
MOL_000214,10519-20-7,ethyl heptine carbonate,CCCCCC#CC(=O)OCC,213
MOL_000215,10519-33-2,Decenone,CCCCCC/C=C/C(C)=O,214
MOL_000216,10521-91-2,Phenylpentanol,OCCCCCc1ccccc1,215
MOL_000217,10521-96-7,styryl acetate,CC(=O)O/C=C\c1ccccc1,216
MOL_000218,10522-18-6,Methyl undecynoate,CCCCCCCCC#CC(=O)OC,217
MOL_000219,10522-32-4,neryl phenyl acetate,CC(C)=CCC/C(C)=C\COC(=O)Cc1ccccc1,218
MOL_000220,10522-34-6,Nonyl isobutyrate,CCCCCCCCCOC(=O)C(C)C,219
MOL_000221,10544-63-5,ethyl crotonate,CC=CC(=O)OCC,220
MOL_000222,105450-79-1,(Z)-4-octen-1-yl acetate,CCC/C=C\CCCOC(C)=O,221
MOL_000223,105463-44-3,"1-allyl-2,2,7,7-tetramethyl cycloheptanol",C=CCC1(O)C(C)(C)CCCCC1(C)C,222
MOL_000224,10547-84-9,Dimethylpentylfuranone,CCCCCC1C(=O)OC(C)=C1C,223
MOL_000225,105683-99-6,Decenal,CCCC=CCCCCC=O,224
MOL_000226,10580-24-2,Butyl undecanoate,CCCCCCCCCCC(=O)OCCCC,225
MOL_000227,10580-25-3,Citronellyl hexanoate,CCCCCC(=O)OCCC(C)CCC=C(C)C,226
MOL_000228,10588-10-0,Isobutyl valerate,CCCCC(=O)OCC(C)C,227
MOL_000229,10588-15-5,isopulegyl formate,C=C(C)C1CCC(C)CC1OC=O,228
MOL_000230,10599-69-6,Methylpropionylfuran,CCC(=O)c1ccc(C)o1,229
MOL_000231,10599-70-9,Acetyldimethylfuran,CC(=O)c1cc(C)oc1C,230
MOL_000232,106-02-5,Pentadecalactone,O=C1CCCCCCCCCCCCCCO1,231
MOL_000233,106-18-3,Butyl laurate,CCCCCCCCCCCC(=O)OCCCC,232
MOL_000234,106-19-4,Dipropyl adipate,CCCOC(=O)CCCCC(=O)OCCC,233
MOL_000235,106-21-8,Dimethyloctanol,CC(C)CCCC(C)CCO,234
MOL_000236,106-22-9,Citronellol,CC(C)=CCC[C@@H](C)CCO,235
MOL_000237,106-23-0,Citronellal,CC(C)=CCC[C@@H](C)CC=O,236
MOL_000238,106-24-1,Geraniol,CC(C)=CCC/C(C)=C/CO,237
MOL_000239,106-25-2,Nerol,CC(C)=CCC/C(C)=C\CO,238
MOL_000240,106-26-3,Neral,CC(C)=CCC/C(C)=C\C=O,239
MOL_000241,106-27-4,Isoamyl butyrate,CCCC(=O)OCCC(C)C,240
MOL_000242,106-28-5,"(E,E)-farnesol",CC(C)=CCC/C(C)=C/CC/C(C)=C/CO,241
MOL_000243,106-29-6,Geranyl butyrate,CCCC(=O)OC/C=C(\C)CCC=C(C)C,242
MOL_000244,106-30-9,Ethyl heptanoate,CCCCCCC(=O)OCC,243
MOL_000245,106-32-1,Ethyl octanoate,CCCCCCCC(=O)OCC,244
MOL_000246,106-33-2,Ethyl laurate,CCCCCCCCCCCC(=O)OCC,245
MOL_000247,106-35-4,Heptanone,CCCCC(=O)CC,246
MOL_000248,106-36-5,Propyl propionate,CCCOC(=O)CC,247
MOL_000249,106-44-5,Cresol,Cc1ccc(O)cc1,248
MOL_000250,106-65-0,Dimethyl succinate,COC(=O)CCC(=O)OC,249
MOL_000251,106-68-3,Octanone,CCCCCC(=O)CC,250
MOL_000252,106-70-7,Methyl hexanoate,CCCCCC(=O)OC,251
MOL_000253,106-72-9,Dimethylheptenal,CC(C)=CCCC(C)C=O,252
MOL_000254,106-73-0,Methyl heptanoate,CCCCCCC(=O)OC,253
MOL_000255,106-79-6,Dimethyl sebacate,COC(=O)CCCCCCCCC(=O)OC,254
MOL_000256,10602-34-3,Butenal diethyl acetal,C/C=C/C(OCC)OCC,255
MOL_000257,10606-47-0,Heptenol,CCC/C=C/CCO,256
MOL_000258,1064678-08-5,Methylpropyloxathiane,CCCC1(C)CCCOS1,257
MOL_000259,107-02-8,Propenal,C=CC=O,258
MOL_000260,107-03-9,Propanethiol,CCCS,259
MOL_000261,107-10-8,Propylamine,CCCN,260
MOL_000262,107-18-6,Allyl alcohol,C=CCO,261
MOL_000263,107-19-7,propargyl alcohol,C#CCO,262
MOL_000264,107-22-2,Glyoxal,O=CC=O,263
MOL_000265,107-31-3,Methyl formate,COC=O,264
MOL_000266,107-74-4,Hydroxycitronellol,CC(CCO)CCCC(C)(C)O,265
MOL_000267,107-75-5,Hydroxycitronellal,CC(CC=O)CCCC(C)(C)O,266
MOL_000268,107-85-7,Isopentylamine,CC(C)CCN,267
MOL_000269,107-86-8,Methylbutenal,CC(C)=CC=O,268
MOL_000270,107-87-9,Pentanone,CCCC(C)=O,269
MOL_000271,107-92-6,Butyric acid,CCCC(=O)O,270
MOL_000272,107-93-7,(E)-2-butenoic acid,C/C=C/C(=O)O,271
MOL_000273,107-96-0,Mercaptopropionic acid,O=C(O)CCS,272
MOL_000274,107-98-2,Methoxypropanol,COCC(C)O,273
MOL_000275,1070-35-5,Allyl levulinate,C=CCOC(=O)CCC(C)=O,274
MOL_000276,1072-83-9,Acetylpyrrole,CC(=O)c1ccc[nH]1,275
MOL_000277,1073-11-6,Lavender lactone,C=CC1(C)CCC(=O)O1,276
MOL_000278,1073-26-3,Propionylpyrrole,CCC(=O)c1ccc[nH]1,277
MOL_000279,1073-29-6,Methylthiophenol,CSc1ccccc1O,278
MOL_000280,1076-56-8,Thymol methyl ether,COc1cc(C)ccc1C(C)C,279
MOL_000281,107697-91-6,1-octen-3-yl propionate,C=CC(CCCCC)OC(=O)CC,280
MOL_000282,107715-18-4,"bornane-3,1-cyclopenta-2-one",CC12CCC(C3(CCCC3)C1=O)C2(C)C,281
MOL_000283,107797-26-2,(R)-gamma-decalactone,CCCCCC[C@@H]1CCC(=O)O1,282
MOL_000284,107797-27-3,(S)-gamma-decalactone,CCCCCC[C@H]1CCC(=O)O1,283
MOL_000285,1078-95-1,Pinocarvyl acetate,C=C1C(OC(C)=O)CC2CC1C2(C)C,284
MOL_000286,107898-54-4,santol pentenol,CC1=CCC(/C=C/C(C)(C)C(C)O)C1(C)C,285
MOL_000287,1079-01-2,Myrtenyl acetate,CC(=O)OCC1=CCC2CC1C2(C)C,286
MOL_000288,108-10-1,Methylpentanone,CC(=O)CC(C)C,287
MOL_000289,108-11-2,Methylpentanol,CC(C)CC(C)O,288
MOL_000290,108-21-4,Isopropyl acetate,CC(=O)OC(C)C,289
MOL_000291,108-22-5,Isopropenyl acetate,C=C(C)OC(C)=O,290
MOL_000292,108-29-2,Valerolactone,CC1CCC(=O)O1,291
MOL_000293,108-39-4,Cresol,Cc1cccc(O)c1,292
MOL_000294,108-46-3,Resorcinol,Oc1cccc(O)c1,293
MOL_000295,108-47-4,Dimethylpyridine,Cc1ccnc(C)c1,294
MOL_000296,108-48-5,Dimethylpyridine,Cc1cccc(C)n1,295
MOL_000297,108-50-9,Dimethylpyrazine,Cc1cncc(C)n1,296
MOL_000298,108-59-8,Dimethyl malonate,COC(=O)CC(=O)OC,297
MOL_000299,108-64-5,Ethyl isovalerate,CCOC(=O)CC(C)C,298
MOL_000300,108-68-9,Xylenol,Cc1cc(C)cc(O)c1,299
MOL_000301,108-75-8,Trimethylpyridine,Cc1cc(C)nc(C)c1,300
MOL_000302,108-82-7,Dimethylheptanol,CC(C)CC(O)CC(C)C,301
MOL_000303,108-83-8,Dimethylheptanone,CC(C)CC(=O)CC(C)C,302
MOL_000304,108-84-9,Dimethylbutyl acetate,CC(=O)OC(C)CC(C)C,303
MOL_000305,108-89-4,Methylpyridine,Cc1ccncc1,304
MOL_000306,108-93-0,Cyclohexanol,OC1CCCCC1,305
MOL_000307,108-94-1,Cyclohexanone,O=C1CCCCC1,306
MOL_000308,108-95-2,Phenol,Oc1ccccc1,307
MOL_000309,108-98-5,Benzenethiol,Sc1ccccc1,308
MOL_000310,108-99-6,Methylpyridine,Cc1cccnc1,309
MOL_000311,1080-12-2,Vanillylidene acetone,COc1cc(/C=C/C(C)=O)ccc1O,310
MOL_000312,108058-77-1,Propyl octenoate,CCCCCC=CC(=O)OCCC,311
MOL_000313,108499-33-8,Methyl furfurylthioacetate,COC(=S)CCc1ccco1,312
MOL_000314,108861-12-7,(R)-delta-undecalactone,CCCCCC[C@@H]1CCCC(=O)O1,313
MOL_000315,109-05-7,Methylpiperidine,CC1CCCCN1,314
MOL_000316,109-06-8,Methylpyridine,Cc1ccccn1,315
MOL_000317,109-08-0,Methylpyrazine,Cc1cnccn1,316
MOL_000318,109-15-9,Octyl isobutyrate,CCCCCCCCOC(=O)C(C)C,317
MOL_000319,109-19-3,Butyl isovalerate,CCCCOC(=O)CC(C)C,318
MOL_000320,109-20-6,Geranyl isovalerate,CC(C)=CC/C=C(\C)CCOC(=O)CC(C)C,319
MOL_000321,109-21-7,Butyl butyrate,CCCCOC(=O)CCC,320
MOL_000322,109-25-1,Isoamyl heptanoate,CCCCCCC(=O)OCCC(C)C,321
MOL_000323,109-29-5,Dihydroambrettolide,O=C1CCCCCCCCCCCCCCCO1,322
MOL_000324,109-42-2,Butyl undecenoate,C=CCCCCCCCCC(=O)OCCCC,323
MOL_000325,109-43-3,Dibutyl sebacate,CCCCOC(=O)CCCCCCCCC(=O)OCCCC,324
MOL_000326,109-49-9,Hexenone,C=CCCC(C)=O,325
MOL_000327,109-52-4,Valeric acid,CCCCC(=O)O,326
MOL_000328,109-60-4,Propyl acetate,CCCOC(C)=O,327
MOL_000329,109-73-9,Butylamine,CCCCN,328
MOL_000330,109-79-5,Butanethiol,CCCCS,329
MOL_000331,109-80-8,Propanedithiol,SCCCS,330
MOL_000332,109-87-5,Dimethoxymethane,COCOC,331
MOL_000333,109-89-7,Diethylamine,CCNCC,332
MOL_000334,109-94-4,Ethyl formate,CCOC=O,333
MOL_000335,109-95-5,Ethyl nitrite,CCON=O,334
MOL_000336,109-97-7,Pyrrole,c1cc[nH]c1,335
MOL_000337,109537-55-5,Furfurylmethylfuryl disulfide,c1coc(CCSSc2ccco2)c1,336
MOL_000338,109682-87-3,"2-hydroxy-3,4,5-trimethyl-2-cyclopenten-1-one",CC1=C(O)C(=O)C(C)C1C,337
MOL_000339,110-00-9,Furan,c1ccoc1,338
MOL_000340,110-01-0,Tetrahydrothiophene,C1CCSC1,339
MOL_000341,110-02-1,Thiophene,c1ccsc1,340
MOL_000342,110-12-3,Methylhexanone,CC(=O)CCC(C)C,341
MOL_000343,110-13-4,Hexanedione,CC(=O)CCC(C)=O,342
MOL_000344,110-15-6,Succinic acid,O=C(O)CCC(=O)O,343
MOL_000345,110-16-7,Maleic acid,O=C(O)/C=C\C(=O)O,344
MOL_000346,110-17-8,Fumaric acid,O=C(O)/C=C/C(=O)O,345
MOL_000347,110-19-0,Isobutyl acetate,CC(=O)OCC(C)C,346
MOL_000348,110-27-0,Isopropyl myristate,CCCCCCCCCCCCCC(=O)OC(C)C,347
MOL_000349,110-34-9,Isobutyl hexadecanoate,CCCCCCCCCCCCCCCC(=O)OCC(C)C,348
MOL_000350,110-36-1,Butyl myristate,CCCCCCCCCCCCCC(=O)OCCCC,349
MOL_000351,110-38-3,Ethyl decanoate,CCCCCCCCCC(=O)OCC,350
MOL_000352,110-39-4,Octyl butyrate,CCCCCCCCOC(=O)CCC,351
MOL_000353,110-40-7,Diethyl sebacate,CCOC(=O)CCCCCCCCC(=O)OCC,352
MOL_000354,110-41-8,Methylundecanal,CCCCCCCCCC(C)C=O,353
MOL_000355,110-42-9,Methyl decanoate,CCCCCCCCCC(=O)OC,354
MOL_000356,110-43-0,Heptanone,CCCCCC(C)=O,355
MOL_000357,110-45-2,Isoamyl formate,CC(C)CCOC=O,356
MOL_000358,110-58-7,Pentylamine,CCCCCN,357
MOL_000359,110-62-3,Valeraldehyde,CCCCC=O,358
MOL_000360,110-66-7,Pentanethiol,CCCCCS,359
MOL_000361,110-71-4,Monoglyme,COCCOC,360
MOL_000362,110-74-7,Propyl formate,CCCOC=O,361
MOL_000363,110-77-0,Ethyl hydroxyethyl sulfide,CCSCCO,362
MOL_000364,110-81-6,Diethyl disulfide,CCSSCC,363
MOL_000365,110-82-7,Cyclohexane,C1CCCCC1,364
MOL_000366,110-85-0,Piperazine,C1CNCCN1,365
MOL_000367,110-86-1,Pyridine,c1ccncc1,366
MOL_000368,110-89-4,Piperidine,C1CCNCC1,367
MOL_000369,110-93-0,Methylheptenone,CC(=O)CCC=C(C)C,368
MOL_000370,11028-42-5,cedrene,C=C1CC[C@@H]2C13CC[C@@H](C)[C@H](C3)C2(C)C,369
MOL_000371,11031-45-1,santalol,C/C=C/C=C/C=C/C=C/CCCCCCO,370
MOL_000372,110458-85-0,woody heptene,C=C(C)C12CC(CC1CO)C(C)=C2C,371
MOL_000373,11050-62-7,Isojasmone,CC/C=C/CC1=C(C)C(=O)CC1,372
MOL_000374,110516-60-4,ethyl-4-hydroxymethyl-3(2H)-furanone,CCC1OC=C(CO)C1=O,373
MOL_000375,111-06-8,Butyl hexadecanoate,CCCCCCCCCCCCCCCC(=O)OCCCC,374
MOL_000376,111-11-5,Methyl octanoate,CCCCCCCC(=O)OC,375
MOL_000377,111-12-6,Methyl octynoate,CCCCCC#CC(=O)OC,376
MOL_000378,111-13-7,Octanone,CCCCCCC(C)=O,377
MOL_000379,111-14-8,Heptanoic acid,CCCCCCC(=O)O,378
MOL_000380,111-15-9,Ethoxyethyl acetate,CCOCCOC(C)=O,379
MOL_000381,111-26-2,Hexylamine,CCCCCCN,380
MOL_000382,111-27-3,Hexanol,CCCCCCO,381
MOL_000383,111-28-4,Hexadienol,C/C=C/C=C/CO,382
MOL_000384,111-30-8,Glutaraldehyde,O=CCCCC=O,383
MOL_000385,111-31-9,Hexanethiol,CCCCCCS,384
MOL_000386,111-45-5,Propenyloxyethanol,C=CCOCCO,385
MOL_000387,111-47-7,Dipropyl sulfide,CCCSCCC,386
MOL_000388,111-55-7,Ethylene glycol diacetate,CC(=O)OCCOC(C)=O,387
MOL_000389,111-61-5,Ethyl stearate,CCCCCCCCCCCCCCCCCC(=O)OCC,388
MOL_000390,111-62-6,Ethyl oleate,CCCCCCCC/C=C/CCCCCCCC(=O)OCC,389
MOL_000391,111-65-9,Octane,CCCCCCCC,390
MOL_000392,111-66-0,Octene,C=CCCCCCC,391
MOL_000393,111-67-1,Octene,C/C=C\CCCCC,392
MOL_000394,111-70-6,Heptyl alcohol,CCCCCCCO,393
MOL_000395,111-71-7,Heptanal,CCCCCCC=O,394
MOL_000396,111-76-2,Butoxyethanol,CCCCOCCO,395
MOL_000397,111-79-5,Methyl nonenoate,CCCCCC/C=C\C(=O)OC,396
MOL_000398,111-80-8,Methyl nonynoate,CCCCCCC#CC(=O)OC,397
MOL_000399,111-81-9,Methyl undecenoate,C=CCCCCCCCCC(=O)OC,398
MOL_000400,111-82-0,methyl laurate,CCCCCCCCCCCC(=O)OC,399
MOL_000401,111-84-2,Nonane,CCCCCCCCC,400
MOL_000402,111-87-5,Octanol,CCCCCCCCO,401
MOL_000403,111-88-6,Octyl mercaptan,CCCCCCCCS,402
MOL_000404,1113-13-9,Propyl propanethiosulfonate,CCCOS(=O)(=S)CCC,403
MOL_000405,1113-21-9,Geranyl linalool,C=CC(C)(O)CC/C=C(\C)CC/C=C(\C)CCC=C(C)C,404
MOL_000406,1113-60-6,Hydroxyoxopropanoic acid,O=C(O)C(=O)CO,405
MOL_000407,1114-92-7,Butanediol diacetate,CC(=O)OC(C)C(C)OC(C)=O,406
MOL_000408,1115-11-3,tiglaldehyde,CC=C(C)C=O,407
MOL_000409,1117-19-7,Dipropyl malonate,CCCOC(=O)CC(=O)OCCC,408
MOL_000410,1117-55-1,Hexyl octanoate,CCCCCCCC(=O)OCCCCCC,409
MOL_000411,1117-59-5,Hexyl valerate,CCCCCCOC(=O)CCCC,410
MOL_000412,1117-61-9,(R)-(+)-beta-citronellol,CC(C)=CCC[C@@H](C)CCO,411
MOL_000413,1117-65-3,Ethyl octenoate,CCCCC=CCC(=O)OCC,412
MOL_000414,111753-62-9,anisyl propanal / methyl anthranilate schiff's base,COC(=O)c1ccccc1N=CC(C)Cc1ccc(OC)cc1,413
MOL_000415,1118-27-0,Linalyl isovalerate,C=CC(OC(=O)CC(C)C)C(C)CC=C(C)C,414
MOL_000416,1118-39-4,Myrcenyl acetate,C=CC(=C)CCCC(C)(C)OC(C)=O,415
MOL_000417,1118-84-9,Allyl acetoacetate,C=CCOC(=O)CC(C)=O,416
MOL_000418,111879-79-9,(Z)-12-musk decenone,O=C1CCCCCCCCC/C=C\CCCO1,417
MOL_000419,111879-80-2,(E)-12-musk decenone,O=C1CCCCCCCCC/C=C/CCCO1,418
MOL_000420,111879-81-3,(Z)-13-musk decenone,O=C1CCCCCCCCCC/C=C\CCO1,419
MOL_000421,1119-06-8,Hexyl heptanoate,CCCCCCOC(=O)CCCCCC,420
MOL_000422,1119-16-0,Methylpentanal,CC(C)CCC=O,421
MOL_000423,1119-44-4,Heptenone,CCC/C=C/C(C)=O,422
MOL_000424,112-05-0,Nonanoic acid,CCCCCCCCC(=O)O,423
MOL_000425,112-06-1,Heptyl acetate,CCCCCCCOC(C)=O,424
MOL_000426,112-07-2,Butoxyethyl acetate,CCCCOCCOC(C)=O,425
MOL_000427,112-12-9,Undecanone,CCCCCCCCCC(C)=O,426
MOL_000428,112-14-1,Octyl acetate,CCCCCCCCOC(C)=O,427
MOL_000429,112-17-4,Decyl acetate,CCCCCCCCCCOC(C)=O,428
MOL_000430,112-19-6,Undecenyl acetate,C=CCCCCCCCCCOC(C)=O,429
MOL_000431,112-23-2,Heptyl formate,CCCCCCCOC=O,430
MOL_000432,112-30-1,Decanol,CCCCCCCCCCO,431
MOL_000433,112-31-2,Decanal,CCCCCCCCCC=O,432
MOL_000434,112-32-3,Octyl formate,CCCCCCCCOC=O,433
MOL_000435,112-37-8,Undecanoic acid,CCCCCCCCCCC(=O)O,434
MOL_000436,112-38-9,Undecenoic acid,C=CCCCCCCCCC(=O)O,435
MOL_000437,112-39-0,Methyl palmitate,CCCCCCCCCCCCCCCC(=O)OC,436
MOL_000438,112-40-3,Dodecane,CCCCCCCCCCCC,437
MOL_000439,112-41-4,Dodecene,C=CCCCCCCCCCC,438
MOL_000440,112-42-5,Undecyl alcohol,CCCCCCCCCCCO,439
MOL_000441,112-43-6,Undecenol,C=CCCCCCCCCCO,440
MOL_000442,112-44-7,Undecanal,CCCCCCCCCCC=O,441
MOL_000443,112-45-8,Undecenal,C=CCCCCCCCCC=O,442
MOL_000444,112-51-6,Dipentyl disulfide,CCCCCSSCCCCC,443
MOL_000445,112-53-8,Dodecanol,CCCCCCCCCCCCO,444
MOL_000446,112-54-9,Dodecanal,CCCCCCCCCCCC=O,445
MOL_000447,112-55-0,Dodecanethiol,CCCCCCCCCCCCS,446
MOL_000448,112-61-8,Methyl octadecanoate,CCCCCCCCCCCCCCCCCC(=O)OC,447
MOL_000449,112-63-0,Methyl linoleate,CCCCC/C=C\C/C=C\CCCCCCCC(=O)OC,448
MOL_000450,112-66-3,Dodecyl acetate,CCCCCCCCCCCCOC(C)=O,449
MOL_000451,112-70-9,Tridecanol,CCCCCCCCCCCCCO,450
MOL_000452,112-72-1,Myristyl alcohol,CCCCCCCCCCCCCCO,451
MOL_000453,112-80-1,Oleic acid,CCCCCCCC/C=C/CCCCCCCC(=O)O,452
MOL_000454,112-92-5,Stearyl alcohol,CCCCCCCCCCCCCCCCCCO,453
MOL_000455,112-95-8,Eicosane,CCCCCCCCCCCCCCCCCCCC,454
MOL_000456,1120-21-4,Undecane,CCCCCCCCCCC,455
MOL_000457,1121-05-7,Dimethylcyclopentenone,CC1=C(C)C(=O)CC1,456
MOL_000458,1122-62-9,Acetylpyridine,CC(=O)c1ccccn1,457
MOL_000459,1123-85-9,Methylphenethyl alcohol,CC(CO)c1ccccc1,458
MOL_000460,1124-11-4,Tetramethylpyrazine,Cc1nc(C)c(C)nc1C,459
MOL_000461,1125-12-8,beta-thujone,CC1C(=O)CC2(C(C)C)CC12,460
MOL_000462,1125-21-9,Trimethylcyclohexenedione,CC1=CC(=O)CC(C)(C)C1=O,461
MOL_000463,1125-88-8,Benzaldehyde dimethyl acetal,COC(OC)c1ccccc1,462
MOL_000464,1126-79-0,butyl phenyl ether,CCCCOc1ccccc1,463
MOL_000465,1128-08-1,Dihydrojasmone,CCCCCC1=C(C)CCC1=O,464
MOL_000466,1129-47-1,Cyclohexyl isobutyrate,CC(C)C(=O)OC1CCCCC1,465
MOL_000467,1129-67-5,3-cyclohexyl propyl formate,O=COCCCC1CCCCC1,466
MOL_000468,1129-69-7,Hexylpyridine,CCCCCCc1ccccn1,467
MOL_000469,1131-62-0,Dimethoxyacetophenone,COc1ccc(C(C)=O)cc1OC,468
MOL_000470,113486-29-6,Methylnonanedione,CCCCCCC(=O)C(=O)CC,469
MOL_000471,1135-66-6,Isolongifolene,CC1(C)C2=CCCC(C)(C)C23CCC1C3,470
MOL_000472,113889-23-9,fruity butanate,CCCC(=O)OC1C=CC2C3CCC(C3)C12,471
MOL_000473,1139-30-6,Caryophyllene oxide,C=C1CCC2OC2(C)CCC2C1CC2(C)C,472
MOL_000474,114099-96-6,Furaneyl butyrate,CCCC(=O)Oc1ccco1,473
MOL_000475,1142-85-4,Terpinyl isovalerate,CC1=CCC(C(C)(C)OC(=O)CC(C)C)CC1,474
MOL_000476,114791-16-1,"cadina-1,4-dien-3-ol",CC1=CC2C(=CC1O)C(C)CCC2C(C)C,475
MOL_000477,115-18-4,Methylbutenol,C=CC(C)(C)O,476
MOL_000478,115-71-9,Santalol,C/C(=C/CCC1(C)C2CC3C(C2)C31C)CO,477
MOL_000479,115-95-7,Linalyl acetate,C=CC(C)(CCC=C(C)C)OC(C)=O,478
MOL_000480,115-99-1,Linalyl formate,C=CC(C)(CCC=C(C)C)OC=O,479
MOL_000481,1153-51-1,"(3alpha,5alpha)-androst-16-en-3-ol",C[C@]12CC[C@@H](O)C[C@@H]1CC[C@@H]1[C@@H]2CC[C@]2(C)C=CC[C@@H]12,480
MOL_000482,115422-59-8,Isoeugenyl butyl ether,CC=Cc1ccc(OCCCC)c(OC)c1,481
MOL_000483,115724-27-1,damascate,CC(=O)OC1CCC(C)CC1C(C)(C)C,482
MOL_000484,115869-76-6,Menthyl hydroxybutyrate,CCC(O)C(=O)OC1CC(C)CCC1C(C)C,483
MOL_000485,116-02-9,Trimethylcyclohexanol,CC1CC(O)CC(C)(C)C1,484
MOL_000486,116-09-6,Acetol,CC(=O)CO,485
MOL_000487,116-26-7,Safranal,CC1=C(C=O)C(C)(C)CC=C1,486
MOL_000488,116-53-0,Methylbutyric acid,CCC(C)C(=O)O,487
MOL_000489,116-66-5,moskene (Givaudan),Cc1c([N+](=O)[O-])cc2c(c1[N+](=O)[O-])C(C)(C)CC2(C)C,488
MOL_000490,116505-60-3,Dimethylpyrrolidinodithiazine,CC1=C(C)C(N2CCCC2)=NSS1,489
MOL_000491,116854-43-4,Methyldodecanal,CC[C@@H](C)CCCCCCCCC=O,490
MOL_000492,116963-97-4,Undecatetraene,C=CC=CC=CC=CCCC,491
MOL_000493,117-98-6,Vetiveryl acetate,CC(=O)OC1C=C(C)C2CC(=C(C)C)CC2C(C)C1,492
MOL_000494,117013-33-9,Ethylthiobutanol,CCCC(O)SCC,493
MOL_000495,117933-89-8,amber dioxane,CCC(C)C1(C)COC(C2CCC(C)=CC2C)OC1,494
MOL_000496,118-55-8,Phenyl salicylate,O=C(Oc1ccccc1)c1ccccc1O,495
MOL_000497,118-56-9,Homosalate,CC1CC(OC(=O)c2ccccc2O)CC(C)(C)C1,496
MOL_000498,118-58-1,Benzyl salicylate,O=C(OCc1ccccc1)c1ccccc1O,497
MOL_000499,118-60-5,Ethylhexyl salicylate,CCCCC(CC)COC(=O)c1ccccc1O,498
MOL_000500,118-61-6,Ethyl salicylate,CCOC(=O)c1ccccc1O,499
MOL_000501,118-65-0,Isocaryophyllene,C=C1CC/C=C(/C)CC[C@@H]2[C@@H]1CC2(C)C,500
MOL_000502,118-71-8,Maltol,Cc1occc(=O)c1O,501
MOL_000503,118-72-9,Dimethylthiophenol,Cc1cccc(C)c1S,502
MOL_000504,118-93-4,Hydroxyacetophenone,CC(=O)c1ccccc1O,503
MOL_000505,1184-78-7,Trimethylamine oxide,C[N+](C)(C)[O-],504
MOL_000506,118562-73-5,hydroxyambran,CC(CO)C1CCCCCCCCCCC1,505
MOL_000507,118686-45-6,Diallyl pentasulfide,C=CCSSSSSCC=C,506
MOL_000508,1188-02-9,Methylheptanoic acid,CCCCC[C@@H](C)C(=O)O,507
MOL_000509,118869-62-8,Butyl hexenoate,CC/C=C/CC(=O)OCCCC,508
MOL_000510,1189-09-9,Methyl geranate,COC(=O)/C=C(\C)CCC=C(C)C,509
MOL_000511,119-36-8,Methyl salicylate,COC(=O)c1ccccc1O,510
MOL_000512,119-53-9,Benzoin,O=C(c1ccccc1)C(O)c1ccccc1,511
MOL_000513,119-61-9,Benzophenone,O=C(c1ccccc1)c1ccccc1,512
MOL_000514,119-65-3,Isoquinoline,c1ccc2cnccc2c1,513
MOL_000515,119-84-6,Dihydrocoumarin,O=C1CCc2ccccc2O1,514
MOL_000516,1191-03-3,Methyl decadienoate,CCCCCC=CC=CC(=O)OC,515
MOL_000517,1191-04-4,Hexenoic acid,CCC/C=C/C(=O)O,516
MOL_000518,1191-08-8,Butanedithiol,SCCCCS,517
MOL_000519,1191-16-8,Prenyl acetate,CC(=O)OCC=C(C)C,518
MOL_000520,1191-41-9,Ethyl linolenate,CC/C=C/C/C=C/C/C=C/CCCCCCCC(=O)OCC,519
MOL_000521,1191-43-1,Hexanedithiol,SCCCCCCS,520
MOL_000522,1191-62-4,Octanedithiol,SCCCCCCCCS,521
MOL_000523,1192-58-1,Methylformylpyrrole,Cn1cccc1C=O,522
MOL_000524,1192-62-7,Furylmethylketone,CC(=O)c1ccco1,523
MOL_000525,1192-79-6,Formylmethylpyrrole,Cc1ccc(C=O)[nH]1,524
MOL_000526,1193-11-9,Trimethyloxacyclopentane,CC1COC(C)(C)O1,525
MOL_000527,1193-18-6,Methylcyclohexenone,CC1=CC(=O)CCC1,526
MOL_000528,1193-79-9,Acetylmethylfuran,CC(=O)c1ccc(C)o1,527
MOL_000529,1193-81-3,Cyclohexylethanol,CC(O)C1CCCCC1,528
MOL_000530,1195-09-1,Methylguaiacol,COc1ccc(C)cc1O,529
MOL_000531,1195-32-0,Dimethylstyrene,C=C(C)c1ccc(C)cc1,530
MOL_000532,1195-79-5,Fenchone (no enantiomer specified),CC12CCC(C1)C(C)(C)C2=O,531
MOL_000533,1195-92-2,Limonene oxide,C=C(C)C1CCC2(C)OC2C1,532
MOL_000534,1196-01-6,laevo-verbenone,CC1=CC(=O)[C@H]2C[C@@H]1C2(C)C,533
MOL_000535,1196-22-1,Cyclotene acetate,CC(=O)OC1=C(C)CCC1=O,534
MOL_000536,1197-01-9,Cymenol,Cc1ccc(C(C)(C)O)cc1,535
MOL_000537,1197-06-4,cis-carveol,C=C(C)[C@@H]1CC=C(C)[C@H](O)C1,536
MOL_000538,1197-07-5,trans-carveol,C=C(C)[C@H]1CC=C(C)[C@H](O)C1,537
MOL_000539,1197-15-5,Menthadienal,CC1=CC(C=O)=C(C(C)C)CC1,538
MOL_000540,1197-20-2,Methylfurylpropanedione,CC(=O)C(=O)c1ccc(C)o1,539
MOL_000541,120-11-6,Isoeugenyl benzyl ether,C/C=C\c1ccc(OCc2ccccc2)c(OC)c1,540
MOL_000542,120-14-9,Veratraldehyde,COc1ccc(C=O)cc1OC,541
MOL_000543,120-24-1,Isoeugenyl phenylacetate,C/C=C/c1ccc(OC(=O)Cc2ccccc2)c(OC)c1,542
MOL_000544,120-25-2,Ethoxymethoxybenzaldehyde,CCOc1ccc(C=O)cc1OC,543
MOL_000545,120-45-6,Styrallyl propanoate,CCC(=O)OC(C)c1ccccc1,544
MOL_000546,120-50-3,Isobutyl benzoate,CC(C)COC(=O)c1ccccc1,545
MOL_000547,120-51-4,Benzyl benzoate,O=C(OCc1ccccc1)c1ccccc1,546
MOL_000548,120-57-0,Piperonal,O=Cc1ccc2c(c1)OCO2,547
MOL_000549,120-58-1,isosafrole,CC=Cc1ccc2c(c1)OCO2,548
MOL_000550,120-72-9,Indole,c1ccc2[nH]ccc2c1,549
MOL_000551,120-74-1,5-norbornene-2-carboxylic acid,O=C(O)C1CC2C=CC1C2,550
MOL_000552,120-75-2,Methylbenzothiazole,Cc1nc2ccccc2s1,551
MOL_000553,120-80-9,Catechol,Oc1ccccc1O,552
MOL_000554,120-92-3,Cyclopentanone,O=C1CCCC1,553
MOL_000555,120-94-5,Methylpyrrolidine,CN1CCCC1,554
MOL_000556,1200-67-5,Isobornyl formate,CC1(C)C2CCC1(C)[C@@H](OC=O)C2,555
MOL_000557,1205-17-0,Helional®,CC(C=O)Cc1ccc2c(c1)OCO2,556
MOL_000558,1205-42-1,Carvyl acetate,C=C(C)[C@@H]1CC=C(C)[C@H](OC(C)=O)C1,557
MOL_000559,120811-92-9,(3-methoxy-2-methyl propyl) benzene,COCC(C)Cc1ccccc1,558
MOL_000560,1209-61-6,tobacarol (IFF),CC1CCC2OC2(C)CCC2C1CC2(C)C,559
MOL_000561,121-32-4,Ethyl vanillin,CCOc1cc(C=O)ccc1O,560
MOL_000562,121-33-5,Vanillin,COc1cc(C=O)ccc1O,561
MOL_000563,121-34-6,Vanillic acid,COc1cc(C(=O)O)ccc1O,562
MOL_000564,121-39-1,Ethyl phenylglycidate,CCOC(=O)C1OC1c1ccccc1,563
MOL_000565,121-44-8,Triethylamine,CCN(CC)CC,564
MOL_000566,121-79-9,Propyl gallate,CCCOC(=O)c1cc(O)c(O)c(O)c1,565
MOL_000567,121-97-1,para-methoxypropiophenone,CCC(=O)c1ccc(OC)cc1,566
MOL_000568,121-98-2,Methyl anisate,COC(=O)c1ccc(OC)cc1,567
MOL_000569,121052-28-6,Dodecenal,CCC/C=C/CCCCCCC=O,568
MOL_000570,1211-29-6,(Z)-methyl epi-jasmonate,CC/C=C\C[C@H]1C(=O)CC[C@@H]1CC=O,569
MOL_000571,121199-28-8,perillaldehyde propylene glycol acetal,C=C(C)C1CC=C(C2OCC(C)O2)CC1,570
MOL_000572,121312-01-4,Ethyl acetoxyoctanoate,CCCCCCC(OC(C)=O)C(=O)OCC,571
MOL_000573,121432-33-5,Hexenyl anisate,CCCCC=COC(=O)c1ccc(OC)cc1,572
MOL_000574,122-00-9,Methylacetophenone,CC(=O)c1ccc(C)cc1,573
MOL_000575,122-03-2,Cuminaldehyde,CC(C)c1ccc(C=O)cc1,574
MOL_000576,122-40-7,Amylcinnamaldehyde,CCCCC/C(C=O)=C/c1ccccc1,575
MOL_000577,122-43-0,Butyl phenylacetate,CCCCOC(=O)Cc1ccccc1,576
MOL_000578,122-44-1,phenyl propyl phenyl acetate,O=C(Cc1ccccc1)OCCCc1ccccc1,577
MOL_000579,122-45-2,Octyl phenylacetate,CCCCCCCCOC(=O)Cc1ccccc1,578
MOL_000580,122-46-3,meta-cresyl acetate,CC(=O)Oc1cccc(C)c1,579
MOL_000581,122-48-5,Zingerone,COc1cc(CCC(C)=O)ccc1O,580
MOL_000582,122-51-0,Triethoxymethane,CCOC(OCC)OCC,581
MOL_000583,122-57-6,Phenylbutenone,CC(=O)/C=C/c1ccccc1,582
MOL_000584,122-59-8,Phenoxyacetic acid,O=C(O)COc1ccccc1,583
MOL_000585,122-63-4,Benzyl propionate,CCC(=O)OCc1ccccc1,584
MOL_000586,122-67-8,Isobutyl cinnamate,CC(C)COC(=O)/C=C/c1ccccc1,585
MOL_000587,122-68-9,Phenylpropyl cinnamate,O=C(/C=C\c1ccccc1)OCCCc1ccccc1,586
MOL_000588,122-69-0,Cinnamyl cinnamate,O=C(/C=C/c1ccccc1)OC/C=C/c1ccccc1,587
MOL_000589,122-70-3,Phenethyl propionate,CCC(=O)OCCc1ccccc1,588
MOL_000590,122-71-4,Acetaldehyde diphenethyl acetal,CC(OCCc1ccccc1)OCCc1ccccc1,589
MOL_000591,122-72-5,Phenylpropyl acetate,CC(=O)OCCCc1ccccc1,590
MOL_000592,122-73-6,gardenia oxide,CC(C)CCOCc1ccccc1,591
MOL_000593,122-74-7,Phenylpropyl propionate,CCC(=O)OCCCc1ccccc1,592
MOL_000594,122-78-1,Phenylacetaldehyde,O=CCc1ccccc1,593
MOL_000595,122-79-2,Phenyl acetate,CC(=O)Oc1ccccc1,594
MOL_000596,122-84-9,Methoxyphenylpropanone,COc1ccc(CC(C)=O)cc1,595
MOL_000597,122-91-8,Anisyl formate,COc1ccc(COC=O)cc1,596
MOL_000598,122-97-4,Phenylpropanol,OCCCc1ccccc1,597
MOL_000599,122-99-6,Phenoxyethanol,OCCOc1ccccc1,598
MOL_000600,122152-29-8,Dimethyldithiolaneone,CC1(C)CSSC1=O,599
MOL_000601,1222-05-5,musk gx 50% in IPM,CC1COCc2cc3c(cc21)C(C)(C)C(C)C3(C)C,600
MOL_000602,122397-96-0,glucoethyl vanillin,CCO[C@@H]1O[C@H](CO)[C@@H](O)[C@H](O)[C@H]1O.COc1cc(C=O)ccc1O,601
MOL_000603,122440-59-9,"(+)-(E,S)-filbertone",C/C=C/C(=O)[C@@H](C)CC,602
MOL_000604,12262-03-2,Isoamyl undecylenate,CCCC/C=C/CCCCC(=O)OCCC(C)C,603
MOL_000605,1227-51-6,delta-octadecalactone,CCCCCCCCCCCCCC1CCCC(=O)O1,604
MOL_000606,122795-41-9,herbal heptane,CCC1CC2CC1CC2OC,605
MOL_000607,122861-78-3,Methyldithiopropanone,CSSCC(C)=O,606
MOL_000608,123-05-7,Ethylhexanal,CCCCC(C=O)CC,607
MOL_000609,123-07-9,Ethylphenol,CCc1ccc(O)cc1,608
MOL_000610,123-08-0,Hydroxybenzaldehyde,O=Cc1ccc(O)cc1,609
MOL_000611,123-11-5,Anisaldehyde: p-Anisaldehyde,COc1ccc(C=O)cc1,610
MOL_000612,123-15-9,Methylpentanal,CCCC(C)C=O,611
MOL_000613,123-19-3,Heptanone,CCCC(=O)CCC,612
MOL_000614,123-25-1,Diethyl succinate,CCOC(=O)CCC(=O)OCC,613
MOL_000615,123-29-5,Ethyl nonanoate,CCCCCCCCC(=O)OCC,614
MOL_000616,123-32-0,Dimethylpyrazine,Cc1cnc(C)cn1,615
MOL_000617,123-35-3,myrcene,C=CC(=C)CCC=C(C)C,616
MOL_000618,123-38-6,Propionaldehyde,CCC=O,617
MOL_000619,123-42-2,Hydroxymethylpentanone,CC(=O)CC(C)(C)O,618
MOL_000620,123-51-3,Isoamyl alcohol,CC(C)CCO,619
MOL_000621,123-63-7,Paraldehyde,CC1OC(C)OC(C)O1,620
MOL_000622,123-66-0,Ethyl hexanoate,CCCCCC(=O)OCC,621
MOL_000623,123-68-2,Allyl hexanoate,C=CCOC(=O)CCCCC,622
MOL_000624,123-69-3,Ambrettolide,O=C1CCCCC/C=C\CCCCCCCCO1,623
MOL_000625,123-72-8,Butyraldehyde,CCCC=O,624
MOL_000626,123-73-9,Butenal,C/C=C/C=O,625
MOL_000627,123-75-1,pyrrolidine,C1CCNC1,626
MOL_000628,123-76-2,Levulinic acid,CC(=O)CCC(=O)O,627
MOL_000629,123-79-5,Dioctyl adipate (so called),CCCCCCCCOC(=O)CCCCC(=O)OCCCCCCCC,628
MOL_000630,123-86-4,Butyl acetate,CCCCOC(C)=O,629
MOL_000631,123-92-2,Isoamyl acetate,CC(=O)OCCC(C)C,630
MOL_000632,123-95-5,Butyl stearate,CCCCCCCCCCCCCCCCCC(=O)OCCCC,631
MOL_000633,123-96-6,Octanol,CCCCCCC(C)O,632
MOL_000634,123-99-9,Nonanedioic acid,O=C(O)CCCCCCCC(=O)O,633
MOL_000635,124-04-9,Adipic acid,O=C(O)CCCCC(=O)O,634
MOL_000636,124-06-1,Ethyl myristate,CCCCCCCCCCCCCC(=O)OCC,635
MOL_000637,124-07-2,Octanoic acid,CCCCCCCC(=O)O,636
MOL_000638,124-10-7,Methyl myristate,CCCCCCCCCCCCCC(=O)OC,637
MOL_000639,124-11-8,Nonene,C=CCCCCCCC,638
MOL_000640,124-12-9,octane nitrile,CCCCCCCC#N,639
MOL_000641,124-13-0,Octanal,CCCCCCCC=O,640
MOL_000642,124-18-5,Decane,CCCCCCCCCC,641
MOL_000643,124-19-6,Nonanal,CCCCCCCCC=O,642
MOL_000644,124-25-4,Myristaldehyde,CCCCCCCCCCCCCC=O,643
MOL_000645,124-40-3,Dimethylamine,CNC,644
MOL_000646,124-76-5,Isoborneol,CC1(C)[C@H]2CC[C@@]1(C)[C@H](O)C2,645
MOL_000647,124071-42-7,"(E)-3,12-tridecadiene nitrile",C=CCCCCCCC/C=C/CC#N,646
MOL_000648,1247790-47-1,"3,6-dimethylheptan-2-ol",CC(C)CCC(C)C(C)O,647
MOL_000649,124918-65-6,(R)-4-methyl nonanoic acid,CCCCC[C@@H](C)CCC(=O)O,648
MOL_000650,125-12-2,Isobornyl acetate,CC(=O)O[C@H]1C[C@H]2CC[C@@]1(C)C2(C)C,649
MOL_000651,125037-13-0,alpha-farnesene isomer,C=CC(C)=CCC=C(C)CCC=C(C)C,650
MOL_000652,125109-84-4,3-(3-propen-2-yl phenyl) butanal,C=C(C)c1cccc(C(C)CC=O)c1,651
MOL_000653,125109-85-5,floral butanal,CC(C)c1cccc(C(C)CC=O)c1,652
MOL_000654,1256932-15-6,Methylthiodecanal,CCCCCCCCC(C=O)SC,653
MOL_000655,126-64-7,Linalyl benzoate,C=CC(C)(CCC=C(C)C)OC(=O)c1ccccc1,654
MOL_000656,126-90-9,dextro-linalool,C=C[C@@](C)(O)CCC=C(C)C,655
MOL_000657,126-91-0,laevo-linalool,C=C[C@](C)(O)CCC=C(C)C,656
MOL_000658,127-17-3,Pyruvic acid,CC(=O)C(=O)O,657
MOL_000659,127-41-3,Ionone,CC(=O)/C=C/C1C(C)=CCCC1(C)C,658
MOL_000660,127-42-4,(E)-alpha-methyl ionone (74-80%),CCC(=O)/C=C/C1C(C)=CCCC1(C)C,659
MOL_000661,127-43-5,Methylionone,CCC(=O)/C=C/C1=C(C)CCCC1(C)C,660
MOL_000662,127-51-5,Methylionone,CC(=O)/C(C)=C\C1C(C)=CCCC1(C)C,661
MOL_000663,127-91-3,Pinene,C=C1CCC2CC1C2(C)C,662
MOL_000664,1271488-66-4,methyl trans-3-oxo-2-pentyl cyclopentane carboxylate,CCCCC[C@@H]1C(=O)CC[C@H]1C(=O)OC,663
MOL_000665,127248-84-4,Propanal ethyl methyl acetal,CCOC(CC)OC,664
MOL_000666,127793-88-8,Methyldecanal,CCC(C)CCCCCCC=O,665
MOL_000667,127931-21-9,Isobutyl methylthiobutyrate,CCC(C)C(=S)OCC(C)C,666
MOL_000668,128-37-0,butylated hydroxytoluene,Cc1cc(C(C)(C)C)c(O)c(C(C)(C)C)c1,667
MOL_000669,128-44-9,"Saccharine, sodium salt",O=C1NS(=O)(=O)c2ccccc21,668
MOL_000670,128-50-7,Nopol,CC1(C)C2CC=C(CCO)C1C2,669
MOL_000671,128-51-8,Nopyl acetate,CC(=O)OCCC1=CCC2CC1C2(C)C,670
MOL_000672,128119-70-0,woody propanol,CC(CO)COC1CC2CCC1(C)C2(C)C,671
MOL_000673,128342-71-2,(R)-4-methyl octanoic acid,CCCC[C@@H](C)CCC(=O)O,672
MOL_000674,128342-72-3,(S)-4-methyl nonanoic acid,CCCCC[C@H](C)CCC(=O)O,673
MOL_000675,129319-15-9,dihydrogalangal acetate,CCC(OC(C)=O)c1ccc(OC(C)=O)cc1,674
MOL_000676,130-95-0,quinine,C=C[C@H]1CN2CC[C@H]1C[C@H]2[C@H](O)c1ccnc2ccc(OC)cc12,675
MOL_000677,13002-08-9,Acetaldehyde diamyl acetal,CCCCCOC(C)OCCCCC,676
MOL_000678,13002-09-0,Acetaldehyde di-isoamyl acetal,CC(C)CCOC(C)OCCC(C)C,677
MOL_000679,13002-11-4,Propanal di-isobutyl acetal,CCC(OCC(C)C)OCC(C)C,678
MOL_000680,13019-16-4,Hexylidenehexanal,CCCCC/C=C(/C=O)CCCC,679
MOL_000681,13019-19-7,Methylheptenol,CCCCCC=C(C)O,680
MOL_000682,13019-20-0,Methylheptanone,CCCCC(=O)C(C)C,681
MOL_000683,13019-22-2,Decenol,C=CCCCCCCCCO,682
MOL_000684,13049-88-2,Nonenyl acetate,CCCCC/C=C\CCOC(C)=O,683
MOL_000685,13051-48-4,Isobutyl pyruvate,CC(=O)C(=O)OCC(C)C,684
MOL_000686,13058-12-3,Ethyl geranate,CCOC(=O)/C=C(\C)CCC=C(C)C,685
MOL_000687,13074-63-0,tetrahydrojasmone,CCCCCC1C(=O)CCC1C,686
MOL_000688,13074-65-2,Hexylcyclopentanone,CCCCCCC1CCCC1=O,687
MOL_000689,130786-09-3,salicynile (Firmenich),CCC/C=C(/C#N)c1ccccc1,688
MOL_000690,13109-70-1,Bornyl butyrate,CCCC(=O)O[C@H]1C[C@H]2CC[C@@]1(C)C2(C)C,689
MOL_000691,13112-63-5,Isobutanal diisopentyl acetal,CC(C)CCOC(OCCC(C)C)C(C)C,690
MOL_000692,13112-65-7,Valeraldehyde dibutyl acetal,CCCCOC(CCCC)OCCCC,691
MOL_000693,1314926-27-6,2-acetyl-2-pyrroline,CC(=O)C1=CCCN1,692
MOL_000694,1315251-11-6,"6,7,8,9-tetrahydro-7,7,8,9,9-pentamethyl-5H-cyclopenta[H]quinazoline",C[C@H]1C(C)(C)C2=C(c3ncncc3CC2)C1(C)C,693
MOL_000695,13162-46-4,Undecadienal,CCCCCC/C=C/C=C/C=O,694
MOL_000696,13171-00-1,musk dimethyl indane,CC(=O)c1cc(C(C)(C)C)cc2c1CCC2(C)C,695
MOL_000697,131766-73-9,clary propyl acetate,CCCC1CC(C)(OC(C)=O)CCO1,696
MOL_000698,131812-67-4,woody dioxolane,CC1COC(C)(c2ccc3c(c2)C(C)(C)CCC3(C)C)O1,697
MOL_000699,13184-86-6,Vanillyl ethyl ether,CCOCc1ccc(O)c(OC)c1,698
MOL_000700,1319-88-6,Benzaldehyde glyceryl acetal,OCC(O)/C(O)=C/c1ccccc1,699
MOL_000701,1321-30-8,Ethyl aconitate (mixed esters),CCOC(=O)C/C(=C/C(=O)O)C(=O)O,700
MOL_000702,1321-89-7,isodecanal,CC(C)CCCCCCC=O,701
MOL_000703,13215-88-8,Megastigmatrienone,C/C=C/C=C1\C(C)=CC(=O)CC1(C)C,702
MOL_000704,1322-17-4,jasmin acetate,CCCCCCC(CCOC(C)=O)OC(C)=O.CCCCCCC(O)CCO,703
MOL_000705,1322-58-3,floral undecenone,CC(=O)/C=C/CC(C)CCCC(C)C,704
MOL_000706,1323-75-7,santalyl phenyl acetate,C=C1C2CCC(C2)C1(C)CCC=C(C)COC(=O)Cc1ccccc1,705
MOL_000707,13238-84-1,Diethylpyrazine,CCc1cnc(CC)cn1,706
MOL_000708,13246-52-1,Ethyl dioxohexanoate,CCOC(=O)C(=O)CC(=O)CC,707
MOL_000709,13254-34-7,Dimethylheptanol,CC(C)CCCC(C)(C)O,708
MOL_000710,13257-44-8,2-nonyn-1-al dimethyl acetal,CCCCCCC#CC(OC)OC,709
MOL_000711,13262-24-3,Isobutanal diisobutyl acetal,CC(C)COC(OCC(C)C)C(C)C,710
MOL_000712,13262-27-6,Valeraldehyde diisobutyl acetal,CCCCC(OCC(C)C)OCC(C)C,711
MOL_000713,132735-95-6,4-ethyl heptanoic acid,CCCC(CC)CCC(=O)O,712
MOL_000714,13285-51-3,Isovaleraldehyde diisoamyl acetal,CC(C)CCOC(CC(C)C)OCCC(C)C,713
MOL_000715,133-18-6,phenethyl anthranilate,Nc1ccccc1C(=O)OCCc1ccccc1,714
MOL_000716,133-37-9,"Tartaric acid (d-, l-, dl-, meso)",O=C(O)C(O)C(O)C(=O)O,715
MOL_000717,1331-12-0,Propylene glycol monoacetate,CC(=O)OCC(C)O,716
MOL_000718,13327-56-5,Ethyl methylthiopropionate,CCOC(=O)CCSC,717
MOL_000719,1333-49-9,tetrahydrogeraniol,CC(C)CCCC(C)CCO,718
MOL_000720,1333-53-5,4-isopropyl quinoline,CC(C)c1ccnc2ccccc12,719
MOL_000721,1333-58-0,isobutyl quinoline,CC(C)Cc1ccnc2ccccc12,720
MOL_000722,1334-76-5,methyl furoate,COC(=O)c1ccoc1,721
MOL_000723,1334-82-3,Amyl furoate,CCCCCOC(=O)c1ccco1,722
MOL_000724,13341-72-5,Mintlactone,CC1=C2CCC(C)CC2OC1=O,723
MOL_000725,133447-37-7,Propionylpyrroline,CCC(=O)N1C=CCC1,724
MOL_000726,1335-44-0,homocuminic aldehyde,CC(C)c1cccc(CC=O)c1,725
MOL_000727,1335-46-2,Methyl ionone (isomers not specified  - see comments),CCC(=O)/C=C/C1C(C)=CCCC1(C)C,726
MOL_000728,13351-61-6,muguet propanol,CC(C)(CO)Cc1ccccc1,727
MOL_000729,13360-64-0,Ethylmethylpyrazine,CCc1cnc(C)cn1,728
MOL_000730,13360-65-1,Ethyldimethylpyrazine,CCc1nc(C)cnc1C,729
MOL_000731,1337-83-3,undecenal mixture (aldehyde C-11 mixed),CC=CCCCCCCCC=O,730
MOL_000732,1338-41-6,Sorbitan monostearate,CCCCCCCCCCCCCCCCCC(=O)OCC(O)[C@H]1OC[C@@H](O)[C@@H]1O,731
MOL_000733,133860-42-1,Hydroxymethylthienylethanone,O=C(CCO)c1cccs1,732
MOL_000734,1339119-15-1,"octahydro-4,7-methano-1H-indene-5-acetaldehyde",O=CCC1CC2CC1C1CCCC21,733
MOL_000735,134-09-8,menthyl anthranilate,CC1CCC(C(C)C)C(OC(=O)c2ccccc2N)C1,734
MOL_000736,134-20-3,Methyl anthranilate,COC(=O)c1ccccc1N,735
MOL_000737,134-28-1,Guaiol acetate,CC(=O)OC(C)(C)[C@@H]1CC[C@H](C)C2=C(C1)[C@@H](C)CC2,736
MOL_000738,134-96-3,Syringic aldehyde,COc1cc(C=O)cc(OC)c1O,737
MOL_000739,134123-93-6,floral nitrile,CCc1ccc(CC(C)(C)C#N)cc1,738
MOL_000740,13416-74-5,Butyl hexenoate,CCCC=CC(=O)OCCCC,739
MOL_000741,13419-69-7,(E)-2-hexenoic acid,CCC/C=C/C(=O)O,740
MOL_000742,13439-98-0,Isovaleraldehyde di-isobutyl acetal,CC(C)COC(CC(C)C)OCC(C)C,741
MOL_000743,13442-90-5,Acetaldehyde ethyl 3-methylbutyl acetal,CCOCCOCCC(C)C,742
MOL_000744,13442-92-7,Acetaldehyde amyl isoamyl acetal,CCCCCOC(C)OCCC(C)C,743
MOL_000745,13466-78-9,Carene,CC1=CCC2C(C1)C2(C)C,744
MOL_000746,13474-59-4,(E)-alpha-bergamotene,CC(C)=CCC[C@]1(C)[C@H]2CC=C(C)[C@@H]1C2,745
MOL_000747,134769-33-8,tangerine nitrile,C=CCCCCCCC/C=C/CC#N,746
MOL_000748,13477-62-8,dihydrorose oxide,CC(C)CC1CC(C)CCO1,747
MOL_000749,13481-87-3,Methyl nonenoate,CCCCC/C=C/CC(=O)OC,748
MOL_000750,13491-79-7,Butylcyclohexanol,CC(C)(C)C1CCCCC1O,749
MOL_000751,13493-97-5,Furfuryl formate,O=COCc1ccco1,750
MOL_000752,13494-06-9,Dimethylcyclopentadione,CC1CC(=O)C(=O)C1C,751
MOL_000753,13494-07-0,Dimethylcyclopentadione,CC1CC(C)C(=O)C1=O,752
MOL_000754,13494-08-1,"3-ethyl-1,2-cyclopentadione",CCC1CCC(=O)C1=O,753
MOL_000755,134998-59-7,Decadienal,CCCCCC=CC=CC=O,754
MOL_000756,135-02-4,Methoxybenzaldehyde,COc1ccccc1C=O,755
MOL_000757,135-79-5,isopropyl quinoline,CC(C)c1ccc2ncccc2c1,756
MOL_000758,13529-27-6,Furfural diethyl acetal,CCOC(OCC)c1ccco1,757
MOL_000759,13532-18-8,Methyl methylthiopropionate,COC(=O)CCSC,758
MOL_000760,13548-84-0,Acetaldehyde methylbutyl isoamyl acetal,CCCC(C)OC(C)OCCC(C)C,759
MOL_000761,13552-95-9,Tridecadienal,CCCCCCCCC=CC=CC=O,760
MOL_000762,13552-96-0,Tridecatrienal,CCCCC/C=C\C/C=C\C=C\C=O,761
MOL_000763,13553-09-8,Dodecadienal,CCCCCCCC=CC=CC=O,762
MOL_000764,135910-94-0,"(-)-(E,R)-filbertone",C/C=C/C(=O)[C@H](C)CC,763
MOL_000765,136-60-7,Butyl benzoate,CCCCOC(=O)c1ccccc1,764
MOL_000766,13602-09-0,Acetaldehyde ethyl 2-methylbutyl acetal,CCOC(C)OCC(C)CC,765
MOL_000767,136115-65-6,Ethyl methylthiopropenoate,C=C(C)C(=S)OCC,766
MOL_000768,13623-11-5,Trimethylthiazole,Cc1nc(C)c(C)s1,767
MOL_000769,1365-19-1,Linalool oxide,CC(C)=CCCC(C)(O)C1CO1,768
MOL_000770,1367348-37-5,Ethyl formyloxydecanoate,CCCCCCCCC(OC=O)C(=O)OCC,769
MOL_000771,13678-51-8,Furfurylmethylfuran,c1coc(CCc2ccco2)c1,770
MOL_000772,13678-58-5,Methylthiobutanone,CCC(=O)CSC,771
MOL_000773,13678-59-6,Methylmethylthiofuran,CSc1ccc(C)o1,772
MOL_000774,13678-60-9,Furfuryl methylbutanoate,CC(C)CC(=O)OCc1ccco1,773
MOL_000775,13678-61-0,Furfuryl methylbutyrate,CCC(C)C(=O)OCc1ccco1,774
MOL_000776,13678-67-6,Bisfurfuryl sulfide,c1coc(CSCc2ccco2)c1,775
MOL_000777,13678-68-7,Furfuryl thioacetate,CC(=O)SCc1ccco1,776
MOL_000778,13678-69-8,"1-(2-thienyl)-1,2-propane dione",CC(=O)C(=O)c1cccs1,777
MOL_000779,13679-46-4,Furfuryl methyl ether,COCc1ccco1,778
MOL_000780,13679-60-2,Methyl methylfurfuryl sulfide,CSC(C)c1ccco1,779
MOL_000781,13679-61-3,Methyl thiofuroate,CSC(=O)c1ccco1,780
MOL_000782,13679-70-4,Methylthiophencarboxaldehyde,Cc1ccc(C=O)s1,781
MOL_000783,13679-72-6,2-acetyl-3-methyl thiophene,CC(=O)c1sccc1C,782
MOL_000784,13679-74-8,Acetylmethylthiophene,CC(=O)c1ccc(C)s1,783
MOL_000785,13679-75-9,2-propanoyl thiophene,CCC(=O)c1cccs1,784
MOL_000786,13679-83-9,4-methyl-2-propionyl thiazole,CCC(=O)c1nc(C)cs1,785
MOL_000787,13679-85-1,Methyltetrahydrothiophenone,CC1SCCC1=O,786
MOL_000788,13679-86-2,Isopropenylmethylvinyltetrahydrofuran,C=CC1(C)CCC(C(=C)C)O1,787
MOL_000789,136954-20-6,Mercaptohexyl acetate,CCCC(S)CCOC(C)=O,788
MOL_000790,136954-21-7,Mercaptohexyl butyrate,CCCC(=O)OCCC(S)CCC,789
MOL_000791,136954-22-8,Mercaptohexyl hexanoate,CCCCCC(=O)OCCC(S)CCC,790
MOL_000792,136954-25-1,Acetylthiohexyl acetate,CC(=O)OCCCCCCSC(C)=O,791
MOL_000793,137-00-8,Sulfurol,Cc1ncsc1CCO,792
MOL_000794,137-03-1,fleuramone (IFF),CCCCCCCC1CCCC1=O,793
MOL_000795,137-06-4,Toluenethiol,Cc1ccccc1S,794
MOL_000796,137-32-6,Methylbutanol,CCC(C)CO,795
MOL_000797,13706-86-0,Methylhexanedione,CC(=O)C(=O)CC(C)C,796
MOL_000798,1370711-06-0,trans-1-ethyl-2-methyl propyl 2-butenoate,C/C=C/C(=O)OC(CC)C(C)C,797
MOL_000799,13708-12-8,Methylquinoxaline,Cc1cccc2nccnc12,798
MOL_000800,137085-37-1,methyl beta-ionyl acetate,CC[C@@H](/C=C/C1=C(C)CCCC1(C)C)OC(C)=O,799
MOL_000801,13720-12-2,dihydro-gamma-ionone,C=C1CCCC(C)(C)C1CCC(C)=O,800
MOL_000802,137255-07-3,(+)-2-ethyl fenchol,CC[C@]1(O)C(C)(C)[C@H]2CC[C@]1(C)C2,801
MOL_000803,13744-15-5,Cubebene,C=C1CC[C@@]23[C@@H]([C@@H]12)[C@H](C(C)C)CC[C@H]3C,802
MOL_000804,137443-18-6,Diallyl hexasulfide,C=CCSSSSSSCC=C,803
MOL_000805,13786-79-3,(E)-woody epoxide,C/C1=C\CCC2(C)OC2CC/C(C)=C/CC1,804
MOL_000806,1378867-81-2,3-[(4R)-4-(propan-2-yl)cyclohex-1-en-1-yl]propanal,CC(C)C1CC=C(CCC=O)CC1,805
MOL_000807,13794-73-5,(R)-cedralone,CC1C(=O)CC23CC1C(C)(C)C2CCC3C,806
MOL_000808,138-22-7,Butyl lactate,CCCCOC(=O)C(C)O,807
MOL_000809,138-23-8,Rhodinyl isobutyrate,C=C(C)CCCC(C)CCOC(=O)C(C)C,808
MOL_000810,138-86-3,Limonene,C=C(C)C1CC=C(C)CC1,809
MOL_000811,138-87-4,Terpineol,C=C(C)C1CCC(C)(O)CC1,810
MOL_000812,13816-33-6,cuminyl nitrile,CC(C)c1ccc(C#N)cc1,811
MOL_000813,13828-37-0,cis-muguet shiseol,CC(C)[C@H]1CC[C@@H](CO)CC1,812
MOL_000814,13851-11-1,Fenchyl acetate,CC(=O)OC1C(C)(C)[C@@H]2CC[C@@]1(C)C2,813
MOL_000815,13877-91-3,Ocimene,C=C/C(C)=C/CC=C(C)C,814
MOL_000816,13877-93-5,caryophyllene,C=C1CC/C=C(/C)CCC2C1CC2(C)C,815
MOL_000817,13893-39-5,Hexyldecenal,CCCCCCCC=C(C=O)CCCCCC,816
MOL_000818,13894-61-6,methyl (E)-3-hexenoate,CC/C=C/CC(=O)OC,817
MOL_000819,13894-62-7,Methyl hexenoate,CCCC=CC(=O)OC,818
MOL_000820,13894-63-8,methyl (E)-2-hexenoate,CCC/C=C/C(=O)OC,819
MOL_000821,139-45-7,Glyceryl tripropanoate,CCC(=O)OCC(COC(=O)CC)OC(=O)CC,820
MOL_000822,139-70-8,Citronellyl phenylacetate,CC(C)=CCCC(C)CCOC(=O)Cc1ccccc1,821
MOL_000823,139-85-5,Protocatecuic aldehyde,O=Cc1ccc(O)c(O)c1,822
MOL_000824,13925-00-3,Ethylpyrazine,CCc1cnccn1,823
MOL_000825,13925-03-6,Ethylmethylpyrazine,CCc1cncc(C)n1,824
MOL_000826,13925-05-8,Isopropylmethylpyrazine,Cc1cnc(C(C)C)cn1,825
MOL_000827,13925-06-9,Isobutylmethylpyrazine,Cc1nccnc1CC(C)C,826
MOL_000828,13925-07-0,"3,5-cocoa pyrazine",CCc1ncc(C)nc1C,827
MOL_000829,13925-08-1,Methylvinylpyrazine,C=Cc1cnc(C)cn1,828
MOL_000830,139504-68-0,amber butanol,CCC(O)COC1CCCCC1C(C)(C)C,829
MOL_000831,13952-84-6,Butylamine,CCC(C)N,830
MOL_000832,139564-42-4,Methyl acetoxymethylbutyrate,CCC(COC(C)=O)C(=O)OC,831
MOL_000833,139564-43-5,Ethyl acetoxymethylbutyrate,CCOC(=O)C(CC)COC(C)=O,832
MOL_000834,13991-37-2,Pentenoic acid,CC/C=C/C(=O)O,833
MOL_000835,140-10-3,(E)-cinnamic acid,O=C(O)/C=C/c1ccccc1,834
MOL_000836,140-11-4,Benzyl acetate,CC(=O)OCc1ccccc1,835
MOL_000837,140-25-0,Benzyl dodecanoate,CCCCCCCCCCCC(=O)OCc1ccccc1,836
MOL_000838,140-26-1,Phenethyl isovalerate,CC(C)CC(=O)OCCc1ccccc1,837
MOL_000839,140-27-2,Cinnamyl isovalerate,CC(C)CC(=O)OC/C=C/c1ccccc1,838
MOL_000840,140-39-6,Tolyl acetate,CC(=O)Oc1ccc(C)cc1,839
MOL_000841,140-67-0,Estragole,C=CCc1ccc(OC)cc1,840
MOL_000842,140-88-5,Ethyl acrylate,C=CC(=O)OCC,841
MOL_000843,14009-71-3,(Z)-linalool oxide (pyranoid),C=C[C@]1(C)OC(C)(C)CC[C@@H]1O,842
MOL_000844,14010-23-2,Ethyl heptadecanoate,CCCCCCCCCCCCCCCCC(=O)OCC,843
MOL_000845,14049-11-7,Linalool oxide (pyranoid),C=CC1(C)CCC(O)C(C)(C)O1,844
MOL_000846,1405-92-1,cedrenyl acetate,CC(=O)OCC1=CC[C@@]23C[C@@H]1C(C)(C)[C@@H]2CC[C@H]3C,845
MOL_000847,14059-92-8,Ethyldimethoxyphenol,CCc1cc(OC)c(O)c(OC)c1,846
MOL_000848,14062-22-7,Ethyl butylphenylacetate,CCCCC(C(=O)OCC)c1ccccc1,847
MOL_000849,14073-97-3,(-)-menthone,CC(C)[C@@H]1CC[C@@H](C)CC1=O,848
MOL_000850,141-03-7,Dibutyl succinate,CCCCOC(=O)CCC(=O)OCCCC,849
MOL_000851,141-04-8,Diisobutyl adipate,CC(C)COC(=O)CCCCC(=O)OCC(C)C,850
MOL_000852,141-05-9,Diethyl maleate,CCOC(=O)/C=C\C(=O)OCC,851
MOL_000853,141-06-0,Propyl valerate,CCCCC(=O)OCCC,852
MOL_000854,141-09-3,Rhodinyl formate,C=C(C)CCCC(C)CCOC=O,853
MOL_000855,141-10-6,Pseudoionone,CC(=O)/C=C/C=C(\C)CCC=C(C)C,854
MOL_000856,141-11-7,Rhodinyl acetate,C=C(C)CCCC(C)CCOC(C)=O,855
MOL_000857,141-12-8,Neryl acetate,CC(=O)OC/C=C(/C)CCC=C(C)C,856
MOL_000858,141-13-9,Adoxal (Givaudan),CC(C)=CCCC(C)CCCC(C)C=O,857
MOL_000859,141-14-0,Citronellyl propionate,CCC(=O)OCCC(C)CCC=C(C)C,858
MOL_000860,141-15-1,Rhodinyl butyrate,C=C(C)CCCC(C)CCOC(=O)CCC,859
MOL_000861,141-16-2,citronellyl butyrate,CCCC(=O)OCCC(C)CCC=C(C)C,860
MOL_000862,141-25-3,rhodinol,CC(C)=CCCC(C)CCO,861
MOL_000863,141-27-5,(E)-citral,CC(C)=CCC/C(C)=C/C=O,862
MOL_000864,141-28-6,Diethyl adipate,CCOC(=O)CCCCC(=O)OCC,863
MOL_000865,141-78-6,Ethyl acetate,CCOC(C)=O,864
MOL_000866,141-79-7,Methylpentenone,CC(=O)C=C(C)C,865
MOL_000867,141-92-4,Hydroxycitronellal dimethyl acetal,COC(CC(C)CCCC(C)(C)O)OC,866
MOL_000868,141-97-9,Ethyl acetoacetate,CCOC(=O)CC(C)=O,867
MOL_000869,14109-72-9,1-methyl thio-2-propanone,CSCC(C)=O,868
MOL_000870,14129-48-7,Octenone,CCC/C=C/C(=O)CC,869
MOL_000871,14159-61-6,Methylpropylpyridine,CC(C)Cc1cccnc1,870
MOL_000872,1416051-88-1,Mercaptomethylheptanone,CCCCCC(=O)CCS,871
MOL_000873,14173-25-2,Methyl phenyl disulfide,CSSc1ccccc1,872
MOL_000874,141773-73-1,musk propanoate,CCC(=O)OCC(C)(C)OC(C)C1CCCC(C)(C)C1,873
MOL_000875,142-08-5,Hydroxypyridine,O=c1cccc[nH]1,874
MOL_000876,142-19-8,Allyl heptanoate,C=CCOC(=O)CCCCCC,875
MOL_000877,142-47-2,Monosodium glutamate,N[C@@H](CCC(=O)O)C(=O)O,876
MOL_000878,142-50-7,"Nerolidol, S-(cis)]-isomer",C=C[C@@](C)(O)CC/C=C(/C)CCC=C(C)C,877
MOL_000879,142-60-9,Octyl propionate,CCCCCCCCOC(=O)CC,878
MOL_000880,142-62-1,Hexanoic acid,CCCCCC(=O)O,879
MOL_000881,142-75-6,Propylene glycol stearate,CCCCCCCCCCCCCCCCCC(=O)OCC(C)O,880
MOL_000882,142-77-8,Butyl oleate,CCCCCCCC/C=C\CCCCCCCC(=O)OCCCC,881
MOL_000883,142-83-6,Hexadienal,C/C=C/C=C/C=O,882
MOL_000884,142-91-6,Isopropyl palmitate,CCCCCCCCCCCCCCCC(=O)OC(C)C,883
MOL_000885,142-92-7,Hexyl acetate,CCCCCCOC(C)=O,884
MOL_000886,142-96-1,Dibutyl ether,CCCCOCCCC,885
MOL_000887,1424-83-5,Nerolidol oxide,CC(C)=CCCC(C)=CCCC(C)(O)C1CO1,886
MOL_000888,14252-42-7,Bisethylthioethane,CCSC(C)SCC,887
MOL_000889,142653-61-0,hexen-1-yl oxypropane nitrile,CC/C=C\CCOCCC#N,888
MOL_000890,14289-65-7,allyl phenethyl ether,C=CCOCCc1ccccc1,889
MOL_000891,142896-08-0,2-ethyl-4-isopropenyl pyridine,C=C(C)c1ccnc(CC)c1,890
MOL_000892,142896-09-1,Acetylisopropylpyridine,CC(=O)c1cccnc1C(C)C,891
MOL_000893,142896-11-5,Acetylisopropenylpyridine,C=C(C)c1ccnc(C(C)=O)c1,892
MOL_000894,142896-12-6,Acetylisopropenylpyridine,C=C(C)c1cc(C(C)=O)ccn1,893
MOL_000895,143-07-7,Dodecanoic acid,CCCCCCCCCCCC(=O)O,894
MOL_000896,143-08-8,Nonanol,CCCCCCCCCO,895
MOL_000897,143-13-5,Nonyl acetate,CCCCCCCCCOC(C)=O,896
MOL_000898,143-14-6,Undecenal,C/C=C/CCCCCCCC=O,897
MOL_000899,143-28-2,Oleyl alcohol,CCCCCCCC/C=C\CCCCCCCCO,898
MOL_000900,14303-70-9,Propyl myristate,CCCCCCCCCCCCCC(=O)OCCC,899
MOL_000901,14309-57-0,Nonenone,CCCCC/C=C/C(C)=O,900
MOL_000902,14352-61-5,methyl cyclohexyl acetate,COC(=O)CC1CCCCC1,901
MOL_000903,14360-50-0,Pentylfurylketone,CCCCCC(=O)c1ccco1,902
MOL_000904,14371-10-9,(E)-cinnamaldehyde,O=C/C=C/c1ccccc1,903
MOL_000905,14374-92-6,2-propenyl-para-cymene,CC=Cc1cc(C(C)C)ccc1C,904
MOL_000906,143764-28-7,Methylthiopentanone,CCCC(=O)CSC,905
MOL_000907,1438-91-1,Furfuryl methyl sulfide,CSCc1ccco1,906
MOL_000908,1438-94-4,Furfurylpyrrole,c1coc(Cn2cccc2)c1,907
MOL_000909,144-39-8,Linalyl propionate,C=CC(C)(CCC=C(C)C)OC(=O)CC,908
MOL_000910,14400-67-0,Dimethylfuranone,CC1=CC(=O)C(C)O1,909
MOL_000911,14436-32-9,Decenoic acid,C=CCCCCCCCC(=O)O,910
MOL_000912,1445-91-6,(S)-styralyl alcohol,C[C@H](O)c1ccccc1,911
MOL_000913,14481-52-8,Terpinyl anthranilate,CC1=CCC(C(C)(C)OC(=O)c2ccccc2N)CC1,912
MOL_000914,14481-55-1,terpinyl valerate,CCCCC(=O)OC(C)(C)C1CC=C(C)CC1,913
MOL_000915,14486-03-4,laevo-methionyl glycine,CSCC[C@H](N)C(=O)NCC(=O)O,914
MOL_000916,145-39-1,musk tibetene (Givaudan),Cc1c(C)c([N+](=O)[O-])c(C(C)(C)C)c([N+](=O)[O-])c1C,915
MOL_000917,1450-72-2,Hydroxymethylacetophenone,CC(=O)c1cc(C)ccc1O,916
MOL_000918,1450-85-7,2-mercaptopyrimidine,S=c1nccc[nH]1,917
MOL_000919,14507-02-9,"2,4-decadien-1-ol",CCCCCC=CC=CCO,918
MOL_000920,1454-85-9,Heptadecanol,CCCCCCCCCCCCCCCCCO,919
MOL_000921,14542-13-3,2-methoxythiazole,COc1nccs1,920
MOL_000922,14543-49-8,"1-methoxy-2,7-octadiene",C=CCCCC=CCOC,921
MOL_000923,1455-20-5,Butylthiophene,CCCCc1cccs1,922
MOL_000924,14576-08-0,Terpinyl methyl ether,COC(C)(C)C1CC=C(C)CC1,923
MOL_000925,14595-54-1,(Z)-musk pentane,O=C1CC/C=C\CCCCCCCCCC1,924
MOL_000926,14617-92-6,Cresyl butyrate,CCCC(=O)Oc1ccc(C)cc1,925
MOL_000927,14620-52-1,Dodecanal dimethyl acetal,CCCCCCCCCCCC(OC)OC,926
MOL_000928,14667-55-1,Trimethylpyrazine,Cc1cnc(C)c(C)n1,927
MOL_000929,146955-45-5,(Z)-7-tetradecen-2-one,CCCCCC/C=C\CCCCC(C)=O,928
MOL_000930,1470-50-4,Octenoic acid,CCCCC/C=C\C(=O)O,929
MOL_000931,147159-48-6,Decenal,CCC/C=C/CCCCC=O,930
MOL_000932,147159-49-7,(Z)-8-undecenal,CC/C=C\CCCCCCC=O,931
MOL_000933,14735-72-9,para-anisaldehyde / methyl anthranilate schiff's base,COC(=O)c1ccccc1N=Cc1ccc(OC)cc1,932
MOL_000934,14765-30-1,Butylcyclohexanone,CCC(C)C1CCCCC1=O,933
MOL_000935,148-53-8,Hydroxymethoxybenzaldehyde,COc1cccc(C=O)c1O,934
MOL_000936,14812-03-4,Nonenoic acid,CCCCCC/C=C/C(=O)O,935
MOL_000937,1484-17-9,Ethyl benzothioate,CCOC(=S)c1ccccc1,936
MOL_000938,1487-49-6,Methyl hydroxybutyrate,COC(=O)CC(C)O,937
MOL_000939,14898-79-4,(R)-(-)-2-butanol,CC[C@@H](C)O,938
MOL_000940,149-30-4,Mercaptobenzothiazole,S=c1[nH]c2ccccc2s1,939
MOL_000941,149-57-5,Ethylhexanoic acid,CCCCC(CC)C(=O)O,940
MOL_000942,1490-04-6,Menthol,CC1CCC(C(C)C)C(O)C1,941
MOL_000943,14901-07-6,Ionone,CC(=O)/C=C/C1=C(C)CCCC1(C)C,942
MOL_000944,149982-46-7,2-hexenyl cyclopentanyl acetate,CCC/C=C/COC(=O)CC1CCCC1,943
MOL_000945,150-19-6,Methoxyphenol,COc1cccc(O)c1,944
MOL_000946,150-30-1,Phenylalanine,NC(Cc1ccccc1)C(=O)O,945
MOL_000947,150-60-7,Benzyl disulfide,c1ccc(CSSCc2ccccc2)cc1,946
MOL_000948,150-76-5,Methoxyphenol,COc1ccc(O)cc1,947
MOL_000949,150-78-7,Dimethoxybenzene,COc1ccc(OC)cc1,948
MOL_000950,150-84-5,Citronellyl acetate,CC(=O)OCCC(C)CCC=C(C)C,949
MOL_000951,150-86-7,Phytol,C/C(=C\CO)CCC[C@H](C)CCC[C@H](C)CCCC(C)C,950
MOL_000952,1504-55-8,alpha-methyl cinnamyl alcohol,C/C(=C\c1ccccc1)CO,951
MOL_000953,1504-74-1,Methoxycinnamaldehyde,COc1ccccc1/C=C/C=O,952
MOL_000954,1504-75-2,Methylcinnamaldehyde,Cc1ccc(/C=C/C=O)cc1,953
MOL_000955,15051-81-7,10-epi-gamma-eudesmol,CC1=C2C[C@H](C(C)(C)O)CC[C@]2(C)CCC1,954
MOL_000956,151-05-3,Dimethylphenethyl acetate,CC(=O)OC(C)(C)Cc1ccccc1,955
MOL_000957,151-10-0,Dimethoxybenzene,COc1cccc(OC)c1,956
MOL_000958,151-19-9,Dimethyloctanol,CCC(C)CCC(C)(O)CC,957
MOL_000959,15111-56-5,ginsene,CCOC(=O)C1CC=CCC1,958
MOL_000960,15111-96-3,Perillyl acetate,C=C(C)C1CC=C(COC(C)=O)CC1,959
MOL_000961,15111-97-4,Menthadienyl acetate,C=C(COC(C)=O)C1CC=C(C)CC1,960
MOL_000962,15149-10-7,methyl phenoxyethanol,Cc1ccc(OCCO)cc1,961
MOL_000963,1515-81-7,Methyl methoxybenzyl ether,COCc1ccc(OC)cc1,962
MOL_000964,1515-95-3,Ethylmethoxybenzene,CCc1ccc(OC)cc1,963
MOL_000965,1516-17-2,Hexadienyl acetate,C/C=C/C=C/COC(C)=O,964
MOL_000966,1517-69-7,(R)-styralyl alcohol,C[C@@H](O)c1ccccc1,965
MOL_000967,15174-47-7,alpha-methyl-(E)-cinnamaldehyde,C/C(C=O)=C\c1ccccc1,966
MOL_000968,1518-72-5,Diisobutyl disulfide,CC(C)CSSCC(C)C,967
MOL_000969,1518-75-8,Propylthiophene,CCCc1cccs1,968
MOL_000970,15186-51-3,Rose furan,CC(C)=CCc1occc1C,969
MOL_000971,15295-60-0,Hydratropaldehyde diethyl acetal,CCOC(OCC)C(C)c1ccccc1,970
MOL_000972,15323-35-0,musk indane,CC(=O)c1cc2c(cc1C)C(C)(C)C(C)C2(C)C,971
MOL_000973,1534-08-3,Methyl thioacetate,CSC(C)=O,972
MOL_000974,15352-77-9,beta-bisabolol,CC(C)=CCCC(C)C1(O)CC=C(C)CC1,973
MOL_000975,15356-60-2,Menthol,CC(C)[C@@H]1CC[C@@H](C)C[C@@H]1O,974
MOL_000976,15356-74-8,Dihydroactinidiolide,CC1(C)CCCC2(C)OC(=O)C=C12,975
MOL_000977,15373-31-6,trimethyl-3-cyclopentenyl acetonitrile,CC1=CCC(CC#N)C1(C)C,976
MOL_000978,15399-05-0,ethyl phenyl lactate,CCOC(=O)C(O)Cc1ccccc1,977
MOL_000979,1540-29-0,Ethyl acetylhexanoate,CCCCC(C(C)=O)C(=O)OCC,978
MOL_000980,154170-44-2,4-methyl-5-nonanol,CCCCC(O)C(C)CCC,979
MOL_000981,15423-57-1,germacrene B,CC(C)=C1C/C=C(\C)CC/C=C(\C)CC1,980
MOL_000982,15456-68-5,Dodecenolide,CCC=CCCCC1CCCC(=O)O1,981
MOL_000983,15469-77-9,Decenoic acid,CCCCCC/C=C/CC(=O)O,982
MOL_000984,1551-43-5,Cyclohexyl valerate,CCCCC(=O)OC1CCCCC1,983
MOL_000985,1551-44-6,Cyclohexyl butyrate,CCCC(=O)OC1CCCCC1,984
MOL_000986,15514-30-0,propylene glycol di-2-methyl butyrate,CCC(C)C(=O)OCC(C)OC(=O)C(C)CC,985
MOL_000987,1552-67-6,Ethyl hexenoate,CCC/C=C/C(=O)OCC,986
MOL_000988,155639-75-1,"hexanal butane-2,3-diol acetal",CCCCCC1OC(C)C(C)O1,987
MOL_000989,156-06-9,Oxophenylpropionic acid,O=C(O)C(=O)Cc1ccccc1,988
MOL_000990,1561-11-1,Methylhexanoic acid,CCC(C)CCC(=O)O,989
MOL_000991,156420-69-8,Allyl Thiohexanoate,C=CCOC(=S)CCCCC,990
MOL_000992,156472-94-5,Ethyl mercaptobutyrate,CCOC(=O)C(S)CC,991
MOL_000993,1565-76-0,Menthyl methyl ether,COC1CC(C)CCC1C(C)C,992
MOL_000994,1565-81-7,Decanol,CCCCCCCC(O)CC,993
MOL_000995,15679-09-1,Ethylthiazole,CCc1nccs1,994
MOL_000996,15679-12-6,Ethylmethylthiazole,CCc1nc(C)cs1,995
MOL_000997,15679-13-7,Isopropylmethylthiazole,Cc1csc(C(C)C)n1,996
MOL_000998,15679-19-3,Ethoxythiazole,CCOc1nccs1,997
MOL_000999,1569-60-4,Methylheptenol,CC(C)=CCCC(C)O,998
MOL_001000,1569-69-3,Cyclohexanethiol,SC1CCCCC1,999
MOL_001001,15706-73-7,Butyl methylbutyrate,CCCCOC(=O)C(C)CC,1000
MOL_001002,15707-23-0,Ethylmethylpyrazine,CCc1nccnc1C,1001
MOL_001003,15707-24-1,Diethylpyrazine,CCc1nccnc1CC,1002
MOL_001004,15707-34-3,Ethyldimethylpyrazine,CCc1cnc(C)c(C)n1,1003
MOL_001005,15727-77-2,Allyl isobutyrate,C=CCOC(=O)C(C)C,1004
MOL_001006,15729-76-7,Diethylthiazole,CCc1cnc(CC)s1,1005
MOL_001007,1575-74-2,Methylpentenoic acid,C=CC[C@H](C)C(=O)O,1006
MOL_001008,1576-77-8,Heptenyl acetate,CCC/C=C/CCOC(C)=O,1007
MOL_001009,1576-78-9,(Z)-3-hepten-1-yl acetate,CCC/C=C\CCOC(C)=O,1008
MOL_001010,1576-85-8,Pentenyl acetate,C=CCCCOC(C)=O,1009
MOL_001011,1576-87-0,(E)-2-pentenal,CC/C=C/C=O,1010
MOL_001012,1576-95-0,Pentenol,CC/C=C\CO,1011
MOL_001013,15760-18-6,citrus propanol,CC1=CCC(C(C)CCO)CC1,1012
MOL_001014,157615-33-3,ethenyl dimethyl pyrazine,C=Cc1ncc(C)nc1C,1013
MOL_001015,15764-16-6,Dimethylbenzaldehyde,Cc1ccc(C=O)c(C)c1,1014
MOL_001016,1577-18-0,(E)-3-hexenoic acid,CC/C=C/CC(=O)O,1015
MOL_001017,1577-19-1,Octenoic acid,CCCC/C=C/CC(=O)O,1016
MOL_001018,15848-49-4,ethyl-2-cyclopentenyl acetate,CCOC(=O)CC1C=CCC1,1017
MOL_001019,1587-18-4,Dibutyl malate,CCCCOC(=O)CC(O)C(=O)OCCCC,1018
MOL_001020,1587-20-8,trimethyl citrate,COC(=O)CC(O)(CC(=O)OC)C(=O)OC,1019
MOL_001021,15876-32-1,Isopropylcyclohexyl acetate,CC(=O)OC1(C(C)C)CCCCC1,1020
MOL_001022,15986-80-8,Methylpropylpyrazine,CCCc1nccnc1C,1021
MOL_001023,15986-81-9,2-methyl-3-isopropyl pyrazine,Cc1nccnc1C(C)C,1022
MOL_001024,15987-00-5,2-butyl-3-methyl pyrazine,CCCCc1nccnc1C,1023
MOL_001025,1599-47-9,Dimethoxyhexane,CCCCCC(OC)OC,1024
MOL_001026,1599-49-1,Methylpentyldioxolane,CCCCCC1OCC(C)O1,1025
MOL_001027,1604-28-0,Methylheptadienone,CC(=O)/C=C/C=C(C)C,1026
MOL_001028,1604-34-8,Dimethylundecanone,CC(=O)CCCC(C)CCCC(C)C,1027
MOL_001029,1608-72-6,Acetoxyethoxyethane,CCOC(C)OC(C)=O,1028
MOL_001030,16128-68-0,Butanedithiol,CCC(S)CS,1029
MOL_001031,1617-23-8,cherry pentenoate,CC=CC(C)C(=O)OCC,1030
MOL_001032,1617-25-0,Hexyl butenoate,C/C=C/C(=O)OCCCCCC,1031
MOL_001033,1617-32-9,Pentenoic acid,C/C=C/CC(=O)O,1032
MOL_001034,1617-40-9,ethyl (E)-2-methyl-2-pentenoate,CC/C=C(\C)C(=O)OCC,1033
MOL_001035,1618-26-4,Bis-Methylthiomethane,CSCSC,1034
MOL_001036,16197-92-5,(R)-styralyl acetate,CC(=O)O[C@H](C)c1ccccc1,1035
MOL_001037,16251-77-7,hyacinth butanal,CC(CC=O)c1ccccc1,1036
MOL_001038,1628-89-3,Methoxypyridine,COc1ccccn1,1037
MOL_001039,1629-58-9,Pentenone,C=CC(=O)CC,1038
MOL_001040,1629-60-3,Hexenone,C=CC(=O)CCC,1039
MOL_001041,163038-04-8,Hydroxymethylhexanone,CCCCC(=O)CCO,1040
MOL_001042,1632-73-1,Fenchyl alcohol,CC1(C)[C@@H]2CC[C@@](C)(C2)[C@@H]1O,1041
MOL_001043,1634-04-4,Methoxymethylpropane,COC(C)(C)C,1042
MOL_001044,1635-02-5,Dimethylhexenone,CC/C(C)=C(/C)C(C)=O,1043
MOL_001045,16356-11-9,Undecatriene,C=C/C=C/C=C/CCCCC,1044
MOL_001046,1639-09-4,Heptanethiol,CCCCCCCS,1045
MOL_001047,16397-75-4,Ethylhexyl hexanoate,CCCCCC(=O)OCC(CC)CCCC,1046
MOL_001048,16400-72-9,Dodecenolactone,CCCCCCCC1CC=CC(=O)O1,1047
MOL_001049,16409-43-1,Rose oxide,CC(C)=CC1CC(C)CCO1,1048
MOL_001050,16409-45-3,Menthyl acetate,CC(=O)OC1CC(C)CCC1C(C)C,1049
MOL_001051,16409-46-4,Menthyl isovalerate,CC(C)CC(=O)OC1CC(C)CCC1C(C)C,1050
MOL_001052,16423-19-1,(±)-geosmin,C[C@@H]1CCC[C@]2(C)CCCC[C@@]12O,1051
MOL_001053,16424-55-8,(E)-5-decenoic acid,CCCC/C=C/CCCC(=O)O,1052
MOL_001054,16429-21-3,Dodecalactone,CCCCCCC1CCCCC(=O)O1,1053
MOL_001055,16436-00-3,Octyl acetoacetate,CCCCCCCCOC(=O)CC(C)=O,1054
MOL_001056,164524-93-0,"5-acetyl-2,3-dihydro-1,4-thiazine",CC(=O)C1=CSCCN1,1055
MOL_001057,1646-26-0,tonka ketone,CC(=O)c1cc2ccccc2o1,1056
MOL_001058,16491-24-0,Hexadienyl isobutyrate,C/C=C/C=C\COC(=O)C(C)C,1057
MOL_001059,16491-25-1,Hexadienyl propionate,C/C=C/C=C\COC(=O)CC,1058
MOL_001060,16491-36-4,(Z)-3-hexen-1-yl butyrate,CC/C=C\CCOC(=O)CCC,1059
MOL_001061,16491-54-6,Octenyl butyrate,C=CC(CCCCC)OC(=O)CCC,1060
MOL_001062,16493-80-4,Ethyloctanoic acid,CCCC[C@@H](CC)CCC(=O)O,1061
MOL_001063,16509-46-9,laevo-linalyl acetate,C=C[C@@](C)(CCC=C(C)C)OC(C)=O,1062
MOL_001064,16510-27-3,Cyclopropylmethylmethoxybenzene,COc1ccccc1CC1CC1,1063
MOL_001065,165191-91-3,2-nonanone propylene glycol acetal,CCCCCCCC1(C)OCC(C)O1,1064
MOL_001066,1653-30-1,Undecanol,CCCCCCCCCC(C)O,1065
MOL_001067,1658479-63-0,2-(5-isopropyl-2-methyltetrahydro-2-thiophenyl)ethyl acetate,CC(=O)OCCC1(C)CCC(C(C)C)S1,1066
MOL_001068,16587-71-6,Orivone,CCC(C)(C)C1CCC(=O)CC1,1067
MOL_001069,16595-06-5,Propyl cyclohexanepropionate,CCCOC(=O)CCC1CCCCC1,1068
MOL_001070,16630-52-7,Methylthiobutanal,CSC(C)CC=O,1069
MOL_001071,16630-55-0,Methionyl acetate,CSCCCOC(C)=O,1070
MOL_001072,16630-60-7,Methionyl butyrate,CCCC(=O)OCCCSC,1071
MOL_001073,16630-61-8,Methional diethyl acetal,CCOC(CCSC)OCC,1072
MOL_001074,16630-66-3,Methyl methylthioacetate,COC(=O)CSC,1073
MOL_001075,16635-54-4,Hexenal,CCC/C=C\C=O,1074
MOL_001076,1669-44-9,Octenone,CCCC/C=C/C(C)=O,1075
MOL_001077,1670-46-8,Acetylcyclopentanone,CC(=O)C1CCCC1=O,1076
MOL_001078,1670-47-9,Cyclohexanone diethyl acetal,CCOC1(OCC)CCCCC1,1077
MOL_001079,16750-94-0,Isogeraniol,CC(C)=CC/C=C(/C)CCO,1078
MOL_001080,1676-63-7,Ethoxyacetophenone,CCOc1ccc(C(C)=O)cc1,1079
MOL_001081,1679-07-8,Cyclopentanethiol,SC1CCCC1,1080
MOL_001082,1679-09-0,Methylbutanethiol,CCC(C)(C)S,1081
MOL_001083,1679-47-6,Methylbutyrolactone,CC1CCOC1=O,1082
MOL_001084,1680-29-1,Methyl decanethioate,CCCCCCCCCC(=S)OC,1083
MOL_001085,16812-40-1,Pinocarvone,C=C1C(=O)CC2CC1C2(C)C,1084
MOL_001086,1686-14-2,Pinene oxide,CC1(C)C2CC3OC3(C)C1C2,1085
MOL_001087,169054-69-7,Tetradecenal,CCCCC/C=C\CCCCCCC=O,1086
MOL_001088,16930-93-1,Hexadienyl butyrate,C/C=C/C=C/COC(=O)CCC,1087
MOL_001089,16930-96-4,Hexyl tiglate,C/C=C(\C)C(=O)OCCCCCC,1088
MOL_001090,16939-73-4,Heptenyl acetate,CCCC/C=C/COC(C)=O,1089
MOL_001091,1694-31-1,Butyl acetoacetate,CC(=O)CC(=O)OC(C)(C)C,1090
MOL_001092,16957-70-3,(E)-2-methyl-2-pentenoic acid,CC/C=C(\C)C(=O)O,1091
MOL_001093,17015-30-4,Methylmethyleneoctadienal,CC=C(C=CC=CC=O)CC,1092
MOL_001094,1703-52-2,Ethylmethylfuran,CCc1ccc(C)o1,1093
MOL_001095,17042-24-9,Mercaptopentanone,CCC(=O)C(C)S,1094
MOL_001096,1706-12-3,Methyl diphenyl ether,Cc1ccc(Oc2ccccc2)cc1,1095
MOL_001097,1708-34-5,heptanal cyclic ethylene acetal,CCCCCCC1OCCO1,1096
MOL_001098,1708-35-6,heptanal glyceryl acetal,CCCCCCC1OCC(CO)O1,1097
MOL_001099,1708-36-7,Heptanal glyceryl acetal isomer,CCCCCCC1OCC(O)CO1,1098
MOL_001100,1708-81-2,Heptenol,CCC/C=C\CCO,1099
MOL_001101,1708-82-3,3-hexenyl acetate,CCC=CCCOC(C)=O,1100
MOL_001102,17102-64-6,"(E,E)-2,4-hexadien-1-ol",C/C=C/C=C/CO,1101
MOL_001103,172201-58-0,Isopropylideneglyceryl hydroxydecanoate,CCCCCCCCC(O)C(=O)OC(=C(C)C)C(O)CO,1102
MOL_001104,1724-39-6,Cyclododecanol,OC1CCCCCCCCCCC1,1103
MOL_001105,1725-01-5,musk nonane,O=C1CCCCCCCCOCCCCCCO1,1104
MOL_001106,1726-47-2,Pseudocyclocitral,CC1=CC(C)(C)C(C=O)CC1,1105
MOL_001107,1727-68-0,alpha-campholene acetate,CC(=O)OCCC1CC=C(C)C1(C)C,1106
MOL_001108,17283-81-7,Dihydroionone,CC(=O)CCC1=C(C)CCCC1(C)C,1107
MOL_001109,1730-97-8,(S)-2-methyl butyraldehyde,CC[C@H](C)C=O,1108
MOL_001110,1731-81-3,Undecyl acetate,CCCCCCCCCCCOC(C)=O,1109
MOL_001111,1731-84-6,Methyl nonanoate,CCCCCCCCC(=O)OC,1110
MOL_001112,1731-86-8,Methyl undecanoate,CCCCCCCCCCC(=O)OC,1111
MOL_001113,1731-88-0,Methyl tridecanoate,CCCCCCCCCCCCC(=O)OC,1112
MOL_001114,1733-25-1,Isopropyl tiglate,CC(C)=CC(=O)OC(C)C,1113
MOL_001115,17369-57-2,Methylbenzyl acetate,CC(=O)OCc1cccc(C)c1,1114
MOL_001116,17369-59-4,Propylidenephthalide,CC/C=C1\OC(=O)c2ccccc21,1115
MOL_001117,17369-60-7,Tetramethylethylcyclohexenone (mixture of isomers),CCC1(C)CC(=O)C(C)=C(C)C1C,1116
MOL_001118,17369-61-8,"5-ethyl-3,4,5,6-tetramethyl cyclohexen-2-one",CCC1(C)C(C)C(=O)C=C(C)C1C,1117
MOL_001119,17373-84-1,Butyl ethyl malonate,CCCCOC(=O)CC(=O)OCC,1118
MOL_001120,17373-89-6,Hexylidenecyclopentanone,CCCCCC=C1CCCC1=O,1119
MOL_001121,17373-93-2,Methylbenzyl acetate,CC(=O)OCc1ccccc1C,1120
MOL_001122,1741-41-9,Isobutanal diethyl acetal,CCOC(OCC)C(C)C,1121
MOL_001123,17488-65-2,Phenylbutenol,CC(O)/C=C/c1ccccc1,1122
MOL_001124,17511-60-3,Tricyclodecenyl propionate,CCC(=O)OC1CC2CC1C1CC=CC21,1123
MOL_001125,1754-62-7,methyl (E)-cinnamate,COC(=O)/C=C/c1ccccc1,1124
MOL_001126,17587-33-6,Nonadienal,CC/C=C/CC/C=C/C=O,1125
MOL_001127,1759-28-0,vinyl sulfurol,C=Cc1scnc1C,1126
MOL_001128,17597-95-4,hexoxyacetaldehyde dimethyl acetal,CCCCCCOCC(OC)OC,1127
MOL_001129,17600-72-5,Ethoxymethoxybenzene,CCOc1ccccc1OC,1128
MOL_001130,17619-36-2,Methyl propyl trisulfide,CCCSSSC,1129
MOL_001131,17626-75-4,Propylthiazole,CCCc1nccs1,1130
MOL_001132,17627-44-0,Bisabolene,CC(C)=CC/C=C(\C)C1CC=C(C)CC1,1131
MOL_001133,1767-46-0,(S)-4-methyl-1-hexanol,CC[C@H](C)CCCO,1132
MOL_001134,17699-14-8,(-)-alpha-cubebene,CC1=CCC23C(C)CCC(C(C)C)C2C13,1133
MOL_001135,1775-43-5,Hexenoic acid,CC/C=C\CC(=O)O,1134
MOL_001136,1779-60-8,Propyl acetoacetate,CCCOC(=O)CC(C)=O,1135
MOL_001137,1786-08-9,Nerol oxide,CC(C)=CC1CC(C)=CCO1,1136
MOL_001138,17909-77-2,Sinensal,C=C/C(C)=C/C/C=C(\C)CC/C=C(\C)C=O,1137
MOL_001139,1795-09-1,Methylthiolane,CC1CCCS1,1138
MOL_001140,17957-94-7,(R)-(+)-menthofuran,Cc1coc2c1CC[C@@H](C)C2,1139
MOL_001141,1797-74-6,Allyl phenylacetate,C=CCOC(=O)Cc1ccccc1,1140
MOL_001142,17990-16-8,(Z)-abienol,C=C/C(C)=C\C[C@@H]1[C@@]2(C)CCCC(C)(C)[C@@H]2CC[C@@]1(C)O,1141
MOL_001143,180031-78-1,Furanmethylthiopentanone,CC(=O)CC(C)SCc1ccco1,1142
MOL_001144,1802-20-6,Pentylpyridine,CCCCCc1cccnc1,1143
MOL_001145,18031-40-8,Perillaldehyde,C=C(C)[C@@H]1CC=C(C=O)CC1,1144
MOL_001146,180348-60-1,Methylhexyl acetate,CC(=O)OCCCCC(C)C,1145
MOL_001147,18060-79-2,Pentenyl isothiocyanate,C=CCCCN=C=S,1146
MOL_001148,18096-62-3,indoletal,c1ccc2c(c1)CC1COCOC21,1147
MOL_001149,180964-47-0,vanillin menthoxypropane diol acetal,COc1cc(C2OCC(COC3CC(C)CCC3C(C)C)O2)ccc1O,1148
MOL_001150,18114-49-3,diacetyl trimer,CC(=O)C1(C)CC2(O)OC(C)(C(C)=O)OC2(C)O1,1149
MOL_001151,181258-87-7,marine hexane,CCO[C@H]1CC[C@@H](C(C)(C)CC)CC1,1150
MOL_001152,18127-01-0,cyclamen propanal,CC(C)(C)c1ccc(CCC=O)cc1,1151
MOL_001153,18138-03-9,Propylpyrazine,CCCc1cnccn1,1152
MOL_001154,18138-04-0,Diethylmethylpyrazine,CCc1ncc(C)nc1CC,1153
MOL_001155,18138-05-1,Diethylmethylpyrazine,CCc1cnc(C)c(CC)n1,1154
MOL_001156,18172-67-3,laevo-beta-pinene,C=C1CC2CCC1C2(C)C,1155
MOL_001157,18189-02-1,isopropyl anthranilate,CC(C)OC(=O)c1ccccc1N,1156
MOL_001158,18189-07-6,decyl anthranilate,CCCCCCCCCCOC(=O)c1ccccc1N,1157
MOL_001159,1821-12-1,Phenylbutanoic acid,O=C(O)CCCc1ccccc1,1158
MOL_001160,182699-77-0,wine lactone,CC1=C[C@H]2OC(=O)[C@H](C)[C@H]2CC1,1159
MOL_001161,18277-27-5,Methylpropylthiazole,CCC(C)c1nccs1,1160
MOL_001162,18318-83-7,Hexenal dimethyl acetal,CCC/C=C/C(OC)OC,1161
MOL_001163,18358-53-7,Isopinocamphone,CC1C(=O)C2CC1C(C)(C)C2,1162
MOL_001164,18362-97-5,Isopropyl valerate,CCCCC(=O)OC(C)C,1163
MOL_001165,18368-91-7,Ethyltrimethylnorbornanol,CCC1(O)C2(C)CCC(C2)C1(C)C,1164
MOL_001166,18368-95-1,para-menthatriene,C=C(C)C1=CC=C(C)CC1,1165
MOL_001167,18374-76-0,"(3S,5R,8S)-3,8-dimethyl-5-prop-1-en-2-yl-3,4,5,6,7,8-hexahydro-2H-azulen-1-one",C=C(C)[C@@H]1CC[C@H](C)C2=C(C1)[C@@H](C)CC2=O,1166
MOL_001168,1838-59-1,Allyl formate,C=CCOC=O,1167
MOL_001169,1838-88-6,2-methyl-2-pentenyl acetate,CC/C=C(\C)COC(C)=O,1168
MOL_001170,18383-49-8,Carvone oxide,C=C(C)[C@H]1CC(=O)[C@@]2(C)O[C@H]2C1,1169
MOL_001171,18409-17-1,Octenol,CCCCC/C=C/CO,1170
MOL_001172,18409-18-2,(E)-2-decen-1-ol,CCCCCCC/C=C/CO,1171
MOL_001173,18409-20-6,Octadienol,CCC/C=C/C=C/CO,1172
MOL_001174,18409-21-7,Decadienol,CCCCC/C=C/C=C/CO,1173
MOL_001175,18433-93-7,Isovaleraldehyde propylene glycol acetal (cis & trans),CC(C)CC1OCC(C)O1,1174
MOL_001176,18433-97-1,"2-propyl-3,6-dimethyl pyrazine",CCCc1nc(C)cnc1C,1175
MOL_001177,18436-37-8,alpha-decalactone,CCCCCCC1CCOC1=O,1176
MOL_001178,18449-60-0,Butyl lactate,CCC(C)OC(=O)C(C)O,1177
MOL_001179,18479-49-7,"6,7-dihydrolinalool",C=CC(C)(O)CCCC(C)C,1178
MOL_001180,18479-51-1,dihydrolinalool,CCC(C)(O)CCC=C(C)C,1179
MOL_001181,18479-54-4,muguet octadienol,CCC(C)(O)C=CC=C(C)C,1180
MOL_001182,18479-57-7,Tetrahydromyrcenol,CCC(C)CCCC(C)(C)O,1181
MOL_001183,18479-58-8,Dihydromyrcenol,C=CC(C)CCCC(C)(C)O,1182
MOL_001184,18479-68-0,Menthenol,CC1=CCC(C(C)CO)CC1,1183
MOL_001185,18485-38-6,Decadienol,CCCCCCC/C=C/C=C/CO,1184
MOL_001186,18486-69-6,(1R)-(-)-myrtenal,CC1(C)C2CC=C(C=O)[C@@H]1C2,1185
MOL_001187,18492-65-4,Heptenal diethyl acetal,CC/C=C\CCC(OCC)OCC,1186
MOL_001188,185429-83-8,georgywood,CC(=O)C1(C)CCC2=C(C1C)C(C)(C)CCC2,1187
MOL_001189,18607-93-7,asaricin,C=CCc1cc2c(cc1OC)OCO2,1188
MOL_001190,1862-61-9,methyl nerate,COC(=O)/C=C(/C)CCC=C(C)C,1189
MOL_001191,18640-74-9,Isobutylthiazole,CC(C)Cc1nccs1,1190
MOL_001192,1866-31-5,Allyl cinnamate,C=CCOC(=O)/C=C/c1ccccc1,1191
MOL_001193,18675-35-9,Isodihydrocarveol,C=C(C)[C@H]1CC[C@@H](C)[C@H](O)C1,1192
MOL_001194,18679-18-0,Dodecenolide,CCCCC/C=C\CC1CCC(=O)O1,1193
MOL_001195,1871-67-6,Octenoic acid,CCCCC/C=C/C(=O)O,1194
MOL_001196,18720-65-5,Methylheptanol,CCC(C)CC(O)CC,1195
MOL_001197,18720-66-6,Methylheptanol,CCC(O)CCC(C)C,1196
MOL_001198,18721-61-4,Ethylthiopropanol,CCSCCCO,1197
MOL_001199,1875-89-4,hawthorn ethanol,Cc1cccc(CCO)c1,1198
MOL_001200,18776-92-6,Octenoic acid,CCC/C=C/CCC(=O)O,1199
MOL_001201,1878-18-8,Methylbutanethiol,CCC(C)CS,1200
MOL_001202,18794-77-9,Hexylthiophene,CCCCCCc1cccs1,1201
MOL_001203,18794-84-8,Farnesene,C=CC(=C)CC/C=C(\C)CCC=C(C)C,1202
MOL_001204,18824-63-0,Nonanal dimethyl acetal,CCCCCCCCC(OC)OC,1203
MOL_001205,18829-55-5,(E)-2-heptenal,CCCC/C=C/C=O,1204
MOL_001206,18829-56-6,Nonenal,CCCCCC/C=C/C=O,1205
MOL_001207,1883-78-9,Furfuryl isopropyl sulfide,CC(C)SCc1ccco1,1206
MOL_001208,18836-52-7,Pellitorine,CCCCC/C=C/C=C/C(=O)NCC(C)C,1207
MOL_001209,188417-26-7,ethyl vanillin isobutyrate,CC(C)C(=O)[O-].CCOc1cc(C=O)ccc1O,1208
MOL_001210,188442-41-3,Methyldecenolide,CC1=CCCCCCCCOC1=O,1209
MOL_001211,1885-38-7,(E)-cinnamyl nitrile,N#C/C=C/c1ccccc1,1210
MOL_001212,188570-78-7,green cyclopropionate,CC/C=C\CCOC(=O)C1CC1,1211
MOL_001213,18871-14-2,Jasmopyrane (Quest),CCCCCC1COCCC1OC(C)=O,1212
MOL_001214,18881-04-4,(S)-(Z)-verbenol,CC1=C[C@H](O)C2CC1C2(C)C,1213
MOL_001215,1892-31-5,Thiopropionic acid,CCC(=O)S,1214
MOL_001216,189440-77-5,methyl octadienoate,C=CC/C=C/CCC(=O)OC,1215
MOL_001217,18999-28-5,Heptenoic acid,CCCC/C=C/C(=O)O,1216
MOL_001218,19009-56-4,Methyldecanal,CCCCCCCCC(C)C=O,1217
MOL_001219,1901-26-4,Methylphenylbutenone,CC(=O)/C(C)=C\c1ccccc1,1218
MOL_001220,1901-38-8,Campholenic alcohol,CC1=CCC(CCO)C1(C)C,1219
MOL_001221,19089-92-0,Hexyl butenoate,C/C=C\C(=O)OCCCCCC,1220
MOL_001222,19139-31-2,dihexyl (E)-fumarate,CCCCCCOC(=O)/C=C/C(=O)OCCCCCC,1221
MOL_001223,19141-40-3,(R)-2-phenyl propyl alcohol,C[C@@H](CO)c1ccccc1,1222
MOL_001224,19162-00-6,Methylheptenyl acetate,CC(=O)OC(C)CCC=C(C)C,1223
MOL_001225,1921-70-6,Tetramethylpentadecane,CC(C)CCCC(C)CCCC(C)CCCC(C)C,1224
MOL_001226,1922-67-4,musk 89 (IFF),CC1COCc2cc3c(cc21)C(C)(C)CCC3(C)C,1225
MOL_001227,19224-26-1,propylene glycol dibenzoate,CC(COC(=O)c1ccccc1)OC(=O)c1ccccc1,1226
MOL_001228,19248-94-3,Methylbutenyl acetate,C/C=C(\C)COC(C)=O,1227
MOL_001229,19269-28-4,Methylhexanal,CCCC(C)CC=O,1228
MOL_001230,19317-11-4,Farnesal,CC(C)=CCC/C(C)=C/CC/C(C)=C/C=O,1229
MOL_001231,19322-27-1,Hydroxymethylfuranone,CC1=C(O)C(=O)CO1,1230
MOL_001232,19329-89-6,Isoamyl lactate,CC(C)CCOC(=O)C(C)O,1231
MOL_001233,19342-01-9,Dimethylphenethylamine,C[C@H](c1ccccc1)N(C)C,1232
MOL_001234,19431-84-6,curcumenol,CC1=C[C@@]2(O)O[C@@]3(CC2=C(C)C)[C@@H](C)CC[C@@H]13,1233
MOL_001235,19435-97-3,alpha-muurolol,CC1=C[C@H]2[C@H](C(C)C)CC[C@@](C)(O)[C@H]2CC1,1234
MOL_001236,1946-00-5,Limonenediol,C=C(C)C1CCC(C)(O)C(O)C1,1235
MOL_001237,19464-94-9,Ethyl ethylmethylphenylglycidate,CCOC(=O)C1(c2ccccc2)OC1(C)CC,1236
MOL_001238,19487-61-7,Decenyl acetate,CCCCCCC/C=C/COC(C)=O,1237
MOL_001239,194934-66-2,muguet dienal,CC(C)=CCC/C(C)=C/CC[C@H](C)CC=O,1238
MOL_001240,19519-45-0,Dimethylisopropyloxazole,Cc1nc(C(C)C)oc1C,1239
MOL_001241,195863-84-4,"3-laevo-menthoxy-2-methyl propane-1,2-diol",CC(C)[C@@H]1CC[C@H](C)C[C@H]1OCC(C)(O)CO,1240
MOL_001242,196109-18-9,Octenyl propionate,CCCCCCC=COC(=O)CC,1241
MOL_001243,1963-36-6,Methoxycinnamaldehyde,COc1ccc(/C=C/C=O)cc1,1242
MOL_001244,1968-40-7,Ethyl pentenoate,C=CCCC(=O)OCC,1243
MOL_001245,19700-21-1,geosmin,C[C@H]1CCC[C@@]2(C)CCCC[C@]12O,1244
MOL_001246,197098-61-6,Ocimenyl acetate,C=C/C(C)=C/CCC(C)(C)OC(C)=O,1245
MOL_001247,1975-78-6,decane nitrile,CCCCCCCCCC#N,1246
MOL_001248,19780-25-7,Ethylcrotonaldehyde,C/C=C(/C=O)CC,1247
MOL_001249,19788-49-9,Ethyl mercaptopropionate,CCOC(=O)C(C)S,1248
MOL_001250,19788-50-2,Propyl mercaptopropionate,CCCOC(=O)C(C)S,1249
MOL_001251,19819-98-8,peony alcohol,Cc1ccccc1CCO,1250
MOL_001252,19825-93-5,butyl 3-pentenoate,CC=CCC(=O)OCCCC,1251
MOL_001253,198404-98-7,sandal cyclopropane,CC1(C)[C@H](C[C@H]2C[C@@]2(C)CO)C[C@H]2C[C@]21C,1252
MOL_001254,19870-74-7,cedrol methyl ether,CO[C@@]1(C)CC[C@@]23C[C@@H]1C(C)(C)[C@@H]2CC[C@H]3C,1253
MOL_001255,19872-52-7,Mercaptomethyllpentanone,CC(=O)CC(C)(C)S,1254
MOL_001256,19894-97-4,(-)-myrtenol,CC1(C)[C@H]2CC=C(CO)[C@@H]1C2,1255
MOL_001257,19902-08-0,D-(+)-beta-pinene,C=C1CC[C@@H]2C[C@H]1C2(C)C,1256
MOL_001258,19912-62-0,T-muurolol,CC1=C[C@H]2[C@H](C(C)C)CC[C@](C)(O)[C@H]2CC1,1257
MOL_001259,19961-52-5,Ethylmethylthiazole,CCc1cnc(C)s1,1258
MOL_001260,20013-73-4,Trimethylcyclohexenone,CC1=CCCC(C)(C)C1=O,1259
MOL_001261,20053-88-7,hotrienol,C=C/C=C(\C)CC(C)(O)C=C,1260
MOL_001262,20073-13-6,methyl (Z)-jasmonate,CC/C=C\CC1C(=O)CCC1CC(=O)OC,1261
MOL_001263,2009-74-7,Methylheptenone,CC(=O)/C=C/CC(C)C,1262
MOL_001264,20115-23-5,Phenyl valerate,CCCCC(=O)Oc1ccccc1,1263
MOL_001265,20125-81-9,(E)-2-octen-4-ol,C/C=C/C(O)CCCC,1264
MOL_001266,20125-84-2,Octenol,CCCC/C=C/CCO,1265
MOL_001267,20175-19-3,alpha-heptyl cinnamaldehyde,CCCCCCCC(C=O)=Cc1ccccc1,1266
MOL_001268,20184-89-8,3-nonyne,CCC#CCCCCC,1267
MOL_001269,2021-28-5,Ethyl phenylpropionate,CCOC(=O)CCc1ccccc1,1268
MOL_001270,202188-43-0,"acetaldehyde 1,3-octane diol acetal",CCCCCC1CCOC(C)O1,1269
MOL_001271,2024-70-6,Ethyl furfuryl sulfide,CCSCc1ccco1,1270
MOL_001272,20273-24-9,Pentenol,CC/C=C/CO,1271
MOL_001273,20279-29-2,Phenyl isobutyrate,CC(C)C(=O)Oc1ccccc1,1272
MOL_001274,20279-43-0,Propyl pyruvate,CCCOC(=O)C(C)=O,1273
MOL_001275,20279-49-6,Amyl levulinate,CCCCCOC(=O)CCC(C)=O,1274
MOL_001276,20279-51-0,Hexyl lactate,CCCCCCOC(=O)C(C)O,1275
MOL_001277,20286-45-7,Octyl butyrate,CCCCCC(CC)OC(=O)CCC,1276
MOL_001278,20298-69-5,cis-green acetate,CC(=O)O[C@@H]1CCCC[C@@H]1C(C)(C)C,1277
MOL_001279,20298-72-0,cis-3-tert-butyl cyclohexyl acetate,CC(=O)O[C@H]1CCC[C@H](C(C)(C)C)C1,1278
MOL_001280,20307-83-9,beta-sesquiphellandrene,C=C1C=CC([C@@H](C)CCC=C(C)C)CC1,1279
MOL_001281,20307-84-0,Elemene,C=CC1(C)CCC(C(C)C)=CC1C(=C)C,1280
MOL_001282,20333-39-5,Methyl ethyl disulfide,CCSSC,1281
MOL_001283,20347-65-3,dextro-bornyl acetate,CC(=O)O[C@H]1CC2CCC1(C)C2(C)C,1282
MOL_001284,2035-93-0,4-methyl-4-phenyl-2-pentanol,CC(O)CC(C)(C)c1ccccc1,1283
MOL_001285,2035-99-6,Isoamyl octanoate,CCCCCCCC(=O)OCCC(C)C,1284
MOL_001286,203719-54-4,Limonene oxide,C=C(C)[C@@H]1CCC2(C)OC2C1,1285
MOL_001287,2040-10-0,labdanum ethanone,CC(=O)c1c(C)cc(C(C)(C)C)cc1C,1286
MOL_001288,20407-84-5,Dodecenal,CCCCCCCCC/C=C/C=O,1287
MOL_001289,20425-54-1,(R)-citronellyl acetate,CC(=O)OCC[C@H](C)CCC=C(C)C,1288
MOL_001290,2044-73-7,Pyridinemethanethiol,SCc1ccccn1,1289
MOL_001291,2046-17-5,Methyl phenylbutyrate,COC(=O)CCCc1ccccc1,1290
MOL_001292,20474-93-5,Allyl butenoate,C=CCOC(=O)/C=C/C,1291
MOL_001293,20483-36-7,Dehydrodihydroionone,CC(=O)CCC1=C(C)C=CCC1(C)C,1292
MOL_001294,20487-40-5,Butyl propionate,CCC(=O)OC(C)(C)C,1293
MOL_001295,20489-53-6,dihydronootkatone,C=C(C)[C@@H]1CC[C@H]2CC(=O)C[C@@H](C)[C@]2(C)C1,1294
MOL_001296,2049-96-9,Amyl benzoate,CCCCCOC(=O)c1ccccc1,1295
MOL_001297,2050-01-3,Isoamyl isobutyrate,CC(C)CCOC(=O)C(C)C,1296
MOL_001298,2050-08-0,Amyl salicylate,CCCCCOC(=O)c1ccccc1O,1297
MOL_001299,2050-09-1,Isoamyl valerate,CCCCC(=O)OCCC(C)C,1298
MOL_001300,2050-46-6,Catechol diethyl ether,CCOc1ccccc1OCC,1299
MOL_001301,2050-87-5,Diallyl trisulfide,C=CCSSSCC=C,1300
MOL_001302,2051-04-9,Diisoamyl disulfide,CC(C)CCSSCCC(C)C,1301
MOL_001303,2051-50-5,Octyl acetate,CCCCCCC(C)OC(C)=O,1302
MOL_001304,2051-78-7,Allyl butanoate,C=CCOC(=O)CCC,1303
MOL_001305,2051-96-9,Benzyl lactate,CC(O)C(=O)OCc1ccccc1,1304
MOL_001306,2052-14-4,butyl salicylate,CCCCOC(=O)c1ccccc1O,1305
MOL_001307,2052-15-5,Butyl levulinate,CCCCOC(=O)CCC(C)=O,1306
MOL_001308,20547-99-3,Trimethylcyclohexanedione,CC1CC(=O)CC(C)(C)C1=O,1307
MOL_001309,20582-85-8,Methylthiobutanol,CSCCCCO,1308
MOL_001310,20602-31-7,Dipentyl malonate,CCCCCOC(=O)CC(=O)OCCCCC,1309
MOL_001311,20662-84-4,Trimethyloxazole,Cc1nc(C)c(C)o1,1310
MOL_001312,20664-46-4,(Z)-2-octenal,CCCCC/C=C\C=O,1311
MOL_001313,20665-85-4,vanillyl isobutyrate,COc1cc(C=O)ccc1OC(=O)C(C)C,1312
MOL_001314,20675-95-0,Propenyldimethoxyphenol,CC=Cc1ccc(O)c(OC)c1OC,1313
MOL_001315,20680-10-8,Acetaldehyde ethyl propyl acetal,CCCOC(C)OCC,1314
MOL_001316,20691-52-5,4-tert-butyl cyclohexane carboxaldehyde,CC(C)(C)C1CCC(C=O)CC1,1315
MOL_001317,20720-12-1,Methylallyl propionate,C=C(C)COC(=O)CC,1316
MOL_001318,20756-86-9,Methyl hexanethioate,CCCCCC(=S)OC,1317
MOL_001319,20770-40-5,citronellyl senecioate,CC(C)=CCCC(C)CCOC(=O)C=C(C)C,1318
MOL_001320,20777-49-5,dihydrocarvyl acetate,C=C(C)C1CCC(C)C(OC(C)=O)C1,1319
MOL_001321,20780-48-7,tetrahydrolinalyl acetate,CCC(C)(CCCC(C)C)OC(C)=O,1320
MOL_001322,20780-49-8,Tetrahydrogeranyl acetate,CC(=O)OCCC(C)CCCC(C)C,1321
MOL_001323,207983-28-6,Methyl methylthiobutanoate,CCC(C)C(=S)OC,1322
MOL_001324,20807-99-2,Ethyl butanethioate,CCCC(=S)OCC,1323
MOL_001325,20815-27-4,2-heptyl pyridine,CCCCCCCc1ccccn1,1324
MOL_001326,20834-59-7,cumin carbinol,Cc1ccc(CC(C)(C)O)cc1,1325
MOL_001327,2084-18-6,Methylbutanethiol,CC(C)C(C)S,1326
MOL_001328,2084-19-7,Pentanethiol,CCCC(C)S,1327
MOL_001329,20859-10-3,Methylheptenone,CCCC=CC(=O)CC,1328
MOL_001330,2092-49-1,Divanillin,COc1cc(C=O)cc(-c2cc(C=O)cc(OC)c2O)c1O,1329
MOL_001331,20920-83-6,Ethoxymethylphenol,CCOCc1ccccc1O,1330
MOL_001332,20921-04-4,Ethyl hydroxyphenylpropanoate,CCOC(=O)C(C)(O)c1ccccc1,1331
MOL_001333,2094-69-1,benzyl pivalate,CC(C)(C)C(=O)OCc1ccccc1,1332
MOL_001334,20996-35-4,Decadiene,C=CC=CCCCCCC,1333
MOL_001335,2100-17-6,Pentenal,C=CCCC=O,1334
MOL_001336,2102-59-2,Carveol,C=C(C)[C@@H]1CC=C(C)[C@H](O)C1,1335
MOL_001337,21040-45-9,(E)-cinnamyl acetate,CC(=O)OC/C=C/c1ccccc1,1336
MOL_001338,21063-71-8,Methyl octenoate,CCC/C=C/CCC(=O)OC,1337
MOL_001339,2109-22-0,2-cyclohexyl propionaldehyde,CC(C=O)C1CCCCC1,1338
MOL_001340,2110-18-1,Phenylpropylpyridine,c1ccc(CCCc2ccccn2)cc1,1339
MOL_001341,2110-78-3,Methyl methyllactate,COC(=O)C(C)(C)O,1340
MOL_001342,2111-75-3,Perillaldehyde,C=C(C)C1CC=C(C=O)CC1,1341
MOL_001343,21112-37-8,vetylbois,COc1ccc(OC)c(C(C)(C)C)c1,1342
MOL_001344,211238-85-6,citronellyl (R)-lactate,CC(C)=CCCC(C)CCOC(=O)[C@@H](C)O,1343
MOL_001345,211299-54-6,"(4aR,5R,7aS,9R)-octahydro-2,2,5,8,8,9a-hexamethyl-4h-4a,9-methanoazuleno(5,6-d)-1,3-dioxole",C[C@@H]1CC[C@H]2C(C)(C)[C@H]3C[C@@]12CC1OC(C)(C)OC13C,1344
MOL_001346,211323-05-6,Nonadienyl acetate,CC/C=C\C/C=C/CCOC(C)=O,1345
MOL_001347,21188-58-9,Methyl hydroxyhexanoate,CCCCC(O)C(=O)OC,1346
MOL_001348,21188-60-3,Methyl acetoxyhexanoate,CCCC(CC(=O)OC)OC(C)=O,1347
MOL_001349,21188-61-4,Ethyl acetoxyhexanoate,CCCC(CC(=O)OCC)OC(C)=O,1348
MOL_001350,21195-59-5,"1,5,8-para-menthatriene",C=C(C)C1C=CC(C)=CC1,1349
MOL_001351,2120-70-9,Phenoxyacetaldehyde,O=CCOc1ccccc1,1350
MOL_001352,21280-29-5,animal carbolactone,CC12CCC3(CCCC(C)(C)C3C1)OC2=O,1351
MOL_001353,21284-22-0,(-)-cubenol,CC1=C[C@H]2[C@H](C(C)C)CC[C@@H](C)[C@]2(O)CC1,1352
MOL_001354,21391-84-4,Menthadienol,C=C(C)[C@@H]1CCC(=C)[C@@H](O)C1,1353
MOL_001355,2142-94-1,Neryl formate,CC(C)=CCC/C(C)=C/C(O)C=O,1354
MOL_001356,215231-33-7,1-methyl-3-(2-methyl propyl) cyclohexanol,CC(C)CC1CCCC(C)(O)C1,1355
MOL_001357,2153-26-6,Terpinyl formate,CC1=CCC(C(C)(C)OC=O)CC1,1356
MOL_001358,2153-28-8,Terpinyl butyrate,CCCC(=O)OC(C)(C)C1CC=C(C)CC1,1357
MOL_001359,21593-77-1,Allyl cysteine,C=CCSCC(N)C(=O)O,1358
MOL_001360,21653-20-3,Thujyl alcohol,CC1[C@H](O)C[C@@]2(C(C)C)C[C@H]12,1359
MOL_001361,21661-97-2,Decenal,CC/C=C\CCCCCC=O,1360
MOL_001362,21662-08-8,Decenal,CCCC/C=C\CCCC=O,1361
MOL_001363,21662-09-9,Decenal,CCC/C=C/C=C/CCCO,1362
MOL_001364,21662-13-5,Dodecadienal,CCCCC/C=C/CC/C=C/C=O,1363
MOL_001365,21662-16-8,Dodecadienal,CCCCCCC/C=C/C=C/C=O,1364
MOL_001366,2167-14-8,Ethylformylpyrrole,CCn1cccc1C=O,1365
MOL_001367,21722-83-8,Cyclohexaneethyl acetate,CC(=O)OCCC1CCCCC1,1366
MOL_001368,2173-56-0,Amyl valerate,CCCCCOC(=O)CCCC,1367
MOL_001369,2173-57-1,Naphthyl isobutyl ether,CC(C)COc1ccc2ccccc2c1,1368
MOL_001370,2177-77-7,Methyl methylpentanoate,CCCC(C)C(=O)OC,1369
MOL_001371,2179-57-9,Diallyl disulfide,C=CCSSCC=C,1370
MOL_001372,2179-58-0,Allyl methyl disulfide,C=CCSSC,1371
MOL_001373,2179-59-1,Allyl propyl disulphide,C=CCSSCCC,1372
MOL_001374,2179-60-4,Methyl propyl disulfide,CCCSSC,1373
MOL_001375,21834-92-4,Methylphenylhexenal,CC(C)C/C=C(/C=O)c1ccccc1,1374
MOL_001376,21835-00-7,hydroxydimethyl cyclopentenone,CC1=C(O)C(=O)CC1C,1375
MOL_001377,21835-01-8,Ethylhydroxycyclopentenone,CCC1=C(O)C(=O)CC1,1376
MOL_001378,2186-92-7,Anisaldehyde dimethyl acetal,COc1ccc(C(OC)OC)cc1,1377
MOL_001379,21862-63-5,(±)-trans-patchouli hexanol,CC(C)(C)[C@H]1CC[C@H](O)CC1,1378
MOL_001380,21884-26-4,Isopropyl levulinate,CC(=O)CCC(=O)OC(C)C,1379
MOL_001381,21944-83-2,"(Z,Z)-3,6-nonadienal",CC/C=C\C/C=C\CC=O,1380
MOL_001382,21944-98-9,Dodecenal,CCCCCCC/C=C\CCC=O,1381
MOL_001383,21948-70-9,Pyrazinyl methyl sulfide,CSc1cnccn1,1382
MOL_001384,21963-26-8,Nonenolide,CCCCCC1C=CC(=O)O1,1383
MOL_001385,21964-44-3,Nonenol,C=CC(O)CCCCCC,1384
MOL_001386,2198-61-0,Isoamyl hexanoate,CCCCCC(=O)OCCC(C)C,1385
MOL_001387,22029-76-1,Ionol,CC1=C(/C=C/C(C)O)C(C)(C)CCC1,1386
MOL_001388,22030-19-9,Ionyl acetate,CC(=O)OC(C)/C=C/C1=C(C)CCCC1(C)C,1387
MOL_001389,22047-25-2,Acetylpyrazine,CC(=O)c1cnccn1,1388
MOL_001390,22047-26-3,Acetylmethylpyrazine,CC(=O)Cc1cnccn1,1389
MOL_001391,22047-27-4,Acetylmethylpyrazine,CC(=O)c1cnc(C)cn1,1390
MOL_001392,2206-94-2,indocolore (Firmenich),C=C(OC(C)=O)c1ccccc1,1391
MOL_001393,22094-00-4,Prenyl ethyl ether,CCOCC=C(C)C,1392
MOL_001394,22104-78-5,2-octen-1-ol,CCCCCC=CCO,1393
MOL_001395,22104-79-6,2-nonen-1-ol,CCCCCCC=CCO,1394
MOL_001396,22104-80-9,Decenol,CCCCCCCC=CCO,1395
MOL_001397,22104-81-0,Dodecenol,CCCCCCCCC/C=C/CO,1396
MOL_001398,2216-45-7,Methylbenzyl acetate,CC(=O)OCc1ccc(C)cc1,1397
MOL_001399,2216-51-5,Menthol,CC(C)[C@@H]1CC[C@@H](C)C[C@H]1O,1398
MOL_001400,2216-52-6,Neomenthol,CC(C)[C@H]1CC[C@@H](C)CC1O,1399
MOL_001401,2216-69-5,Methoxynaphthalene,COc1cccc2ccccc12,1400
MOL_001402,2216-81-1,Heptyl propionate,CCCCCCCOC(=O)CC,1401
MOL_001403,2217-33-6,Tetrahydrofurfuryl butyrate,CCCC(=O)OCC1CCCO1,1402
MOL_001404,2219-82-1,2-tert-butyl-6-methyl phenol,Cc1cccc(C(C)(C)C)c1O,1403
MOL_001405,22236-44-8,Acetylthiohexanal,CCCCC(C=O)SC(C)=O,1404
MOL_001406,2226-05-3,patchouli ethanol,CC1(C)/C(=C/CO)C2CCC1C2,1405
MOL_001407,2230-90-2,Menthyl formate,CC1CCC(C(C)C)C(OC=O)C1,1406
MOL_001408,2235-83-8,phenyl ethylidene acetone,CC(=O)CCCc1ccccc1,1407
MOL_001409,2239-78-3,Propyl palmitate,CCCCCCCCCCCCCCCC(=O)OCCC,1408
MOL_001410,224031-70-3,spirogalbanone (Givaudan),C=CCCC(=O)C1=CCCC2(CCCC2)C1,1409
MOL_001411,22414-70-6,"3,5,5-trimethyl-2-methylene hexanal",C=C(C=O)C(C)CC(C)(C)C,1410
MOL_001412,22418-66-2,alpha-methylene citronellal,C=C(C=O)C(C)CCC=C(C)C,1411
MOL_001413,2244-02-2,Undecene,C/C=C/CCCCCCCC,1412
MOL_001414,2244-16-8,dextro-carvone,C=C(C)[C@H]1CC=C(C)C(=O)C1,1413
MOL_001415,22451-73-6,bulnesol,CC1=C2CCC(C)C2CC(C(C)(C)O)CC1,1414
MOL_001416,22457-23-4,leafy oxime,CCC(CC(C)CC)=NO,1415
MOL_001417,22457-25-6,citronellal oxime,CC(C)=CCCC(C)CC=NO,1416
MOL_001418,22471-55-2,thesaron (Takasago),CCOC(=O)[C@@H]1[C@@H](C)CCCC1(C)C,1417
MOL_001419,22502-03-0,Methoxyethyl acetoacetate,COCCOC(=O)CC(C)=O,1418
MOL_001420,2253-73-8,Isopropyl isothiocyanate,CC(C)N=C=S,1419
MOL_001421,2257-09-2,Phenethyl isothiocyanate,S=C=NCCc1ccccc1,1420
MOL_001422,22610-86-2,Octenone,CCC=CCCC(C)=O,1421
MOL_001423,22628-11-1,"(3S,6S)-(Z)-linalool oxide (pyranoid)",C=C[C@]1(C)CC[C@H](O)C(C)(C)O1,1422
MOL_001424,22629-49-8,waxy nitrile,CCCCCCCCCCC=CC#N,1423
MOL_001425,22694-96-8,Trimethyloxazoline,CC1=N[C@@H](C)O[C@H]1C,1424
MOL_001426,2270-57-7,Dihydrolinalool,CCC(C)(O)CCC=C(C)C,1425
MOL_001427,2270-60-2,Methyl citronellate,COC(=O)CC(C)CCC=C(C)C,1426
MOL_001428,22717-57-3,methyl 5-methyl salicylate,COC(=O)c1cc(C)ccc1O,1427
MOL_001429,227456-27-1,3-mercapto-2-methyl pentanol,CCC(S)C(C)CO,1428
MOL_001430,227456-28-2,3-mercapto-2-methyl pentanal,CCC(S)C(C)C=O,1429
MOL_001431,227456-33-9,Mercaptomethylbutanol,CC(S)C(C)CO,1430
MOL_001432,2277-16-9,Nonenal,CCCC/C=C/CCC=O,1431
MOL_001433,2277-19-2,Nonenal,CC/C=C\CCCCC=O,1432
MOL_001434,2277-20-5,Nonenol,CC/C=C/CCCCC=O,1433
MOL_001435,22771-44-4,Menthadienol,C=C(C)C1C=CC(C)(O)CC1,1434
MOL_001436,2278-53-7,Solanone,C=C(C)/C=C/C(CCC(C)=O)C(C)C,1435
MOL_001437,22810-10-2,dihydrocitronellyl ethyl ether,CCOCCC(C)CCCC(C)C,1436
MOL_001438,22874-79-9,Octyl crotonate,C/C=C\C(=O)OCCCCCCCC,1437
MOL_001439,22882-89-9,neryl ethyl ether,CCOC/C=C(/C)CCC=C(C)C,1438
MOL_001440,22927-13-5,Ethylbenzaldehyde,CCc1ccccc1C=O,1439
MOL_001441,2294-76-0,Pentylpyridine,CCCCCc1ccccn1,1440
MOL_001442,22940-86-9,Acetyldimethylfuran,CC(=O)c1oc(C)cc1C,1441
MOL_001443,2305-05-7,Dodecalactone,CCCCCCCCC1CCC(=O)O1,1442
MOL_001444,2305-21-7,2-hexen-1-ol,CCCC=CCO,1443
MOL_001445,2305-25-1,Ethyl hydroxyhexanoate,CCCC(O)CC(=O)OCC,1444
MOL_001446,2306-78-7,nerolidyl acetate,C=CC(C)(CC/C=C(\C)CCC=C(C)C)OC(C)=O,1445
MOL_001447,2306-88-9,Octyl octanoate,CCCCCCCCOC(=O)CCCCCCC,1446
MOL_001448,2306-89-0,Decyl octanoate,CCCCCCCCCCOC(=O)CCCCCCC,1447
MOL_001449,2306-91-4,Isoamyl decanoate,CCCCCCCCCC(=O)OCCC(C)C,1448
MOL_001450,2306-92-5,Octyl decanoate,CCCCCCCCCC(=O)OCCCCCCCC,1449
MOL_001451,2307-10-0,Propyl thioacetate,CCCSC(C)=O,1450
MOL_001452,2308-18-1,Isoamyl acetoacetate,CC(=O)CC(=O)OCCC(C)C,1451
MOL_001453,23089-26-1,Bisabolol,CC(C)=CCC[C@](C)(O)[C@@H]1CC=C(C)CC1,1452
MOL_001454,2311-46-8,Isopropyl hexanoate,CCCCCC(=O)OC(C)C,1453
MOL_001455,2311-59-3,Isopropyl decanoate,CCCCCCCCCC(=O)OC(C)C,1454
MOL_001456,23147-57-1,acetoin dimer,CC1OC(C)(O)C(C)OC1(C)O,1455
MOL_001457,2315-09-5,Hexenyl formate,CC/C=C/CCOC=O,1456
MOL_001458,2315-68-6,Propyl benzoate,CCCOC(=O)c1ccccc1,1457
MOL_001459,23267-57-4,Ionone epoxide,CC(=O)/C=C/C12OC1(C)CCCC2(C)C,1458
MOL_001460,23283-97-8,"(1S,2R,5R)-(+)-isomenthol",CC(C)[C@H]1CC[C@@H](C)C[C@@H]1O,1459
MOL_001461,23328-62-3,Methylthioacetaldehyde,CCC=S,1460
MOL_001462,23333-91-7,geosmin,CC1CCCC2(C)CCCCC12O,1461
MOL_001463,233665-90-2,Acetaldehyde hexyl isoamyl acetal,CCCCCCOC(C)OCCC(C)C,1462
MOL_001464,233665-91-3,Acetylethylthiazole,CC(=O)CCc1nccs1,1463
MOL_001465,233665-96-8,Ethyl methylthiobutyrate,CCOC(=S)C(C)CC,1464
MOL_001466,233665-98-0,Ethyl methylthiopentanoate,CCCC(C)C(=S)OCC,1465
MOL_001467,233666-04-1,Hexenyl ethylbutyrate,CCCCC=COC(=O)C(CC)CC,1466
MOL_001468,23433-05-8,Octanediol,CCCCCC(O)CCO,1467
MOL_001469,2344-70-9,Phenylbutanol,CC(O)CCc1ccccc1,1468
MOL_001470,2345-24-6,Neryl isobutyrate,CC(C)=CCC/C(C)=C\COC(=O)C(C)C,1469
MOL_001471,2345-26-8,Geranyl isobutyrate,CC(C)=CCC/C(C)=C/COC(=O)C(C)C,1470
MOL_001472,2345-27-9,Tetradecanone,CCCCCCCCCCCCC(C)=O,1471
MOL_001473,2345-28-0,Pentadecanone,CCCCCCCCCCCCCC(C)=O,1472
MOL_001474,2346-00-1,Methylthiazoline,CC1=NCCS1,1473
MOL_001475,2349-07-7,Hexyl isobutyrate,CCCCCCOC(=O)C(C)C,1474
MOL_001476,2349-13-5,Heptyl isobutyrate,CCCCCCCOC(=O)C(C)C,1475
MOL_001477,23495-12-7,Phenoxyethyl propionate,CCC(=O)OCCOc1ccccc1,1476
MOL_001478,2351-90-8,ethyl 2-octenoate,CCCCCC=CC(=O)OCC,1477
MOL_001479,23511-70-8,Phenoxyethyl butyrate,CCCC(=O)OCCOc1ccccc1,1478
MOL_001480,23550-40-5,Methylthiomethylpentanone,CSC(C)(C)CC(C)=O,1479
MOL_001481,23556-90-3,Acetaldehyde dibenzyl acetal,CC(OCc1ccccc1)OCc1ccccc1,1480
MOL_001482,2363-88-4,"2,4-decadienal",CCCCCC=CC=CC=O,1481
MOL_001483,2363-89-5,Octenal,CCCCC/C=C/C=O,1482
MOL_001484,236391-76-7,musk methyl propionate,CCC(=O)OCC(=O)OC(C)C1CCCC(C)(C)C1,1483
MOL_001485,2365-48-2,Methyl thioglycolate,COC(=O)CS,1484
MOL_001486,23654-92-4,Dimethyltrithiolane,CC1SSC(C)S1,1485
MOL_001487,23696-85-7,Damascenone,C/C=C/C(=O)C1=C(C)C=CCC1(C)C,1486
MOL_001488,2371-13-3,2-octenyl acetate,CCCCCC=CCOC(C)=O,1487
MOL_001489,2371-42-8,2-methyl isoborneol,CC1(O)CC2CCC1(C)C2(C)C,1488
MOL_001490,23726-91-2,Damascone,C/C=C/C(=O)C1=C(C)CCCC1(C)C,1489
MOL_001491,23726-92-3,Damascone,C/C=C\C(=O)C1=C(C)CCCC1(C)C,1490
MOL_001492,23726-93-4,(E)-beta-damascenone,C/C=C/C(=O)C1=C(C)C=CCC1(C)C,1491
MOL_001493,23726-94-5,(Z)-alpha-damascone,C/C=C\C(=O)C1C(C)=CCCC1(C)C,1492
MOL_001494,23747-34-4,Propionylmethylfuran,CCC(=O)c1occc1C,1493
MOL_001495,23747-43-5,Ethyl methyldithiopropionate,CCOC(=O)C(C)SSC,1494
MOL_001496,23747-45-7,Methanethiol isovalerate,CSC(=O)CC(C)C,1495
MOL_001497,23747-48-0,Methyldihydrocyclopentapyrazine,C[C@@H]1CCC2=C1N=CCN2,1496
MOL_001498,23769-39-3,"2,4,6-trimethyl-1,3,5-trithiane",CC1SC(C)SC(C)S1,1497
MOL_001499,23787-80-6,Acetylmethylpyrazine,CC(=O)c1nccnc1C,1498
MOL_001500,23787-90-8,isolongifolene ketone,CC1(C)C2CCC3(C2)C1C(=O)CCC3(C)C,1499
MOL_001501,2379-55-7,Dimethylquinoxaline,Cc1nc2ccccc2nc1C,1500
MOL_001502,23811-08-7,agarospirol,CC1=CCC[C@H](C)C12CC[C@@H](C(C)(C)O)C2,1501
MOL_001503,23832-18-0,Mercaptopinane,CC1(S)CCC2CC1C2(C)C,1502
MOL_001504,2385-77-5,(R)-(+)-citronellal,CC(C)=CCC[C@@H](C)CC=O,1503
MOL_001505,238757-27-2,Acetaldehyde butyl isoamyl acetal,CCCCOC(C)OCCC(C)C,1504
MOL_001506,238757-30-7,Propanal ethyl methylbutyl acetal,CCCC(C)OC(CC)OCC,1505
MOL_001507,238757-30-7,Butanal ethyl isoamyl acetal,CCCC(OCC)OCCC(C)C,1506
MOL_001508,238757-42-1,Isobutanal ethyl propyl acetal,CCCOC(OCC)C(C)C,1507
MOL_001509,238757-63-6,Acetaldehyde methylbutyl propyl acetal,CCCOC(C)OC(C)CCC,1508
MOL_001510,238757-71-6,Heptyl isovalerate,CCCCCC(C)OC(=O)CC(C)C,1509
MOL_001511,23911-56-0,nerolione (Symrise),CC(=O)c1oc(C)c2ccccc12,1510
MOL_001512,2396-77-2,Methyl hexenoate,CCC/C=C/C(=O)OC,1511
MOL_001513,2396-78-3,Methyl hexenoate,CC/C=C/CC(=O)OC,1512
MOL_001514,2396-83-0,Ethyl hexenoate,CC/C=C/CC(=O)OCC,1513
MOL_001515,2396-84-1,Ethyl sorbate,C/C=C/C=C/C(=O)OCC,1514
MOL_001516,2396-85-2,methyl 2-octenoate,CCCCCC=CC(=O)OC,1515
MOL_001517,23986-74-5,Germacrene D,C=C1/C=C/C(C(C)C)CC/C(C)=C/CC1,1516
MOL_001518,2403-58-9,Anisaldehyde diethyl acetal,CCOC(OCC)c1ccc(OC)cc1,1517
MOL_001519,2403-59-0,Tolualdehyde diethyl acetal,CCOC(OCC)c1ccc(C)cc1,1518
MOL_001520,24048-13-3,Profarnesal (Symrise),CC(C)=CCC/C(C)=C/CCC(C)C=O,1519
MOL_001521,24048-14-4,waxy undecadienol,CC(C)=CCCC(C)=CCCC(C)CO,1520
MOL_001522,24050-10-0,Propylthiazolidine,CCCC1NCCS1,1521
MOL_001523,24050-16-6,Methylthiazolidine,CC1NCCS1,1522
MOL_001524,2407-43-4,Hexenolactone,CCC1C=CC(=O)O1,1523
MOL_001525,2408-20-0,Allyl propionate,C=CCOC(=O)CC,1524
MOL_001526,2408-37-9,Trimethylcyclohexanone,CC1CCCC(C)(C)C1=O,1525
MOL_001527,2409-55-4,2-tert-butyl-para-cresol,Cc1ccc(O)c(C(C)(C)C)c1,1526
MOL_001528,2412-73-9,Cyclohexyl benzoate,O=C(OC1CCCCC1)c1ccccc1,1527
MOL_001529,2412-80-8,Methyl methylvalerate,COC(=O)CCC(C)C,1528
MOL_001530,2416-94-6,Trimethylphenol,Cc1ccc(C)c(O)c1C,1529
MOL_001531,24168-70-5,Methoxymethylpropylpyrazine,CCC(C)c1nccnc1OC,1530
MOL_001532,24202-00-4,myrcenyl methyl ether,C=CC(=C)CCCC(C)(C)OC,1531
MOL_001533,24237-00-1,geranium dihydropyran,CCCCC1C=C(C)CC(C)O1,1532
MOL_001534,24295-03-2,Acetylthiazole,CC(=O)c1nccs1,1533
MOL_001535,24317-94-0,Ethyl amylacetoacetate,CCCCCC(C(C)=O)C(=O)OCC,1534
MOL_001536,24317-95-1,Ethyl acetyldecanoate,CCCCCCCCC(C(C)=O)C(=O)OCC,1535
MOL_001537,2432-42-0,Ethyl propanethioate,CCSC(=O)CC,1536
MOL_001538,2432-51-1,Methyl thiobutyrate,CCCC(=O)SC,1537
MOL_001539,2432-77-1,S-(methyl thio) hexanoate,CCCCCC(=O)SC,1538
MOL_001540,2432-83-9,Methyl octanethioate,CCCCCCCC(=S)OC,1539
MOL_001541,2432-91-9,Butyl methylbutanethioate,CCC(C)SC(=O)CC(C)C,1540
MOL_001542,2432-92-0,Ethyl pentanethioate,CCCCC(=S)OCC,1541
MOL_001543,24323-38-4,Ethyl hydroxymethylvalerate,CCCC(CO)C(=O)OCC,1542
MOL_001544,24330-52-7,Butanedithiol,CC(S)CCS,1543
MOL_001545,2435-16-7,2-heptyl tetrahydrofuran,CCCCCCCC1CCCO1,1544
MOL_001546,2436-90-0,dihydromyrcene,C=CC(C)CCC=C(C)C,1545
MOL_001547,2437-25-4,dodecane nitrile,CCCCCCCCCCCC#N,1546
MOL_001548,2438-10-0,(+)-terpinen-4-ol,CC1=CC[C@](O)(C(C)C)CC1,1547
MOL_001549,2438-20-2,Methylbutyl propionate,CCC(=O)OCC(C)CC,1548
MOL_001550,2439-44-3,Methylphenylbutyraldehyde,CC(C)C(C=O)c1ccccc1,1549
MOL_001551,24401-36-3,Phenylpentenal,C=CCC(C=O)c1ccccc1,1550
MOL_001552,24406-05-1,alpha-cadinene,CC1=C[C@@H]2[C@@H](CC1)C(C)=CC[C@H]2C(C)C,1551
MOL_001553,2441-06-7,ethyl 2-hydroxy-3-methyl butyrate,CCOC(=O)C(O)C(C)C,1552
MOL_001554,24415-26-7,Nonenone,C=CC(=O)CCCCCC,1553
MOL_001555,2442-10-6,Octenyl acetate,C=CC(CCCCC)OC(C)=O,1554
MOL_001556,24427-77-8,Vomifoliol,CC1=CC(=O)CC(C)(C)[C@@]1(O)/C=C/[C@@H](C)O,1555
MOL_001557,24431-34-3,Hexyl levulinate,CCCCCCOC(=O)CCC(C)=O,1556
MOL_001558,2444-46-4,Nonanoyl hydroxymethoxybenzylamide,CCCCCCCCC(=O)NCc1ccc(O)c(OC)c1,1557
MOL_001559,2444-49-7,Diallyl tetrasulfide,C=CCSSSSCC=C,1558
MOL_001560,2445-67-2,Isobutyl methylbutyrate,CCC(C)C(=O)OCC(C)C,1559
MOL_001561,2445-69-4,Methylbutyl isobutyrate,CCC(C)COC(=O)C(C)C,1560
MOL_001562,2445-72-9,Amyl isobutyrate,CCCCCOC(=O)C(C)C,1561
MOL_001563,2445-76-3,Hexyl propionate,CCCCCCOC(=O)CC,1562
MOL_001564,2445-77-4,Methylbutyl methylbutanoate,CCC(C)COC(=O)CC(C)C,1563
MOL_001565,2445-78-5,Methylbutyl methylbutyrate,CCC(C)COC(=O)C(C)CC,1564
MOL_001566,2445-83-2,7-methyl coumarin,Cc1ccc2ccc(=O)oc2c1,1565
MOL_001567,2445-93-4,Ethyl pentenoate,CC/C=C/C(=O)OCC,1566
MOL_001568,24509-88-4,Dimethylallyl acetate,C=CC(C)(C)OC(C)=O,1567
MOL_001569,24587-53-9,(S)-1-octen-3-ol,C=C[C@@H](O)CCCCC,1568
MOL_001570,2463-53-8,Nonenal,CCCCCC/C=C\C=O,1569
MOL_001571,2463-63-0,Heptenal,CCCC/C=C/C=O,1570
MOL_001572,2463-77-6,Undecenal,CCCCCCCC/C=C/C=O,1571
MOL_001573,2464-23-5,Mercaptooxopropionic acid,O=C(O)C(=O)CS,1572
MOL_001574,24653-75-6,Mercaptopropanone,CC(=O)CS,1573
MOL_001575,24680-50-0,(E)-para-methoxycinnamaldehyde,COc1ccc(/C=C/C=O)cc1,1574
MOL_001576,24683-00-9,Isobutylmethoxypyrazine,COc1nccnc1CC(C)C,1575
MOL_001577,24691-15-4,cis-herbal cyclohexane,CCO[C@@H]1C[C@H](C)CC(C)(C)C1,1576
MOL_001578,24703-35-3,bicyclogermacrene,C/C1=C\C2C(CC/C(C)=C/CC1)C2(C)C,1577
MOL_001579,24717-85-9,Citronellyl tiglate,C/C=C(\C)C(=O)OCCC(C)CCC=C(C)C,1578
MOL_001580,24717-86-0,bornyl isobutyrate,CC(C)C(=O)OC1CC2CCC1(C)C2(C)C,1579
MOL_001581,24720-09-0,(E)-alpha-damascone,C/C=C/C(=O)C1C(C)=CCCC1(C)C,1580
MOL_001582,2478-38-8,Acetosyringone,COc1cc(C(C)=O)cc(OC)c1O,1581
MOL_001583,24781-13-3,Phenylpropyl salicylate,O=C(OCCCc1ccccc1)c1ccccc1O,1582
MOL_001584,24817-51-4,Phenethyl methylbutyrate,CCC(C)C(=O)OCCc1ccccc1,1583
MOL_001585,2482-39-5,Methyl decenoate,CCCCCCC/C=C/C(=O)OC,1584
MOL_001586,24851-98-7,Methyl dihydrojasmonate,CCCCCC1C(=O)CCC1CC(=O)OC,1585
MOL_001587,2497-18-9,Hexenyl acetate,CCC/C=C/COC(C)=O,1586
MOL_001588,2497-21-4,Hexenone,C/C=C\C(=O)CC,1587
MOL_001589,2497-25-8,(Z)-2-decenal,CCCCCCC/C=C\C=O,1588
MOL_001590,2500-83-6,Tricyclodecenyl acetate,CC(=O)OC1CC2CC1C1C=CCC21,1589
MOL_001591,2510-99-8,Ethyl phenylpropionate,CCOC(=O)C(C)c1ccccc1,1590
MOL_001592,2511-00-4,ethyl 2-cyclohexyl propionate,CCOC(=O)C(C)C1CCCCC1,1591
MOL_001593,25152-83-4,"(E,Z)-2,4-decadienal",CCCCC/C=C\C=C\C=O,1592
MOL_001594,25152-84-5,Decadienal,CCCCC/C=C/C=C/C=O,1593
MOL_001595,25152-85-6,(Z)-3-hexen-1-yl benzoate,CC/C=C\CCOC(=O)c1ccccc1,1594
MOL_001596,25166-87-4,Hexenal,CCCC=CC=O,1595
MOL_001597,2518-53-8,Decenolide,CCCCCCC1C=CC(=O)O1,1596
MOL_001598,2520-60-7,pentenyl cyclopentanone,CC(C)=CCC1CCCC1=O,1597
MOL_001599,25225-08-5,marine formate,CC(OC=O)C1CCCC(C)(C)C1,1598
MOL_001600,25225-09-6,cyclademol,CC(O)C1CCCC(C)(C)C1,1599
MOL_001601,25225-10-9,musk acetate,CC(=O)OC(C)C1CCCC(C)(C)C1,1600
MOL_001602,25263-97-2,Isobutyl tetradecanoate,CCCCCCCCCCCCCC(=O)OCC(C)C,1601
MOL_001603,2527-76-6,Methylmercaptothiophene,Cc1sccc1S,1602
MOL_001604,252736-36-0,Furfuryl propyl disulfide,CCCSSCc1ccco1,1603
MOL_001605,252736-40-6,Methylfuryl methyltetrahydrofuryl disulfide,Cc1ccoc1SSC1(C)CCCO1,1604
MOL_001606,252736-41-7,Methylthioacetoxytetrahydrofuran,CCC(=S)OC1CCCO1,1605
MOL_001607,2530-10-1,Acetyldimethylthiophene,CC(=O)c1cc(C)sc1C,1606
MOL_001608,25304-14-7,Dimethylcyclohexyl methyl ketone (Herbac - IFF),CC(=O)C1CCCC(C)(C)C1,1607
MOL_001609,25312-34-9,Ionol,CC1=CCCC(C)(C)C1/C=C/C(C)O,1608
MOL_001610,25334-93-4,Acetaldehyde ethyl isopropyl acetal,CCOC(C)OC(C)C,1609
MOL_001611,25343-57-1,Acetyltetrahydropyridine,CC(=O)C1=CCCCN1,1610
MOL_001612,253596-70-2,Heptenyl isovalerate,CCCCCC=COC(=O)CC(C)C,1611
MOL_001613,253596-99-5,Dimethylbutyl malate,CCCC(C)(C)OC(=O)C(O)CC(=O)O,1612
MOL_001614,25360-10-5,Dimethylheptanethiol,CCCCCCC(C)(C)S,1613
MOL_001615,253679-74-2,Isobutanal ethyl isoamyl acetal,CCOC(OCCC(C)C)C(C)C,1614
MOL_001616,25394-57-4,spilanthol,C/C=C/C=C\CC/C=C/C(=O)NCC(C)C,1615
MOL_001617,25409-08-9,Butylbutenal,C/C=C(\C=O)CCCC,1616
MOL_001618,25415-62-7,Amyl isovalerate: Pentyl isovalerate,CCCCCOC(=O)CC(C)C,1617
MOL_001619,25415-67-2,Ethyl isohexanoate,CCOC(=O)CCC(C)C,1618
MOL_001620,25415-68-3,Propyl isohexanoate,CCCOC(=O)CCC(C)C,1619
MOL_001621,25415-69-4,Isopropyl isohexanoate,CC(C)CCC(=O)OC(C)C,1620
MOL_001622,25415-76-3,Amyl butenoate,C/C=C\C(=O)OCCCCC,1621
MOL_001623,25415-77-4,Isoamyl crotonate,C/C=C/C(=O)OCCC(C)C,1622
MOL_001624,25435-63-6,2-pentyl-2-cyclohexen-1-one,CCCCCC1=CC(=O)CCC1,1623
MOL_001625,2548-87-0,(E)-2-octenal,CCCCC/C=C/C=O,1624
MOL_001626,25485-88-5,Cyclohexyl salicylate,O=C(OC1CCCCC1)c1ccccc1O,1625
MOL_001627,25496-72-4,Glyceryl monooleate,CCCCCCCC/C=C\CCCCCCCC(=O)OCC(O)CO,1626
MOL_001628,25496-75-7,Propylene glycol monopropionate (2 isomers),CCC(=O)OCC(C)O,1627
MOL_001629,2550-11-0,Dimethyl octenone,CCC(=O)C(C)CC=C(C)C,1628
MOL_001630,2550-18-7,Dimethyloctenone,CCCCC=CC(=O)C(C)C,1629
MOL_001631,2550-21-2,Methylhexanone,CCCC(C)C(C)=O,1630
MOL_001632,2550-26-7,Phenylbutanone,CC(=O)CCc1ccccc1,1631
MOL_001633,2550-40-5,Dicyclohexyl disulfide,C1CCC(SSC2CCCCC2)CC1,1632
MOL_001634,2550-52-9,cyclohexadecanone,O=C1CCCCCCCCCCCCCCC1,1633
MOL_001635,2550-59-6,musk dec-7-enone,O=C1CCCCC/C=C\CCCCCCCC1,1634
MOL_001636,25524-95-2,creamy lactone,CC/C=C/CC1CCCC(=O)O1,1635
MOL_001637,2555-49-9,ethyl phenoxyacetate,CCOC(=O)COc1ccccc1,1636
MOL_001638,2556-10-7,Acetaldehyde ethyl phenylethyl acetal,CCOC(C)OCCc1ccccc1,1637
MOL_001639,25564-22-1,Amylcyclopentenone,CCCCCC1=CCCC1=O,1638
MOL_001640,25628-84-6,Methyl propionylanthranilate,CCC(=O)Nc1ccccc1C(=O)OC,1639
MOL_001641,2563-07-7,vanilla cresol,CCOc1cc(C)ccc1O,1640
MOL_001642,25634-93-9,rose blossom pentanol,Cc1cccc(CCCCCO)c1,1641
MOL_001643,2565-82-4,geranyl methyl ether,COC/C=C(\C)CCC=C(C)C,1642
MOL_001644,2568-06-1,"4,4,6-trimethyl-2-phenyl-1,3-dioxane",CC1CC(C)(C)OC(c2ccccc2)O1,1643
MOL_001645,2568-25-4,Benzaldehyde propylene glycol acetal,CC1COC(c2ccccc2)O1,1644
MOL_001646,25680-57-3,Methoxypropylpyrazine,CCC(OC)c1cnccn1,1645
MOL_001647,25680-58-4,Ethylmethoxypyrazine,CCc1nccnc1OC,1646
MOL_001648,25773-40-4,bean pyrazine,COc1nccnc1C(C)C,1647
MOL_001649,25905-14-0,Lavandulyl acetate,C=C(C)C(CC=C(C)C)COC(C)=O,1648
MOL_001650,259854-70-1,(E)-3-methyl-5-cyclotetradecen-1-one,CC1CC=CCCCCCCCCC(=O)C1,1649
MOL_001651,259854-71-2,(Z)-3-methyl-5-cyclotetradecen-1-one,CC1C/C=C\CCCCCCCCC(=O)C1,1650
MOL_001652,26001-58-1,Octenol,CCCCC/C=C\CO,1651
MOL_001653,2601-13-0,Methylbutyl hexanoate,CCCCCC(=O)OCC(C)CC,1652
MOL_001654,26131-91-9,Isobutyldimethyloxazole,Cc1nc(C)c(CC(C)C)o1,1653
MOL_001655,26171-78-8,Menthyl phenylacetate,CC1CCC(C(C)C)C(OC(=O)Cc2ccccc2)C1,1654
MOL_001656,2623-23-6,Menthyl acetate,CC(=O)O[C@@H]1C[C@H](C)CC[C@H]1C(C)C,1655
MOL_001657,2628-17-3,Vinylphenol,C=Cc1ccc(O)cc1,1656
MOL_001658,26303-90-2,Decenoic acid,CCCCC/C=C/CCC(=O)O,1657
MOL_001659,26330-64-3,3-methyl-6-ethyl-5-octen-1-ol,CCC(=CCC(C)CCO)CC,1658
MOL_001660,26370-28-5,"2,6-nonadienal",CCC=CCCC=CC=O,1659
MOL_001661,2639-63-6,Hexyl butyrate,CCCCCCOC(=O)CCC,1660
MOL_001662,2639-64-7,Nonyl butyrate,CCCCCCCCCOC(=O)CCC,1661
MOL_001663,2639-68-1,Nerolidyl isobutyrate,C=CC(C)(CC/C=C(/C)CCC=C(C)C)OC(=O)C(C)C,1662
MOL_001664,26446-31-1,Glyceryl hydroxydecanoates,CCCCCC(O)CCCC(=O)OCC(O)CO,1663
MOL_001665,26446-32-2,Glyceryl hydroxydodecanoates,CCCCCCCC(O)CCCC(=O)OCC(O)CO,1664
MOL_001666,26450-58-8,Pentanal dimethyl acetal,CCCCC(OC)OC,1665
MOL_001667,26473-47-2,Mercaptomethylpropionic acid,CC(CS)C(=O)O,1666
MOL_001668,26486-13-5,Dihydromercaptomethylfuran,SCC1CC=CO1,1667
MOL_001669,26486-21-5,Dimethyltetrahydrofuranthiol,CC1CCOC1(C)S,1668
MOL_001670,26494-10-0,Hydroxydimethylthiophenone,CC1=C(O)C(=O)C(C)S1,1669
MOL_001671,26516-27-8,"pentanoic acid, 3-methyl-2-oxo-, ethyl ester",CCOC(=O)C(=O)C(C)CC,1670
MOL_001672,26549-24-6,(R)-(-)-2-hexanol,CCCC[C@@H](C)O,1671
MOL_001673,26549-25-7,(S)-3-heptanol,CCCC[C@@H](O)CC,1672
MOL_001674,26553-46-8,ethyl (E)-3-hexenoate,CC/C=C/CC(=O)OCC,1673
MOL_001675,26553-47-9,Ethyl octenoate,CCCC/C=C/CC(=O)OCC,1674
MOL_001676,26563-75-7,trans-hexanal propylene glycol acetal,CCCCC[C@H]1OC[C@H](C)O1,1675
MOL_001677,26643-91-4,Methylphenylpentenal,CC(C)/C=C(/C=O)c1ccccc1,1676
MOL_001678,26643-92-5,Phenylmethylhexenal,CCCC=C(C=O)Cc1ccccc1,1677
MOL_001679,26693-24-3,kahweofuran,Cc1occ2c1SCC2,1678
MOL_001680,26728-44-9,ethyl citronellate,CCOC(=O)CC(C)CCC=C(C)C,1679
MOL_001681,2679-87-0,Butyl ethyl ether,CCOC(C)CC,1680
MOL_001682,26912-64-1,anise indene,C=CCOC1CC2CC1C1C=CCC21,1681
MOL_001683,26927-89-9,isobornyl benzoate,CC1(C)C2CCC1(C)C(OC(=O)c1ccccc1)C2,1682
MOL_001684,26927-90-2,bornyl benzoate,CC1(C)[C@H]2CC[C@]1(C)[C@H](OC(=O)c1ccccc1)C2,1683
MOL_001685,26946-66-7,"1,8-dimethoxy-para-menthane",COC1(C)CCC(C(C)(C)OC)CC1,1684
MOL_001686,27039-84-5,Nonenone,CCC/C=C/CCC(C)=O,1685
MOL_001687,2705-87-5,Allyl cyclohexanepropionate,C=CCOC(=O)CCC1CCCCC1,1686
MOL_001688,27113-22-0,Paradol,CCCCCCCC(=O)CCc1ccc(O)c(OC)c1,1687
MOL_001689,27153-54-4,Terpineol ethyl ether,CCOC(C)(C)C1CC=C(C)CC1,1688
MOL_001690,2719-08-6,Methyl acetylanthranilate,COC(=O)c1ccccc1NC(C)=O,1689
MOL_001691,2721-22-4,Tetradecalactone,CCCCCCCCCC1CCCC(=O)O1,1690
MOL_001692,27300-27-2,Acetyltetrahydropyridine,CC(=O)C1=NCCCC1,1691
MOL_001693,27310-22-1,Hexadienal diethyl acetal,C/C=C/C=C/C(OCC)OCC,1692
MOL_001694,27372-03-8,Ethyl hydroxymethylbutyrate,CCOC(=O)C(C)C(C)O,1693
MOL_001695,27538-09-6,Ethylhydroxymethylfuranone,CCC1=C(O)C(=O)C(C)O1,1694
MOL_001696,27538-10-9,ethyl furaneol,CCC1OC(C)=C(O)C1=O,1695
MOL_001697,2756-56-1,isobornyl propionate,CCC(=O)OC1CC2(C)CCC1C2(C)C,1696
MOL_001698,2758-18-1,Methylcyclopentenone,CC1=CC(=O)CC1,1697
MOL_001699,27593-23-3,Hydroxydecadienoic acid lactone,CCCCCc1cccc(=O)o1,1698
MOL_001700,27606-09-3,magnolia indene,CC1OC(C)C2Cc3ccccc3C2O1,1699
MOL_001701,27625-35-0,Isoamyl methylbutanoate,CCC(C)C(=O)OCCC(C)C,1700
MOL_001702,2765-04-0,Trimethyltrithiane,CC1SC(C)SC(C)S1,1701
MOL_001703,27743-70-0,Nonenone,CCCCCC=CC(C)=O,1702
MOL_001704,27817-67-0,Allyl propyl sulfide,C=CCSCCC,1703
MOL_001705,27829-72-7,ethyl (E)-2-hexenoate,CCC/C=C/C(=O)OCC,1704
MOL_001706,27846-49-7,Ethyl acetoxybutyrate,CCOC(=O)C(CC)OC(C)=O,1705
MOL_001707,2785-87-7,Dihydroeugenol,CCCc1ccc(O)c(OC)c1,1706
MOL_001708,2785-89-9,Ethylguaiacol,CCc1ccc(O)c(OC)c1,1707
MOL_001709,27871-49-4,Methyl lactate,COC(=O)[C@H](C)O,1708
MOL_001710,27939-60-2,Dimethylcyclohexenecarboxaldehydes,CC1C=CCCC1(C)C=O,1709
MOL_001711,27959-66-6,Dimethyloxathiane,CC1(C)CCCOS1,1710
MOL_001712,28043-10-9,methyl cyclogeranate (Firmenich),COC(=O)C1C(C)=CCCC1(C)C,1711
MOL_001713,28069-72-9,Nonadienol,CC/C=C\CC/C=C/CO,1712
MOL_001714,28069-74-1,Acetaldehyde ethyl cis-3-hexenyl acetal,CC/C=C/CCOC(C)OCC,1713
MOL_001715,28163-84-0,Heptenoic acid,CCC/C=C/CC(=O)O,1714
MOL_001716,28217-92-7,Cyclohexylmethylpyrazine,c1cnc(CC2CCCCC2)cn1,1715
MOL_001717,28219-60-5,sandal butenol,CC1=CCC(C/C=C(\C)CO)C1(C)C,1716
MOL_001718,28231-03-0,Cedrenol,C=C1C(O)CC23CC1C(C)(C)C2CCC3C,1717
MOL_001719,2825-91-4,(R)-delta-decalactone,CCCCC[C@@H]1CCCC(=O)O1,1718
MOL_001720,28267-32-5,Isopropyl nonanoate,CCCCCCCCC(=O)OC(C)C,1719
MOL_001721,28290-90-6,Ethyl dodecenoate,CCCCCCCCCC=CC(=O)OCC,1720
MOL_001722,28296-85-7,alpha-acorenol,CC1=CC[C@@]2(CC1)[C@H](C)CC[C@H]2C(C)(C)O,1721
MOL_001723,28303-42-6,Dodecyl formate,CCCCCCCCCCCCOC=O,1722
MOL_001724,28316-62-3,Propyl decadienoate,CCCCC/C=C\C=C\C(=O)OCCC,1723
MOL_001725,28343-22-8,"Dimethoxyvinylphenol 2,6-Dimethoxy-4-vinylphenol",C=Cc1cc(OC)c(O)c(OC)c1,1724
MOL_001726,2835-39-4,Allyl isovalerate,C=CCOC(=O)CC(C)C,1725
MOL_001727,28369-24-6,Butyl decadienoate,CCCCC/C=C\C=C\C(=O)OCCCC,1726
MOL_001728,28371-99-5,"methyl 2,6,10-trimethyl cyclododeca-2,5,9-trienyl ketone",CC(=O)C1CC/C(C)=C\CC/C(C)=C\C/C=C\1C,1727
MOL_001729,28457-05-8,Isoamyl anthranilate,CC(C)CCOC(=O)c1ccccc1N,1728
MOL_001730,28467-92-7,Ethylcinnamaldehyde,CC/C(C=O)=C/c1ccccc1,1729
MOL_001731,2847-30-5,Methoxymethylpyrazine,COc1nccnc1C,1730
MOL_001732,28564-83-2,Dihydrodihydroxymethylpyranone,CC1=C(O)C(=O)C(O)CO1,1731
MOL_001733,28588-73-0,Bisdimethylfuryl disulfide,Cc1cc(SSc2cc(C)oc2C)c(C)o1,1732
MOL_001734,28588-74-1,Methylfuranthiol,Cc1occc1S,1733
MOL_001735,28588-75-2,Bismethylfuryl disulfide,Cc1occc1SSc1ccoc1C,1734
MOL_001736,28588-76-3,Bismethylfuryl tetrasulfide,Cc1coc(SSSSc2occ(C)c2C)c1C,1735
MOL_001737,285977-85-7,"2,5-dimethyl-2-indan methanol",Cc1ccc2c(c1)CC(C)(CO)C2,1736
MOL_001738,28631-86-9,Dihydroxyacetophenone,O=C(c1ccccc1)C(O)O,1737
MOL_001739,28645-51-4,Isoambrettolide,O=C1CCCCCCC/C=C\CCCCCCO1,1738
MOL_001740,28664-35-9,Sotolon,CC1=C(O)C(=O)OC1C,1739
MOL_001741,2867-05-2,alpha-thujene,CC1=CCC2(C(C)C)CC12,1740
MOL_001742,2874-76-2,2-ethyl decanoic acid,CCCCCCCCC(CC)C(=O)O,1741
MOL_001743,28787-36-2,maltyl acetate,CC(=O)Oc1c(C)occc1=O,1742
MOL_001744,288-47-1,Thiazole,c1cscn1,1743
MOL_001745,2882-20-4,2-methyl-3-(methyl thio) pyrazine,CSc1nccnc1C,1744
MOL_001746,2882-21-5,Methoxymethylpyrazine,COc1cncc(C)n1,1745
MOL_001747,2882-22-6,Methoxymethylpyrazine,COc1cnc(C)cn1,1746
MOL_001748,28839-13-6,Menthenyl acetate,CC(=O)OC1C=C(C)CCC1C(C)C,1747
MOL_001749,2884-13-1,Methylmethylthiopyrazine,CSc1cncc(C)n1,1748
MOL_001750,2884-14-2,Methylmethylthiopyrazine,CSc1cnc(C)cn1,1749
MOL_001751,28897-58-7,2-methyl-2-hexenoic acid,CCC/C=C(\C)C(=O)O,1750
MOL_001752,289-16-7,Trithiolane,C1SCSS1,1751
MOL_001753,28940-11-6,Calone®,Cc1ccc2c(c1)OCC(=O)CO2,1752
MOL_001754,28973-97-9,(Z)-beta-farnesene,C=CC(=C)CC/C=C(/C)CCC=C(C)C,1753
MOL_001755,28977-58-4,"(E)-2,6-dimethyl-1,5,7-octatrien-3-ol",C=C/C(C)=C/CC(O)C(=C)C,1754
MOL_001756,290-37-9,Pyrazine,c1cnccn1,1755
MOL_001757,29021-36-1,Myrtanyl acetate,CC(=O)OCC1CCC2CC1C2(C)C,1756
MOL_001758,29021-37-2,myrtenyl isobutyrate,CC(C)C(=O)OCC1=CCC2CC1C2(C)C,1757
MOL_001759,291-22-5,Tetrathiane,C1CSSSS1,1758
MOL_001760,29127-83-1,2-nonene nitrile,CCCCCC/C=C\C#N,1759
MOL_001761,2916-28-1,Ethyl methyl ketone propylene glycol ketal,CCC1(C)OCC(C)O1,1760
MOL_001762,2917-26-2,Hexadecanethiol,CCCCCCCCCCCCCCCCS,1761
MOL_001763,29171-20-8,dehydro beta-linalool,C#CC(C)(O)CCC=C(C)C,1762
MOL_001764,292-46-6,Lenthionine,C1SSCSSS1,1763
MOL_001765,29214-60-6,Ethyl acetyloctanoate,CCCCCCC(C(C)=O)C(=O)OCC,1764
MOL_001766,2922-51-2,Heptadecanone,CCCCCCCCCCCCCCCC(C)=O,1765
MOL_001767,29239-07-4,Carvyl formate,C=C(C)C1CC=C(C)C(OC=O)C1,1766
MOL_001768,292605-05-1,flower hexene,C=C(C)COCC/C=C\CC,1767
MOL_001769,29350-73-0,Cadinene,CC(C)[C@@H]1CC[C@H](C)[C@@H]2C=C[C@H](C)C[C@H]21,1768
MOL_001770,29414-47-9,Methylthiomethylmercaptan,CSCS,1769
MOL_001771,29414-56-0,Dimethyloctatrienol,C=C/C(C)=C/CC(O)C(=C)C,1770
MOL_001772,29460-90-0,Isopropylpyrazine,CC(C)c1cnccn1,1771
MOL_001773,29460-92-2,2-isobutyl pyrazine,CC(C)Cc1cnccn1,1772
MOL_001774,29461-13-0,hexahydrotetramethyl methanonaphthalen-8-one,CC1(C)C2CCC3(C2)C1C(=O)CCC3(C)C,1773
MOL_001775,2949-92-0,Methyl methanethiosulfonate,CSS(C)(=O)=O,1774
MOL_001776,29548-14-9,Menthenal,CC1=CC(C=O)C(C(C)C)CC1,1775
MOL_001777,29548-30-9,Farnesyl acetate,CC(=O)OC/C=C(\C)CC/C=C(\C)CCC=C(C)C,1776
MOL_001778,29549-60-8,Ethylthiophenol,CCSc1ccccc1O,1777
MOL_001779,29587-89-1,(R)-delta-dodecalactone,CCCCCCC[C@@H]1CCCC(=O)O1,1778
MOL_001780,29592-95-8,Propylene glycol monobutyrate (2 isomers),CCCC(=O)OCC(C)O,1779
MOL_001781,29606-79-9,Isopulegone,C=C(C)C1CCC(C)CC1=O,1780
MOL_001782,29725-66-4,Mercaptomenthanone,CC(C)C1CCC(C)(S)CC1=O,1781
MOL_001783,29759-11-3,"methyl benzyl acetate (mixed ortho-,meta-,para-)",CC(=O)OC(C)c1ccccc1,1782
MOL_001784,29811-50-5,Octyl methylbutyrate,CCCCCCCCOC(=O)C(C)CC,1783
MOL_001785,2983-36-0,Ethyl ethylphenylpropanoate,CCOC(=O)C(CC)Cc1ccccc1,1784
MOL_001786,2983-37-1,Ethyl ethylhexanoate,CCCCC(CC)C(=O)OCC,1785
MOL_001787,2983-38-2,Ethyl ethylbutyrate,CCOC(=O)C(CC)CC,1786
MOL_001788,29837-12-5,cadinadiene,CC1=CC2C(=CC1)[C@@H](C)CCC2C(C)C,1787
MOL_001789,2985-28-6,Ethyl acetoxypropionate,CCOC(=O)C(C)OC(C)=O,1788
MOL_001790,2986-54-1,woody ether,COC1CCCCCCCCCCC1,1789
MOL_001791,29873-99-2,(-)-gamma-elemene,C=C[C@@]1(C)CCC(=C(C)C)C[C@@H]1C(=C)C,1790
MOL_001792,29895-73-6,Phenylacetaldehyde glyceryl acetal,OCC1COC(Cc2ccccc2)O1,1791
MOL_001793,29896-45-5,alpha-hexyl cinnamaldehyde dimethyl acetal,CCCCCCc1ccc(/C=C/C(OC)OC)cc1,1792
MOL_001794,29901-85-7,Heptenoic acid,CCC/C=C\CC(=O)O,1793
MOL_001795,29926-41-8,Acetylthiazoline,CC(=O)C1=NCCS1,1794
MOL_001796,29926-42-9,Propionylthiazoline,CCC(=O)S1=CNCC1,1795
MOL_001797,29957-43-5,Dimethyloctatrienol,C=CC(C)(O)C/C=C/C(=C)C,1796
MOL_001798,300-85-6,Hydroxybutyric acid,CC(O)CC(=O)O,1797
MOL_001799,30021-74-0,gamma-muurolene,C=C1CC[C@H](C(C)C)[C@H]2C=C(C)CC[C@@H]12,1798
MOL_001800,30076-98-3,Phenylpropanal dimethyl acetal,COC(CCc1ccccc1)OC,1799
MOL_001801,3008-43-3,Methylcyclohexadione,CC1CCCC(=O)C1=O,1800
MOL_001802,30086-02-3,"(E,E)-3,5-octadien-2-one",CC/C=C/C=C/C(C)=O,1801
MOL_001803,301-00-8,Methyl linolenate,CC/C=C\C/C=C\C/C=C\CCCCCCCC(=O)OC,1802
MOL_001804,30100-15-3,Amyl anthranilate,CCCCCOC(=O)c1ccccc1N,1803
MOL_001805,3016-19-1,"(E,E)-2,6-alloocimene",C/C=C(C)/C=C/C=C(C)C,1804
MOL_001806,30168-23-1,muguet butanal,O=CCC/C=C1\CC2CC1C1CCCC21,1805
MOL_001807,3025-30-7,Ethyl decadienoate,CCCCC/C=C\C=C\C(=O)OCC,1806
MOL_001808,30310-41-9,geranium pyran,C=C1CC(C)OC(c2ccccc2)C1,1807
MOL_001809,3033-23-6,Rose oxide,CC(C)=C[C@@H]1C[C@H](C)CCO1,1808
MOL_001810,30361-28-5,Octadienal,CCC/C=C/C=C/C=O,1809
MOL_001811,30361-29-6,"(E,E)-2,4-undecadienal",CCCCCC/C=C/C=C/C=O,1810
MOL_001812,30364-38-6,Dehydroionene,Cc1ccc2c(c1)C=CCC2(C)C,1811
MOL_001813,30390-50-2,Decenal,CCCCCC=CCCC=O,1812
MOL_001814,30390-51-3,Dodecenal,CCCCCCC/C=C/CCC=O,1813
MOL_001815,30408-61-8,Dimethylethyloxazole,CCc1nc(C)oc1C,1814
MOL_001816,30414-54-1,Methyl oxohexanoate,CCCC(=O)CC(=O)OC,1815
MOL_001817,30418-89-4,Nonenyl acetate,CCCCCC/C=C/COC(C)=O,1816
MOL_001818,30434-64-1,Dimethylcyclopentenone,CC1=CC(=O)CC1C,1817
MOL_001819,30453-31-7,Ethyl propyl disulfide,CCCSSCC,1818
MOL_001820,3054-92-0,Trimethylpentanol,CC(C)C(C)C(C)(C)O,1819
MOL_001821,3054-95-3,Diethoxypropene,C=CC(OCC)OCC,1820
MOL_001822,30551-17-8,Nonadienal,CCCCC=CC=CC=O,1821
MOL_001823,30557-76-7,khusimone,C=C1C2CCC(=O)[C@@]23CC[C@H](C3)C1(C)C,1822
MOL_001824,30640-46-1,Methylcyclohexadiene mixture,CC1=CC=CCC1,1823
MOL_001825,30673-36-0,Butyl decanoate,CCCCCCCCCC(=O)OCCCC,1824
MOL_001826,30673-38-2,Isobutyl decanoate,CCCCCCCCCC(=O)OCC(C)C,1825
MOL_001827,30673-60-0,Propyl decanoate,CCCCCCCCCC(=O)OCCC,1826
MOL_001828,30689-75-9,Methyloctanal,CCC(C)CCCCC=O,1827
MOL_001829,30772-69-1,melozol acetate,CC(=O)OCC1CCC2C3CCC(C3)C12,1828
MOL_001830,30772-79-3,melon carboxaldehyde,O=CC1CCC2C3CCC(C3)C12,1829
MOL_001831,3080-69-1,heptanal cyclic trimethylene acetal,CCCCCCC1OCCC(C)O1,1830
MOL_001832,3085-26-5,Methylnonanal,CCCCCCCC(C)C=O,1831
MOL_001833,308805-43-8,3-mercapto-3-methyl butanal,CC(C)(S)CC=O,1832
MOL_001834,30895-79-5,allyl sorbate,C=C(C)OC(=O)C=CC=CC,1833
MOL_001835,30897-75-7,nopyl aldehyde,CC1(C)C2CC=C(CC=O)C1C2,1834
MOL_001836,30954-98-4,Propyl anthranilate,CCCOC(=O)c1ccccc1N,1835
MOL_001837,30960-39-5,cedrenone,CC1=CC(=O)C23C[C@@H]1C(C)(C)[C@@H]2CC[C@H]3C,1836
MOL_001838,30982-03-7,Isobutyl nonanoate,CCCCCCCCC(=O)OCC(C)C,1837
MOL_001839,31147-36-1,"(E,E)-digeranyl ether",CC(C)=CCC/C(C)=C\COC/C=C(\C)CCC=C(C)C,1838
MOL_001840,31148-31-9,Amyl palmitate,CCCCCCCCCCCCCCCC(=O)OCCCCC,1839
MOL_001841,31323-51-0,(S)-gamma-heptalactone,CCC[C@H]1CCC(=O)O1,1840
MOL_001842,31331-53-0,Methylthioethanethiol,CSC(C)S,1841
MOL_001843,31375-17-4,Propionylmenthene,CCC(=O)C1CC(C(C)C)CC=C1C,1842
MOL_001844,313973-37-4,pineapple heptadienone 10%,C=CCCC(=O)C(=C)C1CCCCC1,1843
MOL_001845,31416-78-1,cyclohexyl crotonate,C/C=C/C(=O)OC1CCCCC1,1844
MOL_001846,3142-66-3,Hydroxypentanone,CCC(O)C(C)=O,1845
MOL_001847,3142-72-1,Methylpentenoic acid,CC/C=C(\C)C(=O)O,1846
MOL_001848,3149-28-8,Methoxypyrazine,COc1cnccn1,1847
MOL_001849,31499-70-4,Ethyl propyl trisulfide,CCCSSSCC,1848
MOL_001850,31499-71-5,Ethyl methyl trisulfide,CCSSSC,1849
MOL_001851,31499-72-6,Dihydroionone,CC(=O)CCC1C(C)=CCCC1(C)C,1850
MOL_001852,31501-11-8,Hexenyl hexanoate,CC/C=C\CCOC(=O)CCCCC,1851
MOL_001853,31502-14-4,Nonenol,CCCCCC/C=C/CO,1852
MOL_001854,31539-84-1,Mercaptomethylpentanol,CCCCC(O)CS,1853
MOL_001855,3155-71-3,boronia butenal,CC1=C(C/C=C(\C)C=O)C(C)(C)CCC1,1854
MOL_001856,31565-19-2,isooctyl acetate,CC(=O)OCCCCCC(C)C,1855
MOL_001857,31704-80-0,Methylfurylbutanal,CCC(C=O)c1ccc(C)o1,1856
MOL_001858,317803-03-5,"N-(2-mercaptoethyl)-1,3-thiazolidine",SCCN1CCSC1,1857
MOL_001859,31823-43-5,Nonenal,CCCCC/C=C\CC=O,1858
MOL_001860,3188-00-9,Methyltetrahydrofuranone,CC1OCCC1=O,1859
MOL_001861,31883-01-9,Ethylmethylthiazole,CCc1scnc1C,1860
MOL_001862,319002-92-1,clary propionate,CCCOC(=O)[C@H](C)OC(C)(C)CC,1861
MOL_001863,31906-04-4,Lyral®,CC(C)(O)CCCC1=CCC(C=O)CC1,1862
MOL_001864,3194-15-8,Ethyl 2-furyl ketone,CCC(=O)c1ccco1,1863
MOL_001865,3194-17-0,Pentanoylfuran,CCCCC(=O)c1ccco1,1864
MOL_001866,32064-72-5,Nonenone,C/C=C/C(=O)CCCCC,1865
MOL_001867,3208-16-0,Ethylfuran,CCc1ccco1,1866
MOL_001868,3208-40-0,Phenylpropyltetrahydrofuran,c1ccc(CCCC2CCCO2)cc1,1867
MOL_001869,3209-13-0,Methoxymethylphenol,COc1cc(C)cc(O)c1,1868
MOL_001870,32210-23-4,Butylcyclohexyl acetate,CC(=O)OC1CCC(C(C)(C)C)CC1,1869
MOL_001871,32214-91-8,Caryophyllene alcohol acetate,C=C1CCC(OC(C)=O)/C(C)=C\CC2C1CC2(C)C,1870
MOL_001872,32231-50-8,(R)-2-methyl butyric acid,CC[C@@H](C)C(=O)O,1871
MOL_001873,32263-00-6,"5-sec-butyl-2,3-dimethyl pyrazine",CCC(C)c1cnc(C)c(C)n1,1872
MOL_001874,32272-48-3,Ethylmethylthiazole,CCc1csc(C)n1,1873
MOL_001875,32272-57-4,Dimethylethylthiazole,CCc1nc(C)sc1C,1874
MOL_001876,32388-55-9,Acetylcedrene,CC(=O)C1=C(C)C2CC3(C1)C(C)CCC3C2(C)C,1875
MOL_001877,3240-09-3,Methylhexenone,C=C(C)CCC(C)=O,1876
MOL_001878,3240-29-7,balsam ketone,C=CCCC(=O)c1ccccc1,1877
MOL_001879,32449-92-6,dextro-glucurolactone,O=C[C@H](O)[C@H]1OC(=O)[C@@H](O)[C@H]1O,1878
MOL_001880,32466-54-9,Dodecenoic acid,CCCCCCCCC/C=C/C(=O)O,1879
MOL_001881,32466-55-0,Tridecenoic acid,CCCCCCCCCC/C=C/C(=O)O,1880
MOL_001882,3249-68-1,Ethyl oxohexanoate,CCCC(=O)CC(=O)OCC,1881
MOL_001883,32539-85-8,"Pentadecano-1,14-lactone",CC1CCCCCCCCCCCCC(=O)O1,1882
MOL_001884,32540-03-7,corps popinal,CC1=CC/C(=C(\C)CCC=O)CC1,1883
MOL_001885,326-61-4,Piperonyl acetate,CC(=O)OCc1ccc2c(c1)OCO2,1884
MOL_001886,32659-21-5,(E)-ethyl geranate,CCOC(=O)/C=C(\C)CCC=C(C)C,1885
MOL_001887,32665-23-9,Isopropyl isovalerate,CC(C)CC(=O)OC(C)C,1886
MOL_001888,32669-00-4,1-cyclooct-3-enyl ethanone,CC(=O)C1C/C=C\CCCC1,1887
MOL_001889,3268-49-3,Methylthiopropanal,CSCCC=O,1888
MOL_001890,3269-90-7,Menthadienol,C=C(CO)C1CC=C(C)CC1,1889
MOL_001891,32736-90-6,2-ethyl-6-vinyl pyrazine,C=Cc1cncc(CC)n1,1890
MOL_001892,32736-91-7,Diethylmethylpyrazine,CCc1cnc(CC)c(C)n1,1891
MOL_001893,32737-14-7,Ethoxymethylpyrazine,CCOc1nccnc1C,1892
MOL_001894,32741-11-0,2-tert-butyl pyrazine,CC(C)(C)c1cnccn1,1893
MOL_001895,32749-94-3,"2,3-dimethyl valeraldehyde",CCC(C)C(C)C=O,1894
MOL_001896,32764-98-0,Decenolactone,C/C=C/CCC1CCCC(=O)O1,1895
MOL_001897,32803-39-7,"(E)-2,5,9-trimethyl-4,9-decadien-1-al",C=C(C)CCC/C(C)=C/CC(C)C=O,1896
MOL_001898,3289-28-9,Ethyl cyclohexanecarboxylate,CCOC(=O)C1CCCCC1,1897
MOL_001899,3293-47-8,Dihydroionol,CC1=C(CCC(C)O)C(C)(C)CCC1,1898
MOL_001900,32951-19-2,Butenyl methyl sulfide,CCC=CSC,1899
MOL_001901,32974-92-8,Acetylethylpyrazine,CCc1nccnc1C(C)=O,1900
MOL_001902,3299-32-9,"Acetaldehyde 2,3-butanediol acetal",CC1OC(C)C(C)O1,1901
MOL_001903,3301-90-4,Heptalactone,CCC1CCCC(=O)O1,1902
MOL_001904,3301-94-8,Nonalactone,CCCCC1CCCC(=O)O1,1903
MOL_001905,3302-03-2,Methylheptanoic acid,CCCCCC(C)C(=O)O,1904
MOL_001906,3302-10-1,Trimethylhexanoic acid,CC(CC(=O)O)CC(C)(C)C,1905
MOL_001907,33046-81-0,Methyloctenone,CC(=O)/C=C/CCC(C)C,1906
MOL_001908,33049-93-3,Prenyl thioacetate,CC(=O)SCC=C(C)C,1907
MOL_001909,33204-48-7,(R)-2-methyl butyraldehyde,CC[C@@H](C)C=O,1908
MOL_001910,33204-74-9,Epoxycarvone,C=C(C)C1CC(=O)C2(C)OC2C1,1909
MOL_001911,33284-96-7,(Z)-buchu mercaptan,C[C@H]1CC[C@H](C(C)(C)S)C(=O)C1,1910
MOL_001912,333384-99-9,Methylfuryl methylthiomethyl disulfide,CSCSSc1occc1C,1911
MOL_001913,33368-80-8,Methyl propenyl trisulfide,CC=CSSSC,1912
MOL_001914,33368-82-0,Allyl propenyl disulfide,C=CCSSC=CC,1913
MOL_001915,3338-55-4,Ocimene,C=C/C(C)=C\CC=C(C)C,1914
MOL_001916,334-48-5,Decanoic acid,CCCCCCCCCC(=O)O,1915
MOL_001917,334-49-6,(E)-2-decenoic acid,CCCCCCC/C=C/C(=O)O,1916
MOL_001918,33441-50-8,Ethyl mercaptomethylpropionate,CCOC(=O)C(C)CS,1917
MOL_001919,33467-73-1,Hexenyl formate,CC/C=C\CCOC=O,1918
MOL_001920,33467-74-2,Hexenyl propionate,CC/C=C\CCOC(=O)CC,1919
MOL_001921,33467-76-4,Heptenol,CCCC/C=C/CO,1920
MOL_001922,33467-79-7,Heptadienol,CC/C=C/C=C/CO,1921
MOL_001923,33522-69-9,Verbenyl acetate,CC(=O)OC1C=C(C)C2CC1C2(C)C,1922
MOL_001924,33580-05-1,fucoserratene,C=C/C=C/C=C\CC,1923
MOL_001925,3360-41-6,Phenylbutanol,OCCCCc1ccccc1,1924
MOL_001926,33603-30-4,Methyl methylpentenoate,CCC=C(C)C(=O)OC,1925
MOL_001927,33662-58-7,sea resorcylate,COC(=O)c1ccc(O)c(C)c1O,1926
MOL_001928,33665-27-9,Octenone,CCC/C=C/CC(C)=O,1927
MOL_001929,33673-62-0,Methylnonalactone,CCCCCC1OC(=O)CC1C,1928
MOL_001930,33673-65-3,Hexanal dihexyl acetal,CCCCCCOC(CCCCC)OCCCCCC,1929
MOL_001931,33704-61-9,musk indanone,CC1C(C)(C)C2=C(C(=O)CCC2)C1(C)C,1930
MOL_001932,33855-57-1,Hexyl hexenoate,CCC/C=C/C(=O)OCCCCCC,1931
MOL_001933,3386-97-8,Butenyl isothiocyanate,C=CCCN=C=S,1932
MOL_001934,3387-41-5,Sabinene,C=C1CCC2(C(C)C)CC12,1933
MOL_001935,33880-83-0,beta-elemene,C=C[C@@]1(C)CC[C@H](C(=C)C)C[C@@H]1C(=C)C,1934
MOL_001936,33885-51-7,pinoacetaldehyde,CC1(C)C2CC=C(CCC=O)C1C2,1935
MOL_001937,3390-12-3,Dimethyldioxolane,CC1COC(C)O1,1936
MOL_001938,33900-84-4,Myrtenyl isovalerate,CC(C)CC(=O)OCC1=CCC2CC1C2(C)C,1937
MOL_001939,3391-83-1,musk lactone,O=C1CCCCCCCCCOCCCCCO1,1938
MOL_001940,3391-86-4,Octenol,C=CC(O)CCCCC,1939
MOL_001941,3391-87-5,Menthone,CC(C)[C@H]1CC[C@H](C)CC1=O,1940
MOL_001942,33922-70-2,Propenyl propyl sulfide,CC=CSCCC,1941
MOL_001943,33922-73-5,Allyl propyl trisulfide,C=CCSSSCCC,1942
MOL_001944,33941-99-0,"2-methyl-4-phenyl-1,3-dioxolane",CC1OCC(c2ccccc2)O1,1943
MOL_001945,33959-27-2,Mercaptomethylbutanol,CC(O)C(C)CS,1944
MOL_001946,34003-72-0,Methyltetrahydrofuranone,CC1CC(=O)CO1,1945
MOL_001947,34047-39-7,Methylthiobutanone,CSCCC(C)=O,1946
MOL_001948,34131-98-1,gardenia decalone,CC(C)C1CCC2CC(=O)CCC2C1,1947
MOL_001949,34135-85-8,Allyl methyl trisulfide,C=CCSSSC,1948
MOL_001950,3419-02-1,Menthadienol,C=C(C)C1(O)CC=C(C)CC1,1949
MOL_001951,3420-59-5,isomaltol,CC(=O)c1occc1O,1950
MOL_001952,3425-72-7,Dimethylbenzyl acetate,CC(=O)OC(C)(C)c1ccccc1,1951
MOL_001953,34291-99-1,Isopropylhydratropaldehyde,CC(C)c1ccc(C(C)C=O)cc1,1952
MOL_001954,34300-94-2,Mercaptomethylbutanol,CC(C)(S)CCO,1953
MOL_001955,34316-64-8,Hexyl dodecanoate,CCCCCCCCCCCC(=O)OCCCCCC,1954
MOL_001956,34322-06-0,Isopropyl methylbutanethioate,CC(C)CC(=O)SC(C)C,1955
MOL_001957,34322-09-3,Butyl methylbutenethioate,CCC(C)SC(=O)C=C(C)C,1956
MOL_001958,34349-25-2,"(2S,5R)-buchu mercaptan",C[C@@H]1CC[C@H](C(C)(C)S)C(=O)C1,1957
MOL_001959,34365-79-2,Isopropyl methylbutenethioate,CC(C)=CC(=O)SC(C)C,1958
MOL_001960,34413-34-8,Acetylethylpyrazine,CCc1cncc(C(C)=O)n1,1959
MOL_001961,34413-35-9,Tetrahydroquinoxaline,c1cnc2c(n1)CCCC2,1960
MOL_001962,34451-19-9,butyl laevo-lactate,CCCCOC(=O)[C@H](C)O,1961
MOL_001963,34495-71-1,Ethyl octenoate,CCC/C=C\CCC(=O)OCC,1962
MOL_001964,3452-97-9,Trimethylhexanol,CC(CCO)CC(C)(C)C,1963
MOL_001965,34545-88-5,Methyltetrahydronaphthalenone,CC1=CC2=CC(=O)CCC2CC1,1964
MOL_001966,3460-44-4,Styrallyl butyrate,CCCC(=O)OC(C)c1ccccc1,1965
MOL_001967,3460-45-5,Styrallyl hexanoate,CCCCCC(=O)OC(C)c1ccccc1,1966
MOL_001968,34619-12-0,Ketobutanethiol,CC(=O)CCS,1967
MOL_001969,34625-23-5,Ethyl glucoside,CCO[C@@H]1O[C@H](CO)[C@@H](O)[C@H](O)[C@H]1O,1968
MOL_001970,34686-67-4,jasmin cyclopentanol,CCC/C=C/CC1CCCC1O,1969
MOL_001971,34686-71-0,jasmin lactone (IFF),CC/C=C/CC1CCCC(=O)O1,1970
MOL_001972,34687-46-2,hexenyl cyclopentanone,CCC/C=C/CC1CCCC1=O,1971
MOL_001973,34713-70-7,(S)-2-phenyl propionaldehyde,C[C@H](C=O)c1ccccc1,1972
MOL_001974,34764-02-8,Decanal diethyl acetal,CCCCCCCCCC(OCC)OCC,1973
MOL_001975,3487-99-8,Amyl  cinnamate,CCCCCOC(=O)/C=C/c1ccccc1,1974
MOL_001976,3488-00-4,Hexyl cinnamate,CCCCCCOC(=O)/C=C/c1ccccc1,1975
MOL_001977,3489-28-9,Nonanedithiol,SCCCCCCCCCS,1976
MOL_001978,34902-57-3,musk decenone,O=C1/C=C/CCCCCCCCCCCCO1,1977
MOL_001979,3491-63-2,Phenylpentenal,CC/C=C(/C=O)c1ccccc1,1978
MOL_001980,3494-76-6,green oxane,CC(C)C1OCC(C)(C)C(C(C)C)O1,1979
MOL_001981,34965-30-5,Diamyl disulfide,CCC(C)(C)SSC(C)(C)CC,1980
MOL_001982,350-03-8,Acetylpyridine,CC(=O)c1cccnc1,1981
MOL_001983,35044-57-6,Ethyl safranate (isomers),CCOC(=O)C1C(C)=CC=CC1(C)C,1982
MOL_001984,35044-59-8,ethyl safranate,CCOC(=O)C1=C(C)C=CCC1(C)C,1983
MOL_001985,35044-68-9,beta-damascone,CC=CC(=O)C1=C(C)CCCC1(C)C,1984
MOL_001986,35073-27-9,Methylbutyl formate,CCC(C)COC=O,1985
MOL_001987,3508-98-3,clover nitrile,CCCCC(C#N)c1ccccc1,1986
MOL_001988,35087-49-1,gamma-damascone,C=C1CCCC(C)(C)C1C(=O)/C=C/C,1987
MOL_001989,3511-32-8,Methylfuranone,CC1=CC(=O)CO1,1988
MOL_001990,35154-45-1,Hexenyl isovalerate,CC/C=C\CCOC(=O)CC(C)C,1989
MOL_001991,35158-25-9,Isopropylmethylhexenal,CC(C)C/C=C(/C=O)C(C)C,1990
MOL_001992,35178-55-3,Piperitenone oxide,CC(C)=C1CCC2(C)OC2C1=O,1991
MOL_001993,35194-30-0,Decenone,C=CCCCCCCC(C)=O,1992
MOL_001994,35194-38-8,Ethyl octenoate,C=CCCCCCC(=O)OCC,1993
MOL_001995,352-93-2,Diethyl sulfide,CCSCC,1994
MOL_001996,35206-51-0,apple crotonate,C/C=C/C(=O)OC(C)CC(C)C,1995
MOL_001997,35234-21-0,Methyl acetoxyoctanoate,CCCCCC(CC(=O)OC)OC(C)=O,1996
MOL_001998,35234-22-1,Methyl acetoxyhexanoate,CCCCC(OC(C)=O)C(=O)OC,1997
MOL_001999,35234-25-4,Ethyl acetoxyoctanoate,CCCC(CCCC(=O)OCC)OC(C)=O,1998
MOL_002000,35243-43-7,Ethoxyethylpyrazine,CCOC(C)c1cnccn1,1999
MOL_002001,35250-53-4,Pyrazineethanethiol,SCCc1cnccn1,2000
MOL_002002,35274-05-6,Hexadecyl lactate,CCCCCCCCCCCCCCCCOC(=O)C(C)O,2001
MOL_002003,35379-09-0,Methyl tolyl disulfide,CSSc1ccccc1C,2002
MOL_002004,35389-48-1,Undecatrienol,CCCCCC=CC=CC=CO,2003
MOL_002005,35448-31-8,Isopentylidene isopentylamine,CC(C)CC=NCCC(C)C,2004
MOL_002006,35472-56-1,Ethyl methylanthranilate,CCOC(=O)c1ccccc1NC,2005
MOL_002007,3549-23-3,Methyl butylphenylacetate,COC(=O)Cc1ccc(C(C)(C)C)cc1,2006
MOL_002008,3558-60-9,Methyl phenethyl ether,COCCc1ccccc1,2007
MOL_002009,35628-00-3,ipsdienol,C=CC(=C)C[C@H](O)C=C(C)C,2008
MOL_002010,3564-98-5,"trans-para-menthane-3,8-diol",CC1CC[C@@H](C(C)(C)O)[C@H](O)C1,2009
MOL_002011,35686-14-7,Diethylthiophene,CCc1ccsc1CC,2010
MOL_002012,3572-06-3,Acetoxyphenylbutanone,CC(=O)CCc1ccc(OC(C)=O)cc1,2011
MOL_002013,357650-26-1,pomarose,C/C=C/C(=O)/C(C)=C(/C)C(C)C,2012
MOL_002014,3581-87-1,Methylthiazole,Cc1nccs1,2013
MOL_002015,3581-89-3,Methylthiazole,Cc1cncs1,2014
MOL_002016,3581-91-7,Dimethylthiazole,Cc1ncsc1C,2015
MOL_002017,3583-00-4,herbal dioxane,CC(C)C1OCOCC1(C)C,2016
MOL_002018,35852-42-7,Isohexyl isohexanoate,CC(C)CCCOC(=O)CCC(C)C,2017
MOL_002019,35852-46-1,Hexenyl valerate,CC/C=C/CCOC(=O)CCCC,2018
MOL_002020,35854-86-5,Nonenol,CC/C=C\CCCCCO,2019
MOL_002021,3586-14-9,meta-cresyl phenyl ether,Cc1cccc(Oc2ccccc2)c1,2020
MOL_002022,35926-04-6,Hexenyl acetate,C=CC(CCC)OC(C)=O,2021
MOL_002023,35931-93-2,(R)-citronellyl nitrile,CC(C)=CCC[C@@H](C)CC#N,2022
MOL_002024,35944-22-0,Cedrene,CC1=CC[C@@]23C[C@@H]1C(C)(C)[C@@H]2CC[C@@H]3C,2023
MOL_002025,3600-24-6,Diethyl trisulfide,CCSSSCC,2024
MOL_002026,3603-99-4,Cyclotetradecanone,O=C1CCCCCCCCCCCCC1,2025
MOL_002027,3608-11-5,herbal carene,CC(=O)C1CC2C(C=C1C)C2(C)C,2026
MOL_002028,3613-30-7,Methoxycitronellal,COC(C)(C)CCCC(C)CC=O,2027
MOL_002029,36219-73-5,Undecenone,C=CCCCCCCCC(C)=O,2028
MOL_002030,3623-52-7,isomenthol,CC(C)[C@H]1CC[C@@H](C)C[C@H]1O,2029
MOL_002031,36267-71-7,Dihydromethylthienopyrimidine,Cc1ncc2c(n1)CSC2,2030
MOL_002032,36267-74-0,"2-methyl-5,7-dihydrofuro-[3,4-d]-pyrimidine",Cc1ncc2c(n1)COC2,2031
MOL_002033,36267-77-3,"2,7-dimethyl-5,7-dihydrofuro-[3,4-d]-pyrimidine",Cc1ncc2c(n1)C(C)OC2,2032
MOL_002034,36306-87-3,woody cyclohexanone,C=C(OCC)C1C(C)(C)CC(=O)CC1(C)C,2033
MOL_002035,3637-14-7,Oxooctanoic acid,CCCC(=O)CCCC(=O)O,2034
MOL_002036,3637-16-9,Oxododecanoic acid,CCCCCCCCCCC(=O)C(=O)O,2035
MOL_002037,36431-72-8,Theaspirane,CC1=CCCC(C)(C)C12CCC(C)O2,2036
MOL_002038,36438-54-7,Tolyl isobutyrate,Cc1ccccc1OC(=O)C(C)C,2037
MOL_002039,3658-77-3,Strawberry furanone,CC1=C(O)C(=O)C(C)O1,2038
MOL_002040,3658-79-5,Pentanal diethyl acetal,CCCCC(OCC)OCC,2039
MOL_002041,3658-80-8,Dimethyl trisulfide,CSSSC,2040
MOL_002042,3658-92-2,Butanal ethyl amyl acetal,CCCCCOC(CCC)OCC,2041
MOL_002043,3658-93-3,Hexanal diethyl acetal,CCCCCC(OCC)OCC,2042
MOL_002044,3658-94-4,Diethoxymethylbutane,CCOC(OCC)C(C)CC,2043
MOL_002045,3658-95-5,Butanal diethyl acetal,CCCC(OCC)OCC,2044
MOL_002046,3664-60-6,Octenone,C=CCCCCC(C)=O,2045
MOL_002047,36653-82-4,Hexadecanol,CCCCCCCCCCCCCCCCO,2046
MOL_002048,36701-01-6,Furfuryl pentanoate,CCCCC(=O)OCc1ccco1,2047
MOL_002049,36781-67-6,methyl (E)-3-nonenoate,CCCCC/C=C/CC(=O)OC,2048
MOL_002050,36789-59-0,Campholene acetate,CC(=O)OC(C)C1CC=C(C)C1(C)C,2049
MOL_002051,36806-46-9,Dimethylheptenol,C=C(C)CCCC(C)CO,2050
MOL_002052,3681-71-8,Hexenyl acetate,CC/C=C\CCOC(C)=O,2051
MOL_002053,3681-78-5,Propyl dodecanoate,CCCCCCCCCCCC(=O)OCCC,2052
MOL_002054,3681-82-1,Hexenyl acetate,CC/C=C/CCOC(C)=O,2053
MOL_002055,3682-42-6,Methyl oxomethylpentanoate,CCC(C)C(=O)C(=O)OC,2054
MOL_002056,3687-48-7,Octenol,C=C[C@H](O)CCCCC,2055
MOL_002057,36871-78-0,"4-acetyl-2,5-dimethyl-3(2H)-furanone",CC(=O)C1=C(C)OC(C)C1=O,2056
MOL_002058,36880-33-8,Ethylthiophenecarbaldehyde,CCc1ccc(C=O)s1,2057
MOL_002059,36901-87-8,Hydroxyproline,O=C(O)[C@@H]1C[C@@H](O)CN1,2058
MOL_002060,3691-12-1,Guaiene,C=C(C)C1CCC(C)C2=C(C1)C(C)CC2,2059
MOL_002061,3698-95-1,Methyl octyl sulfide,CCCCCCCCSC,2060
MOL_002062,37064-20-3,Propyl methylbutyrate,CCCOC(=O)C(C)CC,2061
MOL_002063,37160-77-3,3-hydroxy-2-octanone,CCCCCC(O)C(C)=O,2062
MOL_002064,37161-74-3,Methyl phenylglycidate,COC(=O)C1OC1c1ccccc1,2063
MOL_002065,37172-02-4,amber acetate,C=CC1(OC(C)=O)CCCCC1C(C)CC,2064
MOL_002066,37172-05-7,amber cyclohexanol,C#CC1(OC(C)=O)CCCCC1C(C)CC,2065
MOL_002067,37172-53-5,dihydroisojasmonate methyl ester,CCCCCCC1C(=O)CCC1C(=O)OC,2066
MOL_002068,3720-16-9,Celery ketone,CCCC1CC(=O)C=C(C)C1,2067
MOL_002069,3724-61-6,Dodecyl butyrate,CCCCCCCCCCCCOC(=O)CCC,2068
MOL_002070,3724-65-0,Butenoic acid,C/C=C/C(=O)O,2069
MOL_002071,3738-00-9,amber naphthofuran,CC1(C)CCCC2(C)C1CCC1(C)OCCC12,2070
MOL_002072,3744-02-3,Methylpentenone,C=C(C)CC(C)=O,2071
MOL_002073,37486-72-9,Ethyl decenoate,CCCCCCC/C=C/C(=O)OCC,2072
MOL_002074,37514-30-0,amber dodecane,COC1(C)CCCCCCCCCCC1,2073
MOL_002075,37519-97-4,dihydrofarnesol,CC(C)=CCC/C(C)=C/CCC(C)CCO,2074
MOL_002076,37526-88-8,Benzyl tiglate,C/C=C(\C)C(=O)OCc1ccccc1,2075
MOL_002077,3757-32-2,Isobutyl levulinate,CC(=O)CCC(=O)OCC(C)C,2076
MOL_002078,3760-11-0,Nonenoic acid,CCCCCC/C=C\C(=O)O,2077
MOL_002079,37617-03-1,Undecenol,CCCCCCCC/C=C/CO,2078
MOL_002080,37645-61-7,Butylthiazole,CCCCc1nccs1,2079
MOL_002081,37645-62-8,Pentylthiazole,CCCCCc1nccs1,2080
MOL_002082,376595-42-5,Ethyl furylmethylthiocarbonate,CCOC(O)=[SH]Cc1ccco1,2081
MOL_002083,37674-63-8,Methylpentenoic acid,C/C=C/C(C)C(=O)O,2082
MOL_002084,37677-14-8,Empetal,CC(C)=CCCC1=CCC(C=O)CC1,2083
MOL_002085,3773-93-1,Acetaldehyde glyceryl acetal,CC1OCC(CO)O1,2084
MOL_002086,3777-69-3,Pentylfuran,CCCCCc1ccco1,2085
MOL_002087,3777-71-7,Heptylfuran,CCCCCCCc1ccco1,2086
MOL_002088,3780-58-3,Methylhexanoic acid,CCCC(C)CC(=O)O,2087
MOL_002089,37811-72-6,Isobutyl dodecanoate,CCCCCCCCCCCC(=O)OCC(C)C,2088
MOL_002090,3782-00-1,Dimethylbenzofuran,Cc1oc2ccccc2c1C,2089
MOL_002091,37887-04-0,Mercaptobutanol,CC(O)C(C)S,2090
MOL_002092,3790-78-1,(Z)-nerolidol,C=CC(C)(O)CC/C=C(/C)CCC=C(C)C,2091
MOL_002093,3796-70-1,Geranylacetone,CC(=O)CC/C=C(\C)CCC=C(C)C,2092
MOL_002094,37973-51-6,(E)-2-phenyl-1(2)-propene-1-yl acetate,CC(=O)O/C=C(\C)c1ccccc1,2093
MOL_002095,38019-89-5,geranyl ethyl acetal,CCOC(C)OC/C=C(\C)CCC=C(C)C,2094
MOL_002096,38205-55-9,5-acetyl-4-methyl thiazole,CC(=O)c1scnc1C,2095
MOL_002097,38205-60-6,Dimethylacetylthiazole,CC(=O)c1sc(C)nc1C,2096
MOL_002098,38205-61-7,"2,4-dimethyl-5-ethyl thiazole",CCc1sc(C)nc1C,2097
MOL_002099,38205-64-0,Methylmethoxythiazole,COc1cnc(C)s1,2098
MOL_002100,38216-93-2,"3-(benzyl oxy)-2,2-dimethyl propanal",CC(C)(C=O)COCc1ccccc1,2099
MOL_002101,38223-29-9,musk dione,O=C1CCCCCCCCCCC(=O)OCCC1,2100
MOL_002102,38284-11-6,Epoxyoxophorone,CC(C)=CC(=O)C=C1COC1=O,2101
MOL_002103,38284-27-4,"3,5-octadien-2-one",CCC=CC=CC(C)=O,2102
MOL_002104,38285-49-3,Nonanediol acetate,CCCCC1COCC(C)C1OC(C)=O,2103
MOL_002105,38303-23-0,decahydrocyclododecaoxazole,c1nc2c(o1)CCCCCCCCCC2,2104
MOL_002106,38325-24-5,Methylmethyldihydrofuranylthiotetrahydrofuranthiol (2 isomers),CC1OCC=C1SC1(S)CCOC1C,2105
MOL_002107,38325-25-6,SpiroDithiamethyloxabicyclooctane-(oxamethyl)-cyclopentane,CC1OCCC12SC1CCOC1(C)S2,2106
MOL_002108,38363-23-4,Dodecenyl acetate,CCCCCCCCC/C=C/COC(C)=O,2107
MOL_002109,3842-03-3,Isovaleraldehyde diethyl acetal,CCOC(CC(C)C)OCC,2108
MOL_002110,38427-80-4,(±)-tetrahydronootkatone,CC(C)C1CCC2CC(=O)CC(C)C2(C)C1,2109
MOL_002111,38433-74-8,Methylthiohexanal,CCCC(CC=O)SC,2110
MOL_002112,38446-21-8,Ethyl ethylanthranilate,CCNc1ccccc1C(=O)OCC,2111
MOL_002113,38462-22-5,Thiomenthone,CC1CCC(C(C)(C)S)C(=O)C1,2112
MOL_002114,38462-23-6,marine pyridine,CC(C)=CCC/C(C)=C/CCc1ccncc1,2113
MOL_002115,3848-24-6,Hexanedione,CCCC(=O)C(C)=O,2114
MOL_002116,38533-54-9,Undecatetraene,C=CC=CC=CCC=CCC,2115
MOL_002117,3856-25-5,Copaene,CC1=CCC2C3C(C(C)C)CC[C@@]2(C)C13,2116
MOL_002118,3857-25-8,Methylfurfuryl alcohol,Cc1ccc(CO)o1,2117
MOL_002119,38713-41-6,Isopropenylpyrazine,C=C(C)c1cnccn1,2118
MOL_002120,3876-52-6,"(E)-2,4-dimethyl-2-pentenoic acid",C/C(=C\C(C)C)C(=O)O,2119
MOL_002121,38768-63-7,methyl (para-tolyl oxy) acetate,COC(=O)COc1ccc(C)cc1,2120
MOL_002122,3877-15-4,Methyl propyl sulfide,CCCSC,2121
MOL_002123,3879-26-3,neryl acetone,CC(=O)CC/C=C(/C)CCC=C(C)C,2122
MOL_002124,38822-47-8,Methoxycinnamyl acetate,COC(C=Cc1ccccc1)OC(C)=O,2123
MOL_002125,3891-59-6,Glucose pentaacetate,CC(=O)OC[C@@H](OC(C)=O)[C@@H](OC(C)=O)[C@H](OC(C)=O)[C@H](C=O)OC(C)=O,2124
MOL_002126,38917-61-2,Dihydrodimethylcyclopentapyrazine,Cc1cnc2c(n1)CCC2C,2125
MOL_002127,38917-62-3,"6,7-dihydro-2,3-dimethyl-5H-cyclopentapyrazine",Cc1nc2c(nc1C)CCC2,2126
MOL_002128,38917-63-4,Dihydrodimethylcyclopentapyrazine,Cc1nc2c(nc1C)CCC2,2127
MOL_002129,39026-94-3,Heptyl butyrate,CCCCCC(C)OC(=O)CCC,2128
MOL_002130,39028-58-5,(E)-linalool oxide (pyranoid),C=C[C@@]1(C)OC(C)(C)CC[C@@H]1O,2129
MOL_002131,39029-41-9,(R)-gamma-cadinene,C=C1CC[C@H](C(C)C)[C@H]2C=C(C)CC[C@H]12,2130
MOL_002132,39067-39-5,chrysanthemum carbaldehyde,CCCC1C2C=CC(C2)C1C=O,2131
MOL_002133,39067-80-6,Thiogeraniol,CC(C)=CCC/C(C)=C\CS,2132
MOL_002134,3913-71-1,Decenal,CCCCCCC/C=C\C=O,2133
MOL_002135,3913-80-2,Octenyl acetate,CCCCC/C=C/COC(C)=O,2134
MOL_002136,3913-81-3,Decenal,CCCCCCC/C=C/C=O,2135
MOL_002137,3913-85-7,Decenoic acid,CCCCCCC/C=C\C(=O)O,2136
MOL_002138,3915-83-1,Neryl isovalerate,CC(C)=CCC/C(C)=C/COC(=O)CC(C)C,2137
MOL_002139,39156-54-2,"ethyl 2,5-dimethyl-3-oxo-4(2H)-furyl carbonate",CCOC(=O)OC1=C(C)OC(C)C1=O,2138
MOL_002140,39161-19-8,Pentenol,CCCC=CO,2139
MOL_002141,39203-20-8,methyl indole-1-carboxylate,COC(=O)n1ccc2ccccc21,2140
MOL_002142,39212-23-2,Whiskey lactone,CCCCC1OC(=O)CC1C,2141
MOL_002143,39251-86-0,Hexyl furoate,CCCCCCOC(=O)c1ccco1,2142
MOL_002144,39251-88-2,Octyl furoate,CCCCCCCCOC(=O)c1ccco1,2143
MOL_002145,39252-02-3,Furfuryl hexanoate,CCCCCC(=O)OCc1ccco1,2144
MOL_002146,39252-03-4,Furfuryl octanoate,CCCCCCCC(=O)OCc1ccco1,2145
MOL_002147,39252-05-6,Furfuryl decanoate,CCCCCCCCCC(=O)OCc1ccco1,2146
MOL_002148,39255-32-8,Ethyl methylpentanoate,CCCC(C)C(=O)OCC,2147
MOL_002149,3938-95-2,Ethyl pivalate,CCOC(=O)C(C)(C)C,2148
MOL_002150,3938-96-3,Ethyl methoxyacetate,CCOC(=O)COC,2149
MOL_002151,3943-74-6,Methyl vanillate,COC(=O)c1ccc(O)c(OC)c1,2150
MOL_002152,39481-28-2,Furfuryl heptanoate,CCCCCCC(=O)OCc1ccco1,2151
MOL_002153,39638-67-0,trans-oak lactone,CCCC[C@H]1OC(=O)C[C@@H]1C,2152
MOL_002154,39647-11-5,(+)-methyl dihydroepijasmonate,CCCCC[C@@H]1C(=O)CC[C@@H]1CC(=O)OC,2153
MOL_002155,39707-47-6,Thiolinalool,C=CC(C)(S)CCC=C(C)C,2154
MOL_002156,39711-79-0,WS-3,CCNC(=O)C1CC(C)CCC1C(C)C,2155
MOL_002157,39736-25-9,heptyl phenyl acetate,CCCCCCCOC(=O)Cc1ccccc1,2156
MOL_002158,39741-41-8,Ethylacetylpyrrole,CCn1cccc1C(C)=O,2157
MOL_002159,39770-05-3,Decenal,C=CCCCCCCCC=O,2158
MOL_002160,3978-81-2,Butylpyridine,CC(C)(C)c1ccncc1,2159
MOL_002161,39800-92-5,Isobutylthiazoline,CC(C)CS1=CNCC1,2160
MOL_002162,39872-57-6,Isodamascone,C/C=C/C(=O)C1CCC(C)(C)C=C1C,2161
MOL_002163,39900-18-0,dihydrodamascone,C/C=C/C(=O)[C@@H]1[C@H](C)CCCC1(C)C,2162
MOL_002164,39900-38-4,cedryl formate,C[C@@H]1CC[C@H]2C(C)(C)[C@H]3C[C@@]12CC[C@@]3(C)OC=O,2163
MOL_002165,39924-27-1,Ethyl heptenoate,CC/C=C/CCC(=O)OCC,2164
MOL_002166,39924-52-2,Methyl jasmonate,CC/C=C/CC1C(=O)CCC1CC(=O)OC,2165
MOL_002167,400052-49-5,Methoxyheptanethiol,CCCCCCC(S)OC,2166
MOL_002168,40010-99-9,para-jasmone,CCCCC1CC(C(C)=O)C(=O)O1,2167
MOL_002169,40018-26-6,Dihydroxydithiane,OC1CSC(O)CS1,2168
MOL_002170,40188-41-8,aldehydic nitrile,CC(C)CCCC(C)CC#N,2169
MOL_002171,40203-73-4,tuberose acetate,COC(=O)C=C1CCCC1,2170
MOL_002172,4023-65-8,(E)-aconitic acid,O=C(O)/C=C(\CC(=O)O)C(=O)O,2171
MOL_002173,40267-72-9,Ethyl geranyl ether,CCOC/C=C(\C)CCC=C(C)C,2172
MOL_002174,4032-80-8,Ditolyl disulfide,Cc1ccccc1SSc1ccccc1C,2173
MOL_002175,40323-88-4,Ethylmethylthiophene,CCc1ccc(C)s1,2174
MOL_002176,40348-72-9,Methyl hydroxymethylpentanoate,COC(=O)C(O)CC(C)C,2175
MOL_002177,40379-24-6,isononyl acetate,CC(=O)OCCCCCCC(C)C,2176
MOL_002178,404-86-4,Capsaicin,COc1cc(CNC(=O)CCCC/C=C/C(C)C)ccc1O,2177
MOL_002179,40527-42-2,Piperonal diethyl acetal,CCOC(OCC)c1ccc2c(c1)OCO2,2178
MOL_002180,40596-76-7,"4,8-dimethyl-7-nonen-2-ol",CC(C)=CCCC(C)CC(C)O,2179
MOL_002181,406488-30-0,2-ethyl-N-methyl-N-(3-methyl phenyl) butyramide,CCC(CC)C(=O)N(C)c1cccc(C)c1,2180
MOL_002182,40654-82-8,Methylphenylbutyraldehyde,CC(C=O)CCc1ccccc1,2181
MOL_002183,40716-66-3,(E)-nerolidol,C=CC(C)(O)CC/C=C(\C)CCC=C(C)C,2182
MOL_002184,4077-47-8,Dimethylmethoxyfuranone,COC1=C(C)OC(C)C1=O,2183
MOL_002185,40778-32-3,Ethyl acetyldodecanoate,CCCCCCCCCCC(C(C)=O)C(=O)OCC,2184
MOL_002186,40785-62-4,muscogene,C1=C\C2COCC2CCCCCCCC/1,2185
MOL_002187,40789-98-8,Mercaptobutanone,CC(=O)C(C)S,2186
MOL_002188,40790-04-3,Dibutanoneyl sulfide,CC(=O)CCSCCC(C)=O,2187
MOL_002189,40800-76-8,Ethyl methylthiopropionate,CCOC(=O)C(C)SC,2188
MOL_002190,40853-53-0,isodihydrolavandulol,CC(C)C/C=C(/CO)C(C)C,2189
MOL_002191,40853-56-3,(Z)-isodihydrolavandulyl acetate,CC(=O)OC/C(=C\CC(C)C)C(C)C,2190
MOL_002192,40878-72-6,Methylthiomethylbutenal,C/C=C(/C=O)CSC,2191
MOL_002193,40878-73-7,Methylmethylthiomethylpentenal,CCC(C)=C(C=O)CSC,2192
MOL_002194,409-02-9,filbert heptenone B,CC(=O)CCC=C(C)C,2193
MOL_002195,40910-49-4,Acetaldehyde ethyl linalyl acetal,C=CC(C)(CCC=C(C)C)OC(C)OCC,2194
MOL_002196,40917-00-8,ethyl (R)-2-methyl butyrate,CCOC(=O)[C@H](C)CC,2195
MOL_002197,40923-64-6,Heptyldihydromethylfuranone,CCCCCCCC1CC(C)OC1=O,2196
MOL_002198,40942-73-2,amyl cyclopentanone propanone,CCCCCC1C(=O)CCC1CC(C)=O,2197
MOL_002199,41035-07-8,(S)-gamma-hexalactone,CC[C@H]1CCC(=O)O1,2198
MOL_002200,4104-45-4,Methylthiopropylamine,CSCCCN,2199
MOL_002201,4110-50-3,Ethyl propyl sulfide,CCCSCC,2200
MOL_002202,41114-00-5,Ethyl pentadecanoate,CCCCCCCCCCCCCCC(=O)OCC,2201
MOL_002203,4112-89-4,Guaiacyl phenylacetate,COc1ccccc1OC(=O)Cc1ccccc1,2202
MOL_002204,41199-19-3,Ambrinol,CC1(O)CCC2C(=CCCC2(C)C)C1,2203
MOL_002205,41239-48-9,Diethyltetrahydrofuran,CCC1CCC(CC)O1,2204
MOL_002206,4124-63-4,Mercaptoacetaldehyde,O=CCS,2205
MOL_002207,4124-88-3,Nonenoic acid,CCCCC/C=C/CC(=O)O,2206
MOL_002208,41270-80-8,Methyl formylanthranilate,COC(=O)c1ccccc1NC=O,2207
MOL_002209,4128-17-0,"(E,E)-farnesyl acetate",CC(=O)OC/C=C(\C)CC/C=C(\C)CCC=C(C)C,2208
MOL_002210,4131-76-4,Methyl methylmercaptopropionate,COC(=O)C(C)CS,2209
MOL_002211,41330-21-6,Dihydrodimethylcyclopentapyrazine,CC1CC(C)c2nccnc21,2210
MOL_002212,41414-75-9,(+)-alpha-santalyl acetate,CC(=O)OC/C(C)=C\CC[C@]1(C)C2C[C@@H]3[C@H](C2)C31C,2211
MOL_002213,41448-29-7,Ethylcitral,CC/C(C)=C/CC/C(C)=C/C=O,2212
MOL_002214,41453-56-9,Nonenol,CCCCCC/C=C\CO,2213
MOL_002215,41496-43-9,"Methyltolylpropionaldehyde (mixed o-, m-, p- isomers)",Cc1ccc(CC(C)C=O)cc1,2214
MOL_002216,41519-18-0,Isoamyl tiglate,C/C=C(\C)C(=O)OCCC(C)C,2215
MOL_002217,41519-23-7,(Z)-3-hexen-1-yl isobutyrate,CC/C=C\CCOC(=O)C(C)C,2216
MOL_002218,41547-22-2,Octenal,CC/C=C\CCCC=O,2217
MOL_002219,41610-76-8,epoxylinalyl acetate,C=CC(C)(CCC1OC1(C)C)OC(C)=O,2218
MOL_002220,41653-95-6,Heptenoic acid,CC/C=C/CCC(=O)O,2219
MOL_002221,41653-97-8,Octenoic acid,CC/C=C\CCCC(=O)O,2220
MOL_002222,41654-15-3,Methyl octenoate,CC/C=C\CCCC(=O)OC,2221
MOL_002223,41654-19-7,methyl 2-hydroxy-3-methyl pentanoate,CCC(C)C(O)C(=O)OC,2222
MOL_002224,4166-20-5,Acetoxydimethylfuranone,CC(=O)OC1=C(C)OC(C)C1=O,2223
MOL_002225,41678-36-8,tetrahydromugol,C=C(O)C(C)CCCC(C)C,2224
MOL_002226,41724-19-0,herbal undecanone,CC1CC2C3CCC(C3)C2CC1=O,2225
MOL_002227,4173-41-5,"(E,Z)-3,5-octadien-2-one",CC/C=C\C=C\C(C)=O,2226
MOL_002228,4175-66-0,Dimethylthiazole,Cc1cnc(C)s1,2227
MOL_002229,41763-99-9,Methylfuranone,CC1OC=CC1=O,2228
MOL_002230,4177-16-6,Vinylpyrazine,C=Cc1cnccn1,2229
MOL_002231,4179-38-8,Octylfuran,CCCCCCCCc1ccco1,2230
MOL_002232,4180-23-8,Anethole,C/C=C/c1ccc(OC)cc1,2231
MOL_002233,41803-21-8,Ethylmethylthiazoline,CCC1=S(C)CCN1,2232
MOL_002234,41820-22-8,Allyl thiopropionate,C=CCSC(=O)CC,2233
MOL_002235,41847-88-5,phenethyl oxyacetaldehyde,O=CCOCCc1ccccc1,2234
MOL_002236,41890-92-0,sandal octanol,COC(C)(C)CCCC(C)C(C)O,2235
MOL_002237,4192-77-2,ethyl (E)-cinnamate,CCOC(=O)/C=C/c1ccccc1,2236
MOL_002238,41981-71-9,Diethylmethylthiazole,CCc1nc(C)sc1CC,2237
MOL_002239,41981-72-0,Dimethylpropylthiazole,CCCc1nc(C)c(C)s1,2238
MOL_002240,420-12-2,Ethylene sulfide,C1CS1,2239
MOL_002241,4206-58-0,Sinapinaldehyde,COc1cc(/C=C/C=O)cc(OC)c1O,2240
MOL_002242,42075-42-3,Methyl thioisobutyrate,COC(=S)C(C)C,2241
MOL_002243,42075-43-4,Methyl pentanethioate,CCCCC(=S)OC,2242
MOL_002244,42075-45-6,S-tropical 2-thiobutyrate,CCC(C)C(=O)SC,2243
MOL_002245,42078-65-9,Phenethyl senecioate,CC(C)=CC(=O)OCCc1ccccc1,2244
MOL_002246,4208-49-5,Allyl furoate,C=CCOC(=O)c1ccco1,2245
MOL_002247,4208-57-5,Butyrylfuran,CCCC(=O)c1ccco1,2246
MOL_002248,42125-17-7,Hexenyl acetate,C/C=C\CCCOC(C)=O,2247
MOL_002249,42175-41-7,Benzyl decanoate,CCCCCCCCCC(=O)OCc1ccccc1,2248
MOL_002250,4219-24-3,Hexenoic acid,CCC=CCC(=O)O,2249
MOL_002251,4221-98-1,Phellandrene,CC1=CC[C@H](C(C)C)C=C1,2250
MOL_002252,4221-99-2,(S)-(+)-2-butanol,CC[C@H](C)O,2251
MOL_002253,42231-99-2,Hexyl tetradecanoate,CCCCCCCCCCCCCC(=O)OCCCCCC,2252
MOL_002254,42288-75-5,Cyclohexyl phenylacetate,O=C(Cc1ccccc1)OC1CCCCC1,2253
MOL_002255,4229-91-8,Propylfuran,CCCc1ccco1,2254
MOL_002256,4230-97-1,Allyl octanoate,C=CCOC(=O)CCCCCCC,2255
MOL_002257,4234-93-9,Dimethylheptenol,CC(C)=CCCC(C)CO,2256
MOL_002258,42348-12-9,Ethylhydroxymethylcyclopentenone,CCC1=C(O)C(=O)CC1C,2257
MOL_002259,42370-07-0,herbal ethanone,CC(=O)C1C2CCC(C2)C1(C)C,2258
MOL_002260,42436-07-7,Hexenyl phenylacetate,CC/C=C\CCOC(=O)Cc1ccccc1,2259
MOL_002261,42474-44-2,Trithiahexane,CSCSSC,2260
MOL_002262,4253-89-8,Diisopropyl disulfide,CC(C)SSC(C)C,2261
MOL_002263,42604-12-6,ambrene acetal,COCOC1CCCCCCCCCCC1,2262
MOL_002264,4265-16-1,Benzofurancarboxaldehyde,O=Cc1cc2ccccc2o1,2263
MOL_002265,4265-25-2,Methylbenzofuran,Cc1cc2ccccc2o1,2264
MOL_002266,4265-97-8,Heptyl octanoate,CCCCCCCOC(=O)CCCCCCC,2265
MOL_002267,4276-68-0,Diethylpropylthiazole,CCCc1nc(CC)c(CC)s1,2266
MOL_002268,42822-86-6,Menthanediol,CC1CCC(C(C)(C)O)C(O)C1,2267
MOL_002269,42824-62-4,amber pentadecane,C1CCCCCC2COCC2CCCC1,2268
MOL_002270,4285-59-0,Acetaldehyde di-isopropyl acetal,CC(C)OC(C)OC(C)C,2269
MOL_002271,42919-64-2,Methylthiobutanal,CSCCCC=O,2270
MOL_002272,42998-51-6,benzyl ethyl malonate,CCOC(=O)CC(=O)OCc1ccccc1,2271
MOL_002273,43039-98-1,Propionylthiazole,CCC(=O)c1nccs1,2272
MOL_002274,43040-01-3,Methyltrithiane,CC1SCCSS1,2273
MOL_002275,43052-87-5,Damascone,C/C=C/C(=O)C1C(C)=CCCC1(C)C,2274
MOL_002276,431-03-8,Diacetyl,CC(=O)C(C)=O,2275
MOL_002277,43108-58-3,Acetylethylpyrazine,CCc1cnc(C(C)=O)cn1,2276
MOL_002278,4312-99-6,Octenone,C=CC(=O)CCCCC,2277
MOL_002279,4313-03-5,"(E,E)-2,4-heptadienal",CC/C=C/C=C/C=O,2278
MOL_002280,4316-37-4,Acetophenone diethyl acetal,CCOC(C)(OCC)c1ccccc1,2279
MOL_002281,432-24-6,Cyclocitral,CC1=CCCC(C)(C)C1C=O,2280
MOL_002282,432-25-7,Cyclocitral,CC1=C(C=O)C(C)(C)CCC1,2281
MOL_002283,43219-68-7,Dimethylacetylcyclohexene,CC(=O)C1(C)CC=C(C)CC1,2282
MOL_002284,4324-38-3,Ethoxypropionic acid,CCOCCC(=O)O,2283
MOL_002285,4342-60-3,4-methyl-3-cyclohexene-1-carboxylic acid,CC1=CCC(C(=O)O)CC1,2284
MOL_002286,4346-18-3,Phenyl butyrate,CCCC(=O)Oc1ccccc1,2285
MOL_002287,4351-10-4,Heptanal propylene glycol acetal,CCCCCCC1OCC(C)O1,2286
MOL_002288,4351-54-6,Cyclohexyl formate,O=COC1CCCCC1,2287
MOL_002289,4352-99-2,Methylpropyldioxolane,CCCC1OCC(C)O1,2288
MOL_002290,4353-01-9,Cinnamaldehyde propylene glycol acetal,CC1COC(/C=C/c2ccccc2)O1,2289
MOL_002291,4359-46-0,Ethylmethyldioxolane,CCC1OCC(C)O1,2290
MOL_002292,4359-47-1,green dioxolane,CCCCC(CC)C1OCCO1,2291
MOL_002293,4359-54-0,Furfural propylene glycol acetal,CC1COC(c2ccco2)O1,2292
MOL_002294,4359-57-3,octanal glycol acetal,CCCCCCCC1OCCO1,2293
MOL_002295,4360-47-8,cinnamyl nitrile,N#CC=Cc1ccccc1,2294
MOL_002296,4361-23-3,tetrahydroionol,CC(O)CCC1C(C)CCCC1(C)C,2295
MOL_002297,4362-22-5,Hydratropaldehyde ethylene glycol acetal,CC(c1ccccc1)C1OCCO1,2296
MOL_002298,4364-06-1,Cinnamaldehyde dimethyl acetal,COC(/C=C/c1ccccc1)OC,2297
MOL_002299,437770-28-0,Trimethylnonenol,CCCCCCC(C)C(C)=C(C)O,2298
MOL_002300,4385-48-2,"1,4-benzodioxin-2(3H)-one",O=C1COc2ccccc2O1,2299
MOL_002301,4395-92-0,Isopropylphenylacetaldehyde,CC(C)c1ccc(CC=O)cc1,2300
MOL_002302,4396-62-7,S-ethyl 2-acetyl aminoethane thioate,CCSC(=O)CNC(C)=O,2301
MOL_002303,4404-45-9,Hexyl isothiocyanate,CCCCCCN=C=S,2302
MOL_002304,4407-36-7,(E)-cinnamyl alcohol,OC/C=C/c1ccccc1,2303
MOL_002305,4410-99-5,Phenylethyl mercaptan,SCCc1ccccc1,2304
MOL_002306,4411-89-6,Phenylbutenal,C/C=C(/C=O)c1ccccc1,2305
MOL_002307,4426-79-3,Butyl isothiocyanate,CCC(C)N=C=S,2306
MOL_002308,443-79-8,Isoleucine,CC[C@H](C)[C@@H](N)C(=O)O,2307
MOL_002309,4430-31-3,Octahydrocoumarin,O=C1CCC2CCCCC2O1,2308
MOL_002310,4430-36-8,Erucin,CSCCCCN=C=S,2309
MOL_002311,4430-39-1,Lesquerellin,CSCCCCCCN=C=S,2310
MOL_002312,4430-42-6,Berteroin,CSCCCCCN=C=S,2311
MOL_002313,4433-36-7,Tetrahydropseudoionone,CC(=O)CCCC(C)CCC=C(C)C,2312
MOL_002314,4437-20-1,Bisfurfuryl disulfide,c1coc(CSSCc2ccco2)c1,2313
MOL_002315,4437-22-3,Difurfuryl ether,c1coc(COCc2ccco2)c1,2314
MOL_002316,4437-51-8,Hexanedione,CCC(=O)C(=O)CC,2315
MOL_002317,4440-65-7,Hexenal,CC/C=C/CC=O,2316
MOL_002318,4442-79-9,Cyclohexylethanol,OCCC1CCCCC1,2317
MOL_002319,444880-09-5,"1,3-oxathiane, 2-ethyl-4,4-dimethyl-",CCC1OCCC(C)(C)S1,2318
MOL_002320,4455-13-4,Ethyl methylthioacetate,CCOC(=O)CSC,2319
MOL_002321,4461-87-4,Butyraldehyde dimethyl acetal,CCCC(OC)OC,2320
MOL_002322,4466-24-4,Butylfuran,CCCCc1ccco1,2321
MOL_002323,4485-09-0,Nonanone,CCCCCC(=O)CCC,2322
MOL_002324,4493-42-9,Methyl decadienoate,CCCCC/C=C\C=C\C(=O)OC,2323
MOL_002325,4498-99-1,Methylbenzyl mercaptan,Cc1ccc(CS)cc1,2324
MOL_002326,44987-75-9,Isopropyl sorbate,C/C=C/C=C/C(=O)OC(C)C,2325
MOL_002327,4500-58-7,Ethylthiophenol,CCc1ccccc1S,2326
MOL_002328,4501-58-0,Campholenic aldehyde,CC(=O)C1CC=C(C)C1(C)C,2327
MOL_002329,45019-28-1,Methylnonanoic acid,CCCCC[C@@H](C)CCC(=O)O,2328
MOL_002330,4516-90-9,Methylbutenol,C=CC(C)CO,2329
MOL_002331,4532-64-3,Butanedithiol,CC(S)C(C)S,2330
MOL_002332,4536-23-6,Methylhexanoic acid,CCCC[C@@H](C)C(=O)O,2331
MOL_002333,4573-50-6,Piperitone,CC1=CC(=O)[C@@H](C(C)C)CC1,2332
MOL_002334,458-36-6,Hydroxymethoxycinnamaldehyde,COc1cc(/C=C/C=O)ccc1O,2333
MOL_002335,4586-22-5,Caryophyllene alcohol,CC1(C)CC2C3CCCC(C)(C3O)C2C1,2334
MOL_002336,459-80-3,Geranic acid,CC(C)=CCC/C(C)=C/C(=O)O,2335
MOL_002337,4602-84-0,Farnesol,CC(C)=CCC/C(C)=C/CC/C(C)=C/CO,2336
MOL_002338,4606-15-9,Propyl phenylacetate,CCCOC(=O)Cc1ccccc1,2337
MOL_002339,462-95-3,Diethoxymethane,CCOCOCC,2338
MOL_002340,4621-04-9,Isopropylcyclohexanol,CC(C)C1CCC(O)CC1,2339
MOL_002341,4625-90-5,laitone,CC(C)C1CCC2(CCC(=O)O2)CC1,2340
MOL_002342,463-40-1,Linolenic acid,CC/C=C/C/C=C/C/C=C/CCCCCCCC(=O)O,2341
MOL_002343,4630-07-3,Valencene,C=C(C)C1CCC2=CCCC(C)C2(C)C1,2342
MOL_002344,4630-82-4,Methyl cyclohexanecarboxylate,COC(=O)C1CCCCC1,2343
MOL_002345,464-07-3,Dimethylbutanol,CC(O)C(C)(C)C,2344
MOL_002346,464-43-7,Borneol,CC1(C)C2CCC1(C)[C@@H](O)C2,2345
MOL_002347,464-45-9,laevo-borneol,CC1(C)[C@@H]2CC[C@]1(C)[C@H](O)C2,2346
MOL_002348,464-48-2,laevo-camphor,CC1(C)C2CC[C@]1(C)C(=O)C2,2347
MOL_002349,464-49-3,Camphor,CC1(C)[C@H]2CC[C@@]1(C)C(=O)C2,2348
MOL_002350,4643-25-8,Heptenone,C/C=C/C(=O)CCC,2349
MOL_002351,4643-27-0,Octenone,C/C=C/C(=O)CCCC,2350
MOL_002352,465-24-7,longiborneol,CC1(C)CCCC2(C)C3CCC2(C)[C@@H](O)C31,2351
MOL_002353,465-31-6,camphene hydrate,CC1(C)C2CCC(C2)C1(C)O,2352
MOL_002354,4654-29-9,Methylbutyl cinnamate,CCC(C)COC(=O)/C=C/c1ccccc1,2353
MOL_002355,4673-31-8,Propylpyridine,CCCc1cccnc1,2354
MOL_002356,4674-50-4,Nootkatone,C=C(C)C1CCC2=CC(=O)CC(C)C2(C)C1,2355
MOL_002357,4675-87-0,Methylbutenol,C/C=C(\C)CO,2356
MOL_002358,469-61-4,Cedrene,CC1=CC[C@@]23CC1C(C)(C)[C@@H]2CC[C@H]3C,2357
MOL_002359,4695-62-9,Fenchone,CC1(C)C(=O)[C@@]2(C)CC[C@@H]1C2,2358
MOL_002360,470-40-6,Thujopsene,CC1=CC[C@]2(C)CCCC(C)(C)[C@@]23C[C@@H]13,2359
MOL_002361,470-67-7,Cineole,CC(C)C12CCC(C)(CC1)O2,2360
MOL_002362,470-82-6,Eucalyptol,CC12CCC(CC1)C(C)(C)O2,2361
MOL_002363,4707-47-5,Methyl dihydroxydimethylbenzoate,COC(=O)c1c(C)cc(O)c(C)c1O,2362
MOL_002364,471-84-1,alpha-fenchene,C=C1CC2CCC1C2(C)C,2363
MOL_002365,472-66-2,Trimethylcyclohexenacetaldehyde,CC1=C(CC=O)C(C)(C)CCC1,2364
MOL_002366,472-97-9,Caryophyllene alcohol,CC12CCCC(O)(C1)C1CC(C)(C)C1CC2,2365
MOL_002367,4728-82-9,Allyl cyclohexaneacetate,C=CCOC(=O)CC1CCCCC1,2366
MOL_002368,473-03-0,ambrein,C=C1CCCC(C)(C)[C@@H]1CC/C(C)=C/CCC1[C@@]2(C)CCCC(C)(C)C2CC[C@@]1(C)O,2367
MOL_002369,473-15-4,beta-eudesmol,C=C1CCC[C@]2(C)CC[C@@H](C(C)(C)O)C[C@@H]12,2368
MOL_002370,473-62-1,(+)-isopinocamphone,C[C@H]1C(=O)C[C@H]2C[C@H]1C2(C)C,2369
MOL_002371,473-67-6,Verbenol,CC1=CC(O)C2CC1C2(C)C,2370
MOL_002372,4732-13-2,Carvacryl ethyl ether,CCOc1cc(C(C)C)ccc1C,2371
MOL_002373,473438-39-0,Mercaptooctanal,CCCCCCC(S)C=O,2372
MOL_002374,4744-08-5,Propanal diethyl acetal,CCOC(CC)OCC,2373
MOL_002375,4744-10-9,Propanal dimethyl acetal,CCC(OC)OC,2374
MOL_002376,4747-07-3,Hexyl methyl ether,CCCCCCOC,2375
MOL_002377,4748-78-1,Ethylbenzaldehyde,CCc1ccc(C=O)cc1,2376
MOL_002378,475-03-6,Ionene,Cc1ccc2c(c1)CCCC2(C)C,2377
MOL_002379,475-20-7,Longifolene,C=C1C2CCC3C2C(C)(C)CCCC13C,2378
MOL_002380,4755-83-3,musk F,CC(=O)c1ccc2c(c1)C(C)(C)C(C)C2(C)C,2379
MOL_002381,477218-42-1,serenolide,CC(OC(C)(C)COC(=O)C1CC1)C1CCCC(C)(C)C1,2380
MOL_002382,478695-70-4,applelide (IFF),CCOC(=O)CC(=O)OC(C)C1CCCC(C)(C)C1,2381
MOL_002383,479547-57-4,Trimethylnonadienol,CCCCCC=C(C)C(C)=C(C)O,2382
MOL_002384,4798-44-1,Hexenol,C=CC(O)CCC,2383
MOL_002385,4798-61-2,Octenol,C/C=C/C(O)CCCC,2384
MOL_002386,481-34-5,alpha-cadinol,CC1=C[C@@H]2C(CC1)[C@](C)(O)CC[C@H]2C(C)C,2385
MOL_002387,4819-67-4,2-pentyl cyclopentanone,CCCCCC1CCCC1=O,2386
MOL_002388,4826-62-4,Dodecenal,CCCCCCCCC/C=C\C=O,2387
MOL_002389,4829-04-3,"1,3-dithiolane",C1CSCS1,2388
MOL_002390,483-76-1,Cadinene,CC1=CC2C(=C(C)CCC2C(C)C)CC1,2389
MOL_002391,484-12-8,osthol,COc1ccc2ccc(=O)oc2c1CC=C(C)C,2390
MOL_002392,484-31-1,dillapiol (dill),C=CCc1cc2c(c(OC)c1OC)OCO2,2391
MOL_002393,4861-58-9,Pentylthiophene,CCCCCc1cccs1,2392
MOL_002394,4861-85-2,Isopropyl phenylacetate,CC(C)OC(=O)Cc1ccccc1,2393
MOL_002395,4864-61-3,Octyl acetate,CCCCCC(CC)OC(C)=O,2394
MOL_002396,487-11-6,Elemicin,C=CCc1cc(OC)c(OC)c(OC)c1,2395
MOL_002397,488-10-8,Jasmone,CC/C=C\CC1=C(C)CCC1=O,2396
MOL_002398,488-15-3,Hydroxymethylpentanoic acid,CCC(C)C(O)C(=O)O,2397
MOL_002399,4883-60-7,Hydroxyisophorone,C[C@@H]1CC(C)(C)CC(=O)C1=O,2398
MOL_002400,4884-24-6,Cyclopentylcyclopentanone,O=C1CCCC1C1CCCC1,2399
MOL_002401,4887-30-3,Octyl hexanoate,CCCCCCCCOC(=O)CCCCC,2400
MOL_002402,489-40-7,alpha-gurjunene,CC1=C2C(CC1)[C@H](C)CC[C@@H]1[C@H]2C1(C)C,2401
MOL_002403,490-03-9,Diosphenol,CC1=C(O)C(=O)C(C(C)C)CC1,2402
MOL_002404,4906-24-5,Acetoxybutanone,CCC(=O)COC(C)=O,2403
MOL_002405,491-02-1,neoisomenthol,CC1CCC(C(C)C)C(O)C1,2404
MOL_002406,491-04-3,Piperitol,CC1=CC(O)C(C(C)C)CC1,2405
MOL_002407,491-07-6,(±)-isomenthone,CC1CCC(C(C)C)C(=O)C1,2406
MOL_002408,491-09-8,Piperitenone,CC1=CC(=O)C(=C(C)C)CC1,2407
MOL_002409,491-35-0,Methylquinoline,Cc1ccnc2ccccc12,2408
MOL_002410,492-37-5,Phenylpropionic acid,CC(C(=O)O)c1ccccc1,2409
MOL_002411,4927-36-0,pepper hexanone,CCC(=O)CC(C)(C)c1ccccc1,2410
MOL_002412,4927-39-3,vetiver pentanone,CC(=O)CC(C)(C)C1CCCCC1,2411
MOL_002413,4938-52-7,Heptenol,C=CC(O)CCCC,2412
MOL_002414,494-08-6,glucovanillin,COc1cc(C=O)ccc1O[C@@H]1O[C@H](CO)[C@@H](O)[C@H](O)[C@H]1O,2413
MOL_002415,494-90-6,Menthofuran,Cc1coc2c1CC[C@@H](C)C2,2414
MOL_002416,4940-11-8,Ethyl maltol,CCc1occc(=O)c1O,2415
MOL_002417,4941-78-0,(E)-13-musk decenone,O=C1CCCCCCCCCC/C=C/CCO1,2416
MOL_002418,4948-28-1,cis-2-pinanol,CC1(C)[C@H]2CC[C@](C)(O)[C@@H]1C2,2417
MOL_002419,495-40-9,Phenylbutanone,CCCC(=O)c1ccccc1,2418
MOL_002420,495-60-3,alpha-zingiberene,CC(C)=CCC[C@H](C)[C@@H]1C=CC(C)=CC1,2419
MOL_002421,495-61-4,Bisabolene,C=C(CCC=C(C)C)[C@H]1CC=C(C)CC1,2420
MOL_002422,495-62-5,Bisabolene,CC(C)=CCC/C(C)=C1\CC=C(C)CC1,2421
MOL_002423,495-76-1,Piperonyl alcohol,OCc1ccc2c(c1)OCO2,2422
MOL_002424,4951-48-8,Menthyl propionate,CCC(=O)O[C@@H]1C[C@H](C)CC[C@H]1C(C)C,2423
MOL_002425,49576-57-0,Methyloctenal,CCCCC/C=C(\C)C=O,2424
MOL_002426,496-16-2,Dihydrobenzofuran,c1ccc2c(c1)CCO2,2425
MOL_002427,496-64-0,Hydroxypyrone,O=c1occcc1O,2426
MOL_002428,496-77-5,Hydroxyoctanone,CCCC(=O)C(O)CCC,2427
MOL_002429,496-78-6,"2,4,5-trimethyl phenol",Cc1cc(C)c(O)cc1C,2428
MOL_002430,497-03-0,Methylbutenal,C/C=C(\C)C=O,2429
MOL_002431,497-23-4,Hydroxybutenoic acid gamma-lactone,O=C1C=CCO1,2430
MOL_002432,49773-24-2,Ethyl methylmethylthiopropionate,CCOC(=O)C(C)(C)SC,2431
MOL_002433,49776-81-0,Hexenyl isothiocyanate,C=CCCCCN=C=S,2432
MOL_002434,498-00-0,Vanillyl alcohol,COc1cc(CO)ccc1O,2433
MOL_002435,498-02-2,Acetovanillone,COc1cc(C(C)=O)ccc1O,2434
MOL_002436,498-16-8,Lavandulol,C=C(C)[C@H](CO)CC=C(C)C,2435
MOL_002437,498-36-2,Hydroxymethylpentanoic acid,CC(C)CC(O)C(=O)O,2436
MOL_002438,498-62-4,Thiophenaldehyde,O=Cc1ccsc1,2437
MOL_002439,498-81-7,Dihydroterpineol,CC1CCC(C(C)(C)O)CC1,2438
MOL_002440,4984-01-4,"3,7-dimethyl-1-octene",C=CC(C)CCCC(C)C,2439
MOL_002441,4984-85-4,Hydroxyhexanone,CCC(=O)C(O)CC,2440
MOL_002442,499-12-7,Aconitic acid,O=C(O)/C=C(\CC(=O)O)C(=O)O,2441
MOL_002443,499-44-5,Hinokitiol,CC(C)c1cccc(O)c(=O)c1,2442
MOL_002444,499-54-7,Hydroxydimethyloctanoic acid lactone,CC1CCC(C(C)C)OC(=O)C1,2443
MOL_002445,499-69-4,Carvomenthol,CC(C)[C@@H]1CC[C@@H](C)[C@H](O)C1,2444
MOL_002446,499-70-7,Carvomenthone,CC1CCC(C(C)C)CC1=O,2445
MOL_002447,499-71-8,carvotan acetone,CC1=CCC(C(C)C)CC1=O,2446
MOL_002448,499-74-1,carvenone,CC(C)C1=CC(=O)C(C)CC1,2447
MOL_002449,499-75-2,Carvacrol,Cc1ccc(C(C)C)cc1O,2448
MOL_002450,4996-48-9,amyl 2-furoate,CCCCCOC(=O)c1ccco1,2449
MOL_002451,50-21-5,Lactic acid,CC(O)C(=O)O,2450
MOL_002452,50-70-4,Sorbitol,OCC(O)C(O)C(O)C(O)CO,2451
MOL_002453,50-81-7,Ascorbic acid,O=C1C(O)=C(O)OC1C(O)CO,2452
MOL_002454,500-02-7,Cryptone,CC(C)C1C=CC(=O)CC1,2453
MOL_002455,5009-32-5,Nonenone,C=CCCCCCC(C)=O,2454
MOL_002456,501-19-9,meta-eugenol,C=CCc1ccc(OC)c(O)c1,2455
MOL_002457,501-52-0,Phenylpropionic acid,O=C(O)CCc1ccccc1,2456
MOL_002458,501-92-8,Chavicol,C=CCc1ccc(O)cc1,2457
MOL_002459,501-94-0,Hydroxyphenylethanol,OCCc1ccc(O)cc1,2458
MOL_002460,502-26-1,Octadecalactone,CCCCCCCCCCCCCCC1CCC(=O)O1,2459
MOL_002461,502-42-1,Cycloheptanone,O=C1CCCCCC1,2460
MOL_002462,502-47-6,Dimethyloctenoic acid,CC(C)=CCCC(C)CC(=O)O,2461
MOL_002463,502-56-7,Dibutyl ketone,CCCCC(=O)CCCC,2462
MOL_002464,502-61-4,Farnesene,C=C/C(C)=C/C/C=C(\C)CCC=C(C)C,2463
MOL_002465,502-69-2,Trimethylpentadecanone,CC(=O)CCCC(C)CCCC(C)CCCC(C)C,2464
MOL_002466,502-72-7,exaltone (Firmenich),O=C1CCCCCCCCCCCCCC1,2465
MOL_002467,502-99-8,alpha-ocimene,C=C/C(C)=C/CCC(=C)C,2466
MOL_002468,503-74-2,Isovaleric acid,CC(C)CC(=O)O,2467
MOL_002469,50306-18-8,"(Z)-1,5-octadien-3-ol",C=CC(O)C/C=C\CC,2468
MOL_002470,50343-36-7,Propylene glycol dihexanoate,CCCCCC(=O)OCC(C)OC(=O)CCCCC,2469
MOL_002471,50363-43-4,"4-methyl-1,3-dithiolane",CC1CSCS1,2470
MOL_002472,50373-60-9,Dihydrolinalyl acetate,CCC(C)(CCC=C(C)C)OC(C)=O,2471
MOL_002473,50448-95-8,Ethylhexyl mercaptopropionate,CCCCC(CC)COC(=O)CCS,2472
MOL_002474,5048-26-0,Hexenyl acetate,C=CCCCCOC(C)=O,2473
MOL_002475,505-10-2,Methylthiopropanol,CSCCCO,2474
MOL_002476,505-23-7,"1,3-dithiane",C1CSCSC1,2475
MOL_002477,505-29-3,Dithiane,C1CSCCS1,2476
MOL_002478,505-32-8,Isophytol,C=CC(C)(O)CCCC(C)CCCC(C)CCCC(C)C,2477
MOL_002479,505-57-7,Hexenal,CCC/C=C/C=O,2478
MOL_002480,505-79-3,Methionyl isothiocyanate,CSCCCN=C=S,2479
MOL_002481,505-90-8,(Z)-4-decenoic acid,CCCCC/C=C\CCC(=O)O,2480
MOL_002482,5058-19-5,Butylpyridine,CCCCc1ccccn1,2481
MOL_002483,506-12-7,Heptadecanoic acid,CCCCCCCCCCCCCCCCC(=O)O,2482
MOL_002484,506-32-1,Arachidonic acid,CCCCC/C=C/C/C=C/C/C=C/C/C=C/CCCC(=O)O,2483
MOL_002485,50607-64-2,green carboxylate,CCCC(C)C=Nc1ccccc1C(=O)OC,2484
MOL_002486,50623-57-9,Butyl nonanoate,CCCCCCCCC(=O)OCCCC,2485
MOL_002487,50626-02-3,Phenylcarbethoxyfuran,CCOC(=O)c1ccoc1-c1ccccc1,2486
MOL_002488,507-09-5,Ethanethioic acid,CC(=O)S,2487
MOL_002489,507-70-0,Borneol,CC1(C)C2CCC1(C)C(O)C2,2488
MOL_002490,50746-09-3,Mercaptomethylbutyl acetate,CCCC(CS)OC(C)=O,2489
MOL_002491,50746-10-6,3-mercapto-3-methyl butyl formate,CC(C)(S)CCOC=O,2490
MOL_002492,5075-48-9,Pentylcyclopropanecarboxylic acid,CCCCCC1CC1C(=O)O,2491
MOL_002493,5076-72-2,Ethoxymethoxybenzene,CCOc1ccc(OC)cc1,2492
MOL_002494,5077-67-8,Hydroxybutanone,CCC(=O)CO,2493
MOL_002495,508-32-7,Tricyclene,CC1(C)C2CC3C(C2)C31C,2494
MOL_002496,50816-18-7,Decenyl acetate,C=CCCCCCCCCOC(C)=O,2495
MOL_002497,50862-12-9,Heptyl methylbutyrate,CCCCCCCOC(=O)C(C)CC,2496
MOL_002498,5090-41-5,Octadecenal,CCCCCCCC/C=C/CCCCCCCC=O,2497
MOL_002499,5090-63-1,dehydronootkatone,C=C(C)[C@@H]1C=CC2=CC(=O)C[C@@H](C)[C@]2(C)C1,2498
MOL_002500,50980-84-2,Propylene glycol dibutyrate,CCCC(=O)OCC(C)OC(=O)CCC,2499
MOL_002501,51-67-2,Tyramine,NCCc1ccc(O)cc1,2500
MOL_002502,511-02-4,sclarene,C=CC(=C)CC[C@H]1C(=C)CC[C@H]2C(C)(C)CCC[C@]12C,2501
MOL_002503,51100-54-0,Decenol,C=CC(O)CCCCCCC,2502
MOL_002504,51115-63-0,Methylbutyl salicylate,CCC(C)COC(=O)c1ccccc1O,2503
MOL_002505,51115-64-1,Methylbutyl butyrate,CCCC(=O)OCC(C)CC,2504
MOL_002506,51115-67-4,WS-23,CNC(=O)C(C)(C(C)C)C(C)C,2505
MOL_002507,51115-70-9,"N-ethyl-2,2-diisopropyl butanamide",CCNC(=O)C(CC)(C(C)C)C(C)C,2506
MOL_002508,51154-96-2,(R)-massoia lactone,CCCCC[C@@H]1CC=CC(=O)O1,2507
MOL_002509,51193-77-2,(Z)-3-octen-2-one,CCCC/C=C\C(C)=O,2508
MOL_002510,512-13-0,(-)-alpha-fenchol,CC1(C)[C@@H]2CC[C@@](C)(C2)[C@@H]1O,2509
MOL_002511,512-61-8,Santalene,CC(C)=CCCC1(C)C2CC3C(C2)C31C,2510
MOL_002512,5129-35-1,Propyl pivalate,CCCOC(=O)C(C)(C)C,2511
MOL_002513,5129-37-3,Butyl pivalate,CCCCOC(=O)C(C)(C)C,2512
MOL_002514,5129-38-4,Isobutyl pivalate,CC(C)COC(=O)C(C)(C)C,2513
MOL_002515,513-44-0,Isobutyl mercaptan,CC(C)CS,2514
MOL_002516,513-53-1,Butanethiol,CCC(C)S,2515
MOL_002517,513-85-9,"2,3-butane diol",CC(O)C(C)O,2516
MOL_002518,513-86-0,Acetoin,CC(=O)C(C)O,2517
MOL_002519,5132-75-2,Octyl heptanoate,CCCCCCCCOC(=O)CCCCCC,2518
MOL_002520,51325-37-2,Decatrienal,CCCC=CC=CC=CC=O,2519
MOL_002521,51352-68-2,Nonenolide,O=C1C=CCCCCCCO1,2520
MOL_002522,5137-52-0,Amyl phenylacetate,CCCCCOC(=O)Cc1ccccc1,2521
MOL_002523,514-99-8,Myrtanol,CC1(C)C2CCC(CO)C1C2,2522
MOL_002524,51411-24-6,Dihydrofarnesol,CC(C)=CCCC(C)=CCCC(C)CCO,2523
MOL_002525,5146-66-7,Geranyl nitrile,CC(C)=CCC/C(C)=C/C#N,2524
MOL_002526,515-00-4,Myrtenol,CC1(C)C2CC=C(CO)C1C2,2525
MOL_002527,515-03-7,Sclareol,C=C[C@](C)(O)CC[C@@H]1[C@@]2(C)CCCC(C)(C)C2CC[C@@]1(C)O,2526
MOL_002528,515-13-9,Elemene,C=CC1(C)CCC(C(=C)C)CC1C(=C)C,2527
MOL_002529,515-69-5,alpha-bisabolol,CC(C)=CCC[C@@](C)(O)[C@H]1CC=C(C)CC1,2528
MOL_002530,51532-26-4,Geranyl octanoate,CCCCCCCC(=O)OC/C=C(\C)CCC=C(C)C,2529
MOL_002531,51534-36-2,Tetradecenal,CCCCCCCCCCC/C=C/C=O,2530
MOL_002532,51534-66-8,Methyl methylthiobutyrate,CCC(SC)C(=O)OC,2531
MOL_002533,51566-62-2,citronellyl nitrile,CC(C)=CCCC(C)CC#N,2532
MOL_002534,51595-91-6,alpha-isomethyl ionol,CC(=CC1=C(C)CCCC1(C)C)C(C)O,2533
MOL_002535,516-06-3,Valine,CC(C)C(N)C(=O)O,2534
MOL_002536,51608-18-5,Pentenylcyclopentanone,CC/C=C/CC1CCCC1=O,2535
MOL_002537,51647-38-2,Methyltrithiolane,CC1CSSS1,2536
MOL_002538,51652-47-2,(Z)-5-decen-1-ol,CCCC/C=C\CCCCO,2537
MOL_002539,5166-53-0,Methylhexenone,CC(=O)/C=C/C(C)C,2538
MOL_002540,51685-40-6,dextro-linalyl acetate,C=C[C@](C)(CCC=C(C)C)OC(C)=O,2539
MOL_002541,5173-69-3,(+)-geosmin,C[C@@H]1CCC[C@]2(C)CCCC[C@@]12O,2540
MOL_002542,5173-70-6,(-)-geosmin,C[C@H]1CCC[C@@]2(C)CCCC[C@@]12O,2541
MOL_002543,51755-66-9,Methylthiohexanol,CCCC(CCO)SC,2542
MOL_002544,51755-70-5,Methylthioheptanal,CCCCCC(C=O)SC,2543
MOL_002545,51755-83-0,Mercaptohexanol,CCCC(S)CCO,2544
MOL_002546,51755-85-2,lychee mercaptan acetate,CCCC(CCOC(C)=O)SC,2545
MOL_002547,5182-36-5,Floropal®,CC1CC(C)(c2ccccc2)OC(C)O1,2546
MOL_002548,51933-13-2,Diethoxybutanone,CCOC(OCC)C(=O)CC,2547
MOL_002549,52-90-4,Cysteine,NC(CS)C(=O)O,2548
MOL_002550,52019-78-0,(S)-(+)-2-hexanol,CCCC[C@H](C)O,2549
MOL_002551,5205-07-2,Isoprenyl acetate,C=C(C)CCOC(C)=O,2550
MOL_002552,5205-11-8,Prenyl benzoate,CC(C)=CCOC(=O)c1ccccc1,2551
MOL_002553,5205-12-9,Isoprenyl benzoate,C=C(C)C=COC(=O)c1ccccc1,2552
MOL_002554,5205-40-3,Ethyl oxooctanoate,CCCC(=O)CCCC(=O)OCC,2553
MOL_002555,5208-59-3,Bourbonene,C=C1CCC2C1C1C(C(C)C)CCC21C,2554
MOL_002556,52089-55-1,ethyl 2-hydroxyhexanoate,CCCCC(O)C(=O)OCC,2555
MOL_002557,52210-18-1,alpha-ionyl acetate,CC(=O)OC(C)C=CC1C(C)=CCCC1(C)C,2556
MOL_002558,523-47-7,beta-cadinene,CC1=CC[C@H]2C(C)=CC[C@@H](C(C)C)[C@@H]2C1,2557
MOL_002559,523-80-8,Apiole,C=CCc1cc(OC)c2c(c1OC)OCO2,2558
MOL_002560,52363-43-6,Decyl hexanoate,CCCCCCCCCCOC(=O)CCCCC,2559
MOL_002561,5240-32-4,acorn acetate,C#CC1(OC(C)=O)CCCCC1,2560
MOL_002562,52414-87-6,Propylmethylthiazole,CCCc1csc(C)n1,2561
MOL_002563,52414-91-2,Ethylmethylthiazole,CCc1ncsc1C,2562
MOL_002564,52474-60-9,myrmac aldehyde,CC(C)=CCCC1=CCCC(C)(C=O)C1,2563
MOL_002565,52475-86-2,myrmac carboxaldehyde,CC(C)=CCCC1=CCC(C)(C=O)CC1,2564
MOL_002566,52475-89-5,1-formyl-3-isohexenyl-3-cyclohexene,CC(C)=CCCC1=CCCC(C=O)C1,2565
MOL_002567,52513-03-8,Methylbutyl benzoate,CCC(C)COC(=O)c1ccccc1,2566
MOL_002568,52514-66-6,vanillin hexylene glycol acetal,COc1cc(C2OC(C)CC(C)(C)O2)ccc1O,2567
MOL_002569,52514-67-7,ethyl vanillin hexylene glycol acetal,CCOc1cc(C2OC(C)CC(C)(C)O2)ccc1O,2568
MOL_002570,52517-53-0,Ethyldihydrocyclopentapyrazine,CCN1CCN=C2C=CC=C21,2569
MOL_002571,52517-54-1,Tetrahydromethylquinoxaline,CN1CCNc2ccccc21,2570
MOL_002572,52517-67-6,Undecanal dimethyl acetal,CCCCCCCCCCC(OC)OC,2571
MOL_002573,52557-97-8,fir carboxylate,COC(=O)C1CC2CC1C(C)(C)C2,2572
MOL_002574,52558-99-3,Methylthiazoline,CS1=CNCC1,2573
MOL_002575,526-75-0,Xylenol,Cc1cccc(O)c1C,2574
MOL_002576,5263-87-6,Methoxyquinoline,COc1ccc2ncccc2c1,2575
MOL_002577,527-60-6,Trimethylphenol,Cc1cc(C)c(O)c(C)c1,2576
MOL_002578,5271-38-5,Methylthioethanol,CSCCO,2577
MOL_002579,5273-85-8,(E)-isoelemicin,C/C=C/c1cc(OC)c(OC)c(OC)c1,2578
MOL_002580,52788-71-3,Ethyl p-Methyl-beta-Phenylglycidate,CCOC(=O)C1OC1c1ccc(C)cc1,2579
MOL_002581,52789-73-8,Methyl acetoxycyclohexyl ketone,CC(=O)OC1(C(C)=O)CCCCC1,2580
MOL_002582,528-79-0,Acetyl thymol,CC(=O)Oc1cc(C)ccc1C(C)C,2581
MOL_002583,5287-45-6,Prenylthiol,CC(C)=CCS,2582
MOL_002584,529-01-1,isopiperitenone,C=C(C)C1CCC(C)=CC1=O,2583
MOL_002585,529-20-4,Tolualdehyde,Cc1ccccc1C=O,2584
MOL_002586,5292-21-7,Cyclohexaneacetic acid,O=C(O)CC1CCCCC1,2585
MOL_002587,530-56-3,Syringic alcohol,COc1cc(CO)cc(OC)c1O,2586
MOL_002588,530-57-4,Syringic acid,COc1cc(C(=O)O)cc(OC)c1O,2587
MOL_002589,53004-93-6,Menthyl methylbutyrate,CCC(C)C(=O)OC1CC(C)CCC1C(C)C,2588
MOL_002590,53018-24-9,tropical indene,COC1CC2CC1C1C=CCC21,2589
MOL_002591,5303-26-4,Octyl nonanoate,CCCCCCCCOC(=O)CCCCCCCC,2590
MOL_002592,53046-97-2,Nonadienol,CC/C=C\C/C=C\CCO,2591
MOL_002593,53053-51-3,Methyl methylthiobutyrate,COC(=O)CCCSC,2592
MOL_002594,53082-57-8,propyl angelate,C/C=C(/C)C(=O)OCCC,2593
MOL_002595,53082-58-9,3-methyl pentyl angelate,C/C=C(/C)C(=O)OCCC(C)CC,2594
MOL_002596,531-26-0,Eugenyl benzoate,C=CCc1ccc(OC(=O)c2ccccc2)c(OC)c1,2595
MOL_002597,531-59-9,7-methoxycoumarin,COc1ccc2ccc(=O)oc2c1,2596
MOL_002598,53119-25-8,Pentanoylthiophene,CCCCC(=O)c1cccs1,2597
MOL_002599,53163-97-6,Ethoxymethylpyrazine,CCOc1cncc(C)n1,2598
MOL_002600,53184-67-1,Nonyl propionate,CCCCCCCCCOC(=O)CC,2599
MOL_002601,5320-75-2,Cinnamyl benzoate,O=C(OC/C=C/c1ccccc1)c1ccccc1,2600
MOL_002602,53243-60-0,(E)-citrus nitrile,C/C(=C\C#N)CCc1ccccc1,2601
MOL_002603,53263-56-2,"2-hydroxy-3,5,5-trimethyl-2-cyclopenten-1-one",CC1=C(O)C(=O)C(C)(C)C1,2602
MOL_002604,53263-58-4,Ethylhydroxymethylcyclopentenone,CCC1CC(C)=C(O)C1=O,2603
MOL_002605,533-18-6,Tolyl acetate,CC(=O)Oc1ccccc1C,2604
MOL_002606,533-31-3,Sesamol,Oc1ccc2c(c1)OCO2,2605
MOL_002607,5331-14-6,phenethyl butyl ether,CCCCOCCc1ccccc1,2606
MOL_002608,5333-83-5,1-(2-thienyl) butanone,CCCC(=O)c1cccs1,2607
MOL_002609,53338-05-9,amber dioxepine,CC(C)CCC1(C)OCC=CCO1,2608
MOL_002610,53398-78-0,Hexenyl formate,CCC/C=C/COC=O,2609
MOL_002611,53398-80-4,Hexenyl propionate,CCC/C=C/COC(=O)CC,2610
MOL_002612,53398-83-7,(E)-2-hexen-1-yl butyrate,CCC/C=C/COC(=O)CCC,2611
MOL_002613,53398-85-9,(Z)-3-hexen-1-yl 2-methyl butyrate,CC/C=C\CCOC(=O)C(C)CC,2612
MOL_002614,53398-86-0,Hexenyl hexanoate,CCC/C=C/COC(=O)CCCCC,2613
MOL_002615,53398-87-1,Hexenyl hexenoate,CCCC=CC(=O)OC=CCCCC,2614
MOL_002616,534-15-6,Dimethoxyethane,COC(C)OC,2615
MOL_002617,534-22-5,Methylfuran,Cc1ccco1,2616
MOL_002618,53405-97-3,Undecanal diethyl acetal,CCCCCCCCCCC(OCC)OCC,2617
MOL_002619,53405-98-4,Dodecanal diethyl acetal,CCCCCCCCCCCC(OCC)OCC,2618
MOL_002620,53448-07-0,(E)-2-undecenal,CCCCCCCC/C=C/C=O,2619
MOL_002621,53475-15-3,Methylthiobutanone,CSC(C)C(C)=O,2620
MOL_002622,5348-74-3,Butyl vanillate,CCCCOC(=O)c1ccc(O)c(OC)c1,2621
MOL_002623,53488-14-5,Octyloxyacetaldehyde,CCCCCCCCOCC=O,2622
MOL_002624,5349-62-2,Methylphenylpentanone,CC(C)CC(=O)Cc1ccccc1,2623
MOL_002625,53498-30-9,Isopropyldimethylthiazole,Cc1nc(C(C)C)sc1C,2624
MOL_002626,53498-32-1,Isobutyldimethylthiazole,Cc1nc(CC(C)C)sc1C,2625
MOL_002627,5350-03-8,Amyl dodecanoate,CCCCCCCCCCCC(=O)OCCCCC,2626
MOL_002628,5355-17-9,Hydroxybenzyl methyl ether,COCc1ccc(O)cc1,2627
MOL_002629,5355-63-5,Hydroxyphenylbutanone,CCC(=O)C(O)c1ccccc1,2628
MOL_002630,536-50-5,Dimethylbenzyl alcohol,Cc1ccc(C(C)O)cc1,2629
MOL_002631,536-59-4,Perilla alcohol,C=C(C)C1CC=C(CO)CC1,2630
MOL_002632,536-60-7,Isopropylbenzyl alcohol,CC(C)c1ccc(CO)cc1,2631
MOL_002633,536-75-4,Ethylpyridine,CCc1ccncc1,2632
MOL_002634,536-78-7,Ethylpyridine,CCc1cccnc1,2633
MOL_002635,5362-56-1,Methylpentenal,CC(C)/C=C\C=O,2634
MOL_002636,53626-94-1,Prenyl thioisobutyrate,CC(C)=CCOC(=S)C(C)C,2635
MOL_002637,53643-07-5,Nootkatol,C=C(C)C1CCC2=CC(O)CC(C)C2(C)C1,2636
MOL_002638,53655-22-4,Isoprenyl hexanoate,C=C(C)C=COC(=O)CCCCC,2637
MOL_002639,53751-40-9,rhodinyl acetate substitutes,COc1ccc(COC(C)=O)cc1OC,2638
MOL_002640,53767-93-4,Dihydromyrcenyl acetate,C=CC(C)CCCC(C)(C)OC(C)=O,2639
MOL_002641,538-65-8,Butyl cinnamate,CCCCOC(=O)/C=C/c1ccccc1,2640
MOL_002642,538-86-3,Benzyl methyl ether,COCc1ccccc1,2641
MOL_002643,53823-06-6,cycloeudesmol,C[C@H]1CCC[C@]2(C)CC[C@@]3(C(C)(C)O)C[C@@]123,2642
MOL_002644,53833-30-0,Ethyldimethyloxazole,CCc1nc(C)c(C)o1,2643
MOL_002645,53833-32-2,Dimethylpropyloxazole,CCCc1nc(C)c(C)o1,2644
MOL_002646,53833-33-3,4-butyl thiazole,CCCCc1cscn1,2645
MOL_002647,53897-60-2,Bismercaptopropylsulfide,SC(S)CCSCCC(S)S,2646
MOL_002648,53897-63-5,Tetrahydrotrimethylthiadiazine,CC1CCSN(C)N1C,2647
MOL_002649,539-30-0,Benzyl ethyl ether,CCOCc1ccccc1,2648
MOL_002650,539-32-2,Butylpyridine,CCCCc1cccnc1,2649
MOL_002651,539-82-2,Ethyl valerate,CCCCC(=O)OCC,2650
MOL_002652,539-88-8,Ethyl levulinate,CCOC(=O)CCC(C)=O,2651
MOL_002653,539-90-2,Isobutyl butyrate,CCCC(=O)OCC(C)C,2652
MOL_002654,53907-46-3,Methyl mercaptopropionate,COC(=O)C(C)S,2653
MOL_002655,5392-40-5,Citral,CC(C)=CCC/C(C)=C/C=O,2654
MOL_002656,53950-85-9,"2,4,4,6-tetramethyl cyclohexa-2,5-diene-1-one",CC1=CC(C)(C)C=C(C)C1=O,2655
MOL_002657,5396-89-4,Benzyl acetoacetate,CC(=O)CC(=O)OCc1ccccc1,2656
MOL_002658,540-07-8,Amyl hexanoate,CCCCCOC(=O)CCCCC,2657
MOL_002659,540-18-1,amyl butyrate,CCCCCOC(=O)CCC,2658
MOL_002660,540-42-1,Isobutyl propionate,CCC(=O)OCC(C)C,2659
MOL_002661,540-63-6,Ethanedithiol,SCCS,2660
MOL_002662,5405-41-4,Ethyl hydroxybutyrate,CCOC(=O)CC(C)O,2661
MOL_002663,5405-58-3,Acetaldehyde dihexyl acetal,CCCCCCOC(C)OCCCCCC,2662
MOL_002664,54051-19-3,Methyl mercaptobutanoate,CCC(S)C(=O)OC,2663
MOL_002665,5406-12-2,para-cresyl propionaldehyde,Cc1ccc(CCC=O)cc1,2664
MOL_002666,5406-18-8,Methoxyphenylpropanol,COc1ccc(CCCO)cc1,2665
MOL_002667,5406-58-6,Acetoketal,CC1(C)COC(C)(c2ccccc2)OC1,2666
MOL_002668,54082-68-7,muguet undecadienal,CC(C)=CCC/C(C)=C/CCC(C)C=O,2667
MOL_002669,54089-83-7,muguet nitrile,CC(CC#N)CCc1ccccc1,2668
MOL_002670,541-31-1,Methylbutanethiol,CC(C)CCS,2669
MOL_002671,541-47-9,Methylcrotonic acid,CC(C)=CC(=O)O,2670
MOL_002672,541-58-2,Dimethylthiazole,Cc1csc(C)n1,2671
MOL_002673,541-85-5,Methylheptanone,CCC(=O)CC(C)CC,2672
MOL_002674,541-91-3,Muscone,CC1CCCCCCCCCCCCC(=O)C1,2673
MOL_002675,5413-49-0,ethyl levulinate propylene glycol ketal,CCOC(=O)CCC1(C)OCC(C)O1,2674
MOL_002676,5413-60-5,verdyl acetate,CC(=O)OC1CC2CC1C1CC=CC21,2675
MOL_002677,5418-86-0,tris(methyl thio) methane,CSC(SC)SC,2676
MOL_002678,542-08-5,Isopropyl acetoacetate,CC(=O)CC(=O)OC(C)C,2677
MOL_002679,542-28-9,Valerolactone,O=C1CCCCO1,2678
MOL_002680,542-46-1,Civetone,O=C1CCCCCCC/C=C\CCCCCCC1,2679
MOL_002681,542-55-2,Isobutyl formate,CC(C)COC=O,2680
MOL_002682,542-85-8,Ethyl isothiocyanate,CCN=C=S,2681
MOL_002683,5420-98-4,cinnamaldehyde butylene glycol acetal,CC1CCOC(/C=C/c2ccccc2)O1,2682
MOL_002684,5421-00-1,Tetrahydrofurfuryl phenylacetate (See comments),O=C(Cc1ccccc1)OCC1CCCO1,2683
MOL_002685,5421-12-5,Decanal propylene glycol acetal,CCCCCCCCCC1OCC(C)O1,2684
MOL_002686,5421-17-0,Hexyl phenylacetate,CCCCCCOC(=O)Cc1ccccc1,2685
MOL_002687,5421-27-2,Isobutyl undecenoate,C=CCCCCCCCCC(=O)OCC(C)C,2686
MOL_002688,5422-69-5,Butyl acetolactate,CCCCOC(=O)C(C)OC(C)=O,2687
MOL_002689,5426-78-8,phenethyl acetal,CCOC(C)Oc1ccccc1,2688
MOL_002690,543-39-5,Myrcenol,C=CC(=C)CCCC(C)(C)O,2689
MOL_002691,543-49-7,Heptanol,CCCCCC(C)O,2690
MOL_002692,54300-08-2,Acetyldimethylpyrazine,CC(=O)c1ncc(C)nc1C,2691
MOL_002693,54300-09-3,"2-acetyl-3,6-dimethyl pyrazine",CC(=O)c1nc(C)cnc1C,2692
MOL_002694,54300-10-6,Acetyldimethylpyrazine,CC(=O)c1cnc(C)c(C)n1,2693
MOL_002695,54306-00-2,Hexenal diethyl acetal,CCC/C=C/C(OCC)OCC,2694
MOL_002696,5432-66-6,Isobutyl phenoxyacetate,CC(C)COC(=O)COc1ccccc1,2695
MOL_002697,5434-57-1,Hexyl pivalate,CCCCCCOC(=O)C(C)(C)C,2696
MOL_002698,54340-72-6,Ethyl heptenoate,CCCC/C=C/C(=O)OCC,2697
MOL_002699,54340-90-8,acetaldehyde methyl hexyl acetal,CCCCCCOC(C)OC,2698
MOL_002700,5435-64-3,Trimethylhexanal,CC(CC=O)CC(C)(C)C,2699
MOL_002701,5436-21-5,Oxobutanal dimethyl acetal,COC(CC(C)=O)OC,2700
MOL_002702,54393-36-1,Octenol,CCC/C=C\CCCO,2701
MOL_002703,544-01-4,Diisoamyl ether,CC(C)CCOCCC(C)C,2702
MOL_002704,544-12-7,Hexenol,CC/C=C/CCO,2703
MOL_002705,544-35-4,Ethyl linoleate,CCCCC/C=C\C/C=C\CCCCCCCC(=O)OCC,2704
MOL_002706,544-40-1,Butyl sulfide,CCCCSCCCC,2705
MOL_002707,544-63-8,Myristic acid,CCCCCCCCCCCCCC(=O)O,2706
MOL_002708,544-76-3,Hexadecane,CCCCCCCCCCCCCCCC,2707
MOL_002709,54410-83-2,"2,3-dimethyl-5-isobutyl pyrazine",Cc1ncc(CC(C)C)nc1C,2708
MOL_002710,54411-06-2,Butylethylthiophene,CCCCc1ccc(CC)s1,2709
MOL_002711,5442-00-2,cyclohexyl propanol,CC(CO)C1CCCCC1,2710
MOL_002712,5444-75-7,Ethylhexyl benzoate,CCCCC(CC)COC(=O)c1ccccc1,2711
MOL_002713,54440-17-4,saffron indenone,CC1C(=O)c2ccccc2C1(C)C,2712
MOL_002714,544409-58-7,lactadione,CCCCCC(=O)C(C)(O)C(C)=O,2713
MOL_002715,54464-57-2,patchouli ethanone,CC(=O)C1(C)CC2=C(CCCC2(C)C)CC1C,2714
MOL_002716,54484-73-0,Acetaldehyde ethyl hexyl acetal,CCCCCCOC(C)OCC,2715
MOL_002717,5451-52-5,Decyl formate,CCCCCCCCCCOC=O,2716
MOL_002718,5451-80-9,Heptyl valerate,CCCCCCCOC(=O)CCCC,2717
MOL_002719,5451-88-7,Phenylpropyl valerate,CCCCC(=O)OCCCc1ccccc1,2718
MOL_002720,5451-92-3,Nonyl formate,CCCCCCCCCOC=O,2719
MOL_002721,5451-95-6,nonyl benzoate,CCCCCCCCCOC(=O)c1ccccc1,2720
MOL_002722,5452-07-3,Phenylpropyl isovalerate,CC(C)CC(=O)OCCCc1ccccc1,2721
MOL_002723,5454-09-1,Decyl butyrate,CCCCCCCCCCOC(=O)CCC,2722
MOL_002724,5454-11-5,Phenylethyl heptanoate,CCCCCCC(=O)OCCc1ccccc1,2723
MOL_002725,5454-19-3,Decyl propionate,CCCCCCCCCCOC(=O)CC,2724
MOL_002726,5454-21-7,benzyl heptanoate,CCCCCCC(=O)OCc1ccccc1,2725
MOL_002727,5454-22-8,Decyl isobutyrate,CCCCCCCCCCOC(=O)C(C)C,2726
MOL_002728,5454-28-4,Butyl heptanoate,CCCCCCC(=O)OCCCC,2727
MOL_002729,54546-22-4,Ethyl hexadecenoate,CCCCCC/C=C/CCCCCCCC(=O)OCC,2728
MOL_002730,54546-26-8,herbal acetal,CCCCC1OC(C)CC(C)(C)O1,2729
MOL_002731,5455-24-3,Octanedione,CCCC(=O)C(=O)CCC,2730
MOL_002732,5457-70-5,Phenethyl octanoate,CCCCCCCC(=O)OCCc1ccccc1,2731
MOL_002733,5458-59-3,Isopropyl octanoate,CCCCCCCC(=O)OC(C)C,2732
MOL_002734,546-28-1,Cedrene,C=C1CC[C@@]23C[C@@H]1C(C)(C)[C@@H]2CC[C@H]3C,2733
MOL_002735,546-49-6,Artemisia Ketone,C=CC(C)(C)C(=O)C=C(C)C,2734
MOL_002736,546-79-2,Sabinene hydrate,CC(C)[C@]12CC[C@@](C)(O)[C@@H]1C2,2735
MOL_002737,546-80-5,alpha-thujone,CC(C)[C@]12CC(=O)[C@H](C)[C@H]1C2,2736
MOL_002738,5460-45-7,Ethylhexyl formate,CCCCC(CC)COC=O,2737
MOL_002739,5460-46-8,Fenchyl formate,CC12CCC(C1)C(C)(C)C2OC=O,2738
MOL_002740,5461-02-9,Undecyl butyrate,CCCCCCCCCCCOC(=O)CCC,2739
MOL_002741,5461-06-3,Isobutyl octanoate,CCCCCCCC(=O)OCC(C)C,2740
MOL_002742,5461-08-5,Piperonyl isobutyrate,CC(C)C(=O)OCc1ccc2c(c1)OCO2,2741
MOL_002743,5462-06-6,para-anisyl propanal,COc1ccc(CC(C)C=O)cc1,2742
MOL_002744,54644-28-9,Diethyltrithiolane,CCC1(CC)CSSS1,2743
MOL_002745,54653-25-7,Ethyl hexenoate,CCCC=CC(=O)OCC,2744
MOL_002746,5466-06-8,Ethyl mercaptopropionate,CCOC(=O)CCS,2745
MOL_002747,5468-05-3,Phenylacetaldehyde propylene glycol acetal,CC1COC(Cc2ccccc2)O1,2746
MOL_002748,5468-06-4,Phenylacetaldehyde butylene glycol acetal,CC1OC(Cc2ccccc2)OC1C,2747
MOL_002749,547-60-4,Pinocamphone,CC1C(=O)CC2CC1C2(C)C,2748
MOL_002750,547-61-5,laevo-pinocarveol,C=C1C(O)C[C@@H]2C[C@H]1C2(C)C,2749
MOL_002751,547-63-7,Methyl isobutyrate,COC(=O)C(C)C,2750
MOL_002752,5471-51-2,Raspberry Ketone,CC(=O)CCc1ccc(O)cc1,2751
MOL_002753,54717-17-8,"2,4,6-triethyl tetrahydro-1,3,5-dithiazine",CCC1NC(CC)SC(CC)S1,2752
MOL_002754,54814-64-1,massoia lactone,CCCCCC1CC=CC(=O)O1,2753
MOL_002755,54815-13-3,Nonanal diethyl acetal,CCCCCCCCC(OCC)OCC,2754
MOL_002756,54830-99-8,"tricyclo(5.2.1.02,6)dec-3-enyl acetate",CC(=O)OC1=CCC2C3CCC(C3)C12,2755
MOL_002757,54852-64-1,Benzyl octyl ether,CCCCCCCCOCc1ccccc1,2756
MOL_002758,548740-99-4,Mercaptopentanol,CCCCC(O)S,2757
MOL_002759,548774-80-7,Mercaptoheptyl acetate,CC(=O)OCCCCCCCS,2758
MOL_002760,54889-48-4,Octanal diethyl acetal,CCCCCCCC(OCC)OCC,2759
MOL_002761,54934-99-5,Di-isopropyltrithiolane,CC(C)C1(C(C)C)CSSS1,2760
MOL_002762,54947-74-9,Methyloctanoic acid,CCCC[C@@H](C)CCC(=O)O,2761
MOL_002763,54957-02-7,Methylhydroxypropyl methylmercaptopropyl sulfide,CC(O)C(C)SC(C)C(C)S,2762
MOL_002764,54982-83-1,ethylene dodecanoate,O=C1CCCCCCCCCCC(=O)OCCO1,2763
MOL_002765,55-10-7,Hydroxyhydroxymethoxyphenylacetic acid,COc1cc([C@H](O)C(=O)O)ccc1O,2764
MOL_002766,55013-32-6,cis-oak lactone,CCCC[C@H]1OC(=O)C[C@H]1C,2765
MOL_002767,5502-75-0,muguet shiseol,CC(C)C1CCC(CO)CC1,2766
MOL_002768,55023-56-8,"5-isopropyl-nonane-2,8-diol",CC(O)CCC(CCC(C)O)C(C)C,2767
MOL_002769,55031-15-7,Ethyldimethylpyrazine,CCc1ncc(C)nc1C,2768
MOL_002770,55050-40-3,exo-isocitral,C=C(CC=O)CCC=C(C)C,2769
MOL_002771,55066-48-3,rose absolute pentanol,CC(CCO)CCc1ccccc1,2770
MOL_002772,55066-49-4,lily pentanal,CC(CC=O)CCc1ccccc1,2771
MOL_002773,55066-53-0,Ethyl ricinoleate,CCCCCC[C@@H](O)C/C=C\CCCCCCCC(=O)OCC,2772
MOL_002774,55066-56-3,Tolyl isovalerate,Cc1ccc(OC(=O)CC(C)C)cc1,2773
MOL_002775,551-08-6,Butylidenephthalide,CCC/C=C1/OC(=O)c2ccccc21,2774
MOL_002776,551-93-9,Aminoacetophenone,CC(=O)c1ccccc1N,2775
MOL_002777,55195-19-2,Methylbutyl dodecanoate,CCCCCCCCCCCC(=O)OC(C)CCC,2776
MOL_002778,55195-23-8,Methylbutyl decanoate,CCCCCCCCCC(=O)OC(C)CCC,2777
MOL_002779,552-02-3,Viridiflorol,C[C@@H]1CC[C@H]2[C@@H]1C1[C@@H](CC[C@]2(C)O)C1(C)C,2778
MOL_002780,5524-05-0,(+)-dihydrocarvone,C=C(C)[C@@H]1CC[C@@H](C)C(=O)C1,2779
MOL_002781,55253-28-6,Photocitral A,C=C(C)[C@H]1CC[C@@H](C)[C@H]1C=O,2780
MOL_002782,553-60-6,Isopropyl nicotinate,CC(C)OC(=O)c1cccnc1,2781
MOL_002783,554-12-1,Methyl propionate,CCC(=O)OC,2782
MOL_002784,554-14-3,Methylthiophene,Cc1cccs1,2783
MOL_002785,55418-52-5,Methylenedioxyphenylbutanone,CC(=O)CCc1ccc2c(c1)OCO2,2784
MOL_002786,55444-65-0,(Z)-3-hexenal dimethyl acetal,CC/C=C\CC(OC)OC,2785
MOL_002787,55449-44-0,methyl (R)-2-methyl butyrate,CC[C@@H](C)C(=O)OC,2786
MOL_002788,555-10-2,Phellandrene,C=C1C=C[C@H](C(C)C)CC1,2787
MOL_002789,5552-30-7,Cycloionone,CC1=CC=C2C(C)(C)CCCC2(C)O1,2788
MOL_002790,55546-11-7,"4-methyl-2-(2-methyl-1-propenyl)-1,3-dioxane",CC(C)=CC1OCCC(C)O1,2789
MOL_002791,55590-83-5,Methylbutyl valerate,CCCCC(=O)OCC(C)CC,2790
MOL_002792,556-24-1,Methyl isovalerate,COC(=O)CC(C)C,2791
MOL_002793,556-61-6,Methyl isothiocyanate,CN=C=S,2792
MOL_002794,556-82-1,Methylbutenol,CC(C)=CCO,2793
MOL_002795,557-00-6,Propyl isovalerate,CCCOC(=O)CC(C)C,2794
MOL_002796,557-31-3,Allyl ethyl ether,C=CCOCC,2795
MOL_002797,557-48-2,Nonadienal,CC/C=C\CC/C=C/C=O,2796
MOL_002798,55704-78-4,Dimethyldihydroxydithiane,CC1(O)CSC(C)(O)CS1,2797
MOL_002799,55719-85-2,Phenethyl tiglate,C/C=C(\C)C(=O)OCCc1ccccc1,2798
MOL_002800,55764-22-2,Dimethylfuranthiol acetate,CC(=O)Sc1cc(C)oc1C,2799
MOL_002801,55764-23-3,Dimethylfuranthiol,Cc1cc(S)c(C)o1,2800
MOL_002802,55764-25-5,Methylfuryl thioacetate,CC(=O)Sc1ccoc1C,2801
MOL_002803,55764-28-8,Dimethylthioisovalerylfuran,Cc1cc(SC(=O)CC(C)C)c(C)o1,2802
MOL_002804,55764-31-3,"3-(2-furoyl thio)-2,5-dimethyl furan",Cc1cc(SC(=O)c2ccco2)c(C)o1,2803
MOL_002805,5577-44-6,"2,4-octadienal",CCCC=CC=CC=O,2804
MOL_002806,5579-78-2,Decalactone,CCCCC1CCCCC(=O)O1,2805
MOL_002807,5595-79-9,dianthus ethone,CCOc1cc(COC)ccc1O,2806
MOL_002808,56-12-2,gamma-aminobutyric acid,NCCCC(=O)O,2807
MOL_002809,56-85-9,Glutamine,NC(=O)CC[C@H](N)C(=O)O,2808
MOL_002810,56-86-0,Glutamic acid,NC(CCC(=O)O)C(=O)O,2809
MOL_002811,56001-43-5,Nerolidyl acetate,C=C[C@](C)(CC/C=C(/C)CCC=C(C)C)OC(C)=O,2810
MOL_002812,56006-48-5,(R)-2-ethyl hexanoic acid,CCCC[C@@H](CC)C(=O)O,2811
MOL_002813,5601-60-5,Methyldecanoic acid,CCC(C)CCCCCCC(=O)O,2812
MOL_002814,56011-02-0,Isoamyl phenethyl ether,CC(C)CCOCCc1ccccc1,2813
MOL_002815,56134-05-5,Dimethylvinylhexenal,C=CC(C)(C=O)CC=C(C)C,2814
MOL_002816,5616-51-3,"2-methyl-1,3-dithiolane",CC1SCCS1,2815
MOL_002817,5617-64-1,coumane,O=C1Oc2ccccc2C2CC12,2816
MOL_002818,56172-46-4,Geranyl butenoate,C/C=C/C(=O)OC/C=C(\C)CCC=C(C)C,2817
MOL_002819,56195-37-0,Undecenyl butyrate,C=CCCCCCCCCCOC(=O)CCC,2818
MOL_002820,562-74-3,Terpinenol,CC1=CCC(O)(C(C)C)CC1,2819
MOL_002821,56269-22-8,"2,4,6-nonatrienal",CCC=CC=CC=CC=O,2820
MOL_002822,563-80-4,Methylbutanone,CC(=O)C(C)C,2821
MOL_002823,564-20-5,sclareolide,CC1(C)CCC[C@]2(C)[C@H]3CC(=O)O[C@]3(C)CC[C@@H]12,2822
MOL_002824,564-94-3,Myrtenal,CC1(C)C2CC=C(C=O)C1C2,2823
MOL_002825,56423-40-6,Benzyl methylbutyrate,CCC(C)C(=O)OCc1ccccc1,2824
MOL_002826,56423-43-9,Heptyl isovalerate,CCCCCCCOC(=O)CC(C)C,2825
MOL_002827,565-60-6,Methylpentanol,CCC(C)C(C)O,2826
MOL_002828,565-61-7,Methylpentanone,CCC(C)C(C)=O,2827
MOL_002829,565-63-9,Angelic acid,C/C=C(/C)C(=O)O,2828
MOL_002830,565-69-5,Methylpentanone,CCC(=O)C(C)C,2829
MOL_002831,565-80-0,Diisopropyl ketone,CC(C)C(=O)C(C)C,2830
MOL_002832,5650-43-1,Propiosyringone,CCC(=O)c1cc(OC)c(O)c(OC)c1,2831
MOL_002833,5653-67-8,Dimethoxybenzyl alcohol,COc1cccc(CO)c1OC,2832
MOL_002834,5655-61-8,Bornyl acetate,CC(=O)O[C@@H]1C[C@@H]2CC[C@@]1(C)C2(C)C,2833
MOL_002835,56554-87-1,Octadecenal,CCCCCCCCCCCCCCCC=CC=O,2834
MOL_002836,56578-18-8,(E)-5-decen-1-ol,CCCC/C=C/CCCCO,2835
MOL_002837,5660-60-6,Cinnamaldehyde ethylene glycol acetal,C(=C/C1OCCO1)\c1ccccc1,2836
MOL_002838,56681-06-2,Trimethylphenylbutenone,C=C(C)C(=O)C(C)(C)c1ccccc1,2837
MOL_002839,5669-09-0,Acetaldehyde di-isobutyl acetal,CC(C)COC(C)OCC(C)C,2838
MOL_002840,56700-78-8,Nonadiene,C=CC=CCCCCC,2839
MOL_002841,56722-23-7,Undecadienol,CCCCCCCC=CC=CO,2840
MOL_002842,56747-96-7,caryophyllene alcohol,CC1(C)CC2C3CCCC(C)(C3O)C2C1,2841
MOL_002843,56767-18-1,Octadienal,C/C=C/CC/C=C/C=O,2842
MOL_002844,56797-44-5,"(Z,Z,Z)-8,11,14-heptadecatrienal",CC/C=C\C/C=C\C/C=C\CCCCCCC=O,2843
MOL_002845,56805-23-3,Nonadienol,CC/C=C\C/C=C/CCO,2844
MOL_002846,56836-93-2,muguet butanol,CC(O)C(C)Cc1ccccc1,2845
MOL_002847,56922-74-8,Hexenyl valerate,CCC/C=C/COC(=O)CCCC,2846
MOL_002848,56922-75-9,Hexenyl acetate,CCC/C=C\COC(C)=O,2847
MOL_002849,56922-79-3,Hexenyl hexanoate,CCC/C=C\COC(=O)CCCCC,2848
MOL_002850,56922-82-8,Hexenyl hexanoate,CC/C=C/CCOC(=O)CCCCC,2849
MOL_002851,5694-82-6,Citral glyceryl acetal(s),CC(C)=CCC/C(C)=C/C1OCC(CO)O1,2850
MOL_002852,56961-73-0,Styrallyl isovalerate,CC(C)CC(=O)OC(C)c1ccccc1,2851
MOL_002853,56973-85-4,galbascone (IFF),C=CCCC(=O)C1=CCCC(C)(C)C1,2852
MOL_002854,56973-87-6,dimethyl cyclohexyl 3-butenyl ketone,C=CCCC(=O)C1CCCC(C)(C)C1,2853
MOL_002855,57-06-7,Allyl isothiocyanate,C=CCN=C=S,2854
MOL_002856,57-10-3,Palmitic acid,CCCCCCCCCCCCCCCC(=O)O,2855
MOL_002857,57-11-4,Stearic acid,CCCCCCCCCCCCCCCCCC(=O)O,2856
MOL_002858,57-48-7,Fructose,O=C(CO)[C@@H](O)[C@H](O)[C@H](O)CO,2857
MOL_002859,57-50-1,"Sucrose, Cane sugar, Beet sugar",OC[C@H]1O[C@@](CO)(O[C@H]2O[C@H](CO)[C@@H](O)[C@H](O)[C@H]2O)[C@@H](O)[C@@H]1O,2858
MOL_002860,57-55-6,Propylene glycol,CC(O)CO,2859
MOL_002861,57006-69-6,"(E,E)-sorbyl acetate",C/C=C/C=C/COC(C)=O,2860
MOL_002862,57006-87-8,Acetaldehyde butyl ethyl acetal,CCCCOC(C)OCC,2861
MOL_002863,57018-53-8,Nonatrienal,CCC=CC=CC=CC=O,2862
MOL_002864,5703-26-4,Methoxyphenylacetaldehyde,COc1ccc(CC=O)cc1,2863
MOL_002865,5704-20-1,Hydroxypentanone,CCCC(=O)CO,2864
MOL_002866,57069-86-0,Dehydrodihydroionol,CC1=C(CCC(C)O)C(C)(C)CC=C1,2865
MOL_002867,57074-37-0,Decenol,CCCCC/C=C/CCCO,2866
MOL_002868,57082-24-3,Caryophyllene alcohol acetate,CC(=O)OC12CCCC(C)(CCC3C1CC3(C)C)C2,2867
MOL_002869,57124-87-5,Methyltetrahydrofuranthiol,CC1OCCC1S,2868
MOL_002870,57194-69-1,(Z)-cinnamaldehyde,O=C/C=C\c1ccccc1,2869
MOL_002871,5724-81-2,Pyrroline,C1=NCCC1,2870
MOL_002872,57246-60-3,4-butyl-5-methyl thiazole,CCCCc1ncsc1C,2871
MOL_002873,57345-19-4,amber oxepin,CC12CCC3C(CCC4C(C)(C)CCCC43C)(CO1)O2,2872
MOL_002874,5736-88-9,Butoxybenzaldehyde,CCCCOc1ccc(C=O)cc1,2873
MOL_002875,57371-42-3,Benzyl eugenol,C=CCc1ccc(OCc2ccccc2)c(OC)c1,2874
MOL_002876,57378-68-4,Damascone,C/C=C/C(=O)C1C(C)C=CCC1(C)C,2875
MOL_002877,57403-32-4,Butyl octenoate,CCCCC/C=C\C(=O)OCCCC,2876
MOL_002878,57461-21-9,(E)-trimethyl phenyl butenone,CC(=O)/C=C/c1c(C)ccc(C)c1C,2877
MOL_002879,57500-00-2,Methyl furfuryl disulfide,CSSCc1ccco1,2878
MOL_002880,5756-24-1,Dimethyl tetrasulfide,CSSSSC,2879
MOL_002881,57576-09-7,Isopulegyl acetate,C=C(C)[C@@H]1CC[C@@H](C)C[C@H]1OC(C)=O,2880
MOL_002882,57592-45-7,Ethyl ethoxycrotonate,C/C=C(\OCC)C(=O)OCC,2881
MOL_002883,576-15-8,Acetylindole,CC(=O)n1ccc2ccccc21,2882
MOL_002884,576-26-1,Xylenol,Cc1cccc(C)c1O,2883
MOL_002885,5760-50-9,Methyl undecenoate,C/C=C/CCCCCCCC(=O)OC,2884
MOL_002886,5764-85-2,leather propionate,CCOC(=O)CC(O)c1ccccc1,2885
MOL_002887,57681-53-5,Propylfuranone,CCCC1C=CC(=O)O1,2886
MOL_002888,577-16-2,Methylacetophenone,CC(=O)c1ccccc1C,2887
MOL_002889,57726-26-8,Ethyl hydroxybenzyl ether,CCOCc1ccc(O)cc1,2888
MOL_002890,57743-63-2,wine lactone,CC1=CC2OC(=O)C(C)C2CC1,2889
MOL_002891,578-58-5,Methylanisole,COc1ccccc1C,2890
MOL_002892,57856-81-2,Allyl decanoate,C=CCOC(=O)CCCCCCCCC,2891
MOL_002893,57893-27-3,Acetoxydihydrotheaspirane,CC(=O)OC1(C)CCCC(C)(C)C12CCC(C)O2,2892
MOL_002894,579-07-7,Phenylpropanedione,CC(=O)C(=O)c1ccccc1,2893
MOL_002895,579-60-2,Methoxypropenyphenol,C=CCc1cccc(OC)c1O,2894
MOL_002896,579-74-8,Methoxyacetophenone,COc1ccccc1C(C)=O,2895
MOL_002897,579-75-9,Methoxybenzoic acid,COc1ccccc1C(=O)O,2896
MOL_002898,579-93-1,Benzoylanthranilic acid,O=C(Nc1ccccc1C(=O)O)c1ccccc1,2897
MOL_002899,5794-03-6,(+)-camphene,C=C1[C@H]2CC[C@H](C2)C1(C)C,2898
MOL_002900,5794-04-7,(-)-camphene,C=C1[C@@H]2CC[C@@H](C2)C1(C)C,2899
MOL_002901,57943-67-6,Phenethyl nonanoate,CCCCCCCCC(=O)OCCc1ccccc1,2900
MOL_002902,58-08-2,Caffeine,Cn1c(=O)c2c(ncn2C)n(C)c1=O,2901
MOL_002903,58-86-6,dextro-xylose,O[C@@H]1[C@@H](O)[C@@H](O)OC[C@H]1O,2902
MOL_002904,58066-86-7,Furfurylthiopropanone,CC(=O)CSCc1ccco1,2903
MOL_002905,58096-46-1,caryophyllene formate,CC12CCCC(OC=O)(C1)C1CC(C)(C)C1CC2,2904
MOL_002906,58102-02-6,Methylional,CC1=CCCC(C)(C)C1/C=C\C(C)C=O,2905
MOL_002907,58244-29-4,Tolualdehyde propylene glycol acetal,Cc1ccc(C2OCC(C)O2)cc1,2906
MOL_002908,58296-81-4,8-undecenal,CCC=CCCCCCCC=O,2907
MOL_002909,583-04-0,Allyl benzoate,C=CCOC(=O)c1ccccc1,2908
MOL_002910,583-33-5,Butyl furoate,CCCCOC(=O)c1ccco1,2909
MOL_002911,583-60-8,Methylcyclohexanone,CC1CCCCC1=O,2910
MOL_002912,583-61-9,Dimethylpyridine,Cc1cccnc1C,2911
MOL_002913,583-92-6,Methylthiooxobutanoic acid,CSCCC(=O)C(=O)O,2912
MOL_002914,5834-16-2,Methylthiophenecarboxaldehyde,Cc1ccsc1C=O,2913
MOL_002915,5837-78-5,Ethyl tiglate,C/C=C(\C)C(=O)OCC,2914
MOL_002916,584-02-1,Pentanol,CCC(O)CC,2915
MOL_002917,58430-94-7,Trimethylhexyl acetate,CC(=O)OCCC(C)CC(C)(C)C,2916
MOL_002918,58461-27-1,lavandulol,C=C(C)C(CO)CC=C(C)C,2917
MOL_002919,58475-04-0,Ethyloctanal,CCCCCCC(C=O)CC,2918
MOL_002920,58479-55-3,Isobornyl butyrate,CCCC(=O)OC1CC2(C)CC[C@@H]1C2(C)C,2919
MOL_002921,585-24-0,Isobutyl lactate,CC(C)COC(=O)C(C)O,2920
MOL_002922,585-25-1,Octandione,CCCCCC(=O)C(C)=O,2921
MOL_002923,585-34-2,Butylphenol,CC(C)(C)c1cccc(O)c1,2922
MOL_002924,58567-11-6,amber decane,CCOCOC1CCCCCCCCCCC1,2923
MOL_002925,586-62-9,Terpinolene,CC1=CCC(=C(C)C)CC1,2924
MOL_002926,586-81-2,gamma-terpineol,CC(C)=C1CCC(C)(O)CC1,2925
MOL_002927,586-82-3,Terpinenol,CC(C)C1=CCC(C)(O)CC1,2926
MOL_002928,58605-97-3,isobutyl citral,CC(=CC=O)CCC=C(C)CC(C)C,2927
MOL_002929,5862-47-5,Methylthioethyl acetate,CSCCOC(C)=O,2928
MOL_002930,58625-95-9,Hexyl methylpentenoate,C/C=C/C(C)C(=O)OCCCCCC,2929
MOL_002931,58625-96-0,ethyl 2-methyl-2-pentenoate,CCC=C(C)C(=O)OCC,2930
MOL_002932,5870-68-8,Ethyl methylpentanoate,CCOC(=O)CC(C)CC,2931
MOL_002933,5870-93-9,Heptyl butyrate,CCCCCCCOC(=O)CCC,2932
MOL_002934,588-67-0,Benzyl butyl ether,CCCCOCc1ccccc1,2933
MOL_002935,58809-73-7,Methylthiopropionic acid,CSC(C)C(=O)O,2934
MOL_002936,5888-51-7,4-ethyl veratrole,CCc1ccc(OC)c(OC)c1,2935
MOL_002937,589-18-4,Methylbenzyl alcohol,Cc1ccc(CO)cc1,2936
MOL_002938,589-34-4,Methylhexane,CCCC(C)CC,2937
MOL_002939,589-35-5,Methylpentanol,CCC(C)CCO,2938
MOL_002940,589-38-8,Hexanone,CCCC(=O)CC,2939
MOL_002941,589-40-2,Butyl formate,CCC(C)OC=O,2940
MOL_002942,589-43-5,Dimethylhexane,CCC(C)CC(C)C,2941
MOL_002943,589-55-9,Heptanol,CCCC(O)CCC,2942
MOL_002944,589-59-3,Isobutyl isovalerate,CC(C)COC(=O)CC(C)C,2943
MOL_002945,589-66-2,Isobutyl butenoate,C/C=C\C(=O)OCC(C)C,2944
MOL_002946,589-75-3,Butyl octanoate,CCCCCCCC(=O)OCCCC,2945
MOL_002947,589-82-2,Heptanol,CCCCC(O)CC,2946
MOL_002948,589-92-4,Methylcyclohexanone,CC1CCC(=O)CC1,2947
MOL_002949,589-98-0,Octanol,CCCCCC(O)CC,2948
MOL_002950,58936-30-4,Epoxyheptanal,CCCCC1OC1C=O,2949
MOL_002951,5897-45-0,Methyl isoprenyl sulfide,C=C(C)C=CSC,2950
MOL_002952,58985-02-7,dihydroterpineol,CC1CCC(C(C)(C)O)CC1,2951
MOL_002953,58985-18-5,Dihydroterpinyl acetate,CC(=O)OC(C)(C)C1CCC(C)CC1,2952
MOL_002954,59-51-8,Methionine,CSCCC(N)C(=O)O,2953
MOL_002955,59-52-9,Dimercaptopropanol,OCC(S)CS,2954
MOL_002956,590-00-1,Potassium sorbate,C/C=C/C=C/C(=O)O,2955
MOL_002957,590-01-2,Butyl propionate,CCCCOC(=O)CC,2956
MOL_002958,590-36-3,Methylpentanol,CCCC(C)(C)O,2957
MOL_002959,590-73-8,Dimethylhexane,CCCCC(C)(C)C,2958
MOL_002960,590-86-3,Methylbutyraldehyde,CC(C)CC=O,2959
MOL_002961,590-90-9,Hydroxybutanone,CC(=O)CCO,2960
MOL_002962,59007-89-5,Methional propylene glycol acetal,CSCCC1OCC(C)O1,2961
MOL_002963,59020-84-7,Furfuryl butenoate,CC=CC(=O)OCc1ccco1,2962
MOL_002964,59020-85-8,Furfuryl thiopropionate,CCC(=O)SCc1ccco1,2963
MOL_002965,59020-90-5,Furanmethanethiol formate,O=CSCc1ccco1,2964
MOL_002966,59021-02-2,Mercaptomethylpyrazine,SCc1cnccn1,2965
MOL_002967,5905-46-4,Propenyl propyl disulfide,C/C=C/SSCCC,2966
MOL_002968,5905-47-5,Methyl propenyl disulfide,C/C=C/SSC,2967
MOL_002969,59052-82-3,Cyclododecyl formate,O=COC1CCCCCCCCCCC1,2968
MOL_002970,59056-62-1,acetoxymethyl isolongifolene,CC(=O)OCC1CCC(C)(C)C23CC4CC2C13C4(C)C,2969
MOL_002971,59056-64-3,hydroxymethyl isolongifolene 50% in dpg,CC1(C)CCC(CO)C23C4CC(CC412)C3(C)C,2970
MOL_002972,59056-70-1,formoxymethyl isolongifolene,CC1(C)CCC(COC=O)C23C4CC(CC412)C3(C)C,2971
MOL_002973,591-11-7,Angelica lactone,CC1C=CC(=O)O1,2972
MOL_002974,591-12-8,Angelica lactone,CC1=CCC(=O)O1,2973
MOL_002975,591-22-0,Dimethylpyridine,Cc1cncc(C)c1,2974
MOL_002976,591-23-1,3-methyl cyclohexanol,CC1CCCC(O)C1,2975
MOL_002977,591-24-2,Methylcyclohexanone,CC1CCCC(=O)C1,2976
MOL_002978,591-31-1,Methoxybenzaldehyde,COc1cccc(C=O)c1,2977
MOL_002979,591-49-1,1-methyl cyclohexene,CC1=CCCCC1,2978
MOL_002980,591-60-6,Butyl acetoacetate,CCCCOC(=O)CC(C)=O,2979
MOL_002981,591-63-9,Butyl butenoate,CC=CC(=O)OCCCC,2980
MOL_002982,591-68-4,Butyl valerate,CCCCOC(=O)CCCC,2981
MOL_002983,591-78-6,Hexanone,CCCCC(C)=O,2982
MOL_002984,591-80-0,Pentenoic acid,C=CCCC(=O)O,2983
MOL_002985,591-82-2,Isobutyl isothiocyanate,CC(C)CN=C=S,2984
MOL_002986,591-87-7,Allyl acetate,C=CCOC(C)=O,2985
MOL_002987,5910-85-0,"2,4-heptadienal",CCC=CC=CC=O,2986
MOL_002988,5910-87-2,"(E,E)-2,4-nonadienal",CCCC/C=C/C=C/C=O,2987
MOL_002989,5910-89-4,Dimethylpyrazine,Cc1nccnc1C,2988
MOL_002990,5912-86-7,(Z)-isoeugenol,C/C=C\c1ccc(O)c(OC)c1,2989
MOL_002991,5912-87-8,(E)-isoeugenyl acetate,C/C=C/c1ccc(OC(C)=O)c(OC)c1,2990
MOL_002992,59121-25-4,5-(methyl thio) valeronitrile,CSCCCCC#N,2991
MOL_002993,59151-19-8,autumn carboxylate,CCCCCC1CC(=O)C=C(C)C1C(=O)OCC,2992
MOL_002994,59184-43-9,Acetaldehyde ethyl amyl acetal,CCCCCOC(C)OCC,2993
MOL_002995,59191-78-5,Hydroxymethyloctanone,CCCCCC(CO)C(C)=O,2994
MOL_002996,592-20-1,Acetonyl acetate,CC(=O)COC(C)=O,2995
MOL_002997,592-82-5,Butyl isothiocyanate,CCCCN=C=S,2996
MOL_002998,592-84-7,Butyl formate,CCCCOC=O,2997
MOL_002999,592-88-1,Allyl sulfide,C=CCSCC=C,2998
MOL_003000,592-98-3,Octene,CC/C=C/CCCC,2999
MOL_003001,592-99-4,Octene,CCC/C=C/CCC,3000
MOL_003002,5921-82-4,Heptyl acetate,CCCCCC(C)OC(C)=O,3001
MOL_003003,5921-83-5,Heptyl acetate,CCCCC(CC)OC(C)=O,3002
MOL_003004,59230-57-8,Cuminyl acetate,CC(=O)OCc1ccc(C(C)C)cc1,3003
MOL_003005,5925-68-8,Methyl benzothioate,CSC(=O)c1ccccc1,3004
MOL_003006,5925-75-7,Methyl propanethioate,O=C(CSCc1nc2ccccc2[nH]1)Nc1ccc2ccccc2c1,3005
MOL_003007,59259-38-0,laevo-menthyl lactate,CC(O)C(=O)O[C@@H]1C[C@H](C)CC[C@H]1C(C)C,3006
MOL_003008,59285-67-5,(S)-delta-decalactone,CCCCC[C@H]1CCCC(=O)O1,3007
MOL_003009,593-08-8,Tridecanone,CCCCCCCCCCCC(C)=O,3008
MOL_003010,593-45-3,Octadecane,CCCCCCCCCCCCCCCCCC,3009
MOL_003011,59303-05-8,Methylfuranmethanethiol,Cc1ccoc1CS,3010
MOL_003012,59303-08-1,Methylfurfurylthiopyrazine,Cc1cnc(SCc2ccco2)cn1,3011
MOL_003013,59303-09-2,Methylfurfurylthiopyrazine,Cc1cncc(SCc2ccco2)n1,3012
MOL_003014,5932-68-3,(E)-isoeugenol,C/C=C/c1ccc(O)c(OC)c1,3013
MOL_003015,59323-76-1,cis-galbanum oxathiane,CCC[C@H]1CCO[C@@H](C)S1,3014
MOL_003016,59323-81-8,"(±)-(Z+E)-2-pentyl-4-propyl-1,3-oxathiane",CCCCCC1OCCC(CCC)S1,3015
MOL_003017,59324-17-3,Methylpropyloxathiane,CCC[C@@H]1CCO[C@@H](C)S1,3016
MOL_003018,5933-87-9,Amyl decanoate,CCCCCCCCCC(=O)OCCCCC,3017
MOL_003019,59354-71-1,Dimethylphenethyl isobutyrate,CC(C)C(=O)OC(C)(C)Cc1ccccc1,3018
MOL_003020,5937-11-1,T-cadinol,CC1=C[C@@H]2[C@@H](CC1)[C@@](C)(O)CC[C@H]2C(C)C,3019
MOL_003021,59376-58-8,Undecadienol,CCCCCC/C=C\C=C/CO,3020
MOL_003022,5943-30-6,Di-sec-butyl disulfide,CC[C@@H](C)SS[C@@H](C)CC,3021
MOL_003023,5943-31-7,Dibutyl trisulfide,CCCCSSSCCCC,3022
MOL_003024,5943-34-0,Diisopropyl trisulfide,CC(C)SSSC(C)C,3023
MOL_003025,5947-36-4,Pinocarveol,C=C1C(O)CC2CC1C2(C)C,3024
MOL_003026,59471-80-6,tetrahydrocarvone,CC1CCC(C(C)C)CC1=O,3025
MOL_003027,5949-05-3,(S)-(-)-citronellal,CC(C)=CCC[C@H](C)CC=O,3026
MOL_003028,5953-49-1,Hexyl acetate,CCCCC(C)OC(C)=O,3027
MOL_003029,59557-05-0,Menthyl acetoacetate,CC(=O)CC(=O)O[C@H]1C[C@@H](C)CC[C@@H]1C(C)C,3028
MOL_003030,59558-23-5,Tolyl octanoate,CCCCCCCC(=O)Oc1ccc(C)cc1,3029
MOL_003031,59569-67-4,Hydroxypropyl valerate,CCCCC(=O)OCC(C)O,3030
MOL_003032,5963-14-4,Methylnonanoic acid,CC(C)CCCCCCC(=O)O,3031
MOL_003033,597550-02-2,2-pentyl isovalerate,CCCC(C)OC(=O)CC(C)C,3032
MOL_003035,598-32-3,Butenol,C=CC(C)O,3033
MOL_003036,598-75-4,Methylbutanol,CC(C)C(C)O,3034
MOL_003037,598-98-1,Methyl dimethylpropionate,COC(=O)C(C)(C)C,3035
MOL_003038,5986-38-9,Ocimenol,C=C/C(C)=C/CCC(C)(C)O,3036
MOL_003039,5986-55-0,Patchouli alcohol,C[C@H]1CCC2(O)C(C)(C)C3CC[C@@]2(C)C1C3,3037
MOL_003040,5988-91-0,Tetrahydrogeranial,CC(C)CCCC(C)CC=O,3038
MOL_003041,5989-27-5,Limonene,C=C(C)[C@H]1CC=C(C)CC1,3039
MOL_003042,5989-33-3,Linalool oxide,C=CC1(C)CCC(C(C)(C)O)O1,3040
MOL_003043,5989-54-8,Limonene,C=C(C)[C@@H]1CC=C(C)CC1,3041
MOL_003044,599-04-2,Pantolactone,CC1(C)COC(=O)C1O,3042
MOL_003045,59902-01-1,Dithianonencarbonal,CSCC/C=C(/C=O)CSC,3043
MOL_003046,60-01-5,Butyrin,CCCC(=O)OCC(COC(=O)CCC)OC(=O)CCC,3044
MOL_003047,60-12-8,Phenethyl alcohol,OCCc1ccccc1,3045
MOL_003048,60-24-2,Mercaptoethanol,OCCS,3046
MOL_003049,60-33-3,Linoleic acid,CCCCC/C=C\C/C=C\CCCCCCCC(=O)O,3047
MOL_003050,600-14-6,Pentanedione,CCC(=O)C(C)=O,3048
MOL_003051,600-18-0,Oxobutyric acid,CCC(=O)C(=O)O,3049
MOL_003052,600-22-6,Methyl pyruvate,COC(=O)C(C)=O,3050
MOL_003053,600-36-2,Dimethylpentanol,CC(C)C(O)C(C)C,3051
MOL_003054,60031-93-8,Elemoyl acetate,C=CC1(C)CCC(COC(C)=O)C(C)(C)C1C(=C)C,3052
MOL_003055,60045-26-3,Phenylpropyl benzoate,O=C(OCCCc1ccccc1)c1ccccc1,3053
MOL_003056,60045-27-4,Phenylpropyl phenylpropionate,O=C(CCc1ccccc1)OCCCc1ccccc1,3054
MOL_003057,60047-17-8,linalool oxide (furanoid),C=CC1(C)CCC(C(C)(C)O)O1,3055
MOL_003058,60066-88-8,Sinensal,C=CC(=C)CC/C=C(\C)CC/C=C(\C)C=O,3056
MOL_003059,60160-17-0,Heptyl decanoate,CCCCCCCCCC(=O)OCCCCCCC,3057
MOL_003060,60241-52-3,"alpha-ethyl-2,2,6-trimethyl cyclohexane propanol",CCC(O)CCC1C(C)CCCC1(C)C,3058
MOL_003061,60241-53-4,violet propanol,CC(O)C(C)CC1C(C)CCCC1(C)C,3059
MOL_003062,60241-55-6,isomethyl tetrahydroionyl acetate,CC(=O)OC(C)C(C)CC1C(C)CCCC1(C)C,3060
MOL_003063,6028-61-1,Dipropyl trisulfide,CCCSSSCCC,3061
MOL_003064,60308-76-1,Ethyloctenoic acid,CCCCC(/C=C/C(=O)O)CC,3062
MOL_003065,6032-29-7,Pentanol,CCCC(C)O,3063
MOL_003066,6033-23-4,(S)-(+)-2-heptanol,CCCCC[C@H](C)O,3064
MOL_003067,6033-24-5,(R)-(-)-2-heptanol,CCCCC[C@@H](C)O,3065
MOL_003068,60335-71-9,floral pyran,CC1=CCOC(c2ccccc2)C1,3066
MOL_003069,60362-71-2,"1,2,3,3,4,5,6-heptamethyl bicyclo(2.2.2)oct-5-en-2-ol",CC1=C(C)C2(C)CCC1(C)C(C)(C)C2(C)O,3067
MOL_003070,60415-61-4,Pentyl butyrate,CCCC(=O)OC(C)CCC,3068
MOL_003071,60416-24-2,3-cyclohexyl propyl acetate,CC(=O)OCCCC1CCCCC1,3069
MOL_003072,60523-21-9,Ethyl methylpentadienoate,C=C=CC(C)C(=O)OCC,3070
MOL_003073,606-45-1,Methyl methoxybenzoate,COC(=O)c1ccccc1OC,3071
MOL_003074,6066-49-5,Butylphthalide,CCCCC1OC(=O)c2ccccc21,3072
MOL_003075,607-85-2,Isopropyl salicylate,CC(C)OC(=O)c1ccccc1O,3073
MOL_003076,607-90-9,Propyl salicylate,CCCOC(=O)c1ccccc1O,3074
MOL_003077,607-91-0,Myristicin,C=CCc1cc(OC)c2c(c1)OCO2,3075
MOL_003078,607-97-6,Ethyl acetylbutyrate,CCOC(=O)C(CC)C(C)=O,3076
MOL_003079,6070-14-0,Menthyl butyrate,CCCC(=O)OC1CC(C)CCC1C(C)C,3077
MOL_003080,6070-16-2,Menthyl hexanoate,CCCCCC(=O)OC1CC(C)CCC1C(C)C,3078
MOL_003081,60755-05-7,Dimethylthiazoline,CC1=NC(C)SC1,3079
MOL_003082,60763-41-9,Amylcinnamaldehyde diethyl acetal,CCCCC/C(=C\c1ccccc1)C(OCC)OCC,3080
MOL_003083,60763-42-0,"3,6-dimethyl-3-octyl acetate",CCC(C)CCC(C)(CC)OC(C)=O,3081
MOL_003084,60770-00-5,Ethyl hydroxymethylbenzoate,CCOC(=O)c1ccccc1CO,3082
MOL_003085,60779-24-0,Methyl butyl disulfide,CCCCSSC,3083
MOL_003086,60784-31-8,(Z)-2-nonenal,CCCCCC/C=C\C=O,3084
MOL_003087,60788-25-2,citronellyl ethoxalate,CCOC(=O)C(=O)OCCC(C)CCC=C(C)C,3085
MOL_003088,60826-15-5,Nonyl acetate,CCCCCCC(CC)OC(C)=O,3086
MOL_003089,60856-83-9,ethyl (R)-2-hydroxy-4-methyl pentanoate,CCOC(=O)[C@H](O)CC(C)C,3087
MOL_003090,60856-85-1,ethyl (S)-2-hydroxy-4-methyl pentanoate,CCOC(=O)[C@@H](O)CC(C)C,3088
MOL_003091,609-14-3,Ethyl acetylpropionate,CCOC(=O)C(C)C(C)=O,3089
MOL_003092,6091-50-5,Piperitone,CC1=CC(=O)[C@H](C(C)C)CC1,3090
MOL_003093,6099-03-2,Methoxycinnamic acid,COc1ccccc1/C=C/C(=O)O,3091
MOL_003094,60998-24-5,Tridecadienal,CCCCCCCC/C=C/C=C/C=O,3092
MOL_003095,61-90-5,Leucine,CC(C)CC(N)C(=O)O,3093
MOL_003096,611-13-2,Methyl furoate,COC(=O)c1ccco1,3094
MOL_003097,61114-23-6,Isoeugenyl isovalerate,C/C=C/c1ccc(OC(=O)CC(C)C)c(OC)c1,3095
MOL_003098,61114-24-7,Eugenyl isovalerate,C=CCc1ccc(OC(=O)CC(C)C)c(OC)c1,3096
MOL_003099,61122-71-2,Methyl methylpentanethioate,CCCC(C)C(=S)OC,3097
MOL_003100,6117-91-5,Butenol,C/C=C\CO,3098
MOL_003101,61197-09-9,Propyl methylfuryl disulfide,CCCSSc1ccoc1C,3099
MOL_003102,612-15-7,Vinylanisole,C=Cc1ccccc1OC,3100
MOL_003103,612-16-8,Methoxybenzyl alcohol,COc1ccccc1CO,3101
MOL_003104,612071-27-9,Mercaptomethylbutyl isovalerate,CCCC(CS)OC(=O)CC(C)C,3102
MOL_003105,6126-50-7,Hexenol,C/C=C/CCCO,3103
MOL_003106,61295-41-8,3-((2-methyl-3-furyl)thio)-4-heptanone,CCCC(=O)C(CC)Sc1ccoc1C,3104
MOL_003107,61295-44-1,Methylfurylthiobutanone,CCC(=O)C(C)Sc1ccco1,3105
MOL_003108,61295-50-9,Methylfurylthiononanone,CCCCC(=O)C(CCC)Sc1ccoc1C,3106
MOL_003109,61295-51-0,Dimethylmethylfurylthioheptanone,Cc1occc1SC(C(=O)CC(C)C)C(C)C,3107
MOL_003110,613-69-4,Ethoxybenzaldehyde,CCOc1ccccc1C=O,3108
MOL_003111,613-70-7,Guaiacyl acetate,COc1ccccc1OC(C)=O,3109
MOL_003112,61323-24-8,Isobutylmethylthiazole,Cc1csc(CC(C)C)n1,3110
MOL_003113,614-18-6,Ethyl nicotinate,CCOC(=O)c1cccnc1,3111
MOL_003114,614-29-9,benzyl phenyl carbinol,OC(Cc1ccccc1)c1ccccc1,3112
MOL_003115,614-33-5,glyceryl tribenzoate,O=C(OCC(COC(=O)c1ccccc1)OC(=O)c1ccccc1)c1ccccc1,3113
MOL_003116,614-34-6,Cresyl benzoate,Cc1ccc(OC(=O)c2ccccc2)cc1,3114
MOL_003117,614-47-1,(E)-cinnamophenone,O=C(/C=C/c1ccccc1)c1ccccc1,3115
MOL_003118,614-99-3,Ethyl furoate,CCOC(=O)c1ccco1,3116
MOL_003119,61407-00-9,"2,6-dipropyl-5,6-dihydro-2H-thiopyran-3-carboxaldehyde",CCCC1CC=C(C=O)C(CCC)S1,3117
MOL_003120,61444-38-0,Hexenyl hexenoate,CC/C=C\CCOC(=O)C/C=C\CC,3118
MOL_003121,61444-39-1,Hexenyl heptanoate,CC/C=C/CCOC(=O)CCCCCC,3119
MOL_003122,61444-41-5,Hexenyl octanoate,CC/C=C\CCOC(=O)CCCCCCC,3120
MOL_003123,615-10-1,Propyl furoate,CCCOC(=O)c1ccco1,3121
MOL_003124,615-12-3,Isoamyl furoate,CC(C)CCOC(=O)c1ccco1,3122
MOL_003125,615-22-5,Methylthiobenzothiazole,CSc1nc2ccccc2s1,3123
MOL_003126,61531-45-1,Amyl nonanoate,CCCCCCCCC(=O)OCCCCC,3124
MOL_003127,616-09-1,Propyl lactate,CCCOC(=O)C(C)O,3125
MOL_003128,616-16-0,(R)-2-methyl-1-butanol,CC[C@@H](C)CO,3126
MOL_003129,616-25-1,Pentenol,C=CC(O)CC,3127
MOL_003130,616-31-9,Pentanethiol,CCC(S)CC,3128
MOL_003131,616-38-6,Dimethyl carbonate,COC(=O)OC,3129
MOL_003132,616-44-4,Methylthiophene,Cc1ccsc1,3130
MOL_003133,61675-72-7,Methylthiomethylthiophene,CSCc1cccs1,3131
MOL_003134,61683-99-6,Heliotropin propylene glycol acetal,CC1COC(c2ccc3c(c2)OCO3)O1,3132
MOL_003135,6169-06-8,(S)-(+)-2-octanol,CCCCCC[C@H](C)O,3133
MOL_003136,61692-77-1,2-methyl butyl angelate,C/C=C(/C)C(=O)OCC(C)CC,3134
MOL_003137,61692-79-3,beta-phenethyl angelate,C/C=C(/C)C(=O)OCCc1ccccc1,3135
MOL_003138,61692-83-9,Propyl methylbutenoate,C/C=C(\C)C(=O)OCCC,3136
MOL_003139,61692-84-0,Isobutyl tiglate,C/C=C(\C)C(=O)OCC(C)C,3137
MOL_003140,61699-38-5,herbal carbonate,COC(=O)OC1CCCCCCC1,3138
MOL_003141,617-01-6,Tolyl salicylate,Cc1ccccc1OC(=O)c1ccccc1O,3139
MOL_003142,617-05-0,Ethyl vanillate,CCOC(=O)c1ccc(O)c(OC)c1,3140
MOL_003143,617-29-8,Methylhexanol,CCCC(O)C(C)C,3141
MOL_003144,617-35-6,Ethyl pyruvate,CCOC(=O)C(C)=O,3142
MOL_003145,617-50-5,Isopropyl isobutyrate,CC(C)OC(=O)C(C)C,3143
MOL_003146,617-51-6,Isopropyl lactate,CC(C)OC(=O)C(C)O,3144
MOL_003147,617-94-7,Phenylpropanol,CC(C)(O)c1ccccc1,3145
MOL_003148,61702-91-8,para-tert-butyl quinoline,CC(C)(C)c1cccc2ncccc12,3146
MOL_003149,6175-49-1,Dodecanone,CCCCCCCCCCC(C)=O,3147
MOL_003150,61759-64-6,geranyl acetoacetate,CC(=O)CC(=O)OCC=C(C)CCC=C(C)C,3148
MOL_003151,61792-11-8,homogeranyl nitrile,CCC(C)=CCCC(C)=CC#N,3149
MOL_003152,61792-12-9,Cinnamyl tiglate,C/C=C(\C)C(=O)OC/C=C/c1ccccc1,3150
MOL_003153,618-45-1,Isopropylphenol,CC(C)c1cccc(O)c1,3151
MOL_003154,61810-55-7,Phenethyl decanoate,CCCCCCCCCC(=O)OCCc1ccccc1,3152
MOL_003155,61837-77-2,Methylthiooctanone,CCCCCCC(=O)CSC,3153
MOL_003156,61889-11-0,Methylbutyl phenylacetate,CCC(C)COC(=O)Cc1ccccc1,3154
MOL_003157,619-01-2,Dihydrocarveol,C=C(C)C1CCC(C)C(O)C1,3155
MOL_003158,619-62-5,Menthenol,CC(C)[C@@H]1C=C[C@](C)(O)CC1,3156
MOL_003159,6191-71-5,Heptenol,CC/C=C\CCCO,3157
MOL_003160,6192-44-5,Phenoxyethyl acetate,CC(=O)OCCOc1ccccc1,3158
MOL_003161,61920-45-4,verdoxan,CC(C)C1OC(C)(C)OCC1(C)C,3159
MOL_003162,61931-80-4,Ethyl linalyl acetate,C=CC(C)(CC/C=C(\C)CC)OC(C)=O,3160
MOL_003163,61931-81-5,Hexenyl lactate,CC/C=C\CCOC(=O)C(C)O,3161
MOL_003164,620-02-0,Methylfurfural,Cc1ccc(C=O)o1,3162
MOL_003165,620-08-6,Methoxypyridine,COc1ccncc1,3163
MOL_003166,620-17-7,Ethylphenol,CCc1cccc(O)c1,3164
MOL_003167,620-23-5,Tolualdehyde,Cc1cccc(C=O)c1,3165
MOL_003168,620-79-1,Ethyl acetylphenylpropionate,CCOC(=O)C(Cc1ccccc1)C(C)=O,3166
MOL_003169,620-80-4,Ethyl acetylcinnamate,CCOC(=O)/C(=C\c1ccccc1)C(C)=O,3167
MOL_003170,62006-39-7,sedanenolide,CCCCC1OC(=O)C2=C1CCC=C2,3168
MOL_003171,62079-29-2,"1-oxaspiro-4,7-dodecane",C1CCCC2(CCC1)CCCO2,3169
MOL_003172,6208-91-9,Methyl dodecenoate,CCCCCCCCCC=CC(=O)OC,3170
MOL_003173,621-59-0,Hydroxymethoxybenzaldehyde,COc1ccc(C=O)cc1O,3171
MOL_003174,621-82-9,Cinnamic acid,O=C(O)/C=C/c1ccccc1,3172
MOL_003175,6214-44-4,Ethoxybenzyl alcohol,CCOc1ccc(CO)cc1,3173
MOL_003176,62147-49-3,Dihydroxydihydroxymethyldioxane,O=C(CO)CO,3174
MOL_003177,622-39-9,Propylpyridine,CCCc1ccccn1,3175
MOL_003178,622-45-7,Cyclohexyl acetate,CC(=O)OC1CCCCC1,3176
MOL_003179,622-60-6,Cresyl ethyl ether,CCOc1ccc(C)cc1,3177
MOL_003180,622-62-8,Hydroquinone monoethyl ether,CCOc1ccc(O)cc1,3178
MOL_003181,622-78-6,Benzyl isothiocyanate,S=C=NCc1ccccc1,3179
MOL_003182,6221-92-7,Cyclododecyl acetate,CC(=O)OC1CCCCCCCCCCC1,3180
MOL_003183,6221-93-8,Dodecyl propionate,CCCCCCCCCCCCOC(=O)CC,3181
MOL_003184,6221-94-9,Cyclododecyl propionate,CCC(=O)OC1CCCCCCCCCCC1,3182
MOL_003185,6221-98-3,Tetradecyl butyrate,Cc1ccc(C)c(NC(=O)C(C)Sc2ccccc2)c1,3183
MOL_003186,6222-35-1,Cyclohexyl propionate,CCC(=O)OC1CCCCC1,3184
MOL_003187,62238-34-0,Heptenal,CC/C=C/CCC=O,3185
MOL_003188,623-05-2,Hydroxybenzyl alcohol,OCc1ccc(O)cc1,3186
MOL_003189,623-15-4,Furylbutenone,CC(=O)/C=C/c1ccco1,3187
MOL_003190,623-17-6,Furfuryl acetate,CC(=O)OCc1ccco1,3188
MOL_003191,623-18-7,Methyl furfuracrylate,COC(=O)/C=C/c1ccco1,3189
MOL_003192,623-19-8,Furfuryl propionate,CCC(=O)OCc1ccco1,3190
MOL_003193,623-20-1,Ethyl (E)-furfuracrylate,CCOC(=O)/C=C/c1ccco1,3191
MOL_003194,623-21-2,Furfuryl butyrate,CCCC(=O)OCc1ccco1,3192
MOL_003195,623-22-3,Propyl furanacrylate,CCCOC(=O)/C=C\c1ccco1,3193
MOL_003196,623-30-3,Furylacrolein,O=C/C=C/c1ccco1,3194
MOL_003197,623-36-9,Methylpentenal,CC/C=C(\C)C=O,3195
MOL_003198,623-37-0,Hexanol,CCCC(O)CC,3196
MOL_003199,623-42-7,Methyl butyrate,CCCC(=O)OC,3197
MOL_003200,623-43-8,Methyl crotonate,C/C=C/C(=O)OC,3198
MOL_003201,623-51-8,Ethyl mercaptoacetate,CCOC(=O)CS,3199
MOL_003202,623-70-1,Ethyl butenoate,C/C=C/C(=O)OCC,3200
MOL_003203,623-84-7,Propylene glycol diacetate,CC(=O)OCC(C)OC(C)=O,3201
MOL_003204,623-91-6,Diethyl fumarate,CCOC(=O)/C=C/C(=O)OCC,3202
MOL_003205,62346-96-7,Tufurol acetate,CC(=O)OCc1ccc(C)cc1C,3203
MOL_003206,624-01-1,Oxodecanoic acid,CCCCCC(=O)CCCC(=O)O,3204
MOL_003207,624-09-9,Heptyl heptanoate,CCCCCCCOC(=O)CCCCCC,3205
MOL_003208,624-13-5,Propyl octanoate,CCCCCCCC(=O)OCCC,3206
MOL_003209,624-17-9,Diethyl nonanedioate,CCOC(=O)CCCCCCCC(=O)OCC,3207
MOL_003210,624-24-8,Methyl valerate,CCCCC(=O)OC,3208
MOL_003211,624-41-9,Methylbutyl acetate,CCC(C)COC(C)=O,3209
MOL_003212,624-42-0,Methylheptanone,CCC(=O)CCC(C)C,3210
MOL_003213,624-45-3,Methyl levulinate,COC(=O)CCC(C)=O,3211
MOL_003214,624-51-1,Nonanol,CCCCCCC(O)CC,3212
MOL_003215,624-54-4,Amyl propionate,CCCCCOC(=O)CC,3213
MOL_003216,624-89-5,Ethyl methyl sulfide,CCSC,3214
MOL_003217,624-92-0,Dimethyl disulfide,CSSC,3215
MOL_003218,6243-10-3,Cyclohexyl caproate,CCCCCC(=O)OC1CCCCC1,3216
MOL_003219,62439-41-2,Methoxydimethylheptanal,COC(C)(C)CCCC(C)C=O,3217
MOL_003220,62488-24-8,Isoamyl myristate,CCCCCCCCCCCCCC(=O)OCCC(C)C,3218
MOL_003221,62488-55-5,"2,4-heptadien-1-ol",CCC=CC=CCO,3219
MOL_003222,62488-56-6,Nonadienol,CCCC/C=C/C=C/CO,3220
MOL_003223,625-16-1,Amyl acetate,CCC(C)(C)OC(C)=O,3221
MOL_003224,625-33-2,Pentenone,C/C=C\C(C)=O,3222
MOL_003225,625-55-8,Isopropyl formate,CC(C)OC=O,3223
MOL_003226,625-60-5,Ethyl thioacetate,CCSC(C)=O,3224
MOL_003227,625-80-9,Diisopropyl sulfide,CC(C)SC(C)C,3225
MOL_003228,625-84-3,Dimethylpyrrole,Cc1ccc(C)[nH]1,3226
MOL_003229,625-86-5,Dimethylfuran,Cc1ccc(C)o1,3227
MOL_003230,6258-60-2,4-methoxy-alpha-toluene thiol,COc1ccc(CS)cc1,3228
MOL_003231,6258-63-5,Thiophenemethanethiol,SCc1cccs1,3229
MOL_003232,6259-76-3,Hexyl salicylate,CCCCCCOC(=O)c1ccccc1O,3230
MOL_003233,626-38-0,Methylbutyl acetate,CCCC(C)OC(C)=O,3231
MOL_003234,626-77-7,Propyl hexanoate,CCCCCC(=O)OCCC,3232
MOL_003235,626-82-4,Butyl hexanoate,CCCCCC(=O)OCCCC,3233
MOL_003236,626-89-1,Methylpentanol,CC(C)CCCO,3234
MOL_003237,626-93-7,Hexanol,CCCCC(C)O,3235
MOL_003238,626-98-2,2-pentenoic acid,CCC=CC(=O)O,3236
MOL_003239,6261-18-3,Jasmone,CC/C=C/CC1=C(C)CCC1=O,3237
MOL_003240,6263-65-6,Phenethyl mercaptan,CC(S)c1ccccc1,3238
MOL_003241,627-67-8,Methylnitrobutane,CC(C)CC[N+](=O)[O-],3239
MOL_003242,627-90-7,Ethyl undecanoate,CCCCCCCCCCC(=O)OCC,3240
MOL_003243,627-93-0,Dimethyl adipate,COC(=O)CCCCC(=O)OC,3241
MOL_003244,627-98-5,Methylhexanol,CC(C)CCCCO,3242
MOL_003245,6270-03-7,phenyl glycol diacetate,CC(=O)OCC(OC(C)=O)c1ccccc1,3243
MOL_003246,6270-55-9,Furfuryl isobutyrate,CC(C)C(=O)OCc1ccco1,3244
MOL_003247,6270-56-0,Ethyl furfuryl ether,CCOCc1ccco1,3245
MOL_003248,628-00-2,Heptanethiol,CCCCCC(C)S,3246
MOL_003249,628-03-5,Isoamyl isothiocyanate,CC(C)CCN=C=S,3247
MOL_003250,628-29-5,Methyl butyl sulfide,CCCCSC,3248
MOL_003251,628-46-6,Methylhexanoic acid,CC(C)CCCC(=O)O,3249
MOL_003252,628-63-7,Amyl acetate,CCCCCOC(C)=O,3250
MOL_003253,628-67-1,Acetoxybutyl acetate,CC(=O)OCCCCOC(C)=O,3251
MOL_003254,628-97-7,Ethyl palmitate,CCCCCCCCCCCCCCCC(=O)OCC,3252
MOL_003255,628-99-9,Nonanol,CCCCCCCC(C)O,3253
MOL_003256,6281-40-9,Phenylpropyl hexanoate,CCCCCC(=O)OCCCc1ccccc1,3254
MOL_003257,6282-05-9,Cyclohexylethyl formate,O=COCCC1CCCCC1,3255
MOL_003258,6283-92-7,Dodecyl lactate,CCCCCCCCCCCCOC(=O)C(C)O,3256
MOL_003259,6284-46-4,Isopropyl crotonate,C/C=C/C(=O)OC(C)C,3257
MOL_003260,629-12-9,Amyl isothiocyanate,CCCCCN=C=S,3258
MOL_003261,629-19-6,Propyl disulfide,CCCSSCCC,3259
MOL_003262,629-33-4,Hexyl formate,CCCCCCOC=O,3260
MOL_003263,629-40-3,"1,8-octane dinitrile",N#CCCCCCCC#N,3261
MOL_003264,629-45-8,Dibutyl disulfide,CCCCSSCCCC,3262
MOL_003265,629-50-5,Tridecane,CCCCCCCCCCCCC,3263
MOL_003266,629-56-1,Hexadecenoic acid,CCCCCCCCCCCCCC=CC(=O)O,3264
MOL_003267,629-59-4,Tetradecane,CCCCCCCCCCCCCC,3265
MOL_003268,629-62-9,Pentadecane,CCCCCCCCCCCCCCC,3266
MOL_003269,629-63-0,clean nitrile,CCCCCCCCCCCCCC#N,3267
MOL_003270,629-70-9,Palmityl acetate,CCCCCCCCCCCCCCCCOC(C)=O,3268
MOL_003271,629-76-5,Pentadecanol,CCCCCCCCCCCCCCCO,3269
MOL_003272,629-78-7,Heptadecane,CCCCCCCCCCCCCCCCC,3270
MOL_003273,629-80-1,Hexadecanal,CCCCCCCCCCCCCCCC=O,3271
MOL_003274,6290-17-1,Fraistone,CCOC(=O)CC1(C)OCC(C)O1,3272
MOL_003275,6290-24-0,Ethyl ethoxybenzoate,CCOC(=O)c1ccccc1OCC,3273
MOL_003276,6290-33-1,"2-ethyl-4-isopropyl-2,5,5-trimethyl-1,3-dioxane",CCC1(C)OCC(C)(C)C(C(C)C)O1,3274
MOL_003277,6290-37-5,Phenethyl hexanoate,CCCCCC(=O)OCCc1ccccc1,3275
MOL_003278,6293-37-4,Ethylhexyl propionate,CCCCC(CC)COC(=O)CC,3276
MOL_003279,6297-41-2,Butyl methylvalerate,CCCCOC(=O)C(C)CCC,3277
MOL_003280,63-68-3,Methionine,CSCC[C@H](N)C(=O)O,3278
MOL_003281,63-91-2,Phenylalanine,N[C@@H](Cc1ccccc1)C(=O)O,3279
MOL_003282,63012-97-5,Methylmethylthiofuran,Cc1ccsc1C,3280
MOL_003283,6304-24-1,2-isobutyl pyridine,CC(C)Cc1ccccn1,3281
MOL_003284,6309-51-9,Isoamyl laurate,CCCCCCCCCCCC(=O)OCCC(C)C,3282
MOL_003285,63095-33-0,Decenolactone,CC/C=C\CCC1CCC(=O)O1,3283
MOL_003286,63095-34-1,3-(10-undecen-1-yl oxy) propionitrile,C=CCCCCCCCCCOCCC#N,3284
MOL_003287,63128-04-1,"2,6,9,10,10-pentamethyl-1-oxa-spiro[4.5]deca-3,6-diene",CC1=CCC(C)C(C)(C)C12C=CC(C)O2,3285
MOL_003288,6314-97-2,Phenylacetaldehyde diethyl acetal,CCOC(Cc1ccccc1)OCC,3286
MOL_003289,63196-63-4,Octenal,CC=CCCCCC=O,3287
MOL_003290,63196-64-5,(Z)-6-octenal,C/C=C\CCCCC=O,3288
MOL_003291,632-15-5,Dimethylthiophene,Cc1cscc1C,3289
MOL_003292,6321-45-5,Allyl pentanoate,C=CCOC(=O)CCCC,3290
MOL_003293,63253-24-7,"vanillin 2,3-butylene glycol acetal",COc1cc(C2OC(C)C(C)O2)ccc1O,3291
MOL_003294,63270-14-4,Nonanediol diacetate (See FEMA 2783),CCCCCCC(CCOC(C)=O)OC(C)=O,3292
MOL_003295,63357-95-9,(R)-gamma-hexalactone,CC[C@@H]1CCC(=O)O1,3293
MOL_003296,63357-96-0,(R)-gamma-nonalactone,CCCCC[C@@H]1CCC(=O)O1,3294
MOL_003297,63357-97-1,(S)-gamma-nonalactone,CCCCC[C@H]1CCC(=O)O1,3295
MOL_003298,63359-63-7,Dimethylmethylthiofuran,CSc1cc(C)oc1C,3296
MOL_003299,634-36-6,Trimethoxybenzene,COc1cccc(OC)c1OC,3297
MOL_003300,63449-64-9,Acetaldehyde di-cis-3-hexenyl acetal,CC/C=C\CCOC(C)OCC/C=C\CC,3298
MOL_003301,63449-68-3,beta-naphthyl anthranilate,Nc1ccccc1C(=O)Oc1ccc2ccccc2c1,3299
MOL_003302,63449-88-7,Cyclohexylethyl butyrate,CCCC(=O)OC(C)C1CCCCC1,3300
MOL_003303,63450-30-6,Methoxymethylpyrazine,COCc1cnccn1,3301
MOL_003304,63458-78-6,3-mercapto-4-heptanone,CCCC(=O)C(S)CC,3302
MOL_003305,63458-80-0,4-mercapto-5-nonanone,CCCCC(=O)C(S)CCC,3303
MOL_003306,635-46-1,"1,2,3,4-tetrahydroquinoline",c1ccc2c(c1)CCCN2,3304
MOL_003307,63500-71-0,floral pyranol,CC(C)CC1CC(C)(O)CCO1,3305
MOL_003308,636-72-6,Thenyl alcohol,OCc1cccs1,3306
MOL_003309,637-27-4,Phenyl propionate,CCC(=O)Oc1ccccc1,3307
MOL_003310,637-64-9,Tetrahydrofurfuryl acetate,CC(=O)OCC1CCCO1,3308
MOL_003311,637-65-0,Tetrahydrofurfuryl propionate,CCC(=O)OCC1CCCO1,3309
MOL_003312,637-69-4,Methoxystyrene,C=Cc1ccc(OC)cc1,3310
MOL_003313,637-78-5,Isopropyl propionate,CCC(=O)OC(C)C,3311
MOL_003314,63759-55-7,Pentylbutenone,C=C(CCCCC)C(C)=O,3312
MOL_003315,63767-86-2,muguet ethanol,CC(C)C1CCC(C(C)O)CC1,3313
MOL_003316,6378-65-0,Hexyl hexanoate,CCCCCCOC(=O)CCCCC,3314
MOL_003317,6379-72-2,(E)-methyl isoeugenol,C/C=C/c1ccc(OC)c(OC)c1,3315
MOL_003318,6379-73-3,Carvacryl methyl ether,COc1cc(C(C)C)ccc1C,3316
MOL_003319,638-02-8,Dimethylthiophene,Cc1ccc(C)s1,3317
MOL_003320,638-10-8,Ethyl senecioate,CCOC(=O)C=C(C)C,3318
MOL_003321,638-11-9,Isopropyl butyrate,CCCC(=O)OC(C)C,3319
MOL_003322,638-17-5,Trimethyldihydrodithiazine,CC1NC(C)SC(C)S1,3320
MOL_003323,638-25-5,Amyl octanoate,CCCCCCCC(=O)OCCCCC,3321
MOL_003324,638-46-0,Ethyl butyl sulfide,CCCCSCC,3322
MOL_003325,638-49-3,Amyl formate,CCCCCOC=O,3323
MOL_003326,638-53-9,Tridecanoic acid,CCCCCCCCCCCCC(=O)O,3324
MOL_003327,638-59-5,myristyl acetate,CCCCCCCCCCCCCCOC(C)=O,3325
MOL_003328,6380-23-0,Dimethoxyvinylbenzene,C=Cc1ccc(OC)c(OC)c1,3326
MOL_003329,6380-24-1,(Z)-methyl isoeugenol,C/C=C\c1ccc(OC)c(OC)c1,3327
MOL_003330,6380-28-5,Carvacryl acetate,CC(=O)Oc1cc(C(C)C)ccc1C,3328
MOL_003331,6382-06-5,Amyl lactate,CCCCCOC(=O)C(C)O,3329
MOL_003332,63826-25-5,Octenal,C/C=C/CCCCC=O,3330
MOL_003333,63885-09-6,Methylheptanal,CCCCCC(C)C=O,3331
MOL_003334,639-99-6,Elemol,C=C[C@]1(C)CC[C@@H](C(C)(C)O)C[C@H]1C(=C)C,3332
MOL_003335,63986-03-8,Butyl ethyl disulfide,CCCCSSCC,3333
MOL_003336,64-04-0,Phenethylamine,NCCc1ccccc1,3334
MOL_003337,64-17-5,Ethyl alcohol,CCO,3335
MOL_003338,64-18-6,Formic acid,O=CO,3336
MOL_003339,64-19-7,Acetic acid,CC(=O)O,3337
MOL_003340,64001-15-6,tricyclodecyl acetate,CC(=O)OC1CC2CC1C1CCCC21,3338
MOL_003341,6412-69-7,"Heliotropine butane-2,3-diol acetal",CC1OC(c2ccc3c(c2)OCO3)OC1C,3339
MOL_003342,6413-10-1,Ethyl acetoacetate ethylene glycol Ketal,CCOC(=O)CC1(C)OCCO1,3340
MOL_003343,6413-26-9,herbal undecane,CC1CCOC2(CCCCC2)O1,3341
MOL_003344,6414-32-0,Anisaldehyde propylene glycol acetal,COc1ccc(C2OCC(C)O2)cc1,3342
MOL_003345,6415-59-4,sedanolide,CC(C)CC1OC(=O)C2=CCCCC21,3343
MOL_003346,64165-57-7,rose undecene,CCC1OCC2(CC=CCC2)CO1,3344
MOL_003347,64187-83-3,Ethyl hexenoate,CC/C=C\CC(=O)OCC,3345
MOL_003348,64275-73-6,Octenol,CC/C=C\CCCCO,3346
MOL_003349,64280-32-6,Difurfurylfuran,c1coc(Cc2ccoc2Cc2ccco2)c1,3347
MOL_003350,644-08-6,Methylbiphenyl,Cc1ccc(-c2ccccc2)cc1,3348
MOL_003351,644-13-3,2-naphthyl phenyl ketone,O=C(c1ccccc1)c1ccc2ccccc2c1,3349
MOL_003352,644-35-9,Propylphenol,CCCc1ccccc1O,3350
MOL_003353,644-49-5,Propyl isobutyrate,CCCOC(=O)C(C)C,3351
MOL_003354,644-98-4,Isopropylpyridine,CC(C)c1ccccn1,3352
MOL_003355,64461-99-0,(E)-2-tetradecenal,CCCCCCCCCCC/C=C/C=O,3353
MOL_003356,645-13-6,Isopropylacetophenone,CC(=O)c1ccc(C(C)C)cc1,3354
MOL_003357,645-56-7,Propylphenol,CCCc1ccc(O)cc1,3355
MOL_003358,645-62-5,Ethylhexenal,CCC/C=C(/C=O)CC,3356
MOL_003359,645-67-0,Propyl levulinate,CCCOC(=O)CCC(C)=O,3357
MOL_003360,6454-22-4,Hexyldimethyldioxolane,CCCCCCC1OC(C)C(C)O1,3358
MOL_003361,64549-15-1,3-methylthio-4-heptanone,CCCC(=O)C(CC)SC,3359
MOL_003362,64577-91-9,Acetaldehyde butyl phenethyl acetal,CCCCOC(C)OCCc1ccccc1,3360
MOL_003363,646-01-5,Methylthiopropionic acid,CSCCC(=O)O,3361
MOL_003364,646-07-1,Methylpentanoic acid,CC(C)CCC(=O)O,3362
MOL_003365,646-13-9,Isobutyl stearate,CCCCCCCCCCCCCCCCCC(=O)OCC(C)C,3363
MOL_003366,64677-46-9,"1,5-undecadien-4-ol",C=CCC(O)C=CCCCCC,3364
MOL_003367,64677-48-1,"1,5-undecadien-4-yl acetate",C=CCC(C=CCCCCC)OC(C)=O,3365
MOL_003368,6471-66-5,Benzyl nonanoate,CCCCCCCCC(=O)OCc1ccccc1,3366
MOL_003369,6485-40-1,laevo-carvone,C=C(C)[C@@H]1CC=C(C)C(=O)C1,3367
MOL_003370,6493-80-7,tagette carboxylate,COC(=O)C1(C)CC=CCC1,3368
MOL_003371,64988-06-3,Ethyl methoxybenzyl ether,CCOCc1ccccc1OC,3369
MOL_003372,65-85-0,Benzoic acid,O=C(O)c1ccccc1,3370
MOL_003373,65113-95-3,sandal pentenone,CC(=O)/C(C)=C/CC1CC=C(C)C1(C)C,3371
MOL_003374,65113-99-7,sandal pentanol,CC1=CCC(CCC(C)C(C)O)C1(C)C,3372
MOL_003375,65128-99-6,methyl cyclopentapyrazine,CC1C=Cc2nccnc21,3373
MOL_003376,6513-03-7,Propyl nonanoate,CCCCCCCCC(=O)OCCC,3374
MOL_003377,65155-45-5,Trimethylhexyl propionate,CCC(=O)OCCCCCCC(C)C,3375
MOL_003378,65213-86-7,Octadienone,CCC=CC=CC(C)=O,3376
MOL_003379,65330-49-6,Dimethylethoxyfuranone,CCOC1=C(C)OC(C)C1=O,3377
MOL_003380,65398-36-9,Pentadecenal,CCCCCCCCCCCCC=CC=O,3378
MOL_003381,6540-86-9,Trithiaheptane,CCCCSSS,3379
MOL_003382,65405-67-6,Methoxymethylcinnamaldehyde,COc1ccc(/C=C(/C)C=O)cc1,3380
MOL_003383,65405-68-7,Hydroxymethylheptanone,CCCCC(CO)C(C)=O,3381
MOL_003384,65405-70-1,Decenal,CCCCC/C=C/CCC=O,3382
MOL_003385,65405-72-3,amber formate,CC1=CCCC2(C)C(OC=O)C(C)CCC12C,3383
MOL_003386,65405-73-4,Geranoxyacetaldehyde,CC(C)=CCC/C(C)=C/COCC=O,3384
MOL_003387,65405-76-7,Hexenyl anthranilate,CC/C=C\CCOC(=O)c1ccccc1N,3385
MOL_003388,65405-77-8,Hexenyl salicylate,CC/C=C/CCOC(=O)c1ccccc1O,3386
MOL_003389,65405-80-3,Hexenyl butenoate,C/C=C/C(=O)OCC/C=C/CC,3387
MOL_003390,65405-84-7,Trimethylcyclohexenylmethylbutanal,CC1=CCCC(C)(C)C1C(C)CCC=O,3388
MOL_003391,65416-14-0,Maltol isobutyrate,Cc1occc(=O)c1OC(=O)C(C)C,3389
MOL_003392,65416-24-2,Benzyl butenoate,C/C=C/C(=O)OCc1ccccc1,3390
MOL_003393,65416-26-4,beta-ionyl ethyl ether,CCOC(C)/C=C/C1=C(C)CCCC1(C)C,3391
MOL_003394,65416-59-3,Vitispirane,C=C1C=CCC(C)(C)C12CCC(C)O2,3392
MOL_003395,65423-25-8,Dodecenoic acid,C=CCCCCCCCCCC(=O)O,3393
MOL_003396,65442-31-1,isobutyl quinoline,CCC(C)c1ccc2ncccc2c1,3394
MOL_003397,65443-14-3,fruity cyclopentanone,CCCCCC1(C)CCC(C)(C)C1=O,3395
MOL_003398,65504-93-0,Phenylpropylpyrazole,c1ccc(CCCc2cc[nH]n2)cc1,3396
MOL_003399,65504-94-1,Ethoxymethylpyrazine,CCOCc1cnccn1,3397
MOL_003400,65504-97-4,Hexyl Ketodioxane,CCCCCCC1COC(=O)CO1,3398
MOL_003401,65505-16-0,Dimethylthiofuroylfuran,Cc1coc(C(=O)c2cccs2)c1C,3399
MOL_003402,65505-17-1,Methyl methylfuryl disulfide,CSSc1ccoc1C,3400
MOL_003403,65505-18-2,Dimethylvinylthiazole,C=Cc1sc(C)nc1C,3401
MOL_003404,65505-24-0,Isobutyl methylanthranilate,CNc1ccccc1C(=O)OCC(C)C,3402
MOL_003405,65505-25-1,Tetrahydrofurfuryl cinnamate,O=C(C=Cc1ccccc1)OCC1CCCO1,3403
MOL_003406,65530-53-2,Methylfurfurylthiopyrazine,Cc1nccnc1SCc1ccco1,3404
MOL_003407,65588-69-4,ambroxide,CC1(C)CCCC2(C)C3CCOC3CCC12,3405
MOL_003408,656-53-1,Sulfurol acetate,CC(=O)OCCc1scnc1C,3406
MOL_003409,6561-39-3,Hexyl nonanoate,CCCCCCCCC(=O)OCCCCCC,3407
MOL_003410,65620-50-0,6-hydroxydihydrotheaspirane (mixture of isomers),CC1CCC2(O1)C(C)(C)CCCC2(C)O,3408
MOL_003411,65652-33-7,hexyl (Z)-tiglate,C/C=C(/C)C(=O)OCCCCCC,3409
MOL_003412,65737-52-2,Octenylcyclopentanone,CCCCC/C=C/CC1CCCC1=O,3410
MOL_003413,65738-46-7,Hydratropyl methyl ether,COCC(C)c1ccccc1,3411
MOL_003414,65767-22-8,"(Z)-1,5-octadien-3-one",C=CC(=O)C/C=C\CC,3412
MOL_003415,65813-53-8,Phenylpropyl isobutyrate,CC(C)C(=O)OC[C@@H](C)c1ccccc1,3413
MOL_003416,65817-24-5,Dimethylbenzofuranone,Cc1cccc2c1C(C)C(=O)O2,3414
MOL_003417,65819-74-1,Dipropenylsulfide,C/C=C/S/C=C/C,3415
MOL_003418,6588-78-9,Mercaptopinane,CC1(C)C2CCC(CS)C1C2,3416
MOL_003419,65887-08-3,Methylthiomethylphenylpropenal,CSC/C(C=O)=C/c1ccccc1,3417
MOL_003420,65894-82-8,Butyldimethylthiazoline,CCC(C)C1N=C(C)C(C)S1,3418
MOL_003421,65894-83-9,Dimethylisobutylthiazoline,CC1=NC(CC(C)C)SC1C,3419
MOL_003422,659-70-1,Isoamyl isovalerate,CC(C)CCOC(=O)CC(C)C,3420
MOL_003423,65909-91-3,"(Z,Z)-2,4-decadienal",CCCCC/C=C\C=C/C=O,3421
MOL_003424,66-25-1,Hexanal,CCCCCC=O,3422
MOL_003425,66062-78-0,herbal norbornane,CC(O)C1C2CCC(C2)C1(C)C,3423
MOL_003426,66068-84-6,sandal cyclohexanol,CC1C2CC(CC2C2CCC(O)CC2)C1(C)C,3424
MOL_003427,66072-32-0,(R)-sandal hexanol,CC1(C)C2CCC1(C)C(C1CCC(O)CC1)C2,3425
MOL_003428,66169-00-4,Methyl furfuryl trisulfide,CSSSCc1ccco1,3426
MOL_003429,6622-76-0,Methyl tiglate,C/C=C(/C)C(=O)OC,3427
MOL_003430,66222-24-0,Acetaldehyde benzyl ethyl acetal,CCOC(C)OCc1ccccc1,3428
MOL_003431,6624-58-4,Heptyl hexanoate,CCCCCC(=O)OC(C)CCCCC,3429
MOL_003432,6624-60-8,Anisyl hexanoate: Anisyl caproate,CCCCCC(=O)OCc1ccc(OC)cc1,3430
MOL_003433,6624-71-1,Dodecyl isobutyrate,CCCCCCCCCCCCOC(=O)C(C)C,3431
MOL_003434,66256-48-2,"2,5,6-trimethyl-2-heptanol",CC(C)C(C)CCC(C)(C)O,3432
MOL_003435,6627-88-9,Allyldimethoxyphenol,C=CCc1cc(OC)c(O)c(OC)c1,3433
MOL_003436,6628-18-8,Dithiahexane,CSCCSC,3434
MOL_003437,66327-54-6,green carbaldehyde,CC(C)CCCC1=CCC(C)(C=O)CC1,3435
MOL_003438,6635-22-9,4-propenyl syringol,CC=Cc1cc(OC)c(O)c(OC)c1,3436
MOL_003439,6638-05-7,Methyldimethoxyphenol,COc1cc(C)cc(OC)c1O,3437
MOL_003440,66512-92-3,Citronellal ethylene glycol acetal,CC(C)=CCCC(C)CC1OCCO1,3438
MOL_003441,66576-71-4,Isopropyl methylbutyrate,CCC(C)C(=O)OC(C)C,3439
MOL_003442,6658-48-6,cyclamen homoaldehyde,CC(C)Cc1ccc(CC(C)C=O)cc1,3440
MOL_003443,66634-97-7,Dimethylpentenoic acid,C/C(=C\C(C)C)C(=O)O,3441
MOL_003444,66642-85-1,Heptenol,CCCCCC=CO,3442
MOL_003445,66642-86-2,Decatrienal,CC/C=C\C/C=C/C=C/C=O,3443
MOL_003446,66848-40-6,tonkavert,CC1=CC(C)CC(C#N)C1,3444
MOL_003447,66912-24-1,hexyl oxyacetonitrile,CCCCCCOCC#N,3445
MOL_003448,67-47-0,Hydroxymethylfurfural,O=Cc1ccc(CO)o1,3446
MOL_003449,67-63-0,Isopropyl alcohol,CC(C)O,3447
MOL_003450,67-64-1,Acetone,CC(C)=O,3448
MOL_003451,67-68-5,dimethyl sulfoxide,CS(C)=O,3449
MOL_003452,67028-40-4,Ethyl tolyloxyacetate,CCOC(=O)COc1ccc(C)cc1,3450
MOL_003453,6707-60-4,musk decanolide,O=C1CCCCCCCCCCOCCCCO1,3451
MOL_003454,67114-38-9,Decenolactone,CCC=CCCC1CCC(=O)O1,3452
MOL_003455,67121-39-5,Methylbutyl octanoate,CCCCCCCC(=O)OC(C)CCC,3453
MOL_003456,67233-91-4,Ethyl decenoate,C=CCCCCCCCC(=O)OCC,3454
MOL_003457,67234-04-2,Propanal ethyl isobutyl acetal,CCOC(CC)OCC(C)C,3455
MOL_003458,6725-64-0,Dimercaptomethane,SCS,3456
MOL_003459,6728-26-3,(E)-2-hexenal,CCC/C=C/C=O,3457
MOL_003460,6728-31-0,Heptenal,CC/C=C\CCC=O,3458
MOL_003461,673-22-3,Hydroxymethoxybenzaldehyde,COc1ccc(C=O)c(O)c1,3459
MOL_003462,673-84-7,Allo-ocimene,C/C=C(C)/C=C/C=C(C)C,3460
MOL_003463,67355-38-8,Trimethylhexyl formate,CC(CCOC=O)CC(C)(C)C,3461
MOL_003464,6738-23-4,Dimethylanisole,COc1ccc(C)cc1C,3462
MOL_003465,67399-73-9,Acetylthiazolidine,CC(=O)C1NCCS1,3463
MOL_003466,67401-27-8,Megastigmadienone,C=CCCC1=C(C)C(=O)CCC1(C)C,3464
MOL_003467,67411-27-2,Dimethyltetrathiane,CC1(C)CSSSS1,3465
MOL_003468,67452-27-1,Decenyl acetate,CCCCC/C=C\CCCOC(C)=O,3466
MOL_003469,675-09-2,mesitene lactone,Cc1cc(C)oc(=O)c1,3467
MOL_003470,6750-03-4,Nonadienal,CCCC/C=C/C=C/C=O,3468
MOL_003471,6750-60-3,spathulenol,C=C1CC[C@@H]2[C@H]([C@H]3[C@H]1CC[C@]3(C)O)C2(C)C,3469
MOL_003472,6753-98-6,Humulene,C/C1=C\CC/C(C)=C/CC(C)(C)/C=C/C1,3470
MOL_003473,6754-68-3,zingiberol,C=C1CCCC2(C)CCC(CC(C)(C)O)CC12,3471
MOL_003474,67583-77-1,herbal cyclohexane,CCOC1CC(C)CC(C)(C)C1,3472
MOL_003475,67601-05-2,(S)-citronellyl acetate,CC(=O)OCC[C@@H](C)CCC=C(C)C,3473
MOL_003476,67633-92-5,licorice diethyl acetal,CCOC(OCC)C1CC2CC1C1C=CCC21,3474
MOL_003477,67633-94-7,Resedolan,CC1CC(C)(C)OC(Cc2ccccc2)O1,3475
MOL_003478,67633-96-9,Hexenyl methyl carbonate,CC/C=C/CCOC(=O)OC,3476
MOL_003479,67633-97-0,Mercaptopentanone,CCC(S)C(C)=O,3477
MOL_003480,67633-99-2,santalyl butyrate,CCCC(=O)OC/C(C)=C/CCC1(C)C2CC3C(C2)C31C,3478
MOL_003481,67634-00-8,Allyl isoamyloxyacetate,C=CCOC(=O)COCCC(C)C,3479
MOL_003482,67634-01-9,Allyl methylbutoxyacetate,C=CCOC(=O)COCC(C)CC,3480
MOL_003483,67634-02-0,phenyl acetaldehyde digeranyl acetal,CC(C)=CCCC(C)=CCOC(Cc1ccccc1)OCC=C(C)CCC=C(C)C,3481
MOL_003484,67634-07-5,"3,5,6-neocyclocitral",CC1=CC(C)C(C)C(C=O)C1,3482
MOL_003485,67634-11-1,patchouli cyclohexanol,CC1CCC(O)C(C(C)(C)C)C1,3483
MOL_003486,67634-12-2,leerall / methyl anthranilate schiff's base,COC(=O)c1ccccc1N=CC1CC=C(CCCC(C)(C)O)CC1,3484
MOL_003487,67634-15-5,Ethyldimethylhydrocinamaldehyde,CCc1ccc(CC(C)(C)C=O)cc1,3485
MOL_003488,67634-20-2,tricyclodecenyl isobutyrate,CC(C)C(=O)OC1CC2CC1C1C=CCC21,3486
MOL_003489,67634-22-4,"2,4-dimethyl cyclohexyl methyl acetate",CC(=O)OCC1CCC(C)CC1C,3487
MOL_003490,67634-23-5,Phenylpropanal propylene glycol acetal,CC1COC(C(C)c2ccccc2)O1,3488
MOL_003491,67634-25-7,"2,4-dimethyl-3-cyclohexene-1-methanyl acetate",CC(=O)OCC1CC(C)=CC(C)C1,3489
MOL_003492,67643-70-3,pepperwood,C=CC(C)(CCC=C(C)C)OC(=O)N(C)C,3490
MOL_003493,6766-82-1,Propylsyringol,CCCc1cc(OC)c(O)c(OC)c1,3491
MOL_003494,67662-96-8,Phenethyl pivalate,CC(C)(C)C(=O)OCCc1ccccc1,3492
MOL_003495,67663-01-8,Methyldecalactone,CCCCCCC1OC(=O)CC1C,3493
MOL_003496,67674-36-6,Nonadienal diethyl acetal,CC/C=C/CC/C=C/C(OCC)OCC,3494
MOL_003497,67674-41-3,Benzyl methylbutenoate,CC=C(C)C(=O)OCc1ccccc1,3495
MOL_003498,67674-46-8,Trimethylhexenal dimethyl acetal,COC(OC)C(C)(C)CC=C(C)C,3496
MOL_003499,67689-50-3,linalool oxide acetates,C=CC1(C)CCC(C(C)(C)OC(C)=O)O1,3497
MOL_003500,67707-75-9,Ethyl trimethylhexanoate,CCOC(=O)CC(C)CC(C)(C)C,3498
MOL_003501,67715-80-4,Methylpropyloxathiane,CCCC1CCOC(C)S1,3499
MOL_003502,67739-11-1,methyl sandal,CCC(O)/C(C)=C/C1(C)CC2C=CC1C2,3500
MOL_003503,67746-30-9,(E)-2-hexenal diethyl acetal,CCC/C=C/C(OCC)OCC,3501
MOL_003504,67770-79-0,costus valerolactone,CCCCC1(CC)CCC(=O)OC1,3502
MOL_003505,67785-76-6,phenyl acetaldehyde / methyl anthranilate schiff's base,COC(=O)c1ccccc1N=CCc1ccccc1,3503
MOL_003506,67785-77-7,Dimethyl benzyl carbinyl propionate,CCC(=O)OC(C)(C)Cc1ccccc1,3504
MOL_003507,67801-20-1,Ebanol®,CC1=CCC(/C=C\C(C)C(C)O)C1(C)C,3505
MOL_003508,67801-33-6,herbal ketone,CCCCCCC(CO)C(C)=O,3506
MOL_003509,67801-36-9,Hydroxycitronellal-indole schiff base,CC(CCCC(C)(C)O)CC(n1ccc2ccccc21)n1ccc2ccccc21,3507
MOL_003510,67801-38-1,orris butenone,CC(=O)/C=C/C1C(C)C=C(C)CC1C,3508
MOL_003511,67801-44-9,octanal / methyl anthranilate schiff's base,CCCCCCC/C=N/c1ccccc1C(=O)OC,3509
MOL_003512,67801-45-0,Heptenyl methylpropanoate,CCC/C=C/CCOC(=O)C(C)C,3510
MOL_003513,67801-47-2,citral / methyl anthranilate schiff's base,COC(=O)c1ccccc1N=C/C=C(\C)CCC=C(C)C,3511
MOL_003514,67801-64-3,spicy carbonate,CCOC(=O)OC1CCCCC1C(C)(C)C,3512
MOL_003515,67801-65-4,Vertoliff,CC1=CCC(C)C(C=O)C1,3513
MOL_003516,67828-71-1,"5-acetyl-2-((2-furanyl methyl)thio) dihydro-2,5-dimethyl-3(2H)-furanone",CC(=O)C1(C)CC(=O)C(C)(SCc2ccco2)O1,3514
MOL_003517,6784-13-0,limonene aldehyde,CC1=CCC(C(C)CC=O)CC1,3515
MOL_003518,67845-28-7,Methylpropoxypyrazine,CCCOc1cncc(C)n1,3516
MOL_003519,67845-30-1,bark carbaldehyde,CC1=CC2CC(C=O)C1CC2C(C)C,3517
MOL_003520,67845-34-5,2-methyl-5-ethoxypyrazine,CCOc1cnc(C)cn1,3518
MOL_003521,67845-42-5,citronellal / methyl anthranilate schiff's base,COC(=O)c1ccccc1N=CCC(C)CCC=C(C)C,3519
MOL_003522,67845-46-9,para-methyl phenoxyacetaldehyde,Cc1ccc(OCC=O)cc1,3520
MOL_003523,67845-50-5,Dimethylnonadienol,CC(C)=CCC/C(C)=C/C(C)O,3521
MOL_003524,67859-96-5,Trimethylcyclohexyl acetate,CC(=O)OC1CC(C)CC(C)(C)C1,3522
MOL_003525,67860-01-9,Maltol butyrate,CCCC(=O)Oc1c(C)occc1=O,3523
MOL_003526,67860-38-2,Acetylmethylpyrimidine,CC(=O)c1ccnc(C)n1,3524
MOL_003527,67874-67-3,decanal / methyl anthranilate schiff's base,CCCCCCCCCC=Nc1ccccc1C(=O)OC,3525
MOL_003528,67874-69-5,Geranyl anthranilate,CC(C)=CCC/C(C)=C/COC(=O)c1ccccc1N,3526
MOL_003529,67874-72-0,conifer acetate,CCC(C)(C)C1CCCCC1OC(C)=O,3527
MOL_003530,67874-77-5,dihydrocitronellyl phenyl acetate,CC(C)CCCC(C)CCOC(=O)Cc1ccccc1,3528
MOL_003531,67874-78-6,apricot isobutyrate,CC(C)C(=O)OC1CCC2CCCCC2C1,3529
MOL_003532,67874-80-0,Tetrahydrogeranyl butanoate,CCCC(=O)OCCC(C)CCCC(C)C,3530
MOL_003533,67874-81-1,cedryl methyl ether,CO[C@]1(C)CCC23C[C@@H]1C(C)(C)[C@@H]2CC[C@H]3C,3531
MOL_003534,67879-60-1,Isopropylmethyldioxolane,CC1COC(C(C)C)O1,3532
MOL_003535,67883-79-8,Hexenyl tiglate,C/C=C(/C)C(=O)OCC/C=C/CC,3533
MOL_003536,6789-80-6,Hexenal,CC/C=C\CC=O,3534
MOL_003537,6789-88-4,Hexyl benzoate,CCCCCCOC(=O)c1ccccc1,3535
MOL_003538,6790-58-5,ambroxan,CC1(C)CCC[C@]2(C)[C@H]3CCO[C@]3(C)CC[C@@H]12,3536
MOL_003539,67905-40-2,prune glycidate,COC(=O)C1OC1(C)/C=C/C1C(C)=CCCC1(C)C,3537
MOL_003540,67919-67-9,musk dodecane,CC12CCCC3(CC1)C1(C)OC1CCC23C,3538
MOL_003541,67920-63-2,Lilac aldehyde,C=CC1(C)CCC(C(C)C=O)O1,3539
MOL_003542,67923-83-5,Trimethylhexanal diethyl acetal,CCOC(CCCCCC(C)C)OCC,3540
MOL_003543,67924-13-4,alpha-amyl cinnamaldehyde / methyl anthranilate schiff's base,CCCCCC/C(C=Nc1ccccc1C(=O)OC)=C\c1ccccc1,3541
MOL_003544,67936-13-4,2-isopropyl-4-methyl-3-thiazoline,CC1=NC(C(C)C)SC1,3542
MOL_003545,67952-57-2,Methyl isohexyl carbinyl acetate,CC(=O)OC(C)CCCC(C)C,3543
MOL_003546,67952-59-4,Isopropylmethylthiopyrazine,CSc1nccnc1C(C)C,3544
MOL_003547,67952-60-7,Methylmethyldithiopropanal,CSSC(C)(C)C=O,3545
MOL_003548,67952-65-2,Methylmethylthiopyrazine (mixture of isomers),CSc1nccnc1C,3546
MOL_003549,67952-68-5,2-ethyl fenchol + arbanol,CCC1(O)C2(C)CCC(C2)C1(C)C,3547
MOL_003550,67999-56-8,isolongifolene epoxide,CC1(C)CCC2OC23C(C)(C)C2CCC13C2,3548
MOL_003551,68-11-1,Thioglycolic acid,O=C(O)CS,3549
MOL_003552,68039-24-7,acetaldehyde citronellyl methyl acetal,COC(C)OCCC(C)CCC=C(C)C,3550
MOL_003553,68039-26-9,Amyl methylbutyrate,CCCCCOC(=O)C(C)CC,3551
MOL_003554,68039-29-2,geranyl nonanoate,CCCCCCCCC(=O)OC/C=C(\C)CCC=C(C)C,3552
MOL_003555,68039-39-4,isogreen methanoindene,CC(C)C(=O)OC1CC2CC1C1CC=CC21,3553
MOL_003556,68039-44-1,peach pivalate,CC(C)(C)C(=O)OC1CC2CC1C1CC=CC21,3554
MOL_003557,68039-47-4,phenethyl isopropyl ether,CC(C)OCCc1ccccc1,3555
MOL_003558,68039-48-5,"3,5-ivy carbaldehyde",CC1=CC(C)CC(C=O)C1,3556
MOL_003559,68039-49-6,"2,4-ivy carbaldehyde",CC1=CC(C)C(C=O)CC1,3557
MOL_003560,68039-69-0,fig crotonate,C/C=C/C(=O)OC(C)C1CCCCC1,3558
MOL_003561,68039-73-6,plum crotonate,C/C=C/C(=O)OC1CCCC1C1CCCC1,3559
MOL_003562,6807-11-0,2-para-cresyl oxyethyl acetate,CC(=O)OCCOc1ccc(C)cc1,3560
MOL_003563,68083-57-8,3-dodecenal,CCCCCCCCC=CCC=O,3561
MOL_003564,68083-58-9,gardenia pentyl acetate,CC(=O)OC(C)CC(C)(C)c1ccccc1,3562
MOL_003565,68084-03-7,Diisopentyl thiomalate,CC(C)CCOC(=O)CC(S)C(=O)OCCC(C)C,3563
MOL_003566,6812-78-8,Citronellol,C=C(C)CCC[C@H](C)CCO,3564
MOL_003567,68132-80-9,allyl isononylate,C=CCOC(=O)CCCC(C)(C)CC,3565
MOL_003568,68133-72-2,(Z)-3-hexen-1-yl oxyacetaldehyde,CC/C=C/CCOCC=O,3566
MOL_003569,68133-73-3,isoamyl geranate,CC(C)=CCC/C(C)=C/C(=O)OCCC(C)C,3567
MOL_003570,68133-75-5,(Z)-3-hexen-1-yl cinnamate,CC/C=C/CCOC(=O)/C=C/c1ccccc1,3568
MOL_003571,68133-76-6,Hexenyl pyruvate,CC/C=C\CCOC(=O)C(C)=O,3569
MOL_003572,68133-77-7,Hexenyl salicylate,CCC/C=C/COC(=O)c1ccccc1O,3570
MOL_003573,68133-78-8,Hexenyl phenylacetate,CCC/C=C/COC(=O)Cc1ccccc1,3571
MOL_003574,68133-79-9,Dimethyloctadienylcyclopentanone,CC(C)=CCC/C(C)=C/CC1CCCC1=O,3572
MOL_003575,68140-48-7,musk methyl ketone,CC(=O)c1cc2c(cc1C)C(C)(C)C(C)C2C(C)C,3573
MOL_003576,68141-11-7,Cresyl hexanoate,CCCCCC(=O)Oc1ccc(C)cc1,3574
MOL_003577,68141-17-3,Methylundecanal dimethyl acetal,CCCCCCCCCC(C)C(OC)OC,3575
MOL_003578,68141-20-8,Phenethyl crotonate,C/C=C/C(=O)OCCc1ccccc1,3576
MOL_003579,68141-23-1,dihydrocitronellal dimethyl acetal,COC(CC(C)CCCC(C)C)OC,3577
MOL_003580,68165-40-2,Triisobutyltrioxane,CC(C)CC1OC(CC(C)C)OC(CC(C)C)O1,3578
MOL_003581,68198-80-1,6(or 8)-isobutyl quinoline,CC(C)Cc1ccc2ncccc2c1,3579
MOL_003582,68213-87-6,geranyl oxyacetaldehyde,CC(C)=CCCC(C)=CCOCC=O,3580
MOL_003583,68214-06-2,Tetrahydrogeranyl formate,CC(C)CCCC(C)CCOC=O,3581
MOL_003584,68227-51-0,Methylcyclopentenolone butyrate,CCCC(=O)OC1=C(C)CCC1=O,3582
MOL_003585,68228-09-1,triplal / ethyl anthranilate schiff's base,CCOC(=O)c1ccccc1NCC1CCC(C)=CC1C,3583
MOL_003586,68258-94-6,Citral hexylene glycol acetal,CC(C)=CCC/C(C)=C/C1OC(C)CC(C)(C)O1,3584
MOL_003587,68258-95-7,Methylheptenone propylene glycol acetal,CC(C)=CCCC1(C)OCC(C)O1,3585
MOL_003588,68259-31-4,isofreshal,CC1=C2CC(C=O)C(C1)C(C(C)C)C2,3586
MOL_003589,68259-33-6,woody octene,CC(=O)C1CC2=C(C)CC1C(C(C)C)C2,3587
MOL_003590,68311-05-7,fresh nitrile,CC1=CC2C(C#N)CC1CC2C(C)C,3588
MOL_003591,68345-22-2,Phenylacetaldehyde diisobutyl acetal,CC(C)COC(Cc1ccccc1)OCC(C)C,3589
MOL_003592,68366-65-4,Menthyl isobutyrate,CC1CCC(C(C)C)C(OC(=O)C(C)C)C1,3590
MOL_003593,6839-75-4,3-isopropenyl pentane dioic acid,C=C(C)C(CC(=O)O)CC(=O)O,3591
MOL_003594,68391-29-7,TMH aldehyde,CC(C=O)C(C)CC(C)(C)C,3592
MOL_003595,68391-39-9,Nonanal propylene glycol acetal,CCCCCCCCC1OCC(C)O1,3593
MOL_003596,68398-18-5,Epithiomenthane,CC1CCC2CC1SC2(C)C,3594
MOL_003597,68459-99-4,4-dimethyl ionone,CC1=CCCC(C)(C)C1/C=C/C(=O)C(C)C,3595
MOL_003598,68480-04-6,santal penten-2-ol,CC1=CCC(C/C=C(\C)C(C)O)C1(C)C,3596
MOL_003599,68480-06-8,dewy propionate,C=CCCCCCCCCOC(=O)CC,3597
MOL_003600,68480-08-0,tetrahydromyrcenyl acetate,CCC(C)CCCC(C)(C)OC(C)=O,3598
MOL_003601,68480-11-5,grapefruit indene,C1CC2C3CC(C2C1)C1(CCCO1)C3,3599
MOL_003602,68480-14-8,methyl cyclocitrone (IFF),CC(=O)C1CC(C)=CC(C)C1C,3600
MOL_003603,68480-15-9,Dimethylcyclohexanemethanol,CC1CCC(CO)C(C)C1,3601
MOL_003604,68480-25-1,Tridecenol,CCCCCCCCCC/C=C/CO,3602
MOL_003605,68480-27-3,(E)-2-undecen-1-yl acetate,CCCCCCCC/C=C/COC(C)=O,3603
MOL_003606,68480-28-4,Prenyl formate,CC(C)=CCOC=O,3604
MOL_003607,68489-14-5,WS-5,CCOC(=O)CNC(=O)[C@@H]1C[C@H](C)CC[C@H]1C(C)C,3605
MOL_003608,68527-74-2,Vanillin propylene glycol acetal,COc1cc(C2OCC(C)O2)ccc1O,3606
MOL_003609,68527-76-4,Ethyl vanillin propylene glycol acetal,CCOc1cc(C2OCC(C)O2)ccc1O,3607
MOL_003610,68527-77-5,isocyclogeraniol (IFF),CC1=CC(C)C(CO)C(C)C1,3608
MOL_003611,68555-28-2,phenyl acetaldehyde diisoamyl acetal,CC(C)CCOC(Cc1ccccc1)OCCC(C)C,3609
MOL_003612,68555-53-3,(Z)-6-nonenal dimethyl acetal,CC/C=C\CCCCC(OC)OC,3610
MOL_003613,68555-57-7,Citronellyl anthranilate,CC(C)=CCCC(C)CCOC(=O)c1ccccc1N,3611
MOL_003614,68555-58-8,Prenyl salicylate,CC(C)=CCOC(=O)c1ccccc1O,3612
MOL_003615,68555-59-9,tetrahydroionyl acetate,CC(=O)OC(C)CCC1C(C)CCCC1(C)C,3613
MOL_003616,68555-60-2,isoamyl heptine carbonate,CCCCCC#CC(=O)OCCC(C)C,3614
MOL_003617,68555-61-3,Isomethylionyl acetate,CC(=O)OC(C)/C(C)=C/C1C(C)=CCCC1(C)C,3615
MOL_003618,68555-63-5,Maltol Propionate,CCC(=O)Oc1c(C)occc1=O,3616
MOL_003619,68555-65-7,Nonadienyl acetate,CC/C=C\CC/C=C/COC(C)=O,3617
MOL_003620,68555-94-2,dimethyl ionone,CCC(=O)/C(C)=C/C1C(C)CC=CC1(C)C,3618
MOL_003621,68555-95-3,trimethyl cyclohexene,CC1=C(C)C(C)CCC1,3619
MOL_003622,68683-20-5,menthadienyl formate,CC(C)C1=CCC(CCOC=O)=CC1,3620
MOL_003623,68683-25-0,jasimia,CCCCCCCC(COC(C)=O)OC(C)=O,3621
MOL_003624,68697-67-6,Methylthiobutyryltrimethylcyclohexene,CCCCC(=S)C1(C)CCCC(C)=C1C,3622
MOL_003625,68698-57-7,methyl vetivate,C=C(C)C1=C(C)C2(C)CC1CC2C(=O)OC,3623
MOL_003626,68698-58-8,(Z)-3-hexen-1-yl heptine carbonate,CC/C=C\CCOC(=O)C#CCCCCC,3624
MOL_003627,68698-59-9,Hexenyl isovalerate,CCC/C=C/COC(=O)CC(C)C,3625
MOL_003628,68705-63-5,Geranyl methylbutyrate,CCC(C)C(=O)OC/C=C(\C)CCC=C(C)C,3626
MOL_003629,68737-61-1,Dimethyltetrahydrobenzaldehyde,CC1=CC(C)C(C=O)CC1,3627
MOL_003630,68738-99-8,ivy carbaldehyde / methyl anthranilate schiff's base,COC(=O)c1ccccc1N/C=C1\CCC(C)=CC1C,3628
MOL_003631,68739-00-4,Ethylmethoxypyrazine,CCc1cnc(OC)cn1,3629
MOL_003632,6876-13-7,(Z)-pinane,CC1CC[C@H]2C[C@@H]1C2(C)C,3630
MOL_003633,68797-68-2,hydroxycitronellal nitrile,CC(CC#N)CCCC(C)(C)O,3631
MOL_003634,68797-70-6,Butylcyclohexyl propionate,CCC(=O)OC1CCC(C(C)(C)C)CC1,3632
MOL_003635,688-82-4,Heptanal diethyl acetal,CCCCCCC(OCC)OCC,3633
MOL_003636,68820-35-9,Undecenal,CCCCCCCCC=CC=O,3634
MOL_003637,68845-00-1,woody nonane (ethoxy),C=C1C2CCC(C)(OCC)C1CCC2(C)C,3635
MOL_003638,68845-02-3,"2,4-ivy carbaldehyde / methyl anthranilate schiff's base",COC(=O)c1ccccc1N=CC1CCC(C)=CC1C,3636
MOL_003639,68845-36-3,diethyl dimethyl-2-cyclohexenone,CCC1=C(C)C(=O)CC(C)C1CC,3637
MOL_003640,68877-29-2,santall,CC1(C)C2CCC(C3CCC(O)CC3)C1(C)C2,3638
MOL_003641,68892-05-7,geranyl undecylenate,C=CCCCCCCCCC(=O)OC/C=C(\C)CCC=C(C)C,3639
MOL_003642,689-67-8,Geranylacetone (no isomers specified),CC(=O)CCC=C(C)CCC=C(C)C,3640
MOL_003643,689-89-4,Methyl sorbate,C/C=C/C=C/C(=O)OC,3641
MOL_003644,68901-15-5,Allyl cyclohexyloxypropionate,C=CCOC(=O)COC1CCCCC1,3642
MOL_003645,68901-22-4,2-methyl-4-(camphenyl-8) cyclohexanone,CC1CC(CC2C3CCC(C3)C2(C)C)CCC1=O,3643
MOL_003646,68901-32-6,glycoacetal,CC1=CC2CC(C3OCCO3)C1CC2C(C)C,3644
MOL_003647,68912-13-0,dicyclopentadiene propionate,CCC(=O)OC1C=CC2C3CCC(C3)C12,3645
MOL_003648,68922-04-3,Anisyl isovalerate,CC(C)CC(=O)OCc1ccc(O)cc1,3646
MOL_003649,68922-10-1,Citronellyl isovalerate,CC(C)=CCCC(C)CCOC(=O)CC(C)C,3647
MOL_003650,68922-11-2,Methylphenethyl butyrate,CCCC(=O)OC(C)Cc1ccccc1,3648
MOL_003651,68926-75-0,calarene epoxide,CC1CCC2OC23CCC2C(C2(C)C)C13C,3649
MOL_003652,68931-30-6,geranyl linalool,C=CC(C)(O)CCC=C(C)CCC=C(C)CCC=C(C)C,3650
MOL_003653,68938-58-9,(E)-3-hexen-1-yl crotonate,C/C=C/C(=O)OCC/C=C/CC,3651
MOL_003654,68959-28-4,Jasmolactone extra C,CC/C=C/CCC1CCCC(=O)O1,3652
MOL_003655,68973-20-6,Undecadienone,CCCCC/C=C/C=C/C(C)=O,3653
MOL_003656,68991-97-9,muguet carboxaldehyde,CC1(C)CCCC2=C1CC(C=O)CC2,3654
MOL_003657,69-72-7,ortho-salicylic acid,O=C(O)c1ccccc1O,3655
MOL_003658,69038-78-4,octyl cinnamate,CCCCCCCCOC(=O)/C=C/c1ccccc1,3656
MOL_003659,691-38-3,Methylpentene,C/C=C\C(C)C,3657
MOL_003660,69103-20-4,ocimene oxirane,C=CC(C)=CCC1OC1(C)C,3658
MOL_003661,69103-24-8,Isodecyl acetate,CC(=O)OCCCCCCCC(C)C,3659
MOL_003662,6911-51-9,Thienyl disulfide,c1csc(SSc2cccs2)c1,3660
MOL_003663,69112-21-6,(E)-3-hexenal,CC/C=C/CC=O,3661
MOL_003664,69121-78-4,(E)-cinnamyl isovalerate,CC(C)CC(=O)OC/C=C/c1ccccc1,3662
MOL_003665,69134-53-8,diethyl 2-hydroxyglutarate,CCOC(=O)CCC(O)C(=O)OCC,3663
MOL_003666,6915-15-7,Malic Acid,O=C(O)CC(O)C(=O)O,3664
MOL_003667,69178-43-4,Ethylhexanal diethyl acetal,CCOC(CCCCC(C)C)OCC,3665
MOL_003668,692-86-4,Ethyl undecenoate,C=CCCCCCCCCC(=O)OCC,3666
MOL_003669,693-54-9,Decanone,CCCCCCCCC(C)=O,3667
MOL_003670,693-80-1,Oleyl acetate,CCCCCCCC/C=C\CCCCCCCCOC(C)=O,3668
MOL_003671,693-95-8,Methylthiazole,Cc1cscn1,3669
MOL_003672,69300-15-8,peach nitrile,CCCCCCCCC(C)C#N,3670
MOL_003673,6931-54-0,Pinene oxide,CC1(C)C2CCC3(CO3)C1C2,3671
MOL_003674,6938-45-0,Benzyl hexanoate,CCCCCC(=O)OCc1ccccc1,3672
MOL_003675,6938-94-9,Diisopropyl adipate,CC(C)OC(=O)CCCCC(=O)OC(C)C,3673
MOL_003676,69382-62-3,Ethanedithiol,CC(S)S,3674
MOL_003677,6939-75-9,Benzyl levulinate,CC(=O)CCC(=O)OCc1ccccc1,3675
MOL_003678,6947-02-0,Cyclohexyl acetoacetate,CC(=O)CC(=O)OC1CCCCC1,3676
MOL_003679,69486-14-2,tonka undecanone,C/C=C1\CC2CC1C1CCC(=O)OC21,3677
MOL_003680,695-06-7,Hexalactone,CCC1CCC(=O)O1,3678
MOL_003681,696-30-0,Isopropylpyridine,CC(C)c1ccncc1,3679
MOL_003682,696-59-3,Dimethoxytetrahydrofuran,COC1CCC(OC)O1,3680
MOL_003683,6963-52-6,Hexyl butyrate,CCCCC(C)OC(=O)CCC,3681
MOL_003684,6963-56-0,Anisyl butyrate,CCCC(=O)OCc1ccc(OC)cc1,3682
MOL_003685,6969-49-9,Octyl salicylate,CCCCCCCCOC(=O)c1ccccc1O,3683
MOL_003686,697290-77-0,Heptylcyclopropanecarboxylic acid,CCCCCCCC1(C(=O)O)CC1,3684
MOL_003687,6975-24-2,4-isopropyl cinnamaldehyde,CC(C)c1ccc(C=CC=O)cc1,3685
MOL_003688,6975-60-6,Furylpropanone,CC(=O)Cc1ccco1,3686
MOL_003689,6976-72-3,Heptyl hexanoate,CCCCCCCOC(=O)CCCCC,3687
MOL_003690,698-10-2,Maple furanone,CCC1OC(=O)C(O)=C1C,3688
MOL_003691,698-27-1,Hydroxymethylbenzaldehyde,Cc1ccc(C=O)c(O)c1,3689
MOL_003692,698-76-0,Octalactone,CCCC1CCCC(=O)O1,3690
MOL_003693,698-87-3,methyl benzyl carbinol,CC(O)Cc1ccccc1,3691
MOL_003694,6982-72-5,Acetylmethylpyrrole,CC(=O)Cc1ccc[nH]1,3692
MOL_003695,69830-91-7,(R)-gamma-dodecalactone,CCCCCCCC[C@@H]1CCC(=O)O1,3693
MOL_003696,69830-92-8,(S)-gamma-dodecalactone,CCCCCCCC[C@H]1CCC(=O)O1,3694
MOL_003697,69834-10-2,sandel,CC1(C)C2CCC1C(C1CCCCC1O)C2,3695
MOL_003698,6986-51-2,Acetaldehyde ethyl isobutyl acetal,CCOC(C)OCC(C)C,3696
MOL_003699,69898-48-2,"2-methoxy-3,5-dimethyl-2-cyclopenten-1-one",COC1=C(C)CC(C)C1=O,3697
MOL_003700,699-02-5,2-para-cresyl ethanol,Cc1ccc(CCO)cc1,3698
MOL_003701,699-10-5,Methyl benzyl disulfide,CSSCc1ccccc1,3699
MOL_003702,699-17-2,Furylbutanone,CC(=O)CCc1ccco1,3700
MOL_003703,69925-33-3,Ethyl octadienoate,C=CC/C=C/CCC(=O)OCC,3701
MOL_003704,69929-16-4,citronellyl ethyl ether,CCOCCC(C)CCC=C(C)C,3702
MOL_003705,69929-17-5,chrysanthemum ketone,CC1=CC(C)C(C(=O)C(C)(C)C)CC1,3703
MOL_003706,6994-20-3,Cinnamyl hexanoate,CCCCCC(=O)OC/C=C/c1ccccc1,3704
MOL_003707,70-49-5,Thiomalic acid,O=C(O)CC(S)C(=O)O,3705
MOL_003708,700-82-3,hexahydrocoumarin,O=C1CCC2=C(CCCC2)O1,3706
MOL_003709,701-70-2,benzyl ethyl carbinol,CCC(O)Cc1ccccc1,3707
MOL_003710,701-97-3,Cyclohexylpropionic acid,O=C(O)CCC1CCCCC1,3708
MOL_003711,7011-83-8,Dihydrojasmone lactone,CCCCCCC1(C)CCC(=O)O1,3709
MOL_003712,70172-07-5,alpha-ionyl ethyl ether,CCOC(C)/C=C/C1C(C)=CCCC1(C)C,3710
MOL_003713,70214-77-6,"6,8-dimethyl-2-nonanol",CC(C)CC(C)CCCC(C)O,3711
MOL_003714,70220-06-3,(Z)-3-hexenyl methyl ether,CC/C=C\CCOC,3712
MOL_003715,705-73-7,Propylphenethyl alcohol,CCCC(O)Cc1ccccc1,3713
MOL_003716,705-86-2,Decalactone,CCCCCC1CCCC(=O)O1,3714
MOL_003717,706-14-9,Decalactone,CCCCCCC1CCC(=O)O1,3715
MOL_003718,7069-41-2,(E)-2-tridecenal,CCCCCCCCCC/C=C/C=O,3716
MOL_003719,707-29-9,thyme undecane,CC1(C)COC2(CCCCC2)OC1,3717
MOL_003720,7070-15-7,cedanol,CC1(C)[C@H]2CC[C@]1(C)[C@@H](OCCO)C2,3718
MOL_003721,70788-30-6,timber propanol,CCCC(O)CCC1C(C)CCCC1(C)C,3719
MOL_003722,70851-60-4,dihydrogeranyl linalool,CCC(C)(O)CC/C=C(\C)CC/C=C(\C)CCC=C(C)C,3720
MOL_003723,70851-61-5,Jasmone lactone,CC/C=C/CCC1(C)CCC(=O)O1,3721
MOL_003724,71-23-8,Propanol,CCCO,3722
MOL_003725,71-36-3,Butyl alcohol,CCCCO,3723
MOL_003726,71-41-0,Amyl alcohol,CCCCCO,3724
MOL_003727,710-04-3,Undecalactone,CCCCCCC1CCCC(=O)O1,3725
MOL_003728,71048-82-3,Damascone,C/C=C/C(=O)[C@@H]1[C@@H](C)C=CCC1(C)C,3726
MOL_003729,71077-31-1,magnolia decadienal,C=CC(C)CCC=C(C)CCC=O,3727
MOL_003730,71078-31-4,isospirene,CC1=CCC(C)C(C)C12C=CC(C)O2,3728
MOL_003731,71118-98-4,isopropyl vanillin,CC(C)Oc1cc(C=O)ccc1O,3729
MOL_003732,71159-90-5,Menthenethiol,CC1=CC(S)C(C(C)C)CC1,3730
MOL_003733,71172-26-4,Anisyl isobutyrate,COc1ccc(COC(=O)C(C)C)cc1,3731
MOL_003734,71172-75-3,Isoamyl levulinate,CC(=O)CCC(=O)OCCC(C)C,3732
MOL_003735,71298-42-5,Tetrahydrocuminic acid,CC(C)C1=CCC(C(=O)O)CC1,3733
MOL_003736,713-95-1,Dodecalactone,CCCCCCCC1CCCC(=O)O1,3734
MOL_003737,7132-64-1,Methyl pentadecanoate,CCCCCCCCCCCCCCC(=O)OC,3735
MOL_003738,71387-71-8,4-ethyl-2-hydroxy-3-methyl-2-cyclopenten-1-one,CCC1CC(=O)C(O)=C1C,3736
MOL_003739,7143-69-3,Linalyl phenylacetate,C=CC(C)(CCC=C(C)C)OC(=O)Cc1ccccc1,3737
MOL_003740,71477-77-5,"4,6-dimethyl-alpha-allyl-3-cyclohexene methanol",C=CCC(O)C1CC=C(C)CC1C,3738
MOL_003741,7148-78-9,Cinnamaldehyde diethyl acetal,CCOC(/C=C/c1ccccc1)OCC,3739
MOL_003742,7149-24-8,Cyclamen aldehyde diethyl acetal,CCOC(OCC)C(C)Cc1ccc(C(C)C)cc1,3740
MOL_003743,7149-26-0,Linalyl anthranilate,C=CC(C)(CCC=C(C)C)OC(=O)c1ccccc1N,3741
MOL_003744,7149-29-3,Methylallyl butyrate,C=C(C)COC(=O)CCC,3742
MOL_003745,7149-32-8,Phenethyl furoate,O=C(OCCc1ccccc1)c1ccco1,3743
MOL_003746,71500-37-3,"allyl 3,5,5-trimethyl hexanoate",C=CCOC(=O)CC(C)CC(C)(C)C,3744
MOL_003747,7155-12-6,heptyl benzoate,CCCCCCCOC(=O)c1ccccc1,3745
MOL_003748,71566-51-3,saffron pyranone,CC1CC(C)(C)CC(=O)O1,3746
MOL_003749,71566-53-5,celery undecene,CCC1OCC2(CO1)CC(C)=CCC2C,3747
MOL_003750,71605-84-0,geranyl cinnamate,CC(C)=CCC/C(C)=C/COC(=O)/C=C/c1ccccc1,3748
MOL_003751,71605-85-1,Heptyl nonanoate,CCCCCCCCC(=O)OCCCCCCC,3749
MOL_003752,71648-34-5,terpinyl benzoate,C=C1CCC(C(C)(C)OC(=O)c2ccccc2)CC1,3750
MOL_003753,71648-43-6,geranyl phenyl acetate,CC(C)=CCCC(C)=CCOC(=O)Cc1ccccc1,3751
MOL_003754,71660-03-2,Menthadienyl acetate,CC(=O)OC1=C(C(C)C)CCC(C)=C1,3752
MOL_003755,71662-17-4,Citronellal diethyl acetal,CCOC(CC(C)CCC=C(C)C)OCC,3753
MOL_003756,71662-19-6,Cresyl heptanoate,CCCCCCC(=O)Oc1ccc(C)cc1,3754
MOL_003757,71662-27-6,Ethyl butyryllactate,CCCC(=O)C(C)(O)C(=O)OCC,3755
MOL_003758,71672-75-8,Ethoxybenzyl alcohol,CCOc1ccccc1CO,3756
MOL_003759,71735-79-0,woody epoxide,CC1(C)C/C=C\CC/C=C\CCC2OC21C,3757
MOL_003760,71808-61-2,Ketodibutanoyloxybutane,CCCC(=O)OC(C)(OC(=O)CCC)C(C)=O,3758
MOL_003761,71978-00-2,Octenyl acetate,CCCCCCC=COC(C)=O,3759
MOL_003762,72-19-5,Threonine,CC(O)C(N)C(=O)O,3760
MOL_003763,72007-81-9,Ethylmethylphenylpropyl acetate,CCC(C)(CCc1ccccc1)OC(C)=O,3761
MOL_003764,7207-49-0,2-octanone oxime,CCCCCC/C(C)=N/O,3762
MOL_003765,72089-08-8,sandal cyclopentane,CC1=CCC(CCC(C)CO)C1(C)C,3763
MOL_003766,72109-82-1,Nonyl phenylacetate,CCCCCCCCCOC(=O)Cc1ccccc1,3764
MOL_003767,72117-72-7,dimethyl alpha-ionone,CCC(=O)/C(C)=C/C1C(C)=CCCC1(C)C,3765
MOL_003768,7212-40-0,"trans-para-2,8-1-menthadienol",C=C(C)[C@H]1C=C[C@](C)(O)CC1,3766
MOL_003769,7212-44-4,Nerolidol,C=CC(C)(O)CC/C=C(\C)CCC=C(C)C,3767
MOL_003770,7217-59-6,Thioguaiacol,COc1ccccc1S,3768
MOL_003771,72175-33-8,methyl bicycloheptenyl methyloxirane carboxylate,COC(=O)C1OC1(C)C1CC2C=CC1C2,3769
MOL_003772,72203-97-5,(Z)-isocitral,CC(C)=CC/C=C(/C)CC=O,3770
MOL_003773,72207-94-4,ethyl vanillin acetate,CCOc1cc(C=O)ccc1OC(C)=O,3771
MOL_003774,72214-23-4,ocimen-1-yl acetate,C=C/C(C)=C/CCC(C)(C)OC(C)=O,3772
MOL_003775,72257-53-5,"2-acetoxy-1,8-cineole",CC(=O)OC1CC2CCC1(C)OC2(C)C,3773
MOL_003776,72276-09-6,tropical dienoate (Bedoukian),C=CC/C=C/CCC(=O)OCC,3774
MOL_003777,72361-41-2,Mercaptopinane,CC1C(S)CC2CC1C2(C)C,3775
MOL_003778,723759-62-4,guaiacyl isobutyrate,COc1ccccc1OC(=O)C(C)C,3776
MOL_003779,72402-00-7,clary alcohol,C=C(C)C1CCC(C)(O)C1C,3777
MOL_003780,72403-67-9,freesia acetate,CC(=O)OC[C@H]1CCC=C(CCC=C(C)C)C1,3778
MOL_003781,72429-08-4,bigarade oxide,C[C@@H]1C[C@H]2CC(C)(C)CO[C@@H]2C[C@@H]1C,3779
MOL_003782,72437-56-0,Methyl isopentyl disulfide,CSSCCC(C)C,3780
MOL_003783,72437-64-0,Butyl propyl disulfide,CCCCSSCCC,3781
MOL_003784,72437-68-4,Amyl methyl disulfide,CCCCCSSC,3782
MOL_003785,7244-82-8,3-ethyl thiopropionate,CCSCCC(=O)O,3783
MOL_003786,72445-42-2,Mint sulfide,C=C1CC[C@@H]2S[C@@H]1[C@H]1[C@H](C(C)C)CC[C@]12C,3784
MOL_003787,72472-02-7,Trimethyloxathiane,CC1CCOSC1(C)C,3785
MOL_003788,7251-61-8,2-methyl quinoxaline,Cc1cnc2ccccc2n1,3786
MOL_003789,72724-82-4,Nonyl anthranilate,CCCCCCCCCOC(=O)c1ccccc1N,3787
MOL_003790,72779-06-7,Prenyl senecioate,CC(C)=CCOC(=O)C=C(C)C,3788
MOL_003791,72797-16-1,Ethoxyisopropylpyrazine,CCOc1nccnc1C(C)C,3789
MOL_003792,72797-17-2,Acetyldimethylpyrazine,CC(=O)[n+]1cc(C)nc(C)c1,3790
MOL_003793,72797-28-5,ethyl vanillin diethyl acetal,CCOc1ccc(C(OCC)OCC)cc1OC,3791
MOL_003794,72845-33-1,Linalool ethyl ether,C=CC(C)(CCC=C(C)C)OCC,3792
MOL_003795,72845-40-0,tiglyl tiglate,C/C=C(\C)COC(=O)/C(C)=C/C,3793
MOL_003796,72854-42-3,"Heptanal glyceryl acetal (mixed 1,2 and 1,3 acetals)",CCCCCCCOCC(=O)CO,3794
MOL_003797,72881-27-7,5(6)-decenoic acid,CCCCCCC/C=C/C(=O)O,3795
MOL_003798,7289-52-3,decyl methyl ether,CCCCCCCCCCOC,3796
MOL_003799,72894-07-6,decyl oxyacetaldehyde,CCCCCCCCCCOCC=O,3797
MOL_003800,72894-12-3,nonanal / methyl anthranilate schiff's base,CCCCCCCC/C=N/c1ccccc1C(=O)OC,3798
MOL_003801,72903-27-6,raspberry dicarboxylate,CCOC(=O)C1CCC(C(=O)OCC)CC1,3799
MOL_003802,72928-48-4,Decyl isovalerate,CCCCCCCCCCOC(=O)CC(C)C,3800
MOL_003803,72928-51-9,marine nitrile,CC1(C)CCCC2=C1CC(C#N)CC2,3801
MOL_003804,72928-52-0,Myrtenyl formate,CC1(C)C2CC=C(COC=O)C1C2,3802
MOL_003805,72934-05-5,Citronellyl octanoate,CCCCCCCC(=O)OCCC(C)CCC=C(C)C,3803
MOL_003806,72934-06-6,Citronellyl decanoate,CCCCCCCCCC(=O)OCCC(C)CCC=C(C)C,3804
MOL_003807,72934-07-7,Citronellyl dodecanoate,CCCCCCCCCCCC(=O)OCCC(C)CCC=C(C)C,3805
MOL_003808,72934-16-8,Tridecanal diethyl acetal,CCCCCCCCCCCCC(OCC)OCC,3806
MOL_003809,72987-62-3,Methylthioethylpyrazine,CCc1nccnc1SC,3807
MOL_003810,73-32-5,Isoleucine,CC[C@H](C)[C@H](N)C(=O)O,3808
MOL_003811,730-46-1,Hexadecalactone,CCCCCCCCCCCCC1CCC(=O)O1,3809
MOL_003812,73003-91-5,guaiyl butyrate,CCCC(=O)OC(C)(C)[C@@H]1CC[C@H](C)C2=C(C1)[C@@H](C)CC2,3810
MOL_003813,73019-14-4,Geranyl ethylbutyrate,CCC(CC)C(=O)OC/C=C(\C)CCC=C(C)C,3811
MOL_003814,73019-15-5,geranyl heptanoate,CCCCCCC(=O)OC/C=C(\C)CCC=C(C)C,3812
MOL_003815,7306-12-9,hawthorn acetate,C=C(CCOC(C)=O)c1ccccc1,3813
MOL_003816,73142-32-2,Acetaldehyde amyl methyl acetal,CCCCCOC(C)OC,3814
MOL_003817,7335-26-4,Ethyl methoxybenzoate,CCOC(=O)c1ccccc1OC,3815
MOL_003818,73398-84-2,"(R,S)-methyl cedryl ketone",CC(=O)[C@@]1(C)CCC23C[C@@H]1C(C)(C)[C@@H]2CC[C@H]3C,3816
MOL_003819,7341-17-5,Ethylhexanethiol,CCCCC(CC)CS,3817
MOL_003820,73545-15-0,isobutyl (E)-2-butenoate,C/C=C/C(=O)OCC(C)C,3818
MOL_003821,73545-16-1,"(E,E)-sorbyl isobutyrate",C/C=C/C=C/COC(=O)C(C)C,3819
MOL_003822,73545-18-3,Hexenal diethyl acetal,CC/C=C\CC(OCC)OCC,3820
MOL_003823,7361-80-0,methyl linolenate,CCC=CCC=CCC=CCCCCCCCC(=O)OC,3821
MOL_003824,7367-78-4,Butyl sorbate,C/C=C/C=C/C(=O)OCCCC,3822
MOL_003825,7367-81-9,Methyl octenoate,CCCCC/C=C/C(=O)OC,3823
MOL_003826,7367-82-0,Ethyl octenoate,CCCCC/C=C/C(=O)OCC,3824
MOL_003827,7367-83-1,Methyl decenoate,CCCCC/C=C\CCC(=O)OC,3825
MOL_003828,7367-84-2,Ethyl decenoate,CCCCC/C=C\CCC(=O)OCC,3826
MOL_003829,7367-85-3,methyl (E)-2-decenoate,CCCCCCC/C=C/C(=O)OC,3827
MOL_003830,7367-90-0,Ethyl hydroxyoctanoate,CCCCCC(O)CC(=O)OCC,3828
MOL_003831,7370-44-7,Hexadecalactone,CCCCCCCCCCCC1CCCC(=O)O1,3829
MOL_003832,7370-92-5,Tridecalactone,CCCCCCCCC1CCCC(=O)O1,3830
MOL_003833,73744-93-1,sesquiphellandrene,C=C1C=CC(C(C)CCC=C(C)C)CC1,3831
MOL_003834,73757-27-4,2-methyl-2-octenal,CCCCCC=C(C)C=O,3832
MOL_003835,7384-98-7,Propylene glycol dioctanoate,CCCCCCCC(=O)OCC(C)OC(=O)CCCCCCC,3833
MOL_003836,7392-19-0,Trimethylvinyltetrahydropyran,CC(C)=C(C)C1CCCCO1,3834
MOL_003837,74-89-5,Methylamine,CN,3835
MOL_003838,74-93-1,Methyl mercaptan,CS,3836
MOL_003839,7402-29-1,Phenylpropyl butyrate,CCCC(=O)OCCCc1ccccc1,3837
MOL_003840,7403-42-1,Methylphenylpentanone,CC(=O)CC(C)(C)c1ccccc1,3838
MOL_003841,74094-60-3,Valeraldehyde propylene glycol acetal,CCCCC1OCC(C)O1,3839
MOL_003842,74094-61-4,Octanal propylene glycol acetal,CCCCCCCC1OCC(C)O1,3840
MOL_003843,74094-62-5,Undecanal propylene glycol acetal,CCCCCCCCCCC1OCC(C)O1,3841
MOL_003844,74094-63-6,melon heptenal propylene glycol acetal,CC(C)=CCCC(C)C1OCC(C)O1,3842
MOL_003845,74094-64-7,Citronellal propylene glycol acetal,CC(C)=CCCC(C)CC1OCC(C)O1,3843
MOL_003846,7416-35-5,Dimethylmethylpropenyltetrahydrofuran,C/C=C(\C)C1CCC(C)(C)O1,3844
MOL_003847,74298-89-8,Pentenyl hexanoate,CC/C=C/COC(=O)CCCCC,3845
MOL_003848,74338-72-0,clary octenone,CC(C)=CCC(C)(C)C(=O)C(C)C,3846
MOL_003849,74356-31-3,Dimethylnonanol,CCCCCC(C)(O)CC(C)C,3847
MOL_003850,74367-97-8,Ethyl methyl p-tolylglycidate,CCOC(=O)C1OC1(C)c1ccc(C)cc1,3848
MOL_003851,744251-93-2,"3,7-dimethyl-2,6-octadien-1-yl cyclopropyl carboxamide",CC(C)=CCC/C(C)=C/CNC(=O)C1CC1,3849
MOL_003852,7452-79-1,Ethyl methylbutyrate,CCOC(=O)C(C)CC,3850
MOL_003853,74568-05-1,(S)-gamma-undecalactone,CCCCCCC[C@H]1CCC(=O)O1,3851
MOL_003854,74568-06-2,(R)-gamma-undecalactone,CCCCCCC[C@@H]1CCC(=O)O1,3852
MOL_003855,74585-00-5,Decenolide,C=CCCCC1CCCC(=O)O1,3853
MOL_003856,74586-09-7,Methylthio acetyloxypropionate,CSOC(=O)C(C)OC(C)=O,3854
MOL_003857,74595-94-1,Dihydrotrismethylpropyldithiazine,CCCN1SSC=C(C)C1(C)C,3855
MOL_003858,7460-74-4,Phenethyl valerate,CCCCC(=O)OCCc1ccccc1,3856
MOL_003859,74758-91-1,Methylthiomethyl hexanoate,CCCCCC(=O)OCSC,3857
MOL_003860,74758-93-3,Methylthiomethyl butyrate,CCCC(=O)OCSC,3858
MOL_003861,74808-78-9,Butylquinoline,CCCCc1ccc2ccccc2n1,3859
MOL_003862,7492-37-7,Benzylheptanone,CCCC(=O)C(CC)Cc1ccccc1,3860
MOL_003863,7492-39-9,Acetaldehyde benzyl methoxyethyl acetal,COC(C)OC(C)OCc1ccccc1,3861
MOL_003864,7492-41-3,Bornyl formate,CC1(C)C2CCC1(C)C(OC=O)C2,3862
MOL_003865,7492-44-6,Butylcinnamaldehyde,CCCC/C(C=O)=C\c1ccccc1,3863
MOL_003866,7492-45-7,Butyl decenoate,CCCCCCC/C=C/C(=O)OCCCC,3864
MOL_003867,7492-65-1,Cinnamyl phenylacetate,O=C(Cc1ccccc1)OC/C=C/c1ccccc1,3865
MOL_003868,7492-66-2,Citral diethyl acetal,CCOC(/C=C(\C)CCC=C(C)C)OCC,3866
MOL_003869,7492-67-3,Citronellyloxyacetaldehyde,CC(C)=CCCC(C)CCOCC=O,3867
MOL_003870,7492-69-5,Benzyl dimethylcrotonate,CC(C)=C(C)C(=O)OCc1ccccc1,3868
MOL_003871,7492-70-8,Butyl butyryllactate,CCCCOC(=O)C(C)OC(=O)CCC,3869
MOL_003872,7493-57-4,Acetaldehyde phenethyl propyl acetal,CCCOC(C)OCCc1ccccc1,3870
MOL_003873,7493-58-5,Methylpentanedione,CC(=O)C(=O)C(C)C,3871
MOL_003874,7493-59-6,Undecadione,CCCCCCCCC(=O)C(C)=O,3872
MOL_003875,7493-63-2,allyl anthranilate,C=CCOC(=O)c1ccccc1N,3873
MOL_003876,7493-65-4,Allyl cyclohexanebutyrate,C=CCOC(=O)CCCC1CCCCC1,3874
MOL_003877,7493-66-5,Allyl cyclohexanehexanoate,C=CCOC(=O)CCCCCC1CCCCC1,3875
MOL_003878,7493-68-7,Allyl cyclohexanevalerate,C=CCOC(=O)CCCCC1CCCCC1,3876
MOL_003879,7493-69-8,Allyl ethylbutyrate,C=CCOC(=O)C(CC)CC,3877
MOL_003880,7493-71-2,Allyl tiglate,C=CCOC(=O)/C(C)=C/C,3878
MOL_003881,7493-72-3,Allyl nonanoate,C=CCOC(=O)CCCCCCCC,3879
MOL_003882,7493-74-5,Allyl phenoxyacetate,C=CCOC(=O)COc1ccccc1,3880
MOL_003883,7493-75-6,Allyl sorbate,C=CCOC(=O)/C=C/C=C/C,3881
MOL_003884,7493-76-7,Allyl undecenoate,C=CCCCCCCCCC(=O)OCC=C,3882
MOL_003885,7493-78-9,Amylcinnamyl acetate,CCCCCC(/C=C/c1ccccc1)OC(C)=O,3883
MOL_003886,7493-79-0,Amylcinnamyl formate,CCCCC/C(=C/c1ccccc1)COC=O,3884
MOL_003887,7493-82-5,Amyl heptanoate,CCCCCCC(=O)OCCCCC,3885
MOL_003888,74962-98-4,(E)-2-tridecen-1-ol,CCCCCCCCCC/C=C/CO,3886
MOL_003889,75-04-7,Ethylamine,CCN,3887
MOL_003890,75-07-0,Acetaldehyde,CC=O,3888
MOL_003891,75-08-1,Ethanethiol,CCS,3889
MOL_003892,75-18-3,Methyl sulfide,CSC,3890
MOL_003893,75-31-0,Isopropylamine,CC(C)N,3891
MOL_003894,75-33-2,Isopropyl mercaptan,CC(C)S,3892
MOL_003895,75-50-3,Trimethylamine,CN(C)C,3893
MOL_003896,75-65-0,Methylpropanol,CC(C)(C)O,3894
MOL_003897,75-66-1,Methylpropanethiol,CC(C)(C)S,3895
MOL_003898,75-85-4,Methylbutanol,CCC(C)(C)O,3896
MOL_003899,75-98-9,Pivalic acid,CC(C)(C)C(=O)O,3897
MOL_003900,7500-42-7,Trimethylhydroxycyclohexanone,CC1(C)CCCC(C)(O)C1=O,3898
MOL_003901,75039-84-8,(E)-2-undecen-1-ol,CCCCCCCC/C=C/CO,3899
MOL_003902,75048-15-6,Acetaldehyde isobutyl isoamyl acetal,CC(C)CCOC(C)OCC(C)C,3900
MOL_003903,75147-23-8,buchu oxime,CC12CCCC(C)(CC1)C2=NO,3901
MOL_003904,75166-30-2,(S)-(+)-lilyall,C[C@H](C=O)Cc1ccc(C(C)(C)C)cc1,3902
MOL_003905,75166-31-3,(R)-(-)-lilyall,C[C@@H](C=O)Cc1ccc(C(C)(C)C)cc1,3903
MOL_003906,7529-06-8,Dimercaptothiapropane,CC(S)SS,3904
MOL_003907,7533-07-5,2-acetyl-4-methyl thiazole,CC(=O)c1nc(C)cs1,3905
MOL_003908,7540-51-4,Citronellol,CC(C)=CCC[C@H](C)CCO,3906
MOL_003909,7540-53-6,Citronellyl valerate,CCCCC(=O)OCCC(C)CCC=C(C)C,3907
MOL_003910,7541-49-3,"(Z,E)-phytol",CC(=CCO)CCCC(C)CCCC(C)CCCC(C)C,3908
MOL_003911,7549-33-9,Anisyl propionate,CCC(=O)OCc1ccc(OC)cc1,3909
MOL_003912,7549-37-3,Citral dimethyl acetal,COC(/C=C(\C)CCC=C(C)C)OC,3910
MOL_003913,7549-41-9,Bornyl valerate,CCCCC(=O)O[C@@H]1CC2CCC1(C)C2(C)C,3911
MOL_003914,75490-39-0,grapefruit nitrile,CC(CC(C)(C)C#N)c1ccccc1,3912
MOL_003915,7554-12-3,Diethyl malate,CCOC(=O)CC(O)C(=O)OCC,3913
MOL_003916,75587-05-2,Ethyl hydroxyoctanoate,CCCC(O)CCCC(=O)OCC,3914
MOL_003917,75587-06-3,Ethyl hydroxydecanoate,CCCCCCCCC(O)C(=O)OCC,3915
MOL_003918,75631-91-3,Prenyl thioisovalerate,CC(C)=CCOC(=S)CC(C)C,3916
MOL_003919,75640-26-5,(R)-tonka furanone,CC1=C2CCC(C)C=C2OC1=O,3917
MOL_003920,75677-94-0,Acetaldehyde butyl methyl acetal,CCCCOC(C)OC,3918
MOL_003921,75832-79-0,mercaptomethyl pentanone,CC(=O)C(S)C(C)C,3919
MOL_003922,75853-49-5,Methyltridecanal,CC(C)CCCCCCCCCCC=O,3920
MOL_003923,75853-50-8,Methyltetradecanal,CCC(C)CCCCCCCCCCC=O,3921
MOL_003924,75853-51-9,Methyltetradecanal,CCCCCCCCCCCCC(C)C=O,3922
MOL_003925,7598-60-9,guaiacyl propionate,CCC(=O)Oc1ccccc1OC,3923
MOL_003926,76-09-5,Dimethylbutanediol,CC(C)(O)C(C)(C)O,3924
MOL_003927,76-22-2,(±)-camphor,CC12CCC(CC1=O)C2(C)C,3925
MOL_003928,76-49-3,Bornyl acetate,CC(=O)OC1CC2CCC1(C)C2(C)C,3926
MOL_003929,76-50-6,Bornyl isovalerate,CC(C)CC(=O)OC1CC2CCC1(C)C2(C)C,3927
MOL_003930,762-29-8,Farnesyl acetone,CC(=O)CC/C=C(\C)CC/C=C(\C)CCC=C(C)C,3928
MOL_003931,76238-22-7,Nonenyl acetate,CC/C=C/CCCCCOC(C)=O,3929
MOL_003932,76261-02-4,Dodecenal,CCCCC/C=C/CCCCC=O,3930
MOL_003933,763-32-6,Methylbutenol,C=C(C)CCO,3931
MOL_003934,764-37-4,Pentenol,C/C=C/CCO,3932
MOL_003935,764-39-6,Pentenal,CC/C=C/C=O,3933
MOL_003936,764-40-9,Pentadienal,C=C/C=C\C=O,3934
MOL_003937,765-05-9,decyl vinyl ether,C=COCCCCCCCCCC,3935
MOL_003938,765-70-8,cyclotene,CC1CCC(=O)C1=O,3936
MOL_003939,765-87-7,"1,2-cyclohexane dione",O=C1CCCCC1=O,3937
MOL_003940,766-92-7,Benzyl methyl sulfide,CSCc1ccccc1,3938
MOL_003941,76649-14-4,Octenol,CCCC/C=C/C(C)O,3939
MOL_003942,76649-16-6,Ethyl decenoate,CCCCC/C=C/CCC(=O)OCC,3940
MOL_003943,76649-17-7,(Z)-3-hexen-1-yl 2-methyl-2-pentenoate,CC/C=C(/C)C(=O)OCC/C=C/CC,3941
MOL_003944,76649-22-4,Prenyl caproate,CCCCCC(=O)OCC=C(C)C,3942
MOL_003945,76649-23-5,Prenyl isobutyrate,CC(C)=CCOC(=O)C(C)C,3943
MOL_003946,76649-25-7,Nonadienol,CC/C=C/C/C=C/CCO,3944
MOL_003947,76649-26-8,Nonadienyl acetate,CC/C=C/C/C=C/CCOC(C)=O,3945
MOL_003948,76788-46-0,Dimethylethylthiazoline,CCC1N=C(C)C(C)S1,3946
MOL_003949,77-25-8,Diethyl diethylmalonate,CCOC(=O)C(CC)(CC)C(=O)OCC,3947
MOL_003950,77-42-9,Santalol,C=C1C2CCC(C2)C1(C)CC/C=C(/C)CO,3948
MOL_003951,77-53-2,Cedrol,C[C@@H]1CC[C@H]2C(C)(C)[C@H]3C[C@@]12CC[C@@]3(C)O,3949
MOL_003952,77-54-3,Cedryl acetate,CC(=O)OC1(C)CCC23CC1C(C)(C)[C@@H]2CC[C@H]3C,3950
MOL_003953,77-70-3,Ethyl hydroxymethylbutyrate,CCOC(=O)C(C)(O)CC,3951
MOL_003954,77-74-7,Methylpentanol,CCC(C)(O)CC,3952
MOL_003955,77-76-9,Dimethoxypropane,COC(C)(C)OC,3953
MOL_003956,77-83-8,Ethyl methylphenylglycidate,CCOC(=O)C1OC1(C)c1ccccc1,3954
MOL_003957,77-90-7,Tributyl acetylcitrate,CCCCOC(=O)CC(CC(=O)OCCCC)(OC(C)=O)C(=O)OCCCC,3955
MOL_003958,77-92-9,Citric acid,O=C(O)CC(O)(CC(=O)O)C(=O)O,3956
MOL_003959,77-93-0,Triethyl citrate,CCOC(=O)CC(O)(CC(=O)OCC)C(=O)OCC,3957
MOL_003960,77-94-1,Tributyl citrate,CCCCOC(=O)CC(O)(CC(=O)OCCCC)C(=O)OCCCC,3958
MOL_003961,770-27-4,Furfurylidenebutyraldehyde,CC/C(C=O)=C\c1ccco1,3959
MOL_003962,77105-53-4,Butyl methylthioacrylate,C=C(C)C(=S)OCCCC,3960
MOL_003963,77118-93-5,methyl R-3-acetoxyhexanoate,CCCC(CC(=O)OC)OC(C)=O,3961
MOL_003964,77134-01-1,(Z)-cinnamyl acetate,CC(=O)OC/C=C\c1ccccc1,3962
MOL_003965,77171-55-2,(-)-spathulenol,C=C1CCC2C([C@H]3[C@@H]1CC[C@@]3(C)O)C2(C)C,3963
MOL_003966,77189-02-7,triflaige A (ZEON),OC1C(C2CCCC2)CCC1C1CCCC1,3964
MOL_003967,77249-20-8,Acetaldehyde butyl methylbutyl acetal,CCCCOC(C)OC(C)CCC,3965
MOL_003968,77311-02-5,Dimethyloxazoline,CC1=NC(C)OC1,3966
MOL_003969,77311-06-9,5-butyl oxazole,CCCCc1cnco1,3967
MOL_003970,77311-07-0,2-acetyl oxazole,CC(=O)c1ncco1,3968
MOL_003971,77341-67-4,Menthyl succinate,CC1CCC(C(C)C)C(OC(=O)CCC(=O)O)C1,3969
MOL_003972,774-48-1,Benzaldehyde diethyl acetal,CCOC(OCC)c1ccccc1,3970
MOL_003973,774-55-0,acetyl tetralin,CC(=O)c1ccc2c(c1)CCCC2,3971
MOL_003974,774-64-1,Bovolide,CCCC/C=C1/OC(=O)C(C)=C1C,3972
MOL_003975,7756-96-9,Butyl anthranilate,CCCCOC(=O)c1ccccc1N,3973
MOL_003976,7764-50-3,Dihydrocarvone,C=C(C)C1CCC(C)C(=O)C1,3974
MOL_003977,7774-44-9,Cyclohexyl isovalerate,CC(C)CC(=O)OC1CCCCC1,3975
MOL_003978,7774-47-2,Dibutyl Butyrolactone,CCCCC1(CCCC)CCC(=O)O1,3976
MOL_003979,7774-60-9,Dimethylbenzyl isobutyrate,CC(C)C(=O)OC(C)(C)c1ccccc1,3977
MOL_003980,7774-65-4,terpinyl isobutyrate,CC1=CCC(C(C)(C)OC(=O)C(C)C)CC1,3978
MOL_003981,7774-73-4,Mercaptothiophene,Sc1ccsc1,3979
MOL_003982,7774-74-5,Thienylmercaptan,Sc1cccs1,3980
MOL_003983,7774-79-0,Tolylbutanone,CC(=O)CCc1ccc(C)cc1,3981
MOL_003984,7774-82-5,Tridecenal,CCCCCCCCCC/C=C/C=O,3982
MOL_003985,7774-96-1,Isoeugenyl formate,C/C=C/c1ccc(OC=O)c(OC)c1,3983
MOL_003986,7775-00-0,Isopropylphenylpropionaldehyde,CC(C)c1ccc(CCC=O)cc1,3984
MOL_003987,7775-38-4,Styrallyl formate,CC(OC=O)c1ccccc1,3985
MOL_003988,7775-39-5,styralyl isobutyrate,CC(C)C(=O)OC(C)c1ccccc1,3986
MOL_003989,7778-83-8,Propyl cinnamate,CCCOC(=O)/C=C/c1ccccc1,3987
MOL_003990,7778-87-2,Propyl heptanoate,CCCCCCC(=O)OCCC,3988
MOL_003991,7778-96-3,Rhodinyl isovalerate,C=C(C)CCCC(C)CCOC(=O)CC(C)C,3989
MOL_003992,7779-07-9,Dimethyloctanal,CCC(C)CCCC(C)C=O,3990
MOL_003993,7779-16-0,Cyclohexyl anthranilate,Nc1ccccc1C(=O)OC1CCCCC1,3991
MOL_003994,7779-17-1,Cyclohexyl cinnamate,O=C(/C=C/c1ccccc1)OC1CCCCC1,3992
MOL_003995,7779-23-9,Linalyl hexanoate,C=CC(C)(CCC=C(C)C)OC(=O)CCCCC,3993
MOL_003996,7779-30-8,alpha-methyl ionone,CCC(=O)C=CC1C(C)=CCCC1(C)C,3994
MOL_003997,7779-41-1,Decanal dimethyl acetal,CCCCCCCCCC(OC)OC,3995
MOL_003998,7779-50-2,Ambrettolide,O=C1CCCCC=CCCCCCCCCCO1,3996
MOL_003999,7779-54-6,Nonanonyl acetate,CCCCCCCC(=O)COC(C)=O,3997
MOL_004000,7779-65-9,Isoamyl cinnamate,CC(C)CCOC(=O)/C=C/c1ccccc1,3998
MOL_004001,7779-66-0,Isoamyl furanbutyrate,CC(C)CCOC(=O)CCCc1ccco1,3999
MOL_004002,7779-67-1,Isoamyl furanpropionate,CC(C)CCOC(=O)CCc1ccco1,4000
MOL_004003,7779-70-6,Isoamyl nonanoate,CCCCCCCCC(=O)OCCC(C)C,4001
MOL_004004,7779-72-8,Isoamyl pyruvate,CC(=O)C(=O)OCCC(C)C,4002
MOL_004005,7779-73-9,isobornyl isovalerate,CC(C)CC(=O)OC1CC2CCC1(C)C2(C)C,4003
MOL_004006,7779-75-1,Isobutyl acetoacetate,CC(=O)CC(=O)OCC(C)C,4004
MOL_004007,7779-77-3,Isobutyl anthranilate,CC(C)COC(=O)c1ccccc1N,4005
MOL_004008,7779-78-4,Isobutylphenethyl alcohol,CC(C)CC(O)Cc1ccccc1,4006
MOL_004009,7779-80-8,Isobutyl heptanoate,CCCCCCC(=O)OCC(C)C,4007
MOL_004010,7779-81-9,Isobutyl angelate,C/C=C(/C)C(=O)OCC(C)C,4008
MOL_004011,7779-94-4,Hydroxycitronellal diethyl acetal,CCOC(CC(C)CCCC(C)(C)O)OCC,4009
MOL_004012,7780-06-5,Isopropyl cinnamate,CC(C)OC(=O)/C=C/c1ccccc1,4010
MOL_004013,7784-67-0,Isoeugenyl ethyl ether,C/C=C/c1ccc(OCC)c(OC)c1,4011
MOL_004014,7784-98-7,delta-methyl ionone,CCC(=O)/C=C/C1C(C)C=CCC1(C)C,4012
MOL_004015,7785-26-4,L-(-)-alpha-pinene,CC1=CC[C@H]2C[C@@H]1C2(C)C,4013
MOL_004016,7785-33-3,Geranyl tiglate,C/C=C(\C)C(=O)OC/C=C(\C)CCC=C(C)C,4014
MOL_004017,7785-53-7,(+)-alpha-terpineol,CC1=CC[C@H](C(C)(C)O)CC1,4015
MOL_004018,7785-63-9,Amyl angelate,C/C=C(/C)C(=O)OCCCCC,4016
MOL_004019,7785-64-0,Butyl angelate,C/C=C(/C)C(=O)OCCCC,4017
MOL_004020,7785-65-1,Amyl tiglate,C/C=C(\C)C(=O)OCCCCC,4018
MOL_004021,7785-66-2,butyl tiglate,C/C=C(\C)C(=O)OCCCC,4019
MOL_004022,7785-70-8,D-(+)-alpha-pinene,CC1=CC[C@@H]2C[C@H]1C2(C)C,4020
MOL_004023,7786-29-0,Methyloctanal,CCCCCCC(C)C=O,4021
MOL_004024,7786-44-9,Nonadienol,CCC=CCCC=CCO,4022
MOL_004025,7786-47-2,Nonyl isovalerate,CCCCCCCCCOC(=O)CC(C)C,4023
MOL_004026,7786-48-3,Nonyl octanoate,CCCCCCCCCOC(=O)CCCCCCC,4024
MOL_004027,7786-58-5,Octyl isovalerate,CCCCCCCCOC(=O)CC(C)C,4025
MOL_004028,7786-61-0,Methoxyvinylphenol,C=Cc1ccc(O)c(OC)c1,4026
MOL_004029,7786-67-6,isopulegol,C=C(C)C1CCC(C)CC1O,4027
MOL_004030,7787-20-4,Fenchone,CC1(C)C(=O)[C@]2(C)CC[C@H]1C2,4028
MOL_004031,7789-92-6,Ethoxypropanal diethyl acetal,CCOCCC(OCC)OCC,4029
MOL_004032,77923-74-1,patchwood,CC1(C)CCCC2C(=O)C3CCC21C3,4030
MOL_004033,77974-85-7,Methylthiomethyl methylpropanethioate,CSCOC(=S)C(C)C,4031
MOL_004034,78-35-3,Linalyl isobutyrate,C=CC(C)(CCC=C(C)C)OC(=O)C(C)C,4032
MOL_004035,78-36-4,Linalyl butyrate,C=CC(C)(CCC=C(C)C)OC(=O)CCC,4033
MOL_004036,78-37-5,Linalyl cinnamate,C=CC(C)(CCC=C(C)C)OC(=O)/C=C/c1ccccc1,4034
MOL_004037,78-59-1,Isophorone,CC1=CC(=O)CC(C)(C)C1,4035
MOL_004038,78-69-3,Tetrahydrolinalool,CCC(C)(O)CCCC(C)C,4036
MOL_004039,78-70-6,Linalool,C=CC(C)(O)CCC=C(C)C,4037
MOL_004040,78-79-5,Isoprene,C=CC(=C)C,4038
MOL_004041,78-81-9,Isobutylamine,CC(C)CN,4039
MOL_004042,78-83-1,Isobutyl alcohol,CC(C)CO,4040
MOL_004043,78-84-2,Isobutyraldehyde,CC(C)C=O,4041
MOL_004044,78-85-3,methacrolein,C=C(C)C=O,4042
MOL_004045,78-92-2,Butanol,CCC(C)O,4043
MOL_004046,78-93-3,Butanone,CCC(C)=O,4044
MOL_004047,78-94-4,Butenone,C=CC(C)=O,4045
MOL_004048,78-96-6,1-amino-2-propanol,CC(O)CN,4046
MOL_004049,78-98-8,Pyruvaldehyde,CC(=O)C=O,4047
MOL_004050,78417-28-4,Ethyl decatrienoate,CC/C=C/C/C=C/C=C/C(=O)OCC,4048
MOL_004051,78649-62-4,jasmin nonane,CCCCC1COC2(CCCC2)O1,4049
MOL_004052,78693-34-2,Octenal,CCCC/C=C\CC=O,4050
MOL_004053,78761-38-3,(E)-cinnamyl propionate,CCC(=O)OC/C=C/c1ccccc1,4051
MOL_004054,78761-39-4,(E)-cinnamyl butyrate,CCCC(=O)OC/C=C/c1ccccc1,4052
MOL_004055,78818-78-7,Methyl methylfurfuryl disulfide,CSSC(C)c1ccco1,4053
MOL_004056,78989-37-4,Ethyl octenoate,CCC/C=C/CCC(=O)OCC,4054
MOL_004057,79-09-4,Propionic acid,CCC(=O)O,4055
MOL_004058,79-14-1,Glycolic acid,O=C(O)CO,4056
MOL_004059,79-20-9,Methyl acetate,COC(C)=O,4057
MOL_004060,79-31-2,Isobutyric acid,CC(C)C(=O)O,4058
MOL_004061,79-41-4,Methylpropenoic acid,C=C(C)C(=O)O,4059
MOL_004062,79-42-5,Mercaptopropionic acid,CC(S)C(=O)O,4060
MOL_004063,79-69-6,Irone,CC(=O)/C=C/[C@H]1C(C)=CC[C@@H](C)C1(C)C,4061
MOL_004064,79-70-9,Irone,CC(=O)/C=C/C1=C(C)CCC(C)C1(C)C,4062
MOL_004065,79-76-5,Ionone,C=C1CCCC(C)(C)C1/C=C/C(C)=O,4063
MOL_004066,79-77-6,(E)-beta-ionone,CC(=O)/C=C/C1=CCC[C@@H](C)C1(C)C,4064
MOL_004067,79-78-7,Allyl ionone,C=CCCC(=O)/C=C/C1C(C)=CCCC1(C)C,4065
MOL_004068,79-89-0,Isomethyl-beta-ionone,CC(=O)/C(C)=C\C1=C(C)CCCC1(C)C,4066
MOL_004069,79-92-5,Camphene,C=C1C2CCC(C2)C1(C)C,4067
MOL_004070,796857-79-9,Hexyl mercaptobutanoate,CCCCCCOC(=O)C(S)CC,4068
MOL_004071,79893-63-3,etaspirene,CCC1=CCCC(C)(C)C12C=CC(C)O2,4069
MOL_004072,79915-74-5,2-isopropoxyethyl salicylate,CC(C)OCCOC(=O)c1ccccc1O,4070
MOL_004073,79930-37-3,Methoxydecene,CCCCCCCCC=COC,4071
MOL_004074,80-25-1,dihydro-alpha-terpinyl acetate,CC(=O)OC(C)(C)C1CCC(C)CC1,4072
MOL_004075,80-26-2,Terpinyl acetate,CC(=O)OC(C)(C)C1CC=C(C)CC1,4073
MOL_004076,80-27-3,Terpinyl propionate,CCC(=O)OC(C)(C)C1CC=C(C)CC1,4074
MOL_004077,80-53-5,Terpin hydrate,CC1(O)CCC(C(C)(C)O)CC1,4075
MOL_004078,80-54-6,Lilial®,CC(C=O)Cc1ccc(C(C)(C)C)cc1,4076
MOL_004079,80-56-8,Pinene,CC1=CCC2CC1C2(C)C,4077
MOL_004080,80-57-9,Verbenone: Pin-2-en-4-one,CC1=CC(=O)[C@@H]2C[C@H]1C2(C)C,4078
MOL_004081,80-59-1,Tiglic acid,C/C=C(\C)C(=O)O,4079
MOL_004082,80-62-6,Methyl methacrylate,C=C(C)C(=O)OC,4080
MOL_004083,80-71-7,cyclotene hydrate,CC1=C(O)C(=O)CC1,4081
MOL_004084,80118-06-5,chamomile isobutyrate,C=C(C)CC(C)OC(=O)C(C)C,4082
MOL_004085,8013-90-9,ionone mixed isomers,CC(=O)C=CC1=C(C)CCCC1(C)C,4083
MOL_004086,80183-38-6,(S)-(-)-menthofuran,Cc1coc2c1CC[C@H](C)C2,4084
MOL_004087,80417-97-6,Dehydromenthofurolactone,CC1=C2CCC(C)C=C2OC1=O,4085
MOL_004088,80466-34-8,"2,4-hexadienal",CC=CC=CC=O,4086
MOL_004089,80480-24-6,privet dioxane,CCCC(C)C1OCC(C)(CCC)CO1,4087
MOL_004090,80550-09-0,Hydroxypropyl phenylacetate,CC(O)COC(=O)Cc1ccccc1,4088
MOL_004091,80638-48-8,Dihydroconiferaldehyde,COc1cc(CCC=O)ccc1O,4089
MOL_004092,80748-58-9,indisan (IFF),CC1C2CCC(C3(O)CCCCC3)(C2)C1(C)C,4090
MOL_004093,80858-47-5,hyacinth ether,c1ccc(CCOC2CCCCC2)cc1,4091
MOL_004094,80866-83-7,Phenylpropyl butyrate,CCCC(=O)OC[C@@H](C)c1ccccc1,4092
MOL_004095,81-14-1,musk ketone,CC(=O)c1c(C)c([N+](=O)[O-])c(C(C)(C)C)c([N+](=O)[O-])c1C,4093
MOL_004096,81-15-2,musk xylol,Cc1c([N+](=O)[O-])c(C)c([N+](=O)[O-])c(C(C)(C)C)c1[N+](=O)[O-],4094
MOL_004097,814-67-5,Propanedithiol,CC(S)CS,4095
MOL_004098,814-78-8,Methylbutenone,C=C(C)C(C)=O,4096
MOL_004099,815-57-6,Methylpentanedione,CC(=O)C(C)C(C)=O,4097
MOL_004100,815580-59-7,"3-cyclohexene-1-carboxylic acid, 2,6,6-trimethyl-, methyl ester",COC(=O)C1C(C)C=CCC1(C)C,4098
MOL_004101,816-11-5,Methyl ethylbutyrate,CCC(CC)C(=O)OC,4099
MOL_004102,816-19-3,Methyl ethylhexanoate,CCCCC(CC)C(=O)OC,4100
MOL_004103,816-73-9,Methylallyl isobutyrate,C=C(C)COC(=O)C(C)C,4101
MOL_004104,817-88-9,Dimethylnonadienone,CC(=O)/C=C(\C)CCC=C(C)C,4102
MOL_004105,81752-87-6,damascone carboxylate,C=C1CCCC(C)(C)C1C(=O)OC,4103
MOL_004106,81782-77-6,violet decenol,CC/C=C(\C)C(O)CCCCC,4104
MOL_004107,81783-01-9,cassis oxime 10%,C=C/C(C)=C/CC(C)(C)/C(=N/O)C(C)C,4105
MOL_004108,81786-73-4,(Z)-woody amylene,CC(=O)/C(C)=C(/C)C(C)C(C)(C)C,4106
MOL_004109,81787-06-6,tetramethyl-4-methylene-2-heptanol,C=C(C(C)C(C)O)C(C)C(C)(C)C,4107
MOL_004110,818-04-2,Di-isoamyl succinate,CC(C)CCOC(=O)CCC(=O)OCCC(C)C,4108
MOL_004111,818-38-2,Diethyl pentanedioate,CCOC(=O)CCCC(=O)OCC,4109
MOL_004112,818-57-5,Methyl pentenoate,CCC=CC(=O)OC,4110
MOL_004113,818-81-5,Methyloctanol,CCCCCCC(C)CO,4111
MOL_004114,819-97-6,Butyl butanoate,CCCC(=O)OC(C)CC,4112
MOL_004115,81925-81-7,Methylheptenone,C/C=C/C(=O)C(C)CC,4113
MOL_004116,81974-61-0,Isoamyl palmitate,CCCCCCCCCCCCCCCC(=O)OCCC(C)C,4114
MOL_004117,820-00-8,Butyl hexanoate,CCCCCC(=O)OC(C)CC,4115
MOL_004118,821-09-0,Pentenol,C=CCCCO,4116
MOL_004119,821-41-0,Hexenol,C=CCCCCO,4117
MOL_004120,821-55-6,Nonanone,CCCCCCCC(C)=O,4118
MOL_004121,82185-41-9,Benzyl anthranilate,Nc1ccccc1C(=O)OCc1ccccc1,4119
MOL_004122,822-23-1,Octadecyl acetate,CCCCCCCCCCCCCCCCCCOC(C)=O,4120
MOL_004123,823-22-3,Hexalactone,CC1CCCC(=O)O1,4121
MOL_004124,82461-14-1,Rhubafuran®,CC1CC(C)(c2ccccc2)CO1,4122
MOL_004125,82561-67-9,Ethyl decenoate,CCCCCCC=CCC(=O)OCC,4123
MOL_004126,82654-98-6,Vanillyl butyl ether,CCCCOCc1ccc(O)c(OC)c1,4124
MOL_004127,82784-84-7,green heptenal,C/C(=C\CC(C)C=O)C(C)C,4125
MOL_004128,828-26-2,Trithioacetone,CC1(C)SC(C)(C)SC(C)(C)S1,4126
MOL_004129,828300-39-6,(R)-mercapto-3-methyl hexan-1-ol,CCC[C@@](C)(S)CCO,4127
MOL_004130,83-34-1,Skatole,Cc1c[nH]c2ccccc12,4128
MOL_004131,83-66-9,Musk ambrette,COc1c(C(C)(C)C)cc([N+](=O)[O-])c(C)c1[N+](=O)[O-],4129
MOL_004132,83-67-0,Theobromine,Cn1cnc2c1c(=O)[nH]c(=O)n2C,4130
MOL_004133,83150-77-0,(S)-grapefruit mercaptan,CC1=CC[C@@H](C(C)(C)S)CC1,4131
MOL_004134,83334-93-4,Nonadienyl acetate,CC/C=C\C/C=C\CCOC(C)=O,4132
MOL_004135,83418-53-5,Ethylmethylmethylpropylthiazoline,CCCS1=C(C)N(C)C(CC)C1,4133
MOL_004136,83418-54-6,Ethylmethylbutylthiazoline,CCCCS1=C(C)N(CC)CC1,4134
MOL_004137,83469-85-6,Decylfuran,CCCCCCCCCCc1ccco1,4135
MOL_004138,83783-86-2,prenyl tiglate,C/C=C(\C)C(=O)OCC=C(C)C,4136
MOL_004139,83861-74-9,Octadienol,CCCCC=CC=CO,4137
MOL_004140,83926-73-2,coranol (Firmenich),CC(C)(O)CCC1CCCCC1,4138
MOL_004141,84012-64-6,musk cyclopentenyl propionate,C=C(C)C1CCC(C)=C1CC(C)(C)COC(=O)CC,4139
MOL_004142,84029-93-6,acetal 318,C=CC(C)(CCCC(C)C)OC(C)OCC,4140
MOL_004143,84060-80-0,(Z)-3-hexen-1-yl angelate,C/C=C(/C)C(=O)OCC/C=C\CC,4141
MOL_004144,84110-41-8,3-methyl-4-penten-1-yl angelate,C=CC(C)CCOC(=O)/C(C)=C\C,4142
MOL_004145,84168-28-5,Decenoic acid,CCCCCCCC=CC(=O)O,4143
MOL_004146,84254-81-9,Isoprenyl methylbutyrate,C=C(C)CCOC(=O)C(C)CC,4144
MOL_004147,84434-18-4,gardenia amide,CCC(C)C(=O)N(C)c1ccccc1,4145
MOL_004148,84434-20-8,Hexenyl acetoacetate,CC/C=C/CCOC(=O)CC(C)=O,4146
MOL_004149,84434-65-1,Octyl formate,CCCCCC(CC)OC=O,4147
MOL_004150,84559-98-8,Methionyl isovalerate,CSCCCOC(=O)CC(C)C,4148
MOL_004151,84560-00-9,2-pentyl cyclopentan-1-ol,CCCCCC1CCCC1O,4149
MOL_004152,84642-56-8,2-((3-isopropenyl-1-methyl-2-methylene cyclopentyl)carbonyl) cyclopentan-1-one,C=C(C)C1CCC(C)(C(=O)C2CCCC2=O)C1=C,4150
MOL_004153,84642-57-9,trimethyl cyclohexyl acetyl cyclopentanone,CC1CC(CC(=O)C2CCCC2=O)CC(C)(C)C1,4151
MOL_004154,84642-60-4,Octenyl butanoate,CCCCC/C=C/COC(=O)CCC,4152
MOL_004155,84642-61-5,acetoin butyrate,CCCC(=O)OC(C)C(C)=O,4153
MOL_004156,84681-92-5,Huminol,CCC1(O)C2(C)CCCC1(C)CC2,4154
MOL_004157,847144-75-6,"(E,E)-pomarose",C/C=C/C(=O)/C(C)=C(\C)C(C)C,4155
MOL_004158,847565-09-7,N-(2-(pyridin-2-yl)ethyl)-3-para-menthane carboxamide,CC1CCC(C(C)C)C(C(=O)NCCc2ccccn2)C1,4156
MOL_004159,84788-08-9,Propyl decadienoate,CCCCC/C=C/C=C/C(=O)OCCC,4157
MOL_004160,85-91-6,Methyl methylanthranilate,CNc1ccccc1C(=O)OC,4158
MOL_004161,850309-45-4,Isohexyl isovalerate,CC(C)CCCOC(=O)CC(C)C,4159
MOL_004162,85136-10-3,lavinol,C=CC(C)(CC=C(C)C)C(C)O,4160
MOL_004163,851768-51-9,Mercaptomethylhexanone,CCC(=O)CC(C)(C)S,4161
MOL_004164,851768-52-0,Mercaptomethylhexanone,CCC(C)(S)CC(C)=O,4162
MOL_004165,85248-56-2,"(S)-8,9-dehydrotheaspirone",CC1=CC[C@@]2(O1)C(C)=CC(=O)CC2(C)C,4163
MOL_004166,85262-96-0,Piperonyl formate,O=COCc1ccc2c(c1)OCO2,4164
MOL_004167,852997-30-9,Methionyl thioglycolate,CSCC[C@H](N)C(=O)OC(=O)CS,4165
MOL_004168,85351-07-1,orange nitrile,CCCCCCCCCC(C)CC#N,4166
MOL_004169,85392-04-7,6-decenoic acid,CCCC=CCCCCC(=O)O,4167
MOL_004170,85407-25-6,Methylmethylthiomethylhexenal,CSC/C(C=O)=C/CC(C)C,4168
MOL_004171,85508-08-3,hexyl 2-methyl-3-pentenoate,C/C=C/C(C)C(=O)OCCCCCC,4169
MOL_004172,85554-66-1,Ethyl acetoxyoctanoate,CCCCCC(CC(=O)OCC)OC(C)=O,4170
MOL_004173,85554-70-7,Hexenyl levulinate,CC/C=C/CCOC(=O)CCC(C)=O,4171
MOL_004174,85554-71-8,Hexenyl lactate,CCC/C=C/COC(=O)C(C)O,4172
MOL_004175,85554-72-9,Hexenyl octanoate,CCC/C=C/COC(=O)CCCCCCC,4173
MOL_004176,85586-67-0,Isobornyl isobutyrate,CC(C)C(=O)O[C@@H]1C[C@H]2CC[C@]1(C)C2(C)C,4174
MOL_004177,85761-70-2,(E)-2-hexenal,CCC/C=C/C=O,4175
MOL_004178,86-26-0,ortho-phenyl anisole,COc1ccccc1-c1ccccc1,4176
MOL_004179,86-51-1,Dimethoxybenzaldehyde,COc1cccc(C=O)c1OC,4177
MOL_004180,86290-21-3,Methylpentylthiazole,CCCCCc1nc(C)cs1,4178
MOL_004181,868-57-5,Methyl methylbutyrate,CCC(C)C(=O)OC,4179
MOL_004182,87-05-8,Ethoxymethylcoumarin,CCOc1ccc2c(C)cc(=O)oc2c1,4180
MOL_004183,87-19-4,Isobutyl salicylate,CC(C)COC(=O)c1ccccc1O,4181
MOL_004184,87-20-7,Isoamyl salicylate,CC(C)CCOC(=O)c1ccccc1O,4182
MOL_004185,87-22-9,Phenethyl salicylate,O=C(OCCc1ccccc1)c1ccccc1O,4183
MOL_004186,87-25-2,Ethyl anthranilate,CCOC(=O)c1ccccc1N,4184
MOL_004187,87-29-6,Cinnamyl anthranilate,Nc1ccccc1C(=O)OC/C=C/c1ccccc1,4185
MOL_004188,87-41-2,Phthalide,O=C1OCc2ccccc21,4186
MOL_004189,87-44-5,Caryophyllene,C=C1CC/C=C(\C)CC[C@@H]2[C@@H]1CC2(C)C,4187
MOL_004190,87-55-8,Cyclotene propionate,CCC(=O)OC1=C(C)CCC1=O,4188
MOL_004191,87-91-2,Diethyl tartrate,CCOC(=O)C(O)C(O)C(=O)OCC,4189
MOL_004192,870-23-5,Allyl mercaptan,C=CCS,4190
MOL_004193,87061-04-9,menthoxypropane diol,CC1CCC(C(C)C)C(OCC(O)CO)C1,4191
MOL_004194,871-22-7,Acetaldehyde dibutyl acetal,CCCCOC(C)OCCCC,4192
MOL_004195,87118-95-4,amber carbinol,CC(O)C(C)C(C)C(C)C(C)(C)C,4193
MOL_004196,871465-49-5,cassyrane,CCCC1(C(C)(C)C)C=CC(C)O1,4194
MOL_004197,87148-08-1,Methyl propyl tetrasulfide,CCCSSSSC,4195
MOL_004198,872-10-6,Dipentyl sulfide,CCCCCSCCCCC,4196
MOL_004199,872-55-9,Ethylthiophene,CCc1cccs1,4197
MOL_004200,873-64-3,Dimethylethylthiazole,CCc1nc(C)c(C)s1,4198
MOL_004201,873-94-9,Trimethylcyclohexanone,CC1CC(=O)CC(C)(C)C1,4199
MOL_004202,873888-84-7,(Z)-4-hepten-2-yl salicylate,CCC=CCC(C)OC(=O)c1ccccc1O,4200
MOL_004203,874-66-8,Methylfurylacrolein,C/C(C=O)=C/c1ccco1,4201
MOL_004204,874-90-8,para-anisyl nitrile,COc1ccc(C#N)cc1,4202
MOL_004205,87641-23-4,tobacco nonene,CC(=O)C[C@@H]1CC[C@@H]2[C@@H](C1)[C@H](C)CC2(C)C,4203
MOL_004206,87641-24-5,rhubarb undecane,CC1OCC2(CO1)CC1CCC2C1,4204
MOL_004207,877-60-1,Dimethylcyclopropylmethylpentenal,CC(=C(C=O)CC1CC1)C(C)C,4205
MOL_004208,87731-18-8,violet methyl carbonate,COC(=O)OC1CC/C=C\CCC1,4206
MOL_004209,88-09-5,Ethylbutyric acid,CCC(CC)C(=O)O,4207
MOL_004210,88-14-2,Furoic acid,O=C(O)c1ccco1,4208
MOL_004211,88-15-3,2-acetyl thiophene,CC(=O)c1cccs1,4209
MOL_004212,88-29-9,versalide,CCc1cc2c(cc1C(C)=O)C(C)(C)CCC2(C)C,4210
MOL_004213,88-41-5,Verdox HC (IFF),CC(=O)OC1CCCCC1C(C)(C)C,4211
MOL_004214,88-60-8,Methyl-tert-butylphenol,Cc1ccc(C(C)(C)C)c(O)c1,4212
MOL_004215,88-69-7,Isopropylphenol,CC(C)c1ccccc1O,4213
MOL_004216,88-84-6,Guaiene,CC(C)=C1CCC(C)C2=C(C1)C(C)CC2,4214
MOL_004217,88-99-3,Phthalic acid,O=C(O)c1ccccc1C(=O)O,4215
MOL_004218,880-36-4,Octylthiophene,CCCCCCCCc1cccs1,4216
MOL_004219,881-68-5,Vanillin acetate,COc1cc(C=O)ccc1OC(C)=O,4217
MOL_004220,882-33-7,Phenyl disulfide,c1ccc(SSc2ccccc2)cc1,4218
MOL_004221,88497-17-0,Propanedithiol,CCC(S)S,4219
MOL_004222,88642-03-9,musk dec-7(8)-enone,O=C1C=CCCCCCCCCCCCCC1,4220
MOL_004223,88644-30-8,moss naphthaleneol,CC1(C)CCCC2(O)C(C)(C)C3CCC12C3,4221
MOL_004224,888021-82-7,Ethyl mercaptomethylbutanoate,CCOC(=O)C(CC)CS,4222
MOL_004225,89-43-0,Hydroxycitronellal methyl anthranilate,COC(=O)c1ccccc1N=CCC(C)CCCC(C)(C)O,4223
MOL_004226,89-46-3,Menthyl salicylate,CC1CCC(C(C)C)C(OC(=O)c2ccccc2O)C1,4224
MOL_004227,89-47-4,Menthyl valerate,CCCCC(=O)OC1CC(C)CCC1C(C)C,4225
MOL_004228,89-48-5,menthyl acetate,CC(=O)O[C@@H]1C[C@H](C)CC[C@H]1C(C)C,4226
MOL_004229,89-65-6,Erythorbic acid,O=C1O[C@H]([C@H](O)CO)C(O)=C1O,4227
MOL_004230,89-71-4,methyl 2-methyl benzoate,COC(=O)c1ccccc1C,4228
MOL_004231,89-74-7,Dimethylacetophenone,CC(=O)c1ccc(C)cc1C,4229
MOL_004232,89-78-1,"dextro,laevo-menthol",CC1CCC(C(C)C)C(O)C1,4230
MOL_004233,89-79-2,Isopulegol,C=C(C)C1CCC(C)CC1O,4231
MOL_004234,89-80-5,(±)-menthone,CC1CCC(C(C)C)C(=O)C1,4232
MOL_004235,89-81-6,Piperitone,CC1=CC(=O)C(C(C)C)CC1,4233
MOL_004236,89-82-7,Pulegone,CC(C)=C1CC[C@@H](C)CC1=O,4234
MOL_004237,89-83-8,Thymol,Cc1ccc(C(C)C)c(O)c1,4235
MOL_004238,89-86-1,Dihydroxybenzoic acid,O=C(O)c1ccc(O)cc1O,4236
MOL_004239,89-88-3,Vetiverol,CC1=CC(O)CC(C)C2CC(=C(C)C)CC12,4237
MOL_004240,89079-92-5,neocaspirene,CC1=CC2(C=CC(C)O2)C(C(C)C)CC1,4238
MOL_004241,89422-42-4,Methyl acetoxybutyrate,CCC(OC(C)=O)C(=O)OC,4239
MOL_004242,89534-38-3,Mercaptobutyl acetate,CC(=O)OCCCCS,4240
MOL_004243,89534-74-7,Methylmethylthiobutene,CCC=C(C)SC,4241
MOL_004244,896447-13-5,Hexanal hexyl isoamyl acetal,CCCCCCOC(CCCCC)OCCC(C)C,4242
MOL_004245,89712-89-0,Acetyldithiolane,CC(=O)C1CCSS1,4243
MOL_004246,89780-06-3,musk ether,COc1c(C=O)c(C)cc2c1C(C)(C)CCC2(C)C,4244
MOL_004247,90-00-6,Ethylphenol,CCc1ccccc1O,4245
MOL_004248,90-02-8,Salicylaldehyde,O=Cc1ccccc1O,4246
MOL_004249,90-05-1,Guaiacol,COc1ccccc1O,4247
MOL_004250,90-12-0,Methylnaphthalene,Cc1cccc2ccccc12,4248
MOL_004251,90-17-5,rose acetate,CC(=O)OC(c1ccccc1)C(Cl)(Cl)Cl,4249
MOL_004252,90-42-6,2-cyclohexyl cyclohexanone,O=C1CCCCC1C1CCCCC1,4250
MOL_004253,90-43-7,Phenylphenol,Oc1ccccc1-c1ccccc1,4251
MOL_004254,90-87-9,Phenylpropionaldehyde dimethyl acetal,COC(OC)C(C)c1ccccc1,4252
MOL_004255,90180-88-4,(R)-3-thiohexanol,CCC[C@@H](S)CCO,4253
MOL_004256,90180-89-5,(R)-3-(methyl thio) hexanol,CCC[C@H](CCO)SC,4254
MOL_004257,90180-90-8,(S)-3-thiohexanol,CCC[C@H](S)CCO,4255
MOL_004258,90195-83-8,Allyl methyl tetrasulfide,C=CCSSSSC,4256
MOL_004259,90201-28-8,Ethyl ethylthiobutyrate,CCOC(=O)CC(C)SCC,4257
MOL_004260,90397-36-7,Pentyl methylpentanoate,CCCCCOC(=O)C(C)CCC,4258
MOL_004261,90397-38-9,Methylpentyl methylpentanoate,CCCC(C)COC(=O)C(C)CCC,4259
MOL_004262,90530-04-4,petitgrain heptane,CC=C1CC2CC(OC(C)C)C1C2,4260
MOL_004263,906079-63-8,Methylthiopropyl hexanoate,CCCCCC(=O)OCCCSC,4261
MOL_004264,90645-87-7,Nonenal,CCCCCCC=CC=O,4262
MOL_004265,91-01-0,benzhydrol,OC(c1ccccc1)c1ccccc1,4263
MOL_004266,91-10-1,Dimethoxyphenol,COc1cccc(OC)c1O,4264
MOL_004267,91-16-7,Dimethoxybenzene,COc1ccccc1OC,4265
MOL_004268,91-19-0,Quinoxaline,c1ccc2nccnc2c1,4266
MOL_004269,91-20-3,Naphthalene,c1ccc2ccccc2c1,4267
MOL_004270,91-22-5,Quinoline,c1ccc2ncccc2c1,4268
MOL_004271,91-50-9,cyclamen aldehyde / methyl anthranilate schiff's base,COC(=O)c1ccccc1N=CC(C)Cc1ccc(C(C)C)cc1,4269
MOL_004272,91-51-0,lilyall / methyl anthranilate schiff's base,COC(=O)c1ccccc1N=CC(C)Cc1ccc(C(C)(C)C)cc1,4270
MOL_004273,91-57-6,Methylnaphthalene,Cc1ccc2ccccc2c1,4271
MOL_004274,91-60-1,Naphthalenethiol,Sc1ccc2ccccc2c1,4272
MOL_004275,91-61-2,Tetrahydromethylquinoline,Cc1ccc2c(c1)CCCN2,4273
MOL_004276,91-62-3,Methylquinoline,Cc1ccc2ncccc2c1,4274
MOL_004277,91-63-4,Methylquinoline,Cc1ccc2ccccc2n1,4275
MOL_004278,91-64-5,coumarin,O=c1ccc2ccccc2o1,4276
MOL_004279,91-87-2,Amylcinnamaldehyde dimethyl acetal,CCCCC/C(=C\c1ccccc1)C(OC)OC,4277
MOL_004280,91069-39-5,(Z)-coconut decanone ethyl,CCC1CCC2(CCC(=O)O2)CC1,4278
MOL_004281,91069-40-8,(E)-coconut decanone ethyl,CC[C@H]1CC[C@@]2(CCC(=O)O2)CC1,4279
MOL_004282,91212-78-1,"(±)-2,5-undecadien-1-ol",CCCCCC=CCC=CCO,4280
MOL_004283,91254-00-1,Undecadienal,CCCCC/C=C/C/C=C/C=O,4281
MOL_004284,91418-25-6,Dimethylnonadienyl acetate,CCCCCC=CC(C)=C(C)OC(C)=O,4282
MOL_004285,91482-37-0,tangerine acetate,CC(=O)OC(C)CCC=C(C)CCC=C(C)C,4283
MOL_004286,915971-43-6,Methylfurylthiobutanal,CCC(C)(C=O)Sc1ccco1,4284
MOL_004287,917750-72-2,1-(2-hydroxy-4-methyl cyclohexyl) ethanone,CC(=O)C1CCC(C)CC1O,4285
MOL_004288,92-48-8,Methylcoumarin,Cc1ccc2oc(=O)ccc2c1,4286
MOL_004289,92-52-4,Biphenyl,c1ccc(-c2ccccc2)cc1,4287
MOL_004290,92-68-2,4-cyclohexyl cyclohexanone,O=C1CCC(C2CCCCC2)CC1,4288
MOL_004291,92015-65-1,(±)-dihydromint lactone,CC1CCC2C(C1)OC(=O)C2C,4289
MOL_004292,92046-48-5,magnolia cyclohexanol,CCC12CCC(C1)C(C1(O)CCCCC1)C2,4290
MOL_004293,92168-98-4,Methyldodecanal,CC(C)CCCCCCCCCC=O,4291
MOL_004294,923-69-3,Citronellal dimethyl acetal,COC(CC(C)CCC=C(C)C)OC,4292
MOL_004295,923291-29-6,Oxoethylbutanolide,O=CCC1CCOC1=O,4293
MOL_004296,92356-06-4,rose furan epoxide,Cc1ccoc1CC1OC1(C)C,4294
MOL_004297,924-50-5,Methyl senecioate,COC(=O)C=C(C)C,4295
MOL_004298,925-15-5,Dipropyl succinate,CCCOC(=O)CCC(=O)OCCC,4296
MOL_004299,925-54-2,Methylhexanal,CCCCC(C)C=O,4297
MOL_004300,925-78-0,Nonanone,CCCCCCC(=O)CC,4298
MOL_004301,92508-08-2,"2-methoxy-3,5-dimethyl pyrazine",COc1ncc(C)nc1C,4299
MOL_004302,92585-08-5,Mercaptopentanone,CC(=O)CC(C)S,4300
MOL_004303,92585-24-5,grapefruit pentanol,CC(CO)CC(C)c1ccccc1,4301
MOL_004304,927-49-1,Undecanone,CCCCCC(=O)CCCCC,4302
MOL_004305,92760-25-3,"2,3-dihydro-1,8-cineole",CC12C=CC(CC1)C(C)(C)O2,4303
MOL_004306,928-68-7,Methylheptanone,CC(=O)CCCC(C)C,4304
MOL_004307,928-80-3,Decanone,CCCCCCCC(=O)CC,4305
MOL_004308,928-91-6,(Z)-4-hexen-1-ol,C/C=C\CCCO,4306
MOL_004309,928-92-7,(E)-4-hexen-1-ol,C/C=C/CCCO,4307
MOL_004310,928-94-9,Hexenol,CCC/C=C\CO,4308
MOL_004311,928-95-0,Hexenol,CCC/C=C/CO,4309
MOL_004312,928-96-1,Hexenol,CC/C=C\CCO,4310
MOL_004313,928-97-2,(E)-3-hexen-1-ol,CC/C=C/CCO,4311
MOL_004314,92900-67-9,Di-isobutyltrithiolane,CC(C)CC1(CC(C)C)CSSS1,4312
MOL_004315,929253-05-4,"6-methoxy-2,6-dimethyl octanal",CCC(C)(CCCC(C)C=O)OC,4313
MOL_004316,93-03-8,Dimethoxybenzyl alcohol,COc1ccc(CO)cc1OC,4314
MOL_004317,93-04-9,Naphthyl methyl ether,COc1ccc2ccccc2c1,4315
MOL_004318,93-08-3,Methyl beta-naphthyl ketone,CC(=O)c1ccc2ccccc2c1,4316
MOL_004319,93-15-2,Eugenyl methyl ether,C=CCc1ccc(OC)c(OC)c1,4317
MOL_004320,93-16-3,Isoeugenyl methyl ether,C/C=C/c1ccc(OC)c(OC)c1,4318
MOL_004321,93-18-5,Naphthyl ethyl ether,CCOc1ccc2ccccc2c1,4319
MOL_004322,93-19-6,Isobutylquinoline,CC(C)Cc1ccc2ccccc2n1,4320
MOL_004323,93-28-7,Eugenyl acetate,C=CCc1ccc(OC(C)=O)c(OC)c1,4321
MOL_004324,93-29-8,Isoeugenyl acetate,C/C=C/c1ccc(OC(C)=O)c(OC)c1,4322
MOL_004325,93-51-6,Methoxymethylphenol,COc1cc(C)ccc1O,4323
MOL_004326,93-53-8,Phenylpropionaldehyde,CC(C=O)c1ccccc1,4324
MOL_004327,93-54-9,Phenylpropanol,CCC(O)c1ccccc1,4325
MOL_004328,93-55-0,Propiophenone,CCC(=O)c1ccccc1,4326
MOL_004329,93-58-3,Methyl benzoate,COC(=O)c1ccccc1,4327
MOL_004330,93-60-7,Methyl nicotinate,COC(=O)c1cccnc1,4328
MOL_004331,93-89-0,Ethyl benzoate,CCOC(=O)c1ccccc1,4329
MOL_004332,93-91-4,Phenylbutandione,CC(=O)CC(=O)c1ccccc1,4330
MOL_004333,93-92-5,styralyl acetate,CC(=O)OC(C)c1ccccc1,4331
MOL_004334,93-99-2,Phenyl benzoate,O=C(Oc1ccccc1)c1ccccc1,4332
MOL_004335,930-68-7,Cyclohexenone,O=C1C=CCCC1,4333
MOL_004336,93002-38-1,Pentamethylheptanethiol,CC(C)(C)CC(C)(S)CC(C)(C)C,4334
MOL_004337,931-57-7,1-methoxycyclohexene,COC1=CCCCC1,4335
MOL_004338,932-16-1,Methylacetylpyrrole,CC(=O)c1cccn1C,4336
MOL_004339,933-05-1,Cyclopentyl acetate,CC(=O)OC1CCCC1,4337
MOL_004340,934534-30-2,"4,7-decadienal",CCC=CCC=CCCC=O,4338
MOL_004341,937-30-4,Ethylacetophenone,CCc1ccc(C(C)=O)cc1,4339
MOL_004342,93762-34-6,Dimethyl benzyl carbinyl crotonate,C/C=C/C(=O)OC(C)(C)Cc1ccccc1,4340
MOL_004343,93776-92-2,Phenethyl ethylhexanoate,CCCCC(CC)C(=O)OCCc1ccccc1,4341
MOL_004344,93804-64-9,hydroxycitronellal propylene glycol acetal,CC(CCCC(C)(C)O)CC1OCC(C)O1,4342
MOL_004345,93805-23-3,Methylbutyl myristate,CCCCCCCCCCCCCC(=O)OCC(C)CC,4343
MOL_004346,93805-72-2,Ethyl maltol butyrate,CCCC(=O)Oc1c(CC)occc1=O,4344
MOL_004347,93815-50-0,Methylhexadecanal,CCC(C)CCCCCCCCCCCCC=O,4345
MOL_004348,93815-51-1,Methylhexadecanal,CC(C)CCCCCCCCCCCCCC=O,4346
MOL_004349,93840-90-5,methyl beta-ionol,CCC(O)/C=C/C1=C(C)CCCC1(C)C,4347
MOL_004350,93892-07-0,Hexanal dibutyl acetal,CCCCCC(OCCCC)OCCCC,4348
MOL_004351,93892-09-2,Hexanal diisoamyl acetal,CCCCCC(OCCC(C)C)OCCC(C)C,4349
MOL_004352,93893-89-1,citronitrile (Symrise),CC(=CC#N)CCc1ccccc1,4350
MOL_004353,93894-30-5,citrus carbaldehyde / methyl anthranilate schiff's base,COC(=O)c1ccccc1N=CC1CC=C(CCC=C(C)C)CC1,4351
MOL_004354,939-21-9,Phenylpentenal,C=CC(CC=O)c1ccccc1,4352
MOL_004355,939-48-0,Isopropyl benzoate,CC(C)OC(=O)c1ccccc1,4353
MOL_004356,939-97-9,Butylbenzaldehyde,CC(C)(C)c1ccc(C=O)cc1,4354
MOL_004357,93904-56-4,fresh carbaldehyde,CC1=C2CC(C=O)C(C1)C(C(C)C)C2,4355
MOL_004358,93919-00-7,Ethyl oxodecanoate,CCCCCC(=O)CCCC(=O)OCC,4356
MOL_004359,93919-01-8,Menthyl stearate,CCCCCCCCCCCCCCCCCC(=O)OC1CC(C)CCC1C(C)C,4357
MOL_004360,93919-04-1,Carvyl butyrate,C=C(C)C1CC=C(C)C(OC(=O)CCC)C1,4358
MOL_004361,93939-86-7,rhubarb pyran,C/C=C1/CC2CC1C1CCCOC21,4359
MOL_004362,93940-59-1,Menthyl octanoate,CCCCCCCC(=O)OC1CC(C)CCC1C(C)C,4360
MOL_004363,93940-61-5,Octenyl isobutyrate,C=CC(CCCCC)OC(=O)C(C)C,4361
MOL_004364,93942-00-8,juniparome (Takasago),COC1=C(C)C(C)C2C3CCC(C3)C12,4362
MOL_004365,93952-58-0,waxy acetate,CC(C)OC(=O)CC1=CCCCC1,4363
MOL_004366,93963-13-4,Allyl methylbutyrate,C=CCOC(=O)C(C)CC,4364
MOL_004367,93979-14-7,Methyl decenoate,CCCCCCCC=CC(=O)OC,4365
MOL_004368,93981-50-1,rose carbonate,CCOC(=O)OC1C(C)CCC(C)C1C,4366
MOL_004369,94-02-0,Ethyl benzoylacetate,CCOC(=O)CC(=O)c1ccccc1,4367
MOL_004370,94-13-3,Propyl hydroxybenzoate,CCCOC(=O)c1ccc(O)cc1,4368
MOL_004371,94-26-8,Butyl hydroxybenzoate,CCCCOC(=O)c1ccc(O)cc1,4369
MOL_004372,94-30-4,Ethyl anisate,CCOC(=O)c1ccc(OC)cc1,4370
MOL_004373,94-46-2,Isoamyl benzoate,CC(C)CCOC(=O)c1ccccc1,4371
MOL_004374,94-47-3,Phenethyl benzoate,O=C(OCCc1ccccc1)c1ccccc1,4372
MOL_004375,94-48-4,Geranyl benzoate,CC(C)=CCC/C(C)=C/COC(=O)c1ccccc1,4373
MOL_004376,94-50-8,Octyl benzoate,CCCCCCCCOC(=O)c1ccccc1,4374
MOL_004377,94-58-6,dihydrosafrole,CCCc1ccc2c(c1)OCO2,4375
MOL_004378,94-59-7,Safrole,C=CCc1ccc2c(c1)OCO2,4376
MOL_004379,94-62-2,Piperine,O=C(/C=C/C=C/c1ccc2c(c1)OCO2)N1CCCCC1,4377
MOL_004380,94-86-0,Propenylguaethol,C/C=C/c1ccc(OCC)c(O)c1,4378
MOL_004381,94020-93-6,Menthyl decanoate,CCCCCCCCCC(=O)OC1CC(C)CCC1C(C)C,4379
MOL_004382,94021-78-0,3-cyclohexyl propyl isobutyrate,CC(C)C(=O)OCCCC1CCCCC1,4380
MOL_004383,94022-04-5,Butyl butyrylglycolate,CCCCOC(=O)COC(=O)CCC,4381
MOL_004384,94022-06-7,isobornyl phenyl acetate,CC1(C)C2CCC1(C)C(OC(=O)Cc1ccccc1)C2,4382
MOL_004385,94087-83-9,Methoxymethylbutanethiol,COCCC(C)(C)S,4383
MOL_004386,94088-33-2,Methylhexenyl acetate,CC/C=C/CC(C)OC(C)=O,4384
MOL_004387,94089-01-7,Hexenyl methylbutyrate,CCC/C=C/COC(=O)C(C)CC,4385
MOL_004388,94089-02-8,Thienylethanethiol,CC(S)c1cccs1,4386
MOL_004389,94089-21-1,Hexenal propylene glycol acetal,CCC/C=C/C1OCC(C)O1,4387
MOL_004390,94089-22-2,Isopropoxymethylpyrazine,Cc1nccnc1OC(C)C,4388
MOL_004391,94089-23-3,Acetoin propylene glycol ketal,CC1COC(C)(C(C)O)O1,4389
MOL_004392,941-98-0,Methyl naphthyl ketone,CC(=O)c1cccc2ccccc12,4390
MOL_004393,94133-92-3,Ethylhexyl tiglate,C/C=C(\C)C(=O)OC(CC)CCCCC,4391
MOL_004394,94134-03-9,Octenyl propionate,CCCC/C=C/CCOC(=O)CC,4392
MOL_004395,94159-31-6,Sulfurol butyrate,CCCC(=O)OCCc1scnc1C,4393
MOL_004396,94159-32-7,Sulfurol hexanoate,CCCCCC(=O)OCCc1scnc1C,4394
MOL_004397,94200-10-9,bornyl 2-methyl butyrate,CCC(C)C(=O)OC1CC2CCC1(C)C2(C)C,4395
MOL_004398,94200-12-1,Trimethylcyclohexyl butyrate,CCCC(=O)OC1CC(C)CC(C)(C)C1,4396
MOL_004399,94200-13-2,3-cyclohexyl propyl butyrate,CCCC(=O)OCCCC1CCCCC1,4397
MOL_004400,94201-19-1,coconut decanone methyl,CC1CCC2(CCC(=O)O2)CC1,4398
MOL_004401,94201-73-7,rose pyran,CC1CCOC(c2ccccc2)C1,4399
MOL_004402,94231-95-5,Benzaldehyde diisoamyl acetal,CC(C)CCOC(OCCC(C)C)c1ccccc1,4400
MOL_004403,94278-26-9,Methyl furfurylthiopropionate,COC(=S)C(C)Cc1ccco1,4401
MOL_004404,94278-27-0,Ethyl furfurylthiopropionate,CCOC(=O)CCSCc1ccco1,4402
MOL_004405,94293-57-9,Menthone thioacetate,CC(=S)OC(C)(C)[C@@H]1CCC(C)CC1=O,4403
MOL_004406,943-27-1,Butylacetophenone,CC(=O)c1ccc(C(C)(C)C)cc1,4404
MOL_004407,943-88-4,Anisylidene acetone,COc1ccc(/C=C/C(C)=O)cc1,4405
MOL_004408,94333-50-3,myrascone,CCOC(=O)C1=C(CC)C(C)CCC1(C)C,4406
MOL_004409,94346-09-5,clary acetate,C=C(C)[C@@H]1CC[C@](C)(OC(C)=O)[C@@H]1C,4407
MOL_004410,94386-39-7,Carvyl isovalerate,C=C(C)C1CC=C(C)C(OC(=O)CC(C)C)C1,4408
MOL_004411,94386-48-8,cinnamaldehyde / methyl anthranilate schiff's base,COC(=O)c1ccccc1N=C/C=C/c1ccccc1,4409
MOL_004412,94406-15-2,juniper carboxaldehyde,CC1(C=O)CC(C)(C)C2CCCC=C21,4410
MOL_004413,95-15-8,Benzothiophene,c1ccc2sccc2c1,4411
MOL_004414,95-16-9,Benzothiazole,c1ccc2scnc2c1,4412
MOL_004415,95-20-5,Methylindole,Cc1cc2ccccc2[nH]1,4413
MOL_004416,95-21-6,Methylbenzoxazole,Cc1nc2ccccc2o1,4414
MOL_004417,95-41-0,Hexylcyclopentenone,CCCCCCC1=CCCC1=O,4415
MOL_004418,95-48-7,Cresol,Cc1ccccc1O,4416
MOL_004419,95-65-8,Xylenol,Cc1ccc(O)cc1C,4417
MOL_004420,95-87-4,Xylenol,Cc1ccc(C)c(O)c1,4418
MOL_004421,95-92-1,Diethyl oxalate,CCOC(=O)C(=O)OCC,4419
MOL_004422,950-33-4,woody dodecane,COC1(OC)CCCCCCCCCCC1,4420
MOL_004423,950919-28-5,cascalone (Firmenich),CC(C)c1ccc2c(c1)OCC(=O)CO2,4421
MOL_004424,955371-64-9,Diisoamyl trisulfide,CC(C)CCSSSCCC(C)C,4422
MOL_004425,95962-14-4,peach cyclopentanone,CC1=CCC(C(C)CC2CCCC2=O)CC1,4423
MOL_004426,95994-93-7,"(E,E)-sorbyl butyrate",C/C=C/C=C/COC(=O)CCC,4424
MOL_004427,96-04-8,Heptanedione,CCCCC(=O)C(C)=O,4425
MOL_004428,96-08-2,limonene diepoxide,CC1OC1C1CCC2(C)OC2C1,4426
MOL_004429,96-15-1,Methylbutylamine,CC[C@@H](C)CN,4427
MOL_004430,96-17-3,Methylbutyraldehyde,CCC(C)C=O,4428
MOL_004431,96-22-0,Pentanone,CCC(=O)CC,4429
MOL_004432,96-26-4,dihydroxyacetone (monomer),O=C(CO)CO,4430
MOL_004433,96-33-3,Methyl acrylate,C=CC(=O)OC,4431
MOL_004434,96-35-5,Methyl glycolate,COC(=O)CO,4432
MOL_004435,96-41-3,Cyclopentanol,OC1CCCC1,4433
MOL_004436,96-47-9,Methyltetrahydrofuran,CC1CCCO1,4434
MOL_004437,96-48-0,Hydroxybutanoic acid lactone,O=C1CCCO1,4435
MOL_004438,96-54-8,Methylpyrrole,Cn1cccc1,4436
MOL_004439,96097-19-7,Menthyl palmitate,CCCCCCCCCCCCCCCC(=O)OC1CC(C)CCC1C(C)C,4437
MOL_004440,96693-92-4,Pentylmethylthiazole,CCCCCc1csc(C)n1,4438
MOL_004441,97-42-7,Carvyl acetate,C=C(C)C1CC=C(C)C(OC(C)=O)C1,4439
MOL_004442,97-45-0,Carvyl propionate,C=C(C)C1CC=C(C)C(OC(=O)CC)C1,4440
MOL_004443,97-53-0,Eugenol,C=CCc1ccc(O)c(OC)c1,4441
MOL_004444,97-54-1,isoeugenol,C=C(C)c1ccc(O)c(OC)c1,4442
MOL_004445,97-61-0,Methylvaleric acid,CCCC(C)C(=O)O,4443
MOL_004446,97-62-1,Ethyl isobutyrate,CCOC(=O)C(C)C,4444
MOL_004447,97-63-2,Ethyl methacrylate,C=C(C)C(=O)OCC,4445
MOL_004448,97-64-3,Ethyl lactate,CCOC(=O)C(C)O,4446
MOL_004449,97-85-8,Isobutyl isobutyrate,CC(C)COC(=O)C(C)C,4447
MOL_004450,97-86-9,Isobutyl  methacrylate,C=C(C)C(=O)OCC(C)C,4448
MOL_004451,97-87-0,Butyl isobutyrate,CCCCOC(=O)C(C)C,4449
MOL_004452,97-88-1,Butyl methacrylate,C=C(C)C(=O)OCCCC,4450
MOL_004453,97-89-2,Citronellyl isobutyrate,CC(C)=CCCC(C)CCOC(=O)C(C)C,4451
MOL_004454,97-95-0,Ethylbutanol,CCC(CC)CO,4452
MOL_004455,97-96-1,Ethylbutyraldehyde,CCC(C=O)CC,4453
MOL_004456,97-99-4,Tetrahydrofurfuryl alcohol,OCC1CCCO1,4454
MOL_004457,97158-38-8,3-cyclohexyl propyl propionate,CCC(=O)OCCCC1CCCCC1,4455
MOL_004458,97358-54-8,bean hexene,CC/C=C/CCOC(CC)OC,4456
MOL_004459,97375-48-9,privetone,COCCOc1ccc(C)cc1,4457
MOL_004460,97384-48-0,agrumen nitrile,C=CC(C)(C#N)Cc1ccccc1,4458
MOL_004461,97844-16-1,Tetramethylbicyclononadienone,CC1=C(C2=CC=CC(=O)CCCC2)CCCCC(C)C(C)=C1C,4459
MOL_004462,97866-86-9,Tetramethylbicyclononadienol,CC1=C(C2=C(O)C=CCCCCC2)CCCCC(C)C(C)=C1C,4460
MOL_004463,97890-13-6,Methylbutyl methylbutenoate,CCC(C)COC(=O)C=C(C)C,4461
MOL_004464,98-00-0,furfuryl alcohol,OCc1ccco1,4462
MOL_004465,98-01-1,Furfural,O=Cc1ccco1,4463
MOL_004466,98-02-2,Furfuryl mercaptan,SCc1ccco1,4464
MOL_004467,98-03-3,Thiophenecarbaldehyde,O=Cc1cccs1,4465
MOL_004468,98-52-2,Butylcyclohexanol,CC(C)(C)C1CCC(O)CC1,4466
MOL_004469,98-53-3,Butylcyclohexanone,CC(C)(C)C1CCC(=O)CC1,4467
MOL_004470,98-54-4,Dimethylethylphenol,CC(C)(C)c1ccc(O)cc1,4468
MOL_004471,98-55-5,Terpineol,CC1=CC[C@H](C(C)(C)O)CC1,4469
MOL_004472,98-83-9,Methylethenylbenzene,C=C(C)c1ccccc1,4470
MOL_004473,98-85-1,Styrallyl alcohol,CC(O)c1ccccc1,4471
MOL_004474,98-86-2,Acetophenone,CC(=O)c1ccccc1,4472
MOL_004475,98-89-5,Cyclohexanecarboxylic acid,O=C(O)C1CCCCC1,4473
MOL_004476,98841-69-1,nonyl heptanoate,CCCCCCCCCOC(=O)CCCCCC,4474
MOL_004477,99-48-9,Carveol,C=C(C)C1CC=C(C)C(O)C1,4475
MOL_004478,99-49-0,carvone,C=C(C)C1CC=C(C)C(=O)C1,4476
MOL_004479,99-50-3,"3,4-dihydroxybenzoic acid",O=C(O)c1ccc(O)c(O)c1,4477
MOL_004480,99-72-9,Tolylpropionaldehyde,Cc1ccc(C(C)C=O)cc1,4478
MOL_004481,99-75-2,Methyl methylbenzoate,COC(=O)c1ccc(C)cc1,4479
MOL_004482,99-83-2,Phellandrene,CC1=CCC(C(C)C)C=C1,4480
MOL_004483,99-85-4,Terpinene,CC1=CCC(C(C)C)=CC1,4481
MOL_004484,99-86-5,Terpinene,CC1=CC=C(C(C)C)CC1,4482
MOL_004485,99-87-6,Cymene,Cc1ccc(C(C)C)cc1,4483
MOL_004486,99-89-8,Isopropylphenol,CC(C)c1ccc(O)cc1,4484
MOL_004487,99-91-2,para-chloroacetophenone,CC(=O)c1ccc(Cl)cc1,4485
MOL_004488,99-93-4,Hydroxyacetophenone,CC(=O)c1ccc(O)cc1,4486
MOL_004489,99-96-7,Hydroxybenzoic acid,O=C(O)c1ccc(O)cc1,4487
MOL_004490,99253-91-5,Tetrahydrofurfuryl mercaptopropionate,CC(S)C(=O)OCC1CCCO1,4488
MOL_004491,99334-18-6,Methyl tolylglycidate,COC(=O)C1(c2ccccc2C)CO1,4489
MOL_004492,996-97-4,"N,N-diethyl octanamide",CCCCCCCC(=O)N(CC)CC,4490
MOL_004493,999-10-0,ethyl 4-hydroxybutyrate,CCOC(=O)CCCO,4491
MOL_004494,999-40-6,Neryl butyrate,CCCC(=O)OC/C=C(/C)CCC=C(C)C,4492
MOL_004495,99910-84-6,Methylmethylthiomethylhexenal,CCC(C)/C=C(\C=O)CSC,4493
