source_row_number,molecule_id,chemical_name,cas_raw,cas,cas_format_valid,cas_checksum_valid,smiles_raw,canonical_smiles,smiles_parseable,odor_labels_filtered,odor_labels_cleaned,has_odor_labels,is_exact_duplicate
31,MOL_000001,Acetanisole,100-06-1,100-06-1,True,True,COc1ccc(C(C)=O)cc1,COc1ccc(C(C)=O)cc1,True,"['hay', 'floral', 'sweet']",hay;floral;sweet,True,False
149,MOL_000002,Anisic acid,100-09-4,100-09-4,True,True,COc1ccc(C(=O)O)cc1,COc1ccc(C(=O)O)cc1,True,"['spicy', 'cherry', 'sweet']",spicy;cherry;sweet,True,False
2251,MOL_000003,Styrene,100-42-5,100-42-5,True,True,C=Cc1ccccc1,C=Cc1ccccc1,True,"['gasoline', 'balsamic', 'pungent']",gasoline;balsamic;pungent,True,False
170,MOL_000004,Benzonitrile,100-47-0,100-47-0,True,True,N#Cc1ccccc1,N#Cc1ccccc1,True,"['cherry', 'almond']",cherry;almond,True,False
175,MOL_000005,Benzyl alcohol,100-51-6,100-51-6,True,True,OCc1ccccc1,OCc1ccccc1,True,"['fruity', 'almond', 'sweet']",fruity;almond;sweet,True,False
165,MOL_000006,Benzaldehyde,100-52-7,100-52-7,True,True,O=Cc1ccccc1,O=Cc1ccccc1,True,['almond'],almond,True,False
192,MOL_000007,Benzyl mercaptan,100-53-8,100-53-8,True,True,SCc1ccccc1,SCc1ccccc1,True,"['onion', 'garlic']",onion;garlic,True,False
150,MOL_000008,Anisole,100-66-3,100-66-3,True,True,COc1ccccc1,COc1ccccc1,True,"['anisic', 'sweet']",anisic;sweet,True,False
1556,MOL_000009,Methyl phenyl sulfide,100-68-5,100-68-5,True,True,CSc1ccccc1,CSc1ccccc1,True,"['roasted', 'meaty', 'sulfurous', 'coffee', 'woody']",roasted;meaty;sulfurous;coffee;woody,True,False
880,MOL_000010,Ethylpyridine,100-71-0,100-71-0,True,True,CCc1ccccn1,CCc1ccccn1,True,"['green', 'fishy', 'grassy', 'smoky']",green;fishy;grassy;smoky,True,False
2586,MOL_000011,Acetone glyceryl acetal(s),100-79-8,100-79-8,True,True,CC1(C)OCC(CO)O1,CC1(C)OCC(CO)O1,True,"['fruity', 'solvent']",fruity;solvent,True,False
3280,MOL_000012,Hydroxybenzaldehyde,100-83-4,100-83-4,True,True,O=Cc1cccc(O)c1,O=Cc1cccc(O)c1,True,"['phenolic', 'medicinal', 'aromatic', 'sweet']",phenolic;medicinal;aromatic;sweet,True,False
2646,MOL_000013,Cresyl methyl ether,100-84-5,100-84-5,True,True,COc1cccc(C)c1,COc1cccc(C)c1,True,"['nutty', 'pungent', 'floral', 'dry']",nutty;pungent;floral;dry,True,False
627,MOL_000014,Dimethylphenethyl alcohol,100-86-7,100-86-7,True,True,CC(C)(O)Cc1ccccc1,CC(C)(O)Cc1ccccc1,True,"['rose', 'fresh', 'herbal', 'floral']",rose;fresh;herbal;floral,True,False
2920,MOL_000015,Pentadecanoic acid,1002-84-2,1002-84-2,True,True,CCCCCCCCCCCCCCC(=O)O,CCCCCCCCCCCCCCC(=O)O,True,"['fatty', 'waxy']",fatty;waxy,True,False
1925,MOL_000016,Octanal dimethyl acetal,10022-28-3,10022-28-3,True,True,CCCCCCCC(OC)OC,CCCCCCCC(OC)OC,True,"['citrus', 'green', 'fresh', 'waxy', 'orange', 'cognac']",citrus;green;fresh;waxy;orange;cognac,True,False
2269,MOL_000017,Terpinyl cinnamate,10024-56-3,10024-56-3,True,True,CC1=CCC(C(C)(C)OC(=O)/C=C/c2ccccc2)CC1,CC1=CCC(C(C)(C)OC(=O)/C=C/c2ccccc2)CC1,True,"['fruity', 'balsamic', 'sweet', 'spicy']",fruity;balsamic;sweet;spicy,True,False
2323,MOL_000018,Tolyl laurate,10024-57-4,10024-57-4,True,True,CCCCCCCCCCCC(=O)Oc1ccc(C)cc1,CCCCCCCCCCCC(=O)Oc1ccc(C)cc1,True,"['waxy', 'balsamic', 'floral', 'sweet']",waxy;balsamic;floral;sweet,True,False
1376,MOL_000019,Linalyl octanoate,10024-64-3,10024-64-3,True,True,C=CC(C)(CCC=C(C)C)OC(=O)CCCCCCC,C=CC(C)(CCC=C(C)C)OC(=O)CCCCCCC,True,"['fruity', 'herbal', 'dry']",fruity;herbal;dry,True,False
551,MOL_000020,Dihydrothiophenone,1003-04-9,1003-04-9,True,True,O=C1CCSC1,O=C1CCSC1,True,"['meaty', 'roasted', 'garlic', 'onion', 'vegetable', 'buttery']",meaty;roasted;garlic;onion;vegetable;buttery,True,False
3162,MOL_000021,Thiobutyrolactone,1003-10-7,1003-10-7,True,True,O=C1CCCS1,O=C1CCCS1,True,"['sulfurous', 'burnt']",sulfurous;burnt,True,False
908,MOL_000022,Formylpyrrole,1003-29-8,1003-29-8,True,True,O=Cc1ccc[nH]1,O=Cc1ccc[nH]1,True,"['roasted', 'nutty', 'burnt', 'pungent']",roasted;nutty;burnt;pungent,True,False
646,MOL_000023,Dimethyltetrahydrofuran,1003-38-9,1003-38-9,True,True,CC1CCC(C)O1,CC1CCC(C)O1,True,"['solvent', 'ethereal', 'gasoline', 'sweet', 'mint']",solvent;ethereal;gasoline;sweet;mint,True,False
1745,MOL_000024,Methylphenylbutyl isobutyrate,10031-71-7,10031-71-7,True,True,CC(C)C(=O)OC(C)(C)CCc1ccccc1,CC(C)C(=O)OC(C)(C)CCc1ccccc1,True,"['fruity', 'tropical', 'herbal', 'tea']",fruity;tropical;herbal;tea,True,False
700,MOL_000025,Ethoxybenzaldehyde,10031-82-0,10031-82-0,True,True,CCOc1ccc(C=O)cc1,CCOc1ccc(C=O)cc1,True,"['anisic', 'cherry', 'almond', 'sweet']",anisic;cherry;almond;sweet,True,False
836,MOL_000026,Ethylbenzyl butyrate,10031-86-4,10031-86-4,True,True,CCCC(=O)OC(CC)c1ccccc1,CCCC(=O)OC(CC)c1ccccc1,True,"['fruity', 'floral', 'sweet']",fruity;floral;sweet,True,False
838,MOL_000027,Ethylbutyl acetate,10031-87-5,10031-87-5,True,True,CCC(CC)COC(C)=O,CCC(CC)COC(C)=O,True,"['fruity', 'banana', 'pear', 'fermented', 'musty']",fruity;banana;pear;fermented;musty,True,False
850,MOL_000028,Ethylheptenal,10031-88-6,10031-88-6,True,True,CCCC/C=C(/C=O)CC,CCCC/C=C(/C=O)CC,True,"['green', 'fatty', 'nutty']",green;fatty;nutty,True,False
750,MOL_000029,Ethyl furylpropanoate,10031-90-0,10031-90-0,True,True,CCOC(=O)CCc1ccco1,CCOC(=O)CCc1ccco1,True,"['green', 'fruity', 'woody', 'chamomile', 'pineapple']",green;fruity;woody;chamomile;pineapple,True,False
796,MOL_000030,Ethyl nonynoate,10031-92-2,10031-92-2,True,True,CCCCCCC#CC(=O)OCC,CCCCCCC#CC(=O)OCC,True,"['leafy', 'violet', 'cucumber', 'green']",leafy;violet;cucumber;green,True,False
810,MOL_000031,Ethyl phenylbutyrate,10031-93-3,10031-93-3,True,True,CCOC(=O)CCCc1ccccc1,CCOC(=O)CCCc1ccccc1,True,"['fruity', 'plum', 'sweet']",fruity;plum;sweet,True,False
893,MOL_000032,Eugenyl formate,10031-96-6,10031-96-6,True,True,C=CCc1ccc(OC=O)c(OC)c1,C=CCc1ccc(OC=O)c(OC)c1,True,"['orris', 'woody', 'sweet', 'dry']",orris;woody;sweet;dry,True,False
946,MOL_000033,Geranyl acetoacetate,10032-00-5,10032-00-5,True,True,CC(=O)CC(=O)OC/C=C(\C)CCC=C(C)C,CC(=O)CC(=O)OC/C=C(\C)CCC=C(C)C,True,"['apple', 'fruity', 'fermented', 'sweet']",apple;fruity;fermented;sweet,True,False
951,MOL_000034,Geranyl hexanoate,10032-02-7,10032-02-7,True,True,CCCCCC(=O)OC/C=C(\C)CCC=C(C)C,CCCCCC(=O)OC/C=C(\C)CCC=C(C)C,True,"['fruity', 'pineapple', 'rose', 'tropical']",fruity;pineapple;rose;tropical,True,False
986,MOL_000035,Heptanal dimethyl acetal,10032-05-0,10032-05-0,True,True,CCCCCCC(OC)OC,CCCCCCC(OC)OC,True,"['green', 'vegetable']",green;vegetable,True,False
1019,MOL_000036,Heptyl cinnamate,10032-08-3,10032-08-3,True,True,CCCCCCCOC(=O)/C=C/c1ccccc1,CCCCCCCOC(=O)/C=C/c1ccccc1,True,"['green', 'earthy', 'floral']",green;earthy;floral,True,False
1095,MOL_000037,Hexenyl methylbutanoate,10032-11-8,10032-11-8,True,True,CCC=CCCOC(=O)CC(C)C,CCC=CCCOC(=O)CC(C)C,True,"['green', 'fruity', 'apple']",green;fruity;apple,True,False
1123,MOL_000038,Hexyl methylbutanoate,10032-13-0,10032-13-0,True,True,CCCCCCOC(=O)CC(C)C,CCCCCCOC(=O)CC(C)C,True,"['green', 'apple', 'sweet']",green;apple;sweet,True,False
1122,MOL_000039,Hexyl methylbutanoate,10032-15-2,10032-15-2,True,True,CCCCCCOC(=O)C(C)CC,CCCCCCOC(=O)C(C)CC,True,"['green', 'fruity', 'apple']",green;fruity;apple,True,False
1133,MOL_000040,Hexylacetoxytetrahydrofuran,10039-39-1,10039-39-1,True,True,CCCCCCC1CC(OC(C)=O)CO1,CCCCCCC1CC(OC(C)=O)CO1,True,"['fruity', 'floral', 'sweet']",fruity;floral;sweet,True,False
312,MOL_000041,Butyltetrahydrofuran,1004-29-1,1004-29-1,True,True,CCCCC1CCCO1,CCCCC1CCCO1,True,"['solvent', 'green', 'fatty', 'aromatic', 'sweet']",solvent;green;fatty;aromatic;sweet,True,False
629,MOL_000042,Dimethylphenethyl formate,10058-43-2,10058-43-2,True,True,CC(C)(Cc1ccccc1)OC=O,CC(C)(Cc1ccccc1)OC=O,True,"['green', 'jasmine', 'herbal']",green;jasmine;herbal,True,False
3293,MOL_000043,earthy indane,1006-27-5,1006-27-5,True,True,COC1CCC2=CC=CC=C12,COC1CCc2ccccc21,True,"['floral', 'mint', 'earthy', 'animal', 'anisic']",floral;mint;earthy;animal;anisic,True,False
3261,MOL_000044,Mercaptoheptanol,1006684-20-3,1006684-20-3,True,True,CCCCCCC(O)S,CCCCCCC(O)S,True,"['fruity', 'tropical', 'vegetable']",fruity;tropical;vegetable,True,False
1492,MOL_000045,Methyl dimethylanthranilate,10072-05-6,10072-05-6,True,True,COC(=O)c1ccccc1N(C)C,COC(=O)c1ccccc1N(C)C,True,['grape'],grape,True,False
3294,MOL_000046,valerophenone,1009-14-9,1009-14-9,True,True,CCCCC(=O)C1=CC=CC=C1,CCCCC(=O)c1ccccc1,True,"['balsamic', 'musty']",balsamic;musty,True,False
632,MOL_000047,Dimethylphenylpropionaldehyde,1009-62-7,1009-62-7,True,True,CC(C)(C=O)Cc1ccccc1,CC(C)(C=O)Cc1ccccc1,True,"['aldehydic', 'fresh', 'floral']",aldehydic;fresh;floral,True,False
628,MOL_000048,Dimethylphenethyl butyrate,10094-34-5,10094-34-5,True,True,CCCC(=O)OC(C)(C)Cc1ccccc1,CCCC(=O)OC(C)(C)Cc1ccccc1,True,"['apricot', 'fruity', 'tea', 'plum']",apricot;fruity;tea;plum,True,False
734,MOL_000049,Ethyl cyclohexanepropionate,10094-36-7,10094-36-7,True,True,CCOC(=O)CCC1CCCCC1,CCOC(=O)CCC1CCCCC1,True,"['fruity', 'pineapple', 'sweet']",fruity;pineapple;sweet,True,False
3295,MOL_000050,2-hexenyl acetate,10094-40-3,10094-40-3,True,True,CCCC=CCOC(=O)C,CCCC=CCOC(C)=O,True,"['green', 'fruity']",green;fruity,True,False
1094,MOL_000051,Hexenyl methylbutanoate,10094-41-4,10094-41-4,True,True,CC/C=C\CCOC(=O)C(C)CC,CC/C=C\CCOC(=O)C(C)CC,True,"['apple', 'green', 'fruity', 'pear', 'pineapple']",apple;green;fruity;pear;pineapple,True,False
1635,MOL_000052,Methylcinnamaldehyde,101-39-3,101-39-3,True,True,C/C(C=O)=C/c1ccccc1,C/C(C=O)=C/c1ccccc1,True,"['cinnamon', 'spicy', 'balsamic', 'sweet']",cinnamon;spicy;balsamic;sweet,True,False
1557,MOL_000053,Methyl phenylacetate,101-41-7,101-41-7,True,True,COC(=O)Cc1ccccc1,COC(=O)Cc1ccccc1,True,"['honey', 'floral', 'sweet']",honey;floral;sweet,True,False
2056,MOL_000054,Phenylacetaldehyde dimethyl acetal,101-48-4,101-48-4,True,True,COC(Cc1ccccc1)OC,COC(Cc1ccccc1)OC,True,"['green', 'earthy', 'floral']",green;earthy;floral,True,False
3030,MOL_000055,Phenylacetaldehyde ethyleneglycol acetal,101-49-5,101-49-5,True,True,c1ccc(CC2OCCO2)cc1,c1ccc(CC2OCCO2)cc1,True,"['green', 'waxy', 'sweet']",green;waxy;sweet,True,False
664,MOL_000056,Diphenylmethane,101-81-5,101-81-5,True,True,c1ccc(Cc2ccccc2)cc1,c1ccc(Cc2ccccc2)cc1,True,"['rose', 'metallic', 'leafy']",rose;metallic;leafy,True,False
663,MOL_000057,Diphenyl ether,101-84-8,101-84-8,True,True,c1ccc(Oc2ccccc2)cc1,c1ccc(Oc2ccccc2)cc1,True,"['green', 'floral', 'metallic']",green;floral;metallic,True,False
143,MOL_000058,Amylcinnamyl alcohol,101-85-9,101-85-9,True,True,CCCCC/C(=C\c1ccccc1)CO,CCCCC/C(=C\c1ccccc1)CO,True,"['fruity', 'pear', 'waxy', 'jasmine', 'floral', 'sweet']",fruity;pear;waxy;jasmine;floral;sweet,True,False
1135,MOL_000059,Hexylcinnamaldehyde,101-86-0,101-86-0,True,True,CCCCCC/C(C=O)=C\c1ccccc1,CCCCCC/C(C=O)=C\c1ccccc1,True,"['jasmine', 'floral', 'sweet']",jasmine;floral;sweet,True,False
3296,MOL_000060,para-cresyl phenyl acetate,101-94-0,101-94-0,True,True,CC1=CC=C(C=C1)OC(=O)CC2=CC=CC=C2,Cc1ccc(OC(=O)Cc2ccccc2)cc1,True,"['animal', 'rose', 'honey', 'floral']",animal;rose;honey;floral,True,False
809,MOL_000061,Ethyl phenylacetate,101-97-3,101-97-3,True,True,CCOC(=O)Cc1ccccc1,CCOC(=O)Cc1ccccc1,True,"['honey', 'sweet']",honey;sweet,True,False
2869,MOL_000062,Propylene glycol dipropionate,10108-80-2,10108-80-2,True,True,CCC(=O)OCC(C)OC(=O)CC,CCC(=O)OCC(C)OC(=O)CC,True,"['fruity', 'winey']",fruity;winey,True,False
3288,MOL_000063,"Bicycloheptenecarboxylic acid, ethyl ester",10138-32-6,10138-32-6,True,True,CCOC(=O)C1CC2C=CC1C2,CCOC(=O)C1CC2C=CC1C2,True,"['green', 'fruity', 'honey']",green;fruity;honey,True,False
2037,MOL_000064,Phenethyl lactate,10138-63-3,10138-63-3,True,True,O=C(CCO)OCCc1ccccc1,O=C(CCO)OCCc1ccccc1,True,"['fruity', 'sweet', 'ethereal']",fruity;sweet;ethereal,True,False
49,MOL_000065,Acetyldihydrothiazine,101417-25-8,101417-25-8,True,True,CC(=O)N1CCC=CS1,CC(=O)N1CCC=CS1,True,"['nutty', 'popcorn', 'roasted']",nutty;popcorn;roasted,True,False
2839,MOL_000066,Nonyl hexanoate,101452-99-7,101452-99-7,True,True,CCCCCCCCCOC(=O)CCCCC,CCCCCCCCCOC(=O)CCCCC,True,"['fruity', 'nutty', 'winey', 'ethereal']",fruity;nutty;winey;ethereal,True,False
1259,MOL_000067,Isobutyldimethyldihydrodithiazine,101517-87-7,101517-87-7,True,True,CC(C)CC1(C)C=CSSN1C,CC(C)CC1(C)C=CSSN1C,True,"['hazelnut', 'roasted']",hazelnut;roasted,True,False
98,MOL_000068,Allyl methyl sulfide,10152-76-8,10152-76-8,True,True,C=CCSC,C=CCSC,True,"['onion', 'sulfurous', 'garlic']",onion;sulfurous;garlic,True,False
1562,MOL_000069,Methyl propenyl sulfide,10152-77-9,10152-77-9,True,True,CC=CSC,CC=CSC,True,"['onion', 'sulfurous', 'garlic']",onion;sulfurous;garlic,True,False
1509,MOL_000070,Methyl hydroxydecanoate,101853-47-8,101853-47-8,True,True,CCCCCCCCC(O)C(=O)OC,CCCCCCCCC(O)C(=O)OC,True,"['fruity', 'pineapple', 'sweet']",fruity;pineapple;sweet,True,False
2918,MOL_000071,Hydroxyhexanoic acid,10191-24-9,10191-24-9,True,True,CCCC(O)CC(=O)O,CCCC(O)CC(=O)O,True,"['fruity', 'cheesy']",fruity;cheesy,True,False
665,MOL_000072,Diphenylpropanone,102-04-5,102-04-5,True,True,O=C(Cc1ccccc1)Cc1ccccc1,O=C(Cc1ccccc1)Cc1ccccc1,True,"['fruity', 'honey', 'almond', 'floral', 'sweet']",fruity;honey;almond;floral;sweet,True,False
1251,MOL_000073,Isobutyl phenylacetate,102-13-6,102-13-6,True,True,CC(C)COC(=O)Cc1ccccc1,CC(C)COC(=O)Cc1ccccc1,True,"['rose', 'floral', 'sweet']",rose;floral;sweet,True,False
198,MOL_000074,Benzyl phenylacetate,102-16-9,102-16-9,True,True,O=C(Cc1ccccc1)OCc1ccccc1,O=C(Cc1ccccc1)OCc1ccccc1,True,"['floral', 'sweet']",floral;sweet,True,False
156,MOL_000075,Anisyl phenylacetate,102-17-0,102-17-0,True,True,COc1ccc(COC(=O)Cc2ccccc2)cc1,COc1ccc(COC(=O)Cc2ccccc2)cc1,True,"['honey', 'balsamic', 'rose']",honey;balsamic;rose,True,False
1209,MOL_000076,Isoamyl phenylacetate,102-19-2,102-19-2,True,True,CC(C)CCOC(=O)Cc1ccccc1,CC(C)CCOC(=O)Cc1ccccc1,True,"['fruity', 'cocoa', 'honey', 'balsamic', 'floral', 'sweet']",fruity;cocoa;honey;balsamic;floral;sweet,True,False
2040,MOL_000077,Phenethyl phenylacetate,102-20-5,102-20-5,True,True,O=C(Cc1ccccc1)OCCc1ccccc1,O=C(Cc1ccccc1)OCCc1ccccc1,True,"['honey', 'balsamic', 'floral', 'rose']",honey;balsamic;floral;rose,True,False
958,MOL_000078,Geranyl phenylacetate,102-22-7,102-22-7,True,True,CC(C)=CCC/C(C)=C/COC(=O)Cc1ccccc1,CC(C)=CCC/C(C)=C/COC(=O)Cc1ccccc1,True,"['honey', 'rose', 'floral', 'sweet']",honey;rose;floral;sweet,True,False
2371,MOL_000079,Tripropylamine,102-69-2,102-69-2,True,True,CCCN(CCC)CCC,CCCN(CCC)CCC,True,"['ripe', 'fishy', 'cheesy']",ripe;fishy;cheesy,True,False
33,MOL_000080,Acetin,102-76-1,102-76-1,True,True,CC(=O)OCC(COC(C)=O)OC(C)=O,CC(=O)OCC(COC(C)=O)OC(C)=O,True,"['fruity', 'ethereal']",fruity;ethereal,True,False
2330,MOL_000081,Tributylamine,102-82-9,102-82-9,True,True,CCCCN(CCCC)CCCC,CCCCN(CCCC)CCCC,True,"['ripe', 'cheesy', 'fishy', 'animal']",ripe;cheesy;fishy;animal,True,False
2460,MOL_000082,Dodecanol,10203-28-8,10203-28-8,True,True,CCCCCCCCCCC(C)O,CCCCCCCCCCC(C)O,True,"['oily', 'fruity', 'fatty', 'ethereal']",oily;fruity;fatty;ethereal,True,False
3297,MOL_000083,(E)-filbertone,102322-83-8,102322-83-8,True,True,CCC(C)C(=O)/C=C/C,C/C=C/C(=O)C(C)CC,True,"['hazelnut', 'nutty']",hazelnut;nutty,True,False
3298,MOL_000084,3-(3-tert-butyl phenyl) propanal,1023288-21-2,1023288-21-2,True,True,CC(C)(C)C1=CC=CC(=C1)CCC=O,CC(C)(C)c1cccc(CCC=O)c1,True,"['aldehydic', 'floral', 'solvent']",aldehydic;floral;solvent,True,False
1305,MOL_000085,Isopropyl dodecanoate,10233-13-3,10233-13-3,True,True,CCCCCCCCCCCC(=O)OC(C)C,CCCCCCCCCCCC(=O)OC(C)C,True,"['creamy', 'green', 'oily', 'fatty', 'fruity', 'waxy', 'dairy', 'floral']",creamy;green;oily;fatty;fruity;waxy;dairy;floral,True,False
2109,MOL_000086,Phytyl acetate,10236-16-5,10236-16-5,True,True,CC(=O)OC/C=C(\C)CCC[C@H](C)CCC[C@H](C)CCCC(C)C,CC(=O)OC/C=C(\C)CCC[C@H](C)CCC[C@H](C)CCCC(C)C,True,"['fruity', 'floral']",fruity;floral,True,False
3232,MOL_000087,Epoxydecanal,102369-06-2,102369-06-2,True,True,CCCCCCCC1OC1C=O,CCCCCCCC1OC1C=O,True,['citrus'],citrus,True,False
607,MOL_000088,Dimethylheptyl acetate,10250-45-0,10250-45-0,True,True,CC(=O)OC(CC(C)C)CC(C)C,CC(=O)OC(CC(C)C)CC(C)C,True,"['herbal', 'floral']",herbal;floral,True,False
196,MOL_000089,Benzyl octanoate,10276-85-4,10276-85-4,True,True,CCCCCCCC(=O)OCc1ccccc1,CCCCCCCC(=O)OCc1ccccc1,True,"['floral', 'fruity', 'fatty', 'peach']",floral;fruity;fatty;peach,True,False
2865,MOL_000090,Propyl sorbate,10297-72-0,10297-72-0,True,True,C/C=C\C=C\C(=O)OCCC,C/C=C\C=C\C(=O)OCCC,True,"['green', 'fruity', 'tropical', 'fresh', 'pineapple']",green;fruity;tropical;fresh;pineapple,True,False
1743,MOL_000091,Methylphenylbutanol,103-05-9,103-05-9,True,True,CC(C)(O)CCc1ccccc1,CC(C)(O)CCc1ccccc1,True,"['green', 'herbal', 'floral', 'sweet']",green;herbal;floral;sweet,True,False
3299,MOL_000092,narcissus acetate,103-07-1,103-07-1,True,True,CC(=O)OC(C)(C)CCC1=CC=CC=C1,CC(=O)OC(C)(C)CCc1ccccc1,True,"['rose', 'green', 'floral', 'leafy', 'sweet', 'balsamic']",rose;green;floral;leafy;sweet;balsamic,True,False
855,MOL_000093,Ethylhexyl acetate,103-09-3,103-09-3,True,True,CCCCC(CC)COC(C)=O,CCCCC(CC)COC(C)=O,True,"['fruity', 'sweet', 'herbal']",fruity;sweet;herbal,True,False
1460,MOL_000094,Methoxystyryl isopropyl ketone,103-13-9,103-13-9,True,True,COc1ccc(/C=C\C(=O)C(C)C)cc1,COc1ccc(/C=C\C(=O)C(C)C)cc1,True,"['fruity', 'caramellic', 'buttery']",fruity;caramellic;buttery,True,False
1559,MOL_000095,Methyl phenylpropionate,103-25-3,103-25-3,True,True,COC(=O)CCc1ccccc1,COC(=O)CCc1ccccc1,True,"['spicy', 'cinnamon', 'fruity', 'floral', 'sweet']",spicy;cinnamon;fruity;floral;sweet,True,False
1481,MOL_000096,Methyl cinnamate,103-26-4,103-26-4,True,True,COC(=O)/C=C/c1ccccc1,COC(=O)/C=C/c1ccccc1,True,"['fruity', 'balsamic']",fruity;balsamic,True,False
188,MOL_000097,Benzyl isobutyrate,103-28-6,103-28-6,True,True,CC(C)C(=O)OCc1ccccc1,CC(C)C(=O)OCc1ccccc1,True,"['fruity', 'floral']",fruity;floral,True,False
732,MOL_000098,Ethyl cinnamate,103-36-6,103-36-6,True,True,CCOC(=O)/C=C/c1ccccc1,CCOC(=O)/C=C/c1ccccc1,True,"['honey', 'cinnamon', 'balsamic', 'plum']",honey;cinnamon;balsamic;plum,True,False
178,MOL_000099,Benzyl butyrate,103-37-7,103-37-7,True,True,CCCC(=O)OCc1ccccc1,CCCC(=O)OCc1ccccc1,True,"['fruity', 'floral', 'apricot', 'plum']",fruity;floral;apricot;plum,True,False
190,MOL_000100,Benzyl isovalerate,103-38-8,103-38-8,True,True,CC(C)CC(=O)OCc1ccccc1,CC(C)CC(=O)OCc1ccccc1,True,"['apple', 'fruity', 'tobacco', 'herbal', 'cheesy']",apple;fruity;tobacco;herbal;cheesy,True,False
179,MOL_000101,Benzyl cinnamate,103-41-3,103-41-3,True,True,O=C(/C=C/c1ccccc1)OCc1ccccc1,O=C(/C=C/c1ccccc1)OCc1ccccc1,True,"['balsamic', 'floral', 'sweet']",balsamic;floral;sweet,True,False
2024,MOL_000102,Phenethyl acetate,103-45-7,103-45-7,True,True,CC(=O)OCCc1ccccc1,CC(=O)OCCc1ccccc1,True,"['honey', 'fruity', 'rose', 'sweet']",honey;fruity;rose;sweet,True,False
2034,MOL_000103,Phenethyl isobutyrate,103-48-0,103-48-0,True,True,CC(C)C(=O)OCCc1ccccc1,CC(C)C(=O)OCCc1ccccc1,True,"['honey', 'fruity', 'floral', 'rose']",honey;fruity;floral;rose,True,False
487,MOL_000104,Dibenzyl ether,103-50-4,103-50-4,True,True,c1ccc(COCc2ccccc2)cc1,c1ccc(COCc2ccccc2)cc1,True,"['rose', 'earthy', 'almond', 'sweet', 'mushroom']",rose;earthy;almond;sweet;mushroom,True,False
2027,MOL_000105,Phenethyl butyrate,103-52-6,103-52-6,True,True,CCCC(=O)OCCc1ccccc1,CCCC(=O)OCCc1ccccc1,True,"['rose', 'green', 'fruity', 'musty', 'floral']",rose;green;fruity;musty;floral,True,False
2028,MOL_000106,Phenethyl cinnamate,103-53-7,103-53-7,True,True,O=C(/C=C/c1ccccc1)OCCc1ccccc1,O=C(/C=C/c1ccccc1)OCCc1ccccc1,True,"['balsamic', 'sweet']",balsamic;sweet,True,False
359,MOL_000107,Cinnamyl acetate,103-54-8,103-54-8,True,True,CC(=O)OC/C=C/c1ccccc1,CC(=O)OC/C=C/c1ccccc1,True,"['spicy', 'fruity', 'cinnamon', 'balsamic', 'floral', 'sweet']",spicy;fruity;cinnamon;balsamic;floral;sweet,True,False
369,MOL_000108,Cinnamyl propionate,103-56-0,103-56-0,True,True,CCC(=O)OC/C=C/c1ccccc1,CCC(=O)OC/C=C/c1ccccc1,True,"['spicy', 'rose', 'fruity', 'balsamic', 'floral']",spicy;rose;fruity;balsamic;floral,True,False
2098,MOL_000109,Phenylpropyl isobutyrate,103-58-2,103-58-2,True,True,CC(C)C(=O)OCCCc1ccccc1,CC(C)C(=O)OCCCc1ccccc1,True,"['fruity', 'balsamic', 'sweet', 'spicy']",fruity;balsamic;sweet;spicy,True,False
366,MOL_000110,Cinnamyl isobutyrate,103-59-3,103-59-3,True,True,CC(C)C(=O)OC/C=C/c1ccccc1,CC(C)C(=O)OC/C=C/c1ccccc1,True,"['pineapple', 'apple', 'plum', 'banana']",pineapple;apple;plum;banana,True,False
2050,MOL_000111,Phenoxyethyl isobutyrate,103-60-6,103-60-6,True,True,CC(C)C(=O)OCCOc1ccccc1,CC(C)C(=O)OCCOc1ccccc1,True,"['honey', 'fruity', 'floral']",honey;fruity;floral,True,False
363,MOL_000112,Cinnamyl butyrate,103-61-7,103-61-7,True,True,CCCC(=O)OC/C=C/c1ccccc1,CCCC(=O)OC/C=C/c1ccccc1,True,"['fruity', 'balsamic', 'floral']",fruity;balsamic;floral,True,False
3300,MOL_000113,bromstyrol,103-64-0,103-64-0,True,True,C1=CC=C(C=C1)C=CBr,BrC=Cc1ccccc1,True,"['leafy', 'green', 'floral']",leafy;green;floral,True,False
3148,MOL_000114,Ethyl phenyl ether,103-73-1,103-73-1,True,True,CCOc1ccccc1,CCOc1ccccc1,True,"['anisic', 'sweet']",anisic;sweet,True,False
2084,MOL_000115,Phenylpropanone,103-79-7,103-79-7,True,True,CC(=O)Cc1ccccc1,CC(=O)Cc1ccccc1,True,"['green', 'fruity', 'sharp']",green;fruity;sharp,True,False
2059,MOL_000116,Phenylacetic acid,103-82-2,103-82-2,True,True,O=C(O)Cc1ccccc1,O=C(O)Cc1ccccc1,True,"['honey', 'sweet', 'animal']",honey;sweet;animal,True,False
2321,MOL_000117,Tolyl isobutyrate,103-93-5,103-93-5,True,True,Cc1ccc(OC(=O)C(C)C)cc1,Cc1ccc(OC(=O)C(C)C)cc1,True,"['fruity', 'warm', 'animal']",fruity;warm;animal,True,False
1698,MOL_000118,Methylisopropylphenylpropionaldehyde,103-95-7,103-95-7,True,True,CC(C)c1ccc(C(C)CC=O)cc1,CC(C)c1ccc(C(C)CC=O)cc1,True,"['green', 'vegetable', 'floral']",green;vegetable;floral,True,False
3301,MOL_000119,methyl (S)-2-methyl butyrate,10307-60-5,10307-60-5,True,True,O=C(OC)[C@@H](C)CC,CC[C@H](C)C(=O)OC,True,"['fruity', 'apple']",fruity;apple,True,False
3302,MOL_000120,ethyl (S)-2-methyl butyrate,10307-61-6,10307-61-6,True,True,CC[C@H](C)C(=O)OCC,CCOC(=O)[C@@H](C)CC,True,"['fresh', 'fruity', 'apple', 'peach']",fresh;fruity;apple;peach,True,False
1154,MOL_000121,Hydroxycyclohexenone,10316-66-2,10316-66-2,True,True,O=C1CCCC=C1O,O=C1CCCC=C1O,True,"['caramellic', 'burnt']",caramellic;burnt,True,False
1736,MOL_000122,Methylpentenoic acid,10321-71-8,10321-71-8,True,True,CC(C)/C=C/C(=O)O,CC(C)/C=C/C(=O)O,True,"['tobacco', 'sour', 'berry']",tobacco;sour;berry,True,False
3303,MOL_000123,ethyl linalool,10339-55-6,10339-55-6,True,True,CC/C(=C/CCC(C)(C=C)O)/C,C=CC(C)(O)CC/C=C(\C)CC,True,"['fresh', 'woody', 'herbal', 'green', 'citrus']",fresh;woody;herbal;green;citrus,True,False
3225,MOL_000124,Nonenol,10339-61-4,10339-61-4,True,True,CCCCC/C=C/CCO,CCCCC/C=C/CCO,True,"['green', 'melon', 'waxy']",green;melon;waxy,True,False
1897,MOL_000125,Nonenol,10340-23-5,10340-23-5,True,True,CCCCC/C=C\CCO,CCCCC/C=C\CCO,True,"['green', 'melon', 'fresh', 'waxy']",green;melon;fresh;waxy,True,False
2738,MOL_000126,Ethyl hydroxymethylpentanoate,10348-47-7,10348-47-7,True,True,CCOC(=O)C(O)CC(C)C,CCOC(=O)C(O)CC(C)C,True,"['fruity', 'fresh', 'winey']",fruity;fresh;winey,True,False
2164,MOL_000127,Propyl crotonate,10352-87-1,10352-87-1,True,True,C/C=C/C(=O)OCCC,C/C=C/C(=O)OCCC,True,"['apple', 'caramellic', 'ethereal', 'fruity', 'chamomile']",apple;caramellic;ethereal;fruity;chamomile,True,False
202,MOL_000128,Benzyl valerate,10361-39-4,10361-39-4,True,True,CCCCC(=O)OCc1ccccc1,CCCCC(=O)OCc1ccccc1,True,"['apple', 'fruity', 'tobacco', 'musk']",apple;fruity;tobacco;musk,True,False
3304,MOL_000129,lily propanol,103694-68-4,103694-68-4,True,True,CC1=CC(=CC=C1)CC(C)(C)CO,Cc1cccc(CC(C)(C)CO)c1,True,"['floral', 'green', 'tropical']",floral;green;tropical,True,False
3073,MOL_000130,Propyl hexenoate,10380-79-7,10380-79-7,True,True,CCC/C=C/C(=O)OCCC,CCC/C=C/C(=O)OCCC,True,"['green', 'fruity', 'fresh']",green;fruity;fresh,True,False
2326,MOL_000131,Tolylacetaldehyde,104-09-6,104-09-6,True,True,Cc1ccc(CC=O)cc1,Cc1ccc(CC=O)cc1,True,"['green', 'fruity', 'nutty', 'melon', 'cherry', 'sweet']",green;fruity;nutty;melon;cherry;sweet,True,False
1454,MOL_000132,Anisyl acetone,104-20-1,104-20-1,True,True,COc1ccc(CCC(C)=O)cc1,COc1ccc(CCC(C)=O)cc1,True,"['fruity', 'floral', 'sweet', 'berry']",fruity;floral;sweet;berry,True,False
151,MOL_000133,Anisyl acetate,104-21-2,104-21-2,True,True,COc1ccc(COC(C)=O)cc1,COc1ccc(COC(C)=O)cc1,True,"['fruity', 'vanilla', 'balsamic', 'cherry', 'floral', 'coumarinic']",fruity;vanilla;balsamic;cherry;floral;coumarinic,True,False
1455,MOL_000134,Methoxyphenylpentenone,104-27-8,104-27-8,True,True,CCC(=O)/C=C/c1ccc(OC)cc1,CCC(=O)/C=C/c1ccc(OC)cc1,True,"['caramellic', 'sweet', 'buttery']",caramellic;sweet;buttery,True,False
2191,MOL_000135,Propylanisole,104-45-0,104-45-0,True,True,CCCc1ccc(OC)cc1,CCCc1ccc(OC)cc1,True,"['herbal', 'anisic', 'sweet']",herbal;anisic;sweet,True,False
3305,MOL_000136,anethol,104-46-1,104-46-1,True,True,COc1ccc(/C=C/C)cc1,C/C=C/c1ccc(OC)cc1,True,"['sweet', 'anisic', 'medicinal']",sweet;anisic;medicinal,True,False
1922,MOL_000137,Octalactone,104-50-7,104-50-7,True,True,CCCCC1CCC(=O)O1,CCCCC1CCC(=O)O1,True,"['coumarinic', 'coconut', 'sweet']",coumarinic;coconut;sweet,True,False
2087,MOL_000138,Phenylpropionaldehyde,104-53-0,104-53-0,True,True,O=CCCc1ccccc1,O=CCCc1ccccc1,True,"['green', 'balsamic', 'floral']",green;balsamic;floral,True,False
360,MOL_000139,Cinnamyl alcohol,104-54-1,104-54-1,True,True,OC/C=C\c1ccccc1,OC/C=C\c1ccccc1,True,"['balsamic', 'floral', 'sweet', 'spicy']",balsamic;floral;sweet;spicy,True,False
357,MOL_000140,Cinnamaldehyde,104-55-2,104-55-2,True,True,O=C/C=C/c1ccccc1,O=C/C=C/c1ccccc1,True,"['cinnamon', 'spicy']",cinnamon;spicy,True,False
186,MOL_000141,Benzyl formate,104-57-4,104-57-4,True,True,O=COCc1ccccc1,O=COCc1ccccc1,True,"['fruity', 'fresh', 'cherry']",fruity;fresh;cherry,True,False
1871,MOL_000142,Nonalactone,104-61-0,104-61-0,True,True,CCCCC[C@H]1CCC(=O)O1,CCCCC[C@H]1CCC(=O)O1,True,"['fatty', 'coconut']",fatty;coconut,True,False
2031,MOL_000143,Phenethyl formate,104-62-1,104-62-1,True,True,O=COCCc1ccccc1,O=COCCc1ccccc1,True,"['green', 'rose', 'herbal']",green;rose;herbal,True,False
2095,MOL_000144,Phenylpropyl formate,104-64-3,104-64-3,True,True,O=COCCCc1ccccc1,O=COCCCc1ccccc1,True,"['green', 'honey', 'floral', 'sweet']",green;honey;floral;sweet,True,False
365,MOL_000145,Cinnamyl formate,104-65-4,104-65-4,True,True,O=COC/C=C/c1ccccc1,O=COC/C=C/c1ccccc1,True,"['apple', 'fruity', 'herbal', 'balsamic']",apple;fruity;herbal;balsamic,True,False
2382,MOL_000146,Undecalactone,104-67-6,104-67-6,True,True,CCCCCCC[C@H]1CCC(=O)O1,CCCCCCC[C@H]1CCC(=O)O1,True,"['fatty', 'peach', 'apricot']",fatty;peach;apricot,True,False
854,MOL_000147,Ethylhexanol,104-76-7,104-76-7,True,True,CCCCC(CC)CO,CCCCC(CC)CO,True,"['oily', 'rose', 'sweet', 'fermented']",oily;rose;sweet;fermented,True,False
2316,MOL_000148,Tolualdehyde,104-87-0,104-87-0,True,True,Cc1ccc(C=O)cc1,Cc1ccc(C=O)cc1,True,"['cherry', 'almond', 'sweet']",cherry;almond;sweet,True,False
869,MOL_000149,Ethylmethylpyridine,104-90-5,104-90-5,True,True,CCc1ccc(C)nc1,CCc1ccc(C)nc1,True,"['potato', 'green', 'fatty', 'nutty', 'earthy']",potato;green;fatty;nutty;earthy,True,False
1589,MOL_000150,Methylanisole,104-93-8,104-93-8,True,True,COc1ccc(C)cc1,COc1ccc(C)cc1,True,"['leathery', 'green', 'nutty', 'sharp', 'phenolic', 'floral', 'sweet']",leathery;green;nutty;sharp;phenolic;floral;sweet,True,False
2767,MOL_000151,Eugenyl phenylacetate,10402-33-2,10402-33-2,True,True,C=CCc1ccc(OC(=O)Cc2ccccc2)c(OC)c1,C=CCc1ccc(OC(=O)Cc2ccccc2)c(OC)c1,True,"['spicy', 'honey', 'warm', 'aromatic', 'sweet']",spicy;honey;warm;aromatic;sweet,True,False
961,MOL_000152,Geranyl valerate,10402-47-8,10402-47-8,True,True,CCCCC(=O)OC/C=C(\C)CCC=C(C)C,CCCCC(=O)OC/C=C(\C)CCC=C(C)C,True,"['apple', 'rose', 'fruity', 'tobacco', 'pineapple']",apple;rose;fruity;tobacco;pineapple,True,False
3306,MOL_000153,geranyl methyl tiglate,10402-48-9,10402-48-9,True,True,CC(=CCC/C(=C/COC(=O)C(=C(C)C)C)/C)C,CC(C)=CCC/C(C)=C/COC(=O)C(C)=C(C)C,True,"['sweet', 'fruity', 'tropical', 'rose', 'herbal', 'rum']",sweet;fruity;tropical;rose;herbal;rum,True,False
3307,MOL_000154,2-phenyl propyl acetate,10402-52-5,10402-52-5,True,True,CC(COC(=O)C)C1=CC=CC=C1,CC(=O)OCC(C)c1ccccc1,True,"['sweet', 'floral', 'green', 'earthy']",sweet;floral;green;earthy,True,False
3308,MOL_000155,(R)-muscone,10403-00-6,10403-00-6,True,True,C[C@@H]1CCCCCCCCCCCCC(=O)C1,C[C@@H]1CCCCCCCCCCCCC(=O)C1,True,"['musk', 'animal', 'orris']",musk;animal;orris,True,False
3309,MOL_000156,cis-woody acetate,10411-92-4,10411-92-4,True,True,O=C(C)O[C@@H]1CC[C@@H](CC1)C(C)(C)C,CC(=O)O[C@H]1CC[C@@H](C(C)(C)C)CC1,True,"['fresh', 'fruity', 'floral', 'pine']",fresh;fruity;floral;pine,True,False
3310,MOL_000157,4-methoxybenzoyl oxyacetic acid,10414-68-3,10414-68-3,True,True,COC1=CC=C(C=C1)C(=O)OCC(=O)O,COc1ccc(C(=O)OCC(=O)O)cc1,True,['roasted'],roasted,True,False
2698,MOL_000158,Cresyl valerate,10415-86-8,10415-86-8,True,True,CCCCC(=O)Oc1ccc(C)cc1,CCCCC(=O)Oc1ccc(C)cc1,True,"['floral', 'musk', 'animal']",floral;musk;animal,True,False
2074,MOL_000159,Phenylmethylpentanol,10415-87-9,10415-87-9,True,True,CCC(C)(O)CCc1ccccc1,CCC(C)(O)CCc1ccccc1,True,"['fruity', 'floral', 'rose']",fruity;floral;rose,True,False
2070,MOL_000160,Phenylbutyl acetate,10415-88-0,10415-88-0,True,True,CC(=O)OC(C)CCc1ccccc1,CC(=O)OC(C)CCc1ccccc1,True,"['green', 'fruity', 'sweet']",green;fruity;sweet,True,False
2435,MOL_000161,Ethyl acetylthiobutyrate,104228-51-5,104228-51-5,True,True,CCOC(=S)C(CC)C(C)=O,CCOC(=S)C(CC)C(C)=O,True,"['sulfurous', 'fruity', 'meaty', 'tropical']",sulfurous;fruity;meaty;tropical,True,False
373,MOL_000162,Citral propylene glycol acetal,10444-50-5,10444-50-5,True,True,CC(C)=CCC/C(C)=C/C1OCC(C)O1,CC(C)=CCC/C(C)=C/C1OCC(C)O1,True,"['lemon', 'sweet', 'citrus']",lemon;sweet;citrus,True,False
3311,MOL_000163,chamomile propionate,104468-21-5,104468-21-5,True,True,CC(=C)CCOC(=O)C(C)(C)C,C=C(C)CCOC(=O)C(C)(C)C,True,"['fresh', 'herbal', 'fruity', 'floral', 'chamomile', 'rose']",fresh;herbal;fruity;floral;chamomile;rose,True,False
2785,MOL_000164,Hexyl decanoate,10448-26-7,10448-26-7,True,True,CCCCCCCCCC(=O)OCCCCCC,CCCCCCCCCC(=O)OCCCCCC,True,"['green', 'oily', 'fatty', 'fruity', 'herbal', 'winey']",green;oily;fatty;fruity;herbal;winey,True,False
3312,MOL_000165,peony acetonitrile,10461-98-0,10461-98-0,True,True,C1CCC(=C(C#N)C2=CC=CC=C2)CC1,N#CC(=C1CCCCC1)c1ccccc1,True,"['floral', 'grapefruit', 'fresh']",floral;grapefruit;fresh,True,False
3313,MOL_000166,peanut dithiazine,104691-41-0,104691-41-0,True,True,CC1NC(SC(S1)C)C(C)C,CC1NC(C(C)C)SC(C)S1,True,"['nutty', 'meaty', 'cocoa', 'onion']",nutty;meaty;cocoa;onion,True,False
22,MOL_000167,Acetaldehyde ethyl methyl acetal,10471-14-4,10471-14-4,True,True,CCOC(C)OC,CCOC(C)OC,True,"['alcoholic', 'ethereal', 'green', 'nutty', 'pungent']",alcoholic;ethereal;green;nutty;pungent,True,False
2713,MOL_000168,Diethyl dodecanedioate,10471-28-0,10471-28-0,True,True,CCOC(=O)CCCCCCCCCCC(=O)OCC,CCOC(=O)CCCCCCCCCCC(=O)OCC,True,['odorless'],odorless,True,False
1379,MOL_000169,Linalyl valerate,10471-96-2,10471-96-2,True,True,C=CC(C)(CCC=C(C)C)OC(=O)CCCC,C=CC(C)(CCC=C(C)C)OC(=O)CCCC,True,"['fruity', 'sweet']",fruity;sweet,True,False
3236,MOL_000170,Isoamyl angelate,10482-55-0,10482-55-0,True,True,C/C=C(/C)C(=O)OCCC(C)C,C/C=C(/C)C(=O)OCCC(C)C,True,"['fruity', 'herbal', 'chamomile', 'winey', 'floral']",fruity;herbal;chamomile;winey;floral,True,False
3314,MOL_000171,(-)-alpha-terpineol,10482-56-1,10482-56-1,True,True,CC1=CC[C@H](CC1)C(C)(C)O,CC1=CC[C@@H](C(C)(C)O)CC1,True,"['floral', 'pine']",floral;pine,True,False
2694,MOL_000172,Cinnamyl valerate,10482-65-2,10482-65-2,True,True,CCCCC(=O)OC/C=C/c1ccccc1,CCCCC(=O)OC/C=C/c1ccccc1,True,"['floral', 'rose', 'herbal']",floral;rose;herbal,True,False
3315,MOL_000173,citronellyl benzoate,10482-77-6,10482-77-6,True,True,CC(CCC=C(C)C)CCOC(=O)C1=CC=CC=C1,CC(C)=CCCC(C)CCOC(=O)c1ccccc1,True,"['citrus', 'rose']",citrus;rose,True,False
3316,MOL_000174,citronellyl cinnamate,10482-79-8,10482-79-8,True,True,CC(CCC=C(C)C)CCOC(=O)/C=C/C1=CC=CC=C1,CC(C)=CCCC(C)CCOC(=O)/C=C/c1ccccc1,True,"['floral', 'sweet', 'cinnamon', 'rose']",floral;sweet;cinnamon;rose,True,False
3317,MOL_000175,allyl salicylate,10484-09-0,10484-09-0,True,True,C=CCOC(=O)C1=CC=CC=C1O,C=CCOC(=O)c1ccccc1O,True,"['fruity', 'banana', 'pineapple', 'mint']",fruity;banana;pineapple;mint,True,False
1271,MOL_000176,Isoeugenol amyl ether,10484-36-3,10484-36-3,True,True,C/C=C/c1ccc(OCCCCC)c(OC)c1,C/C=C/c1ccc(OCCCCC)c(OC)c1,True,"['spicy', 'tea', 'balsamic', 'floral']",spicy;tea;balsamic;floral,True,False
2993,MOL_000177,Naphthyl butyl ether,10484-56-7,10484-56-7,True,True,CCCCOc1ccc2ccccc2c1,CCCCOc1ccc2ccccc2c1,True,"['fruity', 'strawberry', 'floral', 'sweet']",fruity;strawberry;floral;sweet,True,False
2225,MOL_000178,Rhodinyl phenylacetate,10486-14-3,10486-14-3,True,True,C=C(C)CCCC(C)CCOC(=O)Cc1ccccc1,C=C(C)CCCC(C)CCOC(=O)Cc1ccccc1,True,"['honey', 'rose', 'sweet']",honey;rose;sweet,True,False
2334,MOL_000179,Tridecanal,10486-19-8,10486-19-8,True,True,CCCCCCCCCCCCC=O,CCCCCCCCCCCCC=O,True,"['fatty', 'waxy', 'orange', 'citrus']",fatty;waxy;orange;citrus,True,False
3318,MOL_000180,vetiveryl formate,10486-25-6,10486-25-6,True,True,CC1CC(C=C(C2C1CC(=C(C)C)C2)C)OC=O,CC1=CC(OC=O)CC(C)C2CC(=C(C)C)CC12,True,"['woody', 'fresh']",woody;fresh,True,False
3319,MOL_000181,vetiveryl propionate,10486-26-7,10486-26-7,True,True,CCC(=O)OC1CC(C2CC(=C(C)C)CC2C(=C1)C)C,CCC(=O)OC1C=C(C)C2CC(=C(C)C)CC2C(C)C1,True,"['earthy', 'woody']",earthy;woody,True,False
3320,MOL_000182,"beta,2,2,3-tetramethyl-delta-methylene-3-cyclopentene-1-butanol",104864-90-6,104864-90-6,True,True,CC1(C)C(/C)=C\CC1C(=C)CC(C)CO,C=C(CC(C)CO)C1CC=C(C)C1(C)C,True,['woody'],woody,True,False
3321,MOL_000183,2-hydroxy-2-cyclopenten-1-one,10493-98-8,10493-98-8,True,True,C1CC(=O)C(=C1)O,O=C1CCC=C1O,True,['caramellic'],caramellic,True,False
3322,MOL_000184,berry hexanoate,104986-28-9,104986-28-9,True,True,CCOC(=O)CCCCCOC(=O)C,CCOC(=O)CCCCCOC(C)=O,True,"['fruity', 'floral', 'anisic', 'fresh', 'berry', 'jasmine', 'balsamic']",fruity;floral;anisic;fresh;berry;jasmine;balsamic,True,False
1238,MOL_000185,Isobutyl furanpropionate,105-01-1,105-01-1,True,True,CC(C)COC(=O)CCc1ccco1,CC(C)COC(=O)CCc1ccco1,True,"['fruity', 'brandy', 'pineapple', 'winey', 'rum']",fruity;brandy;pineapple;winey;rum,True,False
152,MOL_000186,Anisyl alcohol,105-13-5,105-13-5,True,True,COc1ccc(CO)cc1,COc1ccc(CO)cc1,True,"['creamy', 'fruity', 'vanilla', 'coumarinic', 'anisic', 'balsamic', 'floral', 'sweet']",creamy;fruity;vanilla;coumarinic;anisic;balsamic;floral;sweet,True,False
984,MOL_000187,Heptalactone,105-21-5,105-21-5,True,True,CCCC1CCC(=O)O1,CCCC1CCC(=O)O1,True,"['hay', 'coconut', 'coumarinic']",hay;coconut;coumarinic,True,False
1722,MOL_000188,Methylpentanol,105-30-6,105-30-6,True,True,CCCC(C)CO,CCCC(C)CO,True,"['alcoholic', 'solvent', 'ethereal', 'fermented', 'sweet']",alcoholic;solvent;ethereal;fermented;sweet,True,False
815,MOL_000189,Ethyl propionate,105-37-3,105-37-3,True,True,CCOC(=O)CC,CCOC(=O)CC,True,"['fruity', 'ethereal', 'rum']",fruity;ethereal;rum,True,False
1720,MOL_000190,Methylpentanoic acid,105-43-1,105-43-1,True,True,CCC(C)CC(=O)O,CCC(C)CC(=O)O,True,['cheesy'],cheesy,True,False
1463,MOL_000191,Methyl acetoacetate,105-45-3,105-45-3,True,True,COC(=O)CC(C)=O,COC(=O)CC(C)=O,True,"['apple', 'green', 'fruity', 'winey', 'brandy']",apple;green;fruity;winey;brandy,True,False
246,MOL_000192,Butyl acetate,105-46-4,105-46-4,True,True,CCC(C)OC(C)=O,CCC(C)OC(C)=O,True,"['ethereal', 'fruity', 'banana', 'pear', 'sweet']",ethereal;fruity;banana;pear;sweet,True,False
507,MOL_000193,Diethyl malonate,105-53-3,105-53-3,True,True,CCOC(=O)CC(=O)OCC,CCOC(=O)CC(=O)OCC,True,"['green', 'fruity', 'apple', 'sweet']",green;fruity;apple;sweet,True,False
730,MOL_000194,Ethyl butyrate,105-54-4,105-54-4,True,True,CCCC(=O)OCC,CCCC(=O)OCC,True,"['ripe', 'ethereal', 'fruity', 'banana', 'pineapple', 'buttery']",ripe;ethereal;fruity;banana;pineapple;buttery,True,False
1,MOL_000195,Acetal,105-57-7,105-57-7,True,True,CCOC(C)OCC,CCOC(C)OCC,True,"['green', 'fruity', 'alcoholic']",green;fruity;alcoholic,True,False
502,MOL_000196,Diethyl carbonate,105-58-8,105-58-8,True,True,CCOC(=O)OCC,CCOC(=O)OCC,True,"['fresh', 'ethereal']",fresh;ethereal,True,False
1040,MOL_000197,Hexalactam,105-60-2,105-60-2,True,True,O=C1CCCCCN1,O=C1CCCCCN1,True,"['fishy', 'spicy', 'animal']",fishy;spicy;animal,True,False
2162,MOL_000198,Propyl butyrate,105-66-8,105-66-8,True,True,CCCOC(=O)CCC,CCCOC(=O)CCC,True,"['fruity', 'sweet']",fruity;sweet,True,False
2425,MOL_000199,Xylenol,105-67-9,105-67-9,True,True,Cc1ccc(O)c(C)c1,Cc1ccc(O)c(C)c1,True,"['phenolic', 'burnt', 'sharp']",phenolic;burnt;sharp,True,False
1210,MOL_000200,Isoamyl propionate,105-68-0,105-68-0,True,True,CCC(=O)OCCC(C)C,CCC(=O)OCCC(C)C,True,"['apricot', 'fruity', 'banana', 'tropical', 'pineapple', 'plum', 'sweet']",apricot;fruity;banana;tropical;pineapple;plum;sweet,True,False
1241,MOL_000201,Isobutyl hexanoate,105-79-3,105-79-3,True,True,CCCCCC(=O)OCC(C)C,CCCCCC(=O)OCC(C)C,True,"['fruity', 'winey', 'pineapple']",fruity;winey;pineapple,True,False
15,MOL_000202,Acetaldehyde dipropyl acetal,105-82-8,105-82-8,True,True,CCCOC(C)OCCC,CCCOC(C)OCCC,True,"['alcoholic', 'ethereal', 'green', 'earthy', 'fruity', 'fresh', 'vegetable', 'winey']",alcoholic;ethereal;green;earthy;fruity;fresh;vegetable;winey,True,False
384,MOL_000203,Citronellyl formate,105-85-1,105-85-1,True,True,CC(C)=CCCC(C)CCOC=O,CC(C)=CCCC(C)CCOC=O,True,"['leafy', 'fruity', 'green', 'rose']",leafy;fruity;green;rose,True,False
950,MOL_000204,Geranyl formate,105-86-2,105-86-2,True,True,CC(C)=CCC/C(C)=C/COC=O,CC(C)=CCC/C(C)=C/COC=O,True,"['rose', 'green', 'fruity', 'fresh', 'leafy']",rose;green;fruity;fresh;leafy,True,False
945,MOL_000205,Geranyl acetate,105-87-3,105-87-3,True,True,CC(=O)OC/C=C(\C)CCC=C(C)C,CC(=O)OC/C=C(\C)CCC=C(C)C,True,"['rose', 'green', 'fruity', 'floral', 'sweet']",rose;green;fruity;floral;sweet,True,False
2226,MOL_000206,Rhodinyl propionate,105-89-5,105-89-5,True,True,C=C(C)CCCC(C)CCOC(=O)CC,C=C(C)CCCC(C)CCOC(=O)CC,True,"['rose', 'floral', 'sweet']",rose;floral;sweet,True,False
959,MOL_000207,Geranyl propionate,105-90-8,105-90-8,True,True,CCC(=O)OC/C=C(\C)CCC=C(C)C,CCC(=O)OC/C=C(\C)CCC=C(C)C,True,"['fruity', 'grape', 'rose', 'sweet']",fruity;grape;rose;sweet,True,False
1856,MOL_000208,Neryl propionate,105-91-9,105-91-9,True,True,CCC(=O)OC/C=C(/C)CCC=C(C)C,CCC(=O)OC/C=C(/C)CCC=C(C)C,True,"['fruity', 'sweet']",fruity;sweet,True,False
846,MOL_000209,Ethylene brassylate,105-95-3,105-95-3,True,True,O=C1CCCCCCCCCCCC(=O)OCCO1,O=C1CCCCCCCCCCCC(=O)OCCO1,True,"['musk', 'fatty', 'sweet', 'oily']",musk;fatty;sweet;oily,True,False
3323,MOL_000210,butyl para-cresol ether,10519-06-9,10519-06-9,True,True,CCCCOC1=CC=C(C=C1)C,CCCCOc1ccc(C)cc1,True,['floral'],floral,True,False
3324,MOL_000211,2-decalinyl acetate,10519-11-6,10519-11-6,True,True,CC(=O)OC1CCC2CCCCC2C1,CC(=O)OC1CCC2CCCCC2C1,True,"['woody', 'floral', 'fruity', 'herbal', 'musty']",woody;floral;fruity;herbal;musty,True,False
3325,MOL_000212,2-decalinyl formate,10519-12-7,10519-12-7,True,True,C1CCC2CC(CCC2C1)OC=O,O=COC1CCC2CCCCC2C1,True,"['woody', 'dry', 'oily', 'floral']",woody;dry;oily;floral,True,False
3326,MOL_000213,ethyl decine carbonate,10519-17-2,10519-17-2,True,True,O=C(C#CCCCCCCCC)OCC,CCCCCCCCC#CC(=O)OCC,True,"['green', 'floral', 'waxy']",green;floral;waxy,True,False
3327,MOL_000214,ethyl heptine carbonate,10519-20-7,10519-20-7,True,True,CCCCCC#CC(=O)OCC,CCCCCC#CC(=O)OCC,True,"['leafy', 'oily', 'waxy']",leafy;oily;waxy,True,False
466,MOL_000215,Decenone,10519-33-2,10519-33-2,True,True,CCCCCC/C=C/C(C)=O,CCCCCC/C=C/C(C)=O,True,"['green', 'fruity', 'fatty', 'savory', 'chicken', 'waxy', 'jasmine', 'buttery']",green;fruity;fatty;savory;chicken;waxy;jasmine;buttery,True,False
2075,MOL_000216,Phenylpentanol,10521-91-2,10521-91-2,True,True,OCCCCCc1ccccc1,OCCCCCc1ccccc1,True,"['citrus', 'herbal', 'floral', 'sweet']",citrus;herbal;floral;sweet,True,False
3328,MOL_000217,styryl acetate,10521-96-7,10521-96-7,True,True,CC(=O)O/C=C\C1=CC=CC=C1,CC(=O)O/C=C\c1ccccc1,True,"['sweet', 'fruity', 'rum']",sweet;fruity;rum,True,False
1580,MOL_000218,Methyl undecynoate,10522-18-6,10522-18-6,True,True,CCCCCCCCC#CC(=O)OC,CCCCCCCCC#CC(=O)OC,True,"['green', 'violet', 'waxy', 'floral']",green;violet;waxy;floral,True,False
3329,MOL_000219,neryl phenyl acetate,10522-32-4,10522-32-4,True,True,CC(=CCC/C(=C\COC(=O)CC1=CC=CC=C1)/C)C,CC(C)=CCC/C(C)=C\COC(=O)Cc1ccccc1,True,"['honey', 'rose', 'floral']",honey;rose;floral,True,False
2840,MOL_000220,Nonyl isobutyrate,10522-34-6,10522-34-6,True,True,CCCCCCCCCOC(=O)C(C)C,CCCCCCCCCOC(=O)C(C)C,True,"['apricot', 'rose', 'green', 'sharp', 'orange', 'herbal', 'sweet']",apricot;rose;green;sharp;orange;herbal;sweet,True,False
3330,MOL_000221,ethyl crotonate,10544-63-5,10544-63-5,True,True,CCOC(=O)C=CC,CC=CC(=O)OCC,True,"['pungent', 'fruity', 'sour', 'sharp', 'rum', 'cognac', 'pineapple', 'meaty']",pungent;fruity;sour;sharp;rum;cognac;pineapple;meaty,True,False
3331,MOL_000222,(Z)-4-octen-1-yl acetate,105450-79-1,105450-79-1,True,True,CCC/C=C\CCCOC(=O)C,CCC/C=C\CCCOC(C)=O,True,"['fruity', 'fishy', 'pear']",fruity;fishy;pear,True,False
3332,MOL_000223,"1-allyl-2,2,7,7-tetramethyl cycloheptanol",105463-44-3,105463-44-3,True,True,CC1(CCCCC(C1(CC=C)O)(C)C)C,C=CCC1(O)C(C)(C)CCCCC1(C)C,True,"['woody', 'camphoreous', 'earthy']",woody;camphoreous;earthy,True,False
625,MOL_000224,Dimethylpentylfuranone,10547-84-9,10547-84-9,True,True,CCCCCC1C(=O)OC(C)=C1C,CCCCCC1C(=O)OC(C)=C1C,True,"['green', 'tea']",green;tea,True,False
2542,MOL_000225,Decenal,105683-99-6,105683-99-6,True,True,CCCC=CCCCCC=O,CCCC=CCCCCC=O,True,"['green', 'herbal']",green;herbal,True,False
2690,MOL_000226,Butyl undecanoate,10580-24-2,10580-24-2,True,True,CCCCCCCCCCC(=O)OCCCC,CCCCCCCCCCC(=O)OCCCC,True,"['oily', 'fruity', 'fatty', 'waxy', 'cognac']",oily;fruity;fatty;waxy;cognac,True,False
385,MOL_000227,Citronellyl hexanoate,10580-25-3,10580-25-3,True,True,CCCCCC(=O)OCCC(C)CCC=C(C)C,CCCCCC(=O)OCCC(C)CCC=C(C)C,True,"['apple', 'rose', 'fruity', 'pear', 'pineapple', 'floral']",apple;rose;fruity;pear;pineapple;floral,True,False
1257,MOL_000228,Isobutyl valerate,10588-10-0,10588-10-0,True,True,CCCCC(=O)OCC(C)C,CCCCC(=O)OCC(C)C,True,"['fruity', 'apple', 'ethereal']",fruity;apple;ethereal,True,False
3333,MOL_000229,isopulegyl formate,10588-15-5,10588-15-5,True,True,CC1CCC(C(C1)OC=O)C(=C)C,C=C(C)C1CCC(C)CC1OC=O,True,"['mint', 'green', 'leafy', 'floral']",mint;green;leafy;floral,True,False
1755,MOL_000230,Methylpropionylfuran,10599-69-6,10599-69-6,True,True,CCC(=O)c1ccc(C)o1,CCC(=O)c1ccc(C)o1,True,"['green', 'nutty', 'hazelnut', 'hay']",green;nutty;hazelnut;hay,True,False
51,MOL_000231,Acetyldimethylfuran,10599-70-9,10599-70-9,True,True,CC(=O)c1cc(C)oc1C,CC(=O)c1cc(C)oc1C,True,"['earthy', 'nutty', 'sweet', 'roasted']",earthy;nutty;sweet;roasted,True,False
1982,MOL_000232,Pentadecalactone,106-02-5,106-02-5,True,True,O=C1CCCCCCCCCCCCCCO1,O=C1CCCCCCCCCCCCCCO1,True,"['musk', 'sweet', 'pear']",musk;sweet;pear,True,False
280,MOL_000233,Butyl laurate,106-18-3,106-18-3,True,True,CCCCCCCCCCCC(=O)OCCCC,CCCCCCCCCCCC(=O)OCCCC,True,"['oily', 'fatty', 'fruity']",oily;fatty;fruity,True,False
2722,MOL_000234,Dipropyl adipate,106-19-4,106-19-4,True,True,CCCOC(=O)CCCCC(=O)OCCC,CCCOC(=O)CCCCC(=O)OCCC,True,"['solvent', 'odorless']",solvent;odorless,True,False
619,MOL_000235,Dimethyloctanol,106-21-8,106-21-8,True,True,CC(C)CCCC(C)CCO,CC(C)CCCC(C)CCO,True,"['rose', 'waxy', 'sweet']",rose;waxy;sweet,True,False
378,MOL_000236,Citronellol,106-22-9,106-22-9,True,True,CC(C)=CCC[C@@H](C)CCO,CC(C)=CCC[C@@H](C)CCO,True,['rose'],rose,True,False
377,MOL_000237,Citronellal,106-23-0,106-23-0,True,True,CC(C)=CCC[C@@H](C)CC=O,CC(C)=CCC[C@@H](C)CC=O,True,"['citrus', 'green', 'fresh', 'lemon', 'woody']",citrus;green;fresh;lemon;woody,True,False
944,MOL_000238,Geraniol,106-24-1,106-24-1,True,True,CC(C)=CCC/C(C)=C/CO,CC(C)=CCC/C(C)=C/CO,True,"['rose', 'floral', 'sweet']",rose;floral;sweet,True,False
1847,MOL_000239,Nerol,106-25-2,106-25-2,True,True,CC(C)=CCC/C(C)=C\CO,CC(C)=CCC/C(C)=C\CO,True,"['fresh', 'rose', 'sweet']",fresh;rose;sweet,True,False
1845,MOL_000240,Neral,106-26-3,106-26-3,True,True,CC(C)=CCC/C(C)=C\C=O,CC(C)=CCC/C(C)=C\C=O,True,"['fruity', 'lemon', 'citrus', 'herbal']",fruity;lemon;citrus;herbal,True,False
1192,MOL_000241,Isoamyl butyrate,106-27-4,106-27-4,True,True,CCCC(=O)OCCC(C)C,CCCC(=O)OCCC(C)C,True,['fruity'],fruity,True,False
3334,MOL_000242,"(E,E)-farnesol",106-28-5,106-28-5,True,True,CC(=CCC/C(=C/CC/C(=C/CO)/C)/C)C,CC(C)=CCC/C(C)=C/CC/C(C)=C/CO,True,"['floral', 'sweet', 'waxy']",floral;sweet;waxy,True,False
948,MOL_000243,Geranyl butyrate,106-29-6,106-29-6,True,True,CCCC(=O)OC/C=C(\C)CCC=C(C)C,CCCC(=O)OC/C=C(\C)CCC=C(C)C,True,"['fruity', 'rose', 'sweet']",fruity;rose;sweet,True,False
754,MOL_000244,Ethyl heptanoate,106-30-9,106-30-9,True,True,CCCCCCC(=O)OCC,CCCCCCC(=O)OCC,True,"['fruity', 'winey', 'cognac']",fruity;winey;cognac,True,False
798,MOL_000245,Ethyl octanoate,106-32-1,106-32-1,True,True,CCCCCCCC(=O)OCC,CCCCCCCC(=O)OCC,True,"['fruity', 'winey', 'sweet']",fruity;winey;sweet,True,False
767,MOL_000246,Ethyl laurate,106-33-2,106-33-2,True,True,CCCCCCCCCCCC(=O)OCC,CCCCCCCCCCCC(=O)OCC,True,"['oily', 'fatty', 'fruity', 'waxy', 'floral']",oily;fatty;fruity;waxy;floral,True,False
997,MOL_000247,Heptanone,106-35-4,106-35-4,True,True,CCCCC(=O)CC,CCCCC(=O)CC,True,"['green', 'fatty', 'fruity', 'banana']",green;fatty;fruity;banana,True,False
2186,MOL_000248,Propyl propionate,106-36-5,106-36-5,True,True,CCCOC(=O)CC,CCCOC(=O)CC,True,"['fruity', 'ethereal', 'rum']",fruity;ethereal;rum,True,False
395,MOL_000249,Cresol,106-44-5,106-44-5,True,True,Cc1ccc(O)cc1,Cc1ccc(O)cc1,True,"['animal', 'phenolic', 'smoky', 'medicinal']",animal;phenolic;smoky;medicinal,True,False
572,MOL_000250,Dimethyl succinate,106-65-0,106-65-0,True,True,COC(=O)CCC(=O)OC,COC(=O)CCC(=O)OC,True,"['green', 'fruity', 'winey', 'ethereal']",green;fruity;winey;ethereal,True,False
1935,MOL_000251,Octanone,106-68-3,106-68-3,True,True,CCCCCC(=O)CC,CCCCCC(=O)CC,True,"['earthy', 'fruity', 'cheesy', 'herbal']",earthy;fruity;cheesy;herbal,True,False
1506,MOL_000252,Methyl hexanoate,106-70-7,106-70-7,True,True,CCCCCC(=O)OC,CCCCCC(=O)OC,True,"['fruity', 'apple', 'pineapple', 'ethereal']",fruity;apple;pineapple;ethereal,True,False
605,MOL_000253,Dimethylheptenal,106-72-9,106-72-9,True,True,CC(C)=CCCC(C)C=O,CC(C)=CCCC(C)C=O,True,"['green', 'melon']",green;melon,True,False
1504,MOL_000254,Methyl heptanoate,106-73-0,106-73-0,True,True,CCCCCCC(=O)OC,CCCCCCC(=O)OC,True,"['apple', 'green', 'fruity', 'waxy', 'berry', 'orris']",apple;green;fruity;waxy;berry;orris,True,False
2718,MOL_000255,Dimethyl sebacate,106-79-6,106-79-6,True,True,COC(=O)CCCCCCCCC(=O)OC,COC(=O)CCCCCCCCC(=O)OC,True,"['fruity', 'ethereal']",fruity;ethereal,True,False
236,MOL_000256,Butenal diethyl acetal,10602-34-3,10602-34-3,True,True,C/C=C/C(OCC)OCC,C/C=C/C(OCC)OCC,True,"['ethereal', 'fruity', 'sharp', 'herbal', 'pungent']",ethereal;fruity;sharp;herbal;pungent,True,False
1007,MOL_000257,Heptenol,10606-47-0,10606-47-0,True,True,CCC/C=C/CCO,CCC/C=C/CCO,True,"['grassy', 'green', 'fresh', 'herbal', 'floral']",grassy;green;fresh;herbal;floral,True,False
3249,MOL_000258,Methylpropyloxathiane,1064678-08-5,1064678-08-5,True,True,CCCC1(C)CCCOS1,CCCC1(C)CCCOS1,True,"['onion', 'garlic', 'sweet']",onion;garlic;sweet,True,False
2146,MOL_000259,Propenal,107-02-8,107-02-8,True,True,C=CC=O,C=CC=O,True,"['alliaceous', 'sharp', 'herbal', 'pungent']",alliaceous;sharp;herbal;pungent,True,False
2144,MOL_000260,Propanethiol,107-03-9,107-03-9,True,True,CCCS,CCCS,True,"['meaty', 'cabbage', 'onion', 'sulfurous']",meaty;cabbage;onion;sulfurous,True,False
2190,MOL_000261,Propylamine,107-10-8,107-10-8,True,True,CCCN,CCCN,True,"['fishy', 'cheesy']",fishy;cheesy,True,False
80,MOL_000262,Allyl alcohol,107-18-6,107-18-6,True,True,C=CCO,C=CCO,True,"['sharp', 'pungent']",sharp;pungent,True,False
3335,MOL_000263,propargyl alcohol,107-19-7,107-19-7,True,True,C#CCO,C#CCO,True,['floral'],floral,True,False
972,MOL_000264,Glyoxal,107-22-2,107-22-2,True,True,O=CC=O,O=CC=O,True,"['burnt', 'caramellic']",burnt;caramellic,True,False
1496,MOL_000265,Methyl formate,107-31-3,107-31-3,True,True,COC=O,COC=O,True,"['ethereal', 'fresh', 'warm', 'winey', 'rum']",ethereal;fresh;warm;winey;rum,True,False
1153,MOL_000266,Hydroxycitronellol,107-74-4,107-74-4,True,True,CC(CCO)CCCC(C)(C)O,CC(CCO)CCCC(C)(C)O,True,"['rose', 'floral', 'sweet']",rose;floral;sweet,True,False
1152,MOL_000267,Hydroxycitronellal,107-75-5,107-75-5,True,True,CC(CC=O)CCCC(C)(C)O,CC(CC=O)CCCC(C)(C)O,True,"['floral', 'sweet']",floral;sweet,True,False
1286,MOL_000268,Isopentylamine,107-85-7,107-85-7,True,True,CC(C)CCN,CC(C)CCN,True,['cheesy'],cheesy,True,False
1609,MOL_000269,Methylbutenal,107-86-8,107-86-8,True,True,CC(C)=CC=O,CC(C)=CC=O,True,"['fruity', 'spicy', 'almond', 'nutty']",fruity;spicy;almond;nutty,True,False
1995,MOL_000270,Pentanone,107-87-9,107-87-9,True,True,CCCC(C)=O,CCCC(C)=O,True,"['ketonic', 'ethereal', 'fruity', 'banana', 'dairy', 'rum']",ketonic;ethereal;fruity;banana;dairy;rum,True,False
316,MOL_000271,Butyric acid,107-92-6,107-92-6,True,True,CCCC(=O)O,CCCC(=O)O,True,"['buttery', 'sour', 'cheesy']",buttery;sour;cheesy,True,False
3336,MOL_000272,(E)-2-butenoic acid,107-93-7,107-93-7,True,True,C/C=C/C(=O)O,C/C=C/C(=O)O,True,['milky'],milky,True,False
1429,MOL_000273,Mercaptopropionic acid,107-96-0,107-96-0,True,True,O=C(O)CCS,O=C(O)CCS,True,"['sulfurous', 'meaty', 'roasted']",sulfurous;meaty;roasted,True,False
3016,MOL_000274,Methoxypropanol,107-98-2,107-98-2,True,True,COCC(C)O,COCC(C)O,True,"['sweet', 'ethereal']",sweet;ethereal,True,False
2676,MOL_000275,Allyl levulinate,1070-35-5,1070-35-5,True,True,C=CCOC(=O)CCC(C)=O,C=CCOC(=O)CCC(C)=O,True,"['fruity', 'burnt', 'sweet', 'banana']",fruity;burnt;sweet;banana,True,False
68,MOL_000276,Acetylpyrrole,1072-83-9,1072-83-9,True,True,CC(=O)c1ccc[nH]1,CC(=O)c1ccc[nH]1,True,"['nutty', 'tea', 'cherry', 'musty']",nutty;tea;cherry;musty,True,False
2479,MOL_000277,Lavender lactone,1073-11-6,1073-11-6,True,True,C=CC1(C)CCC(=O)O1,C=CC1(C)CCC(=O)O1,True,"['fruity', 'floral']",fruity;floral,True,False
2155,MOL_000278,Propionylpyrrole,1073-26-3,1073-26-3,True,True,CCC(=O)c1ccc[nH]1,CCC(=O)c1ccc[nH]1,True,"['green', 'roasted']",green;roasted,True,False
1807,MOL_000279,Methylthiophenol,1073-29-6,1073-29-6,True,True,CSc1ccccc1O,CSc1ccccc1O,True,"['caramellic', 'meaty', 'burnt', 'brothy', 'sulfurous', 'smoky', 'beefy']",caramellic;meaty;burnt;brothy;sulfurous;smoky;beefy,True,False
2311,MOL_000280,Thymol methyl ether,1076-56-8,1076-56-8,True,True,COc1cc(C)ccc1C(C)C,COc1cc(C)ccc1C(C)C,True,"['spicy', 'herbal']",spicy;herbal,True,False
3337,MOL_000281,1-octen-3-yl propionate,107697-91-6,107697-91-6,True,True,O=C(OC(\C=C)CCCCC)CC,C=CC(CCCCC)OC(=O)CC,True,['mushroom'],mushroom,True,False
3338,MOL_000282,"bornane-3,1-cyclopenta-2-one",107715-18-4,107715-18-4,True,True,CC1(C2CCC1(C(=O)C23CCCC3)C)C,CC12CCC(C3(CCCC3)C1=O)C2(C)C,True,"['herbal', 'woody']",herbal;woody,True,False
3339,MOL_000283,(R)-gamma-decalactone,107797-26-2,107797-26-2,True,True,O=C1O[C@H](CCCCCC)CC1,CCCCCC[C@@H]1CCC(=O)O1,True,"['fatty', 'sweet', 'fruity', 'coconut', 'caramellic']",fatty;sweet;fruity;coconut;caramellic,True,False
3340,MOL_000284,(S)-gamma-decalactone,107797-27-3,107797-27-3,True,True,O=C1O[C@@H](CCCCCC)CC1,CCCCCC[C@H]1CCC(=O)O1,True,"['ethereal', 'sweet', 'coconut', 'fruity', 'fatty']",ethereal;sweet;coconut;fruity;fatty,True,False
3292,MOL_000285,Pinocarvyl acetate,1078-95-1,1078-95-1,True,True,C=C1C(OC(C)=O)CC2CC1C2(C)C,C=C1C(OC(C)=O)CC2CC1C2(C)C,True,"['fruity', 'camphoreous', 'mint', 'herbal']",fruity;camphoreous;mint;herbal,True,False
3341,MOL_000286,santol pentenol,107898-54-4,107898-54-4,True,True,CC1=CCC(C1(C)C)/C=C/C(C)(C)C(C)O,CC1=CCC(/C=C/C(C)(C)C(C)O)C1(C)C,True,"['woody', 'herbal', 'tropical']",woody;herbal;tropical,True,False
1836,MOL_000287,Myrtenyl acetate,1079-01-2,1079-01-2,True,True,CC(=O)OCC1=CCC2CC1C2(C)C,CC(=O)OCC1=CCC2CC1C2(C)C,True,"['spicy', 'herbal', 'woody', 'floral', 'sweet']",spicy;herbal;woody;floral;sweet,True,False
1729,MOL_000288,Methylpentanone,108-10-1,108-10-1,True,True,CC(=O)CC(C)C,CC(=O)CC(C)C,True,"['green', 'fruity', 'sweet', 'ethereal']",green;fruity;sweet;ethereal,True,False
1728,MOL_000289,Methylpentanol,108-11-2,108-11-2,True,True,CC(C)CC(C)O,CC(C)CC(C)O,True,"['alcoholic', 'solvent', 'green', 'oily', 'fermented', 'winey']",alcoholic;solvent;green;oily;fermented;winey,True,False
1298,MOL_000290,Isopropyl acetate,108-21-4,108-21-4,True,True,CC(=O)OC(C)C,CC(=O)OC(C)C,True,"['fruity', 'sharp', 'ethereal']",fruity;sharp;ethereal,True,False
2147,MOL_000291,Isopropenyl acetate,108-22-5,108-22-5,True,True,C=C(C)OC(C)=O,C=C(C)OC(C)=O,True,"['ethereal', 'fruity', 'cognac', 'rum']",ethereal;fruity;cognac;rum,True,False
2402,MOL_000292,Valerolactone,108-29-2,108-29-2,True,True,CC1CCC(=O)O1,CC1CCC(=O)O1,True,"['coumarinic', 'hay', 'sweet']",coumarinic;hay;sweet,True,False
394,MOL_000293,Cresol,108-39-4,108-39-4,True,True,Cc1cccc(O)c1,Cc1cccc(O)c1,True,"['leathery', 'phenolic', 'medicinal', 'dry']",leathery;phenolic;medicinal;dry,True,False
2219,MOL_000294,Resorcinol,108-46-3,108-46-3,True,True,Oc1cccc(O)c1,Oc1cccc(O)c1,True,['odorless'],odorless,True,False
639,MOL_000295,Dimethylpyridine,108-47-4,108-47-4,True,True,Cc1ccnc(C)c1,Cc1ccnc(C)c1,True,"['green', 'fishy', 'animal', 'phenolic', 'smoky', 'mint']",green;fishy;animal;phenolic;smoky;mint,True,False
640,MOL_000296,Dimethylpyridine,108-48-5,108-48-5,True,True,Cc1cccc(C)n1,Cc1cccc(C)n1,True,"['green', 'nutty', 'cocoa', 'coffee', 'herbal', 'musty']",green;nutty;cocoa;coffee;herbal;musty,True,False
637,MOL_000297,Dimethylpyrazine,108-50-9,108-50-9,True,True,Cc1cncc(C)n1,Cc1cncc(C)n1,True,"['roasted', 'potato', 'chocolate']",roasted;potato;chocolate,True,False
571,MOL_000298,Dimethyl malonate,108-59-8,108-59-8,True,True,COC(=O)CC(=O)OC,COC(=O)CC(=O)OC,True,"['green', 'fruity', 'apple', 'ethereal']",green;fruity;apple;ethereal,True,False
765,MOL_000299,Ethyl isovalerate,108-64-5,108-64-5,True,True,CCOC(=O)CC(C)C,CCOC(=O)CC(C)C,True,"['apple', 'fruity', 'banana', 'winey', 'buttery']",apple;fruity;banana;winey;buttery,True,False
2429,MOL_000300,Xylenol,108-68-9,108-68-9,True,True,Cc1cc(C)cc(O)c1,Cc1cc(C)cc(O)c1,True,"['woody', 'phenolic', 'spicy', 'orris']",woody;phenolic;spicy;orris,True,False
2367,MOL_000301,Trimethylpyridine,108-75-8,108-75-8,True,True,Cc1cc(C)nc(C)c1,Cc1cc(C)nc(C)c1,True,"['leathery', 'green', 'tobacco', 'fishy', 'animal', 'musty']",leathery;green;tobacco;fishy;animal;musty,True,False
603,MOL_000302,Dimethylheptanol,108-82-7,108-82-7,True,True,CC(C)CC(O)CC(C)C,CC(C)CC(O)CC(C)C,True,"['green', 'fruity', 'winey', 'fermented', 'sweet']",green;fruity;winey;fermented;sweet,True,False
604,MOL_000303,Dimethylheptanone,108-83-8,108-83-8,True,True,CC(C)CC(=O)CC(C)C,CC(C)CC(=O)CC(C)C,True,"['fruity', 'sweet']",fruity;sweet,True,False
586,MOL_000304,Dimethylbutyl acetate,108-84-9,108-84-9,True,True,CC(=O)OC(C)CC(C)C,CC(=O)OC(C)CC(C)C,True,"['fruity', 'apple', 'fresh', 'banana']",fruity;apple;fresh;banana,True,False
1766,MOL_000305,Methylpyridine,108-89-4,108-89-4,True,True,Cc1ccncc1,Cc1ccncc1,True,"['green', 'tobacco', 'fishy', 'animal']",green;tobacco;fishy;animal,True,False
407,MOL_000306,Cyclohexanol,108-93-0,108-93-0,True,True,OC1CCCCC1,OC1CCCCC1,True,"['fermented', 'camphoreous', 'mint']",fermented;camphoreous;mint,True,False
408,MOL_000307,Cyclohexanone,108-94-1,108-94-1,True,True,O=C1CCCCC1,O=C1CCCCC1,True,"['ketonic', 'solvent', 'camphoreous', 'sweet', 'mint']",ketonic;solvent;camphoreous;sweet;mint,True,False
2047,MOL_000308,Phenol,108-95-2,108-95-2,True,True,Oc1ccccc1,Oc1ccccc1,True,"['phenolic', 'medicinal']",phenolic;medicinal,True,False
166,MOL_000309,Benzenethiol,108-98-5,108-98-5,True,True,Sc1ccccc1,Sc1ccccc1,True,"['burnt', 'meaty']",burnt;meaty,True,False
1765,MOL_000310,Methylpyridine,108-99-6,108-99-6,True,True,Cc1cccnc1,Cc1cccnc1,True,"['green', 'earthy', 'hazelnut', 'tobacco']",green;earthy;hazelnut;tobacco,True,False
2412,MOL_000311,Vanillylidene acetone,1080-12-2,1080-12-2,True,True,COc1cc(/C=C/C(C)=O)ccc1O,COc1cc(/C=C/C(C)=O)ccc1O,True,"['creamy', 'spicy', 'vanilla', 'warm', 'balsamic', 'sweet']",creamy;spicy;vanilla;warm;balsamic;sweet,True,False
3271,MOL_000312,Propyl octenoate,108058-77-1,108058-77-1,True,True,CCCCCC=CC(=O)OCCC,CCCCCC=CC(=O)OCCC,True,['fatty'],fatty,True,False
1500,MOL_000313,Methyl furfurylthioacetate,108499-33-8,108499-33-8,True,True,COC(=S)CCc1ccco1,COC(=S)CCc1ccco1,True,"['sulfurous', 'coffee']",sulfurous;coffee,True,False
3342,MOL_000314,(R)-delta-undecalactone,108861-12-7,108861-12-7,True,True,O=C1CCC[C@@H](CCCCCC)O1,CCCCCC[C@@H]1CCCC(=O)O1,True,"['fruity', 'sweet', 'creamy']",fruity;sweet;creamy,True,False
1752,MOL_000315,Methylpiperidine,109-05-7,109-05-7,True,True,CC1CCCCN1,CC1CCCCN1,True,"['roasted', 'nutty', 'fishy', 'popcorn', 'cheesy']",roasted;nutty;fishy;popcorn;cheesy,True,False
1764,MOL_000316,Methylpyridine,109-06-8,109-06-8,True,True,Cc1ccccn1,Cc1ccccn1,True,"['fishy', 'hazelnut', 'popcorn', 'rum']",fishy;hazelnut;popcorn;rum,True,False
1763,MOL_000317,Methylpyrazine,109-08-0,109-08-0,True,True,Cc1cnccn1,Cc1cnccn1,True,"['green', 'nutty', 'cocoa', 'fishy', 'potato', 'musty']",green;nutty;cocoa;fishy;potato;musty,True,False
1965,MOL_000318,Octyl isobutyrate,109-15-9,109-15-9,True,True,CCCCCCCCOC(=O)C(C)C,CCCCCCCCOC(=O)C(C)C,True,"['green', 'fruity', 'fatty', 'earthy', 'herbal', 'vegetable']",green;fruity;fatty;earthy;herbal;vegetable,True,False
277,MOL_000319,Butyl isovalerate,109-19-3,109-19-3,True,True,CCCCOC(=O)CC(C)C,CCCCOC(=O)CC(C)C,True,"['fruity', 'apple', 'banana', 'ethereal']",fruity;apple;banana;ethereal,True,False
953,MOL_000320,Geranyl isovalerate,109-20-6,109-20-6,True,True,CC(C)=CC/C=C(\C)CCOC(=O)CC(C)C,CC(C)=CC/C=C(\C)CCOC(=O)CC(C)C,True,"['apple', 'rose', 'fruity', 'tropical']",apple;rose;fruity;tropical,True,False
256,MOL_000321,Butyl butyrate,109-21-7,109-21-7,True,True,CCCCOC(=O)CCC,CCCCOC(=O)CCC,True,"['apple', 'fruity', 'banana', 'pear', 'pineapple', 'sweet']",apple;fruity;banana;pear;pineapple;sweet,True,False
1199,MOL_000322,Isoamyl heptanoate,109-25-1,109-25-1,True,True,CCCCCCC(=O)OCCC(C)C,CCCCCCC(=O)OCCC(C)C,True,"['apple', 'green', 'oily', 'fruity', 'banana', 'pear', 'winey']",apple;green;oily;fruity;banana;pear;winey,True,False
531,MOL_000323,Dihydroambrettolide,109-29-5,109-29-5,True,True,O=C1CCCCCCCCCCCCCCCO1,O=C1CCCCCCCCCCCCCCCO1,True,"['musk', 'animal']",musk;animal,True,False
296,MOL_000324,Butyl undecenoate,109-42-2,109-42-2,True,True,C=CCCCCCCCCC(=O)OCCCC,C=CCCCCCCCCC(=O)OCCCC,True,"['fatty', 'waxy', 'buttery', 'winey', 'brandy']",fatty;waxy;buttery;winey;brandy,True,False
492,MOL_000325,Dibutyl sebacate,109-43-3,109-43-3,True,True,CCCCOC(=O)CCCCCCCCC(=O)OCCCC,CCCCOC(=O)CCCCCCCCC(=O)OCCCC,True,"['fruity', 'odorless']",fruity;odorless,True,False
1073,MOL_000326,Hexenone,109-49-9,109-49-9,True,True,C=CCCC(C)=O,C=CCCC(C)=O,True,"['ketonic', 'ethereal', 'fruity', 'gasoline', 'pungent', 'burnt', 'floral']",ketonic;ethereal;fruity;gasoline;pungent;burnt;floral,True,False
2401,MOL_000327,Valeric acid,109-52-4,109-52-4,True,True,CCCCC(=O)O,CCCCC(=O)O,True,['cheesy'],cheesy,True,False
2159,MOL_000328,Propyl acetate,109-60-4,109-60-4,True,True,CCCOC(C)=O,CCCOC(C)=O,True,"['alcoholic', 'solvent', 'ethereal', 'fruity', 'pear']",alcoholic;solvent;ethereal;fruity;pear,True,False
298,MOL_000329,Butylamine,109-73-9,109-73-9,True,True,CCCCN,CCCCN,True,"['fishy', 'cheesy']",fishy;cheesy,True,False
232,MOL_000330,Butanethiol,109-79-5,109-79-5,True,True,CCCCS,CCCCS,True,"['meaty', 'roasted', 'garlic', 'savory', 'onion', 'sulfurous', 'beefy', 'cheesy']",meaty;roasted;garlic;savory;onion;sulfurous;beefy;cheesy,True,False
2142,MOL_000331,Propanedithiol,109-80-8,109-80-8,True,True,SCCCS,SCCCS,True,"['onion', 'garlic', 'meaty']",onion;garlic;meaty,True,False
565,MOL_000332,Dimethoxymethane,109-87-5,109-87-5,True,True,COCOC,COCOC,True,"['alcoholic', 'ethereal', 'fruity', 'gasoline', 'rum']",alcoholic;ethereal;fruity;gasoline;rum,True,False
516,MOL_000333,Diethylamine,109-89-7,109-89-7,True,True,CCNCC,CCNCC,True,"['fishy', 'cheesy']",fishy;cheesy,True,False
744,MOL_000334,Ethyl formate,109-94-4,109-94-4,True,True,CCOC=O,CCOC=O,True,"['ethereal', 'fruity', 'cognac', 'winey', 'rum']",ethereal;fruity;cognac;winey;rum,True,False
794,MOL_000335,Ethyl nitrite,109-95-5,109-95-5,True,True,CCON=O,CCON=O,True,"['ethereal', 'fruity', 'fermented', 'sweet', 'rum']",ethereal;fruity;fermented;sweet;rum,True,False
2212,MOL_000336,Pyrrole,109-97-7,109-97-7,True,True,c1cc[nH]c1,c1cc[nH]c1,True,"['burnt', 'sweet', 'warm']",burnt;sweet;warm,True,False
2554,MOL_000337,Furfurylmethylfuryl disulfide,109537-55-5,109537-55-5,True,True,c1coc(CCSSc2ccco2)c1,c1coc(CCSSc2ccco2)c1,True,"['sulfurous', 'meaty', 'savory']",sulfurous;meaty;savory,True,False
3343,MOL_000338,"2-hydroxy-3,4,5-trimethyl-2-cyclopenten-1-one",109682-87-3,109682-87-3,True,True,O=C1C(/O)=C(/C)C(C)C1C,CC1=C(O)C(=O)C(C)C1C,True,"['sweet', 'burnt', 'spicy', 'caramellic', 'coffee', 'bread', 'anisic']",sweet;burnt;spicy;caramellic;coffee;bread;anisic,True,False
911,MOL_000339,Furan,110-00-9,110-00-9,True,True,c1ccoc1,c1ccoc1,True,"['burnt', 'smoky']",burnt;smoky,True,False
2293,MOL_000340,Tetrahydrothiophene,110-01-0,110-01-0,True,True,C1CCSC1,C1CCSC1,True,"['meaty', 'alliaceous', 'cabbage', 'burnt', 'sulfurous']",meaty;alliaceous;cabbage;burnt;sulfurous,True,False
2306,MOL_000341,Thiophene,110-02-1,110-02-1,True,True,c1ccsc1,c1ccsc1,True,"['solvent', 'aromatic', 'pungent']",solvent;aromatic;pungent,True,False
1689,MOL_000342,Methylhexanone,110-12-3,110-12-3,True,True,CC(=O)CCC(C)C,CC(=O)CCC(C)C,True,"['ketonic', 'mint', 'fruity', 'sweet', 'cheesy']",ketonic;mint;fruity;sweet;cheesy,True,False
3084,MOL_000343,Hexanedione,110-13-4,110-13-4,True,True,CC(=O)CCC(C)=O,CC(=O)CCC(C)=O,True,"['fresh', 'burnt', 'herbal']",fresh;burnt;herbal,True,False
2252,MOL_000344,Succinic acid,110-15-6,110-15-6,True,True,O=C(O)CCC(=O)O,O=C(O)CCC(=O)O,True,['odorless'],odorless,True,False
1382,MOL_000345,Maleic acid,110-16-7,110-16-7,True,True,O=C(O)/C=C\C(=O)O,O=C(O)/C=C\C(=O)O,True,['winey'],winey,True,False
910,MOL_000346,Fumaric acid,110-17-8,110-17-8,True,True,O=C(O)/C=C/C(=O)O,O=C(O)/C=C/C(=O)O,True,['odorless'],odorless,True,False
1226,MOL_000347,Isobutyl acetate,110-19-0,110-19-0,True,True,CC(=O)OCC(C)C,CC(=O)OCC(C)C,True,"['apple', 'fruity', 'banana', 'pear', 'pineapple']",apple;fruity;banana;pear;pineapple,True,False
1315,MOL_000348,Isopropyl myristate,110-27-0,110-27-0,True,True,CCCCCCCCCCCCCC(=O)OC(C)C,CCCCCCCCCCCCCC(=O)OC(C)C,True,"['oily', 'fatty']",oily;fatty,True,False
1240,MOL_000349,Isobutyl hexadecanoate,110-34-9,110-34-9,True,True,CCCCCCCCCCCCCCCC(=O)OCC(C)C,CCCCCCCCCCCCCCCC(=O)OCC(C)C,True,['odorless'],odorless,True,False
286,MOL_000350,Butyl myristate,110-36-1,110-36-1,True,True,CCCCCCCCCCCCCC(=O)OCCCC,CCCCCCCCCCCCCC(=O)OCCCC,True,"['fatty', 'waxy']",fatty;waxy,True,False
736,MOL_000351,Ethyl decanoate,110-38-3,110-38-3,True,True,CCCCCCCCCC(=O)OCC,CCCCCCCCCC(=O)OCC,True,"['fatty', 'nutty', 'cognac', 'winey', 'sweet']",fatty;nutty;cognac;winey;sweet,True,False
1960,MOL_000352,Octyl butyrate,110-39-4,110-39-4,True,True,CCCCCCCCOC(=O)CCC,CCCCCCCCOC(=O)CCC,True,"['green', 'fatty', 'fruity', 'herbal', 'floral']",green;fatty;fruity;herbal;floral,True,False
511,MOL_000353,Diethyl sebacate,110-40-7,110-40-7,True,True,CCOC(=O)CCCCCCCCC(=O)OCC,CCOC(=O)CCCCCCCCC(=O)OCC,True,"['fruity', 'melon', 'winey']",fruity;melon;winey,True,False
1821,MOL_000354,Methylundecanal,110-41-8,110-41-8,True,True,CCCCCCCCCC(C)C=O,CCCCCCCCCC(C)C=O,True,"['fruity', 'fatty', 'dry']",fruity;fatty;dry,True,False
1487,MOL_000355,Methyl decanoate,110-42-9,110-42-9,True,True,CCCCCCCCCC(=O)OC,CCCCCCCCCC(=O)OC,True,"['oily', 'fatty', 'fruity', 'cognac', 'winey']",oily;fatty;fruity;cognac;winey,True,False
996,MOL_000356,Heptanone,110-43-0,110-43-0,True,True,CCCCCC(C)=O,CCCCCC(C)=O,True,"['fruity', 'cinnamon', 'coconut', 'cheesy']",fruity;cinnamon;coconut;cheesy,True,False
1196,MOL_000357,Isoamyl formate,110-45-2,110-45-2,True,True,CC(C)CCOC=O,CC(C)CCOC=O,True,"['apple', 'green', 'fruity', 'black currant', 'winey', 'plum', 'sweet']",apple;green;fruity;black currant;winey;plum;sweet,True,False
2012,MOL_000358,Pentylamine,110-58-7,110-58-7,True,True,CCCCCN,CCCCCN,True,"['fermented', 'fishy', 'fresh', 'cheesy']",fermented;fishy;fresh;cheesy,True,False
2400,MOL_000359,Valeraldehyde,110-62-3,110-62-3,True,True,CCCCC=O,CCCCC=O,True,"['nutty', 'pungent', 'chocolate']",nutty;pungent;chocolate,True,False
1992,MOL_000360,Pentanethiol,110-66-7,110-66-7,True,True,CCCCCS,CCCCCS,True,"['vegetable', 'green', 'tropical', 'cabbage', 'sulfurous']",vegetable;green;tropical;cabbage;sulfurous,True,False
3015,MOL_000361,Monoglyme,110-71-4,110-71-4,True,True,COCCOC,COCCOC,True,"['solvent', 'sweet', 'ethereal']",solvent;sweet;ethereal,True,False
2169,MOL_000362,Propyl formate,110-74-7,110-74-7,True,True,CCCOC=O,CCCOC=O,True,"['ethereal', 'rum']",ethereal;rum,True,False
2975,MOL_000363,Ethyl hydroxyethyl sulfide,110-77-0,110-77-0,True,True,CCSCCO,CCSCCO,True,"['meaty', 'garlic', 'savory', 'tropical', 'onion', 'sulfurous']",meaty;garlic;savory;tropical;onion;sulfurous,True,False
503,MOL_000364,Diethyl disulfide,110-81-6,110-81-6,True,True,CCSSCC,CCSSCC,True,"['vegetable', 'alliaceous', 'garlic', 'fruity', 'tropical', 'onion', 'sulfurous']",vegetable;alliaceous;garlic;fruity;tropical;onion;sulfurous,True,False
3126,MOL_000365,Cyclohexane,110-82-7,110-82-7,True,True,C1CCCCC1,C1CCCCC1,True,"['gasoline', 'sweet']",gasoline;sweet,True,False
2113,MOL_000366,Piperazine,110-85-0,110-85-0,True,True,C1CNCCN1,C1CNCCN1,True,['fishy'],fishy,True,False
2210,MOL_000367,Pyridine,110-86-1,110-86-1,True,True,c1ccncc1,c1ccncc1,True,"['fishy', 'burnt']",fishy;burnt,True,False
2114,MOL_000368,Piperidine,110-89-4,110-89-4,True,True,C1CCNCC1,C1CCNCC1,True,"['fishy', 'floral', 'animal']",fishy;floral;animal,True,False
1676,MOL_000369,Methylheptenone,110-93-0,110-93-0,True,True,CC(=O)CCC=C(C)C,CC(=O)CCC=C(C)C,True,"['green', 'oily', 'herbal']",green;oily;herbal,True,False
3344,MOL_000370,cedrene,11028-42-5,11028-42-5,True,True,C[C@@H]1CCC23C[C@@H]1C([C@@H]2CCC3=C)(C)C,C=C1CC[C@@H]2C13CC[C@@H](C)[C@H](C3)C2(C)C,True,['woody'],woody,True,False
3345,MOL_000371,santalol,11031-45-1,11031-45-1,True,True,C/C=C/C=C/C=C/C=C/CCCCCCO,C/C=C/C=C/C=C/C=C/CCCCCCO,True,"['sweet', 'woody']",sweet;woody,True,False
3346,MOL_000372,woody heptene,110458-85-0,110458-85-0,True,True,CC1=C(C2(CC1CC2CO)C(=C)C)C,C=C(C)C12CC(CC1CO)C(C)=C2C,True,"['fresh', 'woody']",fresh;woody,True,False
1280,MOL_000373,Isojasmone,11050-62-7,11050-62-7,True,True,CC/C=C/CC1=C(C)C(=O)CC1,CC/C=C/CC1=C(C)C(=O)CC1,True,"['jasmine', 'sweet', 'herbal']",jasmine;sweet;herbal,True,False
3347,MOL_000374,ethyl-4-hydroxymethyl-3(2H)-furanone,110516-60-4,110516-60-4,True,True,CCC1C(=O)C(=CO1)CO,CCC1OC=C(CO)C1=O,True,['caramellic'],caramellic,True,False
269,MOL_000375,Butyl hexadecanoate,111-06-8,111-06-8,True,True,CCCCCCCCCCCCCCCC(=O)OCCCC,CCCCCCCCCCCCCCCC(=O)OCCCC,True,"['fatty', 'waxy']",fatty;waxy,True,False
1547,MOL_000376,Methyl octanoate,111-11-5,111-11-5,True,True,CCCCCCCC(=O)OC,CCCCCCCC(=O)OC,True,"['fruity', 'winey', 'orange']",fruity;winey;orange,True,False
1550,MOL_000377,Methyl octynoate,111-12-6,111-12-6,True,True,CCCCCC#CC(=O)OC,CCCCCC#CC(=O)OC,True,"['green', 'cucumber', 'violet', 'leafy', 'vegetable', 'winey']",green;cucumber;violet;leafy;vegetable;winey,True,False
1934,MOL_000378,Octanone,111-13-7,111-13-7,True,True,CCCCCCC(C)=O,CCCCCCC(C)=O,True,"['apple', 'green', 'fatty', 'fruity', 'cheesy']",apple;green;fatty;fruity;cheesy,True,False
992,MOL_000379,Heptanoic acid,111-14-8,111-14-8,True,True,CCCCCCC(=O)O,CCCCCCC(=O)O,True,"['fatty', 'sour']",fatty;sour,True,False
701,MOL_000380,Ethoxyethyl acetate,111-15-9,111-15-9,True,True,CCOCCOC(C)=O,CCOCCOC(C)=O,True,"['fruity', 'solvent', 'sweet']",fruity;solvent;sweet,True,False
1134,MOL_000381,Hexylamine,111-26-2,111-26-2,True,True,CCCCCCN,CCCCCCN,True,"['fishy', 'cheesy']",fishy;cheesy,True,False
1051,MOL_000382,Hexanol,111-27-3,111-27-3,True,True,CCCCCCO,CCCCCCO,True,"['fatty', 'winey', 'fruity']",fatty;winey;fruity,True,False
1038,MOL_000383,Hexadienol,111-28-4,111-28-4,True,True,C/C=C/C=C/CO,C/C=C/C=C/CO,True,"['green', 'fruity', 'vegetable', 'tropical']",green;fruity;vegetable;tropical,True,False
967,MOL_000384,Glutaraldehyde,111-30-8,111-30-8,True,True,O=CCCCC=O,O=CCCCC=O,True,"['green', 'apple']",green;apple,True,False
1049,MOL_000385,Hexanethiol,111-31-9,111-31-9,True,True,CCCCCCS,CCCCCCS,True,"['roasted', 'meaty', 'fatty', 'savory', 'burnt', 'coffee', 'sulfurous']",roasted;meaty;fatty;savory;burnt;coffee;sulfurous,True,False
2151,MOL_000386,Propenyloxyethanol,111-45-5,111-45-5,True,True,C=CCOCCO,C=CCOCCO,True,['solvent'],solvent,True,False
667,MOL_000387,Dipropyl sulfide,111-47-7,111-47-7,True,True,CCCSCCC,CCCSCCC,True,"['green', 'alliaceous', 'garlic', 'onion', 'sulfurous']",green;alliaceous;garlic;onion;sulfurous,True,False
2760,MOL_000388,Ethylene glycol diacetate,111-55-7,111-55-7,True,True,CC(=O)OCCOC(C)=O,CC(=O)OCCOC(C)=O,True,"['oily', 'winey', 'sweet']",oily;winey;sweet,True,False
822,MOL_000389,Ethyl stearate,111-61-5,111-61-5,True,True,CCCCCCCCCCCCCCCCCC(=O)OCC,CCCCCCCCCCCCCCCCCC(=O)OCC,True,"['waxy', 'odorless']",waxy;odorless,True,False
804,MOL_000390,Ethyl oleate,111-62-6,111-62-6,True,True,CCCCCCCC/C=C/CCCCCCCC(=O)OCC,CCCCCCCC/C=C/CCCCCCCC(=O)OCC,True,"['oily', 'sweet']",oily;sweet,True,False
3128,MOL_000391,Octane,111-65-9,111-65-9,True,True,CCCCCCCC,CCCCCCCC,True,['gasoline'],gasoline,True,False
2594,MOL_000392,Octene,111-66-0,111-66-0,True,True,C=CCCCCCC,C=CCCCCCC,True,['gasoline'],gasoline,True,False
2595,MOL_000393,Octene,111-67-1,111-67-1,True,True,C/C=C\CCCCC,C/C=C\CCCCC,True,['gasoline'],gasoline,True,False
1017,MOL_000394,Heptyl alcohol,111-70-6,111-70-6,True,True,CCCCCCCO,CCCCCCCO,True,"['green', 'fatty', 'fresh']",green;fatty;fresh,True,False
989,MOL_000395,Heptanal,111-71-7,111-71-7,True,True,CCCCCCC=O,CCCCCCC=O,True,"['citrus', 'green', 'fatty', 'nutty', 'cognac', 'sweet']",citrus;green;fatty;nutty;cognac;sweet,True,False
244,MOL_000396,Butoxyethanol,111-76-2,111-76-2,True,True,CCCCOCCO,CCCCOCCO,True,"['oily', 'fruity', 'alcoholic', 'ethereal']",oily;fruity;alcoholic;ethereal,True,False
1543,MOL_000397,Methyl nonenoate,111-79-5,111-79-5,True,True,CCCCCC/C=C\C(=O)OC,CCCCCC/C=C\C(=O)OC,True,"['green', 'fatty', 'coconut', 'violet']",green;fatty;coconut;violet,True,False
1545,MOL_000398,Methyl nonynoate,111-80-8,111-80-8,True,True,CCCCCCC#CC(=O)OC,CCCCCCC#CC(=O)OC,True,"['green', 'violet', 'leafy']",green;violet;leafy,True,False
2567,MOL_000399,Methyl undecenoate,111-81-9,111-81-9,True,True,C=CCCCCCCCCC(=O)OC,C=CCCCCCCCCC(=O)OC,True,"['fatty', 'fruity', 'waxy', 'dairy', 'winey']",fatty;fruity;waxy;dairy;winey,True,False
3348,MOL_000400,methyl laurate,111-82-0,111-82-0,True,True,CCCCCCCCCCCC(=O)OC,CCCCCCCCCCCC(=O)OC,True,"['waxy', 'fresh', 'creamy', 'coconut', 'mushroom']",waxy;fresh;creamy;coconut;mushroom,True,False
3129,MOL_000401,Nonane,111-84-2,111-84-2,True,True,CCCCCCCCC,CCCCCCCCC,True,['gasoline'],gasoline,True,False
1931,MOL_000402,Octanol,111-87-5,111-87-5,True,True,CCCCCCCCO,CCCCCCCCO,True,"['sweet', 'rose', 'waxy', 'orange']",sweet;rose;waxy;orange,True,False
2986,MOL_000403,Octyl mercaptan,111-88-6,111-88-6,True,True,CCCCCCCCS,CCCCCCCCS,True,"['sulfurous', 'vegetable', 'meaty', 'roasted']",sulfurous;vegetable;meaty;roasted,True,False
3168,MOL_000404,Propyl propanethiosulfonate,1113-13-9,1113-13-9,True,True,CCCOS(=O)(=S)CCC,CCCOS(=O)(=S)CCC,True,"['onion', 'fresh']",onion;fresh,True,False
954,MOL_000405,Geranyl linalool,1113-21-9,1113-21-9,True,True,C=CC(C)(O)CC/C=C(\C)CC/C=C(\C)CCC=C(C)C,C=CC(C)(O)CC/C=C(\C)CC/C=C(\C)CCC=C(C)C,True,"['balsamic', 'floral', 'rose', 'sweet']",balsamic;floral;rose;sweet,True,False
1171,MOL_000406,Hydroxyoxopropanoic acid,1113-60-6,1113-60-6,True,True,O=C(O)C(=O)CO,O=C(O)C(=O)CO,True,"['creamy', 'burnt', 'buttery']",creamy;burnt;buttery,True,False
2686,MOL_000407,Butanediol diacetate,1114-92-7,1114-92-7,True,True,CC(=O)OC(C)C(C)OC(C)=O,CC(=O)OC(C)C(C)OC(C)=O,True,['honey'],honey,True,False
3349,MOL_000408,tiglaldehyde,1115-11-3,1115-11-3,True,True,CC=C(C)C=O,CC=C(C)C=O,True,"['pungent', 'green', 'ethereal', 'nutty', 'anisic', 'fruity', 'sharp']",pungent;green;ethereal;nutty;anisic;fruity;sharp,True,False
666,MOL_000409,Dipropyl malonate,1117-19-7,1117-19-7,True,True,CCCOC(=O)CC(=O)OCCC,CCCOC(=O)CC(=O)OCCC,True,"['fruity', 'apple', 'winey', 'ethereal']",fruity;apple;winey;ethereal,True,False
1126,MOL_000410,Hexyl octanoate,1117-55-1,1117-55-1,True,True,CCCCCCCC(=O)OCCCCCC,CCCCCCCC(=O)OCCCCCC,True,"['green', 'fruity', 'fatty', 'herbal']",green;fruity;fatty;herbal,True,False
1132,MOL_000411,Hexyl valerate,1117-59-5,1117-59-5,True,True,CCCCCCOC(=O)CCCC,CCCCCCOC(=O)CCCC,True,"['apple', 'green', 'fruity', 'musk', 'sweet']",apple;green;fruity;musk;sweet,True,False
3350,MOL_000412,(R)-(+)-beta-citronellol,1117-61-9,1117-61-9,True,True,C[C@H](CCC=C(C)C)CCO,CC(C)=CCC[C@@H](C)CCO,True,"['citrus', 'rose', 'leafy', 'oily', 'floral']",citrus;rose;leafy;oily;floral,True,False
800,MOL_000413,Ethyl octenoate,1117-65-3,1117-65-3,True,True,CCCCC=CCC(=O)OCC,CCCCC=CCC(=O)OCC,True,"['fruity', 'fatty', 'tropical', 'pineapple']",fruity;fatty;tropical;pineapple,True,False
3351,MOL_000414,anisyl propanal / methyl anthranilate schiff's base,111753-62-9,111753-62-9,True,True,CC(CC1=CC=C(C=C1)OC)C=NC2=CC=CC=C2C(=O)OC,COC(=O)c1ccccc1N=CC(C)Cc1ccc(OC)cc1,True,"['sweet', 'anisic', 'floral', 'green', 'woody', 'spicy', 'orris']",sweet;anisic;floral;green;woody;spicy;orris,True,False
1375,MOL_000415,Linalyl isovalerate,1118-27-0,1118-27-0,True,True,C=CC(OC(=O)CC(C)C)C(C)CC=C(C)C,C=CC(OC(=O)CC(C)C)C(C)CC=C(C)C,True,"['fruity', 'sweet']",fruity;sweet,True,False
1828,MOL_000416,Myrcenyl acetate,1118-39-4,1118-39-4,True,True,C=CC(=C)CCCC(C)(C)OC(C)=O,C=CC(=C)CCCC(C)(C)OC(C)=O,True,"['citrus', 'pear', 'fresh', 'herbal', 'sweet']",citrus;pear;fresh;herbal;sweet,True,False
2670,MOL_000417,Allyl acetoacetate,1118-84-9,1118-84-9,True,True,C=CCOC(=O)CC(C)=O,C=CCOC(=O)CC(C)=O,True,"['fruity', 'tropical']",fruity;tropical,True,False
3352,MOL_000418,(Z)-12-musk decenone,111879-79-9,111879-79-9,True,True,C1CCCC\C=C/CCCOC(=O)CCCC1,O=C1CCCCCCCCC/C=C\CCCO1,True,['musk'],musk,True,False
3353,MOL_000419,(E)-12-musk decenone,111879-80-2,111879-80-2,True,True,C1CCCC/C=C/CCCOC(=O)CCCC1,O=C1CCCCCCCCC/C=C/CCCO1,True,"['sweet', 'musk', 'waxy', 'dry', 'orris', 'fresh', 'metallic', 'animal', 'tropical']",sweet;musk;waxy;dry;orris;fresh;metallic;animal;tropical,True,False
3354,MOL_000420,(Z)-13-musk decenone,111879-81-3,111879-81-3,True,True,C1CCCCCC(=O)OCC/C=C\CCCC1,O=C1CCCCCCCCCC/C=C\CCO1,True,['musk'],musk,True,False
2786,MOL_000421,Hexyl heptanoate,1119-06-8,1119-06-8,True,True,CCCCCCOC(=O)CCCCCC,CCCCCCOC(=O)CCCCCC,True,"['sour', 'green', 'fruity', 'fatty', 'fresh']",sour;green;fruity;fatty;fresh,True,False
1717,MOL_000422,Methylpentanal,1119-16-0,1119-16-0,True,True,CC(C)CCC=O,CC(C)CCC=O,True,"['fatty', 'fruity', 'cocoa', 'herbal', 'cheesy']",fatty;fruity;cocoa;herbal;cheesy,True,False
1010,MOL_000423,Heptenone,1119-44-4,1119-44-4,True,True,CCC/C=C/C(C)=O,CCC/C=C/C(C)=O,True,"['grassy', 'green', 'fruity', 'milky', 'dairy', 'sweet', 'cheesy']",grassy;green;fruity;milky;dairy;sweet;cheesy,True,False
1878,MOL_000424,Nonanoic acid,112-05-0,112-05-0,True,True,CCCCCCCCC(=O)O,CCCCCCCCC(=O)O,True,"['fatty', 'nutty', 'dairy', 'cheesy']",fatty;nutty;dairy;cheesy,True,False
1015,MOL_000425,Heptyl acetate,112-06-1,112-06-1,True,True,CCCCCCCOC(C)=O,CCCCCCCOC(C)=O,True,"['fruity', 'fatty', 'floral']",fruity;fatty;floral,True,False
245,MOL_000426,Butoxyethyl acetate,112-07-2,112-07-2,True,True,CCCCOCCOC(C)=O,CCCCOCCOC(C)=O,True,"['ethereal', 'radish', 'fruity', 'warm', 'pungent', 'sweet']",ethereal;radish;fruity;warm;pungent;sweet,True,False
2387,MOL_000427,Undecanone,112-12-9,112-12-9,True,True,CCCCCCCCCC(C)=O,CCCCCCCCCC(C)=O,True,"['rose', 'fatty', 'fruity', 'orange']",rose;fatty;fruity;orange,True,False
1957,MOL_000428,Octyl acetate,112-14-1,112-14-1,True,True,CCCCCCCCOC(C)=O,CCCCCCCCOC(C)=O,True,"['citrus', 'green', 'fruity', 'peach', 'orange', 'jasmine', 'floral']",citrus;green;fruity;peach;orange;jasmine;floral,True,False
468,MOL_000429,Decyl acetate,112-17-4,112-17-4,True,True,CCCCCCCCCCOC(C)=O,CCCCCCCCCCOC(C)=O,True,"['rose', 'fatty', 'fruity', 'orange', 'pineapple']",rose;fatty;fruity;orange;pineapple,True,False
2395,MOL_000430,Undecenyl acetate,112-19-6,112-19-6,True,True,C=CCCCCCCCCCOC(C)=O,C=CCCCCCCCCCOC(C)=O,True,"['honey', 'fatty', 'floral', 'rose']",honey;fatty;floral;rose,True,False
1020,MOL_000431,Heptyl formate,112-23-2,112-23-2,True,True,CCCCCCCOC=O,CCCCCCCOC=O,True,"['apple', 'fruity', 'fatty', 'sharp', 'plum']",apple;fruity;fatty;sharp;plum,True,False
443,MOL_000432,Decanol,112-30-1,112-30-1,True,True,CCCCCCCCCCO,CCCCCCCCCCO,True,"['oily', 'fatty', 'waxy', 'floral', 'sweet']",oily;fatty;waxy;floral;sweet,True,False
441,MOL_000433,Decanal,112-31-2,112-31-2,True,True,CCCCCCCCCC=O,CCCCCCCCCC=O,True,"['waxy', 'sweet', 'orange']",waxy;sweet;orange,True,False
1961,MOL_000434,Octyl formate,112-32-3,112-32-3,True,True,CCCCCCCCOC=O,CCCCCCCCOC=O,True,"['rose', 'citrus', 'green', 'fruity', 'orange', 'orris']",rose;citrus;green;fruity;orange;orris,True,False
2385,MOL_000435,Undecanoic acid,112-37-8,112-37-8,True,True,CCCCCCCCCCC(=O)O,CCCCCCCCCCC(=O)O,True,['fatty'],fatty,True,False
2392,MOL_000436,Undecenoic acid,112-38-9,112-38-9,True,True,C=CCCCCCCCCC(=O)O,C=CCCCCCCCCC(=O)O,True,"['oily', 'fatty', 'waxy']",oily;fatty;waxy,True,False
1552,MOL_000437,Methyl palmitate,112-39-0,112-39-0,True,True,CCCCCCCCCCCCCCCC(=O)OC,CCCCCCCCCCCCCCCC(=O)OC,True,"['waxy', 'sweet']",waxy;sweet,True,False
679,MOL_000438,Dodecane,112-40-3,112-40-3,True,True,CCCCCCCCCCCC,CCCCCCCCCCCC,True,"['gasoline', 'sweet']",gasoline;sweet,True,False
685,MOL_000439,Dodecene,112-41-4,112-41-4,True,True,C=CCCCCCCCCCC,C=CCCCCCCCCCC,True,"['gasoline', 'sweet']",gasoline;sweet,True,False
2397,MOL_000440,Undecyl alcohol,112-42-5,112-42-5,True,True,CCCCCCCCCCCO,CCCCCCCCCCCO,True,"['oily', 'fruity', 'floral', 'citrus']",oily;fruity;floral;citrus,True,False
2393,MOL_000441,Undecenol,112-43-6,112-43-6,True,True,C=CCCCCCCCCCO,C=CCCCCCCCCCO,True,"['rose', 'citrus', 'green', 'fatty', 'waxy', 'floral']",rose;citrus;green;fatty;waxy;floral,True,False
2384,MOL_000442,Undecanal,112-44-7,112-44-7,True,True,CCCCCCCCCCC=O,CCCCCCCCCCC=O,True,"['citrus', 'fatty', 'waxy', 'floral', 'sweet']",citrus;fatty;waxy;floral;sweet,True,False
2389,MOL_000443,Undecenal,112-45-8,112-45-8,True,True,C=CCCCCCCCCC=O,C=CCCCCCCCCC=O,True,"['fatty', 'waxy', 'rose', 'citrus']",fatty;waxy;rose;citrus,True,False
3139,MOL_000444,Dipentyl disulfide,112-51-6,112-51-6,True,True,CCCCCSSCCCCC,CCCCCSSCCCCC,True,"['vegetable', 'meaty', 'green', 'alliaceous', 'savory', 'sulfurous']",vegetable;meaty;green;alliaceous;savory;sulfurous,True,False
681,MOL_000445,Dodecanol,112-53-8,112-53-8,True,True,CCCCCCCCCCCCO,CCCCCCCCCCCCO,True,"['citrus', 'oily', 'fatty', 'waxy', 'floral']",citrus;oily;fatty;waxy;floral,True,False
678,MOL_000446,Dodecanal,112-54-9,112-54-9,True,True,CCCCCCCCCCCC=O,CCCCCCCCCCCC=O,True,"['waxy', 'floral', 'sweet']",waxy;floral;sweet,True,False
690,MOL_000447,Dodecanethiol,112-55-0,112-55-0,True,True,CCCCCCCCCCCCS,CCCCCCCCCCCCS,True,"['sulfurous', 'fatty', 'meaty']",sulfurous;fatty;meaty,True,False
1546,MOL_000448,Methyl octadecanoate,112-61-8,112-61-8,True,True,CCCCCCCCCCCCCCCCCC(=O)OC,CCCCCCCCCCCCCCCCCC(=O)OC,True,['odorless'],odorless,True,False
1518,MOL_000449,Methyl linoleate,112-63-0,112-63-0,True,True,CCCCC/C=C\C/C=C\CCCCCCCC(=O)OC,CCCCC/C=C\C/C=C\CCCCCCCC(=O)OC,True,"['oily', 'fatty']",oily;fatty,True,False
688,MOL_000450,Dodecyl acetate,112-66-3,112-66-3,True,True,CCCCCCCCCCCCOC(C)=O,CCCCCCCCCCCCOC(C)=O,True,"['rose', 'citrus', 'fruity', 'fresh', 'waxy']",rose;citrus;fruity;fresh;waxy,True,False
2942,MOL_000451,Tridecanol,112-70-9,112-70-9,True,True,CCCCCCCCCCCCCO,CCCCCCCCCCCCCO,True,"['woody', 'fruity', 'waxy', 'sweet']",woody;fruity;waxy;sweet,True,False
1831,MOL_000452,Myristyl alcohol,112-72-1,112-72-1,True,True,CCCCCCCCCCCCCCO,CCCCCCCCCCCCCCO,True,"['oily', 'fatty']",oily;fatty,True,False
1974,MOL_000453,Oleic acid,112-80-1,112-80-1,True,True,CCCCCCCC/C=C/CCCCCCCC(=O)O,CCCCCCCC/C=C/CCCCCCCC(=O)O,True,['fatty'],fatty,True,False
2249,MOL_000454,Stearyl alcohol,112-92-5,112-92-5,True,True,CCCCCCCCCCCCCCCCCCO,CCCCCCCCCCCCCCCCCCO,True,"['oily', 'fatty']",oily;fatty,True,False
2964,MOL_000455,Eicosane,112-95-8,112-95-8,True,True,CCCCCCCCCCCCCCCCCCCC,CCCCCCCCCCCCCCCCCCCC,True,['waxy'],waxy,True,False
2968,MOL_000456,Undecane,1120-21-4,1120-21-4,True,True,CCCCCCCCCCC,CCCCCCCCCCC,True,['gasoline'],gasoline,True,False
3275,MOL_000457,Dimethylcyclopentenone,1121-05-7,1121-05-7,True,True,CC1=C(C)C(=O)CC1,CC1=C(C)C(=O)CC1,True,"['ketonic', 'caramellic', 'roasted', 'fruity', 'burnt']",ketonic;caramellic;roasted;fruity;burnt,True,False
66,MOL_000458,Acetylpyridine,1122-62-9,1122-62-9,True,True,CC(=O)c1ccccn1,CC(=O)c1ccccn1,True,['popcorn'],popcorn,True,False
1741,MOL_000459,Methylphenethyl alcohol,1123-85-9,1123-85-9,True,True,CC(CO)c1ccccc1,CC(CO)c1ccccc1,True,"['floral', 'sweet']",floral;sweet,True,False
2295,MOL_000460,Tetramethylpyrazine,1124-11-4,1124-11-4,True,True,Cc1nc(C)c(C)nc1C,Cc1nc(C)c(C)nc1C,True,"['nutty', 'musty', 'chocolate']",nutty;musty;chocolate,True,False
3355,MOL_000461,beta-thujone,1125-12-8,1125-12-8,True,True,CC1C2CC2(CC1=O)C(C)C,CC1C(=O)CC2(C(C)C)CC12,True,"['woody', 'camphoreous', 'spicy']",woody;camphoreous;spicy,True,False
2352,MOL_000462,Trimethylcyclohexenedione,1125-21-9,1125-21-9,True,True,CC1=CC(=O)CC(C)(C)C1=O,CC1=CC(=O)CC(C)(C)C1=O,True,"['hay', 'tobacco', 'honey', 'tea']",hay;tobacco;honey;tea,True,False
162,MOL_000463,Benzaldehyde dimethyl acetal,1125-88-8,1125-88-8,True,True,COC(OC)c1ccccc1,COC(OC)c1ccccc1,True,"['green', 'nutty', 'almond', 'sweet']",green;nutty;almond;sweet,True,False
3356,MOL_000464,butyl phenyl ether,1126-79-0,1126-79-0,True,True,CCCCOC1=CC=CC=C1,CCCCOc1ccccc1,True,['anisic'],anisic,True,False
544,MOL_000465,Dihydrojasmone,1128-08-1,1128-08-1,True,True,CCCCCC1=C(C)CCC1=O,CCCCCC1=C(C)CCC1=O,True,"['spicy', 'fruity', 'jasmine', 'herbal', 'floral']",spicy;fruity;jasmine;herbal;floral,True,False
415,MOL_000466,Cyclohexyl isobutyrate,1129-47-1,1129-47-1,True,True,CC(C)C(=O)OC1CCCCC1,CC(C)C(=O)OC1CCCCC1,True,"['apple', 'fruity', 'banana', 'sweet']",apple;fruity;banana;sweet,True,False
3357,MOL_000467,3-cyclohexyl propyl formate,1129-67-5,1129-67-5,True,True,C1CCC(CC1)CCCOC=O,O=COCCCC1CCCCC1,True,"['green', 'metallic', 'cinnamon']",green;metallic;cinnamon,True,False
1138,MOL_000468,Hexylpyridine,1129-69-7,1129-69-7,True,True,CCCCCCc1ccccn1,CCCCCCc1ccccn1,True,"['green', 'fatty', 'nutty', 'vegetable']",green;fatty;nutty;vegetable,True,False
2896,MOL_000469,Dimethoxyacetophenone,1131-62-0,1131-62-0,True,True,COc1ccc(C(C)=O)cc1OC,COc1ccc(C(C)=O)cc1OC,True,"['vanilla', 'almond', 'balsamic', 'sweet']",vanilla;almond;balsamic;sweet,True,False
2484,MOL_000470,Methylnonanedione,113486-29-6,113486-29-6,True,True,CCCCCCC(=O)C(=O)CC,CCCCCCC(=O)C(=O)CC,True,"['hay', 'caramellic', 'tea', 'green', 'fruity']",hay;caramellic;tea;green;fruity,True,False
1283,MOL_000471,Isolongifolene,1135-66-6,1135-66-6,True,True,CC1(C)C2=CCCC(C)(C)C23CCC1C3,CC1(C)C2=CCCC(C)(C)C23CCC1C3,True,['woody'],woody,True,False
3358,MOL_000472,fruity butanate,113889-23-9,113889-23-9,True,True,CCCC(=O)OC1C=CC2C1C3CCC2C3,CCCC(=O)OC1C=CC2C3CCC(C3)C12,True,"['fruity', 'green', 'peach', 'floral', 'balsamic', 'woody']",fruity;green;peach;floral;balsamic;woody,True,False
344,MOL_000473,Caryophyllene oxide,1139-30-6,1139-30-6,True,True,C=C1CCC2OC2(C)CCC2C1CC2(C)C,C=C1CCC2OC2(C)CCC2C1CC2(C)C,True,"['woody', 'tobacco', 'dry']",woody;tobacco;dry,True,False
912,MOL_000474,Furaneyl butyrate,114099-96-6,114099-96-6,True,True,CCCC(=O)Oc1ccco1,CCCC(=O)Oc1ccco1,True,"['strawberry', 'caramellic', 'buttery']",strawberry;caramellic;buttery,True,False
2271,MOL_000475,Terpinyl isovalerate,1142-85-4,1142-85-4,True,True,CC1=CCC(C(C)(C)OC(=O)CC(C)C)CC1,CC1=CCC(C(C)(C)OC(=O)CC(C)C)CC1,True,"['pine', 'floral', 'citrus']",pine;floral;citrus,True,False
3359,MOL_000476,"cadina-1,4-dien-3-ol",114791-16-1,114791-16-1,True,True,CC1CCC(C2C1=CC(C(=C2)C)O)C(C)C,CC1=CC2C(=CC1O)C(C)CCC2C(C)C,True,"['woody', 'spicy']",woody;spicy,True,False
1610,MOL_000477,Methylbutenol,115-18-4,115-18-4,True,True,C=CC(C)(C)O,C=CC(C)(C)O,True,"['ethereal', 'earthy', 'oily', 'fruity', 'herbal']",ethereal;earthy;oily;fruity;herbal,True,False
2236,MOL_000478,Santalol,115-71-9,115-71-9,True,True,C/C(=C/CCC1(C)C2CC3C(C2)C31C)CO,C/C(=C/CCC1(C)C2CC3C(C2)C31C)CO,True,['woody'],woody,True,False
1367,MOL_000479,Linalyl acetate,115-95-7,115-95-7,True,True,C=CC(C)(CCC=C(C)C)OC(C)=O,C=CC(C)(CCC=C(C)C)OC(C)=O,True,"['citrus', 'fruity', 'pear', 'floral', 'sweet']",citrus;fruity;pear;floral;sweet,True,False
1372,MOL_000480,Linalyl formate,115-99-1,115-99-1,True,True,C=CC(C)(CCC=C(C)C)OC=O,C=CC(C)(CCC=C(C)C)OC=O,True,"['fresh', 'citrus', 'herbal']",fresh;citrus;herbal,True,False
3360,MOL_000481,"(3alpha,5alpha)-androst-16-en-3-ol",1153-51-1,1153-51-1,True,True,C[C@]12CC[C@H]3[C@H]([C@@H]1CC=C2)CC[C@@H]4[C@@]3(CC[C@H](C4)O)C,C[C@]12CC[C@@H](O)C[C@@H]1CC[C@@H]1[C@@H]2CC[C@]2(C)C=CC[C@@H]12,True,"['animal', 'musk']",animal;musk,True,False
1274,MOL_000482,Isoeugenyl butyl ether,115422-59-8,115422-59-8,True,True,CC=Cc1ccc(OCCCC)c(OC)c1,CC=Cc1ccc(OCCCC)c(OC)c1,True,"['spicy', 'balsamic', 'floral', 'sweet']",spicy;balsamic;floral;sweet,True,False
3361,MOL_000483,damascate,115724-27-1,115724-27-1,True,True,CC1CCC(C(C1)C(C)(C)C)OC(=O)C,CC(=O)OC1CCC(C)CC1C(C)(C)C,True,"['floral', 'rose', 'tropical', 'fruity']",floral;rose;tropical;fruity,True,False
2807,MOL_000484,Menthyl hydroxybutyrate,115869-76-6,115869-76-6,True,True,CCC(O)C(=O)OC1CC(C)CCC1C(C)C,CCC(O)C(=O)OC1CC(C)CCC1C(C)C,True,['fresh'],fresh,True,False
2348,MOL_000485,Trimethylcyclohexanol,116-02-9,116-02-9,True,True,CC1CC(O)CC(C)(C)C1,CC1CC(O)CC(C)(C)C1,True,"['herbal', 'camphoreous', 'mint']",herbal;camphoreous;mint,True,False
35,MOL_000486,Acetol,116-09-6,116-09-6,True,True,CC(=O)CO,CC(=O)CO,True,"['green', 'winey', 'caramellic', 'sweet']",green;winey;caramellic;sweet,True,False
2233,MOL_000487,Safranal,116-26-7,116-26-7,True,True,CC1=C(C=O)C(C)(C)CC=C1,CC1=C(C=O)C(C)(C)CC=C1,True,"['tobacco', 'camphoreous']",tobacco;camphoreous,True,False
1634,MOL_000488,Methylbutyric acid,116-53-0,116-53-0,True,True,CCC(C)C(=O)O,CCC(C)C(=O)O,True,"['fruity', 'pungent', 'cheesy']",fruity;pungent;cheesy,True,False
3362,MOL_000489,moskene (Givaudan),116-66-5,116-66-5,True,True,CC1=C(C=C2C(=C1[N+](=O)[O-])C(CC2(C)C)(C)C)[N+](=O)[O-],Cc1c([N+](=O)[O-])cc2c(c1[N+](=O)[O-])C(C)(C)CC2(C)C,True,"['sweet', 'musk', 'orris', 'dry']",sweet;musk;orris;dry,True,False
643,MOL_000490,Dimethylpyrrolidinodithiazine,116505-60-3,116505-60-3,True,True,CC1=C(C)C(N2CCCC2)=NSS1,CC1=C(C)C(N2CCCC2)=NSS1,True,"['meaty', 'roasted']",meaty;roasted,True,False
1652,MOL_000491,Methyldodecanal,116854-43-4,116854-43-4,True,True,CC[C@@H](C)CCCCCCCCC=O,CC[C@@H](C)CCCCCCCCC=O,True,"['fatty', 'waxy', 'citrus']",fatty;waxy;citrus,True,False
2969,MOL_000492,Undecatetraene,116963-97-4,116963-97-4,True,True,C=CC=CC=CC=CCCC,C=CC=CC=CC=CCCC,True,"['green', 'earthy', 'fruity', 'leafy', 'woody']",green;earthy;fruity;leafy;woody,True,False
2417,MOL_000493,Vetiveryl acetate,117-98-6,117-98-6,True,True,CC(=O)OC1C=C(C)C2CC(=C(C)C)CC2C(C)C1,CC(=O)OC1C=C(C)C2CC(=C(C)C)CC2C(C)C1,True,"['fresh', 'herbal', 'woody', 'sweet', 'dry']",fresh;herbal;woody;sweet;dry,True,False
3174,MOL_000494,Ethylthiobutanol,117013-33-9,117013-33-9,True,True,CCCC(O)SCC,CCCC(O)SCC,True,"['sulfurous', 'nutty', 'meaty', 'savory']",sulfurous;nutty;meaty;savory,True,False
3363,MOL_000495,amber dioxane,117933-89-8,117933-89-8,True,True,CCC(C)C1(COC(OC1)C2CCC(=CC2C)C)C,CCC(C)C1(C)COC(C2CCC(C)=CC2C)OC1,True,"['dry', 'musty', 'woody', 'balsamic', 'earthy', 'floral']",dry;musty;woody;balsamic;earthy;floral,True,False
2053,MOL_000496,Phenyl salicylate,118-55-8,118-55-8,True,True,O=C(Oc1ccccc1)c1ccccc1O,O=C(Oc1ccccc1)c1ccccc1O,True,"['fruity', 'honey', 'woody', 'balsamic', 'floral']",fruity;honey;woody;balsamic;floral,True,False
2884,MOL_000497,Homosalate,118-56-9,118-56-9,True,True,CC1CC(OC(=O)c2ccccc2O)CC(C)(C)C1,CC1CC(OC(=O)c2ccccc2O)CC(C)(C)C1,True,"['medicinal', 'odorless']",medicinal;odorless,True,False
200,MOL_000498,Benzyl salicylate,118-58-1,118-58-1,True,True,O=C(OCc1ccccc1)c1ccccc1O,O=C(OCc1ccccc1)c1ccccc1O,True,"['balsamic', 'sweet']",balsamic;sweet,True,False
3037,MOL_000499,Ethylhexyl salicylate,118-60-5,118-60-5,True,True,CCCCC(CC)COC(=O)c1ccccc1O,CCCCC(CC)COC(=O)c1ccccc1O,True,"['fruity', 'spicy', 'floral']",fruity;spicy;floral,True,False
819,MOL_000500,Ethyl salicylate,118-61-6,118-61-6,True,True,CCOC(=O)c1ccccc1O,CCOC(=O)c1ccccc1O,True,"['fruity', 'floral', 'sweet']",fruity;floral;sweet,True,False
3146,MOL_000501,Isocaryophyllene,118-65-0,118-65-0,True,True,C=C1CC/C=C(/C)CC[C@@H]2[C@@H]1CC2(C)C,C=C1CC/C=C(/C)CC[C@@H]2[C@@H]1CC2(C)C,True,"['woody', 'spicy', 'dry']",woody;spicy;dry,True,False
1385,MOL_000502,Maltol,118-71-8,118-71-8,True,True,Cc1occc(=O)c1O,Cc1occc(=O)c1O,True,"['caramellic', 'fruity', 'strawberry', 'berry', 'sweet']",caramellic;fruity;strawberry;berry;sweet,True,False
656,MOL_000503,Dimethylthiophenol,118-72-9,118-72-9,True,True,Cc1cccc(C)c1S,Cc1cccc(C)c1S,True,"['roasted', 'meaty', 'sulfurous', 'phenolic', 'smoky']",roasted;meaty;sulfurous;phenolic;smoky,True,False
1142,MOL_000504,Hydroxyacetophenone,118-93-4,118-93-4,True,True,CC(=O)c1ccccc1O,CC(=O)c1ccccc1O,True,"['hay', 'cinnamon', 'almond', 'cherry', 'coumarinic']",hay;cinnamon;almond;cherry;coumarinic,True,False
2346,MOL_000505,Trimethylamine oxide,1184-78-7,1184-78-7,True,True,C[N+](C)(C)[O-],C[N+](C)(C)[O-],True,['fishy'],fishy,True,False
3364,MOL_000506,hydroxyambran,118562-73-5,118562-73-5,True,True,CC(CO)C1CCCCCCCCCCC1,CC(CO)C1CCCCCCCCCCC1,True,"['woody', 'balsamic', 'musk']",woody;balsamic;musk,True,False
484,MOL_000507,Diallyl pentasulfide,118686-45-6,118686-45-6,True,True,C=CCSSSSSCC=C,C=CCSSSSSCC=C,True,"['roasted', 'alliaceous', 'garlic', 'savory', 'onion', 'sulfurous']",roasted;alliaceous;garlic;savory;onion;sulfurous,True,False
1670,MOL_000508,Methylheptanoic acid,1188-02-9,1188-02-9,True,True,CCCCC[C@@H](C)C(=O)O,CCCCC[C@@H](C)C(=O)O,True,"['sour', 'oily', 'fatty', 'cheesy']",sour;oily;fatty;cheesy,True,False
273,MOL_000509,Butyl hexenoate,118869-62-8,118869-62-8,True,True,CC/C=C/CC(=O)OCCCC,CC/C=C/CC(=O)OCCCC,True,"['green', 'fruity', 'apple', 'tropical']",green;fruity;apple;tropical,True,False
1503,MOL_000510,Methyl geranate,1189-09-9,1189-09-9,True,True,COC(=O)/C=C(\C)CCC=C(C)C,COC(=O)/C=C(\C)CCC=C(C)C,True,"['green', 'fruity', 'waxy']",green;fruity;waxy,True,False
1570,MOL_000511,Methyl salicylate,119-36-8,119-36-8,True,True,COC(=O)c1ccccc1O,COC(=O)c1ccccc1O,True,"['sweet', 'warm']",sweet;warm,True,False
169,MOL_000512,Benzoin,119-53-9,119-53-9,True,True,O=C(c1ccccc1)C(O)c1ccccc1,O=C(c1ccccc1)C(O)c1ccccc1,True,"['spicy', 'camphoreous', 'sweet']",spicy;camphoreous;sweet,True,False
171,MOL_000513,Benzophenone,119-61-9,119-61-9,True,True,O=C(c1ccccc1)c1ccccc1,O=C(c1ccccc1)c1ccccc1,True,['rose'],rose,True,False
1345,MOL_000514,Isoquinoline,119-65-3,119-65-3,True,True,c1ccc2cnccc2c1,c1ccc2cnccc2c1,True,"['almond', 'herbal', 'anisic', 'balsamic', 'sweet']",almond;herbal;anisic;balsamic;sweet,True,False
535,MOL_000515,Dihydrocoumarin,119-84-6,119-84-6,True,True,O=C1CCc2ccccc2O1,O=C1CCc2ccccc2O1,True,"['hay', 'tobacco', 'nutty', 'sweet', 'coumarinic']",hay;tobacco;nutty;sweet;coumarinic,True,False
1486,MOL_000516,Methyl decadienoate,1191-03-3,1191-03-3,True,True,CCCCCC=CC=CC(=O)OC,CCCCCC=CC=CC(=O)OC,True,"['fruity', 'fatty', 'waxy', 'pear']",fruity;fatty;waxy;pear,True,False
2492,MOL_000517,Hexenoic acid,1191-04-4,1191-04-4,True,True,CCC/C=C/C(=O)O,CCC/C=C/C(=O)O,True,"['fatty', 'cheesy']",fatty;cheesy,True,False
231,MOL_000518,Butanedithiol,1191-08-8,1191-08-8,True,True,SCCCCS,SCCCCS,True,"['sulfurous', 'burnt', 'meaty']",sulfurous;burnt;meaty,True,False
2126,MOL_000519,Prenyl acetate,1191-16-8,1191-16-8,True,True,CC(=O)OCC=C(C)C,CC(=O)OCC=C(C)C,True,"['green', 'banana', 'apple', 'fruity']",green;banana;apple;fruity,True,False
770,MOL_000520,Ethyl linolenate,1191-41-9,1191-41-9,True,True,CC/C=C/C/C=C/C/C=C/CCCCCCCC(=O)OCC,CC/C=C/C/C=C/C/C=C/CCCCCCCC(=O)OCC,True,"['oily', 'fatty']",oily;fatty,True,False
1048,MOL_000521,Hexanedithiol,1191-43-1,1191-43-1,True,True,SCCCCCCS,SCCCCCCS,True,"['meaty', 'fatty', 'savory', 'sulfurous', 'mushroom']",meaty;fatty;savory;sulfurous;mushroom,True,False
1929,MOL_000522,Octanedithiol,1191-62-4,1191-62-4,True,True,SCCCCCCCCS,SCCCCCCCCS,True,"['earthy', 'sulfurous', 'meaty', 'mushroom']",earthy;sulfurous;meaty;mushroom,True,False
2556,MOL_000523,Methylformylpyrrole,1192-58-1,1192-58-1,True,True,Cn1cccc1C=O,Cn1cccc1C=O,True,"['nutty', 'burnt', 'roasted']",nutty;burnt;roasted,True,False
941,MOL_000524,Furylmethylketone,1192-62-7,1192-62-7,True,True,CC(=O)c1ccco1,CC(=O)c1ccco1,True,"['caramellic', 'nutty', 'balsamic', 'sweet']",caramellic;nutty;balsamic;sweet,True,False
3153,MOL_000525,Formylmethylpyrrole,1192-79-6,1192-79-6,True,True,Cc1ccc(C=O)[nH]1,Cc1ccc(C=O)[nH]1,True,"['spicy', 'aromatic', 'almond']",spicy;aromatic;almond,True,False
2358,MOL_000526,Trimethyloxacyclopentane,1193-11-9,1193-11-9,True,True,CC1COC(C)(C)O1,CC1COC(C)(C)O1,True,"['green', 'fruity', 'earthy', 'vegetable', 'musty']",green;fruity;earthy;vegetable;musty,True,False
1644,MOL_000527,Methylcyclohexenone,1193-18-6,1193-18-6,True,True,CC1=CC(=O)CCC1,CC1=CC(=O)CCC1,True,"['nutty', 'caramellic', 'mint', 'musty']",nutty;caramellic;mint;musty,True,False
61,MOL_000528,Acetylmethylfuran,1193-79-9,1193-79-9,True,True,CC(=O)c1ccc(C)o1,CC(=O)c1ccc(C)o1,True,"['nutty', 'hay', 'caramellic', 'coumarinic']",nutty;hay;caramellic;coumarinic,True,False
3291,MOL_000529,Cyclohexylethanol,1193-81-3,1193-81-3,True,True,CC(O)C1CCCCC1,CC(O)C1CCCCC1,True,"['oily', 'fruity', 'fermented', 'herbal']",oily;fruity;fermented;herbal,True,False
1668,MOL_000530,Methylguaiacol,1195-09-1,1195-09-1,True,True,COc1ccc(C)cc1O,COc1ccc(C)cc1O,True,"['vanilla', 'phenolic', 'smoky', 'sweet', 'medicinal']",vanilla;phenolic;smoky;sweet;medicinal,True,False
645,MOL_000531,Dimethylstyrene,1195-32-0,1195-32-0,True,True,C=C(C)c1ccc(C)cc1,C=C(C)c1ccc(C)cc1,True,"['pine', 'spicy', 'citrus', 'lemon', 'phenolic']",pine;spicy;citrus;lemon;phenolic,True,False
902,MOL_000532,Fenchone (no enantiomer specified),1195-79-5,1195-79-5,True,True,CC12CCC(C1)C(C)(C)C2=O,CC12CCC(C1)C(C)(C)C2=O,True,"['pine', 'camphoreous', 'sweet']",pine;camphoreous;sweet,True,False
2644,MOL_000533,Limonene oxide,1195-92-2,1195-92-2,True,True,C=C(C)C1CCC2(C)OC2C1,C=C(C)C1CCC2(C)OC2C1,True,"['citrus', 'fruity', 'herbal', 'sweet']",citrus;fruity;herbal;sweet,True,False
3365,MOL_000534,laevo-verbenone,1196-01-6,1196-01-6,True,True,CC1=CC(=O)[C@H]2C[C@@H]1C2(C)C,CC1=CC(=O)[C@H]2C[C@@H]1C2(C)C,True,"['spicy', 'mint', 'camphoreous']",spicy;mint;camphoreous,True,False
3040,MOL_000535,Cyclotene acetate,1196-22-1,1196-22-1,True,True,CC(=O)OC1=C(C)CCC1=O,CC(=O)OC1=C(C)CCC1=O,True,"['fruity', 'caramellic']",fruity;caramellic,True,False
426,MOL_000536,Cymenol,1197-01-9,1197-01-9,True,True,Cc1ccc(C(C)(C)O)cc1,Cc1ccc(C(C)(C)O)cc1,True,"['nutty', 'cherry', 'herbal']",nutty;cherry;herbal,True,False
3366,MOL_000537,cis-carveol,1197-06-4,1197-06-4,True,True,CC1=CC[C@H](C[C@H]1O)C(=C)C,C=C(C)[C@@H]1CC=C(C)[C@H](O)C1,True,['spicy'],spicy,True,False
3367,MOL_000538,trans-carveol,1197-07-5,1197-07-5,True,True,CC1=CC[C@@H](C[C@H]1O)C(=C)C,C=C(C)[C@H]1CC=C(C)[C@H](O)C1,True,"['spicy', 'solvent', 'mint']",spicy;solvent;mint,True,False
1390,MOL_000539,Menthadienal,1197-15-5,1197-15-5,True,True,CC1=CC(C=O)=C(C(C)C)CC1,CC1=CC(C=O)=C(C(C)C)CC1,True,"['fatty', 'spicy', 'herbal']",fatty;spicy;herbal,True,False
2901,MOL_000540,Methylfurylpropanedione,1197-20-2,1197-20-2,True,True,CC(=O)C(=O)c1ccc(C)o1,CC(=O)C(=O)c1ccc(C)o1,True,"['burnt', 'caramellic']",burnt;caramellic,True,False
1273,MOL_000541,Isoeugenyl benzyl ether,120-11-6,120-11-6,True,True,C/C=C\c1ccc(OCc2ccccc2)c(OC)c1,C/C=C\c1ccc(OCc2ccccc2)c(OC)c1,True,"['spicy', 'balsamic', 'floral']",spicy;balsamic;floral,True,False
2413,MOL_000542,Veratraldehyde,120-14-9,120-14-9,True,True,COc1ccc(C=O)cc1OC,COc1ccc(C=O)cc1OC,True,"['woody', 'sweet', 'vanilla']",woody;sweet;vanilla,True,False
1279,MOL_000543,Isoeugenyl phenylacetate,120-24-1,120-24-1,True,True,C/C=C/c1ccc(OC(=O)Cc2ccccc2)c(OC)c1,C/C=C/c1ccc(OC(=O)Cc2ccccc2)c(OC)c1,True,"['honey', 'vanilla', 'sweet']",honey;vanilla;sweet,True,False
702,MOL_000544,Ethoxymethoxybenzaldehyde,120-25-2,120-25-2,True,True,CCOc1ccc(C=O)cc1OC,CCOc1ccc(C=O)cc1OC,True,"['woody', 'sweet', 'vanilla']",woody;sweet;vanilla,True,False
1598,MOL_000545,Styrallyl propanoate,120-45-6,120-45-6,True,True,CCC(=O)OC(C)c1ccccc1,CCC(=O)OC(C)c1ccccc1,True,"['green', 'fruity', 'floral', 'sweet']",green;fruity;floral;sweet,True,False
1231,MOL_000546,Isobutyl benzoate,120-50-3,120-50-3,True,True,CC(C)COC(=O)c1ccccc1,CC(C)COC(=O)c1ccccc1,True,"['rose', 'green', 'fruity', 'leafy', 'balsamic', 'floral']",rose;green;fruity;leafy;balsamic;floral,True,False
176,MOL_000547,Benzyl benzoate,120-51-4,120-51-4,True,True,O=C(OCc1ccccc1)c1ccccc1,O=C(OCc1ccccc1)c1ccccc1,True,"['fruity', 'balsamic', 'sweet']",fruity;balsamic;sweet,True,False
2120,MOL_000548,Piperonal,120-57-0,120-57-0,True,True,O=Cc1ccc2c(c1)OCO2,O=Cc1ccc2c(c1)OCO2,True,"['cherry', 'floral', 'sweet']",cherry;floral;sweet,True,False
3368,MOL_000549,isosafrole,120-58-1,120-58-1,True,True,CC=CC1=CC2=C(C=C1)OCO2,CC=Cc1ccc2c(c1)OCO2,True,"['sweet', 'spicy']",sweet;spicy,True,False
1176,MOL_000550,Indole,120-72-9,120-72-9,True,True,c1ccc2[nH]ccc2c1,c1ccc2[nH]ccc2c1,True,"['cheesy', 'floral', 'animal']",cheesy;floral;animal,True,False
3369,MOL_000551,5-norbornene-2-carboxylic acid,120-74-1,120-74-1,True,True,C1C2CC(C1C=C2)C(=O)O,O=C(O)C1CC2C=CC1C2,True,"['fruity', 'green']",fruity;green,True,False
1590,MOL_000552,Methylbenzothiazole,120-75-2,120-75-2,True,True,Cc1nc2ccccc2s1,Cc1nc2ccccc2s1,True,"['vegetable', 'meaty', 'nutty', 'sulfurous']",vegetable;meaty;nutty;sulfurous,True,False
346,MOL_000553,Catechol,120-80-9,120-80-9,True,True,Oc1ccccc1O,Oc1ccccc1O,True,"['phenolic', 'burnt']",phenolic;burnt,True,False
423,MOL_000554,Cyclopentanone,120-92-3,120-92-3,True,True,O=C1CCCC1,O=C1CCCC1,True,"['ketonic', 'nutty', 'woody', 'musty']",ketonic;nutty;woody;musty,True,False
1768,MOL_000555,Methylpyrrolidine,120-94-5,120-94-5,True,True,CN1CCCC1,CN1CCCC1,True,"['ripe', 'fishy', 'cheesy']",ripe;fishy;cheesy,True,False
1218,MOL_000556,Isobornyl formate,1200-67-5,1200-67-5,True,True,CC1(C)C2CCC1(C)[C@@H](OC=O)C2,CC1(C)C2CCC1(C)[C@@H](OC=O)C2,True,"['green', 'earthy', 'camphoreous', 'pine']",green;earthy;camphoreous;pine,True,False
2998,MOL_000557,Helional®,1205-17-0,1205-17-0,True,True,CC(C=O)Cc1ccc2c(c1)OCO2,CC(C=O)Cc1ccc2c(c1)OCO2,True,"['hay', 'green', 'melon', 'floral']",hay;green;melon;floral,True,False
339,MOL_000558,Carvyl acetate,1205-42-1,1205-42-1,True,True,C=C(C)[C@@H]1CC=C(C)[C@H](OC(C)=O)C1,C=C(C)[C@@H]1CC=C(C)[C@H](OC(C)=O)C1,True,"['sour', 'green', 'fruity', 'herbal', 'sweet']",sour;green;fruity;herbal;sweet,True,False
3370,MOL_000559,(3-methoxy-2-methyl propyl) benzene,120811-92-9,120811-92-9,True,True,CC(COC)Cc1ccccc1,COCC(C)Cc1ccccc1,True,"['floral', 'green', 'rose', 'fruity']",floral;green;rose;fruity,True,False
3371,MOL_000560,tobacarol (IFF),1209-61-6,1209-61-6,True,True,CC1CCC2C(O2)(CCC3C1CC3(C)C)C,CC1CCC2OC2(C)CCC2C1CC2(C)C,True,"['musty', 'balsamic', 'woody', 'spicy', 'tobacco']",musty;balsamic;woody;spicy;tobacco,True,False
831,MOL_000561,Ethyl vanillin,121-32-4,121-32-4,True,True,CCOc1cc(C=O)ccc1O,CCOc1cc(C=O)ccc1O,True,"['vanilla', 'sweet']",vanilla;sweet,True,False
2408,MOL_000562,Vanillin,121-33-5,121-33-5,True,True,COc1cc(C=O)ccc1O,COc1cc(C=O)ccc1O,True,"['creamy', 'vanilla']",creamy;vanilla,True,False
2405,MOL_000563,Vanillic acid,121-34-6,121-34-6,True,True,COc1cc(C(=O)O)ccc1O,COc1cc(C(=O)O)ccc1O,True,['odorless'],odorless,True,False
811,MOL_000564,Ethyl phenylglycidate,121-39-1,121-39-1,True,True,CCOC(=O)C1OC1c1ccccc1,CCOC(=O)C1OC1c1ccccc1,True,"['caramellic', 'fruity', 'strawberry', 'berry', 'sweet']",caramellic;fruity;strawberry;berry;sweet,True,False
2342,MOL_000565,Triethylamine,121-44-8,121-44-8,True,True,CCN(CC)CC,CCN(CC)CC,True,"['ripe', 'fishy', 'cheesy']",ripe;fishy;cheesy,True,False
2172,MOL_000566,Propyl gallate,121-79-9,121-79-9,True,True,CCCOC(=O)c1cc(O)c(O)c(O)c1,CCCOC(=O)c1cc(O)c(O)c(O)c1,True,['odorless'],odorless,True,False
3372,MOL_000567,para-methoxypropiophenone,121-97-1,121-97-1,True,True,CCC(=O)C1=CC=C(C=C1)OC,CCC(=O)c1ccc(OC)cc1,True,"['musty', 'anisic']",musty;anisic,True,False
1471,MOL_000568,Methyl anisate,121-98-2,121-98-2,True,True,COC(=O)c1ccc(OC)cc1,COC(=O)c1ccc(OC)cc1,True,"['anisic', 'vanilla', 'sweet']",anisic;vanilla;sweet,True,False
2611,MOL_000569,Dodecenal,121052-28-6,121052-28-6,True,True,CCC/C=C/CCCCCCC=O,CCC/C=C/CCCCCCC=O,True,"['fatty', 'waxy', 'citrus']",fatty;waxy;citrus,True,False
3373,MOL_000570,(Z)-methyl epi-jasmonate,1211-29-6,1211-29-6,True,True,CC/C=C\C[C@@H]1[C@H](CCC1=O)CC(=O),CC/C=C\C[C@H]1C(=O)CC[C@@H]1CC=O,True,"['floral', 'fresh', 'oily', 'waxy', 'sweet', 'fruity', 'green']",floral;fresh;oily;waxy;sweet;fruity;green,True,False
3374,MOL_000571,perillaldehyde propylene glycol acetal,121199-28-8,121199-28-8,True,True,CC1COC(O1)C2=CCC(CC2)C(=C)C,C=C(C)C1CC=C(C2OCC(C)O2)CC1,True,"['fatty', 'spicy', 'herbal']",fatty;spicy;herbal,True,False
717,MOL_000572,Ethyl acetoxyoctanoate,121312-01-4,121312-01-4,True,True,CCCCCCC(OC(C)=O)C(=O)OCC,CCCCCCC(OC(C)=O)C(=O)OCC,True,"['oily', 'fruity', 'winey', 'tropical']",oily;fruity;winey;tropical,True,False
1078,MOL_000573,Hexenyl anisate,121432-33-5,121432-33-5,True,True,CCCCC=COC(=O)c1ccc(OC)cc1,CCCCC=COC(=O)c1ccc(OC)cc1,True,"['green', 'fruity', 'anisic', 'floral']",green;fruity;anisic;floral,True,False
1584,MOL_000574,Methylacetophenone,122-00-9,122-00-9,True,True,CC(=O)c1ccc(C)cc1,CC(=O)c1ccc(C)cc1,True,"['fruity', 'hay', 'floral', 'sweet']",fruity;hay;floral;sweet,True,False
398,MOL_000575,Cuminaldehyde,122-03-2,122-03-2,True,True,CC(C)c1ccc(C=O)cc1,CC(C)c1ccc(C=O)cc1,True,"['green', 'pungent', 'herbal']",green;pungent;herbal,True,False
141,MOL_000576,Amylcinnamaldehyde,122-40-7,122-40-7,True,True,CCCCC/C(C=O)=C/c1ccccc1,CCCCC/C(C=O)=C/c1ccccc1,True,"['floral', 'jasmine']",floral;jasmine,True,False
291,MOL_000577,Butyl phenylacetate,122-43-0,122-43-0,True,True,CCCCOC(=O)Cc1ccccc1,CCCCOC(=O)Cc1ccccc1,True,"['honey', 'rose', 'sweet']",honey;rose;sweet,True,False
3375,MOL_000578,phenyl propyl phenyl acetate,122-44-1,122-44-1,True,True,C1=CC=C(C=C1)CCCOC(=O)CC2=CC=CC=C2,O=C(Cc1ccccc1)OCCCc1ccccc1,True,"['balsamic', 'floral', 'rose', 'green', 'spicy']",balsamic;floral;rose;green;spicy,True,False
1970,MOL_000579,Octyl phenylacetate,122-45-2,122-45-2,True,True,CCCCCCCCOC(=O)Cc1ccccc1,CCCCCCCCOC(=O)Cc1ccccc1,True,"['rose', 'citrus', 'fatty', 'fruity', 'floral', 'sweet']",rose;citrus;fatty;fruity;floral;sweet,True,False
3376,MOL_000580,meta-cresyl acetate,122-46-3,122-46-3,True,True,CC1=CC(=CC=C1)OC(=O)C,CC(=O)Oc1cccc(C)c1,True,"['pungent', 'floral', 'phenolic']",pungent;floral;phenolic,True,False
2430,MOL_000581,Zingerone,122-48-5,122-48-5,True,True,COc1cc(CCC(C)=O)ccc1O,COc1cc(CCC(C)=O)ccc1O,True,"['vanilla', 'spicy', 'balsamic', 'sweet']",vanilla;spicy;balsamic;sweet,True,False
2340,MOL_000582,Triethoxymethane,122-51-0,122-51-0,True,True,CCOC(OCC)OCC,CCOC(OCC)OCC,True,['camphoreous'],camphoreous,True,False
2069,MOL_000583,Phenylbutenone,122-57-6,122-57-6,True,True,CC(=O)/C=C/c1ccccc1,CC(=O)/C=C/c1ccccc1,True,"['creamy', 'fruity', 'sweet', 'coumarinic', 'cheesy']",creamy;fruity;sweet;coumarinic;cheesy,True,False
2048,MOL_000584,Phenoxyacetic acid,122-59-8,122-59-8,True,True,O=C(O)COc1ccccc1,O=C(O)COc1ccccc1,True,"['sour', 'honey']",sour;honey,True,False
199,MOL_000585,Benzyl propionate,122-63-4,122-63-4,True,True,CCC(=O)OCc1ccccc1,CCC(=O)OCc1ccccc1,True,"['fruity', 'floral', 'jasmine']",fruity;floral;jasmine,True,False
1234,MOL_000586,Isobutyl cinnamate,122-67-8,122-67-8,True,True,CC(C)COC(=O)/C=C/c1ccccc1,CC(C)COC(=O)/C=C/c1ccccc1,True,"['fruity', 'cocoa', 'waxy', 'balsamic', 'peach', 'sweet']",fruity;cocoa;waxy;balsamic;peach;sweet,True,False
2094,MOL_000587,Phenylpropyl cinnamate,122-68-9,122-68-9,True,True,O=C(/C=C\c1ccccc1)OCCCc1ccccc1,O=C(/C=C\c1ccccc1)OCCCc1ccccc1,True,"['fruity', 'balsamic', 'rose', 'sweet']",fruity;balsamic;rose;sweet,True,False
364,MOL_000588,Cinnamyl cinnamate,122-69-0,122-69-0,True,True,O=C(/C=C/c1ccccc1)OC/C=C/c1ccccc1,O=C(/C=C/c1ccccc1)OC/C=C/c1ccccc1,True,"['spicy', 'cinnamon', 'balsamic', 'floral', 'sweet']",spicy;cinnamon;balsamic;floral;sweet,True,False
2041,MOL_000589,Phenethyl propionate,122-70-3,122-70-3,True,True,CCC(=O)OCCc1ccccc1,CCC(=O)OCCc1ccccc1,True,"['spicy', 'rose', 'fruity', 'herbal']",spicy;rose;fruity;herbal,True,False
14,MOL_000590,Acetaldehyde diphenethyl acetal,122-71-4,122-71-4,True,True,CC(OCCc1ccccc1)OCCc1ccccc1,CC(OCCc1ccccc1)OCCc1ccccc1,True,"['rose', 'warm', 'leafy', 'balsamic', 'floral']",rose;warm;leafy;balsamic;floral,True,False
2090,MOL_000591,Phenylpropyl acetate,122-72-5,122-72-5,True,True,CC(=O)OCCCc1ccccc1,CC(=O)OCCCc1ccccc1,True,"['honey', 'balsamic', 'floral', 'spicy']",honey;balsamic;floral;spicy,True,False
3377,MOL_000592,gardenia oxide,122-73-6,122-73-6,True,True,CC(C)CCOCC1=CC=CC=C1,CC(C)CCOCc1ccccc1,True,"['vegetable', 'floral', 'jasmine', 'fruity', 'green']",vegetable;floral;jasmine;fruity;green,True,False
2101,MOL_000593,Phenylpropyl propionate,122-74-7,122-74-7,True,True,CCC(=O)OCCCc1ccccc1,CCC(=O)OCCCc1ccccc1,True,"['balsamic', 'floral']",balsamic;floral,True,False
2058,MOL_000594,Phenylacetaldehyde,122-78-1,122-78-1,True,True,O=CCc1ccccc1,O=CCc1ccccc1,True,"['rose', 'green', 'honey', 'floral']",rose;green;honey;floral,True,False
2051,MOL_000595,Phenyl acetate,122-79-2,122-79-2,True,True,CC(=O)Oc1ccccc1,CC(=O)Oc1ccccc1,True,"['jasmine', 'metallic']",jasmine;metallic,True,False
1457,MOL_000596,Methoxyphenylpropanone,122-84-9,122-84-9,True,True,COc1ccc(CC(C)=O)cc1,COc1ccc(CC(C)=O)cc1,True,['anisic'],anisic,True,False
154,MOL_000597,Anisyl formate,122-91-8,122-91-8,True,True,COc1ccc(COC=O)cc1,COc1ccc(COC=O)cc1,True,"['spicy', 'green', 'vanilla', 'floral', 'sweet']",spicy;green;vanilla;floral;sweet,True,False
2082,MOL_000598,Phenylpropanol,122-97-4,122-97-4,True,True,OCCCc1ccccc1,OCCCc1ccccc1,True,"['balsamic', 'floral']",balsamic;floral,True,False
3001,MOL_000599,Phenoxyethanol,122-99-6,122-99-6,True,True,OCCOc1ccccc1,OCCOc1ccccc1,True,"['rose', 'fresh', 'balsamic', 'floral']",rose;fresh;balsamic;floral,True,False
3245,MOL_000600,Dimethyldithiolaneone,122152-29-8,122152-29-8,True,True,CC1(C)CSSC1=O,CC1(C)CSSC1=O,True,"['roasted', 'fatty', 'savory', 'burnt', 'potato']",roasted;fatty;savory;burnt;potato,True,False
3378,MOL_000601,musk gx 50% in IPM,1222-05-5,1222-05-5,True,True,CC1COCC2=CC3=C(C=C12)C(C(C3(C)C)C)(C)C,CC1COCc2cc3c(cc21)C(C)(C)C(C)C3(C)C,True,"['sweet', 'floral', 'musk']",sweet;floral;musk,True,False
3379,MOL_000602,glucoethyl vanillin,122397-96-0,122397-96-0,True,True,CCO[C@@H]1O[C@H](CO)[C@@H](O)[C@H](O)[C@H]1O.O=Cc1cc(OC)c(O)cc1,CCO[C@@H]1O[C@H](CO)[C@@H](O)[C@H](O)[C@H]1O.COc1cc(C=O)ccc1O,True,['vanilla'],vanilla,True,False
3380,MOL_000603,"(+)-(E,S)-filbertone",122440-59-9,122440-59-9,True,True,CC[C@H](C)C(=O)/C=C/C,C/C=C/C(=O)[C@@H](C)CC,True,"['hazelnut', 'metallic', 'fatty', 'nutty']",hazelnut;metallic;fatty;nutty,True,False
2792,MOL_000604,Isoamyl undecylenate,12262-03-2,12262-03-2,True,True,CCCC/C=C/CCCCC(=O)OCCC(C)C,CCCC/C=C/CCCCC(=O)OCCC(C)C,True,"['herbal', 'winey', 'brandy']",herbal;winey;brandy,True,False
3381,MOL_000605,delta-octadecalactone,1227-51-6,1227-51-6,True,True,CCCCCCCCCCCCCC1CCCC(=O)O1,CCCCCCCCCCCCCC1CCCC(=O)O1,True,"['fatty', 'waxy', 'savory']",fatty;waxy;savory,True,False
3382,MOL_000606,herbal heptane,122795-41-9,122795-41-9,True,True,CCC1CC2CC1CC2OC,CCC1CC2CC1CC2OC,True,"['herbal', 'green', 'leafy', 'citrus']",herbal;green;leafy;citrus,True,False
2977,MOL_000607,Methyldithiopropanone,122861-78-3,122861-78-3,True,True,CSSCC(C)=O,CSSCC(C)=O,True,"['onion', 'green', 'sweet']",onion;green;sweet,True,False
851,MOL_000608,Ethylhexanal,123-05-7,123-05-7,True,True,CCCCC(C=O)CC,CCCCC(C=O)CC,True,"['green', 'fruity']",green;fruity,True,False
878,MOL_000609,Ethylphenol,123-07-9,123-07-9,True,True,CCc1ccc(O)cc1,CCc1ccc(O)cc1,True,"['woody', 'phenolic', 'animal']",woody;phenolic;animal,True,False
1143,MOL_000610,Hydroxybenzaldehyde,123-08-0,123-08-0,True,True,O=Cc1ccc(O)cc1,O=Cc1ccc(O)cc1,True,"['hay', 'nutty', 'phenolic', 'almond', 'woody', 'balsamic']",hay;nutty;phenolic;almond;woody;balsamic,True,False
148,MOL_000611,Anisaldehyde: p-Anisaldehyde,123-11-5,123-11-5,True,True,COc1ccc(C=O)cc1,COc1ccc(C=O)cc1,True,"['hay', 'vanilla', 'fruity', 'herbal', 'anisic', 'floral', 'sweet']",hay;vanilla;fruity;herbal;anisic;floral;sweet,True,False
1716,MOL_000612,Methylpentanal,123-15-9,123-15-9,True,True,CCCC(C)C=O,CCCC(C)C=O,True,"['green', 'fruity', 'cocoa', 'cheesy']",green;fruity;cocoa;cheesy,True,False
998,MOL_000613,Heptanone,123-19-3,123-19-3,True,True,CCCC(=O)CCC,CCCC(=O)CCC,True,"['green', 'fruity', 'pungent']",green;fruity;pungent,True,False
512,MOL_000614,Diethyl succinate,123-25-1,123-25-1,True,True,CCOC(=O)CCC(=O)OCC,CCOC(=O)CCC(=O)OCC,True,"['green', 'grape', 'winey', 'ethereal']",green;grape;winey;ethereal,True,False
795,MOL_000615,Ethyl nonanoate,123-29-5,123-29-5,True,True,CCCCCCCCC(=O)OCC,CCCCCCCCC(=O)OCC,True,"['oily', 'fatty', 'nutty', 'grape', 'waxy', 'cognac']",oily;fatty;nutty;grape;waxy;cognac,True,False
636,MOL_000616,Dimethylpyrazine,123-32-0,123-32-0,True,True,Cc1cnc(C)cn1,Cc1cnc(C)cn1,True,"['earthy', 'roasted', 'chocolate']",earthy;roasted;chocolate,True,False
3383,MOL_000617,myrcene,123-35-3,123-35-3,True,True,CC(=CCCC(=C)C=C)C,C=CC(=C)CCC=C(C)C,True,"['spicy', 'pine', 'balsamic', 'solvent', 'herbal', 'woody', 'rose', 'vegetable']",spicy;pine;balsamic;solvent;herbal;woody;rose;vegetable,True,False
2152,MOL_000618,Propionaldehyde,123-38-6,123-38-6,True,True,CCC=O,CCC=O,True,['green'],green,True,False
1168,MOL_000619,Hydroxymethylpentanone,123-42-2,123-42-2,True,True,CC(=O)CC(C)(C)O,CC(=O)CC(C)(C)O,True,"['ketonic', 'fruity', 'fresh', 'mint']",ketonic;fruity;fresh;mint,True,False
1190,MOL_000620,Isoamyl alcohol,123-51-3,123-51-3,True,True,CC(C)CCO,CC(C)CCO,True,['alcoholic'],alcoholic,True,False
1980,MOL_000621,Paraldehyde,123-63-7,123-63-7,True,True,CC1OC(C)OC(C)O1,CC1OC(C)OC(C)O1,True,"['fruity', 'musty', 'sweet', 'rum']",fruity;musty;sweet;rum,True,False
756,MOL_000622,Ethyl hexanoate,123-66-0,123-66-0,True,True,CCCCCC(=O)OCC,CCCCCC(=O)OCC,True,"['fruity', 'banana', 'pear', 'tropical', 'strawberry', 'pineapple']",fruity;banana;pear;tropical;strawberry;pineapple,True,False
93,MOL_000623,Allyl hexanoate,123-68-2,123-68-2,True,True,C=CCOC(=O)CCCCC,C=CCOC(=O)CCCCC,True,"['fatty', 'fruity', 'winey', 'pineapple']",fatty;fruity;winey;pineapple,True,False
2494,MOL_000624,Ambrettolide,123-69-3,123-69-3,True,True,O=C1CCCCC/C=C\CCCCCCCCO1,O=C1CCCCC/C=C\CCCCCCCCO1,True,['musk'],musk,True,False
315,MOL_000625,Butyraldehyde,123-72-8,123-72-8,True,True,CCCC=O,CCCC=O,True,"['malty', 'green', 'fruity', 'cocoa']",malty;green;fruity;cocoa,True,False
237,MOL_000626,Butenal,123-73-9,123-73-9,True,True,C/C=C/C=O,C/C=C/C=O,True,"['spicy', 'sharp', 'warm']",spicy;sharp;warm,True,False
3384,MOL_000627,pyrrolidine,123-75-1,123-75-1,True,True,C1CCNC1,C1CCNC1,True,"['pungent', 'animal', 'sulfurous', 'fishy']",pungent;animal;sulfurous;fishy,True,False
1360,MOL_000628,Levulinic acid,123-76-2,123-76-2,True,True,CC(=O)CCC(=O)O,CC(=O)CCC(=O)O,True,['caramellic'],caramellic,True,False
3080,MOL_000629,Dioctyl adipate (so called),123-79-5,123-79-5,True,True,CCCCCCCCOC(=O)CCCCC(=O)OCCCCCCCC,CCCCCCCCOC(=O)CCCCC(=O)OCCCCCCCC,True,"['fatty', 'odorless']",fatty;odorless,True,False
247,MOL_000630,Butyl acetate,123-86-4,123-86-4,True,True,CCCCOC(C)=O,CCCCOC(C)=O,True,"['fruity', 'banana', 'pear', 'pineapple', 'sweet']",fruity;banana;pear;pineapple;sweet,True,False
1188,MOL_000631,Isoamyl acetate,123-92-2,123-92-2,True,True,CC(=O)OCCC(C)C,CC(=O)OCCC(C)C,True,"['fruity', 'pear', 'sweet', 'banana']",fruity;pear;sweet;banana,True,False
294,MOL_000632,Butyl stearate,123-95-5,123-95-5,True,True,CCCCCCCCCCCCCCCCCC(=O)OCCCC,CCCCCCCCCCCCCCCCCC(=O)OCCCC,True,"['odorless', 'fruity', 'fatty']",odorless;fruity;fatty,True,False
1932,MOL_000633,Octanol,123-96-6,123-96-6,True,True,CCCCCCC(C)O,CCCCCCC(C)O,True,"['green', 'earthy', 'musty', 'leafy', 'floral']",green;earthy;musty;leafy;floral,True,False
1874,MOL_000634,Nonanedioic acid,123-99-9,123-99-9,True,True,O=C(O)CCCCCCCC(=O)O,O=C(O)CCCCCCCC(=O)O,True,['odorless'],odorless,True,False
75,MOL_000635,Adipic acid,124-04-9,124-04-9,True,True,O=C(O)CCCCC(=O)O,O=C(O)CCCCC(=O)O,True,['odorless'],odorless,True,False
792,MOL_000636,Ethyl myristate,124-06-1,124-06-1,True,True,CCCCCCCCCCCCCC(=O)OCC,CCCCCCCCCCCCCC(=O)OCC,True,"['fatty', 'waxy', 'sweet']",fatty;waxy;sweet,True,False
1930,MOL_000637,Octanoic acid,124-07-2,124-07-2,True,True,CCCCCCCC(=O)O,CCCCCCCC(=O)O,True,"['fatty', 'animal']",fatty;animal,True,False
1539,MOL_000638,Methyl myristate,124-10-7,124-10-7,True,True,CCCCCCCCCCCCCC(=O)OC,CCCCCCCCCCCCCC(=O)OC,True,"['oily', 'fatty', 'cognac', 'orris']",oily;fatty;cognac;orris,True,False
2966,MOL_000639,Nonene,124-11-8,124-11-8,True,True,C=CCCCCCCC,C=CCCCCCCC,True,['gasoline'],gasoline,True,False
3385,MOL_000640,octane nitrile,124-12-9,124-12-9,True,True,CCCCCCCC#N,CCCCCCCC#N,True,"['fatty', 'aldehydic', 'green']",fatty;aldehydic;green,True,False
1926,MOL_000641,Octanal,124-13-0,124-13-0,True,True,CCCCCCCC=O,CCCCCCCC=O,True,"['fatty', 'fruity']",fatty;fruity,True,False
3127,MOL_000642,Decane,124-18-5,124-18-5,True,True,CCCCCCCCCC,CCCCCCCCCC,True,['gasoline'],gasoline,True,False
1873,MOL_000643,Nonanal,124-19-6,124-19-6,True,True,CCCCCCCCC=O,CCCCCCCCC=O,True,"['waxy', 'fatty', 'floral', 'rose']",waxy;fatty;floral;rose,True,False
1829,MOL_000644,Myristaldehyde,124-25-4,124-25-4,True,True,CCCCCCCCCCCCCC=O,CCCCCCCCCCCCCC=O,True,"['fatty', 'waxy', 'citrus']",fatty;waxy;citrus,True,False
3242,MOL_000645,Dimethylamine,124-40-3,124-40-3,True,True,CNC,CNC,True,['fishy'],fishy,True,False
1215,MOL_000646,Isoborneol,124-76-5,124-76-5,True,True,CC1(C)[C@H]2CC[C@@]1(C)[C@H](O)C2,CC1(C)[C@H]2CC[C@@]1(C)[C@H](O)C2,True,"['pine', 'camphoreous']",pine;camphoreous,True,False
3386,MOL_000647,"(E)-3,12-tridecadiene nitrile",124071-42-7,124071-42-7,True,True,C=CCCCCCCC/C=C/CC#N,C=CCCCCCCC/C=C/CC#N,True,['citrus'],citrus,True,False
3387,MOL_000648,"3,6-dimethylheptan-2-ol",1247790-47-1,1247790-47-1,True,True,CC(C)CCC(C)C(C)O,CC(C)CCC(C)C(C)O,True,"['floral', 'green', 'rose']",floral;green;rose,True,False
3388,MOL_000649,(R)-4-methyl nonanoic acid,124918-65-6,124918-65-6,True,True,CCCCC[C@@H](C)CCC(=O)O,CCCCC[C@@H](C)CCC(=O)O,True,['animal'],animal,True,False
1216,MOL_000650,Isobornyl acetate,125-12-2,125-12-2,True,True,CC(=O)O[C@H]1C[C@H]2CC[C@@]1(C)C2(C)C,CC(=O)O[C@H]1C[C@H]2CC[C@@]1(C)C2(C)C,True,"['pine', 'earthy', 'fruity', 'camphoreous', 'herbal', 'woody']",pine;earthy;fruity;camphoreous;herbal;woody,True,False
3389,MOL_000651,alpha-farnesene isomer,125037-13-0,125037-13-0,True,True,CC(=CCCC(=CCC=C(C)C=C)C)C,C=CC(C)=CCC=C(C)CCC=C(C)C,True,"['citrus', 'herbal', 'balsamic', 'floral', 'green', 'woody', 'vegetable']",citrus;herbal;balsamic;floral;green;woody;vegetable,True,False
3390,MOL_000652,3-(3-propen-2-yl phenyl) butanal,125109-84-4,125109-84-4,True,True,O=CCC(c1cc(ccc1)\C(=C)C)C,C=C(C)c1cccc(C(C)CC=O)c1,True,"['fresh', 'woody', 'green', 'floral', 'melon']",fresh;woody;green;floral;melon,True,False
3391,MOL_000653,floral butanal,125109-85-5,125109-85-5,True,True,CC(C)C1=CC(=CC=C1)C(C)CC=O,CC(C)c1cccc(C(C)CC=O)c1,True,"['floral', 'green', 'fresh']",floral;green;fresh,True,False
3262,MOL_000654,Methylthiodecanal,1256932-15-6,1256932-15-6,True,True,CCCCCCCCC(C=O)SC,CCCCCCCCC(C=O)SC,True,"['meaty', 'fatty', 'gasoline', 'savory']",meaty;fatty;gasoline;savory,True,False
1369,MOL_000655,Linalyl benzoate,126-64-7,126-64-7,True,True,C=CC(C)(CCC=C(C)C)OC(=O)c1ccccc1,C=CC(C)(CCC=C(C)C)OC(=O)c1ccccc1,True,"['floral', 'citrus', 'fruity']",floral;citrus;fruity,True,False
3392,MOL_000656,dextro-linalool,126-90-9,126-90-9,True,True,CC(=CCC[C@@](C)(C=C)O)C,C=C[C@@](C)(O)CCC=C(C)C,True,"['sweet', 'floral', 'citrus', 'herbal']",sweet;floral;citrus;herbal,True,False
3393,MOL_000657,laevo-linalool,126-91-0,126-91-0,True,True,CC(=CCC[C@](C)(C=C)O)C,C=C[C@](C)(O)CCC=C(C)C,True,"['fresh', 'floral', 'woody', 'herbal']",fresh;floral;woody;herbal,True,False
2215,MOL_000658,Pyruvic acid,127-17-3,127-17-3,True,True,CC(=O)C(=O)O,CC(=O)C(=O)O,True,"['burnt', 'sour']",burnt;sour,True,False
1181,MOL_000659,Ionone,127-41-3,127-41-3,True,True,CC(=O)/C=C/C1C(C)=CCCC1(C)C,CC(=O)/C=C/C1C(C)=CCCC1(C)C,True,"['woody', 'balsamic', 'violet']",woody;balsamic;violet,True,False
3394,MOL_000660,(E)-alpha-methyl ionone (74-80%),127-42-4,127-42-4,True,True,CCC(=O)/C=C/C1C(=CCCC1(C)C)C,CCC(=O)/C=C/C1C(C)=CCCC1(C)C,True,"['sweet', 'floral', 'fruity', 'orris', 'violet', 'woody', 'tea']",sweet;floral;fruity;orris;violet;woody;tea,True,False
1696,MOL_000661,Methylionone,127-43-5,127-43-5,True,True,CCC(=O)/C=C/C1=C(C)CCCC1(C)C,CCC(=O)/C=C/C1=C(C)CCCC1(C)C,True,['woody'],woody,True,False
1697,MOL_000662,Methylionone,127-51-5,127-51-5,True,True,CC(=O)/C(C)=C\C1C(C)=CCCC1(C)C,CC(=O)/C(C)=C\C1C(C)=CCCC1(C)C,True,"['violet', 'floral', 'sweet', 'orris']",violet;floral;sweet;orris,True,False
2111,MOL_000663,Pinene,127-91-3,127-91-3,True,True,C=C1CCC2CC1C2(C)C,C=C1CCC2CC1C2(C)C,True,"['woody', 'pine', 'dry']",woody;pine;dry,True,False
3395,MOL_000664,methyl trans-3-oxo-2-pentyl cyclopentane carboxylate,1271488-66-4,1271488-66-4,True,True,CCCCC[C@H]1[C@@H](CCC1=O)C(=O)OC,CCCCC[C@@H]1C(=O)CC[C@H]1C(=O)OC,True,"['floral', 'jasmine', 'rose', 'green']",floral;jasmine;rose;green,True,False
2140,MOL_000665,Propanal ethyl methyl acetal,127248-84-4,127248-84-4,True,True,CCOC(CC)OC,CCOC(CC)OC,True,"['cognac', 'ethereal', 'brandy']",cognac;ethereal;brandy,True,False
3270,MOL_000666,Methyldecanal,127793-88-8,127793-88-8,True,True,CCC(C)CCCCCCC=O,CCC(C)CCCCCCC=O,True,"['rose', 'citrus', 'green', 'fresh', 'cucumber', 'sweet']",rose;citrus;green;fresh;cucumber;sweet,True,False
1248,MOL_000667,Isobutyl methylthiobutyrate,127931-21-9,127931-21-9,True,True,CCC(C)C(=S)OCC(C)C,CCC(C)C(=S)OCC(C)C,True,"['ripe', 'creamy', 'fruity', 'tropical', 'strawberry', 'sulfurous', 'cheesy']",ripe;creamy;fruity;tropical;strawberry;sulfurous;cheesy,True,False
3396,MOL_000668,butylated hydroxytoluene,128-37-0,128-37-0,True,True,CC1=CC(=C(C(=C1)C(C)(C)C)O)C(C)(C)C,Cc1cc(C(C)(C)C)c(O)c(C(C)(C)C)c1,True,"['phenolic', 'camphoreous']",phenolic;camphoreous,True,False
2232,MOL_000669,"Saccharine, sodium salt",128-44-9,128-44-9,True,True,O=C1NS(=O)(=O)c2ccccc21,O=C1NS(=O)(=O)c2ccccc21,True,['odorless'],odorless,True,False
1910,MOL_000670,Nopol,128-50-7,128-50-7,True,True,CC1(C)C2CC=C(CCO)C1C2,CC1(C)C2CC=C(CCO)C1C2,True,"['woody', 'camphoreous', 'citrus', 'pine']",woody;camphoreous;citrus;pine,True,False
1911,MOL_000671,Nopyl acetate,128-51-8,128-51-8,True,True,CC(=O)OCCC1=CCC2CC1C2(C)C,CC(=O)OCCC1=CCC2CC1C2(C)C,True,"['woody', 'fruity', 'floral', 'sweet']",woody;fruity;floral;sweet,True,False
3397,MOL_000672,woody propanol,128119-70-0,128119-70-0,True,True,CC(COC1CC2CCC1(C)C2(C)C)CO,CC(CO)COC1CC2CCC1(C)C2(C)C,True,"['warm', 'woody', 'dry', 'balsamic', 'orris']",warm;woody;dry;balsamic;orris,True,False
3398,MOL_000673,(R)-4-methyl octanoic acid,128342-71-2,128342-71-2,True,True,CCCC[C@@H](C)CCC(=O)O,CCCC[C@@H](C)CCC(=O)O,True,"['meaty', 'dairy']",meaty;dairy,True,False
3399,MOL_000674,(S)-4-methyl nonanoic acid,128342-72-3,128342-72-3,True,True,CCCCC[C@H](C)CCC(=O)O,CCCCC[C@H](C)CCC(=O)O,True,"['meaty', 'dairy']",meaty;dairy,True,False
3400,MOL_000675,dihydrogalangal acetate,129319-15-9,129319-15-9,True,True,CCC(C1=CC=C(C=C1)OC(=O)C)OC(=O)C,CCC(OC(C)=O)c1ccc(OC(C)=O)cc1,True,"['pungent', 'spicy']",pungent;spicy,True,False
3401,MOL_000676,quinine,130-95-0,130-95-0,True,True,COC1=CC2=C(C=CN=C2C=C1)[C@H]([C@@H]3C[C@@H]4CCN3C[C@@H]4C=C)O,C=C[C@H]1CN2CC[C@H]1C[C@H]2[C@H](O)c1ccnc2ccc(OC)cc12,True,[],,False,False
11,MOL_000677,Acetaldehyde diamyl acetal,13002-08-9,13002-08-9,True,True,CCCCCOC(C)OCCCCC,CCCCCOC(C)OCCCCC,True,"['vegetable', 'alcoholic', 'ethereal', 'green', 'cocoa', 'cognac']",vegetable;alcoholic;ethereal;green;cocoa;cognac,True,False
8,MOL_000678,Acetaldehyde di-isoamyl acetal,13002-09-0,13002-09-0,True,True,CC(C)CCOC(C)OCCC(C)C,CC(C)CCOC(C)OCCC(C)C,True,"['alcoholic', 'ethereal', 'green', 'fermented', 'vegetable']",alcoholic;ethereal;green;fermented;vegetable,True,False
2136,MOL_000679,Propanal di-isobutyl acetal,13002-11-4,13002-11-4,True,True,CCC(OCC(C)C)OCC(C)C,CCC(OCC(C)C)OCC(C)C,True,"['green', 'fermented', 'alcoholic', 'ethereal']",green;fermented;alcoholic;ethereal,True,False
2952,MOL_000680,Hexylidenehexanal,13019-16-4,13019-16-4,True,True,CCCCC/C=C(/C=O)CCCC,CCCCC/C=C(/C=O)CCCC,True,"['grassy', 'citrus', 'green', 'fatty', 'fruity', 'aldehydic']",grassy;citrus;green;fatty;fruity;aldehydic,True,False
3113,MOL_000681,Methylheptenol,13019-19-7,13019-19-7,True,True,CCCCCC=C(C)O,CCCCCC=C(C)O,True,"['green', 'earthy', 'fruity', 'herbal', 'floral']",green;earthy;fruity;herbal;floral,True,False
2446,MOL_000682,Methylheptanone,13019-20-0,13019-20-0,True,True,CCCCC(=O)C(C)C,CCCCC(=O)C(C)C,True,"['green', 'fruity', 'dairy', 'herbal', 'cheesy']",green;fruity;dairy;herbal;cheesy,True,False
461,MOL_000683,Decenol,13019-22-2,13019-22-2,True,True,C=CCCCCCCCCO,C=CCCCCCCCCO,True,"['rose', 'fresh', 'aldehydic', 'waxy']",rose;fresh;aldehydic;waxy,True,False
1902,MOL_000684,Nonenyl acetate,13049-88-2,13049-88-2,True,True,CCCCC/C=C\CCOC(C)=O,CCCCC/C=C\CCOC(C)=O,True,"['citrus', 'green', 'fatty', 'fruity', 'melon', 'fresh', 'waxy']",citrus;green;fatty;fruity;melon;fresh;waxy,True,False
2796,MOL_000685,Isobutyl pyruvate,13051-48-4,13051-48-4,True,True,CC(=O)C(=O)OCC(C)C,CC(=O)C(=O)OCC(C)C,True,"['fruity', 'caramellic', 'sweet', 'ethereal']",fruity;caramellic;sweet;ethereal,True,False
751,MOL_000686,Ethyl geranate,13058-12-3,13058-12-3,True,True,CCOC(=O)/C=C(\C)CCC=C(C)C,CCOC(=O)/C=C(\C)CCC=C(C)C,True,"['green', 'woody', 'rose']",green;woody;rose,True,False
3402,MOL_000687,tetrahydrojasmone,13074-63-0,13074-63-0,True,True,CCCCCC1C(CCC1=O)C,CCCCCC1C(=O)CCC1C,True,"['coconut', 'sweet', 'jasmine', 'spicy', 'fruity']",coconut;sweet;jasmine;spicy;fruity,True,False
2898,MOL_000688,Hexylcyclopentanone,13074-65-2,13074-65-2,True,True,CCCCCCC1CCCC1=O,CCCCCCC1CCCC1=O,True,"['green', 'fruity', 'floral', 'jasmine']",green;fruity;floral;jasmine,True,False
3403,MOL_000689,salicynile (Firmenich),130786-09-3,130786-09-3,True,True,CCC/C=C(/C#N)\C1=CC=CC=C1,CCC/C=C(/C#N)c1ccccc1,True,"['floral', 'metallic', 'herbal', 'green', 'waxy', 'fresh']",floral;metallic;herbal;green;waxy;fresh,True,False
219,MOL_000690,Bornyl butyrate,13109-70-1,13109-70-1,True,True,CCCC(=O)O[C@H]1C[C@H]2CC[C@@]1(C)C2(C)C,CCCC(=O)O[C@H]1C[C@H]2CC[C@@]1(C)C2(C)C,True,"['fruity', 'herbal', 'woody']",fruity;herbal;woody,True,False
1222,MOL_000691,Isobutanal diisopentyl acetal,13112-63-5,13112-63-5,True,True,CC(C)CCOC(OCCC(C)C)C(C)C,CC(C)CCOC(OCCC(C)C)C(C)C,True,"['alcoholic', 'ethereal', 'malty', 'green', 'cocoa', 'fermented']",alcoholic;ethereal;malty;green;cocoa;fermented,True,False
2666,MOL_000692,Valeraldehyde dibutyl acetal,13112-65-7,13112-65-7,True,True,CCCCOC(CCCC)OCCCC,CCCCOC(CCCC)OCCCC,True,"['green', 'fermented', 'nutty', 'alcoholic']",green;fermented;nutty;alcoholic,True,False
3404,MOL_000693,2-acetyl-2-pyrroline,1314926-27-6,1314926-27-6,True,True,CC(=O)C1=CCCN1,CC(=O)C1=CCCN1,True,"['nutty', 'roasted', 'meaty', 'sweet']",nutty;roasted;meaty;sweet,True,False
3405,MOL_000694,"6,7,8,9-tetrahydro-7,7,8,9,9-pentamethyl-5H-cyclopenta[H]quinazoline",1315251-11-6,1315251-11-6,True,True,C[C@H]1C(C2=C(C1(C)C)C3=NC=NC=C3CC2)(C)C,C[C@H]1C(C)(C)C2=C(c3ncncc3CC2)C1(C)C,True,"['musk', 'balsamic', 'orris', 'floral']",musk;balsamic;orris;floral,True,False
2376,MOL_000695,Undecadienal,13162-46-4,13162-46-4,True,True,CCCCCC/C=C/C=C/C=O,CCCCCC/C=C/C=C/C=O,True,"['green', 'oily', 'fatty', 'chicken', 'buttery']",green;oily;fatty;chicken;buttery,True,False
3406,MOL_000696,musk dimethyl indane,13171-00-1,13171-00-1,True,True,CC(=O)C1=CC(=CC2=C1CCC2(C)C)C(C)(C)C,CC(=O)c1cc(C(C)(C)C)cc2c1CCC2(C)C,True,"['animal', 'musk', 'woody']",animal;musk;woody,True,False
3407,MOL_000697,clary propyl acetate,131766-73-9,131766-73-9,True,True,CCCC1CC(CCO1)(C)OC(=O)C,CCCC1CC(C)(OC(C)=O)CCO1,True,"['herbal', 'spicy', 'tea', 'fruity', 'floral']",herbal;spicy;tea;fruity;floral,True,False
3408,MOL_000698,woody dioxolane,131812-67-4,131812-67-4,True,True,CC1COC(O1)(C)C2=CC3=C(C=C2)C(CCC3(C)C)(C)C,CC1COC(C)(c2ccc3c(c2)C(C)(C)CCC3(C)C)O1,True,"['dry', 'balsamic', 'woody', 'orris', 'musk']",dry;balsamic;woody;orris;musk,True,False
2411,MOL_000699,Vanillyl ethyl ether,13184-86-6,13184-86-6,True,True,CCOCc1ccc(O)c(OC)c1,CCOCc1ccc(O)c(OC)c1,True,"['phenolic', 'sweet']",phenolic;sweet,True,False
163,MOL_000700,Benzaldehyde glyceryl acetal,1319-88-6,1319-88-6,True,True,OCC(O)/C(O)=C/c1ccccc1,OCC(O)/C(O)=C/c1ccccc1,True,['almond'],almond,True,False
721,MOL_000701,Ethyl aconitate (mixed esters),1321-30-8,1321-30-8,True,True,CCOC(=O)C/C(=C/C(=O)O)C(=O)O,CCOC(=O)C/C(=C/C(=O)O)C(=O)O,True,"['caramellic', 'fruity', 'winey', 'sweet', 'rum']",caramellic;fruity;winey;sweet;rum,True,False
3409,MOL_000702,isodecanal,1321-89-7,1321-89-7,True,True,CC(C)CCCCCCC=O,CC(C)CCCCCCC=O,True,"['sweet', 'floral', 'rose', 'lemon', 'citrus']",sweet;floral;rose;lemon;citrus,True,False
1389,MOL_000703,Megastigmatrienone,13215-88-8,13215-88-8,True,True,C/C=C/C=C1\C(C)=CC(=O)CC1(C)C,C/C=C/C=C1\C(C)=CC(=O)CC1(C)C,True,"['hay', 'fruity', 'tobacco', 'woody', 'dry']",hay;fruity;tobacco;woody;dry,True,False
3410,MOL_000704,jasmin acetate,1322-17-4,1322-17-4,True,True,CCCCCCC(CCO)O.CCCCCCC(CCOC(=O)C)OC(=O)C,CCCCCCC(CCOC(C)=O)OC(C)=O.CCCCCCC(O)CCO,True,"['fresh', 'sweet', 'oily', 'floral', 'jasmine']",fresh;sweet;oily;floral;jasmine,True,False
3411,MOL_000705,floral undecenone,1322-58-3,1322-58-3,True,True,CC(C)CCCC(C)C/C=C/C(=O)C,CC(=O)/C=C/CC(C)CCCC(C)C,True,"['sweet', 'floral', 'balsamic', 'rose', 'woody', 'dry']",sweet;floral;balsamic;rose;woody;dry,True,False
3412,MOL_000706,santalyl phenyl acetate,1323-75-7,1323-75-7,True,True,CC(COC(=O)Cc1ccccc1)=CCCC3(C)C(=C)C2CC3CC2,C=C1C2CCC(C2)C1(C)CCC=C(C)COC(=O)Cc1ccccc1,True,"['honey', 'floral', 'woody']",honey;floral;woody,True,False
523,MOL_000707,Diethylpyrazine,13238-84-1,13238-84-1,True,True,CCc1cnc(CC)cn1,CCc1cnc(CC)cn1,True,"['earthy', 'nutty', 'cocoa', 'musty']",earthy;nutty;cocoa;musty,True,False
741,MOL_000708,Ethyl dioxohexanoate,13246-52-1,13246-52-1,True,True,CCOC(=O)C(=O)CC(=O)CC,CCOC(=O)C(=O)CC(=O)CC,True,"['caramellic', 'fruity', 'burnt', 'floral']",caramellic;fruity;burnt;floral,True,False
602,MOL_000709,Dimethylheptanol,13254-34-7,13254-34-7,True,True,CC(C)CCCC(C)(C)O,CC(C)CCCC(C)(C)O,True,"['citrus', 'fresh', 'floral']",citrus;fresh;floral,True,False
3413,MOL_000710,2-nonyn-1-al dimethyl acetal,13257-44-8,13257-44-8,True,True,CCCCCCC#CC(OC)OC,CCCCCCC#CC(OC)OC,True,"['fresh', 'green', 'violet', 'leafy', 'sweet']",fresh;green;violet;leafy;sweet,True,False
1221,MOL_000711,Isobutanal diisobutyl acetal,13262-24-3,13262-24-3,True,True,CC(C)COC(OCC(C)C)C(C)C,CC(C)COC(OCC(C)C)C(C)C,True,"['alcoholic', 'ethereal', 'malty', 'green', 'cocoa', 'fermented']",alcoholic;ethereal;malty;green;cocoa;fermented,True,False
2399,MOL_000712,Valeraldehyde diisobutyl acetal,13262-27-6,13262-27-6,True,True,CCCCC(OCC(C)C)OCC(C)C,CCCCC(OCC(C)C)OCC(C)C,True,"['green', 'fermented', 'alcoholic']",green;fermented;alcoholic,True,False
3414,MOL_000713,4-ethyl heptanoic acid,132735-95-6,132735-95-6,True,True,O=C(O)CCC(CCC)CC,CCCC(CC)CCC(=O)O,True,['dairy'],dairy,True,False
1348,MOL_000714,Isovaleraldehyde diisoamyl acetal,13285-51-3,13285-51-3,True,True,CC(C)CCOC(CC(C)C)OCCC(C)C,CC(C)CCOC(CC(C)C)OCCC(C)C,True,"['alcoholic', 'malty', 'green', 'cocoa', 'fermented']",alcoholic;malty;green;cocoa;fermented,True,False
3415,MOL_000715,phenethyl anthranilate,133-18-6,133-18-6,True,True,C1=CC=C(C=C1)CCOC(=O)C2=CC=CC=C2N,Nc1ccccc1C(=O)OCCc1ccccc1,True,"['sweet', 'floral', 'rose', 'grape', 'orange', 'orris', 'honey']",sweet;floral;rose;grape;orange;orris;honey,True,False
2257,MOL_000716,"Tartaric acid (d-, l-, dl-, meso)",133-37-9,133-37-9,True,True,O=C(O)C(O)C(O)C(=O)O,O=C(O)C(O)C(O)C(=O)O,True,['odorless'],odorless,True,False
3074,MOL_000717,Propylene glycol monoacetate,1331-12-0,1331-12-0,True,True,CC(=O)OCC(C)O,CC(=O)OCC(C)O,True,"['fruity', 'ethereal']",fruity;ethereal,True,False
791,MOL_000718,Ethyl methylthiopropionate,13327-56-5,13327-56-5,True,True,CCOC(=O)CCSC,CCOC(=O)CCSC,True,"['fruity', 'caramellic', 'pineapple']",fruity;caramellic;pineapple,True,False
3416,MOL_000719,tetrahydrogeraniol,1333-49-9,1333-49-9,True,True,CC(C)CCCC(C)CCO,CC(C)CCCC(C)CCO,True,"['sweet', 'rose', 'leathery', 'musty', 'solvent']",sweet;rose;leathery;musty;solvent,True,False
3417,MOL_000720,4-isopropyl quinoline,1333-53-5,1333-53-5,True,True,CC(C)C1=CC=NC2=CC=CC=C12,CC(C)c1ccnc2ccccc12,True,"['green', 'metallic', 'earthy', 'leafy']",green;metallic;earthy;leafy,True,False
3418,MOL_000721,isobutyl quinoline,1333-58-0,1333-58-0,True,True,CC(C)CC1=CC=NC2=CC=CC=C12,CC(C)Cc1ccnc2ccccc12,True,"['leathery', 'animal', 'herbal', 'green']",leathery;animal;herbal;green,True,False
3419,MOL_000722,methyl furoate,1334-76-5,1334-76-5,True,True,COC(=O)C1=COC=C1,COC(=O)c1ccoc1,True,"['berry', 'fruity', 'winey']",berry;fruity;winey,True,False
127,MOL_000723,Amyl furoate,1334-82-3,1334-82-3,True,True,CCCCCOC(=O)c1ccco1,CCCCCOC(=O)c1ccco1,True,"['caramellic', 'fruity', 'fermented', 'herbal', 'winey', 'sweet']",caramellic;fruity;fermented;herbal;winey;sweet,True,False
1824,MOL_000724,Mintlactone,13341-72-5,13341-72-5,True,True,CC1=C2CCC(C)CC2OC1=O,CC1=C2CCC(C)CC2OC1=O,True,"['coconut', 'sweet', 'coumarinic']",coconut;sweet;coumarinic,True,False
2488,MOL_000725,Propionylpyrroline,133447-37-7,133447-37-7,True,True,CCC(=O)N1C=CCC1,CCC(=O)N1C=CCC1,True,"['nutty', 'bread', 'popcorn', 'roasted']",nutty;bread;popcorn;roasted,True,False
3420,MOL_000726,homocuminic aldehyde,1335-44-0,1335-44-0,True,True,CC(C)C1=CC=CC(=C1)CC=O,CC(C)c1cccc(CC=O)c1,True,"['green', 'woody', 'leafy', 'floral']",green;woody;leafy;floral,True,False
1512,MOL_000727,Methyl ionone (isomers not specified  - see comments),1335-46-2,1335-46-2,True,True,CCC(=O)/C=C/C1C(C)=CCCC1(C)C,CCC(=O)/C=C/C1C(C)=CCCC1(C)C,True,"['oily', 'violet', 'orris', 'woody', 'floral', 'sweet']",oily;violet;orris;woody;floral;sweet,True,False
3421,MOL_000728,muguet propanol,13351-61-6,13351-61-6,True,True,CC(C)(CC1=CC=CC=C1)CO,CC(C)(CO)Cc1ccccc1,True,"['floral', 'woody']",floral;woody,True,False
866,MOL_000729,Ethylmethylpyrazine,13360-64-0,13360-64-0,True,True,CCc1cnc(C)cn1,CCc1cnc(C)cn1,True,"['roasted', 'green', 'nutty', 'cocoa', 'coffee']",roasted;green;nutty;cocoa;coffee,True,False
845,MOL_000730,Ethyldimethylpyrazine,13360-65-1,13360-65-1,True,True,CCc1nc(C)cnc1C,CCc1nc(C)cnc1C,True,"['nutty', 'cocoa', 'burnt', 'almond', 'chocolate']",nutty;cocoa;burnt;almond;chocolate,True,False
3422,MOL_000731,undecenal mixture (aldehyde C-11 mixed),1337-83-3,1337-83-3,True,True,CC=CCCCCCCCC=O,CC=CCCCCCCCC=O,True,"['fresh', 'green', 'aldehydic', 'rose']",fresh;green;aldehydic;rose,True,False
2244,MOL_000732,Sorbitan monostearate,1338-41-6,1338-41-6,True,True,CCCCCCCCCCCCCCCCCC(=O)OCC(O)[C@H]1OC[C@@H](O)[C@@H]1O,CCCCCCCCCCCCCCCCCC(=O)OCC(O)[C@H]1OC[C@@H](O)[C@@H]1O,True,"['oily', 'waxy']",oily;waxy,True,False
2519,MOL_000733,Hydroxymethylthienylethanone,133860-42-1,133860-42-1,True,True,O=C(CCO)c1cccs1,O=C(CCO)c1cccs1,True,"['caramellic', 'meaty', 'roasted', 'burnt']",caramellic;meaty;roasted;burnt,True,False
3423,MOL_000734,"octahydro-4,7-methano-1H-indene-5-acetaldehyde",1339119-15-1,1339119-15-1,True,True,C1CC2C(C1)C3CC2CC3CC=O,O=CCC1CC2CC1C1CCCC21,True,"['floral', 'green', 'fresh', 'fruity']",floral;green;fresh;fruity,True,False
3424,MOL_000735,menthyl anthranilate,134-09-8,134-09-8,True,True,CC1CCC(C(C1)OC(=O)C2=CC=CC=C2N)C(C)C,CC1CCC(C(C)C)C(OC(=O)c2ccccc2N)C1,True,"['grape', 'mint']",grape;mint,True,False
1472,MOL_000736,Methyl anthranilate,134-20-3,134-20-3,True,True,COC(=O)c1ccccc1N,COC(=O)c1ccccc1N,True,"['grape', 'musty']",grape;musty,True,False
978,MOL_000737,Guaiol acetate,134-28-1,134-28-1,True,True,CC(=O)OC(C)(C)[C@@H]1CC[C@H](C)C2=C(C1)[C@@H](C)CC2,CC(=O)OC(C)(C)[C@@H]1CC[C@H](C)C2=C(C1)[C@@H](C)CC2,True,"['rose', 'earthy', 'tea', 'woody', 'floral', 'sweet']",rose;earthy;tea;woody;floral;sweet,True,False
2256,MOL_000738,Syringic aldehyde,134-96-3,134-96-3,True,True,COc1cc(C=O)cc(OC)c1O,COc1cc(C=O)cc(OC)c1O,True,"['smoky', 'vanilla', 'balsamic', 'floral', 'sweet']",smoky;vanilla;balsamic;floral;sweet,True,False
3425,MOL_000739,floral nitrile,134123-93-6,134123-93-6,True,True,CCC1=CC=C(C=C1)CC(C)(C)C#N,CCc1ccc(CC(C)(C)C#N)cc1,True,"['fresh', 'anisic', 'herbal']",fresh;anisic;herbal,True,False
272,MOL_000740,Butyl hexenoate,13416-74-5,13416-74-5,True,True,CCCC=CC(=O)OCCCC,CCCC=CC(=O)OCCCC,True,"['green', 'fruity', 'apple', 'banana']",green;fruity;apple;banana,True,False
3426,MOL_000741,(E)-2-hexenoic acid,13419-69-7,13419-69-7,True,True,CCC/C=C/C(=O)O,CCC/C=C/C(=O)O,True,"['fruity', 'sweet', 'warm', 'herbal']",fruity;sweet;warm;herbal,True,False
1346,MOL_000742,Isovaleraldehyde di-isobutyl acetal,13439-98-0,13439-98-0,True,True,CC(C)COC(CC(C)C)OCC(C)C,CC(C)COC(CC(C)C)OCC(C)C,True,"['alcoholic', 'malty', 'green', 'cocoa', 'fermented']",alcoholic;malty;green;cocoa;fermented,True,False
17,MOL_000743,Acetaldehyde ethyl 3-methylbutyl acetal,13442-90-5,13442-90-5,True,True,CCOCCOCCC(C)C,CCOCCOCCC(C)C,True,"['alcoholic', 'ethereal', 'green', 'nutty', 'cognac', 'pungent']",alcoholic;ethereal;green;nutty;cognac;pungent,True,False
2,MOL_000744,Acetaldehyde amyl isoamyl acetal,13442-92-7,13442-92-7,True,True,CCCCCOC(C)OCCC(C)C,CCCCCOC(C)OCCC(C)C,True,"['vegetable', 'alcoholic', 'ethereal', 'green', 'cognac']",vegetable;alcoholic;ethereal;green;cognac,True,False
328,MOL_000745,Carene,13466-78-9,13466-78-9,True,True,CC1=CCC2C(C1)C2(C)C,CC1=CCC2C(C1)C2(C)C,True,"['fresh', 'sweet']",fresh;sweet,True,False
3427,MOL_000746,(E)-alpha-bergamotene,13474-59-4,13474-59-4,True,True,C/C(C)=C\CC[C@]2(C)[C@@H]1C[C@H]2C(/C)=C\C1,CC(C)=CCC[C@]1(C)[C@H]2CC=C(C)[C@@H]1C2,True,"['woody', 'warm', 'tea']",woody;warm;tea,True,False
3428,MOL_000747,tangerine nitrile,134769-33-8,134769-33-8,True,True,C=CCCCCCCC/C=C/CC#N,C=CCCCCCCC/C=C/CC#N,True,"['sweet', 'citrus', 'aldehydic', 'fresh']",sweet;citrus;aldehydic;fresh,True,False
3429,MOL_000748,dihydrorose oxide,13477-62-8,13477-62-8,True,True,CC1CCOC(C1)CC(C)C,CC(C)CC1CC(C)CCO1,True,"['rose', 'floral', 'green', 'herbal', 'metallic']",rose;floral;green;herbal;metallic,True,False
1544,MOL_000749,Methyl nonenoate,13481-87-3,13481-87-3,True,True,CCCCC/C=C/CC(=O)OC,CCCCC/C=C/CC(=O)OC,True,"['green', 'fruity', 'fatty', 'pear']",green;fruity;fatty;pear,True,False
3114,MOL_000750,Butylcyclohexanol,13491-79-7,13491-79-7,True,True,CC(C)(C)C1CCCCC1O,CC(C)(C)C1CCCCC1O,True,"['pine', 'camphoreous', 'mint']",pine;camphoreous;mint,True,False
2769,MOL_000751,Furfuryl formate,13493-97-5,13493-97-5,True,True,O=COCc1ccco1,O=COCc1ccco1,True,"['ethereal', 'nutty', 'coffee', 'bread']",ethereal;nutty;coffee;bread,True,False
588,MOL_000752,Dimethylcyclopentadione,13494-06-9,13494-06-9,True,True,CC1CC(=O)C(=O)C1C,CC1CC(=O)C(=O)C1C,True,"['caramellic', 'burnt']",caramellic;burnt,True,False
589,MOL_000753,Dimethylcyclopentadione,13494-07-0,13494-07-0,True,True,CC1CC(C)C(=O)C1=O,CC1CC(C)C(=O)C1=O,True,"['caramellic', 'nutty']",caramellic;nutty,True,False
3430,MOL_000754,"3-ethyl-1,2-cyclopentadione",13494-08-1,13494-08-1,True,True,CCC1CCC(=O)C1=O,CCC1CCC(=O)C1=O,True,"['sweet', 'caramellic']",sweet;caramellic,True,False
2612,MOL_000755,Decadienal,134998-59-7,134998-59-7,True,True,CCCCCC=CC=CC=O,CCCCCC=CC=CC=O,True,"['fatty', 'melon']",fatty;melon,True,False
1435,MOL_000756,Methoxybenzaldehyde,135-02-4,135-02-4,True,True,COc1ccccc1C=O,COc1ccccc1C=O,True,"['spicy', 'cinnamon', 'almond', 'sweet']",spicy;cinnamon;almond;sweet,True,False
3431,MOL_000757,isopropyl quinoline,135-79-5,135-79-5,True,True,CC(C)C1=CC2=C(C=C1)N=CC=C2,CC(C)c1ccc2ncccc2c1,True,"['green', 'metallic', 'earthy', 'leafy', 'woody', 'phenolic', 'nutty']",green;metallic;earthy;leafy;woody;phenolic;nutty,True,False
915,MOL_000758,Furfural diethyl acetal,13529-27-6,13529-27-6,True,True,CCOC(OCC)c1ccco1,CCOC(OCC)c1ccco1,True,"['fruity', 'burnt', 'bread', 'aromatic']",fruity;burnt;bread;aromatic,True,False
1537,MOL_000759,Methyl methylthiopropionate,13532-18-8,13532-18-8,True,True,COC(=O)CCSC,COC(=O)CCSC,True,"['radish', 'green', 'fruity', 'tropical', 'cabbage', 'onion']",radish;green;fruity;tropical;cabbage;onion,True,False
27,MOL_000760,Acetaldehyde methylbutyl isoamyl acetal,13548-84-0,13548-84-0,True,True,CCCC(C)OC(C)OCCC(C)C,CCCC(C)OC(C)OCCC(C)C,True,"['alcoholic', 'ethereal', 'green', 'nutty', 'cognac']",alcoholic;ethereal;green;nutty;cognac,True,False
3255,MOL_000761,Tridecadienal,13552-95-9,13552-95-9,True,True,CCCCCCCCC=CC=CC=O,CCCCCCCCC=CC=CC=O,True,"['floral', 'fatty', 'waxy', 'herbal']",floral;fatty;waxy;herbal,True,False
2336,MOL_000762,Tridecatrienal,13552-96-0,13552-96-0,True,True,CCCCC/C=C\C/C=C\C=C\C=O,CCCCC/C=C\C/C=C\C=C\C=O,True,"['fishy', 'metallic', 'fresh']",fishy;metallic;fresh,True,False
671,MOL_000763,Dodecadienal,13553-09-8,13553-09-8,True,True,CCCCCCCC=CC=CC=O,CCCCCCCC=CC=CC=O,True,"['fatty', 'chicken']",fatty;chicken,True,False
3432,MOL_000764,"(-)-(E,R)-filbertone",135910-94-0,135910-94-0,True,True,CC[C@@H](C)C(=O)/C=C/C,C/C=C/C(=O)[C@H](C)CC,True,"['hazelnut', 'ethereal', 'buttery', 'chocolate', 'metallic', 'nutty']",hazelnut;ethereal;buttery;chocolate;metallic;nutty,True,False
253,MOL_000765,Butyl benzoate,136-60-7,136-60-7,True,True,CCCCOC(=O)c1ccccc1,CCCCOC(=O)c1ccccc1,True,"['woody', 'fruity', 'balsamic', 'spicy']",woody;fruity;balsamic;spicy,True,False
16,MOL_000766,Acetaldehyde ethyl 2-methylbutyl acetal,13602-09-0,13602-09-0,True,True,CCOC(C)OCC(C)CC,CCOC(C)OCC(C)CC,True,"['alcoholic', 'ethereal', 'green', 'nutty', 'cognac', 'pungent']",alcoholic;ethereal;green;nutty;cognac;pungent,True,False
3224,MOL_000767,Ethyl methylthiopropenoate,136115-65-6,136115-65-6,True,True,C=C(C)C(=S)OCC,C=C(C)C(=S)OCC,True,"['sour', 'fruity', 'onion', 'grape', 'sulfurous', 'plum', 'sweet']",sour;fruity;onion;grape;sulfurous;plum;sweet,True,False
2368,MOL_000768,Trimethylthiazole,13623-11-5,13623-11-5,True,True,Cc1nc(C)c(C)s1,Cc1nc(C)c(C)s1,True,"['nutty', 'cocoa', 'hazelnut', 'coffee', 'herbal', 'chocolate']",nutty;cocoa;hazelnut;coffee;herbal;chocolate,True,False
1364,MOL_000769,Linalool oxide,1365-19-1,1365-19-1,True,True,CC(C)=CCCC(C)(O)C1CO1,CC(C)=CCCC(C)(O)C1CO1,True,"['creamy', 'fresh', 'woody', 'floral', 'sweet', 'mint']",creamy;fresh;woody;floral;sweet;mint,True,False
3258,MOL_000770,Ethyl formyloxydecanoate,1367348-37-5,1367348-37-5,True,True,CCCCCCCCC(OC=O)C(=O)OCC,CCCCCCCCC(OC=O)C(=O)OCC,True,['dairy'],dairy,True,False
3021,MOL_000771,Furfurylmethylfuran,13678-51-8,13678-51-8,True,True,c1coc(CCc2ccco2)c1,c1coc(CCc2ccco2)c1,True,"['aromatic', 'burnt', 'roasted', 'metallic']",aromatic;burnt;roasted;metallic,True,False
1791,MOL_000772,Methylthiobutanone,13678-58-5,13678-58-5,True,True,CCC(=O)CSC,CCC(=O)CSC,True,"['garlic', 'mushroom']",garlic;mushroom,True,False
1702,MOL_000773,Methylmethylthiofuran,13678-59-6,13678-59-6,True,True,CSc1ccc(C)o1,CSc1ccc(C)o1,True,"['sulfurous', 'burnt']",sulfurous;burnt,True,False
927,MOL_000774,Furfuryl methylbutanoate,13678-60-9,13678-60-9,True,True,CC(C)CC(=O)OCc1ccco1,CC(C)CC(=O)OCc1ccco1,True,"['ripe', 'fruity', 'berry']",ripe;fruity;berry,True,False
928,MOL_000775,Furfuryl methylbutyrate,13678-61-0,13678-61-0,True,True,CCC(C)C(=O)OCc1ccco1,CCC(C)C(=O)OCc1ccco1,True,['fruity'],fruity,True,False
213,MOL_000776,Bisfurfuryl sulfide,13678-67-6,13678-67-6,True,True,c1coc(CSCc2ccco2)c1,c1coc(CSCc2ccco2)c1,True,"['roasted', 'meaty', 'earthy', 'savory', 'burnt', 'coffee', 'mushroom']",roasted;meaty;earthy;savory;burnt;coffee;mushroom,True,False
932,MOL_000777,Furfuryl thioacetate,13678-68-7,13678-68-7,True,True,CC(=O)SCc1ccco1,CC(=O)SCc1ccco1,True,"['roasted', 'alliaceous', 'garlic', 'savory', 'burnt', 'coffee']",roasted;alliaceous;garlic;savory;burnt;coffee,True,False
3433,MOL_000778,"1-(2-thienyl)-1,2-propane dione",13678-69-8,13678-69-8,True,True,CC(=O)C(=O)C1=CC=CS1,CC(=O)C(=O)c1cccs1,True,"['caramellic', 'woody']",caramellic;woody,True,False
925,MOL_000779,Furfuryl methyl ether,13679-46-4,13679-46-4,True,True,COCc1ccco1,COCc1ccco1,True,['coffee'],coffee,True,False
1529,MOL_000780,Methyl methylfurfuryl sulfide,13679-60-2,13679-60-2,True,True,CSC(C)c1ccco1,CSC(C)c1ccco1,True,"['onion', 'coffee']",onion;coffee,True,False
1576,MOL_000781,Methyl thiofuroate,13679-61-3,13679-61-3,True,True,CSC(=O)c1ccco1,CSC(=O)c1ccco1,True,"['cabbage', 'onion', 'dairy', 'cheesy']",cabbage;onion;dairy;cheesy,True,False
1804,MOL_000782,Methylthiophencarboxaldehyde,13679-70-4,13679-70-4,True,True,Cc1ccc(C=O)s1,Cc1ccc(C=O)s1,True,"['cherry', 'almond']",cherry;almond,True,False
3434,MOL_000783,2-acetyl-3-methyl thiophene,13679-72-6,13679-72-6,True,True,CC1=C(SC=C1)C(=O)C,CC(=O)c1sccc1C,True,"['phenolic', 'mint', 'almond', 'floral']",phenolic;mint;almond;floral,True,False
2890,MOL_000784,Acetylmethylthiophene,13679-74-8,13679-74-8,True,True,CC(=O)c1ccc(C)s1,CC(=O)c1ccc(C)s1,True,"['vanilla', 'nutty', 'sweet', 'almond', 'cherry', 'coumarinic']",vanilla;nutty;sweet;almond;cherry;coumarinic,True,False
3435,MOL_000785,2-propanoyl thiophene,13679-75-9,13679-75-9,True,True,CCC(=O)C1=CC=CS1,CCC(=O)c1cccs1,True,"['creamy', 'caramellic']",creamy;caramellic,True,False
3436,MOL_000786,4-methyl-2-propionyl thiazole,13679-83-9,13679-83-9,True,True,Cc1csc(n1)C(=O)CC,CCC(=O)c1nc(C)cs1,True,"['green', 'fruity']",green;fruity,True,False
1779,MOL_000787,Methyltetrahydrothiophenone,13679-85-1,13679-85-1,True,True,CC1SCCC1=O,CC1SCCC1=O,True,"['fruity', 'catty', 'burnt', 'black currant', 'berry', 'sulfurous']",fruity;catty;burnt;black currant;berry;sulfurous,True,False
1295,MOL_000788,Isopropenylmethylvinyltetrahydrofuran,13679-86-2,13679-86-2,True,True,C=CC1(C)CCC(C(=C)C)O1,C=CC1(C)CCC(C(=C)C)O1,True,"['pine', 'fresh', 'herbal', 'mint']",pine;fresh;herbal;mint,True,False
1415,MOL_000789,Mercaptohexyl acetate,136954-20-6,136954-20-6,True,True,CCCC(S)CCOC(C)=O,CCCC(S)CCOC(C)=O,True,"['fruity', 'tropical', 'black currant', 'sulfurous', 'grapefruit']",fruity;tropical;black currant;sulfurous;grapefruit,True,False
1416,MOL_000790,Mercaptohexyl butyrate,136954-21-7,136954-21-7,True,True,CCCC(=O)OCCC(S)CCC,CCCC(=O)OCCC(S)CCC,True,"['ripe', 'fruity', 'tropical', 'catty', 'sulfurous']",ripe;fruity;tropical;catty;sulfurous,True,False
1417,MOL_000791,Mercaptohexyl hexanoate,136954-22-8,136954-22-8,True,True,CCCCCC(=O)OCCC(S)CCC,CCCCCC(=O)OCCC(S)CCC,True,"['fruity', 'tropical', 'black currant', 'sulfurous', 'grapefruit']",fruity;tropical;black currant;sulfurous;grapefruit,True,False
73,MOL_000792,Acetylthiohexyl acetate,136954-25-1,136954-25-1,True,True,CC(=O)OCCCCCCSC(C)=O,CC(=O)OCCCCCCSC(C)=O,True,"['sulfurous', 'fruity', 'tropical']",sulfurous;fruity;tropical,True,False
1783,MOL_000793,Sulfurol,137-00-8,137-00-8,True,True,Cc1ncsc1CCO,Cc1ncsc1CCO,True,"['nutty', 'beefy', 'meaty']",nutty;beefy;meaty,True,False
3437,MOL_000794,fleuramone (IFF),137-03-1,137-03-1,True,True,CCCCCCCC1CCCC1=O,CCCCCCCC1CCCC1=O,True,"['fresh', 'fruity', 'peach', 'jasmine', 'oily', 'tropical']",fresh;fruity;peach;jasmine;oily;tropical,True,False
2317,MOL_000795,Toluenethiol,137-06-4,137-06-4,True,True,Cc1ccccc1S,Cc1ccccc1S,True,"['roasted', 'meaty', 'burnt', 'brothy', 'phenolic', 'smoky']",roasted;meaty;burnt;brothy;phenolic;smoky,True,False
1604,MOL_000796,Methylbutanol,137-32-6,137-32-6,True,True,CCC(C)CO,CCC(C)CO,True,"['alcoholic', 'solvent', 'ethereal', 'fermented', 'winey']",alcoholic;solvent;ethereal;fermented;winey,True,False
1683,MOL_000797,Methylhexanedione,13706-86-0,13706-86-0,True,True,CC(=O)C(=O)CC(C)C,CC(=O)C(=O)CC(C)C,True,"['oily', 'buttery']",oily;buttery,True,False
3438,MOL_000798,trans-1-ethyl-2-methyl propyl 2-butenoate,1370711-06-0,1370711-06-0,True,True,CCC(C(C)C)OC(=O)/C=C/C,C/C=C/C(=O)OC(CC)C(C)C,True,"['fruity', 'woody', 'sweet', 'fresh']",fruity;woody;sweet;fresh,True,False
1772,MOL_000799,Methylquinoxaline,13708-12-8,13708-12-8,True,True,Cc1cccc2nccnc12,Cc1cccc2nccnc12,True,"['nutty', 'burnt', 'roasted']",nutty;burnt;roasted,True,False
3439,MOL_000800,methyl beta-ionyl acetate,137085-37-1,137085-37-1,True,True,CC[C@@H](/C=C/C1=C(CCCC1(C)C)C)OC(=O)C,CC[C@@H](/C=C/C1=C(C)CCCC1(C)C)OC(C)=O,True,['berry'],berry,True,False
3440,MOL_000801,dihydro-gamma-ionone,13720-12-2,13720-12-2,True,True,CC(=O)CCC1C(=C)CCCC1(C)C,C=C1CCCC(C)(C)C1CCC(C)=O,True,"['warm', 'woody', 'earthy', 'musk', 'tobacco', 'balsamic', 'violet']",warm;woody;earthy;musk;tobacco;balsamic;violet,True,False
3441,MOL_000802,(+)-2-ethyl fenchol,137255-07-3,137255-07-3,True,True,CC[C@]1([C@@]2(CC[C@@H](C2)C1(C)C)C)O,CC[C@]1(O)C(C)(C)[C@H]2CC[C@]1(C)C2,True,['earthy'],earthy,True,False
397,MOL_000803,Cubebene,13744-15-5,13744-15-5,True,True,C=C1CC[C@]23[C@H]1[C@H]2[C@H](C(C)C)CC[C@H]3C,C=C1CC[C@@]23[C@@H]([C@@H]12)[C@H](C(C)C)CC[C@H]3C,True,"['citrus', 'green', 'fruity', 'herbal', 'woody']",citrus;green;fruity;herbal;woody,True,False
483,MOL_000804,Diallyl hexasulfide,137443-18-6,137443-18-6,True,True,C=CCSSSSSSCC=C,C=CCSSSSSSCC=C,True,"['roasted', 'alliaceous', 'garlic', 'savory', 'onion', 'sulfurous']",roasted;alliaceous;garlic;savory;onion;sulfurous,True,False
3442,MOL_000805,(E)-woody epoxide,13786-79-3,13786-79-3,True,True,C/C/1=C\CCC2(C(O2)CC/C(=C/CC1)/C)C,C/C1=C\CCC2(C)OC2CC/C(C)=C/CC1,True,"['woody', 'balsamic']",woody;balsamic,True,False
3443,MOL_000806,3-[(4R)-4-(propan-2-yl)cyclohex-1-en-1-yl]propanal,1378867-81-2,1378867-81-2,True,True,CC(C)C1CCC(=CC1)CCC=O,CC(C)C1CC=C(CCC=O)CC1,True,"['floral', 'aldehydic', 'green']",floral;aldehydic;green,True,False
3444,MOL_000807,(R)-cedralone,13794-73-5,13794-73-5,True,True,CC1CCC2C13CC(C2(C)C)C(C(=O)C3)C,CC1C(=O)CC23CC1C(C)(C)C2CCC3C,True,['woody'],woody,True,False
278,MOL_000808,Butyl lactate,138-22-7,138-22-7,True,True,CCCCOC(=O)C(C)O,CCCCOC(=O)C(C)O,True,"['caramellic', 'sweet', 'buttery']",caramellic;sweet;buttery,True,False
2223,MOL_000809,Rhodinyl isobutyrate,138-23-8,138-23-8,True,True,C=C(C)CCCC(C)CCOC(=O)C(C)C,C=C(C)CCCC(C)CCOC(=O)C(C)C,True,"['fruity', 'rose', 'floral', 'sweet']",fruity;rose;floral;sweet,True,False
1362,MOL_000810,Limonene,138-86-3,138-86-3,True,True,C=C(C)C1CC=C(C)CC1,C=C(C)C1CC=C(C)CC1,True,"['citrus', 'gasoline']",citrus;gasoline,True,False
2263,MOL_000811,Terpineol,138-87-4,138-87-4,True,True,C=C(C)C1CCC(C)(O)CC1,C=C(C)C1CCC(C)(O)CC1,True,"['sour', 'herbal', 'woody', 'sweet']",sour;herbal;woody;sweet,True,False
3445,MOL_000812,cuminyl nitrile,13816-33-6,13816-33-6,True,True,CC(C)C1=CC=C(C=C1)C#N,CC(C)c1ccc(C#N)cc1,True,"['spicy', 'dry', 'green']",spicy;dry;green,True,False
3446,MOL_000813,cis-muguet shiseol,13828-37-0,13828-37-0,True,True,CC(C)[C@H]1CC[C@@H](CO)CC1,CC(C)[C@H]1CC[C@@H](CO)CC1,True,"['fresh', 'floral', 'spicy', 'grassy']",fresh;floral;spicy;grassy,True,False
904,MOL_000814,Fenchyl acetate,13851-11-1,13851-11-1,True,True,CC(=O)OC1C(C)(C)[C@@H]2CC[C@@]1(C)C2,CC(=O)OC1C(C)(C)[C@@H]2CC[C@@]1(C)C2,True,['sweet'],sweet,True,False
1912,MOL_000815,Ocimene,13877-91-3,13877-91-3,True,True,C=C/C(C)=C/CC=C(C)C,C=C/C(C)=C/CC=C(C)C,True,"['citrus', 'anisic']",citrus;anisic,True,False
3447,MOL_000816,caryophyllene,13877-93-5,13877-93-5,True,True,C/C/1=C/CCC(=C)C2CC(C2CC1)(C)C,C=C1CC/C=C(/C)CCC2C1CC2(C)C,True,"['sweet', 'woody', 'spicy', 'dry', 'pine']",sweet;woody;spicy;dry;pine,True,False
3286,MOL_000817,Hexyldecenal,13893-39-5,13893-39-5,True,True,CCCCCCCC=C(C=O)CCCCCC,CCCCCCCC=C(C=O)CCCCCC,True,"['orange', 'metallic']",orange;metallic,True,False
3448,MOL_000818,methyl (E)-3-hexenoate,13894-61-6,13894-61-6,True,True,CC/C=C/CC(=O)OC,CC/C=C/CC(=O)OC,True,"['green', 'honey', 'fruity', 'floral', 'woody', 'tropical', 'pineapple', 'sharp', 'sweet', 'fresh', 'apple', 'pear']",green;honey;fruity;floral;woody;tropical;pineapple;sharp;sweet;fresh;apple;pear,True,False
2526,MOL_000819,Methyl hexenoate,13894-62-7,13894-62-7,True,True,CCCC=CC(=O)OC,CCCC=CC(=O)OC,True,"['green', 'fruity', 'pineapple']",green;fruity;pineapple,True,False
3449,MOL_000820,methyl (E)-2-hexenoate,13894-63-8,13894-63-8,True,True,CCC/C=C/C(=O)OC,CCC/C=C/C(=O)OC,True,"['fruity', 'green', 'banana', 'honey']",fruity;green;banana;honey,True,False
971,MOL_000821,Glyceryl tripropanoate,139-45-7,139-45-7,True,True,CCC(=O)OCC(COC(=O)CC)OC(=O)CC,CCC(=O)OCC(COC(=O)CC)OC(=O)CC,True,"['fruity', 'sour']",fruity;sour,True,False
389,MOL_000822,Citronellyl phenylacetate,139-70-8,139-70-8,True,True,CC(C)=CCCC(C)CCOC(=O)Cc1ccccc1,CC(C)=CCCC(C)CCOC(=O)Cc1ccccc1,True,"['honey', 'rose', 'waxy', 'sweet']",honey;rose;waxy;sweet,True,False
2204,MOL_000823,Protocatecuic aldehyde,139-85-5,139-85-5,True,True,O=Cc1ccc(O)c(O)c1,O=Cc1ccc(O)c(O)c1,True,"['medicinal', 'burnt']",medicinal;burnt,True,False
879,MOL_000824,Ethylpyrazine,13925-00-3,13925-00-3,True,True,CCc1cnccn1,CCc1cnccn1,True,"['nutty', 'musty', 'buttery']",nutty;musty;buttery,True,False
867,MOL_000825,Ethylmethylpyrazine,13925-03-6,13925-03-6,True,True,CCc1cncc(C)n1,CCc1cncc(C)n1,True,"['potato', 'hazelnut', 'cocoa', 'roasted']",potato;hazelnut;cocoa;roasted,True,False
1331,MOL_000826,Isopropylmethylpyrazine,13925-05-8,13925-05-8,True,True,Cc1cnc(C(C)C)cn1,Cc1cnc(C(C)C)cn1,True,"['roasted', 'green', 'earthy', 'nutty', 'coffee']",roasted;green;earthy;nutty;coffee,True,False
1262,MOL_000827,Isobutylmethylpyrazine,13925-06-9,13925-06-9,True,True,Cc1nccnc1CC(C)C,Cc1nccnc1CC(C)C,True,"['earthy', 'vegetable', 'herbal']",earthy;vegetable;herbal,True,False
3450,MOL_000828,"3,5-cocoa pyrazine",13925-07-0,13925-07-0,True,True,CCC1=NC=C(N=C1C)C,CCc1ncc(C)nc1C,True,"['burnt', 'almond', 'roasted', 'nutty', 'coffee', 'caramellic', 'musty', 'cocoa']",burnt;almond;roasted;nutty;coffee;caramellic;musty;cocoa,True,False
1823,MOL_000829,Methylvinylpyrazine,13925-08-1,13925-08-1,True,True,C=Cc1cnc(C)cn1,C=Cc1cnc(C)cn1,True,['coffee'],coffee,True,False
3451,MOL_000830,amber butanol,139504-68-0,139504-68-0,True,True,CCC(COC1CCCCC1C(C)(C)C)O,CCC(O)COC1CCCCC1C(C)(C)C,True,"['woody', 'balsamic', 'musk']",woody;balsamic;musk,True,False
299,MOL_000831,Butylamine,13952-84-6,13952-84-6,True,True,CCC(C)N,CCC(C)N,True,"['ripe', 'fishy', 'cheesy']",ripe;fishy;cheesy,True,False
1468,MOL_000832,Methyl acetoxymethylbutyrate,139564-42-4,139564-42-4,True,True,CCC(COC(C)=O)C(=O)OC,CCC(COC(C)=O)C(=O)OC,True,"['fruity', 'tropical', 'burnt', 'pineapple']",fruity;tropical;burnt;pineapple,True,False
2475,MOL_000833,Ethyl acetoxymethylbutyrate,139564-43-5,139564-43-5,True,True,CCOC(=O)C(CC)COC(C)=O,CCOC(=O)C(CC)COC(C)=O,True,"['fruity', 'apple', 'pineapple', 'tropical']",fruity;apple;pineapple;tropical,True,False
2002,MOL_000834,Pentenoic acid,13991-37-2,13991-37-2,True,True,CC/C=C/C(=O)O,CC/C=C/C(=O)O,True,"['fruity', 'caramellic', 'sour', 'cheesy']",fruity;caramellic;sour;cheesy,True,False
3452,MOL_000835,(E)-cinnamic acid,140-10-3,140-10-3,True,True,C1=CC=C(C=C1)/C=C/C(=O)O,O=C(O)/C=C/c1ccccc1,True,"['balsamic', 'sweet']",balsamic;sweet,True,False
173,MOL_000836,Benzyl acetate,140-11-4,140-11-4,True,True,CC(=O)OCc1ccccc1,CC(=O)OCc1ccccc1,True,"['fruity', 'jasmine', 'floral', 'sweet']",fruity;jasmine;floral;sweet,True,False
184,MOL_000837,Benzyl dodecanoate,140-25-0,140-25-0,True,True,CCCCCCCCCCCC(=O)OCc1ccccc1,CCCCCCCCCCCC(=O)OCc1ccccc1,True,['fatty'],fatty,True,False
2036,MOL_000838,Phenethyl isovalerate,140-26-1,140-26-1,True,True,CC(C)CC(=O)OCCc1ccccc1,CC(C)CC(=O)OCCc1ccccc1,True,"['fruity', 'balsamic', 'rose']",fruity;balsamic;rose,True,False
367,MOL_000839,Cinnamyl isovalerate,140-27-2,140-27-2,True,True,CC(C)CC(=O)OC/C=C/c1ccccc1,CC(C)CC(=O)OC/C=C/c1ccccc1,True,"['green', 'floral', 'rose', 'herbal']",green;floral;rose;herbal,True,False
2318,MOL_000840,Tolyl acetate,140-39-6,140-39-6,True,True,CC(=O)Oc1ccc(C)cc1,CC(=O)Oc1ccc(C)cc1,True,"['floral', 'animal']",floral;animal,True,False
696,MOL_000841,Estragole,140-67-0,140-67-0,True,True,C=CCc1ccc(OC)cc1,C=CCc1ccc(OC)cc1,True,"['anisic', 'sweet', 'herbal']",anisic;sweet;herbal,True,False
722,MOL_000842,Ethyl acrylate,140-88-5,140-88-5,True,True,C=CC(=O)OCC,C=CC(=O)OCC,True,"['rum', 'sharp']",rum;sharp,True,False
3453,MOL_000843,(Z)-linalool oxide (pyranoid),14009-71-3,14009-71-3,True,True,CC1(CC[C@@H]([C@](O1)(C)C=C)O)C,C=C[C@]1(C)OC(C)(C)CC[C@@H]1O,True,"['citrus', 'green']",citrus;green,True,False
2750,MOL_000844,Ethyl heptadecanoate,14010-23-2,14010-23-2,True,True,CCCCCCCCCCCCCCCCC(=O)OCC,CCCCCCCCCCCCCCCCC(=O)OCC,True,"['oily', 'fatty', 'waxy']",oily;fatty;waxy,True,False
3120,MOL_000845,Linalool oxide (pyranoid),14049-11-7,14049-11-7,True,True,C=CC1(C)CCC(O)C(C)(C)O1,C=CC1(C)CCC(O)C(C)(C)O1,True,"['earthy', 'creamy', 'fresh', 'floral']",earthy;creamy;fresh;floral,True,False
3454,MOL_000846,cedrenyl acetate,1405-92-1,1405-92-1,True,True,C[C@@H]1CC[C@@H]2[C@]13CC=C([C@H](C3)C2(C)C)COC(=O)C,CC(=O)OCC1=CC[C@@]23C[C@@H]1C(C)(C)[C@@H]2CC[C@H]3C,True,"['sharp', 'dry', 'woody', 'nutty', 'waxy']",sharp;dry;woody;nutty;waxy,True,False
842,MOL_000847,Ethyldimethoxyphenol,14059-92-8,14059-92-8,True,True,CCc1cc(OC)c(O)c(OC)c1,CCc1cc(OC)c(O)c(OC)c1,True,"['phenolic', 'smoky', 'burnt', 'spicy']",phenolic;smoky;burnt;spicy,True,False
3053,MOL_000848,Ethyl butylphenylacetate,14062-22-7,14062-22-7,True,True,CCCCC(C(=O)OCC)c1ccccc1,CCCCC(C(=O)OCC)c1ccccc1,True,"['creamy', 'green', 'fruity', 'milky', 'honey', 'sweet']",creamy;green;fruity;milky;honey;sweet,True,False
3455,MOL_000849,(-)-menthone,14073-97-3,14073-97-3,True,True,C[C@@H]1CC[C@H](C(=O)C1)C(C)C,CC(C)[C@@H]1CC[C@@H](C)CC1=O,True,"['mint', 'herbal', 'camphoreous', 'sweet', 'fresh', 'green', 'anisic']",mint;herbal;camphoreous;sweet;fresh;green;anisic,True,False
493,MOL_000850,Dibutyl succinate,141-03-7,141-03-7,True,True,CCCCOC(=O)CCC(=O)OCCCC,CCCCOC(=O)CCC(=O)OCCCC,True,"['fruity', 'winey', 'fermented']",fruity;winey;fermented,True,False
2715,MOL_000851,Diisobutyl adipate,141-04-8,141-04-8,True,True,CC(C)COC(=O)CCCCC(=O)OCC(C)C,CC(C)COC(=O)CCCCC(=O)OCC(C)C,True,['odorless'],odorless,True,False
506,MOL_000852,Diethyl maleate,141-05-9,141-05-9,True,True,CCOC(=O)/C=C\C(=O)OCC,CCOC(=O)/C=C\C(=O)OCC,True,"['fruity', 'apple', 'winey']",fruity;apple;winey,True,False
2189,MOL_000853,Propyl valerate,141-06-0,141-06-0,True,True,CCCCC(=O)OCCC,CCCCC(=O)OCCC,True,"['apple', 'ethereal', 'fruity', 'pineapple', 'winey']",apple;ethereal;fruity;pineapple;winey,True,False
2222,MOL_000854,Rhodinyl formate,141-09-3,141-09-3,True,True,C=C(C)CCCC(C)CCOC=O,C=C(C)CCCC(C)CCOC=O,True,"['rose', 'green', 'fruity', 'fresh', 'leafy']",rose;green;fruity;fresh;leafy,True,False
2205,MOL_000855,Pseudoionone,141-10-6,141-10-6,True,True,CC(=O)/C=C/C=C(\C)CCC=C(C)C,CC(=O)/C=C/C=C(\C)CCC=C(C)C,True,"['fruity', 'berry', 'orris', 'tea', 'woody', 'floral', 'sweet']",fruity;berry;orris;tea;woody;floral;sweet,True,False
2220,MOL_000856,Rhodinyl acetate,141-11-7,141-11-7,True,True,C=C(C)CCCC(C)CCOC(C)=O,C=C(C)CCCC(C)CCOC(C)=O,True,"['fruity', 'fresh', 'rose']",fruity;fresh;rose,True,False
1851,MOL_000857,Neryl acetate,141-12-8,141-12-8,True,True,CC(=O)OC/C=C(/C)CCC=C(C)C,CC(=O)OC/C=C(/C)CCC=C(C)C,True,"['fruity', 'floral', 'sweet']",fruity;floral;sweet,True,False
3123,MOL_000858,Adoxal (Givaudan),141-13-9,141-13-9,True,True,CC(C)=CCCC(C)CCCC(C)C=O,CC(C)=CCCC(C)CCCC(C)C=O,True,"['rose', 'fresh', 'aldehydic', 'floral']",rose;fresh;aldehydic;floral,True,False
390,MOL_000859,Citronellyl propionate,141-14-0,141-14-0,True,True,CCC(=O)OCCC(C)CCC=C(C)C,CCC(=O)OCCC(C)CCC=C(C)C,True,"['fruity', 'rose', 'sweet']",fruity;rose;sweet,True,False
2221,MOL_000860,Rhodinyl butyrate,141-15-1,141-15-1,True,True,C=C(C)CCCC(C)CCOC(=O)CCC,C=C(C)CCCC(C)CCOC(=O)CCC,True,"['fruity', 'rose', 'sweet']",fruity;rose;sweet,True,False
3456,MOL_000861,citronellyl butyrate,141-16-2,141-16-2,True,True,CCCC(=O)OCCC(C)CCC=C(C)C,CCCC(=O)OCCC(C)CCC=C(C)C,True,"['sweet', 'fruity', 'floral', 'tropical', 'green', 'waxy', 'citrus', 'woody']",sweet;fruity;floral;tropical;green;waxy;citrus;woody,True,False
3457,MOL_000862,rhodinol,141-25-3,141-25-3,True,True,CC(CCC=C(C)C)CCO,CC(C)=CCCC(C)CCO,True,"['floral', 'rose', 'spicy', 'waxy', 'orris', 'sweet', 'fatty', 'citrus', 'fresh', 'lemon']",floral;rose;spicy;waxy;orris;sweet;fatty;citrus;fresh;lemon,True,False
3458,MOL_000863,(E)-citral,141-27-5,141-27-5,True,True,CC(=CCC/C(=C/C=O)/C)C,CC(C)=CCC/C(C)=C/C=O,True,"['citrus', 'lemon']",citrus;lemon,True,False
500,MOL_000864,Diethyl adipate,141-28-6,141-28-6,True,True,CCOC(=O)CCCCC(=O)OCC,CCOC(=O)CCCCC(=O)OCC,True,"['oily', 'fruity', 'winey']",oily;fruity;winey,True,False
712,MOL_000865,Ethyl acetate,141-78-6,141-78-6,True,True,CCOC(C)=O,CCOC(C)=O,True,"['winey', 'sharp', 'ethereal', 'brandy']",winey;sharp;ethereal;brandy,True,False
1737,MOL_000866,Methylpentenone,141-79-7,141-79-7,True,True,CC(=O)C=C(C)C,CC(=O)C=C(C)C,True,"['honey', 'bread', 'musty', 'mint']",honey;bread;musty;mint,True,False
1151,MOL_000867,Hydroxycitronellal dimethyl acetal,141-92-4,141-92-4,True,True,COC(CC(C)CCCC(C)(C)O)OC,COC(CC(C)CCCC(C)(C)O)OC,True,"['green', 'melon', 'fresh', 'floral']",green;melon;fresh;floral,True,False
714,MOL_000868,Ethyl acetoacetate,141-97-9,141-97-9,True,True,CCOC(=O)CC(C)=O,CCOC(=O)CC(C)=O,True,"['apple', 'ethereal', 'green', 'fruity', 'rum']",apple;ethereal;green;fruity;rum,True,False
3459,MOL_000869,1-methyl thio-2-propanone,14109-72-9,14109-72-9,True,True,CC(=O)CSC,CSCC(C)=O,True,['melon'],melon,True,False
3189,MOL_000870,Octenone,14129-48-7,14129-48-7,True,True,CCC/C=C/C(=O)CC,CCC/C=C/C(=O)CC,True,"['fruity', 'coconut', 'mushroom']",fruity;coconut;mushroom,True,False
1761,MOL_000871,Methylpropylpyridine,14159-61-6,14159-61-6,True,True,CC(C)Cc1cccnc1,CC(C)Cc1cccnc1,True,"['green', 'earthy']",green;earthy,True,False
3285,MOL_000872,Mercaptomethylheptanone,1416051-88-1,1416051-88-1,True,True,CCCCCC(=O)CCS,CCCCCC(=O)CCS,True,"['fruity', 'grape', 'hazelnut', 'berry']",fruity;grape;hazelnut;berry,True,False
1555,MOL_000873,Methyl phenyl disulfide,14173-25-2,14173-25-2,True,True,CSSc1ccccc1,CSSc1ccccc1,True,"['vegetable', 'radish', 'onion', 'sulfurous', 'pungent']",vegetable;radish;onion;sulfurous;pungent,True,False
3460,MOL_000874,musk propanoate,141773-73-1,141773-73-1,True,True,CCC(=O)OCC(C)(C)OC(C)C1CCCC(C1)(C)C,CCC(=O)OCC(C)(C)OC(C)C1CCCC(C)(C)C1,True,"['musk', 'fruity', 'pear', 'woody', 'floral']",musk;fruity;pear;woody;floral,True,False
1175,MOL_000875,Hydroxypyridine,142-08-5,142-08-5,True,True,O=c1cccc[nH]1,O=c1cccc[nH]1,True,"['nutty', 'smoky', 'burnt', 'animal']",nutty;smoky;burnt;animal,True,False
92,MOL_000876,Allyl heptanoate,142-19-8,142-19-8,True,True,C=CCOC(=O)CCCCCC,C=CCOC(=O)CCCCCC,True,"['apple', 'fruity', 'banana', 'pineapple', 'sweet']",apple;fruity;banana;pineapple;sweet,True,False
1825,MOL_000877,Monosodium glutamate,142-47-2,142-47-2,True,True,N[C@@H](CCC(=O)O)C(=O)O,N[C@@H](CCC(=O)O)C(=O)O,True,['meaty'],meaty,True,False
1848,MOL_000878,"Nerolidol, S-(cis)]-isomer",142-50-7,142-50-7,True,True,C=C[C@@](C)(O)CC/C=C(/C)CCC=C(C)C,C=C[C@@](C)(O)CC/C=C(/C)CCC=C(C)C,True,"['green', 'woody', 'floral']",green;woody;floral,True,False
1971,MOL_000879,Octyl propionate,142-60-9,142-60-9,True,True,CCCCCCCCOC(=O)CC,CCCCCCCCOC(=O)CC,True,"['fatty', 'fruity', 'waxy', 'sweet']",fatty;fruity;waxy;sweet,True,False
1050,MOL_000880,Hexanoic acid,142-62-1,142-62-1,True,True,CCCCCC(=O)O,CCCCCC(=O)O,True,"['fatty', 'cheesy']",fatty;cheesy,True,False
2192,MOL_000881,Propylene glycol stearate,142-75-6,142-75-6,True,True,CCCCCCCCCCCCCCCCCC(=O)OCC(C)O,CCCCCCCCCCCCCCCCCC(=O)OCC(C)O,True,['odorless'],odorless,True,False
290,MOL_000882,Butyl oleate,142-77-8,142-77-8,True,True,CCCCCCCC/C=C\CCCCCCCC(=O)OCCCC,CCCCCCCC/C=C\CCCCCCCC(=O)OCCCC,True,"['oily', 'fatty', 'fishy']",oily;fatty;fishy,True,False
1037,MOL_000883,Hexadienal,142-83-6,142-83-6,True,True,C/C=C/C=C/C=O,C/C=C/C=C/C=O,True,"['green', 'fruity', 'sweet', 'citrus']",green;fruity;sweet;citrus,True,False
1319,MOL_000884,Isopropyl palmitate,142-91-6,142-91-6,True,True,CCCCCCCCCCCCCCCC(=O)OC(C)C,CCCCCCCCCCCCCCCC(=O)OC(C)C,True,['odorless'],odorless,True,False
1108,MOL_000885,Hexyl acetate,142-92-7,142-92-7,True,True,CCCCCCOC(C)=O,CCCCCCOC(C)=O,True,"['fruity', 'apple', 'sweet', 'pear']",fruity;apple;sweet;pear,True,False
2613,MOL_000886,Dibutyl ether,142-96-1,142-96-1,True,True,CCCCOCCCC,CCCCOCCCC,True,"['fruity', 'sweet', 'ethereal']",fruity;sweet;ethereal,True,False
3121,MOL_000887,Nerolidol oxide,1424-83-5,1424-83-5,True,True,CC(C)=CCCC(C)=CCCC(C)(O)C1CO1,CC(C)=CCCC(C)=CCCC(C)(O)C1CO1,True,"['fruity', 'floral']",fruity;floral,True,False
211,MOL_000888,Bisethylthioethane,14252-42-7,14252-42-7,True,True,CCSC(C)SCC,CCSC(C)SCC,True,"['meaty', 'fruity', 'alliaceous', 'tropical', 'coffee', 'sulfurous']",meaty;fruity;alliaceous;tropical;coffee;sulfurous,True,False
3461,MOL_000889,hexen-1-yl oxypropane nitrile,142653-61-0,142653-61-0,True,True,CC/C=C\CCOCCC#N,CC/C=C\CCOCCC#N,True,"['green', 'fruity', 'tropical', 'floral', 'violet', 'oily', 'cucumber', 'fatty']",green;fruity;tropical;floral;violet;oily;cucumber;fatty,True,False
3462,MOL_000890,allyl phenethyl ether,14289-65-7,14289-65-7,True,True,C=CCOCCC1=CC=CC=C1,C=CCOCCc1ccccc1,True,"['green', 'fruity', 'mushroom', 'honey']",green;fruity;mushroom;honey,True,False
3463,MOL_000891,2-ethyl-4-isopropenyl pyridine,142896-08-0,142896-08-0,True,True,n1ccc(\C(=C)C)cc1CC,C=C(C)c1ccnc(CC)c1,True,"['nutty', 'sharp', 'herbal']",nutty;sharp;herbal,True,False
3228,MOL_000892,Acetylisopropylpyridine,142896-09-1,142896-09-1,True,True,CC(=O)c1cccnc1C(C)C,CC(=O)c1cccnc1C(C)C,True,"['grassy', 'green', 'violet', 'herbal', 'leafy']",grassy;green;violet;herbal;leafy,True,False
3086,MOL_000893,Acetylisopropenylpyridine,142896-11-5,142896-11-5,True,True,C=C(C)c1ccnc(C(C)=O)c1,C=C(C)c1ccnc(C(C)=O)c1,True,"['grassy', 'sweet', 'mint']",grassy;sweet;mint,True,False
3091,MOL_000894,Acetylisopropenylpyridine,142896-12-6,142896-12-6,True,True,C=C(C)c1cc(C(C)=O)ccn1,C=C(C)c1cc(C(C)=O)ccn1,True,"['roasted', 'green', 'fermented', 'herbal']",roasted;green;fermented;herbal,True,False
680,MOL_000895,Dodecanoic acid,143-07-7,143-07-7,True,True,CCCCCCCCCCCC(=O)O,CCCCCCCCCCCC(=O)O,True,"['fatty', 'fresh', 'waxy']",fatty;fresh;waxy,True,False
1880,MOL_000896,Nonanol,143-08-8,143-08-8,True,True,CCCCCCCCCO,CCCCCCCCCO,True,"['fatty', 'floral', 'rose', 'orange']",fatty;floral;rose;orange,True,False
1904,MOL_000897,Nonyl acetate,143-13-5,143-13-5,True,True,CCCCCCCCCOC(C)=O,CCCCCCCCCOC(C)=O,True,"['green', 'fruity', 'leafy', 'floral', 'mushroom']",green;fruity;leafy;floral;mushroom,True,False
2391,MOL_000898,Undecenal,143-14-6,143-14-6,True,True,C/C=C/CCCCCCCC=O,C/C=C/CCCCCCCC=O,True,"['citrus', 'waxy', 'orange', 'sweet']",citrus;waxy;orange;sweet,True,False
3190,MOL_000899,Oleyl alcohol,143-28-2,143-28-2,True,True,CCCCCCCC/C=C\CCCCCCCCO,CCCCCCCC/C=C\CCCCCCCCO,True,['fatty'],fatty,True,False
3072,MOL_000900,Propyl myristate,14303-70-9,14303-70-9,True,True,CCCCCCCCCCCCCC(=O)OCCC,CCCCCCCCCCCCCC(=O)OCCC,True,"['oily', 'fatty', 'waxy']",oily;fatty;waxy,True,False
1901,MOL_000901,Nonenone,14309-57-0,14309-57-0,True,True,CCCCC/C=C/C(C)=O,CCCCC/C=C/C(C)=O,True,"['fruity', 'nutty', 'earthy', 'waxy', 'dairy', 'mushroom', 'cheesy']",fruity;nutty;earthy;waxy;dairy;mushroom;cheesy,True,False
3464,MOL_000902,methyl cyclohexyl acetate,14352-61-5,14352-61-5,True,True,O=C(OC)CC1CCCCC1,COC(=O)CC1CCCCC1,True,"['fruity', 'tropical', 'banana', 'pineapple', 'honey']",fruity;tropical;banana;pineapple;honey,True,False
2015,MOL_000903,Pentylfurylketone,14360-50-0,14360-50-0,True,True,CCCCCC(=O)c1ccco1,CCCCCC(=O)c1ccco1,True,"['green', 'fruity', 'apricot']",green;fruity;apricot,True,False
3465,MOL_000904,(E)-cinnamaldehyde,14371-10-9,14371-10-9,True,True,C1=CC=C(C=C1)/C=C/C=O,O=C/C=C/c1ccccc1,True,"['sweet', 'spicy', 'cinnamon', 'warm']",sweet;spicy;cinnamon;warm,True,False
3466,MOL_000905,2-propenyl-para-cymene,14374-92-6,14374-92-6,True,True,CC=CC1=C(C=CC(=C1)C(C)C)C,CC=Cc1cc(C(C)C)ccc1C,True,"['green', 'sweet', 'vegetable', 'dry', 'earthy']",green;sweet;vegetable;dry;earthy,True,False
2534,MOL_000906,Methylthiopentanone,143764-28-7,143764-28-7,True,True,CCCC(=O)CSC,CCCC(=O)CSC,True,"['vegetable', 'fruity', 'sulfurous', 'sweet']",vegetable;fruity;sulfurous;sweet,True,False
926,MOL_000907,Furfuryl methyl sulfide,1438-91-1,1438-91-1,True,True,CSCc1ccco1,CSCc1ccco1,True,"['onion', 'garlic', 'radish']",onion;garlic;radish,True,False
935,MOL_000908,Furfurylpyrrole,1438-94-4,1438-94-4,True,True,c1coc(Cn2cccc2)c1,c1coc(Cn2cccc2)c1,True,"['earthy', 'alliaceous', 'vegetable', 'smoky', 'pungent']",earthy;alliaceous;vegetable;smoky;pungent,True,False
1378,MOL_000909,Linalyl propionate,144-39-8,144-39-8,True,True,C=CC(C)(CCC=C(C)C)OC(=O)CC,C=CC(C)(CCC=C(C)C)OC(=O)CC,True,"['rose', 'fruity', 'floral', 'sweet']",rose;fruity;floral;sweet,True,False
600,MOL_000910,Dimethylfuranone,14400-67-0,14400-67-0,True,True,CC1=CC(=O)C(C)O1,CC1=CC(=O)C(C)O1,True,"['caramellic', 'roasted', 'burnt', 'coffee', 'bread', 'sweet', 'buttery']",caramellic;roasted;burnt;coffee;bread;sweet;buttery,True,False
458,MOL_000911,Decenoic acid,14436-32-9,14436-32-9,True,True,C=CCCCCCCCC(=O)O,C=CCCCCCCCC(=O)O,True,"['creamy', 'fatty', 'fruity', 'milky', 'waxy', 'cheesy']",creamy;fatty;fruity;milky;waxy;cheesy,True,False
3467,MOL_000912,(S)-styralyl alcohol,1445-91-6,1445-91-6,True,True,C[C@@H](C1=CC=CC=C1)O,C[C@H](O)c1ccccc1,True,"['floral', 'strawberry']",floral;strawberry,True,False
2267,MOL_000913,Terpinyl anthranilate,14481-52-8,14481-52-8,True,True,CC1=CCC(C(C)(C)OC(=O)c2ccccc2N)CC1,CC1=CCC(C(C)(C)OC(=O)c2ccccc2N)CC1,True,"['fruity', 'musty', 'floral', 'sweet']",fruity;musty;floral;sweet,True,False
3468,MOL_000914,terpinyl valerate,14481-55-1,14481-55-1,True,True,CCCCC(=O)OC(C)(C)C1CCC(=CC1)C,CCCCC(=O)OC(C)(C)C1CC=C(C)CC1,True,"['fruity', 'floral']",fruity;floral,True,False
3469,MOL_000915,laevo-methionyl glycine,14486-03-4,14486-03-4,True,True,CSCC[C@@H](C(=O)NCC(=O)O)N,CSCC[C@H](N)C(=O)NCC(=O)O,True,"['savory', 'meaty', 'cheesy']",savory;meaty;cheesy,True,False
3470,MOL_000916,musk tibetene (Givaudan),145-39-1,145-39-1,True,True,CC1=C(C(=C(C(=C1C)[N+](=O)[O-])C(C)(C)C)[N+](=O)[O-])C,Cc1c(C)c([N+](=O)[O-])c(C(C)(C)C)c([N+](=O)[O-])c1C,True,"['musk', 'sweet', 'orris', 'fatty']",musk;sweet;orris;fatty,True,False
3088,MOL_000917,Hydroxymethylacetophenone,1450-72-2,1450-72-2,True,True,CC(=O)c1cc(C)ccc1O,CC(=O)c1cc(C)ccc1O,True,"['spicy', 'cherry', 'honey', 'phenolic', 'aromatic', 'coumarinic']",spicy;cherry;honey;phenolic;aromatic;coumarinic,True,False
3471,MOL_000918,2-mercaptopyrimidine,1450-85-7,1450-85-7,True,True,C1=CNC(=S)N=C1,S=c1nccc[nH]1,True,['onion'],onion,True,False
3472,MOL_000919,"2,4-decadien-1-ol",14507-02-9,14507-02-9,True,True,CCCCCC=CC=CCO,CCCCCC=CC=CCO,True,"['fatty', 'waxy', 'citrus', 'melon', 'meaty', 'chicken', 'fruity', 'dairy']",fatty;waxy;citrus;melon;meaty;chicken;fruity;dairy,True,False
980,MOL_000920,Heptadecanol,1454-85-9,1454-85-9,True,True,CCCCCCCCCCCCCCCCCO,CCCCCCCCCCCCCCCCCO,True,['odorless'],odorless,True,False
3473,MOL_000921,2-methoxythiazole,14542-13-3,14542-13-3,True,True,COC1=NC=CS1,COc1nccs1,True,"['malty', 'bread', 'caramellic']",malty;bread;caramellic,True,False
3474,MOL_000922,"1-methoxy-2,7-octadiene",14543-49-8,14543-49-8,True,True,O(CC=CCCC/C=C)C,C=CCCCC=CCOC,True,"['green', 'fatty', 'violet', 'fruity']",green;fatty;violet;fruity,True,False
314,MOL_000923,Butylthiophene,1455-20-5,1455-20-5,True,True,CCCCc1cccs1,CCCCc1cccs1,True,['roasted'],roasted,True,False
2272,MOL_000924,Terpinyl methyl ether,14576-08-0,14576-08-0,True,True,COC(C)(C)C1CC=C(C)CC1,COC(C)(C)C1CC=C(C)CC1,True,"['spicy', 'citrus', 'earthy', 'woody', 'grapefruit', 'floral']",spicy;citrus;earthy;woody;grapefruit;floral,True,False
3475,MOL_000925,(Z)-musk pentane,14595-54-1,14595-54-1,True,True,C1CCCCCC(=O)CC/C=C\CCCC1,O=C1CC/C=C\CCCCCCCCCC1,True,"['musk', 'animal', 'sweet', 'fruity', 'orris']",musk;animal;sweet;fruity;orris,True,False
2696,MOL_000926,Cresyl butyrate,14617-92-6,14617-92-6,True,True,CCCC(=O)Oc1ccc(C)cc1,CCCC(=O)Oc1ccc(C)cc1,True,"['fruity', 'medicinal', 'aromatic', 'floral']",fruity;medicinal;aromatic;floral,True,False
2626,MOL_000927,Dodecanal dimethyl acetal,14620-52-1,14620-52-1,True,True,CCCCCCCCCCCC(OC)OC,CCCCCCCCCCCC(OC)OC,True,"['apple', 'citrus', 'green', 'fatty', 'melon', 'fresh']",apple;citrus;green;fatty;melon;fresh,True,False
2366,MOL_000928,Trimethylpyrazine,14667-55-1,14667-55-1,True,True,Cc1cnc(C)c(C)n1,Cc1cnc(C)c(C)n1,True,"['roasted', 'nutty', 'cocoa', 'burnt', 'coffee', 'potato']",roasted;nutty;cocoa;burnt;coffee;potato,True,False
3476,MOL_000929,(Z)-7-tetradecen-2-one,146955-45-5,146955-45-5,True,True,O=C(CCCC\C=C/CCCCCC)C,CCCCCC/C=C\CCCCC(C)=O,True,"['fruity', 'jasmine', 'orris']",fruity;jasmine;orris,True,False
1939,MOL_000930,Octenoic acid,1470-50-4,1470-50-4,True,True,CCCCC/C=C\C(=O)O,CCCCC/C=C\C(=O)O,True,"['creamy', 'fatty', 'chicken', 'waxy', 'dairy', 'musty']",creamy;fatty;chicken;waxy;dairy;musty,True,False
2543,MOL_000931,Decenal,147159-48-6,147159-48-6,True,True,CCC/C=C/CCCCC=O,CCC/C=C/CCCCC=O,True,"['green', 'fatty', 'cucumber']",green;fatty;cucumber,True,False
3477,MOL_000932,(Z)-8-undecenal,147159-49-7,147159-49-7,True,True,CC/C=C\CCCCCCC=O,CC/C=C\CCCCCCC=O,True,"['aldehydic', 'citrus', 'waxy', 'floral', 'fresh']",aldehydic;citrus;waxy;floral;fresh,True,False
3478,MOL_000933,para-anisaldehyde / methyl anthranilate schiff's base,14735-72-9,14735-72-9,True,True,COC1=CC=C(C=C1)C=NC2=CC=CC=C2C(=O)OC,COC(=O)c1ccccc1N=Cc1ccc(OC)cc1,True,"['sweet', 'floral', 'orris']",sweet;floral;orris,True,False
302,MOL_000934,Butylcyclohexanone,14765-30-1,14765-30-1,True,True,CCC(C)C1CCCCC1=O,CCC(C)C1CCCCC1=O,True,['mint'],mint,True,False
3154,MOL_000935,Hydroxymethoxybenzaldehyde,148-53-8,148-53-8,True,True,COc1cccc(C=O)c1O,COc1cccc(C=O)c1O,True,"['vanilla', 'medicinal', 'pungent', 'sweet']",vanilla;medicinal;pungent;sweet,True,False
1893,MOL_000936,Nonenoic acid,14812-03-4,14812-03-4,True,True,CCCCCC/C=C/C(=O)O,CCCCCC/C=C/C(=O)O,True,"['green', 'fatty']",green;fatty,True,False
727,MOL_000937,Ethyl benzothioate,1484-17-9,1484-17-9,True,True,CCOC(=S)c1ccccc1,CCOC(=S)c1ccccc1,True,"['ripe', 'fermented', 'sulfurous', 'cheesy']",ripe;fermented;sulfurous;cheesy,True,False
2815,MOL_000938,Methyl hydroxybutyrate,1487-49-6,1487-49-6,True,True,COC(=O)CC(C)O,COC(=O)CC(C)O,True,"['apple', 'green', 'fruity', 'grape', 'fresh', 'winey']",apple;green;fruity;grape;fresh;winey,True,False
3479,MOL_000939,(R)-(-)-2-butanol,14898-79-4,14898-79-4,True,True,CC[C@@H](C)O,CC[C@@H](C)O,True,"['oily', 'winey', 'fruity']",oily;winey;fruity,True,False
3142,MOL_000940,Mercaptobenzothiazole,149-30-4,149-30-4,True,True,S=c1[nH]c2ccccc2s1,S=c1[nH]c2ccccc2s1,True,"['garlic', 'sulfurous', 'burnt']",garlic;sulfurous;burnt,True,False
853,MOL_000941,Ethylhexanoic acid,149-57-5,149-57-5,True,True,CCCCC(CC)C(=O)O,CCCCC(CC)C(=O)O,True,"['sour', 'fatty', 'fruity', 'herbal', 'musty', 'cheesy']",sour;fatty;fruity;herbal;musty;cheesy,True,False
1399,MOL_000942,Menthol,1490-04-6,1490-04-6,True,True,CC1CCC(C(C)C)C(O)C1,CC1CCC(C(C)C)C(O)C1,True,"['mint', 'musty']",mint;musty,True,False
1182,MOL_000943,Ionone,14901-07-6,14901-07-6,True,True,CC(=O)/C=C/C1=C(C)CCCC1(C)C,CC(=O)/C=C/C1=C(C)CCCC1(C)C,True,"['woody', 'fruity', 'violet']",woody;fruity;violet,True,False
3480,MOL_000944,2-hexenyl cyclopentanyl acetate,149982-46-7,149982-46-7,True,True,CCC/C=C/COC(=O)CC1CCCC1,CCC/C=C/COC(=O)CC1CCCC1,True,"['fruity', 'jasmine', 'pear', 'milky']",fruity;jasmine;pear;milky,True,False
1451,MOL_000945,Methoxyphenol,150-19-6,150-19-6,True,True,COc1cccc(O)c1,COc1cccc(O)c1,True,"['phenolic', 'medicinal', 'sweet']",phenolic;medicinal;sweet,True,False
2060,MOL_000946,Phenylalanine,150-30-1,150-30-1,True,True,NC(Cc1ccccc1)C(=O)O,NC(Cc1ccccc1)C(=O)O,True,"['cocoa', 'chocolate']",cocoa;chocolate,True,False
183,MOL_000947,Benzyl disulfide,150-60-7,150-60-7,True,True,c1ccc(CSSCc2ccccc2)cc1,c1ccc(CSSCc2ccccc2)cc1,True,"['caramellic', 'green', 'earthy', 'burnt', 'sulfurous']",caramellic;green;earthy;burnt;sulfurous,True,False
1452,MOL_000948,Methoxyphenol,150-76-5,150-76-5,True,True,COc1ccc(O)cc1,COc1ccc(O)cc1,True,"['anisic', 'aromatic', 'sweet']",anisic;aromatic;sweet,True,False
562,MOL_000949,Dimethoxybenzene,150-78-7,150-78-7,True,True,COc1ccc(OC)cc1,COc1ccc(OC)cc1,True,"['earthy', 'tobacco', 'nutty', 'phenolic', 'sweet']",earthy;tobacco;nutty;phenolic;sweet,True,False
381,MOL_000950,Citronellyl acetate,150-84-5,150-84-5,True,True,CC(=O)OCCC(C)CCC=C(C)C,CC(=O)OCCC(C)CCC=C(C)C,True,"['fruity', 'fresh', 'rose']",fruity;fresh;rose,True,False
2108,MOL_000951,Phytol,150-86-7,150-86-7,True,True,C/C(=C\CO)CCC[C@H](C)CCC[C@H](C)CCCC(C)C,C/C(=C\CO)CCC[C@H](C)CCC[C@H](C)CCCC(C)C,True,"['balsamic', 'floral']",balsamic;floral,True,False
3481,MOL_000952,alpha-methyl cinnamyl alcohol,1504-55-8,1504-55-8,True,True,C/C(=C\C1=CC=CC=C1)/CO,C/C(=C\c1ccccc1)CO,True,"['sweet', 'balsamic', 'floral', 'warm']",sweet;balsamic;floral;warm,True,False
1437,MOL_000953,Methoxycinnamaldehyde,1504-74-1,1504-74-1,True,True,COc1ccccc1/C=C/C=O,COc1ccccc1/C=C/C=O,True,"['spicy', 'sweet', 'warm']",spicy;sweet;warm,True,False
1636,MOL_000954,Methylcinnamaldehyde,1504-75-2,1504-75-2,True,True,Cc1ccc(/C=C/C=O)cc1,Cc1ccc(/C=C/C=O)cc1,True,"['cinnamon', 'vanilla', 'fruity', 'balsamic', 'sweet']",cinnamon;vanilla;fruity;balsamic;sweet,True,False
3482,MOL_000955,10-epi-gamma-eudesmol,15051-81-7,15051-81-7,True,True,CC1=C2C[C@@H](CC[C@@]2(CCC1)C)C(C)(C)O,CC1=C2C[C@H](C(C)(C)O)CC[C@]2(C)CCC1,True,"['sweet', 'woody', 'floral']",sweet;woody;floral,True,False
626,MOL_000956,Dimethylphenethyl acetate,151-05-3,151-05-3,True,True,CC(=O)OC(C)(C)Cc1ccccc1,CC(=O)OC(C)(C)Cc1ccccc1,True,"['rose', 'fruity', 'fresh', 'jasmine', 'floral']",rose;fruity;fresh;jasmine;floral,True,False
560,MOL_000957,Dimethoxybenzene,151-10-0,151-10-0,True,True,COc1cccc(OC)c1,COc1cccc(OC)c1,True,"['earthy', 'nutty', 'sweet']",earthy;nutty;sweet,True,False
618,MOL_000958,Dimethyloctanol,151-19-9,151-19-9,True,True,CCC(C)CCC(C)(O)CC,CCC(C)CCC(C)(O)CC,True,"['floral', 'sweet']",floral;sweet,True,False
3483,MOL_000959,ginsene,15111-56-5,15111-56-5,True,True,CCOC(=O)C1CCC=CC1,CCOC(=O)C1CC=CCC1,True,"['sweet', 'fruity', 'floral']",sweet;fruity;floral,True,False
2021,MOL_000960,Perillyl acetate,15111-96-3,15111-96-3,True,True,C=C(C)C1CC=C(COC(C)=O)CC1,C=C(C)C1CC=C(COC(C)=O)CC1,True,"['spicy', 'fruity', 'herbal', 'woody', 'floral']",spicy;fruity;herbal;woody;floral,True,False
1393,MOL_000961,Menthadienyl acetate,15111-97-4,15111-97-4,True,True,C=C(COC(C)=O)C1CC=C(C)CC1,C=C(COC(C)=O)C1CC=C(C)CC1,True,"['woody', 'fruity', 'sweet', 'herbal']",woody;fruity;sweet;herbal,True,False
3484,MOL_000962,methyl phenoxyethanol,15149-10-7,15149-10-7,True,True,CC1=CC=C(C=C1)OCCO,Cc1ccc(OCCO)cc1,True,"['floral', 'jasmine', 'animal']",floral;jasmine;animal,True,False
1524,MOL_000963,Methyl methoxybenzyl ether,1515-81-7,1515-81-7,True,True,COCc1ccc(OC)cc1,COCc1ccc(OC)cc1,True,"['anisic', 'vanilla', 'floral']",anisic;vanilla;floral,True,False
861,MOL_000964,Ethylmethoxybenzene,1515-95-3,1515-95-3,True,True,CCc1ccc(OC)cc1,CCc1ccc(OC)cc1,True,"['anisic', 'tobacco', 'nutty', 'phenolic']",anisic;tobacco;nutty;phenolic,True,False
1039,MOL_000965,Hexadienyl acetate,1516-17-2,1516-17-2,True,True,C/C=C/C=C/COC(C)=O,C/C=C/C=C/COC(C)=O,True,"['apple', 'fruity', 'pear', 'pineapple', 'winey', 'sweet']",apple;fruity;pear;pineapple;winey;sweet,True,False
3485,MOL_000966,(R)-styralyl alcohol,1517-69-7,1517-69-7,True,True,C[C@H](C1=CC=CC=C1)O,C[C@@H](O)c1ccccc1,True,"['floral', 'earthy', 'green']",floral;earthy;green,True,False
3486,MOL_000967,alpha-methyl-(E)-cinnamaldehyde,15174-47-7,15174-47-7,True,True,C/C(=C\C1=CC=CC=C1)/C=O,C/C(C=O)=C\c1ccccc1,True,"['cinnamon', 'spicy']",cinnamon;spicy,True,False
3138,MOL_000968,Diisobutyl disulfide,1518-72-5,1518-72-5,True,True,CC(C)CSSCC(C)C,CC(C)CSSCC(C)C,True,"['vegetable', 'meaty', 'green', 'alliaceous', 'savory', 'sulfurous']",vegetable;meaty;green;alliaceous;savory;sulfurous,True,False
2500,MOL_000969,Propylthiophene,1518-75-8,1518-75-8,True,True,CCCc1cccs1,CCCc1cccs1,True,"['fatty', 'burnt', 'gasoline']",fatty;burnt;gasoline,True,False
2227,MOL_000970,Rose furan,15186-51-3,15186-51-3,True,True,CC(C)=CCc1occc1C,CC(C)=CCc1occc1C,True,"['lemon', 'citrus']",lemon;citrus,True,False
2639,MOL_000971,Hydratropaldehyde diethyl acetal,15295-60-0,15295-60-0,True,True,CCOC(OCC)C(C)c1ccccc1,CCOC(OCC)C(C)c1ccccc1,True,"['green', 'earthy', 'floral', 'musty']",green;earthy;floral;musty,True,False
3487,MOL_000972,musk indane,15323-35-0,15323-35-0,True,True,CC1C(C2=C(C1(C)C)C=C(C(=C2)C)C(=O)C)(C)C,CC(=O)c1cc2c(cc1C)C(C)(C)C(C)C2(C)C,True,"['sweet', 'musk', 'balsamic', 'orris', 'dry', 'fruity']",sweet;musk;balsamic;orris;dry;fruity,True,False
1574,MOL_000973,Methyl thioacetate,1534-08-3,1534-08-3,True,True,CSC(C)=O,CSC(C)=O,True,"['vegetable', 'popcorn', 'cabbage']",vegetable;popcorn;cabbage,True,False
3488,MOL_000974,beta-bisabolol,15352-77-9,15352-77-9,True,True,CC1=CCC(CC1)(C(C)CCC=C(C)C)O,CC(C)=CCCC(C)C1(O)CC=C(C)CC1,True,"['citrus', 'floral', 'sour', 'lemon', 'fresh', 'sweet', 'herbal']",citrus;floral;sour;lemon;fresh;sweet;herbal,True,False
1398,MOL_000975,Menthol,15356-60-2,15356-60-2,True,True,CC(C)[C@@H]1CC[C@@H](C)C[C@@H]1O,CC(C)[C@@H]1CC[C@@H](C)C[C@@H]1O,True,"['mint', 'musty']",mint;musty,True,False
530,MOL_000976,Dihydroactinidiolide,15356-74-8,15356-74-8,True,True,CC1(C)CCCC2(C)OC(=O)C=C12,CC1(C)CCCC2(C)OC(=O)C=C12,True,"['fruity', 'tobacco', 'tea', 'floral', 'sweet']",fruity;tobacco;tea;floral;sweet,True,False
3489,MOL_000977,trimethyl-3-cyclopentenyl acetonitrile,15373-31-6,15373-31-6,True,True,CC1=CCC(C1(C)C)CC#N,CC1=CCC(CC#N)C1(C)C,True,"['pine', 'herbal', 'hay']",pine;herbal;hay,True,False
3490,MOL_000978,ethyl phenyl lactate,15399-05-0,15399-05-0,True,True,CCOC(=O)C(CC1=CC=CC=C1)O,CCOC(=O)C(O)Cc1ccccc1,True,['spicy'],spicy,True,False
2731,MOL_000979,Ethyl acetylhexanoate,1540-29-0,1540-29-0,True,True,CCCCC(C(C)=O)C(=O)OCC,CCCCC(C(C)=O)C(=O)OCC,True,"['green', 'fruity', 'herbal', 'winey', 'floral']",green;fruity;herbal;winey;floral,True,False
3491,MOL_000980,4-methyl-5-nonanol,154170-44-2,154170-44-2,True,True,CCCCC(C(C)CCC)O,CCCCC(O)C(C)CCC,True,"['spicy', 'herbal']",spicy;herbal,True,False
3492,MOL_000981,germacrene B,15423-57-1,15423-57-1,True,True,C/C/1=C\CC/C(=C/CC(=C(C)C)CC1)/C,CC(C)=C1C/C=C(\C)CC/C=C(\C)CC1,True,"['woody', 'earthy', 'spicy']",woody;earthy;spicy,True,False
3195,MOL_000982,Dodecenolide,15456-68-5,15456-68-5,True,True,CCC=CCCCC1CCCC(=O)O1,CCC=CCCCC1CCCC(=O)O1,True,"['fatty', 'waxy', 'dairy']",fatty;waxy;dairy,True,False
456,MOL_000983,Decenoic acid,15469-77-9,15469-77-9,True,True,CCCCCC/C=C/CC(=O)O,CCCCCC/C=C/CC(=O)O,True,"['green', 'oily', 'fatty', 'fruity', 'waxy']",green;oily;fatty;fruity;waxy,True,False
2706,MOL_000984,Cyclohexyl valerate,1551-43-5,1551-43-5,True,True,CCCCC(=O)OC1CCCCC1,CCCCC(=O)OC1CCCCC1,True,"['fruity', 'herbal', 'animal']",fruity;herbal;animal,True,False
411,MOL_000985,Cyclohexyl butyrate,1551-44-6,1551-44-6,True,True,CCCC(=O)OC1CCCCC1,CCCC(=O)OC1CCCCC1,True,"['fruity', 'fresh', 'floral', 'sweet']",fruity;fresh;floral;sweet,True,False
3493,MOL_000986,propylene glycol di-2-methyl butyrate,15514-30-0,15514-30-0,True,False,CCC(C)C(=O)OCC(C)OC(=O)C(C)CC,CCC(C)C(=O)OCC(C)OC(=O)C(C)CC,True,"['fruity', 'buttery']",fruity;buttery,True,False
758,MOL_000987,Ethyl hexenoate,1552-67-6,1552-67-6,True,True,CCC/C=C/C(=O)OCC,CCC/C=C/C(=O)OCC,True,"['green', 'fruity', 'rum', 'sweet']",green;fruity;rum;sweet,True,False
3494,MOL_000988,"hexanal butane-2,3-diol acetal",155639-75-1,155639-75-1,True,True,CCCCCC1OC(C(O1)C)C,CCCCCC1OC(C)C(C)O1,True,"['sweet', 'fatty', 'green']",sweet;fatty;green,True,False
1977,MOL_000989,Oxophenylpropionic acid,156-06-9,156-06-9,True,True,O=C(O)C(=O)Cc1ccccc1,O=C(O)C(=O)Cc1ccccc1,True,"['burnt', 'caramellic']",burnt;caramellic,True,False
1687,MOL_000990,Methylhexanoic acid,1561-11-1,1561-11-1,True,True,CCC(C)CCC(=O)O,CCC(C)CCC(=O)O,True,"['fatty', 'fruity', 'sour', 'cheesy']",fatty;fruity;sour;cheesy,True,False
2502,MOL_000991,Allyl Thiohexanoate,156420-69-8,156420-69-8,True,True,C=CCOC(=S)CCCCC,C=CCOC(=S)CCCCC,True,"['fruity', 'pineapple', 'tropical']",fruity;pineapple;tropical,True,False
2438,MOL_000992,Ethyl mercaptobutyrate,156472-94-5,156472-94-5,True,True,CCOC(=O)C(S)CC,CCOC(=O)C(S)CC,True,"['green', 'fruity', 'tropical', 'grape', 'black currant', 'sweet']",green;fruity;tropical;grape;black currant;sweet,True,False
2482,MOL_000993,Menthyl methyl ether,1565-76-0,1565-76-0,True,True,COC1CC(C)CCC1C(C)C,COC1CC(C)CCC1C(C)C,True,"['fresh', 'mint']",fresh;mint,True,False
444,MOL_000994,Decanol,1565-81-7,1565-81-7,True,True,CCCCCCCC(O)CC,CCCCCCCC(O)CC,True,"['oily', 'fatty', 'waxy', 'orange', 'musty', 'mushroom']",oily;fatty;waxy;orange;musty;mushroom,True,False
883,MOL_000995,Ethylthiazole,15679-09-1,15679-09-1,True,True,CCc1nccs1,CCc1nccs1,True,"['green', 'nutty', 'tomato', 'leafy', 'vegetable']",green;nutty;tomato;leafy;vegetable,True,False
870,MOL_000996,Ethylmethylthiazole,15679-12-6,15679-12-6,True,True,CCc1nc(C)cs1,CCc1nc(C)cs1,True,"['meaty', 'nutty', 'cocoa', 'savory', 'coffee']",meaty;nutty;cocoa;savory;coffee,True,False
1332,MOL_000997,Isopropylmethylthiazole,15679-13-7,15679-13-7,True,True,Cc1csc(C(C)C)n1,Cc1csc(C(C)C)n1,True,"['green', 'earthy', 'nutty', 'tropical', 'coffee', 'vegetable', 'peach']",green;earthy;nutty;tropical;coffee;vegetable;peach,True,False
710,MOL_000998,Ethoxythiazole,15679-19-3,15679-19-3,True,True,CCOc1nccs1,CCOc1nccs1,True,"['meaty', 'roasted', 'nutty', 'onion', 'burnt', 'brothy', 'phenolic', 'sweet']",meaty;roasted;nutty;onion;burnt;brothy;phenolic;sweet,True,False
1675,MOL_000999,Methylheptenol,1569-60-4,1569-60-4,True,True,CC(C)=CCCC(C)O,CC(C)=CCCC(C)O,True,"['citrus', 'green', 'fatty', 'floral', 'sweet']",citrus;green;fatty;floral;sweet,True,False
406,MOL_001000,Cyclohexanethiol,1569-69-3,1569-69-3,True,True,SC1CCCCC1,SC1CCCCC1,True,"['meaty', 'garlic', 'onion', 'horseradish', 'vegetable']",meaty;garlic;onion;horseradish;vegetable,True,False
284,MOL_001001,Butyl methylbutyrate,15706-73-7,15706-73-7,True,True,CCCCOC(=O)C(C)CC,CCCCOC(=O)C(C)CC,True,"['fruity', 'apple', 'pineapple', 'tropical']",fruity;apple;pineapple;tropical,True,False
868,MOL_001002,Ethylmethylpyrazine,15707-23-0,15707-23-0,True,True,CCc1nccnc1C,CCc1nccnc1C,True,"['roasted', 'green', 'earthy', 'nutty', 'burnt', 'hazelnut', 'potato']",roasted;green;earthy;nutty;burnt;hazelnut;potato,True,False
522,MOL_001003,Diethylpyrazine,15707-24-1,15707-24-1,True,True,CCc1nccnc1CC,CCc1nccnc1CC,True,"['potato', 'roasted', 'earthy', 'nutty']",potato;roasted;earthy;nutty,True,False
3205,MOL_001004,Ethyldimethylpyrazine,15707-34-3,15707-34-3,True,True,CCc1cnc(C)c(C)n1,CCc1cnc(C)c(C)n1,True,"['nutty', 'cocoa', 'burnt', 'almond', 'chocolate']",nutty;cocoa;burnt;almond;chocolate,True,False
2675,MOL_001005,Allyl isobutyrate,15727-77-2,15727-77-2,True,True,C=CCOC(=O)C(C)C,C=CCOC(=O)C(C)C,True,"['apple', 'apricot', 'green', 'fruity', 'tropical', 'fresh']",apple;apricot;green;fruity;tropical;fresh,True,False
525,MOL_001006,Diethylthiazole,15729-76-7,15729-76-7,True,True,CCc1cnc(CC)s1,CCc1cnc(CC)s1,True,"['nutty', 'musty', 'meaty']",nutty;musty;meaty,True,False
1735,MOL_001007,Methylpentenoic acid,1575-74-2,1575-74-2,True,True,C=CC[C@H](C)C(=O)O,C=CC[C@H](C)C(=O)O,True,"['strawberry', 'cheesy']",strawberry;cheesy,True,False
1011,MOL_001008,Heptenyl acetate,1576-77-8,1576-77-8,True,True,CCC/C=C/CCOC(C)=O,CCC/C=C/CCOC(C)=O,True,"['green', 'fruity', 'banana', 'tropical', 'berry', 'sweet']",green;fruity;banana;tropical;berry;sweet,True,False
3495,MOL_001009,(Z)-3-hepten-1-yl acetate,1576-78-9,1576-78-9,True,True,CC(=O)OCC/C=C\CCC,CCC/C=C\CCOC(C)=O,True,"['green', 'tropical', 'banana', 'vegetable', 'fatty']",green;tropical;banana;vegetable;fatty,True,False
2450,MOL_001010,Pentenyl acetate,1576-85-8,1576-85-8,True,True,C=CCCCOC(C)=O,C=CCCCOC(C)=O,True,"['green', 'fruity']",green;fruity,True,False
3496,MOL_001011,(E)-2-pentenal,1576-87-0,1576-87-0,True,True,CC/C=C/C=O,CC/C=C/C=O,True,"['pungent', 'green', 'fruity', 'apple', 'orange', 'tomato']",pungent;green;fruity;apple;orange;tomato,True,False
3181,MOL_001012,Pentenol,1576-95-0,1576-95-0,True,True,CC/C=C\CO,CC/C=C\CO,True,"['green', 'fruity', 'ethereal', 'citrus']",green;fruity;ethereal;citrus,True,False
3497,MOL_001013,citrus propanol,15760-18-6,15760-18-6,True,True,CC1=CCC(CC1)C(C)CCO,CC1=CCC(C(C)CCO)CC1,True,"['fresh', 'sweet', 'citrus', 'rose', 'warm', 'herbal']",fresh;sweet;citrus;rose;warm;herbal,True,False
3498,MOL_001014,ethenyl dimethyl pyrazine,157615-33-3,157615-33-3,True,True,CC1=CN=C(C(=N1)C)C=C,C=Cc1ncc(C)nc1C,True,"['earthy', 'musty']",earthy;musty,True,False
579,MOL_001015,Dimethylbenzaldehyde,15764-16-6,15764-16-6,True,True,Cc1ccc(C=O)c(C)c1,Cc1ccc(C=O)c(C)c1,True,"['cherry', 'almond', 'sweet']",cherry;almond;sweet,True,False
3499,MOL_001016,(E)-3-hexenoic acid,1577-18-0,1577-18-0,True,True,CC/C=C/CC(=O)O,CC/C=C/CC(=O)O,True,"['fruity', 'honey', 'sour', 'cheesy', 'green', 'dairy', 'waxy']",fruity;honey;sour;cheesy;green;dairy;waxy,True,False
1940,MOL_001017,Octenoic acid,1577-19-1,1577-19-1,True,True,CCCC/C=C/CC(=O)O,CCCC/C=C/CC(=O)O,True,"['green', 'oily', 'fruity', 'fatty', 'melon', 'waxy', 'dairy']",green;oily;fruity;fatty;melon;waxy;dairy,True,False
3500,MOL_001018,ethyl-2-cyclopentenyl acetate,15848-49-4,15848-49-4,True,True,CCOC(=O)CC1CCC=C1,CCOC(=O)CC1C=CCC1,True,"['fruity', 'pineapple', 'pear', 'plum', 'tropical']",fruity;pineapple;pear;plum;tropical,True,False
491,MOL_001019,Dibutyl malate,1587-18-4,1587-18-4,True,True,CCCCOC(=O)CC(O)C(=O)OCCCC,CCCCOC(=O)CC(O)C(=O)OCCCC,True,"['oily', 'fruity', 'fatty', 'fermented']",oily;fruity;fatty;fermented,True,False
3501,MOL_001020,trimethyl citrate,1587-20-8,1587-20-8,True,True,COC(=O)CC(CC(=O)OC)(C(=O)OC)O,COC(=O)CC(O)(CC(=O)OC)C(=O)OC,True,"['ethereal', 'fruity']",ethereal;fruity,True,False
2803,MOL_001021,Isopropylcyclohexyl acetate,15876-32-1,15876-32-1,True,True,CC(=O)OC1(C(C)C)CCCCC1,CC(=O)OC1(C(C)C)CCCCC1,True,"['fruity', 'camphoreous', 'woody', 'sweet', 'mint']",fruity;camphoreous;woody;sweet;mint,True,False
1760,MOL_001022,Methylpropylpyrazine,15986-80-8,15986-80-8,True,True,CCCc1nccnc1C,CCCc1nccnc1C,True,"['earthy', 'nutty', 'cocoa', 'musty']",earthy;nutty;cocoa;musty,True,False
3502,MOL_001023,2-methyl-3-isopropyl pyrazine,15986-81-9,15986-81-9,True,True,CC1=NC=CN=C1C(C)C,Cc1nccnc1C(C)C,True,"['woody', 'coffee']",woody;coffee,True,False
3503,MOL_001024,2-butyl-3-methyl pyrazine,15987-00-5,15987-00-5,True,True,CCCCC1=NC=CN=C1C,CCCCc1nccnc1C,True,['anisic'],anisic,True,False
564,MOL_001025,Dimethoxyhexane,1599-47-9,1599-47-9,True,True,CCCCCC(OC)OC,CCCCCC(OC)OC,True,"['apple', 'green', 'leafy', 'musty', 'sweet']",apple;green;leafy;musty;sweet,True,False
1739,MOL_001026,Methylpentyldioxolane,1599-49-1,1599-49-1,True,True,CCCCCC1OCC(C)O1,CCCCCC1OCC(C)O1,True,"['green', 'fruity', 'vegetable', 'waxy']",green;fruity;vegetable;waxy,True,False
1669,MOL_001027,Methylheptadienone,1604-28-0,1604-28-0,True,True,CC(=O)/C=C/C=C(C)C,CC(=O)/C=C/C=C(C)C,True,"['cinnamon', 'spicy', 'nutty']",cinnamon;spicy;nutty,True,False
658,MOL_001028,Dimethylundecanone,1604-34-8,1604-34-8,True,True,CC(=O)CCCC(C)CCCC(C)C,CC(=O)CCCC(C)CCCC(C)C,True,"['hay', 'fruity', 'fatty', 'woody', 'floral', 'sweet']",hay;fruity;fatty;woody;floral;sweet,True,False
2501,MOL_001029,Acetoxyethoxyethane,1608-72-6,1608-72-6,True,True,CCOC(C)OC(C)=O,CCOC(C)OC(C)=O,True,"['ethereal', 'fruity', 'fresh', 'winey']",ethereal;fruity;fresh;winey,True,False
228,MOL_001030,Butanedithiol,16128-68-0,16128-68-0,True,True,CCC(S)CS,CCC(S)CS,True,"['sulfurous', 'burnt', 'garlic', 'meaty']",sulfurous;burnt;garlic;meaty,True,False
3504,MOL_001031,cherry pentenoate,1617-23-8,1617-23-8,True,True,CC=CC(C)C(=O)OCC,CC=CC(C)C(=O)OCC,True,"['fruity', 'green', 'cherry', 'musty', 'melon', 'berry', 'oily', 'tropical', 'pineapple', 'mint', 'sweet', 'pungent']",fruity;green;cherry;musty;melon;berry;oily;tropical;pineapple;mint;sweet;pungent,True,False
1111,MOL_001032,Hexyl butenoate,1617-25-0,1617-25-0,True,True,C/C=C/C(=O)OCCCCCC,C/C=C/C(=O)OCCCCCC,True,"['apple', 'fruity', 'pear', 'woody', 'pineapple']",apple;fruity;pear;woody;pineapple,True,False
2003,MOL_001033,Pentenoic acid,1617-32-9,1617-32-9,True,True,C/C=C/CC(=O)O,C/C=C/CC(=O)O,True,"['green', 'fruity', 'cheesy']",green;fruity;cheesy,True,False
3505,MOL_001034,ethyl (E)-2-methyl-2-pentenoate,1617-40-9,1617-40-9,True,True,CC\C=C(/C)\C(=O)OCC,CC/C=C(\C)C(=O)OCC,True,"['fruity', 'berry', 'rum']",fruity;berry;rum,True,False
205,MOL_001035,Bis-Methylthiomethane,1618-26-4,1618-26-4,True,True,CSCSC,CSCSC,True,"['meaty', 'alliaceous', 'onion', 'mushroom']",meaty;alliaceous;onion;mushroom,True,False
3506,MOL_001036,(R)-styralyl acetate,16197-92-5,16197-92-5,True,True,C[C@H](C1=CC=CC=C1)OC(=O)C,CC(=O)O[C@H](C)c1ccccc1,True,"['fruity', 'floral', 'jasmine', 'apricot', 'apple']",fruity;floral;jasmine;apricot;apple,True,False
3507,MOL_001037,hyacinth butanal,16251-77-7,16251-77-7,True,True,CC(CC=O)C1=CC=CC=C1,CC(CC=O)c1ccccc1,True,"['leafy', 'green', 'herbal', 'floral']",leafy;green;herbal;floral,True,False
3022,MOL_001038,Methoxypyridine,1628-89-3,1628-89-3,True,True,COc1ccccn1,COc1ccccn1,True,"['phenolic', 'smoky', 'burnt']",phenolic;smoky;burnt,True,False
2009,MOL_001039,Pentenone,1629-58-9,1629-58-9,True,True,C=CC(=O)CC,C=CC(=O)CC,True,"['alliaceous', 'pungent', 'radish']",alliaceous;pungent;radish,True,False
1072,MOL_001040,Hexenone,1629-60-3,1629-60-3,True,True,C=CC(=O)CCC,C=CC(=O)CCC,True,"['green', 'metallic']",green;metallic,True,False
2442,MOL_001041,Hydroxymethylhexanone,163038-04-8,163038-04-8,True,True,CCCCC(=O)CCO,CCCCC(=O)CCO,True,"['green', 'pungent', 'roasted', 'cheesy']",green;pungent;roasted;cheesy,True,False
905,MOL_001042,Fenchyl alcohol,1632-73-1,1632-73-1,True,True,CC1(C)[C@@H](O)[C@@]2(C)CC[C@@H]1C2,CC1(C)[C@@H]2CC[C@@](C)(C2)[C@@H]1O,True,"['camphoreous', 'sweet', 'citrus']",camphoreous;sweet;citrus,True,False
1444,MOL_001043,Methoxymethylpropane,1634-04-4,1634-04-4,True,True,COC(C)(C)C,COC(C)(C)C,True,"['winey', 'fresh', 'gasoline', 'ethereal']",winey;fresh;gasoline;ethereal,True,False
2545,MOL_001044,Dimethylhexenone,1635-02-5,1635-02-5,True,True,CC/C(C)=C(/C)C(C)=O,CC/C(C)=C(/C)C(C)=O,True,"['spicy', 'ketonic']",spicy;ketonic,True,False
2388,MOL_001045,Undecatriene,16356-11-9,16356-11-9,True,True,C=C/C=C/C=C/CCCCC,C=C/C=C/C=C/CCCCC,True,"['green', 'herbal']",green;herbal,True,False
991,MOL_001046,Heptanethiol,1639-09-4,1639-09-4,True,True,CCCCCCCS,CCCCCCCS,True,"['vegetable', 'meaty', 'fatty', 'savory', 'onion', 'sulfurous']",vegetable;meaty;fatty;savory;onion;sulfurous,True,False
2764,MOL_001047,Ethylhexyl hexanoate,16397-75-4,16397-75-4,True,True,CCCCCC(=O)OCC(CC)CCCC,CCCCCC(=O)OCC(CC)CCCC,True,"['fruity', 'herbal']",fruity;herbal,True,False
686,MOL_001048,Dodecenolactone,16400-72-9,16400-72-9,True,True,CCCCCCCC1CC=CC(=O)O1,CCCCCCCC1CC=CC(=O)O1,True,"['creamy', 'coconut', 'waxy', 'dairy', 'buttery']",creamy;coconut;waxy;dairy;buttery,True,False
2228,MOL_001049,Rose oxide,16409-43-1,16409-43-1,True,True,CC(C)=CC1CC(C)CCO1,CC(C)=CC1CC(C)CCO1,True,"['green', 'earthy', 'rose']",green;earthy;rose,True,False
1402,MOL_001050,Menthyl acetate,16409-45-3,16409-45-3,True,True,CC(=O)OC1CC(C)CCC1C(C)C,CC(=O)OC1CC(C)CCC1C(C)C,True,"['fruity', 'fresh', 'herbal', 'sweet', 'mint']",fruity;fresh;herbal;sweet;mint,True,False
1406,MOL_001051,Menthyl isovalerate,16409-46-4,16409-46-4,True,True,CC(C)CC(=O)OC1CC(C)CCC1C(C)C,CC(C)CC(=O)OC1CC(C)CCC1C(C)C,True,"['fruity', 'balsamic', 'mint', 'herbal']",fruity;balsamic;mint;herbal,True,False
3508,MOL_001052,(±)-geosmin,16423-19-1,16423-19-1,True,True,C[C@@H]1CCC[C@]2([C@]1(CCCC2)O)C,C[C@@H]1CCC[C@]2(C)CCCC[C@@]12O,True,"['earthy', 'animal']",earthy;animal,True,False
3509,MOL_001053,(E)-5-decenoic acid,16424-55-8,16424-55-8,True,True,CCCC/C=C/CCCC(=O)O,CCCC/C=C/CCCC(=O)O,True,"['milky', 'fatty']",milky;fatty,True,False
675,MOL_001054,Dodecalactone,16429-21-3,16429-21-3,True,True,CCCCCCC1CCCCC(=O)O1,CCCCCCC1CCCCC(=O)O1,True,"['fatty', 'milky', 'peach', 'apricot']",fatty;milky;peach;apricot,True,False
2844,MOL_001055,Octyl acetoacetate,16436-00-3,16436-00-3,True,True,CCCCCCCCOC(=O)CC(C)=O,CCCCCCCCOC(=O)CC(C)=O,True,"['caramellic', 'oily', 'fruity', 'fermented', 'waxy']",caramellic;oily;fruity;fermented;waxy,True,False
3510,MOL_001056,"5-acetyl-2,3-dihydro-1,4-thiazine",164524-93-0,164524-93-0,True,True,CC(=O)C1=CSCCN1,CC(=O)C1=CSCCN1,True,"['nutty', 'roasted', 'popcorn']",nutty;roasted;popcorn,True,False
3511,MOL_001057,tonka ketone,1646-26-0,1646-26-0,True,True,CC(=O)C1=CC2=CC=CC=C2O1,CC(=O)c1cc2ccccc2o1,True,"['sweet', 'coumarinic', 'floral', 'tropical', 'milky', 'honey']",sweet;coumarinic;floral;tropical;milky;honey,True,False
2517,MOL_001058,Hexadienyl isobutyrate,16491-24-0,16491-24-0,True,True,C/C=C/C=C\COC(=O)C(C)C,C/C=C/C=C\COC(=O)C(C)C,True,"['fruity', 'pineapple', 'sweet', 'tropical']",fruity;pineapple;sweet;tropical,True,False
2515,MOL_001059,Hexadienyl propionate,16491-25-1,16491-25-1,True,True,C/C=C/C=C\COC(=O)CC,C/C=C/C=C\COC(=O)CC,True,"['fruity', 'pineapple', 'sweet', 'winey']",fruity;pineapple;sweet;winey,True,False
3512,MOL_001060,(Z)-3-hexen-1-yl butyrate,16491-36-4,16491-36-4,True,True,CCCC(=O)OCC\C=C/CC,CC/C=C\CCOC(=O)CCC,True,"['fresh', 'apple', 'fruity', 'winey', 'metallic', 'buttery', 'green', 'vegetable', 'grape']",fresh;apple;fruity;winey;metallic;buttery;green;vegetable;grape,True,False
1954,MOL_001061,Octenyl butyrate,16491-54-6,16491-54-6,True,True,C=CC(CCCCC)OC(=O)CCC,C=CC(CCCCC)OC(=O)CCC,True,"['earthy', 'mushroom', 'buttery']",earthy;mushroom;buttery,True,False
875,MOL_001062,Ethyloctanoic acid,16493-80-4,16493-80-4,True,True,CCCC[C@@H](CC)CCC(=O)O,CCCC[C@@H](CC)CCC(=O)O,True,"['dairy', 'cheesy']",dairy;cheesy,True,False
3513,MOL_001063,laevo-linalyl acetate,16509-46-9,16509-46-9,True,True,CC(=CCC[C@](C)(C=C)OC(=O)C)C,C=C[C@@](C)(CCC=C(C)C)OC(C)=O,True,['green'],green,True,False
3257,MOL_001064,Cyclopropylmethylmethoxybenzene,16510-27-3,16510-27-3,True,True,COc1ccccc1CC1CC1,COc1ccccc1CC1CC1,True,['anisic'],anisic,True,False
3514,MOL_001065,2-nonanone propylene glycol acetal,165191-91-3,165191-91-3,True,True,CCCCCCCC1(OCC(O1)C)C,CCCCCCCC1(C)OCC(C)O1,True,"['fruity', 'floral', 'fatty', 'herbal']",fruity;floral;fatty;herbal,True,False
2386,MOL_001066,Undecanol,1653-30-1,1653-30-1,True,True,CCCCCCCCCC(C)O,CCCCCCCCCC(C)O,True,"['oily', 'fatty', 'fruity']",oily;fatty;fruity,True,False
3515,MOL_001067,2-(5-isopropyl-2-methyltetrahydro-2-thiophenyl)ethyl acetate,1658479-63-0,1658479-63-0,True,True,CC(C)C1CCC(S1)(C)CCOC(=O)C,CC(=O)OCCC1(C)CCC(C(C)C)S1,True,"['tropical', 'strawberry', 'vegetable']",tropical;strawberry;vegetable,True,False
2908,MOL_001068,Orivone,16587-71-6,16587-71-6,True,True,CCC(C)(C)C1CCC(=O)CC1,CCC(C)(C)C1CCC(=O)CC1,True,"['woody', 'camphoreous', 'orris']",woody;camphoreous;orris,True,False
2860,MOL_001069,Propyl cyclohexanepropionate,16595-06-5,16595-06-5,True,True,CCCOC(=O)CCC1CCCCC1,CCCOC(=O)CCC1CCCCC1,True,"['fruity', 'pear', 'pineapple', 'peach', 'sweet']",fruity;pear;pineapple;peach;sweet,True,False
1788,MOL_001070,Methylthiobutanal,16630-52-7,16630-52-7,True,True,CSC(C)CC=O,CSC(C)CC=O,True,"['green', 'potato', 'tomato', 'cheesy']",green;potato;tomato;cheesy,True,False
1812,MOL_001071,Methionyl acetate,16630-55-0,16630-55-0,True,True,CSCCCOC(C)=O,CSCCCOC(C)=O,True,"['green', 'herbal', 'mushroom']",green;herbal;mushroom,True,False
1813,MOL_001072,Methionyl butyrate,16630-60-7,16630-60-7,True,True,CCCC(=O)OCCCSC,CCCC(=O)OCCCSC,True,"['fruity', 'savory', 'tropical', 'sulfurous', 'pineapple', 'mushroom', 'cheesy']",fruity;savory;tropical;sulfurous;pineapple;mushroom;cheesy,True,False
2647,MOL_001073,Methional diethyl acetal,16630-61-8,16630-61-8,True,True,CCOC(CCSC)OCC,CCOC(CCSC)OCC,True,"['sulfurous', 'potato', 'cheesy']",sulfurous;potato;cheesy,True,False
1534,MOL_001074,Methyl methylthioacetate,16630-66-3,16630-66-3,True,True,COC(=O)CSC,COC(=O)CSC,True,"['vegetable', 'meaty', 'fruity', 'savory', 'tropical', 'sulfurous', 'cheesy']",vegetable;meaty;fruity;savory;tropical;sulfurous;cheesy,True,False
1061,MOL_001075,Hexenal,16635-54-4,16635-54-4,True,True,CCC/C=C\C=O,CCC/C=C\C=O,True,"['green', 'fruity', 'fresh', 'grassy']",green;fruity;fresh;grassy,True,False
1950,MOL_001076,Octenone,1669-44-9,1669-44-9,True,True,CCCC/C=C/C(C)=O,CCCC/C=C/C(C)=O,True,"['earthy', 'fruity', 'mushroom']",earthy;fruity;mushroom,True,False
48,MOL_001077,Acetylcyclopentanone,1670-46-8,1670-46-8,True,True,CC(=O)C1CCCC1=O,CC(=O)C1CCCC1=O,True,"['fruity', 'ketonic', 'caramellic', 'burnt']",fruity;ketonic;caramellic;burnt,True,False
2623,MOL_001078,Cyclohexanone diethyl acetal,1670-47-9,1670-47-9,True,True,CCOC1(OCC)CCCCC1,CCOC1(OCC)CCCCC1,True,"['alcoholic', 'ethereal', 'fruity', 'fermented', 'aromatic', 'rum']",alcoholic;ethereal;fruity;fermented;aromatic;rum,True,False
2932,MOL_001079,Isogeraniol,16750-94-0,16750-94-0,True,True,CC(C)=CC/C=C(/C)CCO,CC(C)=CC/C=C(/C)CCO,True,"['floral', 'rose']",floral;rose,True,False
3096,MOL_001080,Ethoxyacetophenone,1676-63-7,1676-63-7,True,True,CCOc1ccc(C(C)=O)cc1,CCOc1ccc(C(C)=O)cc1,True,"['hay', 'sharp', 'anisic', 'aromatic', 'floral']",hay;sharp;anisic;aromatic;floral,True,False
421,MOL_001081,Cyclopentanethiol,1679-07-8,1679-07-8,True,True,SC1CCCC1,SC1CCCC1,True,"['meaty', 'garlic', 'onion', 'burnt', 'horseradish', 'vegetable']",meaty;garlic;onion;burnt;horseradish;vegetable,True,False
1602,MOL_001082,Methylbutanethiol,1679-09-0,1679-09-0,True,True,CCC(C)(C)S,CCC(C)(C)S,True,"['sulfurous', 'catty']",sulfurous;catty,True,False
3010,MOL_001083,Methylbutyrolactone,1679-47-6,1679-47-6,True,True,CC1CCOC1=O,CC1CCOC1=O,True,"['hay', 'coconut', 'coumarinic']",hay;coconut;coumarinic,True,False
3077,MOL_001084,Methyl decanethioate,1680-29-1,1680-29-1,True,True,CCCCCCCCCC(=S)OC,CCCCCCCCCC(=S)OC,True,['cabbage'],cabbage,True,False
3098,MOL_001085,Pinocarvone,16812-40-1,16812-40-1,True,True,C=C1C(=O)CC2CC1C2(C)C,C=C1C(=O)CC2CC1C2(C)C,True,"['camphoreous', 'mint']",camphoreous;mint,True,False
3033,MOL_001086,Pinene oxide,1686-14-2,1686-14-2,True,True,CC1(C)C2CC3OC3(C)C1C2,CC1(C)C2CC3OC3(C)C1C2,True,"['pine', 'fresh', 'sweet']",pine;fresh;sweet,True,False
2491,MOL_001087,Tetradecenal,169054-69-7,169054-69-7,True,True,CCCCC/C=C\CCCCCCC=O,CCCCC/C=C\CCCCCCC=O,True,"['citrus', 'fruity', 'fatty', 'fresh', 'orange', 'sweet']",citrus;fruity;fatty;fresh;orange;sweet,True,False
2516,MOL_001088,Hexadienyl butyrate,16930-93-1,16930-93-1,True,True,C/C=C/C=C/COC(=O)CCC,C/C=C/C=C/COC(=O)CCC,True,"['buttery', 'dairy', 'cheesy']",buttery;dairy;cheesy,True,False
1131,MOL_001089,Hexyl tiglate,16930-96-4,16930-96-4,True,True,C/C=C(\C)C(=O)OCCCCCC,C/C=C(\C)C(=O)OCCCCCC,True,"['green', 'fruity', 'fresh']",green;fruity;fresh,True,False
1012,MOL_001090,Heptenyl acetate,16939-73-4,16939-73-4,True,True,CCCC/C=C/COC(C)=O,CCCC/C=C/COC(C)=O,True,"['green', 'fruity', 'fatty', 'tropical', 'waxy', 'pineapple', 'sweet']",green;fruity;fatty;tropical;waxy;pineapple;sweet,True,False
3079,MOL_001091,Butyl acetoacetate,1694-31-1,1694-31-1,True,True,CC(=O)CC(=O)OC(C)(C)C,CC(=O)CC(=O)OC(C)(C)C,True,"['fermented', 'fruity', 'caramellic', 'brandy']",fermented;fruity;caramellic;brandy,True,False
3516,MOL_001092,(E)-2-methyl-2-pentenoic acid,16957-70-3,16957-70-3,True,True,CC/C=C(\C)/C(=O)O,CC/C=C(\C)C(=O)O,True,"['fruity', 'strawberry', 'woody']",fruity;strawberry;woody,True,False
3125,MOL_001093,Methylmethyleneoctadienal,17015-30-4,17015-30-4,True,True,CC=C(C=CC=CC=O)CC,CC=C(C=CC=CC=O)CC,True,"['green', 'fruity', 'fresh']",green;fruity;fresh,True,False
865,MOL_001094,Ethylmethylfuran,1703-52-2,1703-52-2,True,True,CCc1ccc(C)o1,CCc1ccc(C)o1,True,"['fresh', 'gasoline', 'burnt', 'ethereal']",fresh;gasoline;burnt;ethereal,True,False
1423,MOL_001095,Mercaptopentanone,17042-24-9,17042-24-9,True,True,CCC(=O)C(C)S,CCC(=O)C(C)S,True,"['roasted', 'catty', 'onion', 'sulfurous', 'grapefruit']",roasted;catty;onion;sulfurous;grapefruit,True,False
2649,MOL_001096,Methyl diphenyl ether,1706-12-3,1706-12-3,True,True,Cc1ccc(Oc2ccccc2)cc1,Cc1ccc(Oc2ccccc2)cc1,True,"['green', 'rose', 'metallic']",green;rose;metallic,True,False
3517,MOL_001097,heptanal cyclic ethylene acetal,1708-34-5,1708-34-5,True,True,CCCCCCC1OCCO1,CCCCCCC1OCCO1,True,"['fresh', 'green', 'woody', 'floral', 'oily', 'solvent', 'fatty']",fresh;green;woody;floral;oily;solvent;fatty,True,False
3518,MOL_001098,heptanal glyceryl acetal,1708-35-6,1708-35-6,True,True,CCCCCCC1OCC(O1)CO,CCCCCCC1OCC(CO)O1,True,"['earthy', 'mushroom', 'musty', 'green', 'sweet']",earthy;mushroom;musty;green;sweet,True,False
988,MOL_001099,Heptanal glyceryl acetal isomer,1708-36-7,1708-36-7,True,True,CCCCCCC1OCC(O)CO1,CCCCCCC1OCC(O)CO1,True,"['earthy', 'musty', 'herbal']",earthy;musty;herbal,True,False
3117,MOL_001100,Heptenol,1708-81-2,1708-81-2,True,True,CCC/C=C\CCO,CCC/C=C\CCO,True,"['grassy', 'green', 'melon', 'herbal', 'floral']",grassy;green;melon;herbal;floral,True,False
3519,MOL_001101,3-hexenyl acetate,1708-82-3,1708-82-3,True,True,O=C(OCCC=CCC)C,CCC=CCCOC(C)=O,True,"['green', 'fruity', 'banana', 'apple']",green;fruity;banana;apple,True,False
3520,MOL_001102,"(E,E)-2,4-hexadien-1-ol",17102-64-6,17102-64-6,True,True,C\C=C\C=C\CO,C/C=C/C=C/CO,True,"['fresh', 'green', 'herbal']",fresh;green;herbal,True,False
3226,MOL_001103,Isopropylideneglyceryl hydroxydecanoate,172201-58-0,172201-58-0,True,True,CCCCCCCCC(O)C(=O)OC(=C(C)C)C(O)CO,CCCCCCCCC(O)C(=O)OC(=C(C)C)C(O)CO,True,"['fatty', 'peach', 'sweet']",fatty;peach;sweet,True,False
3118,MOL_001104,Cyclododecanol,1724-39-6,1724-39-6,True,True,OC1CCCCCCCCCCC1,OC1CCCCCCCCCCC1,True,"['woody', 'camphoreous', 'earthy']",woody;camphoreous;earthy,True,False
3521,MOL_001105,musk nonane,1725-01-5,1725-01-5,True,True,C1CCCCOCCCCCCOC(=O)CCC1,O=C1CCCCCCCCOCCCCCCO1,True,"['sweet', 'musk', 'oily', 'fruity', 'animal', 'floral']",sweet;musk;oily;fruity;animal;floral,True,False
2463,MOL_001106,Pseudocyclocitral,1726-47-2,1726-47-2,True,True,CC1=CC(C)(C)C(C=O)CC1,CC1=CC(C)(C)C(C=O)CC1,True,"['green', 'herbal']",green;herbal,True,False
3522,MOL_001107,alpha-campholene acetate,1727-68-0,1727-68-0,True,True,CC1=CCC(C1(C)C)CCOC(=O)C,CC(=O)OCCC1CC=C(C)C1(C)C,True,"['sweet', 'woody', 'floral', 'violet']",sweet;woody;floral;violet,True,False
542,MOL_001108,Dihydroionone,17283-81-7,17283-81-7,True,True,CC(=O)CCC1=C(C)CCCC1(C)C,CC(=O)CCC1=C(C)CCCC1(C)C,True,"['fruity', 'orris', 'woody', 'floral']",fruity;orris;woody;floral,True,False
3523,MOL_001109,(S)-2-methyl butyraldehyde,1730-97-8,1730-97-8,True,True,CC[C@H](C)C=O,CC[C@H](C)C=O,True,"['fresh', 'fruity', 'cocoa', 'coffee']",fresh;fruity;cocoa;coffee,True,False
2396,MOL_001110,Undecyl acetate,1731-81-3,1731-81-3,True,True,CCCCCCCCCCCOC(C)=O,CCCCCCCCCCCOC(C)=O,True,"['oily', 'fatty', 'waxy', 'rose']",oily;fatty;waxy;rose,True,False
1542,MOL_001111,Methyl nonanoate,1731-84-6,1731-84-6,True,True,CCCCCCCCC(=O)OC,CCCCCCCCC(=O)OC,True,"['green', 'fruity', 'nutty', 'coconut', 'winey']",green;fruity;nutty;coconut;winey,True,False
1578,MOL_001112,Methyl undecanoate,1731-86-8,1731-86-8,True,True,CCCCCCCCCCC(=O)OC,CCCCCCCCCCC(=O)OC,True,"['oily', 'fatty', 'waxy', 'winey', 'sweet']",oily;fatty;waxy;winey;sweet,True,False
2826,MOL_001113,Methyl tridecanoate,1731-88-0,1731-88-0,True,True,CCCCCCCCCCCCC(=O)OC,CCCCCCCCCCCCC(=O)OC,True,"['oily', 'fatty', 'waxy']",oily;fatty;waxy,True,False
1322,MOL_001114,Isopropyl tiglate,1733-25-1,1733-25-1,True,True,CC(C)=CC(=O)OC(C)C,CC(C)=CC(=O)OC(C)C,True,"['green', 'vegetable', 'chamomile', 'sweet', 'mint']",green;vegetable;chamomile;sweet;mint,True,False
1593,MOL_001115,Methylbenzyl acetate,17369-57-2,17369-57-2,True,True,CC(=O)OCc1cccc(C)c1,CC(=O)OCc1cccc(C)c1,True,"['fruity', 'cherry', 'sweet']",fruity;cherry;sweet,True,False
2195,MOL_001116,Propylidenephthalide,17369-59-4,17369-59-4,True,True,CC/C=C1\OC(=O)c2ccccc21,CC/C=C1\OC(=O)c2ccccc21,True,"['spicy', 'warm', 'herbal']",spicy;warm;herbal,True,False
2294,MOL_001117,Tetramethylethylcyclohexenone (mixture of isomers),17369-60-7,17369-60-7,True,True,CCC1(C)CC(=O)C(C)=C(C)C1C,CCC1(C)CC(=O)C(C)=C(C)C1C,True,"['creamy', 'caramellic', 'fruity', 'nutty']",creamy;caramellic;fruity;nutty,True,False
3524,MOL_001118,"5-ethyl-3,4,5,6-tetramethyl cyclohexen-2-one",17369-61-8,17369-61-8,True,True,CCC1(C(C(=CC(=O)C1C)C)C)C,CCC1(C)C(C)C(=O)C=C(C)C1C,True,"['warm', 'caramellic', 'fruity', 'spicy']",warm;caramellic;fruity;spicy,True,False
264,MOL_001119,Butyl ethyl malonate,17373-84-1,17373-84-1,True,True,CCCCOC(=O)CC(=O)OCC,CCCCOC(=O)CC(=O)OCC,True,"['green', 'oily', 'apple', 'winey']",green;oily;apple;winey,True,False
1137,MOL_001120,Hexylidenecyclopentanone,17373-89-6,17373-89-6,True,True,CCCCCC=C1CCCC1=O,CCCCCC=C1CCCC1=O,True,"['green', 'fruity', 'jasmine', 'herbal', 'floral']",green;fruity;jasmine;herbal;floral,True,False
1592,MOL_001121,Methylbenzyl acetate,17373-93-2,17373-93-2,True,True,CC(=O)OCc1ccccc1C,CC(=O)OCc1ccccc1C,True,"['fruity', 'cherry', 'floral', 'sweet']",fruity;cherry;floral;sweet,True,False
1220,MOL_001122,Isobutanal diethyl acetal,1741-41-9,1741-41-9,True,True,CCOC(OCC)C(C)C,CCOC(OCC)C(C)C,True,"['apple', 'ethereal', 'malty', 'green', 'fruity', 'fermented']",apple;ethereal;malty;green;fruity;fermented,True,False
2068,MOL_001123,Phenylbutenol,17488-65-2,17488-65-2,True,True,CC(O)/C=C/c1ccccc1,CC(O)/C=C/c1ccccc1,True,"['fruity', 'balsamic', 'floral', 'sweet']",fruity;balsamic;floral;sweet,True,False
2881,MOL_001124,Tricyclodecenyl propionate,17511-60-3,17511-60-3,True,True,CCC(=O)OC1CC2CC1C1CC=CC21,CCC(=O)OC1CC2CC1C1CC=CC21,True,"['fresh', 'herbal']",fresh;herbal,True,False
3525,MOL_001125,methyl (E)-cinnamate,1754-62-7,1754-62-7,True,True,COC(=O)/C=C/C1=CC=CC=C1,COC(=O)/C=C/c1ccccc1,True,"['sweet', 'balsamic', 'strawberry', 'cherry']",sweet;balsamic;strawberry;cherry,True,False
1860,MOL_001126,Nonadienal,17587-33-6,17587-33-6,True,True,CC/C=C/CC/C=C/C=O,CC/C=C/CC/C=C/C=O,True,"['green', 'fatty', 'violet', 'leafy', 'vegetable', 'cucumber']",green;fatty;violet;leafy;vegetable;cucumber,True,False
3526,MOL_001127,vinyl sulfurol,1759-28-0,1759-28-0,True,True,CC1=C(SC=N1)C=C,C=Cc1scnc1C,True,"['musty', 'nutty', 'earthy', 'vegetable', 'cocoa', 'spicy']",musty;nutty;earthy;vegetable;cocoa;spicy,True,False
3527,MOL_001128,hexoxyacetaldehyde dimethyl acetal,17597-95-4,17597-95-4,True,True,CCCCCCOCC(OC)OC,CCCCCCOCC(OC)OC,True,"['fresh', 'green', 'leafy', 'sweet', 'floral', 'fruity']",fresh;green;leafy;sweet;floral;fruity,True,False
703,MOL_001129,Ethoxymethoxybenzene,17600-72-5,17600-72-5,True,True,CCOc1ccccc1OC,CCOc1ccccc1OC,True,"['creamy', 'earthy', 'vanilla', 'nutty', 'phenolic', 'sweet']",creamy;earthy;vanilla;nutty;phenolic;sweet,True,False
1568,MOL_001130,Methyl propyl trisulfide,17619-36-2,17619-36-2,True,True,CCCSSSC,CCCSSSC,True,"['green', 'garlic', 'onion', 'sweet']",green;garlic;onion;sweet,True,False
2202,MOL_001131,Propylthiazole,17626-75-4,17626-75-4,True,True,CCCc1nccs1,CCCc1nccs1,True,"['green', 'vegetable', 'nutty', 'herbal']",green;vegetable;nutty;herbal,True,False
207,MOL_001132,Bisabolene,17627-44-0,17627-44-0,True,True,CC(C)=CC/C=C(\C)C1CC=C(C)CC1,CC(C)=CC/C=C(\C)C1CC=C(C)CC1,True,"['citrus', 'tropical', 'woody', 'balsamic', 'floral', 'sweet']",citrus;tropical;woody;balsamic;floral;sweet,True,False
3528,MOL_001133,(S)-4-methyl-1-hexanol,1767-46-0,1767-46-0,True,True,CC[C@H](C)CCCO,CC[C@H](C)CCCO,True,"['spicy', 'nutty', 'green', 'sour']",spicy;nutty;green;sour,True,False
3529,MOL_001134,(-)-alpha-cubebene,17699-14-8,17699-14-8,True,True,CC1CCC(C2C13C2C(=CC3)C)C(C)C,CC1=CCC23C(C)CCC(C(C)C)C2C13,True,"['herbal', 'waxy']",herbal;waxy,True,False
3211,MOL_001135,Hexenoic acid,1775-43-5,1775-43-5,True,True,CC/C=C\CC(=O)O,CC/C=C\CC(=O)O,True,"['grassy', 'green', 'fruity', 'melon', 'cheesy']",grassy;green;fruity;melon;cheesy,True,False
2859,MOL_001136,Propyl acetoacetate,1779-60-8,1779-60-8,True,True,CCCOC(=O)CC(C)=O,CCCOC(=O)CC(C)=O,True,"['apple', 'caramellic', 'fruity', 'fermented', 'brandy']",apple;caramellic;fruity;fermented;brandy,True,False
1846,MOL_001137,Nerol oxide,1786-08-9,1786-08-9,True,True,CC(C)=CC1CC(C)=CCO1,CC(C)=CC1CC(C)=CCO1,True,"['green', 'floral']",green;floral,True,False
2241,MOL_001138,Sinensal,17909-77-2,17909-77-2,True,True,C=C/C(C)=C/C/C=C(\C)CC/C=C(\C)C=O,C=C/C(C)=C/C/C=C(\C)CC/C=C(\C)C=O,True,['orange'],orange,True,False
3132,MOL_001139,Methylthiolane,1795-09-1,1795-09-1,True,True,CC1CCCS1,CC1CCCS1,True,"['sulfurous', 'alliaceous', 'savory']",sulfurous;alliaceous;savory,True,False
3530,MOL_001140,(R)-(+)-menthofuran,17957-94-7,17957-94-7,True,True,C[C@@H]1CCC2=C(C1)OC=C2C,Cc1coc2c1CC[C@@H](C)C2,True,"['mint', 'leafy', 'herbal', 'camphoreous']",mint;leafy;herbal;camphoreous,True,False
78,MOL_001141,Allyl phenylacetate,1797-74-6,1797-74-6,True,True,C=CCOC(=O)Cc1ccccc1,C=CCOC(=O)Cc1ccccc1,True,"['honey', 'pineapple', 'fruity', 'sweet']",honey;pineapple;fruity;sweet,True,False
3531,MOL_001142,(Z)-abienol,17990-16-8,17990-16-8,True,True,C/C(=C/C[C@@H]1[C@]2(CCCC([C@@H]2CC[C@@]1(C)O)(C)C)C)/C=C,C=C/C(C)=C\C[C@@H]1[C@@]2(C)CCCC(C)(C)[C@@H]2CC[C@@]1(C)O,True,"['woody', 'balsamic', 'musk']",woody;balsamic;musk,True,False
914,MOL_001143,Furanmethylthiopentanone,180031-78-1,180031-78-1,True,True,CC(=O)CC(C)SCc1ccco1,CC(=O)CC(C)SCc1ccco1,True,"['meaty', 'roasted', 'burnt', 'coffee', 'chocolate']",meaty;roasted;burnt;coffee;chocolate,True,False
2017,MOL_001144,Pentylpyridine,1802-20-6,1802-20-6,True,True,CCCCCc1cccnc1,CCCCCc1cccnc1,True,"['green', 'earthy']",green;earthy,True,False
3163,MOL_001145,Perillaldehyde,18031-40-8,18031-40-8,True,True,C=C(C)[C@@H]1CC=C(C=O)CC1,C=C(C)[C@@H]1CC=C(C=O)CC1,True,"['spicy', 'fatty', 'herbal']",spicy;fatty;herbal,True,False
2833,MOL_001146,Methylhexyl acetate,180348-60-1,180348-60-1,True,True,CC(=O)OCCCCC(C)C,CC(=O)OCCCCC(C)C,True,"['green', 'fruity']",green;fruity,True,False
2577,MOL_001147,Pentenyl isothiocyanate,18060-79-2,18060-79-2,True,True,C=CCCCN=C=S,C=CCCCN=C=S,True,"['green', 'pungent']",green;pungent,True,False
3532,MOL_001148,indoletal,18096-62-3,18096-62-3,True,True,C1C2COCOC2C3=CC=CC=C31,c1ccc2c(c1)CC1COCOC21,True,"['animal', 'earthy', 'jasmine']",animal;earthy;jasmine,True,False
3533,MOL_001149,vanillin menthoxypropane diol acetal,180964-47-0,180964-47-0,True,True,CC1CCC(C(C1)OCC2COC(O2)C3=CC(=C(C=C3)O)OC)C(C)C,COc1cc(C2OCC(COC3CC(C)CCC3C(C)C)O2)ccc1O,True,"['mint', 'vanilla']",mint;vanilla,True,False
3534,MOL_001150,diacetyl trimer,18114-49-3,18114-49-3,True,True,CC(=O)C1(CC2(C(O1)(OC(O2)(C)C(=O)C)C)O)C,CC(=O)C1(C)CC2(O)OC(C)(C(C)=O)OC2(C)O1,True,"['buttery', 'roasted']",buttery;roasted,True,False
3535,MOL_001151,marine hexane,181258-87-7,181258-87-7,True,True,CCO[C@@H]1CC[C@@H](CC1)C(C)(C)CC,CCO[C@H]1CC[C@@H](C(C)(C)CC)CC1,True,"['fresh', 'green', 'vegetable']",fresh;green;vegetable,True,False
3536,MOL_001152,cyclamen propanal,18127-01-0,18127-01-0,True,True,CC(C)(C)C1=CC=C(C=C1)CCC=O,CC(C)(C)c1ccc(CCC=O)cc1,True,"['fresh', 'floral', 'sweet']",fresh;floral;sweet,True,False
2199,MOL_001153,Propylpyrazine,18138-03-9,18138-03-9,True,True,CCCc1cnccn1,CCCc1cnccn1,True,"['green', 'nutty']",green;nutty,True,False
517,MOL_001154,Diethylmethylpyrazine,18138-04-0,18138-04-0,True,True,CCc1ncc(C)nc1CC,CCc1ncc(C)nc1CC,True,"['roasted', 'meaty', 'nutty', 'hazelnut', 'chocolate']",roasted;meaty;nutty;hazelnut;chocolate,True,False
519,MOL_001155,Diethylmethylpyrazine,18138-05-1,18138-05-1,True,True,CCc1cnc(C)c(CC)n1,CCc1cnc(C)c(CC)n1,True,"['green', 'earthy', 'nutty', 'cocoa']",green;earthy;nutty;cocoa,True,False
3537,MOL_001156,laevo-beta-pinene,18172-67-3,18172-67-3,True,True,CC1(C2CCC1C(=C)C2)C,C=C1CC2CCC1C2(C)C,True,"['dry', 'woody', 'fresh', 'pine', 'hay', 'green', 'balsamic']",dry;woody;fresh;pine;hay;green;balsamic,True,False
3538,MOL_001157,isopropyl anthranilate,18189-02-1,18189-02-1,True,True,CC(C)OC(=O)C1=CC=CC=C1N,CC(C)OC(=O)c1ccccc1N,True,"['floral', 'honey']",floral;honey,True,False
3539,MOL_001158,decyl anthranilate,18189-07-6,18189-07-6,True,True,CCCCCCCCCCOC(=O)C1=CC=CC=C1N,CCCCCCCCCCOC(=O)c1ccccc1N,True,"['floral', 'grape']",floral;grape,True,False
3102,MOL_001159,Phenylbutanoic acid,1821-12-1,1821-12-1,True,True,O=C(O)CCCc1ccccc1,O=C(O)CCCc1ccccc1,True,"['honey', 'floral', 'sweet']",honey;floral;sweet,True,False
3540,MOL_001160,wine lactone,182699-77-0,182699-77-0,True,True,C[C@@H]1[C@H]2CCC(=C[C@H]2OC1=O)C,CC1=C[C@H]2OC(=O)[C@H](C)[C@H]2CC1,True,"['coconut', 'herbal', 'spicy', 'sweet']",coconut;herbal;spicy;sweet,True,False
1762,MOL_001161,Methylpropylthiazole,18277-27-5,18277-27-5,True,True,CCC(C)c1nccs1,CCC(C)c1nccs1,True,"['green', 'tomato', 'herbal', 'leafy', 'vegetable']",green;tomato;herbal;leafy;vegetable,True,False
1058,MOL_001162,Hexenal dimethyl acetal,18318-83-7,18318-83-7,True,True,CCC/C=C/C(OC)OC,CCC/C=C/C(OC)OC,True,"['green', 'fruity', 'apple']",green;fruity;apple,True,False
1290,MOL_001163,Isopinocamphone,18358-53-7,18358-53-7,True,True,CC1C(=O)C2CC1C(C)(C)C2,CC1C(=O)C2CC1C(C)(C)C2,True,"['pine', 'camphoreous', 'herbal']",pine;camphoreous;herbal,True,False
1323,MOL_001164,Isopropyl valerate,18362-97-5,18362-97-5,True,True,CCCCC(=O)OC(C)C,CCCCC(=O)OC(C)C,True,"['apple', 'ethereal', 'fruity', 'winey', 'brandy']",apple;ethereal;fruity;winey;brandy,True,False
888,MOL_001165,Ethyltrimethylnorbornanol,18368-91-7,18368-91-7,True,True,CCC1(O)C2(C)CCC(C2)C1(C)C,CCC1(O)C2(C)CCC(C2)C1(C)C,True,"['earthy', 'musty']",earthy;musty,True,False
3541,MOL_001166,para-menthatriene,18368-95-1,18368-95-1,True,True,CC1=CC=C(CC1)C(=C)C,C=C(C)C1=CC=C(C)CC1,True,"['pine', 'camphoreous', 'herbal', 'woody', 'oily', 'mint', 'tropical']",pine;camphoreous;herbal;woody;oily;mint;tropical,True,False
3542,MOL_001167,"(3S,5R,8S)-3,8-dimethyl-5-prop-1-en-2-yl-3,4,5,6,7,8-hexahydro-2H-azulen-1-one",18374-76-0,18374-76-0,True,True,C[C@H]1CC[C@H](CC2=C1C(=O)C[C@@H]2C)C(=C)C,C=C(C)[C@@H]1CC[C@H](C)C2=C(C1)[C@@H](C)CC2=O,True,"['woody', 'spicy']",woody;spicy,True,False
2673,MOL_001168,Allyl formate,1838-59-1,1838-59-1,True,True,C=CCOC=O,C=CCOC=O,True,"['fruity', 'pungent', 'ethereal']",fruity;pungent;ethereal,True,False
3543,MOL_001169,2-methyl-2-pentenyl acetate,1838-88-6,1838-88-6,True,True,CC/C=C(\C)/COC(=O)C,CC/C=C(\C)COC(C)=O,True,"['pear', 'melon', 'banana', 'fruity']",pear;melon;banana;fruity,True,False
337,MOL_001170,Carvone oxide,18383-49-8,18383-49-8,True,True,C=C(C)[C@H]1CC(=O)[C@@]2(C)O[C@H]2C1,C=C(C)[C@H]1CC(=O)[C@@]2(C)O[C@H]2C1,True,['ethereal'],ethereal,True,False
1942,MOL_001171,Octenol,18409-17-1,18409-17-1,True,True,CCCCC/C=C/CO,CCCCC/C=C/CO,True,"['citrus', 'green', 'oily', 'fatty', 'cucumber']",citrus;green;oily;fatty;cucumber,True,False
3544,MOL_001172,(E)-2-decen-1-ol,18409-18-2,18409-18-2,True,True,CCCCCCC/C=C/CO,CCCCCCC/C=C/CO,True,"['waxy', 'fresh', 'citrus', 'rose', 'rum', 'herbal']",waxy;fresh;citrus;rose;rum;herbal,True,False
1919,MOL_001173,Octadienol,18409-20-6,18409-20-6,True,True,CCC/C=C/C=C/CO,CCC/C=C/C=C/CO,True,"['fatty', 'chicken', 'melon']",fatty;chicken;melon,True,False
434,MOL_001174,Decadienol,18409-21-7,18409-21-7,True,True,CCCCC/C=C/C=C/CO,CCCCC/C=C/C=C/CO,True,"['fatty', 'chicken']",fatty;chicken,True,False
2643,MOL_001175,Isovaleraldehyde propylene glycol acetal (cis & trans),18433-93-7,18433-93-7,True,True,CC(C)CC1OCC(C)O1,CC(C)CC1OCC(C)O1,True,"['creamy', 'ethereal', 'malty', 'fruity', 'cocoa', 'fermented', 'dairy']",creamy;ethereal;malty;fruity;cocoa;fermented;dairy,True,False
3545,MOL_001176,"2-propyl-3,6-dimethyl pyrazine",18433-97-1,18433-97-1,True,True,CCCC1=NC(=CN=C1C)C,CCCc1nc(C)cnc1C,True,"['hazelnut', 'nutty']",hazelnut;nutty,True,False
3546,MOL_001177,alpha-decalactone,18436-37-8,18436-37-8,True,True,CCCCCCC1CCOC1=O,CCCCCCC1CCOC1=O,True,"['floral', 'sweet', 'grassy', 'fruity', 'green', 'coconut']",floral;sweet;grassy;fruity;green;coconut,True,False
279,MOL_001178,Butyl lactate,18449-60-0,18449-60-0,True,True,CCC(C)OC(=O)C(C)O,CCC(C)OC(=O)C(C)O,True,"['caramellic', 'fruity', 'dairy', 'sweet', 'buttery']",caramellic;fruity;dairy;sweet;buttery,True,False
3547,MOL_001179,"6,7-dihydrolinalool",18479-49-7,18479-49-7,True,True,CC(C)CCCC(C)(C=C)O,C=CC(C)(O)CCCC(C)C,True,"['woody', 'citrus', 'camphoreous']",woody;citrus;camphoreous,True,False
3548,MOL_001180,dihydrolinalool,18479-51-1,18479-51-1,True,True,CCC(C)(CCC=C(C)C)O,CCC(C)(O)CCC=C(C)C,True,"['woody', 'citrus', 'berry', 'green']",woody;citrus;berry;green,True,False
3549,MOL_001181,muguet octadienol,18479-54-4,18479-54-4,True,True,CCC(C)(C=CC=C(C)C)O,CCC(C)(O)C=CC=C(C)C,True,"['sweet', 'floral', 'fresh', 'citrus']",sweet;floral;fresh;citrus,True,False
2941,MOL_001182,Tetrahydromyrcenol,18479-57-7,18479-57-7,True,True,CCC(C)CCCC(C)(C)O,CCC(C)CCCC(C)(C)O,True,"['floral', 'citrus']",floral;citrus,True,False
548,MOL_001183,Dihydromyrcenol,18479-58-8,18479-58-8,True,True,C=CC(C)CCCC(C)(C)O,C=CC(C)CCCC(C)(C)O,True,"['floral', 'citrus', 'fresh', 'herbal']",floral;citrus;fresh;herbal,True,False
3111,MOL_001184,Menthenol,18479-68-0,18479-68-0,True,True,CC1=CCC(C(C)CO)CC1,CC1=CCC(C(C)CO)CC1,True,"['fruity', 'herbal']",fruity;herbal,True,False
435,MOL_001185,Decadienol,18485-38-6,18485-38-6,True,True,CCCCCCC/C=C/C=C/CO,CCCCCCC/C=C/C=C/CO,True,"['fatty', 'chicken']",fatty;chicken,True,False
3550,MOL_001186,(1R)-(-)-myrtenal,18486-69-6,18486-69-6,True,True,CC1([C@H]2CC1CC=C2C=O)C,CC1(C)C2CC=C(C=O)[C@@H]1C2,True,"['spicy', 'cinnamon', 'coumarinic', 'pine', 'camphoreous', 'fruity']",spicy;cinnamon;coumarinic;pine;camphoreous;fruity,True,False
999,MOL_001187,Heptenal diethyl acetal,18492-65-4,18492-65-4,True,True,CC/C=C\CCC(OCC)OCC,CC/C=C\CCC(OCC)OCC,True,"['green', 'fruity', 'tropical']",green;fruity;tropical,True,False
3551,MOL_001188,georgywood,185429-83-8,185429-83-8,True,True,CC1C2=C(CCCC2(C)C)CCC1(C)C(=O)C,CC(=O)C1(C)CCC2=C(C1C)C(C)(C)CCC2,True,"['woody', 'balsamic', 'floral']",woody;balsamic;floral,True,False
3552,MOL_001189,asaricin,18607-93-7,18607-93-7,True,True,COC1=CC2=C(C=C1CC=C)OCO2,C=CCc1cc2c(cc1OC)OCO2,True,['spicy'],spicy,True,False
3553,MOL_001190,methyl nerate,1862-61-9,1862-61-9,True,True,O=C(OC)\C=C(/CC/C=C(\C)C)C,COC(=O)/C=C(/C)CCC=C(C)C,True,"['floral', 'herbal', 'citrus', 'fruity', 'green']",floral;herbal;citrus;fruity;green,True,False
1266,MOL_001191,Isobutylthiazole,18640-74-9,18640-74-9,True,True,CC(C)Cc1nccs1,CC(C)Cc1nccs1,True,"['green', 'leafy', 'tomato']",green;leafy;tomato,True,False
82,MOL_001192,Allyl cinnamate,1866-31-5,1866-31-5,True,True,C=CCOC(=O)/C=C/c1ccccc1,C=CCOC(=O)/C=C/c1ccccc1,True,"['spicy', 'apricot', 'fruity', 'balsamic', 'peach', 'sweet']",spicy;apricot;fruity;balsamic;peach;sweet,True,False
1270,MOL_001193,Isodihydrocarveol,18675-35-9,18675-35-9,True,True,C=C(C)[C@H]1CC[C@@H](C)[C@H](O)C1,C=C(C)[C@H]1CC[C@@H](C)[C@H](O)C1,True,"['herbal', 'musty', 'mint']",herbal;musty;mint,True,False
687,MOL_001194,Dodecenolide,18679-18-0,18679-18-0,True,True,CCCCC/C=C\CC1CCC(=O)O1,CCCCC/C=C\CC1CCC(=O)O1,True,"['creamy', 'fatty', 'waxy', 'dairy', 'peach', 'buttery']",creamy;fatty;waxy;dairy;peach;buttery,True,False
1941,MOL_001195,Octenoic acid,1871-67-6,1871-67-6,True,True,CCCCC/C=C/C(=O)O,CCCCC/C=C/C(=O)O,True,"['creamy', 'fatty', 'chicken', 'waxy', 'dairy', 'musty']",creamy;fatty;chicken;waxy;dairy;musty,True,False
2938,MOL_001196,Methylheptanol,18720-65-5,18720-65-5,True,True,CCC(C)CC(O)CC,CCC(C)CC(O)CC,True,"['alcoholic', 'oily', 'fruity', 'fermented', 'floral']",alcoholic;oily;fruity;fermented;floral,True,False
2937,MOL_001197,Methylheptanol,18720-66-6,18720-66-6,True,True,CCC(O)CCC(C)C,CCC(O)CCC(C)C,True,"['oily', 'floral']",oily;floral,True,False
887,MOL_001198,Ethylthiopropanol,18721-61-4,18721-61-4,True,True,CCSCCCO,CCSCCCO,True,"['sulfurous', 'potato', 'vegetable']",sulfurous;potato;vegetable,True,False
3554,MOL_001199,hawthorn ethanol,1875-89-4,1875-89-4,True,True,CC1=CC(=CC=C1)CCO,Cc1cccc(CCO)c1,True,"['floral', 'rose', 'jasmine', 'woody']",floral;rose;jasmine;woody,True,False
3101,MOL_001200,Octenoic acid,18776-92-6,18776-92-6,True,True,CCC/C=C/CCC(=O)O,CCC/C=C/CCC(=O)O,True,"['green', 'oily', 'fatty', 'fruity', 'waxy', 'dairy']",green;oily;fatty;fruity;waxy;dairy,True,False
1601,MOL_001201,Methylbutanethiol,1878-18-8,1878-18-8,True,True,CCC(C)CS,CCC(C)CS,True,['sulfurous'],sulfurous,True,False
1139,MOL_001202,Hexylthiophene,18794-77-9,18794-77-9,True,True,CCCCCCc1cccs1,CCCCCCc1cccs1,True,"['green', 'savory', 'metallic', 'tropical', 'sulfurous', 'mushroom']",green;savory;metallic;tropical;sulfurous;mushroom,True,False
898,MOL_001203,Farnesene,18794-84-8,18794-84-8,True,True,C=CC(=C)CC/C=C(\C)CCC=C(C)C,C=CC(=C)CC/C=C(\C)CCC=C(C)C,True,"['green', 'woody', 'citrus', 'herbal']",green;woody;citrus;herbal,True,False
2652,MOL_001204,Nonanal dimethyl acetal,18824-63-0,18824-63-0,True,True,CCCCCCCCC(OC)OC,CCCCCCCCC(OC)OC,True,"['citrus', 'green', 'melon', 'fresh', 'vegetable', 'floral']",citrus;green;melon;fresh;vegetable;floral,True,False
3555,MOL_001205,(E)-2-heptenal,18829-55-5,18829-55-5,True,True,CCCC/C=C/C=O,CCCC/C=C/C=O,True,"['pungent', 'green', 'vegetable', 'fresh', 'fatty', 'oily', 'fruity']",pungent;green;vegetable;fresh;fatty;oily;fruity,True,False
1890,MOL_001206,Nonenal,18829-56-6,18829-56-6,True,True,CCCCCC/C=C/C=O,CCCCCC/C=C/C=O,True,"['fatty', 'melon', 'waxy', 'orris', 'cucumber']",fatty;melon;waxy;orris;cucumber,True,False
923,MOL_001207,Furfuryl isopropyl sulfide,1883-78-9,1883-78-9,True,True,CC(C)SCc1ccco1,CC(C)SCc1ccco1,True,"['meaty', 'roasted', 'garlic', 'savory', 'onion', 'coffee']",meaty;roasted;garlic;savory;onion;coffee,True,False
2520,MOL_001208,Pellitorine,18836-52-7,18836-52-7,True,True,CCCCC/C=C/C=C/C(=O)NCC(C)C,CCCCC/C=C/C=C/C(=O)NCC(C)C,True,['spicy'],spicy,True,False
3556,MOL_001209,ethyl vanillin isobutyrate,188417-26-7,188417-26-7,True,True,[O-]C(=O)C(C)C.O=Cc1cc(OCC)c(O)cc1,CC(C)C(=O)[O-].CCOc1cc(C=O)ccc1O,True,"['sweet', 'creamy', 'vanilla', 'chocolate', 'milky', 'caramellic', 'rum']",sweet;creamy;vanilla;chocolate;milky;caramellic;rum,True,False
3159,MOL_001210,Methyldecenolide,188442-41-3,188442-41-3,True,True,CC1=CCCCCCCCOC1=O,CC1=CCCCCCCCOC1=O,True,"['green', 'nutty', 'milky']",green;nutty;milky,True,False
3557,MOL_001211,(E)-cinnamyl nitrile,1885-38-7,1885-38-7,True,True,C1=CC=C(C=C1)/C=C/C#N,N#C/C=C/c1ccccc1,True,"['cinnamon', 'spicy']",cinnamon;spicy,True,False
3558,MOL_001212,green cyclopropionate,188570-78-7,188570-78-7,True,True,CC/C=C\CCOC(=O)C1CC1,CC/C=C\CCOC(=O)C1CC1,True,"['fresh', 'floral', 'green', 'tropical']",fresh;floral;green;tropical,True,False
2588,MOL_001213,Jasmopyrane (Quest),18871-14-2,18871-14-2,True,True,CCCCCC1COCCC1OC(C)=O,CCCCCC1COCCC1OC(C)=O,True,"['jasmine', 'herbal', 'tea', 'floral', 'sweet']",jasmine;herbal;tea;floral;sweet,True,False
3559,MOL_001214,(S)-(Z)-verbenol,18881-04-4,18881-04-4,True,True,CC1=C[C@@H](C2CC1C2(C)C)O,CC1=C[C@H](O)C2CC1C2(C)C,True,['balsamic'],balsamic,True,False
2924,MOL_001215,Thiopropionic acid,1892-31-5,1892-31-5,True,True,CCC(=O)S,CCC(=O)S,True,['sulfurous'],sulfurous,True,False
3560,MOL_001216,methyl octadienoate,189440-77-5,189440-77-5,True,True,COC(=O)CC/C=C/CC=C,C=CC/C=C/CCC(=O)OC,True,"['fruity', 'green', 'pear']",fruity;green;pear,True,False
1002,MOL_001217,Heptenoic acid,18999-28-5,18999-28-5,True,True,CCCC/C=C/C(=O)O,CCCC/C=C/C(=O)O,True,"['grassy', 'caramellic', 'sour', 'green', 'fruity', 'fatty', 'cheesy']",grassy;caramellic;sour;green;fruity;fatty;cheesy,True,False
1648,MOL_001218,Methyldecanal,19009-56-4,19009-56-4,True,True,CCCCCCCCC(C)C=O,CCCCCCCCC(C)C=O,True,"['citrus', 'green', 'fatty', 'waxy', 'orange', 'dry']",citrus;green;fatty;waxy;orange;dry,True,False
1744,MOL_001219,Methylphenylbutenone,1901-26-4,1901-26-4,True,True,CC(=O)/C(C)=C\c1ccccc1,CC(=O)/C(C)=C\c1ccccc1,True,"['fruity', 'caramellic', 'sweet', 'berry']",fruity;caramellic;sweet;berry,True,False
324,MOL_001220,Campholenic alcohol,1901-38-8,1901-38-8,True,True,CC1=CCC(CCO)C1(C)C,CC1=CCC(CCO)C1(C)C,True,"['camphoreous', 'berry', 'woody', 'sweet']",camphoreous;berry;woody;sweet,True,False
2784,MOL_001221,Hexyl butenoate,19089-92-0,19089-92-0,True,True,C/C=C\C(=O)OCCCCCC,C/C=C\C(=O)OCCCCCC,True,"['apple', 'fruity', 'pear', 'woody', 'pineapple']",apple;fruity;pear;woody;pineapple,True,False
3561,MOL_001222,dihexyl (E)-fumarate,19139-31-2,19139-31-2,True,True,CCCCCCOC(=O)\C=C\C(=O)OCCCCCC,CCCCCCOC(=O)/C=C/C(=O)OCCCCCC,True,"['fresh', 'floral', 'green', 'solvent', 'herbal', 'woody']",fresh;floral;green;solvent;herbal;woody,True,False
3562,MOL_001223,(R)-2-phenyl propyl alcohol,19141-40-3,19141-40-3,True,True,C[C@@H](CO)C1=CC=CC=C1,C[C@@H](CO)c1ccccc1,True,"['floral', 'leafy', 'fruity']",floral;leafy;fruity,True,False
2532,MOL_001224,Methylheptenyl acetate,19162-00-6,19162-00-6,True,True,CC(=O)OC(C)CCC=C(C)C,CC(=O)OC(C)CCC=C(C)C,True,"['green', 'fruity', 'floral', 'earthy']",green;fruity;floral;earthy,True,False
2967,MOL_001225,Tetramethylpentadecane,1921-70-6,1921-70-6,True,True,CC(C)CCCC(C)CCCC(C)CCCC(C)C,CC(C)CCCC(C)CCCC(C)CCCC(C)C,True,"['oily', 'fishy', 'waxy']",oily;fishy;waxy,True,False
3563,MOL_001226,musk 89 (IFF),1922-67-4,1922-67-4,True,True,CC1COCC2=CC3=C(C=C12)C(CCC3(C)C)(C)C,CC1COCc2cc3c(cc21)C(C)(C)CCC3(C)C,True,['musk'],musk,True,False
3564,MOL_001227,propylene glycol dibenzoate,19224-26-1,19224-26-1,True,True,CC(COC(=O)C1=CC=CC=C1)OC(=O)C2=CC=CC=C2,CC(COC(=O)c1ccccc1)OC(=O)c1ccccc1,True,"['fishy', 'metallic']",fishy;metallic,True,False
2827,MOL_001228,Methylbutenyl acetate,19248-94-3,19248-94-3,True,True,C/C=C(\C)COC(C)=O,C/C=C(\C)COC(C)=O,True,"['green', 'fruity', 'banana']",green;fruity;banana,True,False
1681,MOL_001229,Methylhexanal,19269-28-4,19269-28-4,True,True,CCCC(C)CC=O,CCCC(C)CC=O,True,"['green', 'fatty', 'fruity', 'aldehydic', 'cheesy']",green;fatty;fruity;aldehydic;cheesy,True,False
896,MOL_001230,Farnesal,19317-11-4,19317-11-4,True,True,CC(C)=CCC/C(C)=C/CC/C(C)=C/C=O,CC(C)=CCC/C(C)=C/CC/C(C)=C/C=O,True,"['citrus', 'oily', 'woody', 'sweet']",citrus;oily;woody;sweet,True,False
1161,MOL_001231,Hydroxymethylfuranone,19322-27-1,19322-27-1,True,True,CC1=C(O)C(=O)CO1,CC1=C(O)C(=O)CO1,True,"['caramellic', 'roasted', 'burnt', 'sweet']",caramellic;roasted;burnt;sweet,True,False
1202,MOL_001232,Isoamyl lactate,19329-89-6,19329-89-6,True,True,CC(C)CCOC(=O)C(C)O,CC(C)CCOC(=O)C(C)O,True,"['oily', 'fruity', 'winey', 'caramellic']",oily;fruity;winey;caramellic,True,False
631,MOL_001233,Dimethylphenethylamine,19342-01-9,19342-01-9,True,True,C[C@H](c1ccccc1)N(C)C,C[C@H](c1ccccc1)N(C)C,True,['fishy'],fishy,True,False
3565,MOL_001234,curcumenol,19431-84-6,19431-84-6,True,True,C[C@H]1CC[C@@H]2[C@]13CC(=C(C)C)[C@](O3)(C=C2C)O,CC1=C[C@@]2(O)O[C@@]3(CC2=C(C)C)[C@@H](C)CC[C@@H]13,True,"['fresh', 'fatty']",fresh;fatty,True,False
3566,MOL_001235,alpha-muurolol,19435-97-3,19435-97-3,True,True,CC1=C[C@H]2[C@@H](CC[C@@]([C@H]2CC1)(C)O)C(C)C,CC1=C[C@H]2[C@H](C(C)C)CC[C@@](C)(O)[C@H]2CC1,True,"['herbal', 'honey']",herbal;honey,True,False
2933,MOL_001236,Limonenediol,1946-00-5,1946-00-5,True,True,C=C(C)C1CCC(C)(O)C(O)C1,C=C(C)C1CCC(C)(O)C(O)C1,True,['grapefruit'],grapefruit,True,False
2735,MOL_001237,Ethyl ethylmethylphenylglycidate,19464-94-9,19464-94-9,True,True,CCOC(=O)C1(c2ccccc2)OC1(C)CC,CCOC(=O)C1(c2ccccc2)OC1(C)CC,True,"['fruity', 'berry']",fruity;berry,True,False
2710,MOL_001238,Decenyl acetate,19487-61-7,19487-61-7,True,True,CCCCCCC/C=C/COC(C)=O,CCCCCCC/C=C/COC(C)=O,True,"['citrus', 'fatty', 'fruity', 'waxy']",citrus;fatty;fruity;waxy,True,False
3567,MOL_001239,muguet dienal,194934-66-2,194934-66-2,True,True,C[C@@H](CC/C=C(\C)/CCC=C(C)C)CC=O,CC(C)=CCC/C(C)=C/CC[C@H](C)CC=O,True,"['floral', 'waxy', 'green', 'fresh', 'creamy']",floral;waxy;green;fresh;creamy,True,False
611,MOL_001240,Dimethylisopropyloxazole,19519-45-0,19519-45-0,True,True,Cc1nc(C(C)C)oc1C,Cc1nc(C(C)C)oc1C,True,"['green', 'earthy']",green;earthy,True,False
3568,MOL_001241,"3-laevo-menthoxy-2-methyl propane-1,2-diol",195863-84-4,195863-84-4,True,True,CC(C)[C@@H]1CC[C@H](C)C[C@H]1OCC(C)(O)CO,CC(C)[C@@H]1CC[C@H](C)C[C@H]1OCC(C)(O)CO,True,['mint'],mint,True,False
1955,MOL_001242,Octenyl propionate,196109-18-9,196109-18-9,True,True,CCCCCCC=COC(=O)CC,CCCCCCC=COC(=O)CC,True,"['apple', 'green', 'fruity', 'banana', 'waxy', 'pineapple']",apple;green;fruity;banana;waxy;pineapple,True,False
1438,MOL_001243,Methoxycinnamaldehyde,1963-36-6,1963-36-6,True,True,COc1ccc(/C=C/C=O)cc1,COc1ccc(/C=C/C=O)cc1,True,"['cinnamon', 'spicy', 'warm', 'herbal']",cinnamon;spicy;warm;herbal,True,False
3052,MOL_001244,Ethyl pentenoate,1968-40-7,1968-40-7,True,True,C=CCCC(=O)OCC,C=CCCC(=O)OCC,True,"['fruity', 'ethereal']",fruity;ethereal,True,False
3569,MOL_001245,geosmin,19700-21-1,19700-21-1,True,True,C[C@H]1CCC[C@@]2([C@@]1(CCCC2)O)C,C[C@H]1CCC[C@@]2(C)CCCC[C@]12O,True,"['fresh', 'musty', 'earthy']",fresh;musty;earthy,True,False
1915,MOL_001246,Ocimenyl acetate,197098-61-6,197098-61-6,True,True,C=C/C(C)=C/CCC(C)(C)OC(C)=O,C=C/C(C)=C/CCC(C)(C)OC(C)=O,True,"['green', 'fruity', 'fresh', 'pineapple']",green;fruity;fresh;pineapple,True,False
3570,MOL_001247,decane nitrile,1975-78-6,1975-78-6,True,True,CCCCCCCCCC#N,CCCCCCCCCC#N,True,"['fresh', 'musty', 'fatty', 'waxy', 'oily', 'cognac']",fresh;musty;fatty;waxy;oily;cognac,True,False
2950,MOL_001248,Ethylcrotonaldehyde,19780-25-7,19780-25-7,True,True,C/C=C(/C=O)CC,C/C=C(/C=O)CC,True,"['fruity', 'pungent']",fruity;pungent,True,False
773,MOL_001249,Ethyl mercaptopropionate,19788-49-9,19788-49-9,True,True,CCOC(=O)C(C)S,CCOC(=O)C(C)S,True,"['sulfurous', 'fruity']",sulfurous;fruity,True,False
2564,MOL_001250,Propyl mercaptopropionate,19788-50-2,19788-50-2,True,True,CCCOC(=O)C(C)S,CCCOC(=O)C(C)S,True,"['meaty', 'fruity', 'tropical', 'strawberry']",meaty;fruity;tropical;strawberry,True,False
3571,MOL_001251,peony alcohol,19819-98-8,19819-98-8,True,True,CC1=CC=CC=C1CCO,Cc1ccccc1CCO,True,"['floral', 'rose', 'waxy', 'green', 'earthy']",floral;rose;waxy;green;earthy,True,False
3572,MOL_001252,butyl 3-pentenoate,19825-93-5,19825-93-5,True,True,CCCCOC(=O)CC=CC,CC=CCC(=O)OCCCC,True,['chamomile'],chamomile,True,False
3573,MOL_001253,sandal cyclopropane,198404-98-7,198404-98-7,True,True,C[C@]1(C[C@@H]1C[C@@H]2C[C@H]3C[C@]3(C2(C)C)C)CO,CC1(C)[C@H](C[C@H]2C[C@@]2(C)CO)C[C@H]2C[C@]21C,True,"['tropical', 'woody', 'fatty', 'herbal', 'fresh', 'floral']",tropical;woody;fatty;herbal;fresh;floral,True,False
3574,MOL_001254,cedrol methyl ether,19870-74-7,19870-74-7,True,True,C[C@@H]1CC[C@@H]2[C@]13CC[C@]([C@H](C3)C2(C)C)(C)OC,CO[C@@]1(C)CC[C@@]23C[C@@H]1C(C)(C)[C@@H]2CC[C@H]3C,True,"['woody', 'dry', 'musk', 'earthy']",woody;dry;musk;earthy,True,False
2444,MOL_001255,Mercaptomethyllpentanone,19872-52-7,19872-52-7,True,True,CC(=O)CC(C)(C)S,CC(=O)CC(C)(C)S,True,"['meaty', 'fruity', 'savory', 'catty', 'tropical', 'black currant']",meaty;fruity;savory;catty;tropical;black currant,True,False
3575,MOL_001256,(-)-myrtenol,19894-97-4,19894-97-4,True,True,OCC/1=C/C[C@H]2C[C@@H]\1C2(C)C,CC1(C)[C@H]2CC=C(CO)[C@@H]1C2,True,"['woody', 'pine', 'balsamic', 'mint', 'medicinal']",woody;pine;balsamic;mint;medicinal,True,False
3576,MOL_001257,D-(+)-beta-pinene,19902-08-0,19902-08-0,True,True,CC1([C@@H]2CCC(=C)[C@H]1C2)C,C=C1CC[C@@H]2C[C@H]1C2(C)C,True,"['sweet', 'fresh', 'pine', 'woody', 'hay', 'green']",sweet;fresh;pine;woody;hay;green,True,False
3577,MOL_001258,T-muurolol,19912-62-0,19912-62-0,True,True,CC1=C[C@H]2[C@@H](CC[C@]([C@H]2CC1)(C)O)C(C)C,CC1=C[C@H]2[C@H](C(C)C)CC[C@](C)(O)[C@H]2CC1,True,"['herbal', 'spicy', 'honey']",herbal;spicy;honey,True,False
873,MOL_001259,Ethylmethylthiazole,19961-52-5,19961-52-5,True,True,CCc1cnc(C)s1,CCc1cnc(C)s1,True,"['roasted', 'green', 'alliaceous', 'fishy', 'cocoa', 'burnt', 'sulfurous']",roasted;green;alliaceous;fishy;cocoa;burnt;sulfurous,True,False
2353,MOL_001260,Trimethylcyclohexenone,20013-73-4,20013-73-4,True,True,CC1=CCCC(C)(C)C1=O,CC1=CCCC(C)(C)C1=O,True,"['tobacco', 'sharp', 'camphoreous', 'herbal']",tobacco;sharp;camphoreous;herbal,True,False
3578,MOL_001261,hotrienol,20053-88-7,20053-88-7,True,True,C/C(=C\C=C)/CC(C)(C=C)O,C=C/C=C(\C)CC(C)(O)C=C,True,"['sweet', 'tropical', 'floral', 'herbal', 'spicy']",sweet;tropical;floral;herbal;spicy,True,False
3579,MOL_001262,methyl (Z)-jasmonate,20073-13-6,20073-13-6,True,True,CC/C=C\CC1C(CCC1=O)CC(=O)OC,CC/C=C\CC1C(=O)CCC1CC(=O)OC,True,"['floral', 'jasmine']",floral;jasmine,True,False
3166,MOL_001263,Methylheptenone,2009-74-7,2009-74-7,True,True,CC(=O)/C=C/CC(C)C,CC(=O)/C=C/CC(C)C,True,"['ketonic', 'green', 'fruity', 'fresh', 'herbal']",ketonic;green;fruity;fresh;herbal,True,False
3071,MOL_001264,Phenyl valerate,20115-23-5,20115-23-5,True,True,CCCCC(=O)Oc1ccccc1,CCCCC(=O)Oc1ccccc1,True,"['phenolic', 'medicinal', 'fruity']",phenolic;medicinal;fruity,True,False
3580,MOL_001265,(E)-2-octen-4-ol,20125-81-9,20125-81-9,True,True,CCCCC(/C=C/C)O,C/C=C/C(O)CCCC,True,"['fruity', 'berry']",fruity;berry,True,False
1946,MOL_001266,Octenol,20125-84-2,20125-84-2,True,True,CCCC/C=C/CCO,CCCC/C=C/CCO,True,"['earthy', 'fresh', 'melon', 'herbal']",earthy;fresh;melon;herbal,True,False
3581,MOL_001267,alpha-heptyl cinnamaldehyde,20175-19-3,20175-19-3,True,True,CCCCCCCC(=CC1=CC=CC=C1)C=O,CCCCCCCC(C=O)=Cc1ccccc1,True,"['green', 'leafy', 'fruity']",green;leafy;fruity,True,False
3582,MOL_001268,3-nonyne,20184-89-8,20184-89-8,True,True,C(#CCCCCC)CC,CCC#CCCCCC,True,"['cucumber', 'fresh']",cucumber;fresh,True,False
813,MOL_001269,Ethyl phenylpropionate,2021-28-5,2021-28-5,True,True,CCOC(=O)CCc1ccccc1,CCOC(=O)CCc1ccccc1,True,"['fruity', 'honey', 'floral', 'sweet', 'rum']",fruity;honey;floral;sweet;rum,True,False
3583,MOL_001270,"acetaldehyde 1,3-octane diol acetal",202188-43-0,202188-43-0,True,True,CCCCCC1CCOC(O1)C,CCCCCC1CCOC(C)O1,True,"['green', 'ethereal', 'musty']",green;ethereal;musty,True,False
747,MOL_001271,Ethyl furfuryl sulfide,2024-70-6,2024-70-6,True,True,CCSCc1ccco1,CCSCc1ccco1,True,"['roasted', 'garlic', 'horseradish', 'coffee', 'sulfurous']",roasted;garlic;horseradish;coffee;sulfurous,True,False
2005,MOL_001272,Pentenol,20273-24-9,20273-24-9,True,True,CC/C=C/CO,CC/C=C/CO,True,"['ethereal', 'citrus', 'green', 'fruity', 'metallic', 'fresh']",ethereal;citrus;green;fruity;metallic;fresh,True,False
2855,MOL_001273,Phenyl isobutyrate,20279-29-2,20279-29-2,True,True,CC(C)C(=O)Oc1ccccc1,CC(C)C(=O)Oc1ccccc1,True,"['fruity', 'honey', 'animal', 'pungent']",fruity;honey;animal;pungent,True,False
2864,MOL_001274,Propyl pyruvate,20279-43-0,20279-43-0,True,True,CCCOC(=O)C(C)=O,CCCOC(=O)C(C)=O,True,"['fruity', 'burnt', 'caramellic']",fruity;burnt;caramellic,True,False
2679,MOL_001275,Amyl levulinate,20279-49-6,20279-49-6,True,True,CCCCCOC(=O)CCC(C)=O,CCCCCOC(=O)CCC(C)=O,True,"['oily', 'fruity', 'winey', 'caramellic']",oily;fruity;winey;caramellic,True,False
1120,MOL_001276,Hexyl lactate,20279-51-0,20279-51-0,True,True,CCCCCCOC(=O)C(C)O,CCCCCCOC(=O)C(C)O,True,"['floral', 'sweet']",floral;sweet,True,False
2845,MOL_001277,Octyl butyrate,20286-45-7,20286-45-7,True,True,CCCCCC(CC)OC(=O)CCC,CCCCCC(CC)OC(=O)CCC,True,"['fruity', 'herbal']",fruity;herbal,True,False
3584,MOL_001278,cis-green acetate,20298-69-5,20298-69-5,True,True,CC(=O)O[C@@H]1CCCC[C@@H]1C(C)(C)C,CC(=O)O[C@@H]1CCCC[C@@H]1C(C)(C)C,True,"['fruity', 'citrus', 'woody', 'camphoreous', 'pine', 'spicy', 'herbal']",fruity;citrus;woody;camphoreous;pine;spicy;herbal,True,False
3585,MOL_001279,cis-3-tert-butyl cyclohexyl acetate,20298-72-0,20298-72-0,True,True,O=C(C)O[C@@H]1C[C@H](CCC1)C(C)(C)C,CC(=O)O[C@H]1CCC[C@H](C(C)(C)C)C1,True,"['woody', 'orris', 'fresh', 'floral', 'camphoreous']",woody;orris;fresh;floral;camphoreous,True,False
3586,MOL_001280,beta-sesquiphellandrene,20307-83-9,20307-83-9,True,True,C[C@@H](CCC=C(C)C)C1CCC(=C)C=C1,C=C1C=CC([C@@H](C)CCC=C(C)C)CC1,True,"['herbal', 'fruity', 'woody']",herbal;fruity;woody,True,False
691,MOL_001281,Elemene,20307-84-0,20307-84-0,True,True,C=CC1(C)CCC(C(C)C)=CC1C(=C)C,C=CC1(C)CCC(C(C)C)=CC1C(=C)C,True,"['woody', 'balsamic', 'spicy']",woody;balsamic;spicy,True,False
1495,MOL_001282,Methyl ethyl disulfide,20333-39-5,20333-39-5,True,True,CCSSC,CCSSC,True,"['onion', 'sulfurous', 'alliaceous']",onion;sulfurous;alliaceous,True,False
3587,MOL_001283,dextro-bornyl acetate,20347-65-3,20347-65-3,True,True,CC(=O)O[C@H]1CC2CCC1(C2(C)C)C,CC(=O)O[C@H]1CC2CCC1(C)C2(C)C,True,"['pine', 'camphoreous', 'herbal', 'balsamic']",pine;camphoreous;herbal;balsamic,True,False
3588,MOL_001284,4-methyl-4-phenyl-2-pentanol,2035-93-0,2035-93-0,True,True,CC(CC(C)(C)C1=CC=CC=C1)O,CC(O)CC(C)(C)c1ccccc1,True,"['floral', 'green']",floral;green,True,False
1207,MOL_001285,Isoamyl octanoate,2035-99-6,2035-99-6,True,True,CCCCCCCC(=O)OCCC(C)C,CCCCCCCC(=O)OCCC(C)C,True,"['green', 'oily', 'fruity', 'fatty', 'waxy', 'cognac', 'winey', 'pineapple']",green;oily;fruity;fatty;waxy;cognac;winey;pineapple,True,False
3230,MOL_001286,Limonene oxide,203719-54-4,203719-54-4,True,True,C=C(C)[C@@H]1CCC2(C)OC2C1,C=C(C)[C@@H]1CCC2(C)OC2C1,True,"['fresh', 'herbal', 'mint']",fresh;herbal;mint,True,False
3589,MOL_001287,labdanum ethanone,2040-10-0,2040-10-0,True,True,CC1=CC(=CC(=C1C(=O)C)C)C(C)(C)C,CC(=O)c1c(C)cc(C(C)(C)C)cc1C,True,"['dry', 'woody', 'balsamic', 'rose', 'musk', 'floral']",dry;woody;balsamic;rose;musk;floral,True,False
684,MOL_001288,Dodecenal,20407-84-5,20407-84-5,True,True,CCCCCCCCC/C=C/C=O,CCCCCCCCC/C=C/C=O,True,"['waxy', 'orange']",waxy;orange,True,False
3590,MOL_001289,(R)-citronellyl acetate,20425-54-1,20425-54-1,True,True,O=C(OCC[C@@H](CC/C=C(\C)C)C)C,CC(=O)OCC[C@H](C)CCC=C(C)C,True,"['citrus', 'animal', 'aldehydic']",citrus;animal;aldehydic,True,False
2211,MOL_001290,Pyridinemethanethiol,2044-73-7,2044-73-7,True,True,SCc1ccccn1,SCc1ccccn1,True,"['roasted', 'meaty', 'fatty', 'savory', 'sulfurous']",roasted;meaty;fatty;savory;sulfurous,True,False
1558,MOL_001291,Methyl phenylbutyrate,2046-17-5,2046-17-5,True,True,COC(=O)CCCc1ccccc1,COC(=O)CCCc1ccccc1,True,"['honey', 'fruity', 'floral', 'sweet']",honey;fruity;floral;sweet,True,False
83,MOL_001292,Allyl butenoate,20474-93-5,20474-93-5,True,True,C=CCOC(=O)/C=C/C,C=CCOC(=O)/C=C/C,True,"['fruity', 'fresh', 'pungent']",fruity;fresh;pungent,True,False
475,MOL_001293,Dehydrodihydroionone,20483-36-7,20483-36-7,True,True,CC(=O)CCC1=C(C)C=CCC1(C)C,CC(=O)CCC1=C(C)C=CCC1(C)C,True,"['rose', 'tobacco', 'waxy']",rose;tobacco;waxy,True,False
293,MOL_001294,Butyl propionate,20487-40-5,20487-40-5,True,True,CCC(=O)OC(C)(C)C,CCC(=O)OC(C)(C)C,True,"['fruity', 'rum', 'brandy']",fruity;rum;brandy,True,False
3591,MOL_001295,dihydronootkatone,20489-53-6,20489-53-6,True,True,C[C@@H]1CC(=O)C[C@H]2[C@]1(C[C@@H](CC2)C(=C)C)C,C=C(C)[C@@H]1CC[C@H]2CC(=O)C[C@@H](C)[C@]2(C)C1,True,"['citrus', 'grapefruit']",citrus;grapefruit,True,False
123,MOL_001296,Amyl benzoate,2049-96-9,2049-96-9,True,True,CCCCCOC(=O)c1ccccc1,CCCCCOC(=O)c1ccccc1,True,"['fruity', 'balsamic', 'floral', 'sweet']",fruity;balsamic;floral;sweet,True,False
1627,MOL_001297,Isoamyl isobutyrate,2050-01-3,2050-01-3,True,True,CC(C)CCOC(=O)C(C)C,CC(C)CCOC(=O)C(C)C,True,"['green', 'fruity']",green;fruity,True,False
139,MOL_001298,Amyl salicylate,2050-08-0,2050-08-0,True,True,CCCCCOC(=O)c1ccccc1O,CCCCCOC(=O)c1ccccc1O,True,"['balsamic', 'floral', 'sweet', 'herbal']",balsamic;floral;sweet;herbal,True,False
1214,MOL_001299,Isoamyl valerate,2050-09-1,2050-09-1,True,True,CCCCC(=O)OCCC(C)C,CCCCC(=O)OCCC(C)C,True,"['apple', 'apricot', 'fruity', 'fatty', 'banana', 'fermented', 'herbal']",apple;apricot;fruity;fatty;banana;fermented;herbal,True,False
2992,MOL_001300,Catechol diethyl ether,2050-46-6,2050-46-6,True,True,CCOc1ccccc1OCC,CCOc1ccccc1OCC,True,"['anisic', 'vanilla', 'sweet']",anisic;vanilla;sweet,True,False
486,MOL_001301,Diallyl trisulfide,2050-87-5,2050-87-5,True,True,C=CCSSSCC=C,C=CCSSSCC=C,True,"['onion', 'garlic', 'roasted', 'savory']",onion;garlic;roasted;savory,True,False
2972,MOL_001302,Diisoamyl disulfide,2051-04-9,2051-04-9,True,True,CC(C)CCSSCCC(C)C,CC(C)CCSSCCC(C)C,True,"['vegetable', 'meaty', 'green', 'alliaceous', 'savory', 'sulfurous']",vegetable;meaty;green;alliaceous;savory;sulfurous,True,False
1959,MOL_001303,Octyl acetate,2051-50-5,2051-50-5,True,True,CCCCCCC(C)OC(C)=O,CCCCCCC(C)OC(C)=O,True,"['waxy', 'fruity', 'floral', 'herbal']",waxy;fruity;floral;herbal,True,False
81,MOL_001304,Allyl butanoate,2051-78-7,2051-78-7,True,True,C=CCOC(=O)CCC,C=CCOC(=O)CCC,True,"['apple', 'apricot', 'green', 'fruity', 'pineapple']",apple;apricot;green;fruity;pineapple,True,False
191,MOL_001305,Benzyl lactate,2051-96-9,2051-96-9,True,True,CC(O)C(=O)OCc1ccccc1,CC(O)C(=O)OCc1ccccc1,True,"['caramellic', 'fruity', 'dairy', 'sweet']",caramellic;fruity;dairy;sweet,True,False
3592,MOL_001306,butyl salicylate,2052-14-4,2052-14-4,True,True,CCCCOC(=O)C1=CC=CC=C1O,CCCCOC(=O)c1ccccc1O,True,"['floral', 'herbal', 'medicinal']",floral;herbal;medicinal,True,False
281,MOL_001307,Butyl levulinate,2052-15-5,2052-15-5,True,True,CCCCOC(=O)CCC(C)=O,CCCCOC(=O)CCC(C)=O,True,"['caramellic', 'fruity', 'fatty', 'savory', 'waxy', 'sweet']",caramellic;fruity;fatty;savory;waxy;sweet,True,False
3083,MOL_001308,Trimethylcyclohexanedione,20547-99-3,20547-99-3,True,True,CC1CC(=O)CC(C)(C)C1=O,CC1CC(=O)CC(C)(C)C1=O,True,"['tea', 'tobacco', 'sour']",tea;tobacco;sour,True,False
1790,MOL_001309,Methylthiobutanol,20582-85-8,20582-85-8,True,True,CSCCCCO,CSCCCCO,True,"['fruity', 'metallic', 'tomato', 'vegetable', 'mushroom', 'cheesy']",fruity;metallic;tomato;vegetable;mushroom;cheesy,True,False
661,MOL_001310,Dipentyl malonate,20602-31-7,20602-31-7,True,True,CCCCCOC(=O)CC(=O)OCCCCC,CCCCCOC(=O)CC(=O)OCCCCC,True,"['fruity', 'fatty', 'winey']",fruity;fatty;winey,True,False
2360,MOL_001311,Trimethyloxazole,20662-84-4,20662-84-4,True,True,Cc1nc(C)c(C)o1,Cc1nc(C)c(C)o1,True,"['meaty', 'green', 'fruity', 'nutty', 'beefy', 'sweet', 'chocolate']",meaty;green;fruity;nutty;beefy;sweet;chocolate,True,False
3593,MOL_001312,(Z)-2-octenal,20664-46-4,20664-46-4,True,True,CCCCC/C=C\C=O,CCCCC/C=C\C=O,True,"['fatty', 'fruity', 'green', 'leafy', 'nutty']",fatty;fruity;green;leafy;nutty,True,False
3594,MOL_001313,vanillyl isobutyrate,20665-85-4,20665-85-4,True,True,CC(C)C(=O)OC1=C(C=C(C=C1)C=O)OC,COc1cc(C=O)ccc1OC(=O)C(C)C,True,"['sweet', 'vanilla', 'creamy', 'fruity', 'caramellic', 'chocolate']",sweet;vanilla;creamy;fruity;caramellic;chocolate,True,False
2149,MOL_001314,Propenyldimethoxyphenol,20675-95-0,20675-95-0,True,True,CC=Cc1ccc(O)c(OC)c1OC,CC=Cc1ccc(O)c(OC)c1OC,True,"['phenolic', 'smoky', 'spicy']",phenolic;smoky;spicy,True,False
24,MOL_001315,Acetaldehyde ethyl propyl acetal,20680-10-8,20680-10-8,True,True,CCCOC(C)OCC,CCCOC(C)OCC,True,"['alcoholic', 'ethereal', 'green', 'nutty', 'cognac', 'pungent']",alcoholic;ethereal;green;nutty;cognac;pungent,True,False
3595,MOL_001316,4-tert-butyl cyclohexane carboxaldehyde,20691-52-5,20691-52-5,True,True,CC(C)(C)C1CCC(CC1)C=O,CC(C)(C)C1CCC(C=O)CC1,True,"['floral', 'woody']",floral;woody,True,False
2829,MOL_001317,Methylallyl propionate,20720-12-1,20720-12-1,True,True,C=C(C)COC(=O)CC,C=C(C)COC(=O)CC,True,"['ethereal', 'fruity', 'sharp', 'rum', 'sweet', 'brandy']",ethereal;fruity;sharp;rum;sweet;brandy,True,False
1505,MOL_001318,Methyl hexanethioate,20756-86-9,20756-86-9,True,True,CCCCCC(=S)OC,CCCCCC(=S)OC,True,"['green', 'fruity', 'tropical', 'sulfurous', 'pineapple', 'cheesy']",green;fruity;tropical;sulfurous;pineapple;cheesy,True,False
3596,MOL_001319,citronellyl senecioate,20770-40-5,20770-40-5,True,True,CC(CCC=C(C)C)CCOC(=O)C=C(C)C,CC(C)=CCCC(C)CCOC(=O)C=C(C)C,True,"['rose', 'floral']",rose;floral,True,False
3597,MOL_001320,dihydrocarvyl acetate,20777-49-5,20777-49-5,True,True,CC1CCC(CC1OC(=O)C)C(=C)C,C=C(C)C1CCC(C)C(OC(C)=O)C1,True,"['floral', 'rose', 'spicy', 'sweet', 'mint', 'green', 'fruity', 'vegetable', 'camphoreous', 'pine']",floral;rose;spicy;sweet;mint;green;fruity;vegetable;camphoreous;pine,True,False
3598,MOL_001321,tetrahydrolinalyl acetate,20780-48-7,20780-48-7,True,True,CCC(C)(CCCC(C)C)OC(=O)C,CCC(C)(CCCC(C)C)OC(C)=O,True,"['fresh', 'woody', 'citrus', 'floral']",fresh;woody;citrus;floral,True,False
2286,MOL_001322,Tetrahydrogeranyl acetate,20780-49-8,20780-49-8,True,True,CC(=O)OCCC(C)CCCC(C)C,CC(=O)OCCC(C)CCCC(C)C,True,"['honey', 'fruity', 'waxy', 'floral']",honey;fruity;waxy;floral,True,False
2528,MOL_001323,Methyl methylthiobutanoate,207983-28-6,207983-28-6,True,True,CCC(C)C(=S)OC,CCC(C)C(=S)OC,True,"['ripe', 'vegetable', 'fruity', 'tropical', 'sulfurous', 'cheesy']",ripe;vegetable;fruity;tropical;sulfurous;cheesy,True,False
3075,MOL_001324,Ethyl butanethioate,20807-99-2,20807-99-2,True,True,CCCC(=S)OCC,CCCC(=S)OCC,True,"['fruity', 'cocoa', 'cheesy']",fruity;cocoa;cheesy,True,False
3599,MOL_001325,2-heptyl pyridine,20815-27-4,20815-27-4,True,True,CCCCCCCC1=CC=CC=N1,CCCCCCCc1ccccn1,True,"['green', 'floral', 'earthy']",green;floral;earthy,True,False
3600,MOL_001326,cumin carbinol,20834-59-7,20834-59-7,True,True,CC1=CC=C(C=C1)CC(C)(C)O,Cc1ccc(CC(C)(C)O)cc1,True,"['floral', 'green', 'spicy']",floral;green;spicy,True,False
1603,MOL_001327,Methylbutanethiol,2084-18-6,2084-18-6,True,True,CC(C)C(C)S,CC(C)C(C)S,True,"['sulfurous', 'beefy', 'meaty']",sulfurous;beefy;meaty,True,False
1991,MOL_001328,Pentanethiol,2084-19-7,2084-19-7,True,True,CCCC(C)S,CCCC(C)S,True,['sulfurous'],sulfurous,True,False
2447,MOL_001329,Methylheptenone,20859-10-3,20859-10-3,True,True,CCCC=CC(=O)CC,CCCC=CC(=O)CC,True,"['ketonic', 'fresh', 'herbal']",ketonic;fresh;herbal,True,False
2509,MOL_001330,Divanillin,2092-49-1,2092-49-1,True,True,COc1cc(C=O)cc(-c2cc(C=O)cc(OC)c2O)c1O,COc1cc(C=O)cc(-c2cc(C=O)cc(OC)c2O)c1O,True,"['creamy', 'milky']",creamy;milky,True,False
706,MOL_001331,Ethoxymethylphenol,20920-83-6,20920-83-6,True,True,CCOCc1ccccc1O,CCOCc1ccccc1O,True,"['vanilla', 'animal', 'phenolic', 'smoky', 'sweet']",vanilla;animal;phenolic;smoky;sweet,True,False
3265,MOL_001332,Ethyl hydroxyphenylpropanoate,20921-04-4,20921-04-4,True,True,CCOC(=O)C(C)(O)c1ccccc1,CCOC(=O)C(C)(O)c1ccccc1,True,"['creamy', 'vanilla', 'sweet']",creamy;vanilla;sweet,True,False
3601,MOL_001333,benzyl pivalate,2094-69-1,2094-69-1,True,True,CC(C)(C)C(=O)OCC1=CC=CC=C1,CC(C)(C)C(=O)OCc1ccccc1,True,"['floral', 'herbal', 'chamomile']",floral;herbal;chamomile,True,False
2603,MOL_001334,Decadiene,20996-35-4,20996-35-4,True,True,C=CC=CCCCCCC,C=CC=CCCCCCC,True,"['green', 'oily', 'gasoline', 'herbal']",green;oily;gasoline;herbal,True,False
2000,MOL_001335,Pentenal,2100-17-6,2100-17-6,True,True,C=CCCC=O,C=CCCC=O,True,"['green', 'sharp', 'malty']",green;sharp;malty,True,False
333,MOL_001336,Carveol,2102-59-2,2102-59-2,True,True,C=C(C)[C@@H]1CC=C(C)[C@H](O)C1,C=C(C)[C@@H]1CC=C(C)[C@H](O)C1,True,['sweet'],sweet,True,False
3602,MOL_001337,(E)-cinnamyl acetate,21040-45-9,21040-45-9,True,True,CC(=O)OC/C=C/C1=CC=CC=C1,CC(=O)OC/C=C/c1ccccc1,True,"['sweet', 'floral', 'spicy', 'balsamic']",sweet;floral;spicy;balsamic,True,False
1548,MOL_001338,Methyl octenoate,21063-71-8,21063-71-8,True,True,CCC/C=C/CCC(=O)OC,CCC/C=C/CCC(=O)OC,True,"['green', 'fruity']",green;fruity,True,False
3603,MOL_001339,2-cyclohexyl propionaldehyde,2109-22-0,2109-22-0,True,True,CC(C=O)C1CCCCC1,CC(C=O)C1CCCCC1,True,"['fresh', 'green', 'musty', 'fruity']",fresh;green;musty;fruity,True,False
2103,MOL_001340,Phenylpropylpyridine,2110-18-1,2110-18-1,True,True,c1ccc(CCCc2ccccn2)cc1,c1ccc(CCCc2ccccn2)cc1,True,"['green', 'earthy', 'herbal']",green;earthy;herbal,True,False
3277,MOL_001341,Methyl methyllactate,2110-78-3,2110-78-3,True,True,COC(=O)C(C)(C)O,COC(=O)C(C)(C)O,True,"['fruity', 'nutty', 'caramellic']",fruity;nutty;caramellic,True,False
2020,MOL_001342,Perillaldehyde,2111-75-3,2111-75-3,True,True,C=C(C)C1CC=C(C=O)CC1,C=C(C)C1CC=C(C=O)CC1,True,"['spicy', 'fatty', 'herbal']",spicy;fatty;herbal,True,False
3604,MOL_001343,vetylbois,21112-37-8,21112-37-8,True,True,CC(C)(C)C1=C(C=CC(=C1)OC)OC,COc1ccc(OC)c(C(C)(C)C)c1,True,['woody'],woody,True,False
3605,MOL_001344,citronellyl (R)-lactate,211238-85-6,211238-85-6,True,True,C[C@H](C(=O)OCCC(C)CCC=C(C)C)O,CC(C)=CCCC(C)CCOC(=O)[C@@H](C)O,True,"['floral', 'warm']",floral;warm,True,False
3606,MOL_001345,"(4aR,5R,7aS,9R)-octahydro-2,2,5,8,8,9a-hexamethyl-4h-4a,9-methanoazuleno(5,6-d)-1,3-dioxole",211299-54-6,211299-54-6,True,True,C[C@@H]1CC[C@@H]2[C@@]13C[C@H](C2(C)C)C4(C(C3)OC(O4)(C)C)C,C[C@@H]1CC[C@H]2C(C)(C)[C@H]3C[C@@]12CC1OC(C)(C)OC13C,True,"['woody', 'balsamic']",woody;balsamic,True,False
1868,MOL_001346,Nonadienyl acetate,211323-05-6,211323-05-6,True,True,CC/C=C\C/C=C/CCOC(C)=O,CC/C=C\C/C=C/CCOC(C)=O,True,"['green', 'fruity', 'melon', 'pear', 'fresh']",green;fruity;melon;pear;fresh,True,False
1510,MOL_001347,Methyl hydroxyhexanoate,21188-58-9,21188-58-9,True,True,CCCCC(O)C(=O)OC,CCCCC(O)C(=O)OC,True,"['fruity', 'fresh', 'pineapple', 'winey']",fruity;fresh;pineapple;winey,True,False
1466,MOL_001348,Methyl acetoxyhexanoate,21188-60-3,21188-60-3,True,True,CCCC(CC(=O)OC)OC(C)=O,CCCC(CC(=O)OC)OC(C)=O,True,"['green', 'fruity']",green;fruity,True,False
715,MOL_001349,Ethyl acetoxyhexanoate,21188-61-4,21188-61-4,True,True,CCCC(CC(=O)OCC)OC(C)=O,CCCC(CC(=O)OCC)OC(C)=O,True,"['green', 'fruity']",green;fruity,True,False
3607,MOL_001350,"1,5,8-para-menthatriene",21195-59-5,21195-59-5,True,True,CC1=CCC(C=C1)C(=C)C,C=C(C)C1C=CC(C)=CC1,True,['roasted'],roasted,True,False
3273,MOL_001351,Phenoxyacetaldehyde,2120-70-9,2120-70-9,True,True,O=CCOc1ccccc1,O=CCOc1ccccc1,True,"['green', 'fresh', 'aldehydic', 'woody', 'floral', 'sweet']",green;fresh;aldehydic;woody;floral;sweet,True,False
3608,MOL_001352,animal carbolactone,21280-29-5,21280-29-5,True,True,CC1(CCCC23C1CC(CC2)(C(=O)O3)C)C,CC12CCC3(CCCC(C)(C)C3C1)OC2=O,True,"['dry', 'animal', 'balsamic', 'musk']",dry;animal;balsamic;musk,True,False
3609,MOL_001353,(-)-cubenol,21284-22-0,21284-22-0,True,True,C[C@@H]1CC[C@H]([C@H]2[C@]1(CCC(=C2)C)O)C(C)C,CC1=C[C@H]2[C@H](C(C)C)CC[C@@H](C)[C@]2(O)CC1,True,"['spicy', 'herbal', 'tea']",spicy;herbal;tea,True,False
3119,MOL_001354,Menthadienol,21391-84-4,21391-84-4,True,True,C=C1CC[C@@H](C(=C)C)C[C@@H]1O,C=C(C)[C@@H]1CCC(=C)[C@@H](O)C1,True,"['mint', 'citrus', 'herbal']",mint;citrus;herbal,True,False
1853,MOL_001355,Neryl formate,2142-94-1,2142-94-1,True,True,CC(C)=CCC/C(C)=C/C(O)C=O,CC(C)=CCC/C(C)=C/C(O)C=O,True,"['green', 'floral', 'sweet', 'herbal']",green;floral;sweet;herbal,True,False
3610,MOL_001356,1-methyl-3-(2-methyl propyl) cyclohexanol,215231-33-7,215231-33-7,True,True,CC1(O)CCCC(CC(C)C)C1,CC(C)CC1CCCC(C)(O)C1,True,"['floral', 'citrus']",floral;citrus,True,False
2270,MOL_001357,Terpinyl formate,2153-26-6,2153-26-6,True,True,CC1=CCC(C(C)(C)OC=O)CC1,CC1=CCC(C(C)(C)OC=O)CC1,True,"['floral', 'citrus', 'herbal']",floral;citrus;herbal,True,False
2268,MOL_001358,Terpinyl butyrate,2153-28-8,2153-28-8,True,True,CCCC(=O)OC(C)(C)C1CC=C(C)CC1,CCCC(=O)OC(C)(C)C1CC=C(C)CC1,True,"['fruity', 'balsamic', 'sour', 'herbal']",fruity;balsamic;sour;herbal,True,False
3184,MOL_001359,Allyl cysteine,21593-77-1,21593-77-1,True,True,C=CCSCC(N)C(=O)O,C=CCSCC(N)C(=O)O,True,"['garlic', 'alliaceous']",garlic;alliaceous,True,False
2310,MOL_001360,Thujyl alcohol,21653-20-3,21653-20-3,True,True,CC1[C@H](O)C[C@@]2(C(C)C)C[C@H]12,CC1[C@H](O)C[C@@]2(C(C)C)C[C@H]12,True,"['camphoreous', 'mint']",camphoreous;mint,True,False
2944,MOL_001361,Decenal,21661-97-2,21661-97-2,True,True,CC/C=C\CCCCCC=O,CC/C=C\CCCCCC=O,True,"['cucumber', 'aldehydic', 'citrus']",cucumber;aldehydic;citrus,True,False
2455,MOL_001362,Decenal,21662-08-8,21662-08-8,True,True,CCCC/C=C\CCCC=O,CCCC/C=C\CCCC=O,True,"['citrus', 'green', 'fatty', 'fruity', 'melon', 'fresh']",citrus;green;fatty;fruity;melon;fresh,True,False
452,MOL_001363,Decenal,21662-09-9,21662-09-9,True,True,CCC/C=C/C=C/CCCO,CCC/C=C/C=C/CCCO,True,"['citrus', 'waxy', 'orange', 'floral']",citrus;waxy;orange;floral,True,False
672,MOL_001364,Dodecadienal,21662-13-5,21662-13-5,True,True,CCCCC/C=C/CC/C=C/C=O,CCCCC/C=C/CC/C=C/C=O,True,"['fatty', 'waxy', 'citrus', 'melon']",fatty;waxy;citrus;melon,True,False
673,MOL_001365,Dodecadienal,21662-16-8,21662-16-8,True,True,CCCCCCC/C=C/C=C/C=O,CCCCCCC/C=C/C=C/C=O,True,"['meaty', 'fatty', 'orange', 'grapefruit']",meaty;fatty;orange;grapefruit,True,False
2557,MOL_001366,Ethylformylpyrrole,2167-14-8,2167-14-8,True,True,CCn1cccc1C=O,CCn1cccc1C=O,True,"['burnt', 'roasted']",burnt;roasted,True,False
405,MOL_001367,Cyclohexaneethyl acetate,21722-83-8,21722-83-8,True,True,CC(=O)OCCC1CCCCC1,CC(=O)OCCC1CCCCC1,True,"['fruity', 'rose', 'sweet', 'mint']",fruity;rose;sweet;mint,True,False
138,MOL_001368,Amyl valerate,2173-56-0,2173-56-0,True,True,CCCCCOC(=O)CCCC,CCCCCOC(=O)CCCC,True,"['fruity', 'apple', 'ethereal']",fruity;apple;ethereal,True,False
1842,MOL_001369,Naphthyl isobutyl ether,2173-57-1,2173-57-1,True,True,CC(C)COc1ccc2ccccc2c1,CC(C)COc1ccc2ccccc2c1,True,"['fruity', 'strawberry', 'sweet']",fruity;strawberry;sweet,True,False
1532,MOL_001370,Methyl methylpentanoate,2177-77-7,2177-77-7,True,True,CCCC(C)C(=O)OC,CCCC(C)C(=O)OC,True,"['apple', 'green', 'fruity', 'melon', 'tropical', 'berry', 'pineapple', 'sweet']",apple;green;fruity;melon;tropical;berry;pineapple;sweet,True,False
482,MOL_001371,Diallyl disulfide,2179-57-9,2179-57-9,True,True,C=CCSSCC=C,C=CCSSCC=C,True,"['garlic', 'pungent']",garlic;pungent,True,False
97,MOL_001372,Allyl methyl disulfide,2179-58-0,2179-58-0,True,True,C=CCSSC,C=CCSSC,True,"['onion', 'sulfurous', 'garlic']",onion;sulfurous;garlic,True,False
107,MOL_001373,Allyl propyl disulphide,2179-59-1,2179-59-1,True,True,C=CCSSCCC,C=CCSSCCC,True,"['onion', 'alliaceous', 'garlic', 'savory']",onion;alliaceous;garlic;savory,True,False
1565,MOL_001374,Methyl propyl disulfide,2179-60-4,2179-60-4,True,True,CCCSSC,CCCSSC,True,"['onion', 'garlic', 'vegetable', 'radish']",onion;garlic;vegetable;radish,True,False
1748,MOL_001375,Methylphenylhexenal,21834-92-4,21834-92-4,True,True,CC(C)C/C=C(/C=O)c1ccccc1,CC(C)C/C=C(/C=O)c1ccccc1,True,['cocoa'],cocoa,True,False
3611,MOL_001376,hydroxydimethyl cyclopentenone,21835-00-7,21835-00-7,True,True,CC1CC(=O)C(=C1C)O,CC1=C(O)C(=O)CC1C,True,['caramellic'],caramellic,True,False
857,MOL_001377,Ethylhydroxycyclopentenone,21835-01-8,21835-01-8,True,True,CCC1=C(O)C(=O)CC1,CCC1=C(O)C(=O)CC1,True,"['caramellic', 'sweet']",caramellic;sweet,True,False
2591,MOL_001378,Anisaldehyde dimethyl acetal,2186-92-7,2186-92-7,True,True,COc1ccc(C(OC)OC)cc1,COc1ccc(C(OC)OC)cc1,True,"['spicy', 'anisic', 'green', 'floral']",spicy;anisic;green;floral,True,False
3612,MOL_001379,(±)-trans-patchouli hexanol,21862-63-5,21862-63-5,True,True,CC(C)(C)[C@H]1CC[C@H](O)CC1,CC(C)(C)[C@H]1CC[C@H](O)CC1,True,"['woody', 'earthy']",woody;earthy,True,False
1310,MOL_001380,Isopropyl levulinate,21884-26-4,21884-26-4,True,True,CC(=O)CCC(=O)OC(C)C,CC(=O)CCC(=O)OC(C)C,True,"['fruity', 'banana', 'melon', 'sweet']",fruity;banana;melon;sweet,True,False
3613,MOL_001381,"(Z,Z)-3,6-nonadienal",21944-83-2,21944-83-2,True,True,CC/C=C\C/C=C\CC=O,CC/C=C\C/C=C\CC=O,True,"['fatty', 'fresh', 'cucumber']",fatty;fresh;cucumber,True,False
3165,MOL_001382,Dodecenal,21944-98-9,21944-98-9,True,True,CCCCCCC/C=C\CCC=O,CCCCCCC/C=C\CCC=O,True,"['fishy', 'citrus']",fishy;citrus,True,False
2209,MOL_001383,Pyrazinyl methyl sulfide,21948-70-9,21948-70-9,True,True,CSc1cnccn1,CSc1cnccn1,True,"['alliaceous', 'nutty', 'cocoa', 'hazelnut', 'sweet']",alliaceous;nutty;cocoa;hazelnut;sweet,True,False
2558,MOL_001384,Nonenolide,21963-26-8,21963-26-8,True,True,CCCCCC1C=CC(=O)O1,CCCCCC1C=CC(=O)O1,True,"['hay', 'fatty', 'coconut', 'coumarinic']",hay;fatty;coconut;coumarinic,True,False
1898,MOL_001385,Nonenol,21964-44-3,21964-44-3,True,True,C=CC(O)CCCCCC,C=CC(O)CCCCCC,True,"['oily', 'earthy', 'sweet', 'mushroom']",oily;earthy;sweet;mushroom,True,False
1200,MOL_001386,Isoamyl hexanoate,2198-61-0,2198-61-0,True,True,CCCCCC(=O)OCCC(C)C,CCCCCC(=O)OCCC(C)C,True,"['apple', 'fruity', 'banana', 'waxy', 'pineapple']",apple;fruity;banana;waxy;pineapple,True,False
1179,MOL_001387,Ionol,22029-76-1,22029-76-1,True,True,CC1=C(/C=C/C(C)O)C(C)(C)CCC1,CC1=C(/C=C/C(C)O)C(C)(C)CCC1,True,"['fruity', 'violet', 'berry', 'woody', 'floral']",fruity;violet;berry;woody;floral,True,False
1184,MOL_001388,Ionyl acetate,22030-19-9,22030-19-9,True,True,CC(=O)OC(C)/C=C/C1=C(C)CCCC1(C)C,CC(=O)OC(C)/C=C/C1=C(C)CCCC1(C)C,True,"['woody', 'fruity']",woody;fruity,True,False
65,MOL_001389,Acetylpyrazine,22047-25-2,22047-25-2,True,True,CC(=O)c1cnccn1,CC(=O)c1cnccn1,True,"['nutty', 'bread', 'popcorn']",nutty;bread;popcorn,True,False
2498,MOL_001390,Acetylmethylpyrazine,22047-26-3,22047-26-3,True,True,CC(=O)Cc1cnccn1,CC(=O)Cc1cnccn1,True,"['nutty', 'bread', 'popcorn']",nutty;bread;popcorn,True,False
2497,MOL_001391,Acetylmethylpyrazine,22047-27-4,22047-27-4,True,True,CC(=O)c1cnc(C)cn1,CC(=O)c1cnc(C)cn1,True,"['nutty', 'bread', 'popcorn']",nutty;bread;popcorn,True,False
3614,MOL_001392,indocolore (Firmenich),2206-94-2,2206-94-2,True,True,O=C(O\C(=C)c1ccccc1)C,C=C(OC(C)=O)c1ccccc1,True,"['animal', 'floral', 'phenolic']",animal;floral;phenolic,True,False
2128,MOL_001393,Prenyl ethyl ether,22094-00-4,22094-00-4,True,True,CCOCC=C(C)C,CCOCC=C(C)C,True,"['alcoholic', 'sharp', 'brandy']",alcoholic;sharp;brandy,True,False
3615,MOL_001394,2-octen-1-ol,22104-78-5,22104-78-5,True,True,CCCCCC=CCO,CCCCCC=CCO,True,"['green', 'vegetable']",green;vegetable,True,False
3616,MOL_001395,2-nonen-1-ol,22104-79-6,22104-79-6,True,True,CCCCCCC=CCO,CCCCCCC=CCO,True,"['sweet', 'fatty', 'melon', 'cucumber', 'vegetable']",sweet;fatty;melon;cucumber;vegetable,True,False
460,MOL_001396,Decenol,22104-80-9,22104-80-9,True,True,CCCCCCCC=CCO,CCCCCCCC=CCO,True,"['rose', 'citrus', 'fatty', 'waxy', 'floral']",rose;citrus;fatty;waxy;floral,True,False
2930,MOL_001397,Dodecenol,22104-81-0,22104-81-0,True,True,CCCCCCCCC/C=C/CO,CCCCCCCCC/C=C/CO,True,"['fatty', 'citrus']",fatty;citrus,True,False
1594,MOL_001398,Methylbenzyl acetate,2216-45-7,2216-45-7,True,True,CC(=O)OCc1ccc(C)cc1,CC(=O)OCc1ccc(C)cc1,True,"['fruity', 'anisic', 'cherry', 'floral', 'sweet']",fruity;anisic;cherry;floral;sweet,True,False
1400,MOL_001399,Menthol,2216-51-5,2216-51-5,True,True,CC(C)[C@@H]1CC[C@@H](C)C[C@H]1O,CC(C)[C@@H]1CC[C@@H](C)C[C@H]1O,True,['mint'],mint,True,False
1844,MOL_001400,Neomenthol,2216-52-6,2216-52-6,True,True,CC(C)[C@H]1CC[C@@H](C)CC1O,CC(C)[C@H]1CC[C@@H](C)CC1O,True,"['pine', 'camphoreous', 'musty', 'mint']",pine;camphoreous;musty;mint,True,False
1450,MOL_001401,Methoxynaphthalene,2216-69-5,2216-69-5,True,True,COc1cccc2ccccc12,COc1cccc2ccccc12,True,['orange'],orange,True,False
2774,MOL_001402,Heptyl propionate,2216-81-1,2216-81-1,True,True,CCCCCCCOC(=O)CC,CCCCCCCOC(=O)CC,True,"['fruity', 'winey', 'waxy']",fruity;winey;waxy,True,False
2282,MOL_001403,Tetrahydrofurfuryl butyrate,2217-33-6,2217-33-6,True,True,CCCC(=O)OCC1CCCO1,CCCC(=O)OCC1CCCO1,True,"['apricot', 'fruity', 'tropical', 'pineapple', 'sweet']",apricot;fruity;tropical;pineapple;sweet,True,False
3617,MOL_001404,2-tert-butyl-6-methyl phenol,2219-82-1,2219-82-1,True,True,CC1=C(C(=CC=C1)C(C)(C)C)O,Cc1cccc(C(C)(C)C)c1O,True,"['phenolic', 'leathery', 'medicinal']",phenolic;leathery;medicinal,True,False
3289,MOL_001405,Acetylthiohexanal,22236-44-8,22236-44-8,True,True,CCCCC(C=O)SC(C)=O,CCCCC(C=O)SC(C)=O,True,"['grapefruit', 'sweet', 'citrus']",grapefruit;sweet;citrus,True,False
3618,MOL_001406,patchouli ethanol,2226-05-3,2226-05-3,True,True,CC2(C)C(=C\CO)\C1CCC2C1,CC1(C)/C(=C/CO)C2CCC1C2,True,"['dry', 'woody', 'earthy', 'camphoreous', 'mint']",dry;woody;earthy;camphoreous;mint,True,False
1404,MOL_001407,Menthyl formate,2230-90-2,2230-90-2,True,True,CC1CCC(C(C)C)C(OC=O)C1,CC1CCC(C(C)C)C(OC=O)C1,True,"['green', 'earthy', 'fresh', 'herbal', 'floral', 'mint']",green;earthy;fresh;herbal;floral;mint,True,False
3619,MOL_001408,phenyl ethylidene acetone,2235-83-8,2235-83-8,True,True,CC(=O)CCCC1=CC=CC=C1,CC(=O)CCCc1ccccc1,True,['floral'],floral,True,False
2184,MOL_001409,Propyl palmitate,2239-78-3,2239-78-3,True,True,CCCCCCCCCCCCCCCC(=O)OCCC,CCCCCCCCCCCCCCCC(=O)OCCC,True,['odorless'],odorless,True,False
3620,MOL_001410,spirogalbanone (Givaudan),224031-70-3,224031-70-3,True,True,C=CCCC(=O)C\2=C\CCC1(CCCC1)C/2,C=CCCC(=O)C1=CCCC2(CCCC2)C1,True,"['green', 'fruity', 'pineapple']",green;fruity;pineapple,True,False
3621,MOL_001411,"3,5,5-trimethyl-2-methylene hexanal",22414-70-6,22414-70-6,True,True,O=C/C(=C)C(C)CC(C)(C)C,C=C(C=O)C(C)CC(C)(C)C,True,"['mint', 'camphoreous']",mint;camphoreous,True,False
3622,MOL_001412,alpha-methylene citronellal,22418-66-2,22418-66-2,True,True,CC(CCC=C(C)C)C(=C)C=O,C=C(C=O)C(C)CCC=C(C)C,True,"['citrus', 'fresh', 'green', 'woody']",citrus;fresh;green;woody,True,False
2970,MOL_001413,Undecene,2244-02-2,2244-02-2,True,True,C/C=C/CCCCCCCC,C/C=C/CCCCCCCC,True,['gasoline'],gasoline,True,False
3623,MOL_001414,dextro-carvone,2244-16-8,2244-16-8,True,True,CC1=CC[C@@H](CC1=O)C(=C)C,C=C(C)[C@H]1CC=C(C)C(=O)C1,True,"['spicy', 'bread']",spicy;bread,True,False
3624,MOL_001415,bulnesol,22451-73-6,22451-73-6,True,True,CC1CCC2=C(CCC(CC12)C(C)(C)O)C,CC1=C2CCC(C)C2CC(C(C)(C)O)CC1,True,['spicy'],spicy,True,False
3625,MOL_001416,leafy oxime,22457-23-4,22457-23-4,True,True,CCC(C)CC(=NO)CC,CCC(CC(C)CC)=NO,True,"['green', 'fruity', 'leafy', 'woody']",green;fruity;leafy;woody,True,False
3626,MOL_001417,citronellal oxime,22457-25-6,22457-25-6,True,True,N(O)=CCC(CC\C=C(/C)C)C,CC(C)=CCCC(C)CC=NO,True,['citrus'],citrus,True,False
3627,MOL_001418,thesaron (Takasago),22471-55-2,22471-55-2,True,True,O=C(OCC)[C@@H]1[C@@H](C)CCCC1(C)C,CCOC(=O)[C@@H]1[C@@H](C)CCCC1(C)C,True,"['fruity', 'floral', 'rose', 'balsamic']",fruity;floral;rose;balsamic,True,False
2812,MOL_001419,Methoxyethyl acetoacetate,22502-03-0,22502-03-0,True,True,COCCOC(=O)CC(C)=O,COCCOC(=O)CC(C)=O,True,"['fermented', 'fruity', 'sweet']",fermented;fruity;sweet,True,False
2575,MOL_001420,Isopropyl isothiocyanate,2253-73-8,2253-73-8,True,True,CC(C)N=C=S,CC(C)N=C=S,True,"['pungent', 'horseradish']",pungent;horseradish,True,False
2035,MOL_001421,Phenethyl isothiocyanate,2257-09-2,2257-09-2,True,True,S=C=NCCc1ccccc1,S=C=NCCc1ccccc1,True,"['spicy', 'radish', 'horseradish', 'vegetable', 'pungent']",spicy;radish;horseradish;vegetable;pungent,True,False
2456,MOL_001422,Octenone,22610-86-2,22610-86-2,True,True,CCC=CCCC(C)=O,CCC=CCCC(C)=O,True,"['green', 'fatty', 'earthy', 'herbal']",green;fatty;earthy;herbal,True,False
3628,MOL_001423,"(3S,6S)-(Z)-linalool oxide (pyranoid)",22628-11-1,22628-11-1,True,True,C[C@]1(CC[C@@H](C(O1)(C)C)O)C=C,C=C[C@]1(C)CC[C@H](O)C(C)(C)O1,True,"['sweet', 'floral', 'creamy']",sweet;floral;creamy,True,False
3629,MOL_001424,waxy nitrile,22629-49-8,22629-49-8,True,True,CCCCCCCCCCC=CC#N,CCCCCCCCCCC=CC#N,True,"['citrus', 'waxy', 'fresh', 'aldehydic']",citrus;waxy;fresh;aldehydic,True,False
2361,MOL_001425,Trimethyloxazoline,22694-96-8,22694-96-8,True,True,CC1=N[C@@H](C)O[C@H]1C,CC1=N[C@@H](C)O[C@H]1C,True,"['vegetable', 'green', 'nutty', 'cocoa', 'woody', 'musty']",vegetable;green;nutty;cocoa;woody;musty,True,False
545,MOL_001426,Dihydrolinalool,2270-57-7,2270-57-7,True,True,CCC(C)(O)CCC=C(C)C,CCC(C)(O)CCC=C(C)C,True,"['floral', 'citrus']",floral;citrus,True,False
1482,MOL_001427,Methyl citronellate,2270-60-2,2270-60-2,True,True,COC(=O)CC(C)CCC=C(C)C,COC(=O)CC(C)CCC=C(C)C,True,"['apple', 'green', 'waxy', 'winey', 'floral', 'brandy']",apple;green;waxy;winey;floral;brandy,True,False
3630,MOL_001428,methyl 5-methyl salicylate,22717-57-3,22717-57-3,True,True,O=C(OC)c1cc(ccc1O)C,COC(=O)c1cc(C)ccc1O,True,"['mint', 'fruity', 'cherry', 'leathery']",mint;fruity;cherry;leathery,True,False
3631,MOL_001429,3-mercapto-2-methyl pentanol,227456-27-1,227456-27-1,True,True,CCC(C(C)CO)S,CCC(S)C(C)CO,True,"['sulfurous', 'onion']",sulfurous;onion,True,False
3632,MOL_001430,3-mercapto-2-methyl pentanal,227456-28-2,227456-28-2,True,True,CCC(C(C)C=O)S,CCC(S)C(C)C=O,True,"['sulfurous', 'onion', 'savory', 'roasted', 'beefy', 'chicken', 'alliaceous', 'garlic', 'tropical', 'dairy']",sulfurous;onion;savory;roasted;beefy;chicken;alliaceous;garlic;tropical;dairy,True,False
2443,MOL_001431,Mercaptomethylbutanol,227456-33-9,227456-33-9,True,True,CC(S)C(C)CO,CC(S)C(C)CO,True,"['meaty', 'green', 'onion']",meaty;green;onion,True,False
3180,MOL_001432,Nonenal,2277-16-9,2277-16-9,True,True,CCCC/C=C/CCC=O,CCCC/C=C/CCC=O,True,"['green', 'fruity', 'fatty', 'melon', 'waxy']",green;fruity;fatty;melon;waxy,True,False
1889,MOL_001433,Nonenal,2277-19-2,2277-19-2,True,True,CC/C=C\CCCCC=O,CC/C=C\CCCCC=O,True,"['fresh', 'cucumber', 'citrus']",fresh;cucumber;citrus,True,False
3282,MOL_001434,Nonenol,2277-20-5,2277-20-5,True,True,CC/C=C/CCCCC=O,CC/C=C/CCCCC=O,True,"['green', 'melon', 'tropical', 'fresh']",green;melon;tropical;fresh,True,False
2935,MOL_001435,Menthadienol,22771-44-4,22771-44-4,True,True,C=C(C)C1C=CC(C)(O)CC1,C=C(C)C1C=CC(C)(O)CC1,True,"['musty', 'floral', 'herbal']",musty;floral;herbal,True,False
2544,MOL_001436,Solanone,2278-53-7,2278-53-7,True,True,C=C(C)/C=C/C(CCC(C)=O)C(C)C,C=C(C)/C=C/C(CCC(C)=O)C(C)C,True,"['hay', 'tobacco', 'tea', 'aromatic']",hay;tobacco;tea;aromatic,True,False
3633,MOL_001437,dihydrocitronellyl ethyl ether,22810-10-2,22810-10-2,True,True,CCOCCC(C)CCCC(C)C,CCOCCC(C)CCCC(C)C,True,"['fresh', 'rose', 'citrus', 'green', 'herbal']",fresh;rose;citrus;green;herbal,True,False
2846,MOL_001438,Octyl crotonate,22874-79-9,22874-79-9,True,True,C/C=C\C(=O)OCCCCCCCC,C/C=C\C(=O)OCCCCCCCC,True,"['fruity', 'fresh', 'herbal', 'floral']",fruity;fresh;herbal;floral,True,False
3634,MOL_001439,neryl ethyl ether,22882-89-9,22882-89-9,True,True,CCOC/C=C(/C)\CCC=C(C)C,CCOC/C=C(/C)CCC=C(C)C,True,"['fresh', 'rose']",fresh;rose,True,False
834,MOL_001440,Ethylbenzaldehyde,22927-13-5,22927-13-5,True,True,CCc1ccccc1C=O,CCc1ccccc1C=O,True,"['spicy', 'almond']",spicy;almond,True,False
2016,MOL_001441,Pentylpyridine,2294-76-0,2294-76-0,True,True,CCCCCc1ccccn1,CCCCCc1ccccn1,True,"['green', 'fatty', 'vegetable', 'meaty']",green;fatty;vegetable;meaty,True,False
50,MOL_001442,Acetyldimethylfuran,22940-86-9,22940-86-9,True,True,CC(=O)c1oc(C)cc1C,CC(=O)c1oc(C)cc1C,True,"['nutty', 'balsamic', 'caramellic', 'roasted']",nutty;balsamic;caramellic;roasted,True,False
676,MOL_001443,Dodecalactone,2305-05-7,2305-05-7,True,True,CCCCCCCCC1CCC(=O)O1,CCCCCCCCC1CCC(=O)O1,True,"['fatty', 'fruity', 'peach']",fatty;fruity;peach,True,False
3635,MOL_001444,2-hexen-1-ol,2305-21-7,2305-21-7,True,True,CCCC=CCO,CCCC=CCO,True,"['fruity', 'green', 'leafy']",fruity;green;leafy,True,False
761,MOL_001445,Ethyl hydroxyhexanoate,2305-25-1,2305-25-1,True,True,CCCC(O)CC(=O)OCC,CCCC(O)CC(=O)OCC,True,"['citrus', 'green', 'fruity', 'grape', 'fresh', 'winey']",citrus;green;fruity;grape;fresh;winey,True,False
3636,MOL_001446,nerolidyl acetate,2306-78-7,2306-78-7,True,True,CC(=CCC/C(=C/CCC(C)(C=C)OC(=O)C)/C)C,C=CC(C)(CC/C=C(\C)CCC=C(C)C)OC(C)=O,True,"['fresh', 'sweet', 'citrus', 'waxy', 'floral', 'woody']",fresh;sweet;citrus;waxy;floral;woody,True,False
1969,MOL_001447,Octyl octanoate,2306-88-9,2306-88-9,True,True,CCCCCCCCOC(=O)CCCCCCC,CCCCCCCCOC(=O)CCCCCCC,True,"['tea', 'fatty', 'sweet', 'herbal']",tea;fatty;sweet;herbal,True,False
2712,MOL_001448,Decyl octanoate,2306-89-0,2306-89-0,True,True,CCCCCCCCCCOC(=O)CCCCCCC,CCCCCCCCCCOC(=O)CCCCCCC,True,"['citrus', 'oily', 'fruity', 'winey', 'floral']",citrus;oily;fruity;winey;floral,True,False
1195,MOL_001449,Isoamyl decanoate,2306-91-4,2306-91-4,True,True,CCCCCCCCCC(=O)OCCC(C)C,CCCCCCCCCC(=O)OCCC(C)C,True,"['green', 'oily', 'fruity', 'banana', 'waxy', 'cognac', 'winey']",green;oily;fruity;banana;waxy;cognac;winey,True,False
2847,MOL_001450,Octyl decanoate,2306-92-5,2306-92-5,True,True,CCCCCCCCCC(=O)OCCCCCCCC,CCCCCCCCCC(=O)OCCCCCCCC,True,"['oily', 'fatty', 'fruity']",oily;fatty;fruity,True,False
2188,MOL_001451,Propyl thioacetate,2307-10-0,2307-10-0,True,True,CCCSC(C)=O,CCCSC(C)=O,True,"['green', 'garlic', 'alliaceous', 'onion', 'fresh', 'sulfurous']",green;garlic;alliaceous;onion;fresh;sulfurous,True,False
1189,MOL_001452,Isoamyl acetoacetate,2308-18-1,2308-18-1,True,True,CC(=O)CC(=O)OCCC(C)C,CC(=O)CC(=O)OCCC(C)C,True,"['fruity', 'winey', 'sweet', 'ethereal']",fruity;winey;sweet;ethereal,True,False
209,MOL_001453,Bisabolol,23089-26-1,23089-26-1,True,True,CC(C)=CCC[C@](C)(O)[C@@H]1CC=C(C)CC1,CC(C)=CCC[C@](C)(O)[C@@H]1CC=C(C)CC1,True,"['lemon', 'fruity', 'floral']",lemon;fruity;floral,True,False
1307,MOL_001454,Isopropyl hexanoate,2311-46-8,2311-46-8,True,True,CCCCCC(=O)OC(C)C,CCCCCC(=O)OC(C)C,True,"['fruity', 'pineapple', 'sweet']",fruity;pineapple;sweet,True,False
1304,MOL_001455,Isopropyl decanoate,2311-59-3,2311-59-3,True,True,CCCCCCCCCC(=O)OC(C)C,CCCCCCCCCC(=O)OC(C)C,True,"['green', 'fruity', 'oily', 'woody', 'vegetable']",green;fruity;oily;woody;vegetable,True,False
3637,MOL_001456,acetoin dimer,23147-57-1,23147-57-1,True,True,CC1C(OC(C(O1)(C)O)C)(C)O,CC1OC(C)(O)C(C)OC1(C)O,True,"['milky', 'creamy', 'buttery', 'dairy']",milky;creamy;buttery;dairy,True,False
1083,MOL_001457,Hexenyl formate,2315-09-5,2315-09-5,True,True,CC/C=C/CCOC=O,CC/C=C/CCOC=O,True,"['green', 'fruity', 'apple', 'sharp']",green;fruity;apple;sharp,True,False
2161,MOL_001458,Propyl benzoate,2315-68-6,2315-68-6,True,True,CCCOC(=O)c1ccccc1,CCCOC(=O)c1ccccc1,True,"['nutty', 'balsamic']",nutty;balsamic,True,False
1180,MOL_001459,Ionone epoxide,23267-57-4,23267-57-4,True,True,CC(=O)/C=C/C12OC1(C)CCCC2(C)C,CC(=O)/C=C/C12OC1(C)CCCC2(C)C,True,"['fruity', 'violet', 'orris', 'woody', 'floral', 'sweet']",fruity;violet;orris;woody;floral;sweet,True,False
3638,MOL_001460,"(1S,2R,5R)-(+)-isomenthol",23283-97-8,23283-97-8,True,True,C[C@@H]1CC[C@@H]([C@H](C1)O)C(C)C,CC(C)[C@H]1CC[C@@H](C)C[C@@H]1O,True,"['musty', 'sweet', 'herbal', 'earthy', 'camphoreous', 'hay']",musty;sweet;herbal;earthy;camphoreous;hay,True,False
1786,MOL_001461,Methylthioacetaldehyde,23328-62-3,23328-62-3,True,True,CCC=S,CCC=S,True,"['onion', 'alliaceous', 'potato', 'garlic']",onion;alliaceous;potato;garlic,True,False
3639,MOL_001462,geosmin,23333-91-7,23333-91-7,True,True,CC1CCCC2(C1(CCCC2)O)C,CC1CCCC2(C)CCCCC12O,True,"['fresh', 'earthy']",fresh;earthy,True,False
25,MOL_001463,Acetaldehyde hexyl isoamyl acetal,233665-90-2,233665-90-2,True,True,CCCCCCOC(C)OCCC(C)C,CCCCCCOC(C)OCCC(C)C,True,"['green', 'fruity', 'alcoholic', 'ethereal']",green;fruity;alcoholic;ethereal,True,False
59,MOL_001464,Acetylethylthiazole,233665-91-3,233665-91-3,True,True,CC(=O)CCc1nccs1,CC(=O)CCc1nccs1,True,"['nutty', 'burnt', 'roasted']",nutty;burnt;roasted,True,False
789,MOL_001465,Ethyl methylthiobutyrate,233665-96-8,233665-96-8,True,True,CCOC(=S)C(C)CC,CCOC(=S)C(C)CC,True,"['ripe', 'vegetable', 'fruity', 'earthy', 'tropical', 'sulfurous', 'cheesy']",ripe;vegetable;fruity;earthy;tropical;sulfurous;cheesy,True,False
790,MOL_001466,Ethyl methylthiopentanoate,233665-98-0,233665-98-0,True,True,CCCC(C)C(=S)OCC,CCCC(C)C(=S)OCC,True,"['green', 'fruity', 'sulfurous', 'tropical']",green;fruity;sulfurous;tropical,True,False
1081,MOL_001467,Hexenyl ethylbutyrate,233666-04-1,233666-04-1,True,True,CCCCC=COC(=O)C(CC)CC,CCCCC=COC(=O)C(CC)CC,True,"['green', 'fruity', 'apple']",green;fruity;apple,True,False
1927,MOL_001468,Octanediol,23433-05-8,23433-05-8,True,True,CCCCCC(O)CCO,CCCCCC(O)CCO,True,['musty'],musty,True,False
2063,MOL_001469,Phenylbutanol,2344-70-9,2344-70-9,True,True,CC(O)CCc1ccccc1,CC(O)CCc1ccccc1,True,"['fruity', 'floral', 'herbal']",fruity;floral;herbal,True,False
1854,MOL_001470,Neryl isobutyrate,2345-24-6,2345-24-6,True,True,CC(C)=CCC/C(C)=C\COC(=O)C(C)C,CC(C)=CCC/C(C)=C\COC(=O)C(C)C,True,"['rose', 'floral', 'sweet']",rose;floral;sweet,True,False
952,MOL_001471,Geranyl isobutyrate,2345-26-8,2345-26-8,True,True,CC(C)=CCC/C(C)=C/COC(=O)C(C)C,CC(C)=CCC/C(C)=C/COC(=O)C(C)C,True,"['fruity', 'rose', 'sweet']",fruity;rose;sweet,True,False
2276,MOL_001472,Tetradecanone,2345-27-9,2345-27-9,True,True,CCCCCCCCCCCCC(C)=O,CCCCCCCCCCCCC(C)=O,True,"['oily', 'milky', 'spicy']",oily;milky;spicy,True,False
1986,MOL_001473,Pentadecanone,2345-28-0,2345-28-0,True,True,CCCCCCCCCCCCCC(C)=O,CCCCCCCCCCCCCC(C)=O,True,"['fruity', 'fatty', 'waxy', 'dairy']",fruity;fatty;waxy;dairy,True,False
2499,MOL_001474,Methylthiazoline,2346-00-1,2346-00-1,True,True,CC1=NCCS1,CC1=NCCS1,True,"['meaty', 'roasted', 'green', 'earthy', 'nutty', 'musty']",meaty;roasted;green;earthy;nutty;musty,True,False
1119,MOL_001475,Hexyl isobutyrate,2349-07-7,2349-07-7,True,True,CCCCCCOC(=O)C(C)C,CCCCCCOC(=O)C(C)C,True,"['apple', 'green', 'fruity', 'pear', 'tropical', 'sweet']",apple;green;fruity;pear;tropical;sweet,True,False
1024,MOL_001476,Heptyl isobutyrate,2349-13-5,2349-13-5,True,True,CCCCCCCOC(=O)C(C)C,CCCCCCCOC(=O)C(C)C,True,"['fruity', 'tropical', 'herbal']",fruity;tropical;herbal,True,False
2853,MOL_001477,Phenoxyethyl propionate,23495-12-7,23495-12-7,True,True,CCC(=O)OCCOc1ccccc1,CCC(=O)OCCOc1ccccc1,True,['fruity'],fruity,True,False
3640,MOL_001478,ethyl 2-octenoate,2351-90-8,2351-90-8,True,True,CCCCCC=CC(=O)OCC,CCCCCC=CC(=O)OCC,True,"['fruity', 'green', 'pineapple', 'pear', 'waxy', 'tropical', 'animal']",fruity;green;pineapple;pear;waxy;tropical;animal,True,False
2049,MOL_001479,Phenoxyethyl butyrate,23511-70-8,23511-70-8,True,True,CCCC(=O)OCCOc1ccccc1,CCCC(=O)OCCOc1ccccc1,True,"['honey', 'fruity', 'floral']",honey;fruity;floral,True,False
1801,MOL_001480,Methylthiomethylpentanone,23550-40-5,23550-40-5,True,True,CSC(C)(C)CC(C)=O,CSC(C)(C)CC(C)=O,True,"['green', 'fruity', 'catty']",green;fruity;catty,True,False
2582,MOL_001481,Acetaldehyde dibenzyl acetal,23556-90-3,23556-90-3,True,True,CC(OCc1ccccc1)OCc1ccccc1,CC(OCc1ccccc1)OCc1ccccc1,True,"['green', 'fruity', 'sweet']",green;fruity;sweet,True,False
3641,MOL_001482,"2,4-decadienal",2363-88-4,2363-88-4,True,True,CCCCCC=CC=CC=O,CCCCCC=CC=CC=O,True,"['orange', 'sweet', 'fresh', 'citrus', 'fatty', 'green', 'oily', 'chicken']",orange;sweet;fresh;citrus;fatty;green;oily;chicken,True,False
1936,MOL_001483,Octenal,2363-89-5,2363-89-5,True,True,CCCCC/C=C/C=O,CCCCC/C=C/C=O,True,"['green', 'fatty', 'vegetable']",green;fatty;vegetable,True,False
3642,MOL_001484,musk methyl propionate,236391-76-7,236391-76-7,True,True,CCC(=O)OCC(=O)OC(C)C1CCCC(C1)(C)C,CCC(=O)OCC(=O)OC(C)C1CCCC(C)(C)C1,True,"['musk', 'fruity', 'berry']",musk;fruity;berry,True,False
2824,MOL_001485,Methyl thioglycolate,2365-48-2,2365-48-2,True,True,COC(=O)CS,COC(=O)CS,True,"['green', 'sulfurous', 'fruity', 'alliaceous']",green;sulfurous;fruity;alliaceous,True,False
657,MOL_001486,Dimethyltrithiolane,23654-92-4,23654-92-4,True,True,CC1SSC(C)S1,CC1SSC(C)S1,True,"['onion', 'chicken', 'meaty']",onion;chicken;meaty,True,False
428,MOL_001487,Damascenone,23696-85-7,23696-85-7,True,True,C/C=C/C(=O)C1=C(C)C=CCC1(C)C,C/C=C/C(=O)C1=C(C)C=CCC1(C)C,True,"['apple', 'rose', 'fruity', 'tobacco', 'plum', 'tea', 'floral']",apple;rose;fruity;tobacco;plum;tea;floral,True,False
3643,MOL_001488,2-octenyl acetate,2371-13-3,2371-13-3,True,True,CC(=O)OCC=CCCCCC,CCCCCC=CCOC(C)=O,True,"['melon', 'pear', 'tropical', 'earthy']",melon;pear;tropical;earthy,True,False
3644,MOL_001489,2-methyl isoborneol,2371-42-8,2371-42-8,True,True,CC1(C2CCC1(C(C2)(C)O)C)C,CC1(O)CC2CCC1(C)C2(C)C,True,"['earthy', 'musty']",earthy;musty,True,False
431,MOL_001490,Damascone,23726-91-2,23726-91-2,True,True,C/C=C/C(=O)C1=C(C)CCCC1(C)C,C/C=C/C(=O)C1=C(C)CCCC1(C)C,True,"['rose', 'tobacco', 'plum', 'honey', 'black currant']",rose;tobacco;plum;honey;black currant,True,False
430,MOL_001491,Damascone,23726-92-3,23726-92-3,True,True,C/C=C\C(=O)C1=C(C)CCCC1(C)C,C/C=C\C(=O)C1=C(C)CCCC1(C)C,True,"['rose', 'tobacco', 'plum', 'honey', 'black currant']",rose;tobacco;plum;honey;black currant,True,False
3645,MOL_001492,(E)-beta-damascenone,23726-93-4,23726-93-4,True,True,C/C=C/C(=O)C1=C(C=CCC1(C)C)C,C/C=C/C(=O)C1=C(C)C=CCC1(C)C,True,"['apple', 'rose', 'honey', 'tobacco', 'sweet']",apple;rose;honey;tobacco;sweet,True,False
3646,MOL_001493,(Z)-alpha-damascone,23726-94-5,23726-94-5,True,True,C/C=C\C(=O)C1C(=CCCC1(C)C)C,C/C=C\C(=O)C1C(C)=CCCC1(C)C,True,"['floral', 'rose', 'apple', 'fruity']",floral;rose;apple;fruity,True,False
2457,MOL_001494,Propionylmethylfuran,23747-34-4,23747-34-4,True,True,CCC(=O)c1occc1C,CCC(=O)c1occc1C,True,"['hay', 'caramellic', 'roasted', 'nutty', 'coumarinic']",hay;caramellic;roasted;nutty;coumarinic,True,False
782,MOL_001495,Ethyl methyldithiopropionate,23747-43-5,23747-43-5,True,True,CCOC(=O)C(C)SSC,CCOC(=O)C(C)SSC,True,"['green', 'fruity', 'tropical', 'onion', 'sulfurous', 'pineapple']",green;fruity;tropical;onion;sulfurous;pineapple,True,False
1431,MOL_001496,Methanethiol isovalerate,23747-45-7,23747-45-7,True,True,CSC(=O)CC(C)C,CSC(=O)CC(C)C,True,"['creamy', 'fermented', 'dairy', 'vegetable', 'cheesy']",creamy;fermented;dairy;vegetable;cheesy,True,False
1650,MOL_001497,Methyldihydrocyclopentapyrazine,23747-48-0,23747-48-0,True,True,C[C@@H]1CCC2=C1N=CCN2,C[C@@H]1CCC2=C1N=CCN2,True,"['roasted', 'earthy', 'nutty', 'hazelnut', 'potato']",roasted;earthy;nutty;hazelnut;potato,True,False
3647,MOL_001498,"2,4,6-trimethyl-1,3,5-trithiane",23769-39-3,23769-39-3,True,True,CC1SC(SC(S1)C)C,CC1SC(C)SC(C)S1,True,"['sulfurous', 'onion']",sulfurous;onion,True,False
62,MOL_001499,Acetylmethylpyrazine,23787-80-6,23787-80-6,True,True,CC(=O)c1nccnc1C,CC(=O)c1nccnc1C,True,"['roasted', 'nutty', 'cocoa', 'hazelnut', 'coffee', 'popcorn']",roasted;nutty;cocoa;hazelnut;coffee;popcorn,True,False
3648,MOL_001500,isolongifolene ketone,23787-90-8,23787-90-8,True,True,CC1(CCC(=O)C2C13CCC(C3)C2(C)C)C,CC1(C)C2CCC3(C2)C1C(=O)CCC3(C)C,True,"['dry', 'woody', 'earthy', 'tobacco', 'balsamic']",dry;woody;earthy;tobacco;balsamic,True,False
644,MOL_001501,Dimethylquinoxaline,2379-55-7,2379-55-7,True,True,Cc1nc2ccccc2nc1C,Cc1nc2ccccc2nc1C,True,"['fatty', 'roasted']",fatty;roasted,True,False
3649,MOL_001502,agarospirol,23811-08-7,23811-08-7,True,True,C[C@H]1CCC=C(C12CC[C@H](C2)C(C)(C)O)C,CC1=CCC[C@H](C)C12CC[C@@H](C(C)(C)O)C2,True,"['spicy', 'woody']",spicy;woody,True,False
1424,MOL_001503,Mercaptopinane,23832-18-0,23832-18-0,True,True,CC1(S)CCC2CC1C2(C)C,CC1(S)CCC2CC1C2(C)C,True,"['green', 'sulfurous', 'fruity', 'tropical']",green;sulfurous;fruity;tropical,True,False
3650,MOL_001504,(R)-(+)-citronellal,2385-77-5,2385-77-5,True,True,C[C@H](CCC=C(C)C)CC=O,CC(C)=CCC[C@@H](C)CC=O,True,"['fresh', 'herbal', 'citrus']",fresh;herbal;citrus,True,False
5,MOL_001505,Acetaldehyde butyl isoamyl acetal,238757-27-2,238757-27-2,True,True,CCCCOC(C)OCCC(C)C,CCCCOC(C)OCCC(C)C,True,"['vegetable', 'alcoholic', 'ethereal', 'green', 'cognac']",vegetable;alcoholic;ethereal;green;cognac,True,False
2141,MOL_001506,Propanal ethyl methylbutyl acetal,238757-30-7,238757-30-7,True,True,CCCC(C)OC(CC)OCC,CCCC(C)OC(CC)OCC,True,"['green', 'fermented', 'alcoholic', 'ethereal']",green;fermented;alcoholic;ethereal,True,False
227,MOL_001507,Butanal ethyl isoamyl acetal,238757-30-7,238757-30-7,True,True,CCCC(OCC)OCCC(C)C,CCCC(OCC)OCCC(C)C,True,"['alcoholic', 'ethereal', 'green', 'fruity', 'fermented']",alcoholic;ethereal;green;fruity;fermented,True,False
1224,MOL_001508,Isobutanal ethyl propyl acetal,238757-42-1,238757-42-1,True,True,CCCOC(OCC)C(C)C,CCCOC(OCC)C(C)C,True,"['alcoholic', 'ethereal', 'malty', 'green', 'cocoa', 'fermented']",alcoholic;ethereal;malty;green;cocoa;fermented,True,False
28,MOL_001509,Acetaldehyde methylbutyl propyl acetal,238757-63-6,238757-63-6,True,True,CCCOC(C)OC(C)CCC,CCCOC(C)OC(C)CCC,True,"['green', 'cognac', 'alcoholic', 'ethereal']",green;cognac;alcoholic;ethereal,True,False
1026,MOL_001510,Heptyl isovalerate,238757-71-6,238757-71-6,True,True,CCCCCC(C)OC(=O)CC(C)C,CCCCCC(C)OC(=O)CC(C)C,True,"['green', 'fruity', 'oily', 'herbal', 'winey']",green;fruity;oily;herbal;winey,True,False
3651,MOL_001511,nerolione (Symrise),23911-56-0,23911-56-0,True,True,CC1=C2C=CC=CC2=C(O1)C(=O)C,CC(=O)c1oc(C)c2ccccc12,True,['floral'],floral,True,False
1507,MOL_001512,Methyl hexenoate,2396-77-2,2396-77-2,True,True,CCC/C=C/C(=O)OC,CCC/C=C/C(=O)OC,True,"['green', 'fruity', 'sharp', 'musty']",green;fruity;sharp;musty,True,False
1508,MOL_001513,Methyl hexenoate,2396-78-3,2396-78-3,True,True,CC/C=C/CC(=O)OC,CC/C=C/CC(=O)OC,True,"['green', 'fruity', 'tropical', 'honey', 'pineapple']",green;fruity;tropical;honey;pineapple,True,False
757,MOL_001514,Ethyl hexenoate,2396-83-0,2396-83-0,True,True,CC/C=C/CC(=O)OCC,CC/C=C/CC(=O)OCC,True,"['green', 'fruity', 'pineapple']",green;fruity;pineapple,True,False
821,MOL_001515,Ethyl sorbate,2396-84-1,2396-84-1,True,True,C/C=C/C=C/C(=O)OCC,C/C=C/C=C/C(=O)OCC,True,"['green', 'fruity', 'tropical']",green;fruity;tropical,True,False
3652,MOL_001516,methyl 2-octenoate,2396-85-2,2396-85-2,True,True,CCCCCC=CC(=O)OC,CCCCCC=CC(=O)OC,True,"['fruity', 'pear', 'green', 'roasted']",fruity;pear;green;roasted,True,False
963,MOL_001517,Germacrene D,23986-74-5,23986-74-5,True,True,C=C1/C=C/C(C(C)C)CC/C(C)=C/CC1,C=C1/C=C/C(C(C)C)CC/C(C)=C/CC1,True,"['hay', 'tobacco', 'herbal', 'tea', 'woody', 'mint']",hay;tobacco;herbal;tea;woody;mint,True,False
2590,MOL_001518,Anisaldehyde diethyl acetal,2403-58-9,2403-58-9,True,True,CCOC(OCC)c1ccc(OC)cc1,CCOC(OCC)c1ccc(OC)cc1,True,"['spicy', 'herbal', 'anisic', 'floral', 'sweet']",spicy;herbal;anisic;floral;sweet,True,False
3025,MOL_001519,Tolualdehyde diethyl acetal,2403-59-0,2403-59-0,True,True,CCOC(OCC)c1ccc(C)cc1,CCOC(OCC)c1ccc(C)cc1,True,"['almond', 'herbal', 'cherry', 'floral', 'sweet']",almond;herbal;cherry;floral;sweet,True,False
2963,MOL_001520,Profarnesal (Symrise),24048-13-3,24048-13-3,True,True,CC(C)=CCC/C(C)=C/CCC(C)C=O,CC(C)=CCC/C(C)=C/CCC(C)C=O,True,"['fresh', 'aldehydic', 'floral']",fresh;aldehydic;floral,True,False
3653,MOL_001521,waxy undecadienol,24048-14-4,24048-14-4,True,True,CC(CCC=C(C)CCC=C(C)C)CO,CC(C)=CCCC(C)=CCCC(C)CO,True,"['waxy', 'aldehydic']",waxy;aldehydic,True,False
2203,MOL_001522,Propylthiazolidine,24050-10-0,24050-10-0,True,True,CCCC1NCCS1,CCCC1NCCS1,True,"['caramellic', 'radish', 'green', 'bread', 'pungent']",caramellic;radish;green;bread;pungent,True,False
1784,MOL_001523,Methylthiazolidine,24050-16-6,24050-16-6,True,True,CC1NCCS1,CC1NCCS1,True,"['fishy', 'sweet', 'meaty']",fishy;sweet;meaty,True,False
1070,MOL_001524,Hexenolactone,2407-43-4,2407-43-4,True,True,CCC1C=CC(=O)O1,CCC1C=CC(=O)O1,True,"['spicy', 'caramellic', 'fruity', 'coconut', 'coumarinic']",spicy;caramellic;fruity;coconut;coumarinic,True,False
106,MOL_001525,Allyl propionate,2408-20-0,2408-20-0,True,True,C=CCOC(=O)CC,C=CCOC(=O)CC,True,"['apple', 'sour', 'apricot', 'fruity', 'tropical', 'pear', 'pungent']",apple;sour;apricot;fruity;tropical;pear;pungent,True,False
2349,MOL_001526,Trimethylcyclohexanone,2408-37-9,2408-37-9,True,True,CC1CCCC(C)(C)C1=O,CC1CCCC(C)(C)C1=O,True,"['tobacco', 'camphoreous']",tobacco;camphoreous,True,False
3654,MOL_001527,2-tert-butyl-para-cresol,2409-55-4,2409-55-4,True,True,CC1=CC(=C(C=C1)O)C(C)(C)C,Cc1ccc(O)c(C(C)(C)C)c1,True,"['medicinal', 'leathery']",medicinal;leathery,True,False
2703,MOL_001528,Cyclohexyl benzoate,2412-73-9,2412-73-9,True,True,O=C(OC1CCCCC1)c1ccccc1,O=C(OC1CCCCC1)c1ccccc1,True,"['fruity', 'balsamic', 'floral', 'herbal']",fruity;balsamic;floral;herbal,True,False
1538,MOL_001529,Methyl methylvalerate,2412-80-8,2412-80-8,True,True,COC(=O)CCC(C)C,COC(=O)CCC(C)C,True,['fruity'],fruity,True,False
2364,MOL_001530,Trimethylphenol,2416-94-6,2416-94-6,True,True,Cc1ccc(C)c(O)c1C,Cc1ccc(C)c(O)c1C,True,"['spicy', 'leathery', 'woody', 'phenolic', 'smoky', 'medicinal']",spicy;leathery;woody;phenolic;smoky;medicinal,True,False
1445,MOL_001531,Methoxymethylpropylpyrazine,24168-70-5,24168-70-5,True,True,CCC(C)c1nccnc1OC,CCC(C)c1nccnc1OC,True,['green'],green,True,False
3655,MOL_001532,myrcenyl methyl ether,24202-00-4,24202-00-4,True,True,CC(C)(CCCC(=C)C=C)OC,C=CC(=C)CCCC(C)(C)OC,True,"['pine', 'balsamic', 'herbal']",pine;balsamic;herbal,True,False
3656,MOL_001533,geranium dihydropyran,24237-00-1,24237-00-1,True,True,CCCCC1C=C(CC(O1)C)C,CCCCC1C=C(C)CC(C)O1,True,"['floral', 'green', 'earthy', 'spicy', 'vegetable']",floral;green;earthy;spicy;vegetable,True,False
70,MOL_001534,Acetylthiazole,24295-03-2,24295-03-2,True,True,CC(=O)c1nccs1,CC(=O)c1nccs1,True,"['nutty', 'bread', 'popcorn']",nutty;bread;popcorn,True,False
3043,MOL_001535,Ethyl amylacetoacetate,24317-94-0,24317-94-0,True,True,CCCCCC(C(C)=O)C(=O)OCC,CCCCCC(C(C)=O)C(=O)OCC,True,"['green', 'fruity', 'herbal', 'winey', 'floral']",green;fruity;herbal;winey;floral,True,False
2729,MOL_001536,Ethyl acetyldecanoate,24317-95-1,24317-95-1,True,True,CCCCCCCCC(C(C)=O)C(=O)OCC,CCCCCCCCC(C(C)=O)C(=O)OCC,True,"['waxy', 'fruity', 'floral', 'herbal']",waxy;fruity;floral;herbal,True,False
814,MOL_001537,Ethyl propanethioate,2432-42-0,2432-42-0,True,True,CCSC(=O)CC,CCSC(=O)CC,True,"['vegetable', 'green', 'tropical', 'sulfurous', 'cheesy']",vegetable;green;tropical;sulfurous;cheesy,True,False
1575,MOL_001538,Methyl thiobutyrate,2432-51-1,2432-51-1,True,True,CCCC(=O)SC,CCCC(=O)SC,True,"['fruity', 'milky', 'cocoa', 'sweet', 'cheesy']",fruity;milky;cocoa;sweet;cheesy,True,False
3657,MOL_001539,S-(methyl thio) hexanoate,2432-77-1,2432-77-1,True,True,CCCCCC(=O)SC,CCCCCC(=O)SC,True,"['fruity', 'ethereal', 'green', 'tropical', 'cabbage', 'cheesy', 'fatty', 'floral']",fruity;ethereal;green;tropical;cabbage;cheesy;fatty;floral,True,False
3078,MOL_001540,Methyl octanethioate,2432-83-9,2432-83-9,True,True,CCCCCCCC(=S)OC,CCCCCCCC(=S)OC,True,"['cabbage', 'cheesy']",cabbage;cheesy,True,False
282,MOL_001541,Butyl methylbutanethioate,2432-91-9,2432-91-9,True,True,CCC(C)SC(=O)CC(C)C,CCC(C)SC(=O)CC(C)C,True,"['vegetable', 'green', 'fruity', 'tropical', 'sulfurous', 'cheesy']",vegetable;green;fruity;tropical;sulfurous;cheesy,True,False
3076,MOL_001542,Ethyl pentanethioate,2432-92-0,2432-92-0,True,True,CCCCC(=S)OCC,CCCCC(=S)OCC,True,"['fruity', 'cheesy']",fruity;cheesy,True,False
3173,MOL_001543,Ethyl hydroxymethylvalerate,24323-38-4,24323-38-4,True,True,CCCC(CO)C(=O)OCC,CCCC(CO)C(=O)OCC,True,"['fruity', 'berry']",fruity;berry,True,False
229,MOL_001544,Butanedithiol,24330-52-7,24330-52-7,True,True,CC(S)CCS,CC(S)CCS,True,"['onion', 'sulfurous', 'garlic']",onion;sulfurous;garlic,True,False
3658,MOL_001545,2-heptyl tetrahydrofuran,2435-16-7,2435-16-7,True,True,CCCCCCCC1CCCO1,CCCCCCCC1CCCO1,True,"['vegetable', 'waxy', 'rose', 'floral']",vegetable;waxy;rose;floral,True,False
3659,MOL_001546,dihydromyrcene,2436-90-0,2436-90-0,True,True,CC(CCC=C(C)C)C=C,C=CC(C)CCC=C(C)C,True,"['floral', 'rose', 'herbal', 'citrus', 'pine']",floral;rose;herbal;citrus;pine,True,False
3660,MOL_001547,dodecane nitrile,2437-25-4,2437-25-4,True,True,CCCCCCCCCCCC#N,CCCCCCCCCCCC#N,True,"['dry', 'citrus', 'orange', 'metallic', 'spicy']",dry;citrus;orange;metallic;spicy,True,False
3661,MOL_001548,(+)-terpinen-4-ol,2438-10-0,2438-10-0,True,True,CC1=CC[C@@](CC1)(C(C)C)O,CC1=CC[C@](O)(C(C)C)CC1,True,['musty'],musty,True,False
1630,MOL_001549,Methylbutyl propionate,2438-20-2,2438-20-2,True,True,CCC(=O)OCC(C)CC,CCC(=O)OCC(C)CC,True,"['apple', 'banana', 'fruity', 'melon', 'tropical', 'sweet']",apple;banana;fruity;melon;tropical;sweet,True,False
1747,MOL_001550,Methylphenylbutyraldehyde,2439-44-3,2439-44-3,True,True,CC(C)C(C=O)c1ccccc1,CC(C)C(C=O)c1ccccc1,True,"['green', 'fruity']",green;fruity,True,False
2076,MOL_001551,Phenylpentenal,24401-36-3,24401-36-3,True,True,C=CCC(C=O)c1ccccc1,C=CCC(C=O)c1ccccc1,True,"['fruity', 'tomato', 'chocolate']",fruity;tomato;chocolate,True,False
3662,MOL_001552,alpha-cadinene,24406-05-1,24406-05-1,True,True,CC(C)[C@@H]1C\C=C(\C)[C@@H]2CCC(\C)=C/[C@@H]12,CC1=C[C@@H]2[C@@H](CC1)C(C)=CC[C@H]2C(C)C,True,"['woody', 'dry']",woody;dry,True,False
3663,MOL_001553,ethyl 2-hydroxy-3-methyl butyrate,2441-06-7,2441-06-7,True,True,CCOC(=O)C(C(C)C)O,CCOC(=O)C(O)C(C)C,True,"['pineapple', 'strawberry', 'tea', 'honey']",pineapple;strawberry;tea;honey,True,False
1899,MOL_001554,Nonenone,24415-26-7,24415-26-7,True,True,C=CC(=O)CCCCCC,C=CC(=O)CCCCCC,True,['mushroom'],mushroom,True,False
1951,MOL_001555,Octenyl acetate,2442-10-6,2442-10-6,True,True,C=CC(CCCCC)OC(C)=O,C=CC(CCCCC)OC(C)=O,True,"['fruity', 'fresh', 'herbal', 'mushroom']",fruity;fresh;herbal;mushroom,True,False
3234,MOL_001556,Vomifoliol,24427-77-8,24427-77-8,True,True,CC1=CC(=O)CC(C)(C)[C@@]1(O)/C=C/[C@@H](C)O,CC1=CC(=O)CC(C)(C)[C@@]1(O)/C=C/[C@@H](C)O,True,"['woody', 'fruity', 'floral']",woody;fruity;floral,True,False
2787,MOL_001557,Hexyl levulinate,24431-34-3,24431-34-3,True,True,CCCCCCOC(=O)CCC(C)=O,CCCCCCOC(=O)CCC(C)=O,True,"['fruity', 'winey', 'caramellic', 'warm']",fruity;winey;caramellic;warm,True,False
1886,MOL_001558,Nonanoyl hydroxymethoxybenzylamide,2444-46-4,2444-46-4,True,True,CCCCCCCCC(=O)NCc1ccc(O)c(OC)c1,CCCCCCCCC(=O)NCc1ccc(O)c(OC)c1,True,['odorless'],odorless,True,False
485,MOL_001559,Diallyl tetrasulfide,2444-49-7,2444-49-7,True,True,C=CCSSSSCC=C,C=CCSSSSCC=C,True,"['roasted', 'alliaceous', 'garlic', 'savory', 'onion', 'sulfurous']",roasted;alliaceous;garlic;savory;onion;sulfurous,True,False
1247,MOL_001560,Isobutyl methylbutyrate,2445-67-2,2445-67-2,True,True,CCC(C)C(=O)OCC(C)C,CCC(C)C(=O)OCC(C)C,True,"['fruity', 'sweet']",fruity;sweet,True,False
1624,MOL_001561,Methylbutyl isobutyrate,2445-69-4,2445-69-4,True,True,CCC(C)COC(=O)C(C)C,CCC(C)COC(=O)C(C)C,True,['fruity'],fruity,True,False
130,MOL_001562,Amyl isobutyrate,2445-72-9,2445-72-9,True,True,CCCCCOC(=O)C(C)C,CCCCCOC(=O)C(C)C,True,"['apple', 'apricot', 'fruity', 'pineapple']",apple;apricot;fruity;pineapple,True,False
1128,MOL_001563,Hexyl propionate,2445-76-3,2445-76-3,True,True,CCCCCCOC(=O)CC,CCCCCCOC(=O)CC,True,"['sour', 'earthy', 'fruity', 'fermented']",sour;earthy;fruity;fermented,True,False
1625,MOL_001564,Methylbutyl methylbutanoate,2445-77-4,2445-77-4,True,True,CCC(C)COC(=O)CC(C)C,CCC(C)COC(=O)CC(C)C,True,"['apple', 'earthy', 'fruity', 'herbal', 'winey']",apple;earthy;fruity;herbal;winey,True,False
1626,MOL_001565,Methylbutyl methylbutyrate,2445-78-5,2445-78-5,True,True,CCC(C)COC(=O)C(C)CC,CCC(C)COC(=O)C(C)CC,True,"['apple', 'green', 'fruity', 'tropical', 'waxy', 'berry', 'pineapple']",apple;green;fruity;tropical;waxy;berry;pineapple,True,False
3664,MOL_001566,7-methyl coumarin,2445-83-2,2445-83-2,True,True,CC1=CC2=C(C=C1)C=CC(=O)O2,Cc1ccc2ccc(=O)oc2c1,True,"['sweet', 'coumarinic', 'coconut', 'orris']",sweet;coumarinic;coconut;orris,True,False
808,MOL_001567,Ethyl pentenoate,2445-93-4,2445-93-4,True,True,CC/C=C/C(=O)OCC,CC/C=C/C(=O)OCC,True,"['apple', 'fruity', 'banana', 'tropical']",apple;fruity;banana;tropical,True,False
2719,MOL_001568,Dimethylallyl acetate,24509-88-4,24509-88-4,True,True,C=CC(C)(C)OC(C)=O,C=CC(C)(C)OC(C)=O,True,"['green', 'fruity', 'banana', 'tropical']",green;fruity;banana;tropical,True,False
3665,MOL_001569,(S)-1-octen-3-ol,24587-53-9,24587-53-9,True,True,CCCCC[C@@H](C=C)O,C=C[C@@H](O)CCCCC,True,"['musty', 'grassy', 'herbal', 'green']",musty;grassy;herbal;green,True,False
1888,MOL_001570,Nonenal,2463-53-8,2463-53-8,True,True,CCCCCC/C=C\C=O,CCCCCC/C=C\C=O,True,"['fatty', 'melon', 'waxy', 'orris', 'cucumber']",fatty;melon;waxy;orris;cucumber,True,False
1000,MOL_001571,Heptenal,2463-63-0,2463-63-0,True,True,CCCC/C=C/C=O,CCCC/C=C/C=O,True,"['apple', 'green', 'fatty', 'fruity', 'fresh', 'vegetable', 'pungent', 'sweet']",apple;green;fatty;fruity;fresh;vegetable;pungent;sweet,True,False
2390,MOL_001572,Undecenal,2463-77-6,2463-77-6,True,True,CCCCCCCC/C=C/C=O,CCCCCCCC/C=C/C=O,True,"['citrus', 'fresh', 'lemon', 'orange', 'sweet']",citrus;fresh;lemon;orange;sweet,True,False
1421,MOL_001573,Mercaptooxopropionic acid,2464-23-5,2464-23-5,True,True,O=C(O)C(=O)CS,O=C(O)C(=O)CS,True,"['sulfurous', 'meaty', 'cheesy']",sulfurous;meaty;cheesy,True,False
1427,MOL_001574,Mercaptopropanone,24653-75-6,24653-75-6,True,True,CC(=O)CS,CC(=O)CS,True,"['meaty', 'garlic', 'onion', 'chicken', 'sulfurous']",meaty;garlic;onion;chicken;sulfurous,True,False
3666,MOL_001575,(E)-para-methoxycinnamaldehyde,24680-50-0,24680-50-0,True,True,COC1=CC=C(C=C1)\C=C\C=O,COc1ccc(/C=C/C=O)cc1,True,"['spicy', 'floral', 'sweet', 'cinnamon', 'cherry', 'vanilla']",spicy;floral;sweet;cinnamon;cherry;vanilla,True,False
1261,MOL_001576,Isobutylmethoxypyrazine,24683-00-9,24683-00-9,True,True,COc1nccnc1CC(C)C,COc1nccnc1CC(C)C,True,['green'],green,True,False
3667,MOL_001577,cis-herbal cyclohexane,24691-15-4,24691-15-4,True,True,CCO[C@@H]1C[C@@H](CC(C1)(C)C)C,CCO[C@@H]1C[C@H](C)CC(C)(C)C1,True,"['fresh', 'green', 'herbal', 'citrus', 'woody']",fresh;green;herbal;citrus;woody,True,False
3668,MOL_001578,bicyclogermacrene,24703-35-3,24703-35-3,True,True,C/C/1=C\CC/C(=C/C2C(C2(C)C)CC1)/C,C/C1=C\C2C(CC/C(C)=C/CC1)C2(C)C,True,"['green', 'woody']",green;woody,True,False
391,MOL_001579,Citronellyl tiglate,24717-85-9,24717-85-9,True,True,C/C=C(\C)C(=O)OCCC(C)CCC=C(C)C,C/C=C(\C)C(=O)OCCC(C)CCC=C(C)C,True,"['leafy', 'rose']",leafy;rose,True,False
3669,MOL_001580,bornyl isobutyrate,24717-86-0,24717-86-0,True,True,CC(C)C(=O)OC1CC2CCC1(C2(C)C)C,CC(C)C(=O)OC1CC2CCC1(C)C2(C)C,True,"['camphoreous', 'nutty', 'pine']",camphoreous;nutty;pine,True,False
3670,MOL_001581,(E)-alpha-damascone,24720-09-0,24720-09-0,True,True,C/C=C/C(=O)C1C(=CCCC1(C)C)C,C/C=C/C(=O)C1C(C)=CCCC1(C)C,True,"['floral', 'rose', 'apple', 'fruity', 'black currant', 'sweet', 'woody', 'green', 'berry']",floral;rose;apple;fruity;black currant;sweet;woody;green;berry,True,False
39,MOL_001582,Acetosyringone,2478-38-8,2478-38-8,True,True,COc1cc(C(C)=O)cc(OC)c1O,COc1cc(C(C)=O)cc(OC)c1O,True,"['spicy', 'vanilla', 'phenolic', 'balsamic', 'sweet']",spicy;vanilla;phenolic;balsamic;sweet,True,False
2857,MOL_001583,Phenylpropyl salicylate,24781-13-3,24781-13-3,True,True,O=C(OCCCc1ccccc1)c1ccccc1O,O=C(OCCCc1ccccc1)c1ccccc1O,True,"['balsamic', 'floral', 'sweet']",balsamic;floral;sweet,True,False
2038,MOL_001584,Phenethyl methylbutyrate,24817-51-4,24817-51-4,True,True,CCC(C)C(=O)OCCc1ccccc1,CCC(C)C(=O)OCCc1ccccc1,True,"['green', 'fruity', 'waxy', 'floral', 'sweet']",green;fruity;waxy;floral;sweet,True,False
1489,MOL_001585,Methyl decenoate,2482-39-5,2482-39-5,True,True,CCCCCCC/C=C/C(=O)OC,CCCCCCC/C=C/C(=O)OC,True,"['green', 'fruity', 'fatty', 'pear', 'tropical']",green;fruity;fatty;pear;tropical,True,False
1490,MOL_001586,Methyl dihydrojasmonate,24851-98-7,24851-98-7,True,True,CCCCCC1C(=O)CCC1CC(=O)OC,CCCCCC1C(=O)CCC1CC(=O)OC,True,"['fruity', 'floral', 'jasmine']",fruity;floral;jasmine,True,False
1075,MOL_001587,Hexenyl acetate,2497-18-9,2497-18-9,True,True,CCC/C=C/COC(C)=O,CCC/C=C/COC(C)=O,True,"['apple', 'green', 'banana', 'fruity', 'fresh', 'sweet']",apple;green;banana;fruity;fresh;sweet,True,False
1071,MOL_001588,Hexenone,2497-21-4,2497-21-4,True,True,C/C=C\C(=O)CC,C/C=C\C(=O)CC,True,"['spicy', 'green', 'tropical', 'metallic', 'horseradish', 'pungent', 'rum']",spicy;green;tropical;metallic;horseradish;pungent;rum,True,False
3671,MOL_001589,(Z)-2-decenal,2497-25-8,2497-25-8,True,True,CCCCCCC/C=C\C=O,CCCCCCC/C=C\C=O,True,['fatty'],fatty,True,False
2880,MOL_001590,Tricyclodecenyl acetate,2500-83-6,2500-83-6,True,True,CC(=O)OC1CC2CC1C1C=CCC21,CC(=O)OC1CC2CC1C1C=CCC21,True,"['green', 'woody', 'anisic', 'sweet']",green;woody;anisic;sweet,True,False
812,MOL_001591,Ethyl phenylpropionate,2510-99-8,2510-99-8,True,True,CCOC(=O)C(C)c1ccccc1,CCOC(=O)C(C)c1ccccc1,True,"['fruity', 'honey', 'balsamic', 'floral', 'sweet']",fruity;honey;balsamic;floral;sweet,True,False
3672,MOL_001592,ethyl 2-cyclohexyl propionate,2511-00-4,2511-00-4,True,True,CCOC(=O)C(C)C1CCCCC1,CCOC(=O)C(C)C1CCCCC1,True,"['fruity', 'green', 'pear']",fruity;green;pear,True,False
3673,MOL_001593,"(E,Z)-2,4-decadienal",25152-83-4,25152-83-4,True,True,CCCCC/C=C\C=C\C=O,CCCCC/C=C\C=C\C=O,True,"['roasted', 'fatty', 'floral', 'green', 'waxy']",roasted;fatty;floral;green;waxy,True,False
433,MOL_001594,Decadienal,25152-84-5,25152-84-5,True,True,CCCCC/C=C/C=C/C=O,CCCCC/C=C/C=C/C=O,True,"['fatty', 'citrus']",fatty;citrus,True,False
3674,MOL_001595,(Z)-3-hexen-1-yl benzoate,25152-85-6,25152-85-6,True,True,CC/C=C\CCOC(=O)C1=CC=CC=C1,CC/C=C\CCOC(=O)c1ccccc1,True,"['fresh', 'green', 'leafy', 'floral', 'balsamic', 'fatty', 'sweet', 'oily', 'spicy', 'fruity']",fresh;green;leafy;floral;balsamic;fatty;sweet;oily;spicy;fruity,True,False
2478,MOL_001596,Hexenal,25166-87-4,25166-87-4,True,True,CCCC=CC=O,CCCC=CC=O,True,"['green', 'grassy']",green;grassy,True,False
462,MOL_001597,Decenolide,2518-53-8,2518-53-8,True,True,CCCCCCC1C=CC(=O)O1,CCCCCCC1C=CC(=O)O1,True,"['dairy', 'coconut', 'mushroom']",dairy;coconut;mushroom,True,False
3675,MOL_001598,pentenyl cyclopentanone,2520-60-7,2520-60-7,True,True,CC(=CCC1CCCC1=O)C,CC(C)=CCC1CCCC1=O,True,"['floral', 'jasmine']",floral;jasmine,True,False
3676,MOL_001599,marine formate,25225-08-5,25225-08-5,True,True,CC(C1CCCC(C1)(C)C)OC=O,CC(OC=O)C1CCCC(C)(C)C1,True,"['fresh', 'woody', 'herbal', 'fruity', 'apple']",fresh;woody;herbal;fruity;apple,True,False
3677,MOL_001600,cyclademol,25225-09-6,25225-09-6,True,True,CC(C1CCCC(C1)(C)C)O,CC(O)C1CCCC(C)(C)C1,True,"['camphoreous', 'mint']",camphoreous;mint,True,False
3678,MOL_001601,musk acetate,25225-10-9,25225-10-9,True,True,CC(C1CCCC(C1)(C)C)OC(=O)C,CC(=O)OC(C)C1CCCC(C)(C)C1,True,"['floral', 'rose', 'musk', 'fruity']",floral;rose;musk;fruity,True,False
1255,MOL_001602,Isobutyl tetradecanoate,25263-97-2,25263-97-2,True,True,CCCCCCCCCCCCCC(=O)OCC(C)C,CCCCCCCCCCCCCC(=O)OCC(C)C,True,"['fatty', 'waxy']",fatty;waxy,True,False
1699,MOL_001603,Methylmercaptothiophene,2527-76-6,2527-76-6,True,True,Cc1sccc1S,Cc1sccc1S,True,"['meaty', 'roasted']",meaty;roasted,True,False
2439,MOL_001604,Furfuryl propyl disulfide,252736-36-0,252736-36-0,True,True,CCCSSCc1ccco1,CCCSSCc1ccco1,True,"['meaty', 'roasted', 'savory']",meaty;roasted;savory,True,False
2980,MOL_001605,Methylfuryl methyltetrahydrofuryl disulfide,252736-40-6,252736-40-6,True,True,Cc1ccoc1SSC1(C)CCCO1,Cc1ccoc1SSC1(C)CCCO1,True,"['sulfurous', 'meaty', 'savory']",sulfurous;meaty;savory,True,False
1787,MOL_001606,Methylthioacetoxytetrahydrofuran,252736-41-7,252736-41-7,True,True,CCC(=S)OC1CCCO1,CCC(=S)OC1CCCO1,True,"['sulfurous', 'meaty', 'roasted']",sulfurous;meaty;roasted,True,False
55,MOL_001607,Acetyldimethylthiophene,2530-10-1,2530-10-1,True,True,CC(=O)c1cc(C)sc1C,CC(=O)c1cc(C)sc1C,True,"['roasted', 'meaty', 'nutty', 'savory', 'hazelnut', 'cheesy']",roasted;meaty;nutty;savory;hazelnut;cheesy,True,False
2547,MOL_001608,Dimethylcyclohexyl methyl ketone (Herbac - IFF),25304-14-7,25304-14-7,True,True,CC(=O)C1CCCC(C)(C)C1,CC(=O)C1CCCC(C)(C)C1,True,"['woody', 'camphoreous', 'mint', 'herbal']",woody;camphoreous;mint;herbal,True,False
1178,MOL_001609,Ionol,25312-34-9,25312-34-9,True,True,CC1=CCCC(C)(C)C1/C=C/C(C)O,CC1=CCCC(C)(C)C1/C=C/C(C)O,True,"['violet', 'floral', 'berry']",violet;floral;berry,True,False
3204,MOL_001610,Acetaldehyde ethyl isopropyl acetal,25334-93-4,25334-93-4,True,True,CCOC(C)OC(C)C,CCOC(C)OC(C)C,True,"['alcoholic', 'ethereal', 'green', 'nutty', 'cognac', 'pungent']",alcoholic;ethereal;green;nutty;cognac;pungent,True,False
69,MOL_001611,Acetyltetrahydropyridine,25343-57-1,25343-57-1,True,True,CC(=O)C1=CCCCN1,CC(=O)C1=CCCCN1,True,"['nutty', 'popcorn']",nutty;popcorn,True,False
1013,MOL_001612,Heptenyl isovalerate,253596-70-2,253596-70-2,True,True,CCCCCC=COC(=O)CC(C)C,CCCCCC=COC(=O)CC(C)C,True,"['green', 'fruity', 'apple', 'tropical']",green;fruity;apple;tropical,True,False
587,MOL_001613,Dimethylbutyl malate,253596-99-5,253596-99-5,True,True,CCCC(C)(C)OC(=O)C(O)CC(=O)O,CCCC(C)(C)OC(=O)C(O)CC(=O)O,True,"['oily', 'fruity', 'fatty', 'fermented', 'winey']",oily;fruity;fatty;fermented;winey,True,False
3144,MOL_001614,Dimethylheptanethiol,25360-10-5,25360-10-5,True,True,CCCCCCC(C)(C)S,CCCCCCC(C)(C)S,True,['sulfurous'],sulfurous,True,False
1223,MOL_001615,Isobutanal ethyl isoamyl acetal,253679-74-2,253679-74-2,True,True,CCOC(OCCC(C)C)C(C)C,CCOC(OCCC(C)C)C(C)C,True,"['alcoholic', 'ethereal', 'malty', 'green', 'cocoa', 'fermented']",alcoholic;ethereal;malty;green;cocoa;fermented,True,False
3679,MOL_001616,spilanthol,25394-57-4,25394-57-4,True,True,O=C(/C=C/CC/C=C\C=C\C)NCC(C)C,C/C=C/C=C\CC/C=C/C(=O)NCC(C)C,True,['fruity'],fruity,True,False
300,MOL_001617,Butylbutenal,25409-08-9,25409-08-9,True,True,C/C=C(\C=O)CCCC,C/C=C(\C=O)CCCC,True,"['roasted', 'fatty', 'hazelnut', 'sweet']",roasted;fatty;hazelnut;sweet,True,False
131,MOL_001618,Amyl isovalerate: Pentyl isovalerate,25415-62-7,25415-62-7,True,True,CCCCCOC(=O)CC(C)C,CCCCCOC(=O)CC(C)C,True,"['chocolate', 'fruity', 'apple', 'banana']",chocolate;fruity;apple;banana,True,False
2751,MOL_001619,Ethyl isohexanoate,25415-67-2,25415-67-2,True,True,CCOC(=O)CCC(C)C,CCOC(=O)CCC(C)C,True,"['fruity', 'apple', 'pineapple']",fruity;apple;pineapple,True,False
2861,MOL_001620,Propyl isohexanoate,25415-68-3,25415-68-3,True,True,CCCOC(=O)CCC(C)C,CCCOC(=O)CCC(C)C,True,"['fruity', 'apple', 'pineapple']",fruity;apple;pineapple,True,False
3055,MOL_001621,Isopropyl isohexanoate,25415-69-4,25415-69-4,True,True,CC(C)CCC(=O)OC(C)C,CC(C)CCC(=O)OC(C)C,True,"['fruity', 'apple', 'pineapple']",fruity;apple;pineapple,True,False
2678,MOL_001622,Amyl butenoate,25415-76-3,25415-76-3,True,True,C/C=C\C(=O)OCCCCC,C/C=C\C(=O)OCCCCC,True,"['apple', 'fruity', 'fresh', 'chamomile', 'pungent']",apple;fruity;fresh;chamomile;pungent,True,False
1194,MOL_001623,Isoamyl crotonate,25415-77-4,25415-77-4,True,True,C/C=C/C(=O)OCCC(C)C,C/C=C/C(=O)OCCC(C)C,True,"['apple', 'fruity', 'sharp', 'chamomile', 'rum']",apple;fruity;sharp;chamomile;rum,True,False
3680,MOL_001624,2-pentyl-2-cyclohexen-1-one,25435-63-6,25435-63-6,True,True,O=C1/C=C(/CCCCC)CCC1,CCCCCC1=CC(=O)CCC1,True,"['floral', 'orange', 'coconut', 'milky', 'jasmine']",floral;orange;coconut;milky;jasmine,True,False
3681,MOL_001625,(E)-2-octenal,2548-87-0,2548-87-0,True,True,CCCCC/C=C/C=O,CCCCC/C=C/C=O,True,"['fresh', 'cucumber', 'fatty', 'green', 'herbal', 'banana', 'waxy', 'leafy']",fresh;cucumber;fatty;green;herbal;banana;waxy;leafy,True,False
2705,MOL_001626,Cyclohexyl salicylate,25485-88-5,25485-88-5,True,True,O=C(OC1CCCCC1)c1ccccc1O,O=C(OC1CCCCC1)c1ccccc1O,True,"['balsamic', 'aromatic', 'floral']",balsamic;aromatic;floral,True,False
970,MOL_001627,Glyceryl monooleate,25496-72-4,25496-72-4,True,True,CCCCCCCC/C=C\CCCCCCCC(=O)OCC(O)CO,CCCCCCCC/C=C\CCCCCCCC(=O)OCC(O)CO,True,"['oily', 'sweet']",oily;sweet,True,False
2871,MOL_001628,Propylene glycol monopropionate (2 isomers),25496-75-7,25496-75-7,True,True,CCC(=O)OCC(C)O,CCC(=O)OCC(C)O,True,['fruity'],fruity,True,False
3090,MOL_001629,Dimethyl octenone,2550-11-0,2550-11-0,True,True,CCC(=O)C(C)CC=C(C)C,CCC(=O)C(C)CC=C(C)C,True,"['fruity', 'fresh', 'grapefruit', 'citrus']",fruity;fresh;grapefruit;citrus,True,False
622,MOL_001630,Dimethyloctenone,2550-18-7,2550-18-7,True,True,CCCCC=CC(=O)C(C)C,CCCCC=CC(=O)C(C)C,True,"['ketonic', 'fruity', 'fresh', 'herbal']",ketonic;fruity;fresh;herbal,True,False
2902,MOL_001631,Methylhexanone,2550-21-2,2550-21-2,True,True,CCCC(C)C(C)=O,CCCC(C)C(C)=O,True,"['ketonic', 'ethereal', 'fruity', 'dairy', 'herbal']",ketonic;ethereal;fruity;dairy;herbal,True,False
2066,MOL_001632,Phenylbutanone,2550-26-7,2550-26-7,True,True,CC(=O)CCc1ccccc1,CC(=O)CCc1ccccc1,True,"['green', 'fresh', 'jasmine', 'floral']",green;fresh;jasmine;floral,True,False
495,MOL_001633,Dicyclohexyl disulfide,2550-40-5,2550-40-5,True,True,C1CCC(SSC2CCCCC2)CC1,C1CCC(SSC2CCCCC2)CC1,True,"['meaty', 'green', 'cocoa', 'onion', 'coffee', 'berry', 'musty']",meaty;green;cocoa;onion;coffee;berry;musty,True,False
3682,MOL_001634,cyclohexadecanone,2550-52-9,2550-52-9,True,True,C1CCCCCCCC(=O)CCCCCCC1,O=C1CCCCCCCCCCCCCCC1,True,"['orris', 'musk', 'animal']",orris;musk;animal,True,False
3683,MOL_001635,musk dec-7-enone,2550-59-6,2550-59-6,True,True,C1CCCCC(=O)CCCCC/C=C\CCC1,O=C1CCCCC/C=C\CCCCCCCC1,True,['musk'],musk,True,False
3684,MOL_001636,creamy lactone,25524-95-2,25524-95-2,True,True,CC/C=C/CC1CCCC(=O)O1,CC/C=C/CC1CCCC(=O)O1,True,"['creamy', 'waxy', 'jasmine', 'peach', 'coconut', 'milky', 'fatty', 'dairy', 'tropical', 'fruity']",creamy;waxy;jasmine;peach;coconut;milky;fatty;dairy;tropical;fruity,True,False
3685,MOL_001637,ethyl phenoxyacetate,2555-49-9,2555-49-9,True,True,CCOC(=O)COC1=CC=CC=C1,CCOC(=O)COc1ccccc1,True,"['green', 'floral', 'rose']",green;floral;rose,True,False
23,MOL_001638,Acetaldehyde ethyl phenylethyl acetal,2556-10-7,2556-10-7,True,True,CCOC(C)OCCc1ccccc1,CCOC(C)OCCc1ccccc1,True,"['leafy', 'green']",leafy;green,True,False
2891,MOL_001639,Amylcyclopentenone,25564-22-1,25564-22-1,True,True,CCCCCC1=CCCC1=O,CCCCCC1=CCCC1=O,True,"['fruity', 'floral', 'jasmine']",fruity;floral;jasmine,True,False
2823,MOL_001640,Methyl propionylanthranilate,25628-84-6,25628-84-6,True,True,CCC(=O)Nc1ccccc1C(=O)OC,CCC(=O)Nc1ccccc1C(=O)OC,True,['grape'],grape,True,False
3686,MOL_001641,vanilla cresol,2563-07-7,2563-07-7,True,True,CCOC1=C(C=CC(=C1)C)O,CCOc1cc(C)ccc1O,True,"['vanilla', 'woody', 'spicy', 'phenolic']",vanilla;woody;spicy;phenolic,True,False
3687,MOL_001642,rose blossom pentanol,25634-93-9,25634-93-9,True,True,CC1=CC(=CC=C1)CCCCCO,Cc1cccc(CCCCCO)c1,True,"['rose', 'floral', 'waxy']",rose;floral;waxy,True,False
3688,MOL_001643,geranyl methyl ether,2565-82-4,2565-82-4,True,True,CC(=CCC/C(=C/COC)/C)C,COC/C=C(\C)CCC=C(C)C,True,"['floral', 'rose', 'sweet']",floral;rose;sweet,True,False
3689,MOL_001644,"4,4,6-trimethyl-2-phenyl-1,3-dioxane",2568-06-1,2568-06-1,True,True,CC1CC(OC(O1)C2=CC=CC=C2)(C)C,CC1CC(C)(C)OC(c2ccccc2)O1,True,"['herbal', 'floral', 'green', 'rose']",herbal;floral;green;rose,True,False
164,MOL_001645,Benzaldehyde propylene glycol acetal,2568-25-4,2568-25-4,True,True,CC1COC(c2ccccc2)O1,CC1COC(c2ccccc2)O1,True,"['cherry', 'almond', 'odorless']",cherry;almond;odorless,True,False
1458,MOL_001646,Methoxypropylpyrazine,25680-57-3,25680-57-3,True,True,CCC(OC)c1cnccn1,CCC(OC)c1cnccn1,True,"['potato', 'earthy']",potato;earthy,True,False
862,MOL_001647,Ethylmethoxypyrazine,25680-58-4,25680-58-4,True,True,CCc1nccnc1OC,CCc1nccnc1OC,True,"['green', 'earthy', 'nutty', 'vegetable', 'musty']",green;earthy;nutty;vegetable;musty,True,False
3690,MOL_001648,bean pyrazine,25773-40-4,25773-40-4,True,True,CC(C)C1=NC=CN=C1OC,COc1nccnc1C(C)C,True,"['vegetable', 'earthy', 'chocolate', 'nutty']",vegetable;earthy;chocolate;nutty,True,False
1357,MOL_001649,Lavandulyl acetate,25905-14-0,25905-14-0,True,True,C=C(C)C(CC=C(C)C)COC(C)=O,C=C(C)C(CC=C(C)C)COC(C)=O,True,"['spicy', 'fruity', 'warm', 'herbal', 'sweet']",spicy;fruity;warm;herbal;sweet,True,False
3691,MOL_001650,(E)-3-methyl-5-cyclotetradecen-1-one,259854-70-1,259854-70-1,True,True,O=C1CC(C)CC=CCCCCCCCC1,CC1CC=CCCCCCCCCC(=O)C1,True,"['musk', 'animal', 'orris', 'fatty', 'fresh', 'anisic', 'woody']",musk;animal;orris;fatty;fresh;anisic;woody,True,False
3692,MOL_001651,(Z)-3-methyl-5-cyclotetradecen-1-one,259854-71-2,259854-71-2,True,True,O=C1CC(C\C=C/CCCCCCCC1)C,CC1C/C=C\CCCCCCCCC(=O)C1,True,['musk'],musk,True,False
3227,MOL_001652,Octenol,26001-58-1,26001-58-1,True,True,CCCCC/C=C\CO,CCCCC/C=C\CO,True,"['floral', 'green', 'fatty', 'vegetable', 'musty']",floral;green;fatty;vegetable;musty,True,False
1623,MOL_001653,Methylbutyl hexanoate,2601-13-0,2601-13-0,True,True,CCCCCC(=O)OCC(C)CC,CCCCCC(=O)OCC(C)CC,True,"['fruity', 'apple', 'pineapple', 'banana']",fruity;apple;pineapple;banana,True,False
2555,MOL_001654,Isobutyldimethyloxazole,26131-91-9,26131-91-9,True,True,Cc1nc(C)c(CC(C)C)o1,Cc1nc(C)c(CC(C)C)o1,True,"['roasted', 'green', 'earthy', 'burnt', 'vegetable']",roasted;green;earthy;burnt;vegetable,True,False
1407,MOL_001655,Menthyl phenylacetate,26171-78-8,26171-78-8,True,True,CC1CCC(C(C)C)C(OC(=O)Cc2ccccc2)C1,CC1CCC(C(C)C)C(OC(=O)Cc2ccccc2)C1,True,"['honey', 'balsamic', 'herbal', 'mint']",honey;balsamic;herbal;mint,True,False
1403,MOL_001656,Menthyl acetate,2623-23-6,2623-23-6,True,True,CC(=O)O[C@@H]1C[C@H](C)CC[C@H]1C(C)C,CC(=O)O[C@@H]1C[C@H](C)CC[C@H]1C(C)C,True,"['mint', 'sour', 'fruity', 'sweet']",mint;sour;fruity;sweet,True,False
2419,MOL_001657,Vinylphenol,2628-17-3,2628-17-3,True,True,C=Cc1ccc(O)cc1,C=Cc1ccc(O)cc1,True,"['phenolic', 'medicinal', 'spicy']",phenolic;medicinal;spicy,True,False
457,MOL_001658,Decenoic acid,26303-90-2,26303-90-2,True,True,CCCCC/C=C/CCC(=O)O,CCCCC/C=C/CCC(=O)O,True,"['oily', 'fatty', 'meaty', 'savory']",oily;fatty;meaty;savory,True,False
3693,MOL_001659,3-methyl-6-ethyl-5-octen-1-ol,26330-64-3,26330-64-3,True,True,CCC(=CCC(C)CCO)CC,CCC(=CCC(C)CCO)CC,True,"['floral', 'aldehydic']",floral;aldehydic,True,False
3694,MOL_001660,"2,6-nonadienal",26370-28-5,26370-28-5,True,True,CCC=CCCC=CC=O,CCC=CCCC=CC=O,True,"['cucumber', 'leafy', 'green']",cucumber;leafy;green,True,False
1112,MOL_001661,Hexyl butyrate,2639-63-6,2639-63-6,True,True,CCCCCCOC(=O)CCC,CCCCCCOC(=O)CCC,True,['fruity'],fruity,True,False
2837,MOL_001662,Nonyl butyrate,2639-64-7,2639-64-7,True,True,CCCCCCCCCOC(=O)CCC,CCCCCCCCCOC(=O)CCC,True,"['rose', 'fruity', 'orange', 'herbal', 'sweet']",rose;fruity;orange;herbal;sweet,True,False
2836,MOL_001663,Nerolidyl isobutyrate,2639-68-1,2639-68-1,True,True,C=CC(C)(CC/C=C(/C)CCC=C(C)C)OC(=O)C(C)C,C=CC(C)(CC/C=C(/C)CCC=C(C)C)OC(=O)C(C)C,True,"['fruity', 'pear', 'woody', 'sweet']",fruity;pear;woody;sweet,True,False
968,MOL_001664,Glyceryl hydroxydecanoates,26446-31-1,26446-31-1,True,True,CCCCCC(O)CCCC(=O)OCC(O)CO,CCCCCC(O)CCCC(=O)OCC(O)CO,True,['buttery'],buttery,True,False
969,MOL_001665,Glyceryl hydroxydodecanoates,26446-32-2,26446-32-2,True,True,CCCCCCCC(O)CCCC(=O)OCC(O)CO,CCCCCCCC(O)CCCC(=O)OCC(O)CO,True,['buttery'],buttery,True,False
1989,MOL_001666,Pentanal dimethyl acetal,26450-58-8,26450-58-8,True,True,CCCCC(OC)OC,CCCCC(OC)OC,True,"['green', 'fruity', 'ethereal', 'cognac']",green;fruity;ethereal;cognac,True,False
1419,MOL_001667,Mercaptomethylpropionic acid,26473-47-2,26473-47-2,True,True,CC(CS)C(=O)O,CC(CS)C(=O)O,True,"['ripe', 'vegetable', 'meaty', 'tropical', 'sulfurous', 'cheesy']",ripe;vegetable;meaty;tropical;sulfurous;cheesy,True,False
546,MOL_001668,Dihydromercaptomethylfuran,26486-13-5,26486-13-5,True,True,SCC1CC=CO1,SCC1CC=CO1,True,"['sulfurous', 'meaty', 'roasted', 'savory']",sulfurous;meaty;roasted;savory,True,False
2434,MOL_001669,Dimethyltetrahydrofuranthiol,26486-21-5,26486-21-5,True,True,CC1CCOC1(C)S,CC1CCOC1(C)S,True,"['sulfurous', 'meaty', 'roasted']",sulfurous;meaty;roasted,True,False
1157,MOL_001670,Hydroxydimethylthiophenone,26494-10-0,26494-10-0,True,True,CC1=C(O)C(=O)C(C)S1,CC1=C(O)C(=O)C(C)S1,True,"['roasted', 'meaty', 'savory', 'burnt', 'sulfurous']",roasted;meaty;savory;burnt;sulfurous,True,False
3695,MOL_001671,"pentanoic acid, 3-methyl-2-oxo-, ethyl ester",26516-27-8,26516-27-8,True,True,O=C(C(C)CC)C(=O)OCC,CCOC(=O)C(=O)C(C)CC,True,"['nutty', 'woody', 'herbal']",nutty;woody;herbal,True,False
3696,MOL_001672,(R)-(-)-2-hexanol,26549-24-6,26549-24-6,True,True,CCCC[C@@H](C)O,CCCC[C@@H](C)O,True,"['mushroom', 'musty', 'oily']",mushroom;musty;oily,True,False
3697,MOL_001673,(S)-3-heptanol,26549-25-7,26549-25-7,True,True,CCCC[C@H](CC)O,CCCC[C@@H](O)CC,True,"['herbal', 'medicinal']",herbal;medicinal,True,False
3698,MOL_001674,ethyl (E)-3-hexenoate,26553-46-8,26553-46-8,True,True,CC\C=C\CC(=O)OCC,CC/C=C/CC(=O)OCC,True,"['green', 'fruity', 'tropical', 'pineapple', 'honey']",green;fruity;tropical;pineapple;honey,True,False
802,MOL_001675,Ethyl octenoate,26553-47-9,26553-47-9,True,True,CCCC/C=C/CC(=O)OCC,CCCC/C=C/CC(=O)OCC,True,"['fruity', 'fatty', 'tropical', 'pineapple']",fruity;fatty;tropical;pineapple,True,False
3699,MOL_001676,trans-hexanal propylene glycol acetal,26563-75-7,26563-75-7,True,True,CCCCC[C@H]1OC[C@@H](O1)C,CCCCC[C@H]1OC[C@H](C)O1,True,"['waxy', 'green', 'fruity', 'vegetable']",waxy;green;fruity;vegetable,True,False
1751,MOL_001677,Methylphenylpentenal,26643-91-4,26643-91-4,True,True,CC(C)/C=C(/C=O)c1ccccc1,CC(C)/C=C(/C=O)c1ccccc1,True,['floral'],floral,True,False
2561,MOL_001678,Phenylmethylhexenal,26643-92-5,26643-92-5,True,True,CCCC=C(C=O)Cc1ccccc1,CCCC=C(C=O)Cc1ccccc1,True,['floral'],floral,True,False
3700,MOL_001679,kahweofuran,26693-24-3,26693-24-3,True,True,CC1=C2C(=CO1)CCS2,Cc1occ2c1SCC2,True,"['roasted', 'smoky', 'sulfurous']",roasted;smoky;sulfurous,True,False
3701,MOL_001680,ethyl citronellate,26728-44-9,26728-44-9,True,True,CCOC(=O)CC(C)CCC=C(C)C,CCOC(=O)CC(C)CCC=C(C)C,True,"['fruity', 'dry', 'musty', 'citrus', 'anisic', 'rose', 'spicy', 'herbal']",fruity;dry;musty;citrus;anisic;rose;spicy;herbal,True,False
263,MOL_001681,Butyl ethyl ether,2679-87-0,2679-87-0,True,True,CCOC(C)CC,CCOC(C)CC,True,"['fruity', 'fresh', 'ethereal', 'berry']",fruity;fresh;ethereal;berry,True,False
3702,MOL_001682,anise indene,26912-64-1,26912-64-1,True,True,C=CCOC1CC2CC1C3C2CC=C3,C=CCOC1CC2CC1C1C=CCC21,True,"['floral', 'anisic', 'fruity', 'woody', 'herbal']",floral;anisic;fruity;woody;herbal,True,False
3703,MOL_001683,isobornyl benzoate,26927-89-9,26927-89-9,True,True,CC1(C2CCC1(C(C2)OC(=O)C3=CC=CC=C3)C)C,CC1(C)C2CCC1(C)C(OC(=O)c1ccccc1)C2,True,"['balsamic', 'pine', 'herbal']",balsamic;pine;herbal,True,False
3704,MOL_001684,bornyl benzoate,26927-90-2,26927-90-2,True,True,C[C@]12CC[C@H](C1(C)C)C[C@H]2OC(=O)C3=CC=CC=C3,CC1(C)[C@H]2CC[C@]1(C)[C@H](OC(=O)c1ccccc1)C2,True,"['pine', 'balsamic', 'herbal']",pine;balsamic;herbal,True,False
3705,MOL_001685,"1,8-dimethoxy-para-menthane",26946-66-7,26946-66-7,True,True,CC1(CCC(CC1)C(C)(C)OC)OC,COC1(C)CCC(C(C)(C)OC)CC1,True,"['fruity', 'mint', 'green', 'musty']",fruity;mint;green;musty,True,False
3187,MOL_001686,Nonenone,27039-84-5,27039-84-5,True,True,CCC/C=C/CCC(C)=O,CCC/C=C/CCC(C)=O,True,"['fruity', 'dairy', 'herbal', 'berry', 'cheesy']",fruity;dairy;herbal;berry;cheesy,True,False
87,MOL_001687,Allyl cyclohexanepropionate,2705-87-5,2705-87-5,True,True,C=CCOC(=O)CCC1CCCCC1,C=CCOC(=O)CCC1CCCCC1,True,"['fruity', 'pineapple', 'sweet']",fruity;pineapple;sweet,True,False
3235,MOL_001688,Paradol,27113-22-0,27113-22-0,True,True,CCCCCCCC(=O)CCc1ccc(O)c(OC)c1,CCCCCCCC(=O)CCc1ccc(O)c(OC)c1,True,['spicy'],spicy,True,False
2659,MOL_001689,Terpineol ethyl ether,27153-54-4,27153-54-4,True,True,CCOC(C)(C)C1CC=C(C)CC1,CCOC(C)(C)C1CC=C(C)CC1,True,"['citrus', 'green', 'fatty']",citrus;green;fatty,True,False
1469,MOL_001690,Methyl acetylanthranilate,2719-08-6,2719-08-6,True,True,COC(=O)c1ccccc1NC(C)=O,COC(=O)c1ccccc1NC(C)=O,True,['grape'],grape,True,False
2274,MOL_001691,Tetradecalactone,2721-22-4,2721-22-4,True,True,CCCCCCCCCC1CCCC(=O)O1,CCCCCCCCCC1CCCC(=O)O1,True,"['creamy', 'fatty', 'milky', 'sweet', 'buttery']",creamy;fatty;milky;sweet;buttery,True,False
3085,MOL_001692,Acetyltetrahydropyridine,27300-27-2,27300-27-2,True,True,CC(=O)C1=NCCCC1,CC(=O)C1=NCCCC1,True,"['bread', 'caramellic', 'popcorn']",bread;caramellic;popcorn,True,False
3020,MOL_001693,Hexadienal diethyl acetal,27310-22-1,27310-22-1,True,True,C/C=C/C=C/C(OCC)OCC,C/C=C/C=C/C(OCC)OCC,True,"['green', 'tropical']",green;tropical,True,False
763,MOL_001694,Ethyl hydroxymethylbutyrate,27372-03-8,27372-03-8,True,True,CCOC(=O)C(C)C(C)O,CCOC(=O)C(C)C(C)O,True,"['green', 'fruity', 'grape']",green;fruity;grape,True,False
860,MOL_001695,Ethylhydroxymethylfuranone,27538-09-6,27538-09-6,True,True,CCC1=C(O)C(=O)C(C)O1,CCC1=C(O)C(=O)C(C)O1,True,"['caramellic', 'fruity', 'bread', 'sweet']",caramellic;fruity;bread;sweet,True,False
3706,MOL_001696,ethyl furaneol,27538-10-9,27538-10-9,True,True,CCC1C(=O)C(=C(O1)C)O,CCC1OC(C)=C(O)C1=O,True,"['sweet', 'caramellic']",sweet;caramellic,True,False
3707,MOL_001697,isobornyl propionate,2756-56-1,2756-56-1,True,True,CCC(=O)OC1CC2(CCC1C2(C)C)C,CCC(=O)OC1CC2(C)CCC1C2(C)C,True,"['pungent', 'pine', 'camphoreous', 'woody', 'herbal', 'fruity', 'earthy']",pungent;pine;camphoreous;woody;herbal;fruity;earthy,True,False
1647,MOL_001698,Methylcyclopentenone,2758-18-1,2758-18-1,True,True,CC1=CC(=O)CC1,CC1=CC(=O)CC1,True,"['ketonic', 'caramellic', 'sweet']",ketonic;caramellic;sweet,True,False
1155,MOL_001699,Hydroxydecadienoic acid lactone,27593-23-3,27593-23-3,True,True,CCCCCc1cccc(=O)o1,CCCCCc1cccc(=O)o1,True,"['creamy', 'coconut', 'dairy', 'peach', 'buttery']",creamy;coconut;dairy;peach;buttery,True,False
3708,MOL_001700,magnolia indene,27606-09-3,27606-09-3,True,True,CC1C2CC3=CC=CC=C3C2OC(O1)C,CC1OC(C)C2Cc3ccccc3C2O1,True,"['floral', 'green', 'grapefruit']",floral;green;grapefruit,True,False
1204,MOL_001701,Isoamyl methylbutanoate,27625-35-0,27625-35-0,True,True,CCC(C)C(=O)OCCC(C)C,CCC(C)C(=O)OCCC(C)C,True,"['ripe', 'fruity', 'apple', 'banana']",ripe;fruity;apple;banana,True,False
2369,MOL_001702,Trimethyltrithiane,2765-04-0,2765-04-0,True,True,CC1SC(C)SC(C)S1,CC1SC(C)SC(C)S1,True,"['sulfurous', 'black currant', 'meaty', 'catty']",sulfurous;black currant;meaty;catty,True,False
3179,MOL_001703,Nonenone,27743-70-0,27743-70-0,True,True,CCCCCC=CC(C)=O,CCCCCC=CC(C)=O,True,"['earthy', 'fruity', 'sweet', 'mushroom']",earthy;fruity;sweet;mushroom,True,False
108,MOL_001704,Allyl propyl sulfide,27817-67-0,27817-67-0,True,True,C=CCSCCC,C=CCSCCC,True,"['onion', 'sulfurous', 'alliaceous', 'garlic']",onion;sulfurous;alliaceous;garlic,True,False
3709,MOL_001705,ethyl (E)-2-hexenoate,27829-72-7,27829-72-7,True,True,CCC/C=C/C(=O)OCC,CCC/C=C/C(=O)OCC,True,"['green', 'fruity', 'tropical', 'winey', 'rum', 'orange', 'vegetable', 'sweet']",green;fruity;tropical;winey;rum;orange;vegetable;sweet,True,False
2741,MOL_001706,Ethyl acetoxybutyrate,27846-49-7,27846-49-7,True,True,CCOC(=O)C(CC)OC(C)=O,CCOC(=O)C(CC)OC(C)=O,True,"['fruity', 'mint']",fruity;mint,True,False
539,MOL_001707,Dihydroeugenol,2785-87-7,2785-87-7,True,True,CCCc1ccc(O)c(OC)c1,CCCc1ccc(O)c(OC)c1,True,"['spicy', 'balsamic', 'sweet']",spicy;balsamic;sweet,True,False
849,MOL_001708,Ethylguaiacol,2785-89-9,2785-89-9,True,True,CCc1ccc(O)c(OC)c1,CCc1ccc(O)c(OC)c1,True,"['spicy', 'vanilla', 'phenolic', 'smoky']",spicy;vanilla;phenolic;smoky,True,False
1517,MOL_001709,Methyl lactate,27871-49-4,27871-49-4,True,True,COC(=O)[C@H](C)O,COC(=O)[C@H](C)O,True,"['caramellic', 'ethereal', 'milky', 'buttery', 'rum']",caramellic;ethereal;milky;buttery;rum,True,False
2946,MOL_001710,Dimethylcyclohexenecarboxaldehydes,27939-60-2,27939-60-2,True,True,CC1C=CCCC1(C)C=O,CC1C=CCCC1(C)C=O,True,"['green', 'leafy', 'floral', 'citrus']",green;leafy;floral;citrus,True,False
2604,MOL_001711,Dimethyloxathiane,27959-66-6,27959-66-6,True,True,CC1(C)CCCOS1,CC1(C)CCCOS1,True,"['spicy', 'meaty', 'fruity', 'tropical', 'herbal', 'sulfurous']",spicy;meaty;fruity;tropical;herbal;sulfurous,True,False
3710,MOL_001712,methyl cyclogeranate (Firmenich),28043-10-9,28043-10-9,True,True,CC1=CCCC(C1C(=O)OC)(C)C,COC(=O)C1C(C)=CCCC1(C)C,True,"['herbal', 'floral', 'fruity', 'woody', 'camphoreous']",herbal;floral;fruity;woody;camphoreous,True,False
1866,MOL_001713,Nonadienol,28069-72-9,28069-72-9,True,True,CC/C=C\CC/C=C/CO,CC/C=C\CC/C=C/CO,True,"['green', 'violet', 'herbal', 'cucumber']",green;violet;herbal;cucumber,True,False
19,MOL_001714,Acetaldehyde ethyl cis-3-hexenyl acetal,28069-74-1,28069-74-1,True,True,CC/C=C/CCOC(C)OCC,CC/C=C/CCOC(C)OCC,True,"['grassy', 'radish', 'green', 'fruity', 'vegetable', 'musty']",grassy;radish;green;fruity;vegetable;musty,True,False
1004,MOL_001715,Heptenoic acid,28163-84-0,28163-84-0,True,True,CCC/C=C/CC(=O)O,CCC/C=C/CC(=O)O,True,"['green', 'fruity', 'waxy', 'dairy']",green;fruity;waxy;dairy,True,False
419,MOL_001716,Cyclohexylmethylpyrazine,28217-92-7,28217-92-7,True,True,c1cnc(CC2CCCCC2)cn1,c1cnc(CC2CCCCC2)cn1,True,"['green', 'earthy', 'nutty', 'cocoa', 'musty']",green;earthy;nutty;cocoa;musty,True,False
3711,MOL_001717,sandal butenol,28219-60-5,28219-60-5,True,True,CC1=CCC(C1(C)C)C/C=C(\C)/CO,CC1=CCC(C/C=C(\C)CO)C1(C)C,True,"['woody', 'creamy', 'milky', 'waxy', 'oily', 'musk']",woody;creamy;milky;waxy;oily;musk,True,False
350,MOL_001718,Cedrenol,28231-03-0,28231-03-0,True,True,C=C1C(O)CC23CC1C(C)(C)C2CCC3C,C=C1C(O)CC23CC1C(C)(C)C2CCC3C,True,['woody'],woody,True,False
3712,MOL_001719,(R)-delta-decalactone,2825-91-4,2825-91-4,True,True,O=C1O[C@H](CCCCC)CCC1,CCCCC[C@@H]1CCCC(=O)O1,True,"['sweet', 'fruity', 'milky']",sweet;fruity;milky,True,False
1317,MOL_001720,Isopropyl nonanoate,28267-32-5,28267-32-5,True,True,CCCCCCCCC(=O)OC(C)C,CCCCCCCCC(=O)OC(C)C,True,"['oily', 'fruity', 'melon', 'fermented', 'winey']",oily;fruity;melon;fermented;winey,True,False
742,MOL_001721,Ethyl dodecenoate,28290-90-6,28290-90-6,True,True,CCCCCCCCCC=CC(=O)OCC,CCCCCCCCCC=CC(=O)OCC,True,"['green', 'fatty', 'melon', 'pear']",green;fatty;melon;pear,True,False
3713,MOL_001722,alpha-acorenol,28296-85-7,28296-85-7,True,True,C[C@@H]1CC[C@H]([C@]12CCC(=CC2)C)C(C)(C)O,CC1=CC[C@@]2(CC1)[C@H](C)CC[C@H]2C(C)(C)O,True,"['fruity', 'sweet', 'orris', 'floral', 'ripe']",fruity;sweet;orris;floral;ripe,True,False
3051,MOL_001723,Dodecyl formate,28303-42-6,28303-42-6,True,True,CCCCCCCCCCCCOC=O,CCCCCCCCCCCCOC=O,True,"['green', 'fruity', 'floral']",green;fruity;floral,True,False
3259,MOL_001724,Propyl decadienoate,28316-62-3,28316-62-3,True,True,CCCCC/C=C\C=C\C(=O)OCCC,CCCCC/C=C\C=C\C(=O)OCCC,True,"['tropical', 'waxy', 'pear']",tropical;waxy;pear,True,False
568,MOL_001725,"Dimethoxyvinylphenol 2,6-Dimethoxy-4-vinylphenol",28343-22-8,28343-22-8,True,True,C=Cc1cc(OC)c(O)c(OC)c1,C=Cc1cc(OC)c(O)c(OC)c1,True,"['phenolic', 'smoky', 'spicy']",phenolic;smoky;spicy,True,False
95,MOL_001726,Allyl isovalerate,2835-39-4,2835-39-4,True,True,C=CCOC(=O)CC(C)C,C=CCOC(=O)CC(C)C,True,"['apple', 'cherry', 'fruity', 'berry', 'winey']",apple;cherry;fruity;berry;winey,True,False
260,MOL_001727,Butyl decadienoate,28369-24-6,28369-24-6,True,True,CCCCC/C=C\C=C\C(=O)OCCCC,CCCCC/C=C\C=C\C(=O)OCCCC,True,"['green', 'fruity', 'fatty', 'pear']",green;fruity;fatty;pear,True,False
3714,MOL_001728,"methyl 2,6,10-trimethyl cyclododeca-2,5,9-trienyl ketone",28371-99-5,28371-99-5,True,True,C/C/1=C/CC/C(=C\C/C=C(\C(CC1)C(=O)C)/C)/C,CC(=O)C1CC/C(C)=C\CC/C(C)=C\C/C=C\1C,True,"['woody', 'musk', 'tobacco']",woody;musk;tobacco,True,False
2790,MOL_001729,Isoamyl anthranilate,28457-05-8,28457-05-8,True,True,CC(C)CCOC(=O)c1ccccc1N,CC(C)CCOC(=O)c1ccccc1N,True,"['grape', 'plum']",grape;plum,True,False
3152,MOL_001730,Ethylcinnamaldehyde,28467-92-7,28467-92-7,True,True,CC/C(C=O)=C/c1ccccc1,CC/C(C=O)=C/c1ccccc1,True,"['spicy', 'oily', 'warm', 'herbal']",spicy;oily;warm;herbal,True,False
1447,MOL_001731,Methoxymethylpyrazine,2847-30-5,2847-30-5,True,True,COc1nccnc1C,COc1nccnc1C,True,"['nutty', 'hazelnut', 'roasted']",nutty;hazelnut;roasted,True,False
2894,MOL_001732,Dihydrodihydroxymethylpyranone,28564-83-2,28564-83-2,True,True,CC1=C(O)C(=O)C(O)CO1,CC1=C(O)C(=O)C(O)CO1,True,['caramellic'],caramellic,True,False
210,MOL_001733,Bisdimethylfuryl disulfide,28588-73-0,28588-73-0,True,True,Cc1cc(SSc2cc(C)oc2C)c(C)o1,Cc1cc(SSc2cc(C)oc2C)c(C)o1,True,"['meaty', 'roasted']",meaty;roasted,True,False
1661,MOL_001734,Methylfuranthiol,28588-74-1,28588-74-1,True,True,Cc1occc1S,Cc1occc1S,True,"['meaty', 'roasted', 'fishy', 'brothy', 'beefy', 'sweet']",meaty;roasted;fishy;brothy;beefy;sweet,True,False
214,MOL_001735,Bismethylfuryl disulfide,28588-75-2,28588-75-2,True,True,Cc1occc1SSc1ccoc1C,Cc1occc1SSc1ccoc1C,True,['meaty'],meaty,True,False
215,MOL_001736,Bismethylfuryl tetrasulfide,28588-76-3,28588-76-3,True,True,Cc1coc(SSSSc2occ(C)c2C)c1C,Cc1coc(SSSSc2occ(C)c2C)c1C,True,"['beefy', 'meaty']",beefy;meaty,True,False
3715,MOL_001737,"2,5-dimethyl-2-indan methanol",285977-85-7,285977-85-7,True,True,CC1=CC2=C(CC(C2)(C)CO)C=C1,Cc1ccc2c(c1)CC(C)(CO)C2,True,['floral'],floral,True,False
553,MOL_001738,Dihydroxyacetophenone,28631-86-9,28631-86-9,True,True,O=C(c1ccccc1)C(O)O,O=C(c1ccccc1)C(O)O,True,"['spicy', 'green', 'fatty', 'earthy', 'nutty', 'vegetable', 'aromatic']",spicy;green;fatty;earthy;nutty;vegetable;aromatic,True,False
1187,MOL_001739,Isoambrettolide,28645-51-4,28645-51-4,True,True,O=C1CCCCCCC/C=C\CCCCCCO1,O=C1CCCCCCC/C=C\CCCCCCO1,True,"['fruity', 'musk', 'warm']",fruity;musk;warm,True,False
2246,MOL_001740,Sotolon,28664-35-9,28664-35-9,True,True,CC1=C(O)C(=O)OC1C,CC1=C(O)C(=O)OC1C,True,['caramellic'],caramellic,True,False
3716,MOL_001741,alpha-thujene,2867-05-2,2867-05-2,True,True,CC1=CCC2(C1C2)C(C)C,CC1=CCC2(C(C)C)CC12,True,"['woody', 'green', 'herbal']",woody;green;herbal,True,False
3717,MOL_001742,2-ethyl decanoic acid,2874-76-2,2874-76-2,True,True,O=C(O)C(CCCCCCCC)CC,CCCCCCCCC(CC)C(=O)O,True,"['fresh', 'waxy', 'citrus', 'woody']",fresh;waxy;citrus;woody,True,False
3718,MOL_001743,maltyl acetate,28787-36-2,28787-36-2,True,True,CC1=C(C(=O)C=CO1)OC(=O)C,CC(=O)Oc1c(C)occc1=O,True,"['fruity', 'berry', 'tropical']",fruity;berry;tropical,True,False
2299,MOL_001744,Thiazole,288-47-1,288-47-1,True,True,c1cscn1,c1cscn1,True,"['nutty', 'meaty']",nutty;meaty,True,False
3719,MOL_001745,2-methyl-3-(methyl thio) pyrazine,2882-20-4,2882-20-4,True,True,CC1=NC=CN=C1SC,CSc1nccnc1C,True,"['roasted', 'meaty', 'nutty', 'almond', 'vegetable']",roasted;meaty;nutty;almond;vegetable,True,False
1448,MOL_001746,Methoxymethylpyrazine,2882-21-5,2882-21-5,True,True,COc1cncc(C)n1,COc1cncc(C)n1,True,"['nutty', 'hazelnut', 'roasted']",nutty;hazelnut;roasted,True,False
1449,MOL_001747,Methoxymethylpyrazine,2882-22-6,2882-22-6,True,True,COc1cnc(C)cn1,COc1cnc(C)cn1,True,"['nutty', 'hazelnut', 'roasted']",nutty;hazelnut;roasted,True,False
1396,MOL_001748,Menthenyl acetate,28839-13-6,28839-13-6,True,True,CC(=O)OC1C=C(C)CCC1C(C)C,CC(=O)OC1C=C(C)CCC1C(C)C,True,"['fruity', 'spicy', 'sweet', 'herbal']",fruity;spicy;sweet;herbal,True,False
1706,MOL_001749,Methylmethylthiopyrazine,2884-13-1,2884-13-1,True,True,CSc1cncc(C)n1,CSc1cncc(C)n1,True,"['nutty', 'burnt', 'meaty', 'roasted']",nutty;burnt;meaty;roasted,True,False
1705,MOL_001750,Methylmethylthiopyrazine,2884-14-2,2884-14-2,True,True,CSc1cnc(C)cn1,CSc1cnc(C)cn1,True,"['nutty', 'burnt', 'meaty', 'roasted']",nutty;burnt;meaty;roasted,True,False
3720,MOL_001751,2-methyl-2-hexenoic acid,28897-58-7,28897-58-7,True,True,CCC/C=C(\C)/C(=O)O,CCC/C=C(\C)C(=O)O,True,"['fruity', 'cheesy']",fruity;cheesy,True,False
2374,MOL_001752,Trithiolane,289-16-7,289-16-7,True,True,C1SCSS1,C1SCSS1,True,"['meaty', 'roasted', 'garlic', 'sulfurous', 'beefy', 'mushroom']",meaty;roasted;garlic;sulfurous;beefy;mushroom,True,False
2903,MOL_001753,Calone®,28940-11-6,28940-11-6,True,True,Cc1ccc2c(c1)OCC(=O)CO2,Cc1ccc2c(c1)OCC(=O)CO2,True,"['green', 'melon', 'fresh']",green;melon;fresh,True,False
3721,MOL_001754,(Z)-beta-farnesene,28973-97-9,28973-97-9,True,True,CC(=CCC/C(=C\CCC(=C)C=C)/C)C,C=CC(=C)CC/C=C(/C)CCC=C(C)C,True,"['citrus', 'green']",citrus;green,True,False
3722,MOL_001755,"(E)-2,6-dimethyl-1,5,7-octatrien-3-ol",28977-58-4,28977-58-4,True,True,CC(=C)C(C/C=C(\C)/C=C)O,C=C/C(C)=C/CC(O)C(=C)C,True,"['camphoreous', 'citrus', 'pine']",camphoreous;citrus;pine,True,False
2207,MOL_001756,Pyrazine,290-37-9,290-37-9,True,True,c1cnccn1,c1cnccn1,True,"['roasted', 'nutty', 'musty']",roasted;nutty;musty,True,False
1833,MOL_001757,Myrtanyl acetate,29021-36-1,29021-36-1,True,True,CC(=O)OCC1CCC2CC1C2(C)C,CC(=O)OCC1CCC2CC1C2(C)C,True,"['pine', 'fruity', 'herbal', 'sweet']",pine;fruity;herbal;sweet,True,False
3723,MOL_001758,myrtenyl isobutyrate,29021-37-2,29021-37-2,True,True,CC(C)C(=O)OCC1=CCC2CC1C2(C)C,CC(C)C(=O)OCC1=CCC2CC1C2(C)C,True,"['fruity', 'woody', 'pine']",fruity;woody;pine,True,False
2296,MOL_001759,Tetrathiane,291-22-5,291-22-5,True,True,C1CSSSS1,C1CSSSS1,True,"['sulfurous', 'mushroom']",sulfurous;mushroom,True,False
3724,MOL_001760,2-nonene nitrile,29127-83-1,29127-83-1,True,True,CCCCCC/C=C\C#N,CCCCCC/C=C\C#N,True,"['green', 'fatty', 'orris']",green;fatty;orris,True,False
2630,MOL_001761,Ethyl methyl ketone propylene glycol ketal,2916-28-1,2916-28-1,True,True,CCC1(C)OCC(C)O1,CCC1(C)OCC(C)O1,True,"['fruity', 'ethereal', 'mint']",fruity;ethereal;mint,True,False
1035,MOL_001762,Hexadecanethiol,2917-26-2,2917-26-2,True,True,CCCCCCCCCCCCCCCCS,CCCCCCCCCCCCCCCCS,True,"['sulfurous', 'fatty', 'meaty']",sulfurous;fatty;meaty,True,False
3725,MOL_001763,dehydro beta-linalool,29171-20-8,29171-20-8,True,True,CC(=CCCC(C)(C#C)O)C,C#CC(C)(O)CCC=C(C)C,True,"['sweet', 'musk', 'waxy', 'dry', 'woody']",sweet;musk;waxy;dry;woody,True,False
1358,MOL_001764,Lenthionine,292-46-6,292-46-6,True,True,C1SSCSSS1,C1SSCSSS1,True,"['sulfurous', 'mushroom']",sulfurous;mushroom,True,False
2732,MOL_001765,Ethyl acetyloctanoate,29214-60-6,29214-60-6,True,True,CCCCCCC(C(C)=O)C(=O)OCC,CCCCCCC(C(C)=O)C(=O)OCC,True,"['green', 'fruity', 'jasmine', 'herbal', 'winey', 'floral']",green;fruity;jasmine;herbal;winey;floral,True,False
981,MOL_001766,Heptadecanone,2922-51-2,2922-51-2,True,True,CCCCCCCCCCCCCCCC(C)=O,CCCCCCCCCCCCCCCC(C)=O,True,"['fatty', 'dairy']",fatty;dairy,True,False
2692,MOL_001767,Carvyl formate,29239-07-4,29239-07-4,True,True,C=C(C)C1CC=C(C)C(OC=O)C1,C=C(C)C1CC=C(C)C(OC=O)C1,True,"['fruity', 'herbal', 'sweet', 'mint']",fruity;herbal;sweet;mint,True,False
3726,MOL_001768,flower hexene,292605-05-1,292605-05-1,True,True,CC/C=C\CCOCC(=C)C,C=C(C)COCC/C=C\CC,True,"['green', 'fresh', 'floral', 'pear', 'vegetable', 'tropical', 'radish']",green;fresh;floral;pear;vegetable;tropical;radish,True,False
319,MOL_001769,Cadinene,29350-73-0,29350-73-0,True,True,CC(C)[C@@H]1CC[C@H](C)[C@@H]2C=C[C@H](C)C[C@@H]12,CC(C)[C@@H]1CC[C@H](C)[C@@H]2C=C[C@H](C)C[C@H]21,True,"['woody', 'burnt', 'dry']",woody;burnt;dry,True,False
2552,MOL_001770,Methylthiomethylmercaptan,29414-47-9,29414-47-9,True,True,CSCS,CSCS,True,"['garlic', 'meaty', 'sulfurous', 'savory']",garlic;meaty;sulfurous;savory,True,False
3260,MOL_001771,Dimethyloctatrienol,29414-56-0,29414-56-0,True,True,C=C/C(C)=C/CC(O)C(=C)C,C=C/C(C)=C/CC(O)C(=C)C,True,['camphoreous'],camphoreous,True,False
1339,MOL_001772,Isopropylpyrazine,29460-90-0,29460-90-0,True,True,CC(C)c1cnccn1,CC(C)c1cnccn1,True,"['green', 'nutty']",green;nutty,True,False
3727,MOL_001773,2-isobutyl pyrazine,29460-92-2,29460-92-2,True,True,CC(C)CC1=NC=CN=C1,CC(C)Cc1cnccn1,True,"['green', 'vegetable', 'fruity']",green;vegetable;fruity,True,False
3728,MOL_001774,hexahydrotetramethyl methanonaphthalen-8-one,29461-13-0,29461-13-0,True,True,CC1(CCC(=O)C2C13CCC(C3)C2(C)C)C,CC1(C)C2CCC3(C2)C1C(=O)CCC3(C)C,True,"['woody', 'earthy']",woody;earthy,True,False
1522,MOL_001775,Methyl methanethiosulfonate,2949-92-0,2949-92-0,True,True,CSS(C)(=O)=O,CSS(C)(=O)=O,True,"['roasted', 'alliaceous', 'onion', 'pungent']",roasted;alliaceous;onion;pungent,True,False
1394,MOL_001776,Menthenal,29548-14-9,29548-14-9,True,True,CC1=CC(C=O)C(C(C)C)CC1,CC1=CC(C=O)C(C(C)C)CC1,True,"['green', 'lemon', 'rose', 'citrus']",green;lemon;rose;citrus,True,False
900,MOL_001777,Farnesyl acetate,29548-30-9,29548-30-9,True,True,CC(=O)OC/C=C(\C)CC/C=C(\C)CCC=C(C)C,CC(=O)OC/C=C(\C)CC/C=C(\C)CCC=C(C)C,True,"['green', 'melon', 'floral', 'rose']",green;melon;floral;rose,True,False
3238,MOL_001778,Ethylthiophenol,29549-60-8,29549-60-8,True,True,CCSc1ccccc1O,CCSc1ccccc1O,True,"['smoky', 'burnt']",smoky;burnt,True,False
3729,MOL_001779,(R)-delta-dodecalactone,29587-89-1,29587-89-1,True,True,O=C1O[C@H](CCCCCCC)CCC1,CCCCCCC[C@@H]1CCCC(=O)O1,True,"['fruity', 'apricot', 'milky']",fruity;apricot;milky,True,False
2870,MOL_001780,Propylene glycol monobutyrate (2 isomers),29592-95-8,29592-95-8,True,True,CCCC(=O)OCC(C)O,CCCC(=O)OCC(C)O,True,"['fruity', 'ethereal']",fruity;ethereal,True,False
1343,MOL_001781,Isopulegone,29606-79-9,29606-79-9,True,True,C=C(C)C1CCC(C)CC1=O,C=C(C)C1CCC(C)CC1=O,True,"['green', 'woody', 'mint']",green;woody;mint,True,False
2553,MOL_001782,Mercaptomenthanone,29725-66-4,29725-66-4,True,True,CC(C)C1CCC(C)(S)CC1=O,CC(C)C1CCC(C)(S)CC1=O,True,['citrus'],citrus,True,False
3730,MOL_001783,"methyl benzyl acetate (mixed ortho-,meta-,para-)",29759-11-3,29759-11-3,True,True,CC(C1=CC=CC=C1)OC(=O)C,CC(=O)OC(C)c1ccccc1,True,"['sweet', 'floral', 'fruity', 'herbal']",sweet;floral;fruity;herbal,True,False
1967,MOL_001784,Octyl methylbutyrate,29811-50-5,29811-50-5,True,True,CCCCCCCCOC(=O)C(C)CC,CCCCCCCCOC(=O)C(C)CC,True,"['green', 'fatty', 'fruity', 'waxy', 'herbal']",green;fatty;fruity;waxy;herbal,True,False
743,MOL_001785,Ethyl ethylphenylpropanoate,2983-36-0,2983-36-0,True,True,CCOC(=O)C(CC)Cc1ccccc1,CCOC(=O)C(CC)Cc1ccccc1,True,"['green', 'fruity', 'floral', 'sweet']",green;fruity;floral;sweet,True,False
2737,MOL_001786,Ethyl ethylhexanoate,2983-37-1,2983-37-1,True,True,CCCCC(CC)C(=O)OCC,CCCCC(CC)C(=O)OCC,True,"['woody', 'fruity', 'fatty', 'herbal']",woody;fruity;fatty;herbal,True,False
2736,MOL_001787,Ethyl ethylbutyrate,2983-38-2,2983-38-2,True,True,CCOC(=O)C(CC)CC,CCOC(=O)C(CC)CC,True,"['fruity', 'apple', 'buttery']",fruity;apple;buttery,True,False
3731,MOL_001788,cadinadiene,29837-12-5,29837-12-5,True,True,C[C@H]1CCC(C2C1=CCC(=C2)C)C(C)C,CC1=CC2C(=CC1)[C@@H](C)CCC2C(C)C,True,"['spicy', 'fruity', 'tropical']",spicy;fruity;tropical,True,False
718,MOL_001789,Ethyl acetoxypropionate,2985-28-6,2985-28-6,True,True,CCOC(=O)C(C)OC(C)=O,CCOC(=O)C(C)OC(C)=O,True,"['fruity', 'caramellic', 'dairy', 'rum']",fruity;caramellic;dairy;rum,True,False
3732,MOL_001790,woody ether,2986-54-1,2986-54-1,True,True,COC1CCCCCCCCCCC1,COC1CCCCCCCCCCC1,True,"['woody', 'dry', 'musk', 'balsamic', 'earthy', 'tobacco']",woody;dry;musk;balsamic;earthy;tobacco,True,False
3733,MOL_001791,(-)-gamma-elemene,29873-99-2,29873-99-2,True,True,CC(=C1CC[C@]([C@H](C1)C(=C)C)(C)C=C)C,C=C[C@@]1(C)CCC(=C(C)C)C[C@@H]1C(=C)C,True,"['green', 'woody', 'oily']",green;woody;oily,True,False
2057,MOL_001792,Phenylacetaldehyde glyceryl acetal,29895-73-6,29895-73-6,True,True,OCC1COC(Cc2ccccc2)O1,OCC1COC(Cc2ccccc2)O1,True,"['rose', 'floral', 'sweet']",rose;floral;sweet,True,False
3734,MOL_001793,alpha-hexyl cinnamaldehyde dimethyl acetal,29896-45-5,29896-45-5,True,True,CCCCCCC1=CC=C(C=C1)/C=C/C(OC)OC,CCCCCCc1ccc(/C=C/C(OC)OC)cc1,True,"['fresh', 'green', 'fatty', 'leafy', 'woody']",fresh;green;fatty;leafy;woody,True,False
1003,MOL_001794,Heptenoic acid,29901-85-7,29901-85-7,True,True,CCC/C=C\CC(=O)O,CCC/C=C\CC(=O)O,True,"['green', 'fruity', 'waxy', 'dairy']",green;fruity;waxy;dairy,True,False
72,MOL_001795,Acetylthiazoline,29926-41-8,29926-41-8,True,True,CC(=O)C1=NCCS1,CC(=O)C1=NCCS1,True,"['green', 'onion', 'popcorn']",green;onion;popcorn,True,False
2489,MOL_001796,Propionylthiazoline,29926-42-9,29926-42-9,True,True,CCC(=O)S1=CNCC1,CCC(=O)S1=CNCC1,True,"['nutty', 'bread', 'popcorn', 'roasted']",nutty;bread;popcorn;roasted,True,False
620,MOL_001797,Dimethyloctatrienol,29957-43-5,29957-43-5,True,True,C=CC(C)(O)C/C=C/C(=C)C,C=CC(C)(O)C/C=C/C(=C)C,True,"['citrus', 'fruity', 'grape', 'fresh', 'woody', 'floral']",citrus;fruity;grape;fresh;woody;floral,True,False
2917,MOL_001798,Hydroxybutyric acid,300-85-6,300-85-6,True,True,CC(O)CC(=O)O,CC(O)CC(=O)O,True,"['fruity', 'cheesy']",fruity;cheesy,True,False
3735,MOL_001799,gamma-muurolene,30021-74-0,30021-74-0,True,True,CC1=C[C@H]2[C@@H](CC1)C(=C)CC[C@@H]2C(C)C,C=C1CC[C@H](C(C)C)[C@H]2C=C(C)CC[C@@H]12,True,"['herbal', 'woody', 'spicy']",herbal;woody;spicy,True,False
2657,MOL_001800,Phenylpropanal dimethyl acetal,30076-98-3,30076-98-3,True,True,COC(CCc1ccccc1)OC,COC(CCc1ccccc1)OC,True,"['green', 'fruity', 'earthy', 'floral']",green;fruity;earthy;floral,True,False
1640,MOL_001801,Methylcyclohexadione,3008-43-3,3008-43-3,True,True,CC1CCCC(=O)C1=O,CC1CCCC(=O)C1=O,True,"['phenolic', 'burnt', 'caramellic', 'coffee']",phenolic;burnt;caramellic;coffee,True,False
3736,MOL_001802,"(E,E)-3,5-octadien-2-one",30086-02-3,30086-02-3,True,True,CC/C=C/C=C/C(=O)C,CC/C=C/C=C/C(C)=O,True,"['fruity', 'green', 'grassy']",fruity;green;grassy,True,False
1519,MOL_001803,Methyl linolenate,301-00-8,301-00-8,True,True,CC/C=C\C/C=C\C/C=C\CCCCCCCC(=O)OC,CC/C=C\C/C=C\C/C=C\CCCCCCCC(=O)OC,True,"['oily', 'fatty']",oily;fatty,True,False
2677,MOL_001804,Amyl anthranilate,30100-15-3,30100-15-3,True,True,CCCCCOC(=O)c1ccccc1N,CCCCCOC(=O)c1ccccc1N,True,"['fruity', 'grape', 'berry', 'floral', 'sweet']",fruity;grape;berry;floral;sweet,True,False
3737,MOL_001805,"(E,E)-2,6-alloocimene",3016-19-1,3016-19-1,True,True,C/C=C(\C)/C=C/C=C(C)C,C/C=C(C)/C=C/C=C(C)C,True,"['pine', 'sweet', 'fresh', 'floral']",pine;sweet;fresh;floral,True,False
3738,MOL_001806,muguet butanal,30168-23-1,30168-23-1,True,True,C1CC2C(C1)C\3CC2C/C3=C\CCC=O,O=CCC/C=C1\CC2CC1C1CCCC21,True,"['floral', 'sweet', 'aldehydic', 'waxy']",floral;sweet;aldehydic;waxy,True,False
735,MOL_001807,Ethyl decadienoate,3025-30-7,3025-30-7,True,True,CCCCC/C=C\C=C\C(=O)OCC,CCCCC/C=C\C=C\C(=O)OCC,True,"['apple', 'pear']",apple;pear,True,False
3739,MOL_001808,geranium pyran,30310-41-9,30310-41-9,True,True,CC1CC(=C)CC(O1)C2=CC=CC=C2,C=C1CC(C)OC(c2ccccc2)C1,True,"['floral', 'green', 'leafy', 'herbal']",floral;green;leafy;herbal,True,False
2229,MOL_001809,Rose oxide,3033-23-6,3033-23-6,True,True,CC(C)=C[C@@H]1C[C@H](C)CCO1,CC(C)=C[C@@H]1C[C@H](C)CCO1,True,"['rose', 'green', 'sharp', 'metallic', 'floral']",rose;green;sharp;metallic;floral,True,False
1916,MOL_001810,Octadienal,30361-28-5,30361-28-5,True,True,CCC/C=C/C=C/C=O,CCC/C=C/C=C/C=O,True,"['citrus', 'green', 'fatty', 'fruity', 'melon']",citrus;green;fatty;fruity;melon,True,False
3740,MOL_001811,"(E,E)-2,4-undecadienal",30361-29-6,30361-29-6,True,True,CCCCCC/C=C/C=C/C=O,CCCCCC/C=C/C=C/C=O,True,"['oily', 'caramellic', 'spicy', 'citrus', 'buttery', 'roasted', 'fatty', 'waxy', 'chicken', 'sweet']",oily;caramellic;spicy;citrus;buttery;roasted;fatty;waxy;chicken;sweet,True,False
476,MOL_001812,Dehydroionene,30364-38-6,30364-38-6,True,True,Cc1ccc2c(c1)C=CCC2(C)C,Cc1ccc2c(c1)C=CCC2(C)C,True,"['woody', 'gasoline']",woody;gasoline,True,False
450,MOL_001813,Decenal,30390-50-2,30390-50-2,True,True,CCCCCC=CCCC=O,CCCCCC=CCCC=O,True,"['citrus', 'fruity', 'fresh', 'orange', 'floral']",citrus;fruity;fresh;orange;floral,True,False
2474,MOL_001814,Dodecenal,30390-51-3,30390-51-3,True,True,CCCCCCC/C=C/CCC=O,CCCCCCC/C=C/CCC=O,True,"['fishy', 'citrus']",fishy;citrus,True,False
594,MOL_001815,Dimethylethyloxazole,30408-61-8,30408-61-8,True,True,CCc1nc(C)oc1C,CCc1nc(C)oc1C,True,"['green', 'vegetable', 'nutty', 'hazelnut']",green;vegetable;nutty;hazelnut,True,False
2816,MOL_001816,Methyl oxohexanoate,30414-54-1,30414-54-1,True,True,CCCC(=O)CC(=O)OC,CCCC(=O)CC(=O)OC,True,"['fruity', 'caramellic', 'roasted']",fruity;caramellic;roasted,True,False
3218,MOL_001817,Nonenyl acetate,30418-89-4,30418-89-4,True,True,CCCCCC/C=C/COC(C)=O,CCCCCC/C=C/COC(C)=O,True,"['citrus', 'green', 'fruity', 'melon', 'waxy']",citrus;green;fruity;melon;waxy,True,False
590,MOL_001818,Dimethylcyclopentenone,30434-64-1,30434-64-1,True,True,CC1=CC(=O)CC1C,CC1=CC(=O)CC1C,True,"['ketonic', 'caramellic', 'burnt']",ketonic;caramellic;burnt,True,False
816,MOL_001819,Ethyl propyl disulfide,30453-31-7,30453-31-7,True,True,CCCSSCC,CCCSSCC,True,"['vegetable', 'roasted', 'green', 'garlic', 'fatty', 'savory', 'onion', 'sulfurous']",vegetable;roasted;green;garlic;fatty;savory;onion;sulfurous,True,False
2363,MOL_001820,Trimethylpentanol,3054-92-0,3054-92-0,True,True,CC(C)C(C)C(C)(C)O,CC(C)C(C)C(C)(C)O,True,"['earthy', 'camphoreous']",earthy;camphoreous,True,False
499,MOL_001821,Diethoxypropene,3054-95-3,3054-95-3,True,True,C=CC(OCC)OCC,C=CC(OCC)OCC,True,"['green', 'fruity', 'gasoline', 'sharp', 'fresh', 'pungent']",green;fruity;gasoline;sharp;fresh;pungent,True,False
2959,MOL_001822,Nonadienal,30551-17-8,30551-17-8,True,True,CCCCC=CC=CC=O,CCCCC=CC=CC=O,True,"['grassy', 'green', 'fatty', 'violet', 'leafy', 'cucumber']",grassy;green;fatty;violet;leafy;cucumber,True,False
3741,MOL_001823,khusimone,30557-76-7,30557-76-7,True,True,CC1([C@@H]2CC[C@@]3(C2)C(C1=C)CCC3=O)C,C=C1C2CCC(=O)[C@@]23CC[C@H](C3)C1(C)C,True,['woody'],woody,True,False
1639,MOL_001824,Methylcyclohexadiene mixture,30640-46-1,30640-46-1,True,True,CC1=CC=CCC1,CC1=CC=CCC1,True,['gasoline'],gasoline,True,False
261,MOL_001825,Butyl decanoate,30673-36-0,30673-36-0,True,True,CCCCCCCCCC(=O)OCCCC,CCCCCCCCCC(=O)OCCCC,True,"['oily', 'fruity', 'cognac', 'sweet', 'brandy']",oily;fruity;cognac;sweet;brandy,True,False
1235,MOL_001826,Isobutyl decanoate,30673-38-2,30673-38-2,True,True,CCCCCCCCCC(=O)OCC(C)C,CCCCCCCCCC(=O)OCC(C)C,True,"['oily', 'fatty', 'fruity', 'cognac', 'sweet', 'brandy']",oily;fatty;fruity;cognac;sweet;brandy,True,False
2166,MOL_001827,Propyl decanoate,30673-60-0,30673-60-0,True,True,CCCCCCCCCC(=O)OCCC,CCCCCCCCCC(=O)OCCC,True,"['vegetable', 'fruity', 'fatty', 'oily', 'woody']",vegetable;fruity;fatty;oily;woody,True,False
2605,MOL_001828,Methyloctanal,30689-75-9,30689-75-9,True,True,CCC(C)CCCCC=O,CCC(C)CCCCC=O,True,"['citrus', 'green', 'fatty', 'orange', 'sweet']",citrus;green;fatty;orange;sweet,True,False
3742,MOL_001829,melozol acetate,30772-69-1,30772-69-1,True,True,CC(=O)OCC1CCC2C1C3CCC2C3,CC(=O)OCC1CCC2C3CCC(C3)C12,True,"['woody', 'fruity', 'floral', 'balsamic']",woody;fruity;floral;balsamic,True,False
3743,MOL_001830,melon carboxaldehyde,30772-79-3,30772-79-3,True,True,C1CC2CC1C3C2C(CC3)C=O,O=CC1CCC2C3CCC(C3)C12,True,"['green', 'melon', 'fresh', 'aldehydic']",green;melon;fresh;aldehydic,True,False
3744,MOL_001831,heptanal cyclic trimethylene acetal,3080-69-1,3080-69-1,True,True,CCCCCCC1OCCC(O1)C,CCCCCCC1OCCC(C)O1,True,"['floral', 'rose']",floral;rose,True,False
3274,MOL_001832,Methylnonanal,3085-26-5,3085-26-5,True,True,CCCCCCCC(C)C=O,CCCCCCCC(C)C=O,True,"['citrus', 'green', 'milky', 'waxy', 'sweet']",citrus;green;milky;waxy;sweet,True,False
3745,MOL_001833,3-mercapto-3-methyl butanal,308805-43-8,308805-43-8,True,True,CC(C)(CC=O)S,CC(C)(S)CC=O,True,"['brothy', 'cheesy']",brothy;cheesy,True,False
3746,MOL_001834,allyl sorbate,30895-79-5,30895-79-5,True,True,CC=CC=CC(=O)OC(=C)C,C=C(C)OC(=O)C=CC=CC,True,"['fruity', 'pineapple']",fruity;pineapple,True,False
3747,MOL_001835,nopyl aldehyde,30897-75-7,30897-75-7,True,True,CC1(C2CC=C(C1C2)CC=O)C,CC1(C)C2CC=C(CC=O)C1C2,True,"['woody', 'pine', 'oily', 'fatty']",woody;pine;oily;fatty,True,False
2160,MOL_001836,Propyl anthranilate,30954-98-4,30954-98-4,True,True,CCCOC(=O)c1ccccc1N,CCCOC(=O)c1ccccc1N,True,"['grape', 'winey']",grape;winey,True,False
3748,MOL_001837,cedrenone,30960-39-5,30960-39-5,True,True,C[C@@H]1CC[C@@H]2C13C[C@H](C2(C)C)C(=CC3=O)C,CC1=CC(=O)C23C[C@@H]1C(C)(C)[C@@H]2CC[C@H]3C,True,['woody'],woody,True,False
1249,MOL_001838,Isobutyl nonanoate,30982-03-7,30982-03-7,True,True,CCCCCCCCC(=O)OCC(C)C,CCCCCCCCC(=O)OCC(C)C,True,"['oily', 'fruity', 'winey', 'rose']",oily;fruity;winey;rose,True,False
3749,MOL_001839,"(E,E)-digeranyl ether",31147-36-1,31147-36-1,True,True,CC(=CCC/C(=C\COC\C=C(/C)\CCC=C(C)C)/C)C,CC(C)=CCC/C(C)=C\COC/C=C(\C)CCC=C(C)C,True,"['fresh', 'floral', 'balsamic']",fresh;floral;balsamic,True,False
135,MOL_001840,Amyl palmitate,31148-31-9,31148-31-9,True,True,CCCCCCCCCCCCCCCC(=O)OCCCCC,CCCCCCCCCCCCCCCC(=O)OCCCCC,True,"['fatty', 'waxy']",fatty;waxy,True,False
3750,MOL_001841,(S)-gamma-heptalactone,31323-51-0,31323-51-0,True,True,CCC[C@H]1CCC(=O)O1,CCC[C@H]1CCC(=O)O1,True,"['fatty', 'coconut', 'fruity', 'sweet']",fatty;coconut;fruity;sweet,True,False
1793,MOL_001842,Methylthioethanethiol,31331-53-0,31331-53-0,True,True,CSC(C)S,CSC(C)S,True,"['meaty', 'garlic', 'onion']",meaty;garlic;onion,True,False
2154,MOL_001843,Propionylmenthene,31375-17-4,31375-17-4,True,True,CCC(=O)C1CC(C(C)C)CC=C1C,CCC(=O)C1CC(C(C)C)CC=C1C,True,"['citrus', 'green', 'leafy']",citrus;green;leafy,True,False
3751,MOL_001844,pineapple heptadienone 10%,313973-37-4,313973-37-4,True,True,O=C(CCC=C)C(=C)C1CCCCC1,C=CCCC(=O)C(=C)C1CCCCC1,True,"['sweet', 'green', 'fruity', 'pineapple', 'tropical', 'floral', 'metallic', 'herbal']",sweet;green;fruity;pineapple;tropical;floral;metallic;herbal,True,False
3752,MOL_001845,cyclohexyl crotonate,31416-78-1,31416-78-1,True,True,C/C=C/C(=O)OC1CCCCC1,C/C=C/C(=O)OC1CCCCC1,True,"['fruity', 'sweet', 'floral', 'green', 'woody']",fruity;sweet;floral;green;woody,True,False
1172,MOL_001846,Hydroxypentanone,3142-66-3,3142-66-3,True,True,CCC(O)C(C)=O,CCC(O)C(C)=O,True,"['creamy', 'caramellic', 'buttery']",creamy;caramellic;buttery,True,False
1733,MOL_001847,Methylpentenoic acid,3142-72-1,3142-72-1,True,True,CC/C=C(\C)C(=O)O,CC/C=C(\C)C(=O)O,True,"['green', 'strawberry', 'caramellic', 'sweet']",green;strawberry;caramellic;sweet,True,False
1459,MOL_001848,Methoxypyrazine,3149-28-8,3149-28-8,True,True,COc1cnccn1,COc1cnccn1,True,"['roasted', 'green', 'earthy', 'nutty', 'cocoa', 'winey', 'sweet']",roasted;green;earthy;nutty;cocoa;winey;sweet,True,False
2476,MOL_001849,Ethyl propyl trisulfide,31499-70-4,31499-70-4,True,True,CCCSSSCC,CCCSSSCC,True,"['roasted', 'alliaceous', 'garlic', 'onion', 'sulfurous', 'pungent']",roasted;alliaceous;garlic;onion;sulfurous;pungent,True,False
779,MOL_001850,Ethyl methyl trisulfide,31499-71-5,31499-71-5,True,True,CCSSSC,CCSSSC,True,"['roasted', 'green', 'garlic', 'alliaceous', 'onion', 'sulfurous']",roasted;green;garlic;alliaceous;onion;sulfurous,True,False
541,MOL_001851,Dihydroionone,31499-72-6,31499-72-6,True,True,CC(=O)CCC1C(C)=CCCC1(C)C,CC(=O)CCC1C(C)=CCCC1(C)C,True,"['fruity', 'violet', 'orris', 'woody', 'floral']",fruity;violet;orris;woody;floral,True,False
1086,MOL_001852,Hexenyl hexanoate,31501-11-8,31501-11-8,True,True,CC/C=C\CCOC(=O)CCCCC,CC/C=C\CCOC(=O)CCCCC,True,"['green', 'fruity', 'pear']",green;fruity;pear,True,False
1896,MOL_001853,Nonenol,31502-14-4,31502-14-4,True,True,CCCCCC/C=C/CO,CCCCCC/C=C/CO,True,"['green', 'fatty', 'melon', 'chicken']",green;fatty;melon;chicken,True,False
2522,MOL_001854,Mercaptomethylpentanol,31539-84-1,31539-84-1,True,True,CCCCC(O)CS,CCCCC(O)CS,True,"['sulfurous', 'grapefruit', 'black currant', 'citrus']",sulfurous;grapefruit;black currant;citrus,True,False
3753,MOL_001855,boronia butenal,3155-71-3,3155-71-3,True,True,CC1=C(C(CCC1)(C)C)C\C=C(/C)\C=O,CC1=C(C/C=C(\C)C=O)C(C)(C)CCC1,True,"['dry', 'sweet', 'tobacco', 'nutty', 'violet', 'floral', 'leafy', 'hay', 'woody']",dry;sweet;tobacco;nutty;violet;floral;leafy;hay;woody,True,False
3754,MOL_001856,isooctyl acetate,31565-19-2,31565-19-2,True,True,CC(C)CCCCCOC(=O)C,CC(=O)OCCCCCC(C)C,True,"['sweet', 'fruity']",sweet;fruity,True,False
1666,MOL_001857,Methylfurylbutanal,31704-80-0,31704-80-0,True,True,CCC(C=O)c1ccc(C)o1,CCC(C=O)c1ccc(C)o1,True,"['green', 'fruity', 'fatty', 'vegetable', 'cucumber']",green;fruity;fatty;vegetable;cucumber,True,False
3755,MOL_001858,"N-(2-mercaptoethyl)-1,3-thiazolidine",317803-03-5,317803-03-5,True,True,C1CSCN1CCS,SCCN1CCSC1,True,"['popcorn', 'nutty']",popcorn;nutty,True,False
2960,MOL_001859,Nonenal,31823-43-5,31823-43-5,True,True,CCCCC/C=C\CC=O,CCCCC/C=C\CC=O,True,"['green', 'cucumber']",green;cucumber,True,False
1776,MOL_001860,Methyltetrahydrofuranone,3188-00-9,3188-00-9,True,True,CC1OCCC1=O,CC1OCCC1=O,True,"['caramellic', 'roasted', 'buttery', 'bread', 'sweet', 'rum']",caramellic;roasted;buttery;bread;sweet;rum,True,False
2976,MOL_001861,Ethylmethylthiazole,31883-01-9,31883-01-9,True,True,CCc1scnc1C,CCc1scnc1C,True,"['green', 'vegetable', 'hazelnut']",green;vegetable;hazelnut,True,False
3756,MOL_001862,clary propionate,319002-92-1,319002-92-1,True,True,O=C(OCCC)[C@@H](OC(C)(C)CC)C,CCCOC(=O)[C@H](C)OC(C)(C)CC,True,"['floral', 'herbal', 'woody', 'citrus']",floral;herbal;woody;citrus,True,False
2953,MOL_001863,Lyral®,31906-04-4,31906-04-4,True,True,CC(C)(O)CCCC1=CCC(C=O)CC1,CC(C)(O)CCCC1=CCC(C=O)CC1,True,"['woody', 'aldehydic', 'floral']",woody;aldehydic;floral,True,False
2897,MOL_001864,Ethyl 2-furyl ketone,3194-15-8,3194-15-8,True,True,CCC(=O)c1ccco1,CCC(=O)c1ccco1,True,"['fruity', 'sweet']",fruity;sweet,True,False
1997,MOL_001865,Pentanoylfuran,3194-17-0,3194-17-0,True,True,CCCCC(=O)c1ccco1,CCCCC(=O)c1ccco1,True,"['fruity', 'cheesy']",fruity;cheesy,True,False
1900,MOL_001866,Nonenone,32064-72-5,32064-72-5,True,True,C/C=C/C(=O)CCCCC,C/C=C/C(=O)CCCCC,True,"['earthy', 'fruity', 'sweet', 'mushroom']",earthy;fruity;sweet;mushroom,True,False
848,MOL_001867,Ethylfuran,3208-16-0,3208-16-0,True,True,CCc1ccco1,CCc1ccco1,True,"['ethereal', 'burnt', 'coffee', 'musty', 'sweet']",ethereal;burnt;coffee;musty;sweet,True,False
2104,MOL_001868,Phenylpropyltetrahydrofuran,3208-40-0,3208-40-0,True,True,c1ccc(CCCC2CCCO2)cc1,c1ccc(CCCC2CCCO2)cc1,True,"['caramellic', 'fruity', 'honey', 'peach', 'plum', 'sweet']",caramellic;fruity;honey;peach;plum;sweet,True,False
2994,MOL_001869,Methoxymethylphenol,3209-13-0,3209-13-0,True,True,COc1cc(C)cc(O)c1,COc1cc(C)cc(O)c1,True,"['phenolic', 'sweet']",phenolic;sweet,True,False
2699,MOL_001870,Butylcyclohexyl acetate,32210-23-4,32210-23-4,True,True,CC(=O)OC1CCC(C(C)(C)C)CC1,CC(=O)OC1CCC(C(C)(C)C)CC1,True,"['woody', 'floral', 'orris']",woody;floral;orris,True,False
342,MOL_001871,Caryophyllene alcohol acetate,32214-91-8,32214-91-8,True,True,C=C1CCC(OC(C)=O)/C(C)=C\CC2C1CC2(C)C,C=C1CCC(OC(C)=O)/C(C)=C\CC2C1CC2(C)C,True,"['woody', 'fruity']",woody;fruity,True,False
3757,MOL_001872,(R)-2-methyl butyric acid,32231-50-8,32231-50-8,True,True,CC[C@@H](C)C(=O)O,CC[C@@H](C)C(=O)O,True,"['cheesy', 'animal']",cheesy;animal,True,False
3758,MOL_001873,"5-sec-butyl-2,3-dimethyl pyrazine",32263-00-6,32263-00-6,True,True,CCC(C)C1=CN=C(C(=N1)C)C,CCC(C)c1cnc(C)c(C)n1,True,"['fresh', 'burnt', 'roasted']",fresh;burnt;roasted,True,False
871,MOL_001874,Ethylmethylthiazole,32272-48-3,32272-48-3,True,True,CCc1csc(C)n1,CCc1csc(C)n1,True,"['green', 'sulfurous', 'roasted', 'meaty']",green;sulfurous;roasted;meaty,True,False
596,MOL_001875,Dimethylethylthiazole,32272-57-4,32272-57-4,True,True,CCc1nc(C)sc1C,CCc1nc(C)sc1C,True,"['earthy', 'potato', 'burnt', 'coffee']",earthy;potato;burnt;coffee,True,False
47,MOL_001876,Acetylcedrene,32388-55-9,32388-55-9,True,True,CC(=O)C1=C(C)C2CC3(C1)C(C)CCC3C2(C)C,CC(=O)C1=C(C)C2CC3(C1)C(C)CCC3C2(C)C,True,"['musk', 'warm', 'woody']",musk;warm;woody,True,False
1691,MOL_001877,Methylhexenone,3240-09-3,3240-09-3,True,True,C=C(C)CCC(C)=O,C=C(C)CCC(C)=O,True,"['green', 'fruity', 'fatty', 'tropical', 'dairy', 'berry', 'cheesy']",green;fruity;fatty;tropical;dairy;berry;cheesy,True,False
3759,MOL_001878,balsam ketone,3240-29-7,3240-29-7,True,True,C=CCCC(=O)C1=CC=CC=C1,C=CCCC(=O)c1ccccc1,True,"['balsamic', 'herbal']",balsamic;herbal,True,False
3760,MOL_001879,dextro-glucurolactone,32449-92-6,32449-92-6,True,True,C(=O)[C@@H]([C@@H]1[C@@H]([C@@H](C(=O)O1)O)O)O,O=C[C@H](O)[C@H]1OC(=O)[C@@H](O)[C@H]1O,True,['mint'],mint,True,False
2912,MOL_001880,Dodecenoic acid,32466-54-9,32466-54-9,True,True,CCCCCCCCC/C=C/C(=O)O,CCCCCCCCC/C=C/C(=O)O,True,"['green', 'fatty', 'fruity']",green;fatty;fruity,True,False
2338,MOL_001881,Tridecenoic acid,32466-55-0,32466-55-0,True,True,CCCCCCCCCC/C=C/C(=O)O,CCCCCCCCCC/C=C/C(=O)O,True,"['fatty', 'waxy']",fatty;waxy,True,False
805,MOL_001882,Ethyl oxohexanoate,3249-68-1,3249-68-1,True,True,CCCC(=O)CC(=O)OCC,CCCC(=O)CC(=O)OCC,True,"['green', 'fruity', 'pineapple', 'berry']",green;fruity;pineapple;berry,True,False
1984,MOL_001883,"Pentadecano-1,14-lactone",32539-85-8,32539-85-8,True,True,CC1CCCCCCCCCCCCC(=O)O1,CC1CCCCCCCCCCCCC(=O)O1,True,['musk'],musk,True,False
3761,MOL_001884,corps popinal,32540-03-7,32540-03-7,True,True,CC1=CC/C(=C(\C)/CCC=O)/CC1,CC1=CC/C(=C(\C)CCC=O)CC1,True,['floral'],floral,True,False
2121,MOL_001885,Piperonyl acetate,326-61-4,326-61-4,True,True,CC(=O)OCc1ccc2c(c1)OCO2,CC(=O)OCc1ccc2c(c1)OCO2,True,"['cherry', 'floral', 'sweet']",cherry;floral;sweet,True,False
3762,MOL_001886,(E)-ethyl geranate,32659-21-5,32659-21-5,True,True,CCOC(=O)\C=C(/C)\CCC=C(C)C,CCOC(=O)/C=C(\C)CCC=C(C)C,True,"['woody', 'rose', 'green']",woody;rose;green,True,False
1309,MOL_001887,Isopropyl isovalerate,32665-23-9,32665-23-9,True,True,CC(C)CC(=O)OC(C)C,CC(C)CC(=O)OC(C)C,True,"['apple', 'ethereal', 'fruity', 'berry', 'pineapple', 'cheesy']",apple;ethereal;fruity;berry;pineapple;cheesy,True,False
3763,MOL_001888,1-cyclooct-3-enyl ethanone,32669-00-4,32669-00-4,True,True,CC(=O)C1CCCC/C=C\C1,CC(=O)C1C/C=C\CCCC1,True,"['aldehydic', 'aromatic', 'herbal', 'camphoreous']",aldehydic;aromatic;herbal;camphoreous,True,False
1808,MOL_001889,Methylthiopropanal,3268-49-3,3268-49-3,True,True,CSCCC=O,CSCCC=O,True,"['onion', 'potato', 'tomato', 'meaty']",onion;potato;tomato;meaty,True,False
1391,MOL_001890,Menthadienol,3269-90-7,3269-90-7,True,True,C=C(CO)C1CC=C(C)CC1,C=C(CO)C1CC=C(C)CC1,True,"['mint', 'citrus', 'fruity', 'herbal', 'floral', 'sweet']",mint;citrus;fruity;herbal;floral;sweet,True,False
3764,MOL_001891,2-ethyl-6-vinyl pyrazine,32736-90-6,32736-90-6,True,True,n1cc(nc(c1)CC)\C=C,C=Cc1cncc(CC)n1,True,"['buttery', 'potato']",buttery;potato,True,False
518,MOL_001892,Diethylmethylpyrazine,32736-91-7,32736-91-7,True,True,CCc1cnc(CC)c(C)n1,CCc1cnc(CC)c(C)n1,True,"['hazelnut', 'cocoa', 'burnt']",hazelnut;cocoa;burnt,True,False
707,MOL_001893,Ethoxymethylpyrazine,32737-14-7,32737-14-7,True,True,CCOc1nccnc1C,CCOc1nccnc1C,True,"['roasted', 'nutty', 'cocoa']",roasted;nutty;cocoa,True,False
3765,MOL_001894,2-tert-butyl pyrazine,32741-11-0,32741-11-0,True,True,CC(C)(C)C1=NC=CN=C1,CC(C)(C)c1cnccn1,True,"['mint', 'green', 'vegetable', 'nutty', 'roasted']",mint;green;vegetable;nutty;roasted,True,False
3766,MOL_001895,"2,3-dimethyl valeraldehyde",32749-94-3,32749-94-3,True,True,CCC(C)C(C)C=O,CCC(C)C(C)C=O,True,"['green', 'ethereal']",green;ethereal,True,False
465,MOL_001896,Decenolactone,32764-98-0,32764-98-0,True,True,C/C=C/CCC1CCCC(=O)O1,C/C=C/CCC1CCCC(=O)O1,True,"['apricot', 'oily', 'fruity', 'peach', 'floral']",apricot;oily;fruity;peach;floral,True,False
3767,MOL_001897,"(E)-2,5,9-trimethyl-4,9-decadien-1-al",32803-39-7,32803-39-7,True,True,CC(C/C=C(\C)/CCCC(=C)C)C=O,C=C(C)CCC/C(C)=C/CC(C)C=O,True,"['floral', 'aldehydic', 'orris', 'citrus', 'fruity', 'animal', 'waxy', 'sweet']",floral;aldehydic;orris;citrus;fruity;animal;waxy;sweet,True,False
733,MOL_001898,Ethyl cyclohexanecarboxylate,3289-28-9,3289-28-9,True,True,CCOC(=O)C1CCCCC1,CCOC(=O)C1CCCCC1,True,"['apple', 'fruity', 'cheesy', 'fermented', 'berry', 'brandy']",apple;fruity;cheesy;fermented;berry;brandy,True,False
540,MOL_001899,Dihydroionol,3293-47-8,3293-47-8,True,True,CC1=C(CCC(C)O)C(C)(C)CCC1,CC1=C(CCC(C)O)C(C)(C)CCC1,True,"['woody', 'floral', 'sweet']",woody;floral;sweet,True,False
243,MOL_001900,Butenyl methyl sulfide,32951-19-2,32951-19-2,True,True,CCC=CSC,CCC=CSC,True,"['onion', 'alliaceous', 'garlic', 'savory']",onion;alliaceous;garlic;savory,True,False
56,MOL_001901,Acetylethylpyrazine,32974-92-8,32974-92-8,True,True,CCc1nccnc1C(C)=O,CCc1nccnc1C(C)=O,True,"['meaty', 'earthy', 'nutty', 'hazelnut', 'potato', 'popcorn']",meaty;earthy;nutty;hazelnut;potato;popcorn,True,False
2578,MOL_001902,"Acetaldehyde 2,3-butanediol acetal",3299-32-9,3299-32-9,True,True,CC1OC(C)C(C)O1,CC1OC(C)C(C)O1,True,"['alcoholic', 'ethereal', 'green', 'fruity', 'fresh', 'winey']",alcoholic;ethereal;green;fruity;fresh;winey,True,False
983,MOL_001903,Heptalactone,3301-90-4,3301-90-4,True,True,CCC1CCCC(=O)O1,CCC1CCCC(=O)O1,True,"['coconut', 'coumarinic']",coconut;coumarinic,True,False
1870,MOL_001904,Nonalactone,3301-94-8,3301-94-8,True,True,CCCCC1CCCC(=O)O1,CCCCC1CCCC(=O)O1,True,"['oily', 'fatty', 'coconut', 'sweet']",oily;fatty;coconut;sweet,True,False
1671,MOL_001905,Methylheptanoic acid,3302-03-2,3302-03-2,True,True,CCCCCC(C)C(=O)O,CCCCCC(C)C(=O)O,True,"['fatty', 'sour', 'cheesy']",fatty;sour;cheesy,True,False
2926,MOL_001906,Trimethylhexanoic acid,3302-10-1,3302-10-1,True,True,CC(CC(=O)O)CC(C)(C)C,CC(CC(=O)O)CC(C)(C)C,True,['sour'],sour,True,False
1715,MOL_001907,Methyloctenone,33046-81-0,33046-81-0,True,True,CC(=O)/C=C/CCC(C)C,CC(=O)/C=C/CCC(C)C,True,"['creamy', 'meaty', 'green', 'oily', 'fatty', 'earthy', 'nutty']",creamy;meaty;green;oily;fatty;earthy;nutty,True,False
2133,MOL_001908,Prenyl thioacetate,33049-93-3,33049-93-3,True,True,CC(=O)SCC=C(C)C,CC(=O)SCC=C(C)C,True,"['green', 'sulfurous', 'fruity', 'tropical']",green;sulfurous;fruity;tropical,True,False
3768,MOL_001909,(R)-2-methyl butyraldehyde,33204-48-7,33204-48-7,True,True,CC[C@@H](C)C=O,CC[C@@H](C)C=O,True,"['burnt', 'cocoa', 'coffee']",burnt;cocoa;coffee,True,False
3095,MOL_001910,Epoxycarvone,33204-74-9,33204-74-9,True,True,C=C(C)C1CC(=O)C2(C)OC2C1,C=C(C)C1CC(=O)C2(C)OC2C1,True,['mint'],mint,True,False
3769,MOL_001911,(Z)-buchu mercaptan,33284-96-7,33284-96-7,True,True,C[C@H]1CC[C@@H](C(=O)C1)C(C)(C)S,C[C@H]1CC[C@H](C(C)(C)S)C(=O)C1,True,['tropical'],tropical,True,False
3183,MOL_001912,Methylfuryl methylthiomethyl disulfide,333384-99-9,333384-99-9,True,True,CSCSSc1occc1C,CSCSSc1occc1C,True,"['sulfurous', 'meaty', 'beefy', 'roasted']",sulfurous;meaty;beefy;roasted,True,False
1563,MOL_001913,Methyl propenyl trisulfide,33368-80-8,33368-80-8,True,True,CC=CSSSC,CC=CSSSC,True,"['onion', 'sulfurous', 'garlic']",onion;sulfurous;garlic,True,False
105,MOL_001914,Allyl propenyl disulfide,33368-82-0,33368-82-0,True,True,C=CCSSC=CC,C=CCSSC=CC,True,"['onion', 'garlic']",onion;garlic,True,False
1913,MOL_001915,Ocimene,3338-55-4,3338-55-4,True,True,C=C/C(C)=C\CC=C(C)C,C=C/C(C)=C\CC=C(C)C,True,"['floral', 'sweet', 'warm', 'herbal']",floral;sweet;warm;herbal,True,False
442,MOL_001916,Decanoic acid,334-48-5,334-48-5,True,True,CCCCCCCCCC(=O)O,CCCCCCCCCC(=O)O,True,"['fatty', 'waxy', 'dairy', 'cheesy']",fatty;waxy;dairy;cheesy,True,False
3770,MOL_001917,(E)-2-decenoic acid,334-49-6,334-49-6,True,True,CCCCCCC/C=C/C(=O)O,CCCCCCC/C=C/C(=O)O,True,"['sweet', 'fresh', 'fruity', 'oily', 'waxy']",sweet;fresh;fruity;oily;waxy,True,False
3254,MOL_001918,Ethyl mercaptomethylpropionate,33441-50-8,33441-50-8,True,True,CCOC(=O)C(C)CS,CCOC(=O)C(C)CS,True,"['sulfurous', 'fruity', 'tropical']",sulfurous;fruity;tropical,True,False
1082,MOL_001919,Hexenyl formate,33467-73-1,33467-73-1,True,True,CC/C=C\CCOC=O,CC/C=C\CCOC=O,True,"['green', 'fruity', 'apple', 'sharp']",green;fruity;apple;sharp,True,False
1100,MOL_001920,Hexenyl propionate,33467-74-2,33467-74-2,True,True,CC/C=C\CCOC(=O)CC,CC/C=C\CCOC(=O)CC,True,"['apple', 'citrus', 'green', 'pear', 'waxy', 'vegetable', 'sweet']",apple;citrus;green;pear;waxy;vegetable;sweet,True,False
1008,MOL_001921,Heptenol,33467-76-4,33467-76-4,True,True,CCCC/C=C/CO,CCCC/C=C/CO,True,"['green', 'fatty', 'pungent']",green;fatty;pungent,True,False
982,MOL_001922,Heptadienol,33467-79-7,33467-79-7,True,True,CC/C=C/C=C/CO,CC/C=C/C=C/CO,True,"['fatty', 'nutty', 'almond', 'cheesy']",fatty;nutty;almond;cheesy,True,False
2889,MOL_001923,Verbenyl acetate,33522-69-9,33522-69-9,True,True,CC(=O)OC1C=C(C)C2CC1C2(C)C,CC(=O)OC1C=C(C)C2CC1C2(C)C,True,"['fruity', 'spicy', 'mint', 'herbal']",fruity;spicy;mint;herbal,True,False
3771,MOL_001924,fucoserratene,33580-05-1,33580-05-1,True,True,CC/C=C\C=C\C=C,C=C/C=C/C=C\CC,True,"['green', 'solvent']",green;solvent,True,False
2064,MOL_001925,Phenylbutanol,3360-41-6,3360-41-6,True,True,OCCCCc1ccccc1,OCCCCc1ccccc1,True,"['honey', 'rose', 'sweet', 'herbal']",honey;rose;sweet;herbal,True,False
1533,MOL_001926,Methyl methylpentenoate,33603-30-4,33603-30-4,True,True,CCC=C(C)C(=O)OC,CCC=C(C)C(=O)OC,True,"['green', 'fruity', 'melon', 'strawberry', 'pineapple', 'sweet']",green;fruity;melon;strawberry;pineapple;sweet,True,False
3772,MOL_001927,sea resorcylate,33662-58-7,33662-58-7,True,True,CC1=C(C=CC(=C1O)C(=O)OC)O,COC(=O)c1ccc(O)c(C)c1O,True,"['musty', 'sweet', 'fresh', 'phenolic']",musty;sweet;fresh;phenolic,True,False
2606,MOL_001928,Octenone,33665-27-9,33665-27-9,True,True,CCC/C=C/CC(C)=O,CCC/C=C/CC(C)=O,True,"['spicy', 'green', 'fatty', 'earthy', 'fruity', 'dairy', 'herbal']",spicy;green;fatty;earthy;fruity;dairy;herbal,True,False
1709,MOL_001929,Methylnonalactone,33673-62-0,33673-62-0,True,True,CCCCCC1OC(=O)CC1C,CCCCCC1OC(=O)CC1C,True,"['coconut', 'buttery']",coconut;buttery,True,False
1044,MOL_001930,Hexanal dihexyl acetal,33673-65-3,33673-65-3,True,True,CCCCCCOC(CCCCC)OCCCCCC,CCCCCCOC(CCCCC)OCCCCCC,True,"['grassy', 'apple', 'green', 'oily', 'cognac']",grassy;apple;green;oily;cognac,True,False
3773,MOL_001931,musk indanone,33704-61-9,33704-61-9,True,True,CC1C(C2=C(C1(C)C)C(=O)CCC2)(C)C,CC1C(C)(C)C2=C(C(=O)CCC2)C1(C)C,True,"['spicy', 'musk', 'woody', 'fresh']",spicy;musk;woody;fresh,True,False
1118,MOL_001932,Hexyl hexenoate,33855-57-1,33855-57-1,True,True,CCC/C=C/C(=O)OCCCCCC,CCC/C=C/C(=O)OCCCCCC,True,"['green', 'fruity', 'fatty', 'waxy', 'sweet']",green;fruity;fatty;waxy;sweet,True,False
2569,MOL_001933,Butenyl isothiocyanate,3386-97-8,3386-97-8,True,True,C=CCCN=C=S,C=CCCN=C=S,True,"['green', 'pungent', 'horseradish']",green;pungent;horseradish,True,False
2231,MOL_001934,Sabinene,3387-41-5,3387-41-5,True,True,C=C1CCC2(C(C)C)CC12,C=C1CCC2(C(C)C)CC12,True,"['spicy', 'citrus']",spicy;citrus,True,False
3774,MOL_001935,beta-elemene,33880-83-0,33880-83-0,True,True,CC(=C)[C@H]1CC[C@]([C@H](C1)C(=C)C)(C)C=C,C=C[C@@]1(C)CC[C@H](C(=C)C)C[C@@H]1C(=C)C,True,"['herbal', 'waxy', 'fresh']",herbal;waxy;fresh,True,False
3775,MOL_001936,pinoacetaldehyde,33885-51-7,33885-51-7,True,True,CC1(C2CC=C(C1C2)CCC=O)C,CC1(C)C2CC=C(CCC=O)C1C2,True,"['fresh', 'balsamic', 'pine', 'nutty', 'aldehydic']",fresh;balsamic;pine;nutty;aldehydic,True,False
592,MOL_001937,Dimethyldioxolane,3390-12-3,3390-12-3,True,True,CC1COC(C)O1,CC1COC(C)O1,True,"['ethereal', 'green', 'fruity', 'dairy', 'sweet', 'buttery']",ethereal;green;fruity;dairy;sweet;buttery,True,False
1838,MOL_001938,Myrtenyl isovalerate,33900-84-4,33900-84-4,True,True,CC(C)CC(=O)OCC1=CCC2CC1C2(C)C,CC(C)CC(=O)OCC1=CCC2CC1C2(C)C,True,"['woody', 'fruity', 'herbal']",woody;fruity;herbal,True,False
3776,MOL_001939,musk lactone,3391-83-1,3391-83-1,True,True,C1CCCCC(=O)OCCCCCOCCCC1,O=C1CCCCCCCCCOCCCCCO1,True,"['sweet', 'oily', 'balsamic', 'musk', 'animal']",sweet;oily;balsamic;musk;animal,True,False
1944,MOL_001940,Octenol,3391-86-4,3391-86-4,True,True,C=CC(O)CCCCC,C=CC(O)CCCCC,True,"['earthy', 'sweet', 'mushroom']",earthy;sweet;mushroom,True,False
2464,MOL_001941,Menthone,3391-87-5,3391-87-5,True,True,CC(C)[C@H]1CC[C@H](C)CC1=O,CC(C)[C@H]1CC[C@H](C)CC1=O,True,['mint'],mint,True,False
3241,MOL_001942,Propenyl propyl sulfide,33922-70-2,33922-70-2,True,True,CC=CSCCC,CC=CSCCC,True,"['onion', 'alliaceous', 'garlic']",onion;alliaceous;garlic,True,False
109,MOL_001943,Allyl propyl trisulfide,33922-73-5,33922-73-5,True,True,C=CCSSSCCC,C=CCSSSCCC,True,"['onion', 'garlic', 'pungent']",onion;garlic;pungent,True,False
3777,MOL_001944,"2-methyl-4-phenyl-1,3-dioxolane",33941-99-0,33941-99-0,True,True,CC1OCC(O1)C2=CC=CC=C2,CC1OCC(c2ccccc2)O1,True,"['animal', 'floral', 'jasmine']",animal;floral;jasmine,True,False
3252,MOL_001945,Mercaptomethylbutanol,33959-27-2,33959-27-2,True,True,CC(O)C(C)CS,CC(O)C(C)CS,True,"['onion', 'sulfurous', 'meaty', 'savory']",onion;sulfurous;meaty;savory,True,False
2496,MOL_001946,Methyltetrahydrofuranone,34003-72-0,34003-72-0,True,True,CC1CC(=O)CO1,CC1CC(=O)CO1,True,"['hay', 'sweet', 'burnt', 'rum', 'bread', 'coumarinic', 'buttery']",hay;sweet;burnt;rum;bread;coumarinic;buttery,True,False
1792,MOL_001947,Methylthiobutanone,34047-39-7,34047-39-7,True,True,CSCCC(C)=O,CSCCC(C)=O,True,"['earthy', 'fishy', 'vegetable', 'potato', 'cheesy']",earthy;fishy;vegetable;potato;cheesy,True,False
3778,MOL_001948,gardenia decalone,34131-98-1,34131-98-1,True,True,CC(C)C1CCC2CC(=O)CCC2C1,CC(C)C1CCC2CC(=O)CCC2C1,True,"['floral', 'green', 'grapefruit', 'woody']",floral;green;grapefruit;woody,True,False
100,MOL_001949,Allyl methyl trisulfide,34135-85-8,34135-85-8,True,True,C=CCSSSC,C=CCSSSC,True,"['onion', 'garlic']",onion;garlic,True,False
2936,MOL_001950,Menthadienol,3419-02-1,3419-02-1,True,True,C=C(C)C1(O)CC=C(C)CC1,C=C(C)C1(O)CC=C(C)CC1,True,"['earthy', 'animal', 'musty', 'sweet']",earthy;animal;musty;sweet,True,False
3779,MOL_001951,isomaltol,3420-59-5,3420-59-5,True,True,CC(=O)C1=C(C=CO1)O,CC(=O)c1occc1O,True,"['burnt', 'caramellic', 'fruity']",burnt;caramellic;fruity,True,False
2720,MOL_001952,Dimethylbenzyl acetate,3425-72-7,3425-72-7,True,True,CC(=O)OC(C)(C)c1ccccc1,CC(=O)OC(C)(C)c1ccccc1,True,"['fruity', 'floral']",fruity;floral,True,False
3006,MOL_001953,Isopropylhydratropaldehyde,34291-99-1,34291-99-1,True,True,CC(C)c1ccc(C(C)C=O)cc1,CC(C)c1ccc(C(C)C=O)cc1,True,"['green', 'herbal', 'leafy', 'floral']",green;herbal;leafy;floral,True,False
1418,MOL_001954,Mercaptomethylbutanol,34300-94-2,34300-94-2,True,True,CC(C)(S)CCO,CC(C)(S)CCO,True,"['meaty', 'onion', 'sulfurous', 'grapefruit', 'beefy']",meaty;onion;sulfurous;grapefruit;beefy,True,False
1114,MOL_001955,Hexyl dodecanoate,34316-64-8,34316-64-8,True,True,CCCCCCCCCCCC(=O)OCCCCCC,CCCCCCCCCCCC(=O)OCCCCCC,True,"['oily', 'fatty', 'waxy', 'creamy']",oily;fatty;waxy;creamy,True,False
1312,MOL_001956,Isopropyl methylbutanethioate,34322-06-0,34322-06-0,True,True,CC(C)CC(=O)SC(C)C,CC(C)CC(=O)SC(C)C,True,"['vegetable', 'green', 'tropical', 'sulfurous', 'cheesy']",vegetable;green;tropical;sulfurous;cheesy,True,False
283,MOL_001957,Butyl methylbutenethioate,34322-09-3,34322-09-3,True,True,CCC(C)SC(=O)C=C(C)C,CCC(C)SC(=O)C=C(C)C,True,"['vegetable', 'green', 'fruity', 'tropical', 'sulfurous', 'cheesy']",vegetable;green;fruity;tropical;sulfurous;cheesy,True,False
3780,MOL_001958,"(2S,5R)-buchu mercaptan",34349-25-2,34349-25-2,True,True,C[C@@H]1CC[C@@H](C(=O)C1)C(C)(C)S,C[C@@H]1CC[C@H](C(C)(C)S)C(=O)C1,True,['herbal'],herbal,True,False
1313,MOL_001959,Isopropyl methylbutenethioate,34365-79-2,34365-79-2,True,True,CC(C)=CC(=O)SC(C)C,CC(C)=CC(=O)SC(C)C,True,"['meaty', 'green', 'tropical', 'onion', 'sulfurous']",meaty;green;tropical;onion;sulfurous,True,False
58,MOL_001960,Acetylethylpyrazine,34413-34-8,34413-34-8,True,True,CCc1cncc(C(C)=O)n1,CCc1cncc(C(C)=O)n1,True,"['nutty', 'hazelnut', 'popcorn']",nutty;hazelnut;popcorn,True,False
2292,MOL_001961,Tetrahydroquinoxaline,34413-35-9,34413-35-9,True,True,c1cnc2c(n1)CCCC2,c1cnc2c(n1)CCCC2,True,"['roasted', 'nutty', 'popcorn']",roasted;nutty;popcorn,True,False
3781,MOL_001962,butyl laevo-lactate,34451-19-9,34451-19-9,True,True,CCCCOC(=O)[C@H](C)O,CCCCOC(=O)[C@H](C)O,True,"['sweet', 'fruity', 'fermented', 'mushroom', 'milky', 'creamy']",sweet;fruity;fermented;mushroom;milky;creamy,True,False
799,MOL_001963,Ethyl octenoate,34495-71-1,34495-71-1,True,True,CCC/C=C\CCC(=O)OCC,CCC/C=C\CCC(=O)OCC,True,"['green', 'fruity', 'fatty', 'pear', 'pineapple']",green;fruity;fatty;pear;pineapple,True,False
2356,MOL_001964,Trimethylhexanol,3452-97-9,3452-97-9,True,True,CC(CCO)CC(C)(C)C,CC(CCO)CC(C)(C)C,True,"['green', 'oily', 'mint', 'herbal']",green;oily;mint;herbal,True,False
1778,MOL_001965,Methyltetrahydronaphthalenone,34545-88-5,34545-88-5,True,True,CC1=CC2=CC(=O)CCC2CC1,CC1=CC2=CC(=O)CCC2CC1,True,"['fruity', 'coconut', 'coumarinic']",fruity;coconut;coumarinic,True,False
1596,MOL_001966,Styrallyl butyrate,3460-44-4,3460-44-4,True,True,CCCC(=O)OC(C)c1ccccc1,CCCC(=O)OC(C)c1ccccc1,True,"['apple', 'apricot', 'green', 'fruity', 'berry', 'floral']",apple;apricot;green;fruity;berry;floral,True,False
2872,MOL_001967,Styrallyl hexanoate,3460-45-5,3460-45-5,True,True,CCCCCC(=O)OC(C)c1ccccc1,CCCCCC(=O)OC(C)c1ccccc1,True,"['fruity', 'rose']",fruity;rose,True,False
1354,MOL_001968,Ketobutanethiol,34619-12-0,34619-12-0,True,True,CC(=O)CCS,CC(=O)CCS,True,"['potato', 'meaty']",potato;meaty,True,False
753,MOL_001969,Ethyl glucoside,34625-23-5,34625-23-5,True,True,CCO[C@@H]1O[C@H](CO)[C@@H](O)[C@H](O)[C@H]1O,CCO[C@@H]1O[C@H](CO)[C@@H](O)[C@H](O)[C@H]1O,True,['alcoholic'],alcoholic,True,False
3782,MOL_001970,jasmin cyclopentanol,34686-67-4,34686-67-4,True,True,CCC/C=C/CC1CCCC1O,CCC/C=C/CC1CCCC1O,True,"['floral', 'green', 'fruity', 'waxy', 'jasmine', 'tropical', 'banana']",floral;green;fruity;waxy;jasmine;tropical;banana,True,False
3783,MOL_001971,jasmin lactone (IFF),34686-71-0,34686-71-0,True,True,CC/C=C/CC1CCCC(=O)O1,CC/C=C/CC1CCCC(=O)O1,True,"['oily', 'fruity', 'floral', 'jasmine', 'peach', 'apricot', 'coconut']",oily;fruity;floral;jasmine;peach;apricot;coconut,True,False
3784,MOL_001972,hexenyl cyclopentanone,34687-46-2,34687-46-2,True,True,CCC/C=C/CC1CCCC1=O,CCC/C=C/CC1CCCC1=O,True,"['oily', 'jasmine', 'coconut', 'milky', 'dairy', 'floral']",oily;jasmine;coconut;milky;dairy;floral,True,False
3785,MOL_001973,(S)-2-phenyl propionaldehyde,34713-70-7,34713-70-7,True,True,C[C@H](C=O)C1=CC=CC=C1,C[C@H](C=O)c1ccccc1,True,"['floral', 'green']",floral;green,True,False
439,MOL_001974,Decanal diethyl acetal,34764-02-8,34764-02-8,True,True,CCCCCCCCCC(OCC)OCC,CCCCCCCCCC(OCC)OCC,True,"['citrus', 'ethereal', 'oily', 'fruity', 'fatty', 'fresh', 'waxy', 'herbal', 'rum']",citrus;ethereal;oily;fruity;fatty;fresh;waxy;herbal;rum,True,False
119,MOL_001975,Amyl  cinnamate,3487-99-8,3487-99-8,True,True,CCCCCOC(=O)/C=C/c1ccccc1,CCCCCOC(=O)/C=C/c1ccccc1,True,"['balsamic', 'cocoa', 'floral', 'sweet']",balsamic;cocoa;floral;sweet,True,False
2783,MOL_001976,Hexyl cinnamate,3488-00-4,3488-00-4,True,True,CCCCCCOC(=O)/C=C/c1ccccc1,CCCCCCOC(=O)/C=C/c1ccccc1,True,"['fruity', 'balsamic', 'warm', 'herbal']",fruity;balsamic;warm;herbal,True,False
1877,MOL_001977,Nonanedithiol,3489-28-9,3489-28-9,True,True,SCCCCCCCCCS,SCCCCCCCCCS,True,"['vegetable', 'meaty', 'fatty', 'waxy', 'sulfurous', 'mushroom']",vegetable;meaty;fatty;waxy;sulfurous;mushroom,True,False
3786,MOL_001978,musk decenone,34902-57-3,34902-57-3,True,True,O=C1/C=C/CCCCCCCCCCCCO1,O=C1/C=C/CCCCCCCCCCCCO1,True,"['sweet', 'musk', 'waxy']",sweet;musk;waxy,True,False
2078,MOL_001979,Phenylpentenal,3491-63-2,3491-63-2,True,True,CC/C=C(/C=O)c1ccccc1,CC/C=C(/C=O)c1ccccc1,True,"['honey', 'cocoa', 'floral']",honey;cocoa;floral,True,False
3787,MOL_001980,green oxane,3494-76-6,3494-76-6,True,True,CC(C)C1C(COC(O1)C(C)C)(C)C,CC(C)C1OCC(C)(C)C(C(C)C)O1,True,"['spicy', 'woody', 'fruity']",spicy;woody;fruity,True,False
2974,MOL_001981,Diamyl disulfide,34965-30-5,34965-30-5,True,True,CCC(C)(C)SSC(C)(C)CC,CCC(C)(C)SSC(C)(C)CC,True,"['vegetable', 'meaty', 'green', 'alliaceous', 'savory', 'sulfurous']",vegetable;meaty;green;alliaceous;savory;sulfurous,True,False
67,MOL_001982,Acetylpyridine,350-03-8,350-03-8,True,True,CC(=O)c1cccnc1,CC(=O)c1cccnc1,True,"['roasted', 'tobacco', 'nutty', 'burnt']",roasted;tobacco;nutty;burnt,True,False
2756,MOL_001983,Ethyl safranate (isomers),35044-57-6,35044-57-6,True,True,CCOC(=O)C1C(C)=CC=CC1(C)C,CCOC(=O)C1C(C)=CC=CC1(C)C,True,"['spicy', 'apple', 'fruity', 'herbal']",spicy;apple;fruity;herbal,True,False
3788,MOL_001984,ethyl safranate,35044-59-8,35044-59-8,True,True,CCOC(=O)C1=C(C=CCC1(C)C)C,CCOC(=O)C1=C(C)C=CCC1(C)C,True,"['fresh', 'herbal', 'rose', 'apple', 'woody']",fresh;herbal;rose;apple;woody,True,False
3789,MOL_001985,beta-damascone,35044-68-9,35044-68-9,True,True,CC=CC(=O)C1=C(CCCC1(C)C)C,CC=CC(=O)C1=C(C)CCCC1(C)C,True,"['fruity', 'floral', 'black currant', 'plum', 'rose', 'honey', 'tobacco']",fruity;floral;black currant;plum;rose;honey;tobacco,True,False
1622,MOL_001986,Methylbutyl formate,35073-27-9,35073-27-9,True,True,CCC(C)COC=O,CCC(C)COC=O,True,"['apple', 'green', 'fruity', 'fatty', 'winey']",apple;green;fruity;fatty;winey,True,False
3790,MOL_001987,clover nitrile,3508-98-3,3508-98-3,True,True,CCCCC(C#N)C1=CC=CC=C1,CCCCC(C#N)c1ccccc1,True,"['floral', 'balsamic']",floral;balsamic,True,False
3791,MOL_001988,gamma-damascone,35087-49-1,35087-49-1,True,True,O=C(/C=C/C)C1\C(=C)CCCC1(C)C,C=C1CCCC(C)(C)C1C(=O)/C=C/C,True,"['fruity', 'floral', 'rose', 'green', 'apple', 'plum', 'camphoreous', 'tobacco']",fruity;floral;rose;green;apple;plum;camphoreous;tobacco,True,False
1660,MOL_001989,Methylfuranone,3511-32-8,3511-32-8,True,True,CC1=CC(=O)CO1,CC1=CC(=O)CO1,True,"['caramellic', 'roasted', 'nutty', 'bread', 'sweet', 'buttery']",caramellic;roasted;nutty;bread;sweet;buttery,True,False
2779,MOL_001990,Hexenyl isovalerate,35154-45-1,35154-45-1,True,True,CC/C=C\CCOC(=O)CC(C)C,CC/C=C\CCOC(=O)CC(C)C,True,"['green', 'fruity', 'apple']",green;fruity;apple,True,False
1330,MOL_001991,Isopropylmethylhexenal,35158-25-9,35158-25-9,True,True,CC(C)C/C=C(/C=O)C(C)C,CC(C)C/C=C(/C=O)C(C)C,True,"['earthy', 'cocoa', 'herbal', 'woody']",earthy;cocoa;herbal;woody,True,False
2116,MOL_001992,Piperitenone oxide,35178-55-3,35178-55-3,True,True,CC(C)=C1CCC2(C)OC2C1=O,CC(C)=C1CCC2(C)OC2C1=O,True,"['pineapple', 'apple', 'mint', 'herbal']",pineapple;apple;mint;herbal,True,False
3253,MOL_001993,Decenone,35194-30-0,35194-30-0,True,True,C=CCCCCCCC(C)=O,C=CCCCCCCC(C)=O,True,"['apple', 'green', 'fruity', 'fatty', 'pear', 'pineapple']",apple;green;fruity;fatty;pear;pineapple,True,False
3272,MOL_001994,Ethyl octenoate,35194-38-8,35194-38-8,True,True,C=CCCCCCC(=O)OCC,C=CCCCCCC(=O)OCC,True,"['cognac', 'sweet']",cognac;sweet,True,False
513,MOL_001995,Diethyl sulfide,352-93-2,352-93-2,True,True,CCSCC,CCSCC,True,"['meaty', 'garlic', 'savory', 'tomato', 'sulfurous']",meaty;garlic;savory;tomato;sulfurous,True,False
3792,MOL_001996,apple crotonate,35206-51-0,35206-51-0,True,True,C\C=C\C(=O)OC(C)CC(C)C,C/C=C/C(=O)OC(C)CC(C)C,True,"['fruity', 'apple', 'pear', 'plum', 'grape']",fruity;apple;pear;plum;grape,True,False
2814,MOL_001997,Methyl acetoxyoctanoate,35234-21-0,35234-21-0,True,True,CCCCCC(CC(=O)OC)OC(C)=O,CCCCCC(CC(=O)OC)OC(C)=O,True,"['green', 'fruity', 'winey', 'tropical']",green;fruity;winey;tropical,True,False
1467,MOL_001998,Methyl acetoxyhexanoate,35234-22-1,35234-22-1,True,True,CCCCC(OC(C)=O)C(=O)OC,CCCCC(OC(C)=O)C(=O)OC,True,"['fruity', 'apple', 'pineapple']",fruity;apple;pineapple,True,False
2742,MOL_001999,Ethyl acetoxyoctanoate,35234-25-4,35234-25-4,True,True,CCCC(CCCC(=O)OCC)OC(C)=O,CCCC(CCCC(=O)OCC)OC(C)=O,True,['fruity'],fruity,True,False
2627,MOL_002000,Ethoxyethylpyrazine,35243-43-7,35243-43-7,True,True,CCOC(C)c1cnccn1,CCOC(C)c1cnccn1,True,"['potato', 'roasted', 'earthy', 'nutty', 'woody']",potato;roasted;earthy;nutty;woody,True,False
2208,MOL_002001,Pyrazineethanethiol,35250-53-4,35250-53-4,True,True,SCCc1cnccn1,SCCc1cnccn1,True,"['roasted', 'meaty', 'savory', 'chicken', 'sulfurous']",roasted;meaty;savory;chicken;sulfurous,True,False
3054,MOL_002002,Hexadecyl lactate,35274-05-6,35274-05-6,True,True,CCCCCCCCCCCCCCCCOC(=O)C(C)O,CCCCCCCCCCCCCCCCOC(=O)C(C)O,True,['odorless'],odorless,True,False
2979,MOL_002003,Methyl tolyl disulfide,35379-09-0,35379-09-0,True,True,CSSc1ccccc1C,CSSc1ccccc1C,True,"['sulfurous', 'meaty', 'roasted']",sulfurous;meaty;roasted,True,False
2943,MOL_002004,Undecatrienol,35389-48-1,35389-48-1,True,True,CCCCCC=CC=CC=CO,CCCCCC=CC=CC=CO,True,"['green', 'fishy']",green;fishy,True,False
1287,MOL_002005,Isopentylidene isopentylamine,35448-31-8,35448-31-8,True,True,CC(C)CC=NCCC(C)C,CC(C)CC=NCCC(C)C,True,"['oily', 'fishy', 'cocoa', 'burnt', 'sweet']",oily;fishy;cocoa;burnt;sweet,True,False
780,MOL_002006,Ethyl methylanthranilate,35472-56-1,35472-56-1,True,True,CCOC(=O)c1ccccc1NC,CCOC(=O)c1ccccc1NC,True,['grape'],grape,True,False
1479,MOL_002007,Methyl butylphenylacetate,3549-23-3,3549-23-3,True,True,COC(=O)Cc1ccc(C(C)(C)C)cc1,COC(=O)Cc1ccc(C(C)(C)C)cc1,True,"['creamy', 'green', 'fruity', 'milky', 'vanilla', 'honey', 'woody', 'sweet', 'chocolate']",creamy;green;fruity;milky;vanilla;honey;woody;sweet;chocolate,True,False
1554,MOL_002008,Methyl phenethyl ether,3558-60-9,3558-60-9,True,True,COCCc1ccccc1,COCCc1ccccc1,True,"['rose', 'green', 'jasmine', 'floral']",rose;green;jasmine;floral,True,False
3793,MOL_002009,ipsdienol,35628-00-3,35628-00-3,True,True,CC(=C[C@H](CC(=C)C=C)O)C,C=CC(=C)C[C@H](O)C=C(C)C,True,"['pine', 'balsamic']",pine;balsamic,True,False
3794,MOL_002010,"trans-para-menthane-3,8-diol",3564-98-5,3564-98-5,True,True,CC1CC[C@H]([C@@H](C1)O)C(C)(C)O,CC1CC[C@@H](C(C)(C)O)[C@H](O)C1,True,"['herbal', 'camphoreous', 'mint']",herbal;camphoreous;mint,True,False
526,MOL_002011,Diethylthiophene,35686-14-7,35686-14-7,True,True,CCc1ccsc1CC,CCc1ccsc1CC,True,"['onion', 'meaty', 'roasted']",onion;meaty;roasted,True,False
45,MOL_002012,Acetoxyphenylbutanone,3572-06-3,3572-06-3,True,True,CC(=O)CCc1ccc(OC(C)=O)cc1,CC(=O)CCc1ccc(OC(C)=O)cc1,True,"['fruity', 'vanilla', 'woody']",fruity;vanilla;woody,True,False
3795,MOL_002013,pomarose,357650-26-1,357650-26-1,True,True,O=C(/C=C/C)\C(=C(/C(C)C)C)C,C/C=C/C(=O)/C(C)=C(/C)C(C)C,True,"['fruity', 'rose', 'apple', 'plum', 'ripe']",fruity;rose;apple;plum;ripe,True,False
1781,MOL_002014,Methylthiazole,3581-87-1,3581-87-1,True,True,Cc1nccs1,Cc1nccs1,True,"['green', 'vegetable']",green;vegetable,True,False
2981,MOL_002015,Methylthiazole,3581-89-3,3581-89-3,True,True,Cc1cncs1,Cc1cncs1,True,"['sulfurous', 'coffee', 'roasted']",sulfurous;coffee;roasted,True,False
650,MOL_002016,Dimethylthiazole,3581-91-7,3581-91-7,True,True,Cc1ncsc1C,Cc1ncsc1C,True,"['meaty', 'roasted', 'green', 'nutty', 'chicken']",meaty;roasted;green;nutty;chicken,True,False
3796,MOL_002017,herbal dioxane,3583-00-4,3583-00-4,True,True,CC(C)C1C(COCO1)(C)C,CC(C)C1OCOCC1(C)C,True,"['fresh', 'green', 'herbal', 'camphoreous', 'woody']",fresh;green;herbal;camphoreous;woody,True,False
2799,MOL_002018,Isohexyl isohexanoate,35852-42-7,35852-42-7,True,True,CC(C)CCCOC(=O)CCC(C)C,CC(C)CCCOC(=O)CCC(C)C,True,"['fruity', 'waxy', 'herbal', 'sweet']",fruity;waxy;herbal;sweet,True,False
1106,MOL_002019,Hexenyl valerate,35852-46-1,35852-46-1,True,True,CC/C=C/CCOC(=O)CCCC,CC/C=C/CCOC(=O)CCCC,True,"['green', 'fruity', 'tropical', 'buttery']",green;fruity;tropical;buttery,True,False
1895,MOL_002020,Nonenol,35854-86-5,35854-86-5,True,True,CC/C=C\CCCCCO,CC/C=C\CCCCCO,True,"['green', 'fruity', 'waxy', 'melon']",green;fruity;waxy;melon,True,False
3797,MOL_002021,meta-cresyl phenyl ether,3586-14-9,3586-14-9,True,True,CC1=CC(=CC=C1)OC2=CC=CC=C2,Cc1cccc(Oc2ccccc2)c1,True,"['floral', 'rose']",floral;rose,True,False
3036,MOL_002022,Hexenyl acetate,35926-04-6,35926-04-6,True,True,C=CC(CCC)OC(C)=O,C=CC(CCC)OC(C)=O,True,"['green', 'fruity', 'rum']",green;fruity;rum,True,False
3798,MOL_002023,(R)-citronellyl nitrile,35931-93-2,35931-93-2,True,True,C[C@H](CCC=C(C)C)CC#N,CC(C)=CCC[C@@H](C)CC#N,True,"['citrus', 'green', 'fruity', 'floral']",citrus;green;fruity;floral,True,False
347,MOL_002024,Cedrene,35944-22-0,35944-22-0,True,True,CC1=CC[C@@]23C[C@@H]1C(C)(C)[C@@H]2CC[C@@H]3C,CC1=CC[C@@]23C[C@@H]1C(C)(C)[C@@H]2CC[C@@H]3C,True,"['fatty', 'tea', 'woody', 'sweet', 'dry']",fatty;tea;woody;sweet;dry,True,False
515,MOL_002025,Diethyl trisulfide,3600-24-6,3600-24-6,True,True,CCSSSCC,CCSSSCC,True,"['alliaceous', 'garlic', 'savory', 'onion']",alliaceous;garlic;savory;onion,True,False
424,MOL_002026,Cyclotetradecanone,3603-99-4,3603-99-4,True,True,O=C1CCCCCCCCCCCCC1,O=C1CCCCCCCCCCCCC1,True,['musk'],musk,True,False
3799,MOL_002027,herbal carene,3608-11-5,3608-11-5,True,True,CC1=CC2C(C2(C)C)CC1C(=O)C,CC(=O)C1CC2C(C=C1C)C2(C)C,True,"['herbal', 'dry', 'woody', 'citrus']",herbal;dry;woody;citrus,True,False
1440,MOL_002028,Methoxycitronellal,3613-30-7,3613-30-7,True,True,COC(C)(C)CCCC(C)CC=O,COC(C)(C)CCCC(C)CC=O,True,"['fresh', 'floral', 'sweet']",fresh;floral;sweet,True,False
3082,MOL_002029,Undecenone,36219-73-5,36219-73-5,True,True,C=CCCCCCCCC(C)=O,C=CCCCCCCCC(C)=O,True,"['citrus', 'green', 'fruity', 'melon', 'tropical']",citrus;green;fruity;melon;tropical,True,False
3800,MOL_002030,isomenthol,3623-52-7,3623-52-7,True,True,C[C@@H]1CC[C@@H]([C@@H](C1)O)C(C)C,CC(C)[C@H]1CC[C@@H](C)C[C@H]1O,True,"['mint', 'musty', 'woody', 'camphoreous']",mint;musty;woody;camphoreous,True,False
547,MOL_002031,Dihydromethylthienopyrimidine,36267-71-7,36267-71-7,True,True,Cc1ncc2c(n1)CSC2,Cc1ncc2c(n1)CSC2,True,"['nutty', 'popcorn']",nutty;popcorn,True,False
3801,MOL_002032,"2-methyl-5,7-dihydrofuro-[3,4-d]-pyrimidine",36267-74-0,36267-74-0,True,True,Cc1ncc2c(n1)COC2,Cc1ncc2c(n1)COC2,True,"['sweet', 'popcorn']",sweet;popcorn,True,False
3802,MOL_002033,"2,7-dimethyl-5,7-dihydrofuro-[3,4-d]-pyrimidine",36267-77-3,36267-77-3,True,True,Cc1ncc2c(n1)C(OC2)C,Cc1ncc2c(n1)C(C)OC2,True,"['popcorn', 'malty']",popcorn;malty,True,False
3803,MOL_002034,woody cyclohexanone,36306-87-3,36306-87-3,True,True,CCOC(=C)C1C(CC(=O)CC1(C)C)(C)C,C=C(OCC)C1C(C)(C)CC(=O)CC1(C)C,True,"['woody', 'balsamic', 'tobacco', 'herbal']",woody;balsamic;tobacco;herbal,True,False
3105,MOL_002035,Oxooctanoic acid,3637-14-7,3637-14-7,True,True,CCCC(=O)CCCC(=O)O,CCCC(=O)CCCC(=O)O,True,['fruity'],fruity,True,False
3104,MOL_002036,Oxododecanoic acid,3637-16-9,3637-16-9,True,True,CCCCCCCCCCC(=O)C(=O)O,CCCCCCCCCCC(=O)C(=O)O,True,"['creamy', 'peach']",creamy;peach,True,False
2297,MOL_002037,Theaspirane,36431-72-8,36431-72-8,True,True,CC1=CCCC(C)(C)C12CCC(C)O2,CC1=CCCC(C)(C)C12CCC(C)O2,True,"['fruity', 'camphoreous', 'woody', 'sweet']",fruity;camphoreous;woody;sweet,True,False
2320,MOL_002038,Tolyl isobutyrate,36438-54-7,36438-54-7,True,True,Cc1ccccc1OC(=O)C(C)C,Cc1ccccc1OC(=O)C(C)C,True,"['medicinal', 'phenolic', 'fruity', 'berry']",medicinal;phenolic;fruity;berry,True,False
2250,MOL_002039,Strawberry furanone,3658-77-3,3658-77-3,True,True,CC1=C(O)C(=O)C(C)O1,CC1=C(O)C(=O)C(C)O1,True,"['caramellic', 'roasted', 'fruity', 'strawberry', 'pineapple']",caramellic;roasted;fruity;strawberry;pineapple,True,False
1988,MOL_002040,Pentanal diethyl acetal,3658-79-5,3658-79-5,True,True,CCCCC(OCC)OCC,CCCCC(OCC)OCC,True,"['apple', 'ethereal', 'green', 'fruity', 'cognac']",apple;ethereal;green;fruity;cognac,True,False
574,MOL_002041,Dimethyl trisulfide,3658-80-8,3658-80-8,True,True,CSSSC,CSSSC,True,"['onion', 'garlic', 'cabbage']",onion;garlic;cabbage,True,False
226,MOL_002042,Butanal ethyl amyl acetal,3658-92-2,3658-92-2,True,True,CCCCCOC(CCC)OCC,CCCCCOC(CCC)OCC,True,"['alcoholic', 'ethereal', 'green', 'fermented', 'cognac']",alcoholic;ethereal;green;fermented;cognac,True,False
1043,MOL_002043,Hexanal diethyl acetal,3658-93-3,3658-93-3,True,True,CCCCCC(OCC)OCC,CCCCCC(OCC)OCC,True,"['apple', 'green', 'fruity', 'fresh', 'herbal', 'cognac', 'floral']",apple;green;fruity;fresh;herbal;cognac;floral,True,False
498,MOL_002044,Diethoxymethylbutane,3658-94-4,3658-94-4,True,True,CCOC(OCC)C(C)CC,CCOC(OCC)C(C)CC,True,"['apple', 'ethereal', 'green', 'fruity', 'fermented']",apple;ethereal;green;fruity;fermented,True,False
225,MOL_002045,Butanal diethyl acetal,3658-95-5,3658-95-5,True,True,CCCC(OCC)OCC,CCCC(OCC)OCC,True,"['green', 'fruity', 'fermented', 'ethereal']",green;fruity;fermented;ethereal,True,False
3093,MOL_002046,Octenone,3664-60-6,3664-60-6,True,True,C=CCCCCC(C)=O,C=CCCCCC(C)=O,True,"['fatty', 'herbal', 'cheesy']",fatty;herbal;cheesy,True,False
1036,MOL_002047,Hexadecanol,36653-82-4,36653-82-4,True,True,CCCCCCCCCCCCCCCCO,CCCCCCCCCCCCCCCCO,True,['odorless'],odorless,True,False
930,MOL_002048,Furfuryl pentanoate,36701-01-6,36701-01-6,True,True,CCCCC(=O)OCc1ccco1,CCCCC(=O)OCc1ccco1,True,"['fruity', 'apple', 'caramellic', 'pineapple']",fruity;apple;caramellic;pineapple,True,False
3804,MOL_002049,methyl (E)-3-nonenoate,36781-67-6,36781-67-6,True,True,CCCCC/C=C/CC(=O)OC,CCCCC/C=C/CC(=O)OC,True,"['fruity', 'green', 'melon', 'pear']",fruity;green;melon;pear,True,False
323,MOL_002050,Campholene acetate,36789-59-0,36789-59-0,True,True,CC(=O)OC(C)C1CC=C(C)C1(C)C,CC(=O)OC(C)C1CC=C(C)C1(C)C,True,"['fruity', 'berry', 'woody', 'floral']",fruity;berry;woody;floral,True,False
606,MOL_002051,Dimethylheptenol,36806-46-9,36806-46-9,True,True,C=C(C)CCCC(C)CO,C=C(C)CCCC(C)CO,True,"['green', 'oily', 'fatty', 'melon', 'fresh', 'waxy']",green;oily;fatty;melon;fresh;waxy,True,False
1074,MOL_002052,Hexenyl acetate,3681-71-8,3681-71-8,True,True,CC/C=C\CCOC(C)=O,CC/C=C\CCOC(C)=O,True,"['grassy', 'fruity', 'green', 'banana']",grassy;fruity;green;banana,True,False
2168,MOL_002053,Propyl dodecanoate,3681-78-5,3681-78-5,True,True,CCCCCCCCCCCC(=O)OCCC,CCCCCCCCCCCC(=O)OCCC,True,"['creamy', 'fruity', 'waxy', 'dairy', 'cognac', 'floral']",creamy;fruity;waxy;dairy;cognac;floral,True,False
2550,MOL_002054,Hexenyl acetate,3681-82-1,3681-82-1,True,True,CC/C=C/CCOC(C)=O,CC/C=C/CCOC(C)=O,True,"['green', 'fruity', 'banana', 'sharp', 'pear']",green;fruity;banana;sharp;pear,True,False
1551,MOL_002055,Methyl oxomethylpentanoate,3682-42-6,3682-42-6,True,True,CCC(C)C(=O)C(=O)OC,CCC(C)C(=O)C(=O)OC,True,"['fruity', 'caramellic', 'rum']",fruity;caramellic;rum,True,False
3210,MOL_002056,Octenol,3687-48-7,3687-48-7,True,True,C=C[C@H](O)CCCCC,C=C[C@H](O)CCCCC,True,"['fruity', 'mushroom']",fruity;mushroom,True,False
3805,MOL_002057,"4-acetyl-2,5-dimethyl-3(2H)-furanone",36871-78-0,36871-78-0,True,True,CC1C(=O)C(=C(O1)C)C(=O)C,CC(=O)C1=C(C)OC(C)C1=O,True,"['caramellic', 'fruity', 'berry']",caramellic;fruity;berry,True,False
885,MOL_002058,Ethylthiophenecarbaldehyde,36880-33-8,36880-33-8,True,True,CCc1ccc(C=O)s1,CCc1ccc(C=O)s1,True,"['almond', 'nutty', 'caramellic']",almond;nutty;caramellic,True,False
1174,MOL_002059,Hydroxyproline,36901-87-8,36901-87-8,True,True,O=C(O)[C@@H]1C[C@@H](O)CN1,O=C(O)[C@@H]1C[C@@H](O)CN1,True,['odorless'],odorless,True,False
976,MOL_002060,Guaiene,3691-12-1,3691-12-1,True,True,C=C(C)C1CCC(C)C2=C(C1)C(C)CC2,C=C(C)C1CCC(C)C2=C(C1)C(C)CC2,True,"['woody', 'balsamic', 'sweet']",woody;balsamic;sweet,True,False
2978,MOL_002061,Methyl octyl sulfide,3698-95-1,3698-95-1,True,True,CCCCCCCCSC,CCCCCCCCSC,True,"['green', 'fruity', 'tropical', 'onion', 'sulfurous', 'pineapple']",green;fruity;tropical;onion;sulfurous;pineapple,True,False
2180,MOL_002062,Propyl methylbutyrate,37064-20-3,37064-20-3,True,True,CCCOC(=O)C(C)CC,CCCOC(=O)C(C)CC,True,"['apple', 'green', 'fruity', 'pineapple', 'sweet']",apple;green;fruity;pineapple;sweet,True,False
3806,MOL_002063,3-hydroxy-2-octanone,37160-77-3,37160-77-3,True,True,CCCCCC(C(=O)C)O,CCCCCC(O)C(C)=O,True,['nutty'],nutty,True,False
2818,MOL_002064,Methyl phenylglycidate,37161-74-3,37161-74-3,True,True,COC(=O)C1OC1c1ccccc1,COC(=O)C1OC1c1ccccc1,True,"['fruity', 'sweet', 'berry']",fruity;sweet;berry,True,False
3807,MOL_002065,amber acetate,37172-02-4,37172-02-4,True,True,CCC(C)C1CCCCC1(C=C)OC(=O)C,C=CC1(OC(C)=O)CCCCC1C(C)CC,True,"['woody', 'balsamic', 'dry', 'musk']",woody;balsamic;dry;musk,True,False
3808,MOL_002066,amber cyclohexanol,37172-05-7,37172-05-7,True,True,CCC(C)C1CCCCC1(C#C)OC(=O)C,C#CC1(OC(C)=O)CCCCC1C(C)CC,True,"['woody', 'balsamic', 'dry']",woody;balsamic;dry,True,False
3809,MOL_002067,dihydroisojasmonate methyl ester,37172-53-5,37172-53-5,True,True,CCCCCCC1C(CCC1=O)C(=O)OC,CCCCCCC1C(=O)CCC1C(=O)OC,True,"['green', 'jasmine', 'floral', 'fresh', 'oily', 'herbal']",green;jasmine;floral;fresh;oily;herbal,True,False
353,MOL_002068,Celery ketone,3720-16-9,3720-16-9,True,True,CCCC1CC(=O)C=C(C)C1,CCCC1CC(=O)C=C(C)C1,True,"['spicy', 'herbal']",spicy;herbal,True,False
2725,MOL_002069,Dodecyl butyrate,3724-61-6,3724-61-6,True,True,CCCCCCCCCCCCOC(=O)CCC,CCCCCCCCCCCCOC(=O)CCC,True,"['oily', 'fruity', 'fatty']",oily;fruity;fatty,True,False
238,MOL_002070,Butenoic acid,3724-65-0,3724-65-0,True,True,C/C=C/C(=O)O,C/C=C/C(=O)O,True,"['spicy', 'caramellic', 'sour', 'milky', 'sharp', 'burnt']",spicy;caramellic;sour;milky;sharp;burnt,True,False
3810,MOL_002071,amber naphthofuran,3738-00-9,3738-00-9,True,True,CC1(CCCC2(C1CCC3(C2CCO3)C)C)C,CC1(C)CCCC2(C)C1CCC1(C)OCCC12,True,"['dry', 'woody', 'balsamic', 'musk', 'sweet']",dry;woody;balsamic;musk;sweet,True,False
1738,MOL_002072,Methylpentenone,3744-02-3,3744-02-3,True,True,C=C(C)CC(C)=O,C=C(C)CC(C)=O,True,"['ketonic', 'sweet', 'burnt', 'mint']",ketonic;sweet;burnt;mint,True,False
738,MOL_002073,Ethyl decenoate,37486-72-9,37486-72-9,True,True,CCCCCCC/C=C/C(=O)OCC,CCCCCCC/C=C/C(=O)OCC,True,"['apple', 'citrus', 'green', 'fruity', 'pear', 'waxy']",apple;citrus;green;fruity;pear;waxy,True,False
3811,MOL_002074,amber dodecane,37514-30-0,37514-30-0,True,True,CC1(CCCCCCCCCCC1)OC,COC1(C)CCCCCCCCCCC1,True,"['woody', 'vegetable', 'musk']",woody;vegetable;musk,True,False
3812,MOL_002075,dihydrofarnesol,37519-97-4,37519-97-4,True,True,CC(CC/C=C(\C)/CCC=C(C)C)CCO,CC(C)=CCC/C(C)=C/CCC(C)CCO,True,"['floral', 'metallic']",floral;metallic,True,False
201,MOL_002076,Benzyl tiglate,37526-88-8,37526-88-8,True,True,C/C=C(\C)C(=O)OCc1ccccc1,C/C=C(\C)C(=O)OCc1ccccc1,True,"['rose', 'mushroom']",rose;mushroom,True,False
2793,MOL_002077,Isobutyl levulinate,3757-32-2,3757-32-2,True,True,CC(=O)CCC(=O)OCC(C)C,CC(=O)CCC(=O)OCC(C)C,True,"['oily', 'fruity', 'caramellic', 'herbal']",oily;fruity;caramellic;herbal,True,False
1892,MOL_002078,Nonenoic acid,3760-11-0,3760-11-0,True,True,CCCCCC/C=C\C(=O)O,CCCCCC/C=C\C(=O)O,True,"['green', 'fatty']",green;fatty,True,False
2394,MOL_002079,Undecenol,37617-03-1,37617-03-1,True,True,CCCCCCCC/C=C/CO,CCCCCCCC/C=C/CO,True,"['floral', 'waxy', 'rose']",floral;waxy;rose,True,False
313,MOL_002080,Butylthiazole,37645-61-7,37645-61-7,True,True,CCCCc1nccs1,CCCCc1nccs1,True,"['green', 'vegetable', 'tomato', 'herbal']",green;vegetable;tomato;herbal,True,False
3134,MOL_002081,Pentylthiazole,37645-62-8,37645-62-8,True,True,CCCCCc1nccs1,CCCCCc1nccs1,True,"['green', 'fatty', 'earthy', 'nutty', 'cocoa', 'vegetable']",green;fatty;earthy;nutty;cocoa;vegetable,True,False
2477,MOL_002082,Ethyl furylmethylthiocarbonate,376595-42-5,376595-42-5,True,True,CCOC(O)=[SH]Cc1ccco1,CCOC(O)=[SH]Cc1ccco1,True,['sulfurous'],sulfurous,True,False
1734,MOL_002083,Methylpentenoic acid,37674-63-8,37674-63-8,True,True,C/C=C/C(C)C(=O)O,C/C=C/C(C)C(=O)O,True,"['fruity', 'hazelnut', 'cheesy']",fruity;hazelnut;cheesy,True,False
2954,MOL_002084,Empetal,37677-14-8,37677-14-8,True,True,CC(C)=CCCC1=CCC(C=O)CC1,CC(C)=CCCC1=CCC(C=O)CC1,True,"['floral', 'aldehydic', 'citrus']",floral;aldehydic;citrus,True,False
1166,MOL_002085,Acetaldehyde glyceryl acetal,3773-93-1,3773-93-1,True,True,CC1OCC(CO)O1,CC1OCC(CO)O1,True,"['green', 'fruity', 'ethereal']",green;fruity;ethereal,True,False
2014,MOL_002086,Pentylfuran,3777-69-3,3777-69-3,True,True,CCCCCc1ccco1,CCCCCc1ccco1,True,"['green', 'earthy', 'fruity', 'vegetable']",green;earthy;fruity;vegetable,True,False
1031,MOL_002087,Heptylfuran,3777-71-7,3777-71-7,True,True,CCCCCCCc1ccco1,CCCCCCCc1ccco1,True,"['meaty', 'green', 'fatty', 'oily', 'nutty', 'tropical', 'dairy']",meaty;green;fatty;oily;nutty;tropical;dairy,True,False
1686,MOL_002088,Methylhexanoic acid,3780-58-3,3780-58-3,True,True,CCCC(C)CC(=O)O,CCCC(C)CC(=O)O,True,"['fruity', 'sour', 'cheesy']",fruity;sour;cheesy,True,False
1236,MOL_002089,Isobutyl dodecanoate,37811-72-6,37811-72-6,True,True,CCCCCCCCCCCC(=O)OCC(C)C,CCCCCCCCCCCC(=O)OCC(C)C,True,"['oily', 'fatty', 'winey']",oily;fatty;winey,True,False
580,MOL_002090,Dimethylbenzofuran,3782-00-1,3782-00-1,True,True,Cc1oc2ccccc2c1C,Cc1oc2ccccc2c1C,True,"['tobacco', 'spicy']",tobacco;spicy,True,False
1412,MOL_002091,Mercaptobutanol,37887-04-0,37887-04-0,True,True,CC(O)C(C)S,CC(O)C(C)S,True,"['meaty', 'garlic', 'savory', 'onion', 'brothy']",meaty;garlic;savory;onion;brothy,True,False
3813,MOL_002092,(Z)-nerolidol,3790-78-1,3790-78-1,True,True,CC(=CCC/C(=C\CCC(C)(C=C)O)/C)C,C=CC(C)(O)CC/C=C(/C)CCC=C(C)C,True,"['waxy', 'floral']",waxy;floral,True,False
962,MOL_002093,Geranylacetone,3796-70-1,3796-70-1,True,True,CC(=O)CC/C=C(\C)CCC=C(C)C,CC(=O)CC/C=C(\C)CCC=C(C)C,True,"['rose', 'green', 'fruity', 'fresh', 'floral']",rose;green;fruity;fresh;floral,True,False
3814,MOL_002094,(E)-2-phenyl-1(2)-propene-1-yl acetate,37973-51-6,37973-51-6,True,True,C/C(=C\OC(=O)C)/C1=CC=CC=C1,CC(=O)O/C=C(\C)c1ccccc1,True,"['sweet', 'honey', 'floral']",sweet;honey;floral,True,False
3815,MOL_002095,geranyl ethyl acetal,38019-89-5,38019-89-5,True,True,CCOC(C)OC/C=C(\C)/CCC=C(C)C,CCOC(C)OC/C=C(\C)CCC=C(C)C,True,"['sweet', 'creamy', 'vanilla', 'caramellic']",sweet;creamy;vanilla;caramellic,True,False
3816,MOL_002096,5-acetyl-4-methyl thiazole,38205-55-9,38205-55-9,True,True,CC1=C(SC=N1)C(=O)C,CC(=O)c1scnc1C,True,"['roasted', 'nutty', 'sulfurous']",roasted;nutty;sulfurous,True,False
577,MOL_002097,Dimethylacetylthiazole,38205-60-6,38205-60-6,True,True,CC(=O)c1sc(C)nc1C,CC(=O)c1sc(C)nc1C,True,"['meaty', 'roasted', 'nutty', 'sulfurous']",meaty;roasted;nutty;sulfurous,True,False
3817,MOL_002098,"2,4-dimethyl-5-ethyl thiazole",38205-61-7,38205-61-7,True,True,CCC1=C(N=C(S1)C)C,CCc1sc(C)nc1C,True,"['nutty', 'roasted', 'meaty', 'earthy']",nutty;roasted;meaty;earthy,True,False
1700,MOL_002099,Methylmethoxythiazole,38205-64-0,38205-64-0,True,True,COc1cnc(C)s1,COc1cnc(C)s1,True,"['green', 'vegetable', 'sulfurous', 'cabbage']",green;vegetable;sulfurous;cabbage,True,False
3818,MOL_002100,"3-(benzyl oxy)-2,2-dimethyl propanal",38216-93-2,38216-93-2,True,True,CC(C)(COCC1=CC=CC=C1)C=O,CC(C)(C=O)COCc1ccccc1,True,"['aldehydic', 'fresh', 'floral', 'green', 'spicy']",aldehydic;fresh;floral;green;spicy,True,False
3819,MOL_002101,musk dione,38223-29-9,38223-29-9,True,True,C1CCCCCC(=O)OCCCC(=O)CCCC1,O=C1CCCCCCCCCCC(=O)OCCC1,True,['musk'],musk,True,False
694,MOL_002102,Epoxyoxophorone,38284-11-6,38284-11-6,True,True,CC(C)=CC(=O)C=C1COC1=O,CC(C)=CC(=O)C=C1COC1=O,True,"['tobacco', 'camphoreous', 'tea', 'sweet', 'mint']",tobacco;camphoreous;tea;sweet;mint,True,False
3820,MOL_002103,"3,5-octadien-2-one",38284-27-4,38284-27-4,True,True,CCC=CC=CC(=O)C,CCC=CC=CC(C)=O,True,"['fruity', 'fatty', 'mushroom']",fruity;fatty;mushroom,True,False
1875,MOL_002104,Nonanediol acetate,38285-49-3,38285-49-3,True,True,CCCCC1COCC(C)C1OC(C)=O,CCCCC1COCC(C)C1OC(C)=O,True,"['floral', 'jasmine', 'mushroom']",floral;jasmine;mushroom,True,False
3821,MOL_002105,decahydrocyclododecaoxazole,38303-23-0,38303-23-0,True,True,C1CCCCCC2=C(CCCC1)N=CO2,c1nc2c(o1)CCCCCCCCCC2,True,"['green', 'herbal', 'pine', 'earthy', 'woody']",green;herbal;pine;earthy;woody,True,False
3143,MOL_002106,Methylmethyldihydrofuranylthiotetrahydrofuranthiol (2 isomers),38325-24-5,38325-24-5,True,True,CC1OCC=C1SC1(S)CCOC1C,CC1OCC=C1SC1(S)CCOC1C,True,"['meaty', 'roasted']",meaty;roasted,True,False
2247,MOL_002107,SpiroDithiamethyloxabicyclooctane-(oxamethyl)-cyclopentane,38325-25-6,38325-25-6,True,True,CC1OCCC12SC1CCOC1(C)S2,CC1OCCC12SC1CCOC1(C)S2,True,['meaty'],meaty,True,False
2724,MOL_002108,Dodecenyl acetate,38363-23-4,38363-23-4,True,True,CCCCCCCCC/C=C/COC(C)=O,CCCCCCCCC/C=C/COC(C)=O,True,"['fatty', 'fruity', 'fresh', 'citrus']",fatty;fruity;fresh;citrus,True,False
1347,MOL_002109,Isovaleraldehyde diethyl acetal,3842-03-3,3842-03-3,True,True,CCOC(CC(C)C)OCC,CCOC(CC(C)C)OCC,True,"['ethereal', 'malty', 'green', 'fruity', 'fatty', 'cocoa', 'fermented']",ethereal;malty;green;fruity;fatty;cocoa;fermented,True,False
3822,MOL_002110,(±)-tetrahydronootkatone,38427-80-4,38427-80-4,True,True,CC1CC(=O)CC2C1(CC(CC2)C(C)C)C,CC(C)C1CCC2CC(=O)CC(C)C2(C)C1,True,"['musty', 'woody', 'fresh', 'green', 'sour', 'spicy', 'herbal', 'fruity', 'animal']",musty;woody;fresh;green;sour;spicy;herbal;fruity;animal,True,False
1795,MOL_002111,Methylthiohexanal,38433-74-8,38433-74-8,True,True,CCCC(CC=O)SC,CCCC(CC=O)SC,True,"['green', 'buttery']",green;buttery,True,False
501,MOL_002112,Ethyl ethylanthranilate,38446-21-8,38446-21-8,True,True,CCNc1ccccc1C(=O)OCC,CCNc1ccccc1C(=O)OCC,True,"['grape', 'winey', 'dry']",grape;winey;dry,True,False
2305,MOL_002113,Thiomenthone,38462-22-5,38462-22-5,True,True,CC1CCC(C(C)(C)S)C(=O)C1,CC1CCC(C(C)(C)S)C(=O)C1,True,['catty'],catty,True,False
3823,MOL_002114,marine pyridine,38462-23-6,38462-23-6,True,True,CC(=CCC/C(=C/CCC1=CC=NC=C1)/C)C,CC(C)=CCC/C(C)=C/CCc1ccncc1,True,"['fresh', 'buttery', 'leathery', 'metallic']",fresh;buttery;leathery;metallic,True,False
1046,MOL_002115,Hexanedione,3848-24-6,3848-24-6,True,True,CCCC(=O)C(C)=O,CCCC(=O)C(C)=O,True,"['creamy', 'sweet', 'buttery']",creamy;sweet;buttery,True,False
2458,MOL_002116,Undecatetraene,38533-54-9,38533-54-9,True,True,C=CC=CC=CCC=CCC,C=CC=CC=CCC=CCC,True,"['green', 'fatty']",green;fatty,True,False
3145,MOL_002117,Copaene,3856-25-5,3856-25-5,True,True,CC1=CCC2C3C(C(C)C)CC[C@@]2(C)C13,CC1=CCC2C3C(C(C)C)CC[C@@]2(C)C13,True,"['woody', 'spicy']",woody;spicy,True,False
3000,MOL_002118,Methylfurfuryl alcohol,3857-25-8,3857-25-8,True,True,Cc1ccc(CO)o1,Cc1ccc(CO)o1,True,"['caramellic', 'fermented', 'almond', 'sweet']",caramellic;fermented;almond;sweet,True,False
1296,MOL_002119,Isopropenylpyrazine,38713-41-6,38713-41-6,True,True,C=C(C)c1cnccn1,C=C(C)c1cnccn1,True,"['nutty', 'burnt', 'chocolate']",nutty;burnt;chocolate,True,False
3824,MOL_002120,"(E)-2,4-dimethyl-2-pentenoic acid",3876-52-6,3876-52-6,True,True,O=C(O)/C(=C/C(C)C)C,C/C(=C\C(C)C)C(=O)O,True,"['sour', 'cheesy', 'creamy']",sour;cheesy;creamy,True,False
3825,MOL_002121,methyl (para-tolyl oxy) acetate,38768-63-7,38768-63-7,True,True,CC1=CC=C(C=C1)OCC(=O)OC,COC(=O)COc1ccc(C)cc1,True,"['fruity', 'fatty']",fruity;fatty,True,False
1566,MOL_002122,Methyl propyl sulfide,3877-15-4,3877-15-4,True,True,CCCSC,CCCSC,True,"['green', 'onion', 'vegetable']",green;onion;vegetable,True,False
3826,MOL_002123,neryl acetone,3879-26-3,3879-26-3,True,True,CC(=CCC/C(=C\CCC(=O)C)/C)C,CC(=O)CC/C=C(/C)CCC=C(C)C,True,"['fatty', 'metallic']",fatty;metallic,True,False
1439,MOL_002124,Methoxycinnamyl acetate,38822-47-8,38822-47-8,True,True,COC(C=Cc1ccccc1)OC(C)=O,COC(C=Cc1ccccc1)OC(C)=O,True,"['floral', 'fruity', 'spicy', 'balsamic']",floral;fruity;spicy;balsamic,True,False
964,MOL_002125,Glucose pentaacetate,3891-59-6,3891-59-6,True,True,CC(=O)OC[C@@H](OC(C)=O)[C@@H](OC(C)=O)[C@H](OC(C)=O)[C@H](C=O)OC(C)=O,CC(=O)OC[C@@H](OC(C)=O)[C@@H](OC(C)=O)[C@H](OC(C)=O)[C@H](C=O)OC(C)=O,True,['odorless'],odorless,True,False
537,MOL_002126,Dihydrodimethylcyclopentapyrazine,38917-61-2,38917-61-2,True,True,Cc1cnc2c(n1)CCC2C,Cc1cnc2c(n1)CCC2C,True,"['roasted', 'earthy', 'nutty', 'cocoa', 'burnt', 'musty']",roasted;earthy;nutty;cocoa;burnt;musty,True,False
3827,MOL_002127,"6,7-dihydro-2,3-dimethyl-5H-cyclopentapyrazine",38917-62-3,38917-62-3,True,True,CC1=NC2=C(CCC2)N=C1C,Cc1nc2c(nc1C)CCC2,True,"['roasted', 'nutty']",roasted;nutty,True,False
538,MOL_002128,Dihydrodimethylcyclopentapyrazine,38917-63-4,38917-63-4,True,True,Cc1nc2c(nc1C)CCC2,Cc1nc2c(nc1C)CCC2,True,"['roasted', 'earthy', 'nutty', 'burnt']",roasted;earthy;nutty;burnt,True,False
2441,MOL_002129,Heptyl butyrate,39026-94-3,39026-94-3,True,True,CCCCCC(C)OC(=O)CCC,CCCCCC(C)OC(=O)CCC,True,"['green', 'fruity', 'tropical', 'waxy', 'floral']",green;fruity;tropical;waxy;floral,True,False
3828,MOL_002130,(E)-linalool oxide (pyranoid),39028-58-5,39028-58-5,True,True,C[C@]1([C@H](CCC(O1)(C)C)O)C=C,C=C[C@@]1(C)OC(C)(C)CC[C@@H]1O,True,['woody'],woody,True,False
3829,MOL_002131,(R)-gamma-cadinene,39029-41-9,39029-41-9,True,True,CC1=C[C@H]2[C@H](CC1)C(=C)CC[C@@H]2C(C)C,C=C1CC[C@H](C(C)C)[C@H]2C=C(C)CC[C@H]12,True,"['herbal', 'woody']",herbal;woody,True,False
3830,MOL_002132,chrysanthemum carbaldehyde,39067-39-5,39067-39-5,True,True,CCCC1C2CC(C1C=O)C=C2,CCCC1C2C=CC(C2)C1C=O,True,"['green', 'floral', 'fresh', 'aldehydic', 'animal']",green;floral;fresh;aldehydic;animal,True,False
2303,MOL_002133,Thiogeraniol,39067-80-6,39067-80-6,True,True,CC(C)=CCC/C(C)=C\CS,CC(C)=CCC/C(C)=C\CS,True,"['green', 'fruity', 'catty', 'berry', 'sulfurous', 'grapefruit', 'mint']",green;fruity;catty;berry;sulfurous;grapefruit;mint,True,False
449,MOL_002134,Decenal,3913-71-1,3913-71-1,True,True,CCCCCCC/C=C\C=O,CCCCCCC/C=C\C=O,True,"['fatty', 'waxy', 'orange']",fatty;waxy;orange,True,False
1952,MOL_002135,Octenyl acetate,3913-80-2,3913-80-2,True,True,CCCCC/C=C/COC(C)=O,CCCCC/C=C/COC(C)=O,True,"['green', 'fruity', 'pear', 'fresh', 'herbal']",green;fruity;pear;fresh;herbal,True,False
453,MOL_002136,Decenal,3913-81-3,3913-81-3,True,True,CCCCCCC/C=C/C=O,CCCCCCC/C=C/C=O,True,"['green', 'earthy', 'fatty', 'chicken', 'waxy', 'mushroom']",green;earthy;fatty;chicken;waxy;mushroom,True,False
455,MOL_002137,Decenoic acid,3913-85-7,3913-85-7,True,True,CCCCCCC/C=C\C(=O)O,CCCCCCC/C=C\C(=O)O,True,"['fatty', 'fruity', 'waxy', 'orange', 'peach', 'sweet']",fatty;fruity;waxy;orange;peach;sweet,True,False
1855,MOL_002138,Neryl isovalerate,3915-83-1,3915-83-1,True,True,CC(C)=CCC/C(C)=C/COC(=O)CC(C)C,CC(C)=CCC/C(C)=C/COC(=O)CC(C)C,True,"['fruity', 'peach']",fruity;peach,True,False
3831,MOL_002139,"ethyl 2,5-dimethyl-3-oxo-4(2H)-furyl carbonate",39156-54-2,39156-54-2,True,True,O=C(OC=1C(=O)C(C)OC=1C)OCC,CCOC(=O)OC1=C(C)OC(C)C1=O,True,"['caramellic', 'sweet']",caramellic;sweet,True,False
2006,MOL_002140,Pentenol,39161-19-8,39161-19-8,True,True,CCCC=CO,CCCC=CO,True,"['green', 'sharp']",green;sharp,True,False
3832,MOL_002141,methyl indole-1-carboxylate,39203-20-8,39203-20-8,True,True,COC(=O)n2ccc1ccccc12,COC(=O)n1ccc2ccccc21,True,"['orange', 'grape', 'floral']",orange;grape;floral,True,False
2423,MOL_002142,Whiskey lactone,39212-23-2,39212-23-2,True,True,CCCCC1OC(=O)CC1C,CCCCC1OC(=O)CC1C,True,"['coconut', 'woody', 'coumarinic']",coconut;woody;coumarinic,True,False
1116,MOL_002143,Hexyl furoate,39251-86-0,39251-86-0,True,True,CCCCCCOC(=O)c1ccco1,CCCCCCOC(=O)c1ccco1,True,"['apple', 'green', 'fruity', 'pear', 'waxy', 'floral']",apple;green;fruity;pear;waxy;floral,True,False
1962,MOL_002144,Octyl furoate,39251-88-2,39251-88-2,True,True,CCCCCCCCOC(=O)c1ccco1,CCCCCCCCOC(=O)c1ccco1,True,"['green', 'fatty', 'metallic', 'waxy', 'brothy', 'mushroom']",green;fatty;metallic;waxy;brothy;mushroom,True,False
921,MOL_002145,Furfuryl hexanoate,39252-02-3,39252-02-3,True,True,CCCCCC(=O)OCc1ccco1,CCCCCC(=O)OCc1ccco1,True,"['green', 'fatty', 'waxy', 'musty']",green;fatty;waxy;musty,True,False
929,MOL_002146,Furfuryl octanoate,39252-03-4,39252-03-4,True,True,CCCCCCCC(=O)OCc1ccco1,CCCCCCCC(=O)OCc1ccco1,True,"['peach', 'coconut', 'sweet']",peach;coconut;sweet,True,False
2768,MOL_002147,Furfuryl decanoate,39252-05-6,39252-05-6,True,True,CCCCCCCCCC(=O)OCc1ccco1,CCCCCCCCCC(=O)OCc1ccco1,True,"['fatty', 'caramellic', 'waxy', 'creamy']",fatty;caramellic;waxy;creamy,True,False
785,MOL_002148,Ethyl methylpentanoate,39255-32-8,39255-32-8,True,True,CCCC(C)C(=O)OCC,CCCC(C)C(=O)OCC,True,"['green', 'fruity', 'melon', 'pear', 'waxy', 'pineapple']",green;fruity;melon;pear;waxy;pineapple,True,False
2753,MOL_002149,Ethyl pivalate,3938-95-2,3938-95-2,True,True,CCOC(=O)C(C)(C)C,CCOC(=O)C(C)(C)C,True,"['fruity', 'apple', 'rum']",fruity;apple;rum,True,False
2752,MOL_002150,Ethyl methoxyacetate,3938-96-3,3938-96-3,True,True,CCOC(=O)COC,CCOC(=O)COC,True,"['fruity', 'solvent']",fruity;solvent,True,False
1582,MOL_002151,Methyl vanillate,3943-74-6,3943-74-6,True,True,COC(=O)c1ccc(O)c(OC)c1,COC(=O)c1ccc(O)c(OC)c1,True,"['spicy', 'green', 'vanilla', 'fresh', 'floral', 'sweet']",spicy;green;vanilla;fresh;floral;sweet,True,False
920,MOL_002152,Furfuryl heptanoate,39481-28-2,39481-28-2,True,True,CCCCCCC(=O)OCc1ccco1,CCCCCCC(=O)OCc1ccco1,True,"['green', 'fermented', 'fruity', 'musty']",green;fermented;fruity;musty,True,False
3833,MOL_002153,trans-oak lactone,39638-67-0,39638-67-0,True,True,CCCC[C@@H]1[C@H](CC(=O)O1)C,CCCC[C@H]1OC(=O)C[C@@H]1C,True,"['spicy', 'coconut', 'vegetable', 'balsamic']",spicy;coconut;vegetable;balsamic,True,False
3834,MOL_002154,(+)-methyl dihydroepijasmonate,39647-11-5,39647-11-5,True,True,CCCCC[C@H]1[C@H](CCC1=O)CC(=O)OC,CCCCC[C@@H]1C(=O)CC[C@@H]1CC(=O)OC,True,['jasmine'],jasmine,True,False
2987,MOL_002155,Thiolinalool,39707-47-6,39707-47-6,True,True,C=CC(C)(S)CCC=C(C)C,C=CC(C)(S)CCC=C(C)C,True,"['fruity', 'fresh', 'grapefruit']",fruity;fresh;grapefruit,True,False
3835,MOL_002156,WS-3,39711-79-0,39711-79-0,True,True,CCNC(=O)C1CC(CCC1C(C)C)C,CCNC(=O)C1CC(C)CCC1C(C)C,True,"['mint', 'alcoholic']",mint;alcoholic,True,False
3836,MOL_002157,heptyl phenyl acetate,39736-25-9,39736-25-9,True,True,CCCCCCCOC(=O)CC1=CC=CC=C1,CCCCCCCOC(=O)Cc1ccccc1,True,"['citrus', 'sweet', 'leafy', 'honey']",citrus;sweet;leafy;honey,True,False
832,MOL_002158,Ethylacetylpyrrole,39741-41-8,39741-41-8,True,True,CCn1cccc1C(C)=O,CCn1cccc1C(C)=O,True,['nutty'],nutty,True,False
451,MOL_002159,Decenal,39770-05-3,39770-05-3,True,True,C=CCCCCCCCC=O,C=CCCCCCCCC=O,True,"['rose', 'citrus', 'green', 'fatty', 'fresh', 'floral']",rose;citrus;green;fatty;fresh;floral,True,False
310,MOL_002160,Butylpyridine,3978-81-2,3978-81-2,True,True,CC(C)(C)c1ccncc1,CC(C)(C)c1ccncc1,True,"['green', 'tobacco', 'leafy', 'woody']",green;tobacco;leafy;woody,True,False
1267,MOL_002161,Isobutylthiazoline,39800-92-5,39800-92-5,True,True,CC(C)CS1=CNCC1,CC(C)CS1=CNCC1,True,['green'],green,True,False
2909,MOL_002162,Isodamascone,39872-57-6,39872-57-6,True,True,C/C=C/C(=O)C1CCC(C)(C)C=C1C,C/C=C/C(=O)C1CCC(C)(C)C=C1C,True,"['apple', 'rose', 'fruity', 'floral']",apple;rose;fruity;floral,True,False
3837,MOL_002163,dihydrodamascone,39900-18-0,39900-18-0,True,True,C/C=C/C(=O)[C@@H]1[C@@H](CCCC1(C)C)C,C/C=C/C(=O)[C@@H]1[C@H](C)CCCC1(C)C,True,"['fruity', 'floral']",fruity;floral,True,False
3838,MOL_002164,cedryl formate,39900-38-4,39900-38-4,True,True,C[C@@H]1CC[C@@H]2[C@]13CC[C@@]([C@H](C3)C2(C)C)(C)OC=O,C[C@@H]1CC[C@H]2C(C)(C)[C@H]3C[C@@]12CC[C@@]3(C)OC=O,True,"['balsamic', 'woody']",balsamic;woody,True,False
2436,MOL_002165,Ethyl heptenoate,39924-27-1,39924-27-1,True,True,CC/C=C/CCC(=O)OCC,CC/C=C/CCC(=O)OCC,True,"['green', 'fruity', 'melon', 'waxy', 'vegetable']",green;fruity;melon;waxy;vegetable,True,False
1516,MOL_002166,Methyl jasmonate,39924-52-2,39924-52-2,True,True,CC/C=C/CC1C(=O)CCC1CC(=O)OC,CC/C=C/CC1C(=O)CCC1CC(=O)OC,True,"['floral', 'jasmine']",floral;jasmine,True,False
2524,MOL_002167,Methoxyheptanethiol,400052-49-5,400052-49-5,True,True,CCCCCCC(S)OC,CCCCCCC(S)OC,True,"['green', 'fruity', 'tropical', 'black currant']",green;fruity;tropical;black currant,True,False
3839,MOL_002168,para-jasmone,40010-99-9,40010-99-9,True,True,CCCCC1CC(C(=O)O1)C(=O)C,CCCCC1CC(C(C)=O)C(=O)O1,True,"['floral', 'jasmine']",floral;jasmine,True,False
556,MOL_002169,Dihydroxydithiane,40018-26-6,40018-26-6,True,True,OC1CSC(O)CS1,OC1CSC(O)CS1,True,"['meaty', 'tomato', 'brothy', 'sulfurous', 'bread']",meaty;tomato;brothy;sulfurous;bread,True,False
3840,MOL_002170,aldehydic nitrile,40188-41-8,40188-41-8,True,True,CC(C)CCCC(C)CC#N,CC(C)CCCC(C)CC#N,True,"['citrus', 'aldehydic', 'lemon', 'fatty', 'metallic']",citrus;aldehydic;lemon;fatty;metallic,True,False
3841,MOL_002171,tuberose acetate,40203-73-4,40203-73-4,True,True,COC(=O)C=C1CCCC1,COC(=O)C=C1CCCC1,True,"['floral', 'sweet', 'fruity', 'dry', 'green']",floral;sweet;fruity;dry;green,True,False
3842,MOL_002172,(E)-aconitic acid,4023-65-8,4023-65-8,True,True,C(/C(=C\C(=O)O)/C(=O)O)C(=O)O,O=C(O)/C=C(\CC(=O)O)C(=O)O,True,"['vegetable', 'musty', 'nutty', 'dry', 'roasted']",vegetable;musty;nutty;dry;roasted,True,False
752,MOL_002173,Ethyl geranyl ether,40267-72-9,40267-72-9,True,True,CCOC/C=C(\C)CCC=C(C)C,CCOC/C=C(\C)CCC=C(C)C,True,"['spicy', 'rose', 'green', 'floral']",spicy;rose;green;floral,True,False
2973,MOL_002174,Ditolyl disulfide,4032-80-8,4032-80-8,True,True,Cc1ccccc1SSc1ccccc1C,Cc1ccccc1SSc1ccccc1C,True,"['sulfurous', 'burnt', 'meaty', 'roasted']",sulfurous;burnt;meaty;roasted,True,False
874,MOL_002175,Ethylmethylthiophene,40323-88-4,40323-88-4,True,True,CCc1ccc(C)s1,CCc1ccc(C)s1,True,"['green', 'sulfurous']",green;sulfurous,True,False
1511,MOL_002176,Methyl hydroxymethylpentanoate,40348-72-9,40348-72-9,True,True,COC(=O)C(O)CC(C)C,COC(=O)C(O)CC(C)C,True,"['fruity', 'berry', 'winey', 'musty', 'sweet']",fruity;berry;winey;musty;sweet,True,False
3843,MOL_002177,isononyl acetate,40379-24-6,40379-24-6,True,True,CC(C)CCCCCCOC(=O)C,CC(=O)OCCCCCCC(C)C,True,"['sweet', 'herbal', 'spicy', 'woody', 'floral', 'fruity', 'violet']",sweet;herbal;spicy;woody;floral;fruity;violet,True,False
327,MOL_002178,Capsaicin,404-86-4,404-86-4,True,True,COc1cc(CNC(=O)CCCC/C=C/C(C)C)ccc1O,COc1cc(CNC(=O)CCCC/C=C/C(C)C)ccc1O,True,['herbal'],herbal,True,False
3032,MOL_002179,Piperonal diethyl acetal,40527-42-2,40527-42-2,True,True,CCOC(OCC)c1ccc2c(c1)OCO2,CCOC(OCC)c1ccc2c(c1)OCO2,True,"['spicy', 'floral', 'sweet']",spicy;floral;sweet,True,False
3844,MOL_002180,"4,8-dimethyl-7-nonen-2-ol",40596-76-7,40596-76-7,True,True,CC(CCC=C(C)C)CC(C)O,CC(C)=CCCC(C)CC(C)O,True,"['citrus', 'lemon', 'grapefruit', 'floral']",citrus;lemon;grapefruit;floral,True,False
3845,MOL_002181,2-ethyl-N-methyl-N-(3-methyl phenyl) butyramide,406488-30-0,406488-30-0,True,True,CCC(CC)C(=O)N(C)c1cccc(c1)C,CCC(CC)C(=O)N(C)c1cccc(C)c1,True,"['sharp', 'tropical', 'grapefruit', 'green']",sharp;tropical;grapefruit;green,True,False
1746,MOL_002182,Methylphenylbutyraldehyde,40654-82-8,40654-82-8,True,True,CC(C=O)CCc1ccccc1,CC(C=O)CCc1ccccc1,True,"['floral', 'earthy', 'musty', 'sweet']",floral;earthy;musty;sweet,True,False
3846,MOL_002183,(E)-nerolidol,40716-66-3,40716-66-3,True,True,CC(=CCC/C(=C/CCC(C)(C=C)O)/C)C,C=CC(C)(O)CC/C=C(\C)CCC=C(C)C,True,"['floral', 'green', 'citrus', 'woody', 'waxy']",floral;green;citrus;woody;waxy,True,False
612,MOL_002184,Dimethylmethoxyfuranone,4077-47-8,4077-47-8,True,True,COC1=C(C)OC(C)C1=O,COC1=C(C)OC(C)C1=O,True,"['caramellic', 'fruity', 'winey', 'sweet']",caramellic;fruity;winey;sweet,True,False
2730,MOL_002185,Ethyl acetyldodecanoate,40778-32-3,40778-32-3,True,True,CCCCCCCCCCC(C(C)=O)C(=O)OCC,CCCCCCCCCCC(C(C)=O)C(=O)OCC,True,"['waxy', 'fruity', 'floral']",waxy;fruity;floral,True,False
3847,MOL_002186,muscogene,40785-62-4,40785-62-4,True,True,C1CCCCC2COCC2/C=C\CCC1,C1=C\C2COCC2CCCCCCCC/1,True,"['earthy', 'animal', 'musk']",earthy;animal;musk,True,False
1413,MOL_002187,Mercaptobutanone,40789-98-8,40789-98-8,True,True,CC(=O)C(C)S,CC(=O)C(C)S,True,"['meaty', 'savory', 'catty', 'onion', 'coffee', 'beefy']",meaty;savory;catty;onion;coffee;beefy,True,False
488,MOL_002188,Dibutanoneyl sulfide,40790-04-3,40790-04-3,True,True,CC(=O)CCSCCC(C)=O,CC(=O)CCSCCC(C)=O,True,"['sulfurous', 'meaty']",sulfurous;meaty,True,False
2739,MOL_002189,Ethyl methylthiopropionate,40800-76-8,40800-76-8,True,True,CCOC(=O)C(C)SC,CCOC(=O)C(C)SC,True,"['fruity', 'tropical']",fruity;tropical,True,False
3848,MOL_002190,isodihydrolavandulol,40853-53-0,40853-53-0,True,True,CC(C)C/C=C(/CO)\C(C)C,CC(C)C/C=C(/CO)C(C)C,True,"['fresh', 'herbal', 'mint', 'woody']",fresh;herbal;mint;woody,True,False
3849,MOL_002191,(Z)-isodihydrolavandulyl acetate,40853-56-3,40853-56-3,True,True,CC(C)C/C=C(\COC(=O)C)/C(C)C,CC(=O)OC/C(=C\CC(C)C)C(C)C,True,"['fresh', 'herbal', 'mint', 'woody']",fresh;herbal;mint;woody,True,False
1800,MOL_002192,Methylthiomethylbutenal,40878-72-6,40878-72-6,True,True,C/C=C(/C=O)CSC,C/C=C(/C=O)CSC,True,['potato'],potato,True,False
2957,MOL_002193,Methylmethylthiomethylpentenal,40878-73-7,40878-73-7,True,True,CCC(C)=C(C=O)CSC,CCC(C)=C(C=O)CSC,True,"['spicy', 'pungent', 'herbal']",spicy;pungent;herbal,True,False
3850,MOL_002194,filbert heptenone B,409-02-9,409-02-9,True,True,CC(=CCCC(=O)C)C,CC(=O)CCC=C(C)C,True,"['nutty', 'hazelnut', 'roasted', 'ketonic', 'coffee']",nutty;hazelnut;roasted;ketonic;coffee,True,False
2584,MOL_002195,Acetaldehyde ethyl linalyl acetal,40910-49-4,40910-49-4,True,True,C=CC(C)(CCC=C(C)C)OC(C)OCC,C=CC(C)(CCC=C(C)C)OC(C)OCC,True,"['fresh', 'herbal', 'floral']",fresh;herbal;floral,True,False
3851,MOL_002196,ethyl (R)-2-methyl butyrate,40917-00-8,40917-00-8,True,True,CC[C@@H](C)C(=O)OCC,CCOC(=O)[C@H](C)CC,True,"['fruity', 'green', 'cognac', 'phenolic']",fruity;green;cognac;phenolic,True,False
1030,MOL_002197,Heptyldihydromethylfuranone,40923-64-6,40923-64-6,True,True,CCCCCCCC1CC(C)OC1=O,CCCCCCCC1CC(C)OC1=O,True,"['creamy', 'citrus', 'green', 'fruity', 'fatty', 'nutty', 'sweet']",creamy;citrus;green;fruity;fatty;nutty;sweet,True,False
3852,MOL_002198,amyl cyclopentanone propanone,40942-73-2,40942-73-2,True,True,CCCCCC1C(CCC1=O)CC(=O)C,CCCCCC1C(=O)CCC1CC(C)=O,True,"['floral', 'jasmine']",floral;jasmine,True,False
3853,MOL_002199,(S)-gamma-hexalactone,41035-07-8,41035-07-8,True,True,CC[C@H]1CCC(=O)O1,CC[C@H]1CCC(=O)O1,True,"['sweet', 'creamy', 'coconut', 'woody']",sweet;creamy;coconut;woody,True,False
1816,MOL_002200,Methylthiopropylamine,4104-45-4,4104-45-4,True,True,CSCCCN,CSCCCN,True,"['ripe', 'vegetable', 'fishy', 'sulfurous', 'potato', 'cheesy']",ripe;vegetable;fishy;sulfurous;potato;cheesy,True,False
817,MOL_002201,Ethyl propyl sulfide,4110-50-3,4110-50-3,True,True,CCCSCC,CCCSCC,True,"['onion', 'vegetable']",onion;vegetable,True,False
807,MOL_002202,Ethyl pentadecanoate,41114-00-5,41114-00-5,True,True,CCCCCCCCCCCCCCC(=O)OCC,CCCCCCCCCCCCCCC(=O)OCC,True,"['oily', 'fatty', 'waxy']",oily;fatty;waxy,True,False
975,MOL_002203,Guaiacyl phenylacetate,4112-89-4,4112-89-4,True,True,COc1ccccc1OC(=O)Cc1ccccc1,COc1ccccc1OC(=O)Cc1ccccc1,True,"['anisic', 'woody', 'honey', 'dry']",anisic;woody;honey;dry,True,False
117,MOL_002204,Ambrinol,41199-19-3,41199-19-3,True,True,CC1(O)CCC2C(=CCCC2(C)C)C1,CC1(O)CCC2C(=CCCC2(C)C)C1,True,"['earthy', 'animal']",earthy;animal,True,False
524,MOL_002205,Diethyltetrahydrofuran,41239-48-9,41239-48-9,True,True,CCC1CCC(CC)O1,CCC1CCC(CC)O1,True,"['herbal', 'sweet', 'solvent', 'mint']",herbal;sweet;solvent;mint,True,False
1411,MOL_002206,Mercaptoacetaldehyde,4124-63-4,4124-63-4,True,True,O=CCS,O=CCS,True,"['meaty', 'tomato', 'brothy', 'sulfurous', 'bread']",meaty;tomato;brothy;sulfurous;bread,True,False
1891,MOL_002207,Nonenoic acid,4124-88-3,4124-88-3,True,True,CCCCC/C=C/CC(=O)O,CCCCC/C=C/CC(=O)O,True,"['green', 'fatty', 'fruity', 'melon', 'waxy', 'dairy']",green;fatty;fruity;melon;waxy;dairy,True,False
1497,MOL_002208,Methyl formylanthranilate,41270-80-8,41270-80-8,True,True,COC(=O)c1ccccc1NC=O,COC(=O)c1ccccc1NC=O,True,"['grape', 'fruity', 'musty']",grape;fruity;musty,True,False
3854,MOL_002209,"(E,E)-farnesyl acetate",4128-17-0,4128-17-0,True,True,CC(=CCC/C(=C/CC/C(=C/COC(=O)C)/C)/C)C,CC(=O)OC/C=C(\C)CC/C=C(\C)CCC=C(C)C,True,"['oily', 'waxy']",oily;waxy,True,False
2602,MOL_002210,Methyl methylmercaptopropionate,4131-76-4,4131-76-4,True,True,COC(=O)C(C)CS,COC(=O)C(C)CS,True,"['fruity', 'grape', 'fresh', 'tropical']",fruity;grape;fresh;tropical,True,False
536,MOL_002211,Dihydrodimethylcyclopentapyrazine,41330-21-6,41330-21-6,True,True,CC1CC(C)c2nccnc21,CC1CC(C)c2nccnc21,True,"['roasted', 'earthy', 'nutty', 'burnt']",roasted;earthy;nutty;burnt,True,False
3855,MOL_002212,(+)-alpha-santalyl acetate,41414-75-9,41414-75-9,True,True,C/C(=C/CC[C@@]1(C2C[C@H]3C1([C@H]3C2)C)C)/COC(=O)C,CC(=O)OC/C(C)=C\CC[C@]1(C)C2C[C@@H]3[C@H](C2)C31C,True,"['woody', 'orris']",woody;orris,True,False
2949,MOL_002213,Ethylcitral,41448-29-7,41448-29-7,True,True,CC/C(C)=C/CC/C(C)=C/C=O,CC/C(C)=C/CC/C(C)=C/C=O,True,"['citrus', 'fruity', 'fresh', 'lemon', 'herbal']",citrus;fruity;fresh;lemon;herbal,True,False
1894,MOL_002214,Nonenol,41453-56-9,41453-56-9,True,True,CCCCCC/C=C\CO,CCCCCC/C=C\CO,True,"['green', 'melon', 'cucumber', 'waxy']",green;melon;cucumber;waxy,True,False
1817,MOL_002215,"Methyltolylpropionaldehyde (mixed o-, m-, p- isomers)",41496-43-9,41496-43-9,True,True,Cc1ccc(CC(C)C=O)cc1,Cc1ccc(CC(C)C=O)cc1,True,"['citrus', 'green', 'fruity', 'melon', 'almond', 'balsamic', 'cherry', 'floral', 'sweet']",citrus;green;fruity;melon;almond;balsamic;cherry;floral;sweet,True,False
1213,MOL_002216,Isoamyl tiglate,41519-18-0,41519-18-0,True,True,C/C=C(\C)C(=O)OCCC(C)C,C/C=C(\C)C(=O)OCCC(C)C,True,"['apple', 'fruity', 'herbal', 'chamomile', 'winey']",apple;fruity;herbal;chamomile;winey,True,False
3856,MOL_002217,(Z)-3-hexen-1-yl isobutyrate,41519-23-7,41519-23-7,True,True,CC/C=C\CCOC(=O)C(C)C,CC/C=C\CCOC(=O)C(C)C,True,"['fruity', 'green', 'pear', 'apple', 'tropical', 'leafy', 'sweet']",fruity;green;pear;apple;tropical;leafy;sweet,True,False
1937,MOL_002218,Octenal,41547-22-2,41547-22-2,True,True,CC/C=C\CCCC=O,CC/C=C\CCCC=O,True,"['green', 'fresh', 'melon', 'cucumber']",green;fresh;melon;cucumber,True,False
3857,MOL_002219,epoxylinalyl acetate,41610-76-8,41610-76-8,True,True,CC(=O)OC(C)(CCC1C(O1)(C)C)C=C,C=CC(C)(CCC1OC1(C)C)OC(C)=O,True,"['fresh', 'floral', 'woody', 'citrus']",fresh;floral;woody;citrus,True,False
3106,MOL_002220,Heptenoic acid,41653-95-6,41653-95-6,True,True,CC/C=C/CCC(=O)O,CC/C=C/CCC(=O)O,True,"['green', 'fatty', 'fruity']",green;fatty;fruity,True,False
3108,MOL_002221,Octenoic acid,41653-97-8,41653-97-8,True,True,CC/C=C\CCCC(=O)O,CC/C=C\CCCC(=O)O,True,"['green', 'fatty', 'fruity', 'waxy', 'dairy']",green;fatty;fruity;waxy;dairy,True,False
2527,MOL_002222,Methyl octenoate,41654-15-3,41654-15-3,True,True,CC/C=C\CCCC(=O)OC,CC/C=C\CCCC(=O)OC,True,"['green', 'fruity', 'coconut', 'tropical', 'dairy', 'vegetable']",green;fruity;coconut;tropical;dairy;vegetable,True,False
3858,MOL_002223,methyl 2-hydroxy-3-methyl pentanoate,41654-19-7,41654-19-7,True,True,CCC(C)C(C(=O)OC)O,CCC(C)C(O)C(=O)OC,True,"['fruity', 'caramellic']",fruity;caramellic,True,False
44,MOL_002224,Acetoxydimethylfuranone,4166-20-5,4166-20-5,True,True,CC(=O)OC1=C(C)OC(C)C1=O,CC(=O)OC1=C(C)OC(C)C1=O,True,"['fruity', 'strawberry']",fruity;strawberry,True,False
3859,MOL_002225,tetrahydromugol,41678-36-8,41678-36-8,True,True,CC(C)CCCC(C)C(=C)O,C=C(O)C(C)CCCC(C)C,True,"['woody', 'herbal', 'pine']",woody;herbal;pine,True,False
3860,MOL_002226,herbal undecanone,41724-19-0,41724-19-0,True,True,CC1CC2C3CCC(C3)C2CC1=O,CC1CC2C3CCC(C3)C2CC1=O,True,"['herbal', 'woody', 'fruity', 'pine', 'berry']",herbal;woody;fruity;pine;berry,True,False
3861,MOL_002227,"(E,Z)-3,5-octadien-2-one",4173-41-5,4173-41-5,True,True,CC/C=C\C=C\C(=O)C,CC/C=C\C=C\C(C)=O,True,"['fatty', 'fruity', 'hay', 'green', 'herbal']",fatty;fruity;hay;green;herbal,True,False
649,MOL_002228,Dimethylthiazole,4175-66-0,4175-66-0,True,True,Cc1cnc(C)s1,Cc1cnc(C)s1,True,"['meaty', 'roasted', 'earthy', 'nutty', 'cabbage']",meaty;roasted;earthy;nutty;cabbage,True,False
1659,MOL_002229,Methylfuranone,41763-99-9,41763-99-9,True,True,CC1OC=CC1=O,CC1OC=CC1=O,True,"['caramellic', 'roasted', 'nutty', 'bread', 'sweet', 'buttery']",caramellic;roasted;nutty;bread;sweet;buttery,True,False
2420,MOL_002230,Vinylpyrazine,4177-16-6,4177-16-6,True,True,C=Cc1cnccn1,C=Cc1cnccn1,True,"['green', 'burnt']",green;burnt,True,False
1972,MOL_002231,Octylfuran,4179-38-8,4179-38-8,True,True,CCCCCCCCc1ccco1,CCCCCCCCc1ccco1,True,"['oily', 'fatty']",oily;fatty,True,False
145,MOL_002232,Anethole,4180-23-8,4180-23-8,True,True,C/C=C/c1ccc(OC)cc1,C/C=C/c1ccc(OC)cc1,True,"['herbal', 'anisic', 'sweet']",herbal;anisic;sweet,True,False
3251,MOL_002233,Ethylmethylthiazoline,41803-21-8,41803-21-8,True,True,CCC1=S(C)CCN1,CCC1=S(C)CCN1,True,"['creamy', 'roasted', 'meaty', 'tropical', 'tomato', 'dairy', 'peach']",creamy;roasted;meaty;tropical;tomato;dairy;peach,True,False
112,MOL_002234,Allyl thiopropionate,41820-22-8,41820-22-8,True,True,C=CCSC(=O)CC,C=CCSC(=O)CC,True,"['alliaceous', 'garlic', 'onion', 'fresh', 'sweet']",alliaceous;garlic;onion;fresh;sweet,True,False
3862,MOL_002235,phenethyl oxyacetaldehyde,41847-88-5,41847-88-5,True,True,C1=CC=C(C=C1)CCOCC=O,O=CCOCCc1ccccc1,True,"['floral', 'green', 'rose']",floral;green;rose,True,False
3863,MOL_002236,sandal octanol,41890-92-0,41890-92-0,True,True,CC(CCCC(C)(C)OC)C(C)O,COC(C)(C)CCCC(C)C(C)O,True,"['sweet', 'woody', 'fresh', 'floral']",sweet;woody;fresh;floral,True,False
3864,MOL_002237,ethyl (E)-cinnamate,4192-77-2,4192-77-2,True,True,CCOC(=O)/C=C/C1=CC=CC=C1,CCOC(=O)/C=C/c1ccccc1,True,"['floral', 'honey', 'balsamic']",floral;honey;balsamic,True,False
520,MOL_002238,Diethylmethylthiazole,41981-71-9,41981-71-9,True,True,CCc1nc(C)sc1CC,CCc1nc(C)sc1CC,True,"['roasted', 'green', 'earthy', 'nutty', 'vegetable']",roasted;green;earthy;nutty;vegetable,True,False
634,MOL_002239,Dimethylpropylthiazole,41981-72-0,41981-72-0,True,True,CCCc1nc(C)c(C)s1,CCCc1nc(C)c(C)s1,True,"['roasted', 'green', 'fruity', 'nutty', 'cocoa', 'tropical']",roasted;green;fruity;nutty;cocoa;tropical,True,False
847,MOL_002240,Ethylene sulfide,420-12-2,420-12-2,True,True,C1CS1,C1CS1,True,"['sulfurous', 'vegetable', 'meaty']",sulfurous;vegetable;meaty,True,False
2240,MOL_002241,Sinapinaldehyde,4206-58-0,4206-58-0,True,True,COc1cc(/C=C/C=O)cc(OC)c1O,COc1cc(/C=C/C=O)cc(OC)c1O,True,"['spicy', 'sweet']",spicy;sweet,True,False
2825,MOL_002242,Methyl thioisobutyrate,42075-42-3,42075-42-3,True,True,COC(=S)C(C)C,COC(=S)C(C)C,True,"['sulfurous', 'fruity']",sulfurous;fruity,True,False
1553,MOL_002243,Methyl pentanethioate,42075-43-4,42075-43-4,True,True,CCCCC(=S)OC,CCCCC(=S)OC,True,"['fruity', 'tropical', 'cheesy']",fruity;tropical;cheesy,True,False
3865,MOL_002244,S-tropical 2-thiobutyrate,42075-45-6,42075-45-6,True,True,CCC(C)C(=O)SC,CCC(C)C(=O)SC,True,"['sulfurous', 'sweet', 'cabbage', 'tropical', 'fruity']",sulfurous;sweet;cabbage;tropical;fruity,True,False
2043,MOL_002245,Phenethyl senecioate,42078-65-9,42078-65-9,True,True,CC(C)=CC(=O)OCCc1ccccc1,CC(C)=CC(=O)OCCc1ccccc1,True,"['green', 'winey']",green;winey,True,False
91,MOL_002246,Allyl furoate,4208-49-5,4208-49-5,True,True,C=CCOC(=O)c1ccco1,C=CCOC(=O)c1ccco1,True,"['fruity', 'caramellic', 'coffee']",fruity;caramellic;coffee,True,False
318,MOL_002247,Butyrylfuran,4208-57-5,4208-57-5,True,True,CCCC(=O)c1ccco1,CCCC(=O)c1ccco1,True,['balsamic'],balsamic,True,False
1076,MOL_002248,Hexenyl acetate,42125-17-7,42125-17-7,True,True,C/C=C\CCCOC(C)=O,C/C=C\CCCOC(C)=O,True,"['green', 'fruity', 'banana']",green;fruity;banana,True,False
181,MOL_002249,Benzyl decanoate,42175-41-7,42175-41-7,True,True,CCCCCCCCCC(=O)OCc1ccccc1,CCCCCCCCCC(=O)OCc1ccccc1,True,"['floral', 'fatty', 'waxy']",floral;fatty;waxy,True,False
1063,MOL_002250,Hexenoic acid,4219-24-3,4219-24-3,True,True,CCC=CCC(=O)O,CCC=CCC(=O)O,True,"['fruity', 'cheesy']",fruity;cheesy,True,False
2459,MOL_002251,Phellandrene,4221-98-1,4221-98-1,True,True,CC1=CC[C@H](C(C)C)C=C1,CC1=CC[C@H](C(C)C)C=C1,True,"['spicy', 'fresh', 'citrus']",spicy;fresh;citrus,True,False
3866,MOL_002252,(S)-(+)-2-butanol,4221-99-2,4221-99-2,True,True,CC[C@H](C)O,CC[C@H](C)O,True,"['oily', 'winey']",oily;winey,True,False
1130,MOL_002253,Hexyl tetradecanoate,42231-99-2,42231-99-2,True,True,CCCCCCCCCCCCCC(=O)OCCCCCC,CCCCCCCCCCCCCC(=O)OCCCCCC,True,['odorless'],odorless,True,False
2704,MOL_002254,Cyclohexyl phenylacetate,42288-75-5,42288-75-5,True,True,O=C(Cc1ccccc1)OC1CCCCC1,O=C(Cc1ccccc1)OC1CCCCC1,True,"['honey', 'fruity', 'aromatic', 'sweet']",honey;fruity;aromatic;sweet,True,False
2194,MOL_002255,Propylfuran,4229-91-8,4229-91-8,True,True,CCCc1ccco1,CCCc1ccco1,True,"['green', 'alliaceous', 'ethereal', 'buttery']",green;alliaceous;ethereal;buttery,True,False
102,MOL_002256,Allyl octanoate,4230-97-1,4230-97-1,True,True,C=CCOC(=O)CCCCCCC,C=CCOC(=O)CCCCCCC,True,"['apple', 'fatty', 'fruity', 'banana', 'pineapple', 'winey']",apple;fatty;fruity;banana;pineapple;winey,True,False
3287,MOL_002257,Dimethylheptenol,4234-93-9,4234-93-9,True,True,CC(C)=CCCC(C)CO,CC(C)=CCCC(C)CO,True,['melon'],melon,True,False
858,MOL_002258,Ethylhydroxymethylcyclopentenone,42348-12-9,42348-12-9,True,True,CCC1=C(O)C(=O)CC1C,CCC1=C(O)C(=O)CC1C,True,"['burnt', 'caramellic']",burnt;caramellic,True,False
3867,MOL_002259,herbal ethanone,42370-07-0,42370-07-0,True,True,CC(=O)C1C2CCC(C2)C1(C)C,CC(=O)C1C2CCC(C2)C1(C)C,True,"['camphoreous', 'herbal', 'mint', 'woody', 'apple']",camphoreous;herbal;mint;woody;apple,True,False
1098,MOL_002260,Hexenyl phenylacetate,42436-07-7,42436-07-7,True,True,CC/C=C\CCOC(=O)Cc1ccccc1,CC/C=C\CCOC(=O)Cc1ccccc1,True,"['green', 'melon', 'tropical', 'honey', 'waxy', 'floral', 'sweet']",green;melon;tropical;honey;waxy;floral;sweet,True,False
2372,MOL_002261,Trithiahexane,42474-44-2,42474-44-2,True,True,CSCSSC,CSCSSC,True,"['garlic', 'cabbage', 'onion', 'burnt', 'sulfurous']",garlic;cabbage;onion;burnt;sulfurous,True,False
558,MOL_002262,Diisopropyl disulfide,4253-89-8,4253-89-8,True,True,CC(C)SSC(C)C,CC(C)SSC(C)C,True,"['meaty', 'alliaceous', 'garlic', 'tropical', 'onion', 'burnt', 'sulfurous']",meaty;alliaceous;garlic;tropical;onion;burnt;sulfurous,True,False
3868,MOL_002263,ambrene acetal,42604-12-6,42604-12-6,True,True,COCOC1CCCCCCCCCCC1,COCOC1CCCCCCCCCCC1,True,"['woody', 'balsamic', 'dry', 'musty', 'musk']",woody;balsamic;dry;musty;musk,True,False
167,MOL_002264,Benzofurancarboxaldehyde,4265-16-1,4265-16-1,True,True,O=Cc1cc2ccccc2o1,O=Cc1cc2ccccc2o1,True,"['coumarinic', 'sweet']",coumarinic;sweet,True,False
3023,MOL_002265,Methylbenzofuran,4265-25-2,4265-25-2,True,True,Cc1cc2ccccc2o1,Cc1cc2ccccc2o1,True,['phenolic'],phenolic,True,False
1028,MOL_002266,Heptyl octanoate,4265-97-8,4265-97-8,True,True,CCCCCCCOC(=O)CCCCCCC,CCCCCCCOC(=O)CCCCCCC,True,"['green', 'oily', 'fatty', 'tropical', 'waxy', 'musty']",green;oily;fatty;tropical;waxy;musty,True,False
521,MOL_002267,Diethylpropylthiazole,4276-68-0,4276-68-0,True,True,CCCc1nc(CC)c(CC)s1,CCCc1nc(CC)c(CC)s1,True,"['green', 'fruity']",green;fruity,True,False
2481,MOL_002268,Menthanediol,42822-86-6,42822-86-6,True,True,CC1CCC(C(C)(C)O)C(O)C1,CC1CCC(C(C)(C)O)C(O)C1,True,['mint'],mint,True,False
3869,MOL_002269,amber pentadecane,42824-62-4,42824-62-4,True,True,C1CCCCCC2COCC2CCCC1,C1CCCCCC2COCC2CCCC1,True,"['warm', 'woody', 'dry', 'balsamic']",warm;woody;dry;balsamic,True,False
10,MOL_002270,Acetaldehyde di-isopropyl acetal,4285-59-0,4285-59-0,True,True,CC(C)OC(C)OC(C)C,CC(C)OC(C)OC(C)C,True,"['alcoholic', 'ethereal', 'green', 'fruity', 'cognac', 'pungent', 'brandy']",alcoholic;ethereal;green;fruity;cognac;pungent;brandy,True,False
1789,MOL_002271,Methylthiobutanal,42919-64-2,42919-64-2,True,True,CSCCCC=O,CSCCCC=O,True,"['vegetable', 'tomato']",vegetable;tomato,True,False
3870,MOL_002272,benzyl ethyl malonate,42998-51-6,42998-51-6,True,True,O=C(OCC)CC(=O)OCc1ccccc1,CCOC(=O)CC(=O)OCc1ccccc1,True,"['fruity', 'winey', 'apple']",fruity;winey;apple,True,False
2156,MOL_002273,Propionylthiazole,43039-98-1,43039-98-1,True,True,CCC(=O)c1nccs1,CCC(=O)c1nccs1,True,"['nutty', 'savory']",nutty;savory,True,False
1819,MOL_002274,Methyltrithiane,43040-01-3,43040-01-3,True,True,CC1SCCSS1,CC1SCCSS1,True,['meaty'],meaty,True,False
429,MOL_002275,Damascone,43052-87-5,43052-87-5,True,True,C/C=C/C(=O)C1C(C)=CCCC1(C)C,C/C=C/C(=O)C1C(C)=CCCC1(C)C,True,"['apple', 'rose', 'black currant', 'plum', 'mint']",apple;rose;black currant;plum;mint,True,False
481,MOL_002276,Diacetyl,431-03-8,431-03-8,True,True,CC(=O)C(C)=O,CC(=O)C(C)=O,True,['buttery'],buttery,True,False
57,MOL_002277,Acetylethylpyrazine,43108-58-3,43108-58-3,True,True,CCc1cnc(C(C)=O)cn1,CCc1cnc(C(C)=O)cn1,True,"['nutty', 'popcorn']",nutty;popcorn,True,False
1948,MOL_002278,Octenone,4312-99-6,4312-99-6,True,True,C=CC(=O)CCCCC,C=CC(=O)CCCCC,True,"['mushroom', 'metallic']",mushroom;metallic,True,False
3871,MOL_002279,"(E,E)-2,4-heptadienal",4313-03-5,4313-03-5,True,True,CC/C=C/C=C/C=O,CC/C=C/C=C/C=O,True,"['fatty', 'green', 'oily', 'aldehydic', 'vegetable', 'cinnamon']",fatty;green;oily;aldehydic;vegetable;cinnamon,True,False
2587,MOL_002280,Acetophenone diethyl acetal,4316-37-4,4316-37-4,True,True,CCOC(C)(OCC)c1ccccc1,CCOC(C)(OCC)c1ccccc1,True,"['spicy', 'green', 'fruity', 'warm', 'floral']",spicy;green;fruity;warm;floral,True,False
400,MOL_002281,Cyclocitral,432-24-6,432-24-6,True,True,CC1=CCCC(C)(C)C1C=O,CC1=CCCC(C)(C)C1C=O,True,"['grassy', 'hay', 'citrus', 'herbal', 'floral']",grassy;hay;citrus;herbal;floral,True,False
401,MOL_002282,Cyclocitral,432-25-7,432-25-7,True,True,CC1=C(C=O)C(C)(C)CCC1,CC1=C(C=O)C(C)(C)CCC1,True,"['grassy', 'hay', 'green', 'fruity', 'floral', 'sweet', 'mint']",grassy;hay;green;fruity;floral;sweet;mint,True,False
576,MOL_002283,Dimethylacetylcyclohexene,43219-68-7,43219-68-7,True,True,CC(=O)C1(C)CC=C(C)CC1,CC(=O)C1(C)CC=C(C)CC1,True,"['fruity', 'fresh', 'mint', 'herbal']",fruity;fresh;mint;herbal,True,False
709,MOL_002284,Ethoxypropionic acid,4324-38-3,4324-38-3,True,True,CCOCCC(=O)O,CCOCCC(=O)O,True,"['ethereal', 'fruity', 'sharp', 'pungent']",ethereal;fruity;sharp;pungent,True,False
3872,MOL_002285,4-methyl-3-cyclohexene-1-carboxylic acid,4342-60-3,4342-60-3,True,True,CC1=CCC(CC1)C(=O)O,CC1=CCC(C(=O)O)CC1,True,"['animal', 'spicy', 'leathery', 'woody']",animal;spicy;leathery;woody,True,False
2854,MOL_002286,Phenyl butyrate,4346-18-3,4346-18-3,True,True,CCCC(=O)Oc1ccccc1,CCCC(=O)Oc1ccccc1,True,"['fruity', 'honey', 'aromatic', 'floral', 'sweet']",fruity;honey;aromatic;floral;sweet,True,False
2634,MOL_002287,Heptanal propylene glycol acetal,4351-10-4,4351-10-4,True,True,CCCCCCC1OCC(C)O1,CCCCCCC1OCC(C)O1,True,"['green', 'fruity', 'fresh', 'herbal']",green;fruity;fresh;herbal,True,False
414,MOL_002288,Cyclohexyl formate,4351-54-6,4351-54-6,True,True,O=COC1CCCCC1,O=COC1CCCCC1,True,"['fruity', 'sweet']",fruity;sweet,True,False
1757,MOL_002289,Methylpropyldioxolane,4352-99-2,4352-99-2,True,True,CCCC1OCC(C)O1,CCCC1OCC(C)O1,True,"['green', 'fruity', 'fermented', 'ethereal']",green;fruity;fermented;ethereal,True,False
2617,MOL_002290,Cinnamaldehyde propylene glycol acetal,4353-01-9,4353-01-9,True,True,CC1COC(/C=C/c2ccccc2)O1,CC1COC(/C=C/c2ccccc2)O1,True,"['cinnamon', 'spicy', 'sweet']",cinnamon;spicy;sweet,True,False
864,MOL_002291,Ethylmethyldioxolane,4359-46-0,4359-46-0,True,True,CCC1OCC(C)O1,CCC1OCC(C)O1,True,"['green', 'fruity', 'pungent', 'ethereal']",green;fruity;pungent;ethereal,True,False
3873,MOL_002292,green dioxolane,4359-47-1,4359-47-1,True,True,CCCCC(CC)C1OCCO1,CCCCC(CC)C1OCCO1,True,"['green', 'fruity', 'radish', 'floral', 'metallic']",green;fruity;radish;floral;metallic,True,False
2632,MOL_002293,Furfural propylene glycol acetal,4359-54-0,4359-54-0,True,True,CC1COC(c2ccco2)O1,CC1COC(c2ccco2)O1,True,"['fruity', 'fresh', 'almond', 'aromatic', 'sweet']",fruity;fresh;almond;aromatic;sweet,True,False
3874,MOL_002294,octanal glycol acetal,4359-57-3,4359-57-3,True,True,CCCCCCCC1OCCO1,CCCCCCCC1OCCO1,True,"['fresh', 'citrus', 'orange', 'aldehydic', 'fatty']",fresh;citrus;orange;aldehydic;fatty,True,False
3875,MOL_002295,cinnamyl nitrile,4360-47-8,4360-47-8,True,True,C1=CC=C(C=C1)C=CC#N,N#CC=Cc1ccccc1,True,"['spicy', 'cinnamon']",spicy;cinnamon,True,False
3876,MOL_002296,tetrahydroionol,4361-23-3,4361-23-3,True,True,CC1CCCC(C1CCC(C)O)(C)C,CC(O)CCC1C(C)CCCC1(C)C,True,"['floral', 'violet', 'woody', 'leathery']",floral;violet;woody;leathery,True,False
2640,MOL_002297,Hydratropaldehyde ethylene glycol acetal,4362-22-5,4362-22-5,True,True,CC(c1ccccc1)C1OCCO1,CC(c1ccccc1)C1OCCO1,True,"['green', 'earthy', 'floral', 'mushroom']",green;earthy;floral;mushroom,True,False
2616,MOL_002298,Cinnamaldehyde dimethyl acetal,4364-06-1,4364-06-1,True,True,COC(/C=C/c1ccccc1)OC,COC(/C=C/c1ccccc1)OC,True,"['spicy', 'green', 'cinnamon', 'fresh', 'herbal']",spicy;green;cinnamon;fresh;herbal,True,False
2566,MOL_002299,Trimethylnonenol,437770-28-0,437770-28-0,True,True,CCCCCCC(C)C(C)=C(C)O,CCCCCCC(C)C(C)=C(C)O,True,"['citrus', 'grapefruit', 'floral']",citrus;grapefruit;floral,True,False
3877,MOL_002300,"1,4-benzodioxin-2(3H)-one",4385-48-2,4385-48-2,True,True,c1ccc2c(c1)OCC(=O)O2,O=C1COc2ccccc2O1,True,"['green', 'coumarinic']",green;coumarinic,True,False
1337,MOL_002301,Isopropylphenylacetaldehyde,4395-92-0,4395-92-0,True,True,CC(C)c1ccc(CC=O)cc1,CC(C)c1ccc(CC=O)cc1,True,"['green', 'woody']",green;woody,True,False
3878,MOL_002302,S-ethyl 2-acetyl aminoethane thioate,4396-62-7,4396-62-7,True,True,CCSC(=O)CNC(=O)C,CCSC(=O)CNC(C)=O,True,"['pungent', 'meaty']",pungent;meaty,True,False
2572,MOL_002303,Hexyl isothiocyanate,4404-45-9,4404-45-9,True,True,CCCCCCN=C=S,CCCCCCN=C=S,True,"['green', 'pungent', 'horseradish']",green;pungent;horseradish,True,False
3879,MOL_002304,(E)-cinnamyl alcohol,4407-36-7,4407-36-7,True,True,C1=CC=C(C=C1)/C=C/CO,OC/C=C/c1ccccc1,True,"['sweet', 'balsamic', 'floral', 'spicy', 'green', 'orris', 'cinnamon']",sweet;balsamic;floral;spicy;green;orris;cinnamon,True,False
2073,MOL_002305,Phenylethyl mercaptan,4410-99-5,4410-99-5,True,True,SCCc1ccccc1,SCCc1ccccc1,True,"['sulfurous', 'roasted', 'tropical']",sulfurous;roasted;tropical,True,False
2067,MOL_002306,Phenylbutenal,4411-89-6,4411-89-6,True,True,C/C=C(/C=O)c1ccccc1,C/C=C(/C=O)c1ccccc1,True,"['cocoa', 'honey', 'musty', 'floral']",cocoa;honey;musty;floral,True,False
2570,MOL_002307,Butyl isothiocyanate,4426-79-3,4426-79-3,True,True,CCC(C)N=C=S,CCC(C)N=C=S,True,"['pungent', 'horseradish']",pungent;horseradish,True,False
1281,MOL_002308,Isoleucine,443-79-8,443-79-8,True,True,CC[C@H](C)[C@@H](N)C(=O)O,CC[C@H](C)[C@@H](N)C(=O)O,True,['odorless'],odorless,True,False
1921,MOL_002309,Octahydrocoumarin,4430-31-3,4430-31-3,True,True,O=C1CCC2CCCCC2O1,O=C1CCC2CCCCC2O1,True,"['coumarinic', 'spicy', 'sweet', 'herbal']",coumarinic;spicy;sweet;herbal,True,False
3011,MOL_002310,Erucin,4430-36-8,4430-36-8,True,True,CSCCCCN=C=S,CSCCCCN=C=S,True,"['pungent', 'radish', 'cabbage']",pungent;radish;cabbage,True,False
2576,MOL_002311,Lesquerellin,4430-39-1,4430-39-1,True,True,CSCCCCCCN=C=S,CSCCCCCCN=C=S,True,"['radish', 'fatty', 'horseradish', 'pungent', 'sweet']",radish;fatty;horseradish;pungent;sweet,True,False
3012,MOL_002312,Berteroin,4430-42-6,4430-42-6,True,True,CSCCCCCN=C=S,CSCCCCCN=C=S,True,"['pungent', 'radish', 'cabbage']",pungent;radish;cabbage,True,False
2278,MOL_002313,Tetrahydropseudoionone,4433-36-7,4433-36-7,True,True,CC(=O)CCCC(C)CCC=C(C)C,CC(=O)CCCC(C)CCC=C(C)C,True,"['rose', 'woody', 'balsamic', 'floral', 'sweet']",rose;woody;balsamic;floral;sweet,True,False
212,MOL_002314,Bisfurfuryl disulfide,4437-20-1,4437-20-1,True,True,c1coc(CSSCc2ccco2)c1,c1coc(CSSCc2ccco2)c1,True,"['sulfurous', 'roasted', 'coffee', 'meaty']",sulfurous;roasted;coffee;meaty,True,False
528,MOL_002315,Difurfuryl ether,4437-22-3,4437-22-3,True,True,c1coc(COCc2ccco2)c1,c1coc(COCc2ccco2)c1,True,"['nutty', 'burnt', 'coffee']",nutty;burnt;coffee,True,False
1047,MOL_002316,Hexanedione,4437-51-8,4437-51-8,True,True,CCC(=O)C(=O)CC,CCC(=O)C(=O)CC,True,"['nutty', 'caramellic', 'buttery']",nutty;caramellic;buttery,True,False
1060,MOL_002317,Hexenal,4440-65-7,4440-65-7,True,True,CC/C=C/CC=O,CC/C=C/CC=O,True,"['grassy', 'apple', 'green', 'fresh', 'tomato', 'leafy', 'pungent']",grassy;apple;green;fresh;tomato;leafy;pungent,True,False
418,MOL_002318,Cyclohexylethanol,4442-79-9,4442-79-9,True,True,OCCC1CCCCC1,OCCC1CCCCC1,True,"['fresh', 'floral']",fresh;floral,True,False
3880,MOL_002319,"1,3-oxathiane, 2-ethyl-4,4-dimethyl-",444880-09-5,444880-09-5,True,True,CC1(C)CCOC(CC)S1,CCC1OCCC(C)(C)S1,True,"['herbal', 'black currant', 'mint', 'sulfurous', 'onion']",herbal;black currant;mint;sulfurous;onion,True,False
788,MOL_002320,Ethyl methylthioacetate,4455-13-4,4455-13-4,True,True,CCOC(=O)CSC,CCOC(=O)CSC,True,"['radish', 'green', 'fruity', 'tropical', 'onion', 'sulfurous']",radish;green;fruity;tropical;onion;sulfurous,True,False
2614,MOL_002321,Butyraldehyde dimethyl acetal,4461-87-4,4461-87-4,True,True,CCCC(OC)OC,CCCC(OC)OC,True,"['alcoholic', 'ethereal', 'green', 'fermented', 'fresh', 'cognac']",alcoholic;ethereal;green;fermented;fresh;cognac,True,False
305,MOL_002322,Butylfuran,4466-24-4,4466-24-4,True,True,CCCCc1ccco1,CCCCc1ccco1,True,"['spicy', 'nutty', 'burnt', 'vegetable', 'musty']",spicy;nutty;burnt;vegetable;musty,True,False
1884,MOL_002323,Nonanone,4485-09-0,4485-09-0,True,True,CCCCCC(=O)CCC,CCCCCC(=O)CCC,True,"['grassy', 'green', 'fruity', 'oily', 'herbal']",grassy;green;fruity;oily;herbal,True,False
1485,MOL_002324,Methyl decadienoate,4493-42-9,4493-42-9,True,True,CCCCC/C=C\C=C\C(=O)OC,CCCCC/C=C\C=C\C(=O)OC,True,['pear'],pear,True,False
2985,MOL_002325,Methylbenzyl mercaptan,4498-99-1,4498-99-1,True,True,Cc1ccc(CS)cc1,Cc1ccc(CS)cc1,True,"['sulfurous', 'burnt', 'garlic', 'savory']",sulfurous;burnt;garlic;savory,True,False
2802,MOL_002326,Isopropyl sorbate,44987-75-9,44987-75-9,True,True,C/C=C/C=C/C(=O)OC(C)C,C/C=C/C=C/C(=O)OC(C)C,True,"['green', 'fruity', 'tropical']",green;fruity;tropical,True,False
886,MOL_002327,Ethylthiophenol,4500-58-7,4500-58-7,True,True,CCc1ccccc1S,CCc1ccccc1S,True,"['alliaceous', 'smoky', 'meaty', 'roasted']",alliaceous;smoky;meaty;roasted,True,False
325,MOL_002328,Campholenic aldehyde,4501-58-0,4501-58-0,True,True,CC(=O)C1CC=C(C)C1(C)C,CC(=O)C1CC=C(C)C1(C)C,True,"['pine', 'fatty', 'camphoreous', 'herbal', 'woody', 'sweet']",pine;fatty;camphoreous;herbal;woody;sweet,True,False
1710,MOL_002329,Methylnonanoic acid,45019-28-1,45019-28-1,True,True,CCCCC[C@@H](C)CCC(=O)O,CCCCC[C@@H](C)CCC(=O)O,True,"['fatty', 'milky', 'dairy']",fatty;milky;dairy,True,False
1612,MOL_002330,Methylbutenol,4516-90-9,4516-90-9,True,True,C=CC(C)CO,C=CC(C)CO,True,"['fermented', 'fruity', 'fresh', 'herbal']",fermented;fruity;fresh;herbal,True,False
230,MOL_002331,Butanedithiol,4532-64-3,4532-64-3,True,True,CC(S)C(C)S,CC(S)C(C)S,True,"['roasted', 'meaty', 'fatty', 'sulfurous', 'beefy']",roasted;meaty;fatty;sulfurous;beefy,True,False
1684,MOL_002332,Methylhexanoic acid,4536-23-6,4536-23-6,True,True,CCCC[C@@H](C)C(=O)O,CCCC[C@@H](C)C(=O)O,True,"['fatty', 'fruity', 'sour', 'cheesy']",fatty;fruity;sour;cheesy,True,False
2562,MOL_002333,Piperitone,4573-50-6,4573-50-6,True,True,CC1=CC(=O)[C@@H](C(C)C)CC1,CC1=CC(=O)[C@@H](C(C)C)CC1,True,"['herbal', 'mint']",herbal;mint,True,False
1160,MOL_002334,Hydroxymethoxycinnamaldehyde,458-36-6,458-36-6,True,True,COc1cc(/C=C/C=O)ccc1O,COc1cc(/C=C/C=O)ccc1O,True,"['spicy', 'vanilla', 'balsamic', 'cinnamon']",spicy;vanilla;balsamic;cinnamon,True,False
3194,MOL_002335,Caryophyllene alcohol,4586-22-5,4586-22-5,True,True,CC1(C)CC2C3CCCC(C)(C3O)C2C1,CC1(C)CC2C3CCCC(C)(C3O)C2C1,True,"['woody', 'balsamic']",woody;balsamic,True,False
943,MOL_002336,Geranic acid,459-80-3,459-80-3,True,True,CC(C)=CCC/C(C)=C/C(=O)O,CC(C)=CCC/C(C)=C/C(=O)O,True,"['citrus', 'green', 'fruity', 'fresh', 'herbal', 'woody', 'floral']",citrus;green;fruity;fresh;herbal;woody;floral,True,False
899,MOL_002337,Farnesol,4602-84-0,4602-84-0,True,True,CC(C)=CCC/C(C)=C/CC/C(C)=C/CO,CC(C)=CCC/C(C)=C/CC/C(C)=C/CO,True,"['oily', 'floral', 'sweet']",oily;floral;sweet,True,False
2185,MOL_002338,Propyl phenylacetate,4606-15-9,4606-15-9,True,True,CCCOC(=O)Cc1ccccc1,CCCOC(=O)Cc1ccccc1,True,"['honey', 'rose', 'apricot']",honey;rose;apricot,True,False
497,MOL_002339,Diethoxymethane,462-95-3,462-95-3,True,True,CCOCOCC,CCOCOCC,True,"['sweet', 'ethereal']",sweet;ethereal,True,False
1327,MOL_002340,Isopropylcyclohexanol,4621-04-9,4621-04-9,True,True,CC(C)C1CCC(O)CC1,CC(C)C1CCC(O)CC1,True,"['floral', 'rose']",floral;rose,True,False
3881,MOL_002341,laitone,4625-90-5,4625-90-5,True,True,CC(C)C1CCC2(CC1)CCC(=O)O2,CC(C)C1CCC2(CCC(=O)O2)CC1,True,"['woody', 'herbal', 'vegetable', 'milky']",woody;herbal;vegetable;milky,True,False
1380,MOL_002342,Linolenic acid,463-40-1,463-40-1,True,True,CC/C=C/C/C=C/C/C=C/CCCCCCCC(=O)O,CC/C=C/C/C=C/C/C=C/CCCCCCCC(=O)O,True,['fatty'],fatty,True,False
2398,MOL_002343,Valencene,4630-07-3,4630-07-3,True,True,C=C(C)C1CCC2=CCCC(C)C2(C)C1,C=C(C)C1CCC2=CCCC(C)C2(C)C1,True,"['gasoline', 'orange', 'citrus']",gasoline;orange;citrus,True,False
1484,MOL_002344,Methyl cyclohexanecarboxylate,4630-82-4,4630-82-4,True,True,COC(=O)C1CCCCC1,COC(=O)C1CCCCC1,True,"['fruity', 'milky', 'berry', 'floral', 'sweet']",fruity;milky;berry;floral;sweet,True,False
585,MOL_002345,Dimethylbutanol,464-07-3,464-07-3,True,True,CC(O)C(C)(C)C,CC(O)C(C)(C)C,True,"['fermented', 'camphoreous']",fermented;camphoreous,True,False
3164,MOL_002346,Borneol,464-43-7,464-43-7,True,True,CC1(C)C2CCC1(C)[C@@H](O)C2,CC1(C)C2CCC1(C)[C@@H](O)C2,True,"['sharp', 'camphoreous', 'woody', 'mint']",sharp;camphoreous;woody;mint,True,False
3882,MOL_002347,laevo-borneol,464-45-9,464-45-9,True,True,CC1([C@@H]2CC[C@@]1([C@@H](C2)O)C)C,CC1(C)[C@@H]2CC[C@]1(C)[C@H](O)C2,True,"['pine', 'woody', 'camphoreous', 'spicy']",pine;woody;camphoreous;spicy,True,False
3883,MOL_002348,laevo-camphor,464-48-2,464-48-2,True,True,C[C@]12CCC(C1(C)C)CC2=O,CC1(C)C2CC[C@]1(C)C(=O)C2,True,['camphoreous'],camphoreous,True,False
326,MOL_002349,Camphor,464-49-3,464-49-3,True,True,CC1(C)[C@H]2CC[C@@]1(C)C(=O)C2,CC1(C)[C@H]2CC[C@@]1(C)C(=O)C2,True,"['fresh', 'camphoreous', 'mint']",fresh;camphoreous;mint,True,False
1009,MOL_002350,Heptenone,4643-25-8,4643-25-8,True,True,C/C=C/C(=O)CCC,C/C=C/C(=O)CCC,True,"['citrus', 'earthy', 'nutty', 'herbal', 'pungent']",citrus;earthy;nutty;herbal;pungent,True,False
1949,MOL_002351,Octenone,4643-27-0,4643-27-0,True,True,C/C=C/C(=O)CCCC,C/C=C/C(=O)CCCC,True,"['green', 'fruity', 'tropical', 'pineapple', 'vegetable', 'sweet']",green;fruity;tropical;pineapple;vegetable;sweet,True,False
3884,MOL_002352,longiborneol,465-24-7,465-24-7,True,True,CC1(CCCC2(C3C1[C@@H](C2(CC3)C)O)C)C,CC1(C)CCCC2(C)C3CCC2(C)[C@@H](O)C31,True,"['musty', 'woody']",musty;woody,True,False
3885,MOL_002353,camphene hydrate,465-31-6,465-31-6,True,True,CC1(C2CCC(C2)C1(C)O)C,CC1(C)C2CCC(C2)C1(C)O,True,"['mint', 'musty', 'camphoreous']",mint;musty;camphoreous,True,False
2830,MOL_002354,Methylbutyl cinnamate,4654-29-9,4654-29-9,True,True,CCC(C)COC(=O)/C=C/c1ccccc1,CCC(C)COC(=O)/C=C/c1ccccc1,True,"['fruity', 'cocoa', 'berry', 'balsamic', 'floral', 'sweet']",fruity;cocoa;berry;balsamic;floral;sweet,True,False
2200,MOL_002355,Propylpyridine,4673-31-8,4673-31-8,True,True,CCCc1cccnc1,CCCc1cccnc1,True,"['burnt', 'woody', 'musty', 'sweet']",burnt;woody;musty;sweet,True,False
1909,MOL_002356,Nootkatone,4674-50-4,4674-50-4,True,True,C=C(C)C1CCC2=CC(=O)CC(C)C2(C)C1,C=C(C)C1CCC2=CC(=O)CC(C)C2(C)C1,True,"['grapefruit', 'citrus']",grapefruit;citrus,True,False
1611,MOL_002357,Methylbutenol,4675-87-0,4675-87-0,True,True,C/C=C(\C)CO,C/C=C(\C)CO,True,"['alcoholic', 'green', 'fruity', 'earthy', 'herbal', 'winey']",alcoholic;green;fruity;earthy;herbal;winey,True,False
349,MOL_002358,Cedrene,469-61-4,469-61-4,True,True,CC1=CC[C@@]23CC1C(C)(C)[C@@H]2CC[C@H]3C,CC1=CC[C@@]23CC1C(C)(C)[C@@H]2CC[C@H]3C,True,"['fatty', 'tea', 'woody', 'sweet', 'dry']",fatty;tea;woody;sweet;dry,True,False
903,MOL_002359,Fenchone,4695-62-9,4695-62-9,True,True,CC1(C)C(=O)[C@@]2(C)CC[C@@H]1C2,CC1(C)C(=O)[C@@]2(C)CC[C@@H]1C2,True,"['camphoreous', 'sweet', 'mint']",camphoreous;sweet;mint,True,False
2990,MOL_002360,Thujopsene,470-40-6,470-40-6,True,True,CC1=CC[C@]2(C)CCCC(C)(C)[C@@]23C[C@@H]13,CC1=CC[C@]2(C)CCCC(C)(C)[C@@]23C[C@@H]13,True,"['woody', 'spicy', 'dry']",woody;spicy;dry,True,False
355,MOL_002361,Cineole,470-67-7,470-67-7,True,True,CC(C)C12CCC(C)(CC1)O2,CC(C)C12CCC(C)(CC1)O2,True,"['pine', 'fresh', 'camphoreous']",pine;fresh;camphoreous,True,False
889,MOL_002362,Eucalyptol,470-82-6,470-82-6,True,True,CC12CCC(CC1)C(C)(C)O2,CC12CCC(CC1)C(C)(C)O2,True,"['camphoreous', 'fresh']",camphoreous;fresh,True,False
1491,MOL_002363,Methyl dihydroxydimethylbenzoate,4707-47-5,4707-47-5,True,True,COC(=O)c1c(C)cc(O)c(C)c1O,COC(=O)c1c(C)cc(O)c(C)c1O,True,"['woody', 'earthy']",woody;earthy,True,False
3886,MOL_002364,alpha-fenchene,471-84-1,471-84-1,True,True,CC1(C2CCC1C(=C)C2)C,C=C1CC2CCC1C2(C)C,True,['camphoreous'],camphoreous,True,False
2351,MOL_002365,Trimethylcyclohexenacetaldehyde,472-66-2,472-66-2,True,True,CC1=C(CC=O)C(C)(C)CCC1,CC1=C(CC=O)C(C)(C)CCC1,True,"['tea', 'tobacco', 'fruity', 'sweet']",tea;tobacco;fruity;sweet,True,False
343,MOL_002366,Caryophyllene alcohol,472-97-9,472-97-9,True,True,CC12CCCC(O)(C1)C1CC(C)(C)C1CC2,CC12CCCC(O)(C1)C1CC(C)(C)C1CC2,True,"['spicy', 'warm', 'woody', 'dry']",spicy;warm;woody;dry,True,False
84,MOL_002367,Allyl cyclohexaneacetate,4728-82-9,4728-82-9,True,True,C=CCOC(=O)CC1CCCCC1,C=CCOC(=O)CC1CCCCC1,True,"['fruity', 'sweet']",fruity;sweet,True,False
3887,MOL_002368,ambrein,473-03-0,473-03-0,True,True,C/C(=C\CCC1[C@]2(CCCC(C2CC[C@@]1(C)O)(C)C)C)/CC[C@@H]3C(=C)CCCC3(C)C,C=C1CCCC(C)(C)[C@@H]1CC/C(C)=C/CCC1[C@@]2(C)CCCC(C)(C)C2CC[C@@]1(C)O,True,"['musk', 'balsamic', 'woody']",musk;balsamic;woody,True,False
3888,MOL_002369,beta-eudesmol,473-15-4,473-15-4,True,True,C[C@]12CCCC(=C)[C@@H]1C[C@@H](CC2)C(C)(C)O,C=C1CCC[C@]2(C)CC[C@@H](C(C)(C)O)C[C@@H]12,True,"['woody', 'green']",woody;green,True,False
3889,MOL_002370,(+)-isopinocamphone,473-62-1,473-62-1,True,True,O=C1[C@@H]([C@H]2C[C@H](C1)C2(C)C)C,C[C@H]1C(=O)C[C@H]2C[C@H]1C2(C)C,True,"['camphoreous', 'pine']",camphoreous;pine,True,False
2414,MOL_002371,Verbenol,473-67-6,473-67-6,True,True,CC1=CC(O)C2CC1C2(C)C,CC1=CC(O)C2CC1C2(C)C,True,"['spicy', 'mint', 'camphoreous', 'sweet']",spicy;mint;camphoreous;sweet,True,False
331,MOL_002372,Carvacryl ethyl ether,4732-13-2,4732-13-2,True,True,CCOc1cc(C(C)C)ccc1C,CCOc1cc(C(C)C)ccc1C,True,"['spicy', 'earthy', 'herbal']",spicy;earthy;herbal,True,False
3167,MOL_002373,Mercaptooctanal,473438-39-0,473438-39-0,True,True,CCCCCCC(S)C=O,CCCCCCC(S)C=O,True,"['citrus', 'green', 'fruity', 'fresh', 'grapefruit']",citrus;green;fruity;fresh;grapefruit,True,False
2137,MOL_002374,Propanal diethyl acetal,4744-08-5,4744-08-5,True,True,CCOC(CC)OCC,CCOC(CC)OCC,True,"['apple', 'ethereal', 'fruity', 'brandy', 'cognac']",apple;ethereal;fruity;brandy;cognac,True,False
2138,MOL_002375,Propanal dimethyl acetal,4744-10-9,4744-10-9,True,True,CCC(OC)OC,CCC(OC)OC,True,"['ethereal', 'fruity', 'brandy', 'cognac']",ethereal;fruity;brandy;cognac,True,False
1121,MOL_002376,Hexyl methyl ether,4747-07-3,4747-07-3,True,True,CCCCCCOC,CCCCCCOC,True,"['green', 'banana', 'pear', 'herbal', 'floral', 'sweet']",green;banana;pear;herbal;floral;sweet,True,False
835,MOL_002377,Ethylbenzaldehyde,4748-78-1,4748-78-1,True,True,CCc1ccc(C=O)cc1,CCc1ccc(C=O)cc1,True,"['green', 'almond', 'herbal', 'anisic', 'cherry']",green;almond;herbal;anisic;cherry,True,False
1177,MOL_002378,Ionene,475-03-6,475-03-6,True,True,Cc1ccc2c(c1)CCCC2(C)C,Cc1ccc2c(c1)CCCC2(C)C,True,"['woody', 'camphoreous']",woody;camphoreous,True,False
1381,MOL_002379,Longifolene,475-20-7,475-20-7,True,True,C=C1C2CCC3C2C(C)(C)CCCC13C,C=C1C2CCC3C2C(C)(C)CCCC13C,True,"['woody', 'camphoreous', 'sweet']",woody;camphoreous;sweet,True,False
3890,MOL_002380,musk F,4755-83-3,4755-83-3,True,True,O=C(c1ccc2c(c1)C(C(C2(C)C)C)(C)C)C,CC(=O)c1ccc2c(c1)C(C)(C)C(C)C2(C)C,True,['musk'],musk,True,False
3891,MOL_002381,serenolide,477218-42-1,477218-42-1,True,True,CC(C1CCCC(C1)(C)C)OC(C)(C)COC(=O)C2CC2,CC(OC(C)(C)COC(=O)C1CC1)C1CCCC(C)(C)C1,True,['musk'],musk,True,False
3892,MOL_002382,applelide (IFF),478695-70-4,478695-70-4,True,True,CCOC(=O)CC(=O)OC(C)C1CCCC(C1)(C)C,CCOC(=O)CC(=O)OC(C)C1CCCC(C)(C)C1,True,"['orris', 'creamy', 'warm', 'musk', 'fresh', 'fruity', 'apple']",orris;creamy;warm;musk;fresh;fruity;apple,True,False
2565,MOL_002383,Trimethylnonadienol,479547-57-4,479547-57-4,True,True,CCCCCC=C(C)C(C)=C(C)O,CCCCCC=C(C)C(C)=C(C)O,True,"['pine', 'earthy', 'melon', 'herbal']",pine;earthy;melon;herbal,True,False
1065,MOL_002384,Hexenol,4798-44-1,4798-44-1,True,True,C=CC(O)CCC,C=CC(O)CCC,True,"['ethereal', 'rum']",ethereal;rum,True,False
1943,MOL_002385,Octenol,4798-61-2,4798-61-2,True,True,C/C=C/C(O)CCCC,C/C=C/C(O)CCCC,True,"['apple', 'fruity', 'pear', 'cherry']",apple;fruity;pear;cherry,True,False
3893,MOL_002386,alpha-cadinol,481-34-5,481-34-5,True,True,CC1=C[C@H]2[C@@H](CC[C@@](C2CC1)(C)O)C(C)C,CC1=C[C@@H]2C(CC1)[C@](C)(O)CC[C@H]2C(C)C,True,"['herbal', 'woody']",herbal;woody,True,False
3894,MOL_002387,2-pentyl cyclopentanone,4819-67-4,4819-67-4,True,True,CCCCCC1CCCC1=O,CCCCCC1CCCC1=O,True,"['coconut', 'jasmine', 'oily', 'rose', 'leafy', 'green', 'herbal']",coconut;jasmine;oily;rose;leafy;green;herbal,True,False
683,MOL_002388,Dodecenal,4826-62-4,4826-62-4,True,True,CCCCCCCCC/C=C\C=O,CCCCCCCCC/C=C\C=O,True,"['citrus', 'fatty', 'orange']",citrus;fatty;orange,True,False
3895,MOL_002389,"1,3-dithiolane",4829-04-3,4829-04-3,True,True,S1CCSC1,C1CSCS1,True,"['sweet', 'sulfurous', 'onion']",sweet;sulfurous;onion,True,False
320,MOL_002390,Cadinene,483-76-1,483-76-1,True,True,CC1=CC2C(=C(C)CCC2C(C)C)CC1,CC1=CC2C(=C(C)CCC2C(C)C)CC1,True,"['woody', 'burnt', 'dry']",woody;burnt;dry,True,False
3896,MOL_002391,osthol,484-12-8,484-12-8,True,True,CC(=CCC1=C(C=CC2=C1OC(=O)C=C2)OC)C,COc1ccc2ccc(=O)oc2c1CC=C(C)C,True,"['dry', 'musty', 'herbal']",dry;musty;herbal,True,False
3897,MOL_002392,dillapiol (dill),484-31-1,484-31-1,True,True,COC1=C(C2=C(C=C1CC=C)OCO2)OC,C=CCc1cc2c(c(OC)c1OC)OCO2,True,"['woody', 'spicy']",woody;spicy,True,False
2018,MOL_002393,Pentylthiophene,4861-58-9,4861-58-9,True,True,CCCCCc1cccs1,CCCCCc1cccs1,True,"['fruity', 'tropical', 'savory', 'sulfurous', 'mushroom', 'cheesy']",fruity;tropical;savory;sulfurous;mushroom;cheesy,True,False
1320,MOL_002394,Isopropyl phenylacetate,4861-85-2,4861-85-2,True,True,CC(C)OC(=O)Cc1ccccc1,CC(C)OC(=O)Cc1ccccc1,True,"['rose', 'honey', 'winey', 'floral', 'sweet', 'chocolate']",rose;honey;winey;floral;sweet;chocolate,True,False
1958,MOL_002395,Octyl acetate,4864-61-3,4864-61-3,True,True,CCCCCC(CC)OC(C)=O,CCCCCC(CC)OC(C)=O,True,"['rose', 'citrus', 'green', 'waxy', 'floral', 'mint']",rose;citrus;green;waxy;floral;mint,True,False
3201,MOL_002396,Elemicin,487-11-6,487-11-6,True,True,C=CCc1cc(OC)c(OC)c(OC)c1,C=CCc1cc(OC)c(OC)c(OC)c1,True,"['woody', 'spicy', 'floral', 'sweet']",woody;spicy;floral;sweet,True,False
1352,MOL_002397,Jasmone,488-10-8,488-10-8,True,True,CC/C=C\CC1=C(C)CCC1=O,CC/C=C\CC1=C(C)CCC1=O,True,"['fruity', 'floral', 'jasmine']",fruity;floral;jasmine,True,False
2916,MOL_002398,Hydroxymethylpentanoic acid,488-15-3,488-15-3,True,True,CCC(C)C(O)C(=O)O,CCC(C)C(O)C(=O)O,True,"['buttery', 'fruity', 'cheesy', 'creamy']",buttery;fruity;cheesy;creamy,True,False
1159,MOL_002399,Hydroxyisophorone,4883-60-7,4883-60-7,True,True,C[C@@H]1CC(C)(C)CC(=O)C1=O,C[C@@H]1CC(C)(C)CC(=O)C1=O,True,"['tea', 'caramellic', 'musty', 'sweet']",tea;caramellic;musty;sweet,True,False
2893,MOL_002400,Cyclopentylcyclopentanone,4884-24-6,4884-24-6,True,True,O=C1CCCC1C1CCCC1,O=C1CCCC1C1CCCC1,True,"['green', 'fruity', 'fresh', 'jasmine', 'mint']",green;fruity;fresh;jasmine;mint,True,False
1964,MOL_002401,Octyl hexanoate,4887-30-3,4887-30-3,True,True,CCCCCCCCOC(=O)CCCCC,CCCCCCCCOC(=O)CCCCC,True,"['green', 'oily', 'fruity', 'sweet']",green;oily;fruity;sweet,True,False
3898,MOL_002402,alpha-gurjunene,489-40-7,489-40-7,True,True,C[C@@H]1CC[C@@H]2[C@@H](C2(C)C)C3=C(CCC13)C,CC1=C2C(CC1)[C@H](C)CC[C@@H]1[C@H]2C1(C)C,True,"['woody', 'balsamic']",woody;balsamic,True,False
2465,MOL_002403,Diosphenol,490-03-9,490-03-9,True,True,CC1=C(O)C(=O)C(C(C)C)CC1,CC1=C(O)C(=O)C(C(C)C)CC1,True,"['herbal', 'camphoreous', 'mint']",herbal;camphoreous;mint,True,False
41,MOL_002404,Acetoxybutanone,4906-24-5,4906-24-5,True,True,CCC(=O)COC(C)=O,CCC(=O)COC(C)=O,True,"['creamy', 'fruity', 'nutty', 'grape', 'winey', 'buttery']",creamy;fruity;nutty;grape;winey;buttery,True,False
3899,MOL_002405,neoisomenthol,491-02-1,491-02-1,True,True,CC1CCC(C(C1)O)C(C)C,CC1CCC(C(C)C)C(O)C1,True,['mint'],mint,True,False
2118,MOL_002406,Piperitol,491-04-3,491-04-3,True,True,CC1=CC(O)C(C(C)C)CC1,CC1=CC(O)C(C(C)C)CC1,True,"['musty', 'sour', 'mint']",musty;sour;mint,True,False
3900,MOL_002407,(±)-isomenthone,491-07-6,491-07-6,True,True,CC1CCC(C(=O)C1)C(C)C,CC1CCC(C(C)C)C(=O)C1,True,"['mint', 'sweet', 'camphoreous', 'ethereal']",mint;sweet;camphoreous;ethereal,True,False
2117,MOL_002408,Piperitenone,491-09-8,491-09-8,True,True,CC1=CC(=O)C(=C(C)C)CC1,CC1=CC(=O)C(=C(C)C)CC1,True,"['herbal', 'sharp', 'mint']",herbal;sharp;mint,True,False
1771,MOL_002409,Methylquinoline,491-35-0,491-35-0,True,True,Cc1ccnc2ccccc12,Cc1ccnc2ccccc12,True,"['green', 'oily', 'burnt', 'animal', 'musty', 'floral']",green;oily;burnt;animal;musty;floral,True,False
2089,MOL_002410,Phenylpropionic acid,492-37-5,492-37-5,True,True,CC(C(=O)O)c1ccccc1,CC(C(=O)O)c1ccccc1,True,"['honey', 'floral', 'sweet']",honey;floral;sweet,True,False
3901,MOL_002411,pepper hexanone,4927-36-0,4927-36-0,True,True,CCC(=O)CC(C)(C)C1=CC=CC=C1,CCC(=O)CC(C)(C)c1ccccc1,True,"['spicy', 'woody', 'rose', 'floral']",spicy;woody;rose;floral,True,False
3902,MOL_002412,vetiver pentanone,4927-39-3,4927-39-3,True,True,CC(=O)CC(C)(C)C1CCCCC1,CC(=O)CC(C)(C)C1CCCCC1,True,"['floral', 'woody', 'waxy']",floral;woody;waxy,True,False
1006,MOL_002413,Heptenol,4938-52-7,4938-52-7,True,True,C=CC(O)CCCC,C=CC(O)CCCC,True,"['green', 'earthy', 'fruity', 'cheesy', 'vegetable', 'sweet', 'mushroom', 'buttery']",green;earthy;fruity;cheesy;vegetable;sweet;mushroom;buttery,True,False
3903,MOL_002414,glucovanillin,494-08-6,494-08-6,True,True,COC1=C(C=CC(=C1)C=O)O[C@H]2[C@@H]([C@H]([C@@H]([C@H](O2)CO)O)O)O,COc1cc(C=O)ccc1O[C@@H]1O[C@H](CO)[C@@H](O)[C@H](O)[C@H]1O,True,['vanilla'],vanilla,True,False
1397,MOL_002415,Menthofuran,494-90-6,494-90-6,True,True,Cc1coc2c1CC[C@@H](C)C2,Cc1coc2c1CC[C@@H](C)C2,True,"['hay', 'herbal', 'musty', 'sweet', 'mint']",hay;herbal;musty;sweet;mint,True,False
771,MOL_002416,Ethyl maltol,4940-11-8,4940-11-8,True,True,CCc1occc(=O)c1O,CCc1occc(=O)c1O,True,"['caramellic', 'fruity', 'sweet']",caramellic;fruity;sweet,True,False
3904,MOL_002417,(E)-13-musk decenone,4941-78-0,4941-78-0,True,True,C1CCCCCC(=O)OCC/C=C/CCCC1,O=C1CCCCCCCCCC/C=C/CCO1,True,['musk'],musk,True,False
3905,MOL_002418,cis-2-pinanol,4948-28-1,4948-28-1,True,True,C[C@@]1(CC[C@H]2C[C@@H]1C2(C)C)O,CC1(C)[C@H]2CC[C@](C)(O)[C@@H]1C2,True,"['pine', 'woody', 'camphoreous', 'balsamic']",pine;woody;camphoreous;balsamic,True,False
2065,MOL_002419,Phenylbutanone,495-40-9,495-40-9,True,True,CCCC(=O)c1ccccc1,CCCC(=O)c1ccccc1,True,"['creamy', 'fruity', 'vanilla', 'nutty', 'floral', 'sweet', 'buttery']",creamy;fruity;vanilla;nutty;floral;sweet;buttery,True,False
3906,MOL_002420,alpha-zingiberene,495-60-3,495-60-3,True,True,CC1=CC[C@@H](C=C1)[C@@H](C)CCC=C(C)C,CC(C)=CCC[C@H](C)[C@@H]1C=CC(C)=CC1,True,"['spicy', 'fresh', 'sharp']",spicy;fresh;sharp,True,False
208,MOL_002421,Bisabolene,495-61-4,495-61-4,True,True,C=C(CCC=C(C)C)[C@H]1CC=C(C)CC1,C=C(CCC=C(C)C)[C@H]1CC=C(C)CC1,True,"['citrus', 'tropical', 'woody', 'balsamic', 'floral', 'sweet']",citrus;tropical;woody;balsamic;floral;sweet,True,False
206,MOL_002422,Bisabolene,495-62-5,495-62-5,True,True,CC(C)=CCC/C(C)=C1\CC=C(C)CC1,CC(C)=CCC/C(C)=C1\CC=C(C)CC1,True,"['citrus', 'fruity', 'tropical', 'woody', 'balsamic', 'floral', 'sweet']",citrus;fruity;tropical;woody;balsamic;floral;sweet,True,False
2122,MOL_002423,Piperonyl alcohol,495-76-1,495-76-1,True,True,OCc1ccc2c(c1)OCO2,OCc1ccc2c(c1)OCO2,True,"['vanilla', 'sweet']",vanilla;sweet,True,False
2810,MOL_002424,Menthyl propionate,4951-48-8,4951-48-8,True,True,CCC(=O)O[C@@H]1C[C@H](C)CC[C@H]1C(C)C,CCC(=O)O[C@@H]1C[C@H](C)CC[C@H]1C(C)C,True,"['fruity', 'fresh', 'herbal', 'floral', 'sweet', 'mint']",fruity;fresh;herbal;floral;sweet;mint,True,False
1714,MOL_002425,Methyloctenal,49576-57-0,49576-57-0,True,True,CCCCC/C=C(\C)C=O,CCCCC/C=C(\C)C=O,True,"['citrus', 'green', 'fruity', 'fatty', 'aldehydic', 'waxy']",citrus;green;fruity;fatty;aldehydic;waxy,True,False
3017,MOL_002426,Dihydrobenzofuran,496-16-2,496-16-2,True,True,c1ccc2c(c1)CCO2,c1ccc2c(c1)CCO2,True,"['phenolic', 'aromatic', 'gasoline', 'sweet']",phenolic;aromatic;gasoline;sweet,True,False
3269,MOL_002427,Hydroxypyrone,496-64-0,496-64-0,True,True,O=c1occcc1O,O=c1occcc1O,True,"['fruity', 'caramellic']",fruity;caramellic,True,False
1170,MOL_002428,Hydroxyoctanone,496-77-5,496-77-5,True,True,CCCC(=O)C(O)CCC,CCCC(=O)C(O)CCC,True,"['nutty', 'pungent', 'sweet', 'buttery']",nutty;pungent;sweet;buttery,True,False
3907,MOL_002429,"2,4,5-trimethyl phenol",496-78-6,496-78-6,True,True,CC1=CC(=C(C=C1C)O)C,Cc1cc(C)c(O)cc1C,True,['phenolic'],phenolic,True,False
1608,MOL_002430,Methylbutenal,497-03-0,497-03-0,True,True,C/C=C(\C)C=O,C/C=C(\C)C=O,True,"['green', 'fruity', 'almond', 'herbal']",green;fruity;almond;herbal,True,False
241,MOL_002431,Hydroxybutenoic acid gamma-lactone,497-23-4,497-23-4,True,True,O=C1C=CCO1,O=C1C=CCO1,True,"['winey', 'sharp', 'sweet', 'burnt']",winey;sharp;sweet;burnt,True,False
783,MOL_002432,Ethyl methylmethylthiopropionate,49773-24-2,49773-24-2,True,True,CCOC(=O)C(C)(C)SC,CCOC(=O)C(C)(C)SC,True,"['green', 'sulfurous', 'fruity', 'tropical']",green;sulfurous;fruity;tropical,True,False
2571,MOL_002433,Hexenyl isothiocyanate,49776-81-0,49776-81-0,True,True,C=CCCCCN=C=S,C=CCCCCN=C=S,True,"['green', 'fatty', 'pungent']",green;fatty;pungent,True,False
2409,MOL_002434,Vanillyl alcohol,498-00-0,498-00-0,True,True,COc1cc(CO)ccc1O,COc1cc(CO)ccc1O,True,"['creamy', 'vanilla', 'milky', 'balsamic', 'sweet']",creamy;vanilla;milky;balsamic;sweet,True,False
40,MOL_002435,Acetovanillone,498-02-2,498-02-2,True,True,COc1cc(C(C)=O)ccc1O,COc1cc(C(C)=O)ccc1O,True,['sweet'],sweet,True,False
1356,MOL_002436,Lavandulol,498-16-8,498-16-8,True,True,C=C(C)[C@H](CO)CC=C(C)C,C=C(C)[C@H](CO)CC=C(C)C,True,"['spicy', 'rose', 'citrus', 'warm', 'herbal']",spicy;rose;citrus;warm;herbal,True,False
1169,MOL_002437,Hydroxymethylpentanoic acid,498-36-2,498-36-2,True,True,CC(C)CC(O)C(=O)O,CC(C)CC(O)C(=O)O,True,"['fruity', 'milky', 'dairy', 'cheesy']",fruity;milky;dairy;cheesy,True,False
3007,MOL_002438,Thiophenaldehyde,498-62-4,498-62-4,True,True,O=Cc1ccsc1,O=Cc1ccsc1,True,"['almond', 'roasted']",almond;roasted,True,False
549,MOL_002439,Dihydroterpineol,498-81-7,498-81-7,True,True,CC1CCC(C(C)(C)O)CC1,CC1CCC(C(C)(C)O)CC1,True,"['pine', 'floral']",pine;floral,True,False
3908,MOL_002440,"3,7-dimethyl-1-octene",4984-01-4,4984-01-4,True,True,CC(C)CCCC(C)C=C,C=CC(C)CCCC(C)C,True,"['woody', 'pine', 'herbal']",woody;pine;herbal,True,False
1158,MOL_002441,Hydroxyhexanone,4984-85-4,4984-85-4,True,True,CCC(=O)C(O)CC,CCC(=O)C(O)CC,True,"['caramellic', 'dairy', 'buttery']",caramellic;dairy;buttery,True,False
74,MOL_002442,Aconitic acid,499-12-7,499-12-7,True,True,O=C(O)/C=C(\CC(=O)O)C(=O)O,O=C(O)/C=C(\CC(=O)O)C(=O)O,True,['odorless'],odorless,True,False
2931,MOL_002443,Hinokitiol,499-44-5,499-44-5,True,True,CC(C)c1cccc(O)c(=O)c1,CC(C)c1cccc(O)c(=O)c1,True,"['woody', 'phenolic']",woody;phenolic,True,False
1156,MOL_002444,Hydroxydimethyloctanoic acid lactone,499-54-7,499-54-7,True,True,CC1CCC(C(C)C)OC(=O)C1,CC1CCC(C(C)C)OC(=O)C1,True,['caramellic'],caramellic,True,False
335,MOL_002445,Carvomenthol,499-69-4,499-69-4,True,True,CC(C)[C@@H]1CC[C@@H](C)[C@H](O)C1,CC(C)[C@@H]1CC[C@@H](C)[C@H](O)C1,True,"['herbal', 'mint']",herbal;mint,True,False
336,MOL_002446,Carvomenthone,499-70-7,499-70-7,True,True,CC1CCC(C(C)C)CC1=O,CC1CCC(C(C)C)CC1=O,True,['mint'],mint,True,False
3909,MOL_002447,carvotan acetone,499-71-8,499-71-8,True,True,CC1=CCC(CC1=O)C(C)C,CC1=CCC(C(C)C)CC1=O,True,['mint'],mint,True,False
3910,MOL_002448,carvenone,499-74-1,499-74-1,True,True,CC1CCC(=CC1=O)C(C)C,CC(C)C1=CC(=O)C(C)CC1,True,['mint'],mint,True,False
329,MOL_002449,Carvacrol,499-75-2,499-75-2,True,True,Cc1ccc(C(C)C)cc1O,Cc1ccc(C(C)C)cc1O,True,"['smoky', 'herbal', 'phenolic', 'medicinal']",smoky;herbal;phenolic;medicinal,True,False
3911,MOL_002450,amyl 2-furoate,4996-48-9,4996-48-9,True,True,CCCCCOC(=O)C1=CC=CO1,CCCCCOC(=O)c1ccco1,True,"['caramellic', 'winey', 'herbal']",caramellic;winey;herbal,True,False
1355,MOL_002451,Lactic acid,50-21-5,50-21-5,True,True,CC(O)C(=O)O,CC(O)C(=O)O,True,"['sour', 'buttery']",sour;buttery,True,False
2245,MOL_002452,Sorbitol,50-70-4,50-70-4,True,True,OCC(O)C(O)C(O)C(O)CO,OCC(O)C(O)C(O)C(O)CO,True,['odorless'],odorless,True,False
160,MOL_002453,Ascorbic acid,50-81-7,50-81-7,True,True,O=C1C(O)=C(O)OC1C(O)CO,O=C1C(O)=C(O)OC1C(O)CO,True,['odorless'],odorless,True,False
396,MOL_002454,Cryptone,500-02-7,500-02-7,True,True,CC(C)C1C=CC(=O)CC1,CC(C)C1C=CC(=O)CC1,True,"['ketonic', 'fresh', 'herbal', 'woody', 'mint']",ketonic;fresh;herbal;woody;mint,True,False
3094,MOL_002455,Nonenone,5009-32-5,5009-32-5,True,True,C=CCCCCCC(C)=O,C=CCCCCCC(C)=O,True,['cheesy'],cheesy,True,False
3912,MOL_002456,meta-eugenol,501-19-9,501-19-9,True,True,COC1=C(C=C(C=C1)CC=C)O,C=CCc1ccc(OC)c(O)c1,True,"['spicy', 'floral']",spicy;floral,True,False
2088,MOL_002457,Phenylpropionic acid,501-52-0,501-52-0,True,True,O=C(O)CCc1ccccc1,O=C(O)CCc1ccccc1,True,"['balsamic', 'sweet']",balsamic;sweet,True,False
354,MOL_002458,Chavicol,501-92-8,501-92-8,True,True,C=CCc1ccc(O)cc1,C=CCc1ccc(O)cc1,True,"['spicy', 'smoky', 'phenolic', 'medicinal']",spicy;smoky;phenolic;medicinal,True,False
1173,MOL_002459,Hydroxyphenylethanol,501-94-0,501-94-0,True,True,OCCc1ccc(O)cc1,OCCc1ccc(O)cc1,True,"['fruity', 'rose', 'floral', 'sweet']",fruity;rose;floral;sweet,True,False
3196,MOL_002460,Octadecalactone,502-26-1,502-26-1,True,True,CCCCCCCCCCCCCCC1CCC(=O)O1,CCCCCCCCCCCCCCC1CCC(=O)O1,True,"['fatty', 'waxy']",fatty;waxy,True,False
2892,MOL_002461,Cycloheptanone,502-42-1,502-42-1,True,True,O=C1CCCCCC1,O=C1CCCCCC1,True,"['ketonic', 'mint']",ketonic;mint,True,False
621,MOL_002462,Dimethyloctenoic acid,502-47-6,502-47-6,True,True,CC(C)=CCCC(C)CC(=O)O,CC(C)=CCCC(C)CC(=O)O,True,"['floral', 'fatty', 'waxy', 'green']",floral;fatty;waxy;green,True,False
3097,MOL_002463,Dibutyl ketone,502-56-7,502-56-7,True,True,CCCCC(=O)CCCC,CCCCC(=O)CCCC,True,"['green', 'spicy', 'floral', 'herbal']",green;spicy;floral;herbal,True,False
897,MOL_002464,Farnesene,502-61-4,502-61-4,True,True,C=C/C(C)=C/C/C=C(\C)CCC=C(C)C,C=C/C(C)=C/C/C=C(\C)CCC=C(C)C,True,"['apple', 'citrus', 'green', 'berry', 'herbal', 'vegetable']",apple;citrus;green;berry;herbal;vegetable,True,False
2362,MOL_002465,Trimethylpentadecanone,502-69-2,502-69-2,True,True,CC(=O)CCCC(C)CCCC(C)CCCC(C)C,CC(=O)CCCC(C)CCCC(C)CCCC(C)C,True,"['fresh', 'jasmine', 'floral', 'sweet']",fresh;jasmine;floral;sweet,True,False
3913,MOL_002466,exaltone (Firmenich),502-72-7,502-72-7,True,True,C1CCCCCCCC(=O)CCCCCC1,O=C1CCCCCCCCCCCCCC1,True,"['orris', 'musk', 'animal', 'oily']",orris;musk;animal;oily,True,False
3914,MOL_002467,alpha-ocimene,502-99-8,502-99-8,True,True,CC(=C)CC/C=C(\C)/C=C,C=C/C(C)=C/CCC(=C)C,True,"['fruity', 'floral', 'fresh']",fruity;floral;fresh,True,False
1349,MOL_002468,Isovaleric acid,503-74-2,503-74-2,True,True,CC(C)CC(=O)O,CC(C)CC(=O)O,True,"['fruity', 'sour', 'cheesy']",fruity;sour;cheesy,True,False
3915,MOL_002469,"(Z)-1,5-octadien-3-ol",50306-18-8,50306-18-8,True,True,CC/C=C\CC(C=C)O,C=CC(O)C/C=C\CC,True,"['green', 'fresh', 'mushroom', 'metallic']",green;fresh;mushroom;metallic,True,False
3209,MOL_002470,Propylene glycol dihexanoate,50343-36-7,50343-36-7,True,True,CCCCCC(=O)OCC(C)OC(=O)CCCCC,CCCCCC(=O)OCC(C)OC(=O)CCCCC,True,['fruity'],fruity,True,False
3916,MOL_002471,"4-methyl-1,3-dithiolane",50363-43-4,50363-43-4,True,True,S1CC(SC1)C,CC1CSCS1,True,"['sulfurous', 'alliaceous', 'tomato']",sulfurous;alliaceous;tomato,True,False
2714,MOL_002472,Dihydrolinalyl acetate,50373-60-9,50373-60-9,True,True,CCC(C)(CCC=C(C)C)OC(C)=O,CCC(C)(CCC=C(C)C)OC(C)=O,True,"['fruity', 'floral', 'sweet', 'citrus']",fruity;floral;sweet;citrus,True,False
2761,MOL_002473,Ethylhexyl mercaptopropionate,50448-95-8,50448-95-8,True,True,CCCCC(CC)COC(=O)CCS,CCCCC(CC)COC(=O)CCS,True,"['sulfurous', 'fruity', 'tropical', 'savory']",sulfurous;fruity;tropical;savory,True,False
2776,MOL_002474,Hexenyl acetate,5048-26-0,5048-26-0,True,True,C=CCCCCOC(C)=O,C=CCCCCOC(C)=O,True,"['sour', 'green', 'fruity', 'sweet']",sour;green;fruity;sweet,True,False
1809,MOL_002475,Methylthiopropanol,505-10-2,505-10-2,True,True,CSCCCO,CSCCCO,True,"['meaty', 'mushroom']",meaty;mushroom,True,False
3917,MOL_002476,"1,3-dithiane",505-23-7,505-23-7,True,True,S1CCCSC1,C1CSCSC1,True,"['alliaceous', 'roasted']",alliaceous;roasted,True,False
669,MOL_002477,Dithiane,505-29-3,505-29-3,True,True,C1CSCCS1,C1CSCCS1,True,"['garlic', 'onion', 'mushroom']",garlic;onion;mushroom,True,False
1289,MOL_002478,Isophytol,505-32-8,505-32-8,True,True,C=CC(C)(O)CCCC(C)CCCC(C)CCCC(C)C,C=CC(C)(O)CCCC(C)CCCC(C)CCCC(C)C,True,"['tea', 'leafy', 'sweet', 'odorless']",tea;leafy;sweet;odorless,True,False
1059,MOL_002479,Hexenal,505-57-7,505-57-7,True,True,CCC/C=C/C=O,CCC/C=C/C=O,True,"['grassy', 'apple', 'green', 'fruity', 'fresh', 'leafy', 'vegetable', 'pungent']",grassy;apple;green;fruity;fresh;leafy;vegetable;pungent,True,False
1814,MOL_002480,Methionyl isothiocyanate,505-79-3,505-79-3,True,True,CSCCCN=C=S,CSCCCN=C=S,True,"['earthy', 'vegetable', 'pungent', 'radish']",earthy;vegetable;pungent;radish,True,False
3918,MOL_002481,(Z)-4-decenoic acid,505-90-8,505-90-8,True,True,CCCCC/C=C\CCC(=O)O,CCCCC/C=C\CCC(=O)O,True,"['fatty', 'green']",fatty;green,True,False
308,MOL_002482,Butylpyridine,5058-19-5,5058-19-5,True,True,CCCCc1ccccn1,CCCCc1ccccn1,True,"['green', 'sweet']",green;sweet,True,False
2914,MOL_002483,Heptadecanoic acid,506-12-7,506-12-7,True,True,CCCCCCCCCCCCCCCCC(=O)O,CCCCCCCCCCCCCCCCC(=O)O,True,['odorless'],odorless,True,False
158,MOL_002484,Arachidonic acid,506-32-1,506-32-1,True,True,CCCCC/C=C/C/C=C/C/C=C/C/C=C/CCCC(=O)O,CCCCC/C=C/C/C=C/C/C=C/C/C=C/CCCC(=O)O,True,"['fatty', 'fishy']",fatty;fishy,True,False
3919,MOL_002485,green carboxylate,50607-64-2,50607-64-2,True,True,CCCC(C)C=NC1=CC=CC=C1C(=O)OC,CCCC(C)C=Nc1ccccc1C(=O)OC,True,"['sweet', 'fruity', 'citrus', 'green', 'grape', 'spicy']",sweet;fruity;citrus;green;grape;spicy,True,False
287,MOL_002486,Butyl nonanoate,50623-57-9,50623-57-9,True,True,CCCCCCCCC(=O)OCCCC,CCCCCCCCC(=O)OCCCC,True,"['rose', 'oily', 'fruity', 'cognac', 'winey']",rose;oily;fruity;cognac;winey,True,False
2071,MOL_002487,Phenylcarbethoxyfuran,50626-02-3,50626-02-3,True,True,CCOC(=O)c1ccoc1-c1ccccc1,CCOC(=O)c1ccoc1-c1ccccc1,True,"['fruity', 'tropical', 'berry', 'cherry', 'sweet']",fruity;tropical;berry;cherry;sweet,True,False
698,MOL_002488,Ethanethioic acid,507-09-5,507-09-5,True,True,CC(=O)S,CC(=O)S,True,"['meaty', 'fruity', 'savory', 'tropical', 'fresh', 'herbal', 'sulfurous']",meaty;fruity;savory;tropical;fresh;herbal;sulfurous,True,False
216,MOL_002489,Borneol,507-70-0,507-70-0,True,True,CC1(C)C2CCC1(C)C(O)C2,CC1(C)C2CCC1(C)C(O)C2,True,"['sharp', 'camphoreous', 'woody', 'mint']",sharp;camphoreous;woody;mint,True,False
3185,MOL_002490,Mercaptomethylbutyl acetate,50746-09-3,50746-09-3,True,True,CCCC(CS)OC(C)=O,CCCC(CS)OC(C)=O,True,"['green', 'fruity', 'tropical']",green;fruity;tropical,True,False
3920,MOL_002491,3-mercapto-3-methyl butyl formate,50746-10-6,50746-10-6,True,True,CC(C)(CCOC=O)S,CC(C)(S)CCOC=O,True,"['sulfurous', 'catty', 'caramellic', 'onion', 'coffee', 'meaty', 'tropical']",sulfurous;catty;caramellic;onion;coffee;meaty;tropical,True,False
3100,MOL_002492,Pentylcyclopropanecarboxylic acid,5075-48-9,5075-48-9,True,True,CCCCCC1CC1C(=O)O,CCCCCC1CC1C(=O)O,True,"['leathery', 'animal']",leathery;animal,True,False
704,MOL_002493,Ethoxymethoxybenzene,5076-72-2,5076-72-2,True,True,CCOc1ccc(OC)cc1,CCOc1ccc(OC)cc1,True,"['tobacco', 'nutty', 'phenolic', 'sweet']",tobacco;nutty;phenolic;sweet,True,False
1148,MOL_002494,Hydroxybutanone,5077-67-8,5077-67-8,True,True,CCC(=O)CO,CCC(=O)CO,True,"['alcoholic', 'caramellic', 'oily']",alcoholic;caramellic;oily,True,False
2331,MOL_002495,Tricyclene,508-32-7,508-32-7,True,True,CC1(C)C2CC3C(C2)C31C,CC1(C)C2CC3C(C2)C31C,True,"['fresh', 'woody']",fresh;woody,True,False
467,MOL_002496,Decenyl acetate,50816-18-7,50816-18-7,True,True,C=CCCCCCCCCOC(C)=O,C=CCCCCCCCCOC(C)=O,True,"['rose', 'waxy']",rose;waxy,True,False
1027,MOL_002497,Heptyl methylbutyrate,50862-12-9,50862-12-9,True,True,CCCCCCCOC(=O)C(C)CC,CCCCCCCOC(=O)C(C)CC,True,"['apple', 'green', 'fruity', 'fresh', 'waxy']",apple;green;fruity;fresh;waxy,True,False
2453,MOL_002498,Octadecenal,5090-41-5,5090-41-5,True,True,CCCCCCCC/C=C/CCCCCCCC=O,CCCCCCCC/C=C/CCCCCCCC=O,True,"['meaty', 'roasted', 'fatty', 'chicken']",meaty;roasted;fatty;chicken,True,False
3921,MOL_002499,dehydronootkatone,5090-63-1,5090-63-1,True,True,C[C@@H]1CC(=O)C=C2[C@]1(C[C@@H](C=C2)C(=C)C)C,C=C(C)[C@@H]1C=CC2=CC(=O)C[C@@H](C)[C@]2(C)C1,True,"['fruity', 'citrus', 'grapefruit']",fruity;citrus;grapefruit,True,False
2867,MOL_002500,Propylene glycol dibutyrate,50980-84-2,50980-84-2,True,True,CCCC(=O)OCC(C)OC(=O)CCC,CCCC(=O)OCC(C)OC(=O)CCC,True,['fruity'],fruity,True,False
2375,MOL_002501,Tyramine,51-67-2,51-67-2,True,True,NCCc1ccc(O)cc1,NCCc1ccc(O)cc1,True,"['ripe', 'fishy', 'phenolic', 'cheesy']",ripe;fishy;phenolic;cheesy,True,False
3922,MOL_002502,sclarene,511-02-4,511-02-4,True,True,C[C@]12CCCC([C@@H]1CCC(=C)[C@@H]2CCC(=C)C=C)(C)C,C=CC(=C)CC[C@H]1C(=C)CC[C@H]2C(C)(C)CCC[C@]12C,True,"['green', 'pine', 'woody', 'balsamic', 'herbal']",green;pine;woody;balsamic;herbal,True,False
459,MOL_002503,Decenol,51100-54-0,51100-54-0,True,True,C=CC(O)CCCCCCC,C=CC(O)CCCCCCC,True,"['citrus', 'earthy', 'waxy', 'dairy', 'mushroom', 'cheesy']",citrus;earthy;waxy;dairy;mushroom;cheesy,True,False
1163,MOL_002504,Methylbutyl salicylate,51115-63-0,51115-63-0,True,True,CCC(C)COC(=O)c1ccccc1O,CCC(C)COC(=O)c1ccccc1O,True,"['green', 'herbal', 'balsamic', 'floral', 'sweet']",green;herbal;balsamic;floral;sweet,True,False
1619,MOL_002505,Methylbutyl butyrate,51115-64-1,51115-64-1,True,True,CCCC(=O)OCC(C)CC,CCCC(=O)OCC(C)CC,True,['fruity'],fruity,True,False
3923,MOL_002506,WS-23,51115-67-4,51115-67-4,True,True,CC(C)C(C)(C(C)C)C(=O)NC,CNC(=O)C(C)(C(C)C)C(C)C,True,['mint'],mint,True,False
3924,MOL_002507,"N-ethyl-2,2-diisopropyl butanamide",51115-70-9,51115-70-9,True,True,CCC(C(C)C)(C(C)C)C(=O)NCC,CCNC(=O)C(CC)(C(C)C)C(C)C,True,['mint'],mint,True,False
3925,MOL_002508,(R)-massoia lactone,51154-96-2,51154-96-2,True,True,CCCCC[C@@H]1CC=CC(=O)O1,CCCCC[C@@H]1CC=CC(=O)O1,True,"['sweet', 'coconut', 'milky', 'creamy', 'waxy']",sweet;coconut;milky;creamy;waxy,True,False
3926,MOL_002509,(Z)-3-octen-2-one,51193-77-2,51193-77-2,True,True,CCCC/C=C\C(=O)C,CCCC/C=C\C(C)=O,True,['nutty'],nutty,True,False
3927,MOL_002510,(-)-alpha-fenchol,512-13-0,512-13-0,True,True,O[C@H]2[C@]1(CC[C@H](C1)C2(C)C)C,CC1(C)[C@@H]2CC[C@@](C)(C2)[C@@H]1O,True,"['earthy', 'woody', 'fresh', 'mint', 'camphoreous', 'pine', 'green', 'herbal']",earthy;woody;fresh;mint;camphoreous;pine;green;herbal,True,False
2235,MOL_002511,Santalene,512-61-8,512-61-8,True,True,CC(C)=CCCC1(C)C2CC3C(C2)C31C,CC(C)=CCCC1(C)C2CC3C(C2)C31C,True,"['woody', 'sweet']",woody;sweet,True,False
2863,MOL_002512,Propyl pivalate,5129-35-1,5129-35-1,True,True,CCCOC(=O)C(C)(C)C,CCCOC(=O)C(C)(C)C,True,"['ripe', 'fruity', 'tropical', 'sweet']",ripe;fruity;tropical;sweet,True,False
2688,MOL_002513,Butyl pivalate,5129-37-3,5129-37-3,True,True,CCCCOC(=O)C(C)(C)C,CCCCOC(=O)C(C)(C)C,True,"['fruity', 'apple', 'herbal']",fruity;apple;herbal,True,False
2795,MOL_002514,Isobutyl pivalate,5129-38-4,5129-38-4,True,True,CC(C)COC(=O)C(C)(C)C,CC(C)COC(=O)C(C)(C)C,True,['fruity'],fruity,True,False
1245,MOL_002515,Isobutyl mercaptan,513-44-0,513-44-0,True,True,CC(C)CS,CC(C)CS,True,"['garlic', 'onion', 'vegetable']",garlic;onion;vegetable,True,False
233,MOL_002516,Butanethiol,513-53-1,513-53-1,True,True,CCC(C)S,CCC(C)S,True,"['meaty', 'onion', 'chicken', 'sulfurous', 'beefy']",meaty;onion;chicken;sulfurous;beefy,True,False
3928,MOL_002517,"2,3-butane diol",513-85-9,513-85-9,True,True,CC(C(C)O)O,CC(O)C(C)O,True,"['fruity', 'creamy', 'buttery']",fruity;creamy;buttery,True,False
34,MOL_002518,Acetoin,513-86-0,513-86-0,True,True,CC(=O)C(C)O,CC(=O)C(C)O,True,"['creamy', 'buttery']",creamy;buttery,True,False
1963,MOL_002519,Octyl heptanoate,5132-75-2,5132-75-2,True,True,CCCCCCCCOC(=O)CCCCCC,CCCCCCCCOC(=O)CCCCCC,True,"['green', 'fatty', 'fruity', 'sweet']",green;fatty;fruity;sweet,True,False
447,MOL_002520,Decatrienal,51325-37-2,51325-37-2,True,True,CCCC=CC=CC=CC=O,CCCC=CC=CC=CC=O,True,"['citrus', 'oily', 'fishy', 'fatty']",citrus;oily;fishy;fatty,True,False
3160,MOL_002521,Nonenolide,51352-68-2,51352-68-2,True,True,O=C1C=CCCCCCCO1,O=C1C=CCCCCCCO1,True,"['tobacco', 'fruity', 'coconut', 'coumarinic']",tobacco;fruity;coconut;coumarinic,True,False
136,MOL_002522,Amyl phenylacetate,5137-52-0,5137-52-0,True,True,CCCCCOC(=O)Cc1ccccc1,CCCCCOC(=O)Cc1ccccc1,True,"['apple', 'fruity', 'honey', 'balsamic', 'sweet']",apple;fruity;honey;balsamic;sweet,True,False
1832,MOL_002523,Myrtanol,514-99-8,514-99-8,True,True,CC1(C)C2CCC(CO)C1C2,CC1(C)C2CCC(CO)C1C2,True,"['woody', 'mint', 'herbal']",woody;mint;herbal,True,False
2472,MOL_002524,Dihydrofarnesol,51411-24-6,51411-24-6,True,True,CC(C)=CCCC(C)=CCCC(C)CCO,CC(C)=CCCC(C)=CCCC(C)CCO,True,['floral'],floral,True,False
956,MOL_002525,Geranyl nitrile,5146-66-7,5146-66-7,True,True,CC(C)=CCC/C(C)=C/C#N,CC(C)=CCC/C(C)=C/C#N,True,"['green', 'fruity', 'lemon', 'sweet']",green;fruity;lemon;sweet,True,False
1835,MOL_002526,Myrtenol,515-00-4,515-00-4,True,True,CC1(C)C2CC=C(CO)C1C2,CC1(C)C2CC=C(CO)C1C2,True,"['woody', 'herbal']",woody;herbal,True,False
2238,MOL_002527,Sclareol,515-03-7,515-03-7,True,True,C=C[C@](C)(O)CC[C@@H]1[C@@]2(C)CCCC(C)(C)C2CC[C@@]1(C)O,C=C[C@](C)(O)CC[C@@H]1[C@@]2(C)CCCC(C)(C)C2CC[C@@]1(C)O,True,['odorless'],odorless,True,False
2988,MOL_002528,Elemene,515-13-9,515-13-9,True,True,C=CC1(C)CCC(C(=C)C)CC1C(=C)C,C=CC1(C)CCC(C(=C)C)CC1C(=C)C,True,['woody'],woody,True,False
3929,MOL_002529,alpha-bisabolol,515-69-5,515-69-5,True,True,CC1=CC[C@@H](CC1)[C@@](C)(CCC=C(C)C)O,CC(C)=CCC[C@@](C)(O)[C@H]1CC=C(C)CC1,True,"['floral', 'spicy', 'balsamic', 'fresh']",floral;spicy;balsamic;fresh,True,False
957,MOL_002530,Geranyl octanoate,51532-26-4,51532-26-4,True,True,CCCCCCCC(=O)OC/C=C(\C)CCC=C(C)C,CCCCCCCC(=O)OC/C=C(\C)CCC=C(C)C,True,"['fruity', 'rose', 'herbal']",fruity;rose;herbal,True,False
2277,MOL_002531,Tetradecenal,51534-36-2,51534-36-2,True,True,CCCCCCCCCCC/C=C/C=O,CCCCCCCCCCC/C=C/C=O,True,"['citrus', 'green', 'fatty', 'waxy', 'floral']",citrus;green;fatty;waxy;floral,True,False
1535,MOL_002532,Methyl methylthiobutyrate,51534-66-8,51534-66-8,True,True,CCC(SC)C(=O)OC,CCC(SC)C(=O)OC,True,"['fruity', 'tropical', 'cabbage', 'sulfurous', 'sweet', 'cheesy']",fruity;tropical;cabbage;sulfurous;sweet;cheesy,True,False
3930,MOL_002533,citronellyl nitrile,51566-62-2,51566-62-2,True,True,CC(CCC=C(C)C)CC#N,CC(C)=CCCC(C)CC#N,True,"['fresh', 'lemon', 'metallic', 'citrus', 'waxy', 'floral']",fresh;lemon;metallic;citrus;waxy;floral,True,False
3931,MOL_002534,alpha-isomethyl ionol,51595-91-6,51595-91-6,True,True,CC1=C(C(CCC1)(C)C)C=C(C)C(C)O,CC(=CC1=C(C)CCCC1(C)C)C(C)O,True,['woody'],woody,True,False
2404,MOL_002535,Valine,516-06-3,516-06-3,True,True,CC(C)C(N)C(=O)O,CC(C)C(N)C(=O)O,True,['odorless'],odorless,True,False
3175,MOL_002536,Pentenylcyclopentanone,51608-18-5,51608-18-5,True,True,CC/C=C/CC1CCCC1=O,CC/C=C/CC1CCCC1=O,True,"['creamy', 'fruity', 'coconut', 'dairy', 'balsamic', 'floral']",creamy;fruity;coconut;dairy;balsamic;floral,True,False
1820,MOL_002537,Methyltrithiolane,51647-38-2,51647-38-2,True,True,CC1CSSS1,CC1CSSS1,True,"['meaty', 'roasted', 'alliaceous', 'garlic', 'onion']",meaty;roasted;alliaceous;garlic;onion,True,False
3932,MOL_002538,(Z)-5-decen-1-ol,51652-47-2,51652-47-2,True,True,CCCC/C=C\CCCCO,CCCC/C=C\CCCCO,True,"['waxy', 'fatty', 'rose']",waxy;fatty;rose,True,False
1690,MOL_002539,Methylhexenone,5166-53-0,5166-53-0,True,True,CC(=O)/C=C/C(C)C,CC(=O)/C=C/C(C)C,True,"['metallic', 'berry', 'cheesy']",metallic;berry;cheesy,True,False
3933,MOL_002540,dextro-linalyl acetate,51685-40-6,51685-40-6,True,True,CC(=CCC[C@@](C)(C=C)OC(=O)C)C,C=C[C@](C)(CCC=C(C)C)OC(C)=O,True,['green'],green,True,False
3934,MOL_002541,(+)-geosmin,5173-69-3,5173-69-3,True,True,O[C@@]12[C@@H](CCC[C@@]2(CCCC1)C)C,C[C@@H]1CCC[C@]2(C)CCCC[C@@]12O,True,"['earthy', 'musty']",earthy;musty,True,False
3935,MOL_002542,(-)-geosmin,5173-70-6,5173-70-6,True,True,C[C@H]1CCC[C@@]2([C@]1(CCCC2)O)C,C[C@H]1CCC[C@@]2(C)CCCC[C@@]12O,True,"['earthy', 'musty', 'animal']",earthy;musty;animal,True,False
1796,MOL_002543,Methylthiohexanol,51755-66-9,51755-66-9,True,True,CCCC(CCO)SC,CCCC(CCO)SC,True,"['green', 'vegetable']",green;vegetable,True,False
2535,MOL_002544,Methylthioheptanal,51755-70-5,51755-70-5,True,True,CCCCCC(C=O)SC,CCCCCC(C=O)SC,True,"['roasted', 'citrus', 'green', 'tropical', 'savory', 'sulfurous']",roasted;citrus;green;tropical;savory;sulfurous,True,False
1414,MOL_002545,Mercaptohexanol,51755-83-0,51755-83-0,True,True,CCCC(S)CCO,CCCC(S)CCO,True,"['meaty', 'fruity', 'alliaceous', 'tropical', 'grapefruit']",meaty;fruity;alliaceous;tropical;grapefruit,True,False
3936,MOL_002546,lychee mercaptan acetate,51755-85-2,51755-85-2,True,True,CCCC(CCOC(=O)C)SC,CCCC(CCOC(C)=O)SC,True,"['sulfurous', 'green', 'spicy', 'vegetable', 'tropical', 'pungent']",sulfurous;green;spicy;vegetable;tropical;pungent,True,False
3018,MOL_002547,Floropal®,5182-36-5,5182-36-5,True,True,CC1CC(C)(c2ccccc2)OC(C)O1,CC1CC(C)(c2ccccc2)OC(C)O1,True,"['green', 'herbal', 'grapefruit', 'floral']",green;herbal;grapefruit;floral,True,False
496,MOL_002548,Diethoxybutanone,51933-13-2,51933-13-2,True,True,CCOC(OCC)C(=O)CC,CCOC(OCC)C(=O)CC,True,"['fruity', 'ethereal', 'buttery']",fruity;ethereal;buttery,True,False
427,MOL_002549,Cysteine,52-90-4,52-90-4,True,True,NC(CS)C(=O)O,NC(CS)C(=O)O,True,['odorless'],odorless,True,False
3937,MOL_002550,(S)-(+)-2-hexanol,52019-78-0,52019-78-0,True,True,CCCC[C@H](C)O,CCCC[C@H](C)O,True,"['mushroom', 'green', 'ripe', 'berry', 'dry', 'metallic']",mushroom;green;ripe;berry;dry;metallic,True,False
1615,MOL_002551,Isoprenyl acetate,5205-07-2,5205-07-2,True,True,C=C(C)CCOC(C)=O,C=C(C)CCOC(C)=O,True,"['green', 'banana', 'tropical']",green;banana;tropical,True,False
2127,MOL_002552,Prenyl benzoate,5205-11-8,5205-11-8,True,True,CC(C)=CCOC(=O)c1ccccc1,CC(C)=CCOC(=O)c1ccccc1,True,"['tea', 'balsamic', 'floral', 'sweet']",tea;balsamic;floral;sweet,True,False
1292,MOL_002553,Isoprenyl benzoate,5205-12-9,5205-12-9,True,True,C=C(C)C=COC(=O)c1ccccc1,C=C(C)C=COC(=O)c1ccccc1,True,"['tea', 'balsamic', 'floral', 'sweet']",tea;balsamic;floral;sweet,True,False
2746,MOL_002554,Ethyl oxooctanoate,5205-40-3,5205-40-3,True,True,CCCC(=O)CCCC(=O)OCC,CCCC(=O)CCCC(=O)OCC,True,['fruity'],fruity,True,False
223,MOL_002555,Bourbonene,5208-59-3,5208-59-3,True,True,C=C1CCC2C1C1C(C(C)C)CCC21C,C=C1CCC2C1C1C(C(C)C)CCC21C,True,"['earthy', 'herbal', 'woody', 'balsamic', 'mint']",earthy;herbal;woody;balsamic;mint,True,False
3938,MOL_002556,ethyl 2-hydroxyhexanoate,52089-55-1,52089-55-1,True,True,CCCCC(C(=O)OCC)O,CCCCC(O)C(=O)OCC,True,"['fruity', 'green']",fruity;green,True,False
3939,MOL_002557,alpha-ionyl acetate,52210-18-1,52210-18-1,True,True,CC1=CCCC(C1C=CC(C)OC(=O)C)(C)C,CC(=O)OC(C)C=CC1C(C)=CCCC1(C)C,True,"['sweet', 'woody', 'floral', 'violet', 'berry']",sweet;woody;floral;violet;berry,True,False
3940,MOL_002558,beta-cadinene,523-47-7,523-47-7,True,True,CC1=CC[C@@H]2[C@@H](C1)[C@@H](CC=C2C)C(C)C,CC1=CC[C@H]2C(C)=CC[C@@H](C(C)C)[C@@H]2C1,True,"['green', 'woody']",green;woody,True,False
3200,MOL_002559,Apiole,523-80-8,523-80-8,True,True,C=CCc1cc(OC)c2c(c1OC)OCO2,C=CCc1cc(OC)c2c(c1OC)OCO2,True,"['spicy', 'phenolic']",spicy;phenolic,True,False
2711,MOL_002560,Decyl hexanoate,52363-43-6,52363-43-6,True,True,CCCCCCCCCCOC(=O)CCCCC,CCCCCCCCCCOC(=O)CCCCC,True,"['oily', 'fruity', 'fatty', 'pineapple']",oily;fruity;fatty;pineapple,True,False
3941,MOL_002561,acorn acetate,5240-32-4,5240-32-4,True,True,CC(=O)OC1(CCCCC1)C#C,C#CC1(OC(C)=O)CCCCC1,True,"['nutty', 'dry', 'hay', 'woody', 'herbal']",nutty;dry;hay;woody;herbal,True,False
3135,MOL_002562,Propylmethylthiazole,52414-87-6,52414-87-6,True,True,CCCc1csc(C)n1,CCCc1csc(C)n1,True,"['green', 'vegetable']",green;vegetable,True,False
872,MOL_002563,Ethylmethylthiazole,52414-91-2,52414-91-2,True,True,CCc1ncsc1C,CCc1ncsc1C,True,"['green', 'burnt', 'meaty', 'roasted']",green;burnt;meaty;roasted,True,False
3942,MOL_002564,myrmac aldehyde,52474-60-9,52474-60-9,True,True,CC(=CCCC1=CCCC(C1)(C)C=O)C,CC(C)=CCCC1=CCCC(C)(C=O)C1,True,"['citrus', 'fresh', 'aldehydic', 'grapefruit', 'floral']",citrus;fresh;aldehydic;grapefruit;floral,True,False
3943,MOL_002565,myrmac carboxaldehyde,52475-86-2,52475-86-2,True,True,CC(=CCCC1=CCC(CC1)(C)C=O)C,CC(C)=CCCC1=CCC(C)(C=O)CC1,True,"['aldehydic', 'fresh', 'herbal']",aldehydic;fresh;herbal,True,False
3944,MOL_002566,1-formyl-3-isohexenyl-3-cyclohexene,52475-89-5,52475-89-5,True,True,CC(=CCCC1=CCCC(C1)C=O)C,CC(C)=CCCC1=CCCC(C=O)C1,True,"['aldehydic', 'orange', 'fresh', 'fruity']",aldehydic;orange;fresh;fruity,True,False
1618,MOL_002567,Methylbutyl benzoate,52513-03-8,52513-03-8,True,True,CCC(C)COC(=O)c1ccccc1,CCC(C)COC(=O)c1ccccc1,True,"['green', 'fruity', 'balsamic', 'floral', 'sweet']",green;fruity;balsamic;floral;sweet,True,False
3945,MOL_002568,vanillin hexylene glycol acetal,52514-66-6,52514-66-6,True,True,CC1CC(OC(O1)C2=CC(=C(C=C2)O)OC)(C)C,COc1cc(C2OC(C)CC(C)(C)O2)ccc1O,True,"['sweet', 'creamy', 'vanilla', 'smoky']",sweet;creamy;vanilla;smoky,True,False
3946,MOL_002569,ethyl vanillin hexylene glycol acetal,52514-67-7,52514-67-7,True,True,CCOC1=C(C=CC(=C1)C2OC(CC(O2)(C)C)C)O,CCOc1cc(C2OC(C)CC(C)(C)O2)ccc1O,True,"['sweet', 'creamy', 'vanilla', 'phenolic']",sweet;creamy;vanilla;phenolic,True,False
841,MOL_002570,Ethyldihydrocyclopentapyrazine,52517-53-0,52517-53-0,True,True,CCN1CCN=C2C=CC=C21,CCN1CCN=C2C=CC=C21,True,"['roasted', 'earthy', 'nutty', 'coffee', 'musty']",roasted;earthy;nutty;coffee;musty,True,False
2291,MOL_002571,Tetrahydromethylquinoxaline,52517-54-1,52517-54-1,True,True,CN1CCNc2ccccc21,CN1CCNc2ccccc21,True,"['burnt', 'meaty']",burnt;meaty,True,False
2664,MOL_002572,Undecanal dimethyl acetal,52517-67-6,52517-67-6,True,True,CCCCCCCCCCC(OC)OC,CCCCCCCCCCC(OC)OC,True,"['oily', 'citrus']",oily;citrus,True,False
3947,MOL_002573,fir carboxylate,52557-97-8,52557-97-8,True,True,CC1(CC2CC(C1C2)C(=O)OC)C,COC(=O)C1CC2CC1C(C)(C)C2,True,"['pine', 'green', 'fruity', 'woody']",pine;green;fruity;woody,True,False
3229,MOL_002574,Methylthiazoline,52558-99-3,52558-99-3,True,True,CS1=CNCC1,CS1=CNCC1,True,['garlic'],garlic,True,False
2424,MOL_002575,Xylenol,526-75-0,526-75-0,True,True,Cc1cccc(O)c1C,Cc1cccc(O)c1C,True,"['spicy', 'leathery', 'animal']",spicy;leathery;animal,True,False
3026,MOL_002576,Methoxyquinoline,5263-87-6,5263-87-6,True,True,COc1ccc2ncccc2c1,COc1ccc2ncccc2c1,True,['sweet'],sweet,True,False
2540,MOL_002577,Trimethylphenol,527-60-6,527-60-6,True,True,Cc1cc(C)c(O)c(C)c1,Cc1cc(C)c(O)c(C)c1,True,"['spicy', 'leathery', 'tobacco', 'phenolic', 'smoky', 'medicinal']",spicy;leathery;tobacco;phenolic;smoky;medicinal,True,False
1794,MOL_002578,Methylthioethanol,5271-38-5,5271-38-5,True,True,CSCCO,CSCCO,True,"['sulfurous', 'vegetable', 'tomato']",sulfurous;vegetable;tomato,True,False
3948,MOL_002579,(E)-isoelemicin,5273-85-8,5273-85-8,True,True,C/C=C/C1=CC(=C(C(=C1)OC)OC)OC,C/C=C/c1cc(OC)c(OC)c(OC)c1,True,"['spicy', 'floral']",spicy;floral,True,False
2754,MOL_002580,Ethyl p-Methyl-beta-Phenylglycidate,52788-71-3,52788-71-3,True,True,CCOC(=O)C1OC1c1ccc(C)cc1,CCOC(=O)C1OC1c1ccc(C)cc1,True,"['fruity', 'sweet']",fruity;sweet,True,False
1465,MOL_002581,Methyl acetoxycyclohexyl ketone,52789-73-8,52789-73-8,True,True,CC(=O)OC1(C(C)=O)CCCCC1,CC(=O)OC1(C(C)=O)CCCCC1,True,"['fruity', 'nutty', 'cinnamon', 'honey', 'floral']",fruity;nutty;cinnamon;honey;floral,True,False
46,MOL_002582,Acetyl thymol,528-79-0,528-79-0,True,True,CC(=O)Oc1cc(C)ccc1C(C)C,CC(=O)Oc1cc(C)ccc1C(C)C,True,"['spicy', 'smoky', 'herbal', 'balsamic']",spicy;smoky;herbal;balsamic,True,False
2135,MOL_002583,Prenylthiol,5287-45-6,5287-45-6,True,True,CC(C)=CCS,CC(C)=CCS,True,"['meaty', 'garlic', 'onion', 'coffee']",meaty;garlic;onion;coffee,True,False
3949,MOL_002584,isopiperitenone,529-01-1,529-01-1,True,True,CC1=CC(=O)C(CC1)C(=C)C,C=C(C)C1CCC(C)=CC1=O,True,"['sweet', 'herbal', 'fruity']",sweet;herbal;fruity,True,False
2315,MOL_002585,Tolualdehyde,529-20-4,529-20-4,True,True,Cc1ccccc1C=O,Cc1ccccc1C=O,True,"['cherry', 'almond', 'sweet']",cherry;almond;sweet,True,False
403,MOL_002586,Cyclohexaneacetic acid,5292-21-7,5292-21-7,True,True,O=C(O)CC1CCCCC1,O=C(O)CC1CCCCC1,True,"['caramellic', 'cheesy', 'honey', 'waxy', 'buttery']",caramellic;cheesy;honey;waxy;buttery,True,False
2255,MOL_002587,Syringic alcohol,530-56-3,530-56-3,True,True,COc1cc(CO)cc(OC)c1O,COc1cc(CO)cc(OC)c1O,True,"['balsamic', 'floral']",balsamic;floral,True,False
2254,MOL_002588,Syringic acid,530-57-4,530-57-4,True,True,COc1cc(C(=O)O)cc(OC)c1O,COc1cc(C(=O)O)cc(OC)c1O,True,['balsamic'],balsamic,True,False
2806,MOL_002589,Menthyl methylbutyrate,53004-93-6,53004-93-6,True,True,CCC(C)C(=O)OC1CC(C)CCC1C(C)C,CCC(C)C(=O)OC1CC(C)CCC1C(C)C,True,"['fruity', 'herbal', 'floral', 'sweet', 'mint']",fruity;herbal;floral;sweet;mint,True,False
3950,MOL_002590,tropical indene,53018-24-9,53018-24-9,True,True,COC1CC2CC1C3C2CC=C3,COC1CC2CC1C1C=CCC21,True,"['fruity', 'sweet', 'green', 'herbal', 'melon']",fruity;sweet;green;herbal;melon,True,False
1968,MOL_002591,Octyl nonanoate,5303-26-4,5303-26-4,True,True,CCCCCCCCOC(=O)CCCCCCCC,CCCCCCCCOC(=O)CCCCCCCC,True,"['citrus', 'earthy', 'oily', 'fruity', 'floral']",citrus;earthy;oily;fruity;floral,True,False
1862,MOL_002592,Nonadienol,53046-97-2,53046-97-2,True,True,CC/C=C\C/C=C\CCO,CC/C=C\C/C=C\CCO,True,['fresh'],fresh,True,False
1536,MOL_002593,Methyl methylthiobutyrate,53053-51-3,53053-51-3,True,True,COC(=O)CCCSC,COC(=O)CCCSC,True,"['roasted', 'fruity', 'nutty', 'dairy', 'vegetable', 'sweet']",roasted;fruity;nutty;dairy;vegetable;sweet,True,False
3951,MOL_002594,propyl angelate,53082-57-8,53082-57-8,True,True,CCCOC(=O)/C(=C\C)/C,C/C=C(/C)C(=O)OCCC,True,"['winey', 'fruity', 'rose']",winey;fruity;rose,True,False
3952,MOL_002595,3-methyl pentyl angelate,53082-58-9,53082-58-9,True,True,CCC(C)CCOC(=O)/C(=C\C)/C,C/C=C(/C)C(=O)OCCC(C)CC,True,"['woody', 'floral', 'vegetable', 'nutty', 'chamomile']",woody;floral;vegetable;nutty;chamomile,True,False
892,MOL_002596,Eugenyl benzoate,531-26-0,531-26-0,True,True,C=CCc1ccc(OC(=O)c2ccccc2)c(OC)c1,C=CCc1ccc(OC(=O)c2ccccc2)c(OC)c1,True,"['spicy', 'warm', 'balsamic']",spicy;warm;balsamic,True,False
3953,MOL_002597,7-methoxycoumarin,531-59-9,531-59-9,True,True,COC1=CC2=C(C=C1)C=CC(=O)O2,COc1ccc2ccc(=O)oc2c1,True,"['balsamic', 'coumarinic', 'sweet']",balsamic;coumarinic;sweet,True,False
1998,MOL_002598,Pentanoylthiophene,53119-25-8,53119-25-8,True,True,CCCCC(=O)c1cccs1,CCCCC(=O)c1cccs1,True,"['nutty', 'caramellic', 'roasted']",nutty;caramellic;roasted,True,False
3237,MOL_002599,Ethoxymethylpyrazine,53163-97-6,53163-97-6,True,True,CCOc1cncc(C)n1,CCOc1cncc(C)n1,True,"['pineapple', 'fresh']",pineapple;fresh,True,False
2841,MOL_002600,Nonyl propionate,53184-67-1,53184-67-1,True,True,CCCCCCCCCOC(=O)CC,CCCCCCCCCOC(=O)CC,True,"['rose', 'ethereal', 'waxy', 'aldehydic', 'winey', 'sweet']",rose;ethereal;waxy;aldehydic;winey;sweet,True,False
362,MOL_002601,Cinnamyl benzoate,5320-75-2,5320-75-2,True,True,O=C(OC/C=C/c1ccccc1)c1ccccc1,O=C(OC/C=C/c1ccccc1)c1ccccc1,True,"['balsamic', 'sweet', 'spicy']",balsamic;sweet;spicy,True,False
3954,MOL_002602,(E)-citrus nitrile,53243-60-0,53243-60-0,True,True,C/C(=C\C#N)/CCC1=CC=CC=C1,C/C(=C\C#N)CCc1ccccc1,True,"['citrus', 'lemon']",citrus;lemon,True,False
3955,MOL_002603,"2-hydroxy-3,5,5-trimethyl-2-cyclopenten-1-one",53263-56-2,53263-56-2,True,True,O=C1C(\O)=C(\C)CC1(C)C,CC1=C(O)C(=O)C(C)(C)C1,True,"['sweet', 'caramellic']",sweet;caramellic,True,False
859,MOL_002604,Ethylhydroxymethylcyclopentenone,53263-58-4,53263-58-4,True,True,CCC1CC(C)=C(O)C1=O,CCC1CC(C)=C(O)C1=O,True,"['burnt', 'caramellic', 'malty']",burnt;caramellic;malty,True,False
2319,MOL_002605,Tolyl acetate,533-18-6,533-18-6,True,True,CC(=O)Oc1ccccc1C,CC(=O)Oc1ccccc1C,True,"['fruity', 'medicinal', 'floral']",fruity;medicinal;floral,True,False
2239,MOL_002606,Sesamol,533-31-3,533-31-3,True,True,Oc1ccc2c(c1)OCO2,Oc1ccc2c(c1)OCO2,True,"['phenolic', 'spicy']",phenolic;spicy,True,False
3956,MOL_002607,phenethyl butyl ether,5331-14-6,5331-14-6,True,True,CCCCOCCC1=CC=CC=C1,CCCCOCCc1ccccc1,True,"['vegetable', 'mushroom', 'floral', 'green', 'metallic']",vegetable;mushroom;floral;green;metallic,True,False
3957,MOL_002608,1-(2-thienyl) butanone,5333-83-5,5333-83-5,True,True,CCCC(=O)C1=CC=CS1,CCCC(=O)c1cccs1,True,"['roasted', 'beefy', 'meaty']",roasted;beefy;meaty,True,False
3958,MOL_002609,amber dioxepine,53338-05-9,53338-05-9,True,True,CC(C)CCC1(OCC=CCO1)C,CC(C)CCC1(C)OCC=CCO1,True,"['fresh', 'herbal', 'sweet', 'balsamic']",fresh;herbal;sweet;balsamic,True,False
1084,MOL_002610,Hexenyl formate,53398-78-0,53398-78-0,True,True,CCC/C=C/COC=O,CCC/C=C/COC=O,True,"['green', 'fruity', 'rum']",green;fruity;rum,True,False
1101,MOL_002611,Hexenyl propionate,53398-80-4,53398-80-4,True,True,CCC/C=C/COC(=O)CC,CCC/C=C/COC(=O)CC,True,"['ripe', 'fruity', 'apple', 'pear']",ripe;fruity;apple;pear,True,False
3959,MOL_002612,(E)-2-hexen-1-yl butyrate,53398-83-7,53398-83-7,True,True,CCC/C=C/COC(=O)CCC,CCC/C=C/COC(=O)CCC,True,"['green', 'fruity', 'apricot', 'ripe', 'banana', 'woody', 'floral', 'fermented', 'apple', 'fatty', 'grassy']",green;fruity;apricot;ripe;banana;woody;floral;fermented;apple;fatty;grassy,True,False
3960,MOL_002613,(Z)-3-hexen-1-yl 2-methyl butyrate,53398-85-9,53398-85-9,True,True,CC/C=C\CCOC(=O)C(C)CC,CC/C=C\CCOC(=O)C(C)CC,True,"['fresh', 'green', 'apple', 'sweet', 'fruity', 'pear', 'berry', 'sour', 'animal']",fresh;green;apple;sweet;fruity;pear;berry;sour;animal,True,False
1087,MOL_002614,Hexenyl hexanoate,53398-86-0,53398-86-0,True,True,CCC/C=C/COC(=O)CCCCC,CCC/C=C/COC(=O)CCCCC,True,"['apple', 'green', 'fruity', 'pear', 'waxy', 'berry', 'tea']",apple;green;fruity;pear;waxy;berry;tea,True,False
1090,MOL_002615,Hexenyl hexenoate,53398-87-1,53398-87-1,True,True,CCCC=CC(=O)OC=CCCCC,CCCC=CC(=O)OC=CCCCC,True,"['apple', 'green', 'fruity', 'melon', 'pear', 'tropical', 'pineapple']",apple;green;fruity;melon;pear;tropical;pineapple,True,False
563,MOL_002616,Dimethoxyethane,534-15-6,534-15-6,True,True,COC(C)OC,COC(C)OC,True,"['green', 'alcoholic']",green;alcoholic,True,False
1657,MOL_002617,Methylfuran,534-22-5,534-22-5,True,True,Cc1ccco1,Cc1ccco1,True,"['solvent', 'nutty', 'gasoline', 'metallic', 'burnt', 'musty', 'sweet']",solvent;nutty;gasoline;metallic;burnt;musty;sweet,True,False
2383,MOL_002618,Undecanal diethyl acetal,53405-97-3,53405-97-3,True,True,CCCCCCCCCCC(OCC)OCC,CCCCCCCCCCC(OCC)OCC,True,"['fruity', 'fresh', 'floral', 'citrus']",fruity;fresh;floral;citrus,True,False
677,MOL_002619,Dodecanal diethyl acetal,53405-98-4,53405-98-4,True,True,CCCCCCCCCCCC(OCC)OCC,CCCCCCCCCCCC(OCC)OCC,True,"['citrus', 'green', 'oily', 'fruity']",citrus;green;oily;fruity,True,False
3961,MOL_002620,(E)-2-undecenal,53448-07-0,53448-07-0,True,True,CCCCCCCC/C=C/C=O,CCCCCCCC/C=C/C=O,True,"['fresh', 'fruity', 'citrus', 'orange', 'aldehydic', 'waxy', 'fatty', 'green']",fresh;fruity;citrus;orange;aldehydic;waxy;fatty;green,True,False
2533,MOL_002621,Methylthiobutanone,53475-15-3,53475-15-3,True,True,CSC(C)C(C)=O,CSC(C)C(C)=O,True,"['earthy', 'alliaceous', 'tropical', 'black currant', 'sulfurous']",earthy;alliaceous;tropical;black currant;sulfurous,True,False
3045,MOL_002622,Butyl vanillate,5348-74-3,5348-74-3,True,True,CCCCOC(=O)c1ccc(O)c(OC)c1,CCCCOC(=O)c1ccc(O)c(OC)c1,True,"['balsamic', 'floral', 'sweet']",balsamic;floral;sweet,True,False
2962,MOL_002623,Octyloxyacetaldehyde,53488-14-5,53488-14-5,True,True,CCCCCCCCOCC=O,CCCCCCCCOCC=O,True,"['fruity', 'fresh', 'aldehydic', 'herbal', 'floral']",fruity;fresh;aldehydic;herbal;floral,True,False
1749,MOL_002624,Methylphenylpentanone,5349-62-2,5349-62-2,True,True,CC(C)CC(=O)Cc1ccccc1,CC(C)CC(=O)Cc1ccccc1,True,"['woody', 'spicy', 'caramellic', 'fruity']",woody;spicy;caramellic;fruity,True,False
1328,MOL_002625,Isopropyldimethylthiazole,53498-30-9,53498-30-9,True,True,Cc1nc(C(C)C)sc1C,Cc1nc(C(C)C)sc1C,True,"['earthy', 'nutty', 'roasted', 'potato']",earthy;nutty;roasted;potato,True,False
1260,MOL_002626,Isobutyldimethylthiazole,53498-32-1,53498-32-1,True,True,Cc1nc(CC(C)C)sc1C,Cc1nc(CC(C)C)sc1C,True,"['green', 'earthy', 'nutty', 'savory', 'tomato', 'vegetable']",green;earthy;nutty;savory;tomato;vegetable,True,False
125,MOL_002627,Amyl dodecanoate,5350-03-8,5350-03-8,True,True,CCCCCCCCCCCC(=O)OCCCCC,CCCCCCCCCCCC(=O)OCCCCC,True,"['oily', 'fatty', 'winey']",oily;fatty;winey,True,False
1146,MOL_002628,Hydroxybenzyl methyl ether,5355-17-9,5355-17-9,True,True,COCc1ccc(O)cc1,COCc1ccc(O)cc1,True,"['green', 'earthy', 'phenolic', 'medicinal', 'sweet']",green;earthy;phenolic;medicinal;sweet,True,False
2480,MOL_002629,Hydroxyphenylbutanone,5355-63-5,5355-63-5,True,True,CCC(=O)C(O)c1ccccc1,CCC(=O)C(O)c1ccccc1,True,"['creamy', 'caramellic', 'floral', 'sweet']",creamy;caramellic;floral;sweet,True,False
582,MOL_002630,Dimethylbenzyl alcohol,536-50-5,536-50-5,True,True,Cc1ccc(C(C)O)cc1,Cc1ccc(C(C)O)cc1,True,"['hay', 'nutty', 'almond', 'cherry', 'floral', 'mint']",hay;nutty;almond;cherry;floral;mint,True,False
2019,MOL_002631,Perilla alcohol,536-59-4,536-59-4,True,True,C=C(C)C1CC=C(CO)CC1,C=C(C)C1CC=C(CO)CC1,True,"['citrus', 'floral']",citrus;floral,True,False
1326,MOL_002632,Isopropylbenzyl alcohol,536-60-7,536-60-7,True,True,CC(C)c1ccc(CO)cc1,CC(C)c1ccc(CO)cc1,True,"['oily', 'spicy']",oily;spicy,True,False
882,MOL_002633,Ethylpyridine,536-75-4,536-75-4,True,True,CCc1ccncc1,CCc1ccncc1,True,"['green', 'earthy', 'herbal', 'sweet']",green;earthy;herbal;sweet,True,False
881,MOL_002634,Ethylpyridine,536-78-7,536-78-7,True,True,CCc1cccnc1,CCc1cccnc1,True,"['tobacco', 'nutty', 'roasted', 'smoky']",tobacco;nutty;roasted;smoky,True,False
1732,MOL_002635,Methylpentenal,5362-56-1,5362-56-1,True,True,CC(C)/C=C\C=O,CC(C)/C=C\C=O,True,"['apple', 'green', 'fresh', 'aldehydic', 'woody', 'cognac']",apple;green;fresh;aldehydic;woody;cognac,True,False
2134,MOL_002636,Prenyl thioisobutyrate,53626-94-1,53626-94-1,True,True,CC(C)=CCOC(=S)C(C)C,CC(C)=CCOC(=S)C(C)C,True,"['fruity', 'tropical', 'sulfurous']",fruity;tropical;sulfurous,True,False
3122,MOL_002637,Nootkatol,53643-07-5,53643-07-5,True,True,C=C(C)C1CCC2=CC(O)CC(C)C2(C)C1,C=C(C)C1CCC2=CC(O)CC(C)C2(C)C1,True,"['grapefruit', 'citrus']",grapefruit;citrus,True,False
1293,MOL_002638,Isoprenyl hexanoate,53655-22-4,53655-22-4,True,True,C=C(C)C=COC(=O)CCCCC,C=C(C)C=COC(=O)CCCCC,True,"['green', 'fruity', 'pineapple', 'tropical']",green;fruity;pineapple;tropical,True,False
3962,MOL_002639,rhodinyl acetate substitutes,53751-40-9,53751-40-9,True,True,c(cc(c1)COC(=O)C)c(OC)c1OC,COc1ccc(COC(C)=O)cc1OC,True,"['sweet', 'floral', 'fresh', 'berry', 'rose']",sweet;floral;fresh;berry;rose,True,False
3050,MOL_002640,Dihydromyrcenyl acetate,53767-93-4,53767-93-4,True,True,C=CC(C)CCCC(C)(C)OC(C)=O,C=CC(C)CCCC(C)(C)OC(C)=O,True,"['floral', 'citrus']",floral;citrus,True,False
259,MOL_002641,Butyl cinnamate,538-65-8,538-65-8,True,True,CCCCOC(=O)/C=C/c1ccccc1,CCCCOC(=O)/C=C/c1ccccc1,True,"['fruity', 'balsamic', 'cocoa', 'sweet']",fruity;balsamic;cocoa;sweet,True,False
193,MOL_002642,Benzyl methyl ether,538-86-3,538-86-3,True,True,COCc1ccccc1,COCc1ccccc1,True,"['fruity', 'rose', 'metallic']",fruity;rose;metallic,True,False
3963,MOL_002643,cycloeudesmol,53823-06-6,53823-06-6,True,True,C[C@H]1CCC[C@]2([C@@]13C[C@@]3(CC2)C(C)(C)O)C,C[C@H]1CCC[C@]2(C)CC[C@@]3(C(C)(C)O)C[C@@]123,True,['fishy'],fishy,True,False
843,MOL_002644,Ethyldimethyloxazole,53833-30-0,53833-30-0,True,True,CCc1nc(C)c(C)o1,CCc1nc(C)c(C)o1,True,"['green', 'vegetable', 'musty', 'earthy']",green;vegetable;musty;earthy,True,False
633,MOL_002645,Dimethylpropyloxazole,53833-32-2,53833-32-2,True,True,CCCc1nc(C)c(C)o1,CCCc1nc(C)c(C)o1,True,"['roasted', 'fatty', 'metallic', 'burnt', 'herbal']",roasted;fatty;metallic;burnt;herbal,True,False
3964,MOL_002646,4-butyl thiazole,53833-33-3,53833-33-3,True,True,CCCCC1=CSC=N1,CCCCc1cscn1,True,"['green', 'herbal', 'mint', 'vegetable']",green;herbal;mint;vegetable,True,False
3169,MOL_002647,Bismercaptopropylsulfide,53897-60-2,53897-60-2,True,True,SC(S)CCSCCC(S)S,SC(S)CCSCCC(S)S,True,"['green', 'fruity', 'alliaceous', 'garlic', 'onion']",green;fruity;alliaceous;garlic;onion,True,False
3136,MOL_002648,Tetrahydrotrimethylthiadiazine,53897-63-5,53897-63-5,True,True,CC1CCSN(C)N1C,CC1CCSN(C)N1C,True,"['meaty', 'roasted', 'nutty', 'beefy']",meaty;roasted;nutty;beefy,True,False
185,MOL_002649,Benzyl ethyl ether,539-30-0,539-30-0,True,True,CCOCc1ccccc1,CCOCc1ccccc1,True,"['fruity', 'sharp']",fruity;sharp,True,False
309,MOL_002650,Butylpyridine,539-32-2,539-32-2,True,True,CCCCc1cccnc1,CCCCc1cccnc1,True,"['earthy', 'green', 'fishy', 'animal']",earthy;green;fishy;animal,True,False
828,MOL_002651,Ethyl valerate,539-82-2,539-82-2,True,True,CCCCC(=O)OCC,CCCCC(=O)OCC,True,"['fruity', 'apple', 'pineapple', 'tropical']",fruity;apple;pineapple;tropical,True,False
768,MOL_002652,Ethyl levulinate,539-88-8,539-88-8,True,True,CCOC(=O)CCC(C)=O,CCOC(=O)CCC(C)=O,True,"['apple', 'caramellic', 'green', 'fruity', 'tropical', 'sweet']",apple;caramellic;green;fruity;tropical;sweet,True,False
1233,MOL_002653,Isobutyl butyrate,539-90-2,539-90-2,True,True,CCCC(=O)OCC(C)C,CCCC(=O)OCC(C)C,True,"['fruity', 'banana', 'pear', 'pineapple', 'sweet', 'rum']",fruity;banana;pear;pineapple;sweet;rum,True,False
3062,MOL_002654,Methyl mercaptopropionate,53907-46-3,53907-46-3,True,True,COC(=O)C(C)S,COC(=O)C(C)S,True,"['vegetable', 'meaty', 'tropical', 'brothy', 'sulfurous']",vegetable;meaty;tropical;brothy;sulfurous,True,False
374,MOL_002655,Citral,5392-40-5,5392-40-5,True,True,CC(C)=CCC/C(C)=C/C=O,CC(C)=CCC/C(C)=C/C=O,True,"['fruity', 'fresh', 'lemon', 'citrus']",fruity;fresh;lemon;citrus,True,False
3965,MOL_002656,"2,4,4,6-tetramethyl cyclohexa-2,5-diene-1-one",53950-85-9,53950-85-9,True,True,CC1=CC(C=C(C1=O)C)(C)C,CC1=CC(C)(C)C=C(C)C1=O,True,"['warm', 'sweet', 'mint', 'woody', 'green', 'hay']",warm;sweet;mint;woody;green;hay,True,False
174,MOL_002657,Benzyl acetoacetate,5396-89-4,5396-89-4,True,True,CC(=O)CC(=O)OCc1ccccc1,CC(=O)CC(=O)OCc1ccccc1,True,"['fruity', 'balsamic', 'fresh', 'floral']",fruity;balsamic;fresh;floral,True,False
129,MOL_002658,Amyl hexanoate,540-07-8,540-07-8,True,True,CCCCCOC(=O)CCCCC,CCCCCOC(=O)CCCCC,True,"['apple', 'green', 'fruity', 'pear', 'waxy', 'pineapple']",apple;green;fruity;pear;waxy;pineapple,True,False
3966,MOL_002659,amyl butyrate,540-18-1,540-18-1,True,True,CCCCCOC(=O)CCC,CCCCCOC(=O)CCC,True,"['sweet', 'fruity', 'banana', 'pineapple', 'cherry', 'tropical']",sweet;fruity;banana;pineapple;cherry;tropical,True,False
1252,MOL_002660,Isobutyl propionate,540-42-1,540-42-1,True,True,CCC(=O)OCC(C)C,CCC(=O)OCC(C)C,True,"['fruity', 'ethereal', 'rum']",fruity;ethereal;rum,True,False
697,MOL_002661,Ethanedithiol,540-63-6,540-63-6,True,True,SCCS,SCCS,True,"['onion', 'sulfurous', 'garlic']",onion;sulfurous;garlic,True,False
760,MOL_002662,Ethyl hydroxybutyrate,5405-41-4,5405-41-4,True,True,CCOC(=O)CC(C)O,CCOC(=O)CC(C)O,True,"['fruity', 'grape', 'fresh']",fruity;grape;fresh,True,False
13,MOL_002663,Acetaldehyde dihexyl acetal,5405-58-3,5405-58-3,True,True,CCCCCCOC(C)OCCCCCC,CCCCCCOC(C)OCCCCCC,True,"['apple', 'green', 'fruity', 'fermented', 'herbal']",apple;green;fruity;fermented;herbal,True,False
2529,MOL_002664,Methyl mercaptobutanoate,54051-19-3,54051-19-3,True,True,CCC(S)C(=O)OC,CCC(S)C(=O)OC,True,"['green', 'fruity', 'tropical', 'black currant', 'sweet']",green;fruity;tropical;black currant;sweet,True,False
3967,MOL_002665,para-cresyl propionaldehyde,5406-12-2,5406-12-2,True,True,CC1=CC=C(C=C1)CCC=O,Cc1ccc(CCC=O)cc1,True,['floral'],floral,True,False
1456,MOL_002666,Methoxyphenylpropanol,5406-18-8,5406-18-8,True,True,COc1ccc(CCCO)cc1,COc1ccc(CCCO)cc1,True,"['cinnamon', 'spicy', 'aromatic', 'floral']",cinnamon;spicy;aromatic;floral,True,False
3027,MOL_002667,Acetoketal,5406-58-6,5406-58-6,True,True,CC1(C)COC(C)(c2ccccc2)OC1,CC1(C)COC(C)(c2ccccc2)OC1,True,"['woody', 'sweet', 'camphoreous']",woody;sweet;camphoreous,True,False
3968,MOL_002668,muguet undecadienal,54082-68-7,54082-68-7,True,True,O=CC(CC/C=C(/CC\C=C(/C)C)C)C,CC(C)=CCC/C(C)=C/CCC(C)C=O,True,"['aldehydic', 'floral', 'waxy', 'fresh', 'green']",aldehydic;floral;waxy;fresh;green,True,False
3969,MOL_002669,muguet nitrile,54089-83-7,54089-83-7,True,True,CC(CCC1=CC=CC=C1)CC#N,CC(CC#N)CCc1ccccc1,True,"['citrus', 'floral', 'sweet', 'metallic']",citrus;floral;sweet;metallic,True,False
1600,MOL_002670,Methylbutanethiol,541-31-1,541-31-1,True,True,CC(C)CCS,CC(C)CCS,True,"['vegetable', 'meaty', 'sulfurous']",vegetable;meaty;sulfurous,True,False
1638,MOL_002671,Methylcrotonic acid,541-47-9,541-47-9,True,True,CC(C)=CC(=O)O,CC(C)=CC(=O)O,True,"['musty', 'spicy', 'caramellic', 'herbal']",musty;spicy;caramellic;herbal,True,False
648,MOL_002672,Dimethylthiazole,541-58-2,541-58-2,True,True,Cc1csc(C)n1,Cc1csc(C)n1,True,"['cocoa', 'meaty']",cocoa;meaty,True,False
1673,MOL_002673,Methylheptanone,541-85-5,541-85-5,True,True,CCC(=O)CC(C)CC,CCC(=O)CC(C)CC,True,"['fruity', 'ketonic', 'herbal']",fruity;ketonic;herbal,True,False
1645,MOL_002674,Muscone,541-91-3,541-91-3,True,True,CC1CCCCCCCCCCCCC(=O)C1,CC1CCCCCCCCCCCCC(=O)C1,True,"['musk', 'sweet']",musk;sweet,True,False
3970,MOL_002675,ethyl levulinate propylene glycol ketal,5413-49-0,5413-49-0,True,True,CCOC(=O)CCC1(OCC(O1)C)C,CCOC(=O)CCC1(C)OCC(C)O1,True,"['oily', 'caramellic']",oily;caramellic,True,False
3971,MOL_002676,verdyl acetate,5413-60-5,5413-60-5,True,True,CC(=O)OC1CC2CC1C3C2C=CC3,CC(=O)OC1CC2CC1C1CC=CC21,True,"['floral', 'green', 'fresh', 'woody', 'pine']",floral;green;fresh;woody;pine,True,False
3972,MOL_002677,tris(methyl thio) methane,5418-86-0,5418-86-0,True,True,CSC(SC)SC,CSC(SC)SC,True,"['earthy', 'mushroom', 'musty']",earthy;mushroom;musty,True,False
2800,MOL_002678,Isopropyl acetoacetate,542-08-5,542-08-5,True,True,CC(=O)CC(=O)OC(C)C,CC(=O)CC(=O)OC(C)C,True,"['apple', 'caramellic', 'fruity', 'fermented', 'brandy']",apple;caramellic;fruity;fermented;brandy,True,False
2403,MOL_002679,Valerolactone,542-28-9,542-28-9,True,True,O=C1CCCCO1,O=C1CCCCO1,True,"['fruity', 'aromatic']",fruity;aromatic,True,False
402,MOL_002680,Civetone,542-46-1,542-46-1,True,True,O=C1CCCCCCC/C=C\CCCCCCC1,O=C1CCCCCCC/C=C\CCCCCCC1,True,"['musk', 'sweet', 'animal']",musk;sweet;animal,True,False
1237,MOL_002681,Isobutyl formate,542-55-2,542-55-2,True,True,CC(C)COC=O,CC(C)COC=O,True,"['fruity', 'ethereal', 'rum']",fruity;ethereal;rum,True,False
3013,MOL_002682,Ethyl isothiocyanate,542-85-8,542-85-8,True,True,CCN=C=S,CCN=C=S,True,"['pungent', 'horseradish']",pungent;horseradish,True,False
3973,MOL_002683,cinnamaldehyde butylene glycol acetal,5420-98-4,5420-98-4,True,True,CC1CCOC(O1)/C=C/C2=CC=CC=C2,CC1CCOC(/C=C/c2ccccc2)O1,True,"['sweet', 'spicy', 'cinnamon', 'warm']",sweet;spicy;cinnamon;warm,True,False
2285,MOL_002684,Tetrahydrofurfuryl phenylacetate (See comments),5421-00-1,5421-00-1,True,True,O=C(Cc1ccccc1)OCC1CCCO1,O=C(Cc1ccccc1)OCC1CCCO1,True,"['honey', 'fruity', 'sweet', 'chocolate']",honey;fruity;sweet;chocolate,True,False
2624,MOL_002685,Decanal propylene glycol acetal,5421-12-5,5421-12-5,True,True,CCCCCCCCCC1OCC(C)O1,CCCCCCCCCC1OCC(C)O1,True,"['green', 'fruity', 'floral', 'citrus']",green;fruity;floral;citrus,True,False
1127,MOL_002686,Hexyl phenylacetate,5421-17-0,5421-17-0,True,True,CCCCCCOC(=O)Cc1ccccc1,CCCCCCOC(=O)Cc1ccccc1,True,"['green', 'fruity', 'honey', 'waxy', 'winey', 'floral', 'sweet']",green;fruity;honey;waxy;winey;floral;sweet,True,False
2797,MOL_002687,Isobutyl undecenoate,5421-27-2,5421-27-2,True,True,C=CCCCCCCCCC(=O)OCC(C)C,C=CCCCCCCCCC(=O)OCC(C)C,True,"['fatty', 'fruity', 'buttery', 'waxy', 'herbal', 'winey', 'brandy']",fatty;fruity;buttery;waxy;herbal;winey;brandy,True,False
249,MOL_002688,Butyl acetolactate,5422-69-5,5422-69-5,True,True,CCCCOC(=O)C(C)OC(C)=O,CCCCOC(=O)C(C)OC(C)=O,True,"['fruity', 'milky', 'creamy']",fruity;milky;creamy,True,False
3974,MOL_002689,phenethyl acetal,5426-78-8,5426-78-8,True,True,CCOC(C)OC1=CC=CC=C1,CCOC(C)Oc1ccccc1,True,"['green', 'fresh', 'leafy', 'woody', 'rose']",green;fresh;leafy;woody;rose,True,False
1827,MOL_002690,Myrcenol,543-39-5,543-39-5,True,True,C=CC(=C)CCCC(C)(C)O,C=CC(=C)CCCC(C)(C)O,True,"['woody', 'floral']",woody;floral,True,False
993,MOL_002691,Heptanol,543-49-7,543-49-7,True,True,CCCCCC(C)O,CCCCCC(C)O,True,"['green', 'lemon', 'herbal']",green;lemon;herbal,True,False
53,MOL_002692,Acetyldimethylpyrazine,54300-08-2,54300-08-2,True,True,CC(=O)c1ncc(C)nc1C,CC(=O)c1ncc(C)nc1C,True,"['nutty', 'hazelnut', 'popcorn', 'roasted']",nutty;hazelnut;popcorn;roasted,True,False
3975,MOL_002693,"2-acetyl-3,6-dimethyl pyrazine",54300-09-3,54300-09-3,True,True,CC1=CN=C(C(=N1)C(=O)C)C,CC(=O)c1nc(C)cnc1C,True,"['popcorn', 'hazelnut', 'caramellic']",popcorn;hazelnut;caramellic,True,False
54,MOL_002694,Acetyldimethylpyrazine,54300-10-6,54300-10-6,True,True,CC(=O)c1cnc(C)c(C)n1,CC(=O)c1cnc(C)c(C)n1,True,"['roasted', 'green', 'nutty', 'aromatic']",roasted;green;nutty;aromatic,True,False
1056,MOL_002695,Hexenal diethyl acetal,54306-00-2,54306-00-2,True,True,CCC/C=C/C(OCC)OCC,CCC/C=C/C(OCC)OCC,True,"['green', 'fruity', 'apple']",green;fruity;apple,True,False
2794,MOL_002696,Isobutyl phenoxyacetate,5432-66-6,5432-66-6,True,True,CC(C)COC(=O)COc1ccccc1,CC(C)COC(=O)COc1ccccc1,True,"['honey', 'sweet', 'herbal']",honey;sweet;herbal,True,False
2788,MOL_002697,Hexyl pivalate,5434-57-1,5434-57-1,True,True,CCCCCCOC(=O)C(C)(C)C,CCCCCCOC(=O)C(C)(C)C,True,"['apple', 'green', 'fruity', 'pear']",apple;green;fruity;pear,True,False
755,MOL_002698,Ethyl heptenoate,54340-72-6,54340-72-6,True,True,CCCC/C=C/C(=O)OCC,CCCC/C=C/C(=O)OCC,True,"['green', 'fruity', 'apple', 'melon']",green;fruity;apple;melon,True,False
3976,MOL_002699,acetaldehyde methyl hexyl acetal,54340-90-8,54340-90-8,True,True,CCCCCCOC(C)OC,CCCCCCOC(C)OC,True,"['green', 'woody', 'herbal']",green;woody;herbal,True,False
2355,MOL_002700,Trimethylhexanal,5435-64-3,5435-64-3,True,True,CC(CC=O)CC(C)(C)C,CC(CC=O)CC(C)(C)C,True,"['green', 'spicy', 'herbal']",green;spicy;herbal,True,False
1975,MOL_002701,Oxobutanal dimethyl acetal,5436-21-5,5436-21-5,True,True,COC(CC(C)=O)OC,COC(CC(C)=O)OC,True,"['sweet', 'herbal']",sweet;herbal,True,False
2607,MOL_002702,Octenol,54393-36-1,54393-36-1,True,True,CCC/C=C\CCCO,CCC/C=C\CCCO,True,"['green', 'fruity', 'earthy', 'fresh', 'herbal', 'sweet']",green;fruity;earthy;fresh;herbal;sweet,True,False
2625,MOL_002703,Diisoamyl ether,544-01-4,544-01-4,True,True,CC(C)CCOCCC(C)C,CC(C)CCOCCC(C)C,True,"['green', 'fruity', 'ethereal', 'herbal']",green;fruity;ethereal;herbal,True,False
1064,MOL_002704,Hexenol,544-12-7,544-12-7,True,True,CC/C=C/CCO,CC/C=C/CCO,True,"['grassy', 'apple', 'green', 'fatty', 'fruity', 'herbal', 'leafy', 'vegetable']",grassy;apple;green;fatty;fruity;herbal;leafy;vegetable,True,False
769,MOL_002705,Ethyl linoleate,544-35-4,544-35-4,True,True,CCCCC/C=C\C/C=C\CCCCCCCC(=O)OCC,CCCCC/C=C\C/C=C\CCCCCCCC(=O)OCC,True,"['oily', 'fatty']",oily;fatty,True,False
295,MOL_002706,Butyl sulfide,544-40-1,544-40-1,True,True,CCCCSCCCC,CCCCSCCCC,True,"['green', 'garlic', 'onion', 'violet', 'horseradish', 'floral']",green;garlic;onion;violet;horseradish;floral,True,False
1830,MOL_002707,Myristic acid,544-63-8,544-63-8,True,True,CCCCCCCCCCCCCC(=O)O,CCCCCCCCCCCCCC(=O)O,True,"['oily', 'waxy', 'odorless']",oily;waxy;odorless,True,False
2596,MOL_002708,Hexadecane,544-76-3,544-76-3,True,True,CCCCCCCCCCCCCCCC,CCCCCCCCCCCCCCCC,True,"['waxy', 'gasoline']",waxy;gasoline,True,False
3977,MOL_002709,"2,3-dimethyl-5-isobutyl pyrazine",54410-83-2,54410-83-2,True,True,CC1=NC=C(N=C1C)CC(C)C,Cc1ncc(CC(C)C)nc1C,True,"['green', 'leafy', 'nutty']",green;leafy;nutty,True,False
304,MOL_002710,Butylethylthiophene,54411-06-2,54411-06-2,True,True,CCCCc1ccc(CC)s1,CCCCc1ccc(CC)s1,True,"['sulfurous', 'burnt', 'roasted']",sulfurous;burnt;roasted,True,False
3978,MOL_002711,cyclohexyl propanol,5442-00-2,5442-00-2,True,True,CC(CO)C1CCCCC1,CC(CO)C1CCCCC1,True,"['floral', 'mint', 'green', 'balsamic']",floral;mint;green;balsamic,True,False
2762,MOL_002712,Ethylhexyl benzoate,5444-75-7,5444-75-7,True,True,CCCCC(CC)COC(=O)c1ccccc1,CCCCC(CC)COC(=O)c1ccccc1,True,"['balsamic', 'ethereal']",balsamic;ethereal,True,False
3979,MOL_002713,saffron indenone,54440-17-4,54440-17-4,True,True,CC1C(=O)C2=CC=CC=C2C1(C)C,CC1C(=O)c2ccccc2C1(C)C,True,"['herbal', 'leathery', 'spicy', 'fresh', 'phenolic', 'tobacco', 'woody']",herbal;leathery;spicy;fresh;phenolic;tobacco;woody,True,False
3980,MOL_002714,lactadione,544409-58-7,544409-58-7,True,True,CCCCCC(=O)C(C)(C(=O)C)O,CCCCCC(=O)C(C)(O)C(C)=O,True,"['solvent', 'earthy']",solvent;earthy,True,False
3981,MOL_002715,patchouli ethanone,54464-57-2,54464-57-2,True,True,CC1CC2=C(CC1(C)C(=O)C)C(CCC2)(C)C,CC(=O)C1(C)CC2=C(CCCC2(C)C)CC1C,True,"['woody', 'dry', 'musk', 'ketonic', 'phenolic']",woody;dry;musk;ketonic;phenolic,True,False
20,MOL_002716,Acetaldehyde ethyl hexyl acetal,54484-73-0,54484-73-0,True,True,CCCCCCOC(C)OCC,CCCCCCOC(C)OCC,True,"['alcoholic', 'ethereal', 'green', 'earthy', 'cognac', 'floral']",alcoholic;ethereal;green;earthy;cognac;floral,True,False
470,MOL_002717,Decyl formate,5451-52-5,5451-52-5,True,True,CCCCCCCCCCOC=O,CCCCCCCCCCOC=O,True,"['fruity', 'fresh', 'floral']",fruity;fresh;floral,True,False
1029,MOL_002718,Heptyl valerate,5451-80-9,5451-80-9,True,True,CCCCCCCOC(=O)CCCC,CCCCCCCOC(=O)CCCC,True,"['oily', 'fruity', 'winey']",oily;fruity;winey,True,False
2858,MOL_002719,Phenylpropyl valerate,5451-88-7,5451-88-7,True,True,CCCCC(=O)OCCCc1ccccc1,CCCCC(=O)OCCCc1ccccc1,True,"['spicy', 'fruity', 'balsamic', 'sweet']",spicy;fruity;balsamic;sweet,True,False
2838,MOL_002720,Nonyl formate,5451-92-3,5451-92-3,True,True,CCCCCCCCCOC=O,CCCCCCCCCOC=O,True,"['sweet', 'citrus']",sweet;citrus,True,False
3982,MOL_002721,nonyl benzoate,5451-95-6,5451-95-6,True,True,CCCCCCCCCOC(=O)C1=CC=CC=C1,CCCCCCCCCOC(=O)c1ccccc1,True,"['balsamic', 'sweet', 'orange', 'mint']",balsamic;sweet;orange;mint,True,False
2099,MOL_002722,Phenylpropyl isovalerate,5452-07-3,5452-07-3,True,True,CC(C)CC(=O)OCCCc1ccccc1,CC(C)CC(=O)OCCCc1ccccc1,True,"['fruity', 'strawberry']",fruity;strawberry,True,False
469,MOL_002723,Decyl butyrate,5454-09-1,5454-09-1,True,True,CCCCCCCCCCOC(=O)CCC,CCCCCCCCCCOC(=O)CCC,True,"['apricot', 'rose', 'fruity', 'waxy', 'peach']",apricot;rose;fruity;waxy;peach,True,False
2072,MOL_002724,Phenylethyl heptanoate,5454-11-5,5454-11-5,True,True,CCCCCCC(=O)OCCc1ccccc1,CCCCCCC(=O)OCCc1ccccc1,True,"['citrus', 'earthy', 'oily', 'orange', 'herbal', 'winey']",citrus;earthy;oily;orange;herbal;winey,True,False
472,MOL_002725,Decyl propionate,5454-19-3,5454-19-3,True,True,CCCCCCCCCCOC(=O)CC,CCCCCCCCCCOC(=O)CC,True,"['citrus', 'fatty', 'musk', 'aldehydic', 'cognac', 'sweet', 'rum']",citrus;fatty;musk;aldehydic;cognac;sweet;rum,True,False
3983,MOL_002726,benzyl heptanoate,5454-21-7,5454-21-7,True,True,CCCCCCC(=O)OCC1=CC=CC=C1,CCCCCCC(=O)OCc1ccccc1,True,"['fruity', 'apricot', 'herbal']",fruity;apricot;herbal,True,False
3240,MOL_002727,Decyl isobutyrate,5454-22-8,5454-22-8,True,True,CCCCCCCCCCOC(=O)C(C)C,CCCCCCCCCCOC(=O)C(C)C,True,"['oily', 'herbal']",oily;herbal,True,False
268,MOL_002728,Butyl heptanoate,5454-28-4,5454-28-4,True,True,CCCCCCC(=O)OCCCC,CCCCCCC(=O)OCCCC,True,"['green', 'fruity', 'apple', 'herbal']",green;fruity;apple;herbal,True,False
2747,MOL_002729,Ethyl hexadecenoate,54546-22-4,54546-22-4,True,True,CCCCCC/C=C/CCCCCCCC(=O)OCC,CCCCCC/C=C/CCCCCCCC(=O)OCC,True,"['oily', 'fatty']",oily;fatty,True,False
3984,MOL_002730,herbal acetal,54546-26-8,54546-26-8,True,True,CCCCC1OC(CC(O1)(C)C)C,CCCCC1OC(C)CC(C)(C)O1,True,"['herbal', 'spicy', 'chamomile', 'green']",herbal;spicy;chamomile;green,True,False
1928,MOL_002731,Octanedione,5455-24-3,5455-24-3,True,True,CCCC(=O)C(=O)CCC,CCCC(=O)C(=O)CCC,True,"['creamy', 'caramellic', 'fatty', 'fruity', 'cheesy', 'sweet', 'buttery']",creamy;caramellic;fatty;fruity;cheesy;sweet;buttery,True,False
2039,MOL_002732,Phenethyl octanoate,5457-70-5,5457-70-5,True,True,CCCCCCCC(=O)OCCc1ccccc1,CCCCCCCC(=O)OCCc1ccccc1,True,"['green', 'fruity', 'earthy', 'winey', 'floral']",green;fruity;earthy;winey;floral,True,False
1318,MOL_002733,Isopropyl octanoate,5458-59-3,5458-59-3,True,True,CCCCCCCC(=O)OC(C)C,CCCCCCCC(=O)OC(C)C,True,"['fatty', 'fruity', 'winey']",fatty;fruity;winey,True,False
348,MOL_002734,Cedrene,546-28-1,546-28-1,True,True,C=C1CC[C@@]23C[C@@H]1C(C)(C)[C@@H]2CC[C@H]3C,C=C1CC[C@@]23C[C@@H]1C(C)(C)[C@@H]2CC[C@H]3C,True,"['woody', 'fatty', 'sweet']",woody;fatty;sweet,True,False
159,MOL_002735,Artemisia Ketone,546-49-6,546-49-6,True,True,C=CC(C)(C)C(=O)C=C(C)C,C=CC(C)(C)C(=O)C=C(C)C,True,"['green', 'honey', 'berry', 'herbal', 'mint']",green;honey;berry;herbal;mint,True,False
2230,MOL_002736,Sabinene hydrate,546-79-2,546-79-2,True,True,CC(C)[C@]12CC[C@@](C)(O)[C@@H]1C2,CC(C)[C@]12CC[C@@](C)(O)[C@@H]1C2,True,"['camphoreous', 'herbal', 'woody', 'sweet', 'mint']",camphoreous;herbal;woody;sweet;mint,True,False
3985,MOL_002737,alpha-thujone,546-80-5,546-80-5,True,True,C[C@@H]1[C@H]2C[C@]2(CC1=O)C(C)C,CC(C)[C@]12CC(=O)[C@H](C)[C@H]1C2,True,"['woody', 'camphoreous']",woody;camphoreous,True,False
2763,MOL_002738,Ethylhexyl formate,5460-45-7,5460-45-7,True,True,CCCCC(CC)COC=O,CCCCC(CC)COC=O,True,['fruity'],fruity,True,False
906,MOL_002739,Fenchyl formate,5460-46-8,5460-46-8,True,True,CC12CCC(C1)C(C)(C)C2OC=O,CC12CCC(C1)C(C)(C)C2OC=O,True,['pine'],pine,True,False
2888,MOL_002740,Undecyl butyrate,5461-02-9,5461-02-9,True,True,CCCCCCCCCCCOC(=O)CCC,CCCCCCCCCCCOC(=O)CCC,True,"['oily', 'fruity', 'fatty']",oily;fruity;fatty,True,False
1250,MOL_002741,Isobutyl octanoate,5461-06-3,5461-06-3,True,True,CCCCCCCC(=O)OCC(C)C,CCCCCCCC(=O)OCC(C)C,True,"['oily', 'fatty', 'fruity', 'winey']",oily;fatty;fruity;winey,True,False
2124,MOL_002742,Piperonyl isobutyrate,5461-08-5,5461-08-5,True,True,CC(C)C(=O)OCc1ccc2c(c1)OCO2,CC(C)C(=O)OCc1ccc2c(c1)OCO2,True,"['fruity', 'sweet', 'berry']",fruity;sweet;berry,True,False
3986,MOL_002743,para-anisyl propanal,5462-06-6,5462-06-6,True,True,CC(CC1=CC=C(C=C1)OC)C=O,COc1ccc(CC(C)C=O)cc1,True,"['sweet', 'anisic', 'herbal', 'berry', 'green']",sweet;anisic;herbal;berry;green,True,False
527,MOL_002744,Diethyltrithiolane,54644-28-9,54644-28-9,True,True,CCC1(CC)CSSS1,CCC1(CC)CSSS1,True,"['garlic', 'sulfurous']",garlic;sulfurous,True,False
2437,MOL_002745,Ethyl hexenoate,54653-25-7,54653-25-7,True,True,CCCC=CC(=O)OCC,CCCC=CC(=O)OCC,True,"['ripe', 'apple', 'green', 'fruity', 'strawberry', 'pineapple', 'sweet']",ripe;apple;green;fruity;strawberry;pineapple;sweet,True,False
774,MOL_002746,Ethyl mercaptopropionate,5466-06-8,5466-06-8,True,True,CCOC(=O)CCS,CCOC(=O)CCS,True,"['fruity', 'tropical', 'grape', 'fresh']",fruity;tropical;grape;fresh,True,False
2656,MOL_002747,Phenylacetaldehyde propylene glycol acetal,5468-05-3,5468-05-3,True,True,CC1COC(Cc2ccccc2)O1,CC1COC(Cc2ccccc2)O1,True,"['rose', 'green', 'fresh', 'floral', 'sweet']",rose;green;fresh;floral;sweet,True,False
2054,MOL_002748,Phenylacetaldehyde butylene glycol acetal,5468-06-4,5468-06-4,True,True,CC1OC(Cc2ccccc2)OC1C,CC1OC(Cc2ccccc2)OC1C,True,"['earthy', 'fruity', 'herbal', 'floral', 'sweet']",earthy;fruity;herbal;floral;sweet,True,False
2989,MOL_002749,Pinocamphone,547-60-4,547-60-4,True,True,CC1C(=O)CC2CC1C2(C)C,CC1C(=O)CC2CC1C2(C)C,True,"['spicy', 'fresh', 'camphoreous', 'herbal']",spicy;fresh;camphoreous;herbal,True,False
3987,MOL_002750,laevo-pinocarveol,547-61-5,547-61-5,True,True,CC1([C@H]2C[C@@H]1C(=C)C(C2)O)C,C=C1C(O)C[C@@H]2C[C@H]1C2(C)C,True,"['warm', 'woody', 'balsamic', 'herbal']",warm;woody;balsamic;herbal,True,False
1513,MOL_002751,Methyl isobutyrate,547-63-7,547-63-7,True,True,COC(=O)C(C)C,COC(=O)C(C)C,True,"['apple', 'apricot', 'fruity', 'pineapple', 'rum']",apple;apricot;fruity;pineapple;rum,True,False
2218,MOL_002752,Raspberry Ketone,5471-51-2,5471-51-2,True,True,CC(=O)CCc1ccc(O)cc1,CC(=O)CCc1ccc(O)cc1,True,"['fruity', 'sweet']",fruity;sweet,True,False
3988,MOL_002753,"2,4,6-triethyl tetrahydro-1,3,5-dithiazine",54717-17-8,54717-17-8,True,True,CCC1NC(SC(S1)CC)CC,CCC1NC(CC)SC(CC)S1,True,"['alliaceous', 'roasted', 'onion', 'fatty']",alliaceous;roasted;onion;fatty,True,False
3989,MOL_002754,massoia lactone,54814-64-1,54814-64-1,True,True,CCCCCC1CC=CC(=O)O1,CCCCCC1CC=CC(=O)O1,True,"['sweet', 'creamy', 'coconut', 'milky', 'peach', 'fruity', 'herbal']",sweet;creamy;coconut;milky;peach;fruity;herbal,True,False
1872,MOL_002755,Nonanal diethyl acetal,54815-13-3,54815-13-3,True,True,CCCCCCCCC(OCC)OCC,CCCCCCCCC(OCC)OCC,True,"['green', 'fresh', 'floral', 'citrus']",green;fresh;floral;citrus,True,False
3990,MOL_002756,"tricyclo(5.2.1.02,6)dec-3-enyl acetate",54830-99-8,54830-99-8,True,True,CC(=O)OC1=CCC2C1C3CCC2C3,CC(=O)OC1=CCC2C3CCC(C3)C12,True,"['green', 'woody', 'pine', 'anisic']",green;woody;pine;anisic,True,False
197,MOL_002757,Benzyl octyl ether,54852-64-1,54852-64-1,True,True,CCCCCCCCOCc1ccccc1,CCCCCCCCOCc1ccccc1,True,"['earthy', 'fruity', 'balsamic', 'aromatic', 'floral']",earthy;fruity;balsamic;aromatic;floral,True,False
3290,MOL_002758,Mercaptopentanol,548740-99-4,548740-99-4,True,True,CCCCC(O)S,CCCCC(O)S,True,"['citrus', 'green', 'catty', 'brothy', 'grapefruit']",citrus;green;catty;brothy;grapefruit,True,False
3176,MOL_002759,Mercaptoheptyl acetate,548774-80-7,548774-80-7,True,True,CC(=O)OCCCCCCCS,CC(=O)OCCCCCCCS,True,"['citrus', 'fruity', 'tea', 'peach']",citrus;fruity;tea;peach,True,False
1924,MOL_002760,Octanal diethyl acetal,54889-48-4,54889-48-4,True,True,CCCCCCCC(OCC)OCC,CCCCCCCC(OCC)OCC,True,"['green', 'floral', 'orange', 'citrus']",green;floral;orange;citrus,True,False
480,MOL_002761,Di-isopropyltrithiolane,54934-99-5,54934-99-5,True,True,CC(C)C1(C(C)C)CSSS1,CC(C)C1(C(C)C)CSSS1,True,"['oily', 'garlic', 'fatty', 'nutty', 'onion', 'sulfurous']",oily;garlic;fatty;nutty;onion;sulfurous,True,False
1712,MOL_002762,Methyloctanoic acid,54947-74-9,54947-74-9,True,True,CCCC[C@@H](C)CCC(=O)O,CCCC[C@@H](C)CCC(=O)O,True,"['meaty', 'fatty', 'musty', 'cheesy']",meaty;fatty;musty;cheesy,True,False
1693,MOL_002763,Methylhydroxypropyl methylmercaptopropyl sulfide,54957-02-7,54957-02-7,True,True,CC(O)C(C)SC(C)C(C)S,CC(O)C(C)SC(C)C(C)S,True,"['meaty', 'roasted', 'savory', 'burnt', 'brothy', 'sulfurous']",meaty;roasted;savory;burnt;brothy;sulfurous,True,False
3991,MOL_002764,ethylene dodecanoate,54982-83-1,54982-83-1,True,True,C1CCCCCC(=O)OCCOC(=O)CCCC1,O=C1CCCCCCCCCCC(=O)OCCO1,True,"['sweet', 'fresh', 'waxy', 'musk', 'animal']",sweet;fresh;waxy;musk;animal,True,False
3233,MOL_002765,Hydroxyhydroxymethoxyphenylacetic acid,55-10-7,55-10-7,True,True,COc1cc([C@H](O)C(=O)O)ccc1O,COc1cc([C@H](O)C(=O)O)ccc1O,True,"['vanilla', 'sweet']",vanilla;sweet,True,False
3992,MOL_002766,cis-oak lactone,55013-32-6,55013-32-6,True,True,CCCC[C@@H]1[C@@H](CC(=O)O1)C,CCCC[C@H]1OC(=O)C[C@H]1C,True,"['sweet', 'spicy', 'coconut', 'vanilla']",sweet;spicy;coconut;vanilla,True,False
3993,MOL_002767,muguet shiseol,5502-75-0,5502-75-0,True,True,CC(C)C1CCC(CC1)CO,CC(C)C1CCC(CO)CC1,True,"['fresh', 'floral', 'spicy', 'grassy']",fresh;floral;spicy;grassy,True,False
3994,MOL_002768,"5-isopropyl-nonane-2,8-diol",55023-56-8,55023-56-8,True,True,CC(C)C(CCC(C)O)CCC(C)O,CC(O)CCC(CCC(C)O)C(C)C,True,"['woody', 'animal']",woody;animal,True,False
844,MOL_002769,Ethyldimethylpyrazine,55031-15-7,55031-15-7,True,True,CCc1ncc(C)nc1C,CCc1ncc(C)nc1C,True,"['nutty', 'cocoa', 'burnt', 'almond', 'hazelnut', 'chocolate']",nutty;cocoa;burnt;almond;hazelnut;chocolate,True,False
3995,MOL_002770,exo-isocitral,55050-40-3,55050-40-3,True,True,CC(=CCCC(=C)CC=O)C,C=C(CC=O)CCC=C(C)C,True,"['fruity', 'aldehydic', 'citrus', 'floral', 'lemon', 'woody']",fruity;aldehydic;citrus;floral;lemon;woody,True,False
3996,MOL_002771,rose absolute pentanol,55066-48-3,55066-48-3,True,True,CC(CCC1=CC=CC=C1)CCO,CC(CCO)CCc1ccccc1,True,"['fresh', 'floral', 'rose', 'green', 'honey', 'tropical']",fresh;floral;rose;green;honey;tropical,True,False
3997,MOL_002772,lily pentanal,55066-49-4,55066-49-4,True,True,CC(CCC1=CC=CC=C1)CC=O,CC(CC=O)CCc1ccccc1,True,"['aldehydic', 'floral', 'green', 'fresh', 'waxy', 'woody']",aldehydic;floral;green;fresh;waxy;woody,True,False
2755,MOL_002773,Ethyl ricinoleate,55066-53-0,55066-53-0,True,True,CCCCCC[C@@H](O)C/C=C\CCCCCCCC(=O)OCC,CCCCCC[C@@H](O)C/C=C\CCCCCCCC(=O)OCC,True,"['oily', 'fatty']",oily;fatty,True,False
2322,MOL_002774,Tolyl isovalerate,55066-56-3,55066-56-3,True,True,Cc1ccc(OC(=O)CC(C)C)cc1,Cc1ccc(OC(=O)CC(C)C)cc1,True,"['tobacco', 'herbal', 'sweet', 'animal']",tobacco;herbal;sweet;animal,True,False
306,MOL_002775,Butylidenephthalide,551-08-6,551-08-6,True,True,CCC/C=C1/OC(=O)c2ccccc21,CCC/C=C1/OC(=O)c2ccccc21,True,['herbal'],herbal,True,False
118,MOL_002776,Aminoacetophenone,551-93-9,551-93-9,True,True,CC(=O)c1ccccc1N,CC(=O)c1ccccc1N,True,['grape'],grape,True,False
1621,MOL_002777,Methylbutyl dodecanoate,55195-19-2,55195-19-2,True,True,CCCCCCCCCCCC(=O)OC(C)CCC,CCCCCCCCCCCC(=O)OC(C)CCC,True,"['oily', 'fatty', 'waxy', 'winey']",oily;fatty;waxy;winey,True,False
1620,MOL_002778,Methylbutyl decanoate,55195-23-8,55195-23-8,True,True,CCCCCCCCCC(=O)OC(C)CCC,CCCCCCCCCC(=O)OC(C)CCC,True,"['oily', 'fruity', 'cognac', 'sweet', 'brandy']",oily;fruity;cognac;sweet;brandy,True,False
2421,MOL_002779,Viridiflorol,552-02-3,552-02-3,True,True,C[C@@H]1CC[C@H]2[C@@H]1C1[C@@H](CC[C@]2(C)O)C1(C)C,C[C@@H]1CC[C@H]2[C@@H]1C1[C@@H](CC[C@]2(C)O)C1(C)C,True,"['green', 'sweet', 'woody', 'floral']",green;sweet;woody;floral,True,False
3998,MOL_002780,(+)-dihydrocarvone,5524-05-0,5524-05-0,True,True,C[C@@H]1CC[C@H](CC1=O)C(=C)C,C=C(C)[C@@H]1CC[C@@H](C)C(=O)C1,True,"['herbal', 'mint']",herbal;mint,True,False
2105,MOL_002781,Photocitral A,55253-28-6,55253-28-6,True,True,C=C(C)[C@H]1CC[C@@H](C)[C@H]1C=O,C=C(C)[C@H]1CC[C@@H](C)[C@H]1C=O,True,"['green', 'fruity', 'camphoreous', 'herbal', 'woody']",green;fruity;camphoreous;herbal;woody,True,False
1316,MOL_002782,Isopropyl nicotinate,553-60-6,553-60-6,True,True,CC(C)OC(=O)c1cccnc1,CC(C)OC(=O)c1cccnc1,True,"['fruity', 'tobacco', 'herbal', 'floral']",fruity;tobacco;herbal;floral,True,False
1564,MOL_002783,Methyl propionate,554-12-1,554-12-1,True,True,CCC(=O)OC,CCC(=O)OC,True,"['fruity', 'ethereal', 'rum']",fruity;ethereal;rum,True,False
1805,MOL_002784,Methylthiophene,554-14-3,554-14-3,True,True,Cc1cccs1,Cc1cccs1,True,"['roasted', 'green', 'onion', 'sulfurous', 'pungent']",roasted;green;onion;sulfurous;pungent,True,False
1654,MOL_002785,Methylenedioxyphenylbutanone,55418-52-5,55418-52-5,True,True,CC(=O)CCc1ccc2c(c1)OCO2,CC(=O)CCc1ccc2c(c1)OCO2,True,"['berry', 'woody', 'cherry', 'floral', 'sweet']",berry;woody;cherry;floral;sweet,True,False
3999,MOL_002786,(Z)-3-hexenal dimethyl acetal,55444-65-0,55444-65-0,True,True,CC/C=C\CC(OC)OC,CC/C=C\CC(OC)OC,True,"['fruity', 'apple']",fruity;apple,True,False
4000,MOL_002787,methyl (R)-2-methyl butyrate,55449-44-0,55449-44-0,True,True,O=C(OC)[C@H](C)CC,CC[C@@H](C)C(=O)OC,True,"['fruity', 'dairy']",fruity;dairy,True,False
2023,MOL_002788,Phellandrene,555-10-2,555-10-2,True,True,C=C1C=C[C@H](C(C)C)CC1,C=C1C=C[C@H](C(C)C)CC1,True,"['spicy', 'fresh', 'citrus']",spicy;fresh;citrus,True,False
420,MOL_002789,Cycloionone,5552-30-7,5552-30-7,True,True,CC1=CC=C2C(C)(C)CCCC2(C)O1,CC1=CC=C2C(C)(C)CCCC2(C)O1,True,"['fruity', 'berry', 'orris', 'woody', 'floral', 'sweet']",fruity;berry;orris;woody;floral;sweet,True,False
4001,MOL_002790,"4-methyl-2-(2-methyl-1-propenyl)-1,3-dioxane",55546-11-7,55546-11-7,True,True,CC1CCOC(O1)C=C(C)C,CC(C)=CC1OCCC(C)O1,True,"['floral', 'woody', 'fruity', 'berry', 'green']",floral;woody;fruity;berry;green,True,False
2832,MOL_002791,Methylbutyl valerate,55590-83-5,55590-83-5,True,True,CCCCC(=O)OCC(C)CC,CCCCC(=O)OCC(C)CC,True,"['apple', 'apricot', 'fruity', 'banana']",apple;apricot;fruity;banana,True,False
1515,MOL_002792,Methyl isovalerate,556-24-1,556-24-1,True,True,COC(=O)CC(C)C,COC(=O)CC(C)C,True,"['fruity', 'apple', 'pineapple', 'ethereal']",fruity;apple;pineapple;ethereal,True,False
3014,MOL_002793,Methyl isothiocyanate,556-61-6,556-61-6,True,True,CN=C=S,CN=C=S,True,"['pungent', 'horseradish']",pungent;horseradish,True,False
1613,MOL_002794,Methylbutenol,556-82-1,556-82-1,True,True,CC(C)=CCO,CC(C)=CCO,True,"['green', 'fruity']",green;fruity,True,False
2177,MOL_002795,Propyl isovalerate,557-00-6,557-00-6,True,True,CCCOC(=O)CC(C)C,CCCOC(=O)CC(C)C,True,"['fruity', 'apple']",fruity;apple,True,False
89,MOL_002796,Allyl ethyl ether,557-31-3,557-31-3,True,True,C=CCOCC,C=CCOCC,True,"['sharp', 'ethereal']",sharp;ethereal,True,False
1859,MOL_002797,Nonadienal,557-48-2,557-48-2,True,True,CC/C=C\CC/C=C/C=O,CC/C=C\CC/C=C/C=O,True,"['green', 'melon', 'violet', 'leafy', 'cucumber']",green;melon;violet;leafy;cucumber,True,False
591,MOL_002798,Dimethyldihydroxydithiane,55704-78-4,55704-78-4,True,True,CC1(O)CSC(C)(O)CS1,CC1(O)CSC(C)(O)CS1,True,"['onion', 'chicken', 'sweet']",onion;chicken;sweet,True,False
2044,MOL_002799,Phenethyl tiglate,55719-85-2,55719-85-2,True,True,C/C=C(\C)C(=O)OCCc1ccccc1,C/C=C(\C)C(=O)OCCc1ccccc1,True,"['rose', 'green', 'herbal', 'leafy', 'dry']",rose;green;herbal;leafy;dry,True,False
2473,MOL_002800,Dimethylfuranthiol acetate,55764-22-2,55764-22-2,True,True,CC(=O)Sc1cc(C)oc1C,CC(=O)Sc1cc(C)oc1C,True,"['meaty', 'roasted']",meaty;roasted,True,False
601,MOL_002801,Dimethylfuranthiol,55764-23-3,55764-23-3,True,True,Cc1cc(S)c(C)o1,Cc1cc(S)c(C)o1,True,"['meaty', 'roasted', 'savory']",meaty;roasted;savory,True,False
1664,MOL_002802,Methylfuryl thioacetate,55764-25-5,55764-25-5,True,True,CC(=O)Sc1ccoc1C,CC(=O)Sc1ccoc1C,True,"['meaty', 'roasted', 'chicken', 'beefy']",meaty;roasted;chicken;beefy,True,False
653,MOL_002803,Dimethylthioisovalerylfuran,55764-28-8,55764-28-8,True,True,Cc1cc(SC(=O)CC(C)C)c(C)o1,Cc1cc(SC(=O)CC(C)C)c(C)o1,True,"['creamy', 'cocoa']",creamy;cocoa,True,False
4002,MOL_002804,"3-(2-furoyl thio)-2,5-dimethyl furan",55764-31-3,55764-31-3,True,True,CC1=CC(=C(O1)C)SC(=O)C2=CC=CO2,Cc1cc(SC(=O)c2ccco2)c(C)o1,True,['vegetable'],vegetable,True,False
4003,MOL_002805,"2,4-octadienal",5577-44-6,5577-44-6,True,True,CCCC=CC=CC=O,CCCC=CC=CC=O,True,"['fatty', 'pear', 'vegetable', 'green', 'oily', 'citrus', 'melon']",fatty;pear;vegetable;green;oily;citrus;melon,True,False
437,MOL_002806,Decalactone,5579-78-2,5579-78-2,True,True,CCCCC1CCCCC(=O)O1,CCCCC1CCCCC(=O)O1,True,"['caramellic', 'fruity', 'nutty', 'milky', 'coconut']",caramellic;fruity;nutty;milky;coconut,True,False
4004,MOL_002807,dianthus ethone,5595-79-9,5595-79-9,True,True,CCOC1=C(C=CC(=C1)COC)O,CCOc1cc(COC)ccc1O,True,"['sweet', 'floral', 'spicy', 'orris', 'vanilla', 'creamy', 'smoky', 'balsamic']",sweet;floral;spicy;orris;vanilla;creamy;smoky;balsamic,True,False
4005,MOL_002808,gamma-aminobutyric acid,56-12-2,56-12-2,True,True,C(CC(=O)O)CN,NCCCC(=O)O,True,"['savory', 'meaty']",savory;meaty,True,False
966,MOL_002809,Glutamine,56-85-9,56-85-9,True,True,NC(=O)CC[C@H](N)C(=O)O,NC(=O)CC[C@H](N)C(=O)O,True,['odorless'],odorless,True,False
965,MOL_002810,Glutamic acid,56-86-0,56-86-0,True,True,NC(CCC(=O)O)C(=O)O,NC(CCC(=O)O)C(=O)O,True,['odorless'],odorless,True,False
1850,MOL_002811,Nerolidyl acetate,56001-43-5,56001-43-5,True,True,C=C[C@](C)(CC/C=C(/C)CCC=C(C)C)OC(C)=O,C=C[C@](C)(CC/C=C(/C)CCC=C(C)C)OC(C)=O,True,"['woody', 'fresh']",woody;fresh,True,False
4006,MOL_002812,(R)-2-ethyl hexanoic acid,56006-48-5,56006-48-5,True,True,CCCC[C@@H](CC)C(=O)O,CCCC[C@@H](CC)C(=O)O,True,"['herbal', 'earthy']",herbal;earthy,True,False
1649,MOL_002813,Methyldecanoic acid,5601-60-5,5601-60-5,True,True,CCC(C)CCCCCCC(=O)O,CCC(C)CCCCCCC(=O)O,True,"['fatty', 'waxy']",fatty;waxy,True,False
2642,MOL_002814,Isoamyl phenethyl ether,56011-02-0,56011-02-0,True,True,CC(C)CCOCCc1ccccc1,CC(C)CCOCCc1ccccc1,True,"['green', 'tropical', 'sweet']",green;tropical;sweet,True,False
659,MOL_002815,Dimethylvinylhexenal,56134-05-5,56134-05-5,True,True,C=CC(C)(C=O)CC=C(C)C,C=CC(C)(C=O)CC=C(C)C,True,"['fruity', 'citrus']",fruity;citrus,True,False
4007,MOL_002816,"2-methyl-1,3-dithiolane",5616-51-3,5616-51-3,True,True,CC1SCCS1,CC1SCCS1,True,"['sulfurous', 'alliaceous', 'smoky', 'savory', 'vegetable']",sulfurous;alliaceous;smoky;savory;vegetable,True,False
4008,MOL_002817,coumane,5617-64-1,5617-64-1,True,True,C1C2C1C(=O)OC3=CC=CC=C23,O=C1Oc2ccccc2C2CC12,True,"['green', 'spicy', 'coumarinic', 'nutty', 'vanilla']",green;spicy;coumarinic;nutty;vanilla,True,False
2771,MOL_002818,Geranyl butenoate,56172-46-4,56172-46-4,True,True,C/C=C/C(=O)OC/C=C(\C)CCC=C(C)C,C/C=C/C(=O)OC/C=C(\C)CCC=C(C)C,True,"['rose', 'herbal', 'floral', 'sweet']",rose;herbal;floral;sweet,True,False
2887,MOL_002819,Undecenyl butyrate,56195-37-0,56195-37-0,True,True,C=CCCCCCCCCCOC(=O)CCC,C=CCCCCCCCCCOC(=O)CCC,True,"['oily', 'fruity', 'fatty']",oily;fruity;fatty,True,False
2262,MOL_002820,Terpinenol,562-74-3,562-74-3,True,True,CC1=CCC(O)(C(C)C)CC1,CC1=CCC(O)(C(C)C)CC1,True,"['citrus', 'green', 'woody', 'musty', 'sweet']",citrus;green;woody;musty;sweet,True,False
4009,MOL_002821,"2,4,6-nonatrienal",56269-22-8,56269-22-8,True,True,CCC=CC=CC=CC=O,CCC=CC=CC=CC=O,True,"['green', 'cucumber', 'melon', 'aldehydic']",green;cucumber;melon;aldehydic,True,False
1607,MOL_002822,Methylbutanone,563-80-4,563-80-4,True,True,CC(=O)C(C)C,CC(=O)C(C)C,True,"['ketonic', 'camphoreous', 'ethereal']",ketonic;camphoreous;ethereal,True,False
4010,MOL_002823,sclareolide,564-20-5,564-20-5,True,True,C[C@]12CCCC([C@@H]1CC[C@@]3([C@@H]2CC(=O)O3)C)(C)C,CC1(C)CCC[C@]2(C)[C@H]3CC(=O)O[C@]3(C)CC[C@@H]12,True,"['dry', 'woody', 'musk', 'balsamic', 'aromatic', 'musty', 'tobacco']",dry;woody;musk;balsamic;aromatic;musty;tobacco,True,False
1834,MOL_002824,Myrtenal,564-94-3,564-94-3,True,True,CC1(C)C2CC=C(C=O)C1C2,CC1(C)C2CC=C(C=O)C1C2,True,"['spicy', 'cinnamon', 'herbal']",spicy;cinnamon;herbal,True,False
195,MOL_002825,Benzyl methylbutyrate,56423-40-6,56423-40-6,True,True,CCC(C)C(=O)OCc1ccccc1,CCC(C)C(=O)OCc1ccccc1,True,"['fruity', 'apple', 'tropical']",fruity;apple;tropical,True,False
1025,MOL_002826,Heptyl isovalerate,56423-43-9,56423-43-9,True,True,CCCCCCCOC(=O)CC(C)C,CCCCCCCOC(=O)CC(C)C,True,"['green', 'fruity', 'herbal']",green;fruity;herbal,True,False
1726,MOL_002827,Methylpentanol,565-60-6,565-60-6,True,True,CCC(C)C(C)O,CCC(C)C(C)O,True,"['alcoholic', 'solvent', 'ethereal', 'green', 'fruity']",alcoholic;solvent;ethereal;green;fruity,True,False
1730,MOL_002828,Methylpentanone,565-61-7,565-61-7,True,True,CCC(C)C(C)=O,CCC(C)C(C)=O,True,"['fruity', 'ketonic', 'fermented']",fruity;ketonic;fermented,True,False
146,MOL_002829,Angelic acid,565-63-9,565-63-9,True,True,C/C=C(/C)C(=O)O,C/C=C(/C)C(=O)O,True,"['spicy', 'caramellic']",spicy;caramellic,True,False
3089,MOL_002830,Methylpentanone,565-69-5,565-69-5,True,True,CCC(=O)C(C)C,CCC(=O)C(C)C,True,"['fruity', 'ketonic', 'ethereal', 'mint']",fruity;ketonic;ethereal;mint,True,False
2895,MOL_002831,Diisopropyl ketone,565-80-0,565-80-0,True,True,CC(C)C(=O)C(C)C,CC(C)C(=O)C(C)C,True,"['ketonic', 'ethereal', 'fruity', 'herbal', 'cheesy']",ketonic;ethereal;fruity;herbal;cheesy,True,False
2158,MOL_002832,Propiosyringone,5650-43-1,5650-43-1,True,True,CCC(=O)c1cc(OC)c(O)c(OC)c1,CCC(=O)c1cc(OC)c(O)c(OC)c1,True,"['fruity', 'vanilla', 'balsamic', 'floral', 'sweet']",fruity;vanilla;balsamic;floral;sweet,True,False
3150,MOL_002833,Dimethoxybenzyl alcohol,5653-67-8,5653-67-8,True,True,COc1cccc(CO)c1OC,COc1cccc(CO)c1OC,True,"['fruity', 'vanilla', 'anisic', 'aromatic', 'sweet']",fruity;vanilla;anisic;aromatic;sweet,True,False
218,MOL_002834,Bornyl acetate,5655-61-8,5655-61-8,True,True,CC(=O)O[C@@H]1C[C@@H]2CC[C@@]1(C)C2(C)C,CC(=O)O[C@@H]1C[C@@H]2CC[C@@]1(C)C2(C)C,True,"['pine', 'balsamic', 'sweet', 'herbal']",pine;balsamic;sweet;herbal,True,False
2548,MOL_002835,Octadecenal,56554-87-1,56554-87-1,True,True,CCCCCCCCCCCCCCCC=CC=O,CCCCCCCCCCCCCCCC=CC=O,True,['fatty'],fatty,True,False
4011,MOL_002836,(E)-5-decen-1-ol,56578-18-8,56578-18-8,True,True,OCCCC/C=C/CCCC,CCCC/C=C/CCCCO,True,"['waxy', 'floral', 'rose']",waxy;floral;rose,True,False
356,MOL_002837,Cinnamaldehyde ethylene glycol acetal,5660-60-6,5660-60-6,True,True,C(=C/C1OCCO1)\c1ccccc1,C(=C/C1OCCO1)\c1ccccc1,True,"['cinnamon', 'spicy', 'sweet']",cinnamon;spicy;sweet,True,False
2365,MOL_002838,Trimethylphenylbutenone,56681-06-2,56681-06-2,True,True,C=C(C)C(=O)C(C)(C)c1ccccc1,C=C(C)C(=O)C(C)(C)c1ccccc1,True,"['fruity', 'floral']",fruity;floral,True,False
9,MOL_002839,Acetaldehyde di-isobutyl acetal,5669-09-0,5669-09-0,True,True,CC(C)COC(C)OCC(C)C,CC(C)COC(C)OCC(C)C,True,"['green', 'fermented', 'alcoholic', 'ethereal']",green;fermented;alcoholic;ethereal,True,False
3177,MOL_002840,Nonadiene,56700-78-8,56700-78-8,True,True,C=CC=CCCCCC,C=CC=CCCCCC,True,['gasoline'],gasoline,True,False
2378,MOL_002841,Undecadienol,56722-23-7,56722-23-7,True,True,CCCCCCCC=CC=CO,CCCCCCCC=CC=CO,True,"['green', 'mushroom', 'herbal']",green;mushroom;herbal,True,False
4012,MOL_002842,caryophyllene alcohol,56747-96-7,56747-96-7,True,True,CC1(CC2C3CCCC(C2C1)(C3O)C)C,CC1(C)CC2C3CCCC(C)(C3O)C2C1,True,"['spicy', 'musty', 'earthy', 'balsamic']",spicy;musty;earthy;balsamic,True,False
1917,MOL_002843,Octadienal,56767-18-1,56767-18-1,True,True,C/C=C/CC/C=C/C=O,C/C=C/CC/C=C/C=O,True,"['green', 'fatty', 'vegetable']",green;fatty;vegetable,True,False
4013,MOL_002844,"(Z,Z,Z)-8,11,14-heptadecatrienal",56797-44-5,56797-44-5,True,True,CC/C=C\C/C=C\C/C=C\CCCCCCC=O,CC/C=C\C/C=C\C/C=C\CCCCCCC=O,True,['fishy'],fishy,True,False
1861,MOL_002845,Nonadienol,56805-23-3,56805-23-3,True,True,CC/C=C\C/C=C/CCO,CC/C=C\C/C=C/CCO,True,"['apple', 'green', 'fatty', 'banana', 'vegetable', 'cucumber']",apple;green;fatty;banana;vegetable;cucumber,True,False
4014,MOL_002846,muguet butanol,56836-93-2,56836-93-2,True,True,CC(CC1=CC=CC=C1)C(C)O,CC(O)C(C)Cc1ccccc1,True,"['floral', 'green', 'rose', 'mint']",floral;green;rose;mint,True,False
1105,MOL_002847,Hexenyl valerate,56922-74-8,56922-74-8,True,True,CCC/C=C/COC(=O)CCCC,CCC/C=C/COC(=O)CCCC,True,"['apple', 'green', 'fruity', 'pear', 'waxy', 'cognac', 'pineapple', 'winey']",apple;green;fruity;pear;waxy;cognac;pineapple;winey,True,False
1077,MOL_002848,Hexenyl acetate,56922-75-9,56922-75-9,True,True,CCC/C=C\COC(C)=O,CCC/C=C\COC(C)=O,True,"['green', 'fruity', 'tropical']",green;fruity;tropical,True,False
2778,MOL_002849,Hexenyl hexanoate,56922-79-3,56922-79-3,True,True,CCC/C=C\COC(=O)CCCCC,CCC/C=C\COC(=O)CCCCC,True,"['green', 'fruity', 'apple', 'pear']",green;fruity;apple;pear,True,False
1088,MOL_002850,Hexenyl hexanoate,56922-82-8,56922-82-8,True,True,CC/C=C/CCOC(=O)CCCCC,CC/C=C/CCOC(=O)CCCCC,True,"['apple', 'green', 'fruity', 'fatty', 'pear']",apple;green;fruity;fatty;pear,True,False
3028,MOL_002851,Citral glyceryl acetal(s),5694-82-6,5694-82-6,True,True,CC(C)=CCC/C(C)=C/C1OCC(CO)O1,CC(C)=CCC/C(C)=C/C1OCC(CO)O1,True,['lemon'],lemon,True,False
2873,MOL_002852,Styrallyl isovalerate,56961-73-0,56961-73-0,True,True,CC(C)CC(=O)OC(C)c1ccccc1,CC(C)CC(=O)OC(C)c1ccccc1,True,"['fruity', 'jasmine', 'herbal', 'floral']",fruity;jasmine;herbal;floral,True,False
4015,MOL_002853,galbascone (IFF),56973-85-4,56973-85-4,True,True,CC1(CCC=C(C1)C(=O)CCC=C)C,C=CCCC(=O)C1=CCCC(C)(C)C1,True,"['fresh', 'green', 'earthy', 'pineapple', 'floral', 'fruity']",fresh;green;earthy;pineapple;floral;fruity,True,False
4016,MOL_002854,dimethyl cyclohexyl 3-butenyl ketone,56973-87-6,56973-87-6,True,True,CC1(CCCC(C1)C(=O)CCC=C)C,C=CCCC(=O)C1CCCC(C)(C)C1,True,"['green', 'fruity', 'pineapple', 'herbal', 'balsamic', 'pine']",green;fruity;pineapple;herbal;balsamic;pine,True,False
94,MOL_002855,Allyl isothiocyanate,57-06-7,57-06-7,True,True,C=CCN=C=S,C=CCN=C=S,True,['pungent'],pungent,True,False
1978,MOL_002856,Palmitic acid,57-10-3,57-10-3,True,True,CCCCCCCCCCCCCCCC(=O)O,CCCCCCCCCCCCCCCC(=O)O,True,['odorless'],odorless,True,False
2248,MOL_002857,Stearic acid,57-11-4,57-11-4,True,True,CCCCCCCCCCCCCCCCCC(=O)O,CCCCCCCCCCCCCCCCCC(=O)O,True,['odorless'],odorless,True,False
909,MOL_002858,Fructose,57-48-7,57-48-7,True,True,O=C(CO)[C@@H](O)[C@H](O)[C@H](O)CO,O=C(CO)[C@@H](O)[C@H](O)[C@H](O)CO,True,['sweet'],sweet,True,False
2253,MOL_002859,"Sucrose, Cane sugar, Beet sugar",57-50-1,57-50-1,True,True,OC[C@H]1O[C@H](O[C@]2(CO)O[C@H](CO)[C@@H](O)[C@@H]2O)[C@H](O)[C@@H](O)[C@@H]1O,OC[C@H]1O[C@@](CO)(O[C@H]2O[C@H](CO)[C@@H](O)[C@H](O)[C@H]2O)[C@@H](O)[C@@H]1O,True,['sweet'],sweet,True,False
2193,MOL_002860,Propylene glycol,57-55-6,57-55-6,True,True,CC(O)CO,CC(O)CO,True,['odorless'],odorless,True,False
4017,MOL_002861,"(E,E)-sorbyl acetate",57006-69-6,57006-69-6,True,True,C/C=C/C=C/COC(=O)C,C/C=C/C=C/COC(C)=O,True,"['fresh', 'green', 'oily', 'herbal', 'vegetable']",fresh;green;oily;herbal;vegetable,True,False
4,MOL_002862,Acetaldehyde butyl ethyl acetal,57006-87-8,57006-87-8,True,True,CCCCOC(C)OCC,CCCCOC(C)OCC,True,"['alcoholic', 'ethereal', 'green', 'fruity', 'cognac']",alcoholic;ethereal;green;fruity;cognac,True,False
1887,MOL_002863,Nonatrienal,57018-53-8,57018-53-8,True,True,CCC=CC=CC=CC=O,CCC=CC=CC=CC=O,True,['sweet'],sweet,True,False
1453,MOL_002864,Methoxyphenylacetaldehyde,5703-26-4,5703-26-4,True,True,COc1ccc(CC=O)cc1,COc1ccc(CC=O)cc1,True,"['spicy', 'green', 'floral', 'sweet']",spicy;green;floral;sweet,True,False
2899,MOL_002865,Hydroxypentanone,5704-20-1,5704-20-1,True,True,CCCC(=O)CO,CCCC(=O)CO,True,"['hay', 'buttery']",hay;buttery,True,False
474,MOL_002866,Dehydrodihydroionol,57069-86-0,57069-86-0,True,True,CC1=C(CCC(C)O)C(C)(C)CC=C1,CC1=C(CCC(C)O)C(C)(C)CC=C1,True,"['leathery', 'green', 'musk', 'orris']",leathery;green;musk;orris,True,False
2927,MOL_002867,Decenol,57074-37-0,57074-37-0,True,True,CCCCC/C=C/CCCO,CCCCC/C=C/CCCO,True,"['fruity', 'fatty', 'earthy', 'melon', 'waxy', 'herbal', 'cucumber']",fruity;fatty;earthy;melon;waxy;herbal;cucumber,True,False
3199,MOL_002868,Caryophyllene alcohol acetate,57082-24-3,57082-24-3,True,True,CC(=O)OC12CCCC(C)(CCC3C1CC3(C)C)C2,CC(=O)OC12CCCC(C)(CCC3C1CC3(C)C)C2,True,"['woody', 'fruity']",woody;fruity,True,False
1777,MOL_002869,Methyltetrahydrofuranthiol,57124-87-5,57124-87-5,True,True,CC1OCCC1S,CC1OCCC1S,True,"['roasted', 'meaty', 'savory', 'chicken', 'beefy']",roasted;meaty;savory;chicken;beefy,True,False
4018,MOL_002870,(Z)-cinnamaldehyde,57194-69-1,57194-69-1,True,True,C1=CC=C(C=C1)/C=C\C=O,O=C/C=C\c1ccccc1,True,"['spicy', 'cinnamon']",spicy;cinnamon,True,False
2213,MOL_002871,Pyrroline,5724-81-2,5724-81-2,True,True,C1=NCCC1,C1=NCCC1,True,"['meaty', 'fishy', 'cheesy', 'buttery']",meaty;fishy;cheesy;buttery,True,False
4019,MOL_002872,4-butyl-5-methyl thiazole,57246-60-3,57246-60-3,True,True,CCCCC1=C(SC=N1)C,CCCCc1ncsc1C,True,"['green', 'vegetable']",green;vegetable,True,False
4020,MOL_002873,amber oxepin,57345-19-4,57345-19-4,True,True,CC1(CCCC2(C1CCC34C2CCC(O3)(OC4)C)C)C,CC12CCC3C(CCC4C(C)(C)CCCC43C)(CO1)O2,True,"['dry', 'balsamic', 'orris', 'woody', 'musk']",dry;balsamic;orris;woody;musk,True,False
3004,MOL_002874,Butoxybenzaldehyde,5736-88-9,5736-88-9,True,True,CCCCOc1ccc(C=O)cc1,CCCCOc1ccc(C=O)cc1,True,"['anisic', 'floral', 'sweet', 'herbal']",anisic;floral;sweet;herbal,True,False
2991,MOL_002875,Benzyl eugenol,57371-42-3,57371-42-3,True,True,C=CCc1ccc(OCc2ccccc2)c(OC)c1,C=CCc1ccc(OCc2ccccc2)c(OC)c1,True,"['spicy', 'hay', 'warm']",spicy;hay;warm,True,False
432,MOL_002876,Damascone,57378-68-4,57378-68-4,True,True,C/C=C/C(=O)C1C(C)C=CCC1(C)C,C/C=C/C(=O)C1C(C)C=CCC1(C)C,True,"['black currant', 'fruity', 'rose']",black currant;fruity;rose,True,False
289,MOL_002877,Butyl octenoate,57403-32-4,57403-32-4,True,True,CCCCC/C=C\C(=O)OCCCC,CCCCC/C=C\C(=O)OCCCC,True,"['green', 'oily', 'fruity', 'pear']",green;oily;fruity;pear,True,False
4021,MOL_002878,(E)-trimethyl phenyl butenone,57461-21-9,57461-21-9,True,True,CC1=C(C(=C(C=C1)C)/C=C/C(=O)C)C,CC(=O)/C=C/c1c(C)ccc(C)c1C,True,"['floral', 'green']",floral;green,True,False
1498,MOL_002879,Methyl furfuryl disulfide,57500-00-2,57500-00-2,True,True,CSSCc1ccco1,CSSCc1ccco1,True,"['meaty', 'roasted', 'onion', 'coffee', 'bread']",meaty;roasted;onion;coffee;bread,True,False
573,MOL_002880,Dimethyl tetrasulfide,5756-24-1,5756-24-1,True,True,CSSSSC,CSSSSC,True,"['meaty', 'garlic', 'savory', 'onion', 'sulfurous', 'pungent']",meaty;garlic;savory;onion;sulfurous;pungent,True,False
1344,MOL_002881,Isopulegyl acetate,57576-09-7,57576-09-7,True,True,C=C(C)[C@@H]1CC[C@@H](C)C[C@H]1OC(C)=O,C=C(C)[C@@H]1CC[C@@H](C)C[C@H]1OC(C)=O,True,"['green', 'fruity', 'mint']",green;fruity;mint,True,False
2758,MOL_002882,Ethyl ethoxycrotonate,57592-45-7,57592-45-7,True,True,C/C=C(\OCC)C(=O)OCC,C/C=C(\OCC)C(=O)OCC,True,"['fruity', 'chamomile', 'apple', 'caramellic']",fruity;chamomile;apple;caramellic,True,False
60,MOL_002883,Acetylindole,576-15-8,576-15-8,True,True,CC(=O)n1ccc2ccccc21,CC(=O)n1ccc2ccccc21,True,"['balsamic', 'jasmine']",balsamic;jasmine,True,False
2427,MOL_002884,Xylenol,576-26-1,576-26-1,True,True,Cc1cccc(C)c1O,Cc1cccc(C)c1O,True,"['phenolic', 'smoky', 'sharp', 'sweet']",phenolic;smoky;sharp;sweet,True,False
1579,MOL_002885,Methyl undecenoate,5760-50-9,5760-50-9,True,True,C/C=C/CCCCCCCC(=O)OC,C/C=C/CCCCCCCC(=O)OC,True,"['green', 'fatty', 'musty', 'cognac']",green;fatty;musty;cognac,True,False
4022,MOL_002886,leather propionate,5764-85-2,5764-85-2,True,True,CCOC(=O)CC(C1=CC=CC=C1)O,CCOC(=O)CC(O)c1ccccc1,True,"['fruity', 'leathery', 'strawberry', 'dry', 'hay', 'animal']",fruity;leathery;strawberry;dry;hay;animal,True,False
2608,MOL_002887,Propylfuranone,57681-53-5,57681-53-5,True,True,CCCC1C=CC(=O)O1,CCCC1C=CC(=O)O1,True,"['hay', 'nutty', 'coconut', 'sweet', 'buttery']",hay;nutty;coconut;sweet;buttery,True,False
2597,MOL_002888,Methylacetophenone,577-16-2,577-16-2,True,True,CC(=O)c1ccccc1C,CC(=O)c1ccccc1C,True,"['hay', 'sweet', 'almond', 'aromatic', 'coumarinic']",hay;sweet;almond;aromatic;coumarinic,True,False
759,MOL_002889,Ethyl hydroxybenzyl ether,57726-26-8,57726-26-8,True,True,CCOCc1ccc(O)cc1,CCOCc1ccc(O)cc1,True,"['animal', 'phenolic', 'aromatic', 'floral', 'sweet']",animal;phenolic;aromatic;floral;sweet,True,False
4023,MOL_002890,wine lactone,57743-63-2,57743-63-2,True,True,CC1C2CCC(=CC2OC1=O)C,CC1=CC2OC(=O)C(C)C2CC1,True,"['sweet', 'spicy', 'woody']",sweet;spicy;woody,True,False
1588,MOL_002891,Methylanisole,578-58-5,578-58-5,True,True,COc1ccccc1C,COc1ccccc1C,True,"['earthy', 'camphoreous']",earthy;camphoreous,True,False
2672,MOL_002892,Allyl decanoate,57856-81-2,57856-81-2,True,True,C=CCOC(=O)CCCCCCCCC,C=CCOC(=O)CCCCCCCCC,True,"['fruity', 'winey', 'sweet', 'pineapple']",fruity;winey;sweet;pineapple,True,False
43,MOL_002893,Acetoxydihydrotheaspirane,57893-27-3,57893-27-3,True,True,CC(=O)OC1(C)CCCC(C)(C)C12CCC(C)O2,CC(=O)OC1(C)CCCC(C)(C)C12CCC(C)O2,True,"['fruity', 'woody', 'floral']",fruity;woody;floral,True,False
2080,MOL_002894,Phenylpropanedione,579-07-7,579-07-7,True,True,CC(=O)C(=O)c1ccccc1,CC(=O)C(=O)c1ccccc1,True,"['creamy', 'spicy', 'dairy', 'sweet', 'buttery']",creamy;spicy;dairy;sweet;buttery,True,False
2541,MOL_002895,Methoxypropenyphenol,579-60-2,579-60-2,True,True,C=CCc1cccc(OC)c1O,C=CCc1cccc(OC)c1O,True,"['phenolic', 'spicy', 'sweet', 'smoky']",phenolic;spicy;sweet;smoky,True,False
2525,MOL_002896,Methoxyacetophenone,579-74-8,579-74-8,True,True,COc1ccccc1C(C)=O,COc1ccccc1C(C)=O,True,"['earthy', 'phenolic', 'medicinal', 'musty', 'sweet']",earthy;phenolic;medicinal;musty;sweet,True,False
1436,MOL_002897,Methoxybenzoic acid,579-75-9,579-75-9,True,True,COc1ccccc1C(=O)O,COc1ccccc1C(=O)O,True,['odorless'],odorless,True,False
2503,MOL_002898,Benzoylanthranilic acid,579-93-1,579-93-1,True,True,O=C(Nc1ccccc1C(=O)O)c1ccccc1,O=C(Nc1ccccc1C(=O)O)c1ccccc1,True,['fruity'],fruity,True,False
4024,MOL_002899,(+)-camphene,5794-03-6,5794-03-6,True,True,CC1([C@@H]2CC[C@@H](C2)C1=C)C,C=C1[C@H]2CC[C@H](C2)C1(C)C,True,"['fresh', 'herbal', 'woody', 'pine', 'camphoreous']",fresh;herbal;woody;pine;camphoreous,True,False
4025,MOL_002900,(-)-camphene,5794-04-7,5794-04-7,True,True,CC1([C@H]2CC[C@H](C2)C1=C)C,C=C1[C@@H]2CC[C@@H](C2)C1(C)C,True,"['fresh', 'woody', 'pine']",fresh;woody;pine,True,False
2850,MOL_002901,Phenethyl nonanoate,57943-67-6,57943-67-6,True,True,CCCCCCCCC(=O)OCCc1ccccc1,CCCCCCCCC(=O)OCCc1ccccc1,True,"['rose', 'oily', 'herbal', 'waxy', 'sweet']",rose;oily;herbal;waxy;sweet,True,False
321,MOL_002902,Caffeine,58-08-2,58-08-2,True,True,Cn1c(=O)c2c(ncn2C)n(C)c1=O,Cn1c(=O)c2c(ncn2C)n(C)c1=O,True,['odorless'],odorless,True,False
4026,MOL_002903,dextro-xylose,58-86-6,58-86-6,True,True,C1[C@H]([C@@H]([C@H]([C@H](O1)O)O)O)O,O[C@@H]1[C@@H](O)[C@@H](O)OC[C@H]1O,True,"['smoky', 'woody', 'sweet', 'caramellic']",smoky;woody;sweet;caramellic,True,False
936,MOL_002904,Furfurylthiopropanone,58066-86-7,58066-86-7,True,True,CC(=O)CSCc1ccco1,CC(=O)CSCc1ccco1,True,"['burnt', 'coffee', 'cabbage']",burnt;coffee;cabbage,True,False
4027,MOL_002905,caryophyllene formate,58096-46-1,58096-46-1,True,True,CC1(CC2C1CCC3(CCCC2(C3)OC=O)C)C,CC12CCCC(OC=O)(C1)C1CC(C)(C)C1CC2,True,"['woody', 'spicy', 'camphoreous']",woody;spicy;camphoreous,True,False
1695,MOL_002906,Methylional,58102-02-6,58102-02-6,True,True,CC1=CCCC(C)(C)C1/C=C\C(C)C=O,CC1=CCCC(C)(C)C1/C=C\C(C)C=O,True,"['woody', 'orris']",woody;orris,True,False
2660,MOL_002907,Tolualdehyde propylene glycol acetal,58244-29-4,58244-29-4,True,True,Cc1ccc(C2OCC(C)O2)cc1,Cc1ccc(C2OCC(C)O2)cc1,True,"['almond', 'aromatic', 'cherry']",almond;aromatic;cherry,True,False
4028,MOL_002908,8-undecenal,58296-81-4,58296-81-4,True,True,CCC=CCCCCCCC=O,CCC=CCCCCCCC=O,True,"['aldehydic', 'waxy']",aldehydic;waxy,True,False
3042,MOL_002909,Allyl benzoate,583-04-0,583-04-0,True,True,C=CCOC(=O)c1ccccc1,C=CCOC(=O)c1ccccc1,True,"['fruity', 'cherry', 'floral', 'berry']",fruity;cherry;floral;berry,True,False
267,MOL_002910,Butyl furoate,583-33-5,583-33-5,True,True,CCCCOC(=O)c1ccco1,CCCCOC(=O)c1ccco1,True,"['fruity', 'caramellic']",fruity;caramellic,True,False
1641,MOL_002911,Methylcyclohexanone,583-60-8,583-60-8,True,True,CC1CCCCC1=O,CC1CCCCC1=O,True,"['ketonic', 'earthy', 'almond', 'mint']",ketonic;earthy;almond;mint,True,False
638,MOL_002912,Dimethylpyridine,583-61-9,583-61-9,True,True,Cc1cccnc1C,Cc1cccnc1C,True,['roasted'],roasted,True,False
1803,MOL_002913,Methylthiooxobutanoic acid,583-92-6,583-92-6,True,True,CSCCC(=O)C(=O)O,CSCCC(=O)C(=O)O,True,"['sulfurous', 'cheesy']",sulfurous;cheesy,True,False
3156,MOL_002914,Methylthiophenecarboxaldehyde,5834-16-2,5834-16-2,True,True,Cc1ccsc1C=O,Cc1ccsc1C=O,True,"['savory', 'beefy', 'sweet']",savory;beefy;sweet,True,False
824,MOL_002915,Ethyl tiglate,5837-78-5,5837-78-5,True,True,C/C=C(\C)C(=O)OCC,C/C=C(\C)C(=O)OCC,True,"['fruity', 'caramellic']",fruity;caramellic,True,False
1994,MOL_002916,Pentanol,584-02-1,584-02-1,True,True,CCC(O)CC,CCC(O)CC,True,"['fermented', 'fruity', 'ethereal']",fermented;fruity;ethereal,True,False
2357,MOL_002917,Trimethylhexyl acetate,58430-94-7,58430-94-7,True,True,CC(=O)OCCC(C)CC(C)(C)C,CC(=O)OCCC(C)CC(C)(C)C,True,"['fruity', 'orris', 'woody']",fruity;orris;woody,True,False
4029,MOL_002918,lavandulol,58461-27-1,58461-27-1,True,True,CC(=CCC(CO)C(=C)C)C,C=C(C)C(CO)CC=C(C)C,True,"['floral', 'waxy', 'herbal']",floral;waxy;herbal,True,False
2512,MOL_002919,Ethyloctanal,58475-04-0,58475-04-0,True,True,CCCCCCC(C=O)CC,CCCCCCC(C=O)CC,True,['orange'],orange,True,False
1217,MOL_002920,Isobornyl butyrate,58479-55-3,58479-55-3,True,True,CCCC(=O)OC1CC2(C)CC[C@@H]1C2(C)C,CCCC(=O)OC1CC2(C)CC[C@@H]1C2(C)C,True,"['pine', 'fruity', 'warm', 'herbal', 'woody']",pine;fruity;warm;herbal;woody,True,False
1244,MOL_002921,Isobutyl lactate,585-24-0,585-24-0,True,True,CC(C)COC(=O)C(C)O,CC(C)COC(=O)C(C)O,True,"['fruity', 'caramellic', 'buttery']",fruity;caramellic;buttery,True,False
2486,MOL_002922,Octandione,585-25-1,585-25-1,True,True,CCCCCC(=O)C(C)=O,CCCCCC(=O)C(C)=O,True,"['creamy', 'fatty', 'buttery', 'sweet', 'cheesy']",creamy;fatty;buttery;sweet;cheesy,True,False
3149,MOL_002923,Butylphenol,585-34-2,585-34-2,True,True,CC(C)(C)c1cccc(O)c1,CC(C)(C)c1cccc(O)c1,True,"['spicy', 'leathery', 'phenolic']",spicy;leathery;phenolic,True,False
4030,MOL_002924,amber decane,58567-11-6,58567-11-6,True,True,CCOCOC1CCCCCCCCCCC1,CCOCOC1CCCCCCCCCCC1,True,"['woody', 'musk', 'dry', 'musty', 'balsamic']",woody;musk;dry;musty;balsamic,True,False
2265,MOL_002925,Terpinolene,586-62-9,586-62-9,True,True,CC1=CCC(=C(C)C)CC1,CC1=CCC(=C(C)C)CC1,True,"['anisic', 'pine', 'sweet', 'citrus']",anisic;pine;sweet;citrus,True,False
4031,MOL_002926,gamma-terpineol,586-81-2,586-81-2,True,True,CC(=C1CCC(CC1)(C)O)C,CC(C)=C1CCC(C)(O)CC1,True,"['pine', 'floral']",pine;floral,True,False
2261,MOL_002927,Terpinenol,586-82-3,586-82-3,True,True,CC(C)C1=CCC(C)(O)CC1,CC(C)C1=CCC(C)(O)CC1,True,"['woody', 'musty', 'pine', 'dry']",woody;musty;pine;dry,True,False
4032,MOL_002928,isobutyl citral,58605-97-3,58605-97-3,True,True,CC(C)CC(=CCCC(=CC=O)C)C,CC(=CC=O)CCC=C(C)CC(C)C,True,"['fruity', 'aldehydic', 'waxy', 'floral']",fruity;aldehydic;waxy;floral,True,False
2539,MOL_002929,Methylthioethyl acetate,5862-47-5,5862-47-5,True,True,CSCCOC(C)=O,CSCCOC(C)=O,True,"['fruity', 'tropical', 'sulfurous']",fruity;tropical;sulfurous,True,False
1124,MOL_002930,Hexyl methylpentenoate,58625-95-9,58625-95-9,True,True,C/C=C/C(C)C(=O)OCCCCCC,C/C=C/C(C)C(=O)OCCCCCC,True,"['green', 'fruity', 'melon', 'pear', 'grape', 'berry']",green;fruity;melon;pear;grape;berry,True,False
4033,MOL_002931,ethyl 2-methyl-2-pentenoate,58625-96-0,58625-96-0,True,True,CCC=C(C)C(=O)OCC,CCC=C(C)C(=O)OCC,True,"['sweet', 'berry', 'rum', 'fruity']",sweet;berry;rum;fruity,True,False
786,MOL_002932,Ethyl methylpentanoate,5870-68-8,5870-68-8,True,True,CCOC(=O)CC(C)CC,CCOC(=O)CC(C)CC,True,"['fruity', 'pineapple']",fruity;pineapple,True,False
1018,MOL_002933,Heptyl butyrate,5870-93-9,5870-93-9,True,True,CCCCCCCOC(=O)CCC,CCCCCCCOC(=O)CCC,True,"['green', 'fruity', 'tropical', 'fresh', 'tea', 'chamomile', 'sweet']",green;fruity;tropical;fresh;tea;chamomile;sweet,True,False
177,MOL_002934,Benzyl butyl ether,588-67-0,588-67-0,True,True,CCCCOCc1ccccc1,CCCCOCc1ccccc1,True,"['rose', 'fruity', 'sharp', 'floral', 'sweet']",rose;fruity;sharp;floral;sweet,True,False
1810,MOL_002935,Methylthiopropionic acid,58809-73-7,58809-73-7,True,True,CSC(C)C(=O)O,CSC(C)C(=O)O,True,"['green', 'fruity', 'tropical', 'sulfurous', 'cheesy']",green;fruity;tropical;sulfurous;cheesy,True,False
4034,MOL_002936,4-ethyl veratrole,5888-51-7,5888-51-7,True,True,CCC1=CC(=C(C=C1)OC)OC,CCc1ccc(OC)c(OC)c1,True,"['musty', 'earthy']",musty;earthy,True,False
2999,MOL_002937,Methylbenzyl alcohol,589-18-4,589-18-4,True,True,Cc1ccc(CO)cc1,Cc1ccc(CO)cc1,True,"['rose', 'green', 'leafy', 'balsamic', 'sweet']",rose;green;leafy;balsamic;sweet,True,False
1682,MOL_002938,Methylhexane,589-34-4,589-34-4,True,True,CCCC(C)CC,CCCC(C)CC,True,['gasoline'],gasoline,True,False
1725,MOL_002939,Methylpentanol,589-35-5,589-35-5,True,True,CCC(C)CCO,CCC(C)CCO,True,"['green', 'fruity', 'cognac', 'winey']",green;fruity;cognac;winey,True,False
1055,MOL_002940,Hexanone,589-38-8,589-38-8,True,True,CCCC(=O)CC,CCCC(=O)CC,True,"['grape', 'winey', 'ethereal']",grape;winey;ethereal,True,False
266,MOL_002941,Butyl formate,589-40-2,589-40-2,True,True,CCC(C)OC=O,CCC(C)OC=O,True,"['fruity', 'fresh', 'rum']",fruity;fresh;rum,True,False
609,MOL_002942,Dimethylhexane,589-43-5,589-43-5,True,True,CCC(C)CC(C)C,CCC(C)CC(C)C,True,['gasoline'],gasoline,True,False
995,MOL_002943,Heptanol,589-55-9,589-55-9,True,True,CCCC(O)CCC,CCCC(O)CCC,True,"['alcoholic', 'green', 'fruity', 'pungent']",alcoholic;green;fruity;pungent,True,False
1243,MOL_002944,Isobutyl isovalerate,589-59-3,589-59-3,True,True,CC(C)COC(=O)CC(C)C,CC(C)COC(=O)CC(C)C,True,"['fruity', 'apple']",fruity;apple,True,False
1232,MOL_002945,Isobutyl butenoate,589-66-2,589-66-2,True,True,C/C=C\C(=O)OCC(C)C,C/C=C\C(=O)OCC(C)C,True,"['fruity', 'apple', 'pineapple', 'rum']",fruity;apple;pineapple;rum,True,False
288,MOL_002946,Butyl octanoate,589-75-3,589-75-3,True,True,CCCCCCCC(=O)OCCCC,CCCCCCCC(=O)OCCCC,True,"['green', 'fruity', 'floral', 'oily']",green;fruity;floral;oily,True,False
994,MOL_002947,Heptanol,589-82-2,589-82-2,True,True,CCCCC(O)CC,CCCCC(O)CC,True,"['green', 'fruity', 'fermented', 'herbal', 'pungent', 'sweet']",green;fruity;fermented;herbal;pungent;sweet,True,False
1643,MOL_002948,Methylcyclohexanone,589-92-4,589-92-4,True,True,CC1CCC(=O)CC1,CC1CCC(=O)CC1,True,"['anisic', 'musty', 'solvent', 'mint']",anisic;musty;solvent;mint,True,False
1933,MOL_002949,Octanol,589-98-0,589-98-0,True,True,CCCCCC(O)CC,CCCCCC(O)CC,True,"['earthy', 'oily', 'nutty', 'herbal', 'mushroom']",earthy;oily;nutty;herbal;mushroom,True,False
3231,MOL_002950,Epoxyheptanal,58936-30-4,58936-30-4,True,True,CCCCC1OC1C=O,CCCCC1OC1C=O,True,"['green', 'grassy', 'citrus']",green;grassy;citrus,True,False
1514,MOL_002951,Methyl isoprenyl sulfide,5897-45-0,5897-45-0,True,True,C=C(C)C=CSC,C=C(C)C=CSC,True,['garlic'],garlic,True,False
4035,MOL_002952,dihydroterpineol,58985-02-7,58985-02-7,True,True,CC1CCC(CC1)C(C)(C)O,CC1CCC(C(C)(C)O)CC1,True,"['pine', 'citrus', 'floral']",pine;citrus;floral,True,False
550,MOL_002953,Dihydroterpinyl acetate,58985-18-5,58985-18-5,True,True,CC(=O)OC(C)(C)C1CCC(C)CC1,CC(=O)OC(C)(C)C1CCC(C)CC1,True,"['pine', 'citrus', 'fruity', 'fresh', 'herbal', 'woody']",pine;citrus;fruity;fresh;herbal;woody,True,False
1432,MOL_002954,Methionine,59-51-8,59-51-8,True,True,CSCCC(N)C(=O)O,CSCCC(N)C(=O)O,True,['sulfurous'],sulfurous,True,False
2983,MOL_002955,Dimercaptopropanol,59-52-9,59-52-9,True,True,OCC(S)CS,OCC(S)CS,True,['sulfurous'],sulfurous,True,False
2125,MOL_002956,Potassium sorbate,590-00-1,590-00-1,True,True,C/C=C/C=C/C(=O)O,C/C=C/C=C/C(=O)O,True,['odorless'],odorless,True,False
292,MOL_002957,Butyl propionate,590-01-2,590-01-2,True,True,CCCCOC(=O)CC,CCCCOC(=O)CC,True,"['apricot', 'ethereal', 'fruity', 'banana', 'rum']",apricot;ethereal;fruity;banana;rum,True,False
1724,MOL_002958,Methylpentanol,590-36-3,590-36-3,True,True,CCCC(C)(C)O,CCCC(C)(C)O,True,"['alcoholic', 'solvent', 'fermented', 'camphoreous', 'mint']",alcoholic;solvent;fermented;camphoreous;mint,True,False
608,MOL_002959,Dimethylhexane,590-73-8,590-73-8,True,True,CCCCC(C)(C)C,CCCCC(C)(C)C,True,['gasoline'],gasoline,True,False
1633,MOL_002960,Methylbutyraldehyde,590-86-3,590-86-3,True,True,CC(C)CC=O,CC(C)CC=O,True,"['green', 'fruity', 'cocoa', 'pungent', 'cheesy']",green;fruity;cocoa;pungent;cheesy,True,False
1149,MOL_002961,Hydroxybutanone,590-90-9,590-90-9,True,True,CC(=O)CCO,CC(=O)CCO,True,"['milky', 'caramellic', 'sweet']",milky;caramellic;sweet,True,False
2648,MOL_002962,Methional propylene glycol acetal,59007-89-5,59007-89-5,True,True,CSCCC1OCC(C)O1,CSCCC1OCC(C)O1,True,"['sulfurous', 'potato', 'cheesy']",sulfurous;potato;cheesy,True,False
918,MOL_002963,Furfuryl butenoate,59020-84-7,59020-84-7,True,True,CC=CC(=O)OCc1ccco1,CC=CC(=O)OCc1ccco1,True,"['earthy', 'mushroom']",earthy;mushroom,True,False
933,MOL_002964,Furfuryl thiopropionate,59020-85-8,59020-85-8,True,True,CCC(=O)SCc1ccco1,CCC(=O)SCc1ccco1,True,"['alliaceous', 'coffee', 'savory']",alliaceous;coffee;savory,True,False
913,MOL_002965,Furanmethanethiol formate,59020-90-5,59020-90-5,True,True,O=CSCc1ccco1,O=CSCc1ccco1,True,['coffee'],coffee,True,False
1420,MOL_002966,Mercaptomethylpyrazine,59021-02-2,59021-02-2,True,True,SCc1cnccn1,SCc1cnccn1,True,"['sulfurous', 'roasted', 'cabbage']",sulfurous;roasted;cabbage,True,False
2148,MOL_002967,Propenyl propyl disulfide,5905-46-4,5905-46-4,True,True,C/C=C/SSCCC,C/C=C/SSCCC,True,"['onion', 'nutty', 'savory']",onion;nutty;savory,True,False
1561,MOL_002968,Methyl propenyl disulfide,5905-47-5,5905-47-5,True,True,C/C=C/SSC,C/C=C/SSC,True,"['onion', 'fresh', 'pungent']",onion;fresh;pungent,True,False
2701,MOL_002969,Cyclododecyl formate,59052-82-3,59052-82-3,True,True,O=COC1CCCCCCCCCCC1,O=COC1CCCCCCCCCCC1,True,"['woody', 'fruity', 'camphoreous', 'floral']",woody;fruity;camphoreous;floral,True,False
4036,MOL_002970,acetoxymethyl isolongifolene,59056-62-1,59056-62-1,True,True,CC(=O)OCC1CCC(C23C14C2CC(C3)C4(C)C)(C)C,CC(=O)OCC1CCC(C)(C)C23CC4CC2C13C4(C)C,True,"['woody', 'balsamic', 'herbal']",woody;balsamic;herbal,True,False
4037,MOL_002971,hydroxymethyl isolongifolene 50% in dpg,59056-64-3,59056-64-3,True,True,CC1(CCC(C23C14C2CC(C4)C3(C)C)CO)C,CC1(C)CCC(CO)C23C4CC(CC412)C3(C)C,True,"['warm', 'woody', 'balsamic', 'animal', 'herbal', 'dry']",warm;woody;balsamic;animal;herbal;dry,True,False
4038,MOL_002972,formoxymethyl isolongifolene,59056-70-1,59056-70-1,True,True,CC1(CCC(C23C14C2CC(C4)C3(C)C)COC=O)C,CC1(C)CCC(COC=O)C23C4CC(CC412)C3(C)C,True,"['woody', 'balsamic', 'herbal', 'dry']",woody;balsamic;herbal;dry,True,False
3161,MOL_002973,Angelica lactone,591-11-7,591-11-7,True,True,CC1C=CC(=O)O1,CC1C=CC(=O)O1,True,"['tobacco', 'nutty', 'coumarinic', 'herbal', 'sweet']",tobacco;nutty;coumarinic;herbal;sweet,True,False
147,MOL_002974,Angelica lactone,591-12-8,591-12-8,True,True,CC1=CCC(=O)O1,CC1=CCC(=O)O1,True,"['tobacco', 'sweet', 'bread', 'coumarinic']",tobacco;sweet;bread;coumarinic,True,False
641,MOL_002975,Dimethylpyridine,591-22-0,591-22-0,True,True,Cc1cncc(C)c1,Cc1cncc(C)c1,True,"['green', 'fatty']",green;fatty,True,False
4039,MOL_002976,3-methyl cyclohexanol,591-23-1,591-23-1,True,True,CC1CCCC(C1)O,CC1CCCC(O)C1,True,"['dry', 'solvent', 'musty', 'rum', 'alcoholic', 'fruity']",dry;solvent;musty;rum;alcoholic;fruity,True,False
1642,MOL_002977,Methylcyclohexanone,591-24-2,591-24-2,True,True,CC1CCCC(=O)C1,CC1CCCC(=O)C1,True,"['ketonic', 'mint', 'solvent', 'ethereal', 'fresh']",ketonic;mint;solvent;ethereal;fresh,True,False
1434,MOL_002978,Methoxybenzaldehyde,591-31-1,591-31-1,True,True,COc1cccc(C=O)c1,COc1cccc(C=O)c1,True,"['spicy', 'cinnamon', 'anisic', 'floral', 'sweet']",spicy;cinnamon;anisic;floral;sweet,True,False
4040,MOL_002979,1-methyl cyclohexene,591-49-1,591-49-1,True,True,CC1=CCCCC1,CC1=CCCCC1,True,['citrus'],citrus,True,False
248,MOL_002980,Butyl acetoacetate,591-60-6,591-60-6,True,True,CCCCOC(=O)CC(C)=O,CCCCOC(=O)CC(C)=O,True,"['fruity', 'fermented', 'winey', 'sweet', 'brandy']",fruity;fermented;winey;sweet;brandy,True,False
255,MOL_002981,Butyl butenoate,591-63-9,591-63-9,True,True,CC=CC(=O)OCCCC,CC=CC(=O)OCCCC,True,"['apple', 'green', 'fruity', 'cognac', 'herbal', 'pineapple', 'rum']",apple;green;fruity;cognac;herbal;pineapple;rum,True,False
297,MOL_002982,Butyl valerate,591-68-4,591-68-4,True,True,CCCCOC(=O)CCCC,CCCCOC(=O)CCCC,True,"['fruity', 'ethereal']",fruity;ethereal,True,False
1054,MOL_002983,Hexanone,591-78-6,591-78-6,True,True,CCCCC(C)=O,CCCCC(C)=O,True,"['ketonic', 'fruity', 'dairy', 'cheesy']",ketonic;fruity;dairy;cheesy,True,False
2001,MOL_002984,Pentenoic acid,591-80-0,591-80-0,True,True,C=CCCC(=O)O,C=CCCC(=O)O,True,"['caramellic', 'sour', 'cheesy']",caramellic;sour;cheesy,True,False
2574,MOL_002985,Isobutyl isothiocyanate,591-82-2,591-82-2,True,True,CC(C)CN=C=S,CC(C)CN=C=S,True,"['horseradish', 'pungent', 'sweet']",horseradish;pungent;sweet,True,False
79,MOL_002986,Allyl acetate,591-87-7,591-87-7,True,True,C=CCOC(C)=O,C=CCOC(C)=O,True,"['ethereal', 'fruity', 'anisic', 'winey', 'pungent', 'rum']",ethereal;fruity;anisic;winey;pungent;rum,True,False
4041,MOL_002987,"2,4-heptadienal",5910-85-0,5910-85-0,True,True,CCC=CC=CC=O,CCC=CC=CC=O,True,"['green', 'pungent', 'fruity', 'spicy']",green;pungent;fruity;spicy,True,False
4042,MOL_002988,"(E,E)-2,4-nonadienal",5910-87-2,5910-87-2,True,True,CCCC/C=C/C=C/C=O,CCCC/C=C/C=C/C=O,True,"['fatty', 'melon', 'waxy', 'green', 'leafy', 'cucumber', 'tropical', 'chicken']",fatty;melon;waxy;green;leafy;cucumber;tropical;chicken,True,False
635,MOL_002989,Dimethylpyrazine,5910-89-4,5910-89-4,True,True,Cc1nccnc1C,Cc1nccnc1C,True,"['caramellic', 'meaty', 'green', 'nutty', 'cocoa', 'coffee', 'potato']",caramellic;meaty;green;nutty;cocoa;coffee;potato,True,False
4043,MOL_002990,(Z)-isoeugenol,5912-86-7,5912-86-7,True,True,C\C=C/C1=CC(=C(C=C1)O)OC,C/C=C\c1ccc(O)c(OC)c1,True,['spicy'],spicy,True,False
4044,MOL_002991,(E)-isoeugenyl acetate,5912-87-8,5912-87-8,True,True,C/C=C/C1=CC(=C(C=C1)OC(=O)C)OC,C/C=C/c1ccc(OC(C)=O)c(OC)c1,True,['spicy'],spicy,True,False
4045,MOL_002992,5-(methyl thio) valeronitrile,59121-25-4,59121-25-4,True,True,CSCCCCC#N,CSCCCCC#N,True,"['vegetable', 'cabbage']",vegetable;cabbage,True,False
4046,MOL_002993,autumn carboxylate,59151-19-8,59151-19-8,True,True,CCCCCC1CC(=O)C=C(C1C(=O)OCC)C,CCCCCC1CC(=O)C=C(C)C1C(=O)OCC,True,"['sweet', 'anisic', 'floral', 'fresh', 'jasmine']",sweet;anisic;floral;fresh;jasmine,True,False
18,MOL_002994,Acetaldehyde ethyl amyl acetal,59184-43-9,59184-43-9,True,True,CCCCCOC(C)OCC,CCCCCOC(C)OCC,True,"['alcoholic', 'ethereal', 'green', 'cognac', 'pungent']",alcoholic;ethereal;green;cognac;pungent,True,False
1167,MOL_002995,Hydroxymethyloctanone,59191-78-5,59191-78-5,True,True,CCCCCC(CO)C(C)=O,CCCCCC(CO)C(C)=O,True,"['earthy', 'musty', 'sweet', 'herbal']",earthy;musty;sweet;herbal,True,False
37,MOL_002996,Acetonyl acetate,592-20-1,592-20-1,True,True,CC(=O)COC(C)=O,CC(=O)COC(C)=O,True,"['caramellic', 'sour', 'fruity', 'fermented', 'buttery']",caramellic;sour;fruity;fermented;buttery,True,False
276,MOL_002997,Butyl isothiocyanate,592-82-5,592-82-5,True,True,CCCCN=C=S,CCCCN=C=S,True,"['radish', 'green', 'cabbage', 'vegetable', 'pungent']",radish;green;cabbage;vegetable;pungent,True,False
265,MOL_002998,Butyl formate,592-84-7,592-84-7,True,True,CCCCOC=O,CCCCOC=O,True,"['rum', 'ethereal', 'plum']",rum;ethereal;plum,True,False
111,MOL_002999,Allyl sulfide,592-88-1,592-88-1,True,True,C=CCSCC=C,C=CCSCC=C,True,"['garlic', 'pungent', 'sweet', 'horseradish']",garlic;pungent;sweet;horseradish,True,False
2452,MOL_003000,Octene,592-98-3,592-98-3,True,True,CC/C=C/CCCC,CC/C=C/CCCC,True,['gasoline'],gasoline,True,False
2598,MOL_003001,Octene,592-99-4,592-99-4,True,True,CCC/C=C/CCC,CCC/C=C/CCC,True,['gasoline'],gasoline,True,False
1016,MOL_003002,Heptyl acetate,5921-82-4,5921-82-4,True,True,CCCCCC(C)OC(C)=O,CCCCCC(C)OC(C)=O,True,"['green', 'banana', 'fruity', 'melon', 'pear']",green;banana;fruity;melon;pear,True,False
2440,MOL_003003,Heptyl acetate,5921-83-5,5921-83-5,True,True,CCCCC(CC)OC(C)=O,CCCCC(CC)OC(C)=O,True,"['rose', 'green', 'fruity', 'herbal', 'floral']",rose;green;fruity;herbal;floral,True,False
399,MOL_003004,Cuminyl acetate,59230-57-8,59230-57-8,True,True,CC(=O)OCc1ccc(C(C)C)cc1,CC(=O)OCc1ccc(C(C)C)cc1,True,"['fruity', 'fresh', 'herbal', 'sweet']",fruity;fresh;herbal;sweet,True,False
1474,MOL_003005,Methyl benzothioate,5925-68-8,5925-68-8,True,True,CSC(=O)c1ccccc1,CSC(=O)c1ccccc1,True,"['fruity', 'milky', 'fermented', 'sulfurous', 'cheesy']",fruity;milky;fermented;sulfurous;cheesy,True,False
1560,MOL_003006,Methyl propanethioate,5925-75-7,5925-75-7,True,True,O=C(CSCc1nc2ccccc2[nH]1)Nc1ccc2ccccc2c1,O=C(CSCc1nc2ccccc2[nH]1)Nc1ccc2ccccc2c1,True,"['ripe', 'fruity', 'tropical', 'cabbage', 'dairy', 'cheesy']",ripe;fruity;tropical;cabbage;dairy;cheesy,True,False
4047,MOL_003007,laevo-menthyl lactate,59259-38-0,59259-38-0,True,True,C[C@@H]1CC[C@H]([C@@H](C1)OC(=O)C(C)O)C(C)C,CC(O)C(=O)O[C@@H]1C[C@H](C)CC[C@H]1C(C)C,True,['mint'],mint,True,False
4048,MOL_003008,(S)-delta-decalactone,59285-67-5,59285-67-5,True,True,O=C1O[C@@H](CCCCC)CCC1,CCCCC[C@H]1CCCC(=O)O1,True,"['sweet', 'fruity', 'peach', 'fatty', 'buttery']",sweet;fruity;peach;fatty;buttery,True,False
2335,MOL_003009,Tridecanone,593-08-8,593-08-8,True,True,CCCCCCCCCCCC(C)=O,CCCCCCCCCCCC(C)=O,True,"['milky', 'spicy', 'herbal']",milky;spicy;herbal,True,False
2599,MOL_003010,Octadecane,593-45-3,593-45-3,True,True,CCCCCCCCCCCCCCCCCC,CCCCCCCCCCCCCCCCCC,True,"['waxy', 'gasoline']",waxy;gasoline,True,False
1658,MOL_003011,Methylfuranmethanethiol,59303-05-8,59303-05-8,True,True,Cc1ccoc1CS,Cc1ccoc1CS,True,"['sulfurous', 'coffee', 'roasted']",sulfurous;coffee;roasted,True,False
2461,MOL_003012,Methylfurfurylthiopyrazine,59303-08-1,59303-08-1,True,True,Cc1cnc(SCc2ccco2)cn1,Cc1cnc(SCc2ccco2)cn1,True,"['meaty', 'coffee', 'roasted']",meaty;coffee;roasted,True,False
2462,MOL_003013,Methylfurfurylthiopyrazine,59303-09-2,59303-09-2,True,True,Cc1cncc(SCc2ccco2)n1,Cc1cncc(SCc2ccco2)n1,True,"['meaty', 'coffee', 'roasted']",meaty;coffee;roasted,True,False
4049,MOL_003014,(E)-isoeugenol,5932-68-3,5932-68-3,True,True,C\C=C\C1=CC(=C(C=C1)O)OC,C/C=C/c1ccc(O)c(OC)c1,True,"['sweet', 'spicy', 'floral', 'phenolic']",sweet;spicy;floral;phenolic,True,False
4050,MOL_003015,cis-galbanum oxathiane,59323-76-1,59323-76-1,True,True,O1CC[C@@H](S[C@@H]1C)CCC,CCC[C@H]1CCO[C@@H](C)S1,True,"['sulfurous', 'green', 'fruity', 'tropical', 'pineapple', 'onion']",sulfurous;green;fruity;tropical;pineapple;onion,True,False
4051,MOL_003016,"(±)-(Z+E)-2-pentyl-4-propyl-1,3-oxathiane",59323-81-8,59323-81-8,True,True,CCCC1CCOC(CCCCC)S1,CCCCCC1OCCC(CCC)S1,True,"['fruity', 'alliaceous']",fruity;alliaceous,True,False
1759,MOL_003017,Methylpropyloxathiane,59324-17-3,59324-17-3,True,True,CCC[C@@H]1CCO[C@@H](C)S1,CCC[C@@H]1CCO[C@@H](C)S1,True,"['green', 'fruity', 'sulfurous']",green;fruity;sulfurous,True,False
124,MOL_003018,Amyl decanoate,5933-87-9,5933-87-9,True,True,CCCCCCCCCC(=O)OCCCCC,CCCCCCCCCC(=O)OCCCCC,True,"['oily', 'fatty', 'brandy', 'rum']",oily;fatty;brandy;rum,True,False
630,MOL_003019,Dimethylphenethyl isobutyrate,59354-71-1,59354-71-1,True,True,CC(C)C(=O)OC(C)(C)Cc1ccccc1,CC(C)C(=O)OC(C)(C)Cc1ccccc1,True,"['fruity', 'fresh', 'aromatic', 'floral']",fruity;fresh;aromatic;floral,True,False
4052,MOL_003020,T-cadinol,5937-11-1,5937-11-1,True,True,CC1=C[C@H]2[C@@H](CC[C@]([C@@H]2CC1)(C)O)C(C)C,CC1=C[C@@H]2[C@@H](CC1)[C@@](C)(O)CC[C@H]2C(C)C,True,"['balsamic', 'earthy']",balsamic;earthy,True,False
2379,MOL_003021,Undecadienol,59376-58-8,59376-58-8,True,True,CCCCCC/C=C\C=C/CO,CCCCCC/C=C\C=C/CO,True,['fatty'],fatty,True,False
3140,MOL_003022,Di-sec-butyl disulfide,5943-30-6,5943-30-6,True,True,CC[C@H](C)SS[C@H](C)CC,CC[C@@H](C)SS[C@@H](C)CC,True,"['vegetable', 'meaty', 'green', 'alliaceous', 'savory', 'sulfurous']",vegetable;meaty;green;alliaceous;savory;sulfurous,True,False
494,MOL_003023,Dibutyl trisulfide,5943-31-7,5943-31-7,True,True,CCCCSSSCCCC,CCCCSSSCCCC,True,"['onion', 'garlic']",onion;garlic,True,False
2432,MOL_003024,Diisopropyl trisulfide,5943-34-0,5943-34-0,True,True,CC(C)SSSC(C)C,CC(C)SSSC(C)C,True,"['green', 'alliaceous', 'garlic', 'onion', 'sulfurous']",green;alliaceous;garlic;onion;sulfurous,True,False
2112,MOL_003025,Pinocarveol,5947-36-4,5947-36-4,True,True,C=C1C(O)CC2CC1C2(C)C,C=C1C(O)CC2CC1C2(C)C,True,"['pine', 'camphoreous', 'sweet', 'mint']",pine;camphoreous;sweet;mint,True,False
4053,MOL_003026,tetrahydrocarvone,59471-80-6,59471-80-6,True,True,CC1CCC(CC1=O)C(C)C,CC1CCC(C(C)C)CC1=O,True,"['mint', 'herbal']",mint;herbal,True,False
4054,MOL_003027,(S)-(-)-citronellal,5949-05-3,5949-05-3,True,True,C[C@@H](CCC=C(C)C)CC=O,CC(C)=CCC[C@H](C)CC=O,True,"['fresh', 'herbal', 'citrus']",fresh;herbal;citrus,True,False
1109,MOL_003028,Hexyl acetate,5953-49-1,5953-49-1,True,True,CCCCC(C)OC(C)=O,CCCCC(C)OC(C)=O,True,"['apple', 'sour', 'fruity', 'pear', 'sweet']",apple;sour;fruity;pear;sweet,True,False
3188,MOL_003029,Menthyl acetoacetate,59557-05-0,59557-05-0,True,True,CC(=O)CC(=O)O[C@H]1C[C@@H](C)CC[C@@H]1C(C)C,CC(=O)CC(=O)O[C@H]1C[C@@H](C)CC[C@@H]1C(C)C,True,"['fruity', 'fresh', 'floral', 'mint']",fruity;fresh;floral;mint,True,False
2324,MOL_003030,Tolyl octanoate,59558-23-5,59558-23-5,True,True,CCCCCCCC(=O)Oc1ccc(C)cc1,CCCCCCCC(=O)Oc1ccc(C)cc1,True,"['oily', 'herbal', 'animal', 'floral']",oily;herbal;animal;floral,True,False
3039,MOL_003031,Hydroxypropyl valerate,59569-67-4,59569-67-4,True,True,CCCCC(=O)OCC(C)O,CCCCC(=O)OCC(C)O,True,"['fruity', 'sweet']",fruity;sweet,True,False
2919,MOL_003032,Methylnonanoic acid,5963-14-4,5963-14-4,True,True,CC(C)CCCCCCC(=O)O,CC(C)CCCCCCC(=O)O,True,['fatty'],fatty,True,False
4055,MOL_003033,2-pentyl isovalerate,597550-02-2,597550-02-2,True,True,O=C(OC(CCC)C)CC(C)C,CCCC(C)OC(=O)CC(C)C,True,"['apple', 'brandy', 'mint', 'fruity', 'metallic']",apple;brandy;mint;fruity;metallic,True,False
4056,MOL_003034,(R)-(-)-2-octanol,5978-70-1,5978-70-1,True,True,SJWFXCIHNDVPSH-MRVPVSSYSA-N,,False,"['creamy', 'cucumber', 'fatty', 'sour']",creamy;cucumber;fatty;sour,True,False
240,MOL_003035,Butenol,598-32-3,598-32-3,True,True,C=CC(C)O,C=CC(C)O,True,"['green', 'fermented', 'gasoline']",green;fermented;gasoline,True,False
1605,MOL_003036,Methylbutanol,598-75-4,598-75-4,True,True,CC(C)C(C)O,CC(C)C(C)O,True,"['alcoholic', 'solvent', 'ethereal', 'fermented']",alcoholic;solvent;ethereal;fermented,True,False
1493,MOL_003037,Methyl dimethylpropionate,598-98-1,598-98-1,True,True,COC(=O)C(C)(C)C,COC(=O)C(C)(C)C,True,"['fruity', 'fresh', 'ethereal']",fruity;fresh;ethereal,True,False
1914,MOL_003038,Ocimenol,5986-38-9,5986-38-9,True,True,C=C/C(C)=C/CCC(C)(C)O,C=C/C(C)=C/CCC(C)(C)O,True,"['fresh', 'citrus']",fresh;citrus,True,False
1981,MOL_003039,Patchouli alcohol,5986-55-0,5986-55-0,True,True,C[C@H]1CCC2(O)C(C)(C)C3CC[C@@]2(C)C1C3,C[C@H]1CCC2(O)C(C)(C)C3CC[C@@]2(C)C1C3,True,"['earthy', 'woody', 'camphoreous']",earthy;woody;camphoreous,True,False
3124,MOL_003040,Tetrahydrogeranial,5988-91-0,5988-91-0,True,True,CC(C)CCCC(C)CC=O,CC(C)CCCC(C)CC=O,True,"['green', 'fresh', 'citrus']",green;fresh;citrus,True,False
1361,MOL_003041,Limonene,5989-27-5,5989-27-5,True,True,C=C(C)[C@H]1CC=C(C)CC1,C=C(C)[C@H]1CC=C(C)CC1,True,"['citrus', 'gasoline', 'fresh', 'orange', 'sweet']",citrus;gasoline;fresh;orange;sweet,True,False
1365,MOL_003042,Linalool oxide,5989-33-3,5989-33-3,True,True,C=CC1(C)CCC(C(C)(C)O)O1,C=CC1(C)CCC(C(C)(C)O)O1,True,"['creamy', 'earthy', 'leafy', 'floral', 'sweet']",creamy;earthy;leafy;floral;sweet,True,False
1363,MOL_003043,Limonene,5989-54-8,5989-54-8,True,True,C=C(C)[C@@H]1CC=C(C)CC1,C=C(C)[C@@H]1CC=C(C)CC1,True,"['orange', 'herbal']",orange;herbal,True,False
3009,MOL_003044,Pantolactone,599-04-2,599-04-2,True,True,CC1(C)COC(=O)C1O,CC1(C)COC(=O)C1O,True,"['bread', 'sweet', 'roasted']",bread;sweet;roasted,True,False
670,MOL_003045,Dithianonencarbonal,59902-01-1,59902-01-1,True,True,CSCC/C=C(/C=O)CSC,CSCC/C=C(/C=O)CSC,True,"['meaty', 'cabbage', 'vegetable', 'potato', 'sweet']",meaty;cabbage;vegetable;potato;sweet,True,False
317,MOL_003046,Butyrin,60-01-5,60-01-5,True,True,CCCC(=O)OCC(COC(=O)CCC)OC(=O)CCC,CCCC(=O)OCC(COC(=O)CCC)OC(=O)CCC,True,"['fruity', 'creamy', 'sweet', 'buttery']",fruity;creamy;sweet;buttery,True,False
2025,MOL_003047,Phenethyl alcohol,60-12-8,60-12-8,True,True,OCCc1ccccc1,OCCc1ccccc1,True,"['floral', 'rose']",floral;rose,True,False
2984,MOL_003048,Mercaptoethanol,60-24-2,60-24-2,True,True,OCCS,OCCS,True,"['chicken', 'burnt', 'meaty']",chicken;burnt;meaty,True,False
2469,MOL_003049,Linoleic acid,60-33-3,60-33-3,True,True,CCCCC/C=C\C/C=C\CCCCCCCC(=O)O,CCCCC/C=C\C/C=C\CCCCCCCC(=O)O,True,"['oily', 'fatty']",oily;fatty,True,False
1990,MOL_003050,Pentanedione,600-14-6,600-14-6,True,True,CCC(=O)C(C)=O,CCC(=O)C(C)=O,True,"['oily', 'fatty', 'buttery']",oily;fatty;buttery,True,False
1976,MOL_003051,Oxobutyric acid,600-18-0,600-18-0,True,True,CCC(=O)C(=O)O,CCC(=O)C(=O)O,True,"['creamy', 'caramellic', 'fatty', 'sweet']",creamy;caramellic;fatty;sweet,True,False
1569,MOL_003052,Methyl pyruvate,600-22-6,600-22-6,True,True,COC(=O)C(C)=O,COC(=O)C(C)=O,True,"['spicy', 'caramellic', 'fruity', 'sweet']",spicy;caramellic;fruity;sweet,True,False
2928,MOL_003053,Dimethylpentanol,600-36-2,600-36-2,True,True,CC(C)C(O)C(C)C,CC(C)C(O)C(C)C,True,"['alcoholic', 'solvent', 'sweet']",alcoholic;solvent;sweet,True,False
3081,MOL_003054,Elemoyl acetate,60031-93-8,60031-93-8,True,True,C=CC1(C)CCC(COC(C)=O)C(C)(C)C1C(=C)C,C=CC1(C)CCC(COC(C)=O)C(C)(C)C1C(=C)C,True,"['fruity', 'sweet', 'citrus']",fruity;sweet;citrus,True,False
2091,MOL_003055,Phenylpropyl benzoate,60045-26-3,60045-26-3,True,True,O=C(OCCCc1ccccc1)c1ccccc1,O=C(OCCCc1ccccc1)c1ccccc1,True,"['green', 'herbal', 'vegetable', 'balsamic', 'sweet']",green;herbal;vegetable;balsamic;sweet,True,False
2100,MOL_003056,Phenylpropyl phenylpropionate,60045-27-4,60045-27-4,True,True,O=C(CCc1ccccc1)OCCCc1ccccc1,O=C(CCc1ccccc1)OCCCc1ccccc1,True,"['balsamic', 'floral', 'sweet']",balsamic;floral;sweet,True,False
4057,MOL_003057,linalool oxide (furanoid),60047-17-8,60047-17-8,True,True,CC1(CCC(O1)C(C)(C)O)C=C,C=CC1(C)CCC(C(C)(C)O)O1,True,"['musty', 'camphoreous', 'herbal', 'balsamic', 'pine']",musty;camphoreous;herbal;balsamic;pine,True,False
2242,MOL_003058,Sinensal,60066-88-8,60066-88-8,True,True,C=CC(=C)CC/C=C(\C)CC/C=C(\C)C=O,C=CC(=C)CC/C=C(\C)CC/C=C(\C)C=O,True,"['fruity', 'fresh', 'waxy', 'orange', 'sweet']",fruity;fresh;waxy;orange;sweet,True,False
2772,MOL_003059,Heptyl decanoate,60160-17-0,60160-17-0,True,True,CCCCCCCCCC(=O)OCCCCCCC,CCCCCCCCCC(=O)OCCCCCCC,True,"['winey', 'brandy']",winey;brandy,True,False
4058,MOL_003060,"alpha-ethyl-2,2,6-trimethyl cyclohexane propanol",60241-52-3,60241-52-3,True,True,OC(CC)CCC1C(CCCC1(C)C)C,CCC(O)CCC1C(C)CCCC1(C)C,True,"['woody', 'musk']",woody;musk,True,False
4059,MOL_003061,violet propanol,60241-53-4,60241-53-4,True,True,CC1CCCC(C1CC(C)C(C)O)(C)C,CC(O)C(C)CC1C(C)CCCC1(C)C,True,"['woody', 'violet', 'floral', 'musk']",woody;violet;floral;musk,True,False
4060,MOL_003062,isomethyl tetrahydroionyl acetate,60241-55-6,60241-55-6,True,True,CC1CCCC(C1CC(C)C(C)OC(=O)C)(C)C,CC(=O)OC(C)C(C)CC1C(C)CCCC1(C)C,True,"['woody', 'orris']",woody;orris,True,False
668,MOL_003063,Dipropyl trisulfide,6028-61-1,6028-61-1,True,True,CCCSSSCCC,CCCSSSCCC,True,"['green', 'onion']",green;onion,True,False
2913,MOL_003064,Ethyloctenoic acid,60308-76-1,60308-76-1,True,True,CCCCC(/C=C/C(=O)O)CC,CCCCC(/C=C/C(=O)O)CC,True,"['oily', 'fatty']",oily;fatty,True,False
1993,MOL_003065,Pentanol,6032-29-7,6032-29-7,True,True,CCCC(C)O,CCCC(C)O,True,"['alcoholic', 'solvent', 'ethereal', 'winey']",alcoholic;solvent;ethereal;winey,True,False
4061,MOL_003066,(S)-(+)-2-heptanol,6033-23-4,6033-23-4,True,True,CCCCC[C@H](C)O,CCCCC[C@H](C)O,True,"['mushroom', 'oily', 'fatty', 'cheesy', 'musty']",mushroom;oily;fatty;cheesy;musty,True,False
4062,MOL_003067,(R)-(-)-2-heptanol,6033-24-5,6033-24-5,True,True,CCCCC[C@@H](C)O,CCCCC[C@@H](C)O,True,"['fruity', 'sweet', 'oily', 'fatty']",fruity;sweet;oily;fatty,True,False
4063,MOL_003068,floral pyran,60335-71-9,60335-71-9,True,True,CC1=CCOC(C1)C2=CC=CC=C2,CC1=CCOC(c2ccccc2)C1,True,"['floral', 'rose', 'metallic', 'green']",floral;rose;metallic;green,True,False
4064,MOL_003069,"1,2,3,3,4,5,6-heptamethyl bicyclo(2.2.2)oct-5-en-2-ol",60362-71-2,60362-71-2,True,True,CC1=C(C2(CCC1(C(C2(C)O)(C)C)C)C)C,CC1=C(C)C2(C)CCC1(C)C(C)(C)C2(C)O,True,"['woody', 'camphoreous', 'earthy']",woody;camphoreous;earthy,True,False
2011,MOL_003070,Pentyl butyrate,60415-61-4,60415-61-4,True,True,CCCC(=O)OC(C)CCC,CCCC(=O)OC(C)CCC,True,"['ethereal', 'green', 'fruity', 'banana', 'sharp', 'peach', 'pineapple', 'plum', 'sweet']",ethereal;green;fruity;banana;sharp;peach;pineapple;plum;sweet,True,False
4065,MOL_003071,3-cyclohexyl propyl acetate,60416-24-2,60416-24-2,True,True,CC(=O)OCCCC1CCCCC1,CC(=O)OCCCC1CCCCC1,True,"['ethereal', 'floral', 'fruity']",ethereal;floral;fruity,True,False
784,MOL_003072,Ethyl methylpentadienoate,60523-21-9,60523-21-9,True,True,C=C=CC(C)C(=O)OCC,C=C=CC(C)C(=O)OCC,True,"['apple', 'fruity', 'melon', 'pear', 'berry']",apple;fruity;melon;pear;berry,True,False
1523,MOL_003073,Methyl methoxybenzoate,606-45-1,606-45-1,True,True,COC(=O)c1ccccc1OC,COC(=O)c1ccccc1OC,True,"['anisic', 'winey', 'musty', 'herbal']",anisic;winey;musty;herbal,True,False
307,MOL_003074,Butylphthalide,6066-49-5,6066-49-5,True,True,CCCCC1OC(=O)c2ccccc21,CCCCC1OC(=O)c2ccccc21,True,['herbal'],herbal,True,False
3056,MOL_003075,Isopropyl salicylate,607-85-2,607-85-2,True,True,CC(C)OC(=O)c1ccccc1O,CC(C)OC(=O)c1ccccc1O,True,"['fruity', 'sweet', 'herbal']",fruity;sweet;herbal,True,False
2187,MOL_003076,Propyl salicylate,607-90-9,607-90-9,True,True,CCCOC(=O)c1ccccc1O,CCCOC(=O)c1ccccc1O,True,"['fruity', 'herbal', 'plum', 'floral', 'sweet']",fruity;herbal;plum;floral;sweet,True,False
3202,MOL_003077,Myristicin,607-91-0,607-91-0,True,True,C=CCc1cc(OC)c2c(c1)OCO2,C=CCc1cc(OC)c2c(c1)OCO2,True,"['woody', 'spicy']",woody;spicy,True,False
719,MOL_003078,Ethyl acetylbutyrate,607-97-6,607-97-6,True,True,CCOC(=O)C(CC)C(C)=O,CCOC(=O)C(CC)C(C)=O,True,"['fruity', 'apple', 'caramellic', 'sweet']",fruity;apple;caramellic;sweet,True,False
2808,MOL_003079,Menthyl butyrate,6070-14-0,6070-14-0,True,True,CCCC(=O)OC1CC(C)CCC1C(C)C,CCCC(=O)OC1CC(C)CCC1C(C)C,True,"['fruity', 'fresh', 'herbal', 'floral', 'mint']",fruity;fresh;herbal;floral;mint,True,False
1405,MOL_003080,Menthyl hexanoate,6070-16-2,6070-16-2,True,True,CCCCCC(=O)OC1CC(C)CCC1C(C)C,CCCCCC(=O)OC1CC(C)CCC1C(C)C,True,"['sour', 'fruity', 'herbal', 'woody', 'sweet', 'mint']",sour;fruity;herbal;woody;sweet;mint,True,False
651,MOL_003081,Dimethylthiazoline,60755-05-7,60755-05-7,True,True,CC1=NC(C)SC1,CC1=NC(C)SC1,True,"['vegetable', 'nutty', 'meaty', 'roasted']",vegetable;nutty;meaty;roasted,True,False
2589,MOL_003082,Amylcinnamaldehyde diethyl acetal,60763-41-9,60763-41-9,True,True,CCCCC/C(=C\c1ccccc1)C(OCC)OCC,CCCCC/C(=C\c1ccccc1)C(OCC)OCC,True,"['green', 'leafy', 'floral', 'jasmine']",green;leafy;floral;jasmine,True,False
4066,MOL_003083,"3,6-dimethyl-3-octyl acetate",60763-42-0,60763-42-0,True,True,CCC(C)CCC(C)(CC)OC(=O)C,CCC(C)CCC(C)(CC)OC(C)=O,True,"['sweet', 'floral', 'fruity', 'honey', 'waxy']",sweet;floral;fruity;honey;waxy,True,False
762,MOL_003084,Ethyl hydroxymethylbenzoate,60770-00-5,60770-00-5,True,True,CCOC(=O)c1ccccc1CO,CCOC(=O)c1ccccc1CO,True,"['animal', 'floral']",animal;floral,True,False
1477,MOL_003085,Methyl butyl disulfide,60779-24-0,60779-24-0,True,True,CCCCSSC,CCCCSSC,True,"['onion', 'alliaceous', 'garlic', 'roasted']",onion;alliaceous;garlic;roasted,True,False
4067,MOL_003086,(Z)-2-nonenal,60784-31-8,60784-31-8,True,True,CCCCCC/C=C\C=O,CCCCCC/C=C\C=O,True,"['orris', 'fatty', 'waxy', 'cucumber']",orris;fatty;waxy;cucumber,True,False
4068,MOL_003087,citronellyl ethoxalate,60788-25-2,60788-25-2,True,True,CCOC(=O)C(=O)OCCC(C)CCC=C(C)C,CCOC(=O)C(=O)OCCC(C)CCC=C(C)C,True,"['sweet', 'floral', 'rose', 'aldehydic', 'tropical', 'waxy']",sweet;floral;rose;aldehydic;tropical;waxy,True,False
2448,MOL_003088,Nonyl acetate,60826-15-5,60826-15-5,True,True,CCCCCCC(CC)OC(C)=O,CCCCCCC(CC)OC(C)=O,True,"['green', 'fruity', 'tropical', 'waxy', 'floral']",green;fruity;tropical;waxy;floral,True,False
4069,MOL_003089,ethyl (R)-2-hydroxy-4-methyl pentanoate,60856-83-9,60856-83-9,True,True,O=C(OCC)[C@H](O)CC(C)C,CCOC(=O)[C@H](O)CC(C)C,True,"['fresh', 'berry']",fresh;berry,True,False
4070,MOL_003090,ethyl (S)-2-hydroxy-4-methyl pentanoate,60856-85-1,60856-85-1,True,True,CC(C)C[C@H](O)C(=O)OCC,CCOC(=O)[C@@H](O)CC(C)C,True,"['fresh', 'berry']",fresh;berry,True,False
2733,MOL_003091,Ethyl acetylpropionate,609-14-3,609-14-3,True,True,CCOC(=O)C(C)C(C)=O,CCOC(=O)C(C)C(C)=O,True,"['green', 'fruity', 'apple', 'winey']",green;fruity;apple;winey,True,False
2119,MOL_003092,Piperitone,6091-50-5,6091-50-5,True,True,CC1=CC(=O)[C@H](C(C)C)CC1,CC1=CC(=O)[C@H](C(C)C)CC1,True,"['fresh', 'mint', 'herbal']",fresh;mint;herbal,True,False
3110,MOL_003093,Methoxycinnamic acid,6099-03-2,6099-03-2,True,True,COc1ccccc1/C=C/C(=O)O,COc1ccccc1/C=C/C(=O)O,True,"['balsamic', 'aromatic']",balsamic;aromatic,True,False
2332,MOL_003094,Tridecadienal,60998-24-5,60998-24-5,True,True,CCCCCCCC/C=C/C=C/C=O,CCCCCCCC/C=C/C=C/C=O,True,['fatty'],fatty,True,False
1359,MOL_003095,Leucine,61-90-5,61-90-5,True,True,CC(C)CC(N)C(=O)O,CC(C)CC(N)C(=O)O,True,['odorless'],odorless,True,False
1502,MOL_003096,Methyl furoate,611-13-2,611-13-2,True,True,COC(=O)c1ccco1,COC(=O)c1ccco1,True,"['earthy', 'fruity', 'winey', 'caramellic']",earthy;fruity;winey;caramellic,True,False
1277,MOL_003097,Isoeugenyl isovalerate,61114-23-6,61114-23-6,True,True,C/C=C/c1ccc(OC(=O)CC(C)C)c(OC)c1,C/C=C/c1ccc(OC(=O)CC(C)C)c(OC)c1,True,"['spicy', 'fruity', 'herbal', 'woody', 'aromatic', 'sweet']",spicy;fruity;herbal;woody;aromatic;sweet,True,False
894,MOL_003098,Eugenyl isovalerate,61114-24-7,61114-24-7,True,True,C=CCc1ccc(OC(=O)CC(C)C)c(OC)c1,C=CCc1ccc(OC(=O)CC(C)C)c(OC)c1,True,"['spicy', 'fruity', 'woody', 'aromatic']",spicy;fruity;woody;aromatic,True,False
1531,MOL_003099,Methyl methylpentanethioate,61122-71-2,61122-71-2,True,True,CCCC(C)C(=S)OC,CCCC(C)C(=S)OC,True,"['creamy', 'vegetable', 'tropical', 'fermented', 'dairy', 'sulfurous', 'cheesy']",creamy;vegetable;tropical;fermented;dairy;sulfurous;cheesy,True,False
239,MOL_003100,Butenol,6117-91-5,6117-91-5,True,True,C/C=C\CO,C/C=C\CO,True,"['fruity', 'gasoline', 'sweet', 'ethereal']",fruity;gasoline;sweet;ethereal,True,False
2181,MOL_003101,Propyl methylfuryl disulfide,61197-09-9,61197-09-9,True,True,CCCSSc1ccoc1C,CCCSSc1ccoc1C,True,"['meaty', 'roasted', 'coffee', 'beefy']",meaty;roasted;coffee;beefy,True,False
2418,MOL_003102,Vinylanisole,612-15-7,612-15-7,True,True,C=Cc1ccccc1OC,C=Cc1ccccc1OC,True,"['spicy', 'leathery', 'earthy', 'woody', 'medicinal', 'musty']",spicy;leathery;earthy;woody;medicinal;musty,True,False
2997,MOL_003103,Methoxybenzyl alcohol,612-16-8,612-16-8,True,True,COc1ccccc1CO,COc1ccccc1CO,True,"['anisic', 'vanilla', 'aromatic', 'sweet']",anisic;vanilla;aromatic;sweet,True,False
3223,MOL_003104,Mercaptomethylbutyl isovalerate,612071-27-9,612071-27-9,True,True,CCCC(CS)OC(=O)CC(C)C,CCCC(CS)OC(=O)CC(C)C,True,"['fruity', 'tropical', 'grape', 'sulfurous']",fruity;tropical;grape;sulfurous,True,False
1068,MOL_003105,Hexenol,6126-50-7,6126-50-7,True,True,C/C=C/CCCO,C/C=C/CCCO,True,"['green', 'fruity', 'fatty', 'tomato', 'vegetable']",green;fruity;fatty;tomato;vegetable,True,False
4071,MOL_003106,3-((2-methyl-3-furyl)thio)-4-heptanone,61295-41-8,61295-41-8,True,True,CCCC(=O)C(CC)SC1=C(OC=C1)C,CCCC(=O)C(CC)Sc1ccoc1C,True,['meaty'],meaty,True,False
2483,MOL_003107,Methylfurylthiobutanone,61295-44-1,61295-44-1,True,True,CCC(=O)C(C)Sc1ccco1,CCC(=O)C(C)Sc1ccco1,True,['sweet'],sweet,True,False
1667,MOL_003108,Methylfurylthiononanone,61295-50-9,61295-50-9,True,True,CCCCC(=O)C(CCC)Sc1ccoc1C,CCCCC(=O)C(CCC)Sc1ccoc1C,True,"['roasted', 'meaty', 'brothy', 'beefy']",roasted;meaty;brothy;beefy,True,False
613,MOL_003109,Dimethylmethylfurylthioheptanone,61295-51-0,61295-51-0,True,True,Cc1occc1SC(C(=O)CC(C)C)C(C)C,Cc1occc1SC(C(=O)CC(C)C)C(C)C,True,"['onion', 'meaty', 'roasted']",onion;meaty;roasted,True,False
3005,MOL_003110,Ethoxybenzaldehyde,613-69-4,613-69-4,True,True,CCOc1ccccc1C=O,CCOc1ccccc1C=O,True,"['anisic', 'spicy', 'aromatic', 'sweet']",anisic;spicy;aromatic;sweet,True,False
974,MOL_003111,Guaiacyl acetate,613-70-7,613-70-7,True,True,COc1ccccc1OC(C)=O,COc1ccccc1OC(C)=O,True,"['smoky', 'sweet']",smoky;sweet,True,False
1263,MOL_003112,Isobutylmethylthiazole,61323-24-8,61323-24-8,True,True,Cc1csc(CC(C)C)n1,Cc1csc(CC(C)C)n1,True,"['green', 'vegetable', 'leafy', 'tomato']",green;vegetable;leafy;tomato,True,False
793,MOL_003113,Ethyl nicotinate,614-18-6,614-18-6,True,True,CCOC(=O)c1cccnc1,CCOC(=O)c1cccnc1,True,"['fruity', 'tobacco', 'herbal', 'floral']",fruity;tobacco;herbal;floral,True,False
4072,MOL_003114,benzyl phenyl carbinol,614-29-9,614-29-9,True,True,C1=CC=C(C=C1)CC(C2=CC=CC=C2)O,OC(Cc1ccccc1)c1ccccc1,True,"['floral', 'orris']",floral;orris,True,False
4073,MOL_003115,glyceryl tribenzoate,614-33-5,614-33-5,True,True,C1=CC=C(C=C1)C(=O)OCC(COC(=O)C2=CC=CC=C2)OC(=O)C3=CC=CC=C3,O=C(OCC(COC(=O)c1ccccc1)OC(=O)c1ccccc1)c1ccccc1,True,"['solvent', 'herbal', 'balsamic', 'fresh', 'green']",solvent;herbal;balsamic;fresh;green,True,False
3068,MOL_003116,Cresyl benzoate,614-34-6,614-34-6,True,True,Cc1ccc(OC(=O)c2ccccc2)cc1,Cc1ccc(OC(=O)c2ccccc2)cc1,True,"['aromatic', 'floral']",aromatic;floral,True,False
4074,MOL_003117,(E)-cinnamophenone,614-47-1,614-47-1,True,True,C1=CC=C(C=C1)/C=C/C(=O)C2=CC=CC=C2,O=C(/C=C/c1ccccc1)c1ccccc1,True,"['floral', 'balsamic', 'herbal']",floral;balsamic;herbal,True,False
749,MOL_003118,Ethyl furoate,614-99-3,614-99-3,True,True,CCOC(=O)c1ccco1,CCOC(=O)c1ccco1,True,"['fruity', 'burnt', 'floral']",fruity;burnt;floral,True,False
4075,MOL_003119,"2,6-dipropyl-5,6-dihydro-2H-thiopyran-3-carboxaldehyde",61407-00-9,61407-00-9,True,True,CCCC1CC=C(C=O)C(CCC)S1,CCCC1CC=C(C=O)C(CCC)S1,True,"['green', 'tropical']",green;tropical,True,False
1089,MOL_003120,Hexenyl hexenoate,61444-38-0,61444-38-0,True,True,CC/C=C\CCOC(=O)C/C=C\CC,CC/C=C\CCOC(=O)C/C=C\CC,True,"['apple', 'green', 'fruity', 'melon', 'pear', 'violet', 'tomato', 'leafy']",apple;green;fruity;melon;pear;violet;tomato;leafy,True,False
1085,MOL_003121,Hexenyl heptanoate,61444-39-1,61444-39-1,True,True,CC/C=C/CCOC(=O)CCCCCC,CC/C=C/CCOC(=O)CCCCCC,True,"['green', 'fruity', 'fatty', 'tropical', 'waxy']",green;fruity;fatty;tropical;waxy,True,False
1097,MOL_003122,Hexenyl octanoate,61444-41-5,61444-41-5,True,True,CC/C=C\CCOC(=O)CCCCCCC,CC/C=C\CCOC(=O)CCCCCCC,True,"['green', 'fruity', 'fatty', 'tropical', 'waxy', 'winey']",green;fruity;fatty;tropical;waxy;winey,True,False
2171,MOL_003123,Propyl furoate,615-10-1,615-10-1,True,True,CCCOC(=O)c1ccco1,CCCOC(=O)c1ccco1,True,"['earthy', 'fruity', 'burnt', 'sweet']",earthy;fruity;burnt;sweet,True,False
2789,MOL_003124,Isoamyl furoate,615-12-3,615-12-3,True,True,CC(C)CCOC(=O)c1ccco1,CC(C)CCOC(=O)c1ccco1,True,['chocolate'],chocolate,True,False
3131,MOL_003125,Methylthiobenzothiazole,615-22-5,615-22-5,True,True,CSc1nc2ccccc2s1,CSc1nc2ccccc2s1,True,"['sulfurous', 'burnt', 'roasted']",sulfurous;burnt;roasted,True,False
2680,MOL_003126,Amyl nonanoate,61531-45-1,61531-45-1,True,True,CCCCCCCCC(=O)OCCCCC,CCCCCCCCC(=O)OCCCCC,True,"['oily', 'fruity', 'nutty', 'winey', 'floral']",oily;fruity;nutty;winey;floral,True,False
2178,MOL_003127,Propyl lactate,616-09-1,616-09-1,True,True,CCCOC(=O)C(C)O,CCCOC(=O)C(C)O,True,"['milky', 'caramellic', 'sweet']",milky;caramellic;sweet,True,False
4076,MOL_003128,(R)-2-methyl-1-butanol,616-16-0,616-16-0,True,True,CC[C@@H](C)CO,CC[C@@H](C)CO,True,"['fermented', 'fatty']",fermented;fatty,True,False
2004,MOL_003129,Pentenol,616-25-1,616-25-1,True,True,C=CC(O)CC,C=CC(O)CC,True,"['grassy', 'alliaceous', 'pungent']",grassy;alliaceous;pungent,True,False
3250,MOL_003130,Pentanethiol,616-31-9,616-31-9,True,True,CCC(S)CC,CCC(S)CC,True,"['gasoline', 'savory', 'sulfurous']",gasoline;savory;sulfurous,True,False
569,MOL_003131,Dimethyl carbonate,616-38-6,616-38-6,True,True,COC(=O)OC,COC(=O)OC,True,['ethereal'],ethereal,True,False
1806,MOL_003132,Methylthiophene,616-44-4,616-44-4,True,True,Cc1ccsc1,Cc1ccsc1,True,"['sulfurous', 'fatty', 'pungent']",sulfurous;fatty;pungent,True,False
2536,MOL_003133,Methylthiomethylthiophene,61675-72-7,61675-72-7,True,True,CSCc1cccs1,CSCc1cccs1,True,"['alliaceous', 'savory', 'onion', 'sulfurous', 'mushroom']",alliaceous;savory;onion;sulfurous;mushroom,True,False
2633,MOL_003134,Heliotropin propylene glycol acetal,61683-99-6,61683-99-6,True,True,CC1COC(c2ccc3c(c2)OCO3)O1,CC1COC(c2ccc3c(c2)OCO3)O1,True,"['aromatic', 'floral', 'sweet']",aromatic;floral;sweet,True,False
4077,MOL_003135,(S)-(+)-2-octanol,6169-06-8,6169-06-8,True,True,CCCCCC[C@H](C)O,CCCCCC[C@H](C)O,True,"['mushroom', 'oily', 'fatty', 'creamy', 'grape']",mushroom;oily;fatty;creamy;grape,True,False
4078,MOL_003136,2-methyl butyl angelate,61692-77-1,61692-77-1,True,True,O=C(OCC(CC)C)\C(=C/C)C,C/C=C(/C)C(=O)OCC(C)CC,True,"['floral', 'fruity']",floral;fruity,True,False
4079,MOL_003137,beta-phenethyl angelate,61692-79-3,61692-79-3,True,True,O=C(OCCc1ccccc1)\C(=C/C)C,C/C=C(/C)C(=O)OCCc1ccccc1,True,"['rose', 'woody', 'orris']",rose;woody;orris,True,False
2179,MOL_003138,Propyl methylbutenoate,61692-83-9,61692-83-9,True,True,C/C=C(\C)C(=O)OCCC,C/C=C(\C)C(=O)OCCC,True,"['green', 'fruity', 'chamomile', 'sweet', 'mint']",green;fruity;chamomile;sweet;mint,True,False
1256,MOL_003139,Isobutyl tiglate,61692-84-0,61692-84-0,True,True,C/C=C(\C)C(=O)OCC(C)C,C/C=C(\C)C(=O)OCC(C)C,True,"['chamomile', 'pungent', 'herbal']",chamomile;pungent;herbal,True,False
4080,MOL_003140,herbal carbonate,61699-38-5,61699-38-5,True,True,COC(=O)OC1CCCCCCC1,COC(=O)OC1CCCCCCC1,True,"['fresh', 'herbal', 'oily', 'jasmine', 'waxy']",fresh;herbal;oily;jasmine;waxy,True,False
2325,MOL_003141,Tolyl salicylate,617-01-6,617-01-6,True,True,Cc1ccccc1OC(=O)c1ccccc1O,Cc1ccccc1OC(=O)c1ccccc1O,True,"['aromatic', 'sweet', 'mint']",aromatic;sweet;mint,True,False
829,MOL_003142,Ethyl vanillate,617-05-0,617-05-0,True,True,CCOC(=O)c1ccc(O)c(OC)c1,CCOC(=O)c1ccc(O)c(OC)c1,True,"['spicy', 'vanilla', 'phenolic', 'floral', 'sweet']",spicy;vanilla;phenolic;floral;sweet,True,False
1688,MOL_003143,Methylhexanol,617-29-8,617-29-8,True,True,CCCC(O)C(C)C,CCCC(O)C(C)C,True,"['green', 'camphoreous', 'musty', 'leafy', 'floral']",green;camphoreous;musty;leafy;floral,True,False
818,MOL_003144,Ethyl pyruvate,617-35-6,617-35-6,True,True,CCOC(=O)C(C)=O,CCOC(=O)C(C)=O,True,"['fruity', 'caramellic', 'sweet']",fruity;caramellic;sweet,True,False
1308,MOL_003145,Isopropyl isobutyrate,617-50-5,617-50-5,True,True,CC(C)OC(=O)C(C)C,CC(C)OC(=O)C(C)C,True,"['fruity', 'fresh', 'pineapple', 'pear']",fruity;fresh;pineapple;pear,True,False
2801,MOL_003146,Isopropyl lactate,617-51-6,617-51-6,True,True,CC(C)OC(=O)C(C)O,CC(C)OC(=O)C(C)O,True,"['fruity', 'milky', 'caramellic', 'buttery']",fruity;milky;caramellic;buttery,True,False
2083,MOL_003147,Phenylpropanol,617-94-7,617-94-7,True,True,CC(C)(O)c1ccccc1,CC(C)(O)c1ccccc1,True,"['green', 'fatty', 'herbal', 'woody', 'floral']",green;fatty;herbal;woody;floral,True,False
4081,MOL_003148,para-tert-butyl quinoline,61702-91-8,61702-91-8,True,True,CC(C)(C)C1=C2C=CC=NC2=CC=C1,CC(C)(C)c1cccc2ncccc12,True,"['leathery', 'earthy', 'musty', 'woody']",leathery;earthy;musty;woody,True,False
682,MOL_003149,Dodecanone,6175-49-1,6175-49-1,True,True,CCCCCCCCCCC(C)=O,CCCCCCCCCCC(C)=O,True,"['fruity', 'floral', 'citrus']",fruity;floral;citrus,True,False
4082,MOL_003150,geranyl acetoacetate,61759-64-6,61759-64-6,True,True,CC(=CCCC(=CCOC(=O)CC(=O)C)C)C,CC(=O)CC(=O)OCC=C(C)CCC=C(C)C,True,"['green', 'sweet', 'rose', 'woody', 'fruity']",green;sweet;rose;woody;fruity,True,False
4083,MOL_003151,homogeranyl nitrile,61792-11-8,61792-11-8,True,True,CCC(=CCCC(=CC#N)C)C,CCC(C)=CCCC(C)=CC#N,True,"['lemon', 'fresh', 'metallic']",lemon;fresh;metallic,True,False
370,MOL_003152,Cinnamyl tiglate,61792-12-9,61792-12-9,True,True,C/C=C(\C)C(=O)OC/C=C/c1ccccc1,C/C=C(\C)C(=O)OC/C=C/c1ccccc1,True,"['balsamic', 'floral', 'sweet', 'herbal']",balsamic;floral;sweet;herbal,True,False
1336,MOL_003153,Isopropylphenol,618-45-1,618-45-1,True,True,CC(C)c1cccc(O)c1,CC(C)c1cccc(O)c1,True,"['phenolic', 'medicinal', 'leathery', 'animal']",phenolic;medicinal;leathery;animal,True,False
2030,MOL_003154,Phenethyl decanoate,61810-55-7,61810-55-7,True,True,CCCCCCCCCC(=O)OCCc1ccccc1,CCCCCCCCCC(=O)OCCc1ccccc1,True,"['rose', 'green', 'oily', 'waxy', 'herbal', 'winey', 'floral']",rose;green;oily;waxy;herbal;winey;floral,True,False
2538,MOL_003155,Methylthiooctanone,61837-77-2,61837-77-2,True,True,CCCCCCC(=O)CSC,CCCCCCC(=O)CSC,True,"['citrus', 'meaty', 'tomato', 'vegetable', 'cheesy']",citrus;meaty;tomato;vegetable;cheesy,True,False
2831,MOL_003156,Methylbutyl phenylacetate,61889-11-0,61889-11-0,True,True,CCC(C)COC(=O)Cc1ccccc1,CCC(C)COC(=O)Cc1ccccc1,True,"['fruity', 'cocoa', 'balsamic', 'floral', 'sweet']",fruity;cocoa;balsamic;floral;sweet,True,False
532,MOL_003157,Dihydrocarveol,619-01-2,619-01-2,True,True,C=C(C)C1CCC(C)C(O)C1,C=C(C)C1CCC(C)C(O)C1,True,"['woody', 'floral', 'sweet']",woody;floral;sweet,True,False
2934,MOL_003158,Menthenol,619-62-5,619-62-5,True,True,CC(C)[C@@H]1C=C[C@](C)(O)CC1,CC(C)[C@@H]1C=C[C@](C)(O)CC1,True,"['floral', 'musty', 'herbal']",floral;musty;herbal,True,False
1005,MOL_003159,Heptenol,6191-71-5,6191-71-5,True,True,CC/C=C\CCCO,CC/C=C\CCCO,True,"['green', 'creamy', 'fruity', 'grassy']",green;creamy;fruity;grassy,True,False
2852,MOL_003160,Phenoxyethyl acetate,6192-44-5,6192-44-5,True,True,CC(=O)OCCOc1ccccc1,CC(=O)OCCOc1ccccc1,True,"['fruity', 'floral', 'herbal']",fruity;floral;herbal,True,False
4084,MOL_003161,verdoxan,61920-45-4,61920-45-4,True,True,CC(C)C1C(COC(O1)(C)C)(C)C,CC(C)C1OC(C)(C)OCC1(C)C,True,"['woody', 'earthy', 'fruity', 'green', 'herbal']",woody;earthy;fruity;green;herbal,True,False
3035,MOL_003162,Ethyl linalyl acetate,61931-80-4,61931-80-4,True,True,C=CC(C)(CC/C=C(\C)CC)OC(C)=O,C=CC(C)(CC/C=C(\C)CC)OC(C)=O,True,"['fruity', 'pear', 'fresh', 'floral']",fruity;pear;fresh;floral,True,False
1092,MOL_003163,Hexenyl lactate,61931-81-5,61931-81-5,True,True,CC/C=C\CCOC(=O)C(C)O,CC/C=C\CCOC(=O)C(C)O,True,"['green', 'leafy', 'fresh']",green;leafy;fresh,True,False
1662,MOL_003164,Methylfurfural,620-02-0,620-02-0,True,True,Cc1ccc(C=O)o1,Cc1ccc(C=O)o1,True,"['spicy', 'caramellic', 'nutty', 'bread', 'sweet']",spicy;caramellic;nutty;bread;sweet,True,False
3024,MOL_003165,Methoxypyridine,620-08-6,620-08-6,True,True,COc1ccncc1,COc1ccncc1,True,"['spicy', 'aromatic', 'smoky']",spicy;aromatic;smoky,True,False
877,MOL_003166,Ethylphenol,620-17-7,620-17-7,True,True,CCc1cccc(O)c1,CCc1cccc(O)c1,True,['phenolic'],phenolic,True,False
2314,MOL_003167,Tolualdehyde,620-23-5,620-23-5,True,True,Cc1cccc(C=O)c1,Cc1cccc(C=O)c1,True,"['cherry', 'almond', 'sweet']",cherry;almond;sweet,True,False
720,MOL_003168,Ethyl acetylphenylpropionate,620-79-1,620-79-1,True,True,CCOC(=O)C(Cc1ccccc1)C(C)=O,CCOC(=O)C(Cc1ccccc1)C(C)=O,True,"['fruity', 'balsamic', 'floral']",fruity;balsamic;floral,True,False
2728,MOL_003169,Ethyl acetylcinnamate,620-80-4,620-80-4,True,True,CCOC(=O)/C(=C\c1ccccc1)C(C)=O,CCOC(=O)/C(=C\c1ccccc1)C(C)=O,True,"['fruity', 'spicy', 'caramellic']",fruity;spicy;caramellic,True,False
4085,MOL_003170,sedanenolide,62006-39-7,62006-39-7,True,True,CCCCC1C2=C(C=CCC2)C(=O)O1,CCCCC1OC(=O)C2=C1CCC=C2,True,"['herbal', 'vegetable']",herbal;vegetable,True,False
4086,MOL_003171,"1-oxaspiro-4,7-dodecane",62079-29-2,62079-29-2,True,True,C1CCCC2(CCC1)CCCO2,C1CCCC2(CCC1)CCCO2,True,"['animal', 'camphoreous', 'spicy', 'balsamic', 'woody']",animal;camphoreous;spicy;balsamic;woody,True,False
1494,MOL_003172,Methyl dodecenoate,6208-91-9,6208-91-9,True,True,CCCCCCCCCC=CC(=O)OC,CCCCCCCCCC=CC(=O)OC,True,"['green', 'fatty', 'fruity', 'melon', 'pear']",green;fatty;fruity;melon;pear,True,False
3155,MOL_003173,Hydroxymethoxybenzaldehyde,621-59-0,621-59-0,True,True,COc1ccc(C=O)cc1O,COc1ccc(C=O)cc1O,True,"['vanilla', 'hay', 'floral', 'herbal']",vanilla;hay;floral;herbal,True,False
358,MOL_003174,Cinnamic acid,621-82-9,621-82-9,True,True,O=C(O)/C=C/c1ccccc1,O=C(O)/C=C/c1ccccc1,True,['balsamic'],balsamic,True,False
2996,MOL_003175,Ethoxybenzyl alcohol,6214-44-4,6214-44-4,True,True,CCOc1ccc(CO)cc1,CCOc1ccc(CO)cc1,True,"['anisic', 'vanilla', 'aromatic', 'sweet']",anisic;vanilla;aromatic;sweet,True,False
555,MOL_003176,Dihydroxydihydroxymethyldioxane,62147-49-3,62147-49-3,True,True,O=C(CO)CO,O=C(CO)CO,True,"['fruity', 'sweet']",fruity;sweet,True,False
2490,MOL_003177,Propylpyridine,622-39-9,622-39-9,True,True,CCCc1ccccn1,CCCc1ccccn1,True,"['roasted', 'green', 'fatty', 'fishy', 'nutty', 'tobacco']",roasted;green;fatty;fishy;nutty;tobacco,True,False
409,MOL_003178,Cyclohexyl acetate,622-45-7,622-45-7,True,True,CC(=O)OC1CCCCC1,CC(=O)OC1CCCCC1,True,"['apple', 'solvent', 'fruity', 'banana', 'sweet']",apple;solvent;fruity;banana;sweet,True,False
2622,MOL_003179,Cresyl ethyl ether,622-60-6,622-60-6,True,True,CCOc1ccc(C)cc1,CCOc1ccc(C)cc1,True,"['pungent', 'sweet']",pungent;sweet,True,False
1141,MOL_003180,Hydroquinone monoethyl ether,622-62-8,622-62-8,True,True,CCOc1ccc(O)cc1,CCOc1ccc(O)cc1,True,"['herbal', 'anisic', 'smoky', 'sweet']",herbal;anisic;smoky;sweet,True,False
189,MOL_003181,Benzyl isothiocyanate,622-78-6,622-78-6,True,True,S=C=NCc1ccccc1,S=C=NCc1ccccc1,True,"['radish', 'horseradish', 'vegetable', 'pungent']",radish;horseradish;vegetable;pungent,True,False
3046,MOL_003182,Cyclododecyl acetate,6221-92-7,6221-92-7,True,True,CC(=O)OC1CCCCCCCCCCC1,CC(=O)OC1CCCCCCCCCCC1,True,"['woody', 'fruity', 'fatty']",woody;fruity;fatty,True,False
2727,MOL_003183,Dodecyl propionate,6221-93-8,6221-93-8,True,True,CCCCCCCCCCCCOC(=O)CC,CCCCCCCCCCCCOC(=O)CC,True,"['fruity', 'winey']",fruity;winey,True,False
3047,MOL_003184,Cyclododecyl propionate,6221-94-9,6221-94-9,True,True,CCC(=O)OC1CCCCCCCCCCC1,CCC(=O)OC1CCCCCCCCCCC1,True,"['woody', 'fruity', 'fatty']",woody;fruity;fatty,True,False
2877,MOL_003185,Tetradecyl butyrate,6221-98-3,6221-98-3,True,True,Cc1ccc(C)c(NC(=O)C(C)Sc2ccccc2)c1,Cc1ccc(C)c(NC(=O)C(C)Sc2ccccc2)c1,True,"['fatty', 'fruity', 'waxy']",fatty;fruity;waxy,True,False
417,MOL_003186,Cyclohexyl propionate,6222-35-1,6222-35-1,True,True,CCC(=O)OC1CCCCC1,CCC(=O)OC1CCCCC1,True,"['green', 'fruity', 'banana', 'waxy', 'pineapple', 'sweet']",green;fruity;banana;waxy;pineapple;sweet,True,False
1001,MOL_003187,Heptenal,62238-34-0,62238-34-0,True,True,CC/C=C/CCC=O,CC/C=C/CCC=O,True,"['creamy', 'green', 'fatty', 'melon']",creamy;green;fatty;melon,True,False
1145,MOL_003188,Hydroxybenzyl alcohol,623-05-2,623-05-2,True,True,OCc1ccc(O)cc1,OCc1ccc(O)cc1,True,"['fruity', 'nutty', 'phenolic', 'medicinal', 'sweet']",fruity;nutty;phenolic;medicinal;sweet,True,False
940,MOL_003189,Furylbutenone,623-15-4,623-15-4,True,True,CC(=O)/C=C/c1ccco1,CC(=O)/C=C/c1ccco1,True,"['spicy', 'vanilla', 'cinnamon', 'coumarinic', 'warm', 'woody', 'sweet']",spicy;vanilla;cinnamon;coumarinic;warm;woody;sweet,True,False
917,MOL_003190,Furfuryl acetate,623-17-6,623-17-6,True,True,CC(=O)OCc1ccco1,CC(=O)OCc1ccco1,True,"['fruity', 'banana', 'floral', 'ethereal']",fruity;banana;floral;ethereal,True,False
3243,MOL_003191,Methyl furfuracrylate,623-18-7,623-18-7,True,True,COC(=O)/C=C/c1ccco1,COC(=O)/C=C/c1ccco1,True,"['cinnamon', 'spicy', 'fruity']",cinnamon;spicy;fruity,True,False
931,MOL_003192,Furfuryl propionate,623-19-8,623-19-8,True,True,CCC(=O)OCc1ccco1,CCC(=O)OCc1ccco1,True,"['green', 'fruity', 'banana', 'pear']",green;fruity;banana;pear,True,False
745,MOL_003193,Ethyl (E)-furfuracrylate,623-20-1,623-20-1,True,True,CCOC(=O)/C=C/c1ccco1,CCOC(=O)/C=C/c1ccco1,True,"['apple', 'fruity', 'berry', 'balsamic', 'floral']",apple;fruity;berry;balsamic;floral,True,False
919,MOL_003194,Furfuryl butyrate,623-21-2,623-21-2,True,True,CCCC(=O)OCc1ccco1,CCCC(=O)OCc1ccco1,True,"['green', 'fruity', 'grape']",green;fruity;grape,True,False
2170,MOL_003195,Propyl furanacrylate,623-22-3,623-22-3,True,True,CCCOC(=O)/C=C\c1ccco1,CCCOC(=O)/C=C\c1ccco1,True,"['apple', 'spicy', 'fruity', 'pear', 'tropical', 'honey', 'strawberry', 'sweet']",apple;spicy;fruity;pear;tropical;honey;strawberry;sweet,True,False
938,MOL_003196,Furylacrolein,623-30-3,623-30-3,True,True,O=C/C=C/c1ccco1,O=C/C=C/c1ccco1,True,"['spicy', 'cinnamon', 'nutty', 'fruity', 'herbal']",spicy;cinnamon;nutty;fruity;herbal,True,False
1731,MOL_003197,Methylpentenal,623-36-9,623-36-9,True,True,CC/C=C(\C)C=O,CC/C=C(\C)C=O,True,"['green', 'fruity', 'pungent']",green;fruity;pungent,True,False
1052,MOL_003198,Hexanol,623-37-0,623-37-0,True,True,CCCC(O)CC,CCCC(O)CC,True,"['fermented', 'medicinal', 'alcoholic', 'solvent']",fermented;medicinal;alcoholic;solvent,True,False
1480,MOL_003199,Methyl butyrate,623-42-7,623-42-7,True,True,CCCC(=O)OC,CCCC(=O)OC,True,"['apple', 'ethereal', 'fruity', 'fermented', 'buttery']",apple;ethereal;fruity;fermented;buttery,True,False
1483,MOL_003200,Methyl crotonate,623-43-8,623-43-8,True,True,C/C=C/C(=O)OC,C/C=C/C(=O)OC,True,"['green', 'fruity', 'sharp']",green;fruity;sharp,True,False
772,MOL_003201,Ethyl mercaptoacetate,623-51-8,623-51-8,True,True,CCOC(=O)CS,CCOC(=O)CS,True,"['green', 'sulfurous', 'fruity', 'alliaceous']",green;sulfurous;fruity;alliaceous,True,False
711,MOL_003202,Ethyl butenoate,623-70-1,623-70-1,True,True,C/C=C/C(=O)OCC,C/C=C/C(=O)OCC,True,"['caramellic', 'fruity', 'cognac', 'pungent', 'rum']",caramellic;fruity;cognac;pungent;rum,True,False
2866,MOL_003203,Propylene glycol diacetate,623-84-7,623-84-7,True,True,CC(=O)OCC(C)OC(C)=O,CC(=O)OCC(C)OC(C)=O,True,['fruity'],fruity,True,False
504,MOL_003204,Diethyl fumarate,623-91-6,623-91-6,True,True,CCOC(=O)/C=C/C(=O)OCC,CCOC(=O)/C=C/C(=O)OCC,True,"['green', 'fruity', 'herbal']",green;fruity;herbal,True,False
2721,MOL_003205,Tufurol acetate,62346-96-7,62346-96-7,True,True,CC(=O)OCc1ccc(C)cc1C,CC(=O)OCc1ccc(C)cc1C,True,"['fruity', 'fresh', 'floral', 'sweet']",fruity;fresh;floral;sweet,True,False
3103,MOL_003206,Oxodecanoic acid,624-01-1,624-01-1,True,True,CCCCCC(=O)CCCC(=O)O,CCCCCC(=O)CCCC(=O)O,True,"['creamy', 'peach']",creamy;peach,True,False
1021,MOL_003207,Heptyl heptanoate,624-09-9,624-09-9,True,True,CCCCCCCOC(=O)CCCCCC,CCCCCCCOC(=O)CCCCCC,True,"['green', 'oily', 'fruity', 'fatty', 'fermented', 'winey']",green;oily;fruity;fatty;fermented;winey,True,False
2183,MOL_003208,Propyl octanoate,624-13-5,624-13-5,True,True,CCCCCCCC(=O)OCCC,CCCCCCCC(=O)OCCC,True,"['oily', 'fruity', 'winey']",oily;fruity;winey,True,False
508,MOL_003209,Diethyl nonanedioate,624-17-9,624-17-9,True,True,CCOC(=O)CCCCCCCC(=O)OCC,CCOC(=O)CCCCCCCC(=O)OCC,True,"['oily', 'fruity', 'fatty']",oily;fruity;fatty,True,False
1581,MOL_003210,Methyl valerate,624-24-8,624-24-8,True,True,CCCCC(=O)OC,CCCCC(=O)OC,True,"['apple', 'ethereal', 'green', 'fruity', 'pineapple']",apple;ethereal;green;fruity;pineapple,True,False
1617,MOL_003211,Methylbutyl acetate,624-41-9,624-41-9,True,True,CCC(C)COC(C)=O,CCC(C)COC(C)=O,True,"['banana', 'apple', 'fruity', 'ethereal']",banana;apple;fruity;ethereal,True,False
1672,MOL_003212,Methylheptanone,624-42-0,624-42-0,True,True,CCC(=O)CCC(C)C,CCC(=O)CCC(C)C,True,"['fruity', 'herbal', 'ketonic', 'camphoreous']",fruity;herbal;ketonic;camphoreous,True,False
2821,MOL_003213,Methyl levulinate,624-45-3,624-45-3,True,True,COC(=O)CCC(C)=O,COC(=O)CCC(C)=O,True,"['green', 'fruity', 'burnt', 'caramellic']",green;fruity;burnt;caramellic,True,False
1881,MOL_003214,Nonanol,624-51-1,624-51-1,True,True,CCCCCCC(O)CC,CCCCCCC(O)CC,True,"['earthy', 'spicy', 'herbal']",earthy;spicy;herbal,True,False
137,MOL_003215,Amyl propionate,624-54-4,624-54-4,True,True,CCCCCOC(=O)CC,CCCCCOC(=O)CC,True,"['apple', 'fruity', 'banana', 'tropical', 'pineapple', 'sweet']",apple;fruity;banana;tropical;pineapple;sweet,True,False
778,MOL_003216,Ethyl methyl sulfide,624-89-5,624-89-5,True,True,CCSC,CCSC,True,"['meaty', 'alliaceous', 'savory', 'tomato', 'sulfurous']",meaty;alliaceous;savory;tomato;sulfurous,True,False
570,MOL_003217,Dimethyl disulfide,624-92-0,624-92-0,True,True,CSSC,CSSC,True,"['onion', 'cabbage']",onion;cabbage,True,False
412,MOL_003218,Cyclohexyl caproate,6243-10-3,6243-10-3,True,True,CCCCCC(=O)OC1CCCCC1,CCCCCC(=O)OC1CCCCC1,True,"['fruity', 'winey', 'pineapple', 'metallic']",fruity;winey;pineapple;metallic,True,False
3256,MOL_003219,Methoxydimethylheptanal,62439-41-2,62439-41-2,True,True,COC(C)(C)CCCC(C)C=O,COC(C)(C)CCCC(C)C=O,True,"['citrus', 'fruity', 'melon', 'floral']",citrus;fruity;melon;floral,True,False
1205,MOL_003220,Isoamyl myristate,62488-24-8,62488-24-8,True,True,CCCCCCCCCCCCCC(=O)OCCC(C)C,CCCCCCCCCCCCCC(=O)OCCC(C)C,True,"['fatty', 'waxy']",fatty;waxy,True,False
4087,MOL_003221,"2,4-heptadien-1-ol",62488-55-5,62488-55-5,True,True,CCC=CC=CCO,CCC=CC=CCO,True,"['fatty', 'cheesy', 'nutty', 'almond']",fatty;cheesy;nutty;almond,True,False
1864,MOL_003222,Nonadienol,62488-56-6,62488-56-6,True,True,CCCC/C=C/C=C/CO,CCCC/C=C/C=C/CO,True,"['green', 'fatty', 'melon', 'chicken', 'cucumber']",green;fatty;melon;chicken;cucumber,True,False
2876,MOL_003223,Amyl acetate,625-16-1,625-16-1,True,True,CCC(C)(C)OC(C)=O,CCC(C)(C)OC(C)=O,True,"['fruity', 'fresh', 'banana', 'mint']",fruity;fresh;banana;mint,True,False
2010,MOL_003224,Pentenone,625-33-2,625-33-2,True,True,C/C=C\C(C)=O,C/C=C\C(C)=O,True,"['spicy', 'fruity', 'fishy', 'musty', 'pungent']",spicy;fruity;fishy;musty;pungent,True,False
1306,MOL_003225,Isopropyl formate,625-55-8,625-55-8,True,True,CC(C)OC=O,CC(C)OC=O,True,"['fruity', 'sweet', 'ethereal']",fruity;sweet;ethereal,True,False
823,MOL_003226,Ethyl thioacetate,625-60-5,625-60-5,True,True,CCSC(C)=O,CCSC(C)=O,True,"['sulfurous', 'garlic', 'meaty']",sulfurous;garlic;meaty,True,False
559,MOL_003227,Diisopropyl sulfide,625-80-9,625-80-9,True,True,CC(C)SC(C)C,CC(C)SC(C)C,True,"['vegetable', 'savory', 'onion', 'sulfurous']",vegetable;savory;onion;sulfurous,True,False
642,MOL_003228,Dimethylpyrrole,625-84-3,625-84-3,True,True,Cc1ccc(C)[nH]1,Cc1ccc(C)[nH]1,True,"['green', 'earthy', 'burnt', 'animal']",green;earthy;burnt;animal,True,False
599,MOL_003229,Dimethylfuran,625-86-5,625-86-5,True,True,Cc1ccc(C)o1,Cc1ccc(C)o1,True,"['cognac', 'solvent', 'ethereal', 'rum']",cognac;solvent;ethereal;rum,True,False
4088,MOL_003230,4-methoxy-alpha-toluene thiol,6258-60-2,6258-60-2,True,True,O(c1ccc(cc1)CS)C,COc1ccc(CS)cc1,True,"['sulfurous', 'burnt', 'floral', 'balsamic', 'anisic']",sulfurous;burnt;floral;balsamic;anisic,True,False
2308,MOL_003231,Thiophenemethanethiol,6258-63-5,6258-63-5,True,True,SCc1cccs1,SCc1cccs1,True,"['sulfurous', 'coffee', 'meaty']",sulfurous;coffee;meaty,True,False
1129,MOL_003232,Hexyl salicylate,6259-76-3,6259-76-3,True,True,CCCCCCOC(=O)c1ccccc1O,CCCCCCOC(=O)c1ccccc1O,True,"['spicy', 'hay', 'fruity', 'herbal', 'balsamic', 'floral']",spicy;hay;fruity;herbal;balsamic;floral,True,False
1616,MOL_003233,Methylbutyl acetate,626-38-0,626-38-0,True,True,CCCC(C)OC(C)=O,CCCC(C)OC(C)=O,True,"['ripe', 'fruity']",ripe;fruity,True,False
2174,MOL_003234,Propyl hexanoate,626-77-7,626-77-7,True,True,CCCCCC(=O)OCCC,CCCCCC(=O)OCCC,True,"['green', 'pineapple', 'sweet', 'tropical']",green;pineapple;sweet;tropical,True,False
270,MOL_003235,Butyl hexanoate,626-82-4,626-82-4,True,True,CCCCCC(=O)OCCCC,CCCCCC(=O)OCCCC,True,"['green', 'fruity', 'fermented', 'waxy', 'berry', 'pineapple']",green;fruity;fermented;waxy;berry;pineapple,True,False
1727,MOL_003236,Methylpentanol,626-89-1,626-89-1,True,True,CC(C)CCCO,CC(C)CCCO,True,"['green', 'oily', 'fruity', 'fermented', 'herbal']",green;oily;fruity;fermented;herbal,True,False
1053,MOL_003237,Hexanol,626-93-7,626-93-7,True,True,CCCCC(C)O,CCCCC(C)O,True,"['alcoholic', 'solvent', 'fruity', 'fatty', 'fermented', 'musty', 'mushroom']",alcoholic;solvent;fruity;fatty;fermented;musty;mushroom,True,False
4089,MOL_003238,2-pentenoic acid,626-98-2,626-98-2,True,True,CCC=CC(=O)O,CCC=CC(=O)O,True,"['pungent', 'fatty']",pungent;fatty,True,False
1353,MOL_003239,Jasmone,6261-18-3,6261-18-3,True,True,CC/C=C/CC1=C(C)CCC1=O,CC/C=C/CC1=C(C)CCC1=O,True,['jasmine'],jasmine,True,False
2487,MOL_003240,Phenethyl mercaptan,6263-65-6,6263-65-6,True,True,CC(S)c1ccccc1,CC(S)c1ccccc1,True,"['meaty', 'tropical', 'sulfurous', 'floral']",meaty;tropical;sulfurous;floral,True,False
2600,MOL_003241,Methylnitrobutane,627-67-8,627-67-8,True,True,CC(C)CC[N+](=O)[O-],CC(C)CC[N+](=O)[O-],True,['fruity'],fruity,True,False
826,MOL_003242,Ethyl undecanoate,627-90-7,627-90-7,True,True,CCCCCCCCCCC(=O)OCC,CCCCCCCCCCC(=O)OCC,True,"['creamy', 'fruity', 'coconut', 'waxy', 'cheesy']",creamy;fruity;coconut;waxy;cheesy,True,False
3197,MOL_003243,Dimethyl adipate,627-93-0,627-93-0,True,True,COC(=O)CCCCC(=O)OC,COC(=O)CCCCC(=O)OC,True,"['fruity', 'winey', 'sweet']",fruity;winey;sweet,True,False
2939,MOL_003244,Methylhexanol,627-98-5,627-98-5,True,True,CC(C)CCCCO,CC(C)CCCCO,True,"['alcoholic', 'solvent', 'oily', 'fermented']",alcoholic;solvent;oily;fermented,True,False
4090,MOL_003245,phenyl glycol diacetate,6270-03-7,6270-03-7,True,True,CC(=O)OCC(C1=CC=CC=C1)OC(=O)C,CC(=O)OCC(OC(C)=O)c1ccccc1,True,"['floral', 'balsamic', 'honey', 'woody']",floral;balsamic;honey;woody,True,False
922,MOL_003246,Furfuryl isobutyrate,6270-55-9,6270-55-9,True,True,CC(C)C(=O)OCc1ccco1,CC(C)C(=O)OCc1ccco1,True,['fruity'],fruity,True,False
746,MOL_003247,Ethyl furfuryl ether,6270-56-0,6270-56-0,True,True,CCOCc1ccco1,CCOCc1ccco1,True,"['spicy', 'ethereal', 'fermented', 'sweet', 'buttery']",spicy;ethereal;fermented;sweet;buttery,True,False
2513,MOL_003248,Heptanethiol,628-00-2,628-00-2,True,True,CCCCCC(C)S,CCCCCC(C)S,True,"['vegetable', 'fatty', 'savory', 'onion', 'sulfurous']",vegetable;fatty;savory;onion;sulfurous,True,False
2573,MOL_003249,Isoamyl isothiocyanate,628-03-5,628-03-5,True,True,CC(C)CCN=C=S,CC(C)CCN=C=S,True,"['pungent', 'horseradish', 'cabbage']",pungent;horseradish;cabbage,True,False
1478,MOL_003250,Methyl butyl sulfide,628-29-5,628-29-5,True,True,CCCCSC,CCCCSC,True,"['vegetable', 'meaty', 'green', 'sulfurous']",vegetable;meaty;green;sulfurous,True,False
1685,MOL_003251,Methylhexanoic acid,628-46-6,628-46-6,True,True,CC(C)CCCC(=O)O,CC(C)CCCC(=O)O,True,"['sour', 'oily', 'fatty', 'fruity', 'cheesy']",sour;oily;fatty;fruity;cheesy,True,False
120,MOL_003252,Amyl acetate,628-63-7,628-63-7,True,True,CCCCCOC(C)=O,CCCCCOC(C)=O,True,"['banana', 'fruity', 'ethereal']",banana;fruity;ethereal,True,False
42,MOL_003253,Acetoxybutyl acetate,628-67-1,628-67-1,True,True,CC(=O)OCCCCOC(C)=O,CC(=O)OCCCCOC(C)=O,True,"['fruity', 'sweet', 'solvent', 'ethereal']",fruity;sweet;solvent;ethereal,True,False
806,MOL_003254,Ethyl palmitate,628-97-7,628-97-7,True,True,CCCCCCCCCCCCCCCC(=O)OCC,CCCCCCCCCCCCCCCC(=O)OCC,True,"['waxy', 'sweet']",waxy;sweet,True,False
1879,MOL_003255,Nonanol,628-99-9,628-99-9,True,True,CCCCCCCC(C)O,CCCCCCCC(C)O,True,"['green', 'fruity', 'waxy', 'dairy', 'musty']",green;fruity;waxy;dairy;musty,True,False
2096,MOL_003256,Phenylpropyl hexanoate,6281-40-9,6281-40-9,True,True,CCCCCC(=O)OCCCc1ccccc1,CCCCCC(=O)OCCCc1ccccc1,True,"['green', 'fruity', 'sweet']",green;fruity;sweet,True,False
2708,MOL_003257,Cyclohexylethyl formate,6282-05-9,6282-05-9,True,True,O=COCCC1CCCCC1,O=COCCC1CCCCC1,True,"['fruity', 'apple', 'waxy']",fruity;apple;waxy,True,False
2726,MOL_003258,Dodecyl lactate,6283-92-7,6283-92-7,True,True,CCCCCCCCCCCCOC(=O)C(C)O,CCCCCCCCCCCCOC(=O)C(C)O,True,"['oily', 'fruity', 'fatty', 'burnt', 'dairy']",oily;fruity;fatty;burnt;dairy,True,False
1303,MOL_003259,Isopropyl crotonate,6284-46-4,6284-46-4,True,True,C/C=C/C(=O)OC(C)C,C/C=C/C(=O)OC(C)C,True,"['fruity', 'apple', 'chamomile', 'sweet']",fruity;apple;chamomile;sweet,True,False
2568,MOL_003260,Amyl isothiocyanate,629-12-9,629-12-9,True,True,CCCCCN=C=S,CCCCCN=C=S,True,"['vegetable', 'pungent', 'horseradish', 'radish']",vegetable;pungent;horseradish;radish,True,False
2167,MOL_003261,Propyl disulfide,629-19-6,629-19-6,True,True,CCCSSCCC,CCCSSCCC,True,"['green', 'alliaceous', 'garlic', 'onion']",green;alliaceous;garlic;onion,True,False
1115,MOL_003262,Hexyl formate,629-33-4,629-33-4,True,True,CCCCCCOC=O,CCCCCCOC=O,True,"['ethereal', 'green', 'fruity', 'sweet']",ethereal;green;fruity;sweet,True,False
4091,MOL_003263,"1,8-octane dinitrile",629-40-3,629-40-3,True,True,C(CCCC#N)CCC#N,N#CCCCCCCC#N,True,"['fresh', 'sweet', 'waxy', 'floral', 'citrus']",fresh;sweet;waxy;floral;citrus,True,False
490,MOL_003264,Dibutyl disulfide,629-45-8,629-45-8,True,True,CCCCSSCCCC,CCCCSSCCCC,True,"['vegetable', 'green', 'alliaceous', 'sulfurous']",vegetable;green;alliaceous;sulfurous,True,False
3130,MOL_003265,Tridecane,629-50-5,629-50-5,True,True,CCCCCCCCCCCCC,CCCCCCCCCCCCC,True,['gasoline'],gasoline,True,False
2915,MOL_003266,Hexadecenoic acid,629-56-1,629-56-1,True,True,CCCCCCCCCCCCCC=CC(=O)O,CCCCCCCCCCCCCC=CC(=O)O,True,"['oily', 'fatty']",oily;fatty,True,False
2275,MOL_003267,Tetradecane,629-59-4,629-59-4,True,True,CCCCCCCCCCCCCC,CCCCCCCCCCCCCC,True,['gasoline'],gasoline,True,False
1983,MOL_003268,Pentadecane,629-62-9,629-62-9,True,True,CCCCCCCCCCCCCCC,CCCCCCCCCCCCCCC,True,"['waxy', 'gasoline']",waxy;gasoline,True,False
4092,MOL_003269,clean nitrile,629-63-0,629-63-0,True,True,CCCCCCCCCCCCCC#N,CCCCCCCCCCCCCC#N,True,"['fresh', 'floral', 'green']",fresh;floral;green,True,False
1979,MOL_003270,Palmityl acetate,629-70-9,629-70-9,True,True,CCCCCCCCCCCCCCCCOC(C)=O,CCCCCCCCCCCCCCCCOC(C)=O,True,"['waxy', 'sweet']",waxy;sweet,True,False
1985,MOL_003271,Pentadecanol,629-76-5,629-76-5,True,True,CCCCCCCCCCCCCCCO,CCCCCCCCCCCCCCCO,True,"['floral', 'fatty', 'waxy']",floral;fatty;waxy,True,False
2601,MOL_003272,Heptadecane,629-78-7,629-78-7,True,True,CCCCCCCCCCCCCCCCC,CCCCCCCCCCCCCCCCC,True,"['waxy', 'gasoline']",waxy;gasoline,True,False
1034,MOL_003273,Hexadecanal,629-80-1,629-80-1,True,True,CCCCCCCCCCCCCCCC=O,CCCCCCCCCCCCCCCC=O,True,"['fatty', 'waxy', 'orris']",fatty;waxy;orris,True,False
713,MOL_003274,Fraistone,6290-17-1,6290-17-1,True,True,CCOC(=O)CC1(C)OCC(C)O1,CCOC(=O)CC1(C)OCC(C)O1,True,"['apple', 'fruity', 'fresh', 'strawberry', 'sweet']",apple;fruity;fresh;strawberry;sweet,True,False
2734,MOL_003275,Ethyl ethoxybenzoate,6290-24-0,6290-24-0,True,True,CCOC(=O)c1ccccc1OCC,CCOC(=O)c1ccccc1OCC,True,"['green', 'fruity', 'warm', 'floral', 'sweet']",green;fruity;warm;floral;sweet,True,False
4093,MOL_003276,"2-ethyl-4-isopropyl-2,5,5-trimethyl-1,3-dioxane",6290-33-1,6290-33-1,True,True,O1CC(C(OC1(C)CC)C(C)C)(C)C,CCC1(C)OCC(C)(C)C(C(C)C)O1,True,"['mint', 'leathery']",mint;leathery,True,False
2033,MOL_003277,Phenethyl hexanoate,6290-37-5,6290-37-5,True,True,CCCCCC(=O)OCCc1ccccc1,CCCCCC(=O)OCCc1ccccc1,True,"['rose', 'fruity', 'honey', 'waxy', 'woody']",rose;fruity;honey;waxy;woody,True,False
2765,MOL_003278,Ethylhexyl propionate,6293-37-4,6293-37-4,True,True,CCCCC(CC)COC(=O)CC,CCCCC(CC)COC(=O)CC,True,"['oily', 'fruity', 'fatty']",oily;fruity;fatty,True,False
285,MOL_003279,Butyl methylvalerate,6297-41-2,6297-41-2,True,True,CCCCOC(=O)C(C)CCC,CCCCOC(=O)C(C)CCC,True,"['fruity', 'herbal', 'chamomile']",fruity;herbal;chamomile,True,False
1433,MOL_003280,Methionine,63-68-3,63-68-3,True,True,CSCC[C@H](N)C(=O)O,CSCC[C@H](N)C(=O)O,True,['meaty'],meaty,True,False
2061,MOL_003281,Phenylalanine,63-91-2,63-91-2,True,True,N[C@@H](Cc1ccccc1)C(=O)O,N[C@@H](Cc1ccccc1)C(=O)O,True,['cocoa'],cocoa,True,False
1703,MOL_003282,Methylmethylthiofuran,63012-97-5,63012-97-5,True,True,Cc1ccsc1C,Cc1ccsc1C,True,"['meaty', 'roasted', 'nutty', 'brothy', 'sweet']",meaty;roasted;nutty;brothy;sweet,True,False
4094,MOL_003283,2-isobutyl pyridine,6304-24-1,6304-24-1,True,True,CC(C)CC1=CC=CC=N1,CC(C)Cc1ccccn1,True,"['aromatic', 'vegetable']",aromatic;vegetable,True,False
1203,MOL_003284,Isoamyl laurate,6309-51-9,6309-51-9,True,True,CCCCCCCCCCCC(=O)OCCC(C)C,CCCCCCCCCCCC(=O)OCCC(C)C,True,"['oily', 'fatty', 'winey']",oily;fatty;winey,True,False
464,MOL_003285,Decenolactone,63095-33-0,63095-33-0,True,True,CC/C=C\CCC1CCC(=O)O1,CC/C=C\CCC1CCC(=O)O1,True,"['creamy', 'green', 'fruity', 'tropical', 'peach', 'floral', 'sweet']",creamy;green;fruity;tropical;peach;floral;sweet,True,False
4095,MOL_003286,3-(10-undecen-1-yl oxy) propionitrile,63095-34-1,63095-34-1,True,True,N#CCCOCCCCCCCCC\C=C,C=CCCCCCCCCCOCCC#N,True,"['fruity', 'pineapple']",fruity;pineapple,True,False
4096,MOL_003287,"2,6,9,10,10-pentamethyl-1-oxa-spiro[4.5]deca-3,6-diene",63128-04-1,63128-04-1,True,True,CC1CC=C(C2(C1(C)C)C=CC(O2)C)C,CC1=CCC(C)C(C)(C)C12C=CC(C)O2,True,"['fruity', 'mint', 'black currant']",fruity;mint;black currant,True,False
2655,MOL_003288,Phenylacetaldehyde diethyl acetal,6314-97-2,6314-97-2,True,True,CCOC(Cc1ccccc1)OCC,CCOC(Cc1ccccc1)OCC,True,"['green', 'leafy', 'floral', 'sweet']",green;leafy;floral;sweet,True,False
3268,MOL_003289,Octenal,63196-63-4,63196-63-4,True,True,CC=CCCCCC=O,CC=CCCCCC=O,True,"['green', 'melon']",green;melon,True,False
4097,MOL_003290,(Z)-6-octenal,63196-64-5,63196-64-5,True,True,C/C=C\CCCCC=O,C/C=C\CCCCC=O,True,"['fresh', 'fruity', 'green', 'melon', 'cucumber']",fresh;fruity;green;melon;cucumber,True,False
655,MOL_003291,Dimethylthiophene,632-15-5,632-15-5,True,True,Cc1cscc1C,Cc1cscc1C,True,['onion'],onion,True,False
103,MOL_003292,Allyl pentanoate,6321-45-5,6321-45-5,True,True,C=CCOC(=O)CCCC,C=CCOC(=O)CCCC,True,"['apple', 'fruity', 'fermented', 'pineapple', 'winey']",apple;fruity;fermented;pineapple;winey,True,False
4098,MOL_003293,"vanillin 2,3-butylene glycol acetal",63253-24-7,63253-24-7,True,True,Oc1ccc(cc1OC)C2OC(C)C(C)O2,COc1cc(C2OC(C)C(C)O2)ccc1O,True,"['vanilla', 'creamy', 'chocolate', 'orris', 'caramellic', 'dairy', 'sweet', 'balsamic', 'malty']",vanilla;creamy;chocolate;orris;caramellic;dairy;sweet;balsamic;malty,True,False
1876,MOL_003294,Nonanediol diacetate (See FEMA 2783),63270-14-4,63270-14-4,True,True,CCCCCCC(CCOC(C)=O)OC(C)=O,CCCCCCC(CCOC(C)=O)OC(C)=O,True,"['floral', 'jasmine']",floral;jasmine,True,False
4099,MOL_003295,(R)-gamma-hexalactone,63357-95-9,63357-95-9,True,True,CC[C@@H]1CCC(=O)O1,CC[C@@H]1CCC(=O)O1,True,"['sweet', 'coconut', 'hay', 'herbal']",sweet;coconut;hay;herbal,True,False
4100,MOL_003296,(R)-gamma-nonalactone,63357-96-0,63357-96-0,True,True,CCCCC[C@@H]1CCC(=O)O1,CCCCC[C@@H]1CCC(=O)O1,True,"['sweet', 'ethereal', 'coconut', 'fatty', 'milky']",sweet;ethereal;coconut;fatty;milky,True,False
4101,MOL_003297,(S)-gamma-nonalactone,63357-97-1,63357-97-1,True,True,O=C1O[C@@H](CCCCC)CC1,CCCCC[C@H]1CCC(=O)O1,True,"['fatty', 'musty', 'coconut']",fatty;musty;coconut,True,False
615,MOL_003298,Dimethylmethylthiofuran,63359-63-7,63359-63-7,True,True,CSc1cc(C)oc1C,CSc1cc(C)oc1C,True,"['brothy', 'meaty', 'roasted']",brothy;meaty;roasted,True,False
2345,MOL_003299,Trimethoxybenzene,634-36-6,634-36-6,True,True,COc1cccc(OC)c1OC,COc1cccc(OC)c1OC,True,"['phenolic', 'spicy', 'leathery', 'smoky']",phenolic;spicy;leathery;smoky,True,False
2583,MOL_003300,Acetaldehyde di-cis-3-hexenyl acetal,63449-64-9,63449-64-9,True,True,CC/C=C\CCOC(C)OCC/C=C\CC,CC/C=C\CCOC(C)OCC/C=C\CC,True,"['green', 'herbal', 'vegetable', 'sweet']",green;herbal;vegetable;sweet,True,False
4102,MOL_003301,beta-naphthyl anthranilate,63449-68-3,63449-68-3,True,True,C1=CC=C2C=C(C=CC2=C1)OC(=O)C3=CC=CC=C3N,Nc1ccccc1C(=O)Oc1ccc2ccccc2c1,True,"['floral', 'grape', 'sweet', 'fruity', 'berry', 'winey']",floral;grape;sweet;fruity;berry;winey,True,False
2707,MOL_003302,Cyclohexylethyl butyrate,63449-88-7,63449-88-7,True,True,CCCC(=O)OC(C)C1CCCCC1,CCCC(=O)OC(C)C1CCCCC1,True,"['fruity', 'sweet']",fruity;sweet,True,False
1446,MOL_003303,Methoxymethylpyrazine,63450-30-6,63450-30-6,True,True,COCc1cnccn1,COCc1cnccn1,True,"['almond', 'roasted']",almond;roasted,True,False
4103,MOL_003304,3-mercapto-4-heptanone,63458-78-6,63458-78-6,True,True,CCCC(=O)C(CC)S,CCCC(=O)C(S)CC,True,"['herbal', 'grapefruit', 'green', 'black currant']",herbal;grapefruit;green;black currant,True,False
4104,MOL_003305,4-mercapto-5-nonanone,63458-80-0,63458-80-0,True,True,CCCCC(=O)C(CCC)S,CCCCC(=O)C(S)CCC,True,"['green', 'fruity', 'grapefruit', 'mint', 'leafy']",green;fruity;grapefruit;mint;leafy,True,False
4105,MOL_003306,"1,2,3,4-tetrahydroquinoline",635-46-1,635-46-1,True,True,C1CC2=CC=CC=C2NC1,c1ccc2c(c1)CCCN2,True,"['honey', 'animal', 'phenolic']",honey;animal;phenolic,True,False
4106,MOL_003307,floral pyranol,63500-71-0,63500-71-0,True,True,CC(C)CC1CC(CCO1)(C)O,CC(C)CC1CC(C)(O)CCO1,True,"['fresh', 'floral', 'woody']",fresh;floral;woody,True,False
3002,MOL_003308,Thenyl alcohol,636-72-6,636-72-6,True,True,OCc1cccs1,OCc1cccs1,True,"['ethereal', 'alliaceous', 'savory', 'fermented', 'burnt', 'coffee']",ethereal;alliaceous;savory;fermented;burnt;coffee,True,False
2856,MOL_003309,Phenyl propionate,637-27-4,637-27-4,True,True,CCC(=O)Oc1ccccc1,CCC(=O)Oc1ccccc1,True,"['honey', 'phenolic', 'floral']",honey;phenolic;floral,True,False
2280,MOL_003310,Tetrahydrofurfuryl acetate,637-64-9,637-64-9,True,True,CC(=O)OCC1CCCO1,CC(=O)OCC1CCCO1,True,"['fruity', 'ethereal', 'rum']",fruity;ethereal;rum,True,False
2284,MOL_003311,Tetrahydrofurfuryl propionate,637-65-0,637-65-0,True,True,CCC(=O)OCC1CCCO1,CCC(=O)OCC1CCCO1,True,"['fruity', 'caramellic', 'sweet', 'fermented']",fruity;caramellic;sweet;fermented,True,False
3147,MOL_003312,Methoxystyrene,637-69-4,637-69-4,True,True,C=Cc1ccc(OC)cc1,C=Cc1ccc(OC)cc1,True,['rose'],rose,True,False
1321,MOL_003313,Isopropyl propionate,637-78-5,637-78-5,True,True,CCC(=O)OC(C)C,CCC(=O)OC(C)C,True,"['fruity', 'plum', 'ethereal', 'rum']",fruity;plum;ethereal;rum,True,False
2013,MOL_003314,Pentylbutenone,63759-55-7,63759-55-7,True,True,C=C(CCCCC)C(C)=O,C=C(CCCCC)C(C)=O,True,"['fruity', 'fresh', 'musty', 'mushroom']",fruity;fresh;musty;mushroom,True,False
4107,MOL_003315,muguet ethanol,63767-86-2,63767-86-2,True,True,CC(C)C1CCC(CC1)C(C)O,CC(C)C1CCC(C(C)O)CC1,True,"['floral', 'waxy', 'rose']",floral;waxy;rose,True,False
1117,MOL_003316,Hexyl hexanoate,6378-65-0,6378-65-0,True,True,CCCCCCOC(=O)CCCCC,CCCCCCOC(=O)CCCCC,True,"['green', 'fruity', 'tropical', 'fresh', 'waxy', 'berry', 'vegetable', 'sweet']",green;fruity;tropical;fresh;waxy;berry;vegetable;sweet,True,False
4108,MOL_003317,(E)-methyl isoeugenol,6379-72-2,6379-72-2,True,True,C/C=C/C1=CC(=C(C=C1)OC)OC,C/C=C/c1ccc(OC)c(OC)c1,True,['spicy'],spicy,True,False
332,MOL_003318,Carvacryl methyl ether,6379-73-3,6379-73-3,True,True,COc1cc(C(C)C)ccc1C,COc1cc(C(C)C)ccc1C,True,"['spicy', 'green', 'herbal', 'phenolic']",spicy;green;herbal;phenolic,True,False
654,MOL_003319,Dimethylthiophene,638-02-8,638-02-8,True,True,Cc1ccc(C)s1,Cc1ccc(C)s1,True,"['onion', 'fresh', 'green']",onion;fresh;green,True,False
820,MOL_003320,Ethyl senecioate,638-10-8,638-10-8,True,True,CCOC(=O)C=C(C)C,CCOC(=O)C=C(C)C,True,"['apple', 'fruity', 'pineapple', 'chamomile', 'sweet']",apple;fruity;pineapple;chamomile;sweet,True,False
1301,MOL_003321,Isopropyl butyrate,638-11-9,638-11-9,True,True,CCCC(=O)OC(C)C,CCCC(=O)OC(C)C,True,"['pineapple', 'strawberry', 'buttery']",pineapple;strawberry;buttery,True,False
2343,MOL_003322,Trimethyldihydrodithiazine,638-17-5,638-17-5,True,True,CC1NC(C)SC(C)S1,CC1NC(C)SC(C)S1,True,"['roasted', 'meaty', 'chicken', 'brothy', 'beefy']",roasted;meaty;chicken;brothy;beefy,True,False
134,MOL_003323,Amyl octanoate,638-25-5,638-25-5,True,True,CCCCCCCC(=O)OCCCCC,CCCCCCCC(=O)OCCCCC,True,"['oily', 'fruity', 'fatty', 'floral', 'sweet']",oily;fruity;fatty;floral;sweet,True,False
729,MOL_003324,Ethyl butyl sulfide,638-46-0,638-46-0,True,True,CCCCSCC,CCCCSCC,True,"['vegetable', 'meaty', 'green', 'alliaceous', 'sulfurous']",vegetable;meaty;green;alliaceous;sulfurous,True,False
126,MOL_003325,Amyl formate,638-49-3,638-49-3,True,True,CCCCCOC=O,CCCCCOC=O,True,"['green', 'fruity', 'fresh', 'winey', 'sweet']",green;fruity;fresh;winey;sweet,True,False
2925,MOL_003326,Tridecanoic acid,638-53-9,638-53-9,True,True,CCCCCCCCCCCCC(=O)O,CCCCCCCCCCCCC(=O)O,True,"['fatty', 'waxy']",fatty;waxy,True,False
4109,MOL_003327,myristyl acetate,638-59-5,638-59-5,True,True,CCCCCCCCCCCCCCOC(=O)C,CCCCCCCCCCCCCCOC(C)=O,True,"['fatty', 'waxy']",fatty;waxy,True,False
567,MOL_003328,Dimethoxyvinylbenzene,6380-23-0,6380-23-0,True,True,C=Cc1ccc(OC)c(OC)c1,C=Cc1ccc(OC)c(OC)c1,True,"['vegetable', 'smoky', 'earthy', 'phenolic', 'medicinal', 'sweet']",vegetable;smoky;earthy;phenolic;medicinal;sweet,True,False
4110,MOL_003329,(Z)-methyl isoeugenol,6380-24-1,6380-24-1,True,True,C/C=C\C1=CC(=C(C=C1)OC)OC,C/C=C\c1ccc(OC)c(OC)c1,True,['spicy'],spicy,True,False
330,MOL_003330,Carvacryl acetate,6380-28-5,6380-28-5,True,True,CC(=O)Oc1cc(C(C)C)ccc1C,CC(=O)Oc1cc(C(C)C)ccc1C,True,"['fruity', 'spicy', 'herbal']",fruity;spicy;herbal,True,False
132,MOL_003331,Amyl lactate,6382-06-5,6382-06-5,True,True,CCCCCOC(=O)C(C)O,CCCCCOC(=O)C(C)O,True,"['fruity', 'milky', 'caramellic']",fruity;milky;caramellic,True,False
1938,MOL_003332,Octenal,63826-25-5,63826-25-5,True,True,C/C=C/CCCCC=O,C/C=C/CCCCC=O,True,"['creamy', 'green', 'fruity', 'fatty', 'melon', 'fresh']",creamy;green;fruity;fatty;melon;fresh,True,False
3212,MOL_003333,Methylheptanal,63885-09-6,63885-09-6,True,True,CCCCCC(C)C=O,CCCCCC(C)C=O,True,"['green', 'fruity', 'fresh', 'orange', 'sweet']",green;fruity;fresh;orange;sweet,True,False
692,MOL_003334,Elemol,639-99-6,639-99-6,True,True,C=C[C@]1(C)CC[C@@H](C(C)(C)O)C[C@H]1C(=C)C,C=C[C@]1(C)CC[C@@H](C(C)(C)O)C[C@H]1C(=C)C,True,"['green', 'woody', 'floral', 'sweet']",green;woody;floral;sweet,True,False
2471,MOL_003335,Butyl ethyl disulfide,63986-03-8,63986-03-8,True,True,CCCCSSCC,CCCCSSCC,True,"['vegetable', 'green', 'alliaceous', 'garlic', 'onion', 'sulfurous']",vegetable;green;alliaceous;garlic;onion;sulfurous,True,False
2046,MOL_003336,Phenethylamine,64-04-0,64-04-0,True,True,NCCc1ccccc1,NCCc1ccccc1,True,['fishy'],fishy,True,False
723,MOL_003337,Ethyl alcohol,64-17-5,64-17-5,True,True,CCO,CCO,True,"['alcoholic', 'sweet', 'ethereal']",alcoholic;sweet;ethereal,True,False
907,MOL_003338,Formic acid,64-18-6,64-18-6,True,True,O=CO,O=CO,True,['pungent'],pungent,True,False
32,MOL_003339,Acetic acid,64-19-7,64-19-7,True,True,CC(=O)O,CC(=O)O,True,"['pungent', 'sour']",pungent;sour,True,False
4111,MOL_003340,tricyclodecyl acetate,64001-15-6,64001-15-6,True,True,CC(=O)OC1CC2CC1C3C2CCC3,CC(=O)OC1CC2CC1C1CCCC21,True,"['herbal', 'green', 'fruity']",herbal;green;fruity,True,False
979,MOL_003341,"Heliotropine butane-2,3-diol acetal",6412-69-7,6412-69-7,True,True,CC1OC(c2ccc3c(c2)OCO3)OC1C,CC1OC(c2ccc3c(c2)OCO3)OC1C,True,['floral'],floral,True,False
2748,MOL_003342,Ethyl acetoacetate ethylene glycol Ketal,6413-10-1,6413-10-1,True,True,CCOC(=O)CC1(C)OCCO1,CCOC(=O)CC1(C)OCCO1,True,"['pine', 'apple', 'fruity', 'woody', 'sweet']",pine;apple;fruity;woody;sweet,True,False
4112,MOL_003343,herbal undecane,6413-26-9,6413-26-9,True,True,CC1CCOC2(O1)CCCCC2,CC1CCOC2(CCCCC2)O1,True,"['herbal', 'camphoreous', 'woody']",herbal;camphoreous;woody,True,False
2592,MOL_003344,Anisaldehyde propylene glycol acetal,6414-32-0,6414-32-0,True,True,COc1ccc(C2OCC(C)O2)cc1,COc1ccc(C2OCC(C)O2)cc1,True,"['anisic', 'floral', 'sweet', 'herbal']",anisic;floral;sweet;herbal,True,False
4113,MOL_003345,sedanolide,6415-59-4,6415-59-4,True,True,CC(C)CC1C2CCCC=C2C(=O)O1,CC(C)CC1OC(=O)C2=CCCCC21,True,"['herbal', 'vegetable']",herbal;vegetable,True,False
4114,MOL_003346,rose undecene,64165-57-7,64165-57-7,True,True,CCC1OCC2(CCC=CC2)CO1,CCC1OCC2(CC=CCC2)CO1,True,"['rose', 'nutty', 'herbal', 'sweet', 'fruity', 'floral']",rose;nutty;herbal;sweet;fruity;floral,True,False
2511,MOL_003347,Ethyl hexenoate,64187-83-3,64187-83-3,True,True,CC/C=C\CC(=O)OCC,CC/C=C\CC(=O)OCC,True,"['apple', 'green', 'fruity', 'pear', 'tropical', 'fresh', 'pineapple', 'sweet']",apple;green;fruity;pear;tropical;fresh;pineapple;sweet,True,False
1947,MOL_003348,Octenol,64275-73-6,64275-73-6,True,True,CC/C=C\CCCCO,CC/C=C\CCCCO,True,"['green', 'fruity', 'melon', 'mushroom']",green;fruity;melon;mushroom,True,False
529,MOL_003349,Difurfurylfuran,64280-32-6,64280-32-6,True,True,c1coc(Cc2ccoc2Cc2ccco2)c1,c1coc(Cc2ccoc2Cc2ccco2)c1,True,"['fruity', 'floral']",fruity;floral,True,False
1599,MOL_003350,Methylbiphenyl,644-08-6,644-08-6,True,True,Cc1ccc(-c2ccccc2)cc1,Cc1ccc(-c2ccccc2)cc1,True,['grape'],grape,True,False
4115,MOL_003351,2-naphthyl phenyl ketone,644-13-3,644-13-3,True,True,C1=CC=C(C=C1)C(=O)C2=CC3=CC=CC=C3C=C2,O=C(c1ccccc1)c1ccc2ccccc2c1,True,"['camphoreous', 'floral']",camphoreous;floral,True,False
2197,MOL_003352,Propylphenol,644-35-9,644-35-9,True,True,CCCc1ccccc1O,CCCc1ccccc1O,True,"['spicy', 'smoky', 'phenolic', 'balsamic', 'medicinal']",spicy;smoky;phenolic;balsamic;medicinal,True,False
2176,MOL_003353,Propyl isobutyrate,644-49-5,644-49-5,True,True,CCCOC(=O)C(C)C,CCCOC(=O)C(C)C,True,"['fruity', 'pineapple', 'tropical']",fruity;pineapple;tropical,True,False
1340,MOL_003354,Isopropylpyridine,644-98-4,644-98-4,True,True,CC(C)c1ccccn1,CC(C)c1ccccn1,True,"['green', 'vegetable', 'earthy']",green;vegetable;earthy,True,False
4116,MOL_003355,(E)-2-tetradecenal,64461-99-0,64461-99-0,True,True,CCCCCCCCCCC/C=C/C=O,CCCCCCCCCCC/C=C/C=O,True,"['citrus', 'waxy', 'green', 'spicy', 'fresh', 'fatty', 'herbal', 'chicken', 'cucumber', 'lemon']",citrus;waxy;green;spicy;fresh;fatty;herbal;chicken;cucumber;lemon,True,False
1324,MOL_003356,Isopropylacetophenone,645-13-6,645-13-6,True,True,CC(=O)c1ccc(C(C)C)cc1,CC(=O)c1ccc(C(C)C)cc1,True,"['herbal', 'orris', 'woody']",herbal;orris;woody,True,False
2198,MOL_003357,Propylphenol,645-56-7,645-56-7,True,True,CCCc1ccc(O)cc1,CCCc1ccc(O)cc1,True,"['phenolic', 'medicinal']",phenolic;medicinal,True,False
2948,MOL_003358,Ethylhexenal,645-62-5,645-62-5,True,True,CCC/C=C(/C=O)CC,CCC/C=C(/C=O)CC,True,"['apple', 'fruity', 'lemon']",apple;fruity;lemon,True,False
2862,MOL_003359,Propyl levulinate,645-67-0,645-67-0,True,True,CCCOC(=O)CCC(C)=O,CCCOC(=O)CCC(C)=O,True,"['fruity', 'caramellic', 'sweet']",fruity;caramellic;sweet,True,False
1136,MOL_003360,Hexyldimethyldioxolane,6454-22-4,6454-22-4,True,True,CCCCCCC1OC(C)C(C)O1,CCCCCCC1OC(C)C(C)O1,True,"['green', 'fruity', 'milky', 'dairy']",green;fruity;milky;dairy,True,False
4117,MOL_003361,3-methylthio-4-heptanone,64549-15-1,64549-15-1,True,True,CCCC(=O)C(CC)SC,CCCC(=O)C(CC)SC,True,"['green', 'mint', 'herbal', 'vegetable']",green;mint;herbal;vegetable,True,False
7,MOL_003362,Acetaldehyde butyl phenethyl acetal,64577-91-9,64577-91-9,True,True,CCCCOC(C)OCCc1ccccc1,CCCCOC(C)OCCc1ccccc1,True,"['green', 'vegetable']",green;vegetable,True,False
1811,MOL_003363,Methylthiopropionic acid,646-01-5,646-01-5,True,True,CSCCC(=O)O,CSCCC(=O)O,True,"['roasted', 'green', 'fruity', 'cocoa', 'tropical', 'sulfurous', 'cheesy']",roasted;green;fruity;cocoa;tropical;sulfurous;cheesy,True,False
1721,MOL_003364,Methylpentanoic acid,646-07-1,646-07-1,True,True,CC(C)CCC(=O)O,CC(C)CCC(=O)O,True,"['sour', 'pungent', 'cheesy']",sour;pungent;cheesy,True,False
1254,MOL_003365,Isobutyl stearate,646-13-9,646-13-9,True,True,CCCCCCCCCCCCCCCCCC(=O)OCC(C)C,CCCCCCCCCCCCCCCCCC(=O)OCC(C)C,True,['odorless'],odorless,True,False
4118,MOL_003366,"1,5-undecadien-4-ol",64677-46-9,64677-46-9,True,True,CCCCCC=CC(CC=C)O,C=CCC(O)C=CCCCCC,True,"['green', 'earthy', 'mushroom']",green;earthy;mushroom,True,False
4119,MOL_003367,"1,5-undecadien-4-yl acetate",64677-48-1,64677-48-1,True,True,C=CCC(C=CCCCCC)OC(C)=O,C=CCC(C=CCCCCC)OC(C)=O,True,"['green', 'fatty']",green;fatty,True,False
2685,MOL_003368,Benzyl nonanoate,6471-66-5,6471-66-5,True,True,CCCCCCCCC(=O)OCc1ccccc1,CCCCCCCCC(=O)OCc1ccccc1,True,"['fatty', 'fresh', 'balsamic', 'floral', 'sweet']",fatty;fresh;balsamic;floral;sweet,True,False
4120,MOL_003369,laevo-carvone,6485-40-1,6485-40-1,True,True,CC1=CC[C@H](CC1=O)C(=C)C,C=C(C)[C@@H]1CC=C(C)C(=O)C1,True,"['sweet', 'mint', 'herbal']",sweet;mint;herbal,True,False
4121,MOL_003370,tagette carboxylate,6493-80-7,6493-80-7,True,True,CC1(CCC=CC1)C(=O)OC,COC(=O)C1(C)CC=CCC1,True,"['herbal', 'floral', 'camphoreous', 'sweet']",herbal;floral;camphoreous;sweet,True,False
2629,MOL_003371,Ethyl methoxybenzyl ether,64988-06-3,64988-06-3,True,True,CCOCc1ccccc1OC,CCOCc1ccccc1OC,True,"['rose', 'fresh', 'tea', 'aromatic', 'floral', 'sweet']",rose;fresh;tea;aromatic;floral;sweet,True,False
168,MOL_003372,Benzoic acid,65-85-0,65-85-0,True,True,O=C(O)c1ccccc1,O=C(O)c1ccccc1,True,['balsamic'],balsamic,True,False
4122,MOL_003373,sandal pentenone,65113-95-3,65113-95-3,True,True,CC1=CCC(C1(C)C)C/C=C(\C)/C(=O)C,CC(=O)/C(C)=C/CC1CC=C(C)C1(C)C,True,"['woody', 'orris', 'floral']",woody;orris;floral,True,False
4123,MOL_003374,sandal pentanol,65113-99-7,65113-99-7,True,True,CC1=CCC(C1(C)C)CCC(C)C(C)O,CC1=CCC(CCC(C)C(C)O)C1(C)C,True,"['woody', 'waxy', 'oily', 'creamy']",woody;waxy;oily;creamy,True,False
4124,MOL_003375,methyl cyclopentapyrazine,65128-99-6,65128-99-6,True,True,CC1C=Cc2c1nccn2,CC1C=Cc2nccnc21,True,['roasted'],roasted,True,False
2182,MOL_003376,Propyl nonanoate,6513-03-7,6513-03-7,True,True,CCCCCCCCC(=O)OCCC,CCCCCCCCC(=O)OCCC,True,"['fruity', 'winey', 'melon', 'fermented']",fruity;winey;melon;fermented,True,False
2886,MOL_003377,Trimethylhexyl propionate,65155-45-5,65155-45-5,True,True,CCC(=O)OCCCCCCC(C)C,CCC(=O)OCCCCCCC(C)C,True,"['fresh', 'floral', 'herbal']",fresh;floral;herbal,True,False
1920,MOL_003378,Octadienone,65213-86-7,65213-86-7,True,True,CCC=CC=CC(C)=O,CCC=CC=CC(C)=O,True,"['green', 'earthy', 'fishy', 'metallic', 'mushroom']",green;earthy;fishy;metallic;mushroom,True,False
593,MOL_003379,Dimethylethoxyfuranone,65330-49-6,65330-49-6,True,True,CCOC1=C(C)OC(C)C1=O,CCOC1=C(C)OC(C)C1=O,True,"['caramellic', 'roasted', 'fruity', 'strawberry', 'berry', 'sweet']",caramellic;roasted;fruity;strawberry;berry;sweet,True,False
3284,MOL_003380,Pentadecenal,65398-36-9,65398-36-9,True,True,CCCCCCCCCCCCC=CC=O,CCCCCCCCCCCCC=CC=O,True,"['oily', 'chicken']",oily;chicken,True,False
2551,MOL_003381,Trithiaheptane,6540-86-9,6540-86-9,True,True,CCCCSSS,CCCCSSS,True,"['radish', 'onion', 'horseradish']",radish;onion;horseradish,True,False
1442,MOL_003382,Methoxymethylcinnamaldehyde,65405-67-6,65405-67-6,True,True,COc1ccc(/C=C(/C)C=O)cc1,COc1ccc(/C=C(/C)C=O)cc1,True,"['cinnamon', 'spicy', 'floral', 'fruity']",cinnamon;spicy;floral;fruity,True,False
1165,MOL_003383,Hydroxymethylheptanone,65405-68-7,65405-68-7,True,True,CCCCC(CO)C(C)=O,CCCCC(CO)C(C)=O,True,"['fruity', 'spicy', 'herbal']",fruity;spicy;herbal,True,False
454,MOL_003384,Decenal,65405-70-1,65405-70-1,True,True,CCCCC/C=C/CCC=O,CCCCC/C=C/CCC=O,True,"['fruity', 'fresh', 'orange', 'citrus']",fruity;fresh;orange;citrus,True,False
4125,MOL_003385,amber formate,65405-72-3,65405-72-3,True,True,CC1CCC2(C(=CCCC2(C1OC=O)C)C)C,CC1=CCCC2(C)C(OC=O)C(C)CCC12C,True,"['dry', 'woody', 'balsamic', 'musty', 'orris']",dry;woody;balsamic;musty;orris,True,False
2951,MOL_003386,Geranoxyacetaldehyde,65405-73-4,65405-73-4,True,True,CC(C)=CCC/C(C)=C/COCC=O,CC(C)=CCC/C(C)=C/COCC=O,True,"['rose', 'fresh', 'aldehydic', 'floral']",rose;fresh;aldehydic;floral,True,False
1079,MOL_003387,Hexenyl anthranilate,65405-76-7,65405-76-7,True,True,CC/C=C\CCOC(=O)c1ccccc1N,CC/C=C\CCOC(=O)c1ccccc1N,True,"['fruity', 'grape', 'sweet']",fruity;grape;sweet,True,False
1103,MOL_003388,Hexenyl salicylate,65405-77-8,65405-77-8,True,True,CC/C=C/CCOC(=O)c1ccccc1O,CC/C=C/CCOC(=O)c1ccccc1O,True,"['green', 'woody', 'balsamic', 'floral', 'sweet']",green;woody;balsamic;floral;sweet,True,False
1080,MOL_003389,Hexenyl butenoate,65405-80-3,65405-80-3,True,True,C/C=C/C(=O)OCC/C=C/CC,C/C=C/C(=O)OCC/C=C/CC,True,"['green', 'fruity', 'apple', 'tropical']",green;fruity;apple;tropical,True,False
2354,MOL_003390,Trimethylcyclohexenylmethylbutanal,65405-84-7,65405-84-7,True,True,CC1=CCCC(C)(C)C1C(C)CCC=O,CC1=CCCC(C)(C)C1C(C)CCC=O,True,"['woody', 'orris']",woody;orris,True,False
1386,MOL_003391,Maltol isobutyrate,65416-14-0,65416-14-0,True,True,Cc1occc(=O)c1OC(=O)C(C)C,Cc1occc(=O)c1OC(=O)C(C)C,True,"['strawberry', 'caramellic', 'sweet']",strawberry;caramellic;sweet,True,False
180,MOL_003392,Benzyl butenoate,65416-24-2,65416-24-2,True,True,C/C=C/C(=O)OCc1ccccc1,C/C=C/C(=O)OCc1ccccc1,True,"['spicy', 'warm', 'herbal']",spicy;warm;herbal,True,False
4126,MOL_003393,beta-ionyl ethyl ether,65416-26-4,65416-26-4,True,True,CCOC(C)/C=C/C1=C(CCCC1(C)C)C,CCOC(C)/C=C/C1=C(C)CCCC1(C)C,True,"['fruity', 'apricot', 'berry', 'woody', 'floral']",fruity;apricot;berry;woody;floral,True,False
2422,MOL_003394,Vitispirane,65416-59-3,65416-59-3,True,True,C=C1C=CCC(C)(C)C12CCC(C)O2,C=C1C=CCC(C)(C)C12CCC(C)O2,True,"['green', 'fruity', 'earthy', 'woody', 'winey', 'floral']",green;fruity;earthy;woody;winey;floral,True,False
3099,MOL_003395,Dodecenoic acid,65423-25-8,65423-25-8,True,True,C=CCCCCCCCCCC(=O)O,C=CCCCCCCCCCC(=O)O,True,"['fatty', 'citrus']",fatty;citrus,True,False
4127,MOL_003396,isobutyl quinoline,65442-31-1,65442-31-1,True,True,CCC(C)C1=CC2=C(C=C1)N=CC=C2,CCC(C)c1ccc2ncccc2c1,True,"['leathery', 'earthy', 'musty', 'woody']",leathery;earthy;musty;woody,True,False
4128,MOL_003397,fruity cyclopentanone,65443-14-3,65443-14-3,True,True,CCCCCC1(CCC(C1=O)(C)C)C,CCCCCC1(C)CCC(C)(C)C1=O,True,"['fruity', 'peach', 'apricot', 'jasmine', 'milky', 'herbal']",fruity;peach;apricot;jasmine;milky;herbal,True,False
2102,MOL_003398,Phenylpropylpyrazole,65504-93-0,65504-93-0,True,True,c1ccc(CCCc2cc[nH]n2)cc1,c1ccc(CCCc2cc[nH]n2)cc1,True,"['roasted', 'aromatic', 'burnt']",roasted;aromatic;burnt,True,False
1656,MOL_003399,Ethoxymethylpyrazine,65504-94-1,65504-94-1,True,True,CCOCc1cnccn1,CCOCc1cnccn1,True,"['roasted', 'earthy', 'nutty', 'pineapple']",roasted;earthy;nutty;pineapple,True,False
1107,MOL_003400,Hexyl Ketodioxane,65504-97-4,65504-97-4,True,True,CCCCCCC1COC(=O)CO1,CCCCCCC1COC(=O)CO1,True,"['creamy', 'fatty', 'nutty', 'sweet', 'buttery']",creamy;fatty;nutty;sweet;buttery,True,False
652,MOL_003401,Dimethylthiofuroylfuran,65505-16-0,65505-16-0,True,True,Cc1coc(C(=O)c2cccs2)c1C,Cc1coc(C(=O)c2cccs2)c1C,True,"['sulfurous', 'meaty']",sulfurous;meaty,True,False
1530,MOL_003402,Methyl methylfuryl disulfide,65505-17-1,65505-17-1,True,True,CSSc1ccoc1C,CSSc1ccoc1C,True,"['roasted', 'meaty', 'coffee', 'brothy', 'sulfurous']",roasted;meaty;coffee;brothy;sulfurous,True,False
660,MOL_003403,Dimethylvinylthiazole,65505-18-2,65505-18-2,True,True,C=Cc1sc(C)nc1C,C=Cc1sc(C)nc1C,True,"['nutty', 'meaty']",nutty;meaty,True,False
1246,MOL_003404,Isobutyl methylanthranilate,65505-24-0,65505-24-0,True,True,CNc1ccccc1C(=O)OCC(C)C,CNc1ccccc1C(=O)OCC(C)C,True,"['fruity', 'floral', 'sweet', 'citrus']",fruity;floral;sweet;citrus,True,False
2283,MOL_003405,Tetrahydrofurfuryl cinnamate,65505-25-1,65505-25-1,True,True,O=C(C=Cc1ccccc1)OCC1CCCO1,O=C(C=Cc1ccccc1)OCC1CCCO1,True,"['balsamic', 'winey', 'sweet', 'spicy']",balsamic;winey;sweet;spicy,True,False
1663,MOL_003406,Methylfurfurylthiopyrazine,65530-53-2,65530-53-2,True,True,Cc1nccnc1SCc1ccco1,Cc1nccnc1SCc1ccco1,True,"['caramellic', 'meaty', 'roasted', 'nutty', 'coffee']",caramellic;meaty;roasted;nutty;coffee,True,False
4129,MOL_003407,ambroxide,65588-69-4,65588-69-4,True,True,CC1(CCCC2(C1CCC3C2CCO3)C)C,CC1(C)CCCC2(C)C3CCOC3CCC12,True,"['dry', 'balsamic', 'musk', 'woody', 'pine', 'green', 'nutty']",dry;balsamic;musk;woody;pine;green;nutty,True,False
1782,MOL_003408,Sulfurol acetate,656-53-1,656-53-1,True,True,CC(=O)OCCc1scnc1C,CC(=O)OCCc1scnc1C,True,"['nutty', 'chicken', 'brothy', 'bread', 'beefy']",nutty;chicken;brothy;bread;beefy,True,False
1125,MOL_003409,Hexyl nonanoate,6561-39-3,6561-39-3,True,True,CCCCCCCCC(=O)OCCCCCC,CCCCCCCCC(=O)OCCCCCC,True,"['green', 'oily', 'nutty', 'cognac', 'winey']",green;oily;nutty;cognac;winey,True,False
4130,MOL_003410,6-hydroxydihydrotheaspirane (mixture of isomers),65620-50-0,65620-50-0,True,True,CC1CCC2(O1)C(CCCC2(C)O)(C)C,CC1CCC2(O1)C(C)(C)CCCC2(C)O,True,"['camphoreous', 'pine', 'woody', 'earthy', 'green', 'mint']",camphoreous;pine;woody;earthy;green;mint,True,False
4131,MOL_003411,hexyl (Z)-tiglate,65652-33-7,65652-33-7,True,True,CCCCCCOC(=O)C(/C)=C\C,C/C=C(/C)C(=O)OCCCCCC,True,"['green', 'floral', 'jasmine']",green;floral;jasmine,True,False
1956,MOL_003412,Octenylcyclopentanone,65737-52-2,65737-52-2,True,True,CCCCC/C=C/CC1CCCC1=O,CCCCC/C=C/CC1CCCC1=O,True,"['creamy', 'apple', 'green', 'fruity', 'melon', 'waxy', 'jasmine', 'peach']",creamy;apple;green;fruity;melon;waxy;jasmine;peach,True,False
2641,MOL_003413,Hydratropyl methyl ether,65738-46-7,65738-46-7,True,True,COCC(C)c1ccccc1,COCC(C)c1ccccc1,True,"['floral', 'sharp']",floral;sharp,True,False
4132,MOL_003414,"(Z)-1,5-octadien-3-one",65767-22-8,65767-22-8,True,True,CC/C=C\CC(=O)C=C,C=CC(=O)C/C=C\CC,True,"['floral', 'metallic']",floral;metallic,True,False
2097,MOL_003415,Phenylpropyl isobutyrate,65813-53-8,65813-53-8,True,True,CC(C)C(=O)OC[C@@H](C)c1ccccc1,CC(C)C(=O)OC[C@@H](C)c1ccccc1,True,"['fruity', 'balsamic', 'sweet']",fruity;balsamic;sweet,True,False
581,MOL_003416,Dimethylbenzofuranone,65817-24-5,65817-24-5,True,True,Cc1cccc2c1C(C)C(=O)O2,Cc1cccc2c1C(C)C(=O)O2,True,"['hay', 'coconut', 'sweet', 'coumarinic']",hay;coconut;sweet;coumarinic,True,False
3191,MOL_003417,Dipropenylsulfide,65819-74-1,65819-74-1,True,True,C/C=C/S/C=C/C,C/C=C/S/C=C/C,True,"['onion', 'garlic', 'pungent', 'savory']",onion;garlic;pungent;savory,True,False
1425,MOL_003418,Mercaptopinane,6588-78-9,6588-78-9,True,True,CC1(C)C2CCC(CS)C1C2,CC1(C)C2CCC(CS)C1C2,True,"['green', 'sulfurous', 'fruity', 'tropical']",green;sulfurous;fruity;tropical,True,False
1802,MOL_003419,Methylthiomethylphenylpropenal,65887-08-3,65887-08-3,True,True,CSC/C(C=O)=C/c1ccccc1,CSC/C(C=O)=C/c1ccccc1,True,"['green', 'cabbage', 'onion', 'vegetable']",green;cabbage;onion;vegetable,True,False
303,MOL_003420,Butyldimethylthiazoline,65894-82-8,65894-82-8,True,True,CCC(C)C1N=C(C)C(C)S1,CCC(C)C1N=C(C)C(C)S1,True,"['roasted', 'nutty', 'herbal', 'vegetable', 'chocolate']",roasted;nutty;herbal;vegetable;chocolate,True,False
610,MOL_003421,Dimethylisobutylthiazoline,65894-83-9,65894-83-9,True,True,CC1=NC(CC(C)C)SC1C,CC1=NC(CC(C)C)SC1C,True,"['meaty', 'roasted', 'green', 'nutty', 'burnt', 'vegetable', 'sweet', 'chocolate']",meaty;roasted;green;nutty;burnt;vegetable;sweet;chocolate,True,False
1201,MOL_003422,Isoamyl isovalerate,659-70-1,659-70-1,True,True,CC(C)CCOC(=O)CC(C)C,CC(C)CCOC(=O)CC(C)C,True,"['apple', 'apricot', 'green', 'fruity', 'tropical', 'cognac', 'pineapple']",apple;apricot;green;fruity;tropical;cognac;pineapple,True,False
4133,MOL_003423,"(Z,Z)-2,4-decadienal",65909-91-3,65909-91-3,True,True,CCCCC/C=C\C=C/C=O,CCCCC/C=C\C=C/C=O,True,['fishy'],fishy,True,False
1045,MOL_003424,Hexanal,66-25-1,66-25-1,True,True,CCCCCC=O,CCCCCC=O,True,"['grassy', 'green', 'fatty', 'fruity']",grassy;green;fatty;fruity,True,False
4134,MOL_003425,herbal norbornane,66062-78-0,66062-78-0,True,True,CC(C1C2CCC(C2)C1(C)C)O,CC(O)C1C2CCC(C2)C1(C)C,True,"['sweet', 'fresh', 'woody', 'earthy', 'herbal']",sweet;fresh;woody;earthy;herbal,True,False
4135,MOL_003426,sandal cyclohexanol,66068-84-6,66068-84-6,True,True,CC1C2CC(C1(C)C)CC2C3CCC(CC3)O,CC1C2CC(CC2C2CCC(O)CC2)C1(C)C,True,"['woody', 'fresh', 'sweet', 'balsamic']",woody;fresh;sweet;balsamic,True,False
4136,MOL_003427,(R)-sandal hexanol,66072-32-0,66072-32-0,True,True,CC1(C2CCC1(C(C2)C3CCC(CC3)O)C)C,CC1(C)C2CCC1(C)C(C1CCC(O)CC1)C2,True,"['woody', 'fresh', 'sweet', 'balsamic']",woody;fresh;sweet;balsamic,True,False
1499,MOL_003428,Methyl furfuryl trisulfide,66169-00-4,66169-00-4,True,True,CSSSCc1ccco1,CSSSCc1ccco1,True,"['pungent', 'coffee', 'roasted']",pungent;coffee;roasted,True,False
1577,MOL_003429,Methyl tiglate,6622-76-0,6622-76-0,True,True,C/C=C(/C)C(=O)OC,C/C=C(/C)C(=O)OC,True,"['fruity', 'herbal', 'ethereal', 'rum']",fruity;herbal;ethereal;rum,True,False
2580,MOL_003430,Acetaldehyde benzyl ethyl acetal,66222-24-0,66222-24-0,True,True,CCOC(C)OCc1ccccc1,CCOC(C)OCc1ccccc1,True,"['green', 'fruity', 'sweet']",green;fruity;sweet,True,False
1022,MOL_003431,Heptyl hexanoate,6624-58-4,6624-58-4,True,True,CCCCCC(=O)OC(C)CCCCC,CCCCCC(=O)OC(C)CCCCC,True,"['green', 'fruity', 'tropical', 'sweet']",green;fruity;tropical;sweet,True,False
2682,MOL_003432,Anisyl hexanoate: Anisyl caproate,6624-60-8,6624-60-8,True,True,CCCCCC(=O)OCc1ccc(OC)cc1,CCCCCC(=O)OCc1ccc(OC)cc1,True,"['fruity', 'apricot', 'sweet']",fruity;apricot;sweet,True,False
689,MOL_003433,Dodecyl isobutyrate,6624-71-1,6624-71-1,True,True,CCCCCCCCCCCCOC(=O)C(C)C,CCCCCCCCCCCCOC(=O)C(C)C,True,"['oily', 'fatty', 'milky', 'waxy', 'buttery']",oily;fatty;milky;waxy;buttery,True,False
4137,MOL_003434,"2,5,6-trimethyl-2-heptanol",66256-48-2,66256-48-2,True,True,CC(C)C(C)CCC(C)(C)O,CC(C)C(C)CCC(C)(C)O,True,"['floral', 'fruity']",floral;fruity,True,False
115,MOL_003435,Allyldimethoxyphenol,6627-88-9,6627-88-9,True,True,C=CCc1cc(OC)c(O)c(OC)c1,C=CCc1cc(OC)c(O)c(OC)c1,True,"['spicy', 'meaty', 'burnt', 'phenolic', 'smoky']",spicy;meaty;burnt;phenolic;smoky,True,False
3178,MOL_003436,Dithiahexane,6628-18-8,6628-18-8,True,True,CSCCSC,CSCCSC,True,"['sulfurous', 'alliaceous', 'garlic', 'dairy']",sulfurous;alliaceous;garlic;dairy,True,False
4138,MOL_003437,green carbaldehyde,66327-54-6,66327-54-6,True,True,CC(C)CCCC1=CCC(CC1)(C)C=O,CC(C)CCCC1=CCC(C)(C=O)CC1,True,"['fresh', 'green', 'aldehydic', 'metallic', 'citrus', 'waxy']",fresh;green;aldehydic;metallic;citrus;waxy,True,False
4139,MOL_003438,4-propenyl syringol,6635-22-9,6635-22-9,True,True,CC=CC1=CC(=C(C(=C1)OC)O)OC,CC=Cc1cc(OC)c(O)c(OC)c1,True,"['sweet', 'spicy']",sweet;spicy,True,False
1651,MOL_003439,Methyldimethoxyphenol,6638-05-7,6638-05-7,True,True,COc1cc(C)cc(OC)c1O,COc1cc(C)cc(OC)c1O,True,"['medicinal', 'phenolic', 'smoky', 'spicy']",medicinal;phenolic;smoky;spicy,True,False
2620,MOL_003440,Citronellal ethylene glycol acetal,66512-92-3,66512-92-3,True,True,CC(C)=CCCC(C)CC1OCCO1,CC(C)=CCCC(C)CC1OCCO1,True,"['green', 'floral', 'sweet', 'herbal']",green;floral;sweet;herbal,True,False
1314,MOL_003441,Isopropyl methylbutyrate,66576-71-4,66576-71-4,True,True,CCC(C)C(=O)OC(C)C,CCC(C)C(=O)OC(C)C,True,"['apple', 'green', 'fruity', 'pineapple', 'sweet']",apple;green;fruity;pineapple;sweet,True,False
4140,MOL_003442,cyclamen homoaldehyde,6658-48-6,6658-48-6,True,True,CC(C)CC1=CC=C(C=C1)CC(C)C=O,CC(C)Cc1ccc(CC(C)C=O)cc1,True,"['floral', 'green', 'tropical', 'oily', 'fresh', 'balsamic']",floral;green;tropical;oily;fresh;balsamic,True,False
624,MOL_003443,Dimethylpentenoic acid,66634-97-7,66634-97-7,True,True,C/C(=C\C(C)C)C(=O)O,C/C(=C\C(C)C)C(=O)O,True,"['ripe', 'fruity', 'animal', 'cheesy']",ripe;fruity;animal;cheesy,True,False
3244,MOL_003444,Heptenol,66642-85-1,66642-85-1,True,True,CCCCCC=CO,CCCCCC=CO,True,"['fruity', 'fatty']",fruity;fatty,True,False
448,MOL_003445,Decatrienal,66642-86-2,66642-86-2,True,True,CC/C=C\C/C=C/C=C/C=O,CC/C=C\C/C=C/C=C/C=O,True,"['fatty', 'fishy']",fatty;fishy,True,False
4141,MOL_003446,tonkavert,66848-40-6,66848-40-6,True,True,CC1CC(CC(=C1)C)C#N,CC1=CC(C)CC(C#N)C1,True,"['coumarinic', 'tobacco']",coumarinic;tobacco,True,False
4142,MOL_003447,hexyl oxyacetonitrile,66912-24-1,66912-24-1,True,True,N#CCOCCCCCC,CCCCCCOCC#N,True,"['floral', 'herbal', 'fatty', 'violet']",floral;herbal;fatty;violet,True,False
1164,MOL_003448,Hydroxymethylfurfural,67-47-0,67-47-0,True,True,O=Cc1ccc(CO)o1,O=Cc1ccc(CO)o1,True,"['hay', 'winey', 'herbal']",hay;winey;herbal,True,False
1299,MOL_003449,Isopropyl alcohol,67-63-0,67-63-0,True,True,CC(C)O,CC(C)O,True,['alcoholic'],alcoholic,True,False
36,MOL_003450,Acetone,67-64-1,67-64-1,True,True,CC(C)=O,CC(C)=O,True,['solvent'],solvent,True,False
4143,MOL_003451,dimethyl sulfoxide,67-68-5,67-68-5,True,True,CS(=O)C,CS(C)=O,True,"['fatty', 'oily', 'cheesy', 'garlic', 'mushroom', 'fresh']",fatty;oily;cheesy;garlic;mushroom;fresh,True,False
825,MOL_003452,Ethyl tolyloxyacetate,67028-40-4,67028-40-4,True,True,CCOC(=O)COc1ccc(C)cc1,CCOC(=O)COc1ccc(C)cc1,True,"['fruity', 'nutty', 'cocoa', 'honey', 'anisic', 'cherry']",fruity;nutty;cocoa;honey;anisic;cherry,True,False
4144,MOL_003453,musk decanolide,6707-60-4,6707-60-4,True,True,C1CCCCCOCCCCOC(=O)CCCC1,O=C1CCCCCCCCCCOCCCCO1,True,"['musk', 'woody', 'sweet', 'waxy', 'fruity']",musk;woody;sweet;waxy;fruity,True,False
463,MOL_003454,Decenolactone,67114-38-9,67114-38-9,True,True,CCC=CCCC1CCC(=O)O1,CCC=CCCC1CCC(=O)O1,True,"['creamy', 'green', 'fruity', 'tropical', 'peach', 'floral', 'sweet']",creamy;green;fruity;tropical;peach;floral;sweet,True,False
1629,MOL_003455,Methylbutyl octanoate,67121-39-5,67121-39-5,True,True,CCCCCCCC(=O)OC(C)CCC,CCCCCCCC(=O)OC(C)CCC,True,"['green', 'oily', 'fruity', 'fatty', 'waxy', 'winey']",green;oily;fruity;fatty;waxy;winey,True,False
739,MOL_003456,Ethyl decenoate,67233-91-4,67233-91-4,True,True,C=CCCCCCCCC(=O)OCC,C=CCCCCCCCC(=O)OCC,True,"['oily', 'fruity', 'woody']",oily;fruity;woody,True,False
2139,MOL_003457,Propanal ethyl isobutyl acetal,67234-04-2,67234-04-2,True,True,CCOC(CC)OCC(C)C,CCOC(CC)OCC(C)C,True,"['green', 'cognac', 'ethereal']",green;cognac;ethereal,True,False
2505,MOL_003458,Dimercaptomethane,6725-64-0,6725-64-0,True,True,SCS,SCS,True,['meaty'],meaty,True,False
4145,MOL_003459,(E)-2-hexenal,6728-26-3,6728-26-3,True,True,CCC/C=C/C=O,CCC/C=C/C=O,True,"['green', 'banana', 'aldehydic', 'fatty', 'cheesy', 'sharp', 'fresh', 'leafy', 'fruity', 'herbal', 'spicy']",green;banana;aldehydic;fatty;cheesy;sharp;fresh;leafy;fruity;herbal;spicy,True,False
2468,MOL_003460,Heptenal,6728-31-0,6728-31-0,True,True,CC/C=C\CCC=O,CC/C=C\CCC=O,True,"['green', 'creamy', 'vegetable']",green;creamy;vegetable,True,False
3206,MOL_003461,Hydroxymethoxybenzaldehyde,673-22-3,673-22-3,True,True,COc1ccc(C=O)c(O)c1,COc1ccc(C=O)c(O)c1,True,['aromatic'],aromatic,True,False
76,MOL_003462,Allo-ocimene,673-84-7,673-84-7,True,True,C/C=C(C)/C=C/C=C(C)C,C/C=C(C)/C=C/C=C(C)C,True,['herbal'],herbal,True,False
2885,MOL_003463,Trimethylhexyl formate,67355-38-8,67355-38-8,True,True,CC(CCOC=O)CC(C)(C)C,CC(CCOC=O)CC(C)(C)C,True,"['green', 'woody', 'herbal']",green;woody;herbal,True,False
578,MOL_003464,Dimethylanisole,6738-23-4,6738-23-4,True,True,COc1ccc(C)cc1C,COc1ccc(C)cc1C,True,"['earthy', 'spicy', 'nutty', 'herbal']",earthy;spicy;nutty;herbal,True,False
71,MOL_003465,Acetylthiazolidine,67399-73-9,67399-73-9,True,True,CC(=O)C1NCCS1,CC(=O)C1NCCS1,True,"['nutty', 'fishy', 'popcorn', 'meaty']",nutty;fishy;popcorn;meaty,True,False
1388,MOL_003466,Megastigmadienone,67401-27-8,67401-27-8,True,True,C=CCCC1=C(C)C(=O)CCC1(C)C,C=CCCC1=C(C)C(=O)CCC1(C)C,True,"['woody', 'fruity', 'floral', 'tobacco']",woody;fruity;floral;tobacco,True,False
647,MOL_003467,Dimethyltetrathiane,67411-27-2,67411-27-2,True,True,CC1(C)CSSSS1,CC1(C)CSSSS1,True,"['garlic', 'onion', 'sulfurous']",garlic;onion;sulfurous,True,False
2431,MOL_003468,Decenyl acetate,67452-27-1,67452-27-1,True,True,CCCCC/C=C\CCCOC(C)=O,CCCCC/C=C\CCCOC(C)=O,True,"['rose', 'citrus', 'fruity', 'fatty', 'waxy', 'herbal', 'floral']",rose;citrus;fruity;fatty;waxy;herbal;floral,True,False
4146,MOL_003469,mesitene lactone,675-09-2,675-09-2,True,True,CC1=CC(=O)OC(=C1)C,Cc1cc(C)oc(=O)c1,True,"['sweet', 'caramellic', 'green', 'anisic', 'balsamic']",sweet;caramellic;green;anisic;balsamic,True,False
1858,MOL_003470,Nonadienal,6750-03-4,6750-03-4,True,True,CCCC/C=C/C=C/C=O,CCCC/C=C/C=C/C=O,True,"['fatty', 'nutty', 'chicken']",fatty;nutty;chicken,True,False
4147,MOL_003471,spathulenol,6750-60-3,6750-60-3,True,True,C[C@@]1(CC[C@@H]2[C@@H]1[C@H]3[C@H](C3(C)C)CCC2=C)O,C=C1CC[C@@H]2[C@H]([C@H]3[C@H]1CC[C@]3(C)O)C2(C)C,True,"['earthy', 'herbal', 'fruity']",earthy;herbal;fruity,True,False
1140,MOL_003472,Humulene,6753-98-6,6753-98-6,True,True,C/C1=C\CC/C(C)=C/CC(C)(C)/C=C/C1,C/C1=C\CC/C(C)=C/CC(C)(C)/C=C/C1,True,"['earthy', 'woody', 'balsamic']",earthy;woody;balsamic,True,False
4148,MOL_003473,zingiberol,6754-68-3,6754-68-3,True,True,CC12CCCC(=C)C1CC(CC2)CC(C)(C)O,C=C1CCCC2(C)CCC(CC(C)(C)O)CC12,True,['spicy'],spicy,True,False
4149,MOL_003474,herbal cyclohexane,67583-77-1,67583-77-1,True,True,CCOC1CC(CC(C1)(C)C)C,CCOC1CC(C)CC(C)(C)C1,True,"['green', 'fruity', 'herbal']",green;fruity;herbal,True,False
4150,MOL_003475,(S)-citronellyl acetate,67601-05-2,67601-05-2,True,True,C[C@@H](CCC=C(C)C)CCOC(=O)C,CC(=O)OCC[C@@H](C)CCC=C(C)C,True,"['fresh', 'fruity', 'citrus', 'rose', 'sweet']",fresh;fruity;citrus;rose;sweet,True,False
4151,MOL_003476,licorice diethyl acetal,67633-92-5,67633-92-5,True,True,O(CC)C(OCC)C3CC1CC3C2\C=C/CC12,CCOC(OCC)C1CC2CC1C1C=CCC21,True,"['fruity', 'herbal', 'anisic', 'floral']",fruity;herbal;anisic;floral,True,False
3031,MOL_003477,Resedolan,67633-94-7,67633-94-7,True,True,CC1CC(C)(C)OC(Cc2ccccc2)O1,CC1CC(C)(C)OC(Cc2ccccc2)O1,True,"['green', 'balsamic', 'floral']",green;balsamic;floral,True,False
1093,MOL_003478,Hexenyl methyl carbonate,67633-96-9,67633-96-9,True,True,CC/C=C/CCOC(=O)OC,CC/C=C/CCOC(=O)OC,True,"['green', 'violet']",green;violet,True,False
1422,MOL_003479,Mercaptopentanone,67633-97-0,67633-97-0,True,True,CCC(S)C(C)=O,CCC(S)C(C)=O,True,"['meaty', 'savory', 'catty']",meaty;savory;catty,True,False
4152,MOL_003480,santalyl butyrate,67633-99-2,67633-99-2,True,True,CCCC(=O)OC/C(=C/CCC1(C2CC3C1(C3C2)C)C)/C,CCCC(=O)OC/C(C)=C/CCC1(C)C2CC3C(C2)C31C,True,"['woody', 'balsamic', 'fruity', 'rose', 'nutty']",woody;balsamic;fruity;rose;nutty,True,False
2674,MOL_003481,Allyl isoamyloxyacetate,67634-00-8,67634-00-8,True,True,C=CCOC(=O)COCCC(C)C,C=CCOC(=O)COCCC(C)C,True,"['apple', 'green', 'fruity', 'herbal', 'pineapple']",apple;green;fruity;herbal;pineapple,True,False
2668,MOL_003482,Allyl methylbutoxyacetate,67634-01-9,67634-01-9,True,True,C=CCOC(=O)COCC(C)CC,C=CCOC(=O)COCC(C)CC,True,"['green', 'fruity', 'herbal']",green;fruity;herbal,True,False
4153,MOL_003483,phenyl acetaldehyde digeranyl acetal,67634-02-0,67634-02-0,True,True,O(C(OCC=C(C)CC\C=C(/C)C)Cc1ccccc1)CC=C(C)CC\C=C(/C)C,CC(C)=CCCC(C)=CCOC(Cc1ccccc1)OCC=C(C)CCC=C(C)C,True,"['floral', 'rose', 'green', 'orris', 'tropical']",floral;rose;green;orris;tropical,True,False
4154,MOL_003484,"3,5,6-neocyclocitral",67634-07-5,67634-07-5,True,True,CC1C=C(CC(C1C)C=O)C,CC1=CC(C)C(C)C(C=O)C1,True,"['fresh', 'green', 'leafy', 'herbal', 'floral']",fresh;green;leafy;herbal;floral,True,False
4155,MOL_003485,patchouli cyclohexanol,67634-11-1,67634-11-1,True,True,CC1CCC(C(C1)C(C)(C)C)O,CC1CCC(O)C(C(C)(C)C)C1,True,"['fresh', 'mint', 'earthy', 'woody']",fresh;mint;earthy;woody,True,False
4156,MOL_003486,leerall / methyl anthranilate schiff's base,67634-12-2,67634-12-2,True,True,CC(C)(CCCC1=CCC(CC1)C=NC2=CC=CC=C2C(=O)OC)O,COC(=O)c1ccccc1N=CC1CC=C(CCCC(C)(C)O)CC1,True,"['fresh', 'floral', 'sweet']",fresh;floral;sweet,True,False
3157,MOL_003487,Ethyldimethylhydrocinamaldehyde,67634-15-5,67634-15-5,True,True,CCc1ccc(CC(C)(C)C=O)cc1,CCc1ccc(CC(C)(C)C=O)cc1,True,"['aldehydic', 'floral']",aldehydic;floral,True,False
4157,MOL_003488,tricyclodecenyl isobutyrate,67634-20-2,67634-20-2,True,True,CC(C)C(=O)OC1CC2CC1C3C2CC=C3,CC(C)C(=O)OC1CC2CC1C1C=CCC21,True,"['fruity', 'balsamic', 'chocolate', 'anisic', 'herbal']",fruity;balsamic;chocolate;anisic;herbal,True,False
4158,MOL_003489,"2,4-dimethyl cyclohexyl methyl acetate",67634-22-4,67634-22-4,True,True,CC1CCC(C(C1)C)COC(=O)C,CC(=O)OCC1CCC(C)CC1C,True,"['floral', 'woody', 'mint', 'sweet', 'grapefruit']",floral;woody;mint;sweet;grapefruit,True,False
2658,MOL_003490,Phenylpropanal propylene glycol acetal,67634-23-5,67634-23-5,True,True,CC1COC(C(C)c2ccccc2)O1,CC1COC(C(C)c2ccccc2)O1,True,"['green', 'fruity', 'melon', 'fresh', 'mushroom']",green;fruity;melon;fresh;mushroom,True,False
4159,MOL_003491,"2,4-dimethyl-3-cyclohexene-1-methanyl acetate",67634-25-7,67634-25-7,True,True,CC1CC(CC(=C1)C)COC(=O)C,CC(=O)OCC1CC(C)=CC(C)C1,True,"['citrus', 'floral', 'green', 'grapefruit']",citrus;floral;green;grapefruit,True,False
4160,MOL_003492,pepperwood,67643-70-3,67643-70-3,True,True,CC(=CCCC(C)(C=C)OC(=O)N(C)C)C,C=CC(C)(CCC=C(C)C)OC(=O)N(C)C,True,['spicy'],spicy,True,False
2201,MOL_003493,Propylsyringol,6766-82-1,6766-82-1,True,True,CCCc1cc(OC)c(O)c(OC)c1,CCCc1cc(OC)c(O)c(OC)c1,True,"['phenolic', 'spicy', 'burnt', 'smoky']",phenolic;spicy;burnt;smoky,True,False
2851,MOL_003494,Phenethyl pivalate,67662-96-8,67662-96-8,True,True,CC(C)(C)C(=O)OCCc1ccccc1,CC(C)(C)C(=O)OCCc1ccccc1,True,['rose'],rose,True,False
2445,MOL_003495,Methyldecalactone,67663-01-8,67663-01-8,True,True,CCCCCCC1OC(=O)CC1C,CCCCCCC1OC(=O)CC1C,True,"['green', 'fruity', 'milky', 'waxy', 'jasmine', 'peach']",green;fruity;milky;waxy;jasmine;peach,True,False
1857,MOL_003496,Nonadienal diethyl acetal,67674-36-6,67674-36-6,True,True,CC/C=C/CC/C=C/C(OCC)OCC,CC/C=C/CC/C=C/C(OCC)OCC,True,"['green', 'melon', 'violet', 'fresh', 'cucumber']",green;melon;violet;fresh;cucumber,True,False
2493,MOL_003497,Benzyl methylbutenoate,67674-41-3,67674-41-3,True,True,CC=C(C)C(=O)OCc1ccccc1,CC=C(C)C(=O)OCc1ccccc1,True,"['earthy', 'rose', 'mushroom']",earthy;rose;mushroom,True,False
2662,MOL_003498,Trimethylhexenal dimethyl acetal,67674-46-8,67674-46-8,True,True,COC(OC)C(C)(C)CC=C(C)C,COC(OC)C(C)(C)CC=C(C)C,True,"['citrus', 'fresh', 'grapefruit']",citrus;fresh;grapefruit,True,False
4161,MOL_003499,linalool oxide acetates,67689-50-3,67689-50-3,True,True,CC(=O)OC(C)(C)C1CCC(O1)(C)C=C,C=CC1(C)CCC(C(C)(C)OC(C)=O)O1,True,"['warm', 'fruity', 'woody']",warm;fruity;woody,True,False
2740,MOL_003500,Ethyl trimethylhexanoate,67707-75-9,67707-75-9,True,True,CCOC(=O)CC(C)CC(C)(C)C,CCOC(=O)CC(C)CC(C)(C)C,True,"['apple', 'fruity', 'winey', 'floral']",apple;fruity;winey;floral,True,False
1758,MOL_003501,Methylpropyloxathiane,67715-80-4,67715-80-4,True,True,CCCC1CCOC(C)S1,CCCC1CCOC(C)S1,True,"['green', 'fruity', 'tropical', 'black currant', 'sulfurous']",green;fruity;tropical;black currant;sulfurous,True,False
4162,MOL_003502,methyl sandal,67739-11-1,67739-11-1,True,True,CCC(/C(=C/C1(CC2CC1C=C2)C)/C)O,CCC(O)/C(C)=C/C1(C)CC2C=CC1C2,True,"['woody', 'sweet']",woody;sweet,True,False
4163,MOL_003503,(E)-2-hexenal diethyl acetal,67746-30-9,67746-30-9,True,True,CCC/C=C/C(OCC)OCC,CCC/C=C/C(OCC)OCC,True,"['green', 'spicy', 'dry', 'earthy', 'fatty', 'vegetable']",green;spicy;dry;earthy;fatty;vegetable,True,False
4164,MOL_003504,costus valerolactone,67770-79-0,67770-79-0,True,True,CCCCC1(CCC(=O)OC1)CC,CCCCC1(CC)CCC(=O)OC1,True,"['warm', 'fatty', 'animal', 'leathery', 'earthy', 'coconut']",warm;fatty;animal;leathery;earthy;coconut,True,False
4165,MOL_003505,phenyl acetaldehyde / methyl anthranilate schiff's base,67785-76-6,67785-76-6,True,True,COC(=O)C1=CC=CC=C1N=CCC2=CC=CC=C2,COC(=O)c1ccccc1N=CCc1ccccc1,True,"['floral', 'green', 'leafy', 'citrus']",floral;green;leafy;citrus,True,False
2717,MOL_003506,Dimethyl benzyl carbinyl propionate,67785-77-7,67785-77-7,True,True,CCC(=O)OC(C)(C)Cc1ccccc1,CCC(=O)OC(C)(C)Cc1ccccc1,True,"['fruity', 'floral', 'sweet']",fruity;floral;sweet,True,False
3263,MOL_003507,Ebanol®,67801-20-1,67801-20-1,True,True,CC1=CCC(/C=C\C(C)C(C)O)C1(C)C,CC1=CCC(/C=C\C(C)C(C)O)C1(C)C,True,['musk'],musk,True,False
4166,MOL_003508,herbal ketone,67801-33-6,67801-33-6,True,True,CCCCCCC(CO)C(=O)C,CCCCCCC(CO)C(C)=O,True,"['fresh', 'sweet', 'green', 'earthy', 'herbal']",fresh;sweet;green;earthy;herbal,True,False
3281,MOL_003509,Hydroxycitronellal-indole schiff base,67801-36-9,67801-36-9,True,True,CC(CCCC(C)(C)O)CC(n1ccc2ccccc21)n1ccc2ccccc21,CC(CCCC(C)(C)O)CC(n1ccc2ccccc21)n1ccc2ccccc21,True,"['jasmine', 'animal', 'floral']",jasmine;animal;floral,True,False
4167,MOL_003510,orris butenone,67801-38-1,67801-38-1,True,True,CC1CC(=CC(C1\C=C\C(=O)C)C)C,CC(=O)/C=C/C1C(C)C=C(C)CC1C,True,"['floral', 'orris', 'violet', 'woody']",floral;orris;violet;woody,True,False
4168,MOL_003511,octanal / methyl anthranilate schiff's base,67801-44-9,67801-44-9,True,True,O=C(OC)c1ccccc1/N=C/CCCCCCC,CCCCCCC/C=N/c1ccccc1C(=O)OC,True,"['fresh', 'floral', 'grape', 'oily', 'fatty']",fresh;floral;grape;oily;fatty,True,False
1014,MOL_003512,Heptenyl methylpropanoate,67801-45-0,67801-45-0,True,True,CCC/C=C/CCOC(=O)C(C)C,CCC/C=C/CCOC(=O)C(C)C,True,"['green', 'fruity', 'apple']",green;fruity;apple,True,False
4169,MOL_003513,citral / methyl anthranilate schiff's base,67801-47-2,67801-47-2,True,True,CC(=CCC/C(=C/C=NC1=CC=CC=C1C(=O)OC)/C)C,COC(=O)c1ccccc1N=C/C=C(\C)CCC=C(C)C,True,"['fresh', 'sweet', 'lemon', 'floral', 'fruity']",fresh;sweet;lemon;floral;fruity,True,False
4170,MOL_003514,spicy carbonate,67801-64-3,67801-64-3,True,True,CCOC(=O)OC1CCCCC1C(C)(C)C,CCOC(=O)OC1CCCCC1C(C)(C)C,True,"['spicy', 'woody', 'floral', 'green', 'herbal']",spicy;woody;floral;green;herbal,True,False
2947,MOL_003515,Vertoliff,67801-65-4,67801-65-4,True,True,CC1=CCC(C)C(C=O)C1,CC1=CCC(C)C(C=O)C1,True,"['green', 'aldehydic', 'citrus', 'herbal']",green;aldehydic;citrus;herbal,True,False
4171,MOL_003516,"5-acetyl-2-((2-furanyl methyl)thio) dihydro-2,5-dimethyl-3(2H)-furanone",67828-71-1,67828-71-1,True,True,CC(=O)C1(CC(=O)C(O1)(C)SCC2=CC=CO2)C,CC(=O)C1(C)CC(=O)C(C)(SCc2ccco2)O1,True,"['woody', 'coffee']",woody;coffee,True,False
4172,MOL_003517,limonene aldehyde,6784-13-0,6784-13-0,True,True,CC1=CCC(CC1)C(C)CC=O,CC1=CCC(C(C)CC=O)CC1,True,"['citrus', 'green', 'aldehydic', 'herbal']",citrus;green;aldehydic;herbal,True,False
1756,MOL_003518,Methylpropoxypyrazine,67845-28-7,67845-28-7,True,True,CCCOc1cncc(C)n1,CCCOc1cncc(C)n1,True,"['green', 'vegetable', 'woody', 'earthy']",green;vegetable;woody;earthy,True,False
4173,MOL_003519,bark carbaldehyde,67845-30-1,67845-30-1,True,True,CC1=CC2CC(C1CC2C(C)C)C=O,CC1=CC2CC(C=O)C1CC2C(C)C,True,"['fresh', 'grassy', 'oily', 'green', 'spicy']",fresh;grassy;oily;green;spicy,True,False
4174,MOL_003520,2-methyl-5-ethoxypyrazine,67845-34-5,67845-34-5,True,True,CCOC1=NC=C(N=C1)C,CCOc1cnc(C)cn1,True,"['nutty', 'roasted']",nutty;roasted,True,False
4175,MOL_003521,citronellal / methyl anthranilate schiff's base,67845-42-5,67845-42-5,True,True,CC(CCC=C(C)C)CC=NC1=CC=CC=C1C(=O)OC,COC(=O)c1ccccc1N=CCC(C)CCC=C(C)C,True,"['fresh', 'citrus', 'green', 'grassy', 'sharp', 'woody']",fresh;citrus;green;grassy;sharp;woody,True,False
4176,MOL_003522,para-methyl phenoxyacetaldehyde,67845-46-9,67845-46-9,True,True,CC1=CC=C(C=C1)OCC=O,Cc1ccc(OCC=O)cc1,True,"['hay', 'melon', 'fresh', 'floral', 'fishy']",hay;melon;fresh;floral;fishy,True,False
2506,MOL_003523,Dimethylnonadienol,67845-50-5,67845-50-5,True,True,CC(C)=CCC/C(C)=C/C(C)O,CC(C)=CCC/C(C)=C/C(C)O,True,"['pine', 'lemon', 'woody']",pine;lemon;woody,True,False
2882,MOL_003524,Trimethylcyclohexyl acetate,67859-96-5,67859-96-5,True,True,CC(=O)OC1CC(C)CC(C)(C)C1,CC(=O)OC1CC(C)CC(C)(C)C1,True,"['rose', 'fruity', 'herbal', 'sweet', 'mint']",rose;fruity;herbal;sweet;mint,True,False
2805,MOL_003525,Maltol butyrate,67860-01-9,67860-01-9,True,True,CCCC(=O)Oc1c(C)occc1=O,CCCC(=O)Oc1c(C)occc1=O,True,"['fruity', 'caramellic', 'berry']",fruity;caramellic;berry,True,False
63,MOL_003526,Acetylmethylpyrimidine,67860-38-2,67860-38-2,True,True,CC(=O)c1ccnc(C)n1,CC(=O)c1ccnc(C)n1,True,"['caramellic', 'meaty', 'roasted', 'nutty', 'animal']",caramellic;meaty;roasted;nutty;animal,True,False
4177,MOL_003527,decanal / methyl anthranilate schiff's base,67874-67-3,67874-67-3,True,True,CCCCCCCCCC=NC1=CC=CC=C1C(=O)OC,CCCCCCCCCC=Nc1ccccc1C(=O)OC,True,"['fresh', 'fatty', 'waxy', 'sweet', 'dry', 'floral']",fresh;fatty;waxy;sweet;dry;floral,True,False
2770,MOL_003528,Geranyl anthranilate,67874-69-5,67874-69-5,True,True,CC(C)=CCC/C(C)=C/COC(=O)c1ccccc1N,CC(C)=CCC/C(C)=C/COC(=O)c1ccccc1N,True,"['fruity', 'floral']",fruity;floral,True,False
4178,MOL_003529,conifer acetate,67874-72-0,67874-72-0,True,True,CCC(C)(C)C1CCCCC1OC(=O)C,CCC(C)(C)C1CCCCC1OC(C)=O,True,"['balsamic', 'woody', 'sweet', 'pine', 'berry', 'fruity']",balsamic;woody;sweet;pine;berry;fruity,True,False
4179,MOL_003530,dihydrocitronellyl phenyl acetate,67874-77-5,67874-77-5,True,True,CC(C)CCCC(C)CCOC(=O)CC1=CC=CC=C1,CC(C)CCCC(C)CCOC(=O)Cc1ccccc1,True,['rose'],rose,True,False
4180,MOL_003531,apricot isobutyrate,67874-78-6,67874-78-6,True,True,CC(C)C(=O)OC1CCC2CCCCC2C1,CC(C)C(=O)OC1CCC2CCCCC2C1,True,"['fruity', 'apricot', 'plum', 'rose']",fruity;apricot;plum;rose,True,False
2287,MOL_003532,Tetrahydrogeranyl butanoate,67874-80-0,67874-80-0,True,True,CCCC(=O)OCCC(C)CCCC(C)C,CCCC(=O)OCCC(C)CCCC(C)C,True,"['fruity', 'floral', 'rose']",fruity;floral;rose,True,False
4181,MOL_003533,cedryl methyl ether,67874-81-1,67874-81-1,True,True,C[C@@H]1CC[C@@H]2C13CC[C@@]([C@H](C3)C2(C)C)(C)OC,CO[C@]1(C)CCC23C[C@@H]1C(C)(C)[C@@H]2CC[C@H]3C,True,"['dry', 'musk', 'woody', 'musty']",dry;musk;woody;musty,True,False
1329,MOL_003534,Isopropylmethyldioxolane,67879-60-1,67879-60-1,True,True,CC1COC(C(C)C)O1,CC1COC(C(C)C)O1,True,"['ethereal', 'malty', 'green', 'fruity', 'cocoa', 'fermented', 'winey']",ethereal;malty;green;fruity;cocoa;fermented;winey,True,False
1104,MOL_003535,Hexenyl tiglate,67883-79-8,67883-79-8,True,True,C/C=C(/C)C(=O)OCC/C=C/CC,C/C=C(/C)C(=O)OCC/C=C/CC,True,"['green', 'vegetable', 'fruity', 'herbal']",green;vegetable;fruity;herbal,True,False
1062,MOL_003536,Hexenal,6789-80-6,6789-80-6,True,True,CC/C=C\CC=O,CC/C=C\CC=O,True,"['grassy', 'green', 'fresh', 'leafy', 'pungent']",grassy;green;fresh;leafy;pungent,True,False
1110,MOL_003537,Hexyl benzoate,6789-88-4,6789-88-4,True,True,CCCCCCOC(=O)c1ccccc1,CCCCCCOC(=O)c1ccccc1,True,"['green', 'herbal', 'woody', 'balsamic', 'floral']",green;herbal;woody;balsamic;floral,True,False
4182,MOL_003538,ambroxan,6790-58-5,6790-58-5,True,True,CC1(CCC[C@]2([C@H]1CC[C@@]3([C@@H]2CCO3)C)C)C,CC1(C)CCC[C@]2(C)[C@H]3CCO[C@]3(C)CC[C@@H]12,True,"['musk', 'sweet', 'balsamic', 'dry', 'woody', 'pine', 'green', 'nutty', 'tea']",musk;sweet;balsamic;dry;woody;pine;green;nutty;tea,True,False
4183,MOL_003539,prune glycidate,67905-40-2,67905-40-2,True,True,CC1=CCCC(C1/C=C/C2(C(O2)C(=O)OC)C)(C)C,COC(=O)C1OC1(C)/C=C/C1C(C)=CCCC1(C)C,True,"['fruity', 'berry', 'plum']",fruity;berry;plum,True,False
4184,MOL_003540,musk dodecane,67919-67-9,67919-67-9,True,True,CC12CCCC3(C1(CCC4C3(O4)C)C)CC2,CC12CCCC3(CC1)C1(C)OC1CCC23C,True,"['dry', 'musk', 'fresh', 'ethereal']",dry;musk;fresh;ethereal,True,False
2485,MOL_003541,Lilac aldehyde,67920-63-2,67920-63-2,True,True,C=CC1(C)CCC(C(C)C=O)O1,C=CC1(C)CCC(C(C)C=O)O1,True,"['fresh', 'floral', 'sweet']",fresh;floral;sweet,True,False
2663,MOL_003542,Trimethylhexanal diethyl acetal,67923-83-5,67923-83-5,True,True,CCOC(CCCCCC(C)C)OCC,CCOC(CCCCCC(C)C)OCC,True,"['green', 'floral', 'sweet']",green;floral;sweet,True,False
4185,MOL_003543,alpha-amyl cinnamaldehyde / methyl anthranilate schiff's base,67924-13-4,67924-13-4,True,True,CCCCCC/C(=C\C1=CC=CC=C1)/C=NC2=CC=CC=C2C(=O)OC,CCCCCC/C(C=Nc1ccccc1C(=O)OC)=C\c1ccccc1,True,"['fresh', 'floral', 'fatty', 'waxy']",fresh;floral;fatty;waxy,True,False
4186,MOL_003544,2-isopropyl-4-methyl-3-thiazoline,67936-13-4,67936-13-4,True,True,N\1=C(/C)CSC/1C(C)C,CC1=NC(C(C)C)SC1,True,"['roasted', 'sulfurous', 'sweet', 'cocoa', 'chocolate']",roasted;sulfurous;sweet;cocoa;chocolate,True,False
2820,MOL_003545,Methyl isohexyl carbinyl acetate,67952-57-2,67952-57-2,True,True,CC(=O)OC(C)CCCC(C)C,CC(=O)OC(C)CCCC(C)C,True,"['fruity', 'sweet']",fruity;sweet,True,False
1333,MOL_003546,Isopropylmethylthiopyrazine,67952-59-4,67952-59-4,True,True,CSc1nccnc1C(C)C,CSc1nccnc1C(C)C,True,"['meaty', 'roasted', 'green', 'earthy', 'woody']",meaty;roasted;green;earthy;woody,True,False
1701,MOL_003547,Methylmethyldithiopropanal,67952-60-7,67952-60-7,True,True,CSSC(C)(C)C=O,CSSC(C)(C)C=O,True,"['aromatic', 'cocoa', 'chocolate']",aromatic;cocoa;chocolate,True,False
1704,MOL_003548,Methylmethylthiopyrazine (mixture of isomers),67952-65-2,67952-65-2,True,True,CSc1nccnc1C,CSc1nccnc1C,True,"['meaty', 'roasted', 'nutty', 'hazelnut', 'burnt']",meaty;roasted;nutty;hazelnut;burnt,True,False
4187,MOL_003549,2-ethyl fenchol + arbanol,67952-68-5,67952-68-5,True,True,OC2(CC)C1(C)CCC(C1)C2(C)C,CCC1(O)C2(C)CCC(C2)C1(C)C,True,['earthy'],earthy,True,False
4188,MOL_003550,isolongifolene epoxide,67999-56-8,67999-56-8,True,True,CC1(CCC2C3(C14CCC(C4)C3(C)C)O2)C,CC1(C)CCC2OC23C(C)(C)C2CCC13C2,True,"['dry', 'woody', 'citrus', 'herbal']",dry;woody;citrus;herbal,True,False
2922,MOL_003551,Thioglycolic acid,68-11-1,68-11-1,True,True,O=C(O)CS,O=C(O)CS,True,['sulfurous'],sulfurous,True,False
4189,MOL_003552,acetaldehyde citronellyl methyl acetal,68039-24-7,68039-24-7,True,True,CC(CCC=C(C)C)CCOC(C)OC,COC(C)OCCC(C)CCC=C(C)C,True,"['citrus', 'lemon']",citrus;lemon,True,False
133,MOL_003553,Amyl methylbutyrate,68039-26-9,68039-26-9,True,True,CCCCCOC(=O)C(C)CC,CCCCCOC(=O)C(C)CC,True,"['ripe', 'fruity', 'apple', 'banana']",ripe;fruity;apple;banana,True,False
4190,MOL_003554,geranyl nonanoate,68039-29-2,68039-29-2,True,True,CCCCCCCCC(=O)OC/C=C(\C)/CCC=C(C)C,CCCCCCCCC(=O)OC/C=C(\C)CCC=C(C)C,True,"['floral', 'green', 'rose']",floral;green;rose,True,False
4191,MOL_003555,isogreen methanoindene,68039-39-4,68039-39-4,True,True,CC(C)C(=O)OC1CC2CC1C3C2C=CC3,CC(C)C(=O)OC1CC2CC1C1CC=CC21,True,"['green', 'oily', 'sweet', 'woody', 'floral', 'jasmine']",green;oily;sweet;woody;floral;jasmine,True,False
4192,MOL_003556,peach pivalate,68039-44-1,68039-44-1,True,True,CC(C)(C)C(=O)OC1CC2CC1C3C2C=CC3,CC(C)(C)C(=O)OC1CC2CC1C1CC=CC21,True,"['fruity', 'peach', 'sweet', 'orris', 'green', 'floral']",fruity;peach;sweet;orris;green;floral,True,False
4193,MOL_003557,phenethyl isopropyl ether,68039-47-4,68039-47-4,True,True,CC(C)OCCC1=CC=CC=C1,CC(C)OCCc1ccccc1,True,"['green', 'rose', 'solvent', 'metallic', 'spicy', 'leafy', 'vegetable']",green;rose;solvent;metallic;spicy;leafy;vegetable,True,False
4194,MOL_003558,"3,5-ivy carbaldehyde",68039-48-5,68039-48-5,True,True,CC1CC(CC(=C1)C)C=O,CC1=CC(C)CC(C=O)C1,True,"['green', 'aldehydic', 'leafy']",green;aldehydic;leafy,True,False
4195,MOL_003559,"2,4-ivy carbaldehyde",68039-49-6,68039-49-6,True,True,CC1C=C(CCC1C=O)C,CC1=CC(C)C(C=O)CC1,True,"['green', 'aldehydic', 'leafy', 'woody', 'sour', 'floral', 'citrus']",green;aldehydic;leafy;woody;sour;floral;citrus,True,False
4196,MOL_003560,fig crotonate,68039-69-0,68039-69-0,True,True,C/C=C/C(=O)OC(C)C1CCCCC1,C/C=C/C(=O)OC(C)C1CCCCC1,True,"['waxy', 'fruity', 'green', 'plum', 'grape', 'brandy']",waxy;fruity;green;plum;grape;brandy,True,False
4197,MOL_003561,plum crotonate,68039-73-6,68039-73-6,True,True,C/C=C/C(=O)OC1CCCC1C2CCCC2,C/C=C/C(=O)OC1CCCC1C1CCCC1,True,"['fresh', 'fruity', 'plum', 'peach', 'tropical', 'floral', 'rose', 'violet']",fresh;fruity;plum;peach;tropical;floral;rose;violet,True,False
4198,MOL_003562,2-para-cresyl oxyethyl acetate,6807-11-0,6807-11-0,True,True,CC1=CC=C(C=C1)OCCOC(=O)C,CC(=O)OCCOc1ccc(C)cc1,True,"['floral', 'jasmine', 'fruity', 'balsamic']",floral;jasmine;fruity;balsamic,True,False
4199,MOL_003563,3-dodecenal,68083-57-8,68083-57-8,True,True,CCCCCCCCC=CCC=O,CCCCCCCCC=CCC=O,True,"['orange', 'citrus', 'spicy']",orange;citrus;spicy,True,False
4200,MOL_003564,gardenia pentyl acetate,68083-58-9,68083-58-9,True,True,CC(CC(C)(C)C1=CC=CC=C1)OC(=O)C,CC(=O)OC(C)CC(C)(C)c1ccccc1,True,"['fresh', 'green', 'oily', 'floral', 'grapefruit', 'woody', 'balsamic']",fresh;green;oily;floral;grapefruit;woody;balsamic,True,False
557,MOL_003565,Diisopentyl thiomalate,68084-03-7,68084-03-7,True,True,CC(C)CCOC(=O)CC(S)C(=O)OCCC(C)C,CC(C)CCOC(=O)CC(S)C(=O)OCCC(C)C,True,"['fermented', 'bread']",fermented;bread,True,False
380,MOL_003566,Citronellol,6812-78-8,6812-78-8,True,True,C=C(C)CCC[C@H](C)CCO,C=C(C)CCC[C@H](C)CCO,True,"['rose', 'citrus', 'waxy', 'floral', 'sweet']",rose;citrus;waxy;floral;sweet,True,False
4201,MOL_003567,allyl isononylate,68132-80-9,68132-80-9,True,True,CCC(C)(C)CCCC(=O)OCC=C,C=CCOC(=O)CCCC(C)(C)CC,True,"['fruity', 'rose', 'sweet', 'musk']",fruity;rose;sweet;musk,True,False
4202,MOL_003568,(Z)-3-hexen-1-yl oxyacetaldehyde,68133-72-2,68133-72-2,True,True,CC/C=C/CCOCC=O,CC/C=C/CCOCC=O,True,"['fresh', 'green', 'waxy', 'citrus', 'aldehydic']",fresh;green;waxy;citrus;aldehydic,True,False
4203,MOL_003569,isoamyl geranate,68133-73-3,68133-73-3,True,True,CC(C)CCOC(=O)\C=C(/C)\CCC=C(C)C,CC(C)=CCC/C(C)=C/C(=O)OCCC(C)C,True,"['rose', 'lemon', 'honey', 'hay']",rose;lemon;honey;hay,True,False
4204,MOL_003570,(Z)-3-hexen-1-yl cinnamate,68133-75-5,68133-75-5,True,True,CC/C=C/CCOC(=O)/C=C/C1=CC=CC=C1,CC/C=C/CCOC(=O)/C=C/c1ccccc1,True,"['fresh', 'balsamic', 'green']",fresh;balsamic;green,True,False
1102,MOL_003571,Hexenyl pyruvate,68133-76-6,68133-76-6,True,True,CC/C=C\CCOC(=O)C(C)=O,CC/C=C\CCOC(=O)C(C)=O,True,"['green', 'spicy', 'caramellic']",green;spicy;caramellic,True,False
2782,MOL_003572,Hexenyl salicylate,68133-77-7,68133-77-7,True,True,CCC/C=C/COC(=O)c1ccccc1O,CCC/C=C/COC(=O)c1ccccc1O,True,"['aromatic', 'fresh']",aromatic;fresh,True,False
1099,MOL_003573,Hexenyl phenylacetate,68133-78-8,68133-78-8,True,True,CCC/C=C/COC(=O)Cc1ccccc1,CCC/C=C/COC(=O)Cc1ccccc1,True,"['green', 'honey', 'rum']",green;honey;rum,True,False
616,MOL_003574,Dimethyloctadienylcyclopentanone,68133-79-9,68133-79-9,True,True,CC(C)=CCC/C(C)=C/CC1CCCC1=O,CC(C)=CCC/C(C)=C/CC1CCCC1=O,True,"['apricot', 'fruity', 'fresh', 'peach']",apricot;fruity;fresh;peach,True,False
4205,MOL_003575,musk methyl ketone,68140-48-7,68140-48-7,True,True,CC1C(C2=C(C1(C)C)C=C(C(=C2)C(=O)C)C)C(C)C,CC(=O)c1cc2c(cc1C)C(C)(C)C(C)C2C(C)C,True,"['dry', 'sweet', 'balsamic', 'musk', 'herbal', 'creamy']",dry;sweet;balsamic;musk;herbal;creamy,True,False
2697,MOL_003576,Cresyl hexanoate,68141-11-7,68141-11-7,True,True,CCCCCC(=O)Oc1ccc(C)cc1,CCCCCC(=O)Oc1ccc(C)cc1,True,"['herbal', 'floral', 'animal']",herbal;floral;animal,True,False
2651,MOL_003577,Methylundecanal dimethyl acetal,68141-17-3,68141-17-3,True,True,CCCCCCCCCC(C)C(OC)OC,CCCCCCCCCC(C)C(OC)OC,True,"['green', 'lemon', 'waxy', 'aldehydic']",green;lemon;waxy;aldehydic,True,False
2029,MOL_003578,Phenethyl crotonate,68141-20-8,68141-20-8,True,True,C/C=C/C(=O)OCCc1ccccc1,C/C=C/C(=O)OCCc1ccccc1,True,"['rose', 'herbal', 'musty', 'sweet', 'dry']",rose;herbal;musty;sweet;dry,True,False
4206,MOL_003579,dihydrocitronellal dimethyl acetal,68141-23-1,68141-23-1,True,True,CC(C)CCCC(C)CC(OC)OC,COC(CC(C)CCCC(C)C)OC,True,"['ethereal', 'rose']",ethereal;rose,True,False
2344,MOL_003580,Triisobutyltrioxane,68165-40-2,68165-40-2,True,True,CC(C)CC1OC(CC(C)C)OC(CC(C)C)O1,CC(C)CC1OC(CC(C)C)OC(CC(C)C)O1,True,"['creamy', 'vanilla', 'cocoa', 'floral', 'chocolate']",creamy;vanilla;cocoa;floral;chocolate,True,False
4207,MOL_003581,6(or 8)-isobutyl quinoline,68198-80-1,68198-80-1,True,True,CC(C)CC1=CC2=C(C=C1)N=CC=C2,CC(C)Cc1ccc2ncccc2c1,True,"['earthy', 'nutty', 'musty', 'woody', 'leathery', 'green']",earthy;nutty;musty;woody;leathery;green,True,False
4208,MOL_003582,geranyl oxyacetaldehyde,68213-87-6,68213-87-6,True,True,C\C(C)=C\CCC(C)=CCOCC=O,CC(C)=CCCC(C)=CCOCC=O,True,"['sweet', 'fresh', 'waxy', 'aldehydic', 'rose']",sweet;fresh;waxy;aldehydic;rose,True,False
2288,MOL_003583,Tetrahydrogeranyl formate,68214-06-2,68214-06-2,True,True,CC(C)CCCC(C)CCOC=O,CC(C)CCCC(C)CCOC=O,True,"['spicy', 'green', 'fruity', 'fresh', 'floral']",spicy;green;fruity;fresh;floral,True,False
1646,MOL_003584,Methylcyclopentenolone butyrate,68227-51-0,68227-51-0,True,True,CCCC(=O)OC1=C(C)CCC1=O,CCCC(=O)OC1=C(C)CCC1=O,True,"['creamy', 'caramellic', 'nutty', 'buttery']",creamy;caramellic;nutty;buttery,True,False
4209,MOL_003585,triplal / ethyl anthranilate schiff's base,68228-09-1,68228-09-1,True,True,CCOC(=O)C1=CC=CC=C1NCC2CCC(=CC2C)C,CCOC(=O)c1ccccc1NCC1CCC(C)=CC1C,True,"['fresh', 'green', 'herbal', 'leafy', 'woody']",fresh;green;herbal;leafy;woody,True,False
2618,MOL_003586,Citral hexylene glycol acetal,68258-94-6,68258-94-6,True,True,CC(C)=CCC/C(C)=C/C1OC(C)CC(C)(C)O1,CC(C)=CCC/C(C)=C/C1OC(C)CC(C)(C)O1,True,"['oily', 'lemon', 'citrus', 'herbal']",oily;lemon;citrus;herbal,True,False
2650,MOL_003587,Methylheptenone propylene glycol acetal,68258-95-7,68258-95-7,True,True,CC(C)=CCCC1(C)OCC(C)O1,CC(C)=CCCC1(C)OCC(C)O1,True,"['green', 'fatty', 'fruity', 'citrus']",green;fatty;fruity;citrus,True,False
4210,MOL_003588,isofreshal,68259-31-4,68259-31-4,True,True,CC1=C2CC(C(C1)C(C2)C(C)C)C=O,CC1=C2CC(C=O)C(C1)C(C(C)C)C2,True,"['aldehydic', 'fatty', 'green', 'metallic']",aldehydic;fatty;green;metallic,True,False
4211,MOL_003589,woody octene,68259-33-6,68259-33-6,True,True,CC1=C2CC(C(C1)C(C2)C(=O)C)C(C)C,CC(=O)C1CC2=C(C)CC1C(C(C)C)C2,True,"['woody', 'fresh', 'spicy', 'balsamic']",woody;fresh;spicy;balsamic,True,False
4212,MOL_003590,fresh nitrile,68311-05-7,68311-05-7,True,True,CC1=CC2C(CC1CC2C(C)C)C#N,CC1=CC2C(C#N)CC1CC2C(C)C,True,"['green', 'woody', 'fresh']",green;woody;fresh,True,False
2055,MOL_003591,Phenylacetaldehyde diisobutyl acetal,68345-22-2,68345-22-2,True,True,CC(C)COC(Cc1ccccc1)OCC(C)C,CC(C)COC(Cc1ccccc1)OCC(C)C,True,"['green', 'floral', 'sweet']",green;floral;sweet,True,False
2809,MOL_003592,Menthyl isobutyrate,68366-65-4,68366-65-4,True,True,CC1CCC(C(C)C)C(OC(=O)C(C)C)C1,CC1CCC(C(C)C)C(OC(=O)C(C)C)C1,True,"['fruity', 'floral', 'sweet', 'herbal']",fruity;floral;sweet;herbal,True,False
4213,MOL_003593,3-isopropenyl pentane dioic acid,6839-75-4,6839-75-4,True,True,C=C(C)C(CC(O)=O)CC(O)=O,C=C(C)C(CC(=O)O)CC(=O)O,True,"['savory', 'roasted']",savory;roasted,True,False
4214,MOL_003594,TMH aldehyde,68391-29-7,68391-29-7,True,True,CC(CC(C)(C)C)C(C)C=O,CC(C=O)C(C)CC(C)(C)C,True,"['aldehydic', 'floral', 'citrus']",aldehydic;floral;citrus,True,False
2653,MOL_003595,Nonanal propylene glycol acetal,68391-39-9,68391-39-9,True,True,CCCCCCCCC1OCC(C)O1,CCCCCCCCC1OCC(C)O1,True,"['citrus', 'green', 'fruity', 'fresh', 'floral']",citrus;green;fruity;fresh;floral,True,False
693,MOL_003596,Epithiomenthane,68398-18-5,68398-18-5,True,True,CC1CCC2CC1SC2(C)C,CC1CCC2CC1SC2(C)C,True,"['sulfurous', 'fruity', 'grapefruit', 'tropical']",sulfurous;fruity;grapefruit;tropical,True,False
4215,MOL_003597,4-dimethyl ionone,68459-99-4,68459-99-4,True,True,CC1=CCCC(C1/C=C/C(=O)C(C)C)(C)C,CC1=CCCC(C)(C)C1/C=C/C(=O)C(C)C,True,"['sweet', 'floral', 'violet', 'woody']",sweet;floral;violet;woody,True,False
4216,MOL_003598,santal penten-2-ol,68480-04-6,68480-04-6,True,True,CC1=CCC(C1(C)C)C/C=C(\C)/C(C)O,CC1=CCC(C/C=C(\C)C(C)O)C1(C)C,True,"['oily', 'woody', 'spicy', 'orris']",oily;woody;spicy;orris,True,False
4217,MOL_003599,dewy propionate,68480-06-8,68480-06-8,True,True,CCC(=O)OCCCCCCCCC=C,C=CCCCCCCCCOC(=O)CC,True,"['fresh', 'waxy', 'rose', 'floral', 'balsamic']",fresh;waxy;rose;floral;balsamic,True,False
4218,MOL_003600,tetrahydromyrcenyl acetate,68480-08-0,68480-08-0,True,True,CCC(C)CCCC(C)(C)OC(=O)C,CCC(C)CCCC(C)(C)OC(C)=O,True,"['fresh', 'citrus', 'herbal', 'musty', 'woody']",fresh;citrus;herbal;musty;woody,True,False
4219,MOL_003601,grapefruit indene,68480-11-5,68480-11-5,True,True,C1CC2C(C1)C3CC2CC34CCCO4,C1CC2C3CC(C2C1)C1(CCCO1)C3,True,"['fresh', 'citrus', 'grapefruit', 'green', 'woody', 'floral']",fresh;citrus;grapefruit;green;woody;floral,True,False
4220,MOL_003602,methyl cyclocitrone (IFF),68480-14-8,68480-14-8,True,True,CC1C=C(CC(C1C)C(=O)C)C,CC(=O)C1CC(C)=CC(C)C1C,True,"['green', 'floral', 'earthy', 'dry', 'woody']",green;floral;earthy;dry;woody,True,False
3112,MOL_003603,Dimethylcyclohexanemethanol,68480-15-9,68480-15-9,True,True,CC1CCC(CO)C(C)C1,CC1CCC(CO)C(C)C1,True,"['woody', 'floral', 'mint']",woody;floral;mint,True,False
2339,MOL_003604,Tridecenol,68480-25-1,68480-25-1,True,True,CCCCCCCCCC/C=C/CO,CCCCCCCCCC/C=C/CO,True,"['waxy', 'citrus']",waxy;citrus,True,False
4221,MOL_003605,(E)-2-undecen-1-yl acetate,68480-27-3,68480-27-3,True,True,CCCCCCCC/C=C/COC(=O)C,CCCCCCCC/C=C/COC(C)=O,True,"['fresh', 'waxy', 'rose']",fresh;waxy;rose,True,False
2129,MOL_003606,Prenyl formate,68480-28-4,68480-28-4,True,True,CC(C)=CCOC=O,CC(C)=CCOC=O,True,"['green', 'fruity', 'tomato', 'leafy', 'rum']",green;fruity;tomato;leafy;rum,True,False
4222,MOL_003607,WS-5,68489-14-5,68489-14-5,True,True,CCOC(=O)CNC(=O)[C@@H]1C[C@@H](CC[C@H]1C(C)C)C,CCOC(=O)CNC(=O)[C@@H]1C[C@H](C)CC[C@H]1C(C)C,True,['mint'],mint,True,False
2407,MOL_003608,Vanillin propylene glycol acetal,68527-74-2,68527-74-2,True,True,COc1cc(C2OCC(C)O2)ccc1O,COc1cc(C2OCC(C)O2)ccc1O,True,"['creamy', 'vanilla', 'warm', 'sweet']",creamy;vanilla;warm;sweet,True,False
830,MOL_003609,Ethyl vanillin propylene glycol acetal,68527-76-4,68527-76-4,True,True,CCOc1cc(C2OCC(C)O2)ccc1O,CCOc1cc(C2OCC(C)O2)ccc1O,True,['sweet'],sweet,True,False
4223,MOL_003610,isocyclogeraniol (IFF),68527-77-5,68527-77-5,True,True,CC1CC(=CC(C1CO)C)C,CC1=CC(C)C(CO)C(C)C1,True,"['spicy', 'floral', 'herbal', 'green', 'woody']",spicy;floral;herbal;green;woody,True,False
4224,MOL_003611,phenyl acetaldehyde diisoamyl acetal,68555-28-2,68555-28-2,True,True,CC(C)CCOC(CC1=CC=CC=C1)OCCC(C)C,CC(C)CCOC(Cc1ccccc1)OCCC(C)C,True,"['herbal', 'green', 'floral']",herbal;green;floral,True,False
4225,MOL_003612,(Z)-6-nonenal dimethyl acetal,68555-53-3,68555-53-3,True,True,CC/C=C\CCCCC(OC)OC,CC/C=C\CCCCC(OC)OC,True,"['fruity', 'green', 'melon', 'cucumber']",fruity;green;melon;cucumber,True,False
2504,MOL_003613,Citronellyl anthranilate,68555-57-7,68555-57-7,True,True,CC(C)=CCCC(C)CCOC(=O)c1ccccc1N,CC(C)=CCCC(C)CCOC(=O)c1ccccc1N,True,"['fruity', 'sweet', 'rose']",fruity;sweet;rose,True,False
2131,MOL_003614,Prenyl salicylate,68555-58-8,68555-58-8,True,True,CC(C)=CCOC(=O)c1ccccc1O,CC(C)=CCOC(=O)c1ccccc1O,True,"['herbal', 'woody', 'floral', 'sweet']",herbal;woody;floral;sweet,True,False
4226,MOL_003615,tetrahydroionyl acetate,68555-59-9,68555-59-9,True,True,CC1CCCC(C1CCC(C)OC(=O)C)(C)C,CC(=O)OC(C)CCC1C(C)CCCC1(C)C,True,"['fruity', 'floral', 'berry']",fruity;floral;berry,True,False
4227,MOL_003616,isoamyl heptine carbonate,68555-60-2,68555-60-2,True,True,CCCCCC#CC(=O)OCCC(C)C,CCCCCC#CC(=O)OCCC(C)C,True,"['sweet', 'leafy', 'violet', 'green']",sweet;leafy;violet;green,True,False
1285,MOL_003617,Isomethylionyl acetate,68555-61-3,68555-61-3,True,True,CC(=O)OC(C)/C(C)=C/C1C(C)=CCCC1(C)C,CC(=O)OC(C)/C(C)=C/C1C(C)=CCCC1(C)C,True,"['woody', 'fruity', 'aromatic', 'berry']",woody;fruity;aromatic;berry,True,False
1384,MOL_003618,Maltol Propionate,68555-63-5,68555-63-5,True,True,CCC(=O)Oc1c(C)occc1=O,CCC(=O)Oc1c(C)occc1=O,True,"['fruity', 'strawberry', 'caramellic']",fruity;strawberry;caramellic,True,False
1867,MOL_003619,Nonadienyl acetate,68555-65-7,68555-65-7,True,True,CC/C=C\CC/C=C/COC(C)=O,CC/C=C\CC/C=C/COC(C)=O,True,"['apple', 'spicy', 'green', 'nutty', 'melon', 'violet', 'cucumber']",apple;spicy;green;nutty;melon;violet;cucumber,True,False
4228,MOL_003620,dimethyl ionone,68555-94-2,68555-94-2,True,True,CCC(=O)/C(=C/C1C(CC=CC1(C)C)C)/C,CCC(=O)/C(C)=C/C1C(C)CC=CC1(C)C,True,"['woody', 'orris', 'violet', 'berry']",woody;orris;violet;berry,True,False
4229,MOL_003621,trimethyl cyclohexene,68555-95-3,68555-95-3,True,True,CC1CCCC(=C1C)C,CC1=C(C)C(C)CCC1,True,"['citrus', 'lemon', 'herbal', 'pine']",citrus;lemon;herbal;pine,True,False
4230,MOL_003622,menthadienyl formate,68683-20-5,68683-20-5,True,True,CC(C)C1=CCC(=CC1)CCOC=O,CC(C)C1=CCC(CCOC=O)=CC1,True,"['sweet', 'floral', 'fruity', 'herbal', 'mint']",sweet;floral;fruity;herbal;mint,True,False
4231,MOL_003623,jasimia,68683-25-0,68683-25-0,True,True,CCCCCCCC(COC(=O)C)OC(=O)C,CCCCCCCC(COC(C)=O)OC(C)=O,True,"['fresh', 'floral']",fresh;floral,True,False
2905,MOL_003624,Methylthiobutyryltrimethylcyclohexene,68697-67-6,68697-67-6,True,True,CCCCC(=S)C1(C)CCCC(C)=C1C,CCCCC(=S)C1(C)CCCC(C)=C1C,True,"['cocoa', 'tea', 'sweet']",cocoa;tea;sweet,True,False
4232,MOL_003625,methyl vetivate,68698-57-7,68698-57-7,True,True,CC1=C(C2CC(C1(C2)C)C(=O)OC)C(=C)C,C=C(C)C1=C(C)C2(C)CC1CC2C(=O)OC,True,"['dry', 'woody', 'spicy', 'citrus']",dry;woody;spicy;citrus,True,False
4233,MOL_003626,(Z)-3-hexen-1-yl heptine carbonate,68698-58-8,68698-58-8,True,True,O=C(OCC\C=C/CC)C#CCCCCC,CC/C=C\CCOC(=O)C#CCCCCC,True,"['green', 'violet']",green;violet,True,False
1091,MOL_003627,Hexenyl isovalerate,68698-59-9,68698-59-9,True,True,CCC/C=C/COC(=O)CC(C)C,CCC/C=C/COC(=O)CC(C)C,True,"['fruity', 'apple', 'tropical', 'buttery']",fruity;apple;tropical;buttery,True,False
955,MOL_003628,Geranyl methylbutyrate,68705-63-5,68705-63-5,True,True,CCC(C)C(=O)OC/C=C(\C)CCC=C(C)C,CCC(C)C(=O)OC/C=C(\C)CCC=C(C)C,True,"['apple', 'rose', 'fruity', 'peach', 'sweet']",apple;rose;fruity;peach;sweet,True,False
2945,MOL_003629,Dimethyltetrahydrobenzaldehyde,68737-61-1,68737-61-1,True,True,CC1=CC(C)C(C=O)CC1,CC1=CC(C)C(C=O)CC1,True,"['green', 'leafy', 'floral', 'citrus']",green;leafy;floral;citrus,True,False
4234,MOL_003630,ivy carbaldehyde / methyl anthranilate schiff's base,68738-99-8,68738-99-8,True,True,CC\1C=C(CC/C1=C\NC2=CC=CC=C2C(=O)OC)C,COC(=O)c1ccccc1N/C=C1\CCC(C)=CC1C,True,"['fresh', 'green', 'sweet', 'floral', 'leafy']",fresh;green;sweet;floral;leafy,True,False
863,MOL_003631,Ethylmethoxypyrazine,68739-00-4,68739-00-4,True,True,CCc1cnc(OC)cn1,CCc1cnc(OC)cn1,True,"['green', 'earthy', 'nutty', 'cocoa', 'musty']",green;earthy;nutty;cocoa;musty,True,False
4235,MOL_003632,(Z)-pinane,6876-13-7,6876-13-7,True,True,CC1CC[C@H]2C[C@@H]1C2(C)C,CC1CC[C@H]2C[C@@H]1C2(C)C,True,"['fresh', 'pine', 'balsamic', 'herbal']",fresh;pine;balsamic;herbal,True,False
4236,MOL_003633,hydroxycitronellal nitrile,68797-68-2,68797-68-2,True,True,CC(CCCC(C)(C)O)CC#N,CC(CC#N)CCCC(C)(C)O,True,"['floral', 'woody', 'fresh']",floral;woody;fresh,True,False
2700,MOL_003634,Butylcyclohexyl propionate,68797-70-6,68797-70-6,True,True,CCC(=O)OC1CCC(C(C)(C)C)CC1,CCC(=O)OC1CCC(C(C)(C)C)CC1,True,"['woody', 'fruity']",woody;fruity,True,False
985,MOL_003635,Heptanal diethyl acetal,688-82-4,688-82-4,True,True,CCCCCCC(OCC)OCC,CCCCCCC(OCC)OCC,True,"['citrus', 'green', 'fresh', 'waxy', 'herbal', 'leafy', 'winey']",citrus;green;fresh;waxy;herbal;leafy;winey,True,False
3248,MOL_003636,Undecenal,68820-35-9,68820-35-9,True,True,CCCCCCCCC=CC=O,CCCCCCCCC=CC=O,True,"['citrus', 'green', 'fatty', 'aldehydic', 'floral']",citrus;green;fatty;aldehydic;floral,True,False
4237,MOL_003637,woody nonane (ethoxy),68845-00-1,68845-00-1,True,True,CCOC1(CCC2C(=C)C1CCC2(C)C)C,C=C1C2CCC(C)(OCC)C1CCC2(C)C,True,"['woody', 'balsamic', 'orris', 'tobacco']",woody;balsamic;orris;tobacco,True,False
4238,MOL_003638,"2,4-ivy carbaldehyde / methyl anthranilate schiff's base",68845-02-3,68845-02-3,True,True,CC1C=C(CCC1C=NC2=CC=CC=C2C(=O)OC)C,COC(=O)c1ccccc1N=CC1CCC(C)=CC1C,True,"['fresh', 'aldehydic', 'green', 'woody', 'leafy', 'floral']",fresh;aldehydic;green;woody;leafy;floral,True,False
4239,MOL_003639,diethyl dimethyl-2-cyclohexenone,68845-36-3,68845-36-3,True,True,CCC1C(CC(=O)C(=C1CC)C)C,CCC1=C(C)C(=O)CC(C)C1CC,True,"['dry', 'woody', 'floral', 'phenolic', 'orris']",dry;woody;floral;phenolic;orris,True,False
4240,MOL_003640,santall,68877-29-2,68877-29-2,True,True,CC1(C2CCC(C1(C2)C)C3CCC(CC3)O)C,CC1(C)C2CCC(C3CCC(O)CC3)C1(C)C2,True,"['woody', 'fresh', 'balsamic']",woody;fresh;balsamic,True,False
4241,MOL_003641,geranyl undecylenate,68892-05-7,68892-05-7,True,True,CC(=CCC/C(=C/COC(=O)CCCCCCCCC=C)/C)C,C=CCCCCCCCCC(=O)OC/C=C(\C)CCC=C(C)C,True,"['waxy', 'floral', 'leafy', 'rose']",waxy;floral;leafy;rose,True,False
2467,MOL_003642,Geranylacetone (no isomers specified),689-67-8,689-67-8,True,True,CC(=O)CCC=C(C)CCC=C(C)C,CC(=O)CCC=C(C)CCC=C(C)C,True,"['rose', 'green', 'fruity', 'fresh', 'aldehydic', 'leafy', 'floral']",rose;green;fruity;fresh;aldehydic;leafy;floral,True,False
1572,MOL_003643,Methyl sorbate,689-89-4,689-89-4,True,True,C/C=C/C=C/C(=O)OC,C/C=C/C=C/C(=O)OC,True,"['fruity', 'vanilla', 'nutty', 'anisic', 'sweet']",fruity;vanilla;nutty;anisic;sweet,True,False
2671,MOL_003644,Allyl cyclohexyloxypropionate,68901-15-5,68901-15-5,True,True,C=CCOC(=O)COC1CCCCC1,C=CCOC(=O)COC1CCCCC1,True,"['green', 'fruity', 'herbal', 'pineapple']",green;fruity;herbal;pineapple,True,False
4242,MOL_003645,2-methyl-4-(camphenyl-8) cyclohexanone,68901-22-4,68901-22-4,True,True,CC1CC(CCC1=O)CC2C3CCC(C3)C2(C)C,CC1CC(CC2C3CCC(C3)C2(C)C)CCC1=O,True,"['animal', 'balsamic', 'musk']",animal;balsamic;musk,True,False
4243,MOL_003646,glycoacetal,68901-32-6,68901-32-6,True,True,CC1=CC2CC(C1CC2C(C)C)C3OCCO3,CC1=CC2CC(C3OCCO3)C1CC2C(C)C,True,"['floral', 'rose', 'green', 'woody']",floral;rose;green;woody,True,False
4244,MOL_003647,dicyclopentadiene propionate,68912-13-0,68912-13-0,True,True,CCC(=O)OC1C=CC2C1C3CCC2C3,CCC(=O)OC1C=CC2C3CCC(C3)C12,True,"['fruity', 'herbal', 'woody', 'jasmine', 'oily']",fruity;herbal;woody;jasmine;oily,True,False
2683,MOL_003648,Anisyl isovalerate,68922-04-3,68922-04-3,True,True,CC(C)CC(=O)OCc1ccc(O)cc1,CC(C)CC(=O)OCc1ccc(O)cc1,True,"['fruity', 'spicy', 'apricot', 'sweet']",fruity;spicy;apricot;sweet,True,False
387,MOL_003649,Citronellyl isovalerate,68922-10-1,68922-10-1,True,True,CC(C)=CCCC(C)CCOC(=O)CC(C)C,CC(C)=CCCC(C)CCOC(=O)CC(C)C,True,"['rose', 'tobacco', 'warm', 'herbal', 'chamomile']",rose;tobacco;warm;herbal;chamomile,True,False
1742,MOL_003650,Methylphenethyl butyrate,68922-11-2,68922-11-2,True,True,CCCC(=O)OC(C)Cc1ccccc1,CCCC(=O)OC(C)Cc1ccccc1,True,"['spicy', 'floral']",spicy;floral,True,False
4245,MOL_003651,calarene epoxide,68926-75-0,68926-75-0,True,True,CC1CCC2C3(C1(C4C(C4(C)C)CC3)C)O2,CC1CCC2OC23CCC2C(C2(C)C)C13C,True,"['woody', 'earthy', 'musk']",woody;earthy;musk,True,False
4246,MOL_003652,geranyl linalool,68931-30-6,68931-30-6,True,True,OC(\C=C)(CCC=C(CCC=C(C)CC\C=C(/C)C)C)C,C=CC(C)(O)CCC=C(C)CCC=C(C)CCC=C(C)C,True,"['floral', 'rose']",floral;rose,True,False
4247,MOL_003653,(E)-3-hexen-1-yl crotonate,68938-58-9,68938-58-9,True,True,CC/C=C/CCOC(=O)/C=C/C,C/C=C/C(=O)OCC/C=C/CC,True,"['green', 'fresh', 'animal', 'metallic']",green;fresh;animal;metallic,True,False
1350,MOL_003654,Jasmolactone extra C,68959-28-4,68959-28-4,True,True,CC/C=C/CCC1CCCC(=O)O1,CC/C=C/CCC1CCCC(=O)O1,True,"['peach', 'jasmine', 'floral', 'buttery']",peach;jasmine;floral;buttery,True,False
3266,MOL_003655,Undecadienone,68973-20-6,68973-20-6,True,True,CCCCC/C=C/C=C/C(C)=O,CCCCC/C=C/C=C/C(C)=O,True,['fatty'],fatty,True,False
4248,MOL_003656,muguet carboxaldehyde,68991-97-9,68991-97-9,True,True,CC1(CCCC2=C1CC(CC2)C=O)C,CC1(C)CCCC2=C1CC(C=O)CC2,True,"['floral', 'fresh', 'earthy', 'balsamic']",floral;fresh;earthy;balsamic,True,False
4249,MOL_003657,ortho-salicylic acid,69-72-7,69-72-7,True,True,C1=CC=C(C(=C1)C(=O)O)O,O=C(O)c1ccccc1O,True,"['phenolic', 'nutty']",phenolic;nutty,True,False
4250,MOL_003658,octyl cinnamate,69038-78-4,69038-78-4,True,True,CCCCCCCCOC(=O)/C=C/C1=CC=CC=C1,CCCCCCCCOC(=O)/C=C/c1ccccc1,True,"['balsamic', 'cinnamon']",balsamic;cinnamon,True,False
2965,MOL_003659,Methylpentene,691-38-3,691-38-3,True,True,C/C=C\C(C)C,C/C=C\C(C)C,True,['gasoline'],gasoline,True,False
4251,MOL_003660,ocimene oxirane,69103-20-4,69103-20-4,True,True,CC(=CCC1C(O1)(C)C)C=C,C=CC(C)=CCC1OC1(C)C,True,"['sweet', 'metallic', 'fresh', 'herbal', 'balsamic', 'pear']",sweet;metallic;fresh;herbal;balsamic;pear,True,False
2798,MOL_003661,Isodecyl acetate,69103-24-8,69103-24-8,True,True,CC(=O)OCCCCCCCC(C)C,CC(=O)OCCCCCCCC(C)C,True,"['sweet', 'fresh', 'rose', 'citrus']",sweet;fresh;rose;citrus,True,False
2300,MOL_003662,Thienyl disulfide,6911-51-9,6911-51-9,True,True,c1csc(SSc2cccs2)c1,c1csc(SSc2cccs2)c1,True,"['brothy', 'savory']",brothy;savory,True,False
4252,MOL_003663,(E)-3-hexenal,69112-21-6,69112-21-6,True,True,CC/C=C/CC=O,CC/C=C/CC=O,True,"['green', 'fruity', 'apple']",green;fruity;apple,True,False
4253,MOL_003664,(E)-cinnamyl isovalerate,69121-78-4,69121-78-4,True,True,CC(C)CC(=O)OC/C=C/C1=CC=CC=C1,CC(C)CC(=O)OC/C=C/c1ccccc1,True,"['sweet', 'spicy', 'melon', 'cherry', 'apple', 'berry']",sweet;spicy;melon;cherry;apple;berry,True,False
4254,MOL_003665,diethyl 2-hydroxyglutarate,69134-53-8,69134-53-8,True,True,CCOC(=O)CCC(C(=O)OCC)O,CCOC(=O)CCC(O)C(=O)OCC,True,"['sweet', 'caramellic']",sweet;caramellic,True,False
1383,MOL_003666,Malic Acid,6915-15-7,6915-15-7,True,True,O=C(O)CC(O)C(=O)O,O=C(O)CC(O)C(=O)O,True,['odorless'],odorless,True,False
2631,MOL_003667,Ethylhexanal diethyl acetal,69178-43-4,69178-43-4,True,True,CCOC(CCCCC(C)C)OCC,CCOC(CCCCC(C)C)OCC,True,"['green', 'fruity', 'leafy']",green;fruity;leafy,True,False
827,MOL_003668,Ethyl undecenoate,692-86-4,692-86-4,True,True,C=CCCCCCCCCC(=O)OCC,C=CCCCCCCCCC(=O)OCC,True,"['green', 'fruity', 'fatty', 'waxy', 'winey']",green;fruity;fatty;waxy;winey,True,False
445,MOL_003669,Decanone,693-54-9,693-54-9,True,True,CCCCCCCCC(C)=O,CCCCCCCCC(C)=O,True,"['floral', 'orange']",floral;orange,True,False
2848,MOL_003670,Oleyl acetate,693-80-1,693-80-1,True,True,CCCCCCCC/C=C\CCCCCCCCOC(C)=O,CCCCCCCC/C=C\CCCCCCCCOC(C)=O,True,"['oily', 'fruity', 'fatty']",oily;fruity;fatty,True,False
1780,MOL_003671,Methylthiazole,693-95-8,693-95-8,True,True,Cc1cscn1,Cc1cscn1,True,"['meaty', 'green', 'alliaceous', 'nutty', 'vegetable']",meaty;green;alliaceous;nutty;vegetable,True,False
4255,MOL_003672,peach nitrile,69300-15-8,69300-15-8,True,True,CCCCCCCCC(C)C#N,CCCCCCCCC(C)C#N,True,"['peach', 'fruity', 'floral', 'jasmine', 'milky']",peach;fruity;floral;jasmine;milky,True,False
3034,MOL_003673,Pinene oxide,6931-54-0,6931-54-0,True,True,CC1(C)C2CCC3(CO3)C1C2,CC1(C)C2CCC3(CO3)C1C2,True,"['camphoreous', 'herbal']",camphoreous;herbal,True,False
187,MOL_003674,Benzyl hexanoate,6938-45-0,6938-45-0,True,True,CCCCCC(=O)OCc1ccccc1,CCCCCC(=O)OCc1ccccc1,True,"['apricot', 'green', 'fruity', 'tropical', 'peach', 'pineapple', 'floral', 'sweet']",apricot;green;fruity;tropical;peach;pineapple;floral;sweet,True,False
3198,MOL_003675,Diisopropyl adipate,6938-94-9,6938-94-9,True,True,CC(C)OC(=O)CCCCC(=O)OC(C)C,CC(C)OC(=O)CCCCC(=O)OC(C)C,True,['fruity'],fruity,True,False
2510,MOL_003676,Ethanedithiol,69382-62-3,69382-62-3,True,True,CC(S)S,CC(S)S,True,"['roasted', 'meaty', 'savory', 'onion', 'sulfurous', 'cheesy']",roasted;meaty;savory;onion;sulfurous;cheesy,True,False
2684,MOL_003677,Benzyl levulinate,6939-75-9,6939-75-9,True,True,CC(=O)CCC(=O)OCc1ccccc1,CC(=O)CCC(=O)OCc1ccccc1,True,"['fruity', 'caramellic', 'sweet']",fruity;caramellic;sweet,True,False
2702,MOL_003678,Cyclohexyl acetoacetate,6947-02-0,6947-02-0,True,True,CC(=O)CC(=O)OC1CCCCC1,CC(=O)CC(=O)OC1CCCCC1,True,"['fruity', 'caramellic', 'sweet']",fruity;caramellic;sweet,True,False
4256,MOL_003679,tonka undecanone,69486-14-2,69486-14-2,True,True,C/C=C/1\CC2CC1C3C2OC(=O)CC3,C/C=C1\CC2CC1C1CCC(=O)OC21,True,"['sweet', 'spicy', 'balsamic', 'coumarinic', 'woody', 'tobacco', 'green']",sweet;spicy;balsamic;coumarinic;woody;tobacco;green,True,False
1042,MOL_003680,Hexalactone,695-06-7,695-06-7,True,True,CCC1CCC(=O)O1,CCC1CCC(=O)O1,True,"['creamy', 'sweet', 'coumarinic']",creamy;sweet;coumarinic,True,False
1341,MOL_003681,Isopropylpyridine,696-30-0,696-30-0,True,True,CC(C)c1ccncc1,CC(C)c1ccncc1,True,"['green', 'earthy', 'animal', 'herbal', 'sweet']",green;earthy;animal;herbal;sweet,True,False
3278,MOL_003682,Dimethoxytetrahydrofuran,696-59-3,696-59-3,True,True,COC1CCC(OC)O1,COC1CCC(OC)O1,True,['ethereal'],ethereal,True,False
1113,MOL_003683,Hexyl butyrate,6963-52-6,6963-52-6,True,True,CCCCC(C)OC(=O)CCC,CCCCC(C)OC(=O)CCC,True,"['fruity', 'sweet']",fruity;sweet,True,False
153,MOL_003684,Anisyl butyrate,6963-56-0,6963-56-0,True,True,CCCC(=O)OCc1ccc(OC)cc1,CCCC(=O)OCc1ccc(OC)cc1,True,"['fruity', 'plum', 'floral', 'sweet']",fruity;plum;floral;sweet,True,False
3067,MOL_003685,Octyl salicylate,6969-49-9,6969-49-9,True,True,CCCCCCCCOC(=O)c1ccccc1O,CCCCCCCCOC(=O)c1ccccc1O,True,"['balsamic', 'floral']",balsamic;floral,True,False
2514,MOL_003686,Heptylcyclopropanecarboxylic acid,697290-77-0,697290-77-0,True,True,CCCCCCCC1(C(=O)O)CC1,CCCCCCCC1(C(=O)O)CC1,True,"['green', 'waxy', 'herbal', 'woody', 'balsamic']",green;waxy;herbal;woody;balsamic,True,False
4257,MOL_003687,4-isopropyl cinnamaldehyde,6975-24-2,6975-24-2,True,True,CC(C)C1=CC=C(C=C1)C=CC=O,CC(C)c1ccc(C=CC=O)cc1,True,"['spicy', 'balsamic']",spicy;balsamic,True,False
942,MOL_003688,Furylpropanone,6975-60-6,6975-60-6,True,True,CC(=O)Cc1ccco1,CC(=O)Cc1ccco1,True,"['fruity', 'spicy', 'caramellic', 'sweet']",fruity;spicy;caramellic;sweet,True,False
1023,MOL_003689,Heptyl hexanoate,6976-72-3,6976-72-3,True,True,CCCCCCCOC(=O)CCCCC,CCCCCCCOC(=O)CCCCC,True,"['green', 'oily', 'fruity', 'tropical', 'leafy', 'vegetable', 'sweet']",green;oily;fruity;tropical;leafy;vegetable;sweet,True,False
1387,MOL_003690,Maple furanone,698-10-2,698-10-2,True,True,CCC1OC(=O)C(O)=C1C,CCC1OC(=O)C(O)=C1C,True,['caramellic'],caramellic,True,False
1162,MOL_003691,Hydroxymethylbenzaldehyde,698-27-1,698-27-1,True,True,Cc1ccc(C=O)c(O)c1,Cc1ccc(C=O)c(O)c1,True,"['coumarinic', 'burnt', 'caramellic', 'sweet']",coumarinic;burnt;caramellic;sweet,True,False
1923,MOL_003692,Octalactone,698-76-0,698-76-0,True,True,CCCC1CCCC(=O)O1,CCCC1CCCC(=O)O1,True,"['coconut', 'coumarinic']",coconut;coumarinic,True,False
4258,MOL_003693,methyl benzyl carbinol,698-87-3,698-87-3,True,True,CC(CC1=CC=CC=C1)O,CC(O)Cc1ccccc1,True,"['rose', 'floral']",rose;floral,True,False
64,MOL_003694,Acetylmethylpyrrole,6982-72-5,6982-72-5,True,True,CC(=O)Cc1ccc[nH]1,CC(=O)Cc1ccc[nH]1,True,"['roasted', 'meaty', 'earthy', 'fruity', 'burnt']",roasted;meaty;earthy;fruity;burnt,True,False
4259,MOL_003695,(R)-gamma-dodecalactone,69830-91-7,69830-91-7,True,True,O=C1CC[C@@H](CCCCCCCC)O1,CCCCCCCC[C@@H]1CCC(=O)O1,True,"['fruity', 'sweet', 'floral', 'aldehydic', 'woody']",fruity;sweet;floral;aldehydic;woody,True,False
4260,MOL_003696,(S)-gamma-dodecalactone,69830-92-8,69830-92-8,True,True,O=C1CC[C@H](CCCCCCCC)O1,CCCCCCCC[C@H]1CCC(=O)O1,True,"['fatty', 'fruity', 'milky']",fatty;fruity;milky,True,False
4261,MOL_003697,sandel,69834-10-2,69834-10-2,True,True,CC1(C2CCC1C(C2)C3CCCCC3O)C,CC1(C)C2CCC1C(C1CCCCC1O)C2,True,"['sweet', 'oily', 'woody', 'creamy']",sweet;oily;woody;creamy,True,False
21,MOL_003698,Acetaldehyde ethyl isobutyl acetal,6986-51-2,6986-51-2,True,True,CCOC(C)OCC(C)C,CCOC(C)OCC(C)C,True,"['alcoholic', 'ethereal', 'green', 'fermented', 'cognac']",alcoholic;ethereal;green;fermented;cognac,True,False
4262,MOL_003699,"2-methoxy-3,5-dimethyl-2-cyclopenten-1-one",69898-48-2,69898-48-2,True,True,CC1CC(=C(C1=O)OC)C,COC1=C(C)CC(C)C1=O,True,['caramellic'],caramellic,True,False
4263,MOL_003700,2-para-cresyl ethanol,699-02-5,699-02-5,True,True,CC1=CC=C(C=C1)CCO,Cc1ccc(CCO)cc1,True,"['floral', 'balsamic', 'rose', 'green']",floral;balsamic;rose;green,True,False
1475,MOL_003701,Methyl benzyl disulfide,699-10-5,699-10-5,True,True,CSSCc1ccccc1,CSSCc1ccccc1,True,"['vegetable', 'green', 'metallic', 'onion', 'cabbage', 'sulfurous']",vegetable;green;metallic;onion;cabbage;sulfurous,True,False
939,MOL_003702,Furylbutanone,699-17-2,699-17-2,True,True,CC(=O)CCc1ccco1,CC(=O)CCc1ccco1,True,"['fruity', 'spicy', 'caramellic']",fruity;spicy;caramellic,True,False
797,MOL_003703,Ethyl octadienoate,69925-33-3,69925-33-3,True,True,C=CC/C=C/CCC(=O)OCC,C=CC/C=C/CCC(=O)OCC,True,"['fruity', 'pineapple', 'pear']",fruity;pineapple;pear,True,False
4264,MOL_003704,citronellyl ethyl ether,69929-16-4,69929-16-4,True,True,CCOCCC(C)CCC=C(C)C,CCOCCC(C)CCC=C(C)C,True,"['fresh', 'rose', 'citrus', 'floral']",fresh;rose;citrus;floral,True,False
4265,MOL_003705,chrysanthemum ketone,69929-17-5,69929-17-5,True,True,CC1C=C(CCC1C(=O)C(C)(C)C)C,CC1=CC(C)C(C(=O)C(C)(C)C)CC1,True,"['herbal', 'floral', 'grapefruit']",herbal;floral;grapefruit,True,False
2693,MOL_003706,Cinnamyl hexanoate,6994-20-3,6994-20-3,True,True,CCCCCC(=O)OC/C=C/c1ccccc1,CCCCCC(=O)OC/C=C/c1ccccc1,True,"['fruity', 'balsamic', 'sweet']",fruity;balsamic;sweet,True,False
2923,MOL_003707,Thiomalic acid,70-49-5,70-49-5,True,True,O=C(O)CC(S)C(=O)O,O=C(O)CC(S)C(=O)O,True,['sulfurous'],sulfurous,True,False
4266,MOL_003708,hexahydrocoumarin,700-82-3,700-82-3,True,True,C1CCC2=C(C1)CCC(=O)O2,O=C1CCC2=C(CCCC2)O1,True,"['coconut', 'coumarinic']",coconut;coumarinic,True,False
4267,MOL_003709,benzyl ethyl carbinol,701-70-2,701-70-2,True,True,CCC(CC1=CC=CC=C1)O,CCC(O)Cc1ccccc1,True,['floral'],floral,True,False
2911,MOL_003710,Cyclohexylpropionic acid,701-97-3,701-97-3,True,True,O=C(O)CCC1CCCCC1,O=C(O)CCC1CCCCC1,True,['balsamic'],balsamic,True,False
543,MOL_003711,Dihydrojasmone lactone,7011-83-8,7011-83-8,True,True,CCCCCCC1(C)CCC(=O)O1,CCCCCCC1(C)CCC(=O)O1,True,"['waxy', 'peach', 'jasmine']",waxy;peach;jasmine,True,False
4268,MOL_003712,alpha-ionyl ethyl ether,70172-07-5,70172-07-5,True,True,O(CC)C(/C=C/C1C(=C/CCC1(C)C)\C)C,CCOC(C)/C=C/C1C(C)=CCCC1(C)C,True,"['dry', 'woody', 'fruity', 'ethereal']",dry;woody;fruity;ethereal,True,False
4269,MOL_003713,"6,8-dimethyl-2-nonanol",70214-77-6,70214-77-6,True,True,CC(C)CC(C)CCCC(C)O,CC(C)CC(C)CCCC(C)O,True,"['animal', 'floral', 'green', 'fruity', 'mushroom']",animal;floral;green;fruity;mushroom,True,False
4270,MOL_003714,(Z)-3-hexenyl methyl ether,70220-06-3,70220-06-3,True,True,CC/C=C\CCOC,CC/C=C\CCOC,True,"['green', 'fruity', 'pear', 'apple', 'fresh', 'sweet']",green;fruity;pear;apple;fresh;sweet,True,False
2196,MOL_003715,Propylphenethyl alcohol,705-73-7,705-73-7,True,True,CCCC(O)Cc1ccccc1,CCCC(O)Cc1ccccc1,True,"['green', 'earthy', 'sweet']",green;earthy;sweet,True,False
436,MOL_003716,Decalactone,705-86-2,705-86-2,True,True,CCCCCC1CCCC(=O)O1,CCCCCC1CCCC(=O)O1,True,"['creamy', 'milky', 'nutty', 'peach', 'sweet', 'buttery']",creamy;milky;nutty;peach;sweet;buttery,True,False
438,MOL_003717,Decalactone,706-14-9,706-14-9,True,True,CCCCCCC1CCC(=O)O1,CCCCCCC1CCC(=O)O1,True,"['peach', 'coconut']",peach;coconut,True,False
4271,MOL_003718,(E)-2-tridecenal,7069-41-2,7069-41-2,True,True,CCCCCCCCCC/C=C/C=O,CCCCCCCCCC/C=C/C=O,True,"['waxy', 'citrus', 'fatty', 'creamy', 'fresh', 'herbal']",waxy;citrus;fatty;creamy;fresh;herbal,True,False
4272,MOL_003719,thyme undecane,707-29-9,707-29-9,True,True,CC1(COC2(CCCCC2)OC1)C,CC1(C)COC2(CCCCC2)OC1,True,"['fresh', 'herbal', 'leathery', 'tobacco', 'animal', 'sweet']",fresh;herbal;leathery;tobacco;animal;sweet,True,False
4273,MOL_003720,cedanol,7070-15-7,7070-15-7,True,True,C[C@]12CC[C@H](C1(C)C)C[C@@H]2OCCO,CC1(C)[C@H]2CC[C@]1(C)[C@@H](OCCO)C2,True,"['woody', 'balsamic', 'pine']",woody;balsamic;pine,True,False
4274,MOL_003721,timber propanol,70788-30-6,70788-30-6,True,True,CCCC(CCC1C(CCCC1(C)C)C)O,CCCC(O)CCC1C(C)CCCC1(C)C,True,"['dry', 'woody', 'orris', 'balsamic']",dry;woody;orris;balsamic,True,False
4275,MOL_003722,dihydrogeranyl linalool,70851-60-4,70851-60-4,True,True,CCC(C)(CC\C=C(/C)\CC\C=C(/C)\CCC=C(C)C)O,CCC(C)(O)CC/C=C(\C)CC/C=C(\C)CCC=C(C)C,True,"['floral', 'balsamic']",floral;balsamic,True,False
1351,MOL_003723,Jasmone lactone,70851-61-5,70851-61-5,True,True,CC/C=C/CCC1(C)CCC(=O)O1,CC/C=C/CCC1(C)CCC(=O)O1,True,"['floral', 'jasmine', 'coconut']",floral;jasmine;coconut,True,False
2145,MOL_003724,Propanol,71-23-8,71-23-8,True,True,CCCO,CCCO,True,"['fermented', 'alcoholic', 'sweet']",fermented;alcoholic;sweet,True,False
250,MOL_003725,Butyl alcohol,71-36-3,71-36-3,True,True,CCCCO,CCCCO,True,"['winey', 'alcoholic', 'solvent']",winey;alcoholic;solvent,True,False
121,MOL_003726,Amyl alcohol,71-41-0,71-41-0,True,True,CCCCCO,CCCCCO,True,"['alcoholic', 'solvent']",alcoholic;solvent,True,False
2381,MOL_003727,Undecalactone,710-04-3,710-04-3,True,True,CCCCCCC1CCCC(=O)O1,CCCCCCC1CCCC(=O)O1,True,"['creamy', 'fatty', 'peach']",creamy;fatty;peach,True,False
2549,MOL_003728,Damascone,71048-82-3,71048-82-3,True,True,C/C=C/C(=O)[C@@H]1[C@@H](C)C=CCC1(C)C,C/C=C/C(=O)[C@@H]1[C@@H](C)C=CCC1(C)C,True,"['black currant', 'fruity', 'rose']",black currant;fruity;rose,True,False
4276,MOL_003729,magnolia decadienal,71077-31-1,71077-31-1,True,True,CC(CCC=C(C)CCC=O)C=C,C=CC(C)CCC=C(C)CCC=O,True,"['floral', 'aldehydic']",floral;aldehydic,True,False
4277,MOL_003730,isospirene,71078-31-4,71078-31-4,True,True,CC1CC=C(C2(C1C)C=CC(O2)C)C,CC1=CCC(C)C(C)C12C=CC(C)O2,True,"['black currant', 'berry']",black currant;berry,True,False
4278,MOL_003731,isopropyl vanillin,71118-98-4,71118-98-4,True,True,O=Cc1cc(OC(C)C)c(O)cc1,CC(C)Oc1cc(C=O)ccc1O,True,['vanilla'],vanilla,True,False
1395,MOL_003732,Menthenethiol,71159-90-5,71159-90-5,True,True,CC1=CC(S)C(C(C)C)CC1,CC1=CC(S)C(C(C)C)CC1,True,"['fruity', 'tropical', 'fresh', 'grapefruit']",fruity;tropical;fresh;grapefruit,True,False
155,MOL_003733,Anisyl isobutyrate,71172-26-4,71172-26-4,True,True,COc1ccc(COC(=O)C(C)C)cc1,COc1ccc(COC(=O)C(C)C)cc1,True,"['fruity', 'floral', 'sweet']",fruity;floral;sweet,True,False
2791,MOL_003734,Isoamyl levulinate,71172-75-3,71172-75-3,True,True,CC(=O)CCC(=O)OCCC(C)C,CC(=O)CCC(=O)OCCC(C)C,True,"['oily', 'fruity', 'winey', 'caramellic']",oily;fruity;winey;caramellic,True,False
2279,MOL_003735,Tetrahydrocuminic acid,71298-42-5,71298-42-5,True,True,CC(C)C1=CCC(C(=O)O)CC1,CC(C)C1=CCC(C(=O)O)CC1,True,"['spicy', 'herbal']",spicy;herbal,True,False
674,MOL_003736,Dodecalactone,713-95-1,713-95-1,True,True,CCCCCCCC1CCCC(=O)O1,CCCCCCCC1CCCC(=O)O1,True,"['fatty', 'fruity', 'peach', 'buttery']",fatty;fruity;peach;buttery,True,False
2822,MOL_003737,Methyl pentadecanoate,7132-64-1,7132-64-1,True,True,CCCCCCCCCCCCCCC(=O)OC,CCCCCCCCCCCCCCC(=O)OC,True,"['oily', 'fatty', 'waxy']",oily;fatty;waxy,True,False
4279,MOL_003738,4-ethyl-2-hydroxy-3-methyl-2-cyclopenten-1-one,71387-71-8,71387-71-8,True,True,O=C1C(/O)=C(/C)C(CC)C1,CCC1CC(=O)C(O)=C1C,True,"['sweet', 'malty']",sweet;malty,True,False
1377,MOL_003739,Linalyl phenylacetate,7143-69-3,7143-69-3,True,True,C=CC(C)(CCC=C(C)C)OC(=O)Cc1ccccc1,C=CC(C)(CCC=C(C)C)OC(=O)Cc1ccccc1,True,"['rose', 'floral', 'sweet']",rose;floral;sweet,True,False
4280,MOL_003740,"4,6-dimethyl-alpha-allyl-3-cyclohexene methanol",71477-77-5,71477-77-5,True,True,CC1CC(=CCC1C(CC=C)O)C,C=CCC(O)C1CC=C(C)CC1C,True,"['floral', 'anisic', 'fruity', 'berry', 'herbal', 'green']",floral;anisic;fruity;berry;herbal;green,True,False
2615,MOL_003741,Cinnamaldehyde diethyl acetal,7148-78-9,7148-78-9,True,True,CCOC(/C=C/c1ccccc1)OCC,CCOC(/C=C/c1ccccc1)OCC,True,"['green', 'spicy', 'fresh', 'sweet']",green;spicy;fresh;sweet,True,False
3029,MOL_003742,Cyclamen aldehyde diethyl acetal,7149-24-8,7149-24-8,True,True,CCOC(OCC)C(C)Cc1ccc(C(C)C)cc1,CCOC(OCC)C(C)Cc1ccc(C(C)C)cc1,True,"['green', 'vegetable', 'floral']",green;vegetable;floral,True,False
1368,MOL_003743,Linalyl anthranilate,7149-26-0,7149-26-0,True,True,C=CC(C)(CCC=C(C)C)OC(=O)c1ccccc1N,C=CC(C)(CCC=C(C)C)OC(=O)c1ccccc1N,True,"['green', 'orange', 'floral']",green;orange;floral,True,False
1586,MOL_003744,Methylallyl butyrate,7149-29-3,7149-29-3,True,True,C=C(C)COC(=O)CCC,C=C(C)COC(=O)CCC,True,"['fruity', 'sharp', 'pungent']",fruity;sharp;pungent,True,False
2032,MOL_003745,Phenethyl furoate,7149-32-8,7149-32-8,True,True,O=C(OCCc1ccccc1)c1ccco1,O=C(OCCc1ccccc1)c1ccco1,True,"['fruity', 'caramellic']",fruity;caramellic,True,False
4281,MOL_003746,"allyl 3,5,5-trimethyl hexanoate",71500-37-3,71500-37-3,True,True,CC(CC(=O)OCC=C)CC(C)(C)C,C=CCOC(=O)CC(C)CC(C)(C)C,True,"['fruity', 'pineapple', 'spicy']",fruity;pineapple;spicy,True,False
4282,MOL_003747,heptyl benzoate,7155-12-6,7155-12-6,True,True,CCCCCCCOC(=O)C1=CC=CC=C1,CCCCCCCOC(=O)c1ccccc1,True,"['green', 'herbal', 'balsamic', 'metallic']",green;herbal;balsamic;metallic,True,False
4283,MOL_003748,saffron pyranone,71566-51-3,71566-51-3,True,True,CC1CC(CC(=O)O1)(C)C,CC1CC(C)(C)CC(=O)O1,True,"['sharp', 'nutty', 'spicy', 'citrus', 'herbal']",sharp;nutty;spicy;citrus;herbal,True,False
4284,MOL_003749,celery undecene,71566-53-5,71566-53-5,True,True,CCC1OCC2(CC(=CCC2C)C)CO1,CCC1OCC2(CO1)CC(C)=CCC2C,True,"['aromatic', 'herbal', 'vegetable', 'spicy', 'earthy', 'woody']",aromatic;herbal;vegetable;spicy;earthy;woody,True,False
4285,MOL_003750,geranyl cinnamate,71605-84-0,71605-84-0,True,True,CC(=CCC/C(=C/COC(=O)/C=C/C1=CC=CC=C1)/C)C,CC(C)=CCC/C(C)=C/COC(=O)/C=C/c1ccccc1,True,"['balsamic', 'rose']",balsamic;rose,True,False
2773,MOL_003751,Heptyl nonanoate,71605-85-1,71605-85-1,True,True,CCCCCCCCC(=O)OCCCCCCC,CCCCCCCCC(=O)OCCCCCCC,True,"['rose', 'oily', 'orange', 'winey', 'floral', 'sweet']",rose;oily;orange;winey;floral;sweet,True,False
4286,MOL_003752,terpinyl benzoate,71648-34-5,71648-34-5,True,True,CC(C)(C1CCC(=C)CC1)OC(=O)C2=CC=CC=C2,C=C1CCC(C(C)(C)OC(=O)c2ccccc2)CC1,True,"['pine', 'balsamic', 'floral', 'woody']",pine;balsamic;floral;woody,True,False
4287,MOL_003753,geranyl phenyl acetate,71648-43-6,71648-43-6,True,True,CC(=CCCC(=CCOC(=O)CC1=CC=CC=C1)C)C,CC(C)=CCCC(C)=CCOC(=O)Cc1ccccc1,True,"['floral', 'tropical', 'honey', 'rose', 'fruity', 'sweet', 'balsamic', 'orris', 'ripe']",floral;tropical;honey;rose;fruity;sweet;balsamic;orris;ripe,True,False
1392,MOL_003754,Menthadienyl acetate,71660-03-2,71660-03-2,True,True,CC(=O)OC1=C(C(C)C)CCC(C)=C1,CC(=O)OC1=C(C(C)C)CCC(C)=C1,True,"['fruity', 'mint', 'herbal']",fruity;mint;herbal,True,False
376,MOL_003755,Citronellal diethyl acetal,71662-17-4,71662-17-4,True,True,CCOC(CC(C)CCC=C(C)C)OCC,CCOC(CC(C)CCC=C(C)C)OCC,True,"['green', 'fatty', 'lemon']",green;fatty;lemon,True,False
3069,MOL_003756,Cresyl heptanoate,71662-19-6,71662-19-6,True,True,CCCCCCC(=O)Oc1ccc(C)cc1,CCCCCCC(=O)Oc1ccc(C)cc1,True,"['animal', 'aromatic', 'floral']",animal;aromatic;floral,True,False
731,MOL_003757,Ethyl butyryllactate,71662-27-6,71662-27-6,True,True,CCCC(=O)C(C)(O)C(=O)OCC,CCCC(=O)C(C)(O)C(=O)OCC,True,"['sour', 'fruity', 'sweet', 'buttery']",sour;fruity;sweet;buttery,True,False
2995,MOL_003758,Ethoxybenzyl alcohol,71672-75-8,71672-75-8,True,True,CCOc1ccccc1CO,CCOc1ccccc1CO,True,"['anisic', 'vanilla', 'aromatic', 'sweet']",anisic;vanilla;aromatic;sweet,True,False
4288,MOL_003759,woody epoxide,71735-79-0,71735-79-0,True,True,CC1(C/C=C\CC/C=C\CCC2C1(O2)C)C,CC1(C)C/C=C\CC/C=C\CCC2OC21C,True,"['sweet', 'dry', 'woody', 'orris', 'balsamic', 'earthy']",sweet;dry;woody;orris;balsamic;earthy,True,False
2804,MOL_003760,Ketodibutanoyloxybutane,71808-61-2,71808-61-2,True,True,CCCC(=O)OC(C)(OC(=O)CCC)C(C)=O,CCCC(=O)OC(C)(OC(=O)CCC)C(C)=O,True,"['cheesy', 'buttery']",cheesy;buttery,True,False
3247,MOL_003761,Octenyl acetate,71978-00-2,71978-00-2,True,True,CCCCCCC=COC(C)=O,CCCCCCC=COC(C)=O,True,"['green', 'banana', 'fruity', 'melon', 'pineapple']",green;banana;fruity;melon;pineapple,True,False
2309,MOL_003762,Threonine,72-19-5,72-19-5,True,True,CC(O)C(N)C(=O)O,CC(O)C(N)C(=O)O,True,['sweet'],sweet,True,False
2759,MOL_003763,Ethylmethylphenylpropyl acetate,72007-81-9,72007-81-9,True,True,CCC(C)(CCc1ccccc1)OC(C)=O,CCC(C)(CCc1ccccc1)OC(C)=O,True,"['green', 'fruity', 'fresh', 'tea', 'floral']",green;fruity;fresh;tea;floral,True,False
4289,MOL_003764,2-octanone oxime,7207-49-0,7207-49-0,True,True,N(/O)=C(\CCCCCC)C,CCCCCC/C(C)=N/O,True,"['fresh', 'earthy', 'floral', 'green']",fresh;earthy;floral;green,True,False
4290,MOL_003765,sandal cyclopentane,72089-08-8,72089-08-8,True,True,CC1=CCC(C1(C)C)CCC(C)CO,CC1=CCC(CCC(C)CO)C1(C)C,True,"['herbal', 'woody', 'waxy', 'nutty']",herbal;woody;waxy;nutty,True,False
1908,MOL_003766,Nonyl phenylacetate,72109-82-1,72109-82-1,True,True,CCCCCCCCCOC(=O)Cc1ccccc1,CCCCCCCCCOC(=O)Cc1ccccc1,True,"['citrus', 'fatty', 'honey', 'waxy', 'balsamic', 'floral']",citrus;fatty;honey;waxy;balsamic;floral,True,False
4291,MOL_003767,dimethyl alpha-ionone,72117-72-7,72117-72-7,True,True,CCC(=O)/C(=C/C1C(=CCCC1(C)C)C)/C,CCC(=O)/C(C)=C/C1C(C)=CCCC1(C)C,True,"['floral', 'violet', 'sweet', 'orris', 'woody']",floral;violet;sweet;orris;woody,True,False
4292,MOL_003768,"trans-para-2,8-1-menthadienol",7212-40-0,7212-40-0,True,True,CC(=C)[C@@H]1CC[C@@](C=C1)(C)O,C=C(C)[C@H]1C=C[C@](C)(O)CC1,True,"['fresh', 'mint']",fresh;mint,True,False
1849,MOL_003769,Nerolidol,7212-44-4,7212-44-4,True,True,C=CC(C)(O)CC/C=C(\C)CCC=C(C)C,C=CC(C)(O)CC/C=C(\C)CCC=C(C)C,True,"['green', 'woody', 'floral']",green;woody;floral,True,False
2304,MOL_003770,Thioguaiacol,7217-59-6,7217-59-6,True,True,COc1ccccc1S,COc1ccccc1S,True,"['meaty', 'roasted', 'earthy', 'vanilla', 'smoky']",meaty;roasted;earthy;vanilla;smoky,True,False
4293,MOL_003771,methyl bicycloheptenyl methyloxirane carboxylate,72175-33-8,72175-33-8,True,True,CC1(C(O1)C(=O)OC)C2CC3CC2C=C3,COC(=O)C1OC1(C)C1CC2C=CC1C2,True,"['fruity', 'floral', 'sweet', 'jasmine', 'rose', 'melon']",fruity;floral;sweet;jasmine;rose;melon,True,False
4294,MOL_003772,(Z)-isocitral,72203-97-5,72203-97-5,True,True,C\C(C)=C\C\C=C(\C)CC=O,CC(C)=CC/C=C(/C)CC=O,True,['green'],green,True,False
4295,MOL_003773,ethyl vanillin acetate,72207-94-4,72207-94-4,True,True,CCOC1=C(C=CC(=C1)C=O)OC(=O)C,CCOc1cc(C=O)ccc1OC(C)=O,True,"['vanilla', 'milky', 'creamy', 'caramellic', 'orris']",vanilla;milky;creamy;caramellic;orris,True,False
4296,MOL_003774,ocimen-1-yl acetate,72214-23-4,72214-23-4,True,True,C/C(=C\CCC(C)(C)OC(=O)C)/C=C,C=C/C(C)=C/CCC(C)(C)OC(C)=O,True,"['citrus', 'herbal', 'fresh', 'floral']",citrus;herbal;fresh;floral,True,False
4297,MOL_003775,"2-acetoxy-1,8-cineole",72257-53-5,72257-53-5,True,True,CC(=O)OC1CC2CCC1(OC2(C)C)C,CC(=O)OC1CC2CCC1(C)OC2(C)C,True,"['mint', 'fresh', 'camphoreous']",mint;fresh;camphoreous,True,False
4298,MOL_003776,tropical dienoate (Bedoukian),72276-09-6,72276-09-6,True,True,O=C(OCC)CC/C=C/C\C=C,C=CC/C=C/CCC(=O)OCC,True,"['sweet', 'ethereal', 'fruity', 'pineapple', 'pear', 'tropical']",sweet;ethereal;fruity;pineapple;pear;tropical,True,False
1426,MOL_003777,Mercaptopinane,72361-41-2,72361-41-2,True,True,CC1C(S)CC2CC1C2(C)C,CC1C(S)CC2CC1C2(C)C,True,"['green', 'sulfurous', 'fruity', 'tropical']",green;sulfurous;fruity;tropical,True,False
4299,MOL_003778,guaiacyl isobutyrate,723759-62-4,723759-62-4,True,True,CC(C)C(=O)OC1=CC=CC=C1OC,COc1ccccc1OC(=O)C(C)C,True,"['fruity', 'nutty']",fruity;nutty,True,False
4300,MOL_003779,clary alcohol,72402-00-7,72402-00-7,True,True,CC1C(CCC1(C)O)C(=C)C,C=C(C)C1CCC(C)(O)C1C,True,"['camphoreous', 'citrus', 'spicy']",camphoreous;citrus;spicy,True,False
4301,MOL_003780,freesia acetate,72403-67-9,72403-67-9,True,True,CC(=CCCC1=CCC[C@@H](C1)COC(=O)C)C,CC(=O)OC[C@H]1CCC=C(CCC=C(C)C)C1,True,"['fresh', 'floral', 'sweet', 'citrus', 'green']",fresh;floral;sweet;citrus;green,True,False
4302,MOL_003781,bigarade oxide,72429-08-4,72429-08-4,True,True,C[C@@H]1C[C@H]2CC(CO[C@@H]2C[C@@H]1C)(C)C,C[C@@H]1C[C@H]2CC(C)(C)CO[C@@H]2C[C@@H]1C,True,"['citrus', 'floral', 'grapefruit', 'woody', 'herbal', 'berry']",citrus;floral;grapefruit;woody;herbal;berry,True,False
2530,MOL_003782,Methyl isopentyl disulfide,72437-56-0,72437-56-0,True,True,CSSCCC(C)C,CSSCCC(C)C,True,"['meaty', 'roasted', 'savory', 'onion', 'sulfurous']",meaty;roasted;savory;onion;sulfurous,True,False
2971,MOL_003783,Butyl propyl disulfide,72437-64-0,72437-64-0,True,True,CCCCSSCCC,CCCCSSCCC,True,"['alliaceous', 'garlic', 'savory', 'onion', 'pungent']",alliaceous;garlic;savory;onion;pungent,True,False
2470,MOL_003784,Amyl methyl disulfide,72437-68-4,72437-68-4,True,True,CCCCCSSC,CCCCCSSC,True,"['vegetable', 'green', 'alliaceous', 'garlic', 'onion', 'sulfurous']",vegetable;green;alliaceous;garlic;onion;sulfurous,True,False
4303,MOL_003785,3-ethyl thiopropionate,7244-82-8,7244-82-8,True,True,CCSCCC(=O)O,CCSCCC(=O)O,True,"['savory', 'dairy']",savory;dairy,True,False
3141,MOL_003786,Mint sulfide,72445-42-2,72445-42-2,True,True,C=C1CC[C@@H]2S[C@@H]1[C@H]1[C@H](C(C)C)CC[C@@]21C,C=C1CC[C@@H]2S[C@@H]1[C@H]1[C@H](C(C)C)CC[C@]12C,True,"['earthy', 'woody', 'musty']",earthy;woody;musty,True,False
2359,MOL_003787,Trimethyloxathiane,72472-02-7,72472-02-7,True,True,CC1CCOSC1(C)C,CC1CCOSC1(C)C,True,"['green', 'tropical', 'herbal', 'sulfurous']",green;tropical;herbal;sulfurous,True,False
4304,MOL_003788,2-methyl quinoxaline,7251-61-8,7251-61-8,True,True,CC1=NC2=CC=CC=C2N=C1,Cc1cnc2ccccc2n1,True,"['roasted', 'coffee', 'nutty', 'fruity']",roasted;coffee;nutty;fruity,True,False
1905,MOL_003789,Nonyl anthranilate,72724-82-4,72724-82-4,True,True,CCCCCCCCCOC(=O)c1ccccc1N,CCCCCCCCCOC(=O)c1ccccc1N,True,"['fresh', 'sweet']",fresh;sweet,True,False
2132,MOL_003790,Prenyl senecioate,72779-06-7,72779-06-7,True,True,CC(C)=CCOC(=O)C=C(C)C,CC(C)=CCOC(=O)C=C(C)C,True,"['green', 'fruity']",green;fruity,True,False
2628,MOL_003791,Ethoxyisopropylpyrazine,72797-16-1,72797-16-1,True,True,CCOc1nccnc1C(C)C,CCOc1nccnc1C(C)C,True,"['roasted', 'green', 'earthy', 'nutty', 'vegetable']",roasted;green;earthy;nutty;vegetable,True,False
52,MOL_003792,Acetyldimethylpyrazine,72797-17-2,72797-17-2,True,True,CC(=O)[n+]1cc(C)nc(C)c1,CC(=O)[n+]1cc(C)nc(C)c1,True,"['nutty', 'hazelnut', 'popcorn', 'roasted']",nutty;hazelnut;popcorn;roasted,True,False
4305,MOL_003793,ethyl vanillin diethyl acetal,72797-28-5,72797-28-5,True,True,CCOC1=C(C=C(C=C1)C(OCC)OCC)OC,CCOc1ccc(C(OCC)OCC)cc1OC,True,['vanilla'],vanilla,True,False
2645,MOL_003794,Linalool ethyl ether,72845-33-1,72845-33-1,True,True,C=CC(C)(CCC=C(C)C)OCC,C=CC(C)(CCC=C(C)C)OCC,True,"['citrus', 'floral']",citrus;floral,True,False
4306,MOL_003795,tiglyl tiglate,72845-40-0,72845-40-0,True,True,C/C=C(\C)/COC(=O)/C(=C/C)/C,C/C=C(\C)COC(=O)/C(C)=C/C,True,"['woody', 'earthy', 'mushroom', 'anisic', 'floral', 'leafy']",woody;earthy;mushroom;anisic;floral;leafy,True,False
987,MOL_003796,"Heptanal glyceryl acetal (mixed 1,2 and 1,3 acetals)",72854-42-3,72854-42-3,True,True,CCCCCCCOCC(=O)CO,CCCCCCCOCC(=O)CO,True,"['earthy', 'sweet', 'mushroom']",earthy;sweet;mushroom,True,False
4307,MOL_003797,5(6)-decenoic acid,72881-27-7,72881-27-7,True,True,CCCCCCC\C=C\C(=O)O,CCCCCCC/C=C/C(=O)O,True,"['waxy', 'buttery', 'oily', 'creamy', 'dairy', 'green', 'milky', 'plum']",waxy;buttery;oily;creamy;dairy;green;milky;plum,True,False
4308,MOL_003798,decyl methyl ether,7289-52-3,7289-52-3,True,True,CCCCCCCCCCOC,CCCCCCCCCCOC,True,"['fresh', 'sweet']",fresh;sweet,True,False
4309,MOL_003799,decyl oxyacetaldehyde,72894-07-6,72894-07-6,True,True,CCCCCCCCCCOCC=O,CCCCCCCCCCOCC=O,True,"['fatty', 'rose', 'waxy']",fatty;rose;waxy,True,False
4310,MOL_003800,nonanal / methyl anthranilate schiff's base,72894-12-3,72894-12-3,True,True,O=C(OC)c1ccccc1/N=C/CCCCCCCC,CCCCCCCC/C=N/c1ccccc1C(=O)OC,True,"['sweet', 'floral', 'rose', 'aldehydic']",sweet;floral;rose;aldehydic,True,False
4311,MOL_003801,raspberry dicarboxylate,72903-27-6,72903-27-6,True,True,CCOC(=O)C1CCC(CC1)C(=O)OCC,CCOC(=O)C1CCC(C(=O)OCC)CC1,True,"['fruity', 'berry', 'apple', 'ethereal']",fruity;berry;apple;ethereal,True,False
471,MOL_003802,Decyl isovalerate,72928-48-4,72928-48-4,True,True,CCCCCCCCCCOC(=O)CC(C)C,CCCCCCCCCCOC(=O)CC(C)C,True,"['apple', 'fruity', 'waxy', 'winey', 'brandy']",apple;fruity;waxy;winey;brandy,True,False
4312,MOL_003803,marine nitrile,72928-51-9,72928-51-9,True,True,CC1(CCCC2=C1CC(CC2)C#N)C,CC1(C)CCCC2=C1CC(C#N)CC2,True,"['citrus', 'fresh', 'earthy', 'orris']",citrus;fresh;earthy;orris,True,False
1837,MOL_003804,Myrtenyl formate,72928-52-0,72928-52-0,True,True,CC1(C)C2CC=C(COC=O)C1C2,CC1(C)C2CC=C(COC=O)C1C2,True,"['sweet', 'spicy']",sweet;spicy,True,False
2695,MOL_003805,Citronellyl octanoate,72934-05-5,72934-05-5,True,True,CCCCCCCC(=O)OCCC(C)CCC=C(C)C,CCCCCCCC(=O)OCCC(C)CCC=C(C)C,True,"['rose', 'oily', 'fruity', 'waxy', 'floral']",rose;oily;fruity;waxy;floral,True,False
382,MOL_003806,Citronellyl decanoate,72934-06-6,72934-06-6,True,True,CCCCCCCCCC(=O)OCCC(C)CCC=C(C)C,CCCCCCCCCC(=O)OCCC(C)CCC=C(C)C,True,"['rose', 'odorless', 'waxy', 'floral']",rose;odorless;waxy;floral,True,False
383,MOL_003807,Citronellyl dodecanoate,72934-07-7,72934-07-7,True,True,CCCCCCCCCCCC(=O)OCCC(C)CCC=C(C)C,CCCCCCCCCCCC(=O)OCCC(C)CCC=C(C)C,True,"['waxy', 'floral', 'odorless']",waxy;floral;odorless,True,False
2661,MOL_003808,Tridecanal diethyl acetal,72934-16-8,72934-16-8,True,True,CCCCCCCCCCCCC(OCC)OCC,CCCCCCCCCCCCC(OCC)OCC,True,"['fatty', 'waxy', 'citrus']",fatty;waxy;citrus,True,False
2982,MOL_003809,Methylthioethylpyrazine,72987-62-3,72987-62-3,True,True,CCc1nccnc1SC,CCc1nccnc1SC,True,"['roasted', 'green', 'earthy', 'nutty', 'vegetable', 'musty']",roasted;green;earthy;nutty;vegetable;musty,True,False
1282,MOL_003810,Isoleucine,73-32-5,73-32-5,True,True,CC[C@H](C)[C@H](N)C(=O)O,CC[C@H](C)[C@H](N)C(=O)O,True,['odorless'],odorless,True,False
1033,MOL_003811,Hexadecalactone,730-46-1,730-46-1,True,True,CCCCCCCCCCCCC1CCC(=O)O1,CCCCCCCCCCCCC1CCC(=O)O1,True,"['fatty', 'waxy', 'creamy']",fatty;waxy;creamy,True,False
4313,MOL_003812,guaiyl butyrate,73003-91-5,73003-91-5,True,True,CCCC(=O)OC(C)(C)[C@@H]1CC[C@@H](C2=C(C1)[C@H](CC2)C)C,CCCC(=O)OC(C)(C)[C@@H]1CC[C@H](C)C2=C(C1)[C@@H](C)CC2,True,"['rose', 'plum', 'animal', 'balsamic', 'woody']",rose;plum;animal;balsamic;woody,True,False
949,MOL_003813,Geranyl ethylbutyrate,73019-14-4,73019-14-4,True,True,CCC(CC)C(=O)OC/C=C(\C)CCC=C(C)C,CCC(CC)C(=O)OC/C=C(\C)CCC=C(C)C,True,"['fruity', 'apple']",fruity;apple,True,False
4314,MOL_003814,geranyl heptanoate,73019-15-5,73019-15-5,True,True,CCCCCCC(=O)OC/C=C(\C)/CCC=C(C)C,CCCCCCC(=O)OC/C=C(\C)CCC=C(C)C,True,"['floral', 'cognac', 'alcoholic', 'winey']",floral;cognac;alcoholic;winey,True,False
4315,MOL_003815,hawthorn acetate,7306-12-9,7306-12-9,True,True,CC(=O)OCCC(=C)C1=CC=CC=C1,C=C(CCOC(C)=O)c1ccccc1,True,"['sweet', 'floral', 'anisic', 'balsamic']",sweet;floral;anisic;balsamic,True,False
2579,MOL_003816,Acetaldehyde amyl methyl acetal,73142-32-2,73142-32-2,True,True,CCCCCOC(C)OC,CCCCCOC(C)OC,True,"['vegetable', 'alcoholic', 'ethereal', 'green', 'cognac']",vegetable;alcoholic;ethereal;green;cognac,True,False
776,MOL_003817,Ethyl methoxybenzoate,7335-26-4,7335-26-4,True,True,CCOC(=O)c1ccccc1OC,CCOC(=O)c1ccccc1OC,True,"['fruity', 'grape', 'floral', 'sweet']",fruity;grape;floral;sweet,True,False
4316,MOL_003818,"(R,S)-methyl cedryl ketone",73398-84-2,73398-84-2,True,True,C[C@@H]1CC[C@@H]2C13CC[C@]([C@H](C3)C2(C)C)(C)C(=O)C,CC(=O)[C@@]1(C)CCC23C[C@@H]1C(C)(C)[C@@H]2CC[C@H]3C,True,['woody'],woody,True,False
852,MOL_003819,Ethylhexanethiol,7341-17-5,7341-17-5,True,True,CCCCC(CC)CS,CCCCC(CC)CS,True,"['vegetable', 'meaty', 'roasted', 'alliaceous', 'tropical', 'sulfurous']",vegetable;meaty;roasted;alliaceous;tropical;sulfurous,True,False
4317,MOL_003820,isobutyl (E)-2-butenoate,73545-15-0,73545-15-0,True,True,C\C=C\C(=O)OCC(C)C,C/C=C/C(=O)OCC(C)C,True,"['sweet', 'fruity', 'pineapple', 'apple', 'banana']",sweet;fruity;pineapple;apple;banana,True,False
4318,MOL_003821,"(E,E)-sorbyl isobutyrate",73545-16-1,73545-16-1,True,True,C/C=C/C=C/COC(=O)C(C)C,C/C=C/C=C/COC(=O)C(C)C,True,"['green', 'fruity', 'apple', 'pear', 'pineapple']",green;fruity;apple;pear;pineapple,True,False
1057,MOL_003822,Hexenal diethyl acetal,73545-18-3,73545-18-3,True,True,CC/C=C\CC(OCC)OCC,CC/C=C\CC(OCC)OCC,True,"['green', 'apple', 'spicy', 'herbal']",green;apple;spicy;herbal,True,False
4319,MOL_003823,methyl linolenate,7361-80-0,7361-80-0,True,True,CCC=CCC=CCC=CCCCCCCCC(=O)OC,CCC=CCC=CCC=CCCCCCCCC(=O)OC,True,"['oily', 'fatty', 'fruity']",oily;fatty;fruity,True,False
2689,MOL_003824,Butyl sorbate,7367-78-4,7367-78-4,True,True,C/C=C/C=C/C(=O)OCCCC,C/C=C/C=C/C(=O)OCCCC,True,"['green', 'fruity', 'waxy', 'tropical']",green;fruity;waxy;tropical,True,False
1549,MOL_003825,Methyl octenoate,7367-81-9,7367-81-9,True,True,CCCCC/C=C/C(=O)OC,CCCCC/C=C/C(=O)OC,True,"['green', 'fruity', 'melon', 'pear']",green;fruity;melon;pear,True,False
801,MOL_003826,Ethyl octenoate,7367-82-0,7367-82-0,True,True,CCCCC/C=C/C(=O)OCC,CCCCC/C=C/C(=O)OCC,True,"['green', 'fruity', 'pear', 'tropical', 'pineapple']",green;fruity;pear;tropical;pineapple,True,False
1488,MOL_003827,Methyl decenoate,7367-83-1,7367-83-1,True,True,CCCCC/C=C\CCC(=O)OC,CCCCC/C=C\CCC(=O)OC,True,"['green', 'fruity', 'fatty', 'pear', 'tropical', 'waxy']",green;fruity;fatty;pear;tropical;waxy,True,False
2749,MOL_003828,Ethyl decenoate,7367-84-2,7367-84-2,True,True,CCCCC/C=C\CCC(=O)OCC,CCCCC/C=C\CCC(=O)OCC,True,"['floral', 'fruity', 'pear', 'strawberry', 'pineapple', 'peach']",floral;fruity;pear;strawberry;pineapple;peach,True,False
4320,MOL_003829,methyl (E)-2-decenoate,7367-85-3,7367-85-3,True,True,CCCCCCC/C=C/C(=O)OC,CCCCCCC/C=C/C(=O)OC,True,"['fresh', 'green', 'fatty']",fresh;green;fatty,True,False
2454,MOL_003830,Ethyl hydroxyoctanoate,7367-90-0,7367-90-0,True,True,CCCCCC(O)CC(=O)OCC,CCCCCC(O)CC(=O)OCC,True,"['apple', 'green', 'fruity', 'winey', 'sweet']",apple;green;fruity;winey;sweet,True,False
1032,MOL_003831,Hexadecalactone,7370-44-7,7370-44-7,True,True,CCCCCCCCCCCC1CCCC(=O)O1,CCCCCCCCCCCC1CCCC(=O)O1,True,"['fatty', 'waxy', 'dairy']",fatty;waxy;dairy,True,False
2333,MOL_003832,Tridecalactone,7370-92-5,7370-92-5,True,True,CCCCCCCCC1CCCC(=O)O1,CCCCCCCCC1CCCC(=O)O1,True,"['buttery', 'fatty', 'dairy', 'creamy']",buttery;fatty;dairy;creamy,True,False
4321,MOL_003833,sesquiphellandrene,73744-93-1,73744-93-1,True,True,CC(CCC=C(C)C)C1CCC(=C)C=C1,C=C1C=CC(C(C)CCC=C(C)C)CC1,True,"['sweet', 'fruity', 'herbal']",sweet;fruity;herbal,True,False
4322,MOL_003834,2-methyl-2-octenal,73757-27-4,73757-27-4,True,True,CCCCCC=C(C)C=O,CCCCCC=C(C)C=O,True,"['fruity', 'green']",fruity;green,True,False
2868,MOL_003835,Propylene glycol dioctanoate,7384-98-7,7384-98-7,True,True,CCCCCCCC(=O)OCC(C)OC(=O)CCCCCCC,CCCCCCCC(=O)OCC(C)OC(=O)CCCCCCC,True,"['oily', 'fatty', 'fruity', 'cognac']",oily;fatty;fruity;cognac,True,False
2370,MOL_003836,Trimethylvinyltetrahydropyran,7392-19-0,7392-19-0,True,True,CC(C)=C(C)C1CCCCO1,CC(C)=C(C)C1CCCCO1,True,"['herbal', 'fresh', 'camphoreous']",herbal;fresh;camphoreous,True,False
1587,MOL_003837,Methylamine,74-89-5,74-89-5,True,True,CN,CN,True,"['ripe', 'fishy', 'cheesy']",ripe;fishy;cheesy,True,False
1520,MOL_003838,Methyl mercaptan,74-93-1,74-93-1,True,True,CS,CS,True,['cabbage'],cabbage,True,False
2093,MOL_003839,Phenylpropyl butyrate,7402-29-1,7402-29-1,True,True,CCCC(=O)OCCCc1ccccc1,CCCC(=O)OCCCc1ccccc1,True,"['fruity', 'balsamic', 'sweet']",fruity;balsamic;sweet,True,False
1750,MOL_003840,Methylphenylpentanone,7403-42-1,7403-42-1,True,True,CC(=O)CC(C)(C)c1ccccc1,CC(=O)CC(C)(C)c1ccccc1,True,"['woody', 'floral']",woody;floral,True,False
2667,MOL_003841,Valeraldehyde propylene glycol acetal,74094-60-3,74094-60-3,True,True,CCCCC1OCC(C)O1,CCCCC1OCC(C)O1,True,"['alcoholic', 'green', 'fatty', 'nutty', 'fermented']",alcoholic;green;fatty;nutty;fermented,True,False
2654,MOL_003842,Octanal propylene glycol acetal,74094-61-4,74094-61-4,True,True,CCCCCCCC1OCC(C)O1,CCCCCCCC1OCC(C)O1,True,"['citrus', 'green', 'lemon', 'orange', 'woody']",citrus;green;lemon;orange;woody,True,False
2665,MOL_003843,Undecanal propylene glycol acetal,74094-62-5,74094-62-5,True,True,CCCCCCCCCCC1OCC(C)O1,CCCCCCCCCCC1OCC(C)O1,True,"['fatty', 'floral', 'citrus', 'herbal']",fatty;floral;citrus;herbal,True,False
4323,MOL_003844,melon heptenal propylene glycol acetal,74094-63-6,74094-63-6,True,True,C/C(C)=C\CCC(C)C1OC(C)CO1,CC(C)=CCCC(C)C1OCC(C)O1,True,"['green', 'citrus']",green;citrus,True,False
2621,MOL_003845,Citronellal propylene glycol acetal,74094-64-7,74094-64-7,True,True,CC(C)=CCCC(C)CC1OCC(C)O1,CC(C)=CCCC(C)CC1OCC(C)O1,True,"['green', 'floral', 'herbal']",green;floral;herbal,True,False
614,MOL_003846,Dimethylmethylpropenyltetrahydrofuran,7416-35-5,7416-35-5,True,True,C/C=C(\C)C1CCC(C)(C)O1,C/C=C(\C)C1CCC(C)(C)O1,True,"['citrus', 'fresh', 'camphoreous', 'mint']",citrus;fresh;camphoreous;mint,True,False
2560,MOL_003847,Pentenyl hexanoate,74298-89-8,74298-89-8,True,True,CC/C=C/COC(=O)CCCCC,CC/C=C/COC(=O)CCCCC,True,"['green', 'fruity', 'banana', 'tropical', 'waxy']",green;fruity;banana;tropical;waxy,True,False
4324,MOL_003848,clary octenone,74338-72-0,74338-72-0,True,True,CC(C)C(=O)C(C)(C)CC=C(C)C,CC(C)=CCC(C)(C)C(=O)C(C)C,True,"['sweet', 'herbal', 'citrus', 'tropical']",sweet;herbal;citrus;tropical,True,False
2929,MOL_003849,Dimethylnonanol,74356-31-3,74356-31-3,True,True,CCCCCC(C)(O)CC(C)C,CCCCCC(C)(O)CC(C)C,True,['fruity'],fruity,True,False
777,MOL_003850,Ethyl methyl p-tolylglycidate,74367-97-8,74367-97-8,True,True,CCOC(=O)C1OC1(C)c1ccc(C)cc1,CCOC(=O)C1OC1(C)c1ccc(C)cc1,True,"['fruity', 'vanilla', 'almond', 'cherry', 'floral', 'sweet']",fruity;vanilla;almond;cherry;floral;sweet,True,False
4325,MOL_003851,"3,7-dimethyl-2,6-octadien-1-yl cyclopropyl carboxamide",744251-93-2,744251-93-2,True,True,CC(=CCC/C(=C/CNC(=O)C1CC1)/C)C,CC(C)=CCC/C(C)=C/CNC(=O)C1CC1,True,"['roasted', 'meaty']",roasted;meaty,True,False
781,MOL_003852,Ethyl methylbutyrate,7452-79-1,7452-79-1,True,True,CCOC(=O)C(C)CC,CCOC(=O)C(C)CC,True,"['green', 'fruity', 'apple', 'strawberry']",green;fruity;apple;strawberry,True,False
4326,MOL_003853,(S)-gamma-undecalactone,74568-05-1,74568-05-1,True,True,CCCCCCC[C@H]1CCC(=O)O1,CCCCCCC[C@H]1CCC(=O)O1,True,"['fatty', 'sweet', 'aldehydic']",fatty;sweet;aldehydic,True,False
4327,MOL_003854,(R)-gamma-undecalactone,74568-06-2,74568-06-2,True,True,CCCCCCC[C@@H]1CCC(=O)O1,CCCCCCC[C@@H]1CCC(=O)O1,True,"['fatty', 'sweet', 'peach']",fatty;sweet;peach,True,False
3008,MOL_003855,Decenolide,74585-00-5,74585-00-5,True,True,C=CCCCC1CCCC(=O)O1,C=CCCCC1CCCC(=O)O1,True,"['creamy', 'sweet', 'buttery']",creamy;sweet;buttery,True,False
1785,MOL_003856,Methylthio acetyloxypropionate,74586-09-7,74586-09-7,True,True,CSOC(=O)C(C)OC(C)=O,CSOC(=O)C(C)OC(C)=O,True,"['sulfurous', 'fruity', 'tropical']",sulfurous;fruity;tropical,True,False
552,MOL_003857,Dihydrotrismethylpropyldithiazine,74595-94-1,74595-94-1,True,True,CCCN1SSC=C(C)C1(C)C,CCCN1SSC=C(C)C1(C)C,True,"['meaty', 'roasted', 'savory', 'potato']",meaty;roasted;savory;potato,True,False
2045,MOL_003858,Phenethyl valerate,7460-74-4,7460-74-4,True,True,CCCCC(=O)OCCc1ccccc1,CCCCC(=O)OCCc1ccccc1,True,"['apple', 'rose', 'fruity', 'tobacco', 'pineapple', 'floral']",apple;rose;fruity;tobacco;pineapple;floral,True,False
1798,MOL_003859,Methylthiomethyl hexanoate,74758-91-1,74758-91-1,True,True,CCCCCC(=O)OCSC,CCCCCC(=O)OCSC,True,"['pineapple', 'fruity', 'creamy']",pineapple;fruity;creamy,True,False
1797,MOL_003860,Methylthiomethyl butyrate,74758-93-3,74758-93-3,True,True,CCCC(=O)OCSC,CCCC(=O)OCSC,True,"['fruity', 'milky', 'tropical', 'cabbage', 'cheesy']",fruity;milky;tropical;cabbage;cheesy,True,False
311,MOL_003861,Butylquinoline,74808-78-9,74808-78-9,True,True,CCCCc1ccc2ccccc2n1,CCCCc1ccc2ccccc2n1,True,"['tobacco', 'leathery', 'animal']",tobacco;leathery;animal,True,False
203,MOL_003862,Benzylheptanone,7492-37-7,7492-37-7,True,True,CCCC(=O)C(CC)Cc1ccccc1,CCCC(=O)C(CC)Cc1ccccc1,True,"['fruity', 'berry', 'plum', 'mint']",fruity;berry;plum;mint,True,False
3,MOL_003863,Acetaldehyde benzyl methoxyethyl acetal,7492-39-9,7492-39-9,True,True,COC(C)OC(C)OCc1ccccc1,COC(C)OC(C)OCc1ccccc1,True,"['green', 'fruity', 'almond', 'sweet']",green;fruity;almond;sweet,True,False
220,MOL_003864,Bornyl formate,7492-41-3,7492-41-3,True,True,CC1(C)C2CCC1(C)C(OC=O)C2,CC1(C)C2CCC1(C)C(OC=O)C2,True,"['green', 'earthy', 'pine']",green;earthy;pine,True,False
301,MOL_003865,Butylcinnamaldehyde,7492-44-6,7492-44-6,True,True,CCCC/C(C=O)=C\c1ccccc1,CCCC/C(C=O)=C\c1ccccc1,True,"['green', 'fruity', 'jasmine', 'herbal', 'floral']",green;fruity;jasmine;herbal;floral,True,False
262,MOL_003866,Butyl decenoate,7492-45-7,7492-45-7,True,True,CCCCCCC/C=C/C(=O)OCCCC,CCCCCCC/C=C/C(=O)OCCCC,True,"['apricot', 'green', 'fruity', 'milky', 'coconut', 'waxy', 'peach']",apricot;green;fruity;milky;coconut;waxy;peach,True,False
368,MOL_003867,Cinnamyl phenylacetate,7492-65-1,7492-65-1,True,True,O=C(Cc1ccccc1)OC/C=C/c1ccccc1,O=C(Cc1ccccc1)OC/C=C/c1ccccc1,True,"['honey', 'balsamic', 'floral', 'sweet']",honey;balsamic;floral;sweet,True,False
371,MOL_003868,Citral diethyl acetal,7492-66-2,7492-66-2,True,True,CCOC(/C=C(\C)CCC=C(C)C)OCC,CCOC(/C=C(\C)CCC=C(C)C)OCC,True,"['green', 'fresh', 'citrus']",green;fresh;citrus,True,False
388,MOL_003869,Citronellyloxyacetaldehyde,7492-67-3,7492-67-3,True,True,CC(C)=CCCC(C)CCOCC=O,CC(C)=CCCC(C)CCOCC=O,True,"['rose', 'citrus', 'melon', 'floral']",rose;citrus;melon;floral,True,False
182,MOL_003870,Benzyl dimethylcrotonate,7492-69-5,7492-69-5,True,True,CC(C)=C(C)C(=O)OCc1ccccc1,CC(C)=C(C)C(=O)OCc1ccccc1,True,"['fruity', 'spicy', 'herbal']",fruity;spicy;herbal,True,False
258,MOL_003871,Butyl butyryllactate,7492-70-8,7492-70-8,True,True,CCCCOC(=O)C(C)OC(=O)CCC,CCCCOC(=O)C(C)OC(=O)CCC,True,"['sour', 'fruity', 'sweet', 'buttery']",sour;fruity;sweet;buttery,True,False
29,MOL_003872,Acetaldehyde phenethyl propyl acetal,7493-57-4,7493-57-4,True,True,CCCOC(C)OCCc1ccccc1,CCCOC(C)OCCc1ccccc1,True,"['green', 'leafy', 'floral']",green;leafy;floral,True,False
1719,MOL_003873,Methylpentanedione,7493-58-5,7493-58-5,True,True,CC(=O)C(=O)C(C)C,CC(=O)C(=O)C(C)C,True,"['creamy', 'fruity', 'sweet', 'buttery']",creamy;fruity;sweet;buttery,True,False
2380,MOL_003874,Undecadione,7493-59-6,7493-59-6,True,True,CCCCCCCCC(=O)C(C)=O,CCCCCCCCC(=O)C(C)=O,True,"['creamy', 'milky', 'coconut', 'dairy', 'sweet']",creamy;milky;coconut;dairy;sweet,True,False
4328,MOL_003875,allyl anthranilate,7493-63-2,7493-63-2,True,True,C=CCOC(=O)C1=CC=CC=C1N,C=CCOC(=O)c1ccccc1N,True,"['green', 'leafy', 'floral', 'grape']",green;leafy;floral;grape,True,False
85,MOL_003876,Allyl cyclohexanebutyrate,7493-65-4,7493-65-4,True,True,C=CCOC(=O)CCCC1CCCCC1,C=CCOC(=O)CCCC1CCCCC1,True,"['fruity', 'pineapple', 'sweet']",fruity;pineapple;sweet,True,False
86,MOL_003877,Allyl cyclohexanehexanoate,7493-66-5,7493-66-5,True,True,C=CCOC(=O)CCCCCC1CCCCC1,C=CCOC(=O)CCCCCC1CCCCC1,True,"['fatty', 'fruity']",fatty;fruity,True,False
88,MOL_003878,Allyl cyclohexanevalerate,7493-68-7,7493-68-7,True,True,C=CCOC(=O)CCCCC1CCCCC1,C=CCOC(=O)CCCCC1CCCCC1,True,"['fruity', 'sweet']",fruity;sweet,True,False
90,MOL_003879,Allyl ethylbutyrate,7493-69-8,7493-69-8,True,True,C=CCOC(=O)C(CC)CC,C=CCOC(=O)C(CC)CC,True,"['oily', 'fruity']",oily;fruity,True,False
113,MOL_003880,Allyl tiglate,7493-71-2,7493-71-2,True,True,C=CCOC(=O)/C(C)=C/C,C=CCOC(=O)/C(C)=C/C,True,"['green', 'earthy', 'fruity', 'berry', 'herbal', 'sweet']",green;earthy;fruity;berry;herbal;sweet,True,False
101,MOL_003881,Allyl nonanoate,7493-72-3,7493-72-3,True,True,C=CCOC(=O)CCCCCCCC,C=CCOC(=O)CCCCCCCC,True,"['fatty', 'fruity', 'nutty', 'cognac', 'pineapple', 'winey']",fatty;fruity;nutty;cognac;pineapple;winey,True,False
104,MOL_003882,Allyl phenoxyacetate,7493-74-5,7493-74-5,True,True,C=CCOC(=O)COc1ccccc1,C=CCOC(=O)COc1ccccc1,True,"['honey', 'fruity', 'pineapple', 'sweet']",honey;fruity;pineapple;sweet,True,False
110,MOL_003883,Allyl sorbate,7493-75-6,7493-75-6,True,True,C=CCOC(=O)/C=C/C=C/C,C=CCOC(=O)/C=C/C=C/C,True,"['fruity', 'sharp', 'melon', 'pineapple', 'sweet']",fruity;sharp;melon;pineapple;sweet,True,False
114,MOL_003884,Allyl undecenoate,7493-76-7,7493-76-7,True,True,C=CCCCCCCCCC(=O)OCC=C,C=CCCCCCCCCC(=O)OCC=C,True,"['fatty', 'nutty', 'coconut', 'pineapple', 'sweet']",fatty;nutty;coconut;pineapple;sweet,True,False
142,MOL_003885,Amylcinnamyl acetate,7493-78-9,7493-78-9,True,True,CCCCCC(/C=C/c1ccccc1)OC(C)=O,CCCCCC(/C=C/c1ccccc1)OC(C)=O,True,"['floral', 'fruity', 'spicy', 'balsamic']",floral;fruity;spicy;balsamic,True,False
144,MOL_003886,Amylcinnamyl formate,7493-79-0,7493-79-0,True,True,CCCCC/C(=C/c1ccccc1)COC=O,CCCCC/C(=C/c1ccccc1)COC=O,True,"['green', 'herbal', 'balsamic', 'floral', 'sweet', 'buttery']",green;herbal;balsamic;floral;sweet;buttery,True,False
128,MOL_003887,Amyl heptanoate,7493-82-5,7493-82-5,True,True,CCCCCCC(=O)OCCCCC,CCCCCCC(=O)OCCCCC,True,"['ethereal', 'green', 'fruity', 'banana', 'winey', 'dry']",ethereal;green;fruity;banana;winey;dry,True,False
4329,MOL_003888,(E)-2-tridecen-1-ol,74962-98-4,74962-98-4,True,True,CCCCCCCCCC\C=C\CO,CCCCCCCCCC/C=C/CO,True,"['waxy', 'fresh', 'herbal', 'citrus', 'fatty']",waxy;fresh;herbal;citrus;fatty,True,False
833,MOL_003889,Ethylamine,75-04-7,75-04-7,True,True,CCN,CCN,True,"['ripe', 'fishy', 'cheesy']",ripe;fishy;cheesy,True,False
30,MOL_003890,Acetaldehyde,75-07-0,75-07-0,True,True,CC=O,CC=O,True,"['nutty', 'alcoholic', 'pungent']",nutty;alcoholic;pungent,True,False
699,MOL_003891,Ethanethiol,75-08-1,75-08-1,True,True,CCS,CCS,True,"['vegetable', 'meaty', 'garlic', 'tropical', 'onion', 'coffee', 'sulfurous']",vegetable;meaty;garlic;tropical;onion;coffee;sulfurous,True,False
1573,MOL_003892,Methyl sulfide,75-18-3,75-18-3,True,True,CSC,CSC,True,"['vegetable', 'pungent', 'cabbage']",vegetable;pungent;cabbage,True,False
1325,MOL_003893,Isopropylamine,75-31-0,75-31-0,True,True,CC(C)N,CC(C)N,True,"['fishy', 'cheesy']",fishy;cheesy,True,False
1311,MOL_003894,Isopropyl mercaptan,75-33-2,75-33-2,True,True,CC(C)S,CC(C)S,True,"['meaty', 'onion', 'chicken', 'brothy', 'sulfurous']",meaty;onion;chicken;brothy;sulfurous,True,False
2347,MOL_003895,Trimethylamine,75-50-3,75-50-3,True,True,CN(C)C,CN(C)C,True,"['fishy', 'pungent']",fishy;pungent,True,False
1754,MOL_003896,Methylpropanol,75-65-0,75-65-0,True,True,CC(C)(C)O,CC(C)(C)O,True,"['fermented', 'musty', 'ethereal']",fermented;musty;ethereal,True,False
1753,MOL_003897,Methylpropanethiol,75-66-1,75-66-1,True,True,CC(C)(C)S,CC(C)(C)S,True,"['sulfurous', 'meaty', 'roasted', 'tropical']",sulfurous;meaty;roasted;tropical,True,False
1606,MOL_003898,Methylbutanol,75-85-4,75-85-4,True,True,CCC(C)(C)O,CCC(C)(C)O,True,"['alcoholic', 'solvent', 'ethereal', 'fermented', 'camphoreous']",alcoholic;solvent;ethereal;fermented;camphoreous,True,False
2921,MOL_003899,Pivalic acid,75-98-9,75-98-9,True,True,CC(C)(C)C(=O)O,CC(C)(C)C(=O)O,True,"['pungent', 'sour', 'cheesy']",pungent;sour;cheesy,True,False
2910,MOL_003900,Trimethylhydroxycyclohexanone,7500-42-7,7500-42-7,True,True,CC1(C)CCCC(C)(O)C1=O,CC1(C)CCCC(C)(O)C1=O,True,"['tea', 'tobacco']",tea;tobacco,True,False
4330,MOL_003901,(E)-2-undecen-1-ol,75039-84-8,75039-84-8,True,True,CCCCCCCC/C=C/CO,CCCCCCCC/C=C/CO,True,"['floral', 'rose', 'waxy', 'fresh', 'fruity']",floral;rose;waxy;fresh;fruity,True,False
26,MOL_003902,Acetaldehyde isobutyl isoamyl acetal,75048-15-6,75048-15-6,True,True,CC(C)CCOC(C)OCC(C)C,CC(C)CCOC(C)OCC(C)C,True,"['alcoholic', 'ethereal', 'green', 'nutty', 'cognac']",alcoholic;ethereal;green;nutty;cognac,True,False
4331,MOL_003903,buchu oxime,75147-23-8,75147-23-8,True,True,CC12CCCC(C1=NO)(CC2)C,CC12CCCC(C)(CC1)C2=NO,True,"['fresh', 'fruity', 'herbal']",fresh;fruity;herbal,True,False
4332,MOL_003904,(S)-(+)-lilyall,75166-30-2,75166-30-2,True,True,C[C@@H](Cc1ccc(cc1)C(C)(C)C)C=O,C[C@H](C=O)Cc1ccc(C(C)(C)C)cc1,True,['floral'],floral,True,False
4333,MOL_003905,(R)-(-)-lilyall,75166-31-3,75166-31-3,True,True,C[C@H](Cc1ccc(cc1)C(C)(C)C)C=O,C[C@@H](C=O)Cc1ccc(C(C)(C)C)cc1,True,['floral'],floral,True,False
2537,MOL_003906,Dimercaptothiapropane,7529-06-8,7529-06-8,True,True,CC(S)SS,CC(S)SS,True,"['roasted', 'alliaceous', 'savory', 'sulfurous']",roasted;alliaceous;savory;sulfurous,True,False
4334,MOL_003907,2-acetyl-4-methyl thiazole,7533-07-5,7533-07-5,True,True,CC1=CSC(=N1)C(=O)C,CC(=O)c1nc(C)cs1,True,"['roasted', 'meaty']",roasted;meaty,True,False
379,MOL_003908,Citronellol,7540-51-4,7540-51-4,True,True,CC(C)=CCC[C@H](C)CCO,CC(C)=CCC[C@H](C)CCO,True,"['rose', 'citrus', 'green', 'fruity', 'floral', 'sweet']",rose;citrus;green;fruity;floral;sweet,True,False
392,MOL_003909,Citronellyl valerate,7540-53-6,7540-53-6,True,True,CCCCC(=O)OCCC(C)CCC=C(C)C,CCCCC(=O)OCCC(C)CCC=C(C)C,True,"['honey', 'fruity', 'rose', 'herbal']",honey;fruity;rose;herbal,True,False
4335,MOL_003910,"(Z,E)-phytol",7541-49-3,7541-49-3,True,True,CC(C)CCCC(C)CCCC(C)CCCC(=CCO)C,CC(=CCO)CCCC(C)CCCC(C)CCCC(C)C,True,"['floral', 'balsamic', 'green', 'jasmine']",floral;balsamic;green;jasmine,True,False
157,MOL_003911,Anisyl propionate,7549-33-9,7549-33-9,True,True,CCC(=O)OCc1ccc(OC)cc1,CCC(=O)OCc1ccc(OC)cc1,True,"['fruity', 'vanilla', 'herbal', 'floral', 'sweet']",fruity;vanilla;herbal;floral;sweet,True,False
372,MOL_003912,Citral dimethyl acetal,7549-37-3,7549-37-3,True,True,COC(/C=C(\C)CCC=C(C)C)OC,COC(/C=C(\C)CCC=C(C)C)OC,True,"['lemon', 'citrus']",lemon;citrus,True,False
222,MOL_003913,Bornyl valerate,7549-41-9,7549-41-9,True,True,CCCCC(=O)O[C@@H]1CC2CCC1(C)C2(C)C,CCCCC(=O)O[C@@H]1CC2CCC1(C)C2(C)C,True,"['pine', 'fruity', 'tobacco', 'herbal', 'woody']",pine;fruity;tobacco;herbal;woody,True,False
4336,MOL_003914,grapefruit nitrile,75490-39-0,75490-39-0,True,True,CC(CC(C)(C)C#N)C1=CC=CC=C1,CC(CC(C)(C)C#N)c1ccccc1,True,"['citrus', 'floral', 'grapefruit', 'burnt', 'leafy', 'woody']",citrus;floral;grapefruit;burnt;leafy;woody,True,False
505,MOL_003915,Diethyl malate,7554-12-3,7554-12-3,True,True,CCOC(=O)CC(O)C(=O)OCC,CCOC(=O)CC(O)C(=O)OCC,True,"['fruity', 'apple', 'winey', 'herbal']",fruity;apple;winey;herbal,True,False
2744,MOL_003916,Ethyl hydroxyoctanoate,75587-05-2,75587-05-2,True,True,CCCC(O)CCCC(=O)OCC,CCCC(O)CCCC(=O)OCC,True,"['fatty', 'pineapple']",fatty;pineapple,True,False
2743,MOL_003917,Ethyl hydroxydecanoate,75587-06-3,75587-06-3,True,True,CCCCCCCCC(O)C(=O)OCC,CCCCCCCCC(O)C(=O)OCC,True,['fruity'],fruity,True,False
3267,MOL_003918,Prenyl thioisovalerate,75631-91-3,75631-91-3,True,True,CC(C)=CCOC(=S)CC(C)C,CC(C)=CCOC(=S)CC(C)C,True,"['fruity', 'tropical', 'sulfurous']",fruity;tropical;sulfurous,True,False
4337,MOL_003919,(R)-tonka furanone,75640-26-5,75640-26-5,True,True,O=C1C(=C2CCC(C=C2O1)C)C,CC1=C2CCC(C)C=C2OC1=O,True,"['milky', 'coumarinic', 'sweet', 'coconut']",milky;coumarinic;sweet;coconut,True,False
2581,MOL_003920,Acetaldehyde butyl methyl acetal,75677-94-0,75677-94-0,True,True,CCCCOC(C)OC,CCCCOC(C)OC,True,"['vegetable', 'alcoholic', 'ethereal', 'green', 'cognac']",vegetable;alcoholic;ethereal;green;cognac,True,False
4338,MOL_003921,mercaptomethyl pentanone,75832-79-0,75832-79-0,True,True,CC(C)C(C(=O)C)S,CC(=O)C(S)C(C)C,True,['black currant'],black currant,True,False
1818,MOL_003922,Methyltridecanal,75853-49-5,75853-49-5,True,True,CC(C)CCCCCCCCCCC=O,CC(C)CCCCCCCCCCC=O,True,"['meaty', 'beefy']",meaty;beefy,True,False
1773,MOL_003923,Methyltetradecanal,75853-50-8,75853-50-8,True,True,CCC(C)CCCCCCCCCCC=O,CCC(C)CCCCCCCCCCC=O,True,"['fatty', 'beefy', 'meaty']",fatty;beefy;meaty,True,False
1774,MOL_003924,Methyltetradecanal,75853-51-9,75853-51-9,True,True,CCCCCCCCCCCCC(C)C=O,CCCCCCCCCCCCC(C)C=O,True,"['fatty', 'beefy', 'meaty']",fatty;beefy;meaty,True,False
4339,MOL_003925,guaiacyl propionate,7598-60-9,7598-60-9,True,True,CCC(=O)OC1=CC=CC=C1OC,CCC(=O)Oc1ccccc1OC,True,"['fruity', 'nutty', 'vanilla']",fruity;nutty;vanilla,True,False
584,MOL_003926,Dimethylbutanediol,76-09-5,76-09-5,True,True,CC(C)(O)C(C)(C)O,CC(C)(O)C(C)(C)O,True,"['ethereal', 'herbal', 'woody', 'bread', 'mint']",ethereal;herbal;woody;bread;mint,True,False
4340,MOL_003927,(±)-camphor,76-22-2,76-22-2,True,True,CC1(C2CCC1(C(=O)C2)C)C,CC12CCC(CC1=O)C2(C)C,True,['camphoreous'],camphoreous,True,False
217,MOL_003928,Bornyl acetate,76-49-3,76-49-3,True,True,CC(=O)OC1CC2CCC1(C)C2(C)C,CC(=O)OC1CC2CCC1(C)C2(C)C,True,"['pine', 'sweet', 'herbal']",pine;sweet;herbal,True,False
221,MOL_003929,Bornyl isovalerate,76-50-6,76-50-6,True,True,CC(C)CC(=O)OC1CC2CCC1(C)C2(C)C,CC(C)CC(=O)OC1CC2CCC1(C)C2(C)C,True,"['green', 'earthy', 'fruity', 'camphoreous', 'herbal', 'woody', 'mint']",green;earthy;fruity;camphoreous;herbal;woody;mint,True,False
901,MOL_003930,Farnesyl acetone,762-29-8,762-29-8,True,True,CC(=O)CC/C=C(\C)CC/C=C(\C)CCC=C(C)C,CC(=O)CC/C=C(\C)CC/C=C(\C)CCC=C(C)C,True,"['creamy', 'winey', 'floral', 'sweet']",creamy;winey;floral;sweet,True,False
1903,MOL_003931,Nonenyl acetate,76238-22-7,76238-22-7,True,True,CC/C=C/CCCCCOC(C)=O,CC/C=C/CCCCCOC(C)=O,True,"['green', 'fatty', 'melon', 'pear', 'waxy']",green;fatty;melon;pear;waxy,True,False
2609,MOL_003932,Dodecenal,76261-02-4,76261-02-4,True,True,CCCCC/C=C/CCCCC=O,CCCCC/C=C/CCCCC=O,True,"['fatty', 'waxy', 'citrus']",fatty;waxy;citrus,True,False
1614,MOL_003933,Methylbutenol,763-32-6,763-32-6,True,True,C=C(C)CCO,C=C(C)CCO,True,"['green', 'fruity', 'fresh', 'herbal', 'sweet']",green;fruity;fresh;herbal;sweet,True,False
2008,MOL_003934,Pentenol,764-37-4,764-37-4,True,True,C/C=C/CCO,C/C=C/CCO,True,"['green', 'fruity', 'fresh']",green;fruity;fresh,True,False
1999,MOL_003935,Pentenal,764-39-6,764-39-6,True,True,CC/C=C/C=O,CC/C=C/C=O,True,"['green', 'fruity', 'apple']",green;fruity;apple,True,False
1987,MOL_003936,Pentadienal,764-40-9,764-40-9,True,True,C=C/C=C\C=O,C=C/C=C\C=O,True,"['spicy', 'green', 'pungent']",spicy;green;pungent,True,False
4341,MOL_003937,decyl vinyl ether,765-05-9,765-05-9,True,True,CCCCCCCCCCOC=C,C=COCCCCCCCCCC,True,"['fresh', 'waxy', 'rose', 'orris']",fresh;waxy;rose;orris,True,False
4342,MOL_003938,cyclotene,765-70-8,765-70-8,True,True,CC1CCC(=O)C1=O,CC1CCC(=O)C1=O,True,"['sweet', 'caramellic', 'coffee', 'woody', 'burnt', 'bread']",sweet;caramellic;coffee;woody;burnt;bread,True,False
4343,MOL_003939,"1,2-cyclohexane dione",765-87-7,765-87-7,True,True,C1CCC(=O)C(=O)C1,O=C1CCCCC1=O,True,"['sweet', 'nutty', 'caramellic', 'brothy']",sweet;nutty;caramellic;brothy,True,False
194,MOL_003940,Benzyl methyl sulfide,766-92-7,766-92-7,True,True,CSCc1ccccc1,CSCc1ccccc1,True,"['meaty', 'roasted', 'savory', 'burnt', 'horseradish', 'sulfurous']",meaty;roasted;savory;burnt;horseradish;sulfurous,True,False
1945,MOL_003941,Octenol,76649-14-4,76649-14-4,True,True,CCCC/C=C/C(C)O,CCCC/C=C/C(C)O,True,"['green', 'earthy', 'nutty', 'melon', 'mushroom']",green;earthy;nutty;melon;mushroom,True,False
740,MOL_003942,Ethyl decenoate,76649-16-6,76649-16-6,True,True,CCCCC/C=C/CCC(=O)OCC,CCCCC/C=C/CCC(=O)OCC,True,"['apple', 'green', 'fatty', 'pear', 'waxy', 'pineapple']",apple;green;fatty;pear;waxy;pineapple,True,False
4344,MOL_003943,(Z)-3-hexen-1-yl 2-methyl-2-pentenoate,76649-17-7,76649-17-7,True,True,CC\C=C\CCOC(=O)/C(=C\CC)/C,CC/C=C(/C)C(=O)OCC/C=C/CC,True,"['fresh', 'green', 'metallic', 'tropical', 'waxy']",fresh;green;metallic;tropical;waxy,True,False
2563,MOL_003944,Prenyl caproate,76649-22-4,76649-22-4,True,True,CCCCCC(=O)OCC=C(C)C,CCCCCC(=O)OCC=C(C)C,True,"['green', 'earthy', 'fruity']",green;earthy;fruity,True,False
2130,MOL_003945,Prenyl isobutyrate,76649-23-5,76649-23-5,True,True,CC(C)=CCOC(=O)C(C)C,CC(C)=CCOC(=O)C(C)C,True,"['green', 'fruity', 'waxy', 'berry', 'plum', 'buttery']",green;fruity;waxy;berry;plum;buttery,True,False
1865,MOL_003946,Nonadienol,76649-25-7,76649-25-7,True,True,CC/C=C/C/C=C/CCO,CC/C=C/C/C=C/CCO,True,"['green', 'fatty', 'fishy', 'chicken', 'cucumber']",green;fatty;fishy;chicken;cucumber,True,False
1869,MOL_003947,Nonadienyl acetate,76649-26-8,76649-26-8,True,True,CC/C=C/C/C=C/CCOC(C)=O,CC/C=C/C/C=C/CCOC(C)=O,True,"['green', 'fruity', 'melon', 'pear', 'fresh']",green;fruity;melon;pear;fresh,True,False
598,MOL_003948,Dimethylethylthiazoline,76788-46-0,76788-46-0,True,True,CCC1N=C(C)C(C)S1,CCC1N=C(C)C(C)S1,True,"['meaty', 'nutty', 'cocoa', 'musty', 'peach']",meaty;nutty;cocoa;musty;peach,True,False
3049,MOL_003949,Diethyl diethylmalonate,77-25-8,77-25-8,True,True,CCOC(=O)C(CC)(CC)C(=O)OCC,CCOC(=O)C(CC)(CC)C(=O)OCC,True,"['fruity', 'apple', 'pear']",fruity;apple;pear,True,False
2237,MOL_003950,Santalol,77-42-9,77-42-9,True,True,C=C1C2CCC(C2)C1(C)CC/C=C(/C)CO,C=C1C2CCC(C2)C1(C)CC/C=C(/C)CO,True,"['animal', 'woody']",animal;woody,True,False
351,MOL_003951,Cedrol,77-53-2,77-53-2,True,True,C[C@@H]1CC[C@H]2C(C)(C)[C@H]3C[C@]21CC[C@@]3(C)O,C[C@@H]1CC[C@H]2C(C)(C)[C@H]3C[C@@]12CC[C@@]3(C)O,True,['woody'],woody,True,False
352,MOL_003952,Cedryl acetate,77-54-3,77-54-3,True,True,CC(=O)OC1(C)CCC23CC1C(C)(C)[C@@H]2CC[C@H]3C,CC(=O)OC1(C)CCC23CC1C(C)(C)[C@@H]2CC[C@H]3C,True,"['leathery', 'earthy', 'woody']",leathery;earthy;woody,True,False
3172,MOL_003953,Ethyl hydroxymethylbutyrate,77-70-3,77-70-3,True,True,CCOC(=O)C(C)(O)CC,CCOC(=O)C(C)(O)CC,True,"['fruity', 'grape', 'caramellic', 'nutty']",fruity;grape;caramellic;nutty,True,False
1723,MOL_003954,Methylpentanol,77-74-7,77-74-7,True,True,CCC(C)(O)CC,CCC(C)(O)CC,True,"['green', 'fruity', 'earthy', 'fermented', 'camphoreous', 'leafy']",green;fruity;earthy;fermented;camphoreous;leafy,True,False
3276,MOL_003955,Dimethoxypropane,77-76-9,77-76-9,True,True,COC(C)(C)OC,COC(C)(C)OC,True,"['fresh', 'solvent', 'ethereal']",fresh;solvent;ethereal,True,False
787,MOL_003956,Ethyl methylphenylglycidate,77-83-8,77-83-8,True,True,CCOC(=O)C1OC1(C)c1ccccc1,CCOC(=O)C1OC1(C)c1ccccc1,True,"['fruity', 'strawberry', 'sweet']",fruity;strawberry;sweet,True,False
2329,MOL_003957,Tributyl acetylcitrate,77-90-7,77-90-7,True,True,CCCCOC(=O)CC(CC(=O)OCCCC)(OC(C)=O)C(=O)OCCCC,CCCCOC(=O)CC(CC(=O)OCCCC)(OC(C)=O)C(=O)OCCCC,True,"['fruity', 'winey', 'sweet']",fruity;winey;sweet,True,False
375,MOL_003958,Citric acid,77-92-9,77-92-9,True,True,O=C(O)CC(O)(CC(=O)O)C(=O)O,O=C(O)CC(O)(CC(=O)O)C(=O)O,True,['odorless'],odorless,True,False
2341,MOL_003959,Triethyl citrate,77-93-0,77-93-0,True,True,CCOC(=O)CC(O)(CC(=O)OCC)C(=O)OCC,CCOC(=O)CC(O)(CC(=O)OCC)C(=O)OCC,True,"['fruity', 'winey', 'plum', 'sweet']",fruity;winey;plum;sweet,True,False
2879,MOL_003960,Tributyl citrate,77-94-1,77-94-1,True,True,CCCCOC(=O)CC(O)(CC(=O)OCCCC)C(=O)OCCCC,CCCCOC(=O)CC(O)(CC(=O)OCCCC)C(=O)OCCCC,True,['odorless'],odorless,True,False
934,MOL_003961,Furfurylidenebutyraldehyde,770-27-4,770-27-4,True,True,CC/C(C=O)=C\c1ccco1,CC/C(C=O)=C\c1ccco1,True,"['spicy', 'caramellic', 'leathery', 'vanilla', 'nutty', 'coconut']",spicy;caramellic;leathery;vanilla;nutty;coconut,True,False
3219,MOL_003962,Butyl methylthioacrylate,77105-53-4,77105-53-4,True,True,C=C(C)C(=S)OCCCC,C=C(C)C(=S)OCCCC,True,['fruity'],fruity,True,False
4345,MOL_003963,methyl R-3-acetoxyhexanoate,77118-93-5,77118-93-5,True,True,CCCC(CC(=O)OC)OC(=O)C,CCCC(CC(=O)OC)OC(C)=O,True,"['fruity', 'green', 'vegetable']",fruity;green;vegetable,True,False
4346,MOL_003964,(Z)-cinnamyl acetate,77134-01-1,77134-01-1,True,True,CC(=O)OC/C=C\C1=CC=CC=C1,CC(=O)OC/C=C\c1ccccc1,True,"['floral', 'spicy', 'balsamic']",floral;spicy;balsamic,True,False
4347,MOL_003965,(-)-spathulenol,77171-55-2,77171-55-2,True,True,C[C@]1(CC[C@H]2[C@@H]1C3C(C3(C)C)CCC2=C)O,C=C1CCC2C([C@H]3[C@@H]1CC[C@@]3(C)O)C2(C)C,True,['honey'],honey,True,False
4348,MOL_003966,triflaige A (ZEON),77189-02-7,77189-02-7,True,True,OC2C(CCC2C1CCCC1)C3CCCC3,OC1C(C2CCCC2)CCC1C1CCCC1,True,"['tropical', 'fruity', 'floral', 'musk']",tropical;fruity;floral;musk,True,False
6,MOL_003967,Acetaldehyde butyl methylbutyl acetal,77249-20-8,77249-20-8,True,True,CCCCOC(C)OC(C)CCC,CCCCOC(C)OC(C)CCC,True,"['vegetable', 'alcoholic', 'ethereal', 'green', 'cognac']",vegetable;alcoholic;ethereal;green;cognac,True,False
623,MOL_003968,Dimethyloxazoline,77311-02-5,77311-02-5,True,True,CC1=NC(C)OC1,CC1=NC(C)OC1,True,"['vegetable', 'nutty', 'meaty', 'roasted']",vegetable;nutty;meaty;roasted,True,False
4349,MOL_003969,5-butyl oxazole,77311-06-9,77311-06-9,True,True,CCCCc1cnco1,CCCCc1cnco1,True,"['smoky', 'fatty', 'animal', 'meaty']",smoky;fatty;animal;meaty,True,False
4350,MOL_003970,2-acetyl oxazole,77311-07-0,77311-07-0,True,True,CC(=O)C1=NC=CO1,CC(=O)c1ncco1,True,"['nutty', 'popcorn']",nutty;popcorn,True,False
1409,MOL_003971,Menthyl succinate,77341-67-4,77341-67-4,True,True,CC1CCC(C(C)C)C(OC(=O)CCC(=O)O)C1,CC1CCC(C(C)C)C(OC(=O)CCC(=O)O)C1,True,['odorless'],odorless,True,False
161,MOL_003972,Benzaldehyde diethyl acetal,774-48-1,774-48-1,True,True,CCOC(OCC)c1ccccc1,CCOC(OCC)c1ccccc1,True,"['spicy', 'green', 'almond', 'aromatic', 'sweet']",spicy;green;almond;aromatic;sweet,True,False
4351,MOL_003973,acetyl tetralin,774-55-0,774-55-0,True,True,CC(=O)C1=CC2=C(CCCC2)C=C1,CC(=O)c1ccc2c(c1)CCCC2,True,"['floral', 'musk', 'grape']",floral;musk;grape,True,False
224,MOL_003974,Bovolide,774-64-1,774-64-1,True,True,CCCC/C=C1/OC(=O)C(C)=C1C,CCCC/C=C1/OC(=O)C(C)=C1C,True,['dairy'],dairy,True,False
252,MOL_003975,Butyl anthranilate,7756-96-9,7756-96-9,True,True,CCCCOC(=O)c1ccccc1N,CCCCOC(=O)c1ccccc1N,True,"['fruity', 'grape', 'berry', 'winey', 'sweet']",fruity;grape;berry;winey;sweet,True,False
533,MOL_003976,Dihydrocarvone,7764-50-3,7764-50-3,True,True,C=C(C)C1CCC(C)C(=O)C1,C=C(C)C1CCC(C)C(=O)C1,True,['mint'],mint,True,False
416,MOL_003977,Cyclohexyl isovalerate,7774-44-9,7774-44-9,True,True,CC(C)CC(=O)OC1CCCCC1,CC(C)CC(=O)OC1CCCCC1,True,"['fruity', 'apple', 'banana', 'berry']",fruity;apple;banana;berry,True,False
489,MOL_003978,Dibutyl Butyrolactone,7774-47-2,7774-47-2,True,True,CCCCC1(CCCC)CCC(=O)O1,CCCCC1(CCCC)CCC(=O)O1,True,"['coconut', 'buttery']",coconut;buttery,True,False
583,MOL_003979,Dimethylbenzyl isobutyrate,7774-60-9,7774-60-9,True,True,CC(C)C(=O)OC(C)(C)c1ccccc1,CC(C)C(=O)OC(C)(C)c1ccccc1,True,"['apricot', 'fruity', 'plum', 'peach', 'sweet']",apricot;fruity;plum;peach;sweet,True,False
4352,MOL_003980,terpinyl isobutyrate,7774-65-4,7774-65-4,True,True,CC1=CCC(CC1)C(C)(C)OC(=O)C(C)C,CC1=CCC(C(C)(C)OC(=O)C(C)C)CC1,True,"['green', 'floral', 'herbal', 'spicy', 'fatty', 'citrus']",green;floral;herbal;spicy;fatty;citrus,True,False
1430,MOL_003981,Mercaptothiophene,7774-73-4,7774-73-4,True,True,Sc1ccsc1,Sc1ccsc1,True,"['sulfurous', 'meaty']",sulfurous;meaty,True,False
2302,MOL_003982,Thienylmercaptan,7774-74-5,7774-74-5,True,True,Sc1cccs1,Sc1cccs1,True,"['caramellic', 'roasted', 'burnt', 'coffee', 'sulfurous']",caramellic;roasted;burnt;coffee;sulfurous,True,False
2327,MOL_003983,Tolylbutanone,7774-79-0,7774-79-0,True,True,CC(=O)CCc1ccc(C)cc1,CC(=O)CCc1ccc(C)cc1,True,"['fruity', 'floral', 'sweet']",fruity;floral;sweet,True,False
2337,MOL_003984,Tridecenal,7774-82-5,7774-82-5,True,True,CCCCCCCCCC/C=C/C=O,CCCCCCCCCC/C=C/C=O,True,"['creamy', 'citrus', 'green', 'fatty', 'waxy']",creamy;citrus;green;fatty;waxy,True,False
1276,MOL_003985,Isoeugenyl formate,7774-96-1,7774-96-1,True,True,C/C=C/c1ccc(OC=O)c(OC)c1,C/C=C/c1ccc(OC=O)c(OC)c1,True,"['green', 'fresh', 'orris', 'woody', 'sweet']",green;fresh;orris;woody;sweet,True,False
1338,MOL_003986,Isopropylphenylpropionaldehyde,7775-00-0,7775-00-0,True,True,CC(C)c1ccc(CCC=O)cc1,CC(C)c1ccc(CCC=O)cc1,True,"['green', 'floral', 'sweet']",green;floral;sweet,True,False
1597,MOL_003987,Styrallyl formate,7775-38-4,7775-38-4,True,True,CC(OC=O)c1ccccc1,CC(OC=O)c1ccccc1,True,"['green', 'woody', 'balsamic', 'floral']",green;woody;balsamic;floral,True,False
4353,MOL_003988,styralyl isobutyrate,7775-39-5,7775-39-5,True,True,CC(C)C(=O)OC(C)C1=CC=CC=C1,CC(C)C(=O)OC(C)c1ccccc1,True,"['fruity', 'tropical', 'jasmine', 'green']",fruity;tropical;jasmine;green,True,False
2163,MOL_003989,Propyl cinnamate,7778-83-8,7778-83-8,True,True,CCCOC(=O)/C=C/c1ccccc1,CCCOC(=O)/C=C/c1ccccc1,True,"['balsamic', 'sweet']",balsamic;sweet,True,False
2173,MOL_003990,Propyl heptanoate,7778-87-2,7778-87-2,True,True,CCCCCCC(=O)OCCC,CCCCCCC(=O)OCCC,True,"['green', 'fruity', 'winey', 'oily']",green;fruity;winey;oily,True,False
2224,MOL_003991,Rhodinyl isovalerate,7778-96-3,7778-96-3,True,True,C=C(C)CCCC(C)CCOC(=O)CC(C)C,C=C(C)CCCC(C)CCOC(=O)CC(C)C,True,"['fruity', 'floral', 'rose']",fruity;floral;rose,True,False
617,MOL_003992,Dimethyloctanal,7779-07-9,7779-07-9,True,True,CCC(C)CCCC(C)C=O,CCC(C)CCCC(C)C=O,True,"['rose', 'citrus', 'green', 'fruity', 'melon', 'fresh', 'waxy', 'vegetable', 'sweet']",rose;citrus;green;fruity;melon;fresh;waxy;vegetable;sweet,True,False
410,MOL_003993,Cyclohexyl anthranilate,7779-16-0,7779-16-0,True,True,Nc1ccccc1C(=O)OC1CCCCC1,Nc1ccccc1C(=O)OC1CCCCC1,True,"['fruity', 'fatty', 'grape', 'orange', 'floral']",fruity;fatty;grape;orange;floral,True,False
413,MOL_003994,Cyclohexyl cinnamate,7779-17-1,7779-17-1,True,True,O=C(/C=C/c1ccccc1)OC1CCCCC1,O=C(/C=C/c1ccccc1)OC1CCCCC1,True,"['fruity', 'almond', 'balsamic', 'cherry', 'sweet']",fruity;almond;balsamic;cherry;sweet,True,False
1373,MOL_003995,Linalyl hexanoate,7779-23-9,7779-23-9,True,True,C=CC(C)(CCC=C(C)C)OC(=O)CCCCC,C=CC(C)(CCC=C(C)C)OC(=O)CCCCC,True,"['green', 'fruity', 'dry']",green;fruity;dry,True,False
4354,MOL_003996,alpha-methyl ionone,7779-30-8,7779-30-8,True,True,O=C(C=CC1C(=C/CCC1(C)C)\C)CC,CCC(=O)C=CC1C(C)=CCCC1(C)C,True,"['sweet', 'orris', 'fruity', 'floral', 'violet', 'waxy', 'woody']",sweet;orris;fruity;floral;violet;waxy;woody,True,False
440,MOL_003997,Decanal dimethyl acetal,7779-41-1,7779-41-1,True,True,CCCCCCCCCC(OC)OC,CCCCCCCCCC(OC)OC,True,"['citrus', 'green', 'fatty', 'fruity', 'waxy', 'orange']",citrus;green;fatty;fruity;waxy;orange,True,False
116,MOL_003998,Ambrettolide,7779-50-2,7779-50-2,True,True,O=C1CCCCC=CCCCCCCCCCO1,O=C1CCCCC=CCCCCCCCCCO1,True,"['musk', 'berry']",musk;berry,True,False
1885,MOL_003999,Nonanonyl acetate,7779-54-6,7779-54-6,True,True,CCCCCCCC(=O)COC(C)=O,CCCCCCCC(=O)COC(C)=O,True,"['fruity', 'warm', 'herbal']",fruity;warm;herbal,True,False
1193,MOL_004000,Isoamyl cinnamate,7779-65-9,7779-65-9,True,True,CC(C)CCOC(=O)/C=C/c1ccccc1,CC(C)CCOC(=O)/C=C/c1ccccc1,True,"['fruity', 'cocoa', 'berry', 'balsamic', 'floral', 'sweet']",fruity;cocoa;berry;balsamic;floral;sweet,True,False
1197,MOL_004001,Isoamyl furanbutyrate,7779-66-0,7779-66-0,True,True,CC(C)CCOC(=O)CCCc1ccco1,CC(C)CCOC(=O)CCCc1ccco1,True,"['fruity', 'sweet', 'buttery']",fruity;sweet;buttery,True,False
1198,MOL_004002,Isoamyl furanpropionate,7779-67-1,7779-67-1,True,True,CC(C)CCOC(=O)CCc1ccco1,CC(C)CCOC(=O)CCc1ccco1,True,"['caramellic', 'green', 'fruity', 'fermented', 'floral', 'sweet']",caramellic;green;fruity;fermented;floral;sweet,True,False
1206,MOL_004003,Isoamyl nonanoate,7779-70-6,7779-70-6,True,True,CCCCCCCCC(=O)OCCC(C)C,CCCCCCCCC(=O)OCCC(C)C,True,"['apricot', 'oily', 'nutty', 'fruity', 'winey', 'floral']",apricot;oily;nutty;fruity;winey;floral,True,False
1211,MOL_004004,Isoamyl pyruvate,7779-72-8,7779-72-8,True,True,CC(=O)C(=O)OCCC(C)C,CC(=O)C(=O)OCCC(C)C,True,"['fruity', 'caramellic', 'sweet', 'rum']",fruity;caramellic;sweet;rum,True,False
4355,MOL_004005,isobornyl isovalerate,7779-73-9,7779-73-9,True,True,O=C(OC1C2(C(C(C1)CC2)(C)C)C)CC(C)C,CC(C)CC(=O)OC1CC2CCC1(C)C2(C)C,True,"['woody', 'dry', 'musty', 'pine', 'camphoreous', 'oily', 'balsamic', 'mint', 'green']",woody;dry;musty;pine;camphoreous;oily;balsamic;mint;green,True,False
1227,MOL_004006,Isobutyl acetoacetate,7779-75-1,7779-75-1,True,True,CC(=O)CC(=O)OCC(C)C,CC(=O)CC(=O)OCC(C)C,True,"['winey', 'sweet', 'brandy']",winey;sweet;brandy,True,False
1230,MOL_004007,Isobutyl anthranilate,7779-77-3,7779-77-3,True,True,CC(C)COC(=O)c1ccccc1N,CC(C)COC(=O)c1ccccc1N,True,"['fruity', 'orange', 'sweet']",fruity;orange;sweet,True,False
1264,MOL_004008,Isobutylphenethyl alcohol,7779-78-4,7779-78-4,True,True,CC(C)CC(O)Cc1ccccc1,CC(C)CC(O)Cc1ccccc1,True,"['floral', 'herbal']",floral;herbal,True,False
1239,MOL_004009,Isobutyl heptanoate,7779-80-8,7779-80-8,True,True,CCCCCCC(=O)OCC(C)C,CCCCCCC(=O)OCC(C)C,True,"['green', 'fruity', 'winey', 'cognac']",green;fruity;winey;cognac,True,False
1229,MOL_004010,Isobutyl angelate,7779-81-9,7779-81-9,True,True,C/C=C(/C)C(=O)OCC(C)C,C/C=C(/C)C(=O)OCC(C)C,True,"['fruity', 'herbal', 'chamomile', 'winey', 'sweet']",fruity;herbal;chamomile;winey;sweet,True,False
1150,MOL_004011,Hydroxycitronellal diethyl acetal,7779-94-4,7779-94-4,True,True,CCOC(CC(C)CCCC(C)(C)O)OCC,CCOC(CC(C)CCCC(C)(C)O)OCC,True,['floral'],floral,True,False
1302,MOL_004012,Isopropyl cinnamate,7780-06-5,7780-06-5,True,True,CC(C)OC(=O)/C=C/c1ccccc1,CC(C)OC(=O)/C=C/c1ccccc1,True,"['balsamic', 'sweet']",balsamic;sweet,True,False
1275,MOL_004013,Isoeugenyl ethyl ether,7784-67-0,7784-67-0,True,True,C/C=C/c1ccc(OCC)c(OC)c1,C/C=C/c1ccc(OCC)c(OC)c1,True,"['spicy', 'vanilla', 'warm', 'balsamic']",spicy;vanilla;warm;balsamic,True,False
4356,MOL_004014,delta-methyl ionone,7784-98-7,7784-98-7,True,True,CCC(=O)/C=C/C1C(C=CCC1(C)C)C,CCC(=O)/C=C/C1C(C)C=CCC1(C)C,True,"['musk', 'earthy', 'musty']",musk;earthy;musty,True,False
4357,MOL_004015,L-(-)-alpha-pinene,7785-26-4,7785-26-4,True,True,CC1=CC[C@H]2C[C@@H]1C2(C)C,CC1=CC[C@H]2C[C@@H]1C2(C)C,True,"['sharp', 'warm', 'balsamic', 'fresh', 'pine', 'earthy', 'woody']",sharp;warm;balsamic;fresh;pine;earthy;woody,True,False
960,MOL_004016,Geranyl tiglate,7785-33-3,7785-33-3,True,True,C/C=C(\C)C(=O)OC/C=C(\C)CCC=C(C)C,C/C=C(\C)C(=O)OC/C=C(\C)CCC=C(C)C,True,['fruity'],fruity,True,False
4358,MOL_004017,(+)-alpha-terpineol,7785-53-7,7785-53-7,True,True,CC1=CC[C@@H](CC1)C(C)(C)O,CC1=CC[C@H](C(C)(C)O)CC1,True,['floral'],floral,True,False
122,MOL_004018,Amyl angelate,7785-63-9,7785-63-9,True,True,C/C=C(/C)C(=O)OCCCCC,C/C=C(/C)C(=O)OCCCCC,True,"['apple', 'fruity', 'jasmine', 'chamomile', 'winey', 'floral', 'sweet']",apple;fruity;jasmine;chamomile;winey;floral;sweet,True,False
251,MOL_004019,Butyl angelate,7785-64-0,7785-64-0,True,True,C/C=C(/C)C(=O)OCCCC,C/C=C(/C)C(=O)OCCCC,True,"['caramellic', 'fruity', 'herbal', 'chamomile', 'winey', 'floral', 'sweet']",caramellic;fruity;herbal;chamomile;winey;floral;sweet,True,False
2681,MOL_004020,Amyl tiglate,7785-65-1,7785-65-1,True,True,C/C=C(\C)C(=O)OCCCCC,C/C=C(\C)C(=O)OCCCCC,True,"['fruity', 'floral', 'sweet', 'herbal']",fruity;floral;sweet;herbal,True,False
4359,MOL_004021,butyl tiglate,7785-66-2,7785-66-2,True,True,CCCCOC(=O)/C(=C/C)/C,C/C=C(\C)C(=O)OCCCC,True,"['floral', 'herbal', 'warm', 'fruity']",floral;herbal;warm;fruity,True,False
4360,MOL_004022,D-(+)-alpha-pinene,7785-70-8,7785-70-8,True,True,CC1=CC[C@@H]2C[C@H]1C2(C)C,CC1=CC[C@@H]2C[C@H]1C2(C)C,True,"['pine', 'aromatic', 'mint']",pine;aromatic;mint,True,False
1711,MOL_004023,Methyloctanal,7786-29-0,7786-29-0,True,True,CCCCCCC(C)C=O,CCCCCCC(C)C=O,True,"['rose', 'citrus', 'fatty', 'orange', 'floral']",rose;citrus;fatty;orange;floral,True,False
1863,MOL_004024,Nonadienol,7786-44-9,7786-44-9,True,True,CCC=CCCC=CCO,CCC=CCCC=CCO,True,"['leafy', 'vegetable', 'cucumber', 'melon']",leafy;vegetable;cucumber;melon,True,False
1906,MOL_004025,Nonyl isovalerate,7786-47-2,7786-47-2,True,True,CCCCCCCCCOC(=O)CC(C)C,CCCCCCCCCOC(=O)CC(C)C,True,"['fatty', 'fruity', 'nutty']",fatty;fruity;nutty,True,False
1907,MOL_004026,Nonyl octanoate,7786-48-3,7786-48-3,True,True,CCCCCCCCCOC(=O)CCCCCCC,CCCCCCCCCOC(=O)CCCCCCC,True,"['rose', 'earthy', 'fatty', 'oily', 'sweet', 'mushroom']",rose;earthy;fatty;oily;sweet;mushroom,True,False
1966,MOL_004027,Octyl isovalerate,7786-58-5,7786-58-5,True,True,CCCCCCCCOC(=O)CC(C)C,CCCCCCCCOC(=O)CC(C)C,True,"['apple', 'green', 'fatty', 'fruity', 'earthy', 'herbal']",apple;green;fatty;fruity;earthy;herbal,True,False
1461,MOL_004028,Methoxyvinylphenol,7786-61-0,7786-61-0,True,True,C=Cc1ccc(O)c(OC)c1,C=Cc1ccc(O)c(OC)c1,True,"['spicy', 'sweet', 'smoky']",spicy;sweet;smoky,True,False
4361,MOL_004029,isopulegol,7786-67-6,7786-67-6,True,True,CC1CCC(C(C1)O)C(=C)C,C=C(C)C1CCC(C)CC1O,True,"['mint', 'camphoreous', 'medicinal', 'woody', 'green', 'grassy', 'herbal']",mint;camphoreous;medicinal;woody;green;grassy;herbal,True,False
3214,MOL_004030,Fenchone,7787-20-4,7787-20-4,True,True,CC1(C)C(=O)[C@]2(C)CC[C@H]1C2,CC1(C)C(=O)[C@]2(C)CC[C@H]1C2,True,"['pine', 'camphoreous', 'sweet']",pine;camphoreous;sweet,True,False
708,MOL_004031,Ethoxypropanal diethyl acetal,7789-92-6,7789-92-6,True,True,CCOCCC(OCC)OCC,CCOCCC(OCC)OCC,True,"['alcoholic', 'ethereal', 'fruity', 'cognac']",alcoholic;ethereal;fruity;cognac,True,False
4362,MOL_004032,patchwood,77923-74-1,77923-74-1,True,True,CC1(CCCC2C13CCC(C3)C2=O)C,CC1(C)CCCC2C(=O)C3CCC21C3,True,"['tropical', 'fresh', 'orris', 'woody', 'earthy']",tropical;fresh;orris;woody;earthy,True,False
1799,MOL_004033,Methylthiomethyl methylpropanethioate,77974-85-7,77974-85-7,True,True,CSCOC(=S)C(C)C,CSCOC(=S)C(C)C,True,"['vegetable', 'roasted', 'green', 'fruity', 'tropical', 'sulfurous', 'cheesy']",vegetable;roasted;green;fruity;tropical;sulfurous;cheesy,True,False
1374,MOL_004034,Linalyl isobutyrate,78-35-3,78-35-3,True,True,C=CC(C)(CCC=C(C)C)OC(=O)C(C)C,C=CC(C)(CCC=C(C)C)OC(=O)C(C)C,True,"['fruity', 'floral', 'rose']",fruity;floral;rose,True,False
1370,MOL_004035,Linalyl butyrate,78-36-4,78-36-4,True,True,C=CC(C)(CCC=C(C)C)OC(=O)CCC,C=CC(C)(CCC=C(C)C)OC(=O)CCC,True,"['fruity', 'pear', 'plum', 'honey', 'peach', 'sweet']",fruity;pear;plum;honey;peach;sweet,True,False
1371,MOL_004036,Linalyl cinnamate,78-37-5,78-37-5,True,True,C=CC(C)(CCC=C(C)C)OC(=O)/C=C/c1ccccc1,C=CC(C)(CCC=C(C)C)OC(=O)/C=C/c1ccccc1,True,"['balsamic', 'floral', 'sweet']",balsamic;floral;sweet,True,False
1288,MOL_004037,Isophorone,78-59-1,78-59-1,True,True,CC1=CC(=O)CC(C)(C)C1,CC1=CC(=O)CC(C)(C)C1,True,"['green', 'tobacco', 'sharp', 'honey', 'camphoreous', 'sweet', 'mint']",green;tobacco;sharp;honey;camphoreous;sweet;mint,True,False
2289,MOL_004038,Tetrahydrolinalool,78-69-3,78-69-3,True,True,CCC(C)(O)CCCC(C)C,CCC(C)(O)CCCC(C)C,True,"['floral', 'sweet']",floral;sweet,True,False
1366,MOL_004039,Linalool,78-70-6,78-70-6,True,True,C=CC(C)(O)CCC=C(C)C,C=CC(C)(O)CCC=C(C)C,True,"['woody', 'floral', 'citrus']",woody;floral;citrus,True,False
1291,MOL_004040,Isoprene,78-79-5,78-79-5,True,True,C=CC(=C)C,C=CC(=C)C,True,['gasoline'],gasoline,True,False
1258,MOL_004041,Isobutylamine,78-81-9,78-81-9,True,True,CC(C)CN,CC(C)CN,True,"['ripe', 'malty', 'fishy', 'cheesy']",ripe;malty;fishy;cheesy,True,False
1228,MOL_004042,Isobutyl alcohol,78-83-1,78-83-1,True,True,CC(C)CO,CC(C)CO,True,"['fermented', 'sweet']",fermented;sweet,True,False
1268,MOL_004043,Isobutyraldehyde,78-84-2,78-84-2,True,True,CC(C)C=O,CC(C)C=O,True,"['green', 'fruity', 'banana', 'chocolate', 'cheesy']",green;fruity;banana;chocolate;cheesy,True,False
4363,MOL_004044,methacrolein,78-85-3,78-85-3,True,True,CC(=C)C=O,C=C(C)C=O,True,"['floral', 'leafy', 'green']",floral;leafy;green,True,False
234,MOL_004045,Butanol,78-92-2,78-92-2,True,True,CCC(C)O,CCC(C)O,True,"['alcoholic', 'solvent', 'oily', 'fermented', 'winey']",alcoholic;solvent;oily;fermented;winey,True,False
235,MOL_004046,Butanone,78-93-3,78-93-3,True,True,CCC(C)=O,CCC(C)=O,True,"['ketonic', 'solvent', 'fruity', 'camphoreous', 'sweet']",ketonic;solvent;fruity;camphoreous;sweet,True,False
242,MOL_004047,Butenone,78-94-4,78-94-4,True,True,C=CC(C)=O,C=CC(C)=O,True,"['ethereal', 'gasoline', 'sharp', 'pungent', 'sweet']",ethereal;gasoline;sharp;pungent;sweet,True,False
4364,MOL_004048,1-amino-2-propanol,78-96-6,78-96-6,True,True,CC(CN)O,CC(O)CN,True,['fishy'],fishy,True,False
2214,MOL_004049,Pyruvaldehyde,78-98-8,78-98-8,True,True,CC(=O)C=O,CC(=O)C=O,True,"['sharp', 'pungent']",sharp;pungent,True,False
737,MOL_004050,Ethyl decatrienoate,78417-28-4,78417-28-4,True,True,CC/C=C/C/C=C/C=C/C(=O)OCC,CC/C=C/C/C=C/C=C/C(=O)OCC,True,"['green', 'pear']",green;pear,True,False
4365,MOL_004051,jasmin nonane,78649-62-4,78649-62-4,True,True,CCCCC1COC2(O1)CCCC2,CCCCC1COC2(CCCC2)O1,True,"['jasmine', 'green', 'mushroom']",jasmine;green;mushroom,True,False
2961,MOL_004052,Octenal,78693-34-2,78693-34-2,True,True,CCCC/C=C\CC=O,CCCC/C=C\CC=O,True,"['green', 'fruity', 'fresh']",green;fruity;fresh,True,False
4366,MOL_004053,(E)-cinnamyl propionate,78761-38-3,78761-38-3,True,True,CCC(=O)OC/C=C/C1=CC=CC=C1,CCC(=O)OC/C=C/c1ccccc1,True,"['fruity', 'balsamic', 'grape']",fruity;balsamic;grape,True,False
4367,MOL_004054,(E)-cinnamyl butyrate,78761-39-4,78761-39-4,True,True,CCCC(=O)OC/C=C/C1=CC=CC=C1,CCCC(=O)OC/C=C/c1ccccc1,True,"['balsamic', 'fruity', 'cinnamon']",balsamic;fruity;cinnamon,True,False
1528,MOL_004055,Methyl methylfurfuryl disulfide,78818-78-7,78818-78-7,True,True,CSSC(C)c1ccco1,CSSC(C)c1ccco1,True,"['roasted', 'alliaceous', 'coffee', 'sulfurous', 'pungent']",roasted;alliaceous;coffee;sulfurous;pungent,True,False
803,MOL_004056,Ethyl octenoate,78989-37-4,78989-37-4,True,True,CCC/C=C/CCC(=O)OCC,CCC/C=C/CCC(=O)OCC,True,"['fruity', 'pear', 'citrus']",fruity;pear;citrus,True,False
2153,MOL_004057,Propionic acid,79-09-4,79-09-4,True,True,CCC(=O)O,CCC(=O)O,True,"['milky', 'pungent', 'sour']",milky;pungent;sour,True,False
3109,MOL_004058,Glycolic acid,79-14-1,79-14-1,True,True,O=C(O)CO,O=C(O)CO,True,['odorless'],odorless,True,False
1462,MOL_004059,Methyl acetate,79-20-9,79-20-9,True,True,COC(C)=O,COC(C)=O,True,"['ethereal', 'fruity', 'sweet']",ethereal;fruity;sweet,True,False
1269,MOL_004060,Isobutyric acid,79-31-2,79-31-2,True,True,CC(C)C(=O)O,CC(C)C(=O)O,True,"['fruity', 'sour', 'cheesy']",fruity;sour;cheesy,True,False
3279,MOL_004061,Methylpropenoic acid,79-41-4,79-41-4,True,True,C=C(C)C(=O)O,C=C(C)C(=O)O,True,"['sharp', 'pungent']",sharp;pungent,True,False
1428,MOL_004062,Mercaptopropionic acid,79-42-5,79-42-5,True,True,CC(S)C(=O)O,CC(S)C(=O)O,True,"['meaty', 'brothy', 'sulfurous', 'cheesy']",meaty;brothy;sulfurous;cheesy,True,False
1185,MOL_004063,Irone,79-69-6,79-69-6,True,True,CC(=O)/C=C/[C@H]1C(C)=CC[C@@H](C)C1(C)C,CC(=O)/C=C/[C@H]1C(C)=CC[C@@H](C)C1(C)C,True,"['violet', 'sweet', 'berry', 'orris']",violet;sweet;berry;orris,True,False
1186,MOL_004064,Irone,79-70-9,79-70-9,True,True,CC(=O)/C=C/C1=C(C)CCC(C)C1(C)C,CC(=O)/C=C/C1=C(C)CCC(C)C1(C)C,True,"['woody', 'fruity', 'violet', 'berry']",woody;fruity;violet;berry,True,False
1183,MOL_004065,Ionone,79-76-5,79-76-5,True,True,C=C1CCCC(C)(C)C1/C=C/C(C)=O,C=C1CCCC(C)(C)C1/C=C/C(C)=O,True,"['green', 'violet', 'woody', 'floral']",green;violet;woody;floral,True,False
4368,MOL_004066,(E)-beta-ionone,79-77-6,79-77-6,True,True,C[C@@H]1CCC=C(C1(C)C)/C=C/C(=O)C,CC(=O)/C=C/C1=CCC[C@@H](C)C1(C)C,True,"['dry', 'orris', 'floral', 'woody', 'berry', 'nutty', 'sweet', 'fruity']",dry;orris;floral;woody;berry;nutty;sweet;fruity,True,False
77,MOL_004067,Allyl ionone,79-78-7,79-78-7,True,True,C=CCCC(=O)/C=C/C1C(C)=CCCC1(C)C,C=CCCC(=O)/C=C/C1C(C)=CCCC1(C)C,True,"['fruity', 'sweet', 'berry', 'woody', 'pineapple']",fruity;sweet;berry;woody;pineapple,True,False
1284,MOL_004068,Isomethyl-beta-ionone,79-89-0,79-89-0,True,True,CC(=O)/C(C)=C\C1=C(C)CCCC1(C)C,CC(=O)/C(C)=C\C1=C(C)CCCC1(C)C,True,"['woody', 'orris']",woody;orris,True,False
322,MOL_004069,Camphene,79-92-5,79-92-5,True,True,C=C1C2CCC(C2)C1(C)C,C=C1C2CCC(C2)C1(C)C,True,"['oily', 'camphoreous', 'sweet']",oily;camphoreous;sweet,True,False
2518,MOL_004070,Hexyl mercaptobutanoate,796857-79-9,796857-79-9,True,True,CCCCCCOC(=O)C(S)CC,CCCCCCOC(=O)C(S)CC,True,"['green', 'fruity', 'tropical', 'herbal', 'grapefruit']",green;fruity;tropical;herbal;grapefruit,True,False
4369,MOL_004071,etaspirene,79893-63-3,79893-63-3,True,True,CCC1=CCCC(C12C=CC(O2)C)(C)C,CCC1=CCCC(C)(C)C12C=CC(C)O2,True,"['black currant', 'berry', 'fruity']",black currant;berry;fruity,True,False
4370,MOL_004072,2-isopropoxyethyl salicylate,79915-74-5,79915-74-5,True,True,CC(C)OCCOC(=O)C1=CC=CC=C1O,CC(C)OCCOC(=O)c1ccccc1O,True,"['sweet', 'floral', 'balsamic', 'herbal', 'cherry']",sweet;floral;balsamic;herbal;cherry,True,False
2523,MOL_004073,Methoxydecene,79930-37-3,79930-37-3,True,True,CCCCCCCCC=COC,CCCCCCCCC=COC,True,"['green', 'fresh', 'aldehydic', 'citrus']",green;fresh;aldehydic;citrus,True,False
4371,MOL_004074,dihydro-alpha-terpinyl acetate,80-25-1,80-25-1,True,True,CC1CCC(CC1)C(C)(C)OC(=O)C,CC(=O)OC(C)(C)C1CCC(C)CC1,True,"['fresh', 'herbal', 'woody', 'citrus']",fresh;herbal;woody;citrus,True,False
2266,MOL_004075,Terpinyl acetate,80-26-2,80-26-2,True,True,CC(=O)OC(C)(C)C1CC=C(C)CC1,CC(=O)OC(C)(C)C1CC=C(C)CC1,True,"['spicy', 'sweet', 'herbal']",spicy;sweet;herbal,True,False
2273,MOL_004076,Terpinyl propionate,80-27-3,80-27-3,True,True,CCC(=O)OC(C)(C)C1CC=C(C)CC1,CCC(=O)OC(C)(C)C1CC=C(C)CC1,True,"['fruity', 'sweet', 'citrus', 'herbal']",fruity;sweet;citrus;herbal,True,False
2258,MOL_004077,Terpin hydrate,80-53-5,80-53-5,True,True,CC1(O)CCC(C(C)(C)O)CC1,CC1(O)CCC(C(C)(C)O)CC1,True,"['pine', 'balsamic', 'camphoreous']",pine;balsamic;camphoreous,True,False
2958,MOL_004078,Lilial®,80-54-6,80-54-6,True,True,CC(C=O)Cc1ccc(C(C)(C)C)cc1,CC(C=O)Cc1ccc(C(C)(C)C)cc1,True,"['green', 'fresh', 'floral']",green;fresh;floral,True,False
2110,MOL_004079,Pinene,80-56-8,80-56-8,True,True,CC1=CCC2CC1C2(C)C,CC1=CCC2CC1C2(C)C,True,['pine'],pine,True,False
2415,MOL_004080,Verbenone: Pin-2-en-4-one,80-57-9,80-57-9,True,True,CC1=CC(=O)[C@@H]2C[C@H]1C2(C)C,CC1=CC(=O)[C@@H]2C[C@H]1C2(C)C,True,"['fruity', 'camphoreous', 'berry', 'woody', 'mint']",fruity;camphoreous;berry;woody;mint,True,False
2313,MOL_004081,Tiglic acid,80-59-1,80-59-1,True,True,C/C=C(\C)C(=O)O,C/C=C(\C)C(=O)O,True,"['spicy', 'sweet', 'warm']",spicy;sweet;warm,True,False
1521,MOL_004082,Methyl methacrylate,80-62-6,80-62-6,True,True,C=C(C)C(=O)OC,C=C(C)C(=O)OC,True,"['apple', 'fruity', 'sharp', 'grape']",apple;fruity;sharp;grape,True,False
4372,MOL_004083,cyclotene hydrate,80-71-7,80-71-7,True,True,CC1=C(C(=O)CC1)O,CC1=C(O)C(=O)CC1,True,['caramellic'],caramellic,True,False
4373,MOL_004084,chamomile isobutyrate,80118-06-5,80118-06-5,True,True,CC(C)C(=O)OC(C)CC(=C)C,C=C(C)CC(C)OC(=O)C(C)C,True,"['fruity', 'floral', 'herbal', 'chamomile']",fruity;floral;herbal;chamomile,True,False
4374,MOL_004085,ionone mixed isomers,8013-90-9,8013-90-9,True,True,CC1=C(C(CCC1)(C)C)C=CC(=O)C,CC(=O)C=CC1=C(C)CCCC1(C)C,True,"['violet', 'sweet', 'floral', 'woody']",violet;sweet;floral;woody,True,False
4375,MOL_004086,(S)-(-)-menthofuran,80183-38-6,80183-38-6,True,True,C[C@H]1CCC2=C(C1)OC=C2C,Cc1coc2c1CC[C@H](C)C2,True,"['herbal', 'fatty', 'pine']",herbal;fatty;pine,True,False
477,MOL_004087,Dehydromenthofurolactone,80417-97-6,80417-97-6,True,True,CC1=C2CCC(C)C=C2OC1=O,CC1=C2CCC(C)C=C2OC1=O,True,"['coconut', 'sweet', 'coumarinic', 'mint']",coconut;sweet;coumarinic;mint,True,False
4376,MOL_004088,"2,4-hexadienal",80466-34-8,80466-34-8,True,True,CC=CC=CC=O,CC=CC=CC=O,True,"['fatty', 'sweet', 'green', 'aldehydic', 'spicy']",fatty;sweet;green;aldehydic;spicy,True,False
4377,MOL_004089,privet dioxane,80480-24-6,80480-24-6,True,True,CCCC(C)C1OCC(CO1)(C)CCC,CCCC(C)C1OCC(C)(CCC)CO1,True,"['fresh', 'oily', 'green', 'jasmine', 'herbal', 'spicy', 'floral']",fresh;oily;green;jasmine;herbal;spicy;floral,True,False
3038,MOL_004090,Hydroxypropyl phenylacetate,80550-09-0,80550-09-0,True,True,CC(O)COC(=O)Cc1ccccc1,CC(O)COC(=O)Cc1ccccc1,True,"['honey', 'balsamic']",honey;balsamic,True,False
534,MOL_004091,Dihydroconiferaldehyde,80638-48-8,80638-48-8,True,True,COc1cc(CCC=O)ccc1O,COc1cc(CCC=O)ccc1O,True,"['vanilla', 'spicy', 'aromatic', 'sweet']",vanilla;spicy;aromatic;sweet,True,False
4378,MOL_004092,indisan (IFF),80748-58-9,80748-58-9,True,True,CC1C2CCC(C2)(C1(C)C)C3(CCCCC3)O,CC1C2CCC(C3(O)CCCCC3)(C2)C1(C)C,True,"['woody', 'fresh', 'sweet']",woody;fresh;sweet,True,False
4379,MOL_004093,hyacinth ether,80858-47-5,80858-47-5,True,True,C1CCC(CC1)OCCC2=CC=CC=C2,c1ccc(CCOC2CCCCC2)cc1,True,"['floral', 'green', 'metallic', 'fruity', 'berry', 'balsamic']",floral;green;metallic;fruity;berry;balsamic,True,False
2092,MOL_004094,Phenylpropyl butyrate,80866-83-7,80866-83-7,True,True,CCCC(=O)OC[C@@H](C)c1ccccc1,CCCC(=O)OC[C@@H](C)c1ccccc1,True,"['spicy', 'fruity', 'woody', 'floral', 'sweet']",spicy;fruity;woody;floral;sweet,True,False
4380,MOL_004095,musk ketone,81-14-1,81-14-1,True,True,CC1=C(C(=C(C(=C1[N+](=O)[O-])C(C)(C)C)[N+](=O)[O-])C)C(=O)C,CC(=O)c1c(C)c([N+](=O)[O-])c(C(C)(C)C)c([N+](=O)[O-])c1C,True,"['fatty', 'musk', 'fresh', 'dry', 'floral', 'orris']",fatty;musk;fresh;dry;floral;orris,True,False
4381,MOL_004096,musk xylol,81-15-2,81-15-2,True,True,CC1=C(C(=C(C(=C1[N+](=O)[O-])C(C)(C)C)[N+](=O)[O-])C)[N+](=O)[O-],Cc1c([N+](=O)[O-])c(C)c([N+](=O)[O-])c(C(C)(C)C)c1[N+](=O)[O-],True,"['fatty', 'dry', 'sweet', 'fresh', 'musk']",fatty;dry;sweet;fresh;musk,True,False
2143,MOL_004097,Propanedithiol,814-67-5,814-67-5,True,True,CC(S)CS,CC(S)CS,True,"['onion', 'sulfurous']",onion;sulfurous,True,False
2904,MOL_004098,Methylbutenone,814-78-8,814-78-8,True,True,C=C(C)C(C)=O,C=C(C)C(C)=O,True,['pungent'],pungent,True,False
1718,MOL_004099,Methylpentanedione,815-57-6,815-57-6,True,True,CC(=O)C(C)C(C)=O,CC(=O)C(C)C(C)=O,True,"['fruity', 'ketonic', 'burnt']",fruity;ketonic;burnt,True,False
4382,MOL_004100,"3-cyclohexene-1-carboxylic acid, 2,6,6-trimethyl-, methyl ester",815580-59-7,815580-59-7,True,True,CC1C=CCC(C1C(=O)OC)(C)C,COC(=O)C1C(C)C=CCC1(C)C,True,"['rose', 'fruity', 'floral', 'spicy']",rose;fruity;floral;spicy,True,False
2813,MOL_004101,Methyl ethylbutyrate,816-11-5,816-11-5,True,True,CCC(CC)C(=O)OC,CCC(CC)C(=O)OC,True,"['fruity', 'apple']",fruity;apple,True,False
3061,MOL_004102,Methyl ethylhexanoate,816-19-3,816-19-3,True,True,CCCCC(CC)C(=O)OC,CCCCC(CC)C(=O)OC,True,"['fruity', 'fatty', 'orris', 'herbal', 'woody']",fruity;fatty;orris;herbal;woody,True,False
2828,MOL_004103,Methylallyl isobutyrate,816-73-9,816-73-9,True,True,C=C(C)COC(=O)C(C)C,C=C(C)COC(=O)C(C)C,True,"['ethereal', 'fruity', 'sharp', 'fresh', 'pineapple', 'sweet']",ethereal;fruity;sharp;fresh;pineapple;sweet,True,False
2433,MOL_004104,Dimethylnonadienone,817-88-9,817-88-9,True,True,CC(=O)/C=C(\C)CCC=C(C)C,CC(=O)/C=C(\C)CCC=C(C)C,True,"['rose', 'citrus', 'fruity', 'fresh', 'lemon', 'grapefruit']",rose;citrus;fruity;fresh;lemon;grapefruit,True,False
4383,MOL_004105,damascone carboxylate,81752-87-6,81752-87-6,True,True,CC1(CCCC(=C)C1C(=O)OC)C,C=C1CCCC(C)(C)C1C(=O)OC,True,"['aromatic', 'fruity', 'rose', 'herbal', 'camphoreous']",aromatic;fruity;rose;herbal;camphoreous,True,False
4384,MOL_004106,violet decenol,81782-77-6,81782-77-6,True,True,CCCCCC(/C(=C/CC)/C)O,CC/C=C(\C)C(O)CCCCC,True,"['green', 'oily', 'violet', 'floral', 'nutty', 'fruity']",green;oily;violet;floral;nutty;fruity,True,False
4385,MOL_004107,cassis oxime 10%,81783-01-9,81783-01-9,True,True,CC(C)/C(=N\O)/C(C)(C)C\C=C(/C)\C=C,C=C/C(C)=C/CC(C)(C)/C(=N/O)C(C)C,True,"['black currant', 'green', 'grapefruit', 'herbal', 'rose']",black currant;green;grapefruit;herbal;rose,True,False
4386,MOL_004108,(Z)-woody amylene,81786-73-4,81786-73-4,True,True,CC(/C(=C(/C)\C(=O)C)/C)C(C)(C)C,CC(=O)/C(C)=C(/C)C(C)C(C)(C)C,True,"['woody', 'floral', 'pine', 'balsamic', 'violet', 'orris']",woody;floral;pine;balsamic;violet;orris,True,False
4387,MOL_004109,tetramethyl-4-methylene-2-heptanol,81787-06-6,81787-06-6,True,True,CC(C)(C)C(C)C(=C)C(C)C(C)O,C=C(C(C)C(C)O)C(C)C(C)(C)C,True,"['fresh', 'dry', 'woody', 'balsamic']",fresh;dry;woody;balsamic,True,False
478,MOL_004110,Di-isoamyl succinate,818-04-2,818-04-2,True,True,CC(C)CCOC(=O)CCC(=O)OCCC(C)C,CC(C)CCOC(=O)CCC(=O)OCCC(C)C,True,"['fruity', 'grape', 'winey']",fruity;grape;winey,True,False
510,MOL_004111,Diethyl pentanedioate,818-38-2,818-38-2,True,True,CCOC(=O)CCCC(=O)OCC,CCOC(=O)CCCC(=O)OCC,True,"['fruity', 'winey']",fruity;winey,True,False
3063,MOL_004112,Methyl pentenoate,818-57-5,818-57-5,True,True,CCC=CC(=O)OC,CCC=CC(=O)OC,True,"['green', 'fruity', 'ethereal']",green;fruity;ethereal,True,False
1713,MOL_004113,Methyloctanol,818-81-5,818-81-5,True,True,CCCCCCC(C)CO,CCCCCCC(C)CO,True,"['oily', 'fruity', 'waxy']",oily;fruity;waxy,True,False
254,MOL_004114,Butyl butanoate,819-97-6,819-97-6,True,True,CCCC(=O)OC(C)CC,CCCC(=O)OC(C)CC,True,"['apple', 'apricot', 'fruity', 'banana', 'pear', 'pineapple', 'sweet', 'rum']",apple;apricot;fruity;banana;pear;pineapple;sweet;rum,True,False
1677,MOL_004115,Methylheptenone,81925-81-7,81925-81-7,True,True,C/C=C/C(=O)C(C)CC,C/C=C/C(=O)C(C)CC,True,"['hazelnut', 'metallic']",hazelnut;metallic,True,False
1208,MOL_004116,Isoamyl palmitate,81974-61-0,81974-61-0,True,True,CCCCCCCCCCCCCCCC(=O)OCCC(C)C,CCCCCCCCCCCCCCCC(=O)OCCC(C)C,True,"['fatty', 'waxy']",fatty;waxy,True,False
271,MOL_004117,Butyl hexanoate,820-00-8,820-00-8,True,True,CCCCCC(=O)OC(C)CC,CCCCCC(=O)OC(C)CC,True,['fruity'],fruity,True,False
2007,MOL_004118,Pentenol,821-09-0,821-09-0,True,True,C=CCCCO,C=CCCCO,True,"['green', 'fruity', 'fermented']",green;fruity;fermented,True,False
3115,MOL_004119,Hexenol,821-41-0,821-41-0,True,True,C=CCCCCO,C=CCCCCO,True,"['green', 'fatty', 'ethereal']",green;fatty;ethereal,True,False
1882,MOL_004120,Nonanone,821-55-6,821-55-6,True,True,CCCCCCCC(C)=O,CCCCCCCC(C)=O,True,"['fruity', 'fatty', 'coconut', 'herbal', 'cheesy']",fruity;fatty;coconut;herbal;cheesy,True,False
3044,MOL_004121,Benzyl anthranilate,82185-41-9,82185-41-9,True,True,Nc1ccccc1C(=O)OCc1ccccc1,Nc1ccccc1C(=O)OCc1ccccc1,True,"['floral', 'sweet', 'citrus']",floral;sweet;citrus,True,False
2842,MOL_004122,Octadecyl acetate,822-23-1,822-23-1,True,True,CCCCCCCCCCCCCCCCCCOC(C)=O,CCCCCCCCCCCCCCCCCCOC(C)=O,True,"['oily', 'fatty', 'waxy']",oily;fatty;waxy,True,False
1041,MOL_004123,Hexalactone,823-22-3,823-22-3,True,True,CC1CCCC(=O)O1,CC1CCCC(=O)O1,True,"['creamy', 'coconut', 'sweet', 'coumarinic', 'chocolate', 'buttery']",creamy;coconut;sweet;coumarinic;chocolate;buttery,True,False
3019,MOL_004124,Rhubafuran®,82461-14-1,82461-14-1,True,True,CC1CC(C)(c2ccccc2)CO1,CC1CC(C)(c2ccccc2)CO1,True,"['fresh', 'herbal', 'aromatic', 'floral']",fresh;herbal;aromatic;floral,True,False
2757,MOL_004125,Ethyl decenoate,82561-67-9,82561-67-9,True,True,CCCCCCC=CCC(=O)OCC,CCCCCCC=CCC(=O)OCC,True,"['green', 'fruity', 'waxy', 'pear']",green;fruity;waxy;pear,True,False
2410,MOL_004126,Vanillyl butyl ether,82654-98-6,82654-98-6,True,True,CCCCOCc1ccc(O)c(OC)c1,CCCCOCc1ccc(O)c(OC)c1,True,"['vanilla', 'warm', 'pungent', 'sweet']",vanilla;warm;pungent;sweet,True,False
4388,MOL_004127,green heptenal,82784-84-7,82784-84-7,True,True,CC(C)/C(=C/CC(C)C=O)/C,C/C(=C\CC(C)C=O)C(C)C,True,"['fresh', 'green', 'sweet', 'melon']",fresh;green;sweet;melon,True,False
2373,MOL_004128,Trithioacetone,828-26-2,828-26-2,True,True,CC1(C)SC(C)(C)SC(C)(C)S1,CC1(C)SC(C)(C)SC(C)(C)S1,True,"['meaty', 'tropical', 'chicken', 'sulfurous']",meaty;tropical;chicken;sulfurous,True,False
4389,MOL_004129,(R)-mercapto-3-methyl hexan-1-ol,828300-39-6,828300-39-6,True,True,OCC[C@@](S)(C)CCC,CCC[C@@](C)(S)CCO,True,"['grapefruit', 'tropical', 'black currant', 'onion']",grapefruit;tropical;black currant;onion,True,False
2243,MOL_004130,Skatole,83-34-1,83-34-1,True,True,Cc1c[nH]c2ccccc12,Cc1c[nH]c2ccccc12,True,"['fruity', 'animal', 'floral']",fruity;animal;floral,True,False
1826,MOL_004131,Musk ambrette,83-66-9,83-66-9,True,True,COc1c(C(C)(C)C)cc([N+](=O)[O-])c(C)c1[N+](=O)[O-],COc1c(C(C)(C)C)cc([N+](=O)[O-])c(C)c1[N+](=O)[O-],True,"['musk', 'floral', 'sweet']",musk;floral;sweet,True,False
2298,MOL_004132,Theobromine,83-67-0,83-67-0,True,True,Cn1cnc2c1c(=O)[nH]c(=O)n2C,Cn1cnc2c1c(=O)[nH]c(=O)n2C,True,['odorless'],odorless,True,False
4390,MOL_004133,(S)-grapefruit mercaptan,83150-77-0,83150-77-0,True,True,SC([C@@H]1C/C=C(/C)CC1)(C)C,CC1=CC[C@@H](C(C)(C)S)CC1,True,"['grapefruit', 'citrus']",grapefruit;citrus,True,False
3217,MOL_004134,Nonadienyl acetate,83334-93-4,83334-93-4,True,True,CC/C=C\C/C=C\CCOC(C)=O,CC/C=C\C/C=C\CCOC(C)=O,True,"['green', 'fruity', 'fresh', 'melon']",green;fruity;fresh;melon,True,False
3170,MOL_004135,Ethylmethylmethylpropylthiazoline,83418-53-5,83418-53-5,True,True,CCCS1=C(C)N(C)C(CC)C1,CCCS1=C(C)N(C)C(CC)C1,True,"['chocolate', 'vegetable', 'nutty', 'roasted']",chocolate;vegetable;nutty;roasted,True,False
3171,MOL_004136,Ethylmethylbutylthiazoline,83418-54-6,83418-54-6,True,True,CCCCS1=C(C)N(CC)CC1,CCCCS1=C(C)N(CC)CC1,True,"['chocolate', 'vegetable', 'nutty', 'roasted']",chocolate;vegetable;nutty;roasted,True,False
473,MOL_004137,Decylfuran,83469-85-6,83469-85-6,True,True,CCCCCCCCCCc1ccco1,CCCCCCCCCCc1ccco1,True,"['fatty', 'spicy']",fatty;spicy,True,False
4391,MOL_004138,prenyl tiglate,83783-86-2,83783-86-2,True,True,C\C(C)=C\COC(=O)C(\C)=C\C,C/C=C(\C)C(=O)OCC=C(C)C,True,"['fruity', 'jasmine', 'floral']",fruity;jasmine;floral,True,False
1918,MOL_004139,Octadienol,83861-74-9,83861-74-9,True,True,CCCCC=CC=CO,CCCCC=CC=CO,True,"['green', 'leafy', 'mushroom']",green;leafy;mushroom,True,False
4392,MOL_004140,coranol (Firmenich),83926-73-2,83926-73-2,True,True,CC(C)(CCC1CCCCC1)O,CC(C)(O)CCC1CCCCC1,True,"['floral', 'woody', 'spicy']",floral;woody;spicy,True,False
4393,MOL_004141,musk cyclopentenyl propionate,84012-64-6,84012-64-6,True,True,CCC(=O)OCC(C)(C)CC1=C(CCC1C(=C)C)C,C=C(C)C1CCC(C)=C1CC(C)(C)COC(=O)CC,True,"['sweet', 'musk', 'animal']",sweet;musk;animal,True,False
4394,MOL_004142,acetal 318,84029-93-6,84029-93-6,True,True,CCOC(C)OC(C)(CCCC(C)C)C=C,C=CC(C)(CCCC(C)C)OC(C)OCC,True,"['sweet', 'spicy', 'floral', 'fruity', 'tropical', 'fresh']",sweet;spicy;floral;fruity;tropical;fresh,True,False
4395,MOL_004143,(Z)-3-hexen-1-yl angelate,84060-80-0,84060-80-0,True,True,CC/C=C\CCOC(=O)/C(=C\C)/C,C/C=C(/C)C(=O)OCC/C=C\CC,True,"['green', 'floral', 'herbal', 'apple', 'pear']",green;floral;herbal;apple;pear,True,False
4396,MOL_004144,3-methyl-4-penten-1-yl angelate,84110-41-8,84110-41-8,True,True,C/C=C(/C)\C(=O)OCCC(C)C=C,C=CC(C)CCOC(=O)/C(C)=C\C,True,"['fruity', 'green', 'anisic']",fruity;green;anisic,True,False
3107,MOL_004145,Decenoic acid,84168-28-5,84168-28-5,True,True,CCCCCCCC=CC(=O)O,CCCCCCCC=CC(=O)O,True,"['green', 'fatty', 'milky', 'waxy']",green;fatty;milky;waxy,True,False
1294,MOL_004146,Isoprenyl methylbutyrate,84254-81-9,84254-81-9,True,True,C=C(C)CCOC(=O)C(C)CC,C=C(C)CCOC(=O)C(C)CC,True,"['green', 'apple']",green;apple,True,False
4397,MOL_004147,gardenia amide,84434-18-4,84434-18-4,True,True,CCC(C)C(=O)N(C)C1=CC=CC=C1,CCC(C)C(=O)N(C)c1ccccc1,True,"['fresh', 'woody', 'citrus', 'oily', 'grapefruit']",fresh;woody;citrus;oily;grapefruit,True,False
2777,MOL_004148,Hexenyl acetoacetate,84434-20-8,84434-20-8,True,True,CC/C=C/CCOC(=O)CC(C)=O,CC/C=C/CCOC(=O)CC(C)=O,True,"['green', 'earthy', 'apple', 'sweet']",green;earthy;apple;sweet,True,False
2449,MOL_004149,Octyl formate,84434-65-1,84434-65-1,True,True,CCCCCC(CC)OC=O,CCCCCC(CC)OC=O,True,"['pine', 'green', 'fruity', 'waxy', 'floral']",pine;green;fruity;waxy;floral,True,False
1815,MOL_004150,Methionyl isovalerate,84559-98-8,84559-98-8,True,True,CSCCCOC(=O)CC(C)C,CSCCCOC(=O)CC(C)C,True,"['sulfurous', 'fruity', 'tropical', 'cheesy']",sulfurous;fruity;tropical;cheesy,True,False
4398,MOL_004151,2-pentyl cyclopentan-1-ol,84560-00-9,84560-00-9,True,True,CCCCCC1CCCC1O,CCCCCC1CCCC1O,True,"['floral', 'jasmine', 'tea', 'fruity']",floral;jasmine;tea;fruity,True,False
4399,MOL_004152,2-((3-isopropenyl-1-methyl-2-methylene cyclopentyl)carbonyl) cyclopentan-1-one,84642-56-8,84642-56-8,True,True,O=C(C1(\C(=C)C(C(=C)\C)CC1)C)C2C(=O)CCC2,C=C(C)C1CCC(C)(C(=O)C2CCCC2=O)C1=C,True,['woody'],woody,True,False
4400,MOL_004153,trimethyl cyclohexyl acetyl cyclopentanone,84642-57-9,84642-57-9,True,True,CC1CC(CC(C1)(C)C)CC(=O)C2CCCC2=O,CC1CC(CC(=O)C2CCCC2=O)CC(C)(C)C1,True,"['woody', 'animal', 'aromatic']",woody;animal;aromatic,True,False
1953,MOL_004154,Octenyl butanoate,84642-60-4,84642-60-4,True,True,CCCCC/C=C/COC(=O)CCC,CCCCC/C=C/COC(=O)CCC,True,"['fruity', 'waxy', 'berry']",fruity;waxy;berry,True,False
4401,MOL_004155,acetoin butyrate,84642-61-5,84642-61-5,True,True,CCCC(=O)OC(C)C(=O)C,CCCC(=O)OC(C)C(C)=O,True,"['fruity', 'cheesy', 'sour', 'creamy', 'berry', 'buttery', 'musty']",fruity;cheesy;sour;creamy;berry;buttery;musty,True,False
3116,MOL_004156,Huminol,84681-92-5,84681-92-5,True,True,CCC1(O)C2(C)CCCC1(C)CC2,CCC1(O)C2(C)CCCC1(C)CC2,True,"['earthy', 'woody']",earthy;woody,True,False
4402,MOL_004157,"(E,E)-pomarose",847144-75-6,847144-75-6,True,True,C\C=C\C(=O)C(\C)=C(/C)C(C)C,C/C=C/C(=O)/C(C)=C(\C)C(C)C,True,"['fruity', 'rose', 'apple', 'plum', 'ripe', 'rum', 'caramellic']",fruity;rose;apple;plum;ripe;rum;caramellic,True,False
4403,MOL_004158,N-(2-(pyridin-2-yl)ethyl)-3-para-menthane carboxamide,847565-09-7,847565-09-7,True,True,CC1CCC(C(C1)C(=O)NCCC2=CC=CC=N2)C(C)C,CC1CCC(C(C)C)C(C(=O)NCCc2ccccn2)C1,True,['mint'],mint,True,False
2165,MOL_004159,Propyl decadienoate,84788-08-9,84788-08-9,True,True,CCCCC/C=C/C=C/C(=O)OCCC,CCCCC/C=C/C=C/C(=O)OCCC,True,"['green', 'fruity', 'melon', 'pear', 'tropical', 'waxy']",green;fruity;melon;pear;tropical;waxy,True,False
1525,MOL_004160,Methyl methylanthranilate,85-91-6,85-91-6,True,True,CNc1ccccc1C(=O)OC,CNc1ccccc1C(=O)OC,True,"['orange', 'musty', 'floral', 'sweet']",orange;musty;floral;sweet,True,False
2835,MOL_004161,Isohexyl isovalerate,850309-45-4,850309-45-4,True,True,CC(C)CCCOC(=O)CC(C)C,CC(C)CCCOC(=O)CC(C)C,True,"['green', 'fruity', 'sharp', 'pungent']",green;fruity;sharp;pungent,True,False
4404,MOL_004162,lavinol,85136-10-3,85136-10-3,True,True,CC(C(C)(CC=C(C)C)C=C)O,C=CC(C)(CC=C(C)C)C(C)O,True,['herbal'],herbal,True,False
3264,MOL_004163,Mercaptomethylhexanone,851768-51-9,851768-51-9,True,True,CCC(=O)CC(C)(C)S,CCC(=O)CC(C)(C)S,True,"['citrus', 'fruity', 'tropical', 'grape']",citrus;fruity;tropical;grape,True,False
3222,MOL_004164,Mercaptomethylhexanone,851768-52-0,851768-52-0,True,True,CCC(C)(S)CC(C)=O,CCC(C)(S)CC(C)=O,True,"['meaty', 'fruity', 'catty', 'black currant', 'sulfurous', 'floral']",meaty;fruity;catty;black currant;sulfurous;floral,True,False
4405,MOL_004165,"(S)-8,9-dehydrotheaspirone",85248-56-2,85248-56-2,True,True,CC1=CC[C@@]2(O1)C(=CC(=O)CC2(C)C)C,CC1=CC[C@@]2(O1)C(C)=CC(=O)CC2(C)C,True,"['camphoreous', 'woody']",camphoreous;woody,True,False
2123,MOL_004166,Piperonyl formate,85262-96-0,85262-96-0,True,True,O=COCc1ccc2c(c1)OCO2,O=COCc1ccc2c(c1)OCO2,True,"['cherry', 'floral', 'sweet']",cherry;floral;sweet,True,False
2811,MOL_004167,Methionyl thioglycolate,852997-30-9,852997-30-9,True,True,CSCC[C@H](N)C(=O)OC(=O)CS,CSCC[C@H](N)C(=O)OC(=O)CS,True,"['meaty', 'radish', 'alliaceous', 'nutty', 'savory', 'onion', 'brothy', 'sweet']",meaty;radish;alliaceous;nutty;savory;onion;brothy;sweet,True,False
4406,MOL_004168,orange nitrile,85351-07-1,85351-07-1,True,True,CCCCCCCCCC(C)CC#N,CCCCCCCCCC(C)CC#N,True,"['orange', 'green', 'fresh', 'fishy', 'oily']",orange;green;fresh;fishy;oily,True,False
4407,MOL_004169,6-decenoic acid,85392-04-7,85392-04-7,True,True,OC(=O)CCCCC=CCCC,CCCC=CCCCCC(=O)O,True,"['milky', 'buttery', 'dairy']",milky;buttery;dairy,True,False
2956,MOL_004170,Methylmethylthiomethylhexenal,85407-25-6,85407-25-6,True,True,CSC/C(C=O)=C/CC(C)C,CSC/C(C=O)=C/CC(C)C,True,"['spicy', 'meaty', 'onion', 'herbal']",spicy;meaty;onion;herbal,True,False
4408,MOL_004171,hexyl 2-methyl-3-pentenoate,85508-08-3,85508-08-3,True,True,O=C(OCCCCCC)C(C)\C=C\C,C/C=C/C(C)C(=O)OCCCCCC,True,"['fruity', 'tropical', 'sweet', 'waxy', 'spicy', 'woody', 'green', 'melon', 'citrus']",fruity;tropical;sweet;waxy;spicy;woody;green;melon;citrus,True,False
716,MOL_004172,Ethyl acetoxyoctanoate,85554-66-1,85554-66-1,True,True,CCCCCC(CC(=O)OCC)OC(C)=O,CCCCCC(CC(=O)OCC)OC(C)=O,True,"['fruity', 'winey', 'tropical']",fruity;winey;tropical,True,False
2781,MOL_004173,Hexenyl levulinate,85554-70-7,85554-70-7,True,True,CC/C=C/CCOC(=O)CCC(C)=O,CC/C=C/CCOC(=O)CCC(C)=O,True,"['apple', 'caramellic', 'green', 'fruity', 'earthy']",apple;caramellic;green;fruity;earthy,True,False
2780,MOL_004174,Hexenyl lactate,85554-71-8,85554-71-8,True,True,CCC/C=C/COC(=O)C(C)O,CCC/C=C/COC(=O)C(C)O,True,"['green', 'tropical', 'fresh', 'waxy', 'leafy']",green;tropical;fresh;waxy;leafy,True,False
1096,MOL_004175,Hexenyl octanoate,85554-72-9,85554-72-9,True,True,CCC/C=C/COC(=O)CCCCCCC,CCC/C=C/COC(=O)CCCCCCC,True,"['green', 'fruity', 'earthy', 'oily', 'pear', 'winey']",green;fruity;earthy;oily;pear;winey,True,False
1219,MOL_004176,Isobornyl isobutyrate,85586-67-0,85586-67-0,True,True,CC(C)C(=O)O[C@@H]1C[C@H]2CC[C@]1(C)C2(C)C,CC(C)C(=O)O[C@@H]1C[C@H]2CC[C@]1(C)C2(C)C,True,"['pine', 'earthy', 'nutty', 'fruity', 'camphoreous', 'herbal']",pine;earthy;nutty;fruity;camphoreous;herbal,True,False
4409,MOL_004177,(E)-2-hexenal,85761-70-2,85761-70-2,True,True,CCC/C=C/C=O,CCC/C=C/C=O,True,"['green', 'leafy']",green;leafy,True,False
4410,MOL_004178,ortho-phenyl anisole,86-26-0,86-26-0,True,True,COC1=CC=CC=C1C2=CC=CC=C2,COc1ccccc1-c1ccccc1,True,"['rose', 'fruity']",rose;fruity,True,False
3151,MOL_004179,Dimethoxybenzaldehyde,86-51-1,86-51-1,True,True,COc1cccc(C=O)c1OC,COc1cccc(C=O)c1OC,True,"['vanilla', 'spicy', 'aromatic', 'sweet']",vanilla;spicy;aromatic;sweet,True,False
1740,MOL_004180,Methylpentylthiazole,86290-21-3,86290-21-3,True,True,CCCCCc1nc(C)cs1,CCCCCc1nc(C)cs1,True,"['fermented', 'vegetable']",fermented;vegetable,True,False
1527,MOL_004181,Methyl methylbutyrate,868-57-5,868-57-5,True,True,CCC(C)C(=O)OC,CCC(C)C(=O)OC,True,"['ripe', 'apple', 'fruity', 'tropical', 'berry', 'sweet']",ripe;apple;fruity;tropical;berry;sweet,True,False
705,MOL_004182,Ethoxymethylcoumarin,87-05-8,87-05-8,True,True,CCOc1ccc2c(C)cc(=O)oc2c1,CCOc1ccc2c(C)cc(=O)oc2c1,True,['coumarinic'],coumarinic,True,False
1253,MOL_004183,Isobutyl salicylate,87-19-4,87-19-4,True,True,CC(C)COC(=O)c1ccccc1O,CC(C)COC(=O)c1ccccc1O,True,"['floral', 'sweet', 'herbal']",floral;sweet;herbal,True,False
1212,MOL_004184,Isoamyl salicylate,87-20-7,87-20-7,True,True,CC(C)CCOC(=O)c1ccccc1O,CC(C)CCOC(=O)c1ccccc1O,True,"['green', 'herbal', 'balsamic', 'floral', 'sweet']",green;herbal;balsamic;floral;sweet,True,False
2042,MOL_004185,Phenethyl salicylate,87-22-9,87-22-9,True,True,O=C(OCCc1ccccc1)c1ccccc1O,O=C(OCCc1ccccc1)c1ccccc1O,True,"['balsamic', 'floral', 'sweet', 'spicy']",balsamic;floral;sweet;spicy,True,False
725,MOL_004186,Ethyl anthranilate,87-25-2,87-25-2,True,True,CCOC(=O)c1ccccc1N,CCOC(=O)c1ccccc1N,True,"['green', 'fruity', 'grape', 'sweet']",green;fruity;grape;sweet,True,False
361,MOL_004187,Cinnamyl anthranilate,87-29-6,87-29-6,True,True,Nc1ccccc1C(=O)OC/C=C/c1ccccc1,Nc1ccccc1C(=O)OC/C=C/c1ccccc1,True,"['fruity', 'grape', 'floral']",fruity;grape;floral,True,False
2107,MOL_004188,Phthalide,87-41-2,87-41-2,True,True,O=C1OCc2ccccc21,O=C1OCc2ccccc21,True,"['hay', 'sweet', 'almond', 'coumarinic']",hay;sweet;almond;coumarinic,True,False
345,MOL_004189,Caryophyllene,87-44-5,87-44-5,True,True,C=C1CC/C=C(\C)CC[C@@H]2[C@@H]1CC2(C)C,C=C1CC/C=C(\C)CC[C@@H]2[C@@H]1CC2(C)C,True,"['woody', 'spicy', 'dry']",woody;spicy;dry,True,False
2709,MOL_004190,Cyclotene propionate,87-55-8,87-55-8,True,True,CCC(=O)OC1=C(C)CCC1=O,CCC(=O)OC1=C(C)CCC1=O,True,"['nutty', 'caramellic', 'buttery']",nutty;caramellic;buttery,True,False
514,MOL_004191,Diethyl tartrate,87-91-2,87-91-2,True,True,CCOC(=O)C(O)C(O)C(=O)OCC,CCOC(=O)C(O)C(O)C(=O)OCC,True,"['fruity', 'winey']",fruity;winey,True,False
96,MOL_004192,Allyl mercaptan,870-23-5,870-23-5,True,True,C=CCS,C=CCS,True,"['onion', 'pungent', 'sweet']",onion;pungent;sweet,True,False
4411,MOL_004193,menthoxypropane diol,87061-04-9,87061-04-9,True,True,CC1CCC(C(C1)OCC(CO)O)C(C)C,CC1CCC(C(C)C)C(OCC(O)CO)C1,True,"['mint', 'phenolic', 'fruity', 'ripe', 'berry']",mint;phenolic;fruity;ripe;berry,True,False
12,MOL_004194,Acetaldehyde dibutyl acetal,871-22-7,871-22-7,True,True,CCCCOC(C)OCCCC,CCCCOC(C)OCCCC,True,"['apple', 'alcoholic', 'green', 'fruity', 'winey', 'rum']",apple;alcoholic;green;fruity;winey;rum,True,False
4412,MOL_004195,amber carbinol,87118-95-4,87118-95-4,True,True,CC(C(C)C(C)C(C)(C)C)C(C)O,CC(O)C(C)C(C)C(C)C(C)(C)C,True,"['woody', 'balsamic', 'dry', 'fatty', 'fresh', 'ripe']",woody;balsamic;dry;fatty;fresh;ripe,True,False
4413,MOL_004196,cassyrane,871465-49-5,871465-49-5,True,True,CCCC1(C=CC(O1)C)C(C)(C)C,CCCC1(C(C)(C)C)C=CC(C)O1,True,"['black currant', 'camphoreous', 'anisic', 'herbal', 'leafy', 'green']",black currant;camphoreous;anisic;herbal;leafy;green,True,False
1567,MOL_004197,Methyl propyl tetrasulfide,87148-08-1,87148-08-1,True,True,CCCSSSSC,CCCSSSSC,True,"['onion', 'sulfurous', 'garlic']",onion;sulfurous;garlic,True,False
662,MOL_004198,Dipentyl sulfide,872-10-6,872-10-6,True,True,CCCCCSCCCCC,CCCCCSCCCCC,True,"['vegetable', 'meaty', 'green', 'alliaceous', 'sulfurous']",vegetable;meaty;green;alliaceous;sulfurous,True,False
884,MOL_004199,Ethylthiophene,872-55-9,872-55-9,True,True,CCc1cccs1,CCc1cccs1,True,['green'],green,True,False
597,MOL_004200,Dimethylethylthiazole,873-64-3,873-64-3,True,True,CCc1nc(C)c(C)s1,CCc1nc(C)c(C)s1,True,"['burnt', 'cocoa', 'hazelnut']",burnt;cocoa;hazelnut,True,False
2350,MOL_004201,Trimethylcyclohexanone,873-94-9,873-94-9,True,True,CC1CC(=O)CC(C)(C)C1,CC1CC(=O)CC(C)(C)C1,True,"['tobacco', 'honey', 'herbal', 'sweet', 'mint']",tobacco;honey;herbal;sweet;mint,True,False
4414,MOL_004202,(Z)-4-hepten-2-yl salicylate,873888-84-7,873888-84-7,True,True,CCC=CCC(C)OC(=O)c1ccccc1O,CCC=CCC(C)OC(=O)c1ccccc1O,True,"['floral', 'green']",floral;green,True,False
1665,MOL_004203,Methylfurylacrolein,874-66-8,874-66-8,True,True,C/C(C=O)=C/c1ccco1,C/C(C=O)=C/c1ccco1,True,"['cinnamon', 'spicy']",cinnamon;spicy,True,False
4415,MOL_004204,para-anisyl nitrile,874-90-8,874-90-8,True,True,COC1=CC=C(C=C1)C#N,COc1ccc(C#N)cc1,True,"['sweet', 'floral', 'hay', 'coumarinic']",sweet;floral;hay;coumarinic,True,False
4416,MOL_004205,tobacco nonene,87641-23-4,87641-23-4,True,True,C[C@@H]1CC([C@H]2[C@H]1C[C@@H](CC2)CC(=O)C)(C)C,CC(=O)C[C@@H]1CC[C@@H]2[C@@H](C1)[C@H](C)CC2(C)C,True,"['dry', 'woody', 'tobacco', 'leafy', 'camphoreous']",dry;woody;tobacco;leafy;camphoreous,True,False
4417,MOL_004206,rhubarb undecane,87641-24-5,87641-24-5,True,True,CC1OCC2(CC3CCC2C3)CO1,CC1OCC2(CO1)CC1CCC2C1,True,"['fruity', 'green', 'vegetable']",fruity;green;vegetable,True,False
2508,MOL_004207,Dimethylcyclopropylmethylpentenal,877-60-1,877-60-1,True,True,CC(=C(C=O)CC1CC1)C(C)C,CC(=C(C=O)CC1CC1)C(C)C,True,['lemon'],lemon,True,False
4418,MOL_004208,violet methyl carbonate,87731-18-8,87731-18-8,True,True,COC(=O)OC1CCC\C=C/CC1,COC(=O)OC1CC/C=C\CCC1,True,"['floral', 'violet', 'green', 'banana', 'herbal', 'fruity']",floral;violet;green;banana;herbal;fruity,True,False
840,MOL_004209,Ethylbutyric acid,88-09-5,88-09-5,True,True,CCC(CC)C(=O)O,CCC(CC)C(=O)O,True,"['earthy', 'fruity', 'nutty', 'dairy']",earthy;fruity;nutty;dairy,True,False
937,MOL_004210,Furoic acid,88-14-2,88-14-2,True,True,O=C(O)c1ccco1,O=C(O)c1ccco1,True,['odorless'],odorless,True,False
4419,MOL_004211,2-acetyl thiophene,88-15-3,88-15-3,True,True,CC(=O)C1=CC=CS1,CC(=O)c1cccs1,True,"['sulfurous', 'nutty', 'hazelnut']",sulfurous;nutty;hazelnut,True,False
4420,MOL_004212,versalide,88-29-9,88-29-9,True,True,CCC1=CC2=C(C=C1C(=O)C)C(CCC2(C)C)(C)C,CCc1cc2c(cc1C(C)=O)C(C)(C)CCC2(C)C,True,"['sweet', 'musk']",sweet;musk,True,False
3041,MOL_004213,Verdox HC (IFF),88-41-5,88-41-5,True,True,CC(=O)OC1CCCCC1C(C)(C)C,CC(=O)OC1CCCCC1C(C)(C)C,True,"['woody', 'fruity', 'apple', 'fresh']",woody;fruity;apple;fresh,True,False
1583,MOL_004214,Methyl-tert-butylphenol,88-60-8,88-60-8,True,True,Cc1ccc(C(C)(C)C)c(O)c1,Cc1ccc(C(C)(C)C)c(O)c1,True,"['leathery', 'burnt', 'woody', 'smoky', 'dry']",leathery;burnt;woody;smoky;dry,True,False
1334,MOL_004215,Isopropylphenol,88-69-7,88-69-7,True,True,CC(C)c1ccccc1O,CC(C)c1ccccc1O,True,"['phenolic', 'spicy', 'medicinal', 'smoky']",phenolic;spicy;medicinal;smoky,True,False
977,MOL_004216,Guaiene,88-84-6,88-84-6,True,True,CC(C)=C1CCC(C)C2=C(C1)C(C)CC2,CC(C)=C1CCC(C)C2=C(C1)C(C)CC2,True,"['woody', 'balsamic', 'sweet']",woody;balsamic;sweet,True,False
2106,MOL_004217,Phthalic acid,88-99-3,88-99-3,True,True,O=C(O)c1ccccc1C(=O)O,O=C(O)c1ccccc1C(=O)O,True,['aromatic'],aromatic,True,False
1973,MOL_004218,Octylthiophene,880-36-4,880-36-4,True,True,CCCCCCCCc1cccs1,CCCCCCCCc1cccs1,True,"['oily', 'fatty']",oily;fatty,True,False
2406,MOL_004219,Vanillin acetate,881-68-5,881-68-5,True,True,COc1cc(C=O)ccc1OC(C)=O,COc1cc(C=O)ccc1OC(C)=O,True,"['creamy', 'floral', 'sweet', 'vanilla']",creamy;floral;sweet;vanilla,True,False
2052,MOL_004220,Phenyl disulfide,882-33-7,882-33-7,True,True,c1ccc(SSc2ccccc2)cc1,c1ccc(SSc2ccccc2)cc1,True,"['meaty', 'earthy', 'garlic', 'burnt', 'sulfurous']",meaty;earthy;garlic;burnt;sulfurous,True,False
3246,MOL_004221,Propanedithiol,88497-17-0,88497-17-0,True,True,CCC(S)S,CCC(S)S,True,"['onion', 'sulfurous']",onion;sulfurous,True,False
4421,MOL_004222,musk dec-7(8)-enone,88642-03-9,88642-03-9,True,True,C1CCCCCCC=CC(=O)CCCCCC1,O=C1C=CCCCCCCCCCCCCC1,True,"['musk', 'balsamic', 'orris', 'fresh']",musk;balsamic;orris;fresh,True,False
4422,MOL_004223,moss naphthaleneol,88644-30-8,88644-30-8,True,True,CC1(CCCC2(C13CCC(C3)C2(C)C)O)C,CC1(C)CCCC2(O)C(C)(C)C3CCC12C3,True,"['woody', 'green', 'musty', 'pine', 'balsamic', 'earthy']",woody;green;musty;pine;balsamic;earthy,True,False
3192,MOL_004224,Ethyl mercaptomethylbutanoate,888021-82-7,888021-82-7,True,True,CCOC(=O)C(CC)CS,CCOC(=O)C(CC)CS,True,"['ripe', 'fruity', 'tropical', 'sweet']",ripe;fruity;tropical;sweet,True,False
3064,MOL_004225,Hydroxycitronellal methyl anthranilate,89-43-0,89-43-0,True,True,COC(=O)c1ccccc1N=CCC(C)CCCC(C)(C)O,COC(=O)c1ccccc1N=CCC(C)CCCC(C)(C)O,True,['floral'],floral,True,False
1408,MOL_004226,Menthyl salicylate,89-46-3,89-46-3,True,True,CC1CCC(C(C)C)C(OC(=O)c2ccccc2O)C1,CC1CCC(C(C)C)C(OC(=O)c2ccccc2O)C1,True,['odorless'],odorless,True,False
1410,MOL_004227,Menthyl valerate,89-47-4,89-47-4,True,True,CCCCC(=O)OC1CC(C)CCC1C(C)C,CCCCC(=O)OC1CC(C)CCC1C(C)C,True,"['fruity', 'herbal', 'balsamic', 'sweet', 'mint']",fruity;herbal;balsamic;sweet;mint,True,False
4423,MOL_004228,menthyl acetate,89-48-5,89-48-5,True,True,C[C@@H]1CC[C@H]([C@@H](C1)OC(=O)C)C(C)C,CC(=O)O[C@@H]1C[C@H](C)CC[C@H]1C(C)C,True,"['tea', 'mint', 'fruity']",tea;mint;fruity,True,False
695,MOL_004229,Erythorbic acid,89-65-6,89-65-6,True,True,O=C1O[C@H]([C@H](O)CO)C(O)=C1O,O=C1O[C@H]([C@H](O)CO)C(O)=C1O,True,['odorless'],odorless,True,False
4424,MOL_004230,methyl 2-methyl benzoate,89-71-4,89-71-4,True,True,CC1=CC=CC=C1C(=O)OC,COC(=O)c1ccccc1C,True,"['floral', 'grape']",floral;grape,True,False
575,MOL_004231,Dimethylacetophenone,89-74-7,89-74-7,True,True,CC(=O)c1ccc(C)cc1C,CC(=O)c1ccc(C)cc1C,True,"['hay', 'sharp', 'sweet', 'woody', 'floral', 'coumarinic', 'mint']",hay;sharp;sweet;woody;floral;coumarinic;mint,True,False
4425,MOL_004232,"dextro,laevo-menthol",89-78-1,89-78-1,True,True,CC1CCC(C(C1)O)C(C)C,CC1CCC(C(C)C)C(O)C1,True,"['mint', 'woody']",mint;woody,True,False
1342,MOL_004233,Isopulegol,89-79-2,89-79-2,True,True,C=C(C)C1CCC(C)CC1O,C=C(C)C1CCC(C)CC1O,True,"['herbal', 'mint']",herbal;mint,True,False
4426,MOL_004234,(±)-menthone,89-80-5,89-80-5,True,True,CC1CCC(C(=O)C1)C(C)C,CC1CCC(C(C)C)C(=O)C1,True,['mint'],mint,True,False
2466,MOL_004235,Piperitone,89-81-6,89-81-6,True,True,CC1=CC(=O)C(C(C)C)CC1,CC1=CC(=O)C(C(C)C)CC1,True,"['fresh', 'mint', 'herbal']",fresh;mint;herbal,True,False
2206,MOL_004236,Pulegone,89-82-7,89-82-7,True,True,CC(C)=C1CC[C@@H](C)CC1=O,CC(C)=C1CC[C@@H](C)CC1=O,True,"['mint', 'herbal']",mint;herbal,True,False
2312,MOL_004237,Thymol,89-83-8,89-83-8,True,True,Cc1ccc(C(C)C)c(O)c1,Cc1ccc(C(C)C)c(O)c1,True,"['spicy', 'herbal', 'phenolic', 'medicinal', 'sweet']",spicy;herbal;phenolic;medicinal;sweet,True,False
554,MOL_004238,Dihydroxybenzoic acid,89-86-1,89-86-1,True,True,O=C(O)c1ccc(O)cc1O,O=C(O)c1ccc(O)cc1O,True,['odorless'],odorless,True,False
2416,MOL_004239,Vetiverol,89-88-3,89-88-3,True,True,CC1=CC(O)CC(C)C2CC(=C(C)C)CC12,CC1=CC(O)CC(C)C2CC(=C(C)C)CC12,True,"['earthy', 'balsamic']",earthy;balsamic,True,False
4427,MOL_004240,neocaspirene,89079-92-5,89079-92-5,True,True,CC1C=CC2(O1)C=C(CCC2C(C)C)C,CC1=CC2(C=CC(C)O2)C(C(C)C)CC1,True,"['black currant', 'tropical', 'fruity']",black currant;tropical;fruity,True,False
1464,MOL_004241,Methyl acetoxybutyrate,89422-42-4,89422-42-4,True,True,CCC(OC(C)=O)C(=O)OC,CCC(OC(C)=O)C(=O)OC,True,"['fruity', 'apple', 'pineapple', 'tropical']",fruity;apple;pineapple;tropical,True,False
3186,MOL_004242,Mercaptobutyl acetate,89534-38-3,89534-38-3,True,True,CC(=O)OCCCCS,CC(=O)OCCCCS,True,"['alliaceous', 'fruity', 'hazelnut', 'pungent', 'cheesy']",alliaceous;fruity;hazelnut;pungent;cheesy,True,False
2531,MOL_004243,Methylmethylthiobutene,89534-74-7,89534-74-7,True,True,CCC=C(C)SC,CCC=C(C)SC,True,"['creamy', 'meaty', 'savory', 'sulfurous']",creamy;meaty;savory;sulfurous,True,False
2637,MOL_004244,Hexanal hexyl isoamyl acetal,896447-13-5,896447-13-5,True,True,CCCCCCOC(CCCCC)OCCC(C)C,CCCCCCOC(CCCCC)OCCC(C)C,True,"['apple', 'green', 'oily', 'cognac', 'sweet']",apple;green;oily;cognac;sweet,True,False
3283,MOL_004245,Acetyldithiolane,89712-89-0,89712-89-0,True,True,CC(=O)C1CCSS1,CC(=O)C1CCSS1,True,"['onion', 'meaty']",onion;meaty,True,False
4428,MOL_004246,musk ether,89780-06-3,89780-06-3,True,True,CC1=C(C(=C2C(=C1)C(CCC2(C)C)(C)C)OC)C=O,COc1c(C=O)c(C)cc2c1C(C)(C)CCC2(C)C,True,"['sweet', 'musk', 'orris', 'woody']",sweet;musk;orris;woody,True,False
876,MOL_004247,Ethylphenol,90-00-6,90-00-6,True,True,CCc1ccccc1O,CCc1ccccc1O,True,"['phenolic', 'sweet']",phenolic;sweet,True,False
2234,MOL_004248,Salicylaldehyde,90-02-8,90-02-8,True,True,O=Cc1ccccc1O,O=Cc1ccccc1O,True,"['almond', 'phenolic', 'spicy', 'pungent']",almond;phenolic;spicy;pungent,True,False
973,MOL_004249,Guaiacol,90-05-1,90-05-1,True,True,COc1ccccc1O,COc1ccccc1O,True,"['vanilla', 'phenolic', 'smoky', 'sweet', 'medicinal']",vanilla;phenolic;smoky;sweet;medicinal,True,False
1707,MOL_004250,Methylnaphthalene,90-12-0,90-12-0,True,True,Cc1cccc2ccccc12,Cc1cccc2ccccc12,True,"['green', 'earthy', 'medicinal', 'musty']",green;earthy;medicinal;musty,True,False
4429,MOL_004251,rose acetate,90-17-5,90-17-5,True,True,CC(=O)OC(C1=CC=CC=C1)C(Cl)(Cl)Cl,CC(=O)OC(c1ccccc1)C(Cl)(Cl)Cl,True,"['rose', 'floral', 'orris', 'balsamic', 'fresh']",rose;floral;orris;balsamic;fresh,True,False
4430,MOL_004252,2-cyclohexyl cyclohexanone,90-42-6,90-42-6,True,True,C1CCC(CC1)C2CCCCC2=O,O=C1CCCCC1C1CCCCC1,True,"['floral', 'sweet', 'herbal', 'spicy', 'mint', 'woody', 'orris', 'fresh']",floral;sweet;herbal;spicy;mint;woody;orris;fresh,True,False
2079,MOL_004253,Phenylphenol,90-43-7,90-43-7,True,True,Oc1ccccc1-c1ccccc1,Oc1ccccc1-c1ccccc1,True,"['phenolic', 'medicinal', 'spicy']",phenolic;medicinal;spicy,True,False
2085,MOL_004254,Phenylpropionaldehyde dimethyl acetal,90-87-9,90-87-9,True,True,COC(OC)C(C)c1ccccc1,COC(OC)C(C)c1ccccc1,True,"['green', 'floral', 'mushroom', 'citrus']",green;floral;mushroom;citrus,True,False
4431,MOL_004255,(R)-3-thiohexanol,90180-88-4,90180-88-4,True,True,CCC[C@H](CCO)S,CCC[C@@H](S)CCO,True,"['sulfurous', 'herbal']",sulfurous;herbal,True,False
4432,MOL_004256,(R)-3-(methyl thio) hexanol,90180-89-5,90180-89-5,True,True,CCC[C@H](CCO)SC,CCC[C@H](CCO)SC,True,"['tropical', 'fruity']",tropical;fruity,True,False
4433,MOL_004257,(S)-3-thiohexanol,90180-90-8,90180-90-8,True,True,CCC[C@@H](CCO)S,CCC[C@H](S)CCO,True,"['fruity', 'tropical', 'grapefruit', 'black currant', 'herbal']",fruity;tropical;grapefruit;black currant;herbal,True,False
99,MOL_004258,Allyl methyl tetrasulfide,90195-83-8,90195-83-8,True,True,C=CCSSSSC,C=CCSSSSC,True,"['onion', 'sulfurous', 'pungent', 'garlic']",onion;sulfurous;pungent;garlic,True,False
3220,MOL_004259,Ethyl ethylthiobutyrate,90201-28-8,90201-28-8,True,True,CCOC(=O)CC(C)SCC,CCOC(=O)CC(C)SCC,True,"['sulfurous', 'fruity', 'tropical']",sulfurous;fruity;tropical,True,False
3193,MOL_004260,Pentyl methylpentanoate,90397-36-7,90397-36-7,True,True,CCCCCOC(=O)C(C)CCC,CCCCCOC(=O)C(C)CCC,True,"['fruity', 'fatty', 'floral', 'pear']",fruity;fatty;floral;pear,True,False
2834,MOL_004261,Methylpentyl methylpentanoate,90397-38-9,90397-38-9,True,True,CCCC(C)COC(=O)C(C)CCC,CCCC(C)COC(=O)C(C)CCC,True,"['fruity', 'fatty', 'floral', 'pear']",fruity;fatty;floral;pear,True,False
4434,MOL_004262,petitgrain heptane,90530-04-4,90530-04-4,True,True,CC(C)OC2CC1CC(C2C1)=[C@H]C,CC=C1CC2CC(OC(C)C)C1C2,True,"['herbal', 'citrus', 'anisic', 'animal', 'leathery']",herbal;citrus;anisic;animal;leathery,True,False
3207,MOL_004263,Methylthiopropyl hexanoate,906079-63-8,906079-63-8,True,True,CCCCCC(=O)OCCCSC,CCCCCC(=O)OCCCSC,True,"['fruity', 'savory', 'tropical', 'onion', 'sulfurous', 'pineapple']",fruity;savory;tropical;onion;sulfurous;pineapple,True,False
2610,MOL_004264,Nonenal,90645-87-7,90645-87-7,True,True,CCCCCCC=CC=O,CCCCCCC=CC=O,True,"['green', 'fatty', 'cucumber', 'melon']",green;fatty;cucumber;melon,True,False
4435,MOL_004265,benzhydrol,91-01-0,91-01-0,True,True,C1=CC=C(C=C1)C(C2=CC=CC=C2)O,OC(c1ccccc1)c1ccccc1,True,"['green', 'rose']",green;rose,True,False
566,MOL_004266,Dimethoxyphenol,91-10-1,91-10-1,True,True,COc1cccc(OC)c1O,COc1cccc(OC)c1O,True,"['woody', 'phenolic', 'medicinal', 'smoky']",woody;phenolic;medicinal;smoky,True,False
561,MOL_004267,Dimethoxybenzene,91-16-7,91-16-7,True,True,COc1ccccc1OC,COc1ccccc1OC,True,"['creamy', 'earthy', 'vanilla', 'nutty', 'phenolic', 'musty', 'sweet']",creamy;earthy;vanilla;nutty;phenolic;musty;sweet,True,False
2217,MOL_004268,Quinoxaline,91-19-0,91-19-0,True,True,c1ccc2nccnc2c1,c1ccc2nccnc2c1,True,['burnt'],burnt,True,False
1839,MOL_004269,Naphthalene,91-20-3,91-20-3,True,True,c1ccc2ccccc2c1,c1ccc2ccccc2c1,True,"['camphoreous', 'gasoline', 'dry']",camphoreous;gasoline;dry,True,False
2216,MOL_004270,Quinoline,91-22-5,91-22-5,True,True,c1ccc2ncccc2c1,c1ccc2ncccc2c1,True,"['tobacco', 'animal', 'musty', 'sweet']",tobacco;animal;musty;sweet,True,False
4436,MOL_004271,cyclamen aldehyde / methyl anthranilate schiff's base,91-50-9,91-50-9,True,True,CC(C)C1=CC=C(C=C1)CC(C)C=NC2=CC=CC=C2C(=O)OC,COC(=O)c1ccccc1N=CC(C)Cc1ccc(C(C)C)cc1,True,"['fresh', 'floral']",fresh;floral,True,False
4437,MOL_004272,lilyall / methyl anthranilate schiff's base,91-51-0,91-51-0,True,True,CC(CC1=CC=C(C=C1)C(C)(C)C)C=NC2=CC=CC=C2C(=O)OC,COC(=O)c1ccccc1N=CC(C)Cc1ccc(C(C)(C)C)cc1,True,"['fresh', 'green', 'floral', 'citrus']",fresh;green;floral;citrus,True,False
1708,MOL_004273,Methylnaphthalene,91-57-6,91-57-6,True,True,Cc1ccc2ccccc2c1,Cc1ccc2ccccc2c1,True,"['oily', 'aromatic']",oily;aromatic,True,False
1840,MOL_004274,Naphthalenethiol,91-60-1,91-60-1,True,True,Sc1ccc2ccccc2c1,Sc1ccc2ccccc2c1,True,"['sulfurous', 'meaty', 'mushroom']",sulfurous;meaty;mushroom,True,False
2290,MOL_004275,Tetrahydromethylquinoline,91-61-2,91-61-2,True,True,Cc1ccc2c(c1)CCCN2,Cc1ccc2c(c1)CCCN2,True,"['honey', 'sweet', 'leathery', 'animal']",honey;sweet;leathery;animal,True,False
1770,MOL_004276,Methylquinoline,91-62-3,91-62-3,True,True,Cc1ccc2ncccc2c1,Cc1ccc2ncccc2c1,True,"['tobacco', 'animal', 'woody', 'floral', 'sweet']",tobacco;animal;woody;floral;sweet,True,False
1769,MOL_004277,Methylquinoline,91-63-4,91-63-4,True,True,Cc1ccc2ccccc2n1,Cc1ccc2ccccc2n1,True,"['oily', 'fishy', 'tobacco', 'herbal']",oily;fishy;tobacco;herbal,True,False
4438,MOL_004278,coumarin,91-64-5,91-64-5,True,True,C1=CC=C2C(=C1)C=CC(=O)O2,O=c1ccc2ccccc2o1,True,"['sweet', 'hay', 'coumarinic']",sweet;hay;coumarinic,True,False
140,MOL_004279,Amylcinnamaldehyde dimethyl acetal,91-87-2,91-87-2,True,True,CCCCC/C(=C\c1ccccc1)C(OC)OC,CCCCC/C(=C\c1ccccc1)C(OC)OC,True,"['green', 'floral', 'jasmine']",green;floral;jasmine,True,False
4439,MOL_004280,(Z)-coconut decanone ethyl,91069-39-5,91069-39-5,True,True,CCC1CCC2(CC1)CCC(=O)O2,CCC1CCC2(CCC(=O)O2)CC1,True,"['creamy', 'peach', 'milky']",creamy;peach;milky,True,False
4440,MOL_004281,(E)-coconut decanone ethyl,91069-40-8,91069-40-8,True,True,CC[C@H]1CC[C@@]2(CCC(=O)O2)CC1,CC[C@H]1CC[C@@]2(CCC(=O)O2)CC1,True,"['spicy', 'creamy', 'milky', 'cinnamon']",spicy;creamy;milky;cinnamon,True,False
4441,MOL_004282,"(±)-2,5-undecadien-1-ol",91212-78-1,91212-78-1,True,True,CCCCCC=CCC=CCO,CCCCCC=CCC=CCO,True,"['fatty', 'waxy']",fatty;waxy,True,False
2377,MOL_004283,Undecadienal,91254-00-1,91254-00-1,True,True,CCCCC/C=C/C/C=C/C=O,CCCCC/C=C/C/C=C/C=O,True,['fatty'],fatty,True,False
2507,MOL_004284,Dimethylnonadienyl acetate,91418-25-6,91418-25-6,True,True,CCCCCC=CC(C)=C(C)OC(C)=O,CCCCCC=CC(C)=C(C)OC(C)=O,True,"['citrus', 'earthy', 'lemon', 'woody']",citrus;earthy;lemon;woody,True,False
4442,MOL_004285,tangerine acetate,91482-37-0,91482-37-0,True,True,CC(CCC=C(C)CCC=C(C)C)OC(=O)C,CC(=O)OC(C)CCC=C(C)CCC=C(C)C,True,"['green', 'citrus', 'fresh', 'fishy', 'waxy', 'sharp']",green;citrus;fresh;fishy;waxy;sharp,True,False
3213,MOL_004286,Methylfurylthiobutanal,915971-43-6,915971-43-6,True,True,CCC(C)(C=O)Sc1ccco1,CCC(C)(C=O)Sc1ccco1,True,"['fruity', 'meaty']",fruity;meaty,True,False
4443,MOL_004287,1-(2-hydroxy-4-methyl cyclohexyl) ethanone,917750-72-2,917750-72-2,True,True,CC1CCC(C(C)=O)C(O)C1,CC(=O)C1CCC(C)CC1O,True,['floral'],floral,True,False
1637,MOL_004288,Methylcoumarin,92-48-8,92-48-8,True,True,Cc1ccc2oc(=O)ccc2c1,Cc1ccc2oc(=O)ccc2c1,True,"['coconut', 'coumarinic']",coconut;coumarinic,True,False
204,MOL_004289,Biphenyl,92-52-4,92-52-4,True,True,c1ccc(-c2ccccc2)cc1,c1ccc(-c2ccccc2)cc1,True,"['rose', 'metallic']",rose;metallic,True,False
4444,MOL_004290,4-cyclohexyl cyclohexanone,92-68-2,92-68-2,True,True,C1CCC(CC1)C2CCC(=O)CC2,O=C1CCC(C2CCCCC2)CC1,True,"['floral', 'orris', 'woody', 'fresh']",floral;orris;woody;fresh,True,False
4445,MOL_004291,(±)-dihydromint lactone,92015-65-1,92015-65-1,True,True,CC1C(=O)OC2CC(C)CCC12,CC1CCC2C(C1)OC(=O)C2C,True,"['coumarinic', 'milky', 'phenolic', 'tobacco', 'sweet']",coumarinic;milky;phenolic;tobacco;sweet,True,False
4446,MOL_004292,magnolia cyclohexanol,92046-48-5,92046-48-5,True,True,CCC12CCC(C1)C(C2)C3(CCCCC3)O,CCC12CCC(C1)C(C1(O)CCCCC1)C2,True,['floral'],floral,True,False
1653,MOL_004293,Methyldodecanal,92168-98-4,92168-98-4,True,True,CC(C)CCCCCCCCCC=O,CC(C)CCCCCCCCCC=O,True,"['fatty', 'waxy', 'citrus']",fatty;waxy;citrus,True,False
2619,MOL_004294,Citronellal dimethyl acetal,923-69-3,923-69-3,True,True,COC(CC(C)CCC=C(C)C)OC,COC(CC(C)CCC=C(C)C)OC,True,"['floral', 'citrus', 'herbal']",floral;citrus;herbal,True,False
3208,MOL_004295,Oxoethylbutanolide,923291-29-6,923291-29-6,True,True,O=CCC1CCOC1=O,O=CCC1CCOC1=O,True,"['burnt', 'caramellic']",burnt;caramellic,True,False
4447,MOL_004296,rose furan epoxide,92356-06-4,92356-06-4,True,True,CC1=C(OC=C1)CC2C(O2)(C)C,Cc1ccoc1CC1OC1(C)C,True,"['green', 'earthy', 'citrus']",green;earthy;citrus,True,False
1571,MOL_004297,Methyl senecioate,924-50-5,924-50-5,True,True,COC(=O)C=C(C)C,COC(=O)C=C(C)C,True,"['ripe', 'apple', 'ethereal', 'fruity', 'herbal', 'chamomile', 'sweet']",ripe;apple;ethereal;fruity;herbal;chamomile;sweet,True,False
2723,MOL_004298,Dipropyl succinate,925-15-5,925-15-5,True,True,CCCOC(=O)CCC(=O)OCCC,CCCOC(=O)CCC(=O)OCCC,True,"['fruity', 'winey']",fruity;winey,True,False
1680,MOL_004299,Methylhexanal,925-54-2,925-54-2,True,True,CCCCC(C)C=O,CCCCC(C)C=O,True,"['fatty', 'fruity', 'aldehydic', 'cheesy']",fatty;fruity;aldehydic;cheesy,True,False
1883,MOL_004300,Nonanone,925-78-0,925-78-0,True,True,CCCCCCC(=O)CC,CCCCCCC(=O)CC,True,"['grassy', 'fruity', 'green', 'herbal']",grassy;fruity;green;herbal,True,False
4448,MOL_004301,"2-methoxy-3,5-dimethyl pyrazine",92508-08-2,92508-08-2,True,True,O(c1ncc(nc1C)C)C,COc1ncc(C)nc1C,True,['earthy'],earthy,True,False
2521,MOL_004302,Mercaptopentanone,92585-08-5,92585-08-5,True,True,CC(=O)CC(C)S,CC(=O)CC(C)S,True,"['meaty', 'tropical', 'catty', 'black currant', 'sulfurous', 'potato', 'grapefruit']",meaty;tropical;catty;black currant;sulfurous;potato;grapefruit,True,False
4449,MOL_004303,grapefruit pentanol,92585-24-5,92585-24-5,True,True,CC(CC(C)C1=CC=CC=C1)CO,CC(CO)CC(C)c1ccccc1,True,"['woody', 'green', 'citrus', 'grapefruit', 'floral']",woody;green;citrus;grapefruit;floral,True,False
2451,MOL_004304,Undecanone,927-49-1,927-49-1,True,True,CCCCCC(=O)CCCCC,CCCCCC(=O)CCCCC,True,"['creamy', 'earthy', 'fatty', 'waxy', 'dairy', 'mushroom', 'cheesy']",creamy;earthy;fatty;waxy;dairy;mushroom;cheesy,True,False
4450,MOL_004305,"2,3-dihydro-1,8-cineole",92760-25-3,92760-25-3,True,True,CC1(C2CCC(O1)(C=C2)C)C,CC12C=CC(CC1)C(C)(C)O2,True,"['mint', 'lemon']",mint;lemon,True,False
1674,MOL_004306,Methylheptanone,928-68-7,928-68-7,True,True,CC(=O)CCCC(C)C,CC(=O)CCCC(C)C,True,"['spicy', 'ketonic', 'mint', 'herbal']",spicy;ketonic;mint;herbal,True,False
446,MOL_004307,Decanone,928-80-3,928-80-3,True,True,CCCCCCCC(=O)CC,CCCCCCCC(=O)CC,True,"['citrus', 'green', 'fatty', 'fruity', 'waxy', 'orange', 'floral']",citrus;green;fatty;fruity;waxy;orange;floral,True,False
4451,MOL_004308,(Z)-4-hexen-1-ol,928-91-6,928-91-6,True,True,C/C=C\CCCO,C/C=C\CCCO,True,"['green', 'vegetable', 'tomato', 'radish', 'brothy', 'gasoline', 'herbal', 'musty', 'metallic']",green;vegetable;tomato;radish;brothy;gasoline;herbal;musty;metallic,True,False
4452,MOL_004309,(E)-4-hexen-1-ol,928-92-7,928-92-7,True,True,C/C=C/CCCO,C/C=C/CCCO,True,"['green', 'herbal', 'musty', 'tomato', 'metallic']",green;herbal;musty;tomato;metallic,True,False
1069,MOL_004310,Hexenol,928-94-9,928-94-9,True,True,CCC/C=C\CO,CCC/C=C\CO,True,"['green', 'vegetable', 'fresh']",green;vegetable;fresh,True,False
1066,MOL_004311,Hexenol,928-95-0,928-95-0,True,True,CCC/C=C/CO,CCC/C=C/CO,True,"['green', 'fruity', 'leafy', 'sharp']",green;fruity;leafy;sharp,True,False
1067,MOL_004312,Hexenol,928-96-1,928-96-1,True,True,CC/C=C\CCO,CC/C=C\CCO,True,"['green', 'fresh', 'grassy']",green;fresh;grassy,True,False
4453,MOL_004313,(E)-3-hexen-1-ol,928-97-2,928-97-2,True,True,CC/C=C/CCO,CC/C=C/CCO,True,"['green', 'woody', 'floral', 'leafy', 'oily', 'earthy']",green;woody;floral;leafy;oily;earthy,True,False
479,MOL_004314,Di-isobutyltrithiolane,92900-67-9,92900-67-9,True,True,CC(C)CC1(CC(C)C)CSSS1,CC(C)CC1(CC(C)C)CSSS1,True,"['roasted', 'nutty']",roasted;nutty,True,False
4454,MOL_004315,"6-methoxy-2,6-dimethyl octanal",929253-05-4,929253-05-4,True,True,CCC(C)(CCCC(C)C=O)OC,CCC(C)(CCCC(C)C=O)OC,True,"['fresh', 'green', 'fruity', 'citrus']",fresh;green;fruity;citrus,True,False
3003,MOL_004316,Dimethoxybenzyl alcohol,93-03-8,93-03-8,True,True,COc1ccc(CO)cc1OC,COc1ccc(CO)cc1OC,True,"['vanilla', 'aromatic']",vanilla;aromatic,True,False
1843,MOL_004317,Naphthyl methyl ether,93-04-9,93-04-9,True,True,COc1ccc2ccccc2c1,COc1ccc2ccccc2c1,True,"['floral', 'sweet', 'orange']",floral;sweet;orange,True,False
1476,MOL_004318,Methyl beta-naphthyl ketone,93-08-3,93-08-3,True,True,CC(=O)c1ccc2ccccc2c1,CC(=O)c1ccc2ccccc2c1,True,"['orange', 'sweet']",orange;sweet,True,False
895,MOL_004319,Eugenyl methyl ether,93-15-2,93-15-2,True,True,C=CCc1ccc(OC)c(OC)c1,C=CCc1ccc(OC)c(OC)c1,True,"['spicy', 'herbal', 'tea', 'musty']",spicy;herbal;tea;musty,True,False
1278,MOL_004320,Isoeugenyl methyl ether,93-16-3,93-16-3,True,True,C/C=C/c1ccc(OC)c(OC)c1,C/C=C/c1ccc(OC)c(OC)c1,True,"['spicy', 'tea', 'floral', 'sweet']",spicy;tea;floral;sweet,True,False
1841,MOL_004321,Naphthyl ethyl ether,93-18-5,93-18-5,True,True,CCOc1ccc2ccccc2c1,CCOc1ccc2ccccc2c1,True,['floral'],floral,True,False
1265,MOL_004322,Isobutylquinoline,93-19-6,93-19-6,True,True,CC(C)Cc1ccc2ccccc2n1,CC(C)Cc1ccc2ccccc2n1,True,"['earthy', 'leathery']",earthy;leathery,True,False
891,MOL_004323,Eugenyl acetate,93-28-7,93-28-7,True,True,C=CCc1ccc(OC(C)=O)c(OC)c1,C=CCc1ccc(OC(C)=O)c(OC)c1,True,"['spicy', 'fruity', 'balsamic', 'sweet']",spicy;fruity;balsamic;sweet,True,False
1272,MOL_004324,Isoeugenyl acetate,93-29-8,93-29-8,True,True,C/C=C/c1ccc(OC(C)=O)c(OC)c1,C/C=C/c1ccc(OC(C)=O)c(OC)c1,True,"['spicy', 'fruity', 'balsamic', 'floral']",spicy;fruity;balsamic;floral,True,False
1443,MOL_004325,Methoxymethylphenol,93-51-6,93-51-6,True,True,COc1cc(C)ccc1O,COc1cc(C)ccc1O,True,"['spicy', 'vanilla', 'phenolic', 'smoky', 'sweet']",spicy;vanilla;phenolic;smoky;sweet,True,False
2086,MOL_004326,Phenylpropionaldehyde,93-53-8,93-53-8,True,True,CC(C=O)c1ccccc1,CC(C=O)c1ccccc1,True,"['green', 'floral', 'honey']",green;floral;honey,True,False
2081,MOL_004327,Phenylpropanol,93-54-9,93-54-9,True,True,CCC(O)c1ccccc1,CCC(O)c1ccccc1,True,"['balsamic', 'floral', 'rose']",balsamic;floral;rose,True,False
2157,MOL_004328,Propiophenone,93-55-0,93-55-0,True,True,CCC(=O)c1ccccc1,CCC(=O)c1ccccc1,True,"['hay', 'fruity', 'cherry', 'floral']",hay;fruity;cherry;floral,True,False
1473,MOL_004329,Methyl benzoate,93-58-3,93-58-3,True,True,COC(=O)c1ccccc1,COC(=O)c1ccccc1,True,"['fruity', 'floral', 'sweet']",fruity;floral;sweet,True,False
1541,MOL_004330,Methyl nicotinate,93-60-7,93-60-7,True,True,COC(=O)c1cccnc1,COC(=O)c1cccnc1,True,"['tobacco', 'sweet', 'herbal']",tobacco;sweet;herbal,True,False
726,MOL_004331,Ethyl benzoate,93-89-0,93-89-0,True,True,CCOC(=O)c1ccccc1,CCOC(=O)c1ccccc1,True,"['fruity', 'floral']",fruity;floral,True,False
2062,MOL_004332,Phenylbutandione,93-91-4,93-91-4,True,True,CC(=O)CC(=O)c1ccccc1,CC(=O)CC(=O)c1ccccc1,True,"['vanilla', 'balsamic', 'sweet']",vanilla;balsamic;sweet,True,False
4455,MOL_004333,styralyl acetate,93-92-5,93-92-5,True,True,CC(C1=CC=CC=C1)OC(=O)C,CC(=O)OC(C)c1ccccc1,True,"['green', 'leafy', 'floral', 'musty', 'fruity', 'nutty', 'berry']",green;leafy;floral;musty;fruity;nutty;berry,True,False
3070,MOL_004334,Phenyl benzoate,93-99-2,93-99-2,True,True,O=C(Oc1ccccc1)c1ccccc1,O=C(Oc1ccccc1)c1ccccc1,True,"['green', 'fruity', 'metallic', 'balsamic', 'floral']",green;fruity;metallic;balsamic;floral,True,False
3087,MOL_004335,Cyclohexenone,930-68-7,930-68-7,True,True,O=C1C=CCCC1,O=C1C=CCCC1,True,"['green', 'roasted', 'mint']",green;roasted;mint,True,False
2495,MOL_004336,Pentamethylheptanethiol,93002-38-1,93002-38-1,True,True,CC(C)(C)CC(C)(S)CC(C)(C)C,CC(C)(C)CC(C)(S)CC(C)(C)C,True,"['fatty', 'sulfurous']",fatty;sulfurous,True,False
4456,MOL_004337,1-methoxycyclohexene,931-57-7,931-57-7,True,True,COC1=CCCCC1,COC1=CCCCC1,True,"['herbal', 'spicy']",herbal;spicy,True,False
1585,MOL_004338,Methylacetylpyrrole,932-16-1,932-16-1,True,True,CC(=O)c1cccn1C,CC(=O)c1cccn1C,True,"['nutty', 'floral', 'sweet']",nutty;floral;sweet,True,False
3048,MOL_004339,Cyclopentyl acetate,933-05-1,933-05-1,True,True,CC(=O)OC1CCCC1,CC(=O)OC1CCCC1,True,"['fruity', 'apple', 'banana']",fruity;apple;banana,True,False
4457,MOL_004340,"4,7-decadienal",934534-30-2,934534-30-2,True,True,CCC=CCC=CCCC=O,CCC=CCC=CCCC=O,True,"['citrus', 'aldehydic']",citrus;aldehydic,True,False
3092,MOL_004341,Ethylacetophenone,937-30-4,937-30-4,True,True,CCc1ccc(C(C)=O)cc1,CCc1ccc(C(C)=O)cc1,True,"['pungent', 'warm', 'herbal', 'balsamic', 'floral', 'sweet']",pungent;warm;herbal;balsamic;floral;sweet,True,False
2716,MOL_004342,Dimethyl benzyl carbinyl crotonate,93762-34-6,93762-34-6,True,True,C/C=C/C(=O)OC(C)(C)Cc1ccccc1,C/C=C/C(=O)OC(C)(C)Cc1ccccc1,True,"['fruity', 'spicy', 'warm', 'herbal']",fruity;spicy;warm;herbal,True,False
2849,MOL_004343,Phenethyl ethylhexanoate,93776-92-2,93776-92-2,True,True,CCCCC(CC)C(=O)OCCc1ccccc1,CCCCC(CC)C(=O)OCCc1ccccc1,True,"['rose', 'woody', 'aromatic', 'floral']",rose;woody;aromatic;floral,True,False
4458,MOL_004344,hydroxycitronellal propylene glycol acetal,93804-64-9,93804-64-9,True,True,CC1COC(O1)CC(C)CCCC(C)(C)O,CC(CCCC(C)(C)O)CC1OCC(C)O1,True,"['green', 'floral']",green;floral,True,False
1628,MOL_004345,Methylbutyl myristate,93805-23-3,93805-23-3,True,True,CCCCCCCCCCCCCC(=O)OCC(C)CC,CCCCCCCCCCCCCC(=O)OCC(C)CC,True,"['fatty', 'waxy']",fatty;waxy,True,False
2766,MOL_004346,Ethyl maltol butyrate,93805-72-2,93805-72-2,True,True,CCCC(=O)Oc1c(CC)occc1=O,CCCC(=O)Oc1c(CC)occc1=O,True,"['fruity', 'caramellic', 'berry']",fruity;caramellic;berry,True,False
1678,MOL_004347,Methylhexadecanal,93815-50-0,93815-50-0,True,True,CCC(C)CCCCCCCCCCCCC=O,CCC(C)CCCCCCCCCCCCC=O,True,['fatty'],fatty,True,False
1679,MOL_004348,Methylhexadecanal,93815-51-1,93815-51-1,True,True,CC(C)CCCCCCCCCCCCCC=O,CC(C)CCCCCCCCCCCCCC=O,True,['fatty'],fatty,True,False
4459,MOL_004349,methyl beta-ionol,93840-90-5,93840-90-5,True,True,CCC(/C=C/C1=C(CCCC1(C)C)C)O,CCC(O)/C=C/C1=C(C)CCCC1(C)C,True,"['fruity', 'berry']",fruity;berry,True,False
2635,MOL_004350,Hexanal dibutyl acetal,93892-07-0,93892-07-0,True,True,CCCCCC(OCCCC)OCCCC,CCCCCC(OCCCC)OCCCC,True,"['green', 'oily', 'apple', 'cognac']",green;oily;apple;cognac,True,False
2636,MOL_004351,Hexanal diisoamyl acetal,93892-09-2,93892-09-2,True,True,CCCCCC(OCCC(C)C)OCCC(C)C,CCCCCC(OCCC(C)C)OCCC(C)C,True,"['green', 'oily', 'apple', 'cognac']",green;oily;apple;cognac,True,False
4460,MOL_004352,citronitrile (Symrise),93893-89-1,93893-89-1,True,True,N#CC=C(CCc1ccccc1)C,CC(=CC#N)CCc1ccccc1,True,"['citrus', 'fruity', 'floral', 'rose', 'cinnamon', 'balsamic']",citrus;fruity;floral;rose;cinnamon;balsamic,True,False
4461,MOL_004353,citrus carbaldehyde / methyl anthranilate schiff's base,93894-30-5,93894-30-5,True,True,CC(=CCCC1=CCC(CC1)C=NC2=CC=CC=C2C(=O)OC)C,COC(=O)c1ccccc1N=CC1CC=C(CCC=C(C)C)CC1,True,"['fresh', 'green', 'citrus', 'fruity', 'floral']",fresh;green;citrus;fruity;floral,True,False
2077,MOL_004354,Phenylpentenal,939-21-9,939-21-9,True,True,C=CC(CC=O)c1ccccc1,C=CC(CC=O)c1ccccc1,True,"['cocoa', 'floral']",cocoa;floral,True,False
1300,MOL_004355,Isopropyl benzoate,939-48-0,939-48-0,True,True,CC(C)OC(=O)c1ccccc1,CC(C)OC(=O)c1ccccc1,True,"['fruity', 'floral', 'sweet']",fruity;floral;sweet,True,False
3158,MOL_004356,Butylbenzaldehyde,939-97-9,939-97-9,True,True,CC(C)(C)c1ccc(C=O)cc1,CC(C)(C)c1ccc(C=O)cc1,True,"['spicy', 'warm', 'herbal']",spicy;warm;herbal,True,False
4462,MOL_004357,fresh carbaldehyde,93904-56-4,93904-56-4,True,True,CC1=C2CC(C(C1)C(C2)C(C)C)C=O,CC1=C2CC(C=O)C(C1)C(C(C)C)C2,True,"['fatty', 'green', 'metallic', 'aldehydic']",fatty;green;metallic;aldehydic,True,False
2745,MOL_004358,Ethyl oxodecanoate,93919-00-7,93919-00-7,True,True,CCCCCC(=O)CCCC(=O)OCC,CCCCCC(=O)CCCC(=O)OCC,True,['fruity'],fruity,True,False
3060,MOL_004359,Menthyl stearate,93919-01-8,93919-01-8,True,True,CCCCCCCCCCCCCCCCCC(=O)OC1CC(C)CCC1C(C)C,CCCCCCCCCCCCCCCCCC(=O)OC1CC(C)CCC1C(C)C,True,"['waxy', 'odorless']",waxy;odorless,True,False
2691,MOL_004360,Carvyl butyrate,93919-04-1,93919-04-1,True,True,C=C(C)C1CC=C(C)C(OC(=O)CCC)C1,C=C(C)C1CC=C(C)C(OC(=O)CCC)C1,True,"['fruity', 'herbal', 'mint']",fruity;herbal;mint,True,False
4463,MOL_004361,rhubarb pyran,93939-86-7,93939-86-7,True,True,C\C=C/1\CC2CC1C3C2OCCC3,C/C=C1/CC2CC1C1CCCOC21,True,"['floral', 'fruity', 'green', 'leathery', 'woody', 'earthy', 'herbal', 'berry']",floral;fruity;green;leathery;woody;earthy;herbal;berry,True,False
3058,MOL_004362,Menthyl octanoate,93940-59-1,93940-59-1,True,True,CCCCCCCC(=O)OC1CC(C)CCC1C(C)C,CCCCCCCC(=O)OC1CC(C)CCC1C(C)C,True,"['floral', 'mint', 'herbal']",floral;mint;herbal,True,False
2843,MOL_004363,Octenyl isobutyrate,93940-61-5,93940-61-5,True,True,C=CC(CCCCC)OC(=O)C(C)C,C=CC(CCCCC)OC(=O)C(C)C,True,"['fruity', 'mushroom']",fruity;mushroom,True,False
4464,MOL_004364,juniparome (Takasago),93942-00-8,93942-00-8,True,True,CC1C2C3CCC(C3)C2C(=C1C)OC,COC1=C(C)C(C)C2C3CCC(C3)C12,True,"['herbal', 'woody', 'pine']",herbal;woody;pine,True,False
4465,MOL_004365,waxy acetate,93952-58-0,93952-58-0,True,True,CC(C)OC(=O)CC1=CCCCC1,CC(C)OC(=O)CC1=CCCCC1,True,"['sweet', 'waxy', 'rose', 'honey', 'anisic']",sweet;waxy;rose;honey;anisic,True,False
2669,MOL_004366,Allyl methylbutyrate,93963-13-4,93963-13-4,True,True,C=CCOC(=O)C(C)CC,C=CCOC(=O)C(C)CC,True,"['green', 'fruity', 'oily', 'tropical', 'fermented', 'waxy', 'pineapple', 'sweet']",green;fruity;oily;tropical;fermented;waxy;pineapple;sweet,True,False
3065,MOL_004367,Methyl decenoate,93979-14-7,93979-14-7,True,True,CCCCCCCC=CC(=O)OC,CCCCCCCC=CC(=O)OC,True,"['green', 'fruity', 'pear', 'tropical', 'waxy']",green;fruity;pear;tropical;waxy,True,False
4466,MOL_004368,rose carbonate,93981-50-1,93981-50-1,True,True,CCOC(=O)OC1C(CCC(C1C)C)C,CCOC(=O)OC1C(C)CCC(C)C1C,True,"['warm', 'rose', 'leathery', 'metallic', 'fruity']",warm;rose;leathery;metallic;fruity,True,False
728,MOL_004369,Ethyl benzoylacetate,94-02-0,94-02-0,True,True,CCOC(=O)CC(=O)c1ccccc1,CCOC(=O)CC(=O)c1ccccc1,True,"['fruity', 'cherry', 'brandy']",fruity;cherry;brandy,True,False
2175,MOL_004370,Propyl hydroxybenzoate,94-13-3,94-13-3,True,True,CCCOC(=O)c1ccc(O)cc1,CCCOC(=O)c1ccc(O)cc1,True,['odorless'],odorless,True,False
274,MOL_004371,Butyl hydroxybenzoate,94-26-8,94-26-8,True,True,CCCCOC(=O)c1ccc(O)cc1,CCCCOC(=O)c1ccc(O)cc1,True,['odorless'],odorless,True,False
724,MOL_004372,Ethyl anisate,94-30-4,94-30-4,True,True,CCOC(=O)c1ccc(OC)cc1,CCOC(=O)c1ccc(OC)cc1,True,"['anisic', 'floral', 'sweet']",anisic;floral;sweet,True,False
1191,MOL_004373,Isoamyl benzoate,94-46-2,94-46-2,True,True,CC(C)CCOC(=O)c1ccccc1,CC(C)CCOC(=O)c1ccccc1,True,"['green', 'fruity', 'waxy', 'balsamic', 'sweet']",green;fruity;waxy;balsamic;sweet,True,False
2026,MOL_004374,Phenethyl benzoate,94-47-3,94-47-3,True,True,O=C(OCCc1ccccc1)c1ccccc1,O=C(OCCc1ccccc1)c1ccccc1,True,"['honey', 'balsamic', 'floral', 'rose']",honey;balsamic;floral;rose,True,False
947,MOL_004375,Geranyl benzoate,94-48-4,94-48-4,True,True,CC(C)=CCC/C(C)=C/COC(=O)c1ccccc1,CC(C)=CCC/C(C)=C/COC(=O)c1ccccc1,True,"['floral', 'rose']",floral;rose,True,False
3066,MOL_004376,Octyl benzoate,94-50-8,94-50-8,True,True,CCCCCCCCOC(=O)c1ccccc1,CCCCCCCCOC(=O)c1ccccc1,True,"['oily', 'balsamic']",oily;balsamic,True,False
4467,MOL_004377,dihydrosafrole,94-58-6,94-58-6,True,True,CCCC1=CC2=C(C=C1)OCO2,CCCc1ccc2c(c1)OCO2,True,['spicy'],spicy,True,False
3203,MOL_004378,Safrole,94-59-7,94-59-7,True,True,C=CCc1ccc2c(c1)OCO2,C=CCc1ccc2c(c1)OCO2,True,"['spicy', 'aromatic']",spicy;aromatic,True,False
2115,MOL_004379,Piperine,94-62-2,94-62-2,True,True,O=C(/C=C/C=C/c1ccc2c(c1)OCO2)N1CCCCC1,O=C(/C=C/C=C/c1ccc2c(c1)OCO2)N1CCCCC1,True,['odorless'],odorless,True,False
2150,MOL_004380,Propenylguaethol,94-86-0,94-86-0,True,True,C/C=C/c1ccc(OCC)c(O)c1,C/C=C/c1ccc(OCC)c(O)c1,True,"['vanilla', 'phenolic']",vanilla;phenolic,True,False
3057,MOL_004381,Menthyl decanoate,94020-93-6,94020-93-6,True,True,CCCCCCCCCC(=O)OC1CC(C)CCC1C(C)C,CCCCCCCCCC(=O)OC1CC(C)CCC1C(C)C,True,"['floral', 'mint', 'herbal']",floral;mint;herbal,True,False
4468,MOL_004382,3-cyclohexyl propyl isobutyrate,94021-78-0,94021-78-0,True,True,CC(C)C(=O)OCCCC1CCCCC1,CC(C)C(=O)OCCCC1CCCCC1,True,"['green', 'fruity', 'metallic']",green;fruity;metallic,True,False
257,MOL_004383,Butyl butyrylglycolate,94022-04-5,94022-04-5,True,True,CCCCOC(=O)COC(=O)CCC,CCCCOC(=O)COC(=O)CCC,True,"['creamy', 'caramellic', 'fruity', 'fatty', 'dairy']",creamy;caramellic;fruity;fatty;dairy,True,False
4469,MOL_004384,isobornyl phenyl acetate,94022-06-7,94022-06-7,True,True,CC1(C2CCC1(C(C2)OC(=O)CC3=CC=CC=C3)C)C,CC1(C)C2CCC1(C)C(OC(=O)Cc1ccccc1)C2,True,"['pine', 'balsamic']",pine;balsamic,True,False
1441,MOL_004385,Methoxymethylbutanethiol,94087-83-9,94087-83-9,True,True,COCCC(C)(C)S,COCCC(C)(C)S,True,"['sulfurous', 'black currant', 'catty']",sulfurous;black currant;catty,True,False
1692,MOL_004386,Methylhexenyl acetate,94088-33-2,94088-33-2,True,True,CC/C=C/CC(C)OC(C)=O,CC/C=C/CC(C)OC(C)=O,True,"['green', 'fruity']",green;fruity,True,False
2775,MOL_004387,Hexenyl methylbutyrate,94089-01-7,94089-01-7,True,True,CCC/C=C/COC(=O)C(C)CC,CCC/C=C/COC(=O)C(C)CC,True,"['green', 'fruity', 'apple']",green;fruity;apple,True,False
2301,MOL_004388,Thienylethanethiol,94089-02-8,94089-02-8,True,True,CC(S)c1cccs1,CC(S)c1cccs1,True,"['burnt', 'coffee']",burnt;coffee,True,False
2638,MOL_004389,Hexenal propylene glycol acetal,94089-21-1,94089-21-1,True,True,CCC/C=C/C1OCC(C)O1,CCC/C=C/C1OCC(C)O1,True,"['green', 'fruity']",green;fruity,True,False
1297,MOL_004390,Isopropoxymethylpyrazine,94089-22-2,94089-22-2,True,True,Cc1nccnc1OC(C)C,Cc1nccnc1OC(C)C,True,"['green', 'fruity', 'sweet']",green;fruity;sweet,True,False
2585,MOL_004391,Acetoin propylene glycol ketal,94089-23-3,94089-23-3,True,True,CC1COC(C)(C(C)O)O1,CC1COC(C)(C(C)O)O1,True,"['fatty', 'fruity', 'buttery']",fatty;fruity;buttery,True,False
1540,MOL_004392,Methyl naphthyl ketone,941-98-0,941-98-0,True,True,CC(=O)c1cccc2ccccc12,CC(=O)c1cccc2ccccc12,True,['orange'],orange,True,False
856,MOL_004393,Ethylhexyl tiglate,94133-92-3,94133-92-3,True,True,C/C=C(\C)C(=O)OC(CC)CCCCC,C/C=C(\C)C(=O)OC(CC)CCCCC,True,"['fruity', 'spicy']",fruity;spicy,True,False
2559,MOL_004394,Octenyl propionate,94134-03-9,94134-03-9,True,True,CCCC/C=C/CCOC(=O)CC,CCCC/C=C/CCOC(=O)CC,True,"['melon', 'pear']",melon;pear,True,False
2874,MOL_004395,Sulfurol butyrate,94159-31-6,94159-31-6,True,True,CCCC(=O)OCCc1scnc1C,CCCC(=O)OCCc1scnc1C,True,"['fatty', 'nutty', 'meaty', 'roasted']",fatty;nutty;meaty;roasted,True,False
2875,MOL_004396,Sulfurol hexanoate,94159-32-7,94159-32-7,True,True,CCCCCC(=O)OCCc1scnc1C,CCCCCC(=O)OCCc1scnc1C,True,"['fatty', 'nutty', 'meaty', 'roasted']",fatty;nutty;meaty;roasted,True,False
4470,MOL_004397,bornyl 2-methyl butyrate,94200-10-9,94200-10-9,True,True,C1(C)(C)C2(CCC1CC2OC(=O)C(CC)C)C,CCC(C)C(=O)OC1CC2CCC1(C)C2(C)C,True,"['herbal', 'woody']",herbal;woody,True,False
2883,MOL_004398,Trimethylcyclohexyl butyrate,94200-12-1,94200-12-1,True,True,CCCC(=O)OC1CC(C)CC(C)(C)C1,CCCC(=O)OC1CC(C)CC(C)(C)C1,True,"['mint', 'fruity', 'banana', 'sweet']",mint;fruity;banana;sweet,True,False
4471,MOL_004399,3-cyclohexyl propyl butyrate,94200-13-2,94200-13-2,True,True,CCCC(=O)OCCCC1CCCCC1,CCCC(=O)OCCCC1CCCCC1,True,"['mint', 'green', 'waxy']",mint;green;waxy,True,False
4472,MOL_004400,coconut decanone methyl,94201-19-1,94201-19-1,True,True,CC1CCC2(CC1)CCC(=O)O2,CC1CCC2(CCC(=O)O2)CC1,True,"['milky', 'coconut', 'tropical', 'creamy', 'coumarinic', 'dairy', 'plum']",milky;coconut;tropical;creamy;coumarinic;dairy;plum,True,False
4473,MOL_004401,rose pyran,94201-73-7,94201-73-7,True,True,CC1CCOC(C1)C2=CC=CC=C2,CC1CCOC(c2ccccc2)C1,True,"['rose', 'fresh', 'green', 'herbal', 'phenolic', 'sharp']",rose;fresh;green;herbal;phenolic;sharp,True,False
2593,MOL_004402,Benzaldehyde diisoamyl acetal,94231-95-5,94231-95-5,True,True,CC(C)CCOC(OCCC(C)C)c1ccccc1,CC(C)CCOC(OCCC(C)C)c1ccccc1,True,"['fruity', 'almond', 'herbal', 'cherry', 'sweet']",fruity;almond;herbal;cherry;sweet,True,False
1501,MOL_004403,Methyl furfurylthiopropionate,94278-26-9,94278-26-9,True,True,COC(=S)C(C)Cc1ccco1,COC(=S)C(C)Cc1ccco1,True,"['meaty', 'roasted', 'earthy', 'fruity', 'nutty', 'coffee', 'sulfurous']",meaty;roasted;earthy;fruity;nutty;coffee;sulfurous,True,False
748,MOL_004404,Ethyl furfurylthiopropionate,94278-27-0,94278-27-0,True,True,CCOC(=O)CCSCc1ccco1,CCOC(=O)CCSCc1ccco1,True,"['roasted', 'garlic', 'nutty', 'onion', 'sulfurous']",roasted;garlic;nutty;onion;sulfurous,True,False
1401,MOL_004405,Menthone thioacetate,94293-57-9,94293-57-9,True,True,CC(=S)OC(C)(C)[C@@H]1CCC(C)CC1=O,CC(=S)OC(C)(C)[C@@H]1CCC(C)CC1=O,True,['catty'],catty,True,False
2907,MOL_004406,Butylacetophenone,943-27-1,943-27-1,True,True,CC(=O)c1ccc(C(C)(C)C)cc1,CC(=O)c1ccc(C(C)(C)C)cc1,True,"['balsamic', 'floral', 'sweet', 'herbal']",balsamic;floral;sweet;herbal,True,False
2900,MOL_004407,Anisylidene acetone,943-88-4,943-88-4,True,True,COc1ccc(/C=C/C(C)=O)cc1,COc1ccc(/C=C/C(C)=O)cc1,True,"['creamy', 'floral', 'sweet']",creamy;floral;sweet,True,False
4474,MOL_004408,myrascone,94333-50-3,94333-50-3,True,True,CCC1=C(C(CCC1C)(C)C)C(=O)OCC,CCOC(=O)C1=C(CC)C(C)CCC1(C)C,True,"['tropical', 'floral', 'fruity']",tropical;floral;fruity,True,False
4475,MOL_004409,clary acetate,94346-09-5,94346-09-5,True,True,C[C@@H]1[C@@H](CC[C@]1(C)OC(=O)C)C(=C)C,C=C(C)[C@@H]1CC[C@](C)(OC(C)=O)[C@@H]1C,True,"['warm', 'herbal', 'woody']",warm;herbal;woody,True,False
340,MOL_004410,Carvyl isovalerate,94386-39-7,94386-39-7,True,True,C=C(C)C1CC=C(C)C(OC(=O)CC(C)C)C1,C=C(C)C1CC=C(C)C(OC(=O)CC(C)C)C1,True,"['fruity', 'herbal', 'sweet']",fruity;herbal;sweet,True,False
4476,MOL_004411,cinnamaldehyde / methyl anthranilate schiff's base,94386-48-8,94386-48-8,True,True,COC(=O)C1=CC=CC=C1N=C/C=C/C2=CC=CC=C2,COC(=O)c1ccccc1N=C/C=C/c1ccccc1,True,"['sweet', 'cinnamon', 'pine']",sweet;cinnamon;pine,True,False
4477,MOL_004412,juniper carboxaldehyde,94406-15-2,94406-15-2,True,True,CC1(CC(C2=CCCCC21)(C)C=O)C,CC1(C=O)CC(C)(C)C2CCCC=C21,True,"['herbal', 'camphoreous', 'pine', 'black currant']",herbal;camphoreous;pine;black currant,True,False
3137,MOL_004413,Benzothiophene,95-15-8,95-15-8,True,True,c1ccc2sccc2c1,c1ccc2sccc2c1,True,"['earthy', 'gasoline', 'burnt', 'sulfurous']",earthy;gasoline;burnt;sulfurous,True,False
172,MOL_004414,Benzothiazole,95-16-9,95-16-9,True,True,c1ccc2scnc2c1,c1ccc2scnc2c1,True,"['vegetable', 'burnt', 'coffee', 'sulfurous', 'beefy']",vegetable;burnt;coffee;sulfurous;beefy,True,False
1694,MOL_004415,Methylindole,95-20-5,95-20-5,True,True,Cc1cc2ccccc2[nH]1,Cc1cc2ccccc2[nH]1,True,['animal'],animal,True,False
1591,MOL_004416,Methylbenzoxazole,95-21-6,95-21-6,True,True,Cc1nc2ccccc2o1,Cc1nc2ccccc2o1,True,"['tobacco', 'vanilla', 'pungent', 'burnt', 'floral', 'sweet']",tobacco;vanilla;pungent;burnt;floral;sweet,True,False
3239,MOL_004417,Hexylcyclopentenone,95-41-0,95-41-0,True,True,CCCCCCC1=CCCC1=O,CCCCCCC1=CCCC1=O,True,"['hay', 'fruity', 'jasmine', 'herbal', 'sweet']",hay;fruity;jasmine;herbal;sweet,True,False
393,MOL_004418,Cresol,95-48-7,95-48-7,True,True,Cc1ccccc1O,Cc1ccccc1O,True,"['phenolic', 'medicinal']",phenolic;medicinal,True,False
2428,MOL_004419,Xylenol,95-65-8,95-65-8,True,True,Cc1ccc(O)cc1C,Cc1ccc(O)cc1C,True,['dry'],dry,True,False
2426,MOL_004420,Xylenol,95-87-4,95-87-4,True,True,Cc1ccc(C)c(O)c1,Cc1ccc(C)c(O)c1,True,"['phenolic', 'smoky']",phenolic;smoky,True,False
509,MOL_004421,Diethyl oxalate,95-92-1,95-92-1,True,True,CCOC(=O)C(=O)OCC,CCOC(=O)C(=O)OCC,True,"['fruity', 'musk', 'fermented', 'herbal', 'winey']",fruity;musk;fermented;herbal;winey,True,False
4478,MOL_004422,woody dodecane,950-33-4,950-33-4,True,True,COC1(CCCCCCCCCCC1)OC,COC1(OC)CCCCCCCCCCC1,True,"['woody', 'earthy', 'musk']",woody;earthy;musk,True,False
4479,MOL_004423,cascalone (Firmenich),950919-28-5,950919-28-5,True,True,CC(C)C1=CC2=C(C=C1)OCC(=O)CO2,CC(C)c1ccc2c(c1)OCC(=O)CO2,True,"['fresh', 'fruity']",fresh;fruity,True,False
3221,MOL_004424,Diisoamyl trisulfide,955371-64-9,955371-64-9,True,True,CC(C)CCSSSCCC(C)C,CC(C)CCSSSCCC(C)C,True,"['onion', 'garlic']",onion;garlic,True,False
4480,MOL_004425,peach cyclopentanone,95962-14-4,95962-14-4,True,True,CC1=CCC(CC1)C(C)CC2CCCC2=O,CC1=CCC(C(C)CC2CCCC2=O)CC1,True,"['fruity', 'tropical', 'milky', 'peach', 'apricot', 'oily', 'waxy', 'creamy', 'coconut']",fruity;tropical;milky;peach;apricot;oily;waxy;creamy;coconut,True,False
4481,MOL_004426,"(E,E)-sorbyl butyrate",95994-93-7,95994-93-7,True,True,CCCC(=O)OC/C=C/C=C/C,C/C=C/C=C/COC(=O)CCC,True,"['fruity', 'green', 'winey', 'cheesy', 'dairy']",fruity;green;winey;cheesy;dairy,True,False
990,MOL_004427,Heptanedione,96-04-8,96-04-8,True,True,CCCCC(=O)C(C)=O,CCCCC(=O)C(C)=O,True,"['fatty', 'cheesy', 'sweet', 'buttery']",fatty;cheesy;sweet;buttery,True,False
4482,MOL_004428,limonene diepoxide,96-08-2,96-08-2,True,True,CC1C(O1)C2CCC3(C(C2)O3)C,CC1OC1C1CCC2(C)OC2C1,True,['mint'],mint,True,False
1631,MOL_004429,Methylbutylamine,96-15-1,96-15-1,True,True,CC[C@@H](C)CN,CC[C@@H](C)CN,True,"['ripe', 'fishy', 'cheesy']",ripe;fishy;cheesy,True,False
1632,MOL_004430,Methylbutyraldehyde,96-17-3,96-17-3,True,True,CCC(C)C=O,CCC(C)C=O,True,"['malty', 'green', 'fruity', 'cocoa', 'fermented']",malty;green;fruity;cocoa;fermented,True,False
1996,MOL_004431,Pentanone,96-22-0,96-22-0,True,True,CCC(=O)CC,CCC(=O)CC,True,"['fruity', 'caramellic', 'ethereal', 'cheesy']",fruity;caramellic;ethereal;cheesy,True,False
4483,MOL_004432,dihydroxyacetone (monomer),96-26-4,96-26-4,True,True,C(C(=O)CO)O,O=C(CO)CO,True,['mint'],mint,True,False
1470,MOL_004433,Methyl acrylate,96-33-3,96-33-3,True,True,C=CC(=O)OC,C=CC(=O)OC,True,"['chamomile', 'pungent']",chamomile;pungent,True,False
2819,MOL_004434,Methyl glycolate,96-35-5,96-35-5,True,True,COC(=O)CO,COC(=O)CO,True,"['burnt', 'caramellic', 'ethereal']",burnt;caramellic;ethereal,True,False
422,MOL_004435,Cyclopentanol,96-41-3,96-41-3,True,True,OC1CCCC1,OC1CCCC1,True,"['fermented', 'alcoholic', 'solvent', 'ethereal']",fermented;alcoholic;solvent;ethereal,True,False
1775,MOL_004436,Methyltetrahydrofuran,96-47-9,96-47-9,True,True,CC1CCCO1,CC1CCCO1,True,"['solvent', 'mint', 'sweet']",solvent;mint;sweet,True,False
1147,MOL_004437,Hydroxybutanoic acid lactone,96-48-0,96-48-0,True,True,O=C1CCCO1,O=C1CCCO1,True,"['nutty', 'caramellic', 'buttery']",nutty;caramellic;buttery,True,False
1767,MOL_004438,Methylpyrrole,96-54-8,96-54-8,True,True,Cn1cccc1,Cn1cccc1,True,"['animal', 'herbal', 'woody', 'smoky', 'sweet']",animal;herbal;woody;smoky;sweet,True,False
3059,MOL_004439,Menthyl palmitate,96097-19-7,96097-19-7,True,True,CCCCCCCCCCCCCCCC(=O)OC1CC(C)CCC1C(C)C,CCCCCCCCCCCCCCCC(=O)OC1CC(C)CCC1C(C)C,True,"['waxy', 'odorless']",waxy;odorless,True,False
3133,MOL_004440,Pentylmethylthiazole,96693-92-4,96693-92-4,True,True,CCCCCc1csc(C)n1,CCCCCc1csc(C)n1,True,"['green', 'vegetable', 'meaty']",green;vegetable;meaty,True,False
338,MOL_004441,Carvyl acetate,97-42-7,97-42-7,True,True,C=C(C)C1CC=C(C)C(OC(C)=O)C1,C=C(C)C1CC=C(C)C(OC(C)=O)C1,True,"['sour', 'green', 'fruity', 'herbal', 'sweet']",sour;green;fruity;herbal;sweet,True,False
341,MOL_004442,Carvyl propionate,97-45-0,97-45-0,True,True,C=C(C)C1CC=C(C)C(OC(=O)CC)C1,C=C(C)C1CC=C(C)C(OC(=O)CC)C1,True,"['fruity', 'warm', 'sweet', 'mint']",fruity;warm;sweet;mint,True,False
890,MOL_004443,Eugenol,97-53-0,97-53-0,True,True,C=CCc1ccc(O)c(OC)c1,C=CCc1ccc(O)c(OC)c1,True,"['spicy', 'smoky', 'pungent', 'dry']",spicy;smoky;pungent;dry,True,False
4484,MOL_004444,isoeugenol,97-54-1,97-54-1,True,True,CC(=C)C1=CC(=C(C=C1)O)OC,C=C(C)c1ccc(O)c(OC)c1,True,"['sweet', 'spicy', 'woody', 'floral']",sweet;spicy;woody;floral,True,False
1822,MOL_004445,Methylvaleric acid,97-61-0,97-61-0,True,True,CCCC(C)C(=O)O,CCCC(C)C(=O)O,True,"['creamy', 'sour', 'dairy', 'pungent', 'cheesy']",creamy;sour;dairy;pungent;cheesy,True,False
764,MOL_004446,Ethyl isobutyrate,97-62-1,97-62-1,True,True,CCOC(=O)C(C)C,CCOC(=O)C(C)C,True,"['apple', 'ethereal', 'fruity', 'sweet', 'rum']",apple;ethereal;fruity;sweet;rum,True,False
775,MOL_004447,Ethyl methacrylate,97-63-2,97-63-2,True,True,C=C(C)C(=O)OCC,C=C(C)C(=O)OCC,True,"['apple', 'chamomile', 'pungent']",apple;chamomile;pungent,True,False
766,MOL_004448,Ethyl lactate,97-64-3,97-64-3,True,True,CCOC(=O)C(C)O,CCOC(=O)C(C)O,True,"['buttery', 'ethereal', 'rum']",buttery;ethereal;rum,True,False
1242,MOL_004449,Isobutyl isobutyrate,97-85-8,97-85-8,True,True,CC(C)COC(=O)C(C)C,CC(C)COC(=O)C(C)C,True,"['fruity', 'banana', 'tropical', 'pineapple', 'winey', 'sweet']",fruity;banana;tropical;pineapple;winey;sweet,True,False
1225,MOL_004450,Isobutyl  methacrylate,97-86-9,97-86-9,True,True,C=C(C)C(=O)OCC(C)C,C=C(C)C(=O)OCC(C)C,True,"['chamomile', 'pungent']",chamomile;pungent,True,False
275,MOL_004451,Butyl isobutyrate,97-87-0,97-87-0,True,True,CCCCOC(=O)C(C)C,CCCCOC(=O)C(C)C,True,['fruity'],fruity,True,False
2687,MOL_004452,Butyl methacrylate,97-88-1,97-88-1,True,True,C=C(C)C(=O)OCCCC,C=C(C)C(=O)OCCCC,True,"['fruity', 'sweet', 'ethereal', 'herbal']",fruity;sweet;ethereal;herbal,True,False
386,MOL_004453,Citronellyl isobutyrate,97-89-2,97-89-2,True,True,CC(C)=CCCC(C)CCOC(=O)C(C)C,CC(C)=CCCC(C)CCOC(=O)C(C)C,True,"['fruity', 'rose', 'sweet']",fruity;rose;sweet,True,False
837,MOL_004454,Ethylbutanol,97-95-0,97-95-0,True,True,CCC(CC)CO,CCC(CC)CO,True,"['fermented', 'alcoholic', 'solvent']",fermented;alcoholic;solvent,True,False
839,MOL_004455,Ethylbutyraldehyde,97-96-1,97-96-1,True,True,CCC(C=O)CC,CCC(C=O)CC,True,"['caramellic', 'green', 'fruity', 'cocoa', 'fresh', 'pungent']",caramellic;green;fruity;cocoa;fresh;pungent,True,False
2281,MOL_004456,Tetrahydrofurfuryl alcohol,97-99-4,97-99-4,True,True,OCC1CCCO1,OCC1CCCO1,True,"['caramellic', 'solvent', 'oily', 'fruity']",caramellic;solvent;oily;fruity,True,False
4485,MOL_004457,3-cyclohexyl propyl propionate,97158-38-8,97158-38-8,True,True,CCC(=O)OCCCC1CCCCC1,CCC(=O)OCCCC1CCCCC1,True,"['green', 'fruity', 'fresh', 'berry']",green;fruity;fresh;berry,True,False
4486,MOL_004458,bean hexene,97358-54-8,97358-54-8,True,True,CC\C=C\CCOC(CC)OC,CC/C=C/CCOC(CC)OC,True,"['fresh', 'green', 'musty', 'woody', 'vegetable', 'leafy']",fresh;green;musty;woody;vegetable;leafy,True,False
4487,MOL_004459,privetone,97375-48-9,97375-48-9,True,True,CC1=CC=C(C=C1)OCCOC,COCCOc1ccc(C)cc1,True,"['fresh', 'green', 'floral', 'woody', 'earthy', 'herbal', 'phenolic', 'melon', 'animal']",fresh;green;floral;woody;earthy;herbal;phenolic;melon;animal,True,False
4488,MOL_004460,agrumen nitrile,97384-48-0,97384-48-0,True,True,CC(CC1=CC=CC=C1)(C=C)C#N,C=CC(C)(C#N)Cc1ccccc1,True,"['aldehydic', 'spicy', 'herbal', 'green', 'sweet']",aldehydic;spicy;herbal;green;sweet,True,False
3216,MOL_004461,Tetramethylbicyclononadienone,97844-16-1,97844-16-1,True,True,CC1=C(C2=CC=CC(=O)CCCC2)CCCCC(C)C(C)=C1C,CC1=C(C2=CC=CC(=O)CCCC2)CCCCC(C)C(C)=C1C,True,['fruity'],fruity,True,False
3215,MOL_004462,Tetramethylbicyclononadienol,97866-86-9,97866-86-9,True,True,CC1=C(C2=C(O)C=CCCCCC2)CCCCC(C)C(C)=C1C,CC1=C(C2=C(O)C=CCCCCC2)CCCCC(C)C(C)=C1C,True,['fruity'],fruity,True,False
3182,MOL_004463,Methylbutyl methylbutenoate,97890-13-6,97890-13-6,True,True,CCC(C)COC(=O)C=C(C)C,CCC(C)COC(=O)C=C(C)C,True,"['fruity', 'chamomile', 'apple', 'floral']",fruity;chamomile;apple;floral,True,False
4489,MOL_004464,furfuryl alcohol,98-00-0,98-00-0,True,True,C1=COC(=C1)CO,OCc1ccco1,True,"['alcoholic', 'musty', 'sweet', 'caramellic', 'bread', 'coffee', 'sulfurous', 'fruity']",alcoholic;musty;sweet;caramellic;bread;coffee;sulfurous;fruity,True,False
916,MOL_004465,Furfural,98-01-1,98-01-1,True,True,O=Cc1ccco1,O=Cc1ccco1,True,"['spicy', 'caramellic', 'almond', 'bread', 'sweet']",spicy;caramellic;almond;bread;sweet,True,False
924,MOL_004466,Furfuryl mercaptan,98-02-2,98-02-2,True,True,SCc1ccco1,SCc1ccco1,True,"['alliaceous', 'burnt', 'caramellic', 'coffee']",alliaceous;burnt;caramellic;coffee,True,False
2307,MOL_004467,Thiophenecarbaldehyde,98-03-3,98-03-3,True,True,O=Cc1cccs1,O=Cc1cccs1,True,"['nutty', 'coconut']",nutty;coconut,True,False
2940,MOL_004468,Butylcyclohexanol,98-52-2,98-52-2,True,True,CC(C)(C)C1CCC(O)CC1,CC(C)(C)C1CCC(O)CC1,True,"['leathery', 'camphoreous', 'woody', 'dry']",leathery;camphoreous;woody;dry,True,False
2906,MOL_004469,Butylcyclohexanone,98-53-3,98-53-3,True,True,CC(C)(C)C1CCC(=O)CC1,CC(C)(C)C1CCC(=O)CC1,True,"['camphoreous', 'mint', 'dry']",camphoreous;mint;dry,True,False
595,MOL_004470,Dimethylethylphenol,98-54-4,98-54-4,True,True,CC(C)(C)c1ccc(O)cc1,CC(C)(C)c1ccc(O)cc1,True,"['phenolic', 'leathery']",phenolic;leathery,True,False
2264,MOL_004471,Terpineol,98-55-5,98-55-5,True,True,CC1=CC[C@H](C(C)(C)O)CC1,CC1=CC[C@H](C(C)(C)O)CC1,True,"['floral', 'sweet']",floral;sweet,True,False
1655,MOL_004472,Methylethenylbenzene,98-83-9,98-83-9,True,True,C=C(C)c1ccccc1,C=C(C)c1ccccc1,True,['herbal'],herbal,True,False
1595,MOL_004473,Styrallyl alcohol,98-85-1,98-85-1,True,True,CC(O)c1ccccc1,CC(O)c1ccccc1,True,"['rose', 'green', 'earthy', 'floral']",rose;green;earthy;floral,True,False
38,MOL_004474,Acetophenone,98-86-2,98-86-2,True,True,CC(=O)c1ccccc1,CC(=O)c1ccccc1,True,"['cherry', 'pungent', 'sweet']",cherry;pungent;sweet,True,False
404,MOL_004475,Cyclohexanecarboxylic acid,98-89-5,98-89-5,True,True,O=C(O)C1CCCCC1,O=C(O)C1CCCCC1,True,"['fruity', 'cheesy']",fruity;cheesy,True,False
4490,MOL_004476,nonyl heptanoate,98841-69-1,98841-69-1,True,True,CCCCCCCCCOC(=O)CCCCCC,CCCCCCCCCOC(=O)CCCCCC,True,"['orange', 'rose', 'herbal', 'cognac']",orange;rose;herbal;cognac,True,False
334,MOL_004477,Carveol,99-48-9,99-48-9,True,True,C=C(C)C1CC=C(C)C(O)C1,C=C(C)C1CC=C(C)C(O)C1,True,['sweet'],sweet,True,False
4491,MOL_004478,carvone,99-49-0,99-49-0,True,True,CC1=CCC(CC1=O)C(=C)C,C=C(C)C1CC=C(C)C(=O)C1,True,"['mint', 'anisic']",mint;anisic,True,False
4492,MOL_004479,"3,4-dihydroxybenzoic acid",99-50-3,99-50-3,True,True,Oc1ccc(cc1O)C(=O)O,O=C(O)c1ccc(O)c(O)c1,True,"['phenolic', 'balsamic']",phenolic;balsamic,True,False
2328,MOL_004480,Tolylpropionaldehyde,99-72-9,99-72-9,True,True,Cc1ccc(C(C)C=O)cc1,Cc1ccc(C(C)C=O)cc1,True,"['green', 'fresh', 'herbal', 'woody', 'floral', 'sweet']",green;fresh;herbal;woody;floral;sweet,True,False
1526,MOL_004481,Methyl methylbenzoate,99-75-2,99-75-2,True,True,COC(=O)c1ccc(C)cc1,COC(=O)c1ccc(C)cc1,True,"['anisic', 'fruity', 'floral', 'sweet']",anisic;fruity;floral;sweet,True,False
2022,MOL_004482,Phellandrene,99-83-2,99-83-2,True,True,CC1=CCC(C(C)C)C=C1,CC1=CCC(C(C)C)C=C1,True,"['spicy', 'citrus', 'fresh', 'woody', 'mint']",spicy;citrus;fresh;woody;mint,True,False
2260,MOL_004483,Terpinene,99-85-4,99-85-4,True,True,CC1=CCC(C(C)C)=CC1,CC1=CCC(C(C)C)=CC1,True,"['fresh', 'citrus', 'herbal']",fresh;citrus;herbal,True,False
2259,MOL_004484,Terpinene,99-86-5,99-86-5,True,True,CC1=CC=C(C(C)C)CC1,CC1=CC=C(C(C)C)CC1,True,"['fresh', 'lemon', 'citrus']",fresh;lemon;citrus,True,False
425,MOL_004485,Cymene,99-87-6,99-87-6,True,True,Cc1ccc(C(C)C)cc1,Cc1ccc(C(C)C)cc1,True,['citrus'],citrus,True,False
1335,MOL_004486,Isopropylphenol,99-89-8,99-89-8,True,True,CC(C)c1ccc(O)cc1,CC(C)c1ccc(O)cc1,True,"['phenolic', 'medicinal']",phenolic;medicinal,True,False
4493,MOL_004487,para-chloroacetophenone,99-91-2,99-91-2,True,True,CC(=O)c1ccc(cc1)Cl,CC(=O)c1ccc(Cl)cc1,True,"['sweet', 'floral', 'hay']",sweet;floral;hay,True,False
2546,MOL_004488,Hydroxyacetophenone,99-93-4,99-93-4,True,True,CC(=O)c1ccc(O)cc1,CC(=O)c1ccc(O)cc1,True,"['hay', 'fruity', 'herbal', 'woody', 'balsamic', 'floral']",hay;fruity;herbal;woody;balsamic;floral,True,False
1144,MOL_004489,Hydroxybenzoic acid,99-96-7,99-96-7,True,True,O=C(O)c1ccc(O)cc1,O=C(O)c1ccc(O)cc1,True,['odorless'],odorless,True,False
2878,MOL_004490,Tetrahydrofurfuryl mercaptopropionate,99253-91-5,99253-91-5,True,True,CC(S)C(=O)OCC1CCCO1,CC(S)C(=O)OCC1CCCO1,True,"['sulfurous', 'savory', 'tropical']",sulfurous;savory;tropical,True,False
2817,MOL_004491,Methyl tolylglycidate,99334-18-6,99334-18-6,True,True,COC(=O)C1(c2ccccc2C)CO1,COC(=O)C1(c2ccccc2C)CO1,True,"['fruity', 'sweet', 'berry']",fruity;sweet;berry,True,False
4494,MOL_004492,"N,N-diethyl octanamide",996-97-4,996-97-4,True,True,CCCCCCCC(=O)N(CC)CC,CCCCCCCC(=O)N(CC)CC,True,"['spicy', 'sweet', 'mint', 'fresh', 'tobacco', 'woody', 'fruity']",spicy;sweet;mint;fresh;tobacco;woody;fruity,True,False
4495,MOL_004493,ethyl 4-hydroxybutyrate,999-10-0,999-10-0,True,True,CCOC(=O)CCCO,CCOC(=O)CCCO,True,['caramellic'],caramellic,True,False
1852,MOL_004494,Neryl butyrate,999-40-6,999-40-6,True,True,CCCC(=O)OC/C=C(/C)CCC=C(C)C,CCCC(=O)OC/C=C(/C)CCC=C(C)C,True,"['fruity', 'floral', 'sweet', 'orange']",fruity;floral;sweet;orange,True,False
2955,MOL_004495,Methylmethylthiomethylhexenal,99910-84-6,99910-84-6,True,True,CCC(C)/C=C(\C=O)CSC,CCC(C)/C=C(\C=O)CSC,True,"['spicy', 'meaty', 'onion', 'herbal']",spicy;meaty;onion;herbal,True,False
