cas,receptor,pocket,kind,role,pose_id,status,exit_code,message
106-25-2,OR1D2,OR1D2_P_0,all_pose,pose_0001,pose_0001,SUCCESS,0,PLIP XML generated
106-25-2,OR1D2,OR1D2_P_0,all_pose,pose_0002,pose_0002,SUCCESS,0,PLIP XML generated
106-25-2,OR1D2,OR1D2_P_0,all_pose,pose_0003,pose_0003,SUCCESS,0,PLIP XML generated
106-25-2,OR1D2,OR1D2_P_0,all_pose,pose_0004,pose_0004,SUCCESS,0,PLIP XML generated
106-25-2,OR1D2,OR1D2_P_0,all_pose,pose_0005,pose_0005,SUCCESS,0,PLIP XML generated
106-25-2,OR1D2,OR1D2_P_0,all_pose,pose_0006,pose_0006,SUCCESS,0,PLIP XML generated
106-25-2,OR1D2,OR1D2_P_0,all_pose,pose_0007,pose_0007,SUCCESS,0,PLIP XML generated
106-25-2,OR1D2,OR1D2_P_0,all_pose,pose_0008,pose_0008,SUCCESS,0,PLIP XML generated
106-25-2,OR1D2,OR1D2_P_0,all_pose,pose_0009,pose_0009,SUCCESS,0,PLIP XML generated
106-25-2,OR1D2,OR1D2_P_0,all_pose,pose_0010,pose_0010,SUCCESS,0,PLIP XML generated
106-25-2,OR1D2,OR1D2_P_0,all_pose,pose_0011,pose_0011,SUCCESS,0,PLIP XML generated
106-25-2,OR1D2,OR1D2_P_0,all_pose,pose_0012,pose_0012,SUCCESS,0,PLIP XML generated
106-25-2,OR1D2,OR1D2_P_0,all_pose,pose_0013,pose_0013,SUCCESS,0,PLIP XML generated
106-25-2,OR1D2,OR1D2_P_0,all_pose,pose_0014,pose_0014,SUCCESS,0,PLIP XML generated
106-25-2,OR1D2,OR1D2_P_0,all_pose,pose_0015,pose_0015,SUCCESS,0,PLIP XML generated
106-25-2,OR1D2,OR1D2_P_0,all_pose,pose_0016,pose_0016,SUCCESS,0,PLIP XML generated
106-25-2,OR1D2,OR1D2_P_0,all_pose,pose_0017,pose_0017,SUCCESS,0,PLIP XML generated
106-25-2,OR1D2,OR1D2_P_0,all_pose,pose_0018,pose_0018,SUCCESS,0,PLIP XML generated
106-25-2,OR1D2,OR1D2_P_0,all_pose,pose_0019,pose_0019,SUCCESS,0,PLIP XML generated
106-25-2,OR1D2,OR1D2_P_0,all_pose,pose_0020,pose_0020,SUCCESS,0,PLIP XML generated
106-25-2,OR1D2,OR1D2_P_0,all_pose,pose_0021,pose_0021,SUCCESS,0,PLIP XML generated
106-25-2,OR1D2,OR1D2_P_0,all_pose,pose_0022,pose_0022,SUCCESS,0,PLIP XML generated
106-25-2,OR1D2,OR1D2_P_0,all_pose,pose_0023,pose_0023,SUCCESS,0,PLIP XML generated
106-25-2,OR1D2,OR1D2_P_0,all_pose,pose_0024,pose_0024,SUCCESS,0,PLIP XML generated
106-25-2,OR1D2,OR1D2_P_0,all_pose,pose_0025,pose_0025,SUCCESS,0,PLIP XML generated
106-25-2,OR1D2,OR1D2_P_0,all_pose,pose_0026,pose_0026,SUCCESS,0,PLIP XML generated
106-25-2,OR1D2,OR1D2_P_0,all_pose,pose_0027,pose_0027,SUCCESS,0,PLIP XML generated
106-25-2,OR1D2,OR1D2_P_0,all_pose,pose_0028,pose_0028,SUCCESS,0,PLIP XML generated
106-25-2,OR1D2,OR1D2_P_0,all_pose,pose_0029,pose_0029,SUCCESS,0,PLIP XML generated
106-25-2,OR1D2,OR1D2_P_0,all_pose,pose_0030,pose_0030,SUCCESS,0,PLIP XML generated
106-25-2,OR1D2,OR1D2_P_0,all_pose,pose_0031,pose_0031,SUCCESS,0,PLIP XML generated
106-25-2,OR1D2,OR1D2_P_0,all_pose,pose_0032,pose_0032,SUCCESS,0,PLIP XML generated
106-25-2,OR1D2,OR1D2_P_0,all_pose,pose_0033,pose_0033,SUCCESS,0,PLIP XML generated
106-25-2,OR1D2,OR1D2_P_0,all_pose,pose_0034,pose_0034,SUCCESS,0,PLIP XML generated
106-25-2,OR1D2,OR1D2_P_0,all_pose,pose_0035,pose_0035,SUCCESS,0,PLIP XML generated
106-25-2,OR1D2,OR1D2_P_0,all_pose,pose_0036,pose_0036,SUCCESS,0,PLIP XML generated
106-25-2,OR1D2,OR1D2_P_0,all_pose,pose_0037,pose_0037,SUCCESS,0,PLIP XML generated
106-25-2,OR1D2,OR1D2_P_0,all_pose,pose_0038,pose_0038,SUCCESS,0,PLIP XML generated
106-25-2,OR1D2,OR1D2_P_0,all_pose,pose_0039,pose_0039,SUCCESS,0,PLIP XML generated
106-25-2,OR1D2,OR1D2_P_0,all_pose,pose_0040,pose_0040,SUCCESS,0,PLIP XML generated
106-25-2,OR1D2,OR1D2_P_0,all_pose,pose_0041,pose_0041,SUCCESS,0,PLIP XML generated
106-25-2,OR1D2,OR1D2_P_0,all_pose,pose_0042,pose_0042,SUCCESS,0,PLIP XML generated
106-25-2,OR1D2,OR1D2_P_0,all_pose,pose_0043,pose_0043,SUCCESS,0,PLIP XML generated
106-25-2,OR1D2,OR1D2_P_0,all_pose,pose_0044,pose_0044,SUCCESS,0,PLIP XML generated
106-25-2,OR1D2,OR1D2_P_0,all_pose,pose_0045,pose_0045,SUCCESS,0,PLIP XML generated
106-25-2,OR1D2,OR1D2_P_0,all_pose,pose_0046,pose_0046,SUCCESS,0,PLIP XML generated
106-25-2,OR1D2,OR1D2_P_0,all_pose,pose_0047,pose_0047,SUCCESS,0,PLIP XML generated
106-25-2,OR1D2,OR1D2_P_0,all_pose,pose_0048,pose_0048,SUCCESS,0,PLIP XML generated
106-25-2,OR1D2,OR1D2_P_0,all_pose,pose_0049,pose_0049,SUCCESS,0,PLIP XML generated
106-25-2,OR1D2,OR1D2_P_0,all_pose,pose_0050,pose_0050,SUCCESS,0,PLIP XML generated
106-25-2,OR1D2,OR1D2_P_0,all_pose,pose_0051,pose_0051,SUCCESS,0,PLIP XML generated
106-25-2,OR1D2,OR1D2_P_0,all_pose,pose_0052,pose_0052,SUCCESS,0,PLIP XML generated
106-25-2,OR1D2,OR1D2_P_0,all_pose,pose_0053,pose_0053,SUCCESS,0,PLIP XML generated
106-25-2,OR1D2,OR1D2_P_0,all_pose,pose_0054,pose_0054,SUCCESS,0,PLIP XML generated
106-25-2,OR1D2,OR1D2_P_0,all_pose,pose_0055,pose_0055,SUCCESS,0,PLIP XML generated
106-25-2,OR1D2,OR1D2_P_0,all_pose,pose_0056,pose_0056,SUCCESS,0,PLIP XML generated
106-25-2,OR1D2,OR1D2_P_0,all_pose,pose_0057,pose_0057,SUCCESS,0,PLIP XML generated
106-25-2,OR1D2,OR1D2_P_0,all_pose,pose_0058,pose_0058,SUCCESS,0,PLIP XML generated
106-25-2,OR1D2,OR1D2_P_0,all_pose,pose_0059,pose_0059,SUCCESS,0,PLIP XML generated
106-25-2,OR1D2,OR1D2_P_0,all_pose,pose_0060,pose_0060,SUCCESS,0,PLIP XML generated
106-25-2,OR1D2,OR1D2_P_0,all_pose,pose_0061,pose_0061,SUCCESS,0,PLIP XML generated
106-25-2,OR1D2,OR1D2_P_0,all_pose,pose_0062,pose_0062,SUCCESS,0,PLIP XML generated
106-25-2,OR1D2,OR1D2_P_0,all_pose,pose_0063,pose_0063,SUCCESS,0,PLIP XML generated
106-25-2,OR1D2,OR1D2_P_0,all_pose,pose_0064,pose_0064,SUCCESS,0,PLIP XML generated
106-25-2,OR1D2,OR1D2_P_0,all_pose,pose_0065,pose_0065,SUCCESS,0,PLIP XML generated
106-25-2,OR1D2,OR1D2_P_0,all_pose,pose_0066,pose_0066,SUCCESS,0,PLIP XML generated
106-25-2,OR1D2,OR1D2_P_0,all_pose,pose_0067,pose_0067,SUCCESS,0,PLIP XML generated
106-25-2,OR1D2,OR1D2_P_0,all_pose,pose_0068,pose_0068,SUCCESS,0,PLIP XML generated
106-25-2,OR1D2,OR1D2_P_0,all_pose,pose_0069,pose_0069,SUCCESS,0,PLIP XML generated
106-25-2,OR1D2,OR1D2_P_0,all_pose,pose_0070,pose_0070,SUCCESS,0,PLIP XML generated
106-25-2,OR1D2,OR1D2_P_0,all_pose,pose_0071,pose_0071,SUCCESS,0,PLIP XML generated
106-25-2,OR1D2,OR1D2_P_0,all_pose,pose_0072,pose_0072,SUCCESS,0,PLIP XML generated
106-25-2,OR1D2,OR1D2_P_0,all_pose,pose_0073,pose_0073,SUCCESS,0,PLIP XML generated
106-25-2,OR1D2,OR1D2_P_0,all_pose,pose_0074,pose_0074,SUCCESS,0,PLIP XML generated
106-25-2,OR1D2,OR1D2_P_0,all_pose,pose_0075,pose_0075,SUCCESS,0,PLIP XML generated
106-25-2,OR1D2,OR1D2_P_0,all_pose,pose_0076,pose_0076,SUCCESS,0,PLIP XML generated
106-25-2,OR1D2,OR1D2_P_0,all_pose,pose_0077,pose_0077,SUCCESS,0,PLIP XML generated
106-25-2,OR1D2,OR1D2_P_0,all_pose,pose_0078,pose_0078,SUCCESS,0,PLIP XML generated
106-25-2,OR1D2,OR1D2_P_0,all_pose,pose_0079,pose_0079,SUCCESS,0,PLIP XML generated
106-25-2,OR1D2,OR1D2_P_0,all_pose,pose_0080,pose_0080,SUCCESS,0,PLIP XML generated
106-25-2,OR1D2,OR1D2_P_0,all_pose,pose_0081,pose_0081,SUCCESS,0,PLIP XML generated
106-25-2,OR1D2,OR1D2_P_0,all_pose,pose_0082,pose_0082,SUCCESS,0,PLIP XML generated
106-25-2,OR1D2,OR1D2_P_0,all_pose,pose_0083,pose_0083,SUCCESS,0,PLIP XML generated
106-25-2,OR1D2,OR1D2_P_0,all_pose,pose_0084,pose_0084,SUCCESS,0,PLIP XML generated
106-25-2,OR1D2,OR1D2_P_0,all_pose,pose_0085,pose_0085,SUCCESS,0,PLIP XML generated
106-25-2,OR1D2,OR1D2_P_0,all_pose,pose_0086,pose_0086,SUCCESS,0,PLIP XML generated
106-25-2,OR1D2,OR1D2_P_0,all_pose,pose_0087,pose_0087,SUCCESS,0,PLIP XML generated
106-25-2,OR1D2,OR1D2_P_0,all_pose,pose_0088,pose_0088,SUCCESS,0,PLIP XML generated
106-25-2,OR1D2,OR1D2_P_0,all_pose,pose_0089,pose_0089,SUCCESS,0,PLIP XML generated
106-25-2,OR1D2,OR1D2_P_0,all_pose,pose_0090,pose_0090,SUCCESS,0,PLIP XML generated
106-25-2,OR1D2,OR1D2_P_0,all_pose,pose_0091,pose_0091,SUCCESS,0,PLIP XML generated
106-25-2,OR1D2,OR1D2_P_0,all_pose,pose_0092,pose_0092,SUCCESS,0,PLIP XML generated
106-25-2,OR1D2,OR1D2_P_0,all_pose,pose_0093,pose_0093,SUCCESS,0,PLIP XML generated
106-25-2,OR1D2,OR1D2_P_0,all_pose,pose_0094,pose_0094,SUCCESS,0,PLIP XML generated
106-25-2,OR1D2,OR1D2_P_0,all_pose,pose_0095,pose_0095,SUCCESS,0,PLIP XML generated
106-25-2,OR1D2,OR1D2_P_0,all_pose,pose_0096,pose_0096,SUCCESS,0,PLIP XML generated
106-25-2,OR1D2,OR1D2_P_0,all_pose,pose_0097,pose_0097,SUCCESS,0,PLIP XML generated
106-25-2,OR1D2,OR1D2_P_0,all_pose,pose_0098,pose_0098,SUCCESS,0,PLIP XML generated
106-25-2,OR1D2,OR1D2_P_0,all_pose,pose_0099,pose_0099,SUCCESS,0,PLIP XML generated
106-25-2,OR1D2,OR1D2_P_0,all_pose,pose_0100,pose_0100,SUCCESS,0,PLIP XML generated
106-25-2,OR1D2,OR1D2_P_0,representative,cluster_002_medoid,pose_0094,SUCCESS,0,PLIP XML generated
106-25-2,OR1D2,OR1D2_P_0,representative,cluster_003_medoid,pose_0084,SUCCESS,0,PLIP XML generated
106-25-2,OR1D2,OR1D2_P_0,representative,dominant_cluster_medoid,pose_0085,SUCCESS,0,PLIP XML generated
106-25-2,OR1D2,OR1D2_P_0,representative,global_lowest_energy,pose_0038,SUCCESS,0,PLIP XML generated
106-25-2,OR1D2,OR1D2_P_1,all_pose,pose_0001,pose_0001,SUCCESS,0,PLIP XML generated
106-25-2,OR1D2,OR1D2_P_1,all_pose,pose_0002,pose_0002,SUCCESS,0,PLIP XML generated
106-25-2,OR1D2,OR1D2_P_1,all_pose,pose_0003,pose_0003,SUCCESS,0,PLIP XML generated
106-25-2,OR1D2,OR1D2_P_1,all_pose,pose_0004,pose_0004,SUCCESS,0,PLIP XML generated
106-25-2,OR1D2,OR1D2_P_1,all_pose,pose_0005,pose_0005,SUCCESS,0,PLIP XML generated
106-25-2,OR1D2,OR1D2_P_1,all_pose,pose_0006,pose_0006,SUCCESS,0,PLIP XML generated
106-25-2,OR1D2,OR1D2_P_1,all_pose,pose_0007,pose_0007,SUCCESS,0,PLIP XML generated
106-25-2,OR1D2,OR1D2_P_1,all_pose,pose_0008,pose_0008,SUCCESS,0,PLIP XML generated
106-25-2,OR1D2,OR1D2_P_1,all_pose,pose_0009,pose_0009,SUCCESS,0,PLIP XML generated
106-25-2,OR1D2,OR1D2_P_1,all_pose,pose_0010,pose_0010,SUCCESS,0,PLIP XML generated
106-25-2,OR1D2,OR1D2_P_1,all_pose,pose_0011,pose_0011,SUCCESS,0,PLIP XML generated
106-25-2,OR1D2,OR1D2_P_1,all_pose,pose_0012,pose_0012,SUCCESS,0,PLIP XML generated
106-25-2,OR1D2,OR1D2_P_1,all_pose,pose_0013,pose_0013,SUCCESS,0,PLIP XML generated
106-25-2,OR1D2,OR1D2_P_1,all_pose,pose_0014,pose_0014,SUCCESS,0,PLIP XML generated
106-25-2,OR1D2,OR1D2_P_1,all_pose,pose_0015,pose_0015,SUCCESS,0,PLIP XML generated
106-25-2,OR1D2,OR1D2_P_1,all_pose,pose_0016,pose_0016,SUCCESS,0,PLIP XML generated
106-25-2,OR1D2,OR1D2_P_1,all_pose,pose_0017,pose_0017,SUCCESS,0,PLIP XML generated
106-25-2,OR1D2,OR1D2_P_1,all_pose,pose_0018,pose_0018,SUCCESS,0,PLIP XML generated
106-25-2,OR1D2,OR1D2_P_1,all_pose,pose_0019,pose_0019,SUCCESS,0,PLIP XML generated
106-25-2,OR1D2,OR1D2_P_1,all_pose,pose_0020,pose_0020,SUCCESS,0,PLIP XML generated
106-25-2,OR1D2,OR1D2_P_1,all_pose,pose_0021,pose_0021,SUCCESS,0,PLIP XML generated
106-25-2,OR1D2,OR1D2_P_1,all_pose,pose_0022,pose_0022,SUCCESS,0,PLIP XML generated
106-25-2,OR1D2,OR1D2_P_1,all_pose,pose_0023,pose_0023,SUCCESS,0,PLIP XML generated
106-25-2,OR1D2,OR1D2_P_1,all_pose,pose_0024,pose_0024,SUCCESS,0,PLIP XML generated
106-25-2,OR1D2,OR1D2_P_1,all_pose,pose_0025,pose_0025,SUCCESS,0,PLIP XML generated
106-25-2,OR1D2,OR1D2_P_1,all_pose,pose_0026,pose_0026,SUCCESS,0,PLIP XML generated
106-25-2,OR1D2,OR1D2_P_1,all_pose,pose_0027,pose_0027,SUCCESS,0,PLIP XML generated
106-25-2,OR1D2,OR1D2_P_1,all_pose,pose_0028,pose_0028,SUCCESS,0,PLIP XML generated
106-25-2,OR1D2,OR1D2_P_1,all_pose,pose_0029,pose_0029,SUCCESS,0,PLIP XML generated
106-25-2,OR1D2,OR1D2_P_1,all_pose,pose_0030,pose_0030,SUCCESS,0,PLIP XML generated
106-25-2,OR1D2,OR1D2_P_1,all_pose,pose_0031,pose_0031,SUCCESS,0,PLIP XML generated
106-25-2,OR1D2,OR1D2_P_1,all_pose,pose_0032,pose_0032,SUCCESS,0,PLIP XML generated
106-25-2,OR1D2,OR1D2_P_1,all_pose,pose_0033,pose_0033,SUCCESS,0,PLIP XML generated
106-25-2,OR1D2,OR1D2_P_1,all_pose,pose_0034,pose_0034,SUCCESS,0,PLIP XML generated
106-25-2,OR1D2,OR1D2_P_1,all_pose,pose_0035,pose_0035,SUCCESS,0,PLIP XML generated
106-25-2,OR1D2,OR1D2_P_1,all_pose,pose_0036,pose_0036,SUCCESS,0,PLIP XML generated
106-25-2,OR1D2,OR1D2_P_1,all_pose,pose_0037,pose_0037,SUCCESS,0,PLIP XML generated
106-25-2,OR1D2,OR1D2_P_1,all_pose,pose_0038,pose_0038,SUCCESS,0,PLIP XML generated
106-25-2,OR1D2,OR1D2_P_1,all_pose,pose_0039,pose_0039,SUCCESS,0,PLIP XML generated
106-25-2,OR1D2,OR1D2_P_1,all_pose,pose_0040,pose_0040,SUCCESS,0,PLIP XML generated
106-25-2,OR1D2,OR1D2_P_1,all_pose,pose_0041,pose_0041,SUCCESS,0,PLIP XML generated
106-25-2,OR1D2,OR1D2_P_1,all_pose,pose_0042,pose_0042,SUCCESS,0,PLIP XML generated
106-25-2,OR1D2,OR1D2_P_1,all_pose,pose_0043,pose_0043,SUCCESS,0,PLIP XML generated
106-25-2,OR1D2,OR1D2_P_1,all_pose,pose_0044,pose_0044,SUCCESS,0,PLIP XML generated
106-25-2,OR1D2,OR1D2_P_1,all_pose,pose_0045,pose_0045,SUCCESS,0,PLIP XML generated
106-25-2,OR1D2,OR1D2_P_1,all_pose,pose_0046,pose_0046,SUCCESS,0,PLIP XML generated
106-25-2,OR1D2,OR1D2_P_1,all_pose,pose_0047,pose_0047,SUCCESS,0,PLIP XML generated
106-25-2,OR1D2,OR1D2_P_1,all_pose,pose_0048,pose_0048,SUCCESS,0,PLIP XML generated
106-25-2,OR1D2,OR1D2_P_1,all_pose,pose_0049,pose_0049,SUCCESS,0,PLIP XML generated
106-25-2,OR1D2,OR1D2_P_1,all_pose,pose_0050,pose_0050,SUCCESS,0,PLIP XML generated
106-25-2,OR1D2,OR1D2_P_1,all_pose,pose_0051,pose_0051,SUCCESS,0,PLIP XML generated
106-25-2,OR1D2,OR1D2_P_1,all_pose,pose_0052,pose_0052,SUCCESS,0,PLIP XML generated
106-25-2,OR1D2,OR1D2_P_1,all_pose,pose_0053,pose_0053,SUCCESS,0,PLIP XML generated
106-25-2,OR1D2,OR1D2_P_1,all_pose,pose_0054,pose_0054,SUCCESS,0,PLIP XML generated
106-25-2,OR1D2,OR1D2_P_1,all_pose,pose_0055,pose_0055,SUCCESS,0,PLIP XML generated
106-25-2,OR1D2,OR1D2_P_1,all_pose,pose_0056,pose_0056,SUCCESS,0,PLIP XML generated
106-25-2,OR1D2,OR1D2_P_1,all_pose,pose_0057,pose_0057,SUCCESS,0,PLIP XML generated
106-25-2,OR1D2,OR1D2_P_1,all_pose,pose_0058,pose_0058,SUCCESS,0,PLIP XML generated
106-25-2,OR1D2,OR1D2_P_1,all_pose,pose_0059,pose_0059,SUCCESS,0,PLIP XML generated
106-25-2,OR1D2,OR1D2_P_1,all_pose,pose_0060,pose_0060,SUCCESS,0,PLIP XML generated
106-25-2,OR1D2,OR1D2_P_1,all_pose,pose_0061,pose_0061,SUCCESS,0,PLIP XML generated
106-25-2,OR1D2,OR1D2_P_1,all_pose,pose_0062,pose_0062,SUCCESS,0,PLIP XML generated
106-25-2,OR1D2,OR1D2_P_1,all_pose,pose_0063,pose_0063,SUCCESS,0,PLIP XML generated
106-25-2,OR1D2,OR1D2_P_1,all_pose,pose_0064,pose_0064,SUCCESS,0,PLIP XML generated
106-25-2,OR1D2,OR1D2_P_1,all_pose,pose_0065,pose_0065,SUCCESS,0,PLIP XML generated
106-25-2,OR1D2,OR1D2_P_1,all_pose,pose_0066,pose_0066,SUCCESS,0,PLIP XML generated
106-25-2,OR1D2,OR1D2_P_1,all_pose,pose_0067,pose_0067,SUCCESS,0,PLIP XML generated
106-25-2,OR1D2,OR1D2_P_1,all_pose,pose_0068,pose_0068,SUCCESS,0,PLIP XML generated
106-25-2,OR1D2,OR1D2_P_1,all_pose,pose_0069,pose_0069,SUCCESS,0,PLIP XML generated
106-25-2,OR1D2,OR1D2_P_1,all_pose,pose_0070,pose_0070,SUCCESS,0,PLIP XML generated
106-25-2,OR1D2,OR1D2_P_1,all_pose,pose_0071,pose_0071,SUCCESS,0,PLIP XML generated
106-25-2,OR1D2,OR1D2_P_1,all_pose,pose_0072,pose_0072,SUCCESS,0,PLIP XML generated
106-25-2,OR1D2,OR1D2_P_1,all_pose,pose_0073,pose_0073,SUCCESS,0,PLIP XML generated
106-25-2,OR1D2,OR1D2_P_1,all_pose,pose_0074,pose_0074,SUCCESS,0,PLIP XML generated
106-25-2,OR1D2,OR1D2_P_1,all_pose,pose_0075,pose_0075,SUCCESS,0,PLIP XML generated
106-25-2,OR1D2,OR1D2_P_1,all_pose,pose_0076,pose_0076,SUCCESS,0,PLIP XML generated
106-25-2,OR1D2,OR1D2_P_1,all_pose,pose_0077,pose_0077,SUCCESS,0,PLIP XML generated
106-25-2,OR1D2,OR1D2_P_1,all_pose,pose_0078,pose_0078,SUCCESS,0,PLIP XML generated
106-25-2,OR1D2,OR1D2_P_1,all_pose,pose_0079,pose_0079,SUCCESS,0,PLIP XML generated
106-25-2,OR1D2,OR1D2_P_1,all_pose,pose_0080,pose_0080,SUCCESS,0,PLIP XML generated
106-25-2,OR1D2,OR1D2_P_1,all_pose,pose_0081,pose_0081,SUCCESS,0,PLIP XML generated
106-25-2,OR1D2,OR1D2_P_1,all_pose,pose_0082,pose_0082,SUCCESS,0,PLIP XML generated
106-25-2,OR1D2,OR1D2_P_1,all_pose,pose_0083,pose_0083,SUCCESS,0,PLIP XML generated
106-25-2,OR1D2,OR1D2_P_1,all_pose,pose_0084,pose_0084,SUCCESS,0,PLIP XML generated
106-25-2,OR1D2,OR1D2_P_1,all_pose,pose_0085,pose_0085,SUCCESS,0,PLIP XML generated
106-25-2,OR1D2,OR1D2_P_1,all_pose,pose_0086,pose_0086,SUCCESS,0,PLIP XML generated
106-25-2,OR1D2,OR1D2_P_1,all_pose,pose_0087,pose_0087,SUCCESS,0,PLIP XML generated
106-25-2,OR1D2,OR1D2_P_1,all_pose,pose_0088,pose_0088,SUCCESS,0,PLIP XML generated
106-25-2,OR1D2,OR1D2_P_1,all_pose,pose_0089,pose_0089,SUCCESS,0,PLIP XML generated
106-25-2,OR1D2,OR1D2_P_1,all_pose,pose_0090,pose_0090,SUCCESS,0,PLIP XML generated
106-25-2,OR1D2,OR1D2_P_1,all_pose,pose_0091,pose_0091,SUCCESS,0,PLIP XML generated
106-25-2,OR1D2,OR1D2_P_1,all_pose,pose_0092,pose_0092,SUCCESS,0,PLIP XML generated
106-25-2,OR1D2,OR1D2_P_1,all_pose,pose_0093,pose_0093,SUCCESS,0,PLIP XML generated
106-25-2,OR1D2,OR1D2_P_1,all_pose,pose_0094,pose_0094,SUCCESS,0,PLIP XML generated
106-25-2,OR1D2,OR1D2_P_1,all_pose,pose_0095,pose_0095,SUCCESS,0,PLIP XML generated
106-25-2,OR1D2,OR1D2_P_1,all_pose,pose_0096,pose_0096,SUCCESS,0,PLIP XML generated
106-25-2,OR1D2,OR1D2_P_1,all_pose,pose_0097,pose_0097,SUCCESS,0,PLIP XML generated
106-25-2,OR1D2,OR1D2_P_1,all_pose,pose_0098,pose_0098,SUCCESS,0,PLIP XML generated
106-25-2,OR1D2,OR1D2_P_1,all_pose,pose_0099,pose_0099,SUCCESS,0,PLIP XML generated
106-25-2,OR1D2,OR1D2_P_1,all_pose,pose_0100,pose_0100,SUCCESS,0,PLIP XML generated
106-25-2,OR1D2,OR1D2_P_1,representative,cluster_002_medoid,pose_0063,SUCCESS,0,PLIP XML generated
106-25-2,OR1D2,OR1D2_P_1,representative,cluster_003_medoid,pose_0033,SUCCESS,0,PLIP XML generated
106-25-2,OR1D2,OR1D2_P_1,representative,dominant_cluster_medoid,pose_0067,SUCCESS,0,PLIP XML generated
106-25-2,OR1D2,OR1D2_P_1,representative,global_lowest_energy,pose_0021,SUCCESS,0,PLIP XML generated
106-25-2,OR1D2,OR1D2_P_2,all_pose,pose_0001,pose_0001,SUCCESS,0,PLIP XML generated
106-25-2,OR1D2,OR1D2_P_2,all_pose,pose_0002,pose_0002,SUCCESS,0,PLIP XML generated
106-25-2,OR1D2,OR1D2_P_2,all_pose,pose_0003,pose_0003,SUCCESS,0,PLIP XML generated
106-25-2,OR1D2,OR1D2_P_2,all_pose,pose_0004,pose_0004,SUCCESS,0,PLIP XML generated
106-25-2,OR1D2,OR1D2_P_2,all_pose,pose_0005,pose_0005,SUCCESS,0,PLIP XML generated
106-25-2,OR1D2,OR1D2_P_2,all_pose,pose_0006,pose_0006,SUCCESS,0,PLIP XML generated
106-25-2,OR1D2,OR1D2_P_2,all_pose,pose_0007,pose_0007,SUCCESS,0,PLIP XML generated
106-25-2,OR1D2,OR1D2_P_2,all_pose,pose_0008,pose_0008,SUCCESS,0,PLIP XML generated
106-25-2,OR1D2,OR1D2_P_2,all_pose,pose_0009,pose_0009,SUCCESS,0,PLIP XML generated
106-25-2,OR1D2,OR1D2_P_2,all_pose,pose_0010,pose_0010,SUCCESS,0,PLIP XML generated
106-25-2,OR1D2,OR1D2_P_2,all_pose,pose_0011,pose_0011,SUCCESS,0,PLIP XML generated
106-25-2,OR1D2,OR1D2_P_2,all_pose,pose_0012,pose_0012,SUCCESS,0,PLIP XML generated
106-25-2,OR1D2,OR1D2_P_2,all_pose,pose_0013,pose_0013,SUCCESS,0,PLIP XML generated
106-25-2,OR1D2,OR1D2_P_2,all_pose,pose_0014,pose_0014,SUCCESS,0,PLIP XML generated
106-25-2,OR1D2,OR1D2_P_2,all_pose,pose_0015,pose_0015,SUCCESS,0,PLIP XML generated
106-25-2,OR1D2,OR1D2_P_2,all_pose,pose_0016,pose_0016,SUCCESS,0,PLIP XML generated
106-25-2,OR1D2,OR1D2_P_2,all_pose,pose_0017,pose_0017,SUCCESS,0,PLIP XML generated
106-25-2,OR1D2,OR1D2_P_2,all_pose,pose_0018,pose_0018,SUCCESS,0,PLIP XML generated
106-25-2,OR1D2,OR1D2_P_2,all_pose,pose_0019,pose_0019,SUCCESS,0,PLIP XML generated
106-25-2,OR1D2,OR1D2_P_2,all_pose,pose_0020,pose_0020,SUCCESS,0,PLIP XML generated
106-25-2,OR1D2,OR1D2_P_2,all_pose,pose_0021,pose_0021,SUCCESS,0,PLIP XML generated
106-25-2,OR1D2,OR1D2_P_2,all_pose,pose_0022,pose_0022,SUCCESS,0,PLIP XML generated
106-25-2,OR1D2,OR1D2_P_2,all_pose,pose_0023,pose_0023,SUCCESS,0,PLIP XML generated
106-25-2,OR1D2,OR1D2_P_2,all_pose,pose_0024,pose_0024,SUCCESS,0,PLIP XML generated
106-25-2,OR1D2,OR1D2_P_2,all_pose,pose_0025,pose_0025,SUCCESS,0,PLIP XML generated
106-25-2,OR1D2,OR1D2_P_2,all_pose,pose_0026,pose_0026,SUCCESS,0,PLIP XML generated
106-25-2,OR1D2,OR1D2_P_2,all_pose,pose_0027,pose_0027,SUCCESS,0,PLIP XML generated
106-25-2,OR1D2,OR1D2_P_2,all_pose,pose_0028,pose_0028,SUCCESS,0,PLIP XML generated
106-25-2,OR1D2,OR1D2_P_2,all_pose,pose_0029,pose_0029,SUCCESS,0,PLIP XML generated
106-25-2,OR1D2,OR1D2_P_2,all_pose,pose_0030,pose_0030,SUCCESS,0,PLIP XML generated
106-25-2,OR1D2,OR1D2_P_2,all_pose,pose_0031,pose_0031,SUCCESS,0,PLIP XML generated
106-25-2,OR1D2,OR1D2_P_2,all_pose,pose_0032,pose_0032,SUCCESS,0,PLIP XML generated
106-25-2,OR1D2,OR1D2_P_2,all_pose,pose_0033,pose_0033,SUCCESS,0,PLIP XML generated
106-25-2,OR1D2,OR1D2_P_2,all_pose,pose_0034,pose_0034,SUCCESS,0,PLIP XML generated
106-25-2,OR1D2,OR1D2_P_2,all_pose,pose_0035,pose_0035,SUCCESS,0,PLIP XML generated
106-25-2,OR1D2,OR1D2_P_2,all_pose,pose_0036,pose_0036,SUCCESS,0,PLIP XML generated
106-25-2,OR1D2,OR1D2_P_2,all_pose,pose_0037,pose_0037,SUCCESS,0,PLIP XML generated
106-25-2,OR1D2,OR1D2_P_2,all_pose,pose_0038,pose_0038,SUCCESS,0,PLIP XML generated
106-25-2,OR1D2,OR1D2_P_2,all_pose,pose_0039,pose_0039,SUCCESS,0,PLIP XML generated
106-25-2,OR1D2,OR1D2_P_2,all_pose,pose_0040,pose_0040,SUCCESS,0,PLIP XML generated
106-25-2,OR1D2,OR1D2_P_2,all_pose,pose_0041,pose_0041,SUCCESS,0,PLIP XML generated
106-25-2,OR1D2,OR1D2_P_2,all_pose,pose_0042,pose_0042,SUCCESS,0,PLIP XML generated
106-25-2,OR1D2,OR1D2_P_2,all_pose,pose_0043,pose_0043,SUCCESS,0,PLIP XML generated
106-25-2,OR1D2,OR1D2_P_2,all_pose,pose_0044,pose_0044,SUCCESS,0,PLIP XML generated
106-25-2,OR1D2,OR1D2_P_2,all_pose,pose_0045,pose_0045,SUCCESS,0,PLIP XML generated
106-25-2,OR1D2,OR1D2_P_2,all_pose,pose_0046,pose_0046,SUCCESS,0,PLIP XML generated
106-25-2,OR1D2,OR1D2_P_2,all_pose,pose_0047,pose_0047,SUCCESS,0,PLIP XML generated
106-25-2,OR1D2,OR1D2_P_2,all_pose,pose_0048,pose_0048,SUCCESS,0,PLIP XML generated
106-25-2,OR1D2,OR1D2_P_2,all_pose,pose_0049,pose_0049,SUCCESS,0,PLIP XML generated
106-25-2,OR1D2,OR1D2_P_2,all_pose,pose_0050,pose_0050,SUCCESS,0,PLIP XML generated
106-25-2,OR1D2,OR1D2_P_2,all_pose,pose_0051,pose_0051,SUCCESS,0,PLIP XML generated
106-25-2,OR1D2,OR1D2_P_2,all_pose,pose_0052,pose_0052,SUCCESS,0,PLIP XML generated
106-25-2,OR1D2,OR1D2_P_2,all_pose,pose_0053,pose_0053,SUCCESS,0,PLIP XML generated
106-25-2,OR1D2,OR1D2_P_2,all_pose,pose_0054,pose_0054,SUCCESS,0,PLIP XML generated
106-25-2,OR1D2,OR1D2_P_2,all_pose,pose_0055,pose_0055,SUCCESS,0,PLIP XML generated
106-25-2,OR1D2,OR1D2_P_2,all_pose,pose_0056,pose_0056,SUCCESS,0,PLIP XML generated
106-25-2,OR1D2,OR1D2_P_2,all_pose,pose_0057,pose_0057,SUCCESS,0,PLIP XML generated
106-25-2,OR1D2,OR1D2_P_2,all_pose,pose_0058,pose_0058,SUCCESS,0,PLIP XML generated
106-25-2,OR1D2,OR1D2_P_2,all_pose,pose_0059,pose_0059,SUCCESS,0,PLIP XML generated
106-25-2,OR1D2,OR1D2_P_2,all_pose,pose_0060,pose_0060,SUCCESS,0,PLIP XML generated
106-25-2,OR1D2,OR1D2_P_2,all_pose,pose_0061,pose_0061,SUCCESS,0,PLIP XML generated
106-25-2,OR1D2,OR1D2_P_2,all_pose,pose_0062,pose_0062,SUCCESS,0,PLIP XML generated
106-25-2,OR1D2,OR1D2_P_2,all_pose,pose_0063,pose_0063,SUCCESS,0,PLIP XML generated
106-25-2,OR1D2,OR1D2_P_2,all_pose,pose_0064,pose_0064,SUCCESS,0,PLIP XML generated
106-25-2,OR1D2,OR1D2_P_2,all_pose,pose_0065,pose_0065,SUCCESS,0,PLIP XML generated
106-25-2,OR1D2,OR1D2_P_2,all_pose,pose_0066,pose_0066,SUCCESS,0,PLIP XML generated
106-25-2,OR1D2,OR1D2_P_2,all_pose,pose_0067,pose_0067,SUCCESS,0,PLIP XML generated
106-25-2,OR1D2,OR1D2_P_2,all_pose,pose_0068,pose_0068,SUCCESS,0,PLIP XML generated
106-25-2,OR1D2,OR1D2_P_2,all_pose,pose_0069,pose_0069,SUCCESS,0,PLIP XML generated
106-25-2,OR1D2,OR1D2_P_2,all_pose,pose_0070,pose_0070,SUCCESS,0,PLIP XML generated
106-25-2,OR1D2,OR1D2_P_2,all_pose,pose_0071,pose_0071,SUCCESS,0,PLIP XML generated
106-25-2,OR1D2,OR1D2_P_2,all_pose,pose_0072,pose_0072,SUCCESS,0,PLIP XML generated
106-25-2,OR1D2,OR1D2_P_2,all_pose,pose_0073,pose_0073,SUCCESS,0,PLIP XML generated
106-25-2,OR1D2,OR1D2_P_2,all_pose,pose_0074,pose_0074,SUCCESS,0,PLIP XML generated
106-25-2,OR1D2,OR1D2_P_2,all_pose,pose_0075,pose_0075,SUCCESS,0,PLIP XML generated
106-25-2,OR1D2,OR1D2_P_2,all_pose,pose_0076,pose_0076,SUCCESS,0,PLIP XML generated
106-25-2,OR1D2,OR1D2_P_2,all_pose,pose_0077,pose_0077,SUCCESS,0,PLIP XML generated
106-25-2,OR1D2,OR1D2_P_2,all_pose,pose_0078,pose_0078,SUCCESS,0,PLIP XML generated
106-25-2,OR1D2,OR1D2_P_2,all_pose,pose_0079,pose_0079,SUCCESS,0,PLIP XML generated
106-25-2,OR1D2,OR1D2_P_2,all_pose,pose_0080,pose_0080,SUCCESS,0,PLIP XML generated
106-25-2,OR1D2,OR1D2_P_2,all_pose,pose_0081,pose_0081,SUCCESS,0,PLIP XML generated
106-25-2,OR1D2,OR1D2_P_2,all_pose,pose_0082,pose_0082,SUCCESS,0,PLIP XML generated
106-25-2,OR1D2,OR1D2_P_2,all_pose,pose_0083,pose_0083,SUCCESS,0,PLIP XML generated
106-25-2,OR1D2,OR1D2_P_2,all_pose,pose_0084,pose_0084,SUCCESS,0,PLIP XML generated
106-25-2,OR1D2,OR1D2_P_2,all_pose,pose_0085,pose_0085,SUCCESS,0,PLIP XML generated
106-25-2,OR1D2,OR1D2_P_2,all_pose,pose_0086,pose_0086,SUCCESS,0,PLIP XML generated
106-25-2,OR1D2,OR1D2_P_2,all_pose,pose_0087,pose_0087,SUCCESS,0,PLIP XML generated
106-25-2,OR1D2,OR1D2_P_2,all_pose,pose_0088,pose_0088,SUCCESS,0,PLIP XML generated
106-25-2,OR1D2,OR1D2_P_2,all_pose,pose_0089,pose_0089,SUCCESS,0,PLIP XML generated
106-25-2,OR1D2,OR1D2_P_2,all_pose,pose_0090,pose_0090,SUCCESS,0,PLIP XML generated
106-25-2,OR1D2,OR1D2_P_2,all_pose,pose_0091,pose_0091,SUCCESS,0,PLIP XML generated
106-25-2,OR1D2,OR1D2_P_2,all_pose,pose_0092,pose_0092,SUCCESS,0,PLIP XML generated
106-25-2,OR1D2,OR1D2_P_2,all_pose,pose_0093,pose_0093,SUCCESS,0,PLIP XML generated
106-25-2,OR1D2,OR1D2_P_2,all_pose,pose_0094,pose_0094,SUCCESS,0,PLIP XML generated
106-25-2,OR1D2,OR1D2_P_2,all_pose,pose_0095,pose_0095,SUCCESS,0,PLIP XML generated
106-25-2,OR1D2,OR1D2_P_2,all_pose,pose_0096,pose_0096,SUCCESS,0,PLIP XML generated
106-25-2,OR1D2,OR1D2_P_2,all_pose,pose_0097,pose_0097,SUCCESS,0,PLIP XML generated
106-25-2,OR1D2,OR1D2_P_2,all_pose,pose_0098,pose_0098,SUCCESS,0,PLIP XML generated
106-25-2,OR1D2,OR1D2_P_2,all_pose,pose_0099,pose_0099,SUCCESS,0,PLIP XML generated
106-25-2,OR1D2,OR1D2_P_2,all_pose,pose_0100,pose_0100,SUCCESS,0,PLIP XML generated
106-25-2,OR1D2,OR1D2_P_2,representative,cluster_002_medoid,pose_0014,SUCCESS,0,PLIP XML generated
106-25-2,OR1D2,OR1D2_P_2,representative,cluster_003_medoid,pose_0029,SUCCESS,0,PLIP XML generated
106-25-2,OR1D2,OR1D2_P_2,representative,dominant_cluster_medoid,pose_0007,SUCCESS,0,PLIP XML generated
106-25-2,OR1D2,OR1D2_P_2,representative,global_lowest_energy,pose_0063,SUCCESS,0,PLIP XML generated
106-25-2,OR1D2,OR1D2_P_3,all_pose,pose_0001,pose_0001,SUCCESS,0,PLIP XML generated
106-25-2,OR1D2,OR1D2_P_3,all_pose,pose_0002,pose_0002,SUCCESS,0,PLIP XML generated
106-25-2,OR1D2,OR1D2_P_3,all_pose,pose_0003,pose_0003,SUCCESS,0,PLIP XML generated
106-25-2,OR1D2,OR1D2_P_3,all_pose,pose_0004,pose_0004,SUCCESS,0,PLIP XML generated
106-25-2,OR1D2,OR1D2_P_3,all_pose,pose_0005,pose_0005,SUCCESS,0,PLIP XML generated
106-25-2,OR1D2,OR1D2_P_3,all_pose,pose_0006,pose_0006,SUCCESS,0,PLIP XML generated
106-25-2,OR1D2,OR1D2_P_3,all_pose,pose_0007,pose_0007,SUCCESS,0,PLIP XML generated
106-25-2,OR1D2,OR1D2_P_3,all_pose,pose_0008,pose_0008,SUCCESS,0,PLIP XML generated
106-25-2,OR1D2,OR1D2_P_3,all_pose,pose_0009,pose_0009,SUCCESS,0,PLIP XML generated
106-25-2,OR1D2,OR1D2_P_3,all_pose,pose_0010,pose_0010,SUCCESS,0,PLIP XML generated
106-25-2,OR1D2,OR1D2_P_3,all_pose,pose_0011,pose_0011,SUCCESS,0,PLIP XML generated
106-25-2,OR1D2,OR1D2_P_3,all_pose,pose_0012,pose_0012,SUCCESS,0,PLIP XML generated
106-25-2,OR1D2,OR1D2_P_3,all_pose,pose_0013,pose_0013,SUCCESS,0,PLIP XML generated
106-25-2,OR1D2,OR1D2_P_3,all_pose,pose_0014,pose_0014,SUCCESS,0,PLIP XML generated
106-25-2,OR1D2,OR1D2_P_3,all_pose,pose_0015,pose_0015,SUCCESS,0,PLIP XML generated
106-25-2,OR1D2,OR1D2_P_3,all_pose,pose_0016,pose_0016,SUCCESS,0,PLIP XML generated
106-25-2,OR1D2,OR1D2_P_3,all_pose,pose_0017,pose_0017,SUCCESS,0,PLIP XML generated
106-25-2,OR1D2,OR1D2_P_3,all_pose,pose_0018,pose_0018,SUCCESS,0,PLIP XML generated
106-25-2,OR1D2,OR1D2_P_3,all_pose,pose_0019,pose_0019,SUCCESS,0,PLIP XML generated
106-25-2,OR1D2,OR1D2_P_3,all_pose,pose_0020,pose_0020,SUCCESS,0,PLIP XML generated
106-25-2,OR1D2,OR1D2_P_3,all_pose,pose_0021,pose_0021,SUCCESS,0,PLIP XML generated
106-25-2,OR1D2,OR1D2_P_3,all_pose,pose_0022,pose_0022,SUCCESS,0,PLIP XML generated
106-25-2,OR1D2,OR1D2_P_3,all_pose,pose_0023,pose_0023,SUCCESS,0,PLIP XML generated
106-25-2,OR1D2,OR1D2_P_3,all_pose,pose_0024,pose_0024,SUCCESS,0,PLIP XML generated
106-25-2,OR1D2,OR1D2_P_3,all_pose,pose_0025,pose_0025,SUCCESS,0,PLIP XML generated
106-25-2,OR1D2,OR1D2_P_3,all_pose,pose_0026,pose_0026,SUCCESS,0,PLIP XML generated
106-25-2,OR1D2,OR1D2_P_3,all_pose,pose_0027,pose_0027,SUCCESS,0,PLIP XML generated
106-25-2,OR1D2,OR1D2_P_3,all_pose,pose_0028,pose_0028,SUCCESS,0,PLIP XML generated
106-25-2,OR1D2,OR1D2_P_3,all_pose,pose_0029,pose_0029,SUCCESS,0,PLIP XML generated
106-25-2,OR1D2,OR1D2_P_3,all_pose,pose_0030,pose_0030,SUCCESS,0,PLIP XML generated
106-25-2,OR1D2,OR1D2_P_3,all_pose,pose_0031,pose_0031,SUCCESS,0,PLIP XML generated
106-25-2,OR1D2,OR1D2_P_3,all_pose,pose_0032,pose_0032,SUCCESS,0,PLIP XML generated
106-25-2,OR1D2,OR1D2_P_3,all_pose,pose_0033,pose_0033,SUCCESS,0,PLIP XML generated
106-25-2,OR1D2,OR1D2_P_3,all_pose,pose_0034,pose_0034,SUCCESS,0,PLIP XML generated
106-25-2,OR1D2,OR1D2_P_3,all_pose,pose_0035,pose_0035,SUCCESS,0,PLIP XML generated
106-25-2,OR1D2,OR1D2_P_3,all_pose,pose_0036,pose_0036,SUCCESS,0,PLIP XML generated
106-25-2,OR1D2,OR1D2_P_3,all_pose,pose_0037,pose_0037,SUCCESS,0,PLIP XML generated
106-25-2,OR1D2,OR1D2_P_3,all_pose,pose_0038,pose_0038,SUCCESS,0,PLIP XML generated
106-25-2,OR1D2,OR1D2_P_3,all_pose,pose_0039,pose_0039,SUCCESS,0,PLIP XML generated
106-25-2,OR1D2,OR1D2_P_3,all_pose,pose_0040,pose_0040,SUCCESS,0,PLIP XML generated
106-25-2,OR1D2,OR1D2_P_3,all_pose,pose_0041,pose_0041,SUCCESS,0,PLIP XML generated
106-25-2,OR1D2,OR1D2_P_3,all_pose,pose_0042,pose_0042,SUCCESS,0,PLIP XML generated
106-25-2,OR1D2,OR1D2_P_3,all_pose,pose_0043,pose_0043,SUCCESS,0,PLIP XML generated
106-25-2,OR1D2,OR1D2_P_3,all_pose,pose_0044,pose_0044,SUCCESS,0,PLIP XML generated
106-25-2,OR1D2,OR1D2_P_3,all_pose,pose_0045,pose_0045,SUCCESS,0,PLIP XML generated
106-25-2,OR1D2,OR1D2_P_3,all_pose,pose_0046,pose_0046,SUCCESS,0,PLIP XML generated
106-25-2,OR1D2,OR1D2_P_3,all_pose,pose_0047,pose_0047,SUCCESS,0,PLIP XML generated
106-25-2,OR1D2,OR1D2_P_3,all_pose,pose_0048,pose_0048,SUCCESS,0,PLIP XML generated
106-25-2,OR1D2,OR1D2_P_3,all_pose,pose_0049,pose_0049,SUCCESS,0,PLIP XML generated
106-25-2,OR1D2,OR1D2_P_3,all_pose,pose_0050,pose_0050,SUCCESS,0,PLIP XML generated
106-25-2,OR1D2,OR1D2_P_3,all_pose,pose_0051,pose_0051,SUCCESS,0,PLIP XML generated
106-25-2,OR1D2,OR1D2_P_3,all_pose,pose_0052,pose_0052,SUCCESS,0,PLIP XML generated
106-25-2,OR1D2,OR1D2_P_3,all_pose,pose_0053,pose_0053,SUCCESS,0,PLIP XML generated
106-25-2,OR1D2,OR1D2_P_3,all_pose,pose_0054,pose_0054,SUCCESS,0,PLIP XML generated
106-25-2,OR1D2,OR1D2_P_3,all_pose,pose_0055,pose_0055,SUCCESS,0,PLIP XML generated
106-25-2,OR1D2,OR1D2_P_3,all_pose,pose_0056,pose_0056,SUCCESS,0,PLIP XML generated
106-25-2,OR1D2,OR1D2_P_3,all_pose,pose_0057,pose_0057,SUCCESS,0,PLIP XML generated
106-25-2,OR1D2,OR1D2_P_3,all_pose,pose_0058,pose_0058,SUCCESS,0,PLIP XML generated
106-25-2,OR1D2,OR1D2_P_3,all_pose,pose_0059,pose_0059,SUCCESS,0,PLIP XML generated
106-25-2,OR1D2,OR1D2_P_3,all_pose,pose_0060,pose_0060,SUCCESS,0,PLIP XML generated
106-25-2,OR1D2,OR1D2_P_3,all_pose,pose_0061,pose_0061,SUCCESS,0,PLIP XML generated
106-25-2,OR1D2,OR1D2_P_3,all_pose,pose_0062,pose_0062,SUCCESS,0,PLIP XML generated
106-25-2,OR1D2,OR1D2_P_3,all_pose,pose_0063,pose_0063,SUCCESS,0,PLIP XML generated
106-25-2,OR1D2,OR1D2_P_3,all_pose,pose_0064,pose_0064,SUCCESS,0,PLIP XML generated
106-25-2,OR1D2,OR1D2_P_3,all_pose,pose_0065,pose_0065,SUCCESS,0,PLIP XML generated
106-25-2,OR1D2,OR1D2_P_3,all_pose,pose_0066,pose_0066,SUCCESS,0,PLIP XML generated
106-25-2,OR1D2,OR1D2_P_3,all_pose,pose_0067,pose_0067,SUCCESS,0,PLIP XML generated
106-25-2,OR1D2,OR1D2_P_3,all_pose,pose_0068,pose_0068,SUCCESS,0,PLIP XML generated
106-25-2,OR1D2,OR1D2_P_3,all_pose,pose_0069,pose_0069,SUCCESS,0,PLIP XML generated
106-25-2,OR1D2,OR1D2_P_3,all_pose,pose_0070,pose_0070,SUCCESS,0,PLIP XML generated
106-25-2,OR1D2,OR1D2_P_3,all_pose,pose_0071,pose_0071,SUCCESS,0,PLIP XML generated
106-25-2,OR1D2,OR1D2_P_3,all_pose,pose_0072,pose_0072,SUCCESS,0,PLIP XML generated
106-25-2,OR1D2,OR1D2_P_3,all_pose,pose_0073,pose_0073,SUCCESS,0,PLIP XML generated
106-25-2,OR1D2,OR1D2_P_3,all_pose,pose_0074,pose_0074,SUCCESS,0,PLIP XML generated
106-25-2,OR1D2,OR1D2_P_3,all_pose,pose_0075,pose_0075,SUCCESS,0,PLIP XML generated
106-25-2,OR1D2,OR1D2_P_3,all_pose,pose_0076,pose_0076,SUCCESS,0,PLIP XML generated
106-25-2,OR1D2,OR1D2_P_3,all_pose,pose_0077,pose_0077,SUCCESS,0,PLIP XML generated
106-25-2,OR1D2,OR1D2_P_3,all_pose,pose_0078,pose_0078,SUCCESS,0,PLIP XML generated
106-25-2,OR1D2,OR1D2_P_3,all_pose,pose_0079,pose_0079,SUCCESS,0,PLIP XML generated
106-25-2,OR1D2,OR1D2_P_3,all_pose,pose_0080,pose_0080,SUCCESS,0,PLIP XML generated
106-25-2,OR1D2,OR1D2_P_3,all_pose,pose_0081,pose_0081,SUCCESS,0,PLIP XML generated
106-25-2,OR1D2,OR1D2_P_3,all_pose,pose_0082,pose_0082,SUCCESS,0,PLIP XML generated
106-25-2,OR1D2,OR1D2_P_3,all_pose,pose_0083,pose_0083,SUCCESS,0,PLIP XML generated
106-25-2,OR1D2,OR1D2_P_3,all_pose,pose_0084,pose_0084,SUCCESS,0,PLIP XML generated
106-25-2,OR1D2,OR1D2_P_3,all_pose,pose_0085,pose_0085,SUCCESS,0,PLIP XML generated
106-25-2,OR1D2,OR1D2_P_3,all_pose,pose_0086,pose_0086,SUCCESS,0,PLIP XML generated
106-25-2,OR1D2,OR1D2_P_3,all_pose,pose_0087,pose_0087,SUCCESS,0,PLIP XML generated
106-25-2,OR1D2,OR1D2_P_3,all_pose,pose_0088,pose_0088,SUCCESS,0,PLIP XML generated
106-25-2,OR1D2,OR1D2_P_3,all_pose,pose_0089,pose_0089,SUCCESS,0,PLIP XML generated
106-25-2,OR1D2,OR1D2_P_3,all_pose,pose_0090,pose_0090,SUCCESS,0,PLIP XML generated
106-25-2,OR1D2,OR1D2_P_3,all_pose,pose_0091,pose_0091,SUCCESS,0,PLIP XML generated
106-25-2,OR1D2,OR1D2_P_3,all_pose,pose_0092,pose_0092,SUCCESS,0,PLIP XML generated
106-25-2,OR1D2,OR1D2_P_3,all_pose,pose_0093,pose_0093,SUCCESS,0,PLIP XML generated
106-25-2,OR1D2,OR1D2_P_3,all_pose,pose_0094,pose_0094,SUCCESS,0,PLIP XML generated
106-25-2,OR1D2,OR1D2_P_3,all_pose,pose_0095,pose_0095,SUCCESS,0,PLIP XML generated
106-25-2,OR1D2,OR1D2_P_3,all_pose,pose_0096,pose_0096,SUCCESS,0,PLIP XML generated
106-25-2,OR1D2,OR1D2_P_3,all_pose,pose_0097,pose_0097,SUCCESS,0,PLIP XML generated
106-25-2,OR1D2,OR1D2_P_3,all_pose,pose_0098,pose_0098,SUCCESS,0,PLIP XML generated
106-25-2,OR1D2,OR1D2_P_3,all_pose,pose_0099,pose_0099,SUCCESS,0,PLIP XML generated
106-25-2,OR1D2,OR1D2_P_3,all_pose,pose_0100,pose_0100,SUCCESS,0,PLIP XML generated
106-25-2,OR1D2,OR1D2_P_3,representative,cluster_002_medoid,pose_0086,SUCCESS,0,PLIP XML generated
106-25-2,OR1D2,OR1D2_P_3,representative,cluster_003_medoid,pose_0054,SUCCESS,0,PLIP XML generated
106-25-2,OR1D2,OR1D2_P_3,representative,dominant_cluster_medoid,pose_0009,SUCCESS,0,PLIP XML generated
106-25-2,OR1D2,OR1D2_P_3,representative,global_lowest_energy,pose_0082,SUCCESS,0,PLIP XML generated
111-27-3,OR2W1,OR2W1_P_0,all_pose,pose_0001,pose_0001,SUCCESS,0,PLIP XML generated
111-27-3,OR2W1,OR2W1_P_0,all_pose,pose_0002,pose_0002,SUCCESS,0,PLIP XML generated
111-27-3,OR2W1,OR2W1_P_0,all_pose,pose_0003,pose_0003,SUCCESS,0,PLIP XML generated
111-27-3,OR2W1,OR2W1_P_0,all_pose,pose_0004,pose_0004,SUCCESS,0,PLIP XML generated
111-27-3,OR2W1,OR2W1_P_0,all_pose,pose_0005,pose_0005,SUCCESS,0,PLIP XML generated
111-27-3,OR2W1,OR2W1_P_0,all_pose,pose_0006,pose_0006,SUCCESS,0,PLIP XML generated
111-27-3,OR2W1,OR2W1_P_0,all_pose,pose_0007,pose_0007,SUCCESS,0,PLIP XML generated
111-27-3,OR2W1,OR2W1_P_0,all_pose,pose_0008,pose_0008,SUCCESS,0,PLIP XML generated
111-27-3,OR2W1,OR2W1_P_0,all_pose,pose_0009,pose_0009,SUCCESS,0,PLIP XML generated
111-27-3,OR2W1,OR2W1_P_0,all_pose,pose_0010,pose_0010,SUCCESS,0,PLIP XML generated
111-27-3,OR2W1,OR2W1_P_0,all_pose,pose_0011,pose_0011,SUCCESS,0,PLIP XML generated
111-27-3,OR2W1,OR2W1_P_0,all_pose,pose_0012,pose_0012,SUCCESS,0,PLIP XML generated
111-27-3,OR2W1,OR2W1_P_0,all_pose,pose_0013,pose_0013,SUCCESS,0,PLIP XML generated
111-27-3,OR2W1,OR2W1_P_0,all_pose,pose_0014,pose_0014,SUCCESS,0,PLIP XML generated
111-27-3,OR2W1,OR2W1_P_0,all_pose,pose_0015,pose_0015,SUCCESS,0,PLIP XML generated
111-27-3,OR2W1,OR2W1_P_0,all_pose,pose_0016,pose_0016,SUCCESS,0,PLIP XML generated
111-27-3,OR2W1,OR2W1_P_0,all_pose,pose_0017,pose_0017,SUCCESS,0,PLIP XML generated
111-27-3,OR2W1,OR2W1_P_0,all_pose,pose_0018,pose_0018,SUCCESS,0,PLIP XML generated
111-27-3,OR2W1,OR2W1_P_0,all_pose,pose_0019,pose_0019,SUCCESS,0,PLIP XML generated
111-27-3,OR2W1,OR2W1_P_0,all_pose,pose_0020,pose_0020,SUCCESS,0,PLIP XML generated
111-27-3,OR2W1,OR2W1_P_0,all_pose,pose_0021,pose_0021,SUCCESS,0,PLIP XML generated
111-27-3,OR2W1,OR2W1_P_0,all_pose,pose_0022,pose_0022,SUCCESS,0,PLIP XML generated
111-27-3,OR2W1,OR2W1_P_0,all_pose,pose_0023,pose_0023,SUCCESS,0,PLIP XML generated
111-27-3,OR2W1,OR2W1_P_0,all_pose,pose_0024,pose_0024,SUCCESS,0,PLIP XML generated
111-27-3,OR2W1,OR2W1_P_0,all_pose,pose_0025,pose_0025,SUCCESS,0,PLIP XML generated
111-27-3,OR2W1,OR2W1_P_0,all_pose,pose_0026,pose_0026,SUCCESS,0,PLIP XML generated
111-27-3,OR2W1,OR2W1_P_0,all_pose,pose_0027,pose_0027,SUCCESS,0,PLIP XML generated
111-27-3,OR2W1,OR2W1_P_0,all_pose,pose_0028,pose_0028,SUCCESS,0,PLIP XML generated
111-27-3,OR2W1,OR2W1_P_0,all_pose,pose_0029,pose_0029,SUCCESS,0,PLIP XML generated
111-27-3,OR2W1,OR2W1_P_0,all_pose,pose_0030,pose_0030,SUCCESS,0,PLIP XML generated
111-27-3,OR2W1,OR2W1_P_0,all_pose,pose_0031,pose_0031,SUCCESS,0,PLIP XML generated
111-27-3,OR2W1,OR2W1_P_0,all_pose,pose_0032,pose_0032,SUCCESS,0,PLIP XML generated
111-27-3,OR2W1,OR2W1_P_0,all_pose,pose_0033,pose_0033,SUCCESS,0,PLIP XML generated
111-27-3,OR2W1,OR2W1_P_0,all_pose,pose_0034,pose_0034,SUCCESS,0,PLIP XML generated
111-27-3,OR2W1,OR2W1_P_0,all_pose,pose_0035,pose_0035,SUCCESS,0,PLIP XML generated
111-27-3,OR2W1,OR2W1_P_0,all_pose,pose_0036,pose_0036,SUCCESS,0,PLIP XML generated
111-27-3,OR2W1,OR2W1_P_0,all_pose,pose_0037,pose_0037,SUCCESS,0,PLIP XML generated
111-27-3,OR2W1,OR2W1_P_0,all_pose,pose_0038,pose_0038,SUCCESS,0,PLIP XML generated
111-27-3,OR2W1,OR2W1_P_0,all_pose,pose_0039,pose_0039,SUCCESS,0,PLIP XML generated
111-27-3,OR2W1,OR2W1_P_0,all_pose,pose_0040,pose_0040,SUCCESS,0,PLIP XML generated
111-27-3,OR2W1,OR2W1_P_0,all_pose,pose_0041,pose_0041,SUCCESS,0,PLIP XML generated
111-27-3,OR2W1,OR2W1_P_0,all_pose,pose_0042,pose_0042,SUCCESS,0,PLIP XML generated
111-27-3,OR2W1,OR2W1_P_0,all_pose,pose_0043,pose_0043,SUCCESS,0,PLIP XML generated
111-27-3,OR2W1,OR2W1_P_0,all_pose,pose_0044,pose_0044,SUCCESS,0,PLIP XML generated
111-27-3,OR2W1,OR2W1_P_0,all_pose,pose_0045,pose_0045,SUCCESS,0,PLIP XML generated
111-27-3,OR2W1,OR2W1_P_0,all_pose,pose_0046,pose_0046,SUCCESS,0,PLIP XML generated
111-27-3,OR2W1,OR2W1_P_0,all_pose,pose_0047,pose_0047,SUCCESS,0,PLIP XML generated
111-27-3,OR2W1,OR2W1_P_0,all_pose,pose_0048,pose_0048,SUCCESS,0,PLIP XML generated
111-27-3,OR2W1,OR2W1_P_0,all_pose,pose_0049,pose_0049,SUCCESS,0,PLIP XML generated
111-27-3,OR2W1,OR2W1_P_0,all_pose,pose_0050,pose_0050,SUCCESS,0,PLIP XML generated
111-27-3,OR2W1,OR2W1_P_0,all_pose,pose_0051,pose_0051,SUCCESS,0,PLIP XML generated
111-27-3,OR2W1,OR2W1_P_0,all_pose,pose_0052,pose_0052,SUCCESS,0,PLIP XML generated
111-27-3,OR2W1,OR2W1_P_0,all_pose,pose_0053,pose_0053,SUCCESS,0,PLIP XML generated
111-27-3,OR2W1,OR2W1_P_0,all_pose,pose_0054,pose_0054,SUCCESS,0,PLIP XML generated
111-27-3,OR2W1,OR2W1_P_0,all_pose,pose_0055,pose_0055,SUCCESS,0,PLIP XML generated
111-27-3,OR2W1,OR2W1_P_0,all_pose,pose_0056,pose_0056,SUCCESS,0,PLIP XML generated
111-27-3,OR2W1,OR2W1_P_0,all_pose,pose_0057,pose_0057,SUCCESS,0,PLIP XML generated
111-27-3,OR2W1,OR2W1_P_0,all_pose,pose_0058,pose_0058,SUCCESS,0,PLIP XML generated
111-27-3,OR2W1,OR2W1_P_0,all_pose,pose_0059,pose_0059,SUCCESS,0,PLIP XML generated
111-27-3,OR2W1,OR2W1_P_0,all_pose,pose_0060,pose_0060,SUCCESS,0,PLIP XML generated
111-27-3,OR2W1,OR2W1_P_0,all_pose,pose_0061,pose_0061,SUCCESS,0,PLIP XML generated
111-27-3,OR2W1,OR2W1_P_0,all_pose,pose_0062,pose_0062,SUCCESS,0,PLIP XML generated
111-27-3,OR2W1,OR2W1_P_0,all_pose,pose_0063,pose_0063,SUCCESS,0,PLIP XML generated
111-27-3,OR2W1,OR2W1_P_0,all_pose,pose_0064,pose_0064,SUCCESS,0,PLIP XML generated
111-27-3,OR2W1,OR2W1_P_0,all_pose,pose_0065,pose_0065,SUCCESS,0,PLIP XML generated
111-27-3,OR2W1,OR2W1_P_0,all_pose,pose_0066,pose_0066,SUCCESS,0,PLIP XML generated
111-27-3,OR2W1,OR2W1_P_0,all_pose,pose_0067,pose_0067,SUCCESS,0,PLIP XML generated
111-27-3,OR2W1,OR2W1_P_0,all_pose,pose_0068,pose_0068,SUCCESS,0,PLIP XML generated
111-27-3,OR2W1,OR2W1_P_0,all_pose,pose_0069,pose_0069,SUCCESS,0,PLIP XML generated
111-27-3,OR2W1,OR2W1_P_0,all_pose,pose_0070,pose_0070,SUCCESS,0,PLIP XML generated
111-27-3,OR2W1,OR2W1_P_0,all_pose,pose_0071,pose_0071,SUCCESS,0,PLIP XML generated
111-27-3,OR2W1,OR2W1_P_0,all_pose,pose_0072,pose_0072,SUCCESS,0,PLIP XML generated
111-27-3,OR2W1,OR2W1_P_0,all_pose,pose_0073,pose_0073,SUCCESS,0,PLIP XML generated
111-27-3,OR2W1,OR2W1_P_0,all_pose,pose_0074,pose_0074,SUCCESS,0,PLIP XML generated
111-27-3,OR2W1,OR2W1_P_0,all_pose,pose_0075,pose_0075,SUCCESS,0,PLIP XML generated
111-27-3,OR2W1,OR2W1_P_0,all_pose,pose_0076,pose_0076,SUCCESS,0,PLIP XML generated
111-27-3,OR2W1,OR2W1_P_0,all_pose,pose_0077,pose_0077,SUCCESS,0,PLIP XML generated
111-27-3,OR2W1,OR2W1_P_0,all_pose,pose_0078,pose_0078,SUCCESS,0,PLIP XML generated
111-27-3,OR2W1,OR2W1_P_0,all_pose,pose_0079,pose_0079,SUCCESS,0,PLIP XML generated
111-27-3,OR2W1,OR2W1_P_0,all_pose,pose_0080,pose_0080,SUCCESS,0,PLIP XML generated
111-27-3,OR2W1,OR2W1_P_0,all_pose,pose_0081,pose_0081,SUCCESS,0,PLIP XML generated
111-27-3,OR2W1,OR2W1_P_0,all_pose,pose_0082,pose_0082,SUCCESS,0,PLIP XML generated
111-27-3,OR2W1,OR2W1_P_0,all_pose,pose_0083,pose_0083,SUCCESS,0,PLIP XML generated
111-27-3,OR2W1,OR2W1_P_0,all_pose,pose_0084,pose_0084,SUCCESS,0,PLIP XML generated
111-27-3,OR2W1,OR2W1_P_0,all_pose,pose_0085,pose_0085,SUCCESS,0,PLIP XML generated
111-27-3,OR2W1,OR2W1_P_0,all_pose,pose_0086,pose_0086,SUCCESS,0,PLIP XML generated
111-27-3,OR2W1,OR2W1_P_0,all_pose,pose_0087,pose_0087,SUCCESS,0,PLIP XML generated
111-27-3,OR2W1,OR2W1_P_0,all_pose,pose_0088,pose_0088,SUCCESS,0,PLIP XML generated
111-27-3,OR2W1,OR2W1_P_0,all_pose,pose_0089,pose_0089,SUCCESS,0,PLIP XML generated
111-27-3,OR2W1,OR2W1_P_0,all_pose,pose_0090,pose_0090,SUCCESS,0,PLIP XML generated
111-27-3,OR2W1,OR2W1_P_0,all_pose,pose_0091,pose_0091,SUCCESS,0,PLIP XML generated
111-27-3,OR2W1,OR2W1_P_0,all_pose,pose_0092,pose_0092,SUCCESS,0,PLIP XML generated
111-27-3,OR2W1,OR2W1_P_0,all_pose,pose_0093,pose_0093,SUCCESS,0,PLIP XML generated
111-27-3,OR2W1,OR2W1_P_0,all_pose,pose_0094,pose_0094,SUCCESS,0,PLIP XML generated
111-27-3,OR2W1,OR2W1_P_0,all_pose,pose_0095,pose_0095,SUCCESS,0,PLIP XML generated
111-27-3,OR2W1,OR2W1_P_0,all_pose,pose_0096,pose_0096,SUCCESS,0,PLIP XML generated
111-27-3,OR2W1,OR2W1_P_0,all_pose,pose_0097,pose_0097,SUCCESS,0,PLIP XML generated
111-27-3,OR2W1,OR2W1_P_0,all_pose,pose_0098,pose_0098,SUCCESS,0,PLIP XML generated
111-27-3,OR2W1,OR2W1_P_0,all_pose,pose_0099,pose_0099,SUCCESS,0,PLIP XML generated
111-27-3,OR2W1,OR2W1_P_0,all_pose,pose_0100,pose_0100,SUCCESS,0,PLIP XML generated
111-27-3,OR2W1,OR2W1_P_0,representative,cluster_002_medoid,pose_0039,SUCCESS,0,PLIP XML generated
111-27-3,OR2W1,OR2W1_P_0,representative,cluster_003_medoid,pose_0041,SUCCESS,0,PLIP XML generated
111-27-3,OR2W1,OR2W1_P_0,representative,dominant_cluster_medoid,pose_0015,SUCCESS,0,PLIP XML generated
111-27-3,OR2W1,OR2W1_P_0,representative,global_lowest_energy,pose_0094,SUCCESS,0,PLIP XML generated
111-27-3,OR2W1,OR2W1_P_1,all_pose,pose_0001,pose_0001,SUCCESS,0,PLIP XML generated
111-27-3,OR2W1,OR2W1_P_1,all_pose,pose_0002,pose_0002,SUCCESS,0,PLIP XML generated
111-27-3,OR2W1,OR2W1_P_1,all_pose,pose_0003,pose_0003,SUCCESS,0,PLIP XML generated
111-27-3,OR2W1,OR2W1_P_1,all_pose,pose_0004,pose_0004,SUCCESS,0,PLIP XML generated
111-27-3,OR2W1,OR2W1_P_1,all_pose,pose_0005,pose_0005,SUCCESS,0,PLIP XML generated
111-27-3,OR2W1,OR2W1_P_1,all_pose,pose_0006,pose_0006,SUCCESS,0,PLIP XML generated
111-27-3,OR2W1,OR2W1_P_1,all_pose,pose_0007,pose_0007,SUCCESS,0,PLIP XML generated
111-27-3,OR2W1,OR2W1_P_1,all_pose,pose_0008,pose_0008,SUCCESS,0,PLIP XML generated
111-27-3,OR2W1,OR2W1_P_1,all_pose,pose_0009,pose_0009,SUCCESS,0,PLIP XML generated
111-27-3,OR2W1,OR2W1_P_1,all_pose,pose_0010,pose_0010,SUCCESS,0,PLIP XML generated
111-27-3,OR2W1,OR2W1_P_1,all_pose,pose_0011,pose_0011,SUCCESS,0,PLIP XML generated
111-27-3,OR2W1,OR2W1_P_1,all_pose,pose_0012,pose_0012,SUCCESS,0,PLIP XML generated
111-27-3,OR2W1,OR2W1_P_1,all_pose,pose_0013,pose_0013,SUCCESS,0,PLIP XML generated
111-27-3,OR2W1,OR2W1_P_1,all_pose,pose_0014,pose_0014,SUCCESS,0,PLIP XML generated
111-27-3,OR2W1,OR2W1_P_1,all_pose,pose_0015,pose_0015,SUCCESS,0,PLIP XML generated
111-27-3,OR2W1,OR2W1_P_1,all_pose,pose_0016,pose_0016,SUCCESS,0,PLIP XML generated
111-27-3,OR2W1,OR2W1_P_1,all_pose,pose_0017,pose_0017,SUCCESS,0,PLIP XML generated
111-27-3,OR2W1,OR2W1_P_1,all_pose,pose_0018,pose_0018,SUCCESS,0,PLIP XML generated
111-27-3,OR2W1,OR2W1_P_1,all_pose,pose_0019,pose_0019,SUCCESS,0,PLIP XML generated
111-27-3,OR2W1,OR2W1_P_1,all_pose,pose_0020,pose_0020,SUCCESS,0,PLIP XML generated
111-27-3,OR2W1,OR2W1_P_1,all_pose,pose_0021,pose_0021,SUCCESS,0,PLIP XML generated
111-27-3,OR2W1,OR2W1_P_1,all_pose,pose_0022,pose_0022,SUCCESS,0,PLIP XML generated
111-27-3,OR2W1,OR2W1_P_1,all_pose,pose_0023,pose_0023,SUCCESS,0,PLIP XML generated
111-27-3,OR2W1,OR2W1_P_1,all_pose,pose_0024,pose_0024,SUCCESS,0,PLIP XML generated
111-27-3,OR2W1,OR2W1_P_1,all_pose,pose_0025,pose_0025,SUCCESS,0,PLIP XML generated
111-27-3,OR2W1,OR2W1_P_1,all_pose,pose_0026,pose_0026,SUCCESS,0,PLIP XML generated
111-27-3,OR2W1,OR2W1_P_1,all_pose,pose_0027,pose_0027,SUCCESS,0,PLIP XML generated
111-27-3,OR2W1,OR2W1_P_1,all_pose,pose_0028,pose_0028,SUCCESS,0,PLIP XML generated
111-27-3,OR2W1,OR2W1_P_1,all_pose,pose_0029,pose_0029,SUCCESS,0,PLIP XML generated
111-27-3,OR2W1,OR2W1_P_1,all_pose,pose_0030,pose_0030,SUCCESS,0,PLIP XML generated
111-27-3,OR2W1,OR2W1_P_1,all_pose,pose_0031,pose_0031,SUCCESS,0,PLIP XML generated
111-27-3,OR2W1,OR2W1_P_1,all_pose,pose_0032,pose_0032,SUCCESS,0,PLIP XML generated
111-27-3,OR2W1,OR2W1_P_1,all_pose,pose_0033,pose_0033,SUCCESS,0,PLIP XML generated
111-27-3,OR2W1,OR2W1_P_1,all_pose,pose_0034,pose_0034,SUCCESS,0,PLIP XML generated
111-27-3,OR2W1,OR2W1_P_1,all_pose,pose_0035,pose_0035,SUCCESS,0,PLIP XML generated
111-27-3,OR2W1,OR2W1_P_1,all_pose,pose_0036,pose_0036,SUCCESS,0,PLIP XML generated
111-27-3,OR2W1,OR2W1_P_1,all_pose,pose_0037,pose_0037,SUCCESS,0,PLIP XML generated
111-27-3,OR2W1,OR2W1_P_1,all_pose,pose_0038,pose_0038,SUCCESS,0,PLIP XML generated
111-27-3,OR2W1,OR2W1_P_1,all_pose,pose_0039,pose_0039,SUCCESS,0,PLIP XML generated
111-27-3,OR2W1,OR2W1_P_1,all_pose,pose_0040,pose_0040,SUCCESS,0,PLIP XML generated
111-27-3,OR2W1,OR2W1_P_1,all_pose,pose_0041,pose_0041,SUCCESS,0,PLIP XML generated
111-27-3,OR2W1,OR2W1_P_1,all_pose,pose_0042,pose_0042,SUCCESS,0,PLIP XML generated
111-27-3,OR2W1,OR2W1_P_1,all_pose,pose_0043,pose_0043,SUCCESS,0,PLIP XML generated
111-27-3,OR2W1,OR2W1_P_1,all_pose,pose_0044,pose_0044,SUCCESS,0,PLIP XML generated
111-27-3,OR2W1,OR2W1_P_1,all_pose,pose_0045,pose_0045,SUCCESS,0,PLIP XML generated
111-27-3,OR2W1,OR2W1_P_1,all_pose,pose_0046,pose_0046,SUCCESS,0,PLIP XML generated
111-27-3,OR2W1,OR2W1_P_1,all_pose,pose_0047,pose_0047,SUCCESS,0,PLIP XML generated
111-27-3,OR2W1,OR2W1_P_1,all_pose,pose_0048,pose_0048,SUCCESS,0,PLIP XML generated
111-27-3,OR2W1,OR2W1_P_1,all_pose,pose_0049,pose_0049,SUCCESS,0,PLIP XML generated
111-27-3,OR2W1,OR2W1_P_1,all_pose,pose_0050,pose_0050,SUCCESS,0,PLIP XML generated
111-27-3,OR2W1,OR2W1_P_1,all_pose,pose_0051,pose_0051,SUCCESS,0,PLIP XML generated
111-27-3,OR2W1,OR2W1_P_1,all_pose,pose_0052,pose_0052,SUCCESS,0,PLIP XML generated
111-27-3,OR2W1,OR2W1_P_1,all_pose,pose_0053,pose_0053,SUCCESS,0,PLIP XML generated
111-27-3,OR2W1,OR2W1_P_1,all_pose,pose_0054,pose_0054,SUCCESS,0,PLIP XML generated
111-27-3,OR2W1,OR2W1_P_1,all_pose,pose_0055,pose_0055,SUCCESS,0,PLIP XML generated
111-27-3,OR2W1,OR2W1_P_1,all_pose,pose_0056,pose_0056,SUCCESS,0,PLIP XML generated
111-27-3,OR2W1,OR2W1_P_1,all_pose,pose_0057,pose_0057,SUCCESS,0,PLIP XML generated
111-27-3,OR2W1,OR2W1_P_1,all_pose,pose_0058,pose_0058,SUCCESS,0,PLIP XML generated
111-27-3,OR2W1,OR2W1_P_1,all_pose,pose_0059,pose_0059,SUCCESS,0,PLIP XML generated
111-27-3,OR2W1,OR2W1_P_1,all_pose,pose_0060,pose_0060,SUCCESS,0,PLIP XML generated
111-27-3,OR2W1,OR2W1_P_1,all_pose,pose_0061,pose_0061,SUCCESS,0,PLIP XML generated
111-27-3,OR2W1,OR2W1_P_1,all_pose,pose_0062,pose_0062,SUCCESS,0,PLIP XML generated
111-27-3,OR2W1,OR2W1_P_1,all_pose,pose_0063,pose_0063,SUCCESS,0,PLIP XML generated
111-27-3,OR2W1,OR2W1_P_1,all_pose,pose_0064,pose_0064,SUCCESS,0,PLIP XML generated
111-27-3,OR2W1,OR2W1_P_1,all_pose,pose_0065,pose_0065,SUCCESS,0,PLIP XML generated
111-27-3,OR2W1,OR2W1_P_1,all_pose,pose_0066,pose_0066,SUCCESS,0,PLIP XML generated
111-27-3,OR2W1,OR2W1_P_1,all_pose,pose_0067,pose_0067,SUCCESS,0,PLIP XML generated
111-27-3,OR2W1,OR2W1_P_1,all_pose,pose_0068,pose_0068,SUCCESS,0,PLIP XML generated
111-27-3,OR2W1,OR2W1_P_1,all_pose,pose_0069,pose_0069,SUCCESS,0,PLIP XML generated
111-27-3,OR2W1,OR2W1_P_1,all_pose,pose_0070,pose_0070,SUCCESS,0,PLIP XML generated
111-27-3,OR2W1,OR2W1_P_1,all_pose,pose_0071,pose_0071,SUCCESS,0,PLIP XML generated
111-27-3,OR2W1,OR2W1_P_1,all_pose,pose_0072,pose_0072,SUCCESS,0,PLIP XML generated
111-27-3,OR2W1,OR2W1_P_1,all_pose,pose_0073,pose_0073,SUCCESS,0,PLIP XML generated
111-27-3,OR2W1,OR2W1_P_1,all_pose,pose_0074,pose_0074,SUCCESS,0,PLIP XML generated
111-27-3,OR2W1,OR2W1_P_1,all_pose,pose_0075,pose_0075,SUCCESS,0,PLIP XML generated
111-27-3,OR2W1,OR2W1_P_1,all_pose,pose_0076,pose_0076,SUCCESS,0,PLIP XML generated
111-27-3,OR2W1,OR2W1_P_1,all_pose,pose_0077,pose_0077,SUCCESS,0,PLIP XML generated
111-27-3,OR2W1,OR2W1_P_1,all_pose,pose_0078,pose_0078,SUCCESS,0,PLIP XML generated
111-27-3,OR2W1,OR2W1_P_1,all_pose,pose_0079,pose_0079,SUCCESS,0,PLIP XML generated
111-27-3,OR2W1,OR2W1_P_1,all_pose,pose_0080,pose_0080,SUCCESS,0,PLIP XML generated
111-27-3,OR2W1,OR2W1_P_1,all_pose,pose_0081,pose_0081,SUCCESS,0,PLIP XML generated
111-27-3,OR2W1,OR2W1_P_1,all_pose,pose_0082,pose_0082,SUCCESS,0,PLIP XML generated
111-27-3,OR2W1,OR2W1_P_1,all_pose,pose_0083,pose_0083,SUCCESS,0,PLIP XML generated
111-27-3,OR2W1,OR2W1_P_1,all_pose,pose_0084,pose_0084,SUCCESS,0,PLIP XML generated
111-27-3,OR2W1,OR2W1_P_1,all_pose,pose_0085,pose_0085,SUCCESS,0,PLIP XML generated
111-27-3,OR2W1,OR2W1_P_1,all_pose,pose_0086,pose_0086,SUCCESS,0,PLIP XML generated
111-27-3,OR2W1,OR2W1_P_1,all_pose,pose_0087,pose_0087,SUCCESS,0,PLIP XML generated
111-27-3,OR2W1,OR2W1_P_1,all_pose,pose_0088,pose_0088,SUCCESS,0,PLIP XML generated
111-27-3,OR2W1,OR2W1_P_1,all_pose,pose_0089,pose_0089,SUCCESS,0,PLIP XML generated
111-27-3,OR2W1,OR2W1_P_1,all_pose,pose_0090,pose_0090,SUCCESS,0,PLIP XML generated
111-27-3,OR2W1,OR2W1_P_1,all_pose,pose_0091,pose_0091,SUCCESS,0,PLIP XML generated
111-27-3,OR2W1,OR2W1_P_1,all_pose,pose_0092,pose_0092,SUCCESS,0,PLIP XML generated
111-27-3,OR2W1,OR2W1_P_1,all_pose,pose_0093,pose_0093,SUCCESS,0,PLIP XML generated
111-27-3,OR2W1,OR2W1_P_1,all_pose,pose_0094,pose_0094,SUCCESS,0,PLIP XML generated
111-27-3,OR2W1,OR2W1_P_1,all_pose,pose_0095,pose_0095,SUCCESS,0,PLIP XML generated
111-27-3,OR2W1,OR2W1_P_1,all_pose,pose_0096,pose_0096,SUCCESS,0,PLIP XML generated
111-27-3,OR2W1,OR2W1_P_1,all_pose,pose_0097,pose_0097,SUCCESS,0,PLIP XML generated
111-27-3,OR2W1,OR2W1_P_1,all_pose,pose_0098,pose_0098,SUCCESS,0,PLIP XML generated
111-27-3,OR2W1,OR2W1_P_1,all_pose,pose_0099,pose_0099,SUCCESS,0,PLIP XML generated
111-27-3,OR2W1,OR2W1_P_1,all_pose,pose_0100,pose_0100,SUCCESS,0,PLIP XML generated
111-27-3,OR2W1,OR2W1_P_1,representative,cluster_002_medoid,pose_0008,SUCCESS,0,PLIP XML generated
111-27-3,OR2W1,OR2W1_P_1,representative,cluster_003_medoid,pose_0012,SUCCESS,0,PLIP XML generated
111-27-3,OR2W1,OR2W1_P_1,representative,dominant_cluster_medoid,pose_0085,SUCCESS,0,PLIP XML generated
111-27-3,OR2W1,OR2W1_P_1,representative,global_lowest_energy,pose_0017,SUCCESS,0,PLIP XML generated
111-27-3,OR2W1,OR2W1_P_2,all_pose,pose_0001,pose_0001,SUCCESS,0,PLIP XML generated
111-27-3,OR2W1,OR2W1_P_2,all_pose,pose_0002,pose_0002,SUCCESS,0,PLIP XML generated
111-27-3,OR2W1,OR2W1_P_2,all_pose,pose_0003,pose_0003,SUCCESS,0,PLIP XML generated
111-27-3,OR2W1,OR2W1_P_2,all_pose,pose_0004,pose_0004,SUCCESS,0,PLIP XML generated
111-27-3,OR2W1,OR2W1_P_2,all_pose,pose_0005,pose_0005,SUCCESS,0,PLIP XML generated
111-27-3,OR2W1,OR2W1_P_2,all_pose,pose_0006,pose_0006,SUCCESS,0,PLIP XML generated
111-27-3,OR2W1,OR2W1_P_2,all_pose,pose_0007,pose_0007,SUCCESS,0,PLIP XML generated
111-27-3,OR2W1,OR2W1_P_2,all_pose,pose_0008,pose_0008,SUCCESS,0,PLIP XML generated
111-27-3,OR2W1,OR2W1_P_2,all_pose,pose_0009,pose_0009,SUCCESS,0,PLIP XML generated
111-27-3,OR2W1,OR2W1_P_2,all_pose,pose_0010,pose_0010,SUCCESS,0,PLIP XML generated
111-27-3,OR2W1,OR2W1_P_2,all_pose,pose_0011,pose_0011,SUCCESS,0,PLIP XML generated
111-27-3,OR2W1,OR2W1_P_2,all_pose,pose_0012,pose_0012,SUCCESS,0,PLIP XML generated
111-27-3,OR2W1,OR2W1_P_2,all_pose,pose_0013,pose_0013,SUCCESS,0,PLIP XML generated
111-27-3,OR2W1,OR2W1_P_2,all_pose,pose_0014,pose_0014,SUCCESS,0,PLIP XML generated
111-27-3,OR2W1,OR2W1_P_2,all_pose,pose_0015,pose_0015,SUCCESS,0,PLIP XML generated
111-27-3,OR2W1,OR2W1_P_2,all_pose,pose_0016,pose_0016,SUCCESS,0,PLIP XML generated
111-27-3,OR2W1,OR2W1_P_2,all_pose,pose_0017,pose_0017,SUCCESS,0,PLIP XML generated
111-27-3,OR2W1,OR2W1_P_2,all_pose,pose_0018,pose_0018,SUCCESS,0,PLIP XML generated
111-27-3,OR2W1,OR2W1_P_2,all_pose,pose_0019,pose_0019,SUCCESS,0,PLIP XML generated
111-27-3,OR2W1,OR2W1_P_2,all_pose,pose_0020,pose_0020,SUCCESS,0,PLIP XML generated
111-27-3,OR2W1,OR2W1_P_2,all_pose,pose_0021,pose_0021,SUCCESS,0,PLIP XML generated
111-27-3,OR2W1,OR2W1_P_2,all_pose,pose_0022,pose_0022,SUCCESS,0,PLIP XML generated
111-27-3,OR2W1,OR2W1_P_2,all_pose,pose_0023,pose_0023,SUCCESS,0,PLIP XML generated
111-27-3,OR2W1,OR2W1_P_2,all_pose,pose_0024,pose_0024,SUCCESS,0,PLIP XML generated
111-27-3,OR2W1,OR2W1_P_2,all_pose,pose_0025,pose_0025,SUCCESS,0,PLIP XML generated
111-27-3,OR2W1,OR2W1_P_2,all_pose,pose_0026,pose_0026,SUCCESS,0,PLIP XML generated
111-27-3,OR2W1,OR2W1_P_2,all_pose,pose_0027,pose_0027,SUCCESS,0,PLIP XML generated
111-27-3,OR2W1,OR2W1_P_2,all_pose,pose_0028,pose_0028,SUCCESS,0,PLIP XML generated
111-27-3,OR2W1,OR2W1_P_2,all_pose,pose_0029,pose_0029,SUCCESS,0,PLIP XML generated
111-27-3,OR2W1,OR2W1_P_2,all_pose,pose_0030,pose_0030,SUCCESS,0,PLIP XML generated
111-27-3,OR2W1,OR2W1_P_2,all_pose,pose_0031,pose_0031,SUCCESS,0,PLIP XML generated
111-27-3,OR2W1,OR2W1_P_2,all_pose,pose_0032,pose_0032,SUCCESS,0,PLIP XML generated
111-27-3,OR2W1,OR2W1_P_2,all_pose,pose_0033,pose_0033,SUCCESS,0,PLIP XML generated
111-27-3,OR2W1,OR2W1_P_2,all_pose,pose_0034,pose_0034,SUCCESS,0,PLIP XML generated
111-27-3,OR2W1,OR2W1_P_2,all_pose,pose_0035,pose_0035,SUCCESS,0,PLIP XML generated
111-27-3,OR2W1,OR2W1_P_2,all_pose,pose_0036,pose_0036,SUCCESS,0,PLIP XML generated
111-27-3,OR2W1,OR2W1_P_2,all_pose,pose_0037,pose_0037,SUCCESS,0,PLIP XML generated
111-27-3,OR2W1,OR2W1_P_2,all_pose,pose_0038,pose_0038,SUCCESS,0,PLIP XML generated
111-27-3,OR2W1,OR2W1_P_2,all_pose,pose_0039,pose_0039,SUCCESS,0,PLIP XML generated
111-27-3,OR2W1,OR2W1_P_2,all_pose,pose_0040,pose_0040,SUCCESS,0,PLIP XML generated
111-27-3,OR2W1,OR2W1_P_2,all_pose,pose_0041,pose_0041,SUCCESS,0,PLIP XML generated
111-27-3,OR2W1,OR2W1_P_2,all_pose,pose_0042,pose_0042,SUCCESS,0,PLIP XML generated
111-27-3,OR2W1,OR2W1_P_2,all_pose,pose_0043,pose_0043,SUCCESS,0,PLIP XML generated
111-27-3,OR2W1,OR2W1_P_2,all_pose,pose_0044,pose_0044,SUCCESS,0,PLIP XML generated
111-27-3,OR2W1,OR2W1_P_2,all_pose,pose_0045,pose_0045,SUCCESS,0,PLIP XML generated
111-27-3,OR2W1,OR2W1_P_2,all_pose,pose_0046,pose_0046,SUCCESS,0,PLIP XML generated
111-27-3,OR2W1,OR2W1_P_2,all_pose,pose_0047,pose_0047,SUCCESS,0,PLIP XML generated
111-27-3,OR2W1,OR2W1_P_2,all_pose,pose_0048,pose_0048,SUCCESS,0,PLIP XML generated
111-27-3,OR2W1,OR2W1_P_2,all_pose,pose_0049,pose_0049,SUCCESS,0,PLIP XML generated
111-27-3,OR2W1,OR2W1_P_2,all_pose,pose_0050,pose_0050,SUCCESS,0,PLIP XML generated
111-27-3,OR2W1,OR2W1_P_2,all_pose,pose_0051,pose_0051,SUCCESS,0,PLIP XML generated
111-27-3,OR2W1,OR2W1_P_2,all_pose,pose_0052,pose_0052,SUCCESS,0,PLIP XML generated
111-27-3,OR2W1,OR2W1_P_2,all_pose,pose_0053,pose_0053,SUCCESS,0,PLIP XML generated
111-27-3,OR2W1,OR2W1_P_2,all_pose,pose_0054,pose_0054,SUCCESS,0,PLIP XML generated
111-27-3,OR2W1,OR2W1_P_2,all_pose,pose_0055,pose_0055,SUCCESS,0,PLIP XML generated
111-27-3,OR2W1,OR2W1_P_2,all_pose,pose_0056,pose_0056,SUCCESS,0,PLIP XML generated
111-27-3,OR2W1,OR2W1_P_2,all_pose,pose_0057,pose_0057,SUCCESS,0,PLIP XML generated
111-27-3,OR2W1,OR2W1_P_2,all_pose,pose_0058,pose_0058,SUCCESS,0,PLIP XML generated
111-27-3,OR2W1,OR2W1_P_2,all_pose,pose_0059,pose_0059,SUCCESS,0,PLIP XML generated
111-27-3,OR2W1,OR2W1_P_2,all_pose,pose_0060,pose_0060,SUCCESS,0,PLIP XML generated
111-27-3,OR2W1,OR2W1_P_2,all_pose,pose_0061,pose_0061,SUCCESS,0,PLIP XML generated
111-27-3,OR2W1,OR2W1_P_2,all_pose,pose_0062,pose_0062,SUCCESS,0,PLIP XML generated
111-27-3,OR2W1,OR2W1_P_2,all_pose,pose_0063,pose_0063,SUCCESS,0,PLIP XML generated
111-27-3,OR2W1,OR2W1_P_2,all_pose,pose_0064,pose_0064,SUCCESS,0,PLIP XML generated
111-27-3,OR2W1,OR2W1_P_2,all_pose,pose_0065,pose_0065,SUCCESS,0,PLIP XML generated
111-27-3,OR2W1,OR2W1_P_2,all_pose,pose_0066,pose_0066,SUCCESS,0,PLIP XML generated
111-27-3,OR2W1,OR2W1_P_2,all_pose,pose_0067,pose_0067,SUCCESS,0,PLIP XML generated
111-27-3,OR2W1,OR2W1_P_2,all_pose,pose_0068,pose_0068,SUCCESS,0,PLIP XML generated
111-27-3,OR2W1,OR2W1_P_2,all_pose,pose_0069,pose_0069,SUCCESS,0,PLIP XML generated
111-27-3,OR2W1,OR2W1_P_2,all_pose,pose_0070,pose_0070,SUCCESS,0,PLIP XML generated
111-27-3,OR2W1,OR2W1_P_2,all_pose,pose_0071,pose_0071,SUCCESS,0,PLIP XML generated
111-27-3,OR2W1,OR2W1_P_2,all_pose,pose_0072,pose_0072,SUCCESS,0,PLIP XML generated
111-27-3,OR2W1,OR2W1_P_2,all_pose,pose_0073,pose_0073,SUCCESS,0,PLIP XML generated
111-27-3,OR2W1,OR2W1_P_2,all_pose,pose_0074,pose_0074,SUCCESS,0,PLIP XML generated
111-27-3,OR2W1,OR2W1_P_2,all_pose,pose_0075,pose_0075,SUCCESS,0,PLIP XML generated
111-27-3,OR2W1,OR2W1_P_2,all_pose,pose_0076,pose_0076,SUCCESS,0,PLIP XML generated
111-27-3,OR2W1,OR2W1_P_2,all_pose,pose_0077,pose_0077,SUCCESS,0,PLIP XML generated
111-27-3,OR2W1,OR2W1_P_2,all_pose,pose_0078,pose_0078,SUCCESS,0,PLIP XML generated
111-27-3,OR2W1,OR2W1_P_2,all_pose,pose_0079,pose_0079,SUCCESS,0,PLIP XML generated
111-27-3,OR2W1,OR2W1_P_2,all_pose,pose_0080,pose_0080,SUCCESS,0,PLIP XML generated
111-27-3,OR2W1,OR2W1_P_2,all_pose,pose_0081,pose_0081,SUCCESS,0,PLIP XML generated
111-27-3,OR2W1,OR2W1_P_2,all_pose,pose_0082,pose_0082,SUCCESS,0,PLIP XML generated
111-27-3,OR2W1,OR2W1_P_2,all_pose,pose_0083,pose_0083,SUCCESS,0,PLIP XML generated
111-27-3,OR2W1,OR2W1_P_2,all_pose,pose_0084,pose_0084,SUCCESS,0,PLIP XML generated
111-27-3,OR2W1,OR2W1_P_2,all_pose,pose_0085,pose_0085,SUCCESS,0,PLIP XML generated
111-27-3,OR2W1,OR2W1_P_2,all_pose,pose_0086,pose_0086,SUCCESS,0,PLIP XML generated
111-27-3,OR2W1,OR2W1_P_2,all_pose,pose_0087,pose_0087,SUCCESS,0,PLIP XML generated
111-27-3,OR2W1,OR2W1_P_2,all_pose,pose_0088,pose_0088,SUCCESS,0,PLIP XML generated
111-27-3,OR2W1,OR2W1_P_2,all_pose,pose_0089,pose_0089,SUCCESS,0,PLIP XML generated
111-27-3,OR2W1,OR2W1_P_2,all_pose,pose_0090,pose_0090,SUCCESS,0,PLIP XML generated
111-27-3,OR2W1,OR2W1_P_2,all_pose,pose_0091,pose_0091,SUCCESS,0,PLIP XML generated
111-27-3,OR2W1,OR2W1_P_2,all_pose,pose_0092,pose_0092,SUCCESS,0,PLIP XML generated
111-27-3,OR2W1,OR2W1_P_2,all_pose,pose_0093,pose_0093,SUCCESS,0,PLIP XML generated
111-27-3,OR2W1,OR2W1_P_2,all_pose,pose_0094,pose_0094,SUCCESS,0,PLIP XML generated
111-27-3,OR2W1,OR2W1_P_2,all_pose,pose_0095,pose_0095,SUCCESS,0,PLIP XML generated
111-27-3,OR2W1,OR2W1_P_2,all_pose,pose_0096,pose_0096,SUCCESS,0,PLIP XML generated
111-27-3,OR2W1,OR2W1_P_2,all_pose,pose_0097,pose_0097,SUCCESS,0,PLIP XML generated
111-27-3,OR2W1,OR2W1_P_2,all_pose,pose_0098,pose_0098,SUCCESS,0,PLIP XML generated
111-27-3,OR2W1,OR2W1_P_2,all_pose,pose_0099,pose_0099,SUCCESS,0,PLIP XML generated
111-27-3,OR2W1,OR2W1_P_2,all_pose,pose_0100,pose_0100,SUCCESS,0,PLIP XML generated
111-27-3,OR2W1,OR2W1_P_2,representative,cluster_002_medoid,pose_0090,SUCCESS,0,PLIP XML generated
111-27-3,OR2W1,OR2W1_P_2,representative,cluster_003_medoid,pose_0058,SUCCESS,0,PLIP XML generated
111-27-3,OR2W1,OR2W1_P_2,representative,dominant_cluster_medoid,pose_0091,SUCCESS,0,PLIP XML generated
111-27-3,OR2W1,OR2W1_P_2,representative,global_lowest_energy,pose_0046,SUCCESS,0,PLIP XML generated
111-27-3,OR2W1,OR2W1_P_3,all_pose,pose_0001,pose_0001,SUCCESS,0,PLIP XML generated
111-27-3,OR2W1,OR2W1_P_3,all_pose,pose_0002,pose_0002,SUCCESS,0,PLIP XML generated
111-27-3,OR2W1,OR2W1_P_3,all_pose,pose_0003,pose_0003,SUCCESS,0,PLIP XML generated
111-27-3,OR2W1,OR2W1_P_3,all_pose,pose_0004,pose_0004,SUCCESS,0,PLIP XML generated
111-27-3,OR2W1,OR2W1_P_3,all_pose,pose_0005,pose_0005,SUCCESS,0,PLIP XML generated
111-27-3,OR2W1,OR2W1_P_3,all_pose,pose_0006,pose_0006,SUCCESS,0,PLIP XML generated
111-27-3,OR2W1,OR2W1_P_3,all_pose,pose_0007,pose_0007,SUCCESS,0,PLIP XML generated
111-27-3,OR2W1,OR2W1_P_3,all_pose,pose_0008,pose_0008,SUCCESS,0,PLIP XML generated
111-27-3,OR2W1,OR2W1_P_3,all_pose,pose_0009,pose_0009,SUCCESS,0,PLIP XML generated
111-27-3,OR2W1,OR2W1_P_3,all_pose,pose_0010,pose_0010,SUCCESS,0,PLIP XML generated
111-27-3,OR2W1,OR2W1_P_3,all_pose,pose_0011,pose_0011,SUCCESS,0,PLIP XML generated
111-27-3,OR2W1,OR2W1_P_3,all_pose,pose_0012,pose_0012,SUCCESS,0,PLIP XML generated
111-27-3,OR2W1,OR2W1_P_3,all_pose,pose_0013,pose_0013,SUCCESS,0,PLIP XML generated
111-27-3,OR2W1,OR2W1_P_3,all_pose,pose_0014,pose_0014,SUCCESS,0,PLIP XML generated
111-27-3,OR2W1,OR2W1_P_3,all_pose,pose_0015,pose_0015,SUCCESS,0,PLIP XML generated
111-27-3,OR2W1,OR2W1_P_3,all_pose,pose_0016,pose_0016,SUCCESS,0,PLIP XML generated
111-27-3,OR2W1,OR2W1_P_3,all_pose,pose_0017,pose_0017,SUCCESS,0,PLIP XML generated
111-27-3,OR2W1,OR2W1_P_3,all_pose,pose_0018,pose_0018,SUCCESS,0,PLIP XML generated
111-27-3,OR2W1,OR2W1_P_3,all_pose,pose_0019,pose_0019,SUCCESS,0,PLIP XML generated
111-27-3,OR2W1,OR2W1_P_3,all_pose,pose_0020,pose_0020,SUCCESS,0,PLIP XML generated
111-27-3,OR2W1,OR2W1_P_3,all_pose,pose_0021,pose_0021,SUCCESS,0,PLIP XML generated
111-27-3,OR2W1,OR2W1_P_3,all_pose,pose_0022,pose_0022,SUCCESS,0,PLIP XML generated
111-27-3,OR2W1,OR2W1_P_3,all_pose,pose_0023,pose_0023,SUCCESS,0,PLIP XML generated
111-27-3,OR2W1,OR2W1_P_3,all_pose,pose_0024,pose_0024,SUCCESS,0,PLIP XML generated
111-27-3,OR2W1,OR2W1_P_3,all_pose,pose_0025,pose_0025,SUCCESS,0,PLIP XML generated
111-27-3,OR2W1,OR2W1_P_3,all_pose,pose_0026,pose_0026,SUCCESS,0,PLIP XML generated
111-27-3,OR2W1,OR2W1_P_3,all_pose,pose_0027,pose_0027,SUCCESS,0,PLIP XML generated
111-27-3,OR2W1,OR2W1_P_3,all_pose,pose_0028,pose_0028,SUCCESS,0,PLIP XML generated
111-27-3,OR2W1,OR2W1_P_3,all_pose,pose_0029,pose_0029,SUCCESS,0,PLIP XML generated
111-27-3,OR2W1,OR2W1_P_3,all_pose,pose_0030,pose_0030,SUCCESS,0,PLIP XML generated
111-27-3,OR2W1,OR2W1_P_3,all_pose,pose_0031,pose_0031,SUCCESS,0,PLIP XML generated
111-27-3,OR2W1,OR2W1_P_3,all_pose,pose_0032,pose_0032,SUCCESS,0,PLIP XML generated
111-27-3,OR2W1,OR2W1_P_3,all_pose,pose_0033,pose_0033,SUCCESS,0,PLIP XML generated
111-27-3,OR2W1,OR2W1_P_3,all_pose,pose_0034,pose_0034,SUCCESS,0,PLIP XML generated
111-27-3,OR2W1,OR2W1_P_3,all_pose,pose_0035,pose_0035,SUCCESS,0,PLIP XML generated
111-27-3,OR2W1,OR2W1_P_3,all_pose,pose_0036,pose_0036,SUCCESS,0,PLIP XML generated
111-27-3,OR2W1,OR2W1_P_3,all_pose,pose_0037,pose_0037,SUCCESS,0,PLIP XML generated
111-27-3,OR2W1,OR2W1_P_3,all_pose,pose_0038,pose_0038,SUCCESS,0,PLIP XML generated
111-27-3,OR2W1,OR2W1_P_3,all_pose,pose_0039,pose_0039,SUCCESS,0,PLIP XML generated
111-27-3,OR2W1,OR2W1_P_3,all_pose,pose_0040,pose_0040,SUCCESS,0,PLIP XML generated
111-27-3,OR2W1,OR2W1_P_3,all_pose,pose_0041,pose_0041,SUCCESS,0,PLIP XML generated
111-27-3,OR2W1,OR2W1_P_3,all_pose,pose_0042,pose_0042,SUCCESS,0,PLIP XML generated
111-27-3,OR2W1,OR2W1_P_3,all_pose,pose_0043,pose_0043,SUCCESS,0,PLIP XML generated
111-27-3,OR2W1,OR2W1_P_3,all_pose,pose_0044,pose_0044,SUCCESS,0,PLIP XML generated
111-27-3,OR2W1,OR2W1_P_3,all_pose,pose_0045,pose_0045,SUCCESS,0,PLIP XML generated
111-27-3,OR2W1,OR2W1_P_3,all_pose,pose_0046,pose_0046,SUCCESS,0,PLIP XML generated
111-27-3,OR2W1,OR2W1_P_3,all_pose,pose_0047,pose_0047,SUCCESS,0,PLIP XML generated
111-27-3,OR2W1,OR2W1_P_3,all_pose,pose_0048,pose_0048,SUCCESS,0,PLIP XML generated
111-27-3,OR2W1,OR2W1_P_3,all_pose,pose_0049,pose_0049,SUCCESS,0,PLIP XML generated
111-27-3,OR2W1,OR2W1_P_3,all_pose,pose_0050,pose_0050,SUCCESS,0,PLIP XML generated
111-27-3,OR2W1,OR2W1_P_3,all_pose,pose_0051,pose_0051,SUCCESS,0,PLIP XML generated
111-27-3,OR2W1,OR2W1_P_3,all_pose,pose_0052,pose_0052,SUCCESS,0,PLIP XML generated
111-27-3,OR2W1,OR2W1_P_3,all_pose,pose_0053,pose_0053,SUCCESS,0,PLIP XML generated
111-27-3,OR2W1,OR2W1_P_3,all_pose,pose_0054,pose_0054,SUCCESS,0,PLIP XML generated
111-27-3,OR2W1,OR2W1_P_3,all_pose,pose_0055,pose_0055,SUCCESS,0,PLIP XML generated
111-27-3,OR2W1,OR2W1_P_3,all_pose,pose_0056,pose_0056,SUCCESS,0,PLIP XML generated
111-27-3,OR2W1,OR2W1_P_3,all_pose,pose_0057,pose_0057,SUCCESS,0,PLIP XML generated
111-27-3,OR2W1,OR2W1_P_3,all_pose,pose_0058,pose_0058,SUCCESS,0,PLIP XML generated
111-27-3,OR2W1,OR2W1_P_3,all_pose,pose_0059,pose_0059,SUCCESS,0,PLIP XML generated
111-27-3,OR2W1,OR2W1_P_3,all_pose,pose_0060,pose_0060,SUCCESS,0,PLIP XML generated
111-27-3,OR2W1,OR2W1_P_3,all_pose,pose_0061,pose_0061,SUCCESS,0,PLIP XML generated
111-27-3,OR2W1,OR2W1_P_3,all_pose,pose_0062,pose_0062,SUCCESS,0,PLIP XML generated
111-27-3,OR2W1,OR2W1_P_3,all_pose,pose_0063,pose_0063,SUCCESS,0,PLIP XML generated
111-27-3,OR2W1,OR2W1_P_3,all_pose,pose_0064,pose_0064,SUCCESS,0,PLIP XML generated
111-27-3,OR2W1,OR2W1_P_3,all_pose,pose_0065,pose_0065,SUCCESS,0,PLIP XML generated
111-27-3,OR2W1,OR2W1_P_3,all_pose,pose_0066,pose_0066,SUCCESS,0,PLIP XML generated
111-27-3,OR2W1,OR2W1_P_3,all_pose,pose_0067,pose_0067,SUCCESS,0,PLIP XML generated
111-27-3,OR2W1,OR2W1_P_3,all_pose,pose_0068,pose_0068,SUCCESS,0,PLIP XML generated
111-27-3,OR2W1,OR2W1_P_3,all_pose,pose_0069,pose_0069,SUCCESS,0,PLIP XML generated
111-27-3,OR2W1,OR2W1_P_3,all_pose,pose_0070,pose_0070,SUCCESS,0,PLIP XML generated
111-27-3,OR2W1,OR2W1_P_3,all_pose,pose_0071,pose_0071,SUCCESS,0,PLIP XML generated
111-27-3,OR2W1,OR2W1_P_3,all_pose,pose_0072,pose_0072,SUCCESS,0,PLIP XML generated
111-27-3,OR2W1,OR2W1_P_3,all_pose,pose_0073,pose_0073,SUCCESS,0,PLIP XML generated
111-27-3,OR2W1,OR2W1_P_3,all_pose,pose_0074,pose_0074,SUCCESS,0,PLIP XML generated
111-27-3,OR2W1,OR2W1_P_3,all_pose,pose_0075,pose_0075,SUCCESS,0,PLIP XML generated
111-27-3,OR2W1,OR2W1_P_3,all_pose,pose_0076,pose_0076,SUCCESS,0,PLIP XML generated
111-27-3,OR2W1,OR2W1_P_3,all_pose,pose_0077,pose_0077,SUCCESS,0,PLIP XML generated
111-27-3,OR2W1,OR2W1_P_3,all_pose,pose_0078,pose_0078,SUCCESS,0,PLIP XML generated
111-27-3,OR2W1,OR2W1_P_3,all_pose,pose_0079,pose_0079,SUCCESS,0,PLIP XML generated
111-27-3,OR2W1,OR2W1_P_3,all_pose,pose_0080,pose_0080,SUCCESS,0,PLIP XML generated
111-27-3,OR2W1,OR2W1_P_3,all_pose,pose_0081,pose_0081,SUCCESS,0,PLIP XML generated
111-27-3,OR2W1,OR2W1_P_3,all_pose,pose_0082,pose_0082,SUCCESS,0,PLIP XML generated
111-27-3,OR2W1,OR2W1_P_3,all_pose,pose_0083,pose_0083,SUCCESS,0,PLIP XML generated
111-27-3,OR2W1,OR2W1_P_3,all_pose,pose_0084,pose_0084,SUCCESS,0,PLIP XML generated
111-27-3,OR2W1,OR2W1_P_3,all_pose,pose_0085,pose_0085,SUCCESS,0,PLIP XML generated
111-27-3,OR2W1,OR2W1_P_3,all_pose,pose_0086,pose_0086,SUCCESS,0,PLIP XML generated
111-27-3,OR2W1,OR2W1_P_3,all_pose,pose_0087,pose_0087,SUCCESS,0,PLIP XML generated
111-27-3,OR2W1,OR2W1_P_3,all_pose,pose_0088,pose_0088,SUCCESS,0,PLIP XML generated
111-27-3,OR2W1,OR2W1_P_3,all_pose,pose_0089,pose_0089,SUCCESS,0,PLIP XML generated
111-27-3,OR2W1,OR2W1_P_3,all_pose,pose_0090,pose_0090,SUCCESS,0,PLIP XML generated
111-27-3,OR2W1,OR2W1_P_3,all_pose,pose_0091,pose_0091,SUCCESS,0,PLIP XML generated
111-27-3,OR2W1,OR2W1_P_3,all_pose,pose_0092,pose_0092,SUCCESS,0,PLIP XML generated
111-27-3,OR2W1,OR2W1_P_3,all_pose,pose_0093,pose_0093,SUCCESS,0,PLIP XML generated
111-27-3,OR2W1,OR2W1_P_3,all_pose,pose_0094,pose_0094,SUCCESS,0,PLIP XML generated
111-27-3,OR2W1,OR2W1_P_3,all_pose,pose_0095,pose_0095,SUCCESS,0,PLIP XML generated
111-27-3,OR2W1,OR2W1_P_3,all_pose,pose_0096,pose_0096,SUCCESS,0,PLIP XML generated
111-27-3,OR2W1,OR2W1_P_3,all_pose,pose_0097,pose_0097,SUCCESS,0,PLIP XML generated
111-27-3,OR2W1,OR2W1_P_3,all_pose,pose_0098,pose_0098,SUCCESS,0,PLIP XML generated
111-27-3,OR2W1,OR2W1_P_3,all_pose,pose_0099,pose_0099,SUCCESS,0,PLIP XML generated
111-27-3,OR2W1,OR2W1_P_3,all_pose,pose_0100,pose_0100,SUCCESS,0,PLIP XML generated
111-27-3,OR2W1,OR2W1_P_3,representative,cluster_002_medoid,pose_0029,SUCCESS,0,PLIP XML generated
111-27-3,OR2W1,OR2W1_P_3,representative,cluster_003_medoid,pose_0089,SUCCESS,0,PLIP XML generated
111-27-3,OR2W1,OR2W1_P_3,representative,dominant_cluster_medoid,pose_0077,SUCCESS,0,PLIP XML generated
111-27-3,OR2W1,OR2W1_P_3,representative,global_lowest_energy,pose_0001,SUCCESS,0,PLIP XML generated
124-19-6,OR1A1,OR1A1_P_0,all_pose,pose_0001,pose_0001,SUCCESS,0,PLIP XML generated
124-19-6,OR1A1,OR1A1_P_0,all_pose,pose_0002,pose_0002,SUCCESS,0,PLIP XML generated
124-19-6,OR1A1,OR1A1_P_0,all_pose,pose_0003,pose_0003,SUCCESS,0,PLIP XML generated
124-19-6,OR1A1,OR1A1_P_0,all_pose,pose_0004,pose_0004,SUCCESS,0,PLIP XML generated
124-19-6,OR1A1,OR1A1_P_0,all_pose,pose_0005,pose_0005,SUCCESS,0,PLIP XML generated
124-19-6,OR1A1,OR1A1_P_0,all_pose,pose_0006,pose_0006,SUCCESS,0,PLIP XML generated
124-19-6,OR1A1,OR1A1_P_0,all_pose,pose_0007,pose_0007,SUCCESS,0,PLIP XML generated
124-19-6,OR1A1,OR1A1_P_0,all_pose,pose_0008,pose_0008,SUCCESS,0,PLIP XML generated
124-19-6,OR1A1,OR1A1_P_0,all_pose,pose_0009,pose_0009,SUCCESS,0,PLIP XML generated
124-19-6,OR1A1,OR1A1_P_0,all_pose,pose_0010,pose_0010,SUCCESS,0,PLIP XML generated
124-19-6,OR1A1,OR1A1_P_0,all_pose,pose_0011,pose_0011,SUCCESS,0,PLIP XML generated
124-19-6,OR1A1,OR1A1_P_0,all_pose,pose_0012,pose_0012,SUCCESS,0,PLIP XML generated
124-19-6,OR1A1,OR1A1_P_0,all_pose,pose_0013,pose_0013,SUCCESS,0,PLIP XML generated
124-19-6,OR1A1,OR1A1_P_0,all_pose,pose_0014,pose_0014,SUCCESS,0,PLIP XML generated
124-19-6,OR1A1,OR1A1_P_0,all_pose,pose_0015,pose_0015,SUCCESS,0,PLIP XML generated
124-19-6,OR1A1,OR1A1_P_0,all_pose,pose_0016,pose_0016,SUCCESS,0,PLIP XML generated
124-19-6,OR1A1,OR1A1_P_0,all_pose,pose_0017,pose_0017,SUCCESS,0,PLIP XML generated
124-19-6,OR1A1,OR1A1_P_0,all_pose,pose_0018,pose_0018,SUCCESS,0,PLIP XML generated
124-19-6,OR1A1,OR1A1_P_0,all_pose,pose_0019,pose_0019,SUCCESS,0,PLIP XML generated
124-19-6,OR1A1,OR1A1_P_0,all_pose,pose_0020,pose_0020,SUCCESS,0,PLIP XML generated
124-19-6,OR1A1,OR1A1_P_0,all_pose,pose_0021,pose_0021,SUCCESS,0,PLIP XML generated
124-19-6,OR1A1,OR1A1_P_0,all_pose,pose_0022,pose_0022,SUCCESS,0,PLIP XML generated
124-19-6,OR1A1,OR1A1_P_0,all_pose,pose_0023,pose_0023,SUCCESS,0,PLIP XML generated
124-19-6,OR1A1,OR1A1_P_0,all_pose,pose_0024,pose_0024,SUCCESS,0,PLIP XML generated
124-19-6,OR1A1,OR1A1_P_0,all_pose,pose_0025,pose_0025,SUCCESS,0,PLIP XML generated
124-19-6,OR1A1,OR1A1_P_0,all_pose,pose_0026,pose_0026,SUCCESS,0,PLIP XML generated
124-19-6,OR1A1,OR1A1_P_0,all_pose,pose_0027,pose_0027,SUCCESS,0,PLIP XML generated
124-19-6,OR1A1,OR1A1_P_0,all_pose,pose_0028,pose_0028,SUCCESS,0,PLIP XML generated
124-19-6,OR1A1,OR1A1_P_0,all_pose,pose_0029,pose_0029,SUCCESS,0,PLIP XML generated
124-19-6,OR1A1,OR1A1_P_0,all_pose,pose_0030,pose_0030,SUCCESS,0,PLIP XML generated
124-19-6,OR1A1,OR1A1_P_0,all_pose,pose_0031,pose_0031,SUCCESS,0,PLIP XML generated
124-19-6,OR1A1,OR1A1_P_0,all_pose,pose_0032,pose_0032,SUCCESS,0,PLIP XML generated
124-19-6,OR1A1,OR1A1_P_0,all_pose,pose_0033,pose_0033,SUCCESS,0,PLIP XML generated
124-19-6,OR1A1,OR1A1_P_0,all_pose,pose_0034,pose_0034,SUCCESS,0,PLIP XML generated
124-19-6,OR1A1,OR1A1_P_0,all_pose,pose_0035,pose_0035,SUCCESS,0,PLIP XML generated
124-19-6,OR1A1,OR1A1_P_0,all_pose,pose_0036,pose_0036,SUCCESS,0,PLIP XML generated
124-19-6,OR1A1,OR1A1_P_0,all_pose,pose_0037,pose_0037,SUCCESS,0,PLIP XML generated
124-19-6,OR1A1,OR1A1_P_0,all_pose,pose_0038,pose_0038,SUCCESS,0,PLIP XML generated
124-19-6,OR1A1,OR1A1_P_0,all_pose,pose_0039,pose_0039,SUCCESS,0,PLIP XML generated
124-19-6,OR1A1,OR1A1_P_0,all_pose,pose_0040,pose_0040,SUCCESS,0,PLIP XML generated
124-19-6,OR1A1,OR1A1_P_0,all_pose,pose_0041,pose_0041,SUCCESS,0,PLIP XML generated
124-19-6,OR1A1,OR1A1_P_0,all_pose,pose_0042,pose_0042,SUCCESS,0,PLIP XML generated
124-19-6,OR1A1,OR1A1_P_0,all_pose,pose_0043,pose_0043,SUCCESS,0,PLIP XML generated
124-19-6,OR1A1,OR1A1_P_0,all_pose,pose_0044,pose_0044,SUCCESS,0,PLIP XML generated
124-19-6,OR1A1,OR1A1_P_0,all_pose,pose_0045,pose_0045,SUCCESS,0,PLIP XML generated
124-19-6,OR1A1,OR1A1_P_0,all_pose,pose_0046,pose_0046,SUCCESS,0,PLIP XML generated
124-19-6,OR1A1,OR1A1_P_0,all_pose,pose_0047,pose_0047,SUCCESS,0,PLIP XML generated
124-19-6,OR1A1,OR1A1_P_0,all_pose,pose_0048,pose_0048,SUCCESS,0,PLIP XML generated
124-19-6,OR1A1,OR1A1_P_0,all_pose,pose_0049,pose_0049,SUCCESS,0,PLIP XML generated
124-19-6,OR1A1,OR1A1_P_0,all_pose,pose_0050,pose_0050,SUCCESS,0,PLIP XML generated
124-19-6,OR1A1,OR1A1_P_0,all_pose,pose_0051,pose_0051,SUCCESS,0,PLIP XML generated
124-19-6,OR1A1,OR1A1_P_0,all_pose,pose_0052,pose_0052,SUCCESS,0,PLIP XML generated
124-19-6,OR1A1,OR1A1_P_0,all_pose,pose_0053,pose_0053,SUCCESS,0,PLIP XML generated
124-19-6,OR1A1,OR1A1_P_0,all_pose,pose_0054,pose_0054,SUCCESS,0,PLIP XML generated
124-19-6,OR1A1,OR1A1_P_0,all_pose,pose_0055,pose_0055,SUCCESS,0,PLIP XML generated
124-19-6,OR1A1,OR1A1_P_0,all_pose,pose_0056,pose_0056,SUCCESS,0,PLIP XML generated
124-19-6,OR1A1,OR1A1_P_0,all_pose,pose_0057,pose_0057,SUCCESS,0,PLIP XML generated
124-19-6,OR1A1,OR1A1_P_0,all_pose,pose_0058,pose_0058,SUCCESS,0,PLIP XML generated
124-19-6,OR1A1,OR1A1_P_0,all_pose,pose_0059,pose_0059,SUCCESS,0,PLIP XML generated
124-19-6,OR1A1,OR1A1_P_0,all_pose,pose_0060,pose_0060,SUCCESS,0,PLIP XML generated
124-19-6,OR1A1,OR1A1_P_0,all_pose,pose_0061,pose_0061,SUCCESS,0,PLIP XML generated
124-19-6,OR1A1,OR1A1_P_0,all_pose,pose_0062,pose_0062,SUCCESS,0,PLIP XML generated
124-19-6,OR1A1,OR1A1_P_0,all_pose,pose_0063,pose_0063,SUCCESS,0,PLIP XML generated
124-19-6,OR1A1,OR1A1_P_0,all_pose,pose_0064,pose_0064,SUCCESS,0,PLIP XML generated
124-19-6,OR1A1,OR1A1_P_0,all_pose,pose_0065,pose_0065,SUCCESS,0,PLIP XML generated
124-19-6,OR1A1,OR1A1_P_0,all_pose,pose_0066,pose_0066,SUCCESS,0,PLIP XML generated
124-19-6,OR1A1,OR1A1_P_0,all_pose,pose_0067,pose_0067,SUCCESS,0,PLIP XML generated
124-19-6,OR1A1,OR1A1_P_0,all_pose,pose_0068,pose_0068,SUCCESS,0,PLIP XML generated
124-19-6,OR1A1,OR1A1_P_0,all_pose,pose_0069,pose_0069,SUCCESS,0,PLIP XML generated
124-19-6,OR1A1,OR1A1_P_0,all_pose,pose_0070,pose_0070,SUCCESS,0,PLIP XML generated
124-19-6,OR1A1,OR1A1_P_0,all_pose,pose_0071,pose_0071,SUCCESS,0,PLIP XML generated
124-19-6,OR1A1,OR1A1_P_0,all_pose,pose_0072,pose_0072,SUCCESS,0,PLIP XML generated
124-19-6,OR1A1,OR1A1_P_0,all_pose,pose_0073,pose_0073,SUCCESS,0,PLIP XML generated
124-19-6,OR1A1,OR1A1_P_0,all_pose,pose_0074,pose_0074,SUCCESS,0,PLIP XML generated
124-19-6,OR1A1,OR1A1_P_0,all_pose,pose_0075,pose_0075,SUCCESS,0,PLIP XML generated
124-19-6,OR1A1,OR1A1_P_0,all_pose,pose_0076,pose_0076,SUCCESS,0,PLIP XML generated
124-19-6,OR1A1,OR1A1_P_0,all_pose,pose_0077,pose_0077,SUCCESS,0,PLIP XML generated
124-19-6,OR1A1,OR1A1_P_0,all_pose,pose_0078,pose_0078,SUCCESS,0,PLIP XML generated
124-19-6,OR1A1,OR1A1_P_0,all_pose,pose_0079,pose_0079,SUCCESS,0,PLIP XML generated
124-19-6,OR1A1,OR1A1_P_0,all_pose,pose_0080,pose_0080,SUCCESS,0,PLIP XML generated
124-19-6,OR1A1,OR1A1_P_0,all_pose,pose_0081,pose_0081,SUCCESS,0,PLIP XML generated
124-19-6,OR1A1,OR1A1_P_0,all_pose,pose_0082,pose_0082,SUCCESS,0,PLIP XML generated
124-19-6,OR1A1,OR1A1_P_0,all_pose,pose_0083,pose_0083,SUCCESS,0,PLIP XML generated
124-19-6,OR1A1,OR1A1_P_0,all_pose,pose_0084,pose_0084,SUCCESS,0,PLIP XML generated
124-19-6,OR1A1,OR1A1_P_0,all_pose,pose_0085,pose_0085,SUCCESS,0,PLIP XML generated
124-19-6,OR1A1,OR1A1_P_0,all_pose,pose_0086,pose_0086,SUCCESS,0,PLIP XML generated
124-19-6,OR1A1,OR1A1_P_0,all_pose,pose_0087,pose_0087,SUCCESS,0,PLIP XML generated
124-19-6,OR1A1,OR1A1_P_0,all_pose,pose_0088,pose_0088,SUCCESS,0,PLIP XML generated
124-19-6,OR1A1,OR1A1_P_0,all_pose,pose_0089,pose_0089,SUCCESS,0,PLIP XML generated
124-19-6,OR1A1,OR1A1_P_0,all_pose,pose_0090,pose_0090,SUCCESS,0,PLIP XML generated
124-19-6,OR1A1,OR1A1_P_0,all_pose,pose_0091,pose_0091,SUCCESS,0,PLIP XML generated
124-19-6,OR1A1,OR1A1_P_0,all_pose,pose_0092,pose_0092,SUCCESS,0,PLIP XML generated
124-19-6,OR1A1,OR1A1_P_0,all_pose,pose_0093,pose_0093,SUCCESS,0,PLIP XML generated
124-19-6,OR1A1,OR1A1_P_0,all_pose,pose_0094,pose_0094,SUCCESS,0,PLIP XML generated
124-19-6,OR1A1,OR1A1_P_0,all_pose,pose_0095,pose_0095,SUCCESS,0,PLIP XML generated
124-19-6,OR1A1,OR1A1_P_0,all_pose,pose_0096,pose_0096,SUCCESS,0,PLIP XML generated
124-19-6,OR1A1,OR1A1_P_0,all_pose,pose_0097,pose_0097,SUCCESS,0,PLIP XML generated
124-19-6,OR1A1,OR1A1_P_0,all_pose,pose_0098,pose_0098,SUCCESS,0,PLIP XML generated
124-19-6,OR1A1,OR1A1_P_0,all_pose,pose_0099,pose_0099,SUCCESS,0,PLIP XML generated
124-19-6,OR1A1,OR1A1_P_0,all_pose,pose_0100,pose_0100,SUCCESS,0,PLIP XML generated
124-19-6,OR1A1,OR1A1_P_0,representative,cluster_002_medoid,pose_0043,SUCCESS,0,PLIP XML generated
124-19-6,OR1A1,OR1A1_P_0,representative,cluster_003_medoid,pose_0022,SUCCESS,0,PLIP XML generated
124-19-6,OR1A1,OR1A1_P_0,representative,dominant_cluster_medoid,pose_0038,SUCCESS,0,PLIP XML generated
124-19-6,OR1A1,OR1A1_P_0,representative,global_lowest_energy,pose_0003,SUCCESS,0,PLIP XML generated
124-19-6,OR1A1,OR1A1_P_1,all_pose,pose_0001,pose_0001,SUCCESS,0,PLIP XML generated
124-19-6,OR1A1,OR1A1_P_1,all_pose,pose_0002,pose_0002,SUCCESS,0,PLIP XML generated
124-19-6,OR1A1,OR1A1_P_1,all_pose,pose_0003,pose_0003,SUCCESS,0,PLIP XML generated
124-19-6,OR1A1,OR1A1_P_1,all_pose,pose_0004,pose_0004,SUCCESS,0,PLIP XML generated
124-19-6,OR1A1,OR1A1_P_1,all_pose,pose_0005,pose_0005,SUCCESS,0,PLIP XML generated
124-19-6,OR1A1,OR1A1_P_1,all_pose,pose_0006,pose_0006,SUCCESS,0,PLIP XML generated
124-19-6,OR1A1,OR1A1_P_1,all_pose,pose_0007,pose_0007,SUCCESS,0,PLIP XML generated
124-19-6,OR1A1,OR1A1_P_1,all_pose,pose_0008,pose_0008,SUCCESS,0,PLIP XML generated
124-19-6,OR1A1,OR1A1_P_1,all_pose,pose_0009,pose_0009,SUCCESS,0,PLIP XML generated
124-19-6,OR1A1,OR1A1_P_1,all_pose,pose_0010,pose_0010,SUCCESS,0,PLIP XML generated
124-19-6,OR1A1,OR1A1_P_1,all_pose,pose_0011,pose_0011,SUCCESS,0,PLIP XML generated
124-19-6,OR1A1,OR1A1_P_1,all_pose,pose_0012,pose_0012,SUCCESS,0,PLIP XML generated
124-19-6,OR1A1,OR1A1_P_1,all_pose,pose_0013,pose_0013,SUCCESS,0,PLIP XML generated
124-19-6,OR1A1,OR1A1_P_1,all_pose,pose_0014,pose_0014,SUCCESS,0,PLIP XML generated
124-19-6,OR1A1,OR1A1_P_1,all_pose,pose_0015,pose_0015,SUCCESS,0,PLIP XML generated
124-19-6,OR1A1,OR1A1_P_1,all_pose,pose_0016,pose_0016,SUCCESS,0,PLIP XML generated
124-19-6,OR1A1,OR1A1_P_1,all_pose,pose_0017,pose_0017,SUCCESS,0,PLIP XML generated
124-19-6,OR1A1,OR1A1_P_1,all_pose,pose_0018,pose_0018,SUCCESS,0,PLIP XML generated
124-19-6,OR1A1,OR1A1_P_1,all_pose,pose_0019,pose_0019,SUCCESS,0,PLIP XML generated
124-19-6,OR1A1,OR1A1_P_1,all_pose,pose_0020,pose_0020,SUCCESS,0,PLIP XML generated
124-19-6,OR1A1,OR1A1_P_1,all_pose,pose_0021,pose_0021,SUCCESS,0,PLIP XML generated
124-19-6,OR1A1,OR1A1_P_1,all_pose,pose_0022,pose_0022,SUCCESS,0,PLIP XML generated
124-19-6,OR1A1,OR1A1_P_1,all_pose,pose_0023,pose_0023,SUCCESS,0,PLIP XML generated
124-19-6,OR1A1,OR1A1_P_1,all_pose,pose_0024,pose_0024,SUCCESS,0,PLIP XML generated
124-19-6,OR1A1,OR1A1_P_1,all_pose,pose_0025,pose_0025,SUCCESS,0,PLIP XML generated
124-19-6,OR1A1,OR1A1_P_1,all_pose,pose_0026,pose_0026,SUCCESS,0,PLIP XML generated
124-19-6,OR1A1,OR1A1_P_1,all_pose,pose_0027,pose_0027,SUCCESS,0,PLIP XML generated
124-19-6,OR1A1,OR1A1_P_1,all_pose,pose_0028,pose_0028,SUCCESS,0,PLIP XML generated
124-19-6,OR1A1,OR1A1_P_1,all_pose,pose_0029,pose_0029,SUCCESS,0,PLIP XML generated
124-19-6,OR1A1,OR1A1_P_1,all_pose,pose_0030,pose_0030,SUCCESS,0,PLIP XML generated
124-19-6,OR1A1,OR1A1_P_1,all_pose,pose_0031,pose_0031,SUCCESS,0,PLIP XML generated
124-19-6,OR1A1,OR1A1_P_1,all_pose,pose_0032,pose_0032,SUCCESS,0,PLIP XML generated
124-19-6,OR1A1,OR1A1_P_1,all_pose,pose_0033,pose_0033,SUCCESS,0,PLIP XML generated
124-19-6,OR1A1,OR1A1_P_1,all_pose,pose_0034,pose_0034,SUCCESS,0,PLIP XML generated
124-19-6,OR1A1,OR1A1_P_1,all_pose,pose_0035,pose_0035,SUCCESS,0,PLIP XML generated
124-19-6,OR1A1,OR1A1_P_1,all_pose,pose_0036,pose_0036,SUCCESS,0,PLIP XML generated
124-19-6,OR1A1,OR1A1_P_1,all_pose,pose_0037,pose_0037,SUCCESS,0,PLIP XML generated
124-19-6,OR1A1,OR1A1_P_1,all_pose,pose_0038,pose_0038,SUCCESS,0,PLIP XML generated
124-19-6,OR1A1,OR1A1_P_1,all_pose,pose_0039,pose_0039,SUCCESS,0,PLIP XML generated
124-19-6,OR1A1,OR1A1_P_1,all_pose,pose_0040,pose_0040,SUCCESS,0,PLIP XML generated
124-19-6,OR1A1,OR1A1_P_1,all_pose,pose_0041,pose_0041,SUCCESS,0,PLIP XML generated
124-19-6,OR1A1,OR1A1_P_1,all_pose,pose_0042,pose_0042,SUCCESS,0,PLIP XML generated
124-19-6,OR1A1,OR1A1_P_1,all_pose,pose_0043,pose_0043,SUCCESS,0,PLIP XML generated
124-19-6,OR1A1,OR1A1_P_1,all_pose,pose_0044,pose_0044,SUCCESS,0,PLIP XML generated
124-19-6,OR1A1,OR1A1_P_1,all_pose,pose_0045,pose_0045,SUCCESS,0,PLIP XML generated
124-19-6,OR1A1,OR1A1_P_1,all_pose,pose_0046,pose_0046,SUCCESS,0,PLIP XML generated
124-19-6,OR1A1,OR1A1_P_1,all_pose,pose_0047,pose_0047,SUCCESS,0,PLIP XML generated
124-19-6,OR1A1,OR1A1_P_1,all_pose,pose_0048,pose_0048,SUCCESS,0,PLIP XML generated
124-19-6,OR1A1,OR1A1_P_1,all_pose,pose_0049,pose_0049,SUCCESS,0,PLIP XML generated
124-19-6,OR1A1,OR1A1_P_1,all_pose,pose_0050,pose_0050,SUCCESS,0,PLIP XML generated
124-19-6,OR1A1,OR1A1_P_1,all_pose,pose_0051,pose_0051,SUCCESS,0,PLIP XML generated
124-19-6,OR1A1,OR1A1_P_1,all_pose,pose_0052,pose_0052,SUCCESS,0,PLIP XML generated
124-19-6,OR1A1,OR1A1_P_1,all_pose,pose_0053,pose_0053,SUCCESS,0,PLIP XML generated
124-19-6,OR1A1,OR1A1_P_1,all_pose,pose_0054,pose_0054,SUCCESS,0,PLIP XML generated
124-19-6,OR1A1,OR1A1_P_1,all_pose,pose_0055,pose_0055,SUCCESS,0,PLIP XML generated
124-19-6,OR1A1,OR1A1_P_1,all_pose,pose_0056,pose_0056,SUCCESS,0,PLIP XML generated
124-19-6,OR1A1,OR1A1_P_1,all_pose,pose_0057,pose_0057,SUCCESS,0,PLIP XML generated
124-19-6,OR1A1,OR1A1_P_1,all_pose,pose_0058,pose_0058,SUCCESS,0,PLIP XML generated
124-19-6,OR1A1,OR1A1_P_1,all_pose,pose_0059,pose_0059,SUCCESS,0,PLIP XML generated
124-19-6,OR1A1,OR1A1_P_1,all_pose,pose_0060,pose_0060,SUCCESS,0,PLIP XML generated
124-19-6,OR1A1,OR1A1_P_1,all_pose,pose_0061,pose_0061,SUCCESS,0,PLIP XML generated
124-19-6,OR1A1,OR1A1_P_1,all_pose,pose_0062,pose_0062,SUCCESS,0,PLIP XML generated
124-19-6,OR1A1,OR1A1_P_1,all_pose,pose_0063,pose_0063,SUCCESS,0,PLIP XML generated
124-19-6,OR1A1,OR1A1_P_1,all_pose,pose_0064,pose_0064,SUCCESS,0,PLIP XML generated
124-19-6,OR1A1,OR1A1_P_1,all_pose,pose_0065,pose_0065,SUCCESS,0,PLIP XML generated
124-19-6,OR1A1,OR1A1_P_1,all_pose,pose_0066,pose_0066,SUCCESS,0,PLIP XML generated
124-19-6,OR1A1,OR1A1_P_1,all_pose,pose_0067,pose_0067,SUCCESS,0,PLIP XML generated
124-19-6,OR1A1,OR1A1_P_1,all_pose,pose_0068,pose_0068,SUCCESS,0,PLIP XML generated
124-19-6,OR1A1,OR1A1_P_1,all_pose,pose_0069,pose_0069,SUCCESS,0,PLIP XML generated
124-19-6,OR1A1,OR1A1_P_1,all_pose,pose_0070,pose_0070,SUCCESS,0,PLIP XML generated
124-19-6,OR1A1,OR1A1_P_1,all_pose,pose_0071,pose_0071,SUCCESS,0,PLIP XML generated
124-19-6,OR1A1,OR1A1_P_1,all_pose,pose_0072,pose_0072,SUCCESS,0,PLIP XML generated
124-19-6,OR1A1,OR1A1_P_1,all_pose,pose_0073,pose_0073,SUCCESS,0,PLIP XML generated
124-19-6,OR1A1,OR1A1_P_1,all_pose,pose_0074,pose_0074,SUCCESS,0,PLIP XML generated
124-19-6,OR1A1,OR1A1_P_1,all_pose,pose_0075,pose_0075,SUCCESS,0,PLIP XML generated
124-19-6,OR1A1,OR1A1_P_1,all_pose,pose_0076,pose_0076,SUCCESS,0,PLIP XML generated
124-19-6,OR1A1,OR1A1_P_1,all_pose,pose_0077,pose_0077,SUCCESS,0,PLIP XML generated
124-19-6,OR1A1,OR1A1_P_1,all_pose,pose_0078,pose_0078,SUCCESS,0,PLIP XML generated
124-19-6,OR1A1,OR1A1_P_1,all_pose,pose_0079,pose_0079,SUCCESS,0,PLIP XML generated
124-19-6,OR1A1,OR1A1_P_1,all_pose,pose_0080,pose_0080,SUCCESS,0,PLIP XML generated
124-19-6,OR1A1,OR1A1_P_1,all_pose,pose_0081,pose_0081,SUCCESS,0,PLIP XML generated
124-19-6,OR1A1,OR1A1_P_1,all_pose,pose_0082,pose_0082,SUCCESS,0,PLIP XML generated
124-19-6,OR1A1,OR1A1_P_1,all_pose,pose_0083,pose_0083,SUCCESS,0,PLIP XML generated
124-19-6,OR1A1,OR1A1_P_1,all_pose,pose_0084,pose_0084,SUCCESS,0,PLIP XML generated
124-19-6,OR1A1,OR1A1_P_1,all_pose,pose_0085,pose_0085,SUCCESS,0,PLIP XML generated
124-19-6,OR1A1,OR1A1_P_1,all_pose,pose_0086,pose_0086,SUCCESS,0,PLIP XML generated
124-19-6,OR1A1,OR1A1_P_1,all_pose,pose_0087,pose_0087,SUCCESS,0,PLIP XML generated
124-19-6,OR1A1,OR1A1_P_1,all_pose,pose_0088,pose_0088,SUCCESS,0,PLIP XML generated
124-19-6,OR1A1,OR1A1_P_1,all_pose,pose_0089,pose_0089,SUCCESS,0,PLIP XML generated
124-19-6,OR1A1,OR1A1_P_1,all_pose,pose_0090,pose_0090,SUCCESS,0,PLIP XML generated
124-19-6,OR1A1,OR1A1_P_1,all_pose,pose_0091,pose_0091,SUCCESS,0,PLIP XML generated
124-19-6,OR1A1,OR1A1_P_1,all_pose,pose_0092,pose_0092,SUCCESS,0,PLIP XML generated
124-19-6,OR1A1,OR1A1_P_1,all_pose,pose_0093,pose_0093,SUCCESS,0,PLIP XML generated
124-19-6,OR1A1,OR1A1_P_1,all_pose,pose_0094,pose_0094,SUCCESS,0,PLIP XML generated
124-19-6,OR1A1,OR1A1_P_1,all_pose,pose_0095,pose_0095,SUCCESS,0,PLIP XML generated
124-19-6,OR1A1,OR1A1_P_1,all_pose,pose_0096,pose_0096,SUCCESS,0,PLIP XML generated
124-19-6,OR1A1,OR1A1_P_1,all_pose,pose_0097,pose_0097,SUCCESS,0,PLIP XML generated
124-19-6,OR1A1,OR1A1_P_1,all_pose,pose_0098,pose_0098,SUCCESS,0,PLIP XML generated
124-19-6,OR1A1,OR1A1_P_1,all_pose,pose_0099,pose_0099,SUCCESS,0,PLIP XML generated
124-19-6,OR1A1,OR1A1_P_1,all_pose,pose_0100,pose_0100,SUCCESS,0,PLIP XML generated
124-19-6,OR1A1,OR1A1_P_1,representative,cluster_002_medoid,pose_0039,SUCCESS,0,PLIP XML generated
124-19-6,OR1A1,OR1A1_P_1,representative,cluster_003_medoid,pose_0098,SUCCESS,0,PLIP XML generated
124-19-6,OR1A1,OR1A1_P_1,representative,dominant_cluster_medoid,pose_0049,SUCCESS,0,PLIP XML generated
124-19-6,OR1A1,OR1A1_P_1,representative,global_lowest_energy,pose_0015,SUCCESS,0,PLIP XML generated
124-19-6,OR1A1,OR1A1_P_2,all_pose,pose_0001,pose_0001,SUCCESS,0,PLIP XML generated
124-19-6,OR1A1,OR1A1_P_2,all_pose,pose_0002,pose_0002,SUCCESS,0,PLIP XML generated
124-19-6,OR1A1,OR1A1_P_2,all_pose,pose_0003,pose_0003,SUCCESS,0,PLIP XML generated
124-19-6,OR1A1,OR1A1_P_2,all_pose,pose_0004,pose_0004,SUCCESS,0,PLIP XML generated
124-19-6,OR1A1,OR1A1_P_2,all_pose,pose_0005,pose_0005,SUCCESS,0,PLIP XML generated
124-19-6,OR1A1,OR1A1_P_2,all_pose,pose_0006,pose_0006,SUCCESS,0,PLIP XML generated
124-19-6,OR1A1,OR1A1_P_2,all_pose,pose_0007,pose_0007,SUCCESS,0,PLIP XML generated
124-19-6,OR1A1,OR1A1_P_2,all_pose,pose_0008,pose_0008,SUCCESS,0,PLIP XML generated
124-19-6,OR1A1,OR1A1_P_2,all_pose,pose_0009,pose_0009,SUCCESS,0,PLIP XML generated
124-19-6,OR1A1,OR1A1_P_2,all_pose,pose_0010,pose_0010,SUCCESS,0,PLIP XML generated
124-19-6,OR1A1,OR1A1_P_2,all_pose,pose_0011,pose_0011,SUCCESS,0,PLIP XML generated
124-19-6,OR1A1,OR1A1_P_2,all_pose,pose_0012,pose_0012,SUCCESS,0,PLIP XML generated
124-19-6,OR1A1,OR1A1_P_2,all_pose,pose_0013,pose_0013,SUCCESS,0,PLIP XML generated
124-19-6,OR1A1,OR1A1_P_2,all_pose,pose_0014,pose_0014,SUCCESS,0,PLIP XML generated
124-19-6,OR1A1,OR1A1_P_2,all_pose,pose_0015,pose_0015,SUCCESS,0,PLIP XML generated
124-19-6,OR1A1,OR1A1_P_2,all_pose,pose_0016,pose_0016,SUCCESS,0,PLIP XML generated
124-19-6,OR1A1,OR1A1_P_2,all_pose,pose_0017,pose_0017,SUCCESS,0,PLIP XML generated
124-19-6,OR1A1,OR1A1_P_2,all_pose,pose_0018,pose_0018,SUCCESS,0,PLIP XML generated
124-19-6,OR1A1,OR1A1_P_2,all_pose,pose_0019,pose_0019,SUCCESS,0,PLIP XML generated
124-19-6,OR1A1,OR1A1_P_2,all_pose,pose_0020,pose_0020,SUCCESS,0,PLIP XML generated
124-19-6,OR1A1,OR1A1_P_2,all_pose,pose_0021,pose_0021,SUCCESS,0,PLIP XML generated
124-19-6,OR1A1,OR1A1_P_2,all_pose,pose_0022,pose_0022,SUCCESS,0,PLIP XML generated
124-19-6,OR1A1,OR1A1_P_2,all_pose,pose_0023,pose_0023,SUCCESS,0,PLIP XML generated
124-19-6,OR1A1,OR1A1_P_2,all_pose,pose_0024,pose_0024,SUCCESS,0,PLIP XML generated
124-19-6,OR1A1,OR1A1_P_2,all_pose,pose_0025,pose_0025,SUCCESS,0,PLIP XML generated
124-19-6,OR1A1,OR1A1_P_2,all_pose,pose_0026,pose_0026,SUCCESS,0,PLIP XML generated
124-19-6,OR1A1,OR1A1_P_2,all_pose,pose_0027,pose_0027,SUCCESS,0,PLIP XML generated
124-19-6,OR1A1,OR1A1_P_2,all_pose,pose_0028,pose_0028,SUCCESS,0,PLIP XML generated
124-19-6,OR1A1,OR1A1_P_2,all_pose,pose_0029,pose_0029,SUCCESS,0,PLIP XML generated
124-19-6,OR1A1,OR1A1_P_2,all_pose,pose_0030,pose_0030,SUCCESS,0,PLIP XML generated
124-19-6,OR1A1,OR1A1_P_2,all_pose,pose_0031,pose_0031,SUCCESS,0,PLIP XML generated
124-19-6,OR1A1,OR1A1_P_2,all_pose,pose_0032,pose_0032,SUCCESS,0,PLIP XML generated
124-19-6,OR1A1,OR1A1_P_2,all_pose,pose_0033,pose_0033,SUCCESS,0,PLIP XML generated
124-19-6,OR1A1,OR1A1_P_2,all_pose,pose_0034,pose_0034,SUCCESS,0,PLIP XML generated
124-19-6,OR1A1,OR1A1_P_2,all_pose,pose_0035,pose_0035,SUCCESS,0,PLIP XML generated
124-19-6,OR1A1,OR1A1_P_2,all_pose,pose_0036,pose_0036,SUCCESS,0,PLIP XML generated
124-19-6,OR1A1,OR1A1_P_2,all_pose,pose_0037,pose_0037,SUCCESS,0,PLIP XML generated
124-19-6,OR1A1,OR1A1_P_2,all_pose,pose_0038,pose_0038,SUCCESS,0,PLIP XML generated
124-19-6,OR1A1,OR1A1_P_2,all_pose,pose_0039,pose_0039,SUCCESS,0,PLIP XML generated
124-19-6,OR1A1,OR1A1_P_2,all_pose,pose_0040,pose_0040,SUCCESS,0,PLIP XML generated
124-19-6,OR1A1,OR1A1_P_2,all_pose,pose_0041,pose_0041,SUCCESS,0,PLIP XML generated
124-19-6,OR1A1,OR1A1_P_2,all_pose,pose_0042,pose_0042,SUCCESS,0,PLIP XML generated
124-19-6,OR1A1,OR1A1_P_2,all_pose,pose_0043,pose_0043,SUCCESS,0,PLIP XML generated
124-19-6,OR1A1,OR1A1_P_2,all_pose,pose_0044,pose_0044,SUCCESS,0,PLIP XML generated
124-19-6,OR1A1,OR1A1_P_2,all_pose,pose_0045,pose_0045,SUCCESS,0,PLIP XML generated
124-19-6,OR1A1,OR1A1_P_2,all_pose,pose_0046,pose_0046,SUCCESS,0,PLIP XML generated
124-19-6,OR1A1,OR1A1_P_2,all_pose,pose_0047,pose_0047,SUCCESS,0,PLIP XML generated
124-19-6,OR1A1,OR1A1_P_2,all_pose,pose_0048,pose_0048,SUCCESS,0,PLIP XML generated
124-19-6,OR1A1,OR1A1_P_2,all_pose,pose_0049,pose_0049,SUCCESS,0,PLIP XML generated
124-19-6,OR1A1,OR1A1_P_2,all_pose,pose_0050,pose_0050,SUCCESS,0,PLIP XML generated
124-19-6,OR1A1,OR1A1_P_2,all_pose,pose_0051,pose_0051,SUCCESS,0,PLIP XML generated
124-19-6,OR1A1,OR1A1_P_2,all_pose,pose_0052,pose_0052,SUCCESS,0,PLIP XML generated
124-19-6,OR1A1,OR1A1_P_2,all_pose,pose_0053,pose_0053,SUCCESS,0,PLIP XML generated
124-19-6,OR1A1,OR1A1_P_2,all_pose,pose_0054,pose_0054,SUCCESS,0,PLIP XML generated
124-19-6,OR1A1,OR1A1_P_2,all_pose,pose_0055,pose_0055,SUCCESS,0,PLIP XML generated
124-19-6,OR1A1,OR1A1_P_2,all_pose,pose_0056,pose_0056,SUCCESS,0,PLIP XML generated
124-19-6,OR1A1,OR1A1_P_2,all_pose,pose_0057,pose_0057,SUCCESS,0,PLIP XML generated
124-19-6,OR1A1,OR1A1_P_2,all_pose,pose_0058,pose_0058,SUCCESS,0,PLIP XML generated
124-19-6,OR1A1,OR1A1_P_2,all_pose,pose_0059,pose_0059,SUCCESS,0,PLIP XML generated
124-19-6,OR1A1,OR1A1_P_2,all_pose,pose_0060,pose_0060,SUCCESS,0,PLIP XML generated
124-19-6,OR1A1,OR1A1_P_2,all_pose,pose_0061,pose_0061,SUCCESS,0,PLIP XML generated
124-19-6,OR1A1,OR1A1_P_2,all_pose,pose_0062,pose_0062,SUCCESS,0,PLIP XML generated
124-19-6,OR1A1,OR1A1_P_2,all_pose,pose_0063,pose_0063,SUCCESS,0,PLIP XML generated
124-19-6,OR1A1,OR1A1_P_2,all_pose,pose_0064,pose_0064,SUCCESS,0,PLIP XML generated
124-19-6,OR1A1,OR1A1_P_2,all_pose,pose_0065,pose_0065,SUCCESS,0,PLIP XML generated
124-19-6,OR1A1,OR1A1_P_2,all_pose,pose_0066,pose_0066,SUCCESS,0,PLIP XML generated
124-19-6,OR1A1,OR1A1_P_2,all_pose,pose_0067,pose_0067,SUCCESS,0,PLIP XML generated
124-19-6,OR1A1,OR1A1_P_2,all_pose,pose_0068,pose_0068,SUCCESS,0,PLIP XML generated
124-19-6,OR1A1,OR1A1_P_2,all_pose,pose_0069,pose_0069,SUCCESS,0,PLIP XML generated
124-19-6,OR1A1,OR1A1_P_2,all_pose,pose_0070,pose_0070,SUCCESS,0,PLIP XML generated
124-19-6,OR1A1,OR1A1_P_2,all_pose,pose_0071,pose_0071,SUCCESS,0,PLIP XML generated
124-19-6,OR1A1,OR1A1_P_2,all_pose,pose_0072,pose_0072,SUCCESS,0,PLIP XML generated
124-19-6,OR1A1,OR1A1_P_2,all_pose,pose_0073,pose_0073,SUCCESS,0,PLIP XML generated
124-19-6,OR1A1,OR1A1_P_2,all_pose,pose_0074,pose_0074,SUCCESS,0,PLIP XML generated
124-19-6,OR1A1,OR1A1_P_2,all_pose,pose_0075,pose_0075,SUCCESS,0,PLIP XML generated
124-19-6,OR1A1,OR1A1_P_2,all_pose,pose_0076,pose_0076,SUCCESS,0,PLIP XML generated
124-19-6,OR1A1,OR1A1_P_2,all_pose,pose_0077,pose_0077,SUCCESS,0,PLIP XML generated
124-19-6,OR1A1,OR1A1_P_2,all_pose,pose_0078,pose_0078,SUCCESS,0,PLIP XML generated
124-19-6,OR1A1,OR1A1_P_2,all_pose,pose_0079,pose_0079,SUCCESS,0,PLIP XML generated
124-19-6,OR1A1,OR1A1_P_2,all_pose,pose_0080,pose_0080,SUCCESS,0,PLIP XML generated
124-19-6,OR1A1,OR1A1_P_2,all_pose,pose_0081,pose_0081,SUCCESS,0,PLIP XML generated
124-19-6,OR1A1,OR1A1_P_2,all_pose,pose_0082,pose_0082,SUCCESS,0,PLIP XML generated
124-19-6,OR1A1,OR1A1_P_2,all_pose,pose_0083,pose_0083,SUCCESS,0,PLIP XML generated
124-19-6,OR1A1,OR1A1_P_2,all_pose,pose_0084,pose_0084,SUCCESS,0,PLIP XML generated
124-19-6,OR1A1,OR1A1_P_2,all_pose,pose_0085,pose_0085,SUCCESS,0,PLIP XML generated
124-19-6,OR1A1,OR1A1_P_2,all_pose,pose_0086,pose_0086,SUCCESS,0,PLIP XML generated
124-19-6,OR1A1,OR1A1_P_2,all_pose,pose_0087,pose_0087,SUCCESS,0,PLIP XML generated
124-19-6,OR1A1,OR1A1_P_2,all_pose,pose_0088,pose_0088,SUCCESS,0,PLIP XML generated
124-19-6,OR1A1,OR1A1_P_2,all_pose,pose_0089,pose_0089,SUCCESS,0,PLIP XML generated
124-19-6,OR1A1,OR1A1_P_2,all_pose,pose_0090,pose_0090,SUCCESS,0,PLIP XML generated
124-19-6,OR1A1,OR1A1_P_2,all_pose,pose_0091,pose_0091,SUCCESS,0,PLIP XML generated
124-19-6,OR1A1,OR1A1_P_2,all_pose,pose_0092,pose_0092,SUCCESS,0,PLIP XML generated
124-19-6,OR1A1,OR1A1_P_2,all_pose,pose_0093,pose_0093,SUCCESS,0,PLIP XML generated
124-19-6,OR1A1,OR1A1_P_2,all_pose,pose_0094,pose_0094,SUCCESS,0,PLIP XML generated
124-19-6,OR1A1,OR1A1_P_2,all_pose,pose_0095,pose_0095,SUCCESS,0,PLIP XML generated
124-19-6,OR1A1,OR1A1_P_2,all_pose,pose_0096,pose_0096,SUCCESS,0,PLIP XML generated
124-19-6,OR1A1,OR1A1_P_2,all_pose,pose_0097,pose_0097,SUCCESS,0,PLIP XML generated
124-19-6,OR1A1,OR1A1_P_2,all_pose,pose_0098,pose_0098,SUCCESS,0,PLIP XML generated
124-19-6,OR1A1,OR1A1_P_2,all_pose,pose_0099,pose_0099,SUCCESS,0,PLIP XML generated
124-19-6,OR1A1,OR1A1_P_2,all_pose,pose_0100,pose_0100,SUCCESS,0,PLIP XML generated
124-19-6,OR1A1,OR1A1_P_2,representative,cluster_002_medoid,pose_0082,SUCCESS,0,PLIP XML generated
124-19-6,OR1A1,OR1A1_P_2,representative,cluster_003_medoid,pose_0033,SUCCESS,0,PLIP XML generated
124-19-6,OR1A1,OR1A1_P_2,representative,dominant_cluster_medoid,pose_0078,SUCCESS,0,PLIP XML generated
124-19-6,OR1A1,OR1A1_P_2,representative,global_lowest_energy,pose_0067,SUCCESS,0,PLIP XML generated
124-19-6,OR1A1,OR1A1_P_3,all_pose,pose_0001,pose_0001,SUCCESS,0,PLIP XML generated
124-19-6,OR1A1,OR1A1_P_3,all_pose,pose_0002,pose_0002,SUCCESS,0,PLIP XML generated
124-19-6,OR1A1,OR1A1_P_3,all_pose,pose_0003,pose_0003,SUCCESS,0,PLIP XML generated
124-19-6,OR1A1,OR1A1_P_3,all_pose,pose_0004,pose_0004,SUCCESS,0,PLIP XML generated
124-19-6,OR1A1,OR1A1_P_3,all_pose,pose_0005,pose_0005,SUCCESS,0,PLIP XML generated
124-19-6,OR1A1,OR1A1_P_3,all_pose,pose_0006,pose_0006,SUCCESS,0,PLIP XML generated
124-19-6,OR1A1,OR1A1_P_3,all_pose,pose_0007,pose_0007,SUCCESS,0,PLIP XML generated
124-19-6,OR1A1,OR1A1_P_3,all_pose,pose_0008,pose_0008,SUCCESS,0,PLIP XML generated
124-19-6,OR1A1,OR1A1_P_3,all_pose,pose_0009,pose_0009,SUCCESS,0,PLIP XML generated
124-19-6,OR1A1,OR1A1_P_3,all_pose,pose_0010,pose_0010,SUCCESS,0,PLIP XML generated
124-19-6,OR1A1,OR1A1_P_3,all_pose,pose_0011,pose_0011,SUCCESS,0,PLIP XML generated
124-19-6,OR1A1,OR1A1_P_3,all_pose,pose_0012,pose_0012,SUCCESS,0,PLIP XML generated
124-19-6,OR1A1,OR1A1_P_3,all_pose,pose_0013,pose_0013,SUCCESS,0,PLIP XML generated
124-19-6,OR1A1,OR1A1_P_3,all_pose,pose_0014,pose_0014,SUCCESS,0,PLIP XML generated
124-19-6,OR1A1,OR1A1_P_3,all_pose,pose_0015,pose_0015,SUCCESS,0,PLIP XML generated
124-19-6,OR1A1,OR1A1_P_3,all_pose,pose_0016,pose_0016,SUCCESS,0,PLIP XML generated
124-19-6,OR1A1,OR1A1_P_3,all_pose,pose_0017,pose_0017,SUCCESS,0,PLIP XML generated
124-19-6,OR1A1,OR1A1_P_3,all_pose,pose_0018,pose_0018,SUCCESS,0,PLIP XML generated
124-19-6,OR1A1,OR1A1_P_3,all_pose,pose_0019,pose_0019,SUCCESS,0,PLIP XML generated
124-19-6,OR1A1,OR1A1_P_3,all_pose,pose_0020,pose_0020,SUCCESS,0,PLIP XML generated
124-19-6,OR1A1,OR1A1_P_3,all_pose,pose_0021,pose_0021,SUCCESS,0,PLIP XML generated
124-19-6,OR1A1,OR1A1_P_3,all_pose,pose_0022,pose_0022,SUCCESS,0,PLIP XML generated
124-19-6,OR1A1,OR1A1_P_3,all_pose,pose_0023,pose_0023,SUCCESS,0,PLIP XML generated
124-19-6,OR1A1,OR1A1_P_3,all_pose,pose_0024,pose_0024,SUCCESS,0,PLIP XML generated
124-19-6,OR1A1,OR1A1_P_3,all_pose,pose_0025,pose_0025,SUCCESS,0,PLIP XML generated
124-19-6,OR1A1,OR1A1_P_3,all_pose,pose_0026,pose_0026,SUCCESS,0,PLIP XML generated
124-19-6,OR1A1,OR1A1_P_3,all_pose,pose_0027,pose_0027,SUCCESS,0,PLIP XML generated
124-19-6,OR1A1,OR1A1_P_3,all_pose,pose_0028,pose_0028,SUCCESS,0,PLIP XML generated
124-19-6,OR1A1,OR1A1_P_3,all_pose,pose_0029,pose_0029,SUCCESS,0,PLIP XML generated
124-19-6,OR1A1,OR1A1_P_3,all_pose,pose_0030,pose_0030,SUCCESS,0,PLIP XML generated
124-19-6,OR1A1,OR1A1_P_3,all_pose,pose_0031,pose_0031,SUCCESS,0,PLIP XML generated
124-19-6,OR1A1,OR1A1_P_3,all_pose,pose_0032,pose_0032,SUCCESS,0,PLIP XML generated
124-19-6,OR1A1,OR1A1_P_3,all_pose,pose_0033,pose_0033,SUCCESS,0,PLIP XML generated
124-19-6,OR1A1,OR1A1_P_3,all_pose,pose_0034,pose_0034,SUCCESS,0,PLIP XML generated
124-19-6,OR1A1,OR1A1_P_3,all_pose,pose_0035,pose_0035,SUCCESS,0,PLIP XML generated
124-19-6,OR1A1,OR1A1_P_3,all_pose,pose_0036,pose_0036,SUCCESS,0,PLIP XML generated
124-19-6,OR1A1,OR1A1_P_3,all_pose,pose_0037,pose_0037,SUCCESS,0,PLIP XML generated
124-19-6,OR1A1,OR1A1_P_3,all_pose,pose_0038,pose_0038,SUCCESS,0,PLIP XML generated
124-19-6,OR1A1,OR1A1_P_3,all_pose,pose_0039,pose_0039,SUCCESS,0,PLIP XML generated
124-19-6,OR1A1,OR1A1_P_3,all_pose,pose_0040,pose_0040,SUCCESS,0,PLIP XML generated
124-19-6,OR1A1,OR1A1_P_3,all_pose,pose_0041,pose_0041,SUCCESS,0,PLIP XML generated
124-19-6,OR1A1,OR1A1_P_3,all_pose,pose_0042,pose_0042,SUCCESS,0,PLIP XML generated
124-19-6,OR1A1,OR1A1_P_3,all_pose,pose_0043,pose_0043,SUCCESS,0,PLIP XML generated
124-19-6,OR1A1,OR1A1_P_3,all_pose,pose_0044,pose_0044,SUCCESS,0,PLIP XML generated
124-19-6,OR1A1,OR1A1_P_3,all_pose,pose_0045,pose_0045,SUCCESS,0,PLIP XML generated
124-19-6,OR1A1,OR1A1_P_3,all_pose,pose_0046,pose_0046,SUCCESS,0,PLIP XML generated
124-19-6,OR1A1,OR1A1_P_3,all_pose,pose_0047,pose_0047,SUCCESS,0,PLIP XML generated
124-19-6,OR1A1,OR1A1_P_3,all_pose,pose_0048,pose_0048,SUCCESS,0,PLIP XML generated
124-19-6,OR1A1,OR1A1_P_3,all_pose,pose_0049,pose_0049,SUCCESS,0,PLIP XML generated
124-19-6,OR1A1,OR1A1_P_3,all_pose,pose_0050,pose_0050,SUCCESS,0,PLIP XML generated
124-19-6,OR1A1,OR1A1_P_3,all_pose,pose_0051,pose_0051,SUCCESS,0,PLIP XML generated
124-19-6,OR1A1,OR1A1_P_3,all_pose,pose_0052,pose_0052,SUCCESS,0,PLIP XML generated
124-19-6,OR1A1,OR1A1_P_3,all_pose,pose_0053,pose_0053,SUCCESS,0,PLIP XML generated
124-19-6,OR1A1,OR1A1_P_3,all_pose,pose_0054,pose_0054,SUCCESS,0,PLIP XML generated
124-19-6,OR1A1,OR1A1_P_3,all_pose,pose_0055,pose_0055,SUCCESS,0,PLIP XML generated
124-19-6,OR1A1,OR1A1_P_3,all_pose,pose_0056,pose_0056,SUCCESS,0,PLIP XML generated
124-19-6,OR1A1,OR1A1_P_3,all_pose,pose_0057,pose_0057,SUCCESS,0,PLIP XML generated
124-19-6,OR1A1,OR1A1_P_3,all_pose,pose_0058,pose_0058,SUCCESS,0,PLIP XML generated
124-19-6,OR1A1,OR1A1_P_3,all_pose,pose_0059,pose_0059,SUCCESS,0,PLIP XML generated
124-19-6,OR1A1,OR1A1_P_3,all_pose,pose_0060,pose_0060,SUCCESS,0,PLIP XML generated
124-19-6,OR1A1,OR1A1_P_3,all_pose,pose_0061,pose_0061,SUCCESS,0,PLIP XML generated
124-19-6,OR1A1,OR1A1_P_3,all_pose,pose_0062,pose_0062,SUCCESS,0,PLIP XML generated
124-19-6,OR1A1,OR1A1_P_3,all_pose,pose_0063,pose_0063,SUCCESS,0,PLIP XML generated
124-19-6,OR1A1,OR1A1_P_3,all_pose,pose_0064,pose_0064,SUCCESS,0,PLIP XML generated
124-19-6,OR1A1,OR1A1_P_3,all_pose,pose_0065,pose_0065,SUCCESS,0,PLIP XML generated
124-19-6,OR1A1,OR1A1_P_3,all_pose,pose_0066,pose_0066,SUCCESS,0,PLIP XML generated
124-19-6,OR1A1,OR1A1_P_3,all_pose,pose_0067,pose_0067,SUCCESS,0,PLIP XML generated
124-19-6,OR1A1,OR1A1_P_3,all_pose,pose_0068,pose_0068,SUCCESS,0,PLIP XML generated
124-19-6,OR1A1,OR1A1_P_3,all_pose,pose_0069,pose_0069,SUCCESS,0,PLIP XML generated
124-19-6,OR1A1,OR1A1_P_3,all_pose,pose_0070,pose_0070,SUCCESS,0,PLIP XML generated
124-19-6,OR1A1,OR1A1_P_3,all_pose,pose_0071,pose_0071,SUCCESS,0,PLIP XML generated
124-19-6,OR1A1,OR1A1_P_3,all_pose,pose_0072,pose_0072,SUCCESS,0,PLIP XML generated
124-19-6,OR1A1,OR1A1_P_3,all_pose,pose_0073,pose_0073,SUCCESS,0,PLIP XML generated
124-19-6,OR1A1,OR1A1_P_3,all_pose,pose_0074,pose_0074,SUCCESS,0,PLIP XML generated
124-19-6,OR1A1,OR1A1_P_3,all_pose,pose_0075,pose_0075,SUCCESS,0,PLIP XML generated
124-19-6,OR1A1,OR1A1_P_3,all_pose,pose_0076,pose_0076,SUCCESS,0,PLIP XML generated
124-19-6,OR1A1,OR1A1_P_3,all_pose,pose_0077,pose_0077,SUCCESS,0,PLIP XML generated
124-19-6,OR1A1,OR1A1_P_3,all_pose,pose_0078,pose_0078,SUCCESS,0,PLIP XML generated
124-19-6,OR1A1,OR1A1_P_3,all_pose,pose_0079,pose_0079,SUCCESS,0,PLIP XML generated
124-19-6,OR1A1,OR1A1_P_3,all_pose,pose_0080,pose_0080,SUCCESS,0,PLIP XML generated
124-19-6,OR1A1,OR1A1_P_3,all_pose,pose_0081,pose_0081,SUCCESS,0,PLIP XML generated
124-19-6,OR1A1,OR1A1_P_3,all_pose,pose_0082,pose_0082,SUCCESS,0,PLIP XML generated
124-19-6,OR1A1,OR1A1_P_3,all_pose,pose_0083,pose_0083,SUCCESS,0,PLIP XML generated
124-19-6,OR1A1,OR1A1_P_3,all_pose,pose_0084,pose_0084,SUCCESS,0,PLIP XML generated
124-19-6,OR1A1,OR1A1_P_3,all_pose,pose_0085,pose_0085,SUCCESS,0,PLIP XML generated
124-19-6,OR1A1,OR1A1_P_3,all_pose,pose_0086,pose_0086,SUCCESS,0,PLIP XML generated
124-19-6,OR1A1,OR1A1_P_3,all_pose,pose_0087,pose_0087,SUCCESS,0,PLIP XML generated
124-19-6,OR1A1,OR1A1_P_3,all_pose,pose_0088,pose_0088,SUCCESS,0,PLIP XML generated
124-19-6,OR1A1,OR1A1_P_3,all_pose,pose_0089,pose_0089,SUCCESS,0,PLIP XML generated
124-19-6,OR1A1,OR1A1_P_3,all_pose,pose_0090,pose_0090,SUCCESS,0,PLIP XML generated
124-19-6,OR1A1,OR1A1_P_3,all_pose,pose_0091,pose_0091,SUCCESS,0,PLIP XML generated
124-19-6,OR1A1,OR1A1_P_3,all_pose,pose_0092,pose_0092,SUCCESS,0,PLIP XML generated
124-19-6,OR1A1,OR1A1_P_3,all_pose,pose_0093,pose_0093,SUCCESS,0,PLIP XML generated
124-19-6,OR1A1,OR1A1_P_3,all_pose,pose_0094,pose_0094,SUCCESS,0,PLIP XML generated
124-19-6,OR1A1,OR1A1_P_3,all_pose,pose_0095,pose_0095,SUCCESS,0,PLIP XML generated
124-19-6,OR1A1,OR1A1_P_3,all_pose,pose_0096,pose_0096,SUCCESS,0,PLIP XML generated
124-19-6,OR1A1,OR1A1_P_3,all_pose,pose_0097,pose_0097,SUCCESS,0,PLIP XML generated
124-19-6,OR1A1,OR1A1_P_3,all_pose,pose_0098,pose_0098,SUCCESS,0,PLIP XML generated
124-19-6,OR1A1,OR1A1_P_3,all_pose,pose_0099,pose_0099,SUCCESS,0,PLIP XML generated
124-19-6,OR1A1,OR1A1_P_3,all_pose,pose_0100,pose_0100,SUCCESS,0,PLIP XML generated
124-19-6,OR1A1,OR1A1_P_3,representative,cluster_002_medoid,pose_0031,SUCCESS,0,PLIP XML generated
124-19-6,OR1A1,OR1A1_P_3,representative,cluster_003_medoid,pose_0089,SUCCESS,0,PLIP XML generated
124-19-6,OR1A1,OR1A1_P_3,representative,dominant_cluster_medoid,pose_0082,SUCCESS,0,PLIP XML generated
124-19-6,OR1A1,OR1A1_P_3,representative,global_lowest_energy,pose_0086,SUCCESS,0,PLIP XML generated
141-12-8,OR1D2,OR1D2_P_0,all_pose,pose_0001,pose_0001,SUCCESS,0,PLIP XML generated
141-12-8,OR1D2,OR1D2_P_0,all_pose,pose_0002,pose_0002,SUCCESS,0,PLIP XML generated
141-12-8,OR1D2,OR1D2_P_0,all_pose,pose_0003,pose_0003,SUCCESS,0,PLIP XML generated
141-12-8,OR1D2,OR1D2_P_0,all_pose,pose_0004,pose_0004,SUCCESS,0,PLIP XML generated
141-12-8,OR1D2,OR1D2_P_0,all_pose,pose_0005,pose_0005,SUCCESS,0,PLIP XML generated
141-12-8,OR1D2,OR1D2_P_0,all_pose,pose_0006,pose_0006,SUCCESS,0,PLIP XML generated
141-12-8,OR1D2,OR1D2_P_0,all_pose,pose_0007,pose_0007,SUCCESS,0,PLIP XML generated
141-12-8,OR1D2,OR1D2_P_0,all_pose,pose_0008,pose_0008,SUCCESS,0,PLIP XML generated
141-12-8,OR1D2,OR1D2_P_0,all_pose,pose_0009,pose_0009,SUCCESS,0,PLIP XML generated
141-12-8,OR1D2,OR1D2_P_0,all_pose,pose_0010,pose_0010,SUCCESS,0,PLIP XML generated
141-12-8,OR1D2,OR1D2_P_0,all_pose,pose_0011,pose_0011,SUCCESS,0,PLIP XML generated
141-12-8,OR1D2,OR1D2_P_0,all_pose,pose_0012,pose_0012,SUCCESS,0,PLIP XML generated
141-12-8,OR1D2,OR1D2_P_0,all_pose,pose_0013,pose_0013,SUCCESS,0,PLIP XML generated
141-12-8,OR1D2,OR1D2_P_0,all_pose,pose_0014,pose_0014,SUCCESS,0,PLIP XML generated
141-12-8,OR1D2,OR1D2_P_0,all_pose,pose_0015,pose_0015,SUCCESS,0,PLIP XML generated
141-12-8,OR1D2,OR1D2_P_0,all_pose,pose_0016,pose_0016,SUCCESS,0,PLIP XML generated
141-12-8,OR1D2,OR1D2_P_0,all_pose,pose_0017,pose_0017,SUCCESS,0,PLIP XML generated
141-12-8,OR1D2,OR1D2_P_0,all_pose,pose_0018,pose_0018,SUCCESS,0,PLIP XML generated
141-12-8,OR1D2,OR1D2_P_0,all_pose,pose_0019,pose_0019,SUCCESS,0,PLIP XML generated
141-12-8,OR1D2,OR1D2_P_0,all_pose,pose_0020,pose_0020,SUCCESS,0,PLIP XML generated
141-12-8,OR1D2,OR1D2_P_0,all_pose,pose_0021,pose_0021,SUCCESS,0,PLIP XML generated
141-12-8,OR1D2,OR1D2_P_0,all_pose,pose_0022,pose_0022,SUCCESS,0,PLIP XML generated
141-12-8,OR1D2,OR1D2_P_0,all_pose,pose_0023,pose_0023,SUCCESS,0,PLIP XML generated
141-12-8,OR1D2,OR1D2_P_0,all_pose,pose_0024,pose_0024,SUCCESS,0,PLIP XML generated
141-12-8,OR1D2,OR1D2_P_0,all_pose,pose_0025,pose_0025,SUCCESS,0,PLIP XML generated
141-12-8,OR1D2,OR1D2_P_0,all_pose,pose_0026,pose_0026,SUCCESS,0,PLIP XML generated
141-12-8,OR1D2,OR1D2_P_0,all_pose,pose_0027,pose_0027,SUCCESS,0,PLIP XML generated
141-12-8,OR1D2,OR1D2_P_0,all_pose,pose_0028,pose_0028,SUCCESS,0,PLIP XML generated
141-12-8,OR1D2,OR1D2_P_0,all_pose,pose_0029,pose_0029,SUCCESS,0,PLIP XML generated
141-12-8,OR1D2,OR1D2_P_0,all_pose,pose_0030,pose_0030,SUCCESS,0,PLIP XML generated
141-12-8,OR1D2,OR1D2_P_0,all_pose,pose_0031,pose_0031,SUCCESS,0,PLIP XML generated
141-12-8,OR1D2,OR1D2_P_0,all_pose,pose_0032,pose_0032,SUCCESS,0,PLIP XML generated
141-12-8,OR1D2,OR1D2_P_0,all_pose,pose_0033,pose_0033,SUCCESS,0,PLIP XML generated
141-12-8,OR1D2,OR1D2_P_0,all_pose,pose_0034,pose_0034,SUCCESS,0,PLIP XML generated
141-12-8,OR1D2,OR1D2_P_0,all_pose,pose_0035,pose_0035,SUCCESS,0,PLIP XML generated
141-12-8,OR1D2,OR1D2_P_0,all_pose,pose_0036,pose_0036,SUCCESS,0,PLIP XML generated
141-12-8,OR1D2,OR1D2_P_0,all_pose,pose_0037,pose_0037,SUCCESS,0,PLIP XML generated
141-12-8,OR1D2,OR1D2_P_0,all_pose,pose_0038,pose_0038,SUCCESS,0,PLIP XML generated
141-12-8,OR1D2,OR1D2_P_0,all_pose,pose_0039,pose_0039,SUCCESS,0,PLIP XML generated
141-12-8,OR1D2,OR1D2_P_0,all_pose,pose_0040,pose_0040,SUCCESS,0,PLIP XML generated
141-12-8,OR1D2,OR1D2_P_0,all_pose,pose_0041,pose_0041,SUCCESS,0,PLIP XML generated
141-12-8,OR1D2,OR1D2_P_0,all_pose,pose_0042,pose_0042,SUCCESS,0,PLIP XML generated
141-12-8,OR1D2,OR1D2_P_0,all_pose,pose_0043,pose_0043,SUCCESS,0,PLIP XML generated
141-12-8,OR1D2,OR1D2_P_0,all_pose,pose_0044,pose_0044,SUCCESS,0,PLIP XML generated
141-12-8,OR1D2,OR1D2_P_0,all_pose,pose_0045,pose_0045,SUCCESS,0,PLIP XML generated
141-12-8,OR1D2,OR1D2_P_0,all_pose,pose_0046,pose_0046,SUCCESS,0,PLIP XML generated
141-12-8,OR1D2,OR1D2_P_0,all_pose,pose_0047,pose_0047,SUCCESS,0,PLIP XML generated
141-12-8,OR1D2,OR1D2_P_0,all_pose,pose_0048,pose_0048,SUCCESS,0,PLIP XML generated
141-12-8,OR1D2,OR1D2_P_0,all_pose,pose_0049,pose_0049,SUCCESS,0,PLIP XML generated
141-12-8,OR1D2,OR1D2_P_0,all_pose,pose_0050,pose_0050,SUCCESS,0,PLIP XML generated
141-12-8,OR1D2,OR1D2_P_0,all_pose,pose_0051,pose_0051,SUCCESS,0,PLIP XML generated
141-12-8,OR1D2,OR1D2_P_0,all_pose,pose_0052,pose_0052,SUCCESS,0,PLIP XML generated
141-12-8,OR1D2,OR1D2_P_0,all_pose,pose_0053,pose_0053,SUCCESS,0,PLIP XML generated
141-12-8,OR1D2,OR1D2_P_0,all_pose,pose_0054,pose_0054,SUCCESS,0,PLIP XML generated
141-12-8,OR1D2,OR1D2_P_0,all_pose,pose_0055,pose_0055,SUCCESS,0,PLIP XML generated
141-12-8,OR1D2,OR1D2_P_0,all_pose,pose_0056,pose_0056,SUCCESS,0,PLIP XML generated
141-12-8,OR1D2,OR1D2_P_0,all_pose,pose_0057,pose_0057,SUCCESS,0,PLIP XML generated
141-12-8,OR1D2,OR1D2_P_0,all_pose,pose_0058,pose_0058,SUCCESS,0,PLIP XML generated
141-12-8,OR1D2,OR1D2_P_0,all_pose,pose_0059,pose_0059,SUCCESS,0,PLIP XML generated
141-12-8,OR1D2,OR1D2_P_0,all_pose,pose_0060,pose_0060,SUCCESS,0,PLIP XML generated
141-12-8,OR1D2,OR1D2_P_0,all_pose,pose_0061,pose_0061,SUCCESS,0,PLIP XML generated
141-12-8,OR1D2,OR1D2_P_0,all_pose,pose_0062,pose_0062,SUCCESS,0,PLIP XML generated
141-12-8,OR1D2,OR1D2_P_0,all_pose,pose_0063,pose_0063,SUCCESS,0,PLIP XML generated
141-12-8,OR1D2,OR1D2_P_0,all_pose,pose_0064,pose_0064,SUCCESS,0,PLIP XML generated
141-12-8,OR1D2,OR1D2_P_0,all_pose,pose_0065,pose_0065,SUCCESS,0,PLIP XML generated
141-12-8,OR1D2,OR1D2_P_0,all_pose,pose_0066,pose_0066,SUCCESS,0,PLIP XML generated
141-12-8,OR1D2,OR1D2_P_0,all_pose,pose_0067,pose_0067,SUCCESS,0,PLIP XML generated
141-12-8,OR1D2,OR1D2_P_0,all_pose,pose_0068,pose_0068,SUCCESS,0,PLIP XML generated
141-12-8,OR1D2,OR1D2_P_0,all_pose,pose_0069,pose_0069,SUCCESS,0,PLIP XML generated
141-12-8,OR1D2,OR1D2_P_0,all_pose,pose_0070,pose_0070,SUCCESS,0,PLIP XML generated
141-12-8,OR1D2,OR1D2_P_0,all_pose,pose_0071,pose_0071,SUCCESS,0,PLIP XML generated
141-12-8,OR1D2,OR1D2_P_0,all_pose,pose_0072,pose_0072,SUCCESS,0,PLIP XML generated
141-12-8,OR1D2,OR1D2_P_0,all_pose,pose_0073,pose_0073,SUCCESS,0,PLIP XML generated
141-12-8,OR1D2,OR1D2_P_0,all_pose,pose_0074,pose_0074,SUCCESS,0,PLIP XML generated
141-12-8,OR1D2,OR1D2_P_0,all_pose,pose_0075,pose_0075,SUCCESS,0,PLIP XML generated
141-12-8,OR1D2,OR1D2_P_0,all_pose,pose_0076,pose_0076,SUCCESS,0,PLIP XML generated
141-12-8,OR1D2,OR1D2_P_0,all_pose,pose_0077,pose_0077,SUCCESS,0,PLIP XML generated
141-12-8,OR1D2,OR1D2_P_0,all_pose,pose_0078,pose_0078,SUCCESS,0,PLIP XML generated
141-12-8,OR1D2,OR1D2_P_0,all_pose,pose_0079,pose_0079,SUCCESS,0,PLIP XML generated
141-12-8,OR1D2,OR1D2_P_0,all_pose,pose_0080,pose_0080,SUCCESS,0,PLIP XML generated
141-12-8,OR1D2,OR1D2_P_0,all_pose,pose_0081,pose_0081,SUCCESS,0,PLIP XML generated
141-12-8,OR1D2,OR1D2_P_0,all_pose,pose_0082,pose_0082,SUCCESS,0,PLIP XML generated
141-12-8,OR1D2,OR1D2_P_0,all_pose,pose_0083,pose_0083,SUCCESS,0,PLIP XML generated
141-12-8,OR1D2,OR1D2_P_0,all_pose,pose_0084,pose_0084,SUCCESS,0,PLIP XML generated
141-12-8,OR1D2,OR1D2_P_0,all_pose,pose_0085,pose_0085,SUCCESS,0,PLIP XML generated
141-12-8,OR1D2,OR1D2_P_0,all_pose,pose_0086,pose_0086,SUCCESS,0,PLIP XML generated
141-12-8,OR1D2,OR1D2_P_0,all_pose,pose_0087,pose_0087,SUCCESS,0,PLIP XML generated
141-12-8,OR1D2,OR1D2_P_0,all_pose,pose_0088,pose_0088,SUCCESS,0,PLIP XML generated
141-12-8,OR1D2,OR1D2_P_0,all_pose,pose_0089,pose_0089,SUCCESS,0,PLIP XML generated
141-12-8,OR1D2,OR1D2_P_0,all_pose,pose_0090,pose_0090,SUCCESS,0,PLIP XML generated
141-12-8,OR1D2,OR1D2_P_0,all_pose,pose_0091,pose_0091,SUCCESS,0,PLIP XML generated
141-12-8,OR1D2,OR1D2_P_0,all_pose,pose_0092,pose_0092,SUCCESS,0,PLIP XML generated
141-12-8,OR1D2,OR1D2_P_0,all_pose,pose_0093,pose_0093,SUCCESS,0,PLIP XML generated
141-12-8,OR1D2,OR1D2_P_0,all_pose,pose_0094,pose_0094,SUCCESS,0,PLIP XML generated
141-12-8,OR1D2,OR1D2_P_0,all_pose,pose_0095,pose_0095,SUCCESS,0,PLIP XML generated
141-12-8,OR1D2,OR1D2_P_0,all_pose,pose_0096,pose_0096,SUCCESS,0,PLIP XML generated
141-12-8,OR1D2,OR1D2_P_0,all_pose,pose_0097,pose_0097,SUCCESS,0,PLIP XML generated
141-12-8,OR1D2,OR1D2_P_0,all_pose,pose_0098,pose_0098,SUCCESS,0,PLIP XML generated
141-12-8,OR1D2,OR1D2_P_0,all_pose,pose_0099,pose_0099,SUCCESS,0,PLIP XML generated
141-12-8,OR1D2,OR1D2_P_0,all_pose,pose_0100,pose_0100,SUCCESS,0,PLIP XML generated
141-12-8,OR1D2,OR1D2_P_0,representative,cluster_002_medoid,pose_0002,SUCCESS,0,PLIP XML generated
141-12-8,OR1D2,OR1D2_P_0,representative,cluster_003_medoid,pose_0080,SUCCESS,0,PLIP XML generated
141-12-8,OR1D2,OR1D2_P_0,representative,dominant_cluster_medoid,pose_0013,SUCCESS,0,PLIP XML generated
141-12-8,OR1D2,OR1D2_P_0,representative,global_lowest_energy,pose_0077,SUCCESS,0,PLIP XML generated
141-12-8,OR1D2,OR1D2_P_1,all_pose,pose_0001,pose_0001,SUCCESS,0,PLIP XML generated
141-12-8,OR1D2,OR1D2_P_1,all_pose,pose_0002,pose_0002,SUCCESS,0,PLIP XML generated
141-12-8,OR1D2,OR1D2_P_1,all_pose,pose_0003,pose_0003,SUCCESS,0,PLIP XML generated
141-12-8,OR1D2,OR1D2_P_1,all_pose,pose_0004,pose_0004,SUCCESS,0,PLIP XML generated
141-12-8,OR1D2,OR1D2_P_1,all_pose,pose_0005,pose_0005,SUCCESS,0,PLIP XML generated
141-12-8,OR1D2,OR1D2_P_1,all_pose,pose_0006,pose_0006,SUCCESS,0,PLIP XML generated
141-12-8,OR1D2,OR1D2_P_1,all_pose,pose_0007,pose_0007,SUCCESS,0,PLIP XML generated
141-12-8,OR1D2,OR1D2_P_1,all_pose,pose_0008,pose_0008,SUCCESS,0,PLIP XML generated
141-12-8,OR1D2,OR1D2_P_1,all_pose,pose_0009,pose_0009,SUCCESS,0,PLIP XML generated
141-12-8,OR1D2,OR1D2_P_1,all_pose,pose_0010,pose_0010,SUCCESS,0,PLIP XML generated
141-12-8,OR1D2,OR1D2_P_1,all_pose,pose_0011,pose_0011,SUCCESS,0,PLIP XML generated
141-12-8,OR1D2,OR1D2_P_1,all_pose,pose_0012,pose_0012,SUCCESS,0,PLIP XML generated
141-12-8,OR1D2,OR1D2_P_1,all_pose,pose_0013,pose_0013,SUCCESS,0,PLIP XML generated
141-12-8,OR1D2,OR1D2_P_1,all_pose,pose_0014,pose_0014,SUCCESS,0,PLIP XML generated
141-12-8,OR1D2,OR1D2_P_1,all_pose,pose_0015,pose_0015,SUCCESS,0,PLIP XML generated
141-12-8,OR1D2,OR1D2_P_1,all_pose,pose_0016,pose_0016,SUCCESS,0,PLIP XML generated
141-12-8,OR1D2,OR1D2_P_1,all_pose,pose_0017,pose_0017,SUCCESS,0,PLIP XML generated
141-12-8,OR1D2,OR1D2_P_1,all_pose,pose_0018,pose_0018,SUCCESS,0,PLIP XML generated
141-12-8,OR1D2,OR1D2_P_1,all_pose,pose_0019,pose_0019,SUCCESS,0,PLIP XML generated
141-12-8,OR1D2,OR1D2_P_1,all_pose,pose_0020,pose_0020,SUCCESS,0,PLIP XML generated
141-12-8,OR1D2,OR1D2_P_1,all_pose,pose_0021,pose_0021,SUCCESS,0,PLIP XML generated
141-12-8,OR1D2,OR1D2_P_1,all_pose,pose_0022,pose_0022,SUCCESS,0,PLIP XML generated
141-12-8,OR1D2,OR1D2_P_1,all_pose,pose_0023,pose_0023,SUCCESS,0,PLIP XML generated
141-12-8,OR1D2,OR1D2_P_1,all_pose,pose_0024,pose_0024,SUCCESS,0,PLIP XML generated
141-12-8,OR1D2,OR1D2_P_1,all_pose,pose_0025,pose_0025,SUCCESS,0,PLIP XML generated
141-12-8,OR1D2,OR1D2_P_1,all_pose,pose_0026,pose_0026,SUCCESS,0,PLIP XML generated
141-12-8,OR1D2,OR1D2_P_1,all_pose,pose_0027,pose_0027,SUCCESS,0,PLIP XML generated
141-12-8,OR1D2,OR1D2_P_1,all_pose,pose_0028,pose_0028,SUCCESS,0,PLIP XML generated
141-12-8,OR1D2,OR1D2_P_1,all_pose,pose_0029,pose_0029,SUCCESS,0,PLIP XML generated
141-12-8,OR1D2,OR1D2_P_1,all_pose,pose_0030,pose_0030,SUCCESS,0,PLIP XML generated
141-12-8,OR1D2,OR1D2_P_1,all_pose,pose_0031,pose_0031,SUCCESS,0,PLIP XML generated
141-12-8,OR1D2,OR1D2_P_1,all_pose,pose_0032,pose_0032,SUCCESS,0,PLIP XML generated
141-12-8,OR1D2,OR1D2_P_1,all_pose,pose_0033,pose_0033,SUCCESS,0,PLIP XML generated
141-12-8,OR1D2,OR1D2_P_1,all_pose,pose_0034,pose_0034,SUCCESS,0,PLIP XML generated
141-12-8,OR1D2,OR1D2_P_1,all_pose,pose_0035,pose_0035,SUCCESS,0,PLIP XML generated
141-12-8,OR1D2,OR1D2_P_1,all_pose,pose_0036,pose_0036,SUCCESS,0,PLIP XML generated
141-12-8,OR1D2,OR1D2_P_1,all_pose,pose_0037,pose_0037,SUCCESS,0,PLIP XML generated
141-12-8,OR1D2,OR1D2_P_1,all_pose,pose_0038,pose_0038,SUCCESS,0,PLIP XML generated
141-12-8,OR1D2,OR1D2_P_1,all_pose,pose_0039,pose_0039,SUCCESS,0,PLIP XML generated
141-12-8,OR1D2,OR1D2_P_1,all_pose,pose_0040,pose_0040,SUCCESS,0,PLIP XML generated
141-12-8,OR1D2,OR1D2_P_1,all_pose,pose_0041,pose_0041,SUCCESS,0,PLIP XML generated
141-12-8,OR1D2,OR1D2_P_1,all_pose,pose_0042,pose_0042,SUCCESS,0,PLIP XML generated
141-12-8,OR1D2,OR1D2_P_1,all_pose,pose_0043,pose_0043,SUCCESS,0,PLIP XML generated
141-12-8,OR1D2,OR1D2_P_1,all_pose,pose_0044,pose_0044,SUCCESS,0,PLIP XML generated
141-12-8,OR1D2,OR1D2_P_1,all_pose,pose_0045,pose_0045,SUCCESS,0,PLIP XML generated
141-12-8,OR1D2,OR1D2_P_1,all_pose,pose_0046,pose_0046,SUCCESS,0,PLIP XML generated
141-12-8,OR1D2,OR1D2_P_1,all_pose,pose_0047,pose_0047,SUCCESS,0,PLIP XML generated
141-12-8,OR1D2,OR1D2_P_1,all_pose,pose_0048,pose_0048,SUCCESS,0,PLIP XML generated
141-12-8,OR1D2,OR1D2_P_1,all_pose,pose_0049,pose_0049,SUCCESS,0,PLIP XML generated
141-12-8,OR1D2,OR1D2_P_1,all_pose,pose_0050,pose_0050,SUCCESS,0,PLIP XML generated
141-12-8,OR1D2,OR1D2_P_1,all_pose,pose_0051,pose_0051,SUCCESS,0,PLIP XML generated
141-12-8,OR1D2,OR1D2_P_1,all_pose,pose_0052,pose_0052,SUCCESS,0,PLIP XML generated
141-12-8,OR1D2,OR1D2_P_1,all_pose,pose_0053,pose_0053,SUCCESS,0,PLIP XML generated
141-12-8,OR1D2,OR1D2_P_1,all_pose,pose_0054,pose_0054,SUCCESS,0,PLIP XML generated
141-12-8,OR1D2,OR1D2_P_1,all_pose,pose_0055,pose_0055,SUCCESS,0,PLIP XML generated
141-12-8,OR1D2,OR1D2_P_1,all_pose,pose_0056,pose_0056,SUCCESS,0,PLIP XML generated
141-12-8,OR1D2,OR1D2_P_1,all_pose,pose_0057,pose_0057,SUCCESS,0,PLIP XML generated
141-12-8,OR1D2,OR1D2_P_1,all_pose,pose_0058,pose_0058,SUCCESS,0,PLIP XML generated
141-12-8,OR1D2,OR1D2_P_1,all_pose,pose_0059,pose_0059,SUCCESS,0,PLIP XML generated
141-12-8,OR1D2,OR1D2_P_1,all_pose,pose_0060,pose_0060,SUCCESS,0,PLIP XML generated
141-12-8,OR1D2,OR1D2_P_1,all_pose,pose_0061,pose_0061,SUCCESS,0,PLIP XML generated
141-12-8,OR1D2,OR1D2_P_1,all_pose,pose_0062,pose_0062,SUCCESS,0,PLIP XML generated
141-12-8,OR1D2,OR1D2_P_1,all_pose,pose_0063,pose_0063,SUCCESS,0,PLIP XML generated
141-12-8,OR1D2,OR1D2_P_1,all_pose,pose_0064,pose_0064,SUCCESS,0,PLIP XML generated
141-12-8,OR1D2,OR1D2_P_1,all_pose,pose_0065,pose_0065,SUCCESS,0,PLIP XML generated
141-12-8,OR1D2,OR1D2_P_1,all_pose,pose_0066,pose_0066,SUCCESS,0,PLIP XML generated
141-12-8,OR1D2,OR1D2_P_1,all_pose,pose_0067,pose_0067,SUCCESS,0,PLIP XML generated
141-12-8,OR1D2,OR1D2_P_1,all_pose,pose_0068,pose_0068,SUCCESS,0,PLIP XML generated
141-12-8,OR1D2,OR1D2_P_1,all_pose,pose_0069,pose_0069,SUCCESS,0,PLIP XML generated
141-12-8,OR1D2,OR1D2_P_1,all_pose,pose_0070,pose_0070,SUCCESS,0,PLIP XML generated
141-12-8,OR1D2,OR1D2_P_1,all_pose,pose_0071,pose_0071,SUCCESS,0,PLIP XML generated
141-12-8,OR1D2,OR1D2_P_1,all_pose,pose_0072,pose_0072,SUCCESS,0,PLIP XML generated
141-12-8,OR1D2,OR1D2_P_1,all_pose,pose_0073,pose_0073,SUCCESS,0,PLIP XML generated
141-12-8,OR1D2,OR1D2_P_1,all_pose,pose_0074,pose_0074,SUCCESS,0,PLIP XML generated
141-12-8,OR1D2,OR1D2_P_1,all_pose,pose_0075,pose_0075,SUCCESS,0,PLIP XML generated
141-12-8,OR1D2,OR1D2_P_1,all_pose,pose_0076,pose_0076,SUCCESS,0,PLIP XML generated
141-12-8,OR1D2,OR1D2_P_1,all_pose,pose_0077,pose_0077,SUCCESS,0,PLIP XML generated
141-12-8,OR1D2,OR1D2_P_1,all_pose,pose_0078,pose_0078,SUCCESS,0,PLIP XML generated
141-12-8,OR1D2,OR1D2_P_1,all_pose,pose_0079,pose_0079,SUCCESS,0,PLIP XML generated
141-12-8,OR1D2,OR1D2_P_1,all_pose,pose_0080,pose_0080,SUCCESS,0,PLIP XML generated
141-12-8,OR1D2,OR1D2_P_1,all_pose,pose_0081,pose_0081,SUCCESS,0,PLIP XML generated
141-12-8,OR1D2,OR1D2_P_1,all_pose,pose_0082,pose_0082,SUCCESS,0,PLIP XML generated
141-12-8,OR1D2,OR1D2_P_1,all_pose,pose_0083,pose_0083,SUCCESS,0,PLIP XML generated
141-12-8,OR1D2,OR1D2_P_1,all_pose,pose_0084,pose_0084,SUCCESS,0,PLIP XML generated
141-12-8,OR1D2,OR1D2_P_1,all_pose,pose_0085,pose_0085,SUCCESS,0,PLIP XML generated
141-12-8,OR1D2,OR1D2_P_1,all_pose,pose_0086,pose_0086,SUCCESS,0,PLIP XML generated
141-12-8,OR1D2,OR1D2_P_1,all_pose,pose_0087,pose_0087,SUCCESS,0,PLIP XML generated
141-12-8,OR1D2,OR1D2_P_1,all_pose,pose_0088,pose_0088,SUCCESS,0,PLIP XML generated
141-12-8,OR1D2,OR1D2_P_1,all_pose,pose_0089,pose_0089,SUCCESS,0,PLIP XML generated
141-12-8,OR1D2,OR1D2_P_1,all_pose,pose_0090,pose_0090,SUCCESS,0,PLIP XML generated
141-12-8,OR1D2,OR1D2_P_1,all_pose,pose_0091,pose_0091,SUCCESS,0,PLIP XML generated
141-12-8,OR1D2,OR1D2_P_1,all_pose,pose_0092,pose_0092,SUCCESS,0,PLIP XML generated
141-12-8,OR1D2,OR1D2_P_1,all_pose,pose_0093,pose_0093,SUCCESS,0,PLIP XML generated
141-12-8,OR1D2,OR1D2_P_1,all_pose,pose_0094,pose_0094,SUCCESS,0,PLIP XML generated
141-12-8,OR1D2,OR1D2_P_1,all_pose,pose_0095,pose_0095,SUCCESS,0,PLIP XML generated
141-12-8,OR1D2,OR1D2_P_1,all_pose,pose_0096,pose_0096,SUCCESS,0,PLIP XML generated
141-12-8,OR1D2,OR1D2_P_1,all_pose,pose_0097,pose_0097,SUCCESS,0,PLIP XML generated
141-12-8,OR1D2,OR1D2_P_1,all_pose,pose_0098,pose_0098,SUCCESS,0,PLIP XML generated
141-12-8,OR1D2,OR1D2_P_1,all_pose,pose_0099,pose_0099,SUCCESS,0,PLIP XML generated
141-12-8,OR1D2,OR1D2_P_1,all_pose,pose_0100,pose_0100,SUCCESS,0,PLIP XML generated
141-12-8,OR1D2,OR1D2_P_1,representative,cluster_002_medoid,pose_0075,SUCCESS,0,PLIP XML generated
141-12-8,OR1D2,OR1D2_P_1,representative,cluster_003_medoid,pose_0066,SUCCESS,0,PLIP XML generated
141-12-8,OR1D2,OR1D2_P_1,representative,dominant_cluster_medoid,pose_0094,SUCCESS,0,PLIP XML generated
141-12-8,OR1D2,OR1D2_P_1,representative,global_lowest_energy,pose_0019,SUCCESS,0,PLIP XML generated
141-12-8,OR1D2,OR1D2_P_2,all_pose,pose_0001,pose_0001,SUCCESS,0,PLIP XML generated
141-12-8,OR1D2,OR1D2_P_2,all_pose,pose_0002,pose_0002,SUCCESS,0,PLIP XML generated
141-12-8,OR1D2,OR1D2_P_2,all_pose,pose_0003,pose_0003,SUCCESS,0,PLIP XML generated
141-12-8,OR1D2,OR1D2_P_2,all_pose,pose_0004,pose_0004,SUCCESS,0,PLIP XML generated
141-12-8,OR1D2,OR1D2_P_2,all_pose,pose_0005,pose_0005,SUCCESS,0,PLIP XML generated
141-12-8,OR1D2,OR1D2_P_2,all_pose,pose_0006,pose_0006,SUCCESS,0,PLIP XML generated
141-12-8,OR1D2,OR1D2_P_2,all_pose,pose_0007,pose_0007,SUCCESS,0,PLIP XML generated
141-12-8,OR1D2,OR1D2_P_2,all_pose,pose_0008,pose_0008,SUCCESS,0,PLIP XML generated
141-12-8,OR1D2,OR1D2_P_2,all_pose,pose_0009,pose_0009,SUCCESS,0,PLIP XML generated
141-12-8,OR1D2,OR1D2_P_2,all_pose,pose_0010,pose_0010,SUCCESS,0,PLIP XML generated
141-12-8,OR1D2,OR1D2_P_2,all_pose,pose_0011,pose_0011,SUCCESS,0,PLIP XML generated
141-12-8,OR1D2,OR1D2_P_2,all_pose,pose_0012,pose_0012,SUCCESS,0,PLIP XML generated
141-12-8,OR1D2,OR1D2_P_2,all_pose,pose_0013,pose_0013,SUCCESS,0,PLIP XML generated
141-12-8,OR1D2,OR1D2_P_2,all_pose,pose_0014,pose_0014,SUCCESS,0,PLIP XML generated
141-12-8,OR1D2,OR1D2_P_2,all_pose,pose_0015,pose_0015,SUCCESS,0,PLIP XML generated
141-12-8,OR1D2,OR1D2_P_2,all_pose,pose_0016,pose_0016,SUCCESS,0,PLIP XML generated
141-12-8,OR1D2,OR1D2_P_2,all_pose,pose_0017,pose_0017,SUCCESS,0,PLIP XML generated
141-12-8,OR1D2,OR1D2_P_2,all_pose,pose_0018,pose_0018,SUCCESS,0,PLIP XML generated
141-12-8,OR1D2,OR1D2_P_2,all_pose,pose_0019,pose_0019,SUCCESS,0,PLIP XML generated
141-12-8,OR1D2,OR1D2_P_2,all_pose,pose_0020,pose_0020,SUCCESS,0,PLIP XML generated
141-12-8,OR1D2,OR1D2_P_2,all_pose,pose_0021,pose_0021,SUCCESS,0,PLIP XML generated
141-12-8,OR1D2,OR1D2_P_2,all_pose,pose_0022,pose_0022,SUCCESS,0,PLIP XML generated
141-12-8,OR1D2,OR1D2_P_2,all_pose,pose_0023,pose_0023,SUCCESS,0,PLIP XML generated
141-12-8,OR1D2,OR1D2_P_2,all_pose,pose_0024,pose_0024,SUCCESS,0,PLIP XML generated
141-12-8,OR1D2,OR1D2_P_2,all_pose,pose_0025,pose_0025,SUCCESS,0,PLIP XML generated
141-12-8,OR1D2,OR1D2_P_2,all_pose,pose_0026,pose_0026,SUCCESS,0,PLIP XML generated
141-12-8,OR1D2,OR1D2_P_2,all_pose,pose_0027,pose_0027,SUCCESS,0,PLIP XML generated
141-12-8,OR1D2,OR1D2_P_2,all_pose,pose_0028,pose_0028,SUCCESS,0,PLIP XML generated
141-12-8,OR1D2,OR1D2_P_2,all_pose,pose_0029,pose_0029,SUCCESS,0,PLIP XML generated
141-12-8,OR1D2,OR1D2_P_2,all_pose,pose_0030,pose_0030,SUCCESS,0,PLIP XML generated
141-12-8,OR1D2,OR1D2_P_2,all_pose,pose_0031,pose_0031,SUCCESS,0,PLIP XML generated
141-12-8,OR1D2,OR1D2_P_2,all_pose,pose_0032,pose_0032,SUCCESS,0,PLIP XML generated
141-12-8,OR1D2,OR1D2_P_2,all_pose,pose_0033,pose_0033,SUCCESS,0,PLIP XML generated
141-12-8,OR1D2,OR1D2_P_2,all_pose,pose_0034,pose_0034,SUCCESS,0,PLIP XML generated
141-12-8,OR1D2,OR1D2_P_2,all_pose,pose_0035,pose_0035,SUCCESS,0,PLIP XML generated
141-12-8,OR1D2,OR1D2_P_2,all_pose,pose_0036,pose_0036,SUCCESS,0,PLIP XML generated
141-12-8,OR1D2,OR1D2_P_2,all_pose,pose_0037,pose_0037,SUCCESS,0,PLIP XML generated
141-12-8,OR1D2,OR1D2_P_2,all_pose,pose_0038,pose_0038,SUCCESS,0,PLIP XML generated
141-12-8,OR1D2,OR1D2_P_2,all_pose,pose_0039,pose_0039,SUCCESS,0,PLIP XML generated
141-12-8,OR1D2,OR1D2_P_2,all_pose,pose_0040,pose_0040,SUCCESS,0,PLIP XML generated
141-12-8,OR1D2,OR1D2_P_2,all_pose,pose_0041,pose_0041,SUCCESS,0,PLIP XML generated
141-12-8,OR1D2,OR1D2_P_2,all_pose,pose_0042,pose_0042,SUCCESS,0,PLIP XML generated
141-12-8,OR1D2,OR1D2_P_2,all_pose,pose_0043,pose_0043,SUCCESS,0,PLIP XML generated
141-12-8,OR1D2,OR1D2_P_2,all_pose,pose_0044,pose_0044,SUCCESS,0,PLIP XML generated
141-12-8,OR1D2,OR1D2_P_2,all_pose,pose_0045,pose_0045,SUCCESS,0,PLIP XML generated
141-12-8,OR1D2,OR1D2_P_2,all_pose,pose_0046,pose_0046,SUCCESS,0,PLIP XML generated
141-12-8,OR1D2,OR1D2_P_2,all_pose,pose_0047,pose_0047,SUCCESS,0,PLIP XML generated
141-12-8,OR1D2,OR1D2_P_2,all_pose,pose_0048,pose_0048,SUCCESS,0,PLIP XML generated
141-12-8,OR1D2,OR1D2_P_2,all_pose,pose_0049,pose_0049,SUCCESS,0,PLIP XML generated
141-12-8,OR1D2,OR1D2_P_2,all_pose,pose_0050,pose_0050,SUCCESS,0,PLIP XML generated
141-12-8,OR1D2,OR1D2_P_2,all_pose,pose_0051,pose_0051,SUCCESS,0,PLIP XML generated
141-12-8,OR1D2,OR1D2_P_2,all_pose,pose_0052,pose_0052,SUCCESS,0,PLIP XML generated
141-12-8,OR1D2,OR1D2_P_2,all_pose,pose_0053,pose_0053,SUCCESS,0,PLIP XML generated
141-12-8,OR1D2,OR1D2_P_2,all_pose,pose_0054,pose_0054,SUCCESS,0,PLIP XML generated
141-12-8,OR1D2,OR1D2_P_2,all_pose,pose_0055,pose_0055,SUCCESS,0,PLIP XML generated
141-12-8,OR1D2,OR1D2_P_2,all_pose,pose_0056,pose_0056,SUCCESS,0,PLIP XML generated
141-12-8,OR1D2,OR1D2_P_2,all_pose,pose_0057,pose_0057,SUCCESS,0,PLIP XML generated
141-12-8,OR1D2,OR1D2_P_2,all_pose,pose_0058,pose_0058,SUCCESS,0,PLIP XML generated
141-12-8,OR1D2,OR1D2_P_2,all_pose,pose_0059,pose_0059,SUCCESS,0,PLIP XML generated
141-12-8,OR1D2,OR1D2_P_2,all_pose,pose_0060,pose_0060,SUCCESS,0,PLIP XML generated
141-12-8,OR1D2,OR1D2_P_2,all_pose,pose_0061,pose_0061,SUCCESS,0,PLIP XML generated
141-12-8,OR1D2,OR1D2_P_2,all_pose,pose_0062,pose_0062,SUCCESS,0,PLIP XML generated
141-12-8,OR1D2,OR1D2_P_2,all_pose,pose_0063,pose_0063,SUCCESS,0,PLIP XML generated
141-12-8,OR1D2,OR1D2_P_2,all_pose,pose_0064,pose_0064,SUCCESS,0,PLIP XML generated
141-12-8,OR1D2,OR1D2_P_2,all_pose,pose_0065,pose_0065,SUCCESS,0,PLIP XML generated
141-12-8,OR1D2,OR1D2_P_2,all_pose,pose_0066,pose_0066,SUCCESS,0,PLIP XML generated
141-12-8,OR1D2,OR1D2_P_2,all_pose,pose_0067,pose_0067,SUCCESS,0,PLIP XML generated
141-12-8,OR1D2,OR1D2_P_2,all_pose,pose_0068,pose_0068,SUCCESS,0,PLIP XML generated
141-12-8,OR1D2,OR1D2_P_2,all_pose,pose_0069,pose_0069,SUCCESS,0,PLIP XML generated
141-12-8,OR1D2,OR1D2_P_2,all_pose,pose_0070,pose_0070,SUCCESS,0,PLIP XML generated
141-12-8,OR1D2,OR1D2_P_2,all_pose,pose_0071,pose_0071,SUCCESS,0,PLIP XML generated
141-12-8,OR1D2,OR1D2_P_2,all_pose,pose_0072,pose_0072,SUCCESS,0,PLIP XML generated
141-12-8,OR1D2,OR1D2_P_2,all_pose,pose_0073,pose_0073,SUCCESS,0,PLIP XML generated
141-12-8,OR1D2,OR1D2_P_2,all_pose,pose_0074,pose_0074,SUCCESS,0,PLIP XML generated
141-12-8,OR1D2,OR1D2_P_2,all_pose,pose_0075,pose_0075,SUCCESS,0,PLIP XML generated
141-12-8,OR1D2,OR1D2_P_2,all_pose,pose_0076,pose_0076,SUCCESS,0,PLIP XML generated
141-12-8,OR1D2,OR1D2_P_2,all_pose,pose_0077,pose_0077,SUCCESS,0,PLIP XML generated
141-12-8,OR1D2,OR1D2_P_2,all_pose,pose_0078,pose_0078,SUCCESS,0,PLIP XML generated
141-12-8,OR1D2,OR1D2_P_2,all_pose,pose_0079,pose_0079,SUCCESS,0,PLIP XML generated
141-12-8,OR1D2,OR1D2_P_2,all_pose,pose_0080,pose_0080,SUCCESS,0,PLIP XML generated
141-12-8,OR1D2,OR1D2_P_2,all_pose,pose_0081,pose_0081,SUCCESS,0,PLIP XML generated
141-12-8,OR1D2,OR1D2_P_2,all_pose,pose_0082,pose_0082,SUCCESS,0,PLIP XML generated
141-12-8,OR1D2,OR1D2_P_2,all_pose,pose_0083,pose_0083,SUCCESS,0,PLIP XML generated
141-12-8,OR1D2,OR1D2_P_2,all_pose,pose_0084,pose_0084,SUCCESS,0,PLIP XML generated
141-12-8,OR1D2,OR1D2_P_2,all_pose,pose_0085,pose_0085,SUCCESS,0,PLIP XML generated
141-12-8,OR1D2,OR1D2_P_2,all_pose,pose_0086,pose_0086,SUCCESS,0,PLIP XML generated
141-12-8,OR1D2,OR1D2_P_2,all_pose,pose_0087,pose_0087,SUCCESS,0,PLIP XML generated
141-12-8,OR1D2,OR1D2_P_2,all_pose,pose_0088,pose_0088,SUCCESS,0,PLIP XML generated
141-12-8,OR1D2,OR1D2_P_2,all_pose,pose_0089,pose_0089,SUCCESS,0,PLIP XML generated
141-12-8,OR1D2,OR1D2_P_2,all_pose,pose_0090,pose_0090,SUCCESS,0,PLIP XML generated
141-12-8,OR1D2,OR1D2_P_2,all_pose,pose_0091,pose_0091,SUCCESS,0,PLIP XML generated
141-12-8,OR1D2,OR1D2_P_2,all_pose,pose_0092,pose_0092,SUCCESS,0,PLIP XML generated
141-12-8,OR1D2,OR1D2_P_2,all_pose,pose_0093,pose_0093,SUCCESS,0,PLIP XML generated
141-12-8,OR1D2,OR1D2_P_2,all_pose,pose_0094,pose_0094,SUCCESS,0,PLIP XML generated
141-12-8,OR1D2,OR1D2_P_2,all_pose,pose_0095,pose_0095,SUCCESS,0,PLIP XML generated
141-12-8,OR1D2,OR1D2_P_2,all_pose,pose_0096,pose_0096,SUCCESS,0,PLIP XML generated
141-12-8,OR1D2,OR1D2_P_2,all_pose,pose_0097,pose_0097,SUCCESS,0,PLIP XML generated
141-12-8,OR1D2,OR1D2_P_2,all_pose,pose_0098,pose_0098,SUCCESS,0,PLIP XML generated
141-12-8,OR1D2,OR1D2_P_2,all_pose,pose_0099,pose_0099,SUCCESS,0,PLIP XML generated
141-12-8,OR1D2,OR1D2_P_2,all_pose,pose_0100,pose_0100,SUCCESS,0,PLIP XML generated
141-12-8,OR1D2,OR1D2_P_2,representative,cluster_002_medoid,pose_0064,SUCCESS,0,PLIP XML generated
141-12-8,OR1D2,OR1D2_P_2,representative,cluster_003_medoid,pose_0034,SUCCESS,0,PLIP XML generated
141-12-8,OR1D2,OR1D2_P_2,representative,dominant_cluster_medoid,pose_0037,SUCCESS,0,PLIP XML generated
141-12-8,OR1D2,OR1D2_P_2,representative,global_lowest_energy,pose_0047,SUCCESS,0,PLIP XML generated
141-12-8,OR1D2,OR1D2_P_3,all_pose,pose_0001,pose_0001,SUCCESS,0,PLIP XML generated
141-12-8,OR1D2,OR1D2_P_3,all_pose,pose_0002,pose_0002,SUCCESS,0,PLIP XML generated
141-12-8,OR1D2,OR1D2_P_3,all_pose,pose_0003,pose_0003,SUCCESS,0,PLIP XML generated
141-12-8,OR1D2,OR1D2_P_3,all_pose,pose_0004,pose_0004,SUCCESS,0,PLIP XML generated
141-12-8,OR1D2,OR1D2_P_3,all_pose,pose_0005,pose_0005,SUCCESS,0,PLIP XML generated
141-12-8,OR1D2,OR1D2_P_3,all_pose,pose_0006,pose_0006,SUCCESS,0,PLIP XML generated
141-12-8,OR1D2,OR1D2_P_3,all_pose,pose_0007,pose_0007,SUCCESS,0,PLIP XML generated
141-12-8,OR1D2,OR1D2_P_3,all_pose,pose_0008,pose_0008,SUCCESS,0,PLIP XML generated
141-12-8,OR1D2,OR1D2_P_3,all_pose,pose_0009,pose_0009,SUCCESS,0,PLIP XML generated
141-12-8,OR1D2,OR1D2_P_3,all_pose,pose_0010,pose_0010,SUCCESS,0,PLIP XML generated
141-12-8,OR1D2,OR1D2_P_3,all_pose,pose_0011,pose_0011,SUCCESS,0,PLIP XML generated
141-12-8,OR1D2,OR1D2_P_3,all_pose,pose_0012,pose_0012,SUCCESS,0,PLIP XML generated
141-12-8,OR1D2,OR1D2_P_3,all_pose,pose_0013,pose_0013,SUCCESS,0,PLIP XML generated
141-12-8,OR1D2,OR1D2_P_3,all_pose,pose_0014,pose_0014,SUCCESS,0,PLIP XML generated
141-12-8,OR1D2,OR1D2_P_3,all_pose,pose_0015,pose_0015,SUCCESS,0,PLIP XML generated
141-12-8,OR1D2,OR1D2_P_3,all_pose,pose_0016,pose_0016,SUCCESS,0,PLIP XML generated
141-12-8,OR1D2,OR1D2_P_3,all_pose,pose_0017,pose_0017,SUCCESS,0,PLIP XML generated
141-12-8,OR1D2,OR1D2_P_3,all_pose,pose_0018,pose_0018,SUCCESS,0,PLIP XML generated
141-12-8,OR1D2,OR1D2_P_3,all_pose,pose_0019,pose_0019,SUCCESS,0,PLIP XML generated
141-12-8,OR1D2,OR1D2_P_3,all_pose,pose_0020,pose_0020,SUCCESS,0,PLIP XML generated
141-12-8,OR1D2,OR1D2_P_3,all_pose,pose_0021,pose_0021,SUCCESS,0,PLIP XML generated
141-12-8,OR1D2,OR1D2_P_3,all_pose,pose_0022,pose_0022,SUCCESS,0,PLIP XML generated
141-12-8,OR1D2,OR1D2_P_3,all_pose,pose_0023,pose_0023,SUCCESS,0,PLIP XML generated
141-12-8,OR1D2,OR1D2_P_3,all_pose,pose_0024,pose_0024,SUCCESS,0,PLIP XML generated
141-12-8,OR1D2,OR1D2_P_3,all_pose,pose_0025,pose_0025,SUCCESS,0,PLIP XML generated
141-12-8,OR1D2,OR1D2_P_3,all_pose,pose_0026,pose_0026,SUCCESS,0,PLIP XML generated
141-12-8,OR1D2,OR1D2_P_3,all_pose,pose_0027,pose_0027,SUCCESS,0,PLIP XML generated
141-12-8,OR1D2,OR1D2_P_3,all_pose,pose_0028,pose_0028,SUCCESS,0,PLIP XML generated
141-12-8,OR1D2,OR1D2_P_3,all_pose,pose_0029,pose_0029,SUCCESS,0,PLIP XML generated
141-12-8,OR1D2,OR1D2_P_3,all_pose,pose_0030,pose_0030,SUCCESS,0,PLIP XML generated
141-12-8,OR1D2,OR1D2_P_3,all_pose,pose_0031,pose_0031,SUCCESS,0,PLIP XML generated
141-12-8,OR1D2,OR1D2_P_3,all_pose,pose_0032,pose_0032,SUCCESS,0,PLIP XML generated
141-12-8,OR1D2,OR1D2_P_3,all_pose,pose_0033,pose_0033,SUCCESS,0,PLIP XML generated
141-12-8,OR1D2,OR1D2_P_3,all_pose,pose_0034,pose_0034,SUCCESS,0,PLIP XML generated
141-12-8,OR1D2,OR1D2_P_3,all_pose,pose_0035,pose_0035,SUCCESS,0,PLIP XML generated
141-12-8,OR1D2,OR1D2_P_3,all_pose,pose_0036,pose_0036,SUCCESS,0,PLIP XML generated
141-12-8,OR1D2,OR1D2_P_3,all_pose,pose_0037,pose_0037,SUCCESS,0,PLIP XML generated
141-12-8,OR1D2,OR1D2_P_3,all_pose,pose_0038,pose_0038,SUCCESS,0,PLIP XML generated
141-12-8,OR1D2,OR1D2_P_3,all_pose,pose_0039,pose_0039,SUCCESS,0,PLIP XML generated
141-12-8,OR1D2,OR1D2_P_3,all_pose,pose_0040,pose_0040,SUCCESS,0,PLIP XML generated
141-12-8,OR1D2,OR1D2_P_3,all_pose,pose_0041,pose_0041,SUCCESS,0,PLIP XML generated
141-12-8,OR1D2,OR1D2_P_3,all_pose,pose_0042,pose_0042,SUCCESS,0,PLIP XML generated
141-12-8,OR1D2,OR1D2_P_3,all_pose,pose_0043,pose_0043,SUCCESS,0,PLIP XML generated
141-12-8,OR1D2,OR1D2_P_3,all_pose,pose_0044,pose_0044,SUCCESS,0,PLIP XML generated
141-12-8,OR1D2,OR1D2_P_3,all_pose,pose_0045,pose_0045,SUCCESS,0,PLIP XML generated
141-12-8,OR1D2,OR1D2_P_3,all_pose,pose_0046,pose_0046,SUCCESS,0,PLIP XML generated
141-12-8,OR1D2,OR1D2_P_3,all_pose,pose_0047,pose_0047,SUCCESS,0,PLIP XML generated
141-12-8,OR1D2,OR1D2_P_3,all_pose,pose_0048,pose_0048,SUCCESS,0,PLIP XML generated
141-12-8,OR1D2,OR1D2_P_3,all_pose,pose_0049,pose_0049,SUCCESS,0,PLIP XML generated
141-12-8,OR1D2,OR1D2_P_3,all_pose,pose_0050,pose_0050,SUCCESS,0,PLIP XML generated
141-12-8,OR1D2,OR1D2_P_3,all_pose,pose_0051,pose_0051,SUCCESS,0,PLIP XML generated
141-12-8,OR1D2,OR1D2_P_3,all_pose,pose_0052,pose_0052,SUCCESS,0,PLIP XML generated
141-12-8,OR1D2,OR1D2_P_3,all_pose,pose_0053,pose_0053,SUCCESS,0,PLIP XML generated
141-12-8,OR1D2,OR1D2_P_3,all_pose,pose_0054,pose_0054,SUCCESS,0,PLIP XML generated
141-12-8,OR1D2,OR1D2_P_3,all_pose,pose_0055,pose_0055,SUCCESS,0,PLIP XML generated
141-12-8,OR1D2,OR1D2_P_3,all_pose,pose_0056,pose_0056,SUCCESS,0,PLIP XML generated
141-12-8,OR1D2,OR1D2_P_3,all_pose,pose_0057,pose_0057,SUCCESS,0,PLIP XML generated
141-12-8,OR1D2,OR1D2_P_3,all_pose,pose_0058,pose_0058,SUCCESS,0,PLIP XML generated
141-12-8,OR1D2,OR1D2_P_3,all_pose,pose_0059,pose_0059,SUCCESS,0,PLIP XML generated
141-12-8,OR1D2,OR1D2_P_3,all_pose,pose_0060,pose_0060,SUCCESS,0,PLIP XML generated
141-12-8,OR1D2,OR1D2_P_3,all_pose,pose_0061,pose_0061,SUCCESS,0,PLIP XML generated
141-12-8,OR1D2,OR1D2_P_3,all_pose,pose_0062,pose_0062,SUCCESS,0,PLIP XML generated
141-12-8,OR1D2,OR1D2_P_3,all_pose,pose_0063,pose_0063,SUCCESS,0,PLIP XML generated
141-12-8,OR1D2,OR1D2_P_3,all_pose,pose_0064,pose_0064,SUCCESS,0,PLIP XML generated
141-12-8,OR1D2,OR1D2_P_3,all_pose,pose_0065,pose_0065,SUCCESS,0,PLIP XML generated
141-12-8,OR1D2,OR1D2_P_3,all_pose,pose_0066,pose_0066,SUCCESS,0,PLIP XML generated
141-12-8,OR1D2,OR1D2_P_3,all_pose,pose_0067,pose_0067,SUCCESS,0,PLIP XML generated
141-12-8,OR1D2,OR1D2_P_3,all_pose,pose_0068,pose_0068,SUCCESS,0,PLIP XML generated
141-12-8,OR1D2,OR1D2_P_3,all_pose,pose_0069,pose_0069,SUCCESS,0,PLIP XML generated
141-12-8,OR1D2,OR1D2_P_3,all_pose,pose_0070,pose_0070,SUCCESS,0,PLIP XML generated
141-12-8,OR1D2,OR1D2_P_3,all_pose,pose_0071,pose_0071,SUCCESS,0,PLIP XML generated
141-12-8,OR1D2,OR1D2_P_3,all_pose,pose_0072,pose_0072,SUCCESS,0,PLIP XML generated
141-12-8,OR1D2,OR1D2_P_3,all_pose,pose_0073,pose_0073,SUCCESS,0,PLIP XML generated
141-12-8,OR1D2,OR1D2_P_3,all_pose,pose_0074,pose_0074,SUCCESS,0,PLIP XML generated
141-12-8,OR1D2,OR1D2_P_3,all_pose,pose_0075,pose_0075,SUCCESS,0,PLIP XML generated
141-12-8,OR1D2,OR1D2_P_3,all_pose,pose_0076,pose_0076,SUCCESS,0,PLIP XML generated
141-12-8,OR1D2,OR1D2_P_3,all_pose,pose_0077,pose_0077,SUCCESS,0,PLIP XML generated
141-12-8,OR1D2,OR1D2_P_3,all_pose,pose_0078,pose_0078,SUCCESS,0,PLIP XML generated
141-12-8,OR1D2,OR1D2_P_3,all_pose,pose_0079,pose_0079,SUCCESS,0,PLIP XML generated
141-12-8,OR1D2,OR1D2_P_3,all_pose,pose_0080,pose_0080,SUCCESS,0,PLIP XML generated
141-12-8,OR1D2,OR1D2_P_3,all_pose,pose_0081,pose_0081,SUCCESS,0,PLIP XML generated
141-12-8,OR1D2,OR1D2_P_3,all_pose,pose_0082,pose_0082,SUCCESS,0,PLIP XML generated
141-12-8,OR1D2,OR1D2_P_3,all_pose,pose_0083,pose_0083,SUCCESS,0,PLIP XML generated
141-12-8,OR1D2,OR1D2_P_3,all_pose,pose_0084,pose_0084,SUCCESS,0,PLIP XML generated
141-12-8,OR1D2,OR1D2_P_3,all_pose,pose_0085,pose_0085,SUCCESS,0,PLIP XML generated
141-12-8,OR1D2,OR1D2_P_3,all_pose,pose_0086,pose_0086,SUCCESS,0,PLIP XML generated
141-12-8,OR1D2,OR1D2_P_3,all_pose,pose_0087,pose_0087,SUCCESS,0,PLIP XML generated
141-12-8,OR1D2,OR1D2_P_3,all_pose,pose_0088,pose_0088,SUCCESS,0,PLIP XML generated
141-12-8,OR1D2,OR1D2_P_3,all_pose,pose_0089,pose_0089,SUCCESS,0,PLIP XML generated
141-12-8,OR1D2,OR1D2_P_3,all_pose,pose_0090,pose_0090,SUCCESS,0,PLIP XML generated
141-12-8,OR1D2,OR1D2_P_3,all_pose,pose_0091,pose_0091,SUCCESS,0,PLIP XML generated
141-12-8,OR1D2,OR1D2_P_3,all_pose,pose_0092,pose_0092,SUCCESS,0,PLIP XML generated
141-12-8,OR1D2,OR1D2_P_3,all_pose,pose_0093,pose_0093,SUCCESS,0,PLIP XML generated
141-12-8,OR1D2,OR1D2_P_3,all_pose,pose_0094,pose_0094,SUCCESS,0,PLIP XML generated
141-12-8,OR1D2,OR1D2_P_3,all_pose,pose_0095,pose_0095,SUCCESS,0,PLIP XML generated
141-12-8,OR1D2,OR1D2_P_3,all_pose,pose_0096,pose_0096,SUCCESS,0,PLIP XML generated
141-12-8,OR1D2,OR1D2_P_3,all_pose,pose_0097,pose_0097,SUCCESS,0,PLIP XML generated
141-12-8,OR1D2,OR1D2_P_3,all_pose,pose_0098,pose_0098,SUCCESS,0,PLIP XML generated
141-12-8,OR1D2,OR1D2_P_3,all_pose,pose_0099,pose_0099,SUCCESS,0,PLIP XML generated
141-12-8,OR1D2,OR1D2_P_3,all_pose,pose_0100,pose_0100,SUCCESS,0,PLIP XML generated
141-12-8,OR1D2,OR1D2_P_3,representative,cluster_002_medoid,pose_0051,SUCCESS,0,PLIP XML generated
141-12-8,OR1D2,OR1D2_P_3,representative,cluster_003_medoid,pose_0089,SUCCESS,0,PLIP XML generated
141-12-8,OR1D2,OR1D2_P_3,representative,dominant_cluster_medoid,pose_0082,SUCCESS,0,PLIP XML generated
141-12-8,OR1D2,OR1D2_P_3,representative,global_lowest_energy,pose_0084,SUCCESS,0,PLIP XML generated
18127-01-0,OR1D2,OR1D2_P_0,all_pose,pose_0001,pose_0001,SUCCESS,0,PLIP XML generated
18127-01-0,OR1D2,OR1D2_P_0,all_pose,pose_0002,pose_0002,SUCCESS,0,PLIP XML generated
18127-01-0,OR1D2,OR1D2_P_0,all_pose,pose_0003,pose_0003,SUCCESS,0,PLIP XML generated
18127-01-0,OR1D2,OR1D2_P_0,all_pose,pose_0004,pose_0004,SUCCESS,0,PLIP XML generated
18127-01-0,OR1D2,OR1D2_P_0,all_pose,pose_0005,pose_0005,SUCCESS,0,PLIP XML generated
18127-01-0,OR1D2,OR1D2_P_0,all_pose,pose_0006,pose_0006,SUCCESS,0,PLIP XML generated
18127-01-0,OR1D2,OR1D2_P_0,all_pose,pose_0007,pose_0007,SUCCESS,0,PLIP XML generated
18127-01-0,OR1D2,OR1D2_P_0,all_pose,pose_0008,pose_0008,SUCCESS,0,PLIP XML generated
18127-01-0,OR1D2,OR1D2_P_0,all_pose,pose_0009,pose_0009,SUCCESS,0,PLIP XML generated
18127-01-0,OR1D2,OR1D2_P_0,all_pose,pose_0010,pose_0010,SUCCESS,0,PLIP XML generated
18127-01-0,OR1D2,OR1D2_P_0,all_pose,pose_0011,pose_0011,SUCCESS,0,PLIP XML generated
18127-01-0,OR1D2,OR1D2_P_0,all_pose,pose_0012,pose_0012,SUCCESS,0,PLIP XML generated
18127-01-0,OR1D2,OR1D2_P_0,all_pose,pose_0013,pose_0013,SUCCESS,0,PLIP XML generated
18127-01-0,OR1D2,OR1D2_P_0,all_pose,pose_0014,pose_0014,SUCCESS,0,PLIP XML generated
18127-01-0,OR1D2,OR1D2_P_0,all_pose,pose_0015,pose_0015,SUCCESS,0,PLIP XML generated
18127-01-0,OR1D2,OR1D2_P_0,all_pose,pose_0016,pose_0016,SUCCESS,0,PLIP XML generated
18127-01-0,OR1D2,OR1D2_P_0,all_pose,pose_0017,pose_0017,SUCCESS,0,PLIP XML generated
18127-01-0,OR1D2,OR1D2_P_0,all_pose,pose_0018,pose_0018,SUCCESS,0,PLIP XML generated
18127-01-0,OR1D2,OR1D2_P_0,all_pose,pose_0019,pose_0019,SUCCESS,0,PLIP XML generated
18127-01-0,OR1D2,OR1D2_P_0,all_pose,pose_0020,pose_0020,SUCCESS,0,PLIP XML generated
18127-01-0,OR1D2,OR1D2_P_0,all_pose,pose_0021,pose_0021,SUCCESS,0,PLIP XML generated
18127-01-0,OR1D2,OR1D2_P_0,all_pose,pose_0022,pose_0022,SUCCESS,0,PLIP XML generated
18127-01-0,OR1D2,OR1D2_P_0,all_pose,pose_0023,pose_0023,SUCCESS,0,PLIP XML generated
18127-01-0,OR1D2,OR1D2_P_0,all_pose,pose_0024,pose_0024,SUCCESS,0,PLIP XML generated
18127-01-0,OR1D2,OR1D2_P_0,all_pose,pose_0025,pose_0025,SUCCESS,0,PLIP XML generated
18127-01-0,OR1D2,OR1D2_P_0,all_pose,pose_0026,pose_0026,SUCCESS,0,PLIP XML generated
18127-01-0,OR1D2,OR1D2_P_0,all_pose,pose_0027,pose_0027,SUCCESS,0,PLIP XML generated
18127-01-0,OR1D2,OR1D2_P_0,all_pose,pose_0028,pose_0028,SUCCESS,0,PLIP XML generated
18127-01-0,OR1D2,OR1D2_P_0,all_pose,pose_0029,pose_0029,SUCCESS,0,PLIP XML generated
18127-01-0,OR1D2,OR1D2_P_0,all_pose,pose_0030,pose_0030,SUCCESS,0,PLIP XML generated
18127-01-0,OR1D2,OR1D2_P_0,all_pose,pose_0031,pose_0031,SUCCESS,0,PLIP XML generated
18127-01-0,OR1D2,OR1D2_P_0,all_pose,pose_0032,pose_0032,SUCCESS,0,PLIP XML generated
18127-01-0,OR1D2,OR1D2_P_0,all_pose,pose_0033,pose_0033,SUCCESS,0,PLIP XML generated
18127-01-0,OR1D2,OR1D2_P_0,all_pose,pose_0034,pose_0034,SUCCESS,0,PLIP XML generated
18127-01-0,OR1D2,OR1D2_P_0,all_pose,pose_0035,pose_0035,SUCCESS,0,PLIP XML generated
18127-01-0,OR1D2,OR1D2_P_0,all_pose,pose_0036,pose_0036,SUCCESS,0,PLIP XML generated
18127-01-0,OR1D2,OR1D2_P_0,all_pose,pose_0037,pose_0037,SUCCESS,0,PLIP XML generated
18127-01-0,OR1D2,OR1D2_P_0,all_pose,pose_0038,pose_0038,SUCCESS,0,PLIP XML generated
18127-01-0,OR1D2,OR1D2_P_0,all_pose,pose_0039,pose_0039,SUCCESS,0,PLIP XML generated
18127-01-0,OR1D2,OR1D2_P_0,all_pose,pose_0040,pose_0040,SUCCESS,0,PLIP XML generated
18127-01-0,OR1D2,OR1D2_P_0,all_pose,pose_0041,pose_0041,SUCCESS,0,PLIP XML generated
18127-01-0,OR1D2,OR1D2_P_0,all_pose,pose_0042,pose_0042,SUCCESS,0,PLIP XML generated
18127-01-0,OR1D2,OR1D2_P_0,all_pose,pose_0043,pose_0043,SUCCESS,0,PLIP XML generated
18127-01-0,OR1D2,OR1D2_P_0,all_pose,pose_0044,pose_0044,SUCCESS,0,PLIP XML generated
18127-01-0,OR1D2,OR1D2_P_0,all_pose,pose_0045,pose_0045,SUCCESS,0,PLIP XML generated
18127-01-0,OR1D2,OR1D2_P_0,all_pose,pose_0046,pose_0046,SUCCESS,0,PLIP XML generated
18127-01-0,OR1D2,OR1D2_P_0,all_pose,pose_0047,pose_0047,SUCCESS,0,PLIP XML generated
18127-01-0,OR1D2,OR1D2_P_0,all_pose,pose_0048,pose_0048,SUCCESS,0,PLIP XML generated
18127-01-0,OR1D2,OR1D2_P_0,all_pose,pose_0049,pose_0049,SUCCESS,0,PLIP XML generated
18127-01-0,OR1D2,OR1D2_P_0,all_pose,pose_0050,pose_0050,SUCCESS,0,PLIP XML generated
18127-01-0,OR1D2,OR1D2_P_0,all_pose,pose_0051,pose_0051,SUCCESS,0,PLIP XML generated
18127-01-0,OR1D2,OR1D2_P_0,all_pose,pose_0052,pose_0052,SUCCESS,0,PLIP XML generated
18127-01-0,OR1D2,OR1D2_P_0,all_pose,pose_0053,pose_0053,SUCCESS,0,PLIP XML generated
18127-01-0,OR1D2,OR1D2_P_0,all_pose,pose_0054,pose_0054,SUCCESS,0,PLIP XML generated
18127-01-0,OR1D2,OR1D2_P_0,all_pose,pose_0055,pose_0055,SUCCESS,0,PLIP XML generated
18127-01-0,OR1D2,OR1D2_P_0,all_pose,pose_0056,pose_0056,SUCCESS,0,PLIP XML generated
18127-01-0,OR1D2,OR1D2_P_0,all_pose,pose_0057,pose_0057,SUCCESS,0,PLIP XML generated
18127-01-0,OR1D2,OR1D2_P_0,all_pose,pose_0058,pose_0058,SUCCESS,0,PLIP XML generated
18127-01-0,OR1D2,OR1D2_P_0,all_pose,pose_0059,pose_0059,SUCCESS,0,PLIP XML generated
18127-01-0,OR1D2,OR1D2_P_0,all_pose,pose_0060,pose_0060,SUCCESS,0,PLIP XML generated
18127-01-0,OR1D2,OR1D2_P_0,all_pose,pose_0061,pose_0061,SUCCESS,0,PLIP XML generated
18127-01-0,OR1D2,OR1D2_P_0,all_pose,pose_0062,pose_0062,SUCCESS,0,PLIP XML generated
18127-01-0,OR1D2,OR1D2_P_0,all_pose,pose_0063,pose_0063,SUCCESS,0,PLIP XML generated
18127-01-0,OR1D2,OR1D2_P_0,all_pose,pose_0064,pose_0064,SUCCESS,0,PLIP XML generated
18127-01-0,OR1D2,OR1D2_P_0,all_pose,pose_0065,pose_0065,SUCCESS,0,PLIP XML generated
18127-01-0,OR1D2,OR1D2_P_0,all_pose,pose_0066,pose_0066,SUCCESS,0,PLIP XML generated
18127-01-0,OR1D2,OR1D2_P_0,all_pose,pose_0067,pose_0067,SUCCESS,0,PLIP XML generated
18127-01-0,OR1D2,OR1D2_P_0,all_pose,pose_0068,pose_0068,SUCCESS,0,PLIP XML generated
18127-01-0,OR1D2,OR1D2_P_0,all_pose,pose_0069,pose_0069,SUCCESS,0,PLIP XML generated
18127-01-0,OR1D2,OR1D2_P_0,all_pose,pose_0070,pose_0070,SUCCESS,0,PLIP XML generated
18127-01-0,OR1D2,OR1D2_P_0,all_pose,pose_0071,pose_0071,SUCCESS,0,PLIP XML generated
18127-01-0,OR1D2,OR1D2_P_0,all_pose,pose_0072,pose_0072,SUCCESS,0,PLIP XML generated
18127-01-0,OR1D2,OR1D2_P_0,all_pose,pose_0073,pose_0073,SUCCESS,0,PLIP XML generated
18127-01-0,OR1D2,OR1D2_P_0,all_pose,pose_0074,pose_0074,SUCCESS,0,PLIP XML generated
18127-01-0,OR1D2,OR1D2_P_0,all_pose,pose_0075,pose_0075,SUCCESS,0,PLIP XML generated
18127-01-0,OR1D2,OR1D2_P_0,all_pose,pose_0076,pose_0076,SUCCESS,0,PLIP XML generated
18127-01-0,OR1D2,OR1D2_P_0,all_pose,pose_0077,pose_0077,SUCCESS,0,PLIP XML generated
18127-01-0,OR1D2,OR1D2_P_0,all_pose,pose_0078,pose_0078,SUCCESS,0,PLIP XML generated
18127-01-0,OR1D2,OR1D2_P_0,all_pose,pose_0079,pose_0079,SUCCESS,0,PLIP XML generated
18127-01-0,OR1D2,OR1D2_P_0,all_pose,pose_0080,pose_0080,SUCCESS,0,PLIP XML generated
18127-01-0,OR1D2,OR1D2_P_0,all_pose,pose_0081,pose_0081,SUCCESS,0,PLIP XML generated
18127-01-0,OR1D2,OR1D2_P_0,all_pose,pose_0082,pose_0082,SUCCESS,0,PLIP XML generated
18127-01-0,OR1D2,OR1D2_P_0,all_pose,pose_0083,pose_0083,SUCCESS,0,PLIP XML generated
18127-01-0,OR1D2,OR1D2_P_0,all_pose,pose_0084,pose_0084,SUCCESS,0,PLIP XML generated
18127-01-0,OR1D2,OR1D2_P_0,all_pose,pose_0085,pose_0085,SUCCESS,0,PLIP XML generated
18127-01-0,OR1D2,OR1D2_P_0,all_pose,pose_0086,pose_0086,SUCCESS,0,PLIP XML generated
18127-01-0,OR1D2,OR1D2_P_0,all_pose,pose_0087,pose_0087,SUCCESS,0,PLIP XML generated
18127-01-0,OR1D2,OR1D2_P_0,all_pose,pose_0088,pose_0088,SUCCESS,0,PLIP XML generated
18127-01-0,OR1D2,OR1D2_P_0,all_pose,pose_0089,pose_0089,SUCCESS,0,PLIP XML generated
18127-01-0,OR1D2,OR1D2_P_0,all_pose,pose_0090,pose_0090,SUCCESS,0,PLIP XML generated
18127-01-0,OR1D2,OR1D2_P_0,all_pose,pose_0091,pose_0091,SUCCESS,0,PLIP XML generated
18127-01-0,OR1D2,OR1D2_P_0,all_pose,pose_0092,pose_0092,SUCCESS,0,PLIP XML generated
18127-01-0,OR1D2,OR1D2_P_0,all_pose,pose_0093,pose_0093,SUCCESS,0,PLIP XML generated
18127-01-0,OR1D2,OR1D2_P_0,all_pose,pose_0094,pose_0094,SUCCESS,0,PLIP XML generated
18127-01-0,OR1D2,OR1D2_P_0,all_pose,pose_0095,pose_0095,SUCCESS,0,PLIP XML generated
18127-01-0,OR1D2,OR1D2_P_0,all_pose,pose_0096,pose_0096,SUCCESS,0,PLIP XML generated
18127-01-0,OR1D2,OR1D2_P_0,all_pose,pose_0097,pose_0097,SUCCESS,0,PLIP XML generated
18127-01-0,OR1D2,OR1D2_P_0,all_pose,pose_0098,pose_0098,SUCCESS,0,PLIP XML generated
18127-01-0,OR1D2,OR1D2_P_0,all_pose,pose_0099,pose_0099,SUCCESS,0,PLIP XML generated
18127-01-0,OR1D2,OR1D2_P_0,all_pose,pose_0100,pose_0100,SUCCESS,0,PLIP XML generated
18127-01-0,OR1D2,OR1D2_P_0,representative,cluster_002_medoid,pose_0068,SUCCESS,0,PLIP XML generated
18127-01-0,OR1D2,OR1D2_P_0,representative,cluster_003_medoid,pose_0053,SUCCESS,0,PLIP XML generated
18127-01-0,OR1D2,OR1D2_P_0,representative,dominant_cluster_medoid,pose_0090,SUCCESS,0,PLIP XML generated
18127-01-0,OR1D2,OR1D2_P_0,representative,global_lowest_energy,pose_0044,SUCCESS,0,PLIP XML generated
18127-01-0,OR1D2,OR1D2_P_1,all_pose,pose_0001,pose_0001,SUCCESS,0,PLIP XML generated
18127-01-0,OR1D2,OR1D2_P_1,all_pose,pose_0002,pose_0002,SUCCESS,0,PLIP XML generated
18127-01-0,OR1D2,OR1D2_P_1,all_pose,pose_0003,pose_0003,SUCCESS,0,PLIP XML generated
18127-01-0,OR1D2,OR1D2_P_1,all_pose,pose_0004,pose_0004,SUCCESS,0,PLIP XML generated
18127-01-0,OR1D2,OR1D2_P_1,all_pose,pose_0005,pose_0005,SUCCESS,0,PLIP XML generated
18127-01-0,OR1D2,OR1D2_P_1,all_pose,pose_0006,pose_0006,SUCCESS,0,PLIP XML generated
18127-01-0,OR1D2,OR1D2_P_1,all_pose,pose_0007,pose_0007,SUCCESS,0,PLIP XML generated
18127-01-0,OR1D2,OR1D2_P_1,all_pose,pose_0008,pose_0008,SUCCESS,0,PLIP XML generated
18127-01-0,OR1D2,OR1D2_P_1,all_pose,pose_0009,pose_0009,SUCCESS,0,PLIP XML generated
18127-01-0,OR1D2,OR1D2_P_1,all_pose,pose_0010,pose_0010,SUCCESS,0,PLIP XML generated
18127-01-0,OR1D2,OR1D2_P_1,all_pose,pose_0011,pose_0011,SUCCESS,0,PLIP XML generated
18127-01-0,OR1D2,OR1D2_P_1,all_pose,pose_0012,pose_0012,SUCCESS,0,PLIP XML generated
18127-01-0,OR1D2,OR1D2_P_1,all_pose,pose_0013,pose_0013,SUCCESS,0,PLIP XML generated
18127-01-0,OR1D2,OR1D2_P_1,all_pose,pose_0014,pose_0014,SUCCESS,0,PLIP XML generated
18127-01-0,OR1D2,OR1D2_P_1,all_pose,pose_0015,pose_0015,SUCCESS,0,PLIP XML generated
18127-01-0,OR1D2,OR1D2_P_1,all_pose,pose_0016,pose_0016,SUCCESS,0,PLIP XML generated
18127-01-0,OR1D2,OR1D2_P_1,all_pose,pose_0017,pose_0017,SUCCESS,0,PLIP XML generated
18127-01-0,OR1D2,OR1D2_P_1,all_pose,pose_0018,pose_0018,SUCCESS,0,PLIP XML generated
18127-01-0,OR1D2,OR1D2_P_1,all_pose,pose_0019,pose_0019,SUCCESS,0,PLIP XML generated
18127-01-0,OR1D2,OR1D2_P_1,all_pose,pose_0020,pose_0020,SUCCESS,0,PLIP XML generated
18127-01-0,OR1D2,OR1D2_P_1,all_pose,pose_0021,pose_0021,SUCCESS,0,PLIP XML generated
18127-01-0,OR1D2,OR1D2_P_1,all_pose,pose_0022,pose_0022,SUCCESS,0,PLIP XML generated
18127-01-0,OR1D2,OR1D2_P_1,all_pose,pose_0023,pose_0023,SUCCESS,0,PLIP XML generated
18127-01-0,OR1D2,OR1D2_P_1,all_pose,pose_0024,pose_0024,SUCCESS,0,PLIP XML generated
18127-01-0,OR1D2,OR1D2_P_1,all_pose,pose_0025,pose_0025,SUCCESS,0,PLIP XML generated
18127-01-0,OR1D2,OR1D2_P_1,all_pose,pose_0026,pose_0026,SUCCESS,0,PLIP XML generated
18127-01-0,OR1D2,OR1D2_P_1,all_pose,pose_0027,pose_0027,SUCCESS,0,PLIP XML generated
18127-01-0,OR1D2,OR1D2_P_1,all_pose,pose_0028,pose_0028,SUCCESS,0,PLIP XML generated
18127-01-0,OR1D2,OR1D2_P_1,all_pose,pose_0029,pose_0029,SUCCESS,0,PLIP XML generated
18127-01-0,OR1D2,OR1D2_P_1,all_pose,pose_0030,pose_0030,SUCCESS,0,PLIP XML generated
18127-01-0,OR1D2,OR1D2_P_1,all_pose,pose_0031,pose_0031,SUCCESS,0,PLIP XML generated
18127-01-0,OR1D2,OR1D2_P_1,all_pose,pose_0032,pose_0032,SUCCESS,0,PLIP XML generated
18127-01-0,OR1D2,OR1D2_P_1,all_pose,pose_0033,pose_0033,SUCCESS,0,PLIP XML generated
18127-01-0,OR1D2,OR1D2_P_1,all_pose,pose_0034,pose_0034,SUCCESS,0,PLIP XML generated
18127-01-0,OR1D2,OR1D2_P_1,all_pose,pose_0035,pose_0035,SUCCESS,0,PLIP XML generated
18127-01-0,OR1D2,OR1D2_P_1,all_pose,pose_0036,pose_0036,SUCCESS,0,PLIP XML generated
18127-01-0,OR1D2,OR1D2_P_1,all_pose,pose_0037,pose_0037,SUCCESS,0,PLIP XML generated
18127-01-0,OR1D2,OR1D2_P_1,all_pose,pose_0038,pose_0038,SUCCESS,0,PLIP XML generated
18127-01-0,OR1D2,OR1D2_P_1,all_pose,pose_0039,pose_0039,SUCCESS,0,PLIP XML generated
18127-01-0,OR1D2,OR1D2_P_1,all_pose,pose_0040,pose_0040,SUCCESS,0,PLIP XML generated
18127-01-0,OR1D2,OR1D2_P_1,all_pose,pose_0041,pose_0041,SUCCESS,0,PLIP XML generated
18127-01-0,OR1D2,OR1D2_P_1,all_pose,pose_0042,pose_0042,SUCCESS,0,PLIP XML generated
18127-01-0,OR1D2,OR1D2_P_1,all_pose,pose_0043,pose_0043,SUCCESS,0,PLIP XML generated
18127-01-0,OR1D2,OR1D2_P_1,all_pose,pose_0044,pose_0044,SUCCESS,0,PLIP XML generated
18127-01-0,OR1D2,OR1D2_P_1,all_pose,pose_0045,pose_0045,SUCCESS,0,PLIP XML generated
18127-01-0,OR1D2,OR1D2_P_1,all_pose,pose_0046,pose_0046,SUCCESS,0,PLIP XML generated
18127-01-0,OR1D2,OR1D2_P_1,all_pose,pose_0047,pose_0047,SUCCESS,0,PLIP XML generated
18127-01-0,OR1D2,OR1D2_P_1,all_pose,pose_0048,pose_0048,SUCCESS,0,PLIP XML generated
18127-01-0,OR1D2,OR1D2_P_1,all_pose,pose_0049,pose_0049,SUCCESS,0,PLIP XML generated
18127-01-0,OR1D2,OR1D2_P_1,all_pose,pose_0050,pose_0050,SUCCESS,0,PLIP XML generated
18127-01-0,OR1D2,OR1D2_P_1,all_pose,pose_0051,pose_0051,SUCCESS,0,PLIP XML generated
18127-01-0,OR1D2,OR1D2_P_1,all_pose,pose_0052,pose_0052,SUCCESS,0,PLIP XML generated
18127-01-0,OR1D2,OR1D2_P_1,all_pose,pose_0053,pose_0053,SUCCESS,0,PLIP XML generated
18127-01-0,OR1D2,OR1D2_P_1,all_pose,pose_0054,pose_0054,SUCCESS,0,PLIP XML generated
18127-01-0,OR1D2,OR1D2_P_1,all_pose,pose_0055,pose_0055,SUCCESS,0,PLIP XML generated
18127-01-0,OR1D2,OR1D2_P_1,all_pose,pose_0056,pose_0056,SUCCESS,0,PLIP XML generated
18127-01-0,OR1D2,OR1D2_P_1,all_pose,pose_0057,pose_0057,SUCCESS,0,PLIP XML generated
18127-01-0,OR1D2,OR1D2_P_1,all_pose,pose_0058,pose_0058,SUCCESS,0,PLIP XML generated
18127-01-0,OR1D2,OR1D2_P_1,all_pose,pose_0059,pose_0059,SUCCESS,0,PLIP XML generated
18127-01-0,OR1D2,OR1D2_P_1,all_pose,pose_0060,pose_0060,SUCCESS,0,PLIP XML generated
18127-01-0,OR1D2,OR1D2_P_1,all_pose,pose_0061,pose_0061,SUCCESS,0,PLIP XML generated
18127-01-0,OR1D2,OR1D2_P_1,all_pose,pose_0062,pose_0062,SUCCESS,0,PLIP XML generated
18127-01-0,OR1D2,OR1D2_P_1,all_pose,pose_0063,pose_0063,SUCCESS,0,PLIP XML generated
18127-01-0,OR1D2,OR1D2_P_1,all_pose,pose_0064,pose_0064,SUCCESS,0,PLIP XML generated
18127-01-0,OR1D2,OR1D2_P_1,all_pose,pose_0065,pose_0065,SUCCESS,0,PLIP XML generated
18127-01-0,OR1D2,OR1D2_P_1,all_pose,pose_0066,pose_0066,SUCCESS,0,PLIP XML generated
18127-01-0,OR1D2,OR1D2_P_1,all_pose,pose_0067,pose_0067,SUCCESS,0,PLIP XML generated
18127-01-0,OR1D2,OR1D2_P_1,all_pose,pose_0068,pose_0068,SUCCESS,0,PLIP XML generated
18127-01-0,OR1D2,OR1D2_P_1,all_pose,pose_0069,pose_0069,SUCCESS,0,PLIP XML generated
18127-01-0,OR1D2,OR1D2_P_1,all_pose,pose_0070,pose_0070,SUCCESS,0,PLIP XML generated
18127-01-0,OR1D2,OR1D2_P_1,all_pose,pose_0071,pose_0071,SUCCESS,0,PLIP XML generated
18127-01-0,OR1D2,OR1D2_P_1,all_pose,pose_0072,pose_0072,SUCCESS,0,PLIP XML generated
18127-01-0,OR1D2,OR1D2_P_1,all_pose,pose_0073,pose_0073,SUCCESS,0,PLIP XML generated
18127-01-0,OR1D2,OR1D2_P_1,all_pose,pose_0074,pose_0074,SUCCESS,0,PLIP XML generated
18127-01-0,OR1D2,OR1D2_P_1,all_pose,pose_0075,pose_0075,SUCCESS,0,PLIP XML generated
18127-01-0,OR1D2,OR1D2_P_1,all_pose,pose_0076,pose_0076,SUCCESS,0,PLIP XML generated
18127-01-0,OR1D2,OR1D2_P_1,all_pose,pose_0077,pose_0077,SUCCESS,0,PLIP XML generated
18127-01-0,OR1D2,OR1D2_P_1,all_pose,pose_0078,pose_0078,SUCCESS,0,PLIP XML generated
18127-01-0,OR1D2,OR1D2_P_1,all_pose,pose_0079,pose_0079,SUCCESS,0,PLIP XML generated
18127-01-0,OR1D2,OR1D2_P_1,all_pose,pose_0080,pose_0080,SUCCESS,0,PLIP XML generated
18127-01-0,OR1D2,OR1D2_P_1,all_pose,pose_0081,pose_0081,SUCCESS,0,PLIP XML generated
18127-01-0,OR1D2,OR1D2_P_1,all_pose,pose_0082,pose_0082,SUCCESS,0,PLIP XML generated
18127-01-0,OR1D2,OR1D2_P_1,all_pose,pose_0083,pose_0083,SUCCESS,0,PLIP XML generated
18127-01-0,OR1D2,OR1D2_P_1,all_pose,pose_0084,pose_0084,SUCCESS,0,PLIP XML generated
18127-01-0,OR1D2,OR1D2_P_1,all_pose,pose_0085,pose_0085,SUCCESS,0,PLIP XML generated
18127-01-0,OR1D2,OR1D2_P_1,all_pose,pose_0086,pose_0086,SUCCESS,0,PLIP XML generated
18127-01-0,OR1D2,OR1D2_P_1,all_pose,pose_0087,pose_0087,SUCCESS,0,PLIP XML generated
18127-01-0,OR1D2,OR1D2_P_1,all_pose,pose_0088,pose_0088,SUCCESS,0,PLIP XML generated
18127-01-0,OR1D2,OR1D2_P_1,all_pose,pose_0089,pose_0089,SUCCESS,0,PLIP XML generated
18127-01-0,OR1D2,OR1D2_P_1,all_pose,pose_0090,pose_0090,SUCCESS,0,PLIP XML generated
18127-01-0,OR1D2,OR1D2_P_1,all_pose,pose_0091,pose_0091,SUCCESS,0,PLIP XML generated
18127-01-0,OR1D2,OR1D2_P_1,all_pose,pose_0092,pose_0092,SUCCESS,0,PLIP XML generated
18127-01-0,OR1D2,OR1D2_P_1,all_pose,pose_0093,pose_0093,SUCCESS,0,PLIP XML generated
18127-01-0,OR1D2,OR1D2_P_1,all_pose,pose_0094,pose_0094,SUCCESS,0,PLIP XML generated
18127-01-0,OR1D2,OR1D2_P_1,all_pose,pose_0095,pose_0095,SUCCESS,0,PLIP XML generated
18127-01-0,OR1D2,OR1D2_P_1,all_pose,pose_0096,pose_0096,SUCCESS,0,PLIP XML generated
18127-01-0,OR1D2,OR1D2_P_1,all_pose,pose_0097,pose_0097,SUCCESS,0,PLIP XML generated
18127-01-0,OR1D2,OR1D2_P_1,all_pose,pose_0098,pose_0098,SUCCESS,0,PLIP XML generated
18127-01-0,OR1D2,OR1D2_P_1,all_pose,pose_0099,pose_0099,SUCCESS,0,PLIP XML generated
18127-01-0,OR1D2,OR1D2_P_1,all_pose,pose_0100,pose_0100,SUCCESS,0,PLIP XML generated
18127-01-0,OR1D2,OR1D2_P_1,representative,cluster_002_medoid,pose_0054,SUCCESS,0,PLIP XML generated
18127-01-0,OR1D2,OR1D2_P_1,representative,cluster_003_medoid,pose_0073,SUCCESS,0,PLIP XML generated
18127-01-0,OR1D2,OR1D2_P_1,representative,dominant_cluster_medoid,pose_0055,SUCCESS,0,PLIP XML generated
18127-01-0,OR1D2,OR1D2_P_1,representative,global_lowest_energy,pose_0004,SUCCESS,0,PLIP XML generated
18127-01-0,OR1D2,OR1D2_P_2,all_pose,pose_0001,pose_0001,SUCCESS,0,PLIP XML generated
18127-01-0,OR1D2,OR1D2_P_2,all_pose,pose_0002,pose_0002,SUCCESS,0,PLIP XML generated
18127-01-0,OR1D2,OR1D2_P_2,all_pose,pose_0003,pose_0003,SUCCESS,0,PLIP XML generated
18127-01-0,OR1D2,OR1D2_P_2,all_pose,pose_0004,pose_0004,SUCCESS,0,PLIP XML generated
18127-01-0,OR1D2,OR1D2_P_2,all_pose,pose_0005,pose_0005,SUCCESS,0,PLIP XML generated
18127-01-0,OR1D2,OR1D2_P_2,all_pose,pose_0006,pose_0006,SUCCESS,0,PLIP XML generated
18127-01-0,OR1D2,OR1D2_P_2,all_pose,pose_0007,pose_0007,SUCCESS,0,PLIP XML generated
18127-01-0,OR1D2,OR1D2_P_2,all_pose,pose_0008,pose_0008,SUCCESS,0,PLIP XML generated
18127-01-0,OR1D2,OR1D2_P_2,all_pose,pose_0009,pose_0009,SUCCESS,0,PLIP XML generated
18127-01-0,OR1D2,OR1D2_P_2,all_pose,pose_0010,pose_0010,SUCCESS,0,PLIP XML generated
18127-01-0,OR1D2,OR1D2_P_2,all_pose,pose_0011,pose_0011,SUCCESS,0,PLIP XML generated
18127-01-0,OR1D2,OR1D2_P_2,all_pose,pose_0012,pose_0012,SUCCESS,0,PLIP XML generated
18127-01-0,OR1D2,OR1D2_P_2,all_pose,pose_0013,pose_0013,SUCCESS,0,PLIP XML generated
18127-01-0,OR1D2,OR1D2_P_2,all_pose,pose_0014,pose_0014,SUCCESS,0,PLIP XML generated
18127-01-0,OR1D2,OR1D2_P_2,all_pose,pose_0015,pose_0015,SUCCESS,0,PLIP XML generated
18127-01-0,OR1D2,OR1D2_P_2,all_pose,pose_0016,pose_0016,SUCCESS,0,PLIP XML generated
18127-01-0,OR1D2,OR1D2_P_2,all_pose,pose_0017,pose_0017,SUCCESS,0,PLIP XML generated
18127-01-0,OR1D2,OR1D2_P_2,all_pose,pose_0018,pose_0018,SUCCESS,0,PLIP XML generated
18127-01-0,OR1D2,OR1D2_P_2,all_pose,pose_0019,pose_0019,SUCCESS,0,PLIP XML generated
18127-01-0,OR1D2,OR1D2_P_2,all_pose,pose_0020,pose_0020,SUCCESS,0,PLIP XML generated
18127-01-0,OR1D2,OR1D2_P_2,all_pose,pose_0021,pose_0021,SUCCESS,0,PLIP XML generated
18127-01-0,OR1D2,OR1D2_P_2,all_pose,pose_0022,pose_0022,SUCCESS,0,PLIP XML generated
18127-01-0,OR1D2,OR1D2_P_2,all_pose,pose_0023,pose_0023,SUCCESS,0,PLIP XML generated
18127-01-0,OR1D2,OR1D2_P_2,all_pose,pose_0024,pose_0024,SUCCESS,0,PLIP XML generated
18127-01-0,OR1D2,OR1D2_P_2,all_pose,pose_0025,pose_0025,SUCCESS,0,PLIP XML generated
18127-01-0,OR1D2,OR1D2_P_2,all_pose,pose_0026,pose_0026,SUCCESS,0,PLIP XML generated
18127-01-0,OR1D2,OR1D2_P_2,all_pose,pose_0027,pose_0027,SUCCESS,0,PLIP XML generated
18127-01-0,OR1D2,OR1D2_P_2,all_pose,pose_0028,pose_0028,SUCCESS,0,PLIP XML generated
18127-01-0,OR1D2,OR1D2_P_2,all_pose,pose_0029,pose_0029,SUCCESS,0,PLIP XML generated
18127-01-0,OR1D2,OR1D2_P_2,all_pose,pose_0030,pose_0030,SUCCESS,0,PLIP XML generated
18127-01-0,OR1D2,OR1D2_P_2,all_pose,pose_0031,pose_0031,SUCCESS,0,PLIP XML generated
18127-01-0,OR1D2,OR1D2_P_2,all_pose,pose_0032,pose_0032,SUCCESS,0,PLIP XML generated
18127-01-0,OR1D2,OR1D2_P_2,all_pose,pose_0033,pose_0033,SUCCESS,0,PLIP XML generated
18127-01-0,OR1D2,OR1D2_P_2,all_pose,pose_0034,pose_0034,SUCCESS,0,PLIP XML generated
18127-01-0,OR1D2,OR1D2_P_2,all_pose,pose_0035,pose_0035,SUCCESS,0,PLIP XML generated
18127-01-0,OR1D2,OR1D2_P_2,all_pose,pose_0036,pose_0036,SUCCESS,0,PLIP XML generated
18127-01-0,OR1D2,OR1D2_P_2,all_pose,pose_0037,pose_0037,SUCCESS,0,PLIP XML generated
18127-01-0,OR1D2,OR1D2_P_2,all_pose,pose_0038,pose_0038,SUCCESS,0,PLIP XML generated
18127-01-0,OR1D2,OR1D2_P_2,all_pose,pose_0039,pose_0039,SUCCESS,0,PLIP XML generated
18127-01-0,OR1D2,OR1D2_P_2,all_pose,pose_0040,pose_0040,SUCCESS,0,PLIP XML generated
18127-01-0,OR1D2,OR1D2_P_2,all_pose,pose_0041,pose_0041,SUCCESS,0,PLIP XML generated
18127-01-0,OR1D2,OR1D2_P_2,all_pose,pose_0042,pose_0042,SUCCESS,0,PLIP XML generated
18127-01-0,OR1D2,OR1D2_P_2,all_pose,pose_0043,pose_0043,SUCCESS,0,PLIP XML generated
18127-01-0,OR1D2,OR1D2_P_2,all_pose,pose_0044,pose_0044,SUCCESS,0,PLIP XML generated
18127-01-0,OR1D2,OR1D2_P_2,all_pose,pose_0045,pose_0045,SUCCESS,0,PLIP XML generated
18127-01-0,OR1D2,OR1D2_P_2,all_pose,pose_0046,pose_0046,SUCCESS,0,PLIP XML generated
18127-01-0,OR1D2,OR1D2_P_2,all_pose,pose_0047,pose_0047,SUCCESS,0,PLIP XML generated
18127-01-0,OR1D2,OR1D2_P_2,all_pose,pose_0048,pose_0048,SUCCESS,0,PLIP XML generated
18127-01-0,OR1D2,OR1D2_P_2,all_pose,pose_0049,pose_0049,SUCCESS,0,PLIP XML generated
18127-01-0,OR1D2,OR1D2_P_2,all_pose,pose_0050,pose_0050,SUCCESS,0,PLIP XML generated
18127-01-0,OR1D2,OR1D2_P_2,all_pose,pose_0051,pose_0051,SUCCESS,0,PLIP XML generated
18127-01-0,OR1D2,OR1D2_P_2,all_pose,pose_0052,pose_0052,SUCCESS,0,PLIP XML generated
18127-01-0,OR1D2,OR1D2_P_2,all_pose,pose_0053,pose_0053,SUCCESS,0,PLIP XML generated
18127-01-0,OR1D2,OR1D2_P_2,all_pose,pose_0054,pose_0054,SUCCESS,0,PLIP XML generated
18127-01-0,OR1D2,OR1D2_P_2,all_pose,pose_0055,pose_0055,SUCCESS,0,PLIP XML generated
18127-01-0,OR1D2,OR1D2_P_2,all_pose,pose_0056,pose_0056,SUCCESS,0,PLIP XML generated
18127-01-0,OR1D2,OR1D2_P_2,all_pose,pose_0057,pose_0057,SUCCESS,0,PLIP XML generated
18127-01-0,OR1D2,OR1D2_P_2,all_pose,pose_0058,pose_0058,SUCCESS,0,PLIP XML generated
18127-01-0,OR1D2,OR1D2_P_2,all_pose,pose_0059,pose_0059,SUCCESS,0,PLIP XML generated
18127-01-0,OR1D2,OR1D2_P_2,all_pose,pose_0060,pose_0060,SUCCESS,0,PLIP XML generated
18127-01-0,OR1D2,OR1D2_P_2,all_pose,pose_0061,pose_0061,SUCCESS,0,PLIP XML generated
18127-01-0,OR1D2,OR1D2_P_2,all_pose,pose_0062,pose_0062,SUCCESS,0,PLIP XML generated
18127-01-0,OR1D2,OR1D2_P_2,all_pose,pose_0063,pose_0063,SUCCESS,0,PLIP XML generated
18127-01-0,OR1D2,OR1D2_P_2,all_pose,pose_0064,pose_0064,SUCCESS,0,PLIP XML generated
18127-01-0,OR1D2,OR1D2_P_2,all_pose,pose_0065,pose_0065,SUCCESS,0,PLIP XML generated
18127-01-0,OR1D2,OR1D2_P_2,all_pose,pose_0066,pose_0066,SUCCESS,0,PLIP XML generated
18127-01-0,OR1D2,OR1D2_P_2,all_pose,pose_0067,pose_0067,SUCCESS,0,PLIP XML generated
18127-01-0,OR1D2,OR1D2_P_2,all_pose,pose_0068,pose_0068,SUCCESS,0,PLIP XML generated
18127-01-0,OR1D2,OR1D2_P_2,all_pose,pose_0069,pose_0069,SUCCESS,0,PLIP XML generated
18127-01-0,OR1D2,OR1D2_P_2,all_pose,pose_0070,pose_0070,SUCCESS,0,PLIP XML generated
18127-01-0,OR1D2,OR1D2_P_2,all_pose,pose_0071,pose_0071,SUCCESS,0,PLIP XML generated
18127-01-0,OR1D2,OR1D2_P_2,all_pose,pose_0072,pose_0072,SUCCESS,0,PLIP XML generated
18127-01-0,OR1D2,OR1D2_P_2,all_pose,pose_0073,pose_0073,SUCCESS,0,PLIP XML generated
18127-01-0,OR1D2,OR1D2_P_2,all_pose,pose_0074,pose_0074,SUCCESS,0,PLIP XML generated
18127-01-0,OR1D2,OR1D2_P_2,all_pose,pose_0075,pose_0075,SUCCESS,0,PLIP XML generated
18127-01-0,OR1D2,OR1D2_P_2,all_pose,pose_0076,pose_0076,SUCCESS,0,PLIP XML generated
18127-01-0,OR1D2,OR1D2_P_2,all_pose,pose_0077,pose_0077,SUCCESS,0,PLIP XML generated
18127-01-0,OR1D2,OR1D2_P_2,all_pose,pose_0078,pose_0078,SUCCESS,0,PLIP XML generated
18127-01-0,OR1D2,OR1D2_P_2,all_pose,pose_0079,pose_0079,SUCCESS,0,PLIP XML generated
18127-01-0,OR1D2,OR1D2_P_2,all_pose,pose_0080,pose_0080,SUCCESS,0,PLIP XML generated
18127-01-0,OR1D2,OR1D2_P_2,all_pose,pose_0081,pose_0081,SUCCESS,0,PLIP XML generated
18127-01-0,OR1D2,OR1D2_P_2,all_pose,pose_0082,pose_0082,SUCCESS,0,PLIP XML generated
18127-01-0,OR1D2,OR1D2_P_2,all_pose,pose_0083,pose_0083,SUCCESS,0,PLIP XML generated
18127-01-0,OR1D2,OR1D2_P_2,all_pose,pose_0084,pose_0084,SUCCESS,0,PLIP XML generated
18127-01-0,OR1D2,OR1D2_P_2,all_pose,pose_0085,pose_0085,SUCCESS,0,PLIP XML generated
18127-01-0,OR1D2,OR1D2_P_2,all_pose,pose_0086,pose_0086,SUCCESS,0,PLIP XML generated
18127-01-0,OR1D2,OR1D2_P_2,all_pose,pose_0087,pose_0087,SUCCESS,0,PLIP XML generated
18127-01-0,OR1D2,OR1D2_P_2,all_pose,pose_0088,pose_0088,SUCCESS,0,PLIP XML generated
18127-01-0,OR1D2,OR1D2_P_2,all_pose,pose_0089,pose_0089,SUCCESS,0,PLIP XML generated
18127-01-0,OR1D2,OR1D2_P_2,all_pose,pose_0090,pose_0090,SUCCESS,0,PLIP XML generated
18127-01-0,OR1D2,OR1D2_P_2,all_pose,pose_0091,pose_0091,SUCCESS,0,PLIP XML generated
18127-01-0,OR1D2,OR1D2_P_2,all_pose,pose_0092,pose_0092,SUCCESS,0,PLIP XML generated
18127-01-0,OR1D2,OR1D2_P_2,all_pose,pose_0093,pose_0093,SUCCESS,0,PLIP XML generated
18127-01-0,OR1D2,OR1D2_P_2,all_pose,pose_0094,pose_0094,SUCCESS,0,PLIP XML generated
18127-01-0,OR1D2,OR1D2_P_2,all_pose,pose_0095,pose_0095,SUCCESS,0,PLIP XML generated
18127-01-0,OR1D2,OR1D2_P_2,all_pose,pose_0096,pose_0096,SUCCESS,0,PLIP XML generated
18127-01-0,OR1D2,OR1D2_P_2,all_pose,pose_0097,pose_0097,SUCCESS,0,PLIP XML generated
18127-01-0,OR1D2,OR1D2_P_2,all_pose,pose_0098,pose_0098,SUCCESS,0,PLIP XML generated
18127-01-0,OR1D2,OR1D2_P_2,all_pose,pose_0099,pose_0099,SUCCESS,0,PLIP XML generated
18127-01-0,OR1D2,OR1D2_P_2,all_pose,pose_0100,pose_0100,SUCCESS,0,PLIP XML generated
18127-01-0,OR1D2,OR1D2_P_2,representative,cluster_002_medoid,pose_0007,SUCCESS,0,PLIP XML generated
18127-01-0,OR1D2,OR1D2_P_2,representative,cluster_003_medoid,pose_0077,SUCCESS,0,PLIP XML generated
18127-01-0,OR1D2,OR1D2_P_2,representative,dominant_cluster_medoid,pose_0029,SUCCESS,0,PLIP XML generated
18127-01-0,OR1D2,OR1D2_P_2,representative,global_lowest_energy,pose_0069,SUCCESS,0,PLIP XML generated
18127-01-0,OR1D2,OR1D2_P_3,all_pose,pose_0001,pose_0001,SUCCESS,0,PLIP XML generated
18127-01-0,OR1D2,OR1D2_P_3,all_pose,pose_0002,pose_0002,SUCCESS,0,PLIP XML generated
18127-01-0,OR1D2,OR1D2_P_3,all_pose,pose_0003,pose_0003,SUCCESS,0,PLIP XML generated
18127-01-0,OR1D2,OR1D2_P_3,all_pose,pose_0004,pose_0004,SUCCESS,0,PLIP XML generated
18127-01-0,OR1D2,OR1D2_P_3,all_pose,pose_0005,pose_0005,SUCCESS,0,PLIP XML generated
18127-01-0,OR1D2,OR1D2_P_3,all_pose,pose_0006,pose_0006,SUCCESS,0,PLIP XML generated
18127-01-0,OR1D2,OR1D2_P_3,all_pose,pose_0007,pose_0007,SUCCESS,0,PLIP XML generated
18127-01-0,OR1D2,OR1D2_P_3,all_pose,pose_0008,pose_0008,SUCCESS,0,PLIP XML generated
18127-01-0,OR1D2,OR1D2_P_3,all_pose,pose_0009,pose_0009,SUCCESS,0,PLIP XML generated
18127-01-0,OR1D2,OR1D2_P_3,all_pose,pose_0010,pose_0010,SUCCESS,0,PLIP XML generated
18127-01-0,OR1D2,OR1D2_P_3,all_pose,pose_0011,pose_0011,SUCCESS,0,PLIP XML generated
18127-01-0,OR1D2,OR1D2_P_3,all_pose,pose_0012,pose_0012,SUCCESS,0,PLIP XML generated
18127-01-0,OR1D2,OR1D2_P_3,all_pose,pose_0013,pose_0013,SUCCESS,0,PLIP XML generated
18127-01-0,OR1D2,OR1D2_P_3,all_pose,pose_0014,pose_0014,SUCCESS,0,PLIP XML generated
18127-01-0,OR1D2,OR1D2_P_3,all_pose,pose_0015,pose_0015,SUCCESS,0,PLIP XML generated
18127-01-0,OR1D2,OR1D2_P_3,all_pose,pose_0016,pose_0016,SUCCESS,0,PLIP XML generated
18127-01-0,OR1D2,OR1D2_P_3,all_pose,pose_0017,pose_0017,SUCCESS,0,PLIP XML generated
18127-01-0,OR1D2,OR1D2_P_3,all_pose,pose_0018,pose_0018,SUCCESS,0,PLIP XML generated
18127-01-0,OR1D2,OR1D2_P_3,all_pose,pose_0019,pose_0019,SUCCESS,0,PLIP XML generated
18127-01-0,OR1D2,OR1D2_P_3,all_pose,pose_0020,pose_0020,SUCCESS,0,PLIP XML generated
18127-01-0,OR1D2,OR1D2_P_3,all_pose,pose_0021,pose_0021,SUCCESS,0,PLIP XML generated
18127-01-0,OR1D2,OR1D2_P_3,all_pose,pose_0022,pose_0022,SUCCESS,0,PLIP XML generated
18127-01-0,OR1D2,OR1D2_P_3,all_pose,pose_0023,pose_0023,SUCCESS,0,PLIP XML generated
18127-01-0,OR1D2,OR1D2_P_3,all_pose,pose_0024,pose_0024,SUCCESS,0,PLIP XML generated
18127-01-0,OR1D2,OR1D2_P_3,all_pose,pose_0025,pose_0025,SUCCESS,0,PLIP XML generated
18127-01-0,OR1D2,OR1D2_P_3,all_pose,pose_0026,pose_0026,SUCCESS,0,PLIP XML generated
18127-01-0,OR1D2,OR1D2_P_3,all_pose,pose_0027,pose_0027,SUCCESS,0,PLIP XML generated
18127-01-0,OR1D2,OR1D2_P_3,all_pose,pose_0028,pose_0028,SUCCESS,0,PLIP XML generated
18127-01-0,OR1D2,OR1D2_P_3,all_pose,pose_0029,pose_0029,SUCCESS,0,PLIP XML generated
18127-01-0,OR1D2,OR1D2_P_3,all_pose,pose_0030,pose_0030,SUCCESS,0,PLIP XML generated
18127-01-0,OR1D2,OR1D2_P_3,all_pose,pose_0031,pose_0031,SUCCESS,0,PLIP XML generated
18127-01-0,OR1D2,OR1D2_P_3,all_pose,pose_0032,pose_0032,SUCCESS,0,PLIP XML generated
18127-01-0,OR1D2,OR1D2_P_3,all_pose,pose_0033,pose_0033,SUCCESS,0,PLIP XML generated
18127-01-0,OR1D2,OR1D2_P_3,all_pose,pose_0034,pose_0034,SUCCESS,0,PLIP XML generated
18127-01-0,OR1D2,OR1D2_P_3,all_pose,pose_0035,pose_0035,SUCCESS,0,PLIP XML generated
18127-01-0,OR1D2,OR1D2_P_3,all_pose,pose_0036,pose_0036,SUCCESS,0,PLIP XML generated
18127-01-0,OR1D2,OR1D2_P_3,all_pose,pose_0037,pose_0037,SUCCESS,0,PLIP XML generated
18127-01-0,OR1D2,OR1D2_P_3,all_pose,pose_0038,pose_0038,SUCCESS,0,PLIP XML generated
18127-01-0,OR1D2,OR1D2_P_3,all_pose,pose_0039,pose_0039,SUCCESS,0,PLIP XML generated
18127-01-0,OR1D2,OR1D2_P_3,all_pose,pose_0040,pose_0040,SUCCESS,0,PLIP XML generated
18127-01-0,OR1D2,OR1D2_P_3,all_pose,pose_0041,pose_0041,SUCCESS,0,PLIP XML generated
18127-01-0,OR1D2,OR1D2_P_3,all_pose,pose_0042,pose_0042,SUCCESS,0,PLIP XML generated
18127-01-0,OR1D2,OR1D2_P_3,all_pose,pose_0043,pose_0043,SUCCESS,0,PLIP XML generated
18127-01-0,OR1D2,OR1D2_P_3,all_pose,pose_0044,pose_0044,SUCCESS,0,PLIP XML generated
18127-01-0,OR1D2,OR1D2_P_3,all_pose,pose_0045,pose_0045,SUCCESS,0,PLIP XML generated
18127-01-0,OR1D2,OR1D2_P_3,all_pose,pose_0046,pose_0046,SUCCESS,0,PLIP XML generated
18127-01-0,OR1D2,OR1D2_P_3,all_pose,pose_0047,pose_0047,SUCCESS,0,PLIP XML generated
18127-01-0,OR1D2,OR1D2_P_3,all_pose,pose_0048,pose_0048,SUCCESS,0,PLIP XML generated
18127-01-0,OR1D2,OR1D2_P_3,all_pose,pose_0049,pose_0049,SUCCESS,0,PLIP XML generated
18127-01-0,OR1D2,OR1D2_P_3,all_pose,pose_0050,pose_0050,SUCCESS,0,PLIP XML generated
18127-01-0,OR1D2,OR1D2_P_3,all_pose,pose_0051,pose_0051,SUCCESS,0,PLIP XML generated
18127-01-0,OR1D2,OR1D2_P_3,all_pose,pose_0052,pose_0052,SUCCESS,0,PLIP XML generated
18127-01-0,OR1D2,OR1D2_P_3,all_pose,pose_0053,pose_0053,SUCCESS,0,PLIP XML generated
18127-01-0,OR1D2,OR1D2_P_3,all_pose,pose_0054,pose_0054,SUCCESS,0,PLIP XML generated
18127-01-0,OR1D2,OR1D2_P_3,all_pose,pose_0055,pose_0055,SUCCESS,0,PLIP XML generated
18127-01-0,OR1D2,OR1D2_P_3,all_pose,pose_0056,pose_0056,SUCCESS,0,PLIP XML generated
18127-01-0,OR1D2,OR1D2_P_3,all_pose,pose_0057,pose_0057,SUCCESS,0,PLIP XML generated
18127-01-0,OR1D2,OR1D2_P_3,all_pose,pose_0058,pose_0058,SUCCESS,0,PLIP XML generated
18127-01-0,OR1D2,OR1D2_P_3,all_pose,pose_0059,pose_0059,SUCCESS,0,PLIP XML generated
18127-01-0,OR1D2,OR1D2_P_3,all_pose,pose_0060,pose_0060,SUCCESS,0,PLIP XML generated
18127-01-0,OR1D2,OR1D2_P_3,all_pose,pose_0061,pose_0061,SUCCESS,0,PLIP XML generated
18127-01-0,OR1D2,OR1D2_P_3,all_pose,pose_0062,pose_0062,SUCCESS,0,PLIP XML generated
18127-01-0,OR1D2,OR1D2_P_3,all_pose,pose_0063,pose_0063,SUCCESS,0,PLIP XML generated
18127-01-0,OR1D2,OR1D2_P_3,all_pose,pose_0064,pose_0064,SUCCESS,0,PLIP XML generated
18127-01-0,OR1D2,OR1D2_P_3,all_pose,pose_0065,pose_0065,SUCCESS,0,PLIP XML generated
18127-01-0,OR1D2,OR1D2_P_3,all_pose,pose_0066,pose_0066,SUCCESS,0,PLIP XML generated
18127-01-0,OR1D2,OR1D2_P_3,all_pose,pose_0067,pose_0067,SUCCESS,0,PLIP XML generated
18127-01-0,OR1D2,OR1D2_P_3,all_pose,pose_0068,pose_0068,SUCCESS,0,PLIP XML generated
18127-01-0,OR1D2,OR1D2_P_3,all_pose,pose_0069,pose_0069,SUCCESS,0,PLIP XML generated
18127-01-0,OR1D2,OR1D2_P_3,all_pose,pose_0070,pose_0070,SUCCESS,0,PLIP XML generated
18127-01-0,OR1D2,OR1D2_P_3,all_pose,pose_0071,pose_0071,SUCCESS,0,PLIP XML generated
18127-01-0,OR1D2,OR1D2_P_3,all_pose,pose_0072,pose_0072,SUCCESS,0,PLIP XML generated
18127-01-0,OR1D2,OR1D2_P_3,all_pose,pose_0073,pose_0073,SUCCESS,0,PLIP XML generated
18127-01-0,OR1D2,OR1D2_P_3,all_pose,pose_0074,pose_0074,SUCCESS,0,PLIP XML generated
18127-01-0,OR1D2,OR1D2_P_3,all_pose,pose_0075,pose_0075,SUCCESS,0,PLIP XML generated
18127-01-0,OR1D2,OR1D2_P_3,all_pose,pose_0076,pose_0076,SUCCESS,0,PLIP XML generated
18127-01-0,OR1D2,OR1D2_P_3,all_pose,pose_0077,pose_0077,SUCCESS,0,PLIP XML generated
18127-01-0,OR1D2,OR1D2_P_3,all_pose,pose_0078,pose_0078,SUCCESS,0,PLIP XML generated
18127-01-0,OR1D2,OR1D2_P_3,all_pose,pose_0079,pose_0079,SUCCESS,0,PLIP XML generated
18127-01-0,OR1D2,OR1D2_P_3,all_pose,pose_0080,pose_0080,SUCCESS,0,PLIP XML generated
18127-01-0,OR1D2,OR1D2_P_3,all_pose,pose_0081,pose_0081,SUCCESS,0,PLIP XML generated
18127-01-0,OR1D2,OR1D2_P_3,all_pose,pose_0082,pose_0082,SUCCESS,0,PLIP XML generated
18127-01-0,OR1D2,OR1D2_P_3,all_pose,pose_0083,pose_0083,SUCCESS,0,PLIP XML generated
18127-01-0,OR1D2,OR1D2_P_3,all_pose,pose_0084,pose_0084,SUCCESS,0,PLIP XML generated
18127-01-0,OR1D2,OR1D2_P_3,all_pose,pose_0085,pose_0085,SUCCESS,0,PLIP XML generated
18127-01-0,OR1D2,OR1D2_P_3,all_pose,pose_0086,pose_0086,SUCCESS,0,PLIP XML generated
18127-01-0,OR1D2,OR1D2_P_3,all_pose,pose_0087,pose_0087,SUCCESS,0,PLIP XML generated
18127-01-0,OR1D2,OR1D2_P_3,all_pose,pose_0088,pose_0088,SUCCESS,0,PLIP XML generated
18127-01-0,OR1D2,OR1D2_P_3,all_pose,pose_0089,pose_0089,SUCCESS,0,PLIP XML generated
18127-01-0,OR1D2,OR1D2_P_3,all_pose,pose_0090,pose_0090,SUCCESS,0,PLIP XML generated
18127-01-0,OR1D2,OR1D2_P_3,all_pose,pose_0091,pose_0091,SUCCESS,0,PLIP XML generated
18127-01-0,OR1D2,OR1D2_P_3,all_pose,pose_0092,pose_0092,SUCCESS,0,PLIP XML generated
18127-01-0,OR1D2,OR1D2_P_3,all_pose,pose_0093,pose_0093,SUCCESS,0,PLIP XML generated
18127-01-0,OR1D2,OR1D2_P_3,all_pose,pose_0094,pose_0094,SUCCESS,0,PLIP XML generated
18127-01-0,OR1D2,OR1D2_P_3,all_pose,pose_0095,pose_0095,SUCCESS,0,PLIP XML generated
18127-01-0,OR1D2,OR1D2_P_3,all_pose,pose_0096,pose_0096,SUCCESS,0,PLIP XML generated
18127-01-0,OR1D2,OR1D2_P_3,all_pose,pose_0097,pose_0097,SUCCESS,0,PLIP XML generated
18127-01-0,OR1D2,OR1D2_P_3,all_pose,pose_0098,pose_0098,SUCCESS,0,PLIP XML generated
18127-01-0,OR1D2,OR1D2_P_3,all_pose,pose_0099,pose_0099,SUCCESS,0,PLIP XML generated
18127-01-0,OR1D2,OR1D2_P_3,all_pose,pose_0100,pose_0100,SUCCESS,0,PLIP XML generated
18127-01-0,OR1D2,OR1D2_P_3,representative,cluster_002_medoid,pose_0046,SUCCESS,0,PLIP XML generated
18127-01-0,OR1D2,OR1D2_P_3,representative,cluster_003_medoid,pose_0036,SUCCESS,0,PLIP XML generated
18127-01-0,OR1D2,OR1D2_P_3,representative,dominant_cluster_medoid,pose_0012,SUCCESS,0,PLIP XML generated
18127-01-0,OR1D2,OR1D2_P_3,representative,global_lowest_energy,pose_0058,SUCCESS,0,PLIP XML generated
20602-31-7,OR2W1,OR2W1_P_0,all_pose,pose_0001,pose_0001,SUCCESS,0,PLIP XML generated
20602-31-7,OR2W1,OR2W1_P_0,all_pose,pose_0002,pose_0002,SUCCESS,0,PLIP XML generated
20602-31-7,OR2W1,OR2W1_P_0,all_pose,pose_0003,pose_0003,SUCCESS,0,PLIP XML generated
20602-31-7,OR2W1,OR2W1_P_0,all_pose,pose_0004,pose_0004,SUCCESS,0,PLIP XML generated
20602-31-7,OR2W1,OR2W1_P_0,all_pose,pose_0005,pose_0005,SUCCESS,0,PLIP XML generated
20602-31-7,OR2W1,OR2W1_P_0,all_pose,pose_0006,pose_0006,SUCCESS,0,PLIP XML generated
20602-31-7,OR2W1,OR2W1_P_0,all_pose,pose_0007,pose_0007,SUCCESS,0,PLIP XML generated
20602-31-7,OR2W1,OR2W1_P_0,all_pose,pose_0008,pose_0008,SUCCESS,0,PLIP XML generated
20602-31-7,OR2W1,OR2W1_P_0,all_pose,pose_0009,pose_0009,SUCCESS,0,PLIP XML generated
20602-31-7,OR2W1,OR2W1_P_0,all_pose,pose_0010,pose_0010,SUCCESS,0,PLIP XML generated
20602-31-7,OR2W1,OR2W1_P_0,all_pose,pose_0011,pose_0011,SUCCESS,0,PLIP XML generated
20602-31-7,OR2W1,OR2W1_P_0,all_pose,pose_0012,pose_0012,SUCCESS,0,PLIP XML generated
20602-31-7,OR2W1,OR2W1_P_0,all_pose,pose_0013,pose_0013,SUCCESS,0,PLIP XML generated
20602-31-7,OR2W1,OR2W1_P_0,all_pose,pose_0014,pose_0014,SUCCESS,0,PLIP XML generated
20602-31-7,OR2W1,OR2W1_P_0,all_pose,pose_0015,pose_0015,SUCCESS,0,PLIP XML generated
20602-31-7,OR2W1,OR2W1_P_0,all_pose,pose_0016,pose_0016,SUCCESS,0,PLIP XML generated
20602-31-7,OR2W1,OR2W1_P_0,all_pose,pose_0017,pose_0017,SUCCESS,0,PLIP XML generated
20602-31-7,OR2W1,OR2W1_P_0,all_pose,pose_0018,pose_0018,SUCCESS,0,PLIP XML generated
20602-31-7,OR2W1,OR2W1_P_0,all_pose,pose_0019,pose_0019,SUCCESS,0,PLIP XML generated
20602-31-7,OR2W1,OR2W1_P_0,all_pose,pose_0020,pose_0020,SUCCESS,0,PLIP XML generated
20602-31-7,OR2W1,OR2W1_P_0,all_pose,pose_0021,pose_0021,SUCCESS,0,PLIP XML generated
20602-31-7,OR2W1,OR2W1_P_0,all_pose,pose_0022,pose_0022,SUCCESS,0,PLIP XML generated
20602-31-7,OR2W1,OR2W1_P_0,all_pose,pose_0023,pose_0023,SUCCESS,0,PLIP XML generated
20602-31-7,OR2W1,OR2W1_P_0,all_pose,pose_0024,pose_0024,SUCCESS,0,PLIP XML generated
20602-31-7,OR2W1,OR2W1_P_0,all_pose,pose_0025,pose_0025,SUCCESS,0,PLIP XML generated
20602-31-7,OR2W1,OR2W1_P_0,all_pose,pose_0026,pose_0026,SUCCESS,0,PLIP XML generated
20602-31-7,OR2W1,OR2W1_P_0,all_pose,pose_0027,pose_0027,SUCCESS,0,PLIP XML generated
20602-31-7,OR2W1,OR2W1_P_0,all_pose,pose_0028,pose_0028,SUCCESS,0,PLIP XML generated
20602-31-7,OR2W1,OR2W1_P_0,all_pose,pose_0029,pose_0029,SUCCESS,0,PLIP XML generated
20602-31-7,OR2W1,OR2W1_P_0,all_pose,pose_0030,pose_0030,SUCCESS,0,PLIP XML generated
20602-31-7,OR2W1,OR2W1_P_0,all_pose,pose_0031,pose_0031,SUCCESS,0,PLIP XML generated
20602-31-7,OR2W1,OR2W1_P_0,all_pose,pose_0032,pose_0032,SUCCESS,0,PLIP XML generated
20602-31-7,OR2W1,OR2W1_P_0,all_pose,pose_0033,pose_0033,SUCCESS,0,PLIP XML generated
20602-31-7,OR2W1,OR2W1_P_0,all_pose,pose_0034,pose_0034,SUCCESS,0,PLIP XML generated
20602-31-7,OR2W1,OR2W1_P_0,all_pose,pose_0035,pose_0035,SUCCESS,0,PLIP XML generated
20602-31-7,OR2W1,OR2W1_P_0,all_pose,pose_0036,pose_0036,SUCCESS,0,PLIP XML generated
20602-31-7,OR2W1,OR2W1_P_0,all_pose,pose_0037,pose_0037,SUCCESS,0,PLIP XML generated
20602-31-7,OR2W1,OR2W1_P_0,all_pose,pose_0038,pose_0038,SUCCESS,0,PLIP XML generated
20602-31-7,OR2W1,OR2W1_P_0,all_pose,pose_0039,pose_0039,SUCCESS,0,PLIP XML generated
20602-31-7,OR2W1,OR2W1_P_0,all_pose,pose_0040,pose_0040,SUCCESS,0,PLIP XML generated
20602-31-7,OR2W1,OR2W1_P_0,all_pose,pose_0041,pose_0041,SUCCESS,0,PLIP XML generated
20602-31-7,OR2W1,OR2W1_P_0,all_pose,pose_0042,pose_0042,SUCCESS,0,PLIP XML generated
20602-31-7,OR2W1,OR2W1_P_0,all_pose,pose_0043,pose_0043,SUCCESS,0,PLIP XML generated
20602-31-7,OR2W1,OR2W1_P_0,all_pose,pose_0044,pose_0044,SUCCESS,0,PLIP XML generated
20602-31-7,OR2W1,OR2W1_P_0,all_pose,pose_0045,pose_0045,SUCCESS,0,PLIP XML generated
20602-31-7,OR2W1,OR2W1_P_0,all_pose,pose_0046,pose_0046,SUCCESS,0,PLIP XML generated
20602-31-7,OR2W1,OR2W1_P_0,all_pose,pose_0047,pose_0047,SUCCESS,0,PLIP XML generated
20602-31-7,OR2W1,OR2W1_P_0,all_pose,pose_0048,pose_0048,SUCCESS,0,PLIP XML generated
20602-31-7,OR2W1,OR2W1_P_0,all_pose,pose_0049,pose_0049,SUCCESS,0,PLIP XML generated
20602-31-7,OR2W1,OR2W1_P_0,all_pose,pose_0050,pose_0050,SUCCESS,0,PLIP XML generated
20602-31-7,OR2W1,OR2W1_P_0,all_pose,pose_0051,pose_0051,SUCCESS,0,PLIP XML generated
20602-31-7,OR2W1,OR2W1_P_0,all_pose,pose_0052,pose_0052,SUCCESS,0,PLIP XML generated
20602-31-7,OR2W1,OR2W1_P_0,all_pose,pose_0053,pose_0053,SUCCESS,0,PLIP XML generated
20602-31-7,OR2W1,OR2W1_P_0,all_pose,pose_0054,pose_0054,SUCCESS,0,PLIP XML generated
20602-31-7,OR2W1,OR2W1_P_0,all_pose,pose_0055,pose_0055,SUCCESS,0,PLIP XML generated
20602-31-7,OR2W1,OR2W1_P_0,all_pose,pose_0056,pose_0056,SUCCESS,0,PLIP XML generated
20602-31-7,OR2W1,OR2W1_P_0,all_pose,pose_0057,pose_0057,SUCCESS,0,PLIP XML generated
20602-31-7,OR2W1,OR2W1_P_0,all_pose,pose_0058,pose_0058,SUCCESS,0,PLIP XML generated
20602-31-7,OR2W1,OR2W1_P_0,all_pose,pose_0059,pose_0059,SUCCESS,0,PLIP XML generated
20602-31-7,OR2W1,OR2W1_P_0,all_pose,pose_0060,pose_0060,SUCCESS,0,PLIP XML generated
20602-31-7,OR2W1,OR2W1_P_0,all_pose,pose_0061,pose_0061,SUCCESS,0,PLIP XML generated
20602-31-7,OR2W1,OR2W1_P_0,all_pose,pose_0062,pose_0062,SUCCESS,0,PLIP XML generated
20602-31-7,OR2W1,OR2W1_P_0,all_pose,pose_0063,pose_0063,SUCCESS,0,PLIP XML generated
20602-31-7,OR2W1,OR2W1_P_0,all_pose,pose_0064,pose_0064,SUCCESS,0,PLIP XML generated
20602-31-7,OR2W1,OR2W1_P_0,all_pose,pose_0065,pose_0065,SUCCESS,0,PLIP XML generated
20602-31-7,OR2W1,OR2W1_P_0,all_pose,pose_0066,pose_0066,SUCCESS,0,PLIP XML generated
20602-31-7,OR2W1,OR2W1_P_0,all_pose,pose_0067,pose_0067,SUCCESS,0,PLIP XML generated
20602-31-7,OR2W1,OR2W1_P_0,all_pose,pose_0068,pose_0068,SUCCESS,0,PLIP XML generated
20602-31-7,OR2W1,OR2W1_P_0,all_pose,pose_0069,pose_0069,SUCCESS,0,PLIP XML generated
20602-31-7,OR2W1,OR2W1_P_0,all_pose,pose_0070,pose_0070,SUCCESS,0,PLIP XML generated
20602-31-7,OR2W1,OR2W1_P_0,all_pose,pose_0071,pose_0071,SUCCESS,0,PLIP XML generated
20602-31-7,OR2W1,OR2W1_P_0,all_pose,pose_0072,pose_0072,SUCCESS,0,PLIP XML generated
20602-31-7,OR2W1,OR2W1_P_0,all_pose,pose_0073,pose_0073,SUCCESS,0,PLIP XML generated
20602-31-7,OR2W1,OR2W1_P_0,all_pose,pose_0074,pose_0074,SUCCESS,0,PLIP XML generated
20602-31-7,OR2W1,OR2W1_P_0,all_pose,pose_0075,pose_0075,SUCCESS,0,PLIP XML generated
20602-31-7,OR2W1,OR2W1_P_0,all_pose,pose_0076,pose_0076,SUCCESS,0,PLIP XML generated
20602-31-7,OR2W1,OR2W1_P_0,all_pose,pose_0077,pose_0077,SUCCESS,0,PLIP XML generated
20602-31-7,OR2W1,OR2W1_P_0,all_pose,pose_0078,pose_0078,SUCCESS,0,PLIP XML generated
20602-31-7,OR2W1,OR2W1_P_0,all_pose,pose_0079,pose_0079,SUCCESS,0,PLIP XML generated
20602-31-7,OR2W1,OR2W1_P_0,all_pose,pose_0080,pose_0080,SUCCESS,0,PLIP XML generated
20602-31-7,OR2W1,OR2W1_P_0,all_pose,pose_0081,pose_0081,SUCCESS,0,PLIP XML generated
20602-31-7,OR2W1,OR2W1_P_0,all_pose,pose_0082,pose_0082,SUCCESS,0,PLIP XML generated
20602-31-7,OR2W1,OR2W1_P_0,all_pose,pose_0083,pose_0083,SUCCESS,0,PLIP XML generated
20602-31-7,OR2W1,OR2W1_P_0,all_pose,pose_0084,pose_0084,SUCCESS,0,PLIP XML generated
20602-31-7,OR2W1,OR2W1_P_0,all_pose,pose_0085,pose_0085,SUCCESS,0,PLIP XML generated
20602-31-7,OR2W1,OR2W1_P_0,all_pose,pose_0086,pose_0086,SUCCESS,0,PLIP XML generated
20602-31-7,OR2W1,OR2W1_P_0,all_pose,pose_0087,pose_0087,SUCCESS,0,PLIP XML generated
20602-31-7,OR2W1,OR2W1_P_0,all_pose,pose_0088,pose_0088,SUCCESS,0,PLIP XML generated
20602-31-7,OR2W1,OR2W1_P_0,all_pose,pose_0089,pose_0089,SUCCESS,0,PLIP XML generated
20602-31-7,OR2W1,OR2W1_P_0,all_pose,pose_0090,pose_0090,SUCCESS,0,PLIP XML generated
20602-31-7,OR2W1,OR2W1_P_0,all_pose,pose_0091,pose_0091,SUCCESS,0,PLIP XML generated
20602-31-7,OR2W1,OR2W1_P_0,all_pose,pose_0092,pose_0092,SUCCESS,0,PLIP XML generated
20602-31-7,OR2W1,OR2W1_P_0,all_pose,pose_0093,pose_0093,SUCCESS,0,PLIP XML generated
20602-31-7,OR2W1,OR2W1_P_0,all_pose,pose_0094,pose_0094,SUCCESS,0,PLIP XML generated
20602-31-7,OR2W1,OR2W1_P_0,all_pose,pose_0095,pose_0095,SUCCESS,0,PLIP XML generated
20602-31-7,OR2W1,OR2W1_P_0,all_pose,pose_0096,pose_0096,SUCCESS,0,PLIP XML generated
20602-31-7,OR2W1,OR2W1_P_0,all_pose,pose_0097,pose_0097,SUCCESS,0,PLIP XML generated
20602-31-7,OR2W1,OR2W1_P_0,all_pose,pose_0098,pose_0098,SUCCESS,0,PLIP XML generated
20602-31-7,OR2W1,OR2W1_P_0,all_pose,pose_0099,pose_0099,SUCCESS,0,PLIP XML generated
20602-31-7,OR2W1,OR2W1_P_0,all_pose,pose_0100,pose_0100,SUCCESS,0,PLIP XML generated
20602-31-7,OR2W1,OR2W1_P_0,representative,cluster_002_medoid,pose_0065,SUCCESS,0,PLIP XML generated
20602-31-7,OR2W1,OR2W1_P_0,representative,cluster_003_medoid,pose_0055,SUCCESS,0,PLIP XML generated
20602-31-7,OR2W1,OR2W1_P_0,representative,dominant_cluster_medoid,pose_0086,SUCCESS,0,PLIP XML generated
20602-31-7,OR2W1,OR2W1_P_0,representative,global_lowest_energy,pose_0012,SUCCESS,0,PLIP XML generated
20602-31-7,OR2W1,OR2W1_P_1,all_pose,pose_0001,pose_0001,SUCCESS,0,PLIP XML generated
20602-31-7,OR2W1,OR2W1_P_1,all_pose,pose_0002,pose_0002,SUCCESS,0,PLIP XML generated
20602-31-7,OR2W1,OR2W1_P_1,all_pose,pose_0003,pose_0003,SUCCESS,0,PLIP XML generated
20602-31-7,OR2W1,OR2W1_P_1,all_pose,pose_0004,pose_0004,SUCCESS,0,PLIP XML generated
20602-31-7,OR2W1,OR2W1_P_1,all_pose,pose_0005,pose_0005,SUCCESS,0,PLIP XML generated
20602-31-7,OR2W1,OR2W1_P_1,all_pose,pose_0006,pose_0006,SUCCESS,0,PLIP XML generated
20602-31-7,OR2W1,OR2W1_P_1,all_pose,pose_0007,pose_0007,SUCCESS,0,PLIP XML generated
20602-31-7,OR2W1,OR2W1_P_1,all_pose,pose_0008,pose_0008,SUCCESS,0,PLIP XML generated
20602-31-7,OR2W1,OR2W1_P_1,all_pose,pose_0009,pose_0009,SUCCESS,0,PLIP XML generated
20602-31-7,OR2W1,OR2W1_P_1,all_pose,pose_0010,pose_0010,SUCCESS,0,PLIP XML generated
20602-31-7,OR2W1,OR2W1_P_1,all_pose,pose_0011,pose_0011,SUCCESS,0,PLIP XML generated
20602-31-7,OR2W1,OR2W1_P_1,all_pose,pose_0012,pose_0012,SUCCESS,0,PLIP XML generated
20602-31-7,OR2W1,OR2W1_P_1,all_pose,pose_0013,pose_0013,SUCCESS,0,PLIP XML generated
20602-31-7,OR2W1,OR2W1_P_1,all_pose,pose_0014,pose_0014,SUCCESS,0,PLIP XML generated
20602-31-7,OR2W1,OR2W1_P_1,all_pose,pose_0015,pose_0015,SUCCESS,0,PLIP XML generated
20602-31-7,OR2W1,OR2W1_P_1,all_pose,pose_0016,pose_0016,SUCCESS,0,PLIP XML generated
20602-31-7,OR2W1,OR2W1_P_1,all_pose,pose_0017,pose_0017,SUCCESS,0,PLIP XML generated
20602-31-7,OR2W1,OR2W1_P_1,all_pose,pose_0018,pose_0018,SUCCESS,0,PLIP XML generated
20602-31-7,OR2W1,OR2W1_P_1,all_pose,pose_0019,pose_0019,SUCCESS,0,PLIP XML generated
20602-31-7,OR2W1,OR2W1_P_1,all_pose,pose_0020,pose_0020,SUCCESS,0,PLIP XML generated
20602-31-7,OR2W1,OR2W1_P_1,all_pose,pose_0021,pose_0021,SUCCESS,0,PLIP XML generated
20602-31-7,OR2W1,OR2W1_P_1,all_pose,pose_0022,pose_0022,SUCCESS,0,PLIP XML generated
20602-31-7,OR2W1,OR2W1_P_1,all_pose,pose_0023,pose_0023,SUCCESS,0,PLIP XML generated
20602-31-7,OR2W1,OR2W1_P_1,all_pose,pose_0024,pose_0024,SUCCESS,0,PLIP XML generated
20602-31-7,OR2W1,OR2W1_P_1,all_pose,pose_0025,pose_0025,SUCCESS,0,PLIP XML generated
20602-31-7,OR2W1,OR2W1_P_1,all_pose,pose_0026,pose_0026,SUCCESS,0,PLIP XML generated
20602-31-7,OR2W1,OR2W1_P_1,all_pose,pose_0027,pose_0027,SUCCESS,0,PLIP XML generated
20602-31-7,OR2W1,OR2W1_P_1,all_pose,pose_0028,pose_0028,SUCCESS,0,PLIP XML generated
20602-31-7,OR2W1,OR2W1_P_1,all_pose,pose_0029,pose_0029,SUCCESS,0,PLIP XML generated
20602-31-7,OR2W1,OR2W1_P_1,all_pose,pose_0030,pose_0030,SUCCESS,0,PLIP XML generated
20602-31-7,OR2W1,OR2W1_P_1,all_pose,pose_0031,pose_0031,SUCCESS,0,PLIP XML generated
20602-31-7,OR2W1,OR2W1_P_1,all_pose,pose_0032,pose_0032,SUCCESS,0,PLIP XML generated
20602-31-7,OR2W1,OR2W1_P_1,all_pose,pose_0033,pose_0033,SUCCESS,0,PLIP XML generated
20602-31-7,OR2W1,OR2W1_P_1,all_pose,pose_0034,pose_0034,SUCCESS,0,PLIP XML generated
20602-31-7,OR2W1,OR2W1_P_1,all_pose,pose_0035,pose_0035,SUCCESS,0,PLIP XML generated
20602-31-7,OR2W1,OR2W1_P_1,all_pose,pose_0036,pose_0036,SUCCESS,0,PLIP XML generated
20602-31-7,OR2W1,OR2W1_P_1,all_pose,pose_0037,pose_0037,SUCCESS,0,PLIP XML generated
20602-31-7,OR2W1,OR2W1_P_1,all_pose,pose_0038,pose_0038,SUCCESS,0,PLIP XML generated
20602-31-7,OR2W1,OR2W1_P_1,all_pose,pose_0039,pose_0039,SUCCESS,0,PLIP XML generated
20602-31-7,OR2W1,OR2W1_P_1,all_pose,pose_0040,pose_0040,SUCCESS,0,PLIP XML generated
20602-31-7,OR2W1,OR2W1_P_1,all_pose,pose_0041,pose_0041,SUCCESS,0,PLIP XML generated
20602-31-7,OR2W1,OR2W1_P_1,all_pose,pose_0042,pose_0042,SUCCESS,0,PLIP XML generated
20602-31-7,OR2W1,OR2W1_P_1,all_pose,pose_0043,pose_0043,SUCCESS,0,PLIP XML generated
20602-31-7,OR2W1,OR2W1_P_1,all_pose,pose_0044,pose_0044,SUCCESS,0,PLIP XML generated
20602-31-7,OR2W1,OR2W1_P_1,all_pose,pose_0045,pose_0045,SUCCESS,0,PLIP XML generated
20602-31-7,OR2W1,OR2W1_P_1,all_pose,pose_0046,pose_0046,SUCCESS,0,PLIP XML generated
20602-31-7,OR2W1,OR2W1_P_1,all_pose,pose_0047,pose_0047,SUCCESS,0,PLIP XML generated
20602-31-7,OR2W1,OR2W1_P_1,all_pose,pose_0048,pose_0048,SUCCESS,0,PLIP XML generated
20602-31-7,OR2W1,OR2W1_P_1,all_pose,pose_0049,pose_0049,SUCCESS,0,PLIP XML generated
20602-31-7,OR2W1,OR2W1_P_1,all_pose,pose_0050,pose_0050,SUCCESS,0,PLIP XML generated
20602-31-7,OR2W1,OR2W1_P_1,all_pose,pose_0051,pose_0051,SUCCESS,0,PLIP XML generated
20602-31-7,OR2W1,OR2W1_P_1,all_pose,pose_0052,pose_0052,SUCCESS,0,PLIP XML generated
20602-31-7,OR2W1,OR2W1_P_1,all_pose,pose_0053,pose_0053,SUCCESS,0,PLIP XML generated
20602-31-7,OR2W1,OR2W1_P_1,all_pose,pose_0054,pose_0054,SUCCESS,0,PLIP XML generated
20602-31-7,OR2W1,OR2W1_P_1,all_pose,pose_0055,pose_0055,SUCCESS,0,PLIP XML generated
20602-31-7,OR2W1,OR2W1_P_1,all_pose,pose_0056,pose_0056,SUCCESS,0,PLIP XML generated
20602-31-7,OR2W1,OR2W1_P_1,all_pose,pose_0057,pose_0057,SUCCESS,0,PLIP XML generated
20602-31-7,OR2W1,OR2W1_P_1,all_pose,pose_0058,pose_0058,SUCCESS,0,PLIP XML generated
20602-31-7,OR2W1,OR2W1_P_1,all_pose,pose_0059,pose_0059,SUCCESS,0,PLIP XML generated
20602-31-7,OR2W1,OR2W1_P_1,all_pose,pose_0060,pose_0060,SUCCESS,0,PLIP XML generated
20602-31-7,OR2W1,OR2W1_P_1,all_pose,pose_0061,pose_0061,SUCCESS,0,PLIP XML generated
20602-31-7,OR2W1,OR2W1_P_1,all_pose,pose_0062,pose_0062,SUCCESS,0,PLIP XML generated
20602-31-7,OR2W1,OR2W1_P_1,all_pose,pose_0063,pose_0063,SUCCESS,0,PLIP XML generated
20602-31-7,OR2W1,OR2W1_P_1,all_pose,pose_0064,pose_0064,SUCCESS,0,PLIP XML generated
20602-31-7,OR2W1,OR2W1_P_1,all_pose,pose_0065,pose_0065,SUCCESS,0,PLIP XML generated
20602-31-7,OR2W1,OR2W1_P_1,all_pose,pose_0066,pose_0066,SUCCESS,0,PLIP XML generated
20602-31-7,OR2W1,OR2W1_P_1,all_pose,pose_0067,pose_0067,SUCCESS,0,PLIP XML generated
20602-31-7,OR2W1,OR2W1_P_1,all_pose,pose_0068,pose_0068,SUCCESS,0,PLIP XML generated
20602-31-7,OR2W1,OR2W1_P_1,all_pose,pose_0069,pose_0069,SUCCESS,0,PLIP XML generated
20602-31-7,OR2W1,OR2W1_P_1,all_pose,pose_0070,pose_0070,SUCCESS,0,PLIP XML generated
20602-31-7,OR2W1,OR2W1_P_1,all_pose,pose_0071,pose_0071,SUCCESS,0,PLIP XML generated
20602-31-7,OR2W1,OR2W1_P_1,all_pose,pose_0072,pose_0072,SUCCESS,0,PLIP XML generated
20602-31-7,OR2W1,OR2W1_P_1,all_pose,pose_0073,pose_0073,SUCCESS,0,PLIP XML generated
20602-31-7,OR2W1,OR2W1_P_1,all_pose,pose_0074,pose_0074,SUCCESS,0,PLIP XML generated
20602-31-7,OR2W1,OR2W1_P_1,all_pose,pose_0075,pose_0075,SUCCESS,0,PLIP XML generated
20602-31-7,OR2W1,OR2W1_P_1,all_pose,pose_0076,pose_0076,SUCCESS,0,PLIP XML generated
20602-31-7,OR2W1,OR2W1_P_1,all_pose,pose_0077,pose_0077,SUCCESS,0,PLIP XML generated
20602-31-7,OR2W1,OR2W1_P_1,all_pose,pose_0078,pose_0078,SUCCESS,0,PLIP XML generated
20602-31-7,OR2W1,OR2W1_P_1,all_pose,pose_0079,pose_0079,SUCCESS,0,PLIP XML generated
20602-31-7,OR2W1,OR2W1_P_1,all_pose,pose_0080,pose_0080,SUCCESS,0,PLIP XML generated
20602-31-7,OR2W1,OR2W1_P_1,all_pose,pose_0081,pose_0081,SUCCESS,0,PLIP XML generated
20602-31-7,OR2W1,OR2W1_P_1,all_pose,pose_0082,pose_0082,SUCCESS,0,PLIP XML generated
20602-31-7,OR2W1,OR2W1_P_1,all_pose,pose_0083,pose_0083,SUCCESS,0,PLIP XML generated
20602-31-7,OR2W1,OR2W1_P_1,all_pose,pose_0084,pose_0084,SUCCESS,0,PLIP XML generated
20602-31-7,OR2W1,OR2W1_P_1,all_pose,pose_0085,pose_0085,SUCCESS,0,PLIP XML generated
20602-31-7,OR2W1,OR2W1_P_1,all_pose,pose_0086,pose_0086,SUCCESS,0,PLIP XML generated
20602-31-7,OR2W1,OR2W1_P_1,all_pose,pose_0087,pose_0087,SUCCESS,0,PLIP XML generated
20602-31-7,OR2W1,OR2W1_P_1,all_pose,pose_0088,pose_0088,SUCCESS,0,PLIP XML generated
20602-31-7,OR2W1,OR2W1_P_1,all_pose,pose_0089,pose_0089,SUCCESS,0,PLIP XML generated
20602-31-7,OR2W1,OR2W1_P_1,all_pose,pose_0090,pose_0090,SUCCESS,0,PLIP XML generated
20602-31-7,OR2W1,OR2W1_P_1,all_pose,pose_0091,pose_0091,SUCCESS,0,PLIP XML generated
20602-31-7,OR2W1,OR2W1_P_1,all_pose,pose_0092,pose_0092,SUCCESS,0,PLIP XML generated
20602-31-7,OR2W1,OR2W1_P_1,all_pose,pose_0093,pose_0093,SUCCESS,0,PLIP XML generated
20602-31-7,OR2W1,OR2W1_P_1,all_pose,pose_0094,pose_0094,SUCCESS,0,PLIP XML generated
20602-31-7,OR2W1,OR2W1_P_1,all_pose,pose_0095,pose_0095,SUCCESS,0,PLIP XML generated
20602-31-7,OR2W1,OR2W1_P_1,all_pose,pose_0096,pose_0096,SUCCESS,0,PLIP XML generated
20602-31-7,OR2W1,OR2W1_P_1,all_pose,pose_0097,pose_0097,SUCCESS,0,PLIP XML generated
20602-31-7,OR2W1,OR2W1_P_1,all_pose,pose_0098,pose_0098,SUCCESS,0,PLIP XML generated
20602-31-7,OR2W1,OR2W1_P_1,all_pose,pose_0099,pose_0099,SUCCESS,0,PLIP XML generated
20602-31-7,OR2W1,OR2W1_P_1,all_pose,pose_0100,pose_0100,SUCCESS,0,PLIP XML generated
20602-31-7,OR2W1,OR2W1_P_1,representative,cluster_002_medoid,pose_0044,SUCCESS,0,PLIP XML generated
20602-31-7,OR2W1,OR2W1_P_1,representative,cluster_003_medoid,pose_0004,SUCCESS,0,PLIP XML generated
20602-31-7,OR2W1,OR2W1_P_1,representative,dominant_cluster_medoid,pose_0074,SUCCESS,0,PLIP XML generated
20602-31-7,OR2W1,OR2W1_P_1,representative,global_lowest_energy,pose_0059,SUCCESS,0,PLIP XML generated
20602-31-7,OR2W1,OR2W1_P_2,all_pose,pose_0001,pose_0001,SUCCESS,0,PLIP XML generated
20602-31-7,OR2W1,OR2W1_P_2,all_pose,pose_0002,pose_0002,SUCCESS,0,PLIP XML generated
20602-31-7,OR2W1,OR2W1_P_2,all_pose,pose_0003,pose_0003,SUCCESS,0,PLIP XML generated
20602-31-7,OR2W1,OR2W1_P_2,all_pose,pose_0004,pose_0004,SUCCESS,0,PLIP XML generated
20602-31-7,OR2W1,OR2W1_P_2,all_pose,pose_0005,pose_0005,SUCCESS,0,PLIP XML generated
20602-31-7,OR2W1,OR2W1_P_2,all_pose,pose_0006,pose_0006,SUCCESS,0,PLIP XML generated
20602-31-7,OR2W1,OR2W1_P_2,all_pose,pose_0007,pose_0007,SUCCESS,0,PLIP XML generated
20602-31-7,OR2W1,OR2W1_P_2,all_pose,pose_0008,pose_0008,SUCCESS,0,PLIP XML generated
20602-31-7,OR2W1,OR2W1_P_2,all_pose,pose_0009,pose_0009,SUCCESS,0,PLIP XML generated
20602-31-7,OR2W1,OR2W1_P_2,all_pose,pose_0010,pose_0010,SUCCESS,0,PLIP XML generated
20602-31-7,OR2W1,OR2W1_P_2,all_pose,pose_0011,pose_0011,SUCCESS,0,PLIP XML generated
20602-31-7,OR2W1,OR2W1_P_2,all_pose,pose_0012,pose_0012,SUCCESS,0,PLIP XML generated
20602-31-7,OR2W1,OR2W1_P_2,all_pose,pose_0013,pose_0013,SUCCESS,0,PLIP XML generated
20602-31-7,OR2W1,OR2W1_P_2,all_pose,pose_0014,pose_0014,SUCCESS,0,PLIP XML generated
20602-31-7,OR2W1,OR2W1_P_2,all_pose,pose_0015,pose_0015,SUCCESS,0,PLIP XML generated
20602-31-7,OR2W1,OR2W1_P_2,all_pose,pose_0016,pose_0016,SUCCESS,0,PLIP XML generated
20602-31-7,OR2W1,OR2W1_P_2,all_pose,pose_0017,pose_0017,SUCCESS,0,PLIP XML generated
20602-31-7,OR2W1,OR2W1_P_2,all_pose,pose_0018,pose_0018,SUCCESS,0,PLIP XML generated
20602-31-7,OR2W1,OR2W1_P_2,all_pose,pose_0019,pose_0019,SUCCESS,0,PLIP XML generated
20602-31-7,OR2W1,OR2W1_P_2,all_pose,pose_0020,pose_0020,SUCCESS,0,PLIP XML generated
20602-31-7,OR2W1,OR2W1_P_2,all_pose,pose_0021,pose_0021,SUCCESS,0,PLIP XML generated
20602-31-7,OR2W1,OR2W1_P_2,all_pose,pose_0022,pose_0022,SUCCESS,0,PLIP XML generated
20602-31-7,OR2W1,OR2W1_P_2,all_pose,pose_0023,pose_0023,SUCCESS,0,PLIP XML generated
20602-31-7,OR2W1,OR2W1_P_2,all_pose,pose_0024,pose_0024,SUCCESS,0,PLIP XML generated
20602-31-7,OR2W1,OR2W1_P_2,all_pose,pose_0025,pose_0025,SUCCESS,0,PLIP XML generated
20602-31-7,OR2W1,OR2W1_P_2,all_pose,pose_0026,pose_0026,SUCCESS,0,PLIP XML generated
20602-31-7,OR2W1,OR2W1_P_2,all_pose,pose_0027,pose_0027,SUCCESS,0,PLIP XML generated
20602-31-7,OR2W1,OR2W1_P_2,all_pose,pose_0028,pose_0028,SUCCESS,0,PLIP XML generated
20602-31-7,OR2W1,OR2W1_P_2,all_pose,pose_0029,pose_0029,SUCCESS,0,PLIP XML generated
20602-31-7,OR2W1,OR2W1_P_2,all_pose,pose_0030,pose_0030,SUCCESS,0,PLIP XML generated
20602-31-7,OR2W1,OR2W1_P_2,all_pose,pose_0031,pose_0031,SUCCESS,0,PLIP XML generated
20602-31-7,OR2W1,OR2W1_P_2,all_pose,pose_0032,pose_0032,SUCCESS,0,PLIP XML generated
20602-31-7,OR2W1,OR2W1_P_2,all_pose,pose_0033,pose_0033,SUCCESS,0,PLIP XML generated
20602-31-7,OR2W1,OR2W1_P_2,all_pose,pose_0034,pose_0034,SUCCESS,0,PLIP XML generated
20602-31-7,OR2W1,OR2W1_P_2,all_pose,pose_0035,pose_0035,SUCCESS,0,PLIP XML generated
20602-31-7,OR2W1,OR2W1_P_2,all_pose,pose_0036,pose_0036,SUCCESS,0,PLIP XML generated
20602-31-7,OR2W1,OR2W1_P_2,all_pose,pose_0037,pose_0037,SUCCESS,0,PLIP XML generated
20602-31-7,OR2W1,OR2W1_P_2,all_pose,pose_0038,pose_0038,SUCCESS,0,PLIP XML generated
20602-31-7,OR2W1,OR2W1_P_2,all_pose,pose_0039,pose_0039,SUCCESS,0,PLIP XML generated
20602-31-7,OR2W1,OR2W1_P_2,all_pose,pose_0040,pose_0040,SUCCESS,0,PLIP XML generated
20602-31-7,OR2W1,OR2W1_P_2,all_pose,pose_0041,pose_0041,SUCCESS,0,PLIP XML generated
20602-31-7,OR2W1,OR2W1_P_2,all_pose,pose_0042,pose_0042,SUCCESS,0,PLIP XML generated
20602-31-7,OR2W1,OR2W1_P_2,all_pose,pose_0043,pose_0043,SUCCESS,0,PLIP XML generated
20602-31-7,OR2W1,OR2W1_P_2,all_pose,pose_0044,pose_0044,SUCCESS,0,PLIP XML generated
20602-31-7,OR2W1,OR2W1_P_2,all_pose,pose_0045,pose_0045,SUCCESS,0,PLIP XML generated
20602-31-7,OR2W1,OR2W1_P_2,all_pose,pose_0046,pose_0046,SUCCESS,0,PLIP XML generated
20602-31-7,OR2W1,OR2W1_P_2,all_pose,pose_0047,pose_0047,SUCCESS,0,PLIP XML generated
20602-31-7,OR2W1,OR2W1_P_2,all_pose,pose_0048,pose_0048,SUCCESS,0,PLIP XML generated
20602-31-7,OR2W1,OR2W1_P_2,all_pose,pose_0049,pose_0049,SUCCESS,0,PLIP XML generated
20602-31-7,OR2W1,OR2W1_P_2,all_pose,pose_0050,pose_0050,SUCCESS,0,PLIP XML generated
20602-31-7,OR2W1,OR2W1_P_2,all_pose,pose_0051,pose_0051,SUCCESS,0,PLIP XML generated
20602-31-7,OR2W1,OR2W1_P_2,all_pose,pose_0052,pose_0052,SUCCESS,0,PLIP XML generated
20602-31-7,OR2W1,OR2W1_P_2,all_pose,pose_0053,pose_0053,SUCCESS,0,PLIP XML generated
20602-31-7,OR2W1,OR2W1_P_2,all_pose,pose_0054,pose_0054,SUCCESS,0,PLIP XML generated
20602-31-7,OR2W1,OR2W1_P_2,all_pose,pose_0055,pose_0055,SUCCESS,0,PLIP XML generated
20602-31-7,OR2W1,OR2W1_P_2,all_pose,pose_0056,pose_0056,SUCCESS,0,PLIP XML generated
20602-31-7,OR2W1,OR2W1_P_2,all_pose,pose_0057,pose_0057,SUCCESS,0,PLIP XML generated
20602-31-7,OR2W1,OR2W1_P_2,all_pose,pose_0058,pose_0058,SUCCESS,0,PLIP XML generated
20602-31-7,OR2W1,OR2W1_P_2,all_pose,pose_0059,pose_0059,SUCCESS,0,PLIP XML generated
20602-31-7,OR2W1,OR2W1_P_2,all_pose,pose_0060,pose_0060,SUCCESS,0,PLIP XML generated
20602-31-7,OR2W1,OR2W1_P_2,all_pose,pose_0061,pose_0061,SUCCESS,0,PLIP XML generated
20602-31-7,OR2W1,OR2W1_P_2,all_pose,pose_0062,pose_0062,SUCCESS,0,PLIP XML generated
20602-31-7,OR2W1,OR2W1_P_2,all_pose,pose_0063,pose_0063,SUCCESS,0,PLIP XML generated
20602-31-7,OR2W1,OR2W1_P_2,all_pose,pose_0064,pose_0064,SUCCESS,0,PLIP XML generated
20602-31-7,OR2W1,OR2W1_P_2,all_pose,pose_0065,pose_0065,SUCCESS,0,PLIP XML generated
20602-31-7,OR2W1,OR2W1_P_2,all_pose,pose_0066,pose_0066,SUCCESS,0,PLIP XML generated
20602-31-7,OR2W1,OR2W1_P_2,all_pose,pose_0067,pose_0067,SUCCESS,0,PLIP XML generated
20602-31-7,OR2W1,OR2W1_P_2,all_pose,pose_0068,pose_0068,SUCCESS,0,PLIP XML generated
20602-31-7,OR2W1,OR2W1_P_2,all_pose,pose_0069,pose_0069,SUCCESS,0,PLIP XML generated
20602-31-7,OR2W1,OR2W1_P_2,all_pose,pose_0070,pose_0070,SUCCESS,0,PLIP XML generated
20602-31-7,OR2W1,OR2W1_P_2,all_pose,pose_0071,pose_0071,SUCCESS,0,PLIP XML generated
20602-31-7,OR2W1,OR2W1_P_2,all_pose,pose_0072,pose_0072,SUCCESS,0,PLIP XML generated
20602-31-7,OR2W1,OR2W1_P_2,all_pose,pose_0073,pose_0073,SUCCESS,0,PLIP XML generated
20602-31-7,OR2W1,OR2W1_P_2,all_pose,pose_0074,pose_0074,SUCCESS,0,PLIP XML generated
20602-31-7,OR2W1,OR2W1_P_2,all_pose,pose_0075,pose_0075,SUCCESS,0,PLIP XML generated
20602-31-7,OR2W1,OR2W1_P_2,all_pose,pose_0076,pose_0076,SUCCESS,0,PLIP XML generated
20602-31-7,OR2W1,OR2W1_P_2,all_pose,pose_0077,pose_0077,SUCCESS,0,PLIP XML generated
20602-31-7,OR2W1,OR2W1_P_2,all_pose,pose_0078,pose_0078,SUCCESS,0,PLIP XML generated
20602-31-7,OR2W1,OR2W1_P_2,all_pose,pose_0079,pose_0079,SUCCESS,0,PLIP XML generated
20602-31-7,OR2W1,OR2W1_P_2,all_pose,pose_0080,pose_0080,SUCCESS,0,PLIP XML generated
20602-31-7,OR2W1,OR2W1_P_2,all_pose,pose_0081,pose_0081,SUCCESS,0,PLIP XML generated
20602-31-7,OR2W1,OR2W1_P_2,all_pose,pose_0082,pose_0082,SUCCESS,0,PLIP XML generated
20602-31-7,OR2W1,OR2W1_P_2,all_pose,pose_0083,pose_0083,SUCCESS,0,PLIP XML generated
20602-31-7,OR2W1,OR2W1_P_2,all_pose,pose_0084,pose_0084,SUCCESS,0,PLIP XML generated
20602-31-7,OR2W1,OR2W1_P_2,all_pose,pose_0085,pose_0085,SUCCESS,0,PLIP XML generated
20602-31-7,OR2W1,OR2W1_P_2,all_pose,pose_0086,pose_0086,SUCCESS,0,PLIP XML generated
20602-31-7,OR2W1,OR2W1_P_2,all_pose,pose_0087,pose_0087,SUCCESS,0,PLIP XML generated
20602-31-7,OR2W1,OR2W1_P_2,all_pose,pose_0088,pose_0088,SUCCESS,0,PLIP XML generated
20602-31-7,OR2W1,OR2W1_P_2,all_pose,pose_0089,pose_0089,SUCCESS,0,PLIP XML generated
20602-31-7,OR2W1,OR2W1_P_2,all_pose,pose_0090,pose_0090,SUCCESS,0,PLIP XML generated
20602-31-7,OR2W1,OR2W1_P_2,all_pose,pose_0091,pose_0091,SUCCESS,0,PLIP XML generated
20602-31-7,OR2W1,OR2W1_P_2,all_pose,pose_0092,pose_0092,SUCCESS,0,PLIP XML generated
20602-31-7,OR2W1,OR2W1_P_2,all_pose,pose_0093,pose_0093,SUCCESS,0,PLIP XML generated
20602-31-7,OR2W1,OR2W1_P_2,all_pose,pose_0094,pose_0094,SUCCESS,0,PLIP XML generated
20602-31-7,OR2W1,OR2W1_P_2,all_pose,pose_0095,pose_0095,SUCCESS,0,PLIP XML generated
20602-31-7,OR2W1,OR2W1_P_2,all_pose,pose_0096,pose_0096,SUCCESS,0,PLIP XML generated
20602-31-7,OR2W1,OR2W1_P_2,all_pose,pose_0097,pose_0097,SUCCESS,0,PLIP XML generated
20602-31-7,OR2W1,OR2W1_P_2,all_pose,pose_0098,pose_0098,SUCCESS,0,PLIP XML generated
20602-31-7,OR2W1,OR2W1_P_2,all_pose,pose_0099,pose_0099,SUCCESS,0,PLIP XML generated
20602-31-7,OR2W1,OR2W1_P_2,all_pose,pose_0100,pose_0100,SUCCESS,0,PLIP XML generated
20602-31-7,OR2W1,OR2W1_P_2,representative,cluster_002_medoid,pose_0094,SUCCESS,0,PLIP XML generated
20602-31-7,OR2W1,OR2W1_P_2,representative,cluster_003_medoid,pose_0072,SUCCESS,0,PLIP XML generated
20602-31-7,OR2W1,OR2W1_P_2,representative,dominant_cluster_medoid,pose_0076,SUCCESS,0,PLIP XML generated
20602-31-7,OR2W1,OR2W1_P_2,representative,global_lowest_energy,pose_0046,SUCCESS,0,PLIP XML generated
20602-31-7,OR2W1,OR2W1_P_3,all_pose,pose_0001,pose_0001,SUCCESS,0,PLIP XML generated
20602-31-7,OR2W1,OR2W1_P_3,all_pose,pose_0002,pose_0002,SUCCESS,0,PLIP XML generated
20602-31-7,OR2W1,OR2W1_P_3,all_pose,pose_0003,pose_0003,SUCCESS,0,PLIP XML generated
20602-31-7,OR2W1,OR2W1_P_3,all_pose,pose_0004,pose_0004,SUCCESS,0,PLIP XML generated
20602-31-7,OR2W1,OR2W1_P_3,all_pose,pose_0005,pose_0005,SUCCESS,0,PLIP XML generated
20602-31-7,OR2W1,OR2W1_P_3,all_pose,pose_0006,pose_0006,SUCCESS,0,PLIP XML generated
20602-31-7,OR2W1,OR2W1_P_3,all_pose,pose_0007,pose_0007,SUCCESS,0,PLIP XML generated
20602-31-7,OR2W1,OR2W1_P_3,all_pose,pose_0008,pose_0008,SUCCESS,0,PLIP XML generated
20602-31-7,OR2W1,OR2W1_P_3,all_pose,pose_0009,pose_0009,SUCCESS,0,PLIP XML generated
20602-31-7,OR2W1,OR2W1_P_3,all_pose,pose_0010,pose_0010,SUCCESS,0,PLIP XML generated
20602-31-7,OR2W1,OR2W1_P_3,all_pose,pose_0011,pose_0011,SUCCESS,0,PLIP XML generated
20602-31-7,OR2W1,OR2W1_P_3,all_pose,pose_0012,pose_0012,SUCCESS,0,PLIP XML generated
20602-31-7,OR2W1,OR2W1_P_3,all_pose,pose_0013,pose_0013,SUCCESS,0,PLIP XML generated
20602-31-7,OR2W1,OR2W1_P_3,all_pose,pose_0014,pose_0014,SUCCESS,0,PLIP XML generated
20602-31-7,OR2W1,OR2W1_P_3,all_pose,pose_0015,pose_0015,SUCCESS,0,PLIP XML generated
20602-31-7,OR2W1,OR2W1_P_3,all_pose,pose_0016,pose_0016,SUCCESS,0,PLIP XML generated
20602-31-7,OR2W1,OR2W1_P_3,all_pose,pose_0017,pose_0017,SUCCESS,0,PLIP XML generated
20602-31-7,OR2W1,OR2W1_P_3,all_pose,pose_0018,pose_0018,SUCCESS,0,PLIP XML generated
20602-31-7,OR2W1,OR2W1_P_3,all_pose,pose_0019,pose_0019,SUCCESS,0,PLIP XML generated
20602-31-7,OR2W1,OR2W1_P_3,all_pose,pose_0020,pose_0020,SUCCESS,0,PLIP XML generated
20602-31-7,OR2W1,OR2W1_P_3,all_pose,pose_0021,pose_0021,SUCCESS,0,PLIP XML generated
20602-31-7,OR2W1,OR2W1_P_3,all_pose,pose_0022,pose_0022,SUCCESS,0,PLIP XML generated
20602-31-7,OR2W1,OR2W1_P_3,all_pose,pose_0023,pose_0023,SUCCESS,0,PLIP XML generated
20602-31-7,OR2W1,OR2W1_P_3,all_pose,pose_0024,pose_0024,SUCCESS,0,PLIP XML generated
20602-31-7,OR2W1,OR2W1_P_3,all_pose,pose_0025,pose_0025,SUCCESS,0,PLIP XML generated
20602-31-7,OR2W1,OR2W1_P_3,all_pose,pose_0026,pose_0026,SUCCESS,0,PLIP XML generated
20602-31-7,OR2W1,OR2W1_P_3,all_pose,pose_0027,pose_0027,SUCCESS,0,PLIP XML generated
20602-31-7,OR2W1,OR2W1_P_3,all_pose,pose_0028,pose_0028,SUCCESS,0,PLIP XML generated
20602-31-7,OR2W1,OR2W1_P_3,all_pose,pose_0029,pose_0029,SUCCESS,0,PLIP XML generated
20602-31-7,OR2W1,OR2W1_P_3,all_pose,pose_0030,pose_0030,SUCCESS,0,PLIP XML generated
20602-31-7,OR2W1,OR2W1_P_3,all_pose,pose_0031,pose_0031,SUCCESS,0,PLIP XML generated
20602-31-7,OR2W1,OR2W1_P_3,all_pose,pose_0032,pose_0032,SUCCESS,0,PLIP XML generated
20602-31-7,OR2W1,OR2W1_P_3,all_pose,pose_0033,pose_0033,SUCCESS,0,PLIP XML generated
20602-31-7,OR2W1,OR2W1_P_3,all_pose,pose_0034,pose_0034,SUCCESS,0,PLIP XML generated
20602-31-7,OR2W1,OR2W1_P_3,all_pose,pose_0035,pose_0035,SUCCESS,0,PLIP XML generated
20602-31-7,OR2W1,OR2W1_P_3,all_pose,pose_0036,pose_0036,SUCCESS,0,PLIP XML generated
20602-31-7,OR2W1,OR2W1_P_3,all_pose,pose_0037,pose_0037,SUCCESS,0,PLIP XML generated
20602-31-7,OR2W1,OR2W1_P_3,all_pose,pose_0038,pose_0038,SUCCESS,0,PLIP XML generated
20602-31-7,OR2W1,OR2W1_P_3,all_pose,pose_0039,pose_0039,SUCCESS,0,PLIP XML generated
20602-31-7,OR2W1,OR2W1_P_3,all_pose,pose_0040,pose_0040,SUCCESS,0,PLIP XML generated
20602-31-7,OR2W1,OR2W1_P_3,all_pose,pose_0041,pose_0041,SUCCESS,0,PLIP XML generated
20602-31-7,OR2W1,OR2W1_P_3,all_pose,pose_0042,pose_0042,SUCCESS,0,PLIP XML generated
20602-31-7,OR2W1,OR2W1_P_3,all_pose,pose_0043,pose_0043,SUCCESS,0,PLIP XML generated
20602-31-7,OR2W1,OR2W1_P_3,all_pose,pose_0044,pose_0044,SUCCESS,0,PLIP XML generated
20602-31-7,OR2W1,OR2W1_P_3,all_pose,pose_0045,pose_0045,SUCCESS,0,PLIP XML generated
20602-31-7,OR2W1,OR2W1_P_3,all_pose,pose_0046,pose_0046,SUCCESS,0,PLIP XML generated
20602-31-7,OR2W1,OR2W1_P_3,all_pose,pose_0047,pose_0047,SUCCESS,0,PLIP XML generated
20602-31-7,OR2W1,OR2W1_P_3,all_pose,pose_0048,pose_0048,SUCCESS,0,PLIP XML generated
20602-31-7,OR2W1,OR2W1_P_3,all_pose,pose_0049,pose_0049,SUCCESS,0,PLIP XML generated
20602-31-7,OR2W1,OR2W1_P_3,all_pose,pose_0050,pose_0050,SUCCESS,0,PLIP XML generated
20602-31-7,OR2W1,OR2W1_P_3,all_pose,pose_0051,pose_0051,SUCCESS,0,PLIP XML generated
20602-31-7,OR2W1,OR2W1_P_3,all_pose,pose_0052,pose_0052,SUCCESS,0,PLIP XML generated
20602-31-7,OR2W1,OR2W1_P_3,all_pose,pose_0053,pose_0053,SUCCESS,0,PLIP XML generated
20602-31-7,OR2W1,OR2W1_P_3,all_pose,pose_0054,pose_0054,SUCCESS,0,PLIP XML generated
20602-31-7,OR2W1,OR2W1_P_3,all_pose,pose_0055,pose_0055,SUCCESS,0,PLIP XML generated
20602-31-7,OR2W1,OR2W1_P_3,all_pose,pose_0056,pose_0056,SUCCESS,0,PLIP XML generated
20602-31-7,OR2W1,OR2W1_P_3,all_pose,pose_0057,pose_0057,SUCCESS,0,PLIP XML generated
20602-31-7,OR2W1,OR2W1_P_3,all_pose,pose_0058,pose_0058,SUCCESS,0,PLIP XML generated
20602-31-7,OR2W1,OR2W1_P_3,all_pose,pose_0059,pose_0059,SUCCESS,0,PLIP XML generated
20602-31-7,OR2W1,OR2W1_P_3,all_pose,pose_0060,pose_0060,SUCCESS,0,PLIP XML generated
20602-31-7,OR2W1,OR2W1_P_3,all_pose,pose_0061,pose_0061,SUCCESS,0,PLIP XML generated
20602-31-7,OR2W1,OR2W1_P_3,all_pose,pose_0062,pose_0062,SUCCESS,0,PLIP XML generated
20602-31-7,OR2W1,OR2W1_P_3,all_pose,pose_0063,pose_0063,SUCCESS,0,PLIP XML generated
20602-31-7,OR2W1,OR2W1_P_3,all_pose,pose_0064,pose_0064,SUCCESS,0,PLIP XML generated
20602-31-7,OR2W1,OR2W1_P_3,all_pose,pose_0065,pose_0065,SUCCESS,0,PLIP XML generated
20602-31-7,OR2W1,OR2W1_P_3,all_pose,pose_0066,pose_0066,SUCCESS,0,PLIP XML generated
20602-31-7,OR2W1,OR2W1_P_3,all_pose,pose_0067,pose_0067,SUCCESS,0,PLIP XML generated
20602-31-7,OR2W1,OR2W1_P_3,all_pose,pose_0068,pose_0068,SUCCESS,0,PLIP XML generated
20602-31-7,OR2W1,OR2W1_P_3,all_pose,pose_0069,pose_0069,SUCCESS,0,PLIP XML generated
20602-31-7,OR2W1,OR2W1_P_3,all_pose,pose_0070,pose_0070,SUCCESS,0,PLIP XML generated
20602-31-7,OR2W1,OR2W1_P_3,all_pose,pose_0071,pose_0071,SUCCESS,0,PLIP XML generated
20602-31-7,OR2W1,OR2W1_P_3,all_pose,pose_0072,pose_0072,SUCCESS,0,PLIP XML generated
20602-31-7,OR2W1,OR2W1_P_3,all_pose,pose_0073,pose_0073,SUCCESS,0,PLIP XML generated
20602-31-7,OR2W1,OR2W1_P_3,all_pose,pose_0074,pose_0074,SUCCESS,0,PLIP XML generated
20602-31-7,OR2W1,OR2W1_P_3,all_pose,pose_0075,pose_0075,SUCCESS,0,PLIP XML generated
20602-31-7,OR2W1,OR2W1_P_3,all_pose,pose_0076,pose_0076,SUCCESS,0,PLIP XML generated
20602-31-7,OR2W1,OR2W1_P_3,all_pose,pose_0077,pose_0077,SUCCESS,0,PLIP XML generated
20602-31-7,OR2W1,OR2W1_P_3,all_pose,pose_0078,pose_0078,SUCCESS,0,PLIP XML generated
20602-31-7,OR2W1,OR2W1_P_3,all_pose,pose_0079,pose_0079,SUCCESS,0,PLIP XML generated
20602-31-7,OR2W1,OR2W1_P_3,all_pose,pose_0080,pose_0080,SUCCESS,0,PLIP XML generated
20602-31-7,OR2W1,OR2W1_P_3,all_pose,pose_0081,pose_0081,SUCCESS,0,PLIP XML generated
20602-31-7,OR2W1,OR2W1_P_3,all_pose,pose_0082,pose_0082,SUCCESS,0,PLIP XML generated
20602-31-7,OR2W1,OR2W1_P_3,all_pose,pose_0083,pose_0083,SUCCESS,0,PLIP XML generated
20602-31-7,OR2W1,OR2W1_P_3,all_pose,pose_0084,pose_0084,SUCCESS,0,PLIP XML generated
20602-31-7,OR2W1,OR2W1_P_3,all_pose,pose_0085,pose_0085,SUCCESS,0,PLIP XML generated
20602-31-7,OR2W1,OR2W1_P_3,all_pose,pose_0086,pose_0086,SUCCESS,0,PLIP XML generated
20602-31-7,OR2W1,OR2W1_P_3,all_pose,pose_0087,pose_0087,SUCCESS,0,PLIP XML generated
20602-31-7,OR2W1,OR2W1_P_3,all_pose,pose_0088,pose_0088,SUCCESS,0,PLIP XML generated
20602-31-7,OR2W1,OR2W1_P_3,all_pose,pose_0089,pose_0089,SUCCESS,0,PLIP XML generated
20602-31-7,OR2W1,OR2W1_P_3,all_pose,pose_0090,pose_0090,SUCCESS,0,PLIP XML generated
20602-31-7,OR2W1,OR2W1_P_3,all_pose,pose_0091,pose_0091,SUCCESS,0,PLIP XML generated
20602-31-7,OR2W1,OR2W1_P_3,all_pose,pose_0092,pose_0092,SUCCESS,0,PLIP XML generated
20602-31-7,OR2W1,OR2W1_P_3,all_pose,pose_0093,pose_0093,SUCCESS,0,PLIP XML generated
20602-31-7,OR2W1,OR2W1_P_3,all_pose,pose_0094,pose_0094,SUCCESS,0,PLIP XML generated
20602-31-7,OR2W1,OR2W1_P_3,all_pose,pose_0095,pose_0095,SUCCESS,0,PLIP XML generated
20602-31-7,OR2W1,OR2W1_P_3,all_pose,pose_0096,pose_0096,SUCCESS,0,PLIP XML generated
20602-31-7,OR2W1,OR2W1_P_3,all_pose,pose_0097,pose_0097,SUCCESS,0,PLIP XML generated
20602-31-7,OR2W1,OR2W1_P_3,all_pose,pose_0098,pose_0098,SUCCESS,0,PLIP XML generated
20602-31-7,OR2W1,OR2W1_P_3,all_pose,pose_0099,pose_0099,SUCCESS,0,PLIP XML generated
20602-31-7,OR2W1,OR2W1_P_3,all_pose,pose_0100,pose_0100,SUCCESS,0,PLIP XML generated
20602-31-7,OR2W1,OR2W1_P_3,representative,cluster_002_medoid,pose_0034,SUCCESS,0,PLIP XML generated
20602-31-7,OR2W1,OR2W1_P_3,representative,cluster_003_medoid,pose_0094,SUCCESS,0,PLIP XML generated
20602-31-7,OR2W1,OR2W1_P_3,representative,dominant_cluster_medoid,pose_0006,SUCCESS,0,PLIP XML generated
20602-31-7,OR2W1,OR2W1_P_3,representative,global_lowest_energy,pose_0013,SUCCESS,0,PLIP XML generated
63767-86-2,OR1A1,OR1A1_P_0,all_pose,pose_0001,pose_0001,SUCCESS,0,PLIP XML generated
63767-86-2,OR1A1,OR1A1_P_0,all_pose,pose_0002,pose_0002,SUCCESS,0,PLIP XML generated
63767-86-2,OR1A1,OR1A1_P_0,all_pose,pose_0003,pose_0003,SUCCESS,0,PLIP XML generated
63767-86-2,OR1A1,OR1A1_P_0,all_pose,pose_0004,pose_0004,SUCCESS,0,PLIP XML generated
63767-86-2,OR1A1,OR1A1_P_0,all_pose,pose_0005,pose_0005,SUCCESS,0,PLIP XML generated
63767-86-2,OR1A1,OR1A1_P_0,all_pose,pose_0006,pose_0006,SUCCESS,0,PLIP XML generated
63767-86-2,OR1A1,OR1A1_P_0,all_pose,pose_0007,pose_0007,SUCCESS,0,PLIP XML generated
63767-86-2,OR1A1,OR1A1_P_0,all_pose,pose_0008,pose_0008,SUCCESS,0,PLIP XML generated
63767-86-2,OR1A1,OR1A1_P_0,all_pose,pose_0009,pose_0009,SUCCESS,0,PLIP XML generated
63767-86-2,OR1A1,OR1A1_P_0,all_pose,pose_0010,pose_0010,SUCCESS,0,PLIP XML generated
63767-86-2,OR1A1,OR1A1_P_0,all_pose,pose_0011,pose_0011,SUCCESS,0,PLIP XML generated
63767-86-2,OR1A1,OR1A1_P_0,all_pose,pose_0012,pose_0012,SUCCESS,0,PLIP XML generated
63767-86-2,OR1A1,OR1A1_P_0,all_pose,pose_0013,pose_0013,SUCCESS,0,PLIP XML generated
63767-86-2,OR1A1,OR1A1_P_0,all_pose,pose_0014,pose_0014,SUCCESS,0,PLIP XML generated
63767-86-2,OR1A1,OR1A1_P_0,all_pose,pose_0015,pose_0015,SUCCESS,0,PLIP XML generated
63767-86-2,OR1A1,OR1A1_P_0,all_pose,pose_0016,pose_0016,SUCCESS,0,PLIP XML generated
63767-86-2,OR1A1,OR1A1_P_0,all_pose,pose_0017,pose_0017,SUCCESS,0,PLIP XML generated
63767-86-2,OR1A1,OR1A1_P_0,all_pose,pose_0018,pose_0018,SUCCESS,0,PLIP XML generated
63767-86-2,OR1A1,OR1A1_P_0,all_pose,pose_0019,pose_0019,SUCCESS,0,PLIP XML generated
63767-86-2,OR1A1,OR1A1_P_0,all_pose,pose_0020,pose_0020,SUCCESS,0,PLIP XML generated
63767-86-2,OR1A1,OR1A1_P_0,all_pose,pose_0021,pose_0021,SUCCESS,0,PLIP XML generated
63767-86-2,OR1A1,OR1A1_P_0,all_pose,pose_0022,pose_0022,SUCCESS,0,PLIP XML generated
63767-86-2,OR1A1,OR1A1_P_0,all_pose,pose_0023,pose_0023,SUCCESS,0,PLIP XML generated
63767-86-2,OR1A1,OR1A1_P_0,all_pose,pose_0024,pose_0024,SUCCESS,0,PLIP XML generated
63767-86-2,OR1A1,OR1A1_P_0,all_pose,pose_0025,pose_0025,SUCCESS,0,PLIP XML generated
63767-86-2,OR1A1,OR1A1_P_0,all_pose,pose_0026,pose_0026,SUCCESS,0,PLIP XML generated
63767-86-2,OR1A1,OR1A1_P_0,all_pose,pose_0027,pose_0027,SUCCESS,0,PLIP XML generated
63767-86-2,OR1A1,OR1A1_P_0,all_pose,pose_0028,pose_0028,SUCCESS,0,PLIP XML generated
63767-86-2,OR1A1,OR1A1_P_0,all_pose,pose_0029,pose_0029,SUCCESS,0,PLIP XML generated
63767-86-2,OR1A1,OR1A1_P_0,all_pose,pose_0030,pose_0030,SUCCESS,0,PLIP XML generated
63767-86-2,OR1A1,OR1A1_P_0,all_pose,pose_0031,pose_0031,SUCCESS,0,PLIP XML generated
63767-86-2,OR1A1,OR1A1_P_0,all_pose,pose_0032,pose_0032,SUCCESS,0,PLIP XML generated
63767-86-2,OR1A1,OR1A1_P_0,all_pose,pose_0033,pose_0033,SUCCESS,0,PLIP XML generated
63767-86-2,OR1A1,OR1A1_P_0,all_pose,pose_0034,pose_0034,SUCCESS,0,PLIP XML generated
63767-86-2,OR1A1,OR1A1_P_0,all_pose,pose_0035,pose_0035,SUCCESS,0,PLIP XML generated
63767-86-2,OR1A1,OR1A1_P_0,all_pose,pose_0036,pose_0036,SUCCESS,0,PLIP XML generated
63767-86-2,OR1A1,OR1A1_P_0,all_pose,pose_0037,pose_0037,SUCCESS,0,PLIP XML generated
63767-86-2,OR1A1,OR1A1_P_0,all_pose,pose_0038,pose_0038,SUCCESS,0,PLIP XML generated
63767-86-2,OR1A1,OR1A1_P_0,all_pose,pose_0039,pose_0039,SUCCESS,0,PLIP XML generated
63767-86-2,OR1A1,OR1A1_P_0,all_pose,pose_0040,pose_0040,SUCCESS,0,PLIP XML generated
63767-86-2,OR1A1,OR1A1_P_0,all_pose,pose_0041,pose_0041,SUCCESS,0,PLIP XML generated
63767-86-2,OR1A1,OR1A1_P_0,all_pose,pose_0042,pose_0042,SUCCESS,0,PLIP XML generated
63767-86-2,OR1A1,OR1A1_P_0,all_pose,pose_0043,pose_0043,SUCCESS,0,PLIP XML generated
63767-86-2,OR1A1,OR1A1_P_0,all_pose,pose_0044,pose_0044,SUCCESS,0,PLIP XML generated
63767-86-2,OR1A1,OR1A1_P_0,all_pose,pose_0045,pose_0045,SUCCESS,0,PLIP XML generated
63767-86-2,OR1A1,OR1A1_P_0,all_pose,pose_0046,pose_0046,SUCCESS,0,PLIP XML generated
63767-86-2,OR1A1,OR1A1_P_0,all_pose,pose_0047,pose_0047,SUCCESS,0,PLIP XML generated
63767-86-2,OR1A1,OR1A1_P_0,all_pose,pose_0048,pose_0048,SUCCESS,0,PLIP XML generated
63767-86-2,OR1A1,OR1A1_P_0,all_pose,pose_0049,pose_0049,SUCCESS,0,PLIP XML generated
63767-86-2,OR1A1,OR1A1_P_0,all_pose,pose_0050,pose_0050,SUCCESS,0,PLIP XML generated
63767-86-2,OR1A1,OR1A1_P_0,all_pose,pose_0051,pose_0051,SUCCESS,0,PLIP XML generated
63767-86-2,OR1A1,OR1A1_P_0,all_pose,pose_0052,pose_0052,SUCCESS,0,PLIP XML generated
63767-86-2,OR1A1,OR1A1_P_0,all_pose,pose_0053,pose_0053,SUCCESS,0,PLIP XML generated
63767-86-2,OR1A1,OR1A1_P_0,all_pose,pose_0054,pose_0054,SUCCESS,0,PLIP XML generated
63767-86-2,OR1A1,OR1A1_P_0,all_pose,pose_0055,pose_0055,SUCCESS,0,PLIP XML generated
63767-86-2,OR1A1,OR1A1_P_0,all_pose,pose_0056,pose_0056,SUCCESS,0,PLIP XML generated
63767-86-2,OR1A1,OR1A1_P_0,all_pose,pose_0057,pose_0057,SUCCESS,0,PLIP XML generated
63767-86-2,OR1A1,OR1A1_P_0,all_pose,pose_0058,pose_0058,SUCCESS,0,PLIP XML generated
63767-86-2,OR1A1,OR1A1_P_0,all_pose,pose_0059,pose_0059,SUCCESS,0,PLIP XML generated
63767-86-2,OR1A1,OR1A1_P_0,all_pose,pose_0060,pose_0060,SUCCESS,0,PLIP XML generated
63767-86-2,OR1A1,OR1A1_P_0,all_pose,pose_0061,pose_0061,SUCCESS,0,PLIP XML generated
63767-86-2,OR1A1,OR1A1_P_0,all_pose,pose_0062,pose_0062,SUCCESS,0,PLIP XML generated
63767-86-2,OR1A1,OR1A1_P_0,all_pose,pose_0063,pose_0063,SUCCESS,0,PLIP XML generated
63767-86-2,OR1A1,OR1A1_P_0,all_pose,pose_0064,pose_0064,SUCCESS,0,PLIP XML generated
63767-86-2,OR1A1,OR1A1_P_0,all_pose,pose_0065,pose_0065,SUCCESS,0,PLIP XML generated
63767-86-2,OR1A1,OR1A1_P_0,all_pose,pose_0066,pose_0066,SUCCESS,0,PLIP XML generated
63767-86-2,OR1A1,OR1A1_P_0,all_pose,pose_0067,pose_0067,SUCCESS,0,PLIP XML generated
63767-86-2,OR1A1,OR1A1_P_0,all_pose,pose_0068,pose_0068,SUCCESS,0,PLIP XML generated
63767-86-2,OR1A1,OR1A1_P_0,all_pose,pose_0069,pose_0069,SUCCESS,0,PLIP XML generated
63767-86-2,OR1A1,OR1A1_P_0,all_pose,pose_0070,pose_0070,SUCCESS,0,PLIP XML generated
63767-86-2,OR1A1,OR1A1_P_0,all_pose,pose_0071,pose_0071,SUCCESS,0,PLIP XML generated
63767-86-2,OR1A1,OR1A1_P_0,all_pose,pose_0072,pose_0072,SUCCESS,0,PLIP XML generated
63767-86-2,OR1A1,OR1A1_P_0,all_pose,pose_0073,pose_0073,SUCCESS,0,PLIP XML generated
63767-86-2,OR1A1,OR1A1_P_0,all_pose,pose_0074,pose_0074,SUCCESS,0,PLIP XML generated
63767-86-2,OR1A1,OR1A1_P_0,all_pose,pose_0075,pose_0075,SUCCESS,0,PLIP XML generated
63767-86-2,OR1A1,OR1A1_P_0,all_pose,pose_0076,pose_0076,SUCCESS,0,PLIP XML generated
63767-86-2,OR1A1,OR1A1_P_0,all_pose,pose_0077,pose_0077,SUCCESS,0,PLIP XML generated
63767-86-2,OR1A1,OR1A1_P_0,all_pose,pose_0078,pose_0078,SUCCESS,0,PLIP XML generated
63767-86-2,OR1A1,OR1A1_P_0,all_pose,pose_0079,pose_0079,SUCCESS,0,PLIP XML generated
63767-86-2,OR1A1,OR1A1_P_0,all_pose,pose_0080,pose_0080,SUCCESS,0,PLIP XML generated
63767-86-2,OR1A1,OR1A1_P_0,all_pose,pose_0081,pose_0081,SUCCESS,0,PLIP XML generated
63767-86-2,OR1A1,OR1A1_P_0,all_pose,pose_0082,pose_0082,SUCCESS,0,PLIP XML generated
63767-86-2,OR1A1,OR1A1_P_0,all_pose,pose_0083,pose_0083,SUCCESS,0,PLIP XML generated
63767-86-2,OR1A1,OR1A1_P_0,all_pose,pose_0084,pose_0084,SUCCESS,0,PLIP XML generated
63767-86-2,OR1A1,OR1A1_P_0,all_pose,pose_0085,pose_0085,SUCCESS,0,PLIP XML generated
63767-86-2,OR1A1,OR1A1_P_0,all_pose,pose_0086,pose_0086,SUCCESS,0,PLIP XML generated
63767-86-2,OR1A1,OR1A1_P_0,all_pose,pose_0087,pose_0087,SUCCESS,0,PLIP XML generated
63767-86-2,OR1A1,OR1A1_P_0,all_pose,pose_0088,pose_0088,SUCCESS,0,PLIP XML generated
63767-86-2,OR1A1,OR1A1_P_0,all_pose,pose_0089,pose_0089,SUCCESS,0,PLIP XML generated
63767-86-2,OR1A1,OR1A1_P_0,all_pose,pose_0090,pose_0090,SUCCESS,0,PLIP XML generated
63767-86-2,OR1A1,OR1A1_P_0,all_pose,pose_0091,pose_0091,SUCCESS,0,PLIP XML generated
63767-86-2,OR1A1,OR1A1_P_0,all_pose,pose_0092,pose_0092,SUCCESS,0,PLIP XML generated
63767-86-2,OR1A1,OR1A1_P_0,all_pose,pose_0093,pose_0093,SUCCESS,0,PLIP XML generated
63767-86-2,OR1A1,OR1A1_P_0,all_pose,pose_0094,pose_0094,SUCCESS,0,PLIP XML generated
63767-86-2,OR1A1,OR1A1_P_0,all_pose,pose_0095,pose_0095,SUCCESS,0,PLIP XML generated
63767-86-2,OR1A1,OR1A1_P_0,all_pose,pose_0096,pose_0096,SUCCESS,0,PLIP XML generated
63767-86-2,OR1A1,OR1A1_P_0,all_pose,pose_0097,pose_0097,SUCCESS,0,PLIP XML generated
63767-86-2,OR1A1,OR1A1_P_0,all_pose,pose_0098,pose_0098,SUCCESS,0,PLIP XML generated
63767-86-2,OR1A1,OR1A1_P_0,all_pose,pose_0099,pose_0099,SUCCESS,0,PLIP XML generated
63767-86-2,OR1A1,OR1A1_P_0,all_pose,pose_0100,pose_0100,SUCCESS,0,PLIP XML generated
63767-86-2,OR1A1,OR1A1_P_0,representative,cluster_002_medoid,pose_0001,SUCCESS,0,PLIP XML generated
63767-86-2,OR1A1,OR1A1_P_0,representative,cluster_003_medoid,pose_0005,SUCCESS,0,PLIP XML generated
63767-86-2,OR1A1,OR1A1_P_0,representative,dominant_cluster_medoid,pose_0069,SUCCESS,0,PLIP XML generated
63767-86-2,OR1A1,OR1A1_P_0,representative,global_lowest_energy,pose_0084,SUCCESS,0,PLIP XML generated
63767-86-2,OR1A1,OR1A1_P_1,all_pose,pose_0001,pose_0001,SUCCESS,0,PLIP XML generated
63767-86-2,OR1A1,OR1A1_P_1,all_pose,pose_0002,pose_0002,SUCCESS,0,PLIP XML generated
63767-86-2,OR1A1,OR1A1_P_1,all_pose,pose_0003,pose_0003,SUCCESS,0,PLIP XML generated
63767-86-2,OR1A1,OR1A1_P_1,all_pose,pose_0004,pose_0004,SUCCESS,0,PLIP XML generated
63767-86-2,OR1A1,OR1A1_P_1,all_pose,pose_0005,pose_0005,SUCCESS,0,PLIP XML generated
63767-86-2,OR1A1,OR1A1_P_1,all_pose,pose_0006,pose_0006,SUCCESS,0,PLIP XML generated
63767-86-2,OR1A1,OR1A1_P_1,all_pose,pose_0007,pose_0007,SUCCESS,0,PLIP XML generated
63767-86-2,OR1A1,OR1A1_P_1,all_pose,pose_0008,pose_0008,SUCCESS,0,PLIP XML generated
63767-86-2,OR1A1,OR1A1_P_1,all_pose,pose_0009,pose_0009,SUCCESS,0,PLIP XML generated
63767-86-2,OR1A1,OR1A1_P_1,all_pose,pose_0010,pose_0010,SUCCESS,0,PLIP XML generated
63767-86-2,OR1A1,OR1A1_P_1,all_pose,pose_0011,pose_0011,SUCCESS,0,PLIP XML generated
63767-86-2,OR1A1,OR1A1_P_1,all_pose,pose_0012,pose_0012,SUCCESS,0,PLIP XML generated
63767-86-2,OR1A1,OR1A1_P_1,all_pose,pose_0013,pose_0013,SUCCESS,0,PLIP XML generated
63767-86-2,OR1A1,OR1A1_P_1,all_pose,pose_0014,pose_0014,SUCCESS,0,PLIP XML generated
63767-86-2,OR1A1,OR1A1_P_1,all_pose,pose_0015,pose_0015,SUCCESS,0,PLIP XML generated
63767-86-2,OR1A1,OR1A1_P_1,all_pose,pose_0016,pose_0016,SUCCESS,0,PLIP XML generated
63767-86-2,OR1A1,OR1A1_P_1,all_pose,pose_0017,pose_0017,SUCCESS,0,PLIP XML generated
63767-86-2,OR1A1,OR1A1_P_1,all_pose,pose_0018,pose_0018,SUCCESS,0,PLIP XML generated
63767-86-2,OR1A1,OR1A1_P_1,all_pose,pose_0019,pose_0019,SUCCESS,0,PLIP XML generated
63767-86-2,OR1A1,OR1A1_P_1,all_pose,pose_0020,pose_0020,SUCCESS,0,PLIP XML generated
63767-86-2,OR1A1,OR1A1_P_1,all_pose,pose_0021,pose_0021,SUCCESS,0,PLIP XML generated
63767-86-2,OR1A1,OR1A1_P_1,all_pose,pose_0022,pose_0022,SUCCESS,0,PLIP XML generated
63767-86-2,OR1A1,OR1A1_P_1,all_pose,pose_0023,pose_0023,SUCCESS,0,PLIP XML generated
63767-86-2,OR1A1,OR1A1_P_1,all_pose,pose_0024,pose_0024,SUCCESS,0,PLIP XML generated
63767-86-2,OR1A1,OR1A1_P_1,all_pose,pose_0025,pose_0025,SUCCESS,0,PLIP XML generated
63767-86-2,OR1A1,OR1A1_P_1,all_pose,pose_0026,pose_0026,SUCCESS,0,PLIP XML generated
63767-86-2,OR1A1,OR1A1_P_1,all_pose,pose_0027,pose_0027,SUCCESS,0,PLIP XML generated
63767-86-2,OR1A1,OR1A1_P_1,all_pose,pose_0028,pose_0028,SUCCESS,0,PLIP XML generated
63767-86-2,OR1A1,OR1A1_P_1,all_pose,pose_0029,pose_0029,SUCCESS,0,PLIP XML generated
63767-86-2,OR1A1,OR1A1_P_1,all_pose,pose_0030,pose_0030,SUCCESS,0,PLIP XML generated
63767-86-2,OR1A1,OR1A1_P_1,all_pose,pose_0031,pose_0031,SUCCESS,0,PLIP XML generated
63767-86-2,OR1A1,OR1A1_P_1,all_pose,pose_0032,pose_0032,SUCCESS,0,PLIP XML generated
63767-86-2,OR1A1,OR1A1_P_1,all_pose,pose_0033,pose_0033,SUCCESS,0,PLIP XML generated
63767-86-2,OR1A1,OR1A1_P_1,all_pose,pose_0034,pose_0034,SUCCESS,0,PLIP XML generated
63767-86-2,OR1A1,OR1A1_P_1,all_pose,pose_0035,pose_0035,SUCCESS,0,PLIP XML generated
63767-86-2,OR1A1,OR1A1_P_1,all_pose,pose_0036,pose_0036,SUCCESS,0,PLIP XML generated
63767-86-2,OR1A1,OR1A1_P_1,all_pose,pose_0037,pose_0037,SUCCESS,0,PLIP XML generated
63767-86-2,OR1A1,OR1A1_P_1,all_pose,pose_0038,pose_0038,SUCCESS,0,PLIP XML generated
63767-86-2,OR1A1,OR1A1_P_1,all_pose,pose_0039,pose_0039,SUCCESS,0,PLIP XML generated
63767-86-2,OR1A1,OR1A1_P_1,all_pose,pose_0040,pose_0040,SUCCESS,0,PLIP XML generated
63767-86-2,OR1A1,OR1A1_P_1,all_pose,pose_0041,pose_0041,SUCCESS,0,PLIP XML generated
63767-86-2,OR1A1,OR1A1_P_1,all_pose,pose_0042,pose_0042,SUCCESS,0,PLIP XML generated
63767-86-2,OR1A1,OR1A1_P_1,all_pose,pose_0043,pose_0043,SUCCESS,0,PLIP XML generated
63767-86-2,OR1A1,OR1A1_P_1,all_pose,pose_0044,pose_0044,SUCCESS,0,PLIP XML generated
63767-86-2,OR1A1,OR1A1_P_1,all_pose,pose_0045,pose_0045,SUCCESS,0,PLIP XML generated
63767-86-2,OR1A1,OR1A1_P_1,all_pose,pose_0046,pose_0046,SUCCESS,0,PLIP XML generated
63767-86-2,OR1A1,OR1A1_P_1,all_pose,pose_0047,pose_0047,SUCCESS,0,PLIP XML generated
63767-86-2,OR1A1,OR1A1_P_1,all_pose,pose_0048,pose_0048,SUCCESS,0,PLIP XML generated
63767-86-2,OR1A1,OR1A1_P_1,all_pose,pose_0049,pose_0049,SUCCESS,0,PLIP XML generated
63767-86-2,OR1A1,OR1A1_P_1,all_pose,pose_0050,pose_0050,SUCCESS,0,PLIP XML generated
63767-86-2,OR1A1,OR1A1_P_1,all_pose,pose_0051,pose_0051,SUCCESS,0,PLIP XML generated
63767-86-2,OR1A1,OR1A1_P_1,all_pose,pose_0052,pose_0052,SUCCESS,0,PLIP XML generated
63767-86-2,OR1A1,OR1A1_P_1,all_pose,pose_0053,pose_0053,SUCCESS,0,PLIP XML generated
63767-86-2,OR1A1,OR1A1_P_1,all_pose,pose_0054,pose_0054,SUCCESS,0,PLIP XML generated
63767-86-2,OR1A1,OR1A1_P_1,all_pose,pose_0055,pose_0055,SUCCESS,0,PLIP XML generated
63767-86-2,OR1A1,OR1A1_P_1,all_pose,pose_0056,pose_0056,SUCCESS,0,PLIP XML generated
63767-86-2,OR1A1,OR1A1_P_1,all_pose,pose_0057,pose_0057,SUCCESS,0,PLIP XML generated
63767-86-2,OR1A1,OR1A1_P_1,all_pose,pose_0058,pose_0058,SUCCESS,0,PLIP XML generated
63767-86-2,OR1A1,OR1A1_P_1,all_pose,pose_0059,pose_0059,SUCCESS,0,PLIP XML generated
63767-86-2,OR1A1,OR1A1_P_1,all_pose,pose_0060,pose_0060,SUCCESS,0,PLIP XML generated
63767-86-2,OR1A1,OR1A1_P_1,all_pose,pose_0061,pose_0061,SUCCESS,0,PLIP XML generated
63767-86-2,OR1A1,OR1A1_P_1,all_pose,pose_0062,pose_0062,SUCCESS,0,PLIP XML generated
63767-86-2,OR1A1,OR1A1_P_1,all_pose,pose_0063,pose_0063,SUCCESS,0,PLIP XML generated
63767-86-2,OR1A1,OR1A1_P_1,all_pose,pose_0064,pose_0064,SUCCESS,0,PLIP XML generated
63767-86-2,OR1A1,OR1A1_P_1,all_pose,pose_0065,pose_0065,SUCCESS,0,PLIP XML generated
63767-86-2,OR1A1,OR1A1_P_1,all_pose,pose_0066,pose_0066,SUCCESS,0,PLIP XML generated
63767-86-2,OR1A1,OR1A1_P_1,all_pose,pose_0067,pose_0067,SUCCESS,0,PLIP XML generated
63767-86-2,OR1A1,OR1A1_P_1,all_pose,pose_0068,pose_0068,SUCCESS,0,PLIP XML generated
63767-86-2,OR1A1,OR1A1_P_1,all_pose,pose_0069,pose_0069,SUCCESS,0,PLIP XML generated
63767-86-2,OR1A1,OR1A1_P_1,all_pose,pose_0070,pose_0070,SUCCESS,0,PLIP XML generated
63767-86-2,OR1A1,OR1A1_P_1,all_pose,pose_0071,pose_0071,SUCCESS,0,PLIP XML generated
63767-86-2,OR1A1,OR1A1_P_1,all_pose,pose_0072,pose_0072,SUCCESS,0,PLIP XML generated
63767-86-2,OR1A1,OR1A1_P_1,all_pose,pose_0073,pose_0073,SUCCESS,0,PLIP XML generated
63767-86-2,OR1A1,OR1A1_P_1,all_pose,pose_0074,pose_0074,SUCCESS,0,PLIP XML generated
63767-86-2,OR1A1,OR1A1_P_1,all_pose,pose_0075,pose_0075,SUCCESS,0,PLIP XML generated
63767-86-2,OR1A1,OR1A1_P_1,all_pose,pose_0076,pose_0076,SUCCESS,0,PLIP XML generated
63767-86-2,OR1A1,OR1A1_P_1,all_pose,pose_0077,pose_0077,SUCCESS,0,PLIP XML generated
63767-86-2,OR1A1,OR1A1_P_1,all_pose,pose_0078,pose_0078,SUCCESS,0,PLIP XML generated
63767-86-2,OR1A1,OR1A1_P_1,all_pose,pose_0079,pose_0079,SUCCESS,0,PLIP XML generated
63767-86-2,OR1A1,OR1A1_P_1,all_pose,pose_0080,pose_0080,SUCCESS,0,PLIP XML generated
63767-86-2,OR1A1,OR1A1_P_1,all_pose,pose_0081,pose_0081,SUCCESS,0,PLIP XML generated
63767-86-2,OR1A1,OR1A1_P_1,all_pose,pose_0082,pose_0082,SUCCESS,0,PLIP XML generated
63767-86-2,OR1A1,OR1A1_P_1,all_pose,pose_0083,pose_0083,SUCCESS,0,PLIP XML generated
63767-86-2,OR1A1,OR1A1_P_1,all_pose,pose_0084,pose_0084,SUCCESS,0,PLIP XML generated
63767-86-2,OR1A1,OR1A1_P_1,all_pose,pose_0085,pose_0085,SUCCESS,0,PLIP XML generated
63767-86-2,OR1A1,OR1A1_P_1,all_pose,pose_0086,pose_0086,SUCCESS,0,PLIP XML generated
63767-86-2,OR1A1,OR1A1_P_1,all_pose,pose_0087,pose_0087,SUCCESS,0,PLIP XML generated
63767-86-2,OR1A1,OR1A1_P_1,all_pose,pose_0088,pose_0088,SUCCESS,0,PLIP XML generated
63767-86-2,OR1A1,OR1A1_P_1,all_pose,pose_0089,pose_0089,SUCCESS,0,PLIP XML generated
63767-86-2,OR1A1,OR1A1_P_1,all_pose,pose_0090,pose_0090,SUCCESS,0,PLIP XML generated
63767-86-2,OR1A1,OR1A1_P_1,all_pose,pose_0091,pose_0091,SUCCESS,0,PLIP XML generated
63767-86-2,OR1A1,OR1A1_P_1,all_pose,pose_0092,pose_0092,SUCCESS,0,PLIP XML generated
63767-86-2,OR1A1,OR1A1_P_1,all_pose,pose_0093,pose_0093,SUCCESS,0,PLIP XML generated
63767-86-2,OR1A1,OR1A1_P_1,all_pose,pose_0094,pose_0094,SUCCESS,0,PLIP XML generated
63767-86-2,OR1A1,OR1A1_P_1,all_pose,pose_0095,pose_0095,SUCCESS,0,PLIP XML generated
63767-86-2,OR1A1,OR1A1_P_1,all_pose,pose_0096,pose_0096,SUCCESS,0,PLIP XML generated
63767-86-2,OR1A1,OR1A1_P_1,all_pose,pose_0097,pose_0097,SUCCESS,0,PLIP XML generated
63767-86-2,OR1A1,OR1A1_P_1,all_pose,pose_0098,pose_0098,SUCCESS,0,PLIP XML generated
63767-86-2,OR1A1,OR1A1_P_1,all_pose,pose_0099,pose_0099,SUCCESS,0,PLIP XML generated
63767-86-2,OR1A1,OR1A1_P_1,all_pose,pose_0100,pose_0100,SUCCESS,0,PLIP XML generated
63767-86-2,OR1A1,OR1A1_P_1,representative,cluster_002_medoid,pose_0043,SUCCESS,0,PLIP XML generated
63767-86-2,OR1A1,OR1A1_P_1,representative,cluster_003_medoid,pose_0100,SUCCESS,0,PLIP XML generated
63767-86-2,OR1A1,OR1A1_P_1,representative,dominant_cluster_medoid,pose_0094,SUCCESS,0,PLIP XML generated
63767-86-2,OR1A1,OR1A1_P_1,representative,global_lowest_energy,pose_0016,SUCCESS,0,PLIP XML generated
63767-86-2,OR1A1,OR1A1_P_2,all_pose,pose_0001,pose_0001,SUCCESS,0,PLIP XML generated
63767-86-2,OR1A1,OR1A1_P_2,all_pose,pose_0002,pose_0002,SUCCESS,0,PLIP XML generated
63767-86-2,OR1A1,OR1A1_P_2,all_pose,pose_0003,pose_0003,SUCCESS,0,PLIP XML generated
63767-86-2,OR1A1,OR1A1_P_2,all_pose,pose_0004,pose_0004,SUCCESS,0,PLIP XML generated
63767-86-2,OR1A1,OR1A1_P_2,all_pose,pose_0005,pose_0005,SUCCESS,0,PLIP XML generated
63767-86-2,OR1A1,OR1A1_P_2,all_pose,pose_0006,pose_0006,SUCCESS,0,PLIP XML generated
63767-86-2,OR1A1,OR1A1_P_2,all_pose,pose_0007,pose_0007,SUCCESS,0,PLIP XML generated
63767-86-2,OR1A1,OR1A1_P_2,all_pose,pose_0008,pose_0008,SUCCESS,0,PLIP XML generated
63767-86-2,OR1A1,OR1A1_P_2,all_pose,pose_0009,pose_0009,SUCCESS,0,PLIP XML generated
63767-86-2,OR1A1,OR1A1_P_2,all_pose,pose_0010,pose_0010,SUCCESS,0,PLIP XML generated
63767-86-2,OR1A1,OR1A1_P_2,all_pose,pose_0011,pose_0011,SUCCESS,0,PLIP XML generated
63767-86-2,OR1A1,OR1A1_P_2,all_pose,pose_0012,pose_0012,SUCCESS,0,PLIP XML generated
63767-86-2,OR1A1,OR1A1_P_2,all_pose,pose_0013,pose_0013,SUCCESS,0,PLIP XML generated
63767-86-2,OR1A1,OR1A1_P_2,all_pose,pose_0014,pose_0014,SUCCESS,0,PLIP XML generated
63767-86-2,OR1A1,OR1A1_P_2,all_pose,pose_0015,pose_0015,SUCCESS,0,PLIP XML generated
63767-86-2,OR1A1,OR1A1_P_2,all_pose,pose_0016,pose_0016,SUCCESS,0,PLIP XML generated
63767-86-2,OR1A1,OR1A1_P_2,all_pose,pose_0017,pose_0017,SUCCESS,0,PLIP XML generated
63767-86-2,OR1A1,OR1A1_P_2,all_pose,pose_0018,pose_0018,SUCCESS,0,PLIP XML generated
63767-86-2,OR1A1,OR1A1_P_2,all_pose,pose_0019,pose_0019,SUCCESS,0,PLIP XML generated
63767-86-2,OR1A1,OR1A1_P_2,all_pose,pose_0020,pose_0020,SUCCESS,0,PLIP XML generated
63767-86-2,OR1A1,OR1A1_P_2,all_pose,pose_0021,pose_0021,SUCCESS,0,PLIP XML generated
63767-86-2,OR1A1,OR1A1_P_2,all_pose,pose_0022,pose_0022,SUCCESS,0,PLIP XML generated
63767-86-2,OR1A1,OR1A1_P_2,all_pose,pose_0023,pose_0023,SUCCESS,0,PLIP XML generated
63767-86-2,OR1A1,OR1A1_P_2,all_pose,pose_0024,pose_0024,SUCCESS,0,PLIP XML generated
63767-86-2,OR1A1,OR1A1_P_2,all_pose,pose_0025,pose_0025,SUCCESS,0,PLIP XML generated
63767-86-2,OR1A1,OR1A1_P_2,all_pose,pose_0026,pose_0026,SUCCESS,0,PLIP XML generated
63767-86-2,OR1A1,OR1A1_P_2,all_pose,pose_0027,pose_0027,SUCCESS,0,PLIP XML generated
63767-86-2,OR1A1,OR1A1_P_2,all_pose,pose_0028,pose_0028,SUCCESS,0,PLIP XML generated
63767-86-2,OR1A1,OR1A1_P_2,all_pose,pose_0029,pose_0029,SUCCESS,0,PLIP XML generated
63767-86-2,OR1A1,OR1A1_P_2,all_pose,pose_0030,pose_0030,SUCCESS,0,PLIP XML generated
63767-86-2,OR1A1,OR1A1_P_2,all_pose,pose_0031,pose_0031,SUCCESS,0,PLIP XML generated
63767-86-2,OR1A1,OR1A1_P_2,all_pose,pose_0032,pose_0032,SUCCESS,0,PLIP XML generated
63767-86-2,OR1A1,OR1A1_P_2,all_pose,pose_0033,pose_0033,SUCCESS,0,PLIP XML generated
63767-86-2,OR1A1,OR1A1_P_2,all_pose,pose_0034,pose_0034,SUCCESS,0,PLIP XML generated
63767-86-2,OR1A1,OR1A1_P_2,all_pose,pose_0035,pose_0035,SUCCESS,0,PLIP XML generated
63767-86-2,OR1A1,OR1A1_P_2,all_pose,pose_0036,pose_0036,SUCCESS,0,PLIP XML generated
63767-86-2,OR1A1,OR1A1_P_2,all_pose,pose_0037,pose_0037,SUCCESS,0,PLIP XML generated
63767-86-2,OR1A1,OR1A1_P_2,all_pose,pose_0038,pose_0038,SUCCESS,0,PLIP XML generated
63767-86-2,OR1A1,OR1A1_P_2,all_pose,pose_0039,pose_0039,SUCCESS,0,PLIP XML generated
63767-86-2,OR1A1,OR1A1_P_2,all_pose,pose_0040,pose_0040,SUCCESS,0,PLIP XML generated
63767-86-2,OR1A1,OR1A1_P_2,all_pose,pose_0041,pose_0041,SUCCESS,0,PLIP XML generated
63767-86-2,OR1A1,OR1A1_P_2,all_pose,pose_0042,pose_0042,SUCCESS,0,PLIP XML generated
63767-86-2,OR1A1,OR1A1_P_2,all_pose,pose_0043,pose_0043,SUCCESS,0,PLIP XML generated
63767-86-2,OR1A1,OR1A1_P_2,all_pose,pose_0044,pose_0044,SUCCESS,0,PLIP XML generated
63767-86-2,OR1A1,OR1A1_P_2,all_pose,pose_0045,pose_0045,SUCCESS,0,PLIP XML generated
63767-86-2,OR1A1,OR1A1_P_2,all_pose,pose_0046,pose_0046,SUCCESS,0,PLIP XML generated
63767-86-2,OR1A1,OR1A1_P_2,all_pose,pose_0047,pose_0047,SUCCESS,0,PLIP XML generated
63767-86-2,OR1A1,OR1A1_P_2,all_pose,pose_0048,pose_0048,SUCCESS,0,PLIP XML generated
63767-86-2,OR1A1,OR1A1_P_2,all_pose,pose_0049,pose_0049,SUCCESS,0,PLIP XML generated
63767-86-2,OR1A1,OR1A1_P_2,all_pose,pose_0050,pose_0050,SUCCESS,0,PLIP XML generated
63767-86-2,OR1A1,OR1A1_P_2,all_pose,pose_0051,pose_0051,SUCCESS,0,PLIP XML generated
63767-86-2,OR1A1,OR1A1_P_2,all_pose,pose_0052,pose_0052,SUCCESS,0,PLIP XML generated
63767-86-2,OR1A1,OR1A1_P_2,all_pose,pose_0053,pose_0053,SUCCESS,0,PLIP XML generated
63767-86-2,OR1A1,OR1A1_P_2,all_pose,pose_0054,pose_0054,SUCCESS,0,PLIP XML generated
63767-86-2,OR1A1,OR1A1_P_2,all_pose,pose_0055,pose_0055,SUCCESS,0,PLIP XML generated
63767-86-2,OR1A1,OR1A1_P_2,all_pose,pose_0056,pose_0056,SUCCESS,0,PLIP XML generated
63767-86-2,OR1A1,OR1A1_P_2,all_pose,pose_0057,pose_0057,SUCCESS,0,PLIP XML generated
63767-86-2,OR1A1,OR1A1_P_2,all_pose,pose_0058,pose_0058,SUCCESS,0,PLIP XML generated
63767-86-2,OR1A1,OR1A1_P_2,all_pose,pose_0059,pose_0059,SUCCESS,0,PLIP XML generated
63767-86-2,OR1A1,OR1A1_P_2,all_pose,pose_0060,pose_0060,SUCCESS,0,PLIP XML generated
63767-86-2,OR1A1,OR1A1_P_2,all_pose,pose_0061,pose_0061,SUCCESS,0,PLIP XML generated
63767-86-2,OR1A1,OR1A1_P_2,all_pose,pose_0062,pose_0062,SUCCESS,0,PLIP XML generated
63767-86-2,OR1A1,OR1A1_P_2,all_pose,pose_0063,pose_0063,SUCCESS,0,PLIP XML generated
63767-86-2,OR1A1,OR1A1_P_2,all_pose,pose_0064,pose_0064,SUCCESS,0,PLIP XML generated
63767-86-2,OR1A1,OR1A1_P_2,all_pose,pose_0065,pose_0065,SUCCESS,0,PLIP XML generated
63767-86-2,OR1A1,OR1A1_P_2,all_pose,pose_0066,pose_0066,SUCCESS,0,PLIP XML generated
63767-86-2,OR1A1,OR1A1_P_2,all_pose,pose_0067,pose_0067,SUCCESS,0,PLIP XML generated
63767-86-2,OR1A1,OR1A1_P_2,all_pose,pose_0068,pose_0068,SUCCESS,0,PLIP XML generated
63767-86-2,OR1A1,OR1A1_P_2,all_pose,pose_0069,pose_0069,SUCCESS,0,PLIP XML generated
63767-86-2,OR1A1,OR1A1_P_2,all_pose,pose_0070,pose_0070,SUCCESS,0,PLIP XML generated
63767-86-2,OR1A1,OR1A1_P_2,all_pose,pose_0071,pose_0071,SUCCESS,0,PLIP XML generated
63767-86-2,OR1A1,OR1A1_P_2,all_pose,pose_0072,pose_0072,SUCCESS,0,PLIP XML generated
63767-86-2,OR1A1,OR1A1_P_2,all_pose,pose_0073,pose_0073,SUCCESS,0,PLIP XML generated
63767-86-2,OR1A1,OR1A1_P_2,all_pose,pose_0074,pose_0074,SUCCESS,0,PLIP XML generated
63767-86-2,OR1A1,OR1A1_P_2,all_pose,pose_0075,pose_0075,SUCCESS,0,PLIP XML generated
63767-86-2,OR1A1,OR1A1_P_2,all_pose,pose_0076,pose_0076,SUCCESS,0,PLIP XML generated
63767-86-2,OR1A1,OR1A1_P_2,all_pose,pose_0077,pose_0077,SUCCESS,0,PLIP XML generated
63767-86-2,OR1A1,OR1A1_P_2,all_pose,pose_0078,pose_0078,SUCCESS,0,PLIP XML generated
63767-86-2,OR1A1,OR1A1_P_2,all_pose,pose_0079,pose_0079,SUCCESS,0,PLIP XML generated
63767-86-2,OR1A1,OR1A1_P_2,all_pose,pose_0080,pose_0080,SUCCESS,0,PLIP XML generated
63767-86-2,OR1A1,OR1A1_P_2,all_pose,pose_0081,pose_0081,SUCCESS,0,PLIP XML generated
63767-86-2,OR1A1,OR1A1_P_2,all_pose,pose_0082,pose_0082,SUCCESS,0,PLIP XML generated
63767-86-2,OR1A1,OR1A1_P_2,all_pose,pose_0083,pose_0083,SUCCESS,0,PLIP XML generated
63767-86-2,OR1A1,OR1A1_P_2,all_pose,pose_0084,pose_0084,SUCCESS,0,PLIP XML generated
63767-86-2,OR1A1,OR1A1_P_2,all_pose,pose_0085,pose_0085,SUCCESS,0,PLIP XML generated
63767-86-2,OR1A1,OR1A1_P_2,all_pose,pose_0086,pose_0086,SUCCESS,0,PLIP XML generated
63767-86-2,OR1A1,OR1A1_P_2,all_pose,pose_0087,pose_0087,SUCCESS,0,PLIP XML generated
63767-86-2,OR1A1,OR1A1_P_2,all_pose,pose_0088,pose_0088,SUCCESS,0,PLIP XML generated
63767-86-2,OR1A1,OR1A1_P_2,all_pose,pose_0089,pose_0089,SUCCESS,0,PLIP XML generated
63767-86-2,OR1A1,OR1A1_P_2,all_pose,pose_0090,pose_0090,SUCCESS,0,PLIP XML generated
63767-86-2,OR1A1,OR1A1_P_2,all_pose,pose_0091,pose_0091,SUCCESS,0,PLIP XML generated
63767-86-2,OR1A1,OR1A1_P_2,all_pose,pose_0092,pose_0092,SUCCESS,0,PLIP XML generated
63767-86-2,OR1A1,OR1A1_P_2,all_pose,pose_0093,pose_0093,SUCCESS,0,PLIP XML generated
63767-86-2,OR1A1,OR1A1_P_2,all_pose,pose_0094,pose_0094,SUCCESS,0,PLIP XML generated
63767-86-2,OR1A1,OR1A1_P_2,all_pose,pose_0095,pose_0095,SUCCESS,0,PLIP XML generated
63767-86-2,OR1A1,OR1A1_P_2,all_pose,pose_0096,pose_0096,SUCCESS,0,PLIP XML generated
63767-86-2,OR1A1,OR1A1_P_2,all_pose,pose_0097,pose_0097,SUCCESS,0,PLIP XML generated
63767-86-2,OR1A1,OR1A1_P_2,all_pose,pose_0098,pose_0098,SUCCESS,0,PLIP XML generated
63767-86-2,OR1A1,OR1A1_P_2,all_pose,pose_0099,pose_0099,SUCCESS,0,PLIP XML generated
63767-86-2,OR1A1,OR1A1_P_2,all_pose,pose_0100,pose_0100,SUCCESS,0,PLIP XML generated
63767-86-2,OR1A1,OR1A1_P_2,representative,cluster_002_medoid,pose_0079,SUCCESS,0,PLIP XML generated
63767-86-2,OR1A1,OR1A1_P_2,representative,cluster_003_medoid,pose_0090,SUCCESS,0,PLIP XML generated
63767-86-2,OR1A1,OR1A1_P_2,representative,dominant_cluster_medoid,pose_0037,SUCCESS,0,PLIP XML generated
63767-86-2,OR1A1,OR1A1_P_2,representative,global_lowest_energy,pose_0012,SUCCESS,0,PLIP XML generated
63767-86-2,OR1A1,OR1A1_P_3,all_pose,pose_0001,pose_0001,SUCCESS,0,PLIP XML generated
63767-86-2,OR1A1,OR1A1_P_3,all_pose,pose_0002,pose_0002,SUCCESS,0,PLIP XML generated
63767-86-2,OR1A1,OR1A1_P_3,all_pose,pose_0003,pose_0003,SUCCESS,0,PLIP XML generated
63767-86-2,OR1A1,OR1A1_P_3,all_pose,pose_0004,pose_0004,SUCCESS,0,PLIP XML generated
63767-86-2,OR1A1,OR1A1_P_3,all_pose,pose_0005,pose_0005,SUCCESS,0,PLIP XML generated
63767-86-2,OR1A1,OR1A1_P_3,all_pose,pose_0006,pose_0006,SUCCESS,0,PLIP XML generated
63767-86-2,OR1A1,OR1A1_P_3,all_pose,pose_0007,pose_0007,SUCCESS,0,PLIP XML generated
63767-86-2,OR1A1,OR1A1_P_3,all_pose,pose_0008,pose_0008,SUCCESS,0,PLIP XML generated
63767-86-2,OR1A1,OR1A1_P_3,all_pose,pose_0009,pose_0009,SUCCESS,0,PLIP XML generated
63767-86-2,OR1A1,OR1A1_P_3,all_pose,pose_0010,pose_0010,SUCCESS,0,PLIP XML generated
63767-86-2,OR1A1,OR1A1_P_3,all_pose,pose_0011,pose_0011,SUCCESS,0,PLIP XML generated
63767-86-2,OR1A1,OR1A1_P_3,all_pose,pose_0012,pose_0012,SUCCESS,0,PLIP XML generated
63767-86-2,OR1A1,OR1A1_P_3,all_pose,pose_0013,pose_0013,SUCCESS,0,PLIP XML generated
63767-86-2,OR1A1,OR1A1_P_3,all_pose,pose_0014,pose_0014,SUCCESS,0,PLIP XML generated
63767-86-2,OR1A1,OR1A1_P_3,all_pose,pose_0015,pose_0015,SUCCESS,0,PLIP XML generated
63767-86-2,OR1A1,OR1A1_P_3,all_pose,pose_0016,pose_0016,SUCCESS,0,PLIP XML generated
63767-86-2,OR1A1,OR1A1_P_3,all_pose,pose_0017,pose_0017,SUCCESS,0,PLIP XML generated
63767-86-2,OR1A1,OR1A1_P_3,all_pose,pose_0018,pose_0018,SUCCESS,0,PLIP XML generated
63767-86-2,OR1A1,OR1A1_P_3,all_pose,pose_0019,pose_0019,SUCCESS,0,PLIP XML generated
63767-86-2,OR1A1,OR1A1_P_3,all_pose,pose_0020,pose_0020,SUCCESS,0,PLIP XML generated
63767-86-2,OR1A1,OR1A1_P_3,all_pose,pose_0021,pose_0021,SUCCESS,0,PLIP XML generated
63767-86-2,OR1A1,OR1A1_P_3,all_pose,pose_0022,pose_0022,SUCCESS,0,PLIP XML generated
63767-86-2,OR1A1,OR1A1_P_3,all_pose,pose_0023,pose_0023,SUCCESS,0,PLIP XML generated
63767-86-2,OR1A1,OR1A1_P_3,all_pose,pose_0024,pose_0024,SUCCESS,0,PLIP XML generated
63767-86-2,OR1A1,OR1A1_P_3,all_pose,pose_0025,pose_0025,SUCCESS,0,PLIP XML generated
63767-86-2,OR1A1,OR1A1_P_3,all_pose,pose_0026,pose_0026,SUCCESS,0,PLIP XML generated
63767-86-2,OR1A1,OR1A1_P_3,all_pose,pose_0027,pose_0027,SUCCESS,0,PLIP XML generated
63767-86-2,OR1A1,OR1A1_P_3,all_pose,pose_0028,pose_0028,SUCCESS,0,PLIP XML generated
63767-86-2,OR1A1,OR1A1_P_3,all_pose,pose_0029,pose_0029,SUCCESS,0,PLIP XML generated
63767-86-2,OR1A1,OR1A1_P_3,all_pose,pose_0030,pose_0030,SUCCESS,0,PLIP XML generated
63767-86-2,OR1A1,OR1A1_P_3,all_pose,pose_0031,pose_0031,SUCCESS,0,PLIP XML generated
63767-86-2,OR1A1,OR1A1_P_3,all_pose,pose_0032,pose_0032,SUCCESS,0,PLIP XML generated
63767-86-2,OR1A1,OR1A1_P_3,all_pose,pose_0033,pose_0033,SUCCESS,0,PLIP XML generated
63767-86-2,OR1A1,OR1A1_P_3,all_pose,pose_0034,pose_0034,SUCCESS,0,PLIP XML generated
63767-86-2,OR1A1,OR1A1_P_3,all_pose,pose_0035,pose_0035,SUCCESS,0,PLIP XML generated
63767-86-2,OR1A1,OR1A1_P_3,all_pose,pose_0036,pose_0036,SUCCESS,0,PLIP XML generated
63767-86-2,OR1A1,OR1A1_P_3,all_pose,pose_0037,pose_0037,SUCCESS,0,PLIP XML generated
63767-86-2,OR1A1,OR1A1_P_3,all_pose,pose_0038,pose_0038,SUCCESS,0,PLIP XML generated
63767-86-2,OR1A1,OR1A1_P_3,all_pose,pose_0039,pose_0039,SUCCESS,0,PLIP XML generated
63767-86-2,OR1A1,OR1A1_P_3,all_pose,pose_0040,pose_0040,SUCCESS,0,PLIP XML generated
63767-86-2,OR1A1,OR1A1_P_3,all_pose,pose_0041,pose_0041,SUCCESS,0,PLIP XML generated
63767-86-2,OR1A1,OR1A1_P_3,all_pose,pose_0042,pose_0042,SUCCESS,0,PLIP XML generated
63767-86-2,OR1A1,OR1A1_P_3,all_pose,pose_0043,pose_0043,SUCCESS,0,PLIP XML generated
63767-86-2,OR1A1,OR1A1_P_3,all_pose,pose_0044,pose_0044,SUCCESS,0,PLIP XML generated
63767-86-2,OR1A1,OR1A1_P_3,all_pose,pose_0045,pose_0045,SUCCESS,0,PLIP XML generated
63767-86-2,OR1A1,OR1A1_P_3,all_pose,pose_0046,pose_0046,SUCCESS,0,PLIP XML generated
63767-86-2,OR1A1,OR1A1_P_3,all_pose,pose_0047,pose_0047,SUCCESS,0,PLIP XML generated
63767-86-2,OR1A1,OR1A1_P_3,all_pose,pose_0048,pose_0048,SUCCESS,0,PLIP XML generated
63767-86-2,OR1A1,OR1A1_P_3,all_pose,pose_0049,pose_0049,SUCCESS,0,PLIP XML generated
63767-86-2,OR1A1,OR1A1_P_3,all_pose,pose_0050,pose_0050,SUCCESS,0,PLIP XML generated
63767-86-2,OR1A1,OR1A1_P_3,all_pose,pose_0051,pose_0051,SUCCESS,0,PLIP XML generated
63767-86-2,OR1A1,OR1A1_P_3,all_pose,pose_0052,pose_0052,SUCCESS,0,PLIP XML generated
63767-86-2,OR1A1,OR1A1_P_3,all_pose,pose_0053,pose_0053,SUCCESS,0,PLIP XML generated
63767-86-2,OR1A1,OR1A1_P_3,all_pose,pose_0054,pose_0054,SUCCESS,0,PLIP XML generated
63767-86-2,OR1A1,OR1A1_P_3,all_pose,pose_0055,pose_0055,SUCCESS,0,PLIP XML generated
63767-86-2,OR1A1,OR1A1_P_3,all_pose,pose_0056,pose_0056,SUCCESS,0,PLIP XML generated
63767-86-2,OR1A1,OR1A1_P_3,all_pose,pose_0057,pose_0057,SUCCESS,0,PLIP XML generated
63767-86-2,OR1A1,OR1A1_P_3,all_pose,pose_0058,pose_0058,SUCCESS,0,PLIP XML generated
63767-86-2,OR1A1,OR1A1_P_3,all_pose,pose_0059,pose_0059,SUCCESS,0,PLIP XML generated
63767-86-2,OR1A1,OR1A1_P_3,all_pose,pose_0060,pose_0060,SUCCESS,0,PLIP XML generated
63767-86-2,OR1A1,OR1A1_P_3,all_pose,pose_0061,pose_0061,SUCCESS,0,PLIP XML generated
63767-86-2,OR1A1,OR1A1_P_3,all_pose,pose_0062,pose_0062,SUCCESS,0,PLIP XML generated
63767-86-2,OR1A1,OR1A1_P_3,all_pose,pose_0063,pose_0063,SUCCESS,0,PLIP XML generated
63767-86-2,OR1A1,OR1A1_P_3,all_pose,pose_0064,pose_0064,SUCCESS,0,PLIP XML generated
63767-86-2,OR1A1,OR1A1_P_3,all_pose,pose_0065,pose_0065,SUCCESS,0,PLIP XML generated
63767-86-2,OR1A1,OR1A1_P_3,all_pose,pose_0066,pose_0066,SUCCESS,0,PLIP XML generated
63767-86-2,OR1A1,OR1A1_P_3,all_pose,pose_0067,pose_0067,SUCCESS,0,PLIP XML generated
63767-86-2,OR1A1,OR1A1_P_3,all_pose,pose_0068,pose_0068,SUCCESS,0,PLIP XML generated
63767-86-2,OR1A1,OR1A1_P_3,all_pose,pose_0069,pose_0069,SUCCESS,0,PLIP XML generated
63767-86-2,OR1A1,OR1A1_P_3,all_pose,pose_0070,pose_0070,SUCCESS,0,PLIP XML generated
63767-86-2,OR1A1,OR1A1_P_3,all_pose,pose_0071,pose_0071,SUCCESS,0,PLIP XML generated
63767-86-2,OR1A1,OR1A1_P_3,all_pose,pose_0072,pose_0072,SUCCESS,0,PLIP XML generated
63767-86-2,OR1A1,OR1A1_P_3,all_pose,pose_0073,pose_0073,SUCCESS,0,PLIP XML generated
63767-86-2,OR1A1,OR1A1_P_3,all_pose,pose_0074,pose_0074,SUCCESS,0,PLIP XML generated
63767-86-2,OR1A1,OR1A1_P_3,all_pose,pose_0075,pose_0075,SUCCESS,0,PLIP XML generated
63767-86-2,OR1A1,OR1A1_P_3,all_pose,pose_0076,pose_0076,SUCCESS,0,PLIP XML generated
63767-86-2,OR1A1,OR1A1_P_3,all_pose,pose_0077,pose_0077,SUCCESS,0,PLIP XML generated
63767-86-2,OR1A1,OR1A1_P_3,all_pose,pose_0078,pose_0078,SUCCESS,0,PLIP XML generated
63767-86-2,OR1A1,OR1A1_P_3,all_pose,pose_0079,pose_0079,SUCCESS,0,PLIP XML generated
63767-86-2,OR1A1,OR1A1_P_3,all_pose,pose_0080,pose_0080,SUCCESS,0,PLIP XML generated
63767-86-2,OR1A1,OR1A1_P_3,all_pose,pose_0081,pose_0081,SUCCESS,0,PLIP XML generated
63767-86-2,OR1A1,OR1A1_P_3,all_pose,pose_0082,pose_0082,SUCCESS,0,PLIP XML generated
63767-86-2,OR1A1,OR1A1_P_3,all_pose,pose_0083,pose_0083,SUCCESS,0,PLIP XML generated
63767-86-2,OR1A1,OR1A1_P_3,all_pose,pose_0084,pose_0084,SUCCESS,0,PLIP XML generated
63767-86-2,OR1A1,OR1A1_P_3,all_pose,pose_0085,pose_0085,SUCCESS,0,PLIP XML generated
63767-86-2,OR1A1,OR1A1_P_3,all_pose,pose_0086,pose_0086,SUCCESS,0,PLIP XML generated
63767-86-2,OR1A1,OR1A1_P_3,all_pose,pose_0087,pose_0087,SUCCESS,0,PLIP XML generated
63767-86-2,OR1A1,OR1A1_P_3,all_pose,pose_0088,pose_0088,SUCCESS,0,PLIP XML generated
63767-86-2,OR1A1,OR1A1_P_3,all_pose,pose_0089,pose_0089,SUCCESS,0,PLIP XML generated
63767-86-2,OR1A1,OR1A1_P_3,all_pose,pose_0090,pose_0090,SUCCESS,0,PLIP XML generated
63767-86-2,OR1A1,OR1A1_P_3,all_pose,pose_0091,pose_0091,SUCCESS,0,PLIP XML generated
63767-86-2,OR1A1,OR1A1_P_3,all_pose,pose_0092,pose_0092,SUCCESS,0,PLIP XML generated
63767-86-2,OR1A1,OR1A1_P_3,all_pose,pose_0093,pose_0093,SUCCESS,0,PLIP XML generated
63767-86-2,OR1A1,OR1A1_P_3,all_pose,pose_0094,pose_0094,SUCCESS,0,PLIP XML generated
63767-86-2,OR1A1,OR1A1_P_3,all_pose,pose_0095,pose_0095,SUCCESS,0,PLIP XML generated
63767-86-2,OR1A1,OR1A1_P_3,all_pose,pose_0096,pose_0096,SUCCESS,0,PLIP XML generated
63767-86-2,OR1A1,OR1A1_P_3,all_pose,pose_0097,pose_0097,SUCCESS,0,PLIP XML generated
63767-86-2,OR1A1,OR1A1_P_3,all_pose,pose_0098,pose_0098,SUCCESS,0,PLIP XML generated
63767-86-2,OR1A1,OR1A1_P_3,all_pose,pose_0099,pose_0099,SUCCESS,0,PLIP XML generated
63767-86-2,OR1A1,OR1A1_P_3,all_pose,pose_0100,pose_0100,SUCCESS,0,PLIP XML generated
63767-86-2,OR1A1,OR1A1_P_3,representative,cluster_002_medoid,pose_0056,SUCCESS,0,PLIP XML generated
63767-86-2,OR1A1,OR1A1_P_3,representative,cluster_003_medoid,pose_0035,SUCCESS,0,PLIP XML generated
63767-86-2,OR1A1,OR1A1_P_3,representative,dominant_cluster_medoid,pose_0042,SUCCESS,0,PLIP XML generated
63767-86-2,OR1A1,OR1A1_P_3,representative,global_lowest_energy,pose_0092,SUCCESS,0,PLIP XML generated
66-25-1,OR1A1,OR1A1_P_0,all_pose,pose_0001,pose_0001,SUCCESS,0,PLIP XML generated
66-25-1,OR1A1,OR1A1_P_0,all_pose,pose_0002,pose_0002,SUCCESS,0,PLIP XML generated
66-25-1,OR1A1,OR1A1_P_0,all_pose,pose_0003,pose_0003,SUCCESS,0,PLIP XML generated
66-25-1,OR1A1,OR1A1_P_0,all_pose,pose_0004,pose_0004,SUCCESS,0,PLIP XML generated
66-25-1,OR1A1,OR1A1_P_0,all_pose,pose_0005,pose_0005,SUCCESS,0,PLIP XML generated
66-25-1,OR1A1,OR1A1_P_0,all_pose,pose_0006,pose_0006,SUCCESS,0,PLIP XML generated
66-25-1,OR1A1,OR1A1_P_0,all_pose,pose_0007,pose_0007,SUCCESS,0,PLIP XML generated
66-25-1,OR1A1,OR1A1_P_0,all_pose,pose_0008,pose_0008,SUCCESS,0,PLIP XML generated
66-25-1,OR1A1,OR1A1_P_0,all_pose,pose_0009,pose_0009,SUCCESS,0,PLIP XML generated
66-25-1,OR1A1,OR1A1_P_0,all_pose,pose_0010,pose_0010,SUCCESS,0,PLIP XML generated
66-25-1,OR1A1,OR1A1_P_0,all_pose,pose_0011,pose_0011,SUCCESS,0,PLIP XML generated
66-25-1,OR1A1,OR1A1_P_0,all_pose,pose_0012,pose_0012,SUCCESS,0,PLIP XML generated
66-25-1,OR1A1,OR1A1_P_0,all_pose,pose_0013,pose_0013,SUCCESS,0,PLIP XML generated
66-25-1,OR1A1,OR1A1_P_0,all_pose,pose_0014,pose_0014,SUCCESS,0,PLIP XML generated
66-25-1,OR1A1,OR1A1_P_0,all_pose,pose_0015,pose_0015,SUCCESS,0,PLIP XML generated
66-25-1,OR1A1,OR1A1_P_0,all_pose,pose_0016,pose_0016,SUCCESS,0,PLIP XML generated
66-25-1,OR1A1,OR1A1_P_0,all_pose,pose_0017,pose_0017,SUCCESS,0,PLIP XML generated
66-25-1,OR1A1,OR1A1_P_0,all_pose,pose_0018,pose_0018,SUCCESS,0,PLIP XML generated
66-25-1,OR1A1,OR1A1_P_0,all_pose,pose_0019,pose_0019,SUCCESS,0,PLIP XML generated
66-25-1,OR1A1,OR1A1_P_0,all_pose,pose_0020,pose_0020,SUCCESS,0,PLIP XML generated
66-25-1,OR1A1,OR1A1_P_0,all_pose,pose_0021,pose_0021,SUCCESS,0,PLIP XML generated
66-25-1,OR1A1,OR1A1_P_0,all_pose,pose_0022,pose_0022,SUCCESS,0,PLIP XML generated
66-25-1,OR1A1,OR1A1_P_0,all_pose,pose_0023,pose_0023,SUCCESS,0,PLIP XML generated
66-25-1,OR1A1,OR1A1_P_0,all_pose,pose_0024,pose_0024,SUCCESS,0,PLIP XML generated
66-25-1,OR1A1,OR1A1_P_0,all_pose,pose_0025,pose_0025,SUCCESS,0,PLIP XML generated
66-25-1,OR1A1,OR1A1_P_0,all_pose,pose_0026,pose_0026,SUCCESS,0,PLIP XML generated
66-25-1,OR1A1,OR1A1_P_0,all_pose,pose_0027,pose_0027,SUCCESS,0,PLIP XML generated
66-25-1,OR1A1,OR1A1_P_0,all_pose,pose_0028,pose_0028,SUCCESS,0,PLIP XML generated
66-25-1,OR1A1,OR1A1_P_0,all_pose,pose_0029,pose_0029,SUCCESS,0,PLIP XML generated
66-25-1,OR1A1,OR1A1_P_0,all_pose,pose_0030,pose_0030,SUCCESS,0,PLIP XML generated
66-25-1,OR1A1,OR1A1_P_0,all_pose,pose_0031,pose_0031,SUCCESS,0,PLIP XML generated
66-25-1,OR1A1,OR1A1_P_0,all_pose,pose_0032,pose_0032,SUCCESS,0,PLIP XML generated
66-25-1,OR1A1,OR1A1_P_0,all_pose,pose_0033,pose_0033,SUCCESS,0,PLIP XML generated
66-25-1,OR1A1,OR1A1_P_0,all_pose,pose_0034,pose_0034,SUCCESS,0,PLIP XML generated
66-25-1,OR1A1,OR1A1_P_0,all_pose,pose_0035,pose_0035,SUCCESS,0,PLIP XML generated
66-25-1,OR1A1,OR1A1_P_0,all_pose,pose_0036,pose_0036,SUCCESS,0,PLIP XML generated
66-25-1,OR1A1,OR1A1_P_0,all_pose,pose_0037,pose_0037,SUCCESS,0,PLIP XML generated
66-25-1,OR1A1,OR1A1_P_0,all_pose,pose_0038,pose_0038,SUCCESS,0,PLIP XML generated
66-25-1,OR1A1,OR1A1_P_0,all_pose,pose_0039,pose_0039,SUCCESS,0,PLIP XML generated
66-25-1,OR1A1,OR1A1_P_0,all_pose,pose_0040,pose_0040,SUCCESS,0,PLIP XML generated
66-25-1,OR1A1,OR1A1_P_0,all_pose,pose_0041,pose_0041,SUCCESS,0,PLIP XML generated
66-25-1,OR1A1,OR1A1_P_0,all_pose,pose_0042,pose_0042,SUCCESS,0,PLIP XML generated
66-25-1,OR1A1,OR1A1_P_0,all_pose,pose_0043,pose_0043,SUCCESS,0,PLIP XML generated
66-25-1,OR1A1,OR1A1_P_0,all_pose,pose_0044,pose_0044,SUCCESS,0,PLIP XML generated
66-25-1,OR1A1,OR1A1_P_0,all_pose,pose_0045,pose_0045,SUCCESS,0,PLIP XML generated
66-25-1,OR1A1,OR1A1_P_0,all_pose,pose_0046,pose_0046,SUCCESS,0,PLIP XML generated
66-25-1,OR1A1,OR1A1_P_0,all_pose,pose_0047,pose_0047,SUCCESS,0,PLIP XML generated
66-25-1,OR1A1,OR1A1_P_0,all_pose,pose_0048,pose_0048,SUCCESS,0,PLIP XML generated
66-25-1,OR1A1,OR1A1_P_0,all_pose,pose_0049,pose_0049,SUCCESS,0,PLIP XML generated
66-25-1,OR1A1,OR1A1_P_0,all_pose,pose_0050,pose_0050,SUCCESS,0,PLIP XML generated
66-25-1,OR1A1,OR1A1_P_0,all_pose,pose_0051,pose_0051,SUCCESS,0,PLIP XML generated
66-25-1,OR1A1,OR1A1_P_0,all_pose,pose_0052,pose_0052,SUCCESS,0,PLIP XML generated
66-25-1,OR1A1,OR1A1_P_0,all_pose,pose_0053,pose_0053,SUCCESS,0,PLIP XML generated
66-25-1,OR1A1,OR1A1_P_0,all_pose,pose_0054,pose_0054,SUCCESS,0,PLIP XML generated
66-25-1,OR1A1,OR1A1_P_0,all_pose,pose_0055,pose_0055,SUCCESS,0,PLIP XML generated
66-25-1,OR1A1,OR1A1_P_0,all_pose,pose_0056,pose_0056,SUCCESS,0,PLIP XML generated
66-25-1,OR1A1,OR1A1_P_0,all_pose,pose_0057,pose_0057,SUCCESS,0,PLIP XML generated
66-25-1,OR1A1,OR1A1_P_0,all_pose,pose_0058,pose_0058,SUCCESS,0,PLIP XML generated
66-25-1,OR1A1,OR1A1_P_0,all_pose,pose_0059,pose_0059,SUCCESS,0,PLIP XML generated
66-25-1,OR1A1,OR1A1_P_0,all_pose,pose_0060,pose_0060,SUCCESS,0,PLIP XML generated
66-25-1,OR1A1,OR1A1_P_0,all_pose,pose_0061,pose_0061,SUCCESS,0,PLIP XML generated
66-25-1,OR1A1,OR1A1_P_0,all_pose,pose_0062,pose_0062,SUCCESS,0,PLIP XML generated
66-25-1,OR1A1,OR1A1_P_0,all_pose,pose_0063,pose_0063,SUCCESS,0,PLIP XML generated
66-25-1,OR1A1,OR1A1_P_0,all_pose,pose_0064,pose_0064,SUCCESS,0,PLIP XML generated
66-25-1,OR1A1,OR1A1_P_0,all_pose,pose_0065,pose_0065,SUCCESS,0,PLIP XML generated
66-25-1,OR1A1,OR1A1_P_0,all_pose,pose_0066,pose_0066,SUCCESS,0,PLIP XML generated
66-25-1,OR1A1,OR1A1_P_0,all_pose,pose_0067,pose_0067,SUCCESS,0,PLIP XML generated
66-25-1,OR1A1,OR1A1_P_0,all_pose,pose_0068,pose_0068,SUCCESS,0,PLIP XML generated
66-25-1,OR1A1,OR1A1_P_0,all_pose,pose_0069,pose_0069,SUCCESS,0,PLIP XML generated
66-25-1,OR1A1,OR1A1_P_0,all_pose,pose_0070,pose_0070,SUCCESS,0,PLIP XML generated
66-25-1,OR1A1,OR1A1_P_0,all_pose,pose_0071,pose_0071,SUCCESS,0,PLIP XML generated
66-25-1,OR1A1,OR1A1_P_0,all_pose,pose_0072,pose_0072,SUCCESS,0,PLIP XML generated
66-25-1,OR1A1,OR1A1_P_0,all_pose,pose_0073,pose_0073,SUCCESS,0,PLIP XML generated
66-25-1,OR1A1,OR1A1_P_0,all_pose,pose_0074,pose_0074,SUCCESS,0,PLIP XML generated
66-25-1,OR1A1,OR1A1_P_0,all_pose,pose_0075,pose_0075,SUCCESS,0,PLIP XML generated
66-25-1,OR1A1,OR1A1_P_0,all_pose,pose_0076,pose_0076,SUCCESS,0,PLIP XML generated
66-25-1,OR1A1,OR1A1_P_0,all_pose,pose_0077,pose_0077,SUCCESS,0,PLIP XML generated
66-25-1,OR1A1,OR1A1_P_0,all_pose,pose_0078,pose_0078,SUCCESS,0,PLIP XML generated
66-25-1,OR1A1,OR1A1_P_0,all_pose,pose_0079,pose_0079,SUCCESS,0,PLIP XML generated
66-25-1,OR1A1,OR1A1_P_0,all_pose,pose_0080,pose_0080,SUCCESS,0,PLIP XML generated
66-25-1,OR1A1,OR1A1_P_0,all_pose,pose_0081,pose_0081,SUCCESS,0,PLIP XML generated
66-25-1,OR1A1,OR1A1_P_0,all_pose,pose_0082,pose_0082,SUCCESS,0,PLIP XML generated
66-25-1,OR1A1,OR1A1_P_0,all_pose,pose_0083,pose_0083,SUCCESS,0,PLIP XML generated
66-25-1,OR1A1,OR1A1_P_0,all_pose,pose_0084,pose_0084,SUCCESS,0,PLIP XML generated
66-25-1,OR1A1,OR1A1_P_0,all_pose,pose_0085,pose_0085,SUCCESS,0,PLIP XML generated
66-25-1,OR1A1,OR1A1_P_0,all_pose,pose_0086,pose_0086,SUCCESS,0,PLIP XML generated
66-25-1,OR1A1,OR1A1_P_0,all_pose,pose_0087,pose_0087,SUCCESS,0,PLIP XML generated
66-25-1,OR1A1,OR1A1_P_0,all_pose,pose_0088,pose_0088,SUCCESS,0,PLIP XML generated
66-25-1,OR1A1,OR1A1_P_0,all_pose,pose_0089,pose_0089,SUCCESS,0,PLIP XML generated
66-25-1,OR1A1,OR1A1_P_0,all_pose,pose_0090,pose_0090,SUCCESS,0,PLIP XML generated
66-25-1,OR1A1,OR1A1_P_0,all_pose,pose_0091,pose_0091,SUCCESS,0,PLIP XML generated
66-25-1,OR1A1,OR1A1_P_0,all_pose,pose_0092,pose_0092,SUCCESS,0,PLIP XML generated
66-25-1,OR1A1,OR1A1_P_0,all_pose,pose_0093,pose_0093,SUCCESS,0,PLIP XML generated
66-25-1,OR1A1,OR1A1_P_0,all_pose,pose_0094,pose_0094,SUCCESS,0,PLIP XML generated
66-25-1,OR1A1,OR1A1_P_0,all_pose,pose_0095,pose_0095,SUCCESS,0,PLIP XML generated
66-25-1,OR1A1,OR1A1_P_0,all_pose,pose_0096,pose_0096,SUCCESS,0,PLIP XML generated
66-25-1,OR1A1,OR1A1_P_0,all_pose,pose_0097,pose_0097,SUCCESS,0,PLIP XML generated
66-25-1,OR1A1,OR1A1_P_0,all_pose,pose_0098,pose_0098,SUCCESS,0,PLIP XML generated
66-25-1,OR1A1,OR1A1_P_0,all_pose,pose_0099,pose_0099,SUCCESS,0,PLIP XML generated
66-25-1,OR1A1,OR1A1_P_0,all_pose,pose_0100,pose_0100,SUCCESS,0,PLIP XML generated
66-25-1,OR1A1,OR1A1_P_0,representative,cluster_002_medoid,pose_0073,SUCCESS,0,PLIP XML generated
66-25-1,OR1A1,OR1A1_P_0,representative,cluster_003_medoid,pose_0085,SUCCESS,0,PLIP XML generated
66-25-1,OR1A1,OR1A1_P_0,representative,dominant_cluster_medoid,pose_0046,SUCCESS,0,PLIP XML generated
66-25-1,OR1A1,OR1A1_P_0,representative,global_lowest_energy,pose_0031,SUCCESS,0,PLIP XML generated
66-25-1,OR1A1,OR1A1_P_1,all_pose,pose_0001,pose_0001,SUCCESS,0,PLIP XML generated
66-25-1,OR1A1,OR1A1_P_1,all_pose,pose_0002,pose_0002,SUCCESS,0,PLIP XML generated
66-25-1,OR1A1,OR1A1_P_1,all_pose,pose_0003,pose_0003,SUCCESS,0,PLIP XML generated
66-25-1,OR1A1,OR1A1_P_1,all_pose,pose_0004,pose_0004,SUCCESS,0,PLIP XML generated
66-25-1,OR1A1,OR1A1_P_1,all_pose,pose_0005,pose_0005,SUCCESS,0,PLIP XML generated
66-25-1,OR1A1,OR1A1_P_1,all_pose,pose_0006,pose_0006,SUCCESS,0,PLIP XML generated
66-25-1,OR1A1,OR1A1_P_1,all_pose,pose_0007,pose_0007,SUCCESS,0,PLIP XML generated
66-25-1,OR1A1,OR1A1_P_1,all_pose,pose_0008,pose_0008,SUCCESS,0,PLIP XML generated
66-25-1,OR1A1,OR1A1_P_1,all_pose,pose_0009,pose_0009,SUCCESS,0,PLIP XML generated
66-25-1,OR1A1,OR1A1_P_1,all_pose,pose_0010,pose_0010,SUCCESS,0,PLIP XML generated
66-25-1,OR1A1,OR1A1_P_1,all_pose,pose_0011,pose_0011,SUCCESS,0,PLIP XML generated
66-25-1,OR1A1,OR1A1_P_1,all_pose,pose_0012,pose_0012,SUCCESS,0,PLIP XML generated
66-25-1,OR1A1,OR1A1_P_1,all_pose,pose_0013,pose_0013,SUCCESS,0,PLIP XML generated
66-25-1,OR1A1,OR1A1_P_1,all_pose,pose_0014,pose_0014,SUCCESS,0,PLIP XML generated
66-25-1,OR1A1,OR1A1_P_1,all_pose,pose_0015,pose_0015,SUCCESS,0,PLIP XML generated
66-25-1,OR1A1,OR1A1_P_1,all_pose,pose_0016,pose_0016,SUCCESS,0,PLIP XML generated
66-25-1,OR1A1,OR1A1_P_1,all_pose,pose_0017,pose_0017,SUCCESS,0,PLIP XML generated
66-25-1,OR1A1,OR1A1_P_1,all_pose,pose_0018,pose_0018,SUCCESS,0,PLIP XML generated
66-25-1,OR1A1,OR1A1_P_1,all_pose,pose_0019,pose_0019,SUCCESS,0,PLIP XML generated
66-25-1,OR1A1,OR1A1_P_1,all_pose,pose_0020,pose_0020,SUCCESS,0,PLIP XML generated
66-25-1,OR1A1,OR1A1_P_1,all_pose,pose_0021,pose_0021,SUCCESS,0,PLIP XML generated
66-25-1,OR1A1,OR1A1_P_1,all_pose,pose_0022,pose_0022,SUCCESS,0,PLIP XML generated
66-25-1,OR1A1,OR1A1_P_1,all_pose,pose_0023,pose_0023,SUCCESS,0,PLIP XML generated
66-25-1,OR1A1,OR1A1_P_1,all_pose,pose_0024,pose_0024,SUCCESS,0,PLIP XML generated
66-25-1,OR1A1,OR1A1_P_1,all_pose,pose_0025,pose_0025,SUCCESS,0,PLIP XML generated
66-25-1,OR1A1,OR1A1_P_1,all_pose,pose_0026,pose_0026,SUCCESS,0,PLIP XML generated
66-25-1,OR1A1,OR1A1_P_1,all_pose,pose_0027,pose_0027,SUCCESS,0,PLIP XML generated
66-25-1,OR1A1,OR1A1_P_1,all_pose,pose_0028,pose_0028,SUCCESS,0,PLIP XML generated
66-25-1,OR1A1,OR1A1_P_1,all_pose,pose_0029,pose_0029,SUCCESS,0,PLIP XML generated
66-25-1,OR1A1,OR1A1_P_1,all_pose,pose_0030,pose_0030,SUCCESS,0,PLIP XML generated
66-25-1,OR1A1,OR1A1_P_1,all_pose,pose_0031,pose_0031,SUCCESS,0,PLIP XML generated
66-25-1,OR1A1,OR1A1_P_1,all_pose,pose_0032,pose_0032,SUCCESS,0,PLIP XML generated
66-25-1,OR1A1,OR1A1_P_1,all_pose,pose_0033,pose_0033,SUCCESS,0,PLIP XML generated
66-25-1,OR1A1,OR1A1_P_1,all_pose,pose_0034,pose_0034,SUCCESS,0,PLIP XML generated
66-25-1,OR1A1,OR1A1_P_1,all_pose,pose_0035,pose_0035,SUCCESS,0,PLIP XML generated
66-25-1,OR1A1,OR1A1_P_1,all_pose,pose_0036,pose_0036,SUCCESS,0,PLIP XML generated
66-25-1,OR1A1,OR1A1_P_1,all_pose,pose_0037,pose_0037,SUCCESS,0,PLIP XML generated
66-25-1,OR1A1,OR1A1_P_1,all_pose,pose_0038,pose_0038,SUCCESS,0,PLIP XML generated
66-25-1,OR1A1,OR1A1_P_1,all_pose,pose_0039,pose_0039,SUCCESS,0,PLIP XML generated
66-25-1,OR1A1,OR1A1_P_1,all_pose,pose_0040,pose_0040,SUCCESS,0,PLIP XML generated
66-25-1,OR1A1,OR1A1_P_1,all_pose,pose_0041,pose_0041,SUCCESS,0,PLIP XML generated
66-25-1,OR1A1,OR1A1_P_1,all_pose,pose_0042,pose_0042,SUCCESS,0,PLIP XML generated
66-25-1,OR1A1,OR1A1_P_1,all_pose,pose_0043,pose_0043,SUCCESS,0,PLIP XML generated
66-25-1,OR1A1,OR1A1_P_1,all_pose,pose_0044,pose_0044,SUCCESS,0,PLIP XML generated
66-25-1,OR1A1,OR1A1_P_1,all_pose,pose_0045,pose_0045,SUCCESS,0,PLIP XML generated
66-25-1,OR1A1,OR1A1_P_1,all_pose,pose_0046,pose_0046,SUCCESS,0,PLIP XML generated
66-25-1,OR1A1,OR1A1_P_1,all_pose,pose_0047,pose_0047,SUCCESS,0,PLIP XML generated
66-25-1,OR1A1,OR1A1_P_1,all_pose,pose_0048,pose_0048,SUCCESS,0,PLIP XML generated
66-25-1,OR1A1,OR1A1_P_1,all_pose,pose_0049,pose_0049,SUCCESS,0,PLIP XML generated
66-25-1,OR1A1,OR1A1_P_1,all_pose,pose_0050,pose_0050,SUCCESS,0,PLIP XML generated
66-25-1,OR1A1,OR1A1_P_1,all_pose,pose_0051,pose_0051,SUCCESS,0,PLIP XML generated
66-25-1,OR1A1,OR1A1_P_1,all_pose,pose_0052,pose_0052,SUCCESS,0,PLIP XML generated
66-25-1,OR1A1,OR1A1_P_1,all_pose,pose_0053,pose_0053,SUCCESS,0,PLIP XML generated
66-25-1,OR1A1,OR1A1_P_1,all_pose,pose_0054,pose_0054,SUCCESS,0,PLIP XML generated
66-25-1,OR1A1,OR1A1_P_1,all_pose,pose_0055,pose_0055,SUCCESS,0,PLIP XML generated
66-25-1,OR1A1,OR1A1_P_1,all_pose,pose_0056,pose_0056,SUCCESS,0,PLIP XML generated
66-25-1,OR1A1,OR1A1_P_1,all_pose,pose_0057,pose_0057,SUCCESS,0,PLIP XML generated
66-25-1,OR1A1,OR1A1_P_1,all_pose,pose_0058,pose_0058,SUCCESS,0,PLIP XML generated
66-25-1,OR1A1,OR1A1_P_1,all_pose,pose_0059,pose_0059,SUCCESS,0,PLIP XML generated
66-25-1,OR1A1,OR1A1_P_1,all_pose,pose_0060,pose_0060,SUCCESS,0,PLIP XML generated
66-25-1,OR1A1,OR1A1_P_1,all_pose,pose_0061,pose_0061,SUCCESS,0,PLIP XML generated
66-25-1,OR1A1,OR1A1_P_1,all_pose,pose_0062,pose_0062,SUCCESS,0,PLIP XML generated
66-25-1,OR1A1,OR1A1_P_1,all_pose,pose_0063,pose_0063,SUCCESS,0,PLIP XML generated
66-25-1,OR1A1,OR1A1_P_1,all_pose,pose_0064,pose_0064,SUCCESS,0,PLIP XML generated
66-25-1,OR1A1,OR1A1_P_1,all_pose,pose_0065,pose_0065,SUCCESS,0,PLIP XML generated
66-25-1,OR1A1,OR1A1_P_1,all_pose,pose_0066,pose_0066,SUCCESS,0,PLIP XML generated
66-25-1,OR1A1,OR1A1_P_1,all_pose,pose_0067,pose_0067,SUCCESS,0,PLIP XML generated
66-25-1,OR1A1,OR1A1_P_1,all_pose,pose_0068,pose_0068,SUCCESS,0,PLIP XML generated
66-25-1,OR1A1,OR1A1_P_1,all_pose,pose_0069,pose_0069,SUCCESS,0,PLIP XML generated
66-25-1,OR1A1,OR1A1_P_1,all_pose,pose_0070,pose_0070,SUCCESS,0,PLIP XML generated
66-25-1,OR1A1,OR1A1_P_1,all_pose,pose_0071,pose_0071,SUCCESS,0,PLIP XML generated
66-25-1,OR1A1,OR1A1_P_1,all_pose,pose_0072,pose_0072,SUCCESS,0,PLIP XML generated
66-25-1,OR1A1,OR1A1_P_1,all_pose,pose_0073,pose_0073,SUCCESS,0,PLIP XML generated
66-25-1,OR1A1,OR1A1_P_1,all_pose,pose_0074,pose_0074,SUCCESS,0,PLIP XML generated
66-25-1,OR1A1,OR1A1_P_1,all_pose,pose_0075,pose_0075,SUCCESS,0,PLIP XML generated
66-25-1,OR1A1,OR1A1_P_1,all_pose,pose_0076,pose_0076,SUCCESS,0,PLIP XML generated
66-25-1,OR1A1,OR1A1_P_1,all_pose,pose_0077,pose_0077,SUCCESS,0,PLIP XML generated
66-25-1,OR1A1,OR1A1_P_1,all_pose,pose_0078,pose_0078,SUCCESS,0,PLIP XML generated
66-25-1,OR1A1,OR1A1_P_1,all_pose,pose_0079,pose_0079,SUCCESS,0,PLIP XML generated
66-25-1,OR1A1,OR1A1_P_1,all_pose,pose_0080,pose_0080,SUCCESS,0,PLIP XML generated
66-25-1,OR1A1,OR1A1_P_1,all_pose,pose_0081,pose_0081,SUCCESS,0,PLIP XML generated
66-25-1,OR1A1,OR1A1_P_1,all_pose,pose_0082,pose_0082,SUCCESS,0,PLIP XML generated
66-25-1,OR1A1,OR1A1_P_1,all_pose,pose_0083,pose_0083,SUCCESS,0,PLIP XML generated
66-25-1,OR1A1,OR1A1_P_1,all_pose,pose_0084,pose_0084,SUCCESS,0,PLIP XML generated
66-25-1,OR1A1,OR1A1_P_1,all_pose,pose_0085,pose_0085,SUCCESS,0,PLIP XML generated
66-25-1,OR1A1,OR1A1_P_1,all_pose,pose_0086,pose_0086,SUCCESS,0,PLIP XML generated
66-25-1,OR1A1,OR1A1_P_1,all_pose,pose_0087,pose_0087,SUCCESS,0,PLIP XML generated
66-25-1,OR1A1,OR1A1_P_1,all_pose,pose_0088,pose_0088,SUCCESS,0,PLIP XML generated
66-25-1,OR1A1,OR1A1_P_1,all_pose,pose_0089,pose_0089,SUCCESS,0,PLIP XML generated
66-25-1,OR1A1,OR1A1_P_1,all_pose,pose_0090,pose_0090,SUCCESS,0,PLIP XML generated
66-25-1,OR1A1,OR1A1_P_1,all_pose,pose_0091,pose_0091,SUCCESS,0,PLIP XML generated
66-25-1,OR1A1,OR1A1_P_1,all_pose,pose_0092,pose_0092,SUCCESS,0,PLIP XML generated
66-25-1,OR1A1,OR1A1_P_1,all_pose,pose_0093,pose_0093,SUCCESS,0,PLIP XML generated
66-25-1,OR1A1,OR1A1_P_1,all_pose,pose_0094,pose_0094,SUCCESS,0,PLIP XML generated
66-25-1,OR1A1,OR1A1_P_1,all_pose,pose_0095,pose_0095,SUCCESS,0,PLIP XML generated
66-25-1,OR1A1,OR1A1_P_1,all_pose,pose_0096,pose_0096,SUCCESS,0,PLIP XML generated
66-25-1,OR1A1,OR1A1_P_1,all_pose,pose_0097,pose_0097,SUCCESS,0,PLIP XML generated
66-25-1,OR1A1,OR1A1_P_1,all_pose,pose_0098,pose_0098,SUCCESS,0,PLIP XML generated
66-25-1,OR1A1,OR1A1_P_1,all_pose,pose_0099,pose_0099,SUCCESS,0,PLIP XML generated
66-25-1,OR1A1,OR1A1_P_1,all_pose,pose_0100,pose_0100,SUCCESS,0,PLIP XML generated
66-25-1,OR1A1,OR1A1_P_1,representative,cluster_002_medoid,pose_0002,SUCCESS,0,PLIP XML generated
66-25-1,OR1A1,OR1A1_P_1,representative,cluster_003_medoid,pose_0032,SUCCESS,0,PLIP XML generated
66-25-1,OR1A1,OR1A1_P_1,representative,dominant_cluster_medoid,pose_0078,SUCCESS,0,PLIP XML generated
66-25-1,OR1A1,OR1A1_P_1,representative,global_lowest_energy,pose_0013,SUCCESS,0,PLIP XML generated
66-25-1,OR1A1,OR1A1_P_2,all_pose,pose_0001,pose_0001,SUCCESS,0,PLIP XML generated
66-25-1,OR1A1,OR1A1_P_2,all_pose,pose_0002,pose_0002,SUCCESS,0,PLIP XML generated
66-25-1,OR1A1,OR1A1_P_2,all_pose,pose_0003,pose_0003,SUCCESS,0,PLIP XML generated
66-25-1,OR1A1,OR1A1_P_2,all_pose,pose_0004,pose_0004,SUCCESS,0,PLIP XML generated
66-25-1,OR1A1,OR1A1_P_2,all_pose,pose_0005,pose_0005,SUCCESS,0,PLIP XML generated
66-25-1,OR1A1,OR1A1_P_2,all_pose,pose_0006,pose_0006,SUCCESS,0,PLIP XML generated
66-25-1,OR1A1,OR1A1_P_2,all_pose,pose_0007,pose_0007,SUCCESS,0,PLIP XML generated
66-25-1,OR1A1,OR1A1_P_2,all_pose,pose_0008,pose_0008,SUCCESS,0,PLIP XML generated
66-25-1,OR1A1,OR1A1_P_2,all_pose,pose_0009,pose_0009,SUCCESS,0,PLIP XML generated
66-25-1,OR1A1,OR1A1_P_2,all_pose,pose_0010,pose_0010,SUCCESS,0,PLIP XML generated
66-25-1,OR1A1,OR1A1_P_2,all_pose,pose_0011,pose_0011,SUCCESS,0,PLIP XML generated
66-25-1,OR1A1,OR1A1_P_2,all_pose,pose_0012,pose_0012,SUCCESS,0,PLIP XML generated
66-25-1,OR1A1,OR1A1_P_2,all_pose,pose_0013,pose_0013,SUCCESS,0,PLIP XML generated
66-25-1,OR1A1,OR1A1_P_2,all_pose,pose_0014,pose_0014,SUCCESS,0,PLIP XML generated
66-25-1,OR1A1,OR1A1_P_2,all_pose,pose_0015,pose_0015,SUCCESS,0,PLIP XML generated
66-25-1,OR1A1,OR1A1_P_2,all_pose,pose_0016,pose_0016,SUCCESS,0,PLIP XML generated
66-25-1,OR1A1,OR1A1_P_2,all_pose,pose_0017,pose_0017,SUCCESS,0,PLIP XML generated
66-25-1,OR1A1,OR1A1_P_2,all_pose,pose_0018,pose_0018,SUCCESS,0,PLIP XML generated
66-25-1,OR1A1,OR1A1_P_2,all_pose,pose_0019,pose_0019,SUCCESS,0,PLIP XML generated
66-25-1,OR1A1,OR1A1_P_2,all_pose,pose_0020,pose_0020,SUCCESS,0,PLIP XML generated
66-25-1,OR1A1,OR1A1_P_2,all_pose,pose_0021,pose_0021,SUCCESS,0,PLIP XML generated
66-25-1,OR1A1,OR1A1_P_2,all_pose,pose_0022,pose_0022,SUCCESS,0,PLIP XML generated
66-25-1,OR1A1,OR1A1_P_2,all_pose,pose_0023,pose_0023,SUCCESS,0,PLIP XML generated
66-25-1,OR1A1,OR1A1_P_2,all_pose,pose_0024,pose_0024,SUCCESS,0,PLIP XML generated
66-25-1,OR1A1,OR1A1_P_2,all_pose,pose_0025,pose_0025,SUCCESS,0,PLIP XML generated
66-25-1,OR1A1,OR1A1_P_2,all_pose,pose_0026,pose_0026,SUCCESS,0,PLIP XML generated
66-25-1,OR1A1,OR1A1_P_2,all_pose,pose_0027,pose_0027,SUCCESS,0,PLIP XML generated
66-25-1,OR1A1,OR1A1_P_2,all_pose,pose_0028,pose_0028,SUCCESS,0,PLIP XML generated
66-25-1,OR1A1,OR1A1_P_2,all_pose,pose_0029,pose_0029,SUCCESS,0,PLIP XML generated
66-25-1,OR1A1,OR1A1_P_2,all_pose,pose_0030,pose_0030,SUCCESS,0,PLIP XML generated
66-25-1,OR1A1,OR1A1_P_2,all_pose,pose_0031,pose_0031,SUCCESS,0,PLIP XML generated
66-25-1,OR1A1,OR1A1_P_2,all_pose,pose_0032,pose_0032,SUCCESS,0,PLIP XML generated
66-25-1,OR1A1,OR1A1_P_2,all_pose,pose_0033,pose_0033,SUCCESS,0,PLIP XML generated
66-25-1,OR1A1,OR1A1_P_2,all_pose,pose_0034,pose_0034,SUCCESS,0,PLIP XML generated
66-25-1,OR1A1,OR1A1_P_2,all_pose,pose_0035,pose_0035,SUCCESS,0,PLIP XML generated
66-25-1,OR1A1,OR1A1_P_2,all_pose,pose_0036,pose_0036,SUCCESS,0,PLIP XML generated
66-25-1,OR1A1,OR1A1_P_2,all_pose,pose_0037,pose_0037,SUCCESS,0,PLIP XML generated
66-25-1,OR1A1,OR1A1_P_2,all_pose,pose_0038,pose_0038,SUCCESS,0,PLIP XML generated
66-25-1,OR1A1,OR1A1_P_2,all_pose,pose_0039,pose_0039,SUCCESS,0,PLIP XML generated
66-25-1,OR1A1,OR1A1_P_2,all_pose,pose_0040,pose_0040,SUCCESS,0,PLIP XML generated
66-25-1,OR1A1,OR1A1_P_2,all_pose,pose_0041,pose_0041,SUCCESS,0,PLIP XML generated
66-25-1,OR1A1,OR1A1_P_2,all_pose,pose_0042,pose_0042,SUCCESS,0,PLIP XML generated
66-25-1,OR1A1,OR1A1_P_2,all_pose,pose_0043,pose_0043,SUCCESS,0,PLIP XML generated
66-25-1,OR1A1,OR1A1_P_2,all_pose,pose_0044,pose_0044,SUCCESS,0,PLIP XML generated
66-25-1,OR1A1,OR1A1_P_2,all_pose,pose_0045,pose_0045,SUCCESS,0,PLIP XML generated
66-25-1,OR1A1,OR1A1_P_2,all_pose,pose_0046,pose_0046,SUCCESS,0,PLIP XML generated
66-25-1,OR1A1,OR1A1_P_2,all_pose,pose_0047,pose_0047,SUCCESS,0,PLIP XML generated
66-25-1,OR1A1,OR1A1_P_2,all_pose,pose_0048,pose_0048,SUCCESS,0,PLIP XML generated
66-25-1,OR1A1,OR1A1_P_2,all_pose,pose_0049,pose_0049,SUCCESS,0,PLIP XML generated
66-25-1,OR1A1,OR1A1_P_2,all_pose,pose_0050,pose_0050,SUCCESS,0,PLIP XML generated
66-25-1,OR1A1,OR1A1_P_2,all_pose,pose_0051,pose_0051,SUCCESS,0,PLIP XML generated
66-25-1,OR1A1,OR1A1_P_2,all_pose,pose_0052,pose_0052,SUCCESS,0,PLIP XML generated
66-25-1,OR1A1,OR1A1_P_2,all_pose,pose_0053,pose_0053,SUCCESS,0,PLIP XML generated
66-25-1,OR1A1,OR1A1_P_2,all_pose,pose_0054,pose_0054,SUCCESS,0,PLIP XML generated
66-25-1,OR1A1,OR1A1_P_2,all_pose,pose_0055,pose_0055,SUCCESS,0,PLIP XML generated
66-25-1,OR1A1,OR1A1_P_2,all_pose,pose_0056,pose_0056,SUCCESS,0,PLIP XML generated
66-25-1,OR1A1,OR1A1_P_2,all_pose,pose_0057,pose_0057,SUCCESS,0,PLIP XML generated
66-25-1,OR1A1,OR1A1_P_2,all_pose,pose_0058,pose_0058,SUCCESS,0,PLIP XML generated
66-25-1,OR1A1,OR1A1_P_2,all_pose,pose_0059,pose_0059,SUCCESS,0,PLIP XML generated
66-25-1,OR1A1,OR1A1_P_2,all_pose,pose_0060,pose_0060,SUCCESS,0,PLIP XML generated
66-25-1,OR1A1,OR1A1_P_2,all_pose,pose_0061,pose_0061,SUCCESS,0,PLIP XML generated
66-25-1,OR1A1,OR1A1_P_2,all_pose,pose_0062,pose_0062,SUCCESS,0,PLIP XML generated
66-25-1,OR1A1,OR1A1_P_2,all_pose,pose_0063,pose_0063,SUCCESS,0,PLIP XML generated
66-25-1,OR1A1,OR1A1_P_2,all_pose,pose_0064,pose_0064,SUCCESS,0,PLIP XML generated
66-25-1,OR1A1,OR1A1_P_2,all_pose,pose_0065,pose_0065,SUCCESS,0,PLIP XML generated
66-25-1,OR1A1,OR1A1_P_2,all_pose,pose_0066,pose_0066,SUCCESS,0,PLIP XML generated
66-25-1,OR1A1,OR1A1_P_2,all_pose,pose_0067,pose_0067,SUCCESS,0,PLIP XML generated
66-25-1,OR1A1,OR1A1_P_2,all_pose,pose_0068,pose_0068,SUCCESS,0,PLIP XML generated
66-25-1,OR1A1,OR1A1_P_2,all_pose,pose_0069,pose_0069,SUCCESS,0,PLIP XML generated
66-25-1,OR1A1,OR1A1_P_2,all_pose,pose_0070,pose_0070,SUCCESS,0,PLIP XML generated
66-25-1,OR1A1,OR1A1_P_2,all_pose,pose_0071,pose_0071,SUCCESS,0,PLIP XML generated
66-25-1,OR1A1,OR1A1_P_2,all_pose,pose_0072,pose_0072,SUCCESS,0,PLIP XML generated
66-25-1,OR1A1,OR1A1_P_2,all_pose,pose_0073,pose_0073,SUCCESS,0,PLIP XML generated
66-25-1,OR1A1,OR1A1_P_2,all_pose,pose_0074,pose_0074,SUCCESS,0,PLIP XML generated
66-25-1,OR1A1,OR1A1_P_2,all_pose,pose_0075,pose_0075,SUCCESS,0,PLIP XML generated
66-25-1,OR1A1,OR1A1_P_2,all_pose,pose_0076,pose_0076,SUCCESS,0,PLIP XML generated
66-25-1,OR1A1,OR1A1_P_2,all_pose,pose_0077,pose_0077,SUCCESS,0,PLIP XML generated
66-25-1,OR1A1,OR1A1_P_2,all_pose,pose_0078,pose_0078,SUCCESS,0,PLIP XML generated
66-25-1,OR1A1,OR1A1_P_2,all_pose,pose_0079,pose_0079,SUCCESS,0,PLIP XML generated
66-25-1,OR1A1,OR1A1_P_2,all_pose,pose_0080,pose_0080,SUCCESS,0,PLIP XML generated
66-25-1,OR1A1,OR1A1_P_2,all_pose,pose_0081,pose_0081,SUCCESS,0,PLIP XML generated
66-25-1,OR1A1,OR1A1_P_2,all_pose,pose_0082,pose_0082,SUCCESS,0,PLIP XML generated
66-25-1,OR1A1,OR1A1_P_2,all_pose,pose_0083,pose_0083,SUCCESS,0,PLIP XML generated
66-25-1,OR1A1,OR1A1_P_2,all_pose,pose_0084,pose_0084,SUCCESS,0,PLIP XML generated
66-25-1,OR1A1,OR1A1_P_2,all_pose,pose_0085,pose_0085,SUCCESS,0,PLIP XML generated
66-25-1,OR1A1,OR1A1_P_2,all_pose,pose_0086,pose_0086,SUCCESS,0,PLIP XML generated
66-25-1,OR1A1,OR1A1_P_2,all_pose,pose_0087,pose_0087,SUCCESS,0,PLIP XML generated
66-25-1,OR1A1,OR1A1_P_2,all_pose,pose_0088,pose_0088,SUCCESS,0,PLIP XML generated
66-25-1,OR1A1,OR1A1_P_2,all_pose,pose_0089,pose_0089,SUCCESS,0,PLIP XML generated
66-25-1,OR1A1,OR1A1_P_2,all_pose,pose_0090,pose_0090,SUCCESS,0,PLIP XML generated
66-25-1,OR1A1,OR1A1_P_2,all_pose,pose_0091,pose_0091,SUCCESS,0,PLIP XML generated
66-25-1,OR1A1,OR1A1_P_2,all_pose,pose_0092,pose_0092,SUCCESS,0,PLIP XML generated
66-25-1,OR1A1,OR1A1_P_2,all_pose,pose_0093,pose_0093,SUCCESS,0,PLIP XML generated
66-25-1,OR1A1,OR1A1_P_2,all_pose,pose_0094,pose_0094,SUCCESS,0,PLIP XML generated
66-25-1,OR1A1,OR1A1_P_2,all_pose,pose_0095,pose_0095,SUCCESS,0,PLIP XML generated
66-25-1,OR1A1,OR1A1_P_2,all_pose,pose_0096,pose_0096,SUCCESS,0,PLIP XML generated
66-25-1,OR1A1,OR1A1_P_2,all_pose,pose_0097,pose_0097,SUCCESS,0,PLIP XML generated
66-25-1,OR1A1,OR1A1_P_2,all_pose,pose_0098,pose_0098,SUCCESS,0,PLIP XML generated
66-25-1,OR1A1,OR1A1_P_2,all_pose,pose_0099,pose_0099,SUCCESS,0,PLIP XML generated
66-25-1,OR1A1,OR1A1_P_2,all_pose,pose_0100,pose_0100,SUCCESS,0,PLIP XML generated
66-25-1,OR1A1,OR1A1_P_2,representative,cluster_002_medoid,pose_0043,SUCCESS,0,PLIP XML generated
66-25-1,OR1A1,OR1A1_P_2,representative,cluster_003_medoid,pose_0046,SUCCESS,0,PLIP XML generated
66-25-1,OR1A1,OR1A1_P_2,representative,dominant_cluster_medoid,pose_0014,SUCCESS,0,PLIP XML generated
66-25-1,OR1A1,OR1A1_P_2,representative,global_lowest_energy,pose_0009,SUCCESS,0,PLIP XML generated
66-25-1,OR1A1,OR1A1_P_3,all_pose,pose_0001,pose_0001,SUCCESS,0,PLIP XML generated
66-25-1,OR1A1,OR1A1_P_3,all_pose,pose_0002,pose_0002,SUCCESS,0,PLIP XML generated
66-25-1,OR1A1,OR1A1_P_3,all_pose,pose_0003,pose_0003,SUCCESS,0,PLIP XML generated
66-25-1,OR1A1,OR1A1_P_3,all_pose,pose_0004,pose_0004,SUCCESS,0,PLIP XML generated
66-25-1,OR1A1,OR1A1_P_3,all_pose,pose_0005,pose_0005,SUCCESS,0,PLIP XML generated
66-25-1,OR1A1,OR1A1_P_3,all_pose,pose_0006,pose_0006,SUCCESS,0,PLIP XML generated
66-25-1,OR1A1,OR1A1_P_3,all_pose,pose_0007,pose_0007,SUCCESS,0,PLIP XML generated
66-25-1,OR1A1,OR1A1_P_3,all_pose,pose_0008,pose_0008,SUCCESS,0,PLIP XML generated
66-25-1,OR1A1,OR1A1_P_3,all_pose,pose_0009,pose_0009,SUCCESS,0,PLIP XML generated
66-25-1,OR1A1,OR1A1_P_3,all_pose,pose_0010,pose_0010,SUCCESS,0,PLIP XML generated
66-25-1,OR1A1,OR1A1_P_3,all_pose,pose_0011,pose_0011,SUCCESS,0,PLIP XML generated
66-25-1,OR1A1,OR1A1_P_3,all_pose,pose_0012,pose_0012,SUCCESS,0,PLIP XML generated
66-25-1,OR1A1,OR1A1_P_3,all_pose,pose_0013,pose_0013,SUCCESS,0,PLIP XML generated
66-25-1,OR1A1,OR1A1_P_3,all_pose,pose_0014,pose_0014,SUCCESS,0,PLIP XML generated
66-25-1,OR1A1,OR1A1_P_3,all_pose,pose_0015,pose_0015,SUCCESS,0,PLIP XML generated
66-25-1,OR1A1,OR1A1_P_3,all_pose,pose_0016,pose_0016,SUCCESS,0,PLIP XML generated
66-25-1,OR1A1,OR1A1_P_3,all_pose,pose_0017,pose_0017,SUCCESS,0,PLIP XML generated
66-25-1,OR1A1,OR1A1_P_3,all_pose,pose_0018,pose_0018,SUCCESS,0,PLIP XML generated
66-25-1,OR1A1,OR1A1_P_3,all_pose,pose_0019,pose_0019,SUCCESS,0,PLIP XML generated
66-25-1,OR1A1,OR1A1_P_3,all_pose,pose_0020,pose_0020,SUCCESS,0,PLIP XML generated
66-25-1,OR1A1,OR1A1_P_3,all_pose,pose_0021,pose_0021,SUCCESS,0,PLIP XML generated
66-25-1,OR1A1,OR1A1_P_3,all_pose,pose_0022,pose_0022,SUCCESS,0,PLIP XML generated
66-25-1,OR1A1,OR1A1_P_3,all_pose,pose_0023,pose_0023,SUCCESS,0,PLIP XML generated
66-25-1,OR1A1,OR1A1_P_3,all_pose,pose_0024,pose_0024,SUCCESS,0,PLIP XML generated
66-25-1,OR1A1,OR1A1_P_3,all_pose,pose_0025,pose_0025,SUCCESS,0,PLIP XML generated
66-25-1,OR1A1,OR1A1_P_3,all_pose,pose_0026,pose_0026,SUCCESS,0,PLIP XML generated
66-25-1,OR1A1,OR1A1_P_3,all_pose,pose_0027,pose_0027,SUCCESS,0,PLIP XML generated
66-25-1,OR1A1,OR1A1_P_3,all_pose,pose_0028,pose_0028,SUCCESS,0,PLIP XML generated
66-25-1,OR1A1,OR1A1_P_3,all_pose,pose_0029,pose_0029,SUCCESS,0,PLIP XML generated
66-25-1,OR1A1,OR1A1_P_3,all_pose,pose_0030,pose_0030,SUCCESS,0,PLIP XML generated
66-25-1,OR1A1,OR1A1_P_3,all_pose,pose_0031,pose_0031,SUCCESS,0,PLIP XML generated
66-25-1,OR1A1,OR1A1_P_3,all_pose,pose_0032,pose_0032,SUCCESS,0,PLIP XML generated
66-25-1,OR1A1,OR1A1_P_3,all_pose,pose_0033,pose_0033,SUCCESS,0,PLIP XML generated
66-25-1,OR1A1,OR1A1_P_3,all_pose,pose_0034,pose_0034,SUCCESS,0,PLIP XML generated
66-25-1,OR1A1,OR1A1_P_3,all_pose,pose_0035,pose_0035,SUCCESS,0,PLIP XML generated
66-25-1,OR1A1,OR1A1_P_3,all_pose,pose_0036,pose_0036,SUCCESS,0,PLIP XML generated
66-25-1,OR1A1,OR1A1_P_3,all_pose,pose_0037,pose_0037,SUCCESS,0,PLIP XML generated
66-25-1,OR1A1,OR1A1_P_3,all_pose,pose_0038,pose_0038,SUCCESS,0,PLIP XML generated
66-25-1,OR1A1,OR1A1_P_3,all_pose,pose_0039,pose_0039,SUCCESS,0,PLIP XML generated
66-25-1,OR1A1,OR1A1_P_3,all_pose,pose_0040,pose_0040,SUCCESS,0,PLIP XML generated
66-25-1,OR1A1,OR1A1_P_3,all_pose,pose_0041,pose_0041,SUCCESS,0,PLIP XML generated
66-25-1,OR1A1,OR1A1_P_3,all_pose,pose_0042,pose_0042,SUCCESS,0,PLIP XML generated
66-25-1,OR1A1,OR1A1_P_3,all_pose,pose_0043,pose_0043,SUCCESS,0,PLIP XML generated
66-25-1,OR1A1,OR1A1_P_3,all_pose,pose_0044,pose_0044,SUCCESS,0,PLIP XML generated
66-25-1,OR1A1,OR1A1_P_3,all_pose,pose_0045,pose_0045,SUCCESS,0,PLIP XML generated
66-25-1,OR1A1,OR1A1_P_3,all_pose,pose_0046,pose_0046,SUCCESS,0,PLIP XML generated
66-25-1,OR1A1,OR1A1_P_3,all_pose,pose_0047,pose_0047,SUCCESS,0,PLIP XML generated
66-25-1,OR1A1,OR1A1_P_3,all_pose,pose_0048,pose_0048,SUCCESS,0,PLIP XML generated
66-25-1,OR1A1,OR1A1_P_3,all_pose,pose_0049,pose_0049,SUCCESS,0,PLIP XML generated
66-25-1,OR1A1,OR1A1_P_3,all_pose,pose_0050,pose_0050,SUCCESS,0,PLIP XML generated
66-25-1,OR1A1,OR1A1_P_3,all_pose,pose_0051,pose_0051,SUCCESS,0,PLIP XML generated
66-25-1,OR1A1,OR1A1_P_3,all_pose,pose_0052,pose_0052,SUCCESS,0,PLIP XML generated
66-25-1,OR1A1,OR1A1_P_3,all_pose,pose_0053,pose_0053,SUCCESS,0,PLIP XML generated
66-25-1,OR1A1,OR1A1_P_3,all_pose,pose_0054,pose_0054,SUCCESS,0,PLIP XML generated
66-25-1,OR1A1,OR1A1_P_3,all_pose,pose_0055,pose_0055,SUCCESS,0,PLIP XML generated
66-25-1,OR1A1,OR1A1_P_3,all_pose,pose_0056,pose_0056,SUCCESS,0,PLIP XML generated
66-25-1,OR1A1,OR1A1_P_3,all_pose,pose_0057,pose_0057,SUCCESS,0,PLIP XML generated
66-25-1,OR1A1,OR1A1_P_3,all_pose,pose_0058,pose_0058,SUCCESS,0,PLIP XML generated
66-25-1,OR1A1,OR1A1_P_3,all_pose,pose_0059,pose_0059,SUCCESS,0,PLIP XML generated
66-25-1,OR1A1,OR1A1_P_3,all_pose,pose_0060,pose_0060,SUCCESS,0,PLIP XML generated
66-25-1,OR1A1,OR1A1_P_3,all_pose,pose_0061,pose_0061,SUCCESS,0,PLIP XML generated
66-25-1,OR1A1,OR1A1_P_3,all_pose,pose_0062,pose_0062,SUCCESS,0,PLIP XML generated
66-25-1,OR1A1,OR1A1_P_3,all_pose,pose_0063,pose_0063,SUCCESS,0,PLIP XML generated
66-25-1,OR1A1,OR1A1_P_3,all_pose,pose_0064,pose_0064,SUCCESS,0,PLIP XML generated
66-25-1,OR1A1,OR1A1_P_3,all_pose,pose_0065,pose_0065,SUCCESS,0,PLIP XML generated
66-25-1,OR1A1,OR1A1_P_3,all_pose,pose_0066,pose_0066,SUCCESS,0,PLIP XML generated
66-25-1,OR1A1,OR1A1_P_3,all_pose,pose_0067,pose_0067,SUCCESS,0,PLIP XML generated
66-25-1,OR1A1,OR1A1_P_3,all_pose,pose_0068,pose_0068,SUCCESS,0,PLIP XML generated
66-25-1,OR1A1,OR1A1_P_3,all_pose,pose_0069,pose_0069,SUCCESS,0,PLIP XML generated
66-25-1,OR1A1,OR1A1_P_3,all_pose,pose_0070,pose_0070,SUCCESS,0,PLIP XML generated
66-25-1,OR1A1,OR1A1_P_3,all_pose,pose_0071,pose_0071,SUCCESS,0,PLIP XML generated
66-25-1,OR1A1,OR1A1_P_3,all_pose,pose_0072,pose_0072,SUCCESS,0,PLIP XML generated
66-25-1,OR1A1,OR1A1_P_3,all_pose,pose_0073,pose_0073,SUCCESS,0,PLIP XML generated
66-25-1,OR1A1,OR1A1_P_3,all_pose,pose_0074,pose_0074,SUCCESS,0,PLIP XML generated
66-25-1,OR1A1,OR1A1_P_3,all_pose,pose_0075,pose_0075,SUCCESS,0,PLIP XML generated
66-25-1,OR1A1,OR1A1_P_3,all_pose,pose_0076,pose_0076,SUCCESS,0,PLIP XML generated
66-25-1,OR1A1,OR1A1_P_3,all_pose,pose_0077,pose_0077,SUCCESS,0,PLIP XML generated
66-25-1,OR1A1,OR1A1_P_3,all_pose,pose_0078,pose_0078,SUCCESS,0,PLIP XML generated
66-25-1,OR1A1,OR1A1_P_3,all_pose,pose_0079,pose_0079,SUCCESS,0,PLIP XML generated
66-25-1,OR1A1,OR1A1_P_3,all_pose,pose_0080,pose_0080,SUCCESS,0,PLIP XML generated
66-25-1,OR1A1,OR1A1_P_3,all_pose,pose_0081,pose_0081,SUCCESS,0,PLIP XML generated
66-25-1,OR1A1,OR1A1_P_3,all_pose,pose_0082,pose_0082,SUCCESS,0,PLIP XML generated
66-25-1,OR1A1,OR1A1_P_3,all_pose,pose_0083,pose_0083,SUCCESS,0,PLIP XML generated
66-25-1,OR1A1,OR1A1_P_3,all_pose,pose_0084,pose_0084,SUCCESS,0,PLIP XML generated
66-25-1,OR1A1,OR1A1_P_3,all_pose,pose_0085,pose_0085,SUCCESS,0,PLIP XML generated
66-25-1,OR1A1,OR1A1_P_3,all_pose,pose_0086,pose_0086,SUCCESS,0,PLIP XML generated
66-25-1,OR1A1,OR1A1_P_3,all_pose,pose_0087,pose_0087,SUCCESS,0,PLIP XML generated
66-25-1,OR1A1,OR1A1_P_3,all_pose,pose_0088,pose_0088,SUCCESS,0,PLIP XML generated
66-25-1,OR1A1,OR1A1_P_3,all_pose,pose_0089,pose_0089,SUCCESS,0,PLIP XML generated
66-25-1,OR1A1,OR1A1_P_3,all_pose,pose_0090,pose_0090,SUCCESS,0,PLIP XML generated
66-25-1,OR1A1,OR1A1_P_3,all_pose,pose_0091,pose_0091,SUCCESS,0,PLIP XML generated
66-25-1,OR1A1,OR1A1_P_3,all_pose,pose_0092,pose_0092,SUCCESS,0,PLIP XML generated
66-25-1,OR1A1,OR1A1_P_3,all_pose,pose_0093,pose_0093,SUCCESS,0,PLIP XML generated
66-25-1,OR1A1,OR1A1_P_3,all_pose,pose_0094,pose_0094,SUCCESS,0,PLIP XML generated
66-25-1,OR1A1,OR1A1_P_3,all_pose,pose_0095,pose_0095,SUCCESS,0,PLIP XML generated
66-25-1,OR1A1,OR1A1_P_3,all_pose,pose_0096,pose_0096,SUCCESS,0,PLIP XML generated
66-25-1,OR1A1,OR1A1_P_3,all_pose,pose_0097,pose_0097,SUCCESS,0,PLIP XML generated
66-25-1,OR1A1,OR1A1_P_3,all_pose,pose_0098,pose_0098,SUCCESS,0,PLIP XML generated
66-25-1,OR1A1,OR1A1_P_3,all_pose,pose_0099,pose_0099,SUCCESS,0,PLIP XML generated
66-25-1,OR1A1,OR1A1_P_3,all_pose,pose_0100,pose_0100,SUCCESS,0,PLIP XML generated
66-25-1,OR1A1,OR1A1_P_3,representative,cluster_002_medoid,pose_0090,SUCCESS,0,PLIP XML generated
66-25-1,OR1A1,OR1A1_P_3,representative,dominant_cluster_medoid,pose_0030,SUCCESS,0,PLIP XML generated
66-25-1,OR1A1,OR1A1_P_3,representative,global_lowest_energy,pose_0050,SUCCESS,0,PLIP XML generated
71-41-0,OR2W1,OR2W1_P_0,all_pose,pose_0001,pose_0001,SUCCESS,0,PLIP XML generated
71-41-0,OR2W1,OR2W1_P_0,all_pose,pose_0002,pose_0002,SUCCESS,0,PLIP XML generated
71-41-0,OR2W1,OR2W1_P_0,all_pose,pose_0003,pose_0003,SUCCESS,0,PLIP XML generated
71-41-0,OR2W1,OR2W1_P_0,all_pose,pose_0004,pose_0004,SUCCESS,0,PLIP XML generated
71-41-0,OR2W1,OR2W1_P_0,all_pose,pose_0005,pose_0005,SUCCESS,0,PLIP XML generated
71-41-0,OR2W1,OR2W1_P_0,all_pose,pose_0006,pose_0006,SUCCESS,0,PLIP XML generated
71-41-0,OR2W1,OR2W1_P_0,all_pose,pose_0007,pose_0007,SUCCESS,0,PLIP XML generated
71-41-0,OR2W1,OR2W1_P_0,all_pose,pose_0008,pose_0008,SUCCESS,0,PLIP XML generated
71-41-0,OR2W1,OR2W1_P_0,all_pose,pose_0009,pose_0009,SUCCESS,0,PLIP XML generated
71-41-0,OR2W1,OR2W1_P_0,all_pose,pose_0010,pose_0010,SUCCESS,0,PLIP XML generated
71-41-0,OR2W1,OR2W1_P_0,all_pose,pose_0011,pose_0011,SUCCESS,0,PLIP XML generated
71-41-0,OR2W1,OR2W1_P_0,all_pose,pose_0012,pose_0012,SUCCESS,0,PLIP XML generated
71-41-0,OR2W1,OR2W1_P_0,all_pose,pose_0013,pose_0013,SUCCESS,0,PLIP XML generated
71-41-0,OR2W1,OR2W1_P_0,all_pose,pose_0014,pose_0014,SUCCESS,0,PLIP XML generated
71-41-0,OR2W1,OR2W1_P_0,all_pose,pose_0015,pose_0015,SUCCESS,0,PLIP XML generated
71-41-0,OR2W1,OR2W1_P_0,all_pose,pose_0016,pose_0016,SUCCESS,0,PLIP XML generated
71-41-0,OR2W1,OR2W1_P_0,all_pose,pose_0017,pose_0017,SUCCESS,0,PLIP XML generated
71-41-0,OR2W1,OR2W1_P_0,all_pose,pose_0018,pose_0018,SUCCESS,0,PLIP XML generated
71-41-0,OR2W1,OR2W1_P_0,all_pose,pose_0019,pose_0019,SUCCESS,0,PLIP XML generated
71-41-0,OR2W1,OR2W1_P_0,all_pose,pose_0020,pose_0020,SUCCESS,0,PLIP XML generated
71-41-0,OR2W1,OR2W1_P_0,all_pose,pose_0021,pose_0021,SUCCESS,0,PLIP XML generated
71-41-0,OR2W1,OR2W1_P_0,all_pose,pose_0022,pose_0022,SUCCESS,0,PLIP XML generated
71-41-0,OR2W1,OR2W1_P_0,all_pose,pose_0023,pose_0023,SUCCESS,0,PLIP XML generated
71-41-0,OR2W1,OR2W1_P_0,all_pose,pose_0024,pose_0024,SUCCESS,0,PLIP XML generated
71-41-0,OR2W1,OR2W1_P_0,all_pose,pose_0025,pose_0025,SUCCESS,0,PLIP XML generated
71-41-0,OR2W1,OR2W1_P_0,all_pose,pose_0026,pose_0026,SUCCESS,0,PLIP XML generated
71-41-0,OR2W1,OR2W1_P_0,all_pose,pose_0027,pose_0027,SUCCESS,0,PLIP XML generated
71-41-0,OR2W1,OR2W1_P_0,all_pose,pose_0028,pose_0028,SUCCESS,0,PLIP XML generated
71-41-0,OR2W1,OR2W1_P_0,all_pose,pose_0029,pose_0029,SUCCESS,0,PLIP XML generated
71-41-0,OR2W1,OR2W1_P_0,all_pose,pose_0030,pose_0030,SUCCESS,0,PLIP XML generated
71-41-0,OR2W1,OR2W1_P_0,all_pose,pose_0031,pose_0031,SUCCESS,0,PLIP XML generated
71-41-0,OR2W1,OR2W1_P_0,all_pose,pose_0032,pose_0032,SUCCESS,0,PLIP XML generated
71-41-0,OR2W1,OR2W1_P_0,all_pose,pose_0033,pose_0033,SUCCESS,0,PLIP XML generated
71-41-0,OR2W1,OR2W1_P_0,all_pose,pose_0034,pose_0034,SUCCESS,0,PLIP XML generated
71-41-0,OR2W1,OR2W1_P_0,all_pose,pose_0035,pose_0035,SUCCESS,0,PLIP XML generated
71-41-0,OR2W1,OR2W1_P_0,all_pose,pose_0036,pose_0036,SUCCESS,0,PLIP XML generated
71-41-0,OR2W1,OR2W1_P_0,all_pose,pose_0037,pose_0037,SUCCESS,0,PLIP XML generated
71-41-0,OR2W1,OR2W1_P_0,all_pose,pose_0038,pose_0038,SUCCESS,0,PLIP XML generated
71-41-0,OR2W1,OR2W1_P_0,all_pose,pose_0039,pose_0039,SUCCESS,0,PLIP XML generated
71-41-0,OR2W1,OR2W1_P_0,all_pose,pose_0040,pose_0040,SUCCESS,0,PLIP XML generated
71-41-0,OR2W1,OR2W1_P_0,all_pose,pose_0041,pose_0041,SUCCESS,0,PLIP XML generated
71-41-0,OR2W1,OR2W1_P_0,all_pose,pose_0042,pose_0042,SUCCESS,0,PLIP XML generated
71-41-0,OR2W1,OR2W1_P_0,all_pose,pose_0043,pose_0043,SUCCESS,0,PLIP XML generated
71-41-0,OR2W1,OR2W1_P_0,all_pose,pose_0044,pose_0044,SUCCESS,0,PLIP XML generated
71-41-0,OR2W1,OR2W1_P_0,all_pose,pose_0045,pose_0045,SUCCESS,0,PLIP XML generated
71-41-0,OR2W1,OR2W1_P_0,all_pose,pose_0046,pose_0046,SUCCESS,0,PLIP XML generated
71-41-0,OR2W1,OR2W1_P_0,all_pose,pose_0047,pose_0047,SUCCESS,0,PLIP XML generated
71-41-0,OR2W1,OR2W1_P_0,all_pose,pose_0048,pose_0048,SUCCESS,0,PLIP XML generated
71-41-0,OR2W1,OR2W1_P_0,all_pose,pose_0049,pose_0049,SUCCESS,0,PLIP XML generated
71-41-0,OR2W1,OR2W1_P_0,all_pose,pose_0050,pose_0050,SUCCESS,0,PLIP XML generated
71-41-0,OR2W1,OR2W1_P_0,all_pose,pose_0051,pose_0051,SUCCESS,0,PLIP XML generated
71-41-0,OR2W1,OR2W1_P_0,all_pose,pose_0052,pose_0052,SUCCESS,0,PLIP XML generated
71-41-0,OR2W1,OR2W1_P_0,all_pose,pose_0053,pose_0053,SUCCESS,0,PLIP XML generated
71-41-0,OR2W1,OR2W1_P_0,all_pose,pose_0054,pose_0054,SUCCESS,0,PLIP XML generated
71-41-0,OR2W1,OR2W1_P_0,all_pose,pose_0055,pose_0055,SUCCESS,0,PLIP XML generated
71-41-0,OR2W1,OR2W1_P_0,all_pose,pose_0056,pose_0056,SUCCESS,0,PLIP XML generated
71-41-0,OR2W1,OR2W1_P_0,all_pose,pose_0057,pose_0057,SUCCESS,0,PLIP XML generated
71-41-0,OR2W1,OR2W1_P_0,all_pose,pose_0058,pose_0058,SUCCESS,0,PLIP XML generated
71-41-0,OR2W1,OR2W1_P_0,all_pose,pose_0059,pose_0059,SUCCESS,0,PLIP XML generated
71-41-0,OR2W1,OR2W1_P_0,all_pose,pose_0060,pose_0060,SUCCESS,0,PLIP XML generated
71-41-0,OR2W1,OR2W1_P_0,all_pose,pose_0061,pose_0061,SUCCESS,0,PLIP XML generated
71-41-0,OR2W1,OR2W1_P_0,all_pose,pose_0062,pose_0062,SUCCESS,0,PLIP XML generated
71-41-0,OR2W1,OR2W1_P_0,all_pose,pose_0063,pose_0063,SUCCESS,0,PLIP XML generated
71-41-0,OR2W1,OR2W1_P_0,all_pose,pose_0064,pose_0064,SUCCESS,0,PLIP XML generated
71-41-0,OR2W1,OR2W1_P_0,all_pose,pose_0065,pose_0065,SUCCESS,0,PLIP XML generated
71-41-0,OR2W1,OR2W1_P_0,all_pose,pose_0066,pose_0066,SUCCESS,0,PLIP XML generated
71-41-0,OR2W1,OR2W1_P_0,all_pose,pose_0067,pose_0067,SUCCESS,0,PLIP XML generated
71-41-0,OR2W1,OR2W1_P_0,all_pose,pose_0068,pose_0068,SUCCESS,0,PLIP XML generated
71-41-0,OR2W1,OR2W1_P_0,all_pose,pose_0069,pose_0069,SUCCESS,0,PLIP XML generated
71-41-0,OR2W1,OR2W1_P_0,all_pose,pose_0070,pose_0070,SUCCESS,0,PLIP XML generated
71-41-0,OR2W1,OR2W1_P_0,all_pose,pose_0071,pose_0071,SUCCESS,0,PLIP XML generated
71-41-0,OR2W1,OR2W1_P_0,all_pose,pose_0072,pose_0072,SUCCESS,0,PLIP XML generated
71-41-0,OR2W1,OR2W1_P_0,all_pose,pose_0073,pose_0073,SUCCESS,0,PLIP XML generated
71-41-0,OR2W1,OR2W1_P_0,all_pose,pose_0074,pose_0074,SUCCESS,0,PLIP XML generated
71-41-0,OR2W1,OR2W1_P_0,all_pose,pose_0075,pose_0075,SUCCESS,0,PLIP XML generated
71-41-0,OR2W1,OR2W1_P_0,all_pose,pose_0076,pose_0076,SUCCESS,0,PLIP XML generated
71-41-0,OR2W1,OR2W1_P_0,all_pose,pose_0077,pose_0077,SUCCESS,0,PLIP XML generated
71-41-0,OR2W1,OR2W1_P_0,all_pose,pose_0078,pose_0078,SUCCESS,0,PLIP XML generated
71-41-0,OR2W1,OR2W1_P_0,all_pose,pose_0079,pose_0079,SUCCESS,0,PLIP XML generated
71-41-0,OR2W1,OR2W1_P_0,all_pose,pose_0080,pose_0080,SUCCESS,0,PLIP XML generated
71-41-0,OR2W1,OR2W1_P_0,all_pose,pose_0081,pose_0081,SUCCESS,0,PLIP XML generated
71-41-0,OR2W1,OR2W1_P_0,all_pose,pose_0082,pose_0082,SUCCESS,0,PLIP XML generated
71-41-0,OR2W1,OR2W1_P_0,all_pose,pose_0083,pose_0083,SUCCESS,0,PLIP XML generated
71-41-0,OR2W1,OR2W1_P_0,all_pose,pose_0084,pose_0084,SUCCESS,0,PLIP XML generated
71-41-0,OR2W1,OR2W1_P_0,all_pose,pose_0085,pose_0085,SUCCESS,0,PLIP XML generated
71-41-0,OR2W1,OR2W1_P_0,all_pose,pose_0086,pose_0086,SUCCESS,0,PLIP XML generated
71-41-0,OR2W1,OR2W1_P_0,all_pose,pose_0087,pose_0087,SUCCESS,0,PLIP XML generated
71-41-0,OR2W1,OR2W1_P_0,all_pose,pose_0088,pose_0088,SUCCESS,0,PLIP XML generated
71-41-0,OR2W1,OR2W1_P_0,all_pose,pose_0089,pose_0089,SUCCESS,0,PLIP XML generated
71-41-0,OR2W1,OR2W1_P_0,all_pose,pose_0090,pose_0090,SUCCESS,0,PLIP XML generated
71-41-0,OR2W1,OR2W1_P_0,all_pose,pose_0091,pose_0091,SUCCESS,0,PLIP XML generated
71-41-0,OR2W1,OR2W1_P_0,all_pose,pose_0092,pose_0092,SUCCESS,0,PLIP XML generated
71-41-0,OR2W1,OR2W1_P_0,all_pose,pose_0093,pose_0093,SUCCESS,0,PLIP XML generated
71-41-0,OR2W1,OR2W1_P_0,all_pose,pose_0094,pose_0094,SUCCESS,0,PLIP XML generated
71-41-0,OR2W1,OR2W1_P_0,all_pose,pose_0095,pose_0095,SUCCESS,0,PLIP XML generated
71-41-0,OR2W1,OR2W1_P_0,all_pose,pose_0096,pose_0096,SUCCESS,0,PLIP XML generated
71-41-0,OR2W1,OR2W1_P_0,all_pose,pose_0097,pose_0097,SUCCESS,0,PLIP XML generated
71-41-0,OR2W1,OR2W1_P_0,all_pose,pose_0098,pose_0098,SUCCESS,0,PLIP XML generated
71-41-0,OR2W1,OR2W1_P_0,all_pose,pose_0099,pose_0099,SUCCESS,0,PLIP XML generated
71-41-0,OR2W1,OR2W1_P_0,all_pose,pose_0100,pose_0100,SUCCESS,0,PLIP XML generated
71-41-0,OR2W1,OR2W1_P_0,representative,cluster_002_medoid,pose_0065,SUCCESS,0,PLIP XML generated
71-41-0,OR2W1,OR2W1_P_0,representative,cluster_003_medoid,pose_0004,SUCCESS,0,PLIP XML generated
71-41-0,OR2W1,OR2W1_P_0,representative,dominant_cluster_medoid,pose_0049,SUCCESS,0,PLIP XML generated
71-41-0,OR2W1,OR2W1_P_0,representative,global_lowest_energy,pose_0037,SUCCESS,0,PLIP XML generated
71-41-0,OR2W1,OR2W1_P_1,all_pose,pose_0001,pose_0001,SUCCESS,0,PLIP XML generated
71-41-0,OR2W1,OR2W1_P_1,all_pose,pose_0002,pose_0002,SUCCESS,0,PLIP XML generated
71-41-0,OR2W1,OR2W1_P_1,all_pose,pose_0003,pose_0003,SUCCESS,0,PLIP XML generated
71-41-0,OR2W1,OR2W1_P_1,all_pose,pose_0004,pose_0004,SUCCESS,0,PLIP XML generated
71-41-0,OR2W1,OR2W1_P_1,all_pose,pose_0005,pose_0005,SUCCESS,0,PLIP XML generated
71-41-0,OR2W1,OR2W1_P_1,all_pose,pose_0006,pose_0006,SUCCESS,0,PLIP XML generated
71-41-0,OR2W1,OR2W1_P_1,all_pose,pose_0007,pose_0007,SUCCESS,0,PLIP XML generated
71-41-0,OR2W1,OR2W1_P_1,all_pose,pose_0008,pose_0008,SUCCESS,0,PLIP XML generated
71-41-0,OR2W1,OR2W1_P_1,all_pose,pose_0009,pose_0009,SUCCESS,0,PLIP XML generated
71-41-0,OR2W1,OR2W1_P_1,all_pose,pose_0010,pose_0010,SUCCESS,0,PLIP XML generated
71-41-0,OR2W1,OR2W1_P_1,all_pose,pose_0011,pose_0011,SUCCESS,0,PLIP XML generated
71-41-0,OR2W1,OR2W1_P_1,all_pose,pose_0012,pose_0012,SUCCESS,0,PLIP XML generated
71-41-0,OR2W1,OR2W1_P_1,all_pose,pose_0013,pose_0013,SUCCESS,0,PLIP XML generated
71-41-0,OR2W1,OR2W1_P_1,all_pose,pose_0014,pose_0014,SUCCESS,0,PLIP XML generated
71-41-0,OR2W1,OR2W1_P_1,all_pose,pose_0015,pose_0015,SUCCESS,0,PLIP XML generated
71-41-0,OR2W1,OR2W1_P_1,all_pose,pose_0016,pose_0016,SUCCESS,0,PLIP XML generated
71-41-0,OR2W1,OR2W1_P_1,all_pose,pose_0017,pose_0017,SUCCESS,0,PLIP XML generated
71-41-0,OR2W1,OR2W1_P_1,all_pose,pose_0018,pose_0018,SUCCESS,0,PLIP XML generated
71-41-0,OR2W1,OR2W1_P_1,all_pose,pose_0019,pose_0019,SUCCESS,0,PLIP XML generated
71-41-0,OR2W1,OR2W1_P_1,all_pose,pose_0020,pose_0020,SUCCESS,0,PLIP XML generated
71-41-0,OR2W1,OR2W1_P_1,all_pose,pose_0021,pose_0021,SUCCESS,0,PLIP XML generated
71-41-0,OR2W1,OR2W1_P_1,all_pose,pose_0022,pose_0022,SUCCESS,0,PLIP XML generated
71-41-0,OR2W1,OR2W1_P_1,all_pose,pose_0023,pose_0023,SUCCESS,0,PLIP XML generated
71-41-0,OR2W1,OR2W1_P_1,all_pose,pose_0024,pose_0024,SUCCESS,0,PLIP XML generated
71-41-0,OR2W1,OR2W1_P_1,all_pose,pose_0025,pose_0025,SUCCESS,0,PLIP XML generated
71-41-0,OR2W1,OR2W1_P_1,all_pose,pose_0026,pose_0026,SUCCESS,0,PLIP XML generated
71-41-0,OR2W1,OR2W1_P_1,all_pose,pose_0027,pose_0027,SUCCESS,0,PLIP XML generated
71-41-0,OR2W1,OR2W1_P_1,all_pose,pose_0028,pose_0028,SUCCESS,0,PLIP XML generated
71-41-0,OR2W1,OR2W1_P_1,all_pose,pose_0029,pose_0029,SUCCESS,0,PLIP XML generated
71-41-0,OR2W1,OR2W1_P_1,all_pose,pose_0030,pose_0030,SUCCESS,0,PLIP XML generated
71-41-0,OR2W1,OR2W1_P_1,all_pose,pose_0031,pose_0031,SUCCESS,0,PLIP XML generated
71-41-0,OR2W1,OR2W1_P_1,all_pose,pose_0032,pose_0032,SUCCESS,0,PLIP XML generated
71-41-0,OR2W1,OR2W1_P_1,all_pose,pose_0033,pose_0033,SUCCESS,0,PLIP XML generated
71-41-0,OR2W1,OR2W1_P_1,all_pose,pose_0034,pose_0034,SUCCESS,0,PLIP XML generated
71-41-0,OR2W1,OR2W1_P_1,all_pose,pose_0035,pose_0035,SUCCESS,0,PLIP XML generated
71-41-0,OR2W1,OR2W1_P_1,all_pose,pose_0036,pose_0036,SUCCESS,0,PLIP XML generated
71-41-0,OR2W1,OR2W1_P_1,all_pose,pose_0037,pose_0037,SUCCESS,0,PLIP XML generated
71-41-0,OR2W1,OR2W1_P_1,all_pose,pose_0038,pose_0038,SUCCESS,0,PLIP XML generated
71-41-0,OR2W1,OR2W1_P_1,all_pose,pose_0039,pose_0039,SUCCESS,0,PLIP XML generated
71-41-0,OR2W1,OR2W1_P_1,all_pose,pose_0040,pose_0040,SUCCESS,0,PLIP XML generated
71-41-0,OR2W1,OR2W1_P_1,all_pose,pose_0041,pose_0041,SUCCESS,0,PLIP XML generated
71-41-0,OR2W1,OR2W1_P_1,all_pose,pose_0042,pose_0042,SUCCESS,0,PLIP XML generated
71-41-0,OR2W1,OR2W1_P_1,all_pose,pose_0043,pose_0043,SUCCESS,0,PLIP XML generated
71-41-0,OR2W1,OR2W1_P_1,all_pose,pose_0044,pose_0044,SUCCESS,0,PLIP XML generated
71-41-0,OR2W1,OR2W1_P_1,all_pose,pose_0045,pose_0045,SUCCESS,0,PLIP XML generated
71-41-0,OR2W1,OR2W1_P_1,all_pose,pose_0046,pose_0046,SUCCESS,0,PLIP XML generated
71-41-0,OR2W1,OR2W1_P_1,all_pose,pose_0047,pose_0047,SUCCESS,0,PLIP XML generated
71-41-0,OR2W1,OR2W1_P_1,all_pose,pose_0048,pose_0048,SUCCESS,0,PLIP XML generated
71-41-0,OR2W1,OR2W1_P_1,all_pose,pose_0049,pose_0049,SUCCESS,0,PLIP XML generated
71-41-0,OR2W1,OR2W1_P_1,all_pose,pose_0050,pose_0050,SUCCESS,0,PLIP XML generated
71-41-0,OR2W1,OR2W1_P_1,all_pose,pose_0051,pose_0051,SUCCESS,0,PLIP XML generated
71-41-0,OR2W1,OR2W1_P_1,all_pose,pose_0052,pose_0052,SUCCESS,0,PLIP XML generated
71-41-0,OR2W1,OR2W1_P_1,all_pose,pose_0053,pose_0053,SUCCESS,0,PLIP XML generated
71-41-0,OR2W1,OR2W1_P_1,all_pose,pose_0054,pose_0054,SUCCESS,0,PLIP XML generated
71-41-0,OR2W1,OR2W1_P_1,all_pose,pose_0055,pose_0055,SUCCESS,0,PLIP XML generated
71-41-0,OR2W1,OR2W1_P_1,all_pose,pose_0056,pose_0056,SUCCESS,0,PLIP XML generated
71-41-0,OR2W1,OR2W1_P_1,all_pose,pose_0057,pose_0057,SUCCESS,0,PLIP XML generated
71-41-0,OR2W1,OR2W1_P_1,all_pose,pose_0058,pose_0058,SUCCESS,0,PLIP XML generated
71-41-0,OR2W1,OR2W1_P_1,all_pose,pose_0059,pose_0059,SUCCESS,0,PLIP XML generated
71-41-0,OR2W1,OR2W1_P_1,all_pose,pose_0060,pose_0060,SUCCESS,0,PLIP XML generated
71-41-0,OR2W1,OR2W1_P_1,all_pose,pose_0061,pose_0061,SUCCESS,0,PLIP XML generated
71-41-0,OR2W1,OR2W1_P_1,all_pose,pose_0062,pose_0062,SUCCESS,0,PLIP XML generated
71-41-0,OR2W1,OR2W1_P_1,all_pose,pose_0063,pose_0063,SUCCESS,0,PLIP XML generated
71-41-0,OR2W1,OR2W1_P_1,all_pose,pose_0064,pose_0064,SUCCESS,0,PLIP XML generated
71-41-0,OR2W1,OR2W1_P_1,all_pose,pose_0065,pose_0065,SUCCESS,0,PLIP XML generated
71-41-0,OR2W1,OR2W1_P_1,all_pose,pose_0066,pose_0066,SUCCESS,0,PLIP XML generated
71-41-0,OR2W1,OR2W1_P_1,all_pose,pose_0067,pose_0067,SUCCESS,0,PLIP XML generated
71-41-0,OR2W1,OR2W1_P_1,all_pose,pose_0068,pose_0068,SUCCESS,0,PLIP XML generated
71-41-0,OR2W1,OR2W1_P_1,all_pose,pose_0069,pose_0069,SUCCESS,0,PLIP XML generated
71-41-0,OR2W1,OR2W1_P_1,all_pose,pose_0070,pose_0070,SUCCESS,0,PLIP XML generated
71-41-0,OR2W1,OR2W1_P_1,all_pose,pose_0071,pose_0071,SUCCESS,0,PLIP XML generated
71-41-0,OR2W1,OR2W1_P_1,all_pose,pose_0072,pose_0072,SUCCESS,0,PLIP XML generated
71-41-0,OR2W1,OR2W1_P_1,all_pose,pose_0073,pose_0073,SUCCESS,0,PLIP XML generated
71-41-0,OR2W1,OR2W1_P_1,all_pose,pose_0074,pose_0074,SUCCESS,0,PLIP XML generated
71-41-0,OR2W1,OR2W1_P_1,all_pose,pose_0075,pose_0075,SUCCESS,0,PLIP XML generated
71-41-0,OR2W1,OR2W1_P_1,all_pose,pose_0076,pose_0076,SUCCESS,0,PLIP XML generated
71-41-0,OR2W1,OR2W1_P_1,all_pose,pose_0077,pose_0077,SUCCESS,0,PLIP XML generated
71-41-0,OR2W1,OR2W1_P_1,all_pose,pose_0078,pose_0078,SUCCESS,0,PLIP XML generated
71-41-0,OR2W1,OR2W1_P_1,all_pose,pose_0079,pose_0079,SUCCESS,0,PLIP XML generated
71-41-0,OR2W1,OR2W1_P_1,all_pose,pose_0080,pose_0080,SUCCESS,0,PLIP XML generated
71-41-0,OR2W1,OR2W1_P_1,all_pose,pose_0081,pose_0081,SUCCESS,0,PLIP XML generated
71-41-0,OR2W1,OR2W1_P_1,all_pose,pose_0082,pose_0082,SUCCESS,0,PLIP XML generated
71-41-0,OR2W1,OR2W1_P_1,all_pose,pose_0083,pose_0083,SUCCESS,0,PLIP XML generated
71-41-0,OR2W1,OR2W1_P_1,all_pose,pose_0084,pose_0084,SUCCESS,0,PLIP XML generated
71-41-0,OR2W1,OR2W1_P_1,all_pose,pose_0085,pose_0085,SUCCESS,0,PLIP XML generated
71-41-0,OR2W1,OR2W1_P_1,all_pose,pose_0086,pose_0086,SUCCESS,0,PLIP XML generated
71-41-0,OR2W1,OR2W1_P_1,all_pose,pose_0087,pose_0087,SUCCESS,0,PLIP XML generated
71-41-0,OR2W1,OR2W1_P_1,all_pose,pose_0088,pose_0088,SUCCESS,0,PLIP XML generated
71-41-0,OR2W1,OR2W1_P_1,all_pose,pose_0089,pose_0089,SUCCESS,0,PLIP XML generated
71-41-0,OR2W1,OR2W1_P_1,all_pose,pose_0090,pose_0090,SUCCESS,0,PLIP XML generated
71-41-0,OR2W1,OR2W1_P_1,all_pose,pose_0091,pose_0091,SUCCESS,0,PLIP XML generated
71-41-0,OR2W1,OR2W1_P_1,all_pose,pose_0092,pose_0092,SUCCESS,0,PLIP XML generated
71-41-0,OR2W1,OR2W1_P_1,all_pose,pose_0093,pose_0093,SUCCESS,0,PLIP XML generated
71-41-0,OR2W1,OR2W1_P_1,all_pose,pose_0094,pose_0094,SUCCESS,0,PLIP XML generated
71-41-0,OR2W1,OR2W1_P_1,all_pose,pose_0095,pose_0095,SUCCESS,0,PLIP XML generated
71-41-0,OR2W1,OR2W1_P_1,all_pose,pose_0096,pose_0096,SUCCESS,0,PLIP XML generated
71-41-0,OR2W1,OR2W1_P_1,all_pose,pose_0097,pose_0097,SUCCESS,0,PLIP XML generated
71-41-0,OR2W1,OR2W1_P_1,all_pose,pose_0098,pose_0098,SUCCESS,0,PLIP XML generated
71-41-0,OR2W1,OR2W1_P_1,all_pose,pose_0099,pose_0099,SUCCESS,0,PLIP XML generated
71-41-0,OR2W1,OR2W1_P_1,all_pose,pose_0100,pose_0100,SUCCESS,0,PLIP XML generated
71-41-0,OR2W1,OR2W1_P_1,representative,cluster_002_medoid,pose_0066,SUCCESS,0,PLIP XML generated
71-41-0,OR2W1,OR2W1_P_1,representative,cluster_003_medoid,pose_0038,SUCCESS,0,PLIP XML generated
71-41-0,OR2W1,OR2W1_P_1,representative,dominant_cluster_medoid,pose_0002,SUCCESS,0,PLIP XML generated
71-41-0,OR2W1,OR2W1_P_1,representative,global_lowest_energy,pose_0054,SUCCESS,0,PLIP XML generated
71-41-0,OR2W1,OR2W1_P_2,all_pose,pose_0001,pose_0001,SUCCESS,0,PLIP XML generated
71-41-0,OR2W1,OR2W1_P_2,all_pose,pose_0002,pose_0002,SUCCESS,0,PLIP XML generated
71-41-0,OR2W1,OR2W1_P_2,all_pose,pose_0003,pose_0003,SUCCESS,0,PLIP XML generated
71-41-0,OR2W1,OR2W1_P_2,all_pose,pose_0004,pose_0004,SUCCESS,0,PLIP XML generated
71-41-0,OR2W1,OR2W1_P_2,all_pose,pose_0005,pose_0005,SUCCESS,0,PLIP XML generated
71-41-0,OR2W1,OR2W1_P_2,all_pose,pose_0006,pose_0006,SUCCESS,0,PLIP XML generated
71-41-0,OR2W1,OR2W1_P_2,all_pose,pose_0007,pose_0007,SUCCESS,0,PLIP XML generated
71-41-0,OR2W1,OR2W1_P_2,all_pose,pose_0008,pose_0008,SUCCESS,0,PLIP XML generated
71-41-0,OR2W1,OR2W1_P_2,all_pose,pose_0009,pose_0009,SUCCESS,0,PLIP XML generated
71-41-0,OR2W1,OR2W1_P_2,all_pose,pose_0010,pose_0010,SUCCESS,0,PLIP XML generated
71-41-0,OR2W1,OR2W1_P_2,all_pose,pose_0011,pose_0011,SUCCESS,0,PLIP XML generated
71-41-0,OR2W1,OR2W1_P_2,all_pose,pose_0012,pose_0012,SUCCESS,0,PLIP XML generated
71-41-0,OR2W1,OR2W1_P_2,all_pose,pose_0013,pose_0013,SUCCESS,0,PLIP XML generated
71-41-0,OR2W1,OR2W1_P_2,all_pose,pose_0014,pose_0014,SUCCESS,0,PLIP XML generated
71-41-0,OR2W1,OR2W1_P_2,all_pose,pose_0015,pose_0015,SUCCESS,0,PLIP XML generated
71-41-0,OR2W1,OR2W1_P_2,all_pose,pose_0016,pose_0016,SUCCESS,0,PLIP XML generated
71-41-0,OR2W1,OR2W1_P_2,all_pose,pose_0017,pose_0017,SUCCESS,0,PLIP XML generated
71-41-0,OR2W1,OR2W1_P_2,all_pose,pose_0018,pose_0018,SUCCESS,0,PLIP XML generated
71-41-0,OR2W1,OR2W1_P_2,all_pose,pose_0019,pose_0019,SUCCESS,0,PLIP XML generated
71-41-0,OR2W1,OR2W1_P_2,all_pose,pose_0020,pose_0020,SUCCESS,0,PLIP XML generated
71-41-0,OR2W1,OR2W1_P_2,all_pose,pose_0021,pose_0021,SUCCESS,0,PLIP XML generated
71-41-0,OR2W1,OR2W1_P_2,all_pose,pose_0022,pose_0022,SUCCESS,0,PLIP XML generated
71-41-0,OR2W1,OR2W1_P_2,all_pose,pose_0023,pose_0023,SUCCESS,0,PLIP XML generated
71-41-0,OR2W1,OR2W1_P_2,all_pose,pose_0024,pose_0024,SUCCESS,0,PLIP XML generated
71-41-0,OR2W1,OR2W1_P_2,all_pose,pose_0025,pose_0025,SUCCESS,0,PLIP XML generated
71-41-0,OR2W1,OR2W1_P_2,all_pose,pose_0026,pose_0026,SUCCESS,0,PLIP XML generated
71-41-0,OR2W1,OR2W1_P_2,all_pose,pose_0027,pose_0027,SUCCESS,0,PLIP XML generated
71-41-0,OR2W1,OR2W1_P_2,all_pose,pose_0028,pose_0028,SUCCESS,0,PLIP XML generated
71-41-0,OR2W1,OR2W1_P_2,all_pose,pose_0029,pose_0029,SUCCESS,0,PLIP XML generated
71-41-0,OR2W1,OR2W1_P_2,all_pose,pose_0030,pose_0030,SUCCESS,0,PLIP XML generated
71-41-0,OR2W1,OR2W1_P_2,all_pose,pose_0031,pose_0031,SUCCESS,0,PLIP XML generated
71-41-0,OR2W1,OR2W1_P_2,all_pose,pose_0032,pose_0032,SUCCESS,0,PLIP XML generated
71-41-0,OR2W1,OR2W1_P_2,all_pose,pose_0033,pose_0033,SUCCESS,0,PLIP XML generated
71-41-0,OR2W1,OR2W1_P_2,all_pose,pose_0034,pose_0034,SUCCESS,0,PLIP XML generated
71-41-0,OR2W1,OR2W1_P_2,all_pose,pose_0035,pose_0035,SUCCESS,0,PLIP XML generated
71-41-0,OR2W1,OR2W1_P_2,all_pose,pose_0036,pose_0036,SUCCESS,0,PLIP XML generated
71-41-0,OR2W1,OR2W1_P_2,all_pose,pose_0037,pose_0037,SUCCESS,0,PLIP XML generated
71-41-0,OR2W1,OR2W1_P_2,all_pose,pose_0038,pose_0038,SUCCESS,0,PLIP XML generated
71-41-0,OR2W1,OR2W1_P_2,all_pose,pose_0039,pose_0039,SUCCESS,0,PLIP XML generated
71-41-0,OR2W1,OR2W1_P_2,all_pose,pose_0040,pose_0040,SUCCESS,0,PLIP XML generated
71-41-0,OR2W1,OR2W1_P_2,all_pose,pose_0041,pose_0041,SUCCESS,0,PLIP XML generated
71-41-0,OR2W1,OR2W1_P_2,all_pose,pose_0042,pose_0042,SUCCESS,0,PLIP XML generated
71-41-0,OR2W1,OR2W1_P_2,all_pose,pose_0043,pose_0043,SUCCESS,0,PLIP XML generated
71-41-0,OR2W1,OR2W1_P_2,all_pose,pose_0044,pose_0044,SUCCESS,0,PLIP XML generated
71-41-0,OR2W1,OR2W1_P_2,all_pose,pose_0045,pose_0045,SUCCESS,0,PLIP XML generated
71-41-0,OR2W1,OR2W1_P_2,all_pose,pose_0046,pose_0046,SUCCESS,0,PLIP XML generated
71-41-0,OR2W1,OR2W1_P_2,all_pose,pose_0047,pose_0047,SUCCESS,0,PLIP XML generated
71-41-0,OR2W1,OR2W1_P_2,all_pose,pose_0048,pose_0048,SUCCESS,0,PLIP XML generated
71-41-0,OR2W1,OR2W1_P_2,all_pose,pose_0049,pose_0049,SUCCESS,0,PLIP XML generated
71-41-0,OR2W1,OR2W1_P_2,all_pose,pose_0050,pose_0050,SUCCESS,0,PLIP XML generated
71-41-0,OR2W1,OR2W1_P_2,all_pose,pose_0051,pose_0051,SUCCESS,0,PLIP XML generated
71-41-0,OR2W1,OR2W1_P_2,all_pose,pose_0052,pose_0052,SUCCESS,0,PLIP XML generated
71-41-0,OR2W1,OR2W1_P_2,all_pose,pose_0053,pose_0053,SUCCESS,0,PLIP XML generated
71-41-0,OR2W1,OR2W1_P_2,all_pose,pose_0054,pose_0054,SUCCESS,0,PLIP XML generated
71-41-0,OR2W1,OR2W1_P_2,all_pose,pose_0055,pose_0055,SUCCESS,0,PLIP XML generated
71-41-0,OR2W1,OR2W1_P_2,all_pose,pose_0056,pose_0056,SUCCESS,0,PLIP XML generated
71-41-0,OR2W1,OR2W1_P_2,all_pose,pose_0057,pose_0057,SUCCESS,0,PLIP XML generated
71-41-0,OR2W1,OR2W1_P_2,all_pose,pose_0058,pose_0058,SUCCESS,0,PLIP XML generated
71-41-0,OR2W1,OR2W1_P_2,all_pose,pose_0059,pose_0059,SUCCESS,0,PLIP XML generated
71-41-0,OR2W1,OR2W1_P_2,all_pose,pose_0060,pose_0060,SUCCESS,0,PLIP XML generated
71-41-0,OR2W1,OR2W1_P_2,all_pose,pose_0061,pose_0061,SUCCESS,0,PLIP XML generated
71-41-0,OR2W1,OR2W1_P_2,all_pose,pose_0062,pose_0062,SUCCESS,0,PLIP XML generated
71-41-0,OR2W1,OR2W1_P_2,all_pose,pose_0063,pose_0063,SUCCESS,0,PLIP XML generated
71-41-0,OR2W1,OR2W1_P_2,all_pose,pose_0064,pose_0064,SUCCESS,0,PLIP XML generated
71-41-0,OR2W1,OR2W1_P_2,all_pose,pose_0065,pose_0065,SUCCESS,0,PLIP XML generated
71-41-0,OR2W1,OR2W1_P_2,all_pose,pose_0066,pose_0066,SUCCESS,0,PLIP XML generated
71-41-0,OR2W1,OR2W1_P_2,all_pose,pose_0067,pose_0067,SUCCESS,0,PLIP XML generated
71-41-0,OR2W1,OR2W1_P_2,all_pose,pose_0068,pose_0068,SUCCESS,0,PLIP XML generated
71-41-0,OR2W1,OR2W1_P_2,all_pose,pose_0069,pose_0069,SUCCESS,0,PLIP XML generated
71-41-0,OR2W1,OR2W1_P_2,all_pose,pose_0070,pose_0070,SUCCESS,0,PLIP XML generated
71-41-0,OR2W1,OR2W1_P_2,all_pose,pose_0071,pose_0071,SUCCESS,0,PLIP XML generated
71-41-0,OR2W1,OR2W1_P_2,all_pose,pose_0072,pose_0072,SUCCESS,0,PLIP XML generated
71-41-0,OR2W1,OR2W1_P_2,all_pose,pose_0073,pose_0073,SUCCESS,0,PLIP XML generated
71-41-0,OR2W1,OR2W1_P_2,all_pose,pose_0074,pose_0074,SUCCESS,0,PLIP XML generated
71-41-0,OR2W1,OR2W1_P_2,all_pose,pose_0075,pose_0075,SUCCESS,0,PLIP XML generated
71-41-0,OR2W1,OR2W1_P_2,all_pose,pose_0076,pose_0076,SUCCESS,0,PLIP XML generated
71-41-0,OR2W1,OR2W1_P_2,all_pose,pose_0077,pose_0077,SUCCESS,0,PLIP XML generated
71-41-0,OR2W1,OR2W1_P_2,all_pose,pose_0078,pose_0078,SUCCESS,0,PLIP XML generated
71-41-0,OR2W1,OR2W1_P_2,all_pose,pose_0079,pose_0079,SUCCESS,0,PLIP XML generated
71-41-0,OR2W1,OR2W1_P_2,all_pose,pose_0080,pose_0080,SUCCESS,0,PLIP XML generated
71-41-0,OR2W1,OR2W1_P_2,all_pose,pose_0081,pose_0081,SUCCESS,0,PLIP XML generated
71-41-0,OR2W1,OR2W1_P_2,all_pose,pose_0082,pose_0082,SUCCESS,0,PLIP XML generated
71-41-0,OR2W1,OR2W1_P_2,all_pose,pose_0083,pose_0083,SUCCESS,0,PLIP XML generated
71-41-0,OR2W1,OR2W1_P_2,all_pose,pose_0084,pose_0084,SUCCESS,0,PLIP XML generated
71-41-0,OR2W1,OR2W1_P_2,all_pose,pose_0085,pose_0085,SUCCESS,0,PLIP XML generated
71-41-0,OR2W1,OR2W1_P_2,all_pose,pose_0086,pose_0086,SUCCESS,0,PLIP XML generated
71-41-0,OR2W1,OR2W1_P_2,all_pose,pose_0087,pose_0087,SUCCESS,0,PLIP XML generated
71-41-0,OR2W1,OR2W1_P_2,all_pose,pose_0088,pose_0088,SUCCESS,0,PLIP XML generated
71-41-0,OR2W1,OR2W1_P_2,all_pose,pose_0089,pose_0089,SUCCESS,0,PLIP XML generated
71-41-0,OR2W1,OR2W1_P_2,all_pose,pose_0090,pose_0090,SUCCESS,0,PLIP XML generated
71-41-0,OR2W1,OR2W1_P_2,all_pose,pose_0091,pose_0091,SUCCESS,0,PLIP XML generated
71-41-0,OR2W1,OR2W1_P_2,all_pose,pose_0092,pose_0092,SUCCESS,0,PLIP XML generated
71-41-0,OR2W1,OR2W1_P_2,all_pose,pose_0093,pose_0093,SUCCESS,0,PLIP XML generated
71-41-0,OR2W1,OR2W1_P_2,all_pose,pose_0094,pose_0094,SUCCESS,0,PLIP XML generated
71-41-0,OR2W1,OR2W1_P_2,all_pose,pose_0095,pose_0095,SUCCESS,0,PLIP XML generated
71-41-0,OR2W1,OR2W1_P_2,all_pose,pose_0096,pose_0096,SUCCESS,0,PLIP XML generated
71-41-0,OR2W1,OR2W1_P_2,all_pose,pose_0097,pose_0097,SUCCESS,0,PLIP XML generated
71-41-0,OR2W1,OR2W1_P_2,all_pose,pose_0098,pose_0098,SUCCESS,0,PLIP XML generated
71-41-0,OR2W1,OR2W1_P_2,all_pose,pose_0099,pose_0099,SUCCESS,0,PLIP XML generated
71-41-0,OR2W1,OR2W1_P_2,all_pose,pose_0100,pose_0100,SUCCESS,0,PLIP XML generated
71-41-0,OR2W1,OR2W1_P_2,representative,cluster_002_medoid,pose_0030,SUCCESS,0,PLIP XML generated
71-41-0,OR2W1,OR2W1_P_2,representative,cluster_003_medoid,pose_0009,SUCCESS,0,PLIP XML generated
71-41-0,OR2W1,OR2W1_P_2,representative,dominant_cluster_medoid,pose_0045,SUCCESS,0,PLIP XML generated
71-41-0,OR2W1,OR2W1_P_2,representative,global_lowest_energy,pose_0089,SUCCESS,0,PLIP XML generated
71-41-0,OR2W1,OR2W1_P_3,all_pose,pose_0001,pose_0001,SUCCESS,0,PLIP XML generated
71-41-0,OR2W1,OR2W1_P_3,all_pose,pose_0002,pose_0002,SUCCESS,0,PLIP XML generated
71-41-0,OR2W1,OR2W1_P_3,all_pose,pose_0003,pose_0003,SUCCESS,0,PLIP XML generated
71-41-0,OR2W1,OR2W1_P_3,all_pose,pose_0004,pose_0004,SUCCESS,0,PLIP XML generated
71-41-0,OR2W1,OR2W1_P_3,all_pose,pose_0005,pose_0005,SUCCESS,0,PLIP XML generated
71-41-0,OR2W1,OR2W1_P_3,all_pose,pose_0006,pose_0006,SUCCESS,0,PLIP XML generated
71-41-0,OR2W1,OR2W1_P_3,all_pose,pose_0007,pose_0007,SUCCESS,0,PLIP XML generated
71-41-0,OR2W1,OR2W1_P_3,all_pose,pose_0008,pose_0008,SUCCESS,0,PLIP XML generated
71-41-0,OR2W1,OR2W1_P_3,all_pose,pose_0009,pose_0009,SUCCESS,0,PLIP XML generated
71-41-0,OR2W1,OR2W1_P_3,all_pose,pose_0010,pose_0010,SUCCESS,0,PLIP XML generated
71-41-0,OR2W1,OR2W1_P_3,all_pose,pose_0011,pose_0011,SUCCESS,0,PLIP XML generated
71-41-0,OR2W1,OR2W1_P_3,all_pose,pose_0012,pose_0012,SUCCESS,0,PLIP XML generated
71-41-0,OR2W1,OR2W1_P_3,all_pose,pose_0013,pose_0013,SUCCESS,0,PLIP XML generated
71-41-0,OR2W1,OR2W1_P_3,all_pose,pose_0014,pose_0014,SUCCESS,0,PLIP XML generated
71-41-0,OR2W1,OR2W1_P_3,all_pose,pose_0015,pose_0015,SUCCESS,0,PLIP XML generated
71-41-0,OR2W1,OR2W1_P_3,all_pose,pose_0016,pose_0016,SUCCESS,0,PLIP XML generated
71-41-0,OR2W1,OR2W1_P_3,all_pose,pose_0017,pose_0017,SUCCESS,0,PLIP XML generated
71-41-0,OR2W1,OR2W1_P_3,all_pose,pose_0018,pose_0018,SUCCESS,0,PLIP XML generated
71-41-0,OR2W1,OR2W1_P_3,all_pose,pose_0019,pose_0019,SUCCESS,0,PLIP XML generated
71-41-0,OR2W1,OR2W1_P_3,all_pose,pose_0020,pose_0020,SUCCESS,0,PLIP XML generated
71-41-0,OR2W1,OR2W1_P_3,all_pose,pose_0021,pose_0021,SUCCESS,0,PLIP XML generated
71-41-0,OR2W1,OR2W1_P_3,all_pose,pose_0022,pose_0022,SUCCESS,0,PLIP XML generated
71-41-0,OR2W1,OR2W1_P_3,all_pose,pose_0023,pose_0023,SUCCESS,0,PLIP XML generated
71-41-0,OR2W1,OR2W1_P_3,all_pose,pose_0024,pose_0024,SUCCESS,0,PLIP XML generated
71-41-0,OR2W1,OR2W1_P_3,all_pose,pose_0025,pose_0025,SUCCESS,0,PLIP XML generated
71-41-0,OR2W1,OR2W1_P_3,all_pose,pose_0026,pose_0026,SUCCESS,0,PLIP XML generated
71-41-0,OR2W1,OR2W1_P_3,all_pose,pose_0027,pose_0027,SUCCESS,0,PLIP XML generated
71-41-0,OR2W1,OR2W1_P_3,all_pose,pose_0028,pose_0028,SUCCESS,0,PLIP XML generated
71-41-0,OR2W1,OR2W1_P_3,all_pose,pose_0029,pose_0029,SUCCESS,0,PLIP XML generated
71-41-0,OR2W1,OR2W1_P_3,all_pose,pose_0030,pose_0030,SUCCESS,0,PLIP XML generated
71-41-0,OR2W1,OR2W1_P_3,all_pose,pose_0031,pose_0031,SUCCESS,0,PLIP XML generated
71-41-0,OR2W1,OR2W1_P_3,all_pose,pose_0032,pose_0032,SUCCESS,0,PLIP XML generated
71-41-0,OR2W1,OR2W1_P_3,all_pose,pose_0033,pose_0033,SUCCESS,0,PLIP XML generated
71-41-0,OR2W1,OR2W1_P_3,all_pose,pose_0034,pose_0034,SUCCESS,0,PLIP XML generated
71-41-0,OR2W1,OR2W1_P_3,all_pose,pose_0035,pose_0035,SUCCESS,0,PLIP XML generated
71-41-0,OR2W1,OR2W1_P_3,all_pose,pose_0036,pose_0036,SUCCESS,0,PLIP XML generated
71-41-0,OR2W1,OR2W1_P_3,all_pose,pose_0037,pose_0037,SUCCESS,0,PLIP XML generated
71-41-0,OR2W1,OR2W1_P_3,all_pose,pose_0038,pose_0038,SUCCESS,0,PLIP XML generated
71-41-0,OR2W1,OR2W1_P_3,all_pose,pose_0039,pose_0039,SUCCESS,0,PLIP XML generated
71-41-0,OR2W1,OR2W1_P_3,all_pose,pose_0040,pose_0040,SUCCESS,0,PLIP XML generated
71-41-0,OR2W1,OR2W1_P_3,all_pose,pose_0041,pose_0041,SUCCESS,0,PLIP XML generated
71-41-0,OR2W1,OR2W1_P_3,all_pose,pose_0042,pose_0042,SUCCESS,0,PLIP XML generated
71-41-0,OR2W1,OR2W1_P_3,all_pose,pose_0043,pose_0043,SUCCESS,0,PLIP XML generated
71-41-0,OR2W1,OR2W1_P_3,all_pose,pose_0044,pose_0044,SUCCESS,0,PLIP XML generated
71-41-0,OR2W1,OR2W1_P_3,all_pose,pose_0045,pose_0045,SUCCESS,0,PLIP XML generated
71-41-0,OR2W1,OR2W1_P_3,all_pose,pose_0046,pose_0046,SUCCESS,0,PLIP XML generated
71-41-0,OR2W1,OR2W1_P_3,all_pose,pose_0047,pose_0047,SUCCESS,0,PLIP XML generated
71-41-0,OR2W1,OR2W1_P_3,all_pose,pose_0048,pose_0048,SUCCESS,0,PLIP XML generated
71-41-0,OR2W1,OR2W1_P_3,all_pose,pose_0049,pose_0049,SUCCESS,0,PLIP XML generated
71-41-0,OR2W1,OR2W1_P_3,all_pose,pose_0050,pose_0050,SUCCESS,0,PLIP XML generated
71-41-0,OR2W1,OR2W1_P_3,all_pose,pose_0051,pose_0051,SUCCESS,0,PLIP XML generated
71-41-0,OR2W1,OR2W1_P_3,all_pose,pose_0052,pose_0052,SUCCESS,0,PLIP XML generated
71-41-0,OR2W1,OR2W1_P_3,all_pose,pose_0053,pose_0053,SUCCESS,0,PLIP XML generated
71-41-0,OR2W1,OR2W1_P_3,all_pose,pose_0054,pose_0054,SUCCESS,0,PLIP XML generated
71-41-0,OR2W1,OR2W1_P_3,all_pose,pose_0055,pose_0055,SUCCESS,0,PLIP XML generated
71-41-0,OR2W1,OR2W1_P_3,all_pose,pose_0056,pose_0056,SUCCESS,0,PLIP XML generated
71-41-0,OR2W1,OR2W1_P_3,all_pose,pose_0057,pose_0057,SUCCESS,0,PLIP XML generated
71-41-0,OR2W1,OR2W1_P_3,all_pose,pose_0058,pose_0058,SUCCESS,0,PLIP XML generated
71-41-0,OR2W1,OR2W1_P_3,all_pose,pose_0059,pose_0059,SUCCESS,0,PLIP XML generated
71-41-0,OR2W1,OR2W1_P_3,all_pose,pose_0060,pose_0060,SUCCESS,0,PLIP XML generated
71-41-0,OR2W1,OR2W1_P_3,all_pose,pose_0061,pose_0061,SUCCESS,0,PLIP XML generated
71-41-0,OR2W1,OR2W1_P_3,all_pose,pose_0062,pose_0062,SUCCESS,0,PLIP XML generated
71-41-0,OR2W1,OR2W1_P_3,all_pose,pose_0063,pose_0063,SUCCESS,0,PLIP XML generated
71-41-0,OR2W1,OR2W1_P_3,all_pose,pose_0064,pose_0064,SUCCESS,0,PLIP XML generated
71-41-0,OR2W1,OR2W1_P_3,all_pose,pose_0065,pose_0065,SUCCESS,0,PLIP XML generated
71-41-0,OR2W1,OR2W1_P_3,all_pose,pose_0066,pose_0066,SUCCESS,0,PLIP XML generated
71-41-0,OR2W1,OR2W1_P_3,all_pose,pose_0067,pose_0067,SUCCESS,0,PLIP XML generated
71-41-0,OR2W1,OR2W1_P_3,all_pose,pose_0068,pose_0068,SUCCESS,0,PLIP XML generated
71-41-0,OR2W1,OR2W1_P_3,all_pose,pose_0069,pose_0069,SUCCESS,0,PLIP XML generated
71-41-0,OR2W1,OR2W1_P_3,all_pose,pose_0070,pose_0070,SUCCESS,0,PLIP XML generated
71-41-0,OR2W1,OR2W1_P_3,all_pose,pose_0071,pose_0071,SUCCESS,0,PLIP XML generated
71-41-0,OR2W1,OR2W1_P_3,all_pose,pose_0072,pose_0072,SUCCESS,0,PLIP XML generated
71-41-0,OR2W1,OR2W1_P_3,all_pose,pose_0073,pose_0073,SUCCESS,0,PLIP XML generated
71-41-0,OR2W1,OR2W1_P_3,all_pose,pose_0074,pose_0074,SUCCESS,0,PLIP XML generated
71-41-0,OR2W1,OR2W1_P_3,all_pose,pose_0075,pose_0075,SUCCESS,0,PLIP XML generated
71-41-0,OR2W1,OR2W1_P_3,all_pose,pose_0076,pose_0076,SUCCESS,0,PLIP XML generated
71-41-0,OR2W1,OR2W1_P_3,all_pose,pose_0077,pose_0077,SUCCESS,0,PLIP XML generated
71-41-0,OR2W1,OR2W1_P_3,all_pose,pose_0078,pose_0078,SUCCESS,0,PLIP XML generated
71-41-0,OR2W1,OR2W1_P_3,all_pose,pose_0079,pose_0079,SUCCESS,0,PLIP XML generated
71-41-0,OR2W1,OR2W1_P_3,all_pose,pose_0080,pose_0080,SUCCESS,0,PLIP XML generated
71-41-0,OR2W1,OR2W1_P_3,all_pose,pose_0081,pose_0081,SUCCESS,0,PLIP XML generated
71-41-0,OR2W1,OR2W1_P_3,all_pose,pose_0082,pose_0082,SUCCESS,0,PLIP XML generated
71-41-0,OR2W1,OR2W1_P_3,all_pose,pose_0083,pose_0083,SUCCESS,0,PLIP XML generated
71-41-0,OR2W1,OR2W1_P_3,all_pose,pose_0084,pose_0084,SUCCESS,0,PLIP XML generated
71-41-0,OR2W1,OR2W1_P_3,all_pose,pose_0085,pose_0085,SUCCESS,0,PLIP XML generated
71-41-0,OR2W1,OR2W1_P_3,all_pose,pose_0086,pose_0086,SUCCESS,0,PLIP XML generated
71-41-0,OR2W1,OR2W1_P_3,all_pose,pose_0087,pose_0087,SUCCESS,0,PLIP XML generated
71-41-0,OR2W1,OR2W1_P_3,all_pose,pose_0088,pose_0088,SUCCESS,0,PLIP XML generated
71-41-0,OR2W1,OR2W1_P_3,all_pose,pose_0089,pose_0089,SUCCESS,0,PLIP XML generated
71-41-0,OR2W1,OR2W1_P_3,all_pose,pose_0090,pose_0090,SUCCESS,0,PLIP XML generated
71-41-0,OR2W1,OR2W1_P_3,all_pose,pose_0091,pose_0091,SUCCESS,0,PLIP XML generated
71-41-0,OR2W1,OR2W1_P_3,all_pose,pose_0092,pose_0092,SUCCESS,0,PLIP XML generated
71-41-0,OR2W1,OR2W1_P_3,all_pose,pose_0093,pose_0093,SUCCESS,0,PLIP XML generated
71-41-0,OR2W1,OR2W1_P_3,all_pose,pose_0094,pose_0094,SUCCESS,0,PLIP XML generated
71-41-0,OR2W1,OR2W1_P_3,all_pose,pose_0095,pose_0095,SUCCESS,0,PLIP XML generated
71-41-0,OR2W1,OR2W1_P_3,all_pose,pose_0096,pose_0096,SUCCESS,0,PLIP XML generated
71-41-0,OR2W1,OR2W1_P_3,all_pose,pose_0097,pose_0097,SUCCESS,0,PLIP XML generated
71-41-0,OR2W1,OR2W1_P_3,all_pose,pose_0098,pose_0098,SUCCESS,0,PLIP XML generated
71-41-0,OR2W1,OR2W1_P_3,all_pose,pose_0099,pose_0099,SUCCESS,0,PLIP XML generated
71-41-0,OR2W1,OR2W1_P_3,all_pose,pose_0100,pose_0100,SUCCESS,0,PLIP XML generated
71-41-0,OR2W1,OR2W1_P_3,representative,cluster_002_medoid,pose_0088,SUCCESS,0,PLIP XML generated
71-41-0,OR2W1,OR2W1_P_3,representative,cluster_003_medoid,pose_0091,SUCCESS,0,PLIP XML generated
71-41-0,OR2W1,OR2W1_P_3,representative,dominant_cluster_medoid,pose_0062,SUCCESS,0,PLIP XML generated
71-41-0,OR2W1,OR2W1_P_3,representative,global_lowest_energy,pose_0081,SUCCESS,0,PLIP XML generated
