cas,label,n_assessors,mean_intensity,sd_intensity,median_intensity,max_intensity,selection_count_nonzero,selection_frequency_nonzero
100-51-6,alcoholic,13,0.0,0.0,0.0,0,0,0.0
100-51-6,aldehydic,13,0.3076923076923077,1.1094003924504583,0.0,4,1,0.07692307692307693
100-51-6,almond,13,2.923076923076923,2.7526211284742907,4.0,8,8,0.6153846153846154
100-51-6,anise,13,0.0,0.0,0.0,0,0,0.0
100-51-6,apple,13,0.3076923076923077,1.109400392450458,0.0,4,1,0.07692307692307693
100-51-6,apricot,13,0.0,0.0,0.0,0,0,0.0
100-51-6,banana,13,0.0,0.0,0.0,0,0,0.0
100-51-6,caramel,13,0.0,0.0,0.0,0,0,0.0
100-51-6,citrus,13,0.0,0.0,0.0,0,0,0.0
100-51-6,cocoa,13,0.0,0.0,0.0,0,0,0.0
100-51-6,coconut,13,0.0,0.0,0.0,0,0,0.0
100-51-6,coffee,13,0.0,0.0,0.0,0,0,0.0
100-51-6,coumaric,13,0.0,0.0,0.0,0,0,0.0
100-51-6,creamy,13,0.0,0.0,0.0,0,0,0.0
100-51-6,fatty,13,0.0,0.0,0.0,0,0,0.0
100-51-6,floral,13,0.15384615384615385,0.554700196225229,0.0,2,1,0.07692307692307693
100-51-6,fruity,13,4.461538461538462,2.904461643041174,5.0,8,10,0.7692307692307693
100-51-6,green,13,0.6153846153846154,1.5021352323976216,0.0,4,2,0.15384615384615385
100-51-6,herbal,13,0.38461538461538464,1.3867504905630728,0.0,5,1,0.07692307692307693
100-51-6,honey,13,0.0,0.0,0.0,0,0,0.0
100-51-6,jasmine,13,0.0,0.0,0.0,0,0,0.0
100-51-6,meaty,13,0.0,0.0,0.0,0,0,0.0
100-51-6,mint,13,0.0,0.0,0.0,0,0,0.0
100-51-6,mushroom,13,0.0,0.0,0.0,0,0,0.0
100-51-6,musky,13,1.3846153846153846,2.1809195896250406,0.0,5,4,0.3076923076923077
100-51-6,nutty,13,2.230769230769231,3.0592440829352534,0.0,8,5,0.38461538461538464
100-51-6,oily,13,0.0,0.0,0.0,0,0,0.0
100-51-6,peach,13,0.0,0.0,0.0,0,0,0.0
100-51-6,pear,13,0.0,0.0,0.0,0,0,0.0
100-51-6,pine_needle,13,0.23076923076923078,0.8320502943378437,0.0,3,1,0.07692307692307693
100-51-6,pineapple,13,0.0,0.0,0.0,0,0,0.0
100-51-6,plum,13,0.0,0.0,0.0,0,0,0.0
100-51-6,roasted,13,1.2307692307692308,2.1273554065179203,0.0,6,4,0.3076923076923077
100-51-6,rose,13,0.0,0.0,0.0,0,0,0.0
100-51-6,sour,13,0.5384615384615384,1.0500305245868344,0.0,3,3,0.23076923076923078
100-51-6,spicy,13,0.0,0.0,0.0,0,0,0.0
100-51-6,sweet,13,1.5384615384615385,2.4703368398993897,0.0,6,4,0.3076923076923077
100-51-6,tobacco,13,0.0,0.0,0.0,0,0,0.0
100-51-6,tropical_fruit,13,0.38461538461538464,1.3867504905630728,0.0,5,1,0.07692307692307693
100-51-6,vanilla,13,0.0,0.0,0.0,0,0,0.0
100-51-6,vegetable,13,0.0,0.0,0.0,0,0,0.0
100-51-6,waxy,13,0.0,0.0,0.0,0,0,0.0
100-51-6,woody,13,0.0,0.0,0.0,0,0,0.0
10094-34-5,alcoholic,13,0.0,0.0,0.0,0,0,0.0
10094-34-5,aldehydic,13,0.0,0.0,0.0,0,0,0.0
10094-34-5,almond,13,0.38461538461538464,1.3867504905630728,0.0,5,1,0.07692307692307693
10094-34-5,anise,13,0.0,0.0,0.0,0,0,0.0
10094-34-5,apple,13,0.0,0.0,0.0,0,0,0.0
10094-34-5,apricot,13,1.0769230769230769,2.660248687044705,0.0,8,2,0.15384615384615385
10094-34-5,banana,13,0.0,0.0,0.0,0,0,0.0
10094-34-5,caramel,13,0.0,0.0,0.0,0,0,0.0
10094-34-5,citrus,13,0.0,0.0,0.0,0,0,0.0
10094-34-5,cocoa,13,0.0,0.0,0.0,0,0,0.0
10094-34-5,coconut,13,0.0,0.0,0.0,0,0,0.0
10094-34-5,coffee,13,0.0,0.0,0.0,0,0,0.0
10094-34-5,coumaric,13,0.38461538461538464,1.3867504905630725,0.0,5,1,0.07692307692307693
10094-34-5,creamy,13,0.46153846153846156,1.6641005886756874,0.0,6,1,0.07692307692307693
10094-34-5,fatty,13,0.0,0.0,0.0,0,0,0.0
10094-34-5,floral,13,0.38461538461538464,1.1208970766356101,0.0,4,2,0.15384615384615385
10094-34-5,fruity,13,0.7692307692307693,1.9215378456610455,0.0,6,2,0.15384615384615385
10094-34-5,green,13,0.6923076923076923,1.9741924671712983,0.0,7,2,0.15384615384615385
10094-34-5,herbal,13,1.6923076923076923,2.250356097177192,0.0,6,6,0.46153846153846156
10094-34-5,honey,13,0.46153846153846156,1.6641005886756874,0.0,6,1,0.07692307692307693
10094-34-5,jasmine,13,0.0,0.0,0.0,0,0,0.0
10094-34-5,meaty,13,0.0,0.0,0.0,0,0,0.0
10094-34-5,mint,13,0.0,0.0,0.0,0,0,0.0
10094-34-5,mushroom,13,0.0,0.0,0.0,0,0,0.0
10094-34-5,musky,13,0.0,0.0,0.0,0,0,0.0
10094-34-5,nutty,13,0.15384615384615385,0.554700196225229,0.0,2,1,0.07692307692307693
10094-34-5,oily,13,0.0,0.0,0.0,0,0,0.0
10094-34-5,peach,13,0.0,0.0,0.0,0,0,0.0
10094-34-5,pear,13,0.0,0.0,0.0,0,0,0.0
10094-34-5,pine_needle,13,0.0,0.0,0.0,0,0,0.0
10094-34-5,pineapple,13,0.0,0.0,0.0,0,0,0.0
10094-34-5,plum,13,0.6923076923076923,1.702185623672077,0.0,5,2,0.15384615384615385
10094-34-5,roasted,13,0.15384615384615385,0.5547001962252291,0.0,2,1,0.07692307692307693
10094-34-5,rose,13,0.23076923076923078,0.8320502943378437,0.0,3,1,0.07692307692307693
10094-34-5,sour,13,0.0,0.0,0.0,0,0,0.0
10094-34-5,spicy,13,0.23076923076923078,0.8320502943378437,0.0,3,1,0.07692307692307693
10094-34-5,sweet,13,1.0769230769230769,2.0599975105785306,0.0,5,3,0.23076923076923078
10094-34-5,tobacco,13,0.0,0.0,0.0,0,0,0.0
10094-34-5,tropical_fruit,13,0.0,0.0,0.0,0,0,0.0
10094-34-5,vanilla,13,0.0,0.0,0.0,0,0,0.0
10094-34-5,vegetable,13,0.0,0.0,0.0,0,0,0.0
10094-34-5,waxy,13,0.0,0.0,0.0,0,0,0.0
10094-34-5,woody,13,0.7692307692307693,2.24179415327122,0.0,8,2,0.15384615384615385
103-28-6,alcoholic,13,0.0,0.0,0.0,0,0,0.0
103-28-6,aldehydic,13,0.15384615384615385,0.554700196225229,0.0,2,1,0.07692307692307693
103-28-6,almond,13,0.0,0.0,0.0,0,0,0.0
103-28-6,anise,13,0.0,0.0,0.0,0,0,0.0
103-28-6,apple,13,0.6153846153846154,1.5021352323976216,0.0,4,2,0.15384615384615385
103-28-6,apricot,13,0.0,0.0,0.0,0,0,0.0
103-28-6,banana,13,0.0,0.0,0.0,0,0,0.0
103-28-6,caramel,13,0.15384615384615385,0.5547001962252291,0.0,2,1,0.07692307692307693
103-28-6,citrus,13,0.6153846153846154,1.2608503439122305,0.0,4,3,0.23076923076923078
103-28-6,cocoa,13,0.0,0.0,0.0,0,0,0.0
103-28-6,coconut,13,0.0,0.0,0.0,0,0,0.0
103-28-6,coffee,13,0.0,0.0,0.0,0,0,0.0
103-28-6,coumaric,13,0.0,0.0,0.0,0,0,0.0
103-28-6,creamy,13,0.0,0.0,0.0,0,0,0.0
103-28-6,fatty,13,0.0,0.0,0.0,0,0,0.0
103-28-6,floral,13,1.8461538461538463,2.511511956509924,0.0,6,5,0.38461538461538464
103-28-6,fruity,13,4.0,3.4641016151377544,6.0,8,8,0.6153846153846154
103-28-6,green,13,0.9230769230769231,1.5525000516123695,0.0,4,4,0.3076923076923077
103-28-6,herbal,13,0.15384615384615385,0.5547001962252291,0.0,2,1,0.07692307692307693
103-28-6,honey,13,0.15384615384615385,0.554700196225229,0.0,2,1,0.07692307692307693
103-28-6,jasmine,13,0.0,0.0,0.0,0,0,0.0
103-28-6,meaty,13,0.0,0.0,0.0,0,0,0.0
103-28-6,mint,13,0.0,0.0,0.0,0,0,0.0
103-28-6,mushroom,13,0.0,0.0,0.0,0,0,0.0
103-28-6,musky,13,0.46153846153846156,1.1982893790305562,0.0,4,2,0.15384615384615385
103-28-6,nutty,13,0.0,0.0,0.0,0,0,0.0
103-28-6,oily,13,0.0,0.0,0.0,0,0,0.0
103-28-6,peach,13,0.0,0.0,0.0,0,0,0.0
103-28-6,pear,13,0.3076923076923077,0.7510676161988108,0.0,2,2,0.15384615384615385
103-28-6,pine_needle,13,0.0,0.0,0.0,0,0,0.0
103-28-6,pineapple,13,0.0,0.0,0.0,0,0,0.0
103-28-6,plum,13,0.15384615384615385,0.5547001962252291,0.0,2,1,0.07692307692307693
103-28-6,roasted,13,0.0,0.0,0.0,0,0,0.0
103-28-6,rose,13,2.3076923076923075,2.42846369077981,2.0,6,7,0.5384615384615384
103-28-6,sour,13,0.0,0.0,0.0,0,0,0.0
103-28-6,spicy,13,0.0,0.0,0.0,0,0,0.0
103-28-6,sweet,13,2.769230769230769,2.385855756810896,4.0,6,8,0.6153846153846154
103-28-6,tobacco,13,0.0,0.0,0.0,0,0,0.0
103-28-6,tropical_fruit,13,1.9230769230769231,2.5968422639024005,0.0,6,5,0.38461538461538464
103-28-6,vanilla,13,0.0,0.0,0.0,0,0,0.0
103-28-6,vegetable,13,0.0,0.0,0.0,0,0,0.0
103-28-6,waxy,13,0.0,0.0,0.0,0,0,0.0
103-28-6,woody,13,0.15384615384615385,0.5547001962252291,0.0,2,1,0.07692307692307693
103-45-7,alcoholic,13,0.6153846153846154,2.2188007849009166,0.0,8,1,0.07692307692307693
103-45-7,aldehydic,13,0.0,0.0,0.0,0,0,0.0
103-45-7,almond,13,0.0,0.0,0.0,0,0,0.0
103-45-7,anise,13,0.0,0.0,0.0,0,0,0.0
103-45-7,apple,13,0.0,0.0,0.0,0,0,0.0
103-45-7,apricot,13,0.0,0.0,0.0,0,0,0.0
103-45-7,banana,13,0.0,0.0,0.0,0,0,0.0
103-45-7,caramel,13,0.0,0.0,0.0,0,0,0.0
103-45-7,citrus,13,0.0,0.0,0.0,0,0,0.0
103-45-7,cocoa,13,0.3076923076923077,1.1094003924504583,0.0,4,1,0.07692307692307693
103-45-7,coconut,13,0.0,0.0,0.0,0,0,0.0
103-45-7,coffee,13,0.0,0.0,0.0,0,0,0.0
103-45-7,coumaric,13,0.0,0.0,0.0,0,0,0.0
103-45-7,creamy,13,0.46153846153846156,1.6641005886756874,0.0,6,1,0.07692307692307693
103-45-7,fatty,13,0.23076923076923078,0.8320502943378437,0.0,3,1,0.07692307692307693
103-45-7,floral,13,2.3076923076923075,3.198557367121814,0.0,7,5,0.38461538461538464
103-45-7,fruity,13,1.8461538461538463,2.339734808553947,0.0,7,6,0.46153846153846156
103-45-7,green,13,0.0,0.0,0.0,0,0,0.0
103-45-7,herbal,13,0.0,0.0,0.0,0,0,0.0
103-45-7,honey,13,1.9230769230769231,2.6287366566958377,0.0,6,5,0.38461538461538464
103-45-7,jasmine,13,0.0,0.0,0.0,0,0,0.0
103-45-7,meaty,13,0.0,0.0,0.0,0,0,0.0
103-45-7,mint,13,0.23076923076923078,0.5991446895152781,0.0,2,2,0.15384615384615385
103-45-7,mushroom,13,0.0,0.0,0.0,0,0,0.0
103-45-7,musky,13,0.0,0.0,0.0,0,0,0.0
103-45-7,nutty,13,0.0,0.0,0.0,0,0,0.0
103-45-7,oily,13,0.0,0.0,0.0,0,0,0.0
103-45-7,peach,13,0.0,0.0,0.0,0,0,0.0
103-45-7,pear,13,0.0,0.0,0.0,0,0,0.0
103-45-7,pine_needle,13,0.0,0.0,0.0,0,0,0.0
103-45-7,pineapple,13,0.0,0.0,0.0,0,0,0.0
103-45-7,plum,13,0.0,0.0,0.0,0,0,0.0
103-45-7,roasted,13,0.0,0.0,0.0,0,0,0.0
103-45-7,rose,13,2.3076923076923075,3.065523755810073,0.0,7,5,0.38461538461538464
103-45-7,sour,13,0.5384615384615384,1.3301243435223526,0.0,4,2,0.15384615384615385
103-45-7,spicy,13,0.5384615384615384,1.4500221041639685,0.0,5,2,0.15384615384615385
103-45-7,sweet,13,0.9230769230769231,1.8912755158683456,0.0,5,3,0.23076923076923078
103-45-7,tobacco,13,0.0,0.0,0.0,0,0,0.0
103-45-7,tropical_fruit,13,0.46153846153846156,1.6641005886756874,0.0,6,1,0.07692307692307693
103-45-7,vanilla,13,0.0,0.0,0.0,0,0,0.0
103-45-7,vegetable,13,0.0,0.0,0.0,0,0,0.0
103-45-7,waxy,13,0.0,0.0,0.0,0,0,0.0
103-45-7,woody,13,0.0,0.0,0.0,0,0,0.0
103-48-0,alcoholic,13,0.0,0.0,0.0,0,0,0.0
103-48-0,aldehydic,13,0.0,0.0,0.0,0,0,0.0
103-48-0,almond,13,0.0,0.0,0.0,0,0,0.0
103-48-0,anise,13,0.0,0.0,0.0,0,0,0.0
103-48-0,apple,13,0.0,0.0,0.0,0,0,0.0
103-48-0,apricot,13,0.0,0.0,0.0,0,0,0.0
103-48-0,banana,13,0.6923076923076923,1.377474463442389,0.0,4,3,0.23076923076923078
103-48-0,caramel,13,0.0,0.0,0.0,0,0,0.0
103-48-0,citrus,13,0.0,0.0,0.0,0,0,0.0
103-48-0,cocoa,13,0.0,0.0,0.0,0,0,0.0
103-48-0,coconut,13,0.0,0.0,0.0,0,0,0.0
103-48-0,coffee,13,0.0,0.0,0.0,0,0,0.0
103-48-0,coumaric,13,0.3076923076923077,0.7510676161988107,0.0,2,2,0.15384615384615385
103-48-0,creamy,13,0.0,0.0,0.0,0,0,0.0
103-48-0,fatty,13,0.0,0.0,0.0,0,0,0.0
103-48-0,floral,13,2.923076923076923,3.426892140641392,0.0,8,6,0.46153846153846156
103-48-0,fruity,13,2.1538461538461537,2.3750843439814178,2.0,7,7,0.5384615384615384
103-48-0,green,13,0.0,0.0,0.0,0,0,0.0
103-48-0,herbal,13,0.38461538461538464,1.3867504905630728,0.0,5,1,0.07692307692307693
103-48-0,honey,13,0.6923076923076923,1.4935759876113537,0.0,5,3,0.23076923076923078
103-48-0,jasmine,13,0.0,0.0,0.0,0,0,0.0
103-48-0,meaty,13,0.0,0.0,0.0,0,0,0.0
103-48-0,mint,13,0.0,0.0,0.0,0,0,0.0
103-48-0,mushroom,13,0.0,0.0,0.0,0,0,0.0
103-48-0,musky,13,0.0,0.0,0.0,0,0,0.0
103-48-0,nutty,13,0.0,0.0,0.0,0,0,0.0
103-48-0,oily,13,0.0,0.0,0.0,0,0,0.0
103-48-0,peach,13,0.0,0.0,0.0,0,0,0.0
103-48-0,pear,13,0.0,0.0,0.0,0,0,0.0
103-48-0,pine_needle,13,0.0,0.0,0.0,0,0,0.0
103-48-0,pineapple,13,0.0,0.0,0.0,0,0,0.0
103-48-0,plum,13,0.0,0.0,0.0,0,0,0.0
103-48-0,roasted,13,0.0,0.0,0.0,0,0,0.0
103-48-0,rose,13,2.3846153846153846,3.1500915737605033,0.0,7,5,0.38461538461538464
103-48-0,sour,13,0.0,0.0,0.0,0,0,0.0
103-48-0,spicy,13,0.0,0.0,0.0,0,0,0.0
103-48-0,sweet,13,1.0,2.081665999466133,0.0,6,3,0.23076923076923078
103-48-0,tobacco,13,0.0,0.0,0.0,0,0,0.0
103-48-0,tropical_fruit,13,0.0,0.0,0.0,0,0,0.0
103-48-0,vanilla,13,0.0,0.0,0.0,0,0,0.0
103-48-0,vegetable,13,0.0,0.0,0.0,0,0,0.0
103-48-0,waxy,13,0.0,0.0,0.0,0,0,0.0
103-48-0,woody,13,0.0,0.0,0.0,0,0,0.0
103-52-6,alcoholic,13,2.076923076923077,2.900044208327937,0.0,8,5,0.38461538461538464
103-52-6,aldehydic,13,0.0,0.0,0.0,0,0,0.0
103-52-6,almond,13,0.0,0.0,0.0,0,0,0.0
103-52-6,anise,13,0.23076923076923078,0.8320502943378437,0.0,3,1,0.07692307692307693
103-52-6,apple,13,0.3076923076923077,1.1094003924504583,0.0,4,1,0.07692307692307693
103-52-6,apricot,13,0.3076923076923077,1.109400392450458,0.0,4,1,0.07692307692307693
103-52-6,banana,13,0.46153846153846156,1.6641005886756877,0.0,6,1,0.07692307692307693
103-52-6,caramel,13,0.0,0.0,0.0,0,0,0.0
103-52-6,citrus,13,0.15384615384615385,0.5547001962252291,0.0,2,1,0.07692307692307693
103-52-6,cocoa,13,0.0,0.0,0.0,0,0,0.0
103-52-6,coconut,13,1.0,2.516611478423583,0.0,8,2,0.15384615384615385
103-52-6,coffee,13,0.0,0.0,0.0,0,0,0.0
103-52-6,coumaric,13,0.15384615384615385,0.554700196225229,0.0,2,1,0.07692307692307693
103-52-6,creamy,13,0.0,0.0,0.0,0,0,0.0
103-52-6,fatty,13,0.0,0.0,0.0,0,0,0.0
103-52-6,floral,13,4.0,3.0276503540974917,4.0,8,9,0.6923076923076923
103-52-6,fruity,13,3.1538461538461537,3.078044667375536,5.0,7,7,0.5384615384615384
103-52-6,green,13,1.3846153846153846,2.364263857893951,0.0,6,4,0.3076923076923077
103-52-6,herbal,13,0.7692307692307693,1.535895295576609,0.0,4,3,0.23076923076923078
103-52-6,honey,13,0.0,0.0,0.0,0,0,0.0
103-52-6,jasmine,13,0.0,0.0,0.0,0,0,0.0
103-52-6,meaty,13,0.0,0.0,0.0,0,0,0.0
103-52-6,mint,13,0.0,0.0,0.0,0,0,0.0
103-52-6,mushroom,13,0.0,0.0,0.0,0,0,0.0
103-52-6,musky,13,0.0,0.0,0.0,0,0,0.0
103-52-6,nutty,13,0.0,0.0,0.0,0,0,0.0
103-52-6,oily,13,0.0,0.0,0.0,0,0,0.0
103-52-6,peach,13,0.0,0.0,0.0,0,0,0.0
103-52-6,pear,13,0.0,0.0,0.0,0,0,0.0
103-52-6,pine_needle,13,0.23076923076923078,0.8320502943378437,0.0,3,1,0.07692307692307693
103-52-6,pineapple,13,0.0,0.0,0.0,0,0,0.0
103-52-6,plum,13,0.0,0.0,0.0,0,0,0.0
103-52-6,roasted,13,0.0,0.0,0.0,0,0,0.0
103-52-6,rose,13,0.9230769230769231,2.253202848596432,0.0,6,2,0.15384615384615385
103-52-6,sour,13,0.0,0.0,0.0,0,0,0.0
103-52-6,spicy,13,0.0,0.0,0.0,0,0,0.0
103-52-6,sweet,13,1.4615384615384615,2.4019223070763074,0.0,6,4,0.3076923076923077
103-52-6,tobacco,13,0.3076923076923077,1.1094003924504583,0.0,4,1,0.07692307692307693
103-52-6,tropical_fruit,13,0.0,0.0,0.0,0,0,0.0
103-52-6,vanilla,13,0.23076923076923078,0.8320502943378437,0.0,3,1,0.07692307692307693
103-52-6,vegetable,13,0.0,0.0,0.0,0,0,0.0
103-52-6,waxy,13,0.15384615384615385,0.554700196225229,0.0,2,1,0.07692307692307693
103-52-6,woody,13,0.46153846153846156,1.1982893790305562,0.0,4,2,0.15384615384615385
103-60-6,alcoholic,13,0.38461538461538464,0.9607689228305228,0.0,3,2,0.15384615384615385
103-60-6,aldehydic,13,0.0,0.0,0.0,0,0,0.0
103-60-6,almond,13,0.0,0.0,0.0,0,0,0.0
103-60-6,anise,13,0.0,0.0,0.0,0,0,0.0
103-60-6,apple,13,1.8461538461538463,2.9957234475763905,0.0,8,4,0.3076923076923077
103-60-6,apricot,13,0.0,0.0,0.0,0,0,0.0
103-60-6,banana,13,0.0,0.0,0.0,0,0,0.0
103-60-6,caramel,13,0.0,0.0,0.0,0,0,0.0
103-60-6,citrus,13,0.0,0.0,0.0,0,0,0.0
103-60-6,cocoa,13,0.0,0.0,0.0,0,0,0.0
103-60-6,coconut,13,0.0,0.0,0.0,0,0,0.0
103-60-6,coffee,13,0.0,0.0,0.0,0,0,0.0
103-60-6,coumaric,13,0.0,0.0,0.0,0,0,0.0
103-60-6,creamy,13,0.0,0.0,0.0,0,0,0.0
103-60-6,fatty,13,0.0,0.0,0.0,0,0,0.0
103-60-6,floral,13,0.3076923076923077,1.1094003924504583,0.0,4,1,0.07692307692307693
103-60-6,fruity,13,1.4615384615384615,2.331501112137293,0.0,6,4,0.3076923076923077
103-60-6,green,13,0.38461538461538464,1.3867504905630725,0.0,5,1,0.07692307692307693
103-60-6,herbal,13,0.0,0.0,0.0,0,0,0.0
103-60-6,honey,13,2.4615384615384617,3.2561578743304356,0.0,7,5,0.38461538461538464
103-60-6,jasmine,13,0.0,0.0,0.0,0,0,0.0
103-60-6,meaty,13,0.0,0.0,0.0,0,0,0.0
103-60-6,mint,13,0.0,0.0,0.0,0,0,0.0
103-60-6,mushroom,13,0.0,0.0,0.0,0,0,0.0
103-60-6,musky,13,0.0,0.0,0.0,0,0,0.0
103-60-6,nutty,13,0.0,0.0,0.0,0,0,0.0
103-60-6,oily,13,0.3076923076923077,0.8548504142651102,0.0,3,2,0.15384615384615385
103-60-6,peach,13,0.0,0.0,0.0,0,0,0.0
103-60-6,pear,13,0.3076923076923077,1.109400392450458,0.0,4,1,0.07692307692307693
103-60-6,pine_needle,13,0.0,0.0,0.0,0,0,0.0
103-60-6,pineapple,13,0.5384615384615384,1.941450686788302,0.0,7,1,0.07692307692307693
103-60-6,plum,13,0.38461538461538464,0.9607689228305227,0.0,3,2,0.15384615384615385
103-60-6,roasted,13,0.0,0.0,0.0,0,0,0.0
103-60-6,rose,13,0.0,0.0,0.0,0,0,0.0
103-60-6,sour,13,0.8461538461538461,2.0754980866510833,0.0,6,2,0.15384615384615385
103-60-6,spicy,13,0.0,0.0,0.0,0,0,0.0
103-60-6,sweet,13,1.1538461538461537,2.1152680620571416,0.0,7,4,0.3076923076923077
103-60-6,tobacco,13,0.0,0.0,0.0,0,0,0.0
103-60-6,tropical_fruit,13,0.0,0.0,0.0,0,0,0.0
103-60-6,vanilla,13,0.0,0.0,0.0,0,0,0.0
103-60-6,vegetable,13,0.0,0.0,0.0,0,0,0.0
103-60-6,waxy,13,0.0,0.0,0.0,0,0,0.0
103-60-6,woody,13,0.0,0.0,0.0,0,0,0.0
104-50-7,alcoholic,13,0.0,0.0,0.0,0,0,0.0
104-50-7,aldehydic,13,0.0,0.0,0.0,0,0,0.0
104-50-7,almond,13,0.0,0.0,0.0,0,0,0.0
104-50-7,anise,13,0.0,0.0,0.0,0,0,0.0
104-50-7,apple,13,0.0,0.0,0.0,0,0,0.0
104-50-7,apricot,13,0.23076923076923078,0.8320502943378437,0.0,3,1,0.07692307692307693
104-50-7,banana,13,0.0,0.0,0.0,0,0,0.0
104-50-7,caramel,13,0.7692307692307693,1.9215378456610455,0.0,6,2,0.15384615384615385
104-50-7,citrus,13,0.0,0.0,0.0,0,0,0.0
104-50-7,cocoa,13,0.23076923076923078,0.8320502943378437,0.0,3,1,0.07692307692307693
104-50-7,coconut,13,2.8461538461538463,2.967775649824681,3.0,7,7,0.5384615384615384
104-50-7,coffee,13,0.0,0.0,0.0,0,0,0.0
104-50-7,coumaric,13,0.7692307692307693,1.4806443503784736,0.0,4,3,0.23076923076923078
104-50-7,creamy,13,1.6923076923076923,2.839736354681991,0.0,8,4,0.3076923076923077
104-50-7,fatty,13,0.0,0.0,0.0,0,0,0.0
104-50-7,floral,13,0.07692307692307693,0.2773500981126146,0.0,1,1,0.07692307692307693
104-50-7,fruity,13,0.0,0.0,0.0,0,0,0.0
104-50-7,green,13,0.0,0.0,0.0,0,0,0.0
104-50-7,herbal,13,0.3076923076923077,1.1094003924504583,0.0,4,1,0.07692307692307693
104-50-7,honey,13,0.0,0.0,0.0,0,0,0.0
104-50-7,jasmine,13,0.0,0.0,0.0,0,0,0.0
104-50-7,meaty,13,0.0,0.0,0.0,0,0,0.0
104-50-7,mint,13,0.0,0.0,0.0,0,0,0.0
104-50-7,mushroom,13,0.0,0.0,0.0,0,0,0.0
104-50-7,musky,13,0.0,0.0,0.0,0,0,0.0
104-50-7,nutty,13,0.9230769230769231,2.2532028485964326,0.0,6,2,0.15384615384615385
104-50-7,oily,13,0.0,0.0,0.0,0,0,0.0
104-50-7,peach,13,0.0,0.0,0.0,0,0,0.0
104-50-7,pear,13,0.0,0.0,0.0,0,0,0.0
104-50-7,pine_needle,13,0.0,0.0,0.0,0,0,0.0
104-50-7,pineapple,13,0.0,0.0,0.0,0,0,0.0
104-50-7,plum,13,0.15384615384615385,0.5547001962252291,0.0,2,1,0.07692307692307693
104-50-7,roasted,13,0.6923076923076923,1.797434068545834,0.0,6,2,0.15384615384615385
104-50-7,rose,13,0.0,0.0,0.0,0,0,0.0
104-50-7,sour,13,0.15384615384615385,0.554700196225229,0.0,2,1,0.07692307692307693
104-50-7,spicy,13,0.0,0.0,0.0,0,0,0.0
104-50-7,sweet,13,1.3846153846153846,2.534379001467011,0.0,7,4,0.3076923076923077
104-50-7,tobacco,13,0.0,0.0,0.0,0,0,0.0
104-50-7,tropical_fruit,13,0.0,0.0,0.0,0,0,0.0
104-50-7,vanilla,13,0.0,0.0,0.0,0,0,0.0
104-50-7,vegetable,13,0.0,0.0,0.0,0,0,0.0
104-50-7,waxy,13,0.0,0.0,0.0,0,0,0.0
104-50-7,woody,13,0.23076923076923078,0.8320502943378437,0.0,3,1,0.07692307692307693
104-61-0,alcoholic,13,0.0,0.0,0.0,0,0,0.0
104-61-0,aldehydic,13,0.0,0.0,0.0,0,0,0.0
104-61-0,almond,13,0.5384615384615384,1.3301243435223526,0.0,4,2,0.15384615384615385
104-61-0,anise,13,0.0,0.0,0.0,0,0,0.0
104-61-0,apple,13,0.0,0.0,0.0,0,0,0.0
104-61-0,apricot,13,0.0,0.0,0.0,0,0,0.0
104-61-0,banana,13,0.0,0.0,0.0,0,0,0.0
104-61-0,caramel,13,0.0,0.0,0.0,0,0,0.0
104-61-0,citrus,13,0.0,0.0,0.0,0,0,0.0
104-61-0,cocoa,13,0.0,0.0,0.0,0,0,0.0
104-61-0,coconut,13,6.384615384615385,2.2560460078960243,7.0,8,12,0.9230769230769231
104-61-0,coffee,13,0.0,0.0,0.0,0,0,0.0
104-61-0,coumaric,13,0.0,0.0,0.0,0,0,0.0
104-61-0,creamy,13,2.0,2.6770630673681683,0.0,6,5,0.38461538461538464
104-61-0,fatty,13,0.8461538461538461,1.7246329970051526,0.0,5,3,0.23076923076923078
104-61-0,floral,13,0.0,0.0,0.0,0,0,0.0
104-61-0,fruity,13,0.15384615384615385,0.5547001962252291,0.0,2,1,0.07692307692307693
104-61-0,green,13,0.0,0.0,0.0,0,0,0.0
104-61-0,herbal,13,0.0,0.0,0.0,0,0,0.0
104-61-0,honey,13,0.0,0.0,0.0,0,0,0.0
104-61-0,jasmine,13,0.0,0.0,0.0,0,0,0.0
104-61-0,meaty,13,0.0,0.0,0.0,0,0,0.0
104-61-0,mint,13,0.0,0.0,0.0,0,0,0.0
104-61-0,mushroom,13,0.0,0.0,0.0,0,0,0.0
104-61-0,musky,13,0.0,0.0,0.0,0,0,0.0
104-61-0,nutty,13,0.6923076923076923,1.4935759876113537,0.0,5,3,0.23076923076923078
104-61-0,oily,13,0.0,0.0,0.0,0,0,0.0
104-61-0,peach,13,0.46153846153846156,1.6641005886756874,0.0,6,1,0.07692307692307693
104-61-0,pear,13,0.0,0.0,0.0,0,0,0.0
104-61-0,pine_needle,13,0.0,0.0,0.0,0,0,0.0
104-61-0,pineapple,13,0.0,0.0,0.0,0,0,0.0
104-61-0,plum,13,0.0,0.0,0.0,0,0,0.0
104-61-0,roasted,13,0.0,0.0,0.0,0,0,0.0
104-61-0,rose,13,0.0,0.0,0.0,0,0,0.0
104-61-0,sour,13,0.0,0.0,0.0,0,0,0.0
104-61-0,spicy,13,0.0,0.0,0.0,0,0,0.0
104-61-0,sweet,13,0.46153846153846156,0.8770580193070292,0.0,2,3,0.23076923076923078
104-61-0,tobacco,13,0.0,0.0,0.0,0,0,0.0
104-61-0,tropical_fruit,13,0.0,0.0,0.0,0,0,0.0
104-61-0,vanilla,13,0.0,0.0,0.0,0,0,0.0
104-61-0,vegetable,13,0.0,0.0,0.0,0,0,0.0
104-61-0,waxy,13,0.0,0.0,0.0,0,0,0.0
104-61-0,woody,13,0.0,0.0,0.0,0,0,0.0
104-62-1,alcoholic,13,0.0,0.0,0.0,0,0,0.0
104-62-1,aldehydic,13,0.0,0.0,0.0,0,0,0.0
104-62-1,almond,13,0.0,0.0,0.0,0,0,0.0
104-62-1,anise,13,0.0,0.0,0.0,0,0,0.0
104-62-1,apple,13,0.8461538461538461,2.154303980645638,0.0,7,2,0.15384615384615385
104-62-1,apricot,13,0.0,0.0,0.0,0,0,0.0
104-62-1,banana,13,1.0769230769230769,2.100061049173669,0.0,6,3,0.23076923076923078
104-62-1,caramel,13,0.0,0.0,0.0,0,0,0.0
104-62-1,citrus,13,0.6923076923076923,1.702185623672077,0.0,5,2,0.15384615384615385
104-62-1,cocoa,13,0.0,0.0,0.0,0,0,0.0
104-62-1,coconut,13,0.0,0.0,0.0,0,0,0.0
104-62-1,coffee,13,0.0,0.0,0.0,0,0,0.0
104-62-1,coumaric,13,0.0,0.0,0.0,0,0,0.0
104-62-1,creamy,13,0.0,0.0,0.0,0,0,0.0
104-62-1,fatty,13,0.0,0.0,0.0,0,0,0.0
104-62-1,floral,13,0.0,0.0,0.0,0,0,0.0
104-62-1,fruity,13,1.2307692307692308,2.3858557568108956,0.0,6,3,0.23076923076923078
104-62-1,green,13,3.230769230769231,3.3204880703958306,4.0,8,7,0.5384615384615384
104-62-1,herbal,13,2.5384615384615383,2.4019223070763074,2.0,6,8,0.6153846153846154
104-62-1,honey,13,0.0,0.0,0.0,0,0,0.0
104-62-1,jasmine,13,0.0,0.0,0.0,0,0,0.0
104-62-1,meaty,13,0.0,0.0,0.0,0,0,0.0
104-62-1,mint,13,0.0,0.0,0.0,0,0,0.0
104-62-1,mushroom,13,0.0,0.0,0.0,0,0,0.0
104-62-1,musky,13,0.0,0.0,0.0,0,0,0.0
104-62-1,nutty,13,0.0,0.0,0.0,0,0,0.0
104-62-1,oily,13,0.0,0.0,0.0,0,0,0.0
104-62-1,peach,13,0.0,0.0,0.0,0,0,0.0
104-62-1,pear,13,0.0,0.0,0.0,0,0,0.0
104-62-1,pine_needle,13,0.0,0.0,0.0,0,0,0.0
104-62-1,pineapple,13,0.0,0.0,0.0,0,0,0.0
104-62-1,plum,13,0.0,0.0,0.0,0,0,0.0
104-62-1,roasted,13,0.0,0.0,0.0,0,0,0.0
104-62-1,rose,13,0.0,0.0,0.0,0,0,0.0
104-62-1,sour,13,0.0,0.0,0.0,0,0,0.0
104-62-1,spicy,13,0.3076923076923077,1.1094003924504583,0.0,4,1,0.07692307692307693
104-62-1,sweet,13,2.4615384615384617,2.331501112137293,3.0,7,8,0.6153846153846154
104-62-1,tobacco,13,0.0,0.0,0.0,0,0,0.0
104-62-1,tropical_fruit,13,0.0,0.0,0.0,0,0,0.0
104-62-1,vanilla,13,0.0,0.0,0.0,0,0,0.0
104-62-1,vegetable,13,0.0,0.0,0.0,0,0,0.0
104-62-1,waxy,13,0.0,0.0,0.0,0,0,0.0
104-62-1,woody,13,0.0,0.0,0.0,0,0,0.0
104-67-6,alcoholic,13,0.0,0.0,0.0,0,0,0.0
104-67-6,aldehydic,13,0.3076923076923077,1.109400392450458,0.0,4,1,0.07692307692307693
104-67-6,almond,13,0.46153846153846156,1.6641005886756874,0.0,6,1,0.07692307692307693
104-67-6,anise,13,0.0,0.0,0.0,0,0,0.0
104-67-6,apple,13,0.0,0.0,0.0,0,0,0.0
104-67-6,apricot,13,0.15384615384615385,0.5547001962252291,0.0,2,1,0.07692307692307693
104-67-6,banana,13,0.0,0.0,0.0,0,0,0.0
104-67-6,caramel,13,0.0,0.0,0.0,0,0,0.0
104-67-6,citrus,13,0.0,0.0,0.0,0,0,0.0
104-67-6,cocoa,13,0.0,0.0,0.0,0,0,0.0
104-67-6,coconut,13,0.0,0.0,0.0,0,0,0.0
104-67-6,coffee,13,0.0,0.0,0.0,0,0,0.0
104-67-6,coumaric,13,0.0,0.0,0.0,0,0,0.0
104-67-6,creamy,13,1.1538461538461537,2.3038429433649132,0.0,7,3,0.23076923076923078
104-67-6,fatty,13,0.3076923076923077,1.1094003924504583,0.0,4,1,0.07692307692307693
104-67-6,floral,13,0.6153846153846154,1.5566235649883124,0.0,5,2,0.15384615384615385
104-67-6,fruity,13,1.7692307692307692,2.554533426213293,0.0,7,5,0.38461538461538464
104-67-6,green,13,0.0,0.0,0.0,0,0,0.0
104-67-6,herbal,13,0.46153846153846156,1.6641005886756874,0.0,6,1,0.07692307692307693
104-67-6,honey,13,0.0,0.0,0.0,0,0,0.0
104-67-6,jasmine,13,0.0,0.0,0.0,0,0,0.0
104-67-6,meaty,13,0.0,0.0,0.0,0,0,0.0
104-67-6,mint,13,0.0,0.0,0.0,0,0,0.0
104-67-6,mushroom,13,0.0,0.0,0.0,0,0,0.0
104-67-6,musky,13,0.38461538461538464,0.9607689228305227,0.0,3,2,0.15384615384615385
104-67-6,nutty,13,0.0,0.0,0.0,0,0,0.0
104-67-6,oily,13,0.0,0.0,0.0,0,0,0.0
104-67-6,peach,13,5.153846153846154,3.3873823188944843,6.0,9,10,0.7692307692307693
104-67-6,pear,13,0.0,0.0,0.0,0,0,0.0
104-67-6,pine_needle,13,0.15384615384615385,0.5547001962252291,0.0,2,1,0.07692307692307693
104-67-6,pineapple,13,0.0,0.0,0.0,0,0,0.0
104-67-6,plum,13,0.0,0.0,0.0,0,0,0.0
104-67-6,roasted,13,0.0,0.0,0.0,0,0,0.0
104-67-6,rose,13,0.0,0.0,0.0,0,0,0.0
104-67-6,sour,13,0.0,0.0,0.0,0,0,0.0
104-67-6,spicy,13,0.0,0.0,0.0,0,0,0.0
104-67-6,sweet,13,1.0,2.449489742783178,0.0,7,2,0.15384615384615385
104-67-6,tobacco,13,0.0,0.0,0.0,0,0,0.0
104-67-6,tropical_fruit,13,0.0,0.0,0.0,0,0,0.0
104-67-6,vanilla,13,0.38461538461538464,0.9607689228305227,0.0,3,2,0.15384615384615385
104-67-6,vegetable,13,0.0,0.0,0.0,0,0,0.0
104-67-6,waxy,13,0.0,0.0,0.0,0,0,0.0
104-67-6,woody,13,0.0,0.0,0.0,0,0,0.0
105-21-5,alcoholic,13,0.0,0.0,0.0,0,0,0.0
105-21-5,aldehydic,13,0.0,0.0,0.0,0,0,0.0
105-21-5,almond,13,0.15384615384615385,0.5547001962252291,0.0,2,1,0.07692307692307693
105-21-5,anise,13,0.0,0.0,0.0,0,0,0.0
105-21-5,apple,13,0.0,0.0,0.0,0,0,0.0
105-21-5,apricot,13,0.0,0.0,0.0,0,0,0.0
105-21-5,banana,13,0.46153846153846156,1.6641005886756877,0.0,6,1,0.07692307692307693
105-21-5,caramel,13,0.7692307692307693,2.0475125621855637,0.0,7,2,0.15384615384615385
105-21-5,citrus,13,0.0,0.0,0.0,0,0,0.0
105-21-5,cocoa,13,0.15384615384615385,0.5547001962252291,0.0,2,1,0.07692307692307693
105-21-5,coconut,13,1.4615384615384615,2.4703368398993897,0.0,6,4,0.3076923076923077
105-21-5,coffee,13,0.0,0.0,0.0,0,0,0.0
105-21-5,coumaric,13,0.3076923076923077,1.109400392450458,0.0,4,1,0.07692307692307693
105-21-5,creamy,13,2.6153846153846154,2.6626572422569885,3.0,6,7,0.5384615384615384
105-21-5,fatty,13,0.0,0.0,0.0,0,0,0.0
105-21-5,floral,13,0.0,0.0,0.0,0,0,0.0
105-21-5,fruity,13,0.0,0.0,0.0,0,0,0.0
105-21-5,green,13,0.0,0.0,0.0,0,0,0.0
105-21-5,herbal,13,0.3076923076923077,1.1094003924504583,0.0,4,1,0.07692307692307693
105-21-5,honey,13,0.23076923076923078,0.8320502943378437,0.0,3,1,0.07692307692307693
105-21-5,jasmine,13,0.0,0.0,0.0,0,0,0.0
105-21-5,meaty,13,0.0,0.0,0.0,0,0,0.0
105-21-5,mint,13,0.0,0.0,0.0,0,0,0.0
105-21-5,mushroom,13,0.0,0.0,0.0,0,0,0.0
105-21-5,musky,13,0.0,0.0,0.0,0,0,0.0
105-21-5,nutty,13,1.1538461538461537,2.3038429433649132,0.0,7,3,0.23076923076923078
105-21-5,oily,13,0.15384615384615385,0.554700196225229,0.0,2,1,0.07692307692307693
105-21-5,peach,13,0.0,0.0,0.0,0,0,0.0
105-21-5,pear,13,0.0,0.0,0.0,0,0,0.0
105-21-5,pine_needle,13,0.0,0.0,0.0,0,0,0.0
105-21-5,pineapple,13,0.0,0.0,0.0,0,0,0.0
105-21-5,plum,13,0.0,0.0,0.0,0,0,0.0
105-21-5,roasted,13,0.6923076923076923,1.7974340685458343,0.0,6,2,0.15384615384615385
105-21-5,rose,13,0.0,0.0,0.0,0,0,0.0
105-21-5,sour,13,0.0,0.0,0.0,0,0,0.0
105-21-5,spicy,13,0.0,0.0,0.0,0,0,0.0
105-21-5,sweet,13,1.0,2.0816659994661326,0.0,6,3,0.23076923076923078
105-21-5,tobacco,13,0.0,0.0,0.0,0,0,0.0
105-21-5,tropical_fruit,13,0.0,0.0,0.0,0,0,0.0
105-21-5,vanilla,13,0.23076923076923078,0.8320502943378437,0.0,3,1,0.07692307692307693
105-21-5,vegetable,13,0.0,0.0,0.0,0,0,0.0
105-21-5,waxy,13,0.38461538461538464,1.3867504905630728,0.0,5,1,0.07692307692307693
105-21-5,woody,13,0.0,0.0,0.0,0,0,0.0
105-53-3,alcoholic,13,0.46153846153846156,1.1982893790305562,0.0,4,2,0.15384615384615385
105-53-3,aldehydic,13,0.23076923076923078,0.8320502943378437,0.0,3,1,0.07692307692307693
105-53-3,almond,13,0.0,0.0,0.0,0,0,0.0
105-53-3,anise,13,0.0,0.0,0.0,0,0,0.0
105-53-3,apple,13,0.0,0.0,0.0,0,0,0.0
105-53-3,apricot,13,0.0,0.0,0.0,0,0,0.0
105-53-3,banana,13,0.38461538461538464,1.3867504905630725,0.0,5,1,0.07692307692307693
105-53-3,caramel,13,0.23076923076923078,0.8320502943378437,0.0,3,1,0.07692307692307693
105-53-3,citrus,13,0.0,0.0,0.0,0,0,0.0
105-53-3,cocoa,13,0.0,0.0,0.0,0,0,0.0
105-53-3,coconut,13,0.0,0.0,0.0,0,0,0.0
105-53-3,coffee,13,0.0,0.0,0.0,0,0,0.0
105-53-3,coumaric,13,0.0,0.0,0.0,0,0,0.0
105-53-3,creamy,13,0.0,0.0,0.0,0,0,0.0
105-53-3,fatty,13,0.0,0.0,0.0,0,0,0.0
105-53-3,floral,13,0.0,0.0,0.0,0,0,0.0
105-53-3,fruity,13,1.2307692307692308,2.4205318339105477,0.0,7,3,0.23076923076923078
105-53-3,green,13,0.3076923076923077,1.109400392450458,0.0,4,1,0.07692307692307693
105-53-3,herbal,13,0.0,0.0,0.0,0,0,0.0
105-53-3,honey,13,0.0,0.0,0.0,0,0,0.0
105-53-3,jasmine,13,0.0,0.0,0.0,0,0,0.0
105-53-3,meaty,13,0.0,0.0,0.0,0,0,0.0
105-53-3,mint,13,0.23076923076923078,0.8320502943378437,0.0,3,1,0.07692307692307693
105-53-3,mushroom,13,0.15384615384615385,0.5547001962252291,0.0,2,1,0.07692307692307693
105-53-3,musky,13,0.0,0.0,0.0,0,0,0.0
105-53-3,nutty,13,0.0,0.0,0.0,0,0,0.0
105-53-3,oily,13,0.23076923076923078,0.8320502943378438,0.0,3,1,0.07692307692307693
105-53-3,peach,13,0.0,0.0,0.0,0,0,0.0
105-53-3,pear,13,0.0,0.0,0.0,0,0,0.0
105-53-3,pine_needle,13,0.0,0.0,0.0,0,0,0.0
105-53-3,pineapple,13,0.5384615384615384,1.6641005886756874,0.0,6,2,0.15384615384615385
105-53-3,plum,13,0.0,0.0,0.0,0,0,0.0
105-53-3,roasted,13,0.0,0.0,0.0,0,0,0.0
105-53-3,rose,13,0.0,0.0,0.0,0,0,0.0
105-53-3,sour,13,0.0,0.0,0.0,0,0,0.0
105-53-3,spicy,13,0.15384615384615385,0.5547001962252291,0.0,2,1,0.07692307692307693
105-53-3,sweet,13,1.4615384615384615,2.3669736167866557,0.0,6,4,0.3076923076923077
105-53-3,tobacco,13,0.0,0.0,0.0,0,0,0.0
105-53-3,tropical_fruit,13,2.3076923076923075,3.326274577376703,0.0,8,5,0.38461538461538464
105-53-3,vanilla,13,0.0,0.0,0.0,0,0,0.0
105-53-3,vegetable,13,0.15384615384615385,0.5547001962252291,0.0,2,1,0.07692307692307693
105-53-3,waxy,13,0.23076923076923078,0.8320502943378437,0.0,3,1,0.07692307692307693
105-53-3,woody,13,0.0,0.0,0.0,0,0,0.0
105-54-4,alcoholic,13,3.923076923076923,3.4024877776302263,5.0,8,8,0.6153846153846154
105-54-4,aldehydic,13,0.0,0.0,0.0,0,0,0.0
105-54-4,almond,13,0.23076923076923078,0.8320502943378437,0.0,3,1,0.07692307692307693
105-54-4,anise,13,0.0,0.0,0.0,0,0,0.0
105-54-4,apple,13,0.7692307692307693,1.9215378456610455,0.0,6,2,0.15384615384615385
105-54-4,apricot,13,0.0,0.0,0.0,0,0,0.0
105-54-4,banana,13,0.0,0.0,0.0,0,0,0.0
105-54-4,caramel,13,0.0,0.0,0.0,0,0,0.0
105-54-4,citrus,13,0.3076923076923077,1.1094003924504583,0.0,4,1,0.07692307692307693
105-54-4,cocoa,13,0.0,0.0,0.0,0,0,0.0
105-54-4,coconut,13,0.07692307692307693,0.2773500981126146,0.0,1,1,0.07692307692307693
105-54-4,coffee,13,0.0,0.0,0.0,0,0,0.0
105-54-4,coumaric,13,0.0,0.0,0.0,0,0,0.0
105-54-4,creamy,13,0.0,0.0,0.0,0,0,0.0
105-54-4,fatty,13,0.0,0.0,0.0,0,0,0.0
105-54-4,floral,13,0.0,0.0,0.0,0,0,0.0
105-54-4,fruity,13,2.6923076923076925,3.172396974545047,0.0,8,6,0.46153846153846156
105-54-4,green,13,0.0,0.0,0.0,0,0,0.0
105-54-4,herbal,13,0.0,0.0,0.0,0,0,0.0
105-54-4,honey,13,0.38461538461538464,1.3867504905630725,0.0,5,1,0.07692307692307693
105-54-4,jasmine,13,0.3076923076923077,1.1094003924504583,0.0,4,1,0.07692307692307693
105-54-4,meaty,13,0.0,0.0,0.0,0,0,0.0
105-54-4,mint,13,0.0,0.0,0.0,0,0,0.0
105-54-4,mushroom,13,0.0,0.0,0.0,0,0,0.0
105-54-4,musky,13,0.23076923076923078,0.8320502943378437,0.0,3,1,0.07692307692307693
105-54-4,nutty,13,0.0,0.0,0.0,0,0,0.0
105-54-4,oily,13,0.0,0.0,0.0,0,0,0.0
105-54-4,peach,13,0.0,0.0,0.0,0,0,0.0
105-54-4,pear,13,0.0,0.0,0.0,0,0,0.0
105-54-4,pine_needle,13,0.0,0.0,0.0,0,0,0.0
105-54-4,pineapple,13,2.3846153846153846,3.1764356737928106,0.0,7,5,0.38461538461538464
105-54-4,plum,13,0.0,0.0,0.0,0,0,0.0
105-54-4,roasted,13,0.38461538461538464,1.3867504905630728,0.0,5,1,0.07692307692307693
105-54-4,rose,13,0.0,0.0,0.0,0,0,0.0
105-54-4,sour,13,0.5384615384615384,1.9414506867883021,0.0,7,1,0.07692307692307693
105-54-4,spicy,13,0.0,0.0,0.0,0,0,0.0
105-54-4,sweet,13,0.0,0.0,0.0,0,0,0.0
105-54-4,tobacco,13,0.0,0.0,0.0,0,0,0.0
105-54-4,tropical_fruit,13,0.5384615384615384,1.9414506867883021,0.0,7,1,0.07692307692307693
105-54-4,vanilla,13,0.0,0.0,0.0,0,0,0.0
105-54-4,vegetable,13,0.0,0.0,0.0,0,0,0.0
105-54-4,waxy,13,0.0,0.0,0.0,0,0,0.0
105-54-4,woody,13,0.0,0.0,0.0,0,0,0.0
105-87-3,alcoholic,13,0.0,0.0,0.0,0,0,0.0
105-87-3,aldehydic,13,0.0,0.0,0.0,0,0,0.0
105-87-3,almond,13,0.07692307692307693,0.2773500981126146,0.0,1,1,0.07692307692307693
105-87-3,anise,13,0.0,0.0,0.0,0,0,0.0
105-87-3,apple,13,0.0,0.0,0.0,0,0,0.0
105-87-3,apricot,13,0.23076923076923078,0.8320502943378437,0.0,3,1,0.07692307692307693
105-87-3,banana,13,0.0,0.0,0.0,0,0,0.0
105-87-3,caramel,13,0.0,0.0,0.0,0,0,0.0
105-87-3,citrus,13,0.0,0.0,0.0,0,0,0.0
105-87-3,cocoa,13,0.0,0.0,0.0,0,0,0.0
105-87-3,coconut,13,0.0,0.0,0.0,0,0,0.0
105-87-3,coffee,13,0.5384615384615384,1.9414506867883021,0.0,7,1,0.07692307692307693
105-87-3,coumaric,13,0.0,0.0,0.0,0,0,0.0
105-87-3,creamy,13,0.0,0.0,0.0,0,0,0.0
105-87-3,fatty,13,0.0,0.0,0.0,0,0,0.0
105-87-3,floral,13,3.0,3.082207001484488,3.0,7,7,0.5384615384615384
105-87-3,fruity,13,0.6153846153846154,1.5021352323976216,0.0,4,2,0.15384615384615385
105-87-3,green,13,0.23076923076923078,0.8320502943378437,0.0,3,1,0.07692307692307693
105-87-3,herbal,13,0.23076923076923078,0.8320502943378437,0.0,3,1,0.07692307692307693
105-87-3,honey,13,0.0,0.0,0.0,0,0,0.0
105-87-3,jasmine,13,0.0,0.0,0.0,0,0,0.0
105-87-3,meaty,13,0.0,0.0,0.0,0,0,0.0
105-87-3,mint,13,0.38461538461538464,1.3867504905630725,0.0,5,1,0.07692307692307693
105-87-3,mushroom,13,0.23076923076923078,0.8320502943378437,0.0,3,1,0.07692307692307693
105-87-3,musky,13,0.15384615384615385,0.5547001962252291,0.0,2,1,0.07692307692307693
105-87-3,nutty,13,0.15384615384615385,0.554700196225229,0.0,2,1,0.07692307692307693
105-87-3,oily,13,0.0,0.0,0.0,0,0,0.0
105-87-3,peach,13,0.0,0.0,0.0,0,0,0.0
105-87-3,pear,13,0.0,0.0,0.0,0,0,0.0
105-87-3,pine_needle,13,0.0,0.0,0.0,0,0,0.0
105-87-3,pineapple,13,0.0,0.0,0.0,0,0,0.0
105-87-3,plum,13,0.0,0.0,0.0,0,0,0.0
105-87-3,roasted,13,0.0,0.0,0.0,0,0,0.0
105-87-3,rose,13,2.8461538461538463,3.2364114346539705,0.0,7,6,0.46153846153846156
105-87-3,sour,13,0.3076923076923077,1.1094003924504583,0.0,4,1,0.07692307692307693
105-87-3,spicy,13,0.3076923076923077,0.7510676161988108,0.0,2,2,0.15384615384615385
105-87-3,sweet,13,1.0769230769230769,1.7541160386140584,0.0,4,4,0.3076923076923077
105-87-3,tobacco,13,0.0,0.0,0.0,0,0,0.0
105-87-3,tropical_fruit,13,0.0,0.0,0.0,0,0,0.0
105-87-3,vanilla,13,0.0,0.0,0.0,0,0,0.0
105-87-3,vegetable,13,0.0,0.0,0.0,0,0,0.0
105-87-3,waxy,13,1.0,1.914854215512676,0.0,5,3,0.23076923076923078
105-87-3,woody,13,1.8461538461538463,2.5444761689508852,0.0,7,5,0.38461538461538464
106-02-5,alcoholic,13,0.0,0.0,0.0,0,0,0.0
106-02-5,aldehydic,13,0.5384615384615384,1.4500221041639685,0.0,5,2,0.15384615384615385
106-02-5,almond,13,0.3076923076923077,1.109400392450458,0.0,4,1,0.07692307692307693
106-02-5,anise,13,0.38461538461538464,1.3867504905630728,0.0,5,1,0.07692307692307693
106-02-5,apple,13,0.0,0.0,0.0,0,0,0.0
106-02-5,apricot,13,0.0,0.0,0.0,0,0,0.0
106-02-5,banana,13,0.0,0.0,0.0,0,0,0.0
106-02-5,caramel,13,0.0,0.0,0.0,0,0,0.0
106-02-5,citrus,13,0.15384615384615385,0.5547001962252291,0.0,2,1,0.07692307692307693
106-02-5,cocoa,13,0.0,0.0,0.0,0,0,0.0
106-02-5,coconut,13,0.0,0.0,0.0,0,0,0.0
106-02-5,coffee,13,0.0,0.0,0.0,0,0,0.0
106-02-5,coumaric,13,0.0,0.0,0.0,0,0,0.0
106-02-5,creamy,13,0.46153846153846156,1.1982893790305562,0.0,4,2,0.15384615384615385
106-02-5,fatty,13,0.07692307692307693,0.2773500981126146,0.0,1,1,0.07692307692307693
106-02-5,floral,13,0.7692307692307693,1.9215378456610455,0.0,6,2,0.15384615384615385
106-02-5,fruity,13,0.15384615384615385,0.554700196225229,0.0,2,1,0.07692307692307693
106-02-5,green,13,0.0,0.0,0.0,0,0,0.0
106-02-5,herbal,13,0.0,0.0,0.0,0,0,0.0
106-02-5,honey,13,0.0,0.0,0.0,0,0,0.0
106-02-5,jasmine,13,0.0,0.0,0.0,0,0,0.0
106-02-5,meaty,13,0.0,0.0,0.0,0,0,0.0
106-02-5,mint,13,0.15384615384615385,0.554700196225229,0.0,2,1,0.07692307692307693
106-02-5,mushroom,13,0.0,0.0,0.0,0,0,0.0
106-02-5,musky,13,5.384615384615385,2.2560460078960247,6.0,8,12,0.9230769230769231
106-02-5,nutty,13,0.15384615384615385,0.554700196225229,0.0,2,1,0.07692307692307693
106-02-5,oily,13,0.15384615384615385,0.5547001962252291,0.0,2,1,0.07692307692307693
106-02-5,peach,13,0.0,0.0,0.0,0,0,0.0
106-02-5,pear,13,0.0,0.0,0.0,0,0,0.0
106-02-5,pine_needle,13,0.0,0.0,0.0,0,0,0.0
106-02-5,pineapple,13,0.0,0.0,0.0,0,0,0.0
106-02-5,plum,13,0.0,0.0,0.0,0,0,0.0
106-02-5,roasted,13,0.0,0.0,0.0,0,0,0.0
106-02-5,rose,13,0.0,0.0,0.0,0,0,0.0
106-02-5,sour,13,0.38461538461538464,1.3867504905630725,0.0,5,1,0.07692307692307693
106-02-5,spicy,13,0.0,0.0,0.0,0,0,0.0
106-02-5,sweet,13,1.6153846153846154,2.3992520201950973,0.0,6,5,0.38461538461538464
106-02-5,tobacco,13,0.0,0.0,0.0,0,0,0.0
106-02-5,tropical_fruit,13,0.0,0.0,0.0,0,0,0.0
106-02-5,vanilla,13,0.38461538461538464,1.3867504905630728,0.0,5,1,0.07692307692307693
106-02-5,vegetable,13,0.0,0.0,0.0,0,0,0.0
106-02-5,waxy,13,0.0,0.0,0.0,0,0,0.0
106-02-5,woody,13,0.0,0.0,0.0,0,0,0.0
106-22-9,alcoholic,13,0.3076923076923077,1.109400392450458,0.0,4,1,0.07692307692307693
106-22-9,aldehydic,13,0.0,0.0,0.0,0,0,0.0
106-22-9,almond,13,0.0,0.0,0.0,0,0,0.0
106-22-9,anise,13,0.0,0.0,0.0,0,0,0.0
106-22-9,apple,13,0.0,0.0,0.0,0,0,0.0
106-22-9,apricot,13,0.0,0.0,0.0,0,0,0.0
106-22-9,banana,13,0.0,0.0,0.0,0,0,0.0
106-22-9,caramel,13,0.0,0.0,0.0,0,0,0.0
106-22-9,citrus,13,2.076923076923077,3.2777415614397887,0.0,8,4,0.3076923076923077
106-22-9,cocoa,13,0.0,0.0,0.0,0,0,0.0
106-22-9,coconut,13,0.0,0.0,0.0,0,0,0.0
106-22-9,coffee,13,0.0,0.0,0.0,0,0,0.0
106-22-9,coumaric,13,0.0,0.0,0.0,0,0,0.0
106-22-9,creamy,13,0.0,0.0,0.0,0,0,0.0
106-22-9,fatty,13,0.38461538461538464,0.9607689228305228,0.0,3,2,0.15384615384615385
106-22-9,floral,13,0.5384615384615384,1.9414506867883021,0.0,7,1,0.07692307692307693
106-22-9,fruity,13,1.6153846153846154,2.534379001467011,0.0,6,4,0.3076923076923077
106-22-9,green,13,1.6153846153846154,2.631174057921088,0.0,7,4,0.3076923076923077
106-22-9,herbal,13,0.5384615384615384,1.9414506867883021,0.0,7,1,0.07692307692307693
106-22-9,honey,13,0.0,0.0,0.0,0,0,0.0
106-22-9,jasmine,13,0.0,0.0,0.0,0,0,0.0
106-22-9,meaty,13,0.0,0.0,0.0,0,0,0.0
106-22-9,mint,13,0.15384615384615385,0.5547001962252291,0.0,2,1,0.07692307692307693
106-22-9,mushroom,13,0.0,0.0,0.0,0,0,0.0
106-22-9,musky,13,0.3076923076923077,1.109400392450458,0.0,4,1,0.07692307692307693
106-22-9,nutty,13,0.0,0.0,0.0,0,0,0.0
106-22-9,oily,13,0.0,0.0,0.0,0,0,0.0
106-22-9,peach,13,0.46153846153846156,1.6641005886756874,0.0,6,1,0.07692307692307693
106-22-9,pear,13,0.0,0.0,0.0,0,0,0.0
106-22-9,pine_needle,13,0.0,0.0,0.0,0,0,0.0
106-22-9,pineapple,13,0.15384615384615385,0.5547001962252291,0.0,2,1,0.07692307692307693
106-22-9,plum,13,0.0,0.0,0.0,0,0,0.0
106-22-9,roasted,13,0.0,0.0,0.0,0,0,0.0
106-22-9,rose,13,1.3076923076923077,2.626296993379823,0.0,8,3,0.23076923076923078
106-22-9,sour,13,0.0,0.0,0.0,0,0,0.0
106-22-9,spicy,13,0.0,0.0,0.0,0,0,0.0
106-22-9,sweet,13,1.4615384615384615,2.331501112137293,0.0,6,4,0.3076923076923077
106-22-9,tobacco,13,0.0,0.0,0.0,0,0,0.0
106-22-9,tropical_fruit,13,0.0,0.0,0.0,0,0,0.0
106-22-9,vanilla,13,0.23076923076923078,0.8320502943378436,0.0,3,1,0.07692307692307693
106-22-9,vegetable,13,0.46153846153846156,1.6641005886756874,0.0,6,1,0.07692307692307693
106-22-9,waxy,13,0.0,0.0,0.0,0,0,0.0
106-22-9,woody,13,0.46153846153846156,1.1982893790305562,0.0,4,2,0.15384615384615385
106-24-1,alcoholic,13,0.0,0.0,0.0,0,0,0.0
106-24-1,aldehydic,13,0.46153846153846156,1.1982893790305562,0.0,4,2,0.15384615384615385
106-24-1,almond,13,0.0,0.0,0.0,0,0,0.0
106-24-1,anise,13,0.0,0.0,0.0,0,0,0.0
106-24-1,apple,13,0.0,0.0,0.0,0,0,0.0
106-24-1,apricot,13,0.15384615384615385,0.554700196225229,0.0,2,1,0.07692307692307693
106-24-1,banana,13,0.0,0.0,0.0,0,0,0.0
106-24-1,caramel,13,0.0,0.0,0.0,0,0,0.0
106-24-1,citrus,13,1.4615384615384615,2.331501112137293,0.0,6,4,0.3076923076923077
106-24-1,cocoa,13,0.0,0.0,0.0,0,0,0.0
106-24-1,coconut,13,0.0,0.0,0.0,0,0,0.0
106-24-1,coffee,13,0.0,0.0,0.0,0,0,0.0
106-24-1,coumaric,13,0.0,0.0,0.0,0,0,0.0
106-24-1,creamy,13,0.0,0.0,0.0,0,0,0.0
106-24-1,fatty,13,0.0,0.0,0.0,0,0,0.0
106-24-1,floral,13,3.3846153846153846,3.404371247344154,4.0,8,7,0.5384615384615384
106-24-1,fruity,13,4.153846153846154,3.2105595007244934,4.0,8,9,0.6923076923076923
106-24-1,green,13,0.46153846153846156,1.1982893790305562,0.0,4,2,0.15384615384615385
106-24-1,herbal,13,0.46153846153846156,1.1982893790305562,0.0,4,2,0.15384615384615385
106-24-1,honey,13,0.0,0.0,0.0,0,0,0.0
106-24-1,jasmine,13,0.0,0.0,0.0,0,0,0.0
106-24-1,meaty,13,0.0,0.0,0.0,0,0,0.0
106-24-1,mint,13,0.0,0.0,0.0,0,0,0.0
106-24-1,mushroom,13,0.0,0.0,0.0,0,0,0.0
106-24-1,musky,13,0.6153846153846154,1.5021352323976216,0.0,4,2,0.15384615384615385
106-24-1,nutty,13,0.0,0.0,0.0,0,0,0.0
106-24-1,oily,13,0.0,0.0,0.0,0,0,0.0
106-24-1,peach,13,0.3076923076923077,1.1094003924504583,0.0,4,1,0.07692307692307693
106-24-1,pear,13,0.0,0.0,0.0,0,0,0.0
106-24-1,pine_needle,13,0.0,0.0,0.0,0,0,0.0
106-24-1,pineapple,13,0.0,0.0,0.0,0,0,0.0
106-24-1,plum,13,0.0,0.0,0.0,0,0,0.0
106-24-1,roasted,13,0.0,0.0,0.0,0,0,0.0
106-24-1,rose,13,2.1538461538461537,2.853248261372578,0.0,6,5,0.38461538461538464
106-24-1,sour,13,0.0,0.0,0.0,0,0,0.0
106-24-1,spicy,13,0.0,0.0,0.0,0,0,0.0
106-24-1,sweet,13,2.0,2.345207879911715,0.0,6,6,0.46153846153846156
106-24-1,tobacco,13,0.0,0.0,0.0,0,0,0.0
106-24-1,tropical_fruit,13,0.7692307692307693,1.9215378456610455,0.0,6,2,0.15384615384615385
106-24-1,vanilla,13,0.0,0.0,0.0,0,0,0.0
106-24-1,vegetable,13,0.0,0.0,0.0,0,0,0.0
106-24-1,waxy,13,0.6153846153846154,1.2608503439122305,0.0,4,3,0.23076923076923078
106-24-1,woody,13,1.1538461538461537,1.9081471748860572,0.0,5,4,0.3076923076923077
106-25-2,alcoholic,13,0.15384615384615385,0.554700196225229,0.0,2,1,0.07692307692307693
106-25-2,aldehydic,13,0.15384615384615385,0.5547001962252291,0.0,2,1,0.07692307692307693
106-25-2,almond,13,0.0,0.0,0.0,0,0,0.0
106-25-2,anise,13,0.0,0.0,0.0,0,0,0.0
106-25-2,apple,13,0.0,0.0,0.0,0,0,0.0
106-25-2,apricot,13,0.0,0.0,0.0,0,0,0.0
106-25-2,banana,13,0.0,0.0,0.0,0,0,0.0
106-25-2,caramel,13,0.0,0.0,0.0,0,0,0.0
106-25-2,citrus,13,3.3846153846153846,3.8414073275832457,0.0,8,6,0.46153846153846156
106-25-2,cocoa,13,0.0,0.0,0.0,0,0,0.0
106-25-2,coconut,13,0.0,0.0,0.0,0,0,0.0
106-25-2,coffee,13,0.0,0.0,0.0,0,0,0.0
106-25-2,coumaric,13,0.0,0.0,0.0,0,0,0.0
106-25-2,creamy,13,0.0,0.0,0.0,0,0,0.0
106-25-2,fatty,13,0.0,0.0,0.0,0,0,0.0
106-25-2,floral,13,2.230769230769231,3.0318818730794392,0.0,7,5,0.38461538461538464
106-25-2,fruity,13,3.230769230769231,3.0318818730794397,4.0,8,8,0.6153846153846154
106-25-2,green,13,0.46153846153846156,1.6641005886756874,0.0,6,1,0.07692307692307693
106-25-2,herbal,13,0.0,0.0,0.0,0,0,0.0
106-25-2,honey,13,0.0,0.0,0.0,0,0,0.0
106-25-2,jasmine,13,0.0,0.0,0.0,0,0,0.0
106-25-2,meaty,13,0.0,0.0,0.0,0,0,0.0
106-25-2,mint,13,0.6153846153846154,1.2608503439122303,0.0,4,3,0.23076923076923078
106-25-2,mushroom,13,0.0,0.0,0.0,0,0,0.0
106-25-2,musky,13,0.23076923076923078,0.8320502943378437,0.0,3,1,0.07692307692307693
106-25-2,nutty,13,0.0,0.0,0.0,0,0,0.0
106-25-2,oily,13,0.0,0.0,0.0,0,0,0.0
106-25-2,peach,13,0.0,0.0,0.0,0,0,0.0
106-25-2,pear,13,0.0,0.0,0.0,0,0,0.0
106-25-2,pine_needle,13,0.3076923076923077,1.1094003924504583,0.0,4,1,0.07692307692307693
106-25-2,pineapple,13,0.23076923076923078,0.8320502943378437,0.0,3,1,0.07692307692307693
106-25-2,plum,13,0.0,0.0,0.0,0,0,0.0
106-25-2,roasted,13,0.0,0.0,0.0,0,0,0.0
106-25-2,rose,13,0.6923076923076923,1.702185623672077,0.0,5,2,0.15384615384615385
106-25-2,sour,13,0.0,0.0,0.0,0,0,0.0
106-25-2,spicy,13,0.0,0.0,0.0,0,0,0.0
106-25-2,sweet,13,0.6153846153846154,1.7097008285302207,0.0,6,2,0.15384615384615385
106-25-2,tobacco,13,0.0,0.0,0.0,0,0,0.0
106-25-2,tropical_fruit,13,0.0,0.0,0.0,0,0,0.0
106-25-2,vanilla,13,0.0,0.0,0.0,0,0,0.0
106-25-2,vegetable,13,0.0,0.0,0.0,0,0,0.0
106-25-2,waxy,13,0.0,0.0,0.0,0,0,0.0
106-25-2,woody,13,0.46153846153846156,1.1982893790305562,0.0,4,2,0.15384615384615385
106-27-4,alcoholic,13,1.4615384615384615,1.8081014266989472,0.0,5,6,0.46153846153846156
106-27-4,aldehydic,13,0.0,0.0,0.0,0,0,0.0
106-27-4,almond,13,0.0,0.0,0.0,0,0,0.0
106-27-4,anise,13,0.0,0.0,0.0,0,0,0.0
106-27-4,apple,13,0.0,0.0,0.0,0,0,0.0
106-27-4,apricot,13,0.0,0.0,0.0,0,0,0.0
106-27-4,banana,13,1.6153846153846154,3.0967311135685627,0.0,8,3,0.23076923076923078
106-27-4,caramel,13,0.0,0.0,0.0,0,0,0.0
106-27-4,citrus,13,0.23076923076923078,0.8320502943378437,0.0,3,1,0.07692307692307693
106-27-4,cocoa,13,0.0,0.0,0.0,0,0,0.0
106-27-4,coconut,13,0.07692307692307693,0.2773500981126146,0.0,1,1,0.07692307692307693
106-27-4,coffee,13,0.0,0.0,0.0,0,0,0.0
106-27-4,coumaric,13,0.0,0.0,0.0,0,0,0.0
106-27-4,creamy,13,0.0,0.0,0.0,0,0,0.0
106-27-4,fatty,13,0.0,0.0,0.0,0,0,0.0
106-27-4,floral,13,0.0,0.0,0.0,0,0,0.0
106-27-4,fruity,13,2.769230769230769,2.743290182543769,4.0,6,7,0.5384615384615384
106-27-4,green,13,0.9230769230769231,1.9774368283857793,0.0,7,4,0.3076923076923077
106-27-4,herbal,13,0.0,0.0,0.0,0,0,0.0
106-27-4,honey,13,0.0,0.0,0.0,0,0,0.0
106-27-4,jasmine,13,0.0,0.0,0.0,0,0,0.0
106-27-4,meaty,13,0.0,0.0,0.0,0,0,0.0
106-27-4,mint,13,0.0,0.0,0.0,0,0,0.0
106-27-4,mushroom,13,0.0,0.0,0.0,0,0,0.0
106-27-4,musky,13,0.0,0.0,0.0,0,0,0.0
106-27-4,nutty,13,0.0,0.0,0.0,0,0,0.0
106-27-4,oily,13,0.0,0.0,0.0,0,0,0.0
106-27-4,peach,13,0.0,0.0,0.0,0,0,0.0
106-27-4,pear,13,0.46153846153846156,1.6641005886756874,0.0,6,1,0.07692307692307693
106-27-4,pine_needle,13,0.0,0.0,0.0,0,0,0.0
106-27-4,pineapple,13,2.076923076923077,2.8419928002940256,0.0,7,5,0.38461538461538464
106-27-4,plum,13,0.0,0.0,0.0,0,0,0.0
106-27-4,roasted,13,0.0,0.0,0.0,0,0,0.0
106-27-4,rose,13,0.0,0.0,0.0,0,0,0.0
106-27-4,sour,13,0.15384615384615385,0.554700196225229,0.0,2,1,0.07692307692307693
106-27-4,spicy,13,0.23076923076923078,0.8320502943378437,0.0,3,1,0.07692307692307693
106-27-4,sweet,13,1.8461538461538463,3.0780446673755364,0.0,9,4,0.3076923076923077
106-27-4,tobacco,13,0.0,0.0,0.0,0,0,0.0
106-27-4,tropical_fruit,13,1.6153846153846154,3.0967311135685627,0.0,8,3,0.23076923076923078
106-27-4,vanilla,13,0.0,0.0,0.0,0,0,0.0
106-27-4,vegetable,13,0.0,0.0,0.0,0,0,0.0
106-27-4,waxy,13,0.0,0.0,0.0,0,0,0.0
106-27-4,woody,13,0.0,0.0,0.0,0,0,0.0
106-32-1,alcoholic,13,4.0,3.4156502553198664,5.0,8,8,0.6153846153846154
106-32-1,aldehydic,13,0.0,0.0,0.0,0,0,0.0
106-32-1,almond,13,0.23076923076923078,0.8320502943378437,0.0,3,1,0.07692307692307693
106-32-1,anise,13,0.0,0.0,0.0,0,0,0.0
106-32-1,apple,13,0.3076923076923077,1.1094003924504583,0.0,4,1,0.07692307692307693
106-32-1,apricot,13,0.0,0.0,0.0,0,0,0.0
106-32-1,banana,13,0.46153846153846156,1.6641005886756874,0.0,6,1,0.07692307692307693
106-32-1,caramel,13,0.0,0.0,0.0,0,0,0.0
106-32-1,citrus,13,0.0,0.0,0.0,0,0,0.0
106-32-1,cocoa,13,0.0,0.0,0.0,0,0,0.0
106-32-1,coconut,13,0.0,0.0,0.0,0,0,0.0
106-32-1,coffee,13,0.0,0.0,0.0,0,0,0.0
106-32-1,coumaric,13,0.0,0.0,0.0,0,0,0.0
106-32-1,creamy,13,0.0,0.0,0.0,0,0,0.0
106-32-1,fatty,13,0.46153846153846156,1.6641005886756874,0.0,6,1,0.07692307692307693
106-32-1,floral,13,0.0,0.0,0.0,0,0,0.0
106-32-1,fruity,13,2.4615384615384617,3.281650616569468,0.0,7,5,0.38461538461538464
106-32-1,green,13,0.0,0.0,0.0,0,0,0.0
106-32-1,herbal,13,0.0,0.0,0.0,0,0,0.0
106-32-1,honey,13,0.0,0.0,0.0,0,0,0.0
106-32-1,jasmine,13,0.0,0.0,0.0,0,0,0.0
106-32-1,meaty,13,0.0,0.0,0.0,0,0,0.0
106-32-1,mint,13,0.0,0.0,0.0,0,0,0.0
106-32-1,mushroom,13,0.0,0.0,0.0,0,0,0.0
106-32-1,musky,13,0.38461538461538464,1.3867504905630728,0.0,5,1,0.07692307692307693
106-32-1,nutty,13,0.0,0.0,0.0,0,0,0.0
106-32-1,oily,13,0.0,0.0,0.0,0,0,0.0
106-32-1,peach,13,0.0,0.0,0.0,0,0,0.0
106-32-1,pear,13,0.0,0.0,0.0,0,0,0.0
106-32-1,pine_needle,13,0.0,0.0,0.0,0,0,0.0
106-32-1,pineapple,13,2.8461538461538463,3.3873823188944843,0.0,8,6,0.46153846153846156
106-32-1,plum,13,0.0,0.0,0.0,0,0,0.0
106-32-1,roasted,13,0.0,0.0,0.0,0,0,0.0
106-32-1,rose,13,0.0,0.0,0.0,0,0,0.0
106-32-1,sour,13,0.0,0.0,0.0,0,0,0.0
106-32-1,spicy,13,0.6923076923076923,1.702185623672077,0.0,5,2,0.15384615384615385
106-32-1,sweet,13,0.8461538461538461,2.154303980645638,0.0,7,2,0.15384615384615385
106-32-1,tobacco,13,0.0,0.0,0.0,0,0,0.0
106-32-1,tropical_fruit,13,0.5384615384615384,1.9414506867883021,0.0,7,1,0.07692307692307693
106-32-1,vanilla,13,0.0,0.0,0.0,0,0,0.0
106-32-1,vegetable,13,0.0,0.0,0.0,0,0,0.0
106-32-1,waxy,13,0.0,0.0,0.0,0,0,0.0
106-32-1,woody,13,0.0,0.0,0.0,0,0,0.0
108-29-2,alcoholic,13,0.3076923076923077,0.7510676161988108,0.0,2,2,0.15384615384615385
108-29-2,aldehydic,13,0.0,0.0,0.0,0,0,0.0
108-29-2,almond,13,0.0,0.0,0.0,0,0,0.0
108-29-2,anise,13,0.38461538461538464,1.3867504905630728,0.0,5,1,0.07692307692307693
108-29-2,apple,13,0.0,0.0,0.0,0,0,0.0
108-29-2,apricot,13,0.6153846153846154,2.218800784900916,0.0,8,1,0.07692307692307693
108-29-2,banana,13,0.0,0.0,0.0,0,0,0.0
108-29-2,caramel,13,0.0,0.0,0.0,0,0,0.0
108-29-2,citrus,13,0.0,0.0,0.0,0,0,0.0
108-29-2,cocoa,13,0.0,0.0,0.0,0,0,0.0
108-29-2,coconut,13,1.2307692307692308,2.3858557568108956,0.0,6,3,0.23076923076923078
108-29-2,coffee,13,0.0,0.0,0.0,0,0,0.0
108-29-2,coumaric,13,0.0,0.0,0.0,0,0,0.0
108-29-2,creamy,13,0.9230769230769231,1.7541160386140584,0.0,4,3,0.23076923076923078
108-29-2,fatty,13,0.23076923076923078,0.8320502943378437,0.0,3,1,0.07692307692307693
108-29-2,floral,13,0.15384615384615385,0.554700196225229,0.0,2,1,0.07692307692307693
108-29-2,fruity,13,1.0,1.632993161855452,0.0,4,4,0.3076923076923077
108-29-2,green,13,0.0,0.0,0.0,0,0,0.0
108-29-2,herbal,13,1.5384615384615385,2.4703368398993897,0.0,6,4,0.3076923076923077
108-29-2,honey,13,0.0,0.0,0.0,0,0,0.0
108-29-2,jasmine,13,0.0,0.0,0.0,0,0,0.0
108-29-2,meaty,13,0.0,0.0,0.0,0,0,0.0
108-29-2,mint,13,0.5384615384615384,1.9414506867883021,0.0,7,1,0.07692307692307693
108-29-2,mushroom,13,0.0,0.0,0.0,0,0,0.0
108-29-2,musky,13,0.0,0.0,0.0,0,0,0.0
108-29-2,nutty,13,0.0,0.0,0.0,0,0,0.0
108-29-2,oily,13,0.0,0.0,0.0,0,0,0.0
108-29-2,peach,13,0.0,0.0,0.0,0,0,0.0
108-29-2,pear,13,0.0,0.0,0.0,0,0,0.0
108-29-2,pine_needle,13,0.0,0.0,0.0,0,0,0.0
108-29-2,pineapple,13,0.0,0.0,0.0,0,0,0.0
108-29-2,plum,13,0.0,0.0,0.0,0,0,0.0
108-29-2,roasted,13,0.5384615384615384,1.4500221041639685,0.0,5,2,0.15384615384615385
108-29-2,rose,13,0.0,0.0,0.0,0,0,0.0
108-29-2,sour,13,0.0,0.0,0.0,0,0,0.0
108-29-2,spicy,13,0.3076923076923077,0.7510676161988108,0.0,2,2,0.15384615384615385
108-29-2,sweet,13,1.8461538461538463,2.9110752265029105,0.0,7,4,0.3076923076923077
108-29-2,tobacco,13,0.0,0.0,0.0,0,0,0.0
108-29-2,tropical_fruit,13,0.0,0.0,0.0,0,0,0.0
108-29-2,vanilla,13,0.6153846153846154,1.7097008285302207,0.0,6,2,0.15384615384615385
108-29-2,vegetable,13,0.0,0.0,0.0,0,0,0.0
108-29-2,waxy,13,0.0,0.0,0.0,0,0,0.0
108-29-2,woody,13,0.7692307692307693,1.9215378456610457,0.0,6,2,0.15384615384615385
108-50-9,alcoholic,13,0.0,0.0,0.0,0,0,0.0
108-50-9,aldehydic,13,0.15384615384615385,0.554700196225229,0.0,2,1,0.07692307692307693
108-50-9,almond,13,0.23076923076923078,0.8320502943378437,0.0,3,1,0.07692307692307693
108-50-9,anise,13,0.0,0.0,0.0,0,0,0.0
108-50-9,apple,13,0.0,0.0,0.0,0,0,0.0
108-50-9,apricot,13,0.0,0.0,0.0,0,0,0.0
108-50-9,banana,13,0.0,0.0,0.0,0,0,0.0
108-50-9,caramel,13,0.6153846153846154,1.5021352323976216,0.0,4,2,0.15384615384615385
108-50-9,citrus,13,0.0,0.0,0.0,0,0,0.0
108-50-9,cocoa,13,1.0,2.449489742783178,0.0,7,2,0.15384615384615385
108-50-9,coconut,13,0.23076923076923078,0.8320502943378437,0.0,3,1,0.07692307692307693
108-50-9,coffee,13,0.5384615384615384,1.3301243435223526,0.0,4,2,0.15384615384615385
108-50-9,coumaric,13,0.38461538461538464,1.3867504905630728,0.0,5,1,0.07692307692307693
108-50-9,creamy,13,0.3076923076923077,1.109400392450458,0.0,4,1,0.07692307692307693
108-50-9,fatty,13,0.0,0.0,0.0,0,0,0.0
108-50-9,floral,13,0.0,0.0,0.0,0,0,0.0
108-50-9,fruity,13,0.0,0.0,0.0,0,0,0.0
108-50-9,green,13,0.07692307692307693,0.2773500981126146,0.0,1,1,0.07692307692307693
108-50-9,herbal,13,0.0,0.0,0.0,0,0,0.0
108-50-9,honey,13,0.0,0.0,0.0,0,0,0.0
108-50-9,jasmine,13,0.0,0.0,0.0,0,0,0.0
108-50-9,meaty,13,0.15384615384615385,0.5547001962252291,0.0,2,1,0.07692307692307693
108-50-9,mint,13,0.23076923076923078,0.8320502943378436,0.0,3,1,0.07692307692307693
108-50-9,mushroom,13,0.0,0.0,0.0,0,0,0.0
108-50-9,musky,13,0.38461538461538464,1.3867504905630725,0.0,5,1,0.07692307692307693
108-50-9,nutty,13,2.3076923076923075,2.750291359856727,0.0,7,6,0.46153846153846156
108-50-9,oily,13,0.0,0.0,0.0,0,0,0.0
108-50-9,peach,13,0.0,0.0,0.0,0,0,0.0
108-50-9,pear,13,0.0,0.0,0.0,0,0,0.0
108-50-9,pine_needle,13,0.0,0.0,0.0,0,0,0.0
108-50-9,pineapple,13,0.0,0.0,0.0,0,0,0.0
108-50-9,plum,13,0.0,0.0,0.0,0,0,0.0
108-50-9,roasted,13,2.769230769230769,2.8033862307884654,3.0,6,7,0.5384615384615384
108-50-9,rose,13,0.0,0.0,0.0,0,0,0.0
108-50-9,sour,13,0.0,0.0,0.0,0,0,0.0
108-50-9,spicy,13,0.0,0.0,0.0,0,0,0.0
108-50-9,sweet,13,0.8461538461538461,2.0754980866510833,0.0,6,2,0.15384615384615385
108-50-9,tobacco,13,0.0,0.0,0.0,0,0,0.0
108-50-9,tropical_fruit,13,0.0,0.0,0.0,0,0,0.0
108-50-9,vanilla,13,0.3076923076923077,1.109400392450458,0.0,4,1,0.07692307692307693
108-50-9,vegetable,13,0.0,0.0,0.0,0,0,0.0
108-50-9,waxy,13,0.0,0.0,0.0,0,0,0.0
108-50-9,woody,13,0.3076923076923077,1.1094003924504583,0.0,4,1,0.07692307692307693
109-08-0,alcoholic,13,0.23076923076923078,0.8320502943378437,0.0,3,1,0.07692307692307693
109-08-0,aldehydic,13,0.0,0.0,0.0,0,0,0.0
109-08-0,almond,13,1.6923076923076923,3.2502465389724766,0.0,8,3,0.23076923076923078
109-08-0,anise,13,0.0,0.0,0.0,0,0,0.0
109-08-0,apple,13,0.0,0.0,0.0,0,0,0.0
109-08-0,apricot,13,0.0,0.0,0.0,0,0,0.0
109-08-0,banana,13,0.0,0.0,0.0,0,0,0.0
109-08-0,caramel,13,0.0,0.0,0.0,0,0,0.0
109-08-0,citrus,13,0.0,0.0,0.0,0,0,0.0
109-08-0,cocoa,13,1.2307692307692308,2.385855756810896,0.0,6,3,0.23076923076923078
109-08-0,coconut,13,0.15384615384615385,0.5547001962252291,0.0,2,1,0.07692307692307693
109-08-0,coffee,13,0.0,0.0,0.0,0,0,0.0
109-08-0,coumaric,13,0.23076923076923078,0.8320502943378437,0.0,3,1,0.07692307692307693
109-08-0,creamy,13,0.6923076923076923,1.3774744634423888,0.0,4,3,0.23076923076923078
109-08-0,fatty,13,0.46153846153846156,1.6641005886756874,0.0,6,1,0.07692307692307693
109-08-0,floral,13,0.0,0.0,0.0,0,0,0.0
109-08-0,fruity,13,0.3076923076923077,1.109400392450458,0.0,4,1,0.07692307692307693
109-08-0,green,13,0.23076923076923078,0.8320502943378436,0.0,3,1,0.07692307692307693
109-08-0,herbal,13,0.0,0.0,0.0,0,0,0.0
109-08-0,honey,13,0.0,0.0,0.0,0,0,0.0
109-08-0,jasmine,13,0.0,0.0,0.0,0,0,0.0
109-08-0,meaty,13,0.0,0.0,0.0,0,0,0.0
109-08-0,mint,13,0.23076923076923078,0.8320502943378436,0.0,3,1,0.07692307692307693
109-08-0,mushroom,13,0.0,0.0,0.0,0,0,0.0
109-08-0,musky,13,0.0,0.0,0.0,0,0,0.0
109-08-0,nutty,13,2.8461538461538463,3.7604555097787875,0.0,8,5,0.38461538461538464
109-08-0,oily,13,0.0,0.0,0.0,0,0,0.0
109-08-0,peach,13,0.0,0.0,0.0,0,0,0.0
109-08-0,pear,13,0.0,0.0,0.0,0,0,0.0
109-08-0,pine_needle,13,0.0,0.0,0.0,0,0,0.0
109-08-0,pineapple,13,0.0,0.0,0.0,0,0,0.0
109-08-0,plum,13,0.23076923076923078,0.8320502943378437,0.0,3,1,0.07692307692307693
109-08-0,roasted,13,2.3846153846153846,2.844247455785728,0.0,7,6,0.46153846153846156
109-08-0,rose,13,0.0,0.0,0.0,0,0,0.0
109-08-0,sour,13,0.0,0.0,0.0,0,0,0.0
109-08-0,spicy,13,0.0,0.0,0.0,0,0,0.0
109-08-0,sweet,13,0.3076923076923077,0.7510676161988107,0.0,2,2,0.15384615384615385
109-08-0,tobacco,13,0.0,0.0,0.0,0,0,0.0
109-08-0,tropical_fruit,13,0.0,0.0,0.0,0,0,0.0
109-08-0,vanilla,13,0.0,0.0,0.0,0,0,0.0
109-08-0,vegetable,13,0.0,0.0,0.0,0,0,0.0
109-08-0,waxy,13,0.0,0.0,0.0,0,0,0.0
109-08-0,woody,13,0.0,0.0,0.0,0,0,0.0
109-21-7,alcoholic,13,0.0,0.0,0.0,0,0,0.0
109-21-7,aldehydic,13,0.0,0.0,0.0,0,0,0.0
109-21-7,almond,13,0.0,0.0,0.0,0,0,0.0
109-21-7,anise,13,0.0,0.0,0.0,0,0,0.0
109-21-7,apple,13,1.3076923076923077,2.0568833780186058,0.0,5,4,0.3076923076923077
109-21-7,apricot,13,0.0,0.0,0.0,0,0,0.0
109-21-7,banana,13,0.0,0.0,0.0,0,0,0.0
109-21-7,caramel,13,0.0,0.0,0.0,0,0,0.0
109-21-7,citrus,13,1.2307692307692308,1.9644272343292228,0.0,5,4,0.3076923076923077
109-21-7,cocoa,13,0.0,0.0,0.0,0,0,0.0
109-21-7,coconut,13,0.0,0.0,0.0,0,0,0.0
109-21-7,coffee,13,0.0,0.0,0.0,0,0,0.0
109-21-7,coumaric,13,0.0,0.0,0.0,0,0,0.0
109-21-7,creamy,13,0.0,0.0,0.0,0,0,0.0
109-21-7,fatty,13,0.0,0.0,0.0,0,0,0.0
109-21-7,floral,13,1.1538461538461537,1.908147174886057,0.0,5,4,0.3076923076923077
109-21-7,fruity,13,5.846153846153846,2.7339273901036534,6.0,8,11,0.8461538461538461
109-21-7,green,13,0.7692307692307693,1.3008872711759818,0.0,4,4,0.3076923076923077
109-21-7,herbal,13,0.15384615384615385,0.554700196225229,0.0,2,1,0.07692307692307693
109-21-7,honey,13,0.0,0.0,0.0,0,0,0.0
109-21-7,jasmine,13,0.0,0.0,0.0,0,0,0.0
109-21-7,meaty,13,0.0,0.0,0.0,0,0,0.0
109-21-7,mint,13,0.0,0.0,0.0,0,0,0.0
109-21-7,mushroom,13,0.0,0.0,0.0,0,0,0.0
109-21-7,musky,13,0.0,0.0,0.0,0,0,0.0
109-21-7,nutty,13,0.0,0.0,0.0,0,0,0.0
109-21-7,oily,13,0.0,0.0,0.0,0,0,0.0
109-21-7,peach,13,0.8461538461538461,1.7246329970051526,0.0,5,3,0.23076923076923078
109-21-7,pear,13,0.6923076923076923,1.7021856236720767,0.0,5,2,0.15384615384615385
109-21-7,pine_needle,13,0.0,0.0,0.0,0,0,0.0
109-21-7,pineapple,13,2.1538461538461537,2.511511956509924,0.0,6,6,0.46153846153846156
109-21-7,plum,13,0.0,0.0,0.0,0,0,0.0
109-21-7,roasted,13,0.0,0.0,0.0,0,0,0.0
109-21-7,rose,13,0.23076923076923078,0.8320502943378437,0.0,3,1,0.07692307692307693
109-21-7,sour,13,0.0,0.0,0.0,0,0,0.0
109-21-7,spicy,13,0.0,0.0,0.0,0,0,0.0
109-21-7,sweet,13,2.4615384615384617,2.4703368398993897,4.0,6,7,0.5384615384615384
109-21-7,tobacco,13,0.0,0.0,0.0,0,0,0.0
109-21-7,tropical_fruit,13,3.1538461538461537,2.8238907511373337,4.0,8,8,0.6153846153846154
109-21-7,vanilla,13,0.0,0.0,0.0,0,0,0.0
109-21-7,vegetable,13,0.0,0.0,0.0,0,0,0.0
109-21-7,waxy,13,0.15384615384615385,0.554700196225229,0.0,2,1,0.07692307692307693
109-21-7,woody,13,0.0,0.0,0.0,0,0,0.0
109-60-4,alcoholic,13,2.769230769230769,3.2952957923340302,0.0,8,6,0.46153846153846156
109-60-4,aldehydic,13,0.15384615384615385,0.5547001962252291,0.0,2,1,0.07692307692307693
109-60-4,almond,13,0.0,0.0,0.0,0,0,0.0
109-60-4,anise,13,0.0,0.0,0.0,0,0,0.0
109-60-4,apple,13,0.0,0.0,0.0,0,0,0.0
109-60-4,apricot,13,0.0,0.0,0.0,0,0,0.0
109-60-4,banana,13,0.5384615384615384,1.9414506867883021,0.0,7,1,0.07692307692307693
109-60-4,caramel,13,0.0,0.0,0.0,0,0,0.0
109-60-4,citrus,13,0.3076923076923077,1.1094003924504583,0.0,4,1,0.07692307692307693
109-60-4,cocoa,13,0.0,0.0,0.0,0,0,0.0
109-60-4,coconut,13,0.0,0.0,0.0,0,0,0.0
109-60-4,coffee,13,0.0,0.0,0.0,0,0,0.0
109-60-4,coumaric,13,0.0,0.0,0.0,0,0,0.0
109-60-4,creamy,13,0.0,0.0,0.0,0,0,0.0
109-60-4,fatty,13,0.23076923076923078,0.8320502943378437,0.0,3,1,0.07692307692307693
109-60-4,floral,13,0.0,0.0,0.0,0,0,0.0
109-60-4,fruity,13,2.3076923076923075,3.0655237558100734,0.0,7,5,0.38461538461538464
109-60-4,green,13,0.0,0.0,0.0,0,0,0.0
109-60-4,herbal,13,0.0,0.0,0.0,0,0,0.0
109-60-4,honey,13,0.0,0.0,0.0,0,0,0.0
109-60-4,jasmine,13,0.38461538461538464,1.3867504905630725,0.0,5,1,0.07692307692307693
109-60-4,meaty,13,0.0,0.0,0.0,0,0,0.0
109-60-4,mint,13,0.0,0.0,0.0,0,0,0.0
109-60-4,mushroom,13,0.0,0.0,0.0,0,0,0.0
109-60-4,musky,13,0.15384615384615385,0.5547001962252291,0.0,2,1,0.07692307692307693
109-60-4,nutty,13,0.0,0.0,0.0,0,0,0.0
109-60-4,oily,13,0.0,0.0,0.0,0,0,0.0
109-60-4,peach,13,0.0,0.0,0.0,0,0,0.0
109-60-4,pear,13,0.0,0.0,0.0,0,0,0.0
109-60-4,pine_needle,13,0.0,0.0,0.0,0,0,0.0
109-60-4,pineapple,13,0.0,0.0,0.0,0,0,0.0
109-60-4,plum,13,0.0,0.0,0.0,0,0,0.0
109-60-4,roasted,13,1.2307692307692308,2.385855756810896,0.0,6,3,0.23076923076923078
109-60-4,rose,13,0.0,0.0,0.0,0,0,0.0
109-60-4,sour,13,0.5384615384615384,1.9414506867883021,0.0,7,1,0.07692307692307693
109-60-4,spicy,13,0.15384615384615385,0.5547001962252291,0.0,2,1,0.07692307692307693
109-60-4,sweet,13,0.0,0.0,0.0,0,0,0.0
109-60-4,tobacco,13,0.0,0.0,0.0,0,0,0.0
109-60-4,tropical_fruit,13,0.0,0.0,0.0,0,0,0.0
109-60-4,vanilla,13,0.0,0.0,0.0,0,0,0.0
109-60-4,vegetable,13,0.0,0.0,0.0,0,0,0.0
109-60-4,waxy,13,1.7692307692307692,2.8911890908369102,0.0,8,4,0.3076923076923077
109-60-4,woody,13,0.38461538461538464,1.3867504905630728,0.0,5,1,0.07692307692307693
110-19-0,alcoholic,13,1.0,2.0,0.0,6,3,0.23076923076923078
110-19-0,aldehydic,13,0.23076923076923078,0.8320502943378437,0.0,3,1,0.07692307692307693
110-19-0,almond,13,0.0,0.0,0.0,0,0,0.0
110-19-0,anise,13,0.0,0.0,0.0,0,0,0.0
110-19-0,apple,13,0.5384615384615384,1.9414506867883021,0.0,7,1,0.07692307692307693
110-19-0,apricot,13,0.0,0.0,0.0,0,0,0.0
110-19-0,banana,13,1.5384615384615385,2.436369724794953,0.0,6,4,0.3076923076923077
110-19-0,caramel,13,0.0,0.0,0.0,0,0,0.0
110-19-0,citrus,13,0.0,0.0,0.0,0,0,0.0
110-19-0,cocoa,13,0.0,0.0,0.0,0,0,0.0
110-19-0,coconut,13,0.0,0.0,0.0,0,0,0.0
110-19-0,coffee,13,0.0,0.0,0.0,0,0,0.0
110-19-0,coumaric,13,0.0,0.0,0.0,0,0,0.0
110-19-0,creamy,13,0.0,0.0,0.0,0,0,0.0
110-19-0,fatty,13,0.0,0.0,0.0,0,0,0.0
110-19-0,floral,13,1.6923076923076923,2.657837949180229,0.0,6,4,0.3076923076923077
110-19-0,fruity,13,1.8461538461538463,2.9110752265029105,0.0,7,4,0.3076923076923077
110-19-0,green,13,0.3076923076923077,1.1094003924504583,0.0,4,1,0.07692307692307693
110-19-0,herbal,13,0.0,0.0,0.0,0,0,0.0
110-19-0,honey,13,0.0,0.0,0.0,0,0,0.0
110-19-0,jasmine,13,0.0,0.0,0.0,0,0,0.0
110-19-0,meaty,13,0.0,0.0,0.0,0,0,0.0
110-19-0,mint,13,0.0,0.0,0.0,0,0,0.0
110-19-0,mushroom,13,0.0,0.0,0.0,0,0,0.0
110-19-0,musky,13,0.15384615384615385,0.5547001962252291,0.0,2,1,0.07692307692307693
110-19-0,nutty,13,0.0,0.0,0.0,0,0,0.0
110-19-0,oily,13,0.0,0.0,0.0,0,0,0.0
110-19-0,peach,13,0.0,0.0,0.0,0,0,0.0
110-19-0,pear,13,1.6923076923076923,2.7198227694899346,0.0,7,4,0.3076923076923077
110-19-0,pine_needle,13,0.0,0.0,0.0,0,0,0.0
110-19-0,pineapple,13,0.6153846153846154,1.5566235649883124,0.0,5,2,0.15384615384615385
110-19-0,plum,13,0.0,0.0,0.0,0,0,0.0
110-19-0,roasted,13,0.0,0.0,0.0,0,0,0.0
110-19-0,rose,13,0.0,0.0,0.0,0,0,0.0
110-19-0,sour,13,0.46153846153846156,1.6641005886756874,0.0,6,1,0.07692307692307693
110-19-0,spicy,13,0.23076923076923078,0.8320502943378437,0.0,3,1,0.07692307692307693
110-19-0,sweet,13,0.0,0.0,0.0,0,0,0.0
110-19-0,tobacco,13,0.0,0.0,0.0,0,0,0.0
110-19-0,tropical_fruit,13,0.5384615384615384,1.9414506867883021,0.0,7,1,0.07692307692307693
110-19-0,vanilla,13,0.0,0.0,0.0,0,0,0.0
110-19-0,vegetable,13,0.0,0.0,0.0,0,0,0.0
110-19-0,waxy,13,0.6923076923076923,1.702185623672077,0.0,5,2,0.15384615384615385
110-19-0,woody,13,0.46153846153846156,1.6641005886756874,0.0,6,1,0.07692307692307693
110-38-3,alcoholic,13,1.6153846153846154,2.8147960713126134,0.0,8,4,0.3076923076923077
110-38-3,aldehydic,13,0.0,0.0,0.0,0,0,0.0
110-38-3,almond,13,0.0,0.0,0.0,0,0,0.0
110-38-3,anise,13,0.0,0.0,0.0,0,0,0.0
110-38-3,apple,13,0.0,0.0,0.0,0,0,0.0
110-38-3,apricot,13,0.15384615384615385,0.554700196225229,0.0,2,1,0.07692307692307693
110-38-3,banana,13,0.0,0.0,0.0,0,0,0.0
110-38-3,caramel,13,0.0,0.0,0.0,0,0,0.0
110-38-3,citrus,13,0.0,0.0,0.0,0,0,0.0
110-38-3,cocoa,13,0.0,0.0,0.0,0,0,0.0
110-38-3,coconut,13,0.46153846153846156,1.6641005886756874,0.0,6,1,0.07692307692307693
110-38-3,coffee,13,0.0,0.0,0.0,0,0,0.0
110-38-3,coumaric,13,0.0,0.0,0.0,0,0,0.0
110-38-3,creamy,13,0.15384615384615385,0.5547001962252291,0.0,2,1,0.07692307692307693
110-38-3,fatty,13,0.0,0.0,0.0,0,0,0.0
110-38-3,floral,13,0.0,0.0,0.0,0,0,0.0
110-38-3,fruity,13,3.076923076923077,3.5228193837119166,0.0,8,6,0.46153846153846156
110-38-3,green,13,0.0,0.0,0.0,0,0,0.0
110-38-3,herbal,13,0.3076923076923077,1.109400392450458,0.0,4,1,0.07692307692307693
110-38-3,honey,13,0.0,0.0,0.0,0,0,0.0
110-38-3,jasmine,13,0.38461538461538464,1.3867504905630725,0.0,5,1,0.07692307692307693
110-38-3,meaty,13,0.0,0.0,0.0,0,0,0.0
110-38-3,mint,13,0.0,0.0,0.0,0,0,0.0
110-38-3,mushroom,13,0.0,0.0,0.0,0,0,0.0
110-38-3,musky,13,0.15384615384615385,0.5547001962252291,0.0,2,1,0.07692307692307693
110-38-3,nutty,13,1.8461538461538463,2.192645048267573,0.0,5,6,0.46153846153846156
110-38-3,oily,13,0.5384615384615384,1.3301243435223526,0.0,4,2,0.15384615384615385
110-38-3,peach,13,0.0,0.0,0.0,0,0,0.0
110-38-3,pear,13,0.0,0.0,0.0,0,0,0.0
110-38-3,pine_needle,13,0.0,0.0,0.0,0,0,0.0
110-38-3,pineapple,13,0.0,0.0,0.0,0,0,0.0
110-38-3,plum,13,0.0,0.0,0.0,0,0,0.0
110-38-3,roasted,13,0.6923076923076923,1.702185623672077,0.0,5,2,0.15384615384615385
110-38-3,rose,13,0.0,0.0,0.0,0,0,0.0
110-38-3,sour,13,0.15384615384615385,0.5547001962252291,0.0,2,1,0.07692307692307693
110-38-3,spicy,13,0.46153846153846156,1.1982893790305562,0.0,4,2,0.15384615384615385
110-38-3,sweet,13,0.0,0.0,0.0,0,0,0.0
110-38-3,tobacco,13,0.0,0.0,0.0,0,0,0.0
110-38-3,tropical_fruit,13,0.46153846153846156,1.6641005886756874,0.0,6,1,0.07692307692307693
110-38-3,vanilla,13,0.0,0.0,0.0,0,0,0.0
110-38-3,vegetable,13,0.3076923076923077,1.109400392450458,0.0,4,1,0.07692307692307693
110-38-3,waxy,13,0.6153846153846154,2.218800784900916,0.0,8,1,0.07692307692307693
110-38-3,woody,13,0.0,0.0,0.0,0,0,0.0
110-41-8,alcoholic,13,0.15384615384615385,0.5547001962252291,0.0,2,1,0.07692307692307693
110-41-8,aldehydic,13,0.8461538461538461,2.1543039806456377,0.0,7,2,0.15384615384615385
110-41-8,almond,13,0.15384615384615385,0.5547001962252291,0.0,2,1,0.07692307692307693
110-41-8,anise,13,0.0,0.0,0.0,0,0,0.0
110-41-8,apple,13,0.0,0.0,0.0,0,0,0.0
110-41-8,apricot,13,0.15384615384615385,0.5547001962252291,0.0,2,1,0.07692307692307693
110-41-8,banana,13,0.0,0.0,0.0,0,0,0.0
110-41-8,caramel,13,0.0,0.0,0.0,0,0,0.0
110-41-8,citrus,13,1.5384615384615385,2.989297147474208,0.0,8,3,0.23076923076923078
110-41-8,cocoa,13,0.0,0.0,0.0,0,0,0.0
110-41-8,coconut,13,0.0,0.0,0.0,0,0,0.0
110-41-8,coffee,13,0.0,0.0,0.0,0,0,0.0
110-41-8,coumaric,13,0.0,0.0,0.0,0,0,0.0
110-41-8,creamy,13,0.0,0.0,0.0,0,0,0.0
110-41-8,fatty,13,0.07692307692307693,0.2773500981126146,0.0,1,1,0.07692307692307693
110-41-8,floral,13,0.46153846153846156,1.6641005886756874,0.0,6,1,0.07692307692307693
110-41-8,fruity,13,1.3846153846153846,2.662657242256988,0.0,7,3,0.23076923076923078
110-41-8,green,13,1.0,1.8257418583505538,0.0,6,4,0.3076923076923077
110-41-8,herbal,13,0.23076923076923078,0.8320502943378437,0.0,3,1,0.07692307692307693
110-41-8,honey,13,0.0,0.0,0.0,0,0,0.0
110-41-8,jasmine,13,0.0,0.0,0.0,0,0,0.0
110-41-8,meaty,13,0.0,0.0,0.0,0,0,0.0
110-41-8,mint,13,0.0,0.0,0.0,0,0,0.0
110-41-8,mushroom,13,0.0,0.0,0.0,0,0,0.0
110-41-8,musky,13,0.0,0.0,0.0,0,0,0.0
110-41-8,nutty,13,0.0,0.0,0.0,0,0,0.0
110-41-8,oily,13,0.3076923076923077,1.109400392450458,0.0,4,1,0.07692307692307693
110-41-8,peach,13,0.0,0.0,0.0,0,0,0.0
110-41-8,pear,13,0.0,0.0,0.0,0,0,0.0
110-41-8,pine_needle,13,0.3076923076923077,1.109400392450458,0.0,4,1,0.07692307692307693
110-41-8,pineapple,13,0.0,0.0,0.0,0,0,0.0
110-41-8,plum,13,0.0,0.0,0.0,0,0,0.0
110-41-8,roasted,13,0.0,0.0,0.0,0,0,0.0
110-41-8,rose,13,0.23076923076923078,0.8320502943378437,0.0,3,1,0.07692307692307693
110-41-8,sour,13,0.0,0.0,0.0,0,0,0.0
110-41-8,spicy,13,0.23076923076923078,0.8320502943378437,0.0,3,1,0.07692307692307693
110-41-8,sweet,13,0.5384615384615384,1.4500221041639685,0.0,5,2,0.15384615384615385
110-41-8,tobacco,13,0.0,0.0,0.0,0,0,0.0
110-41-8,tropical_fruit,13,0.0,0.0,0.0,0,0,0.0
110-41-8,vanilla,13,0.0,0.0,0.0,0,0,0.0
110-41-8,vegetable,13,0.0,0.0,0.0,0,0,0.0
110-41-8,waxy,13,0.5384615384615384,1.3301243435223526,0.0,4,2,0.15384615384615385
110-41-8,woody,13,0.0,0.0,0.0,0,0,0.0
110-43-0,alcoholic,13,2.4615384615384617,3.071790591153218,0.0,7,6,0.46153846153846156
110-43-0,aldehydic,13,0.0,0.0,0.0,0,0,0.0
110-43-0,almond,13,0.0,0.0,0.0,0,0,0.0
110-43-0,anise,13,0.0,0.0,0.0,0,0,0.0
110-43-0,apple,13,0.0,0.0,0.0,0,0,0.0
110-43-0,apricot,13,0.0,0.0,0.0,0,0,0.0
110-43-0,banana,13,0.46153846153846156,1.6641005886756877,0.0,6,1,0.07692307692307693
110-43-0,caramel,13,0.23076923076923078,0.8320502943378437,0.0,3,1,0.07692307692307693
110-43-0,citrus,13,0.0,0.0,0.0,0,0,0.0
110-43-0,cocoa,13,0.0,0.0,0.0,0,0,0.0
110-43-0,coconut,13,0.0,0.0,0.0,0,0,0.0
110-43-0,coffee,13,0.0,0.0,0.0,0,0,0.0
110-43-0,coumaric,13,0.0,0.0,0.0,0,0,0.0
110-43-0,creamy,13,0.0,0.0,0.0,0,0,0.0
110-43-0,fatty,13,0.0,0.0,0.0,0,0,0.0
110-43-0,floral,13,0.38461538461538464,1.3867504905630725,0.0,5,1,0.07692307692307693
110-43-0,fruity,13,0.8461538461538461,2.0754980866510833,0.0,6,2,0.15384615384615385
110-43-0,green,13,0.23076923076923078,0.8320502943378436,0.0,3,1,0.07692307692307693
110-43-0,herbal,13,0.0,0.0,0.0,0,0,0.0
110-43-0,honey,13,0.0,0.0,0.0,0,0,0.0
110-43-0,jasmine,13,0.0,0.0,0.0,0,0,0.0
110-43-0,meaty,13,0.0,0.0,0.0,0,0,0.0
110-43-0,mint,13,0.0,0.0,0.0,0,0,0.0
110-43-0,mushroom,13,0.0,0.0,0.0,0,0,0.0
110-43-0,musky,13,0.0,0.0,0.0,0,0,0.0
110-43-0,nutty,13,0.0,0.0,0.0,0,0,0.0
110-43-0,oily,13,0.0,0.0,0.0,0,0,0.0
110-43-0,peach,13,0.0,0.0,0.0,0,0,0.0
110-43-0,pear,13,1.0769230769230769,2.6287366566958377,0.0,7,2,0.15384615384615385
110-43-0,pine_needle,13,0.0,0.0,0.0,0,0,0.0
110-43-0,pineapple,13,1.0,2.449489742783178,0.0,7,2,0.15384615384615385
110-43-0,plum,13,0.0,0.0,0.0,0,0,0.0
110-43-0,roasted,13,0.15384615384615385,0.5547001962252291,0.0,2,1,0.07692307692307693
110-43-0,rose,13,0.0,0.0,0.0,0,0,0.0
110-43-0,sour,13,0.7692307692307693,2.0475125621855637,0.0,7,2,0.15384615384615385
110-43-0,spicy,13,0.6153846153846154,1.7097008285302204,0.0,6,2,0.15384615384615385
110-43-0,sweet,13,0.6153846153846154,1.5566235649883127,0.0,5,2,0.15384615384615385
110-43-0,tobacco,13,0.0,0.0,0.0,0,0,0.0
110-43-0,tropical_fruit,13,0.23076923076923078,0.8320502943378437,0.0,3,1,0.07692307692307693
110-43-0,vanilla,13,0.38461538461538464,1.3867504905630728,0.0,5,1,0.07692307692307693
110-43-0,vegetable,13,0.0,0.0,0.0,0,0,0.0
110-43-0,waxy,13,0.38461538461538464,1.3867504905630728,0.0,5,1,0.07692307692307693
110-43-0,woody,13,0.0,0.0,0.0,0,0,0.0
111-11-5,alcoholic,13,0.0,0.0,0.0,0,0,0.0
111-11-5,aldehydic,13,0.15384615384615385,0.554700196225229,0.0,2,1,0.07692307692307693
111-11-5,almond,13,0.23076923076923078,0.8320502943378437,0.0,3,1,0.07692307692307693
111-11-5,anise,13,0.0,0.0,0.0,0,0,0.0
111-11-5,apple,13,0.0,0.0,0.0,0,0,0.0
111-11-5,apricot,13,0.0,0.0,0.0,0,0,0.0
111-11-5,banana,13,0.15384615384615385,0.5547001962252291,0.0,2,1,0.07692307692307693
111-11-5,caramel,13,0.0,0.0,0.0,0,0,0.0
111-11-5,citrus,13,1.3846153846153846,1.8501559185854914,0.0,4,5,0.38461538461538464
111-11-5,cocoa,13,0.0,0.0,0.0,0,0,0.0
111-11-5,coconut,13,0.23076923076923078,0.8320502943378437,0.0,3,1,0.07692307692307693
111-11-5,coffee,13,0.0,0.0,0.0,0,0,0.0
111-11-5,coumaric,13,0.38461538461538464,1.3867504905630728,0.0,5,1,0.07692307692307693
111-11-5,creamy,13,0.0,0.0,0.0,0,0,0.0
111-11-5,fatty,13,0.0,0.0,0.0,0,0,0.0
111-11-5,floral,13,0.7692307692307693,1.9215378456610455,0.0,6,2,0.15384615384615385
111-11-5,fruity,13,2.0,2.8284271247461903,0.0,8,5,0.38461538461538464
111-11-5,green,13,3.6153846153846154,2.364263857893951,4.0,7,10,0.7692307692307693
111-11-5,herbal,13,1.2307692307692308,1.9644272343292228,0.0,5,4,0.3076923076923077
111-11-5,honey,13,0.0,0.0,0.0,0,0,0.0
111-11-5,jasmine,13,0.15384615384615385,0.5547001962252291,0.0,2,1,0.07692307692307693
111-11-5,meaty,13,0.0,0.0,0.0,0,0,0.0
111-11-5,mint,13,0.0,0.0,0.0,0,0,0.0
111-11-5,mushroom,13,0.0,0.0,0.0,0,0,0.0
111-11-5,musky,13,0.38461538461538464,1.3867504905630728,0.0,5,1,0.07692307692307693
111-11-5,nutty,13,1.0,2.449489742783178,0.0,7,2,0.15384615384615385
111-11-5,oily,13,0.0,0.0,0.0,0,0,0.0
111-11-5,peach,13,0.0,0.0,0.0,0,0,0.0
111-11-5,pear,13,0.0,0.0,0.0,0,0,0.0
111-11-5,pine_needle,13,0.0,0.0,0.0,0,0,0.0
111-11-5,pineapple,13,0.0,0.0,0.0,0,0,0.0
111-11-5,plum,13,0.0,0.0,0.0,0,0,0.0
111-11-5,roasted,13,0.0,0.0,0.0,0,0,0.0
111-11-5,rose,13,0.0,0.0,0.0,0,0,0.0
111-11-5,sour,13,0.0,0.0,0.0,0,0,0.0
111-11-5,spicy,13,0.0,0.0,0.0,0,0,0.0
111-11-5,sweet,13,3.3846153846153846,2.534379001467011,4.0,6,9,0.6923076923076923
111-11-5,tobacco,13,0.0,0.0,0.0,0,0,0.0
111-11-5,tropical_fruit,13,0.15384615384615385,0.5547001962252291,0.0,2,1,0.07692307692307693
111-11-5,vanilla,13,0.0,0.0,0.0,0,0,0.0
111-11-5,vegetable,13,1.5384615384615385,2.1838568563966754,0.0,6,5,0.38461538461538464
111-11-5,waxy,13,0.46153846153846156,1.1982893790305562,0.0,4,2,0.15384615384615385
111-11-5,woody,13,0.8461538461538461,1.6251232694862383,0.0,4,3,0.23076923076923078
111-13-7,alcoholic,13,0.0,0.0,0.0,0,0,0.0
111-13-7,aldehydic,13,0.0,0.0,0.0,0,0,0.0
111-13-7,almond,13,0.0,0.0,0.0,0,0,0.0
111-13-7,anise,13,0.0,0.0,0.0,0,0,0.0
111-13-7,apple,13,0.0,0.0,0.0,0,0,0.0
111-13-7,apricot,13,0.0,0.0,0.0,0,0,0.0
111-13-7,banana,13,0.0,0.0,0.0,0,0,0.0
111-13-7,caramel,13,0.0,0.0,0.0,0,0,0.0
111-13-7,citrus,13,0.0,0.0,0.0,0,0,0.0
111-13-7,cocoa,13,0.0,0.0,0.0,0,0,0.0
111-13-7,coconut,13,0.0,0.0,0.0,0,0,0.0
111-13-7,coffee,13,0.0,0.0,0.0,0,0,0.0
111-13-7,coumaric,13,0.0,0.0,0.0,0,0,0.0
111-13-7,creamy,13,0.0,0.0,0.0,0,0,0.0
111-13-7,fatty,13,0.0,0.0,0.0,0,0,0.0
111-13-7,floral,13,1.4615384615384615,2.4703368398993897,0.0,6,4,0.3076923076923077
111-13-7,fruity,13,0.9230769230769231,1.55250005161237,0.0,4,4,0.3076923076923077
111-13-7,green,13,3.0,2.798809270624444,4.0,8,8,0.6153846153846154
111-13-7,herbal,13,4.384615384615385,3.5246385521180645,6.0,9,9,0.6923076923076923
111-13-7,honey,13,0.0,0.0,0.0,0,0,0.0
111-13-7,jasmine,13,0.0,0.0,0.0,0,0,0.0
111-13-7,meaty,13,0.0,0.0,0.0,0,0,0.0
111-13-7,mint,13,0.0,0.0,0.0,0,0,0.0
111-13-7,mushroom,13,0.0,0.0,0.0,0,0,0.0
111-13-7,musky,13,0.0,0.0,0.0,0,0,0.0
111-13-7,nutty,13,0.0,0.0,0.0,0,0,0.0
111-13-7,oily,13,0.0,0.0,0.0,0,0,0.0
111-13-7,peach,13,0.0,0.0,0.0,0,0,0.0
111-13-7,pear,13,0.0,0.0,0.0,0,0,0.0
111-13-7,pine_needle,13,0.38461538461538464,1.3867504905630728,0.0,5,1,0.07692307692307693
111-13-7,pineapple,13,0.0,0.0,0.0,0,0,0.0
111-13-7,plum,13,0.0,0.0,0.0,0,0,0.0
111-13-7,roasted,13,0.0,0.0,0.0,0,0,0.0
111-13-7,rose,13,0.3076923076923077,1.1094003924504583,0.0,4,1,0.07692307692307693
111-13-7,sour,13,0.15384615384615385,0.5547001962252291,0.0,2,1,0.07692307692307693
111-13-7,spicy,13,0.0,0.0,0.0,0,0,0.0
111-13-7,sweet,13,0.0,0.0,0.0,0,0,0.0
111-13-7,tobacco,13,0.38461538461538464,1.3867504905630725,0.0,5,1,0.07692307692307693
111-13-7,tropical_fruit,13,0.0,0.0,0.0,0,0,0.0
111-13-7,vanilla,13,0.0,0.0,0.0,0,0,0.0
111-13-7,vegetable,13,0.0,0.0,0.0,0,0,0.0
111-13-7,waxy,13,0.0,0.0,0.0,0,0,0.0
111-13-7,woody,13,2.1538461538461537,3.3873823188944847,0.0,8,4,0.3076923076923077
111879-80-2,alcoholic,13,0.0,0.0,0.0,0,0,0.0
111879-80-2,aldehydic,13,0.46153846153846156,0.8770580193070292,0.0,2,3,0.23076923076923078
111879-80-2,almond,13,0.0,0.0,0.0,0,0,0.0
111879-80-2,anise,13,0.0,0.0,0.0,0,0,0.0
111879-80-2,apple,13,0.0,0.0,0.0,0,0,0.0
111879-80-2,apricot,13,0.3076923076923077,1.1094003924504583,0.0,4,1,0.07692307692307693
111879-80-2,banana,13,0.0,0.0,0.0,0,0,0.0
111879-80-2,caramel,13,0.0,0.0,0.0,0,0,0.0
111879-80-2,citrus,13,0.3076923076923077,0.7510676161988108,0.0,2,2,0.15384615384615385
111879-80-2,cocoa,13,0.0,0.0,0.0,0,0,0.0
111879-80-2,coconut,13,0.0,0.0,0.0,0,0,0.0
111879-80-2,coffee,13,0.0,0.0,0.0,0,0,0.0
111879-80-2,coumaric,13,0.0,0.0,0.0,0,0,0.0
111879-80-2,creamy,13,0.0,0.0,0.0,0,0,0.0
111879-80-2,fatty,13,0.0,0.0,0.0,0,0,0.0
111879-80-2,floral,13,1.0769230769230769,2.100061049173669,0.0,6,3,0.23076923076923078
111879-80-2,fruity,13,1.3846153846153846,2.2188007849009166,0.0,6,4,0.3076923076923077
111879-80-2,green,13,0.0,0.0,0.0,0,0,0.0
111879-80-2,herbal,13,0.15384615384615385,0.5547001962252291,0.0,2,1,0.07692307692307693
111879-80-2,honey,13,0.0,0.0,0.0,0,0,0.0
111879-80-2,jasmine,13,0.0,0.0,0.0,0,0,0.0
111879-80-2,meaty,13,0.0,0.0,0.0,0,0,0.0
111879-80-2,mint,13,0.0,0.0,0.0,0,0,0.0
111879-80-2,mushroom,13,0.3076923076923077,1.109400392450458,0.0,4,1,0.07692307692307693
111879-80-2,musky,13,2.076923076923077,2.253202848596432,2.0,6,7,0.5384615384615384
111879-80-2,nutty,13,0.0,0.0,0.0,0,0,0.0
111879-80-2,oily,13,0.0,0.0,0.0,0,0,0.0
111879-80-2,peach,13,0.0,0.0,0.0,0,0,0.0
111879-80-2,pear,13,0.0,0.0,0.0,0,0,0.0
111879-80-2,pine_needle,13,0.6153846153846154,1.5021352323976216,0.0,4,2,0.15384615384615385
111879-80-2,pineapple,13,0.0,0.0,0.0,0,0,0.0
111879-80-2,plum,13,0.0,0.0,0.0,0,0,0.0
111879-80-2,roasted,13,0.0,0.0,0.0,0,0,0.0
111879-80-2,rose,13,0.46153846153846156,1.1982893790305562,0.0,4,2,0.15384615384615385
111879-80-2,sour,13,0.0,0.0,0.0,0,0,0.0
111879-80-2,spicy,13,0.6153846153846154,1.2608503439122305,0.0,4,3,0.23076923076923078
111879-80-2,sweet,13,1.8461538461538463,2.3750843439814178,0.0,6,6,0.46153846153846156
111879-80-2,tobacco,13,0.15384615384615385,0.554700196225229,0.0,2,1,0.07692307692307693
111879-80-2,tropical_fruit,13,0.6153846153846154,1.5021352323976216,0.0,4,2,0.15384615384615385
111879-80-2,vanilla,13,0.15384615384615385,0.554700196225229,0.0,2,1,0.07692307692307693
111879-80-2,vegetable,13,0.0,0.0,0.0,0,0,0.0
111879-80-2,waxy,13,0.5384615384615384,1.0500305245868344,0.0,3,3,0.23076923076923078
111879-80-2,woody,13,0.0,0.0,0.0,0,0,0.0
112-14-1,alcoholic,13,1.0769230769230769,1.8009968749527976,0.0,5,4,0.3076923076923077
112-14-1,aldehydic,13,0.0,0.0,0.0,0,0,0.0
112-14-1,almond,13,0.0,0.0,0.0,0,0,0.0
112-14-1,anise,13,0.0,0.0,0.0,0,0,0.0
112-14-1,apple,13,0.0,0.0,0.0,0,0,0.0
112-14-1,apricot,13,0.0,0.0,0.0,0,0,0.0
112-14-1,banana,13,0.0,0.0,0.0,0,0,0.0
112-14-1,caramel,13,0.0,0.0,0.0,0,0,0.0
112-14-1,citrus,13,0.6153846153846154,1.5566235649883124,0.0,5,2,0.15384615384615385
112-14-1,cocoa,13,0.0,0.0,0.0,0,0,0.0
112-14-1,coconut,13,0.0,0.0,0.0,0,0,0.0
112-14-1,coffee,13,0.0,0.0,0.0,0,0,0.0
112-14-1,coumaric,13,0.0,0.0,0.0,0,0,0.0
112-14-1,creamy,13,0.0,0.0,0.0,0,0,0.0
112-14-1,fatty,13,0.0,0.0,0.0,0,0,0.0
112-14-1,floral,13,0.38461538461538464,1.3867504905630725,0.0,5,1,0.07692307692307693
112-14-1,fruity,13,2.6153846153846154,2.4337372337779035,2.0,7,9,0.6923076923076923
112-14-1,green,13,0.3076923076923077,1.109400392450458,0.0,4,1,0.07692307692307693
112-14-1,herbal,13,0.0,0.0,0.0,0,0,0.0
112-14-1,honey,13,0.0,0.0,0.0,0,0,0.0
112-14-1,jasmine,13,0.0,0.0,0.0,0,0,0.0
112-14-1,meaty,13,0.0,0.0,0.0,0,0,0.0
112-14-1,mint,13,0.0,0.0,0.0,0,0,0.0
112-14-1,mushroom,13,0.46153846153846156,1.6641005886756874,0.0,6,1,0.07692307692307693
112-14-1,musky,13,0.0,0.0,0.0,0,0,0.0
112-14-1,nutty,13,0.0,0.0,0.0,0,0,0.0
112-14-1,oily,13,0.0,0.0,0.0,0,0,0.0
112-14-1,peach,13,0.0,0.0,0.0,0,0,0.0
112-14-1,pear,13,0.0,0.0,0.0,0,0,0.0
112-14-1,pine_needle,13,0.0,0.0,0.0,0,0,0.0
112-14-1,pineapple,13,0.0,0.0,0.0,0,0,0.0
112-14-1,plum,13,0.0,0.0,0.0,0,0,0.0
112-14-1,roasted,13,0.0,0.0,0.0,0,0,0.0
112-14-1,rose,13,0.0,0.0,0.0,0,0,0.0
112-14-1,sour,13,0.0,0.0,0.0,0,0,0.0
112-14-1,spicy,13,0.6923076923076923,1.493575987611354,0.0,5,3,0.23076923076923078
112-14-1,sweet,13,0.7692307692307693,1.5892265495016833,0.0,5,3,0.23076923076923078
112-14-1,tobacco,13,0.0,0.0,0.0,0,0,0.0
112-14-1,tropical_fruit,13,0.38461538461538464,1.3867504905630725,0.0,5,1,0.07692307692307693
112-14-1,vanilla,13,0.0,0.0,0.0,0,0,0.0
112-14-1,vegetable,13,0.0,0.0,0.0,0,0,0.0
112-14-1,waxy,13,0.5384615384615384,1.3301243435223526,0.0,4,2,0.15384615384615385
112-14-1,woody,13,0.15384615384615385,0.5547001962252291,0.0,2,1,0.07692307692307693
112-44-7,alcoholic,13,0.38461538461538464,0.9607689228305228,0.0,3,2,0.15384615384615385
112-44-7,aldehydic,13,1.4615384615384615,2.633609203336257,0.0,7,4,0.3076923076923077
112-44-7,almond,13,0.0,0.0,0.0,0,0,0.0
112-44-7,anise,13,0.0,0.0,0.0,0,0,0.0
112-44-7,apple,13,0.0,0.0,0.0,0,0,0.0
112-44-7,apricot,13,0.0,0.0,0.0,0,0,0.0
112-44-7,banana,13,0.0,0.0,0.0,0,0,0.0
112-44-7,caramel,13,0.0,0.0,0.0,0,0,0.0
112-44-7,citrus,13,4.0,3.1091263510296048,5.0,9,9,0.6923076923076923
112-44-7,cocoa,13,0.0,0.0,0.0,0,0,0.0
112-44-7,coconut,13,0.0,0.0,0.0,0,0,0.0
112-44-7,coffee,13,0.0,0.0,0.0,0,0,0.0
112-44-7,coumaric,13,0.0,0.0,0.0,0,0,0.0
112-44-7,creamy,13,0.0,0.0,0.0,0,0,0.0
112-44-7,fatty,13,0.0,0.0,0.0,0,0,0.0
112-44-7,floral,13,0.0,0.0,0.0,0,0,0.0
112-44-7,fruity,13,0.8461538461538461,2.0754980866510833,0.0,6,2,0.15384615384615385
112-44-7,green,13,1.3076923076923077,2.1363760352762258,0.0,6,4,0.3076923076923077
112-44-7,herbal,13,0.0,0.0,0.0,0,0,0.0
112-44-7,honey,13,0.0,0.0,0.0,0,0,0.0
112-44-7,jasmine,13,0.0,0.0,0.0,0,0,0.0
112-44-7,meaty,13,0.0,0.0,0.0,0,0,0.0
112-44-7,mint,13,0.0,0.0,0.0,0,0,0.0
112-44-7,mushroom,13,0.0,0.0,0.0,0,0,0.0
112-44-7,musky,13,0.0,0.0,0.0,0,0,0.0
112-44-7,nutty,13,0.0,0.0,0.0,0,0,0.0
112-44-7,oily,13,0.38461538461538464,1.3867504905630728,0.0,5,1,0.07692307692307693
112-44-7,peach,13,0.0,0.0,0.0,0,0,0.0
112-44-7,pear,13,0.0,0.0,0.0,0,0,0.0
112-44-7,pine_needle,13,0.0,0.0,0.0,0,0,0.0
112-44-7,pineapple,13,0.3076923076923077,1.1094003924504583,0.0,4,1,0.07692307692307693
112-44-7,plum,13,0.07692307692307693,0.2773500981126146,0.0,1,1,0.07692307692307693
112-44-7,roasted,13,0.0,0.0,0.0,0,0,0.0
112-44-7,rose,13,0.3076923076923077,1.1094003924504583,0.0,4,1,0.07692307692307693
112-44-7,sour,13,1.3846153846153846,2.103111248383433,0.0,6,5,0.38461538461538464
112-44-7,spicy,13,0.6923076923076923,1.3155870289605438,0.0,3,3,0.23076923076923078
112-44-7,sweet,13,0.3076923076923077,1.1094003924504583,0.0,4,1,0.07692307692307693
112-44-7,tobacco,13,0.07692307692307693,0.2773500981126145,0.0,1,1,0.07692307692307693
112-44-7,tropical_fruit,13,0.0,0.0,0.0,0,0,0.0
112-44-7,vanilla,13,0.0,0.0,0.0,0,0,0.0
112-44-7,vegetable,13,0.0,0.0,0.0,0,0,0.0
112-44-7,waxy,13,0.23076923076923078,0.8320502943378436,0.0,3,1,0.07692307692307693
112-44-7,woody,13,0.0,0.0,0.0,0,0,0.0
1124-11-4,alcoholic,13,0.38461538461538464,0.9607689228305228,0.0,3,2,0.15384615384615385
1124-11-4,aldehydic,13,0.0,0.0,0.0,0,0,0.0
1124-11-4,almond,13,0.38461538461538464,1.3867504905630725,0.0,5,1,0.07692307692307693
1124-11-4,anise,13,0.0,0.0,0.0,0,0,0.0
1124-11-4,apple,13,0.0,0.0,0.0,0,0,0.0
1124-11-4,apricot,13,0.23076923076923078,0.8320502943378437,0.0,3,1,0.07692307692307693
1124-11-4,banana,13,0.0,0.0,0.0,0,0,0.0
1124-11-4,caramel,13,0.3076923076923077,1.109400392450458,0.0,4,1,0.07692307692307693
1124-11-4,citrus,13,0.23076923076923078,0.8320502943378437,0.0,3,1,0.07692307692307693
1124-11-4,cocoa,13,0.9230769230769231,2.2898885875932358,0.0,7,2,0.15384615384615385
1124-11-4,coconut,13,0.0,0.0,0.0,0,0,0.0
1124-11-4,coffee,13,0.38461538461538464,1.3867504905630725,0.0,5,1,0.07692307692307693
1124-11-4,coumaric,13,0.0,0.0,0.0,0,0,0.0
1124-11-4,creamy,13,0.9230769230769231,1.9348358440936906,0.0,6,3,0.23076923076923078
1124-11-4,fatty,13,0.46153846153846156,1.6641005886756874,0.0,6,1,0.07692307692307693
1124-11-4,floral,13,0.46153846153846156,1.6641005886756874,0.0,6,1,0.07692307692307693
1124-11-4,fruity,13,0.46153846153846156,1.1982893790305562,0.0,4,2,0.15384615384615385
1124-11-4,green,13,0.46153846153846156,1.126601424298216,0.0,3,2,0.15384615384615385
1124-11-4,herbal,13,0.0,0.0,0.0,0,0,0.0
1124-11-4,honey,13,0.0,0.0,0.0,0,0,0.0
1124-11-4,jasmine,13,0.0,0.0,0.0,0,0,0.0
1124-11-4,meaty,13,0.0,0.0,0.0,0,0,0.0
1124-11-4,mint,13,0.3076923076923077,1.1094003924504583,0.0,4,1,0.07692307692307693
1124-11-4,mushroom,13,0.0,0.0,0.0,0,0,0.0
1124-11-4,musky,13,0.46153846153846156,1.6641005886756874,0.0,6,1,0.07692307692307693
1124-11-4,nutty,13,2.230769230769231,3.004270464795243,0.0,7,5,0.38461538461538464
1124-11-4,oily,13,0.0,0.0,0.0,0,0,0.0
1124-11-4,peach,13,0.6153846153846154,2.218800784900916,0.0,8,1,0.07692307692307693
1124-11-4,pear,13,0.0,0.0,0.0,0,0,0.0
1124-11-4,pine_needle,13,0.0,0.0,0.0,0,0,0.0
1124-11-4,pineapple,13,0.0,0.0,0.0,0,0,0.0
1124-11-4,plum,13,0.0,0.0,0.0,0,0,0.0
1124-11-4,roasted,13,0.8461538461538461,2.0754980866510833,0.0,6,2,0.15384615384615385
1124-11-4,rose,13,0.0,0.0,0.0,0,0,0.0
1124-11-4,sour,13,0.0,0.0,0.0,0,0,0.0
1124-11-4,spicy,13,0.15384615384615385,0.5547001962252291,0.0,2,1,0.07692307692307693
1124-11-4,sweet,13,0.46153846153846156,1.1982893790305562,0.0,4,2,0.15384615384615385
1124-11-4,tobacco,13,0.0,0.0,0.0,0,0,0.0
1124-11-4,tropical_fruit,13,0.0,0.0,0.0,0,0,0.0
1124-11-4,vanilla,13,0.38461538461538464,1.3867504905630728,0.0,5,1,0.07692307692307693
1124-11-4,vegetable,13,0.0,0.0,0.0,0,0,0.0
1124-11-4,waxy,13,0.0,0.0,0.0,0,0,0.0
1124-11-4,woody,13,0.0,0.0,0.0,0,0,0.0
115-95-7,alcoholic,13,0.38461538461538464,0.9607689228305227,0.0,3,2,0.15384615384615385
115-95-7,aldehydic,13,0.0,0.0,0.0,0,0,0.0
115-95-7,almond,13,0.0,0.0,0.0,0,0,0.0
115-95-7,anise,13,0.0,0.0,0.0,0,0,0.0
115-95-7,apple,13,0.0,0.0,0.0,0,0,0.0
115-95-7,apricot,13,0.0,0.0,0.0,0,0,0.0
115-95-7,banana,13,0.0,0.0,0.0,0,0,0.0
115-95-7,caramel,13,0.0,0.0,0.0,0,0,0.0
115-95-7,citrus,13,2.3846153846153846,2.930826434598881,0.0,7,6,0.46153846153846156
115-95-7,cocoa,13,0.0,0.0,0.0,0,0,0.0
115-95-7,coconut,13,0.0,0.0,0.0,0,0,0.0
115-95-7,coffee,13,0.0,0.0,0.0,0,0,0.0
115-95-7,coumaric,13,0.0,0.0,0.0,0,0,0.0
115-95-7,creamy,13,0.0,0.0,0.0,0,0,0.0
115-95-7,fatty,13,0.0,0.0,0.0,0,0,0.0
115-95-7,floral,13,1.4615384615384615,2.817072493901681,0.0,7,3,0.23076923076923078
115-95-7,fruity,13,2.3846153846153846,2.9022537661405354,0.0,7,6,0.46153846153846156
115-95-7,green,13,0.0,0.0,0.0,0,0,0.0
115-95-7,herbal,13,0.0,0.0,0.0,0,0,0.0
115-95-7,honey,13,0.0,0.0,0.0,0,0,0.0
115-95-7,jasmine,13,0.0,0.0,0.0,0,0,0.0
115-95-7,meaty,13,0.0,0.0,0.0,0,0,0.0
115-95-7,mint,13,0.3076923076923077,1.1094003924504583,0.0,4,1,0.07692307692307693
115-95-7,mushroom,13,0.0,0.0,0.0,0,0,0.0
115-95-7,musky,13,0.0,0.0,0.0,0,0,0.0
115-95-7,nutty,13,0.0,0.0,0.0,0,0,0.0
115-95-7,oily,13,0.0,0.0,0.0,0,0,0.0
115-95-7,peach,13,0.0,0.0,0.0,0,0,0.0
115-95-7,pear,13,0.0,0.0,0.0,0,0,0.0
115-95-7,pine_needle,13,0.15384615384615385,0.5547001962252291,0.0,2,1,0.07692307692307693
115-95-7,pineapple,13,0.3076923076923077,1.1094003924504583,0.0,4,1,0.07692307692307693
115-95-7,plum,13,0.0,0.0,0.0,0,0,0.0
115-95-7,roasted,13,0.0,0.0,0.0,0,0,0.0
115-95-7,rose,13,1.0769230769230769,2.0599975105785306,0.0,5,3,0.23076923076923078
115-95-7,sour,13,0.0,0.0,0.0,0,0,0.0
115-95-7,spicy,13,0.7692307692307693,1.535895295576609,0.0,4,3,0.23076923076923078
115-95-7,sweet,13,0.23076923076923078,0.8320502943378437,0.0,3,1,0.07692307692307693
115-95-7,tobacco,13,0.0,0.0,0.0,0,0,0.0
115-95-7,tropical_fruit,13,0.0,0.0,0.0,0,0,0.0
115-95-7,vanilla,13,0.0,0.0,0.0,0,0,0.0
115-95-7,vegetable,13,0.0,0.0,0.0,0,0,0.0
115-95-7,waxy,13,0.0,0.0,0.0,0,0,0.0
115-95-7,woody,13,1.2307692307692308,2.554533426213293,0.0,8,3,0.23076923076923078
118-58-1,alcoholic,13,0.07692307692307693,0.2773500981126146,0.0,1,1,0.07692307692307693
118-58-1,aldehydic,13,0.0,0.0,0.0,0,0,0.0
118-58-1,almond,13,0.0,0.0,0.0,0,0,0.0
118-58-1,anise,13,0.0,0.0,0.0,0,0,0.0
118-58-1,apple,13,0.0,0.0,0.0,0,0,0.0
118-58-1,apricot,13,0.46153846153846156,1.6641005886756874,0.0,6,1,0.07692307692307693
118-58-1,banana,13,0.0,0.0,0.0,0,0,0.0
118-58-1,caramel,13,0.0,0.0,0.0,0,0,0.0
118-58-1,citrus,13,0.0,0.0,0.0,0,0,0.0
118-58-1,cocoa,13,0.0,0.0,0.0,0,0,0.0
118-58-1,coconut,13,0.0,0.0,0.0,0,0,0.0
118-58-1,coffee,13,0.0,0.0,0.0,0,0,0.0
118-58-1,coumaric,13,0.0,0.0,0.0,0,0,0.0
118-58-1,creamy,13,0.46153846153846156,1.6641005886756877,0.0,6,1,0.07692307692307693
118-58-1,fatty,13,0.15384615384615385,0.5547001962252291,0.0,2,1,0.07692307692307693
118-58-1,floral,13,1.3076923076923077,2.657837949180229,0.0,7,3,0.23076923076923078
118-58-1,fruity,13,1.4615384615384615,2.0254787341673333,0.0,6,6,0.46153846153846156
118-58-1,green,13,0.07692307692307693,0.2773500981126146,0.0,1,1,0.07692307692307693
118-58-1,herbal,13,0.3076923076923077,1.1094003924504583,0.0,4,1,0.07692307692307693
118-58-1,honey,13,0.0,0.0,0.0,0,0,0.0
118-58-1,jasmine,13,0.0,0.0,0.0,0,0,0.0
118-58-1,meaty,13,0.0,0.0,0.0,0,0,0.0
118-58-1,mint,13,0.0,0.0,0.0,0,0,0.0
118-58-1,mushroom,13,0.0,0.0,0.0,0,0,0.0
118-58-1,musky,13,0.0,0.0,0.0,0,0,0.0
118-58-1,nutty,13,0.0,0.0,0.0,0,0,0.0
118-58-1,oily,13,0.0,0.0,0.0,0,0,0.0
118-58-1,peach,13,0.0,0.0,0.0,0,0,0.0
118-58-1,pear,13,0.38461538461538464,1.3867504905630728,0.0,5,1,0.07692307692307693
118-58-1,pine_needle,13,0.0,0.0,0.0,0,0,0.0
118-58-1,pineapple,13,0.38461538461538464,1.3867504905630728,0.0,5,1,0.07692307692307693
118-58-1,plum,13,0.0,0.0,0.0,0,0,0.0
118-58-1,roasted,13,0.0,0.0,0.0,0,0,0.0
118-58-1,rose,13,0.0,0.0,0.0,0,0,0.0
118-58-1,sour,13,0.3076923076923077,0.7510676161988107,0.0,2,2,0.15384615384615385
118-58-1,spicy,13,0.0,0.0,0.0,0,0,0.0
118-58-1,sweet,13,1.8461538461538463,2.911075226502911,0.0,7,4,0.3076923076923077
118-58-1,tobacco,13,0.0,0.0,0.0,0,0,0.0
118-58-1,tropical_fruit,13,0.0,0.0,0.0,0,0,0.0
118-58-1,vanilla,13,0.3076923076923077,1.1094003924504583,0.0,4,1,0.07692307692307693
118-58-1,vegetable,13,0.23076923076923078,0.8320502943378437,0.0,3,1,0.07692307692307693
118-58-1,waxy,13,0.0,0.0,0.0,0,0,0.0
118-58-1,woody,13,0.15384615384615385,0.554700196225229,0.0,2,1,0.07692307692307693
119-36-8,alcoholic,13,0.3076923076923077,1.109400392450458,0.0,4,1,0.07692307692307693
119-36-8,aldehydic,13,0.0,0.0,0.0,0,0,0.0
119-36-8,almond,13,0.0,0.0,0.0,0,0,0.0
119-36-8,anise,13,0.0,0.0,0.0,0,0,0.0
119-36-8,apple,13,0.0,0.0,0.0,0,0,0.0
119-36-8,apricot,13,0.0,0.0,0.0,0,0,0.0
119-36-8,banana,13,0.0,0.0,0.0,0,0,0.0
119-36-8,caramel,13,0.0,0.0,0.0,0,0,0.0
119-36-8,citrus,13,0.46153846153846156,1.6641005886756874,0.0,6,1,0.07692307692307693
119-36-8,cocoa,13,0.0,0.0,0.0,0,0,0.0
119-36-8,coconut,13,0.0,0.0,0.0,0,0,0.0
119-36-8,coffee,13,0.0,0.0,0.0,0,0,0.0
119-36-8,coumaric,13,0.0,0.0,0.0,0,0,0.0
119-36-8,creamy,13,0.0,0.0,0.0,0,0,0.0
119-36-8,fatty,13,0.0,0.0,0.0,0,0,0.0
119-36-8,floral,13,0.0,0.0,0.0,0,0,0.0
119-36-8,fruity,13,0.15384615384615385,0.554700196225229,0.0,2,1,0.07692307692307693
119-36-8,green,13,2.230769230769231,3.0042704647952427,0.0,7,5,0.38461538461538464
119-36-8,herbal,13,3.230769230769231,3.3949434495497894,2.0,8,7,0.5384615384615384
119-36-8,honey,13,0.0,0.0,0.0,0,0,0.0
119-36-8,jasmine,13,0.0,0.0,0.0,0,0,0.0
119-36-8,meaty,13,0.0,0.0,0.0,0,0,0.0
119-36-8,mint,13,2.6153846153846154,3.3050078552216666,0.0,8,6,0.46153846153846156
119-36-8,mushroom,13,0.0,0.0,0.0,0,0,0.0
119-36-8,musky,13,0.0,0.0,0.0,0,0,0.0
119-36-8,nutty,13,0.0,0.0,0.0,0,0,0.0
119-36-8,oily,13,0.0,0.0,0.0,0,0,0.0
119-36-8,peach,13,0.0,0.0,0.0,0,0,0.0
119-36-8,pear,13,0.0,0.0,0.0,0,0,0.0
119-36-8,pine_needle,13,1.0,1.9148542155126762,0.0,5,3,0.23076923076923078
119-36-8,pineapple,13,0.0,0.0,0.0,0,0,0.0
119-36-8,plum,13,0.0,0.0,0.0,0,0,0.0
119-36-8,roasted,13,0.0,0.0,0.0,0,0,0.0
119-36-8,rose,13,0.0,0.0,0.0,0,0,0.0
119-36-8,sour,13,0.0,0.0,0.0,0,0,0.0
119-36-8,spicy,13,0.6153846153846154,1.5566235649883124,0.0,5,2,0.15384615384615385
119-36-8,sweet,13,0.0,0.0,0.0,0,0,0.0
119-36-8,tobacco,13,0.0,0.0,0.0,0,0,0.0
119-36-8,tropical_fruit,13,0.6153846153846154,1.7097008285302207,0.0,6,2,0.15384615384615385
119-36-8,vanilla,13,0.0,0.0,0.0,0,0,0.0
119-36-8,vegetable,13,0.0,0.0,0.0,0,0,0.0
119-36-8,waxy,13,0.0,0.0,0.0,0,0,0.0
119-36-8,woody,13,0.0,0.0,0.0,0,0,0.0
121-32-4,alcoholic,13,0.0,0.0,0.0,0,0,0.0
121-32-4,aldehydic,13,0.0,0.0,0.0,0,0,0.0
121-32-4,almond,13,0.0,0.0,0.0,0,0,0.0
121-32-4,anise,13,0.0,0.0,0.0,0,0,0.0
121-32-4,apple,13,0.0,0.0,0.0,0,0,0.0
121-32-4,apricot,13,0.0,0.0,0.0,0,0,0.0
121-32-4,banana,13,0.0,0.0,0.0,0,0,0.0
121-32-4,caramel,13,0.3076923076923077,1.109400392450458,0.0,4,1,0.07692307692307693
121-32-4,citrus,13,0.0,0.0,0.0,0,0,0.0
121-32-4,cocoa,13,0.38461538461538464,1.3867504905630725,0.0,5,1,0.07692307692307693
121-32-4,coconut,13,0.0,0.0,0.0,0,0,0.0
121-32-4,coffee,13,0.0,0.0,0.0,0,0,0.0
121-32-4,coumaric,13,0.0,0.0,0.0,0,0,0.0
121-32-4,creamy,13,4.384615384615385,2.662657242256988,4.0,8,11,0.8461538461538461
121-32-4,fatty,13,0.38461538461538464,1.3867504905630728,0.0,5,1,0.07692307692307693
121-32-4,floral,13,0.0,0.0,0.0,0,0,0.0
121-32-4,fruity,13,0.46153846153846156,1.1266014242982163,0.0,3,2,0.15384615384615385
121-32-4,green,13,0.0,0.0,0.0,0,0,0.0
121-32-4,herbal,13,0.0,0.0,0.0,0,0,0.0
121-32-4,honey,13,0.0,0.0,0.0,0,0,0.0
121-32-4,jasmine,13,0.0,0.0,0.0,0,0,0.0
121-32-4,meaty,13,0.0,0.0,0.0,0,0,0.0
121-32-4,mint,13,0.0,0.0,0.0,0,0,0.0
121-32-4,mushroom,13,0.0,0.0,0.0,0,0,0.0
121-32-4,musky,13,0.0,0.0,0.0,0,0,0.0
121-32-4,nutty,13,0.0,0.0,0.0,0,0,0.0
121-32-4,oily,13,0.0,0.0,0.0,0,0,0.0
121-32-4,peach,13,0.23076923076923078,0.8320502943378437,0.0,3,1,0.07692307692307693
121-32-4,pear,13,0.0,0.0,0.0,0,0,0.0
121-32-4,pine_needle,13,0.0,0.0,0.0,0,0,0.0
121-32-4,pineapple,13,0.0,0.0,0.0,0,0,0.0
121-32-4,plum,13,0.0,0.0,0.0,0,0,0.0
121-32-4,roasted,13,0.0,0.0,0.0,0,0,0.0
121-32-4,rose,13,0.0,0.0,0.0,0,0,0.0
121-32-4,sour,13,0.0,0.0,0.0,0,0,0.0
121-32-4,spicy,13,0.0,0.0,0.0,0,0,0.0
121-32-4,sweet,13,3.076923076923077,2.660248687044705,4.0,6,8,0.6153846153846154
121-32-4,tobacco,13,0.0,0.0,0.0,0,0,0.0
121-32-4,tropical_fruit,13,0.0,0.0,0.0,0,0,0.0
121-32-4,vanilla,13,2.923076923076923,3.4511239343518816,2.0,9,7,0.5384615384615384
121-32-4,vegetable,13,0.0,0.0,0.0,0,0,0.0
121-32-4,waxy,13,0.0,0.0,0.0,0,0,0.0
121-32-4,woody,13,0.0,0.0,0.0,0,0,0.0
121-33-5,alcoholic,13,0.0,0.0,0.0,0,0,0.0
121-33-5,aldehydic,13,0.0,0.0,0.0,0,0,0.0
121-33-5,almond,13,0.0,0.0,0.0,0,0,0.0
121-33-5,anise,13,0.0,0.0,0.0,0,0,0.0
121-33-5,apple,13,0.0,0.0,0.0,0,0,0.0
121-33-5,apricot,13,0.0,0.0,0.0,0,0,0.0
121-33-5,banana,13,0.0,0.0,0.0,0,0,0.0
121-33-5,caramel,13,1.6923076923076923,3.224505527586501,0.0,8,3,0.23076923076923078
121-33-5,citrus,13,0.0,0.0,0.0,0,0,0.0
121-33-5,cocoa,13,0.6153846153846154,1.7097008285302204,0.0,6,2,0.15384615384615385
121-33-5,coconut,13,0.0,0.0,0.0,0,0,0.0
121-33-5,coffee,13,0.0,0.0,0.0,0,0,0.0
121-33-5,coumaric,13,0.15384615384615385,0.554700196225229,0.0,2,1,0.07692307692307693
121-33-5,creamy,13,2.1538461538461537,3.0508510792387598,0.0,9,5,0.38461538461538464
121-33-5,fatty,13,0.0,0.0,0.0,0,0,0.0
121-33-5,floral,13,0.15384615384615385,0.3755338080994054,0.0,1,2,0.15384615384615385
121-33-5,fruity,13,0.0,0.0,0.0,0,0,0.0
121-33-5,green,13,0.0,0.0,0.0,0,0,0.0
121-33-5,herbal,13,0.0,0.0,0.0,0,0,0.0
121-33-5,honey,13,0.0,0.0,0.0,0,0,0.0
121-33-5,jasmine,13,0.0,0.0,0.0,0,0,0.0
121-33-5,meaty,13,0.0,0.0,0.0,0,0,0.0
121-33-5,mint,13,0.0,0.0,0.0,0,0,0.0
121-33-5,mushroom,13,0.0,0.0,0.0,0,0,0.0
121-33-5,musky,13,0.0,0.0,0.0,0,0,0.0
121-33-5,nutty,13,0.3076923076923077,1.1094003924504583,0.0,4,1,0.07692307692307693
121-33-5,oily,13,0.0,0.0,0.0,0,0,0.0
121-33-5,peach,13,0.0,0.0,0.0,0,0,0.0
121-33-5,pear,13,0.0,0.0,0.0,0,0,0.0
121-33-5,pine_needle,13,0.0,0.0,0.0,0,0,0.0
121-33-5,pineapple,13,0.0,0.0,0.0,0,0,0.0
121-33-5,plum,13,0.0,0.0,0.0,0,0,0.0
121-33-5,roasted,13,0.8461538461538461,2.0754980866510833,0.0,6,2,0.15384615384615385
121-33-5,rose,13,0.0,0.0,0.0,0,0,0.0
121-33-5,sour,13,0.0,0.0,0.0,0,0,0.0
121-33-5,spicy,13,0.0,0.0,0.0,0,0,0.0
121-33-5,sweet,13,0.5384615384615384,1.3301243435223526,0.0,4,2,0.15384615384615385
121-33-5,tobacco,13,0.0,0.0,0.0,0,0,0.0
121-33-5,tropical_fruit,13,0.0,0.0,0.0,0,0,0.0
121-33-5,vanilla,13,4.923076923076923,2.7221786146864813,5.0,8,11,0.8461538461538461
121-33-5,vegetable,13,0.0,0.0,0.0,0,0,0.0
121-33-5,waxy,13,0.0,0.0,0.0,0,0,0.0
121-33-5,woody,13,0.0,0.0,0.0,0,0,0.0
122-63-4,alcoholic,13,0.0,0.0,0.0,0,0,0.0
122-63-4,aldehydic,13,0.6153846153846154,1.5021352323976216,0.0,4,2,0.15384615384615385
122-63-4,almond,13,0.0,0.0,0.0,0,0,0.0
122-63-4,anise,13,0.0,0.0,0.0,0,0,0.0
122-63-4,apple,13,0.0,0.0,0.0,0,0,0.0
122-63-4,apricot,13,0.0,0.0,0.0,0,0,0.0
122-63-4,banana,13,1.0769230769230769,1.5525000516123695,0.0,4,5,0.38461538461538464
122-63-4,caramel,13,0.0,0.0,0.0,0,0,0.0
122-63-4,citrus,13,0.3076923076923077,0.7510676161988108,0.0,2,2,0.15384615384615385
122-63-4,cocoa,13,0.0,0.0,0.0,0,0,0.0
122-63-4,coconut,13,0.0,0.0,0.0,0,0,0.0
122-63-4,coffee,13,0.0,0.0,0.0,0,0,0.0
122-63-4,coumaric,13,0.0,0.0,0.0,0,0,0.0
122-63-4,creamy,13,0.0,0.0,0.0,0,0,0.0
122-63-4,fatty,13,0.0,0.0,0.0,0,0,0.0
122-63-4,floral,13,1.0769230769230769,2.100061049173669,0.0,6,3,0.23076923076923078
122-63-4,fruity,13,1.5384615384615385,2.1838568563966754,0.0,6,5,0.38461538461538464
122-63-4,green,13,0.0,0.0,0.0,0,0,0.0
122-63-4,herbal,13,0.15384615384615385,0.5547001962252291,0.0,2,1,0.07692307692307693
122-63-4,honey,13,0.0,0.0,0.0,0,0,0.0
122-63-4,jasmine,13,0.0,0.0,0.0,0,0,0.0
122-63-4,meaty,13,0.0,0.0,0.0,0,0,0.0
122-63-4,mint,13,0.0,0.0,0.0,0,0,0.0
122-63-4,mushroom,13,0.0,0.0,0.0,0,0,0.0
122-63-4,musky,13,0.3076923076923077,1.1094003924504583,0.0,4,1,0.07692307692307693
122-63-4,nutty,13,0.0,0.0,0.0,0,0,0.0
122-63-4,oily,13,0.0,0.0,0.0,0,0,0.0
122-63-4,peach,13,0.0,0.0,0.0,0,0,0.0
122-63-4,pear,13,0.0,0.0,0.0,0,0,0.0
122-63-4,pine_needle,13,0.0,0.0,0.0,0,0,0.0
122-63-4,pineapple,13,0.0,0.0,0.0,0,0,0.0
122-63-4,plum,13,0.0,0.0,0.0,0,0,0.0
122-63-4,roasted,13,0.0,0.0,0.0,0,0,0.0
122-63-4,rose,13,0.0,0.0,0.0,0,0,0.0
122-63-4,sour,13,0.0,0.0,0.0,0,0,0.0
122-63-4,spicy,13,0.0,0.0,0.0,0,0,0.0
122-63-4,sweet,13,2.1538461538461537,2.3750843439814178,2.0,6,7,0.5384615384615384
122-63-4,tobacco,13,0.0,0.0,0.0,0,0,0.0
122-63-4,tropical_fruit,13,0.6153846153846154,1.5021352323976216,0.0,4,2,0.15384615384615385
122-63-4,vanilla,13,0.0,0.0,0.0,0,0,0.0
122-63-4,vegetable,13,0.0,0.0,0.0,0,0,0.0
122-63-4,waxy,13,0.5384615384615384,1.0500305245868344,0.0,3,3,0.23076923076923078
122-63-4,woody,13,0.0,0.0,0.0,0,0,0.0
122-70-3,alcoholic,13,1.2307692307692308,2.4205318339105477,0.0,7,3,0.23076923076923078
122-70-3,aldehydic,13,0.0,0.0,0.0,0,0,0.0
122-70-3,almond,13,0.0,0.0,0.0,0,0,0.0
122-70-3,anise,13,0.0,0.0,0.0,0,0,0.0
122-70-3,apple,13,0.46153846153846156,1.6641005886756874,0.0,6,1,0.07692307692307693
122-70-3,apricot,13,0.0,0.0,0.0,0,0,0.0
122-70-3,banana,13,0.0,0.0,0.0,0,0,0.0
122-70-3,caramel,13,0.15384615384615385,0.5547001962252291,0.0,2,1,0.07692307692307693
122-70-3,citrus,13,0.0,0.0,0.0,0,0,0.0
122-70-3,cocoa,13,0.0,0.0,0.0,0,0,0.0
122-70-3,coconut,13,0.0,0.0,0.0,0,0,0.0
122-70-3,coffee,13,0.0,0.0,0.0,0,0,0.0
122-70-3,coumaric,13,0.0,0.0,0.0,0,0,0.0
122-70-3,creamy,13,0.0,0.0,0.0,0,0,0.0
122-70-3,fatty,13,0.0,0.0,0.0,0,0,0.0
122-70-3,floral,13,4.384615384615385,3.5246385521180645,6.0,9,9,0.6923076923076923
122-70-3,fruity,13,1.8461538461538463,2.9110752265029105,0.0,7,4,0.3076923076923077
122-70-3,green,13,0.0,0.0,0.0,0,0,0.0
122-70-3,herbal,13,0.0,0.0,0.0,0,0,0.0
122-70-3,honey,13,1.0,1.8257418583505538,0.0,6,4,0.3076923076923077
122-70-3,jasmine,13,0.0,0.0,0.0,0,0,0.0
122-70-3,meaty,13,0.0,0.0,0.0,0,0,0.0
122-70-3,mint,13,0.0,0.0,0.0,0,0,0.0
122-70-3,mushroom,13,0.0,0.0,0.0,0,0,0.0
122-70-3,musky,13,0.0,0.0,0.0,0,0,0.0
122-70-3,nutty,13,0.5384615384615384,1.4500221041639685,0.0,5,2,0.15384615384615385
122-70-3,oily,13,0.0,0.0,0.0,0,0,0.0
122-70-3,peach,13,0.0,0.0,0.0,0,0,0.0
122-70-3,pear,13,0.0,0.0,0.0,0,0,0.0
122-70-3,pine_needle,13,0.0,0.0,0.0,0,0,0.0
122-70-3,pineapple,13,0.3076923076923077,1.109400392450458,0.0,4,1,0.07692307692307693
122-70-3,plum,13,0.0,0.0,0.0,0,0,0.0
122-70-3,roasted,13,0.0,0.0,0.0,0,0,0.0
122-70-3,rose,13,3.0,2.798809270624444,4.0,8,8,0.6153846153846154
122-70-3,sour,13,0.0,0.0,0.0,0,0,0.0
122-70-3,spicy,13,0.5384615384615384,1.3301243435223526,0.0,4,2,0.15384615384615385
122-70-3,sweet,13,0.0,0.0,0.0,0,0,0.0
122-70-3,tobacco,13,0.0,0.0,0.0,0,0,0.0
122-70-3,tropical_fruit,13,0.23076923076923078,0.8320502943378437,0.0,3,1,0.07692307692307693
122-70-3,vanilla,13,0.0,0.0,0.0,0,0,0.0
122-70-3,vegetable,13,0.23076923076923078,0.8320502943378437,0.0,3,1,0.07692307692307693
122-70-3,waxy,13,0.23076923076923078,0.8320502943378437,0.0,3,1,0.07692307692307693
122-70-3,woody,13,0.0,0.0,0.0,0,0,0.0
123-11-5,alcoholic,13,0.0,0.0,0.0,0,0,0.0
123-11-5,aldehydic,13,0.15384615384615385,0.554700196225229,0.0,2,1,0.07692307692307693
123-11-5,almond,13,1.6923076923076923,2.7198227694899346,0.0,7,4,0.3076923076923077
123-11-5,anise,13,5.153846153846154,3.69337591385248,6.0,9,9,0.6923076923076923
123-11-5,apple,13,0.0,0.0,0.0,0,0,0.0
123-11-5,apricot,13,0.0,0.0,0.0,0,0,0.0
123-11-5,banana,13,0.0,0.0,0.0,0,0,0.0
123-11-5,caramel,13,0.0,0.0,0.0,0,0,0.0
123-11-5,citrus,13,0.0,0.0,0.0,0,0,0.0
123-11-5,cocoa,13,0.0,0.0,0.0,0,0,0.0
123-11-5,coconut,13,0.23076923076923078,0.8320502943378436,0.0,3,1,0.07692307692307693
123-11-5,coffee,13,0.0,0.0,0.0,0,0,0.0
123-11-5,coumaric,13,0.6153846153846154,1.7097008285302209,0.0,6,2,0.15384615384615385
123-11-5,creamy,13,0.0,0.0,0.0,0,0,0.0
123-11-5,fatty,13,0.0,0.0,0.0,0,0,0.0
123-11-5,floral,13,0.6923076923076923,1.702185623672077,0.0,5,2,0.15384615384615385
123-11-5,fruity,13,0.23076923076923078,0.8320502943378437,0.0,3,1,0.07692307692307693
123-11-5,green,13,0.46153846153846156,1.1982893790305562,0.0,4,2,0.15384615384615385
123-11-5,herbal,13,0.6153846153846154,2.218800784900916,0.0,8,1,0.07692307692307693
123-11-5,honey,13,0.0,0.0,0.0,0,0,0.0
123-11-5,jasmine,13,0.0,0.0,0.0,0,0,0.0
123-11-5,meaty,13,0.0,0.0,0.0,0,0,0.0
123-11-5,mint,13,0.23076923076923078,0.8320502943378436,0.0,3,1,0.07692307692307693
123-11-5,mushroom,13,0.0,0.0,0.0,0,0,0.0
123-11-5,musky,13,0.3076923076923077,1.109400392450458,0.0,4,1,0.07692307692307693
123-11-5,nutty,13,0.0,0.0,0.0,0,0,0.0
123-11-5,oily,13,0.0,0.0,0.0,0,0,0.0
123-11-5,peach,13,0.0,0.0,0.0,0,0,0.0
123-11-5,pear,13,0.0,0.0,0.0,0,0,0.0
123-11-5,pine_needle,13,0.0,0.0,0.0,0,0,0.0
123-11-5,pineapple,13,0.0,0.0,0.0,0,0,0.0
123-11-5,plum,13,0.0,0.0,0.0,0,0,0.0
123-11-5,roasted,13,0.0,0.0,0.0,0,0,0.0
123-11-5,rose,13,0.0,0.0,0.0,0,0,0.0
123-11-5,sour,13,0.0,0.0,0.0,0,0,0.0
123-11-5,spicy,13,0.6923076923076923,1.797434068545834,0.0,6,2,0.15384615384615385
123-11-5,sweet,13,0.0,0.0,0.0,0,0,0.0
123-11-5,tobacco,13,0.0,0.0,0.0,0,0,0.0
123-11-5,tropical_fruit,13,0.0,0.0,0.0,0,0,0.0
123-11-5,vanilla,13,0.0,0.0,0.0,0,0,0.0
123-11-5,vegetable,13,0.3076923076923077,1.109400392450458,0.0,4,1,0.07692307692307693
123-11-5,waxy,13,0.0,0.0,0.0,0,0,0.0
123-11-5,woody,13,0.3076923076923077,1.1094003924504583,0.0,4,1,0.07692307692307693
123-29-5,alcoholic,13,1.6153846153846154,2.5670495884855025,0.0,6,4,0.3076923076923077
123-29-5,aldehydic,13,0.0,0.0,0.0,0,0,0.0
123-29-5,almond,13,0.0,0.0,0.0,0,0,0.0
123-29-5,anise,13,0.0,0.0,0.0,0,0,0.0
123-29-5,apple,13,0.0,0.0,0.0,0,0,0.0
123-29-5,apricot,13,0.38461538461538464,1.3867504905630728,0.0,5,1,0.07692307692307693
123-29-5,banana,13,0.0,0.0,0.0,0,0,0.0
123-29-5,caramel,13,0.0,0.0,0.0,0,0,0.0
123-29-5,citrus,13,0.3076923076923077,1.1094003924504583,0.0,4,1,0.07692307692307693
123-29-5,cocoa,13,0.0,0.0,0.0,0,0,0.0
123-29-5,coconut,13,0.0,0.0,0.0,0,0,0.0
123-29-5,coffee,13,0.0,0.0,0.0,0,0,0.0
123-29-5,coumaric,13,0.0,0.0,0.0,0,0,0.0
123-29-5,creamy,13,0.0,0.0,0.0,0,0,0.0
123-29-5,fatty,13,0.0,0.0,0.0,0,0,0.0
123-29-5,floral,13,0.0,0.0,0.0,0,0,0.0
123-29-5,fruity,13,3.230769230769231,3.269909431820351,4.0,8,7,0.5384615384615384
123-29-5,green,13,0.23076923076923078,0.8320502943378437,0.0,3,1,0.07692307692307693
123-29-5,herbal,13,0.0,0.0,0.0,0,0,0.0
123-29-5,honey,13,0.0,0.0,0.0,0,0,0.0
123-29-5,jasmine,13,0.0,0.0,0.0,0,0,0.0
123-29-5,meaty,13,0.0,0.0,0.0,0,0,0.0
123-29-5,mint,13,0.38461538461538464,1.3867504905630728,0.0,5,1,0.07692307692307693
123-29-5,mushroom,13,0.0,0.0,0.0,0,0,0.0
123-29-5,musky,13,0.0,0.0,0.0,0,0,0.0
123-29-5,nutty,13,0.0,0.0,0.0,0,0,0.0
123-29-5,oily,13,0.0,0.0,0.0,0,0,0.0
123-29-5,peach,13,0.0,0.0,0.0,0,0,0.0
123-29-5,pear,13,0.0,0.0,0.0,0,0,0.0
123-29-5,pine_needle,13,0.0,0.0,0.0,0,0,0.0
123-29-5,pineapple,13,0.3076923076923077,1.1094003924504583,0.0,4,1,0.07692307692307693
123-29-5,plum,13,0.0,0.0,0.0,0,0,0.0
123-29-5,roasted,13,0.0,0.0,0.0,0,0,0.0
123-29-5,rose,13,3.6153846153846154,3.571611716915804,5.0,8,7,0.5384615384615384
123-29-5,sour,13,0.0,0.0,0.0,0,0,0.0
123-29-5,spicy,13,0.6923076923076923,1.702185623672077,0.0,5,2,0.15384615384615385
123-29-5,sweet,13,0.0,0.0,0.0,0,0,0.0
123-29-5,tobacco,13,0.0,0.0,0.0,0,0,0.0
123-29-5,tropical_fruit,13,0.46153846153846156,1.6641005886756874,0.0,6,1,0.07692307692307693
123-29-5,vanilla,13,0.0,0.0,0.0,0,0,0.0
123-29-5,vegetable,13,0.0,0.0,0.0,0,0,0.0
123-29-5,waxy,13,0.0,0.0,0.0,0,0,0.0
123-29-5,woody,13,0.0,0.0,0.0,0,0,0.0
123-32-0,alcoholic,13,0.0,0.0,0.0,0,0,0.0
123-32-0,aldehydic,13,0.15384615384615385,0.554700196225229,0.0,2,1,0.07692307692307693
123-32-0,almond,13,0.3076923076923077,1.109400392450458,0.0,4,1,0.07692307692307693
123-32-0,anise,13,0.0,0.0,0.0,0,0,0.0
123-32-0,apple,13,0.0,0.0,0.0,0,0,0.0
123-32-0,apricot,13,0.0,0.0,0.0,0,0,0.0
123-32-0,banana,13,0.0,0.0,0.0,0,0,0.0
123-32-0,caramel,13,0.0,0.0,0.0,0,0,0.0
123-32-0,citrus,13,0.0,0.0,0.0,0,0,0.0
123-32-0,cocoa,13,0.6923076923076923,1.702185623672077,0.0,5,2,0.15384615384615385
123-32-0,coconut,13,0.0,0.0,0.0,0,0,0.0
123-32-0,coffee,13,0.38461538461538464,1.3867504905630728,0.0,5,1,0.07692307692307693
123-32-0,coumaric,13,2.3076923076923075,3.1460190554788277,0.0,8,5,0.38461538461538464
123-32-0,creamy,13,0.9230769230769231,1.7541160386140584,0.0,4,3,0.23076923076923078
123-32-0,fatty,13,0.3076923076923077,1.109400392450458,0.0,4,1,0.07692307692307693
123-32-0,floral,13,0.0,0.0,0.0,0,0,0.0
123-32-0,fruity,13,0.0,0.0,0.0,0,0,0.0
123-32-0,green,13,0.0,0.0,0.0,0,0,0.0
123-32-0,herbal,13,0.0,0.0,0.0,0,0,0.0
123-32-0,honey,13,0.0,0.0,0.0,0,0,0.0
123-32-0,jasmine,13,0.0,0.0,0.0,0,0,0.0
123-32-0,meaty,13,0.0,0.0,0.0,0,0,0.0
123-32-0,mint,13,0.23076923076923078,0.8320502943378436,0.0,3,1,0.07692307692307693
123-32-0,mushroom,13,0.0,0.0,0.0,0,0,0.0
123-32-0,musky,13,0.15384615384615385,0.554700196225229,0.0,2,1,0.07692307692307693
123-32-0,nutty,13,2.6153846153846154,3.4770308583248997,0.0,8,5,0.38461538461538464
123-32-0,oily,13,1.9230769230769231,2.5968422639024005,0.0,6,5,0.38461538461538464
123-32-0,peach,13,0.0,0.0,0.0,0,0,0.0
123-32-0,pear,13,0.0,0.0,0.0,0,0,0.0
123-32-0,pine_needle,13,0.0,0.0,0.0,0,0,0.0
123-32-0,pineapple,13,0.0,0.0,0.0,0,0,0.0
123-32-0,plum,13,0.0,0.0,0.0,0,0,0.0
123-32-0,roasted,13,1.0769230769230769,2.253202848596432,0.0,6,3,0.23076923076923078
123-32-0,rose,13,0.0,0.0,0.0,0,0,0.0
123-32-0,sour,13,0.0,0.0,0.0,0,0,0.0
123-32-0,spicy,13,0.0,0.0,0.0,0,0,0.0
123-32-0,sweet,13,0.0,0.0,0.0,0,0,0.0
123-32-0,tobacco,13,0.0,0.0,0.0,0,0,0.0
123-32-0,tropical_fruit,13,0.0,0.0,0.0,0,0,0.0
123-32-0,vanilla,13,0.0,0.0,0.0,0,0,0.0
123-32-0,vegetable,13,0.0,0.0,0.0,0,0,0.0
123-32-0,waxy,13,0.23076923076923078,0.8320502943378437,0.0,3,1,0.07692307692307693
123-32-0,woody,13,0.0,0.0,0.0,0,0,0.0
123-66-0,alcoholic,13,4.461538461538462,3.5264567820827515,6.0,9,9,0.6923076923076923
123-66-0,aldehydic,13,0.0,0.0,0.0,0,0,0.0
123-66-0,almond,13,0.0,0.0,0.0,0,0,0.0
123-66-0,anise,13,0.0,0.0,0.0,0,0,0.0
123-66-0,apple,13,1.3076923076923077,2.496150883013531,0.0,6,3,0.23076923076923078
123-66-0,apricot,13,0.0,0.0,0.0,0,0,0.0
123-66-0,banana,13,0.0,0.0,0.0,0,0,0.0
123-66-0,caramel,13,0.0,0.0,0.0,0,0,0.0
123-66-0,citrus,13,0.0,0.0,0.0,0,0,0.0
123-66-0,cocoa,13,0.0,0.0,0.0,0,0,0.0
123-66-0,coconut,13,0.15384615384615385,0.5547001962252291,0.0,2,1,0.07692307692307693
123-66-0,coffee,13,0.0,0.0,0.0,0,0,0.0
123-66-0,coumaric,13,0.0,0.0,0.0,0,0,0.0
123-66-0,creamy,13,0.0,0.0,0.0,0,0,0.0
123-66-0,fatty,13,0.0,0.0,0.0,0,0,0.0
123-66-0,floral,13,0.0,0.0,0.0,0,0,0.0
123-66-0,fruity,13,3.0,2.798809270624444,4.0,8,8,0.6153846153846154
123-66-0,green,13,0.23076923076923078,0.8320502943378437,0.0,3,1,0.07692307692307693
123-66-0,herbal,13,0.0,0.0,0.0,0,0,0.0
123-66-0,honey,13,0.0,0.0,0.0,0,0,0.0
123-66-0,jasmine,13,0.0,0.0,0.0,0,0,0.0
123-66-0,meaty,13,0.0,0.0,0.0,0,0,0.0
123-66-0,mint,13,0.15384615384615385,0.5547001962252291,0.0,2,1,0.07692307692307693
123-66-0,mushroom,13,0.0,0.0,0.0,0,0,0.0
123-66-0,musky,13,0.0,0.0,0.0,0,0,0.0
123-66-0,nutty,13,0.0,0.0,0.0,0,0,0.0
123-66-0,oily,13,0.0,0.0,0.0,0,0,0.0
123-66-0,peach,13,0.0,0.0,0.0,0,0,0.0
123-66-0,pear,13,0.0,0.0,0.0,0,0,0.0
123-66-0,pine_needle,13,0.0,0.0,0.0,0,0,0.0
123-66-0,pineapple,13,2.1538461538461537,3.3873823188944847,0.0,8,4,0.3076923076923077
123-66-0,plum,13,0.38461538461538464,1.3867504905630728,0.0,5,1,0.07692307692307693
123-66-0,roasted,13,0.0,0.0,0.0,0,0,0.0
123-66-0,rose,13,0.0,0.0,0.0,0,0,0.0
123-66-0,sour,13,0.38461538461538464,1.3867504905630725,0.0,5,1,0.07692307692307693
123-66-0,spicy,13,0.0,0.0,0.0,0,0,0.0
123-66-0,sweet,13,0.3076923076923077,1.1094003924504583,0.0,4,1,0.07692307692307693
123-66-0,tobacco,13,0.0,0.0,0.0,0,0,0.0
123-66-0,tropical_fruit,13,1.2307692307692308,3.004270464795243,0.0,8,2,0.15384615384615385
123-66-0,vanilla,13,0.0,0.0,0.0,0,0,0.0
123-66-0,vegetable,13,0.0,0.0,0.0,0,0,0.0
123-66-0,waxy,13,0.0,0.0,0.0,0,0,0.0
123-66-0,woody,13,0.0,0.0,0.0,0,0,0.0
123-68-2,alcoholic,13,5.461538461538462,3.430631249381194,7.0,10,10,0.7692307692307693
123-68-2,aldehydic,13,0.0,0.0,0.0,0,0,0.0
123-68-2,almond,13,0.0,0.0,0.0,0,0,0.0
123-68-2,anise,13,0.0,0.0,0.0,0,0,0.0
123-68-2,apple,13,0.0,0.0,0.0,0,0,0.0
123-68-2,apricot,13,0.0,0.0,0.0,0,0,0.0
123-68-2,banana,13,0.6153846153846154,1.9381460874790257,0.0,7,2,0.15384615384615385
123-68-2,caramel,13,0.0,0.0,0.0,0,0,0.0
123-68-2,citrus,13,0.15384615384615385,0.5547001962252291,0.0,2,1,0.07692307692307693
123-68-2,cocoa,13,0.0,0.0,0.0,0,0,0.0
123-68-2,coconut,13,0.0,0.0,0.0,0,0,0.0
123-68-2,coffee,13,0.0,0.0,0.0,0,0,0.0
123-68-2,coumaric,13,0.0,0.0,0.0,0,0,0.0
123-68-2,creamy,13,0.0,0.0,0.0,0,0,0.0
123-68-2,fatty,13,0.07692307692307693,0.2773500981126145,0.0,1,1,0.07692307692307693
123-68-2,floral,13,0.0,0.0,0.0,0,0,0.0
123-68-2,fruity,13,1.1538461538461537,1.9935794376846323,0.0,6,4,0.3076923076923077
123-68-2,green,13,0.0,0.0,0.0,0,0,0.0
123-68-2,herbal,13,0.0,0.0,0.0,0,0,0.0
123-68-2,honey,13,0.0,0.0,0.0,0,0,0.0
123-68-2,jasmine,13,0.0,0.0,0.0,0,0,0.0
123-68-2,meaty,13,0.0,0.0,0.0,0,0,0.0
123-68-2,mint,13,0.0,0.0,0.0,0,0,0.0
123-68-2,mushroom,13,0.0,0.0,0.0,0,0,0.0
123-68-2,musky,13,0.0,0.0,0.0,0,0,0.0
123-68-2,nutty,13,0.0,0.0,0.0,0,0,0.0
123-68-2,oily,13,0.38461538461538464,1.3867504905630725,0.0,5,1,0.07692307692307693
123-68-2,peach,13,0.0,0.0,0.0,0,0,0.0
123-68-2,pear,13,0.3076923076923077,1.109400392450458,0.0,4,1,0.07692307692307693
123-68-2,pine_needle,13,0.0,0.0,0.0,0,0,0.0
123-68-2,pineapple,13,2.6923076923076925,3.6144297702545782,0.0,8,5,0.38461538461538464
123-68-2,plum,13,0.0,0.0,0.0,0,0,0.0
123-68-2,roasted,13,0.0,0.0,0.0,0,0,0.0
123-68-2,rose,13,0.0,0.0,0.0,0,0,0.0
123-68-2,sour,13,1.3846153846153846,2.6311740579210876,0.0,6,3,0.23076923076923078
123-68-2,spicy,13,0.0,0.0,0.0,0,0,0.0
123-68-2,sweet,13,0.5384615384615384,1.4500221041639683,0.0,5,2,0.15384615384615385
123-68-2,tobacco,13,0.0,0.0,0.0,0,0,0.0
123-68-2,tropical_fruit,13,0.0,0.0,0.0,0,0,0.0
123-68-2,vanilla,13,0.0,0.0,0.0,0,0,0.0
123-68-2,vegetable,13,0.0,0.0,0.0,0,0,0.0
123-68-2,waxy,13,0.0,0.0,0.0,0,0,0.0
123-68-2,woody,13,0.0,0.0,0.0,0,0,0.0
123-86-4,alcoholic,13,0.0,0.0,0.0,0,0,0.0
123-86-4,aldehydic,13,0.15384615384615385,0.554700196225229,0.0,2,1,0.07692307692307693
123-86-4,almond,13,0.0,0.0,0.0,0,0,0.0
123-86-4,anise,13,0.0,0.0,0.0,0,0,0.0
123-86-4,apple,13,0.6153846153846154,1.5021352323976216,0.0,4,2,0.15384615384615385
123-86-4,apricot,13,0.0,0.0,0.0,0,0,0.0
123-86-4,banana,13,2.1538461538461537,2.511511956509924,0.0,6,6,0.46153846153846156
123-86-4,caramel,13,0.15384615384615385,0.5547001962252291,0.0,2,1,0.07692307692307693
123-86-4,citrus,13,0.6153846153846154,1.2608503439122305,0.0,4,3,0.23076923076923078
123-86-4,cocoa,13,0.0,0.0,0.0,0,0,0.0
123-86-4,coconut,13,0.0,0.0,0.0,0,0,0.0
123-86-4,coffee,13,0.0,0.0,0.0,0,0,0.0
123-86-4,coumaric,13,0.0,0.0,0.0,0,0,0.0
123-86-4,creamy,13,0.0,0.0,0.0,0,0,0.0
123-86-4,fatty,13,0.0,0.0,0.0,0,0,0.0
123-86-4,floral,13,1.0769230769230769,2.1000610491736684,0.0,6,3,0.23076923076923078
123-86-4,fruity,13,5.0,3.0550504633038935,6.0,8,10,0.7692307692307693
123-86-4,green,13,0.9230769230769231,1.5525000516123695,0.0,4,4,0.3076923076923077
123-86-4,herbal,13,0.15384615384615385,0.5547001962252291,0.0,2,1,0.07692307692307693
123-86-4,honey,13,0.15384615384615385,0.554700196225229,0.0,2,1,0.07692307692307693
123-86-4,jasmine,13,0.0,0.0,0.0,0,0,0.0
123-86-4,meaty,13,0.0,0.0,0.0,0,0,0.0
123-86-4,mint,13,0.0,0.0,0.0,0,0,0.0
123-86-4,mushroom,13,0.0,0.0,0.0,0,0,0.0
123-86-4,musky,13,0.46153846153846156,1.1982893790305562,0.0,4,2,0.15384615384615385
123-86-4,nutty,13,0.0,0.0,0.0,0,0,0.0
123-86-4,oily,13,0.0,0.0,0.0,0,0,0.0
123-86-4,peach,13,0.0,0.0,0.0,0,0,0.0
123-86-4,pear,13,0.3076923076923077,0.7510676161988108,0.0,2,2,0.15384615384615385
123-86-4,pine_needle,13,0.0,0.0,0.0,0,0,0.0
123-86-4,pineapple,13,0.0,0.0,0.0,0,0,0.0
123-86-4,plum,13,0.15384615384615385,0.5547001962252291,0.0,2,1,0.07692307692307693
123-86-4,roasted,13,0.0,0.0,0.0,0,0,0.0
123-86-4,rose,13,0.46153846153846156,1.1982893790305562,0.0,4,2,0.15384615384615385
123-86-4,sour,13,0.0,0.0,0.0,0,0,0.0
123-86-4,spicy,13,0.0,0.0,0.0,0,0,0.0
123-86-4,sweet,13,2.769230769230769,2.385855756810896,4.0,6,8,0.6153846153846154
123-86-4,tobacco,13,0.0,0.0,0.0,0,0,0.0
123-86-4,tropical_fruit,13,1.9230769230769231,2.5968422639024005,0.0,6,5,0.38461538461538464
123-86-4,vanilla,13,0.0,0.0,0.0,0,0,0.0
123-86-4,vegetable,13,0.0,0.0,0.0,0,0,0.0
123-86-4,waxy,13,0.0,0.0,0.0,0,0,0.0
123-86-4,woody,13,0.15384615384615385,0.5547001962252291,0.0,2,1,0.07692307692307693
140-11-4,alcoholic,13,0.46153846153846156,1.1982893790305562,0.0,4,2,0.15384615384615385
140-11-4,aldehydic,13,0.07692307692307693,0.2773500981126146,0.0,1,1,0.07692307692307693
140-11-4,almond,13,0.0,0.0,0.0,0,0,0.0
140-11-4,anise,13,0.0,0.0,0.0,0,0,0.0
140-11-4,apple,13,0.0,0.0,0.0,0,0,0.0
140-11-4,apricot,13,0.15384615384615385,0.554700196225229,0.0,2,1,0.07692307692307693
140-11-4,banana,13,0.9230769230769231,2.3965787580611124,0.0,8,2,0.15384615384615385
140-11-4,caramel,13,0.0,0.0,0.0,0,0,0.0
140-11-4,citrus,13,0.0,0.0,0.0,0,0,0.0
140-11-4,cocoa,13,0.0,0.0,0.0,0,0,0.0
140-11-4,coconut,13,0.0,0.0,0.0,0,0,0.0
140-11-4,coffee,13,0.0,0.0,0.0,0,0,0.0
140-11-4,coumaric,13,0.38461538461538464,1.3867504905630728,0.0,5,1,0.07692307692307693
140-11-4,creamy,13,0.23076923076923078,0.8320502943378437,0.0,3,1,0.07692307692307693
140-11-4,fatty,13,1.3076923076923077,2.097006413303473,0.0,5,4,0.3076923076923077
140-11-4,floral,13,0.23076923076923078,0.8320502943378437,0.0,3,1,0.07692307692307693
140-11-4,fruity,13,2.076923076923077,3.2522181779399544,0.0,7,4,0.3076923076923077
140-11-4,green,13,0.3076923076923077,1.1094003924504583,0.0,4,1,0.07692307692307693
140-11-4,herbal,13,0.0,0.0,0.0,0,0,0.0
140-11-4,honey,13,0.0,0.0,0.0,0,0,0.0
140-11-4,jasmine,13,0.5384615384615384,1.9414506867883021,0.0,7,1,0.07692307692307693
140-11-4,meaty,13,0.0,0.0,0.0,0,0,0.0
140-11-4,mint,13,0.0,0.0,0.0,0,0,0.0
140-11-4,mushroom,13,0.0,0.0,0.0,0,0,0.0
140-11-4,musky,13,1.3076923076923077,2.626296993379823,0.0,8,3,0.23076923076923078
140-11-4,nutty,13,0.0,0.0,0.0,0,0,0.0
140-11-4,oily,13,0.0,0.0,0.0,0,0,0.0
140-11-4,peach,13,0.0,0.0,0.0,0,0,0.0
140-11-4,pear,13,0.3076923076923077,1.1094003924504583,0.0,4,1,0.07692307692307693
140-11-4,pine_needle,13,0.0,0.0,0.0,0,0,0.0
140-11-4,pineapple,13,0.0,0.0,0.0,0,0,0.0
140-11-4,plum,13,0.0,0.0,0.0,0,0,0.0
140-11-4,roasted,13,0.0,0.0,0.0,0,0,0.0
140-11-4,rose,13,0.0,0.0,0.0,0,0,0.0
140-11-4,sour,13,0.23076923076923078,0.8320502943378437,0.0,3,1,0.07692307692307693
140-11-4,spicy,13,0.3076923076923077,1.1094003924504583,0.0,4,1,0.07692307692307693
140-11-4,sweet,13,1.3076923076923077,2.496150883013531,0.0,6,3,0.23076923076923078
140-11-4,tobacco,13,0.0,0.0,0.0,0,0,0.0
140-11-4,tropical_fruit,13,0.0,0.0,0.0,0,0,0.0
140-11-4,vanilla,13,0.3076923076923077,1.109400392450458,0.0,4,1,0.07692307692307693
140-11-4,vegetable,13,0.0,0.0,0.0,0,0,0.0
140-11-4,waxy,13,0.6153846153846154,2.218800784900916,0.0,8,1,0.07692307692307693
140-11-4,woody,13,0.0,0.0,0.0,0,0,0.0
141-12-8,alcoholic,13,0.6923076923076923,1.4935759876113537,0.0,5,3,0.23076923076923078
141-12-8,aldehydic,13,0.15384615384615385,0.554700196225229,0.0,2,1,0.07692307692307693
141-12-8,almond,13,0.3076923076923077,0.7510676161988108,0.0,2,2,0.15384615384615385
141-12-8,anise,13,0.0,0.0,0.0,0,0,0.0
141-12-8,apple,13,0.0,0.0,0.0,0,0,0.0
141-12-8,apricot,13,0.0,0.0,0.0,0,0,0.0
141-12-8,banana,13,0.0,0.0,0.0,0,0,0.0
141-12-8,caramel,13,0.0,0.0,0.0,0,0,0.0
141-12-8,citrus,13,2.3846153846153846,3.1500915737605033,0.0,7,5,0.38461538461538464
141-12-8,cocoa,13,0.0,0.0,0.0,0,0,0.0
141-12-8,coconut,13,0.0,0.0,0.0,0,0,0.0
141-12-8,coffee,13,0.0,0.0,0.0,0,0,0.0
141-12-8,coumaric,13,0.0,0.0,0.0,0,0,0.0
141-12-8,creamy,13,0.0,0.0,0.0,0,0,0.0
141-12-8,fatty,13,0.0,0.0,0.0,0,0,0.0
141-12-8,floral,13,2.923076923076923,3.426892140641392,0.0,8,6,0.46153846153846156
141-12-8,fruity,13,2.1538461538461537,2.3750843439814178,2.0,7,7,0.5384615384615384
141-12-8,green,13,0.0,0.0,0.0,0,0,0.0
141-12-8,herbal,13,0.38461538461538464,1.3867504905630728,0.0,5,1,0.07692307692307693
141-12-8,honey,13,0.0,0.0,0.0,0,0,0.0
141-12-8,jasmine,13,0.0,0.0,0.0,0,0,0.0
141-12-8,meaty,13,0.0,0.0,0.0,0,0,0.0
141-12-8,mint,13,0.0,0.0,0.0,0,0,0.0
141-12-8,mushroom,13,0.0,0.0,0.0,0,0,0.0
141-12-8,musky,13,0.0,0.0,0.0,0,0,0.0
141-12-8,nutty,13,0.0,0.0,0.0,0,0,0.0
141-12-8,oily,13,0.0,0.0,0.0,0,0,0.0
141-12-8,peach,13,0.0,0.0,0.0,0,0,0.0
141-12-8,pear,13,0.0,0.0,0.0,0,0,0.0
141-12-8,pine_needle,13,0.0,0.0,0.0,0,0,0.0
141-12-8,pineapple,13,0.6923076923076923,1.377474463442389,0.0,4,3,0.23076923076923078
141-12-8,plum,13,0.0,0.0,0.0,0,0,0.0
141-12-8,roasted,13,0.0,0.0,0.0,0,0,0.0
141-12-8,rose,13,0.46153846153846156,1.6641005886756874,0.0,6,1,0.07692307692307693
141-12-8,sour,13,0.0,0.0,0.0,0,0,0.0
141-12-8,spicy,13,0.0,0.0,0.0,0,0,0.0
141-12-8,sweet,13,1.0,2.081665999466133,0.0,6,3,0.23076923076923078
141-12-8,tobacco,13,0.0,0.0,0.0,0,0,0.0
141-12-8,tropical_fruit,13,0.0,0.0,0.0,0,0,0.0
141-12-8,vanilla,13,0.0,0.0,0.0,0,0,0.0
141-12-8,vegetable,13,0.0,0.0,0.0,0,0,0.0
141-12-8,waxy,13,0.0,0.0,0.0,0,0,0.0
141-12-8,woody,13,0.0,0.0,0.0,0,0,0.0
141-78-6,alcoholic,13,0.9230769230769231,2.5645512427953308,0.0,9,2,0.15384615384615385
141-78-6,aldehydic,13,0.0,0.0,0.0,0,0,0.0
141-78-6,almond,13,0.46153846153846156,1.6641005886756874,0.0,6,1,0.07692307692307693
141-78-6,anise,13,0.0,0.0,0.0,0,0,0.0
141-78-6,apple,13,0.8461538461538461,2.0754980866510833,0.0,6,2,0.15384615384615385
141-78-6,apricot,13,0.6153846153846154,2.218800784900916,0.0,8,1,0.07692307692307693
141-78-6,banana,13,0.46153846153846156,1.6641005886756874,0.0,6,1,0.07692307692307693
141-78-6,caramel,13,0.0,0.0,0.0,0,0,0.0
141-78-6,citrus,13,0.0,0.0,0.0,0,0,0.0
141-78-6,cocoa,13,0.0,0.0,0.0,0,0,0.0
141-78-6,coconut,13,0.0,0.0,0.0,0,0,0.0
141-78-6,coffee,13,0.0,0.0,0.0,0,0,0.0
141-78-6,coumaric,13,0.0,0.0,0.0,0,0,0.0
141-78-6,creamy,13,0.0,0.0,0.0,0,0,0.0
141-78-6,fatty,13,1.3076923076923077,2.562050460881394,0.0,7,3,0.23076923076923078
141-78-6,floral,13,0.0,0.0,0.0,0,0,0.0
141-78-6,fruity,13,3.5384615384615383,3.281650616569468,5.0,8,8,0.6153846153846154
141-78-6,green,13,0.38461538461538464,1.3867504905630728,0.0,5,1,0.07692307692307693
141-78-6,herbal,13,0.0,0.0,0.0,0,0,0.0
141-78-6,honey,13,0.0,0.0,0.0,0,0,0.0
141-78-6,jasmine,13,0.46153846153846156,1.6641005886756874,0.0,6,1,0.07692307692307693
141-78-6,meaty,13,0.0,0.0,0.0,0,0,0.0
141-78-6,mint,13,0.0,0.0,0.0,0,0,0.0
141-78-6,mushroom,13,0.0,0.0,0.0,0,0,0.0
141-78-6,musky,13,0.0,0.0,0.0,0,0,0.0
141-78-6,nutty,13,0.0,0.0,0.0,0,0,0.0
141-78-6,oily,13,0.0,0.0,0.0,0,0,0.0
141-78-6,peach,13,0.0,0.0,0.0,0,0,0.0
141-78-6,pear,13,1.3076923076923077,2.626296993379823,0.0,8,3,0.23076923076923078
141-78-6,pine_needle,13,0.0,0.0,0.0,0,0,0.0
141-78-6,pineapple,13,0.0,0.0,0.0,0,0,0.0
141-78-6,plum,13,0.0,0.0,0.0,0,0,0.0
141-78-6,roasted,13,0.38461538461538464,1.3867504905630728,0.0,5,1,0.07692307692307693
141-78-6,rose,13,0.0,0.0,0.0,0,0,0.0
141-78-6,sour,13,0.3076923076923077,1.1094003924504583,0.0,4,1,0.07692307692307693
141-78-6,spicy,13,0.0,0.0,0.0,0,0,0.0
141-78-6,sweet,13,0.23076923076923078,0.8320502943378437,0.0,3,1,0.07692307692307693
141-78-6,tobacco,13,0.0,0.0,0.0,0,0,0.0
141-78-6,tropical_fruit,13,0.0,0.0,0.0,0,0,0.0
141-78-6,vanilla,13,0.0,0.0,0.0,0,0,0.0
141-78-6,vegetable,13,0.0,0.0,0.0,0,0,0.0
141-78-6,waxy,13,0.0,0.0,0.0,0,0,0.0
141-78-6,woody,13,0.23076923076923078,0.8320502943378437,0.0,3,1,0.07692307692307693
141-97-9,alcoholic,13,0.0,0.0,0.0,0,0,0.0
141-97-9,aldehydic,13,0.6923076923076923,1.1821319289469756,0.0,3,4,0.3076923076923077
141-97-9,almond,13,0.0,0.0,0.0,0,0,0.0
141-97-9,anise,13,0.0,0.0,0.0,0,0,0.0
141-97-9,apple,13,0.46153846153846156,1.6641005886756877,0.0,6,1,0.07692307692307693
141-97-9,apricot,13,0.0,0.0,0.0,0,0,0.0
141-97-9,banana,13,0.0,0.0,0.0,0,0,0.0
141-97-9,caramel,13,0.15384615384615385,0.5547001962252291,0.0,2,1,0.07692307692307693
141-97-9,citrus,13,0.0,0.0,0.0,0,0,0.0
141-97-9,cocoa,13,0.0,0.0,0.0,0,0,0.0
141-97-9,coconut,13,0.0,0.0,0.0,0,0,0.0
141-97-9,coffee,13,0.0,0.0,0.0,0,0,0.0
141-97-9,coumaric,13,0.0,0.0,0.0,0,0,0.0
141-97-9,creamy,13,0.0,0.0,0.0,0,0,0.0
141-97-9,fatty,13,0.23076923076923078,0.8320502943378437,0.0,3,1,0.07692307692307693
141-97-9,floral,13,0.6923076923076923,1.7974340685458343,0.0,6,2,0.15384615384615385
141-97-9,fruity,13,0.0,0.0,0.0,0,0,0.0
141-97-9,green,13,0.3076923076923077,0.8548504142651103,0.0,3,2,0.15384615384615385
141-97-9,herbal,13,0.0,0.0,0.0,0,0,0.0
141-97-9,honey,13,0.15384615384615385,0.554700196225229,0.0,2,1,0.07692307692307693
141-97-9,jasmine,13,0.0,0.0,0.0,0,0,0.0
141-97-9,meaty,13,0.0,0.0,0.0,0,0,0.0
141-97-9,mint,13,0.0,0.0,0.0,0,0,0.0
141-97-9,mushroom,13,0.0,0.0,0.0,0,0,0.0
141-97-9,musky,13,4.0,3.0276503540974917,5.0,8,9,0.6923076923076923
141-97-9,nutty,13,0.0,0.0,0.0,0,0,0.0
141-97-9,oily,13,0.0,0.0,0.0,0,0,0.0
141-97-9,peach,13,0.0,0.0,0.0,0,0,0.0
141-97-9,pear,13,0.23076923076923078,0.8320502943378437,0.0,3,1,0.07692307692307693
141-97-9,pine_needle,13,0.0,0.0,0.0,0,0,0.0
141-97-9,pineapple,13,0.0,0.0,0.0,0,0,0.0
141-97-9,plum,13,0.0,0.0,0.0,0,0,0.0
141-97-9,roasted,13,0.0,0.0,0.0,0,0,0.0
141-97-9,rose,13,0.0,0.0,0.0,0,0,0.0
141-97-9,sour,13,0.0,0.0,0.0,0,0,0.0
141-97-9,spicy,13,0.0,0.0,0.0,0,0,0.0
141-97-9,sweet,13,2.076923076923077,2.5645512427953308,0.0,6,6,0.46153846153846156
141-97-9,tobacco,13,0.0,0.0,0.0,0,0,0.0
141-97-9,tropical_fruit,13,0.0,0.0,0.0,0,0,0.0
141-97-9,vanilla,13,0.3076923076923077,1.1094003924504583,0.0,4,1,0.07692307692307693
141-97-9,vegetable,13,0.0,0.0,0.0,0,0,0.0
141-97-9,waxy,13,0.0,0.0,0.0,0,0,0.0
141-97-9,woody,13,0.0,0.0,0.0,0,0,0.0
142-19-8,alcoholic,13,3.6153846153846154,3.571611716915804,4.0,10,8,0.6153846153846154
142-19-8,aldehydic,13,0.0,0.0,0.0,0,0,0.0
142-19-8,almond,13,0.0,0.0,0.0,0,0,0.0
142-19-8,anise,13,0.0,0.0,0.0,0,0,0.0
142-19-8,apple,13,0.23076923076923078,0.8320502943378437,0.0,3,1,0.07692307692307693
142-19-8,apricot,13,0.0,0.0,0.0,0,0,0.0
142-19-8,banana,13,1.0769230769230769,2.6602486870447053,0.0,8,2,0.15384615384615385
142-19-8,caramel,13,0.0,0.0,0.0,0,0,0.0
142-19-8,citrus,13,0.0,0.0,0.0,0,0,0.0
142-19-8,cocoa,13,0.0,0.0,0.0,0,0,0.0
142-19-8,coconut,13,0.0,0.0,0.0,0,0,0.0
142-19-8,coffee,13,0.0,0.0,0.0,0,0,0.0
142-19-8,coumaric,13,0.0,0.0,0.0,0,0,0.0
142-19-8,creamy,13,0.0,0.0,0.0,0,0,0.0
142-19-8,fatty,13,0.0,0.0,0.0,0,0,0.0
142-19-8,floral,13,0.0,0.0,0.0,0,0,0.0
142-19-8,fruity,13,1.9230769230769231,2.660248687044705,0.0,8,6,0.46153846153846156
142-19-8,green,13,0.0,0.0,0.0,0,0,0.0
142-19-8,herbal,13,0.0,0.0,0.0,0,0,0.0
142-19-8,honey,13,0.0,0.0,0.0,0,0,0.0
142-19-8,jasmine,13,0.0,0.0,0.0,0,0,0.0
142-19-8,meaty,13,0.0,0.0,0.0,0,0,0.0
142-19-8,mint,13,0.0,0.0,0.0,0,0,0.0
142-19-8,mushroom,13,0.0,0.0,0.0,0,0,0.0
142-19-8,musky,13,0.0,0.0,0.0,0,0,0.0
142-19-8,nutty,13,0.0,0.0,0.0,0,0,0.0
142-19-8,oily,13,0.0,0.0,0.0,0,0,0.0
142-19-8,peach,13,0.0,0.0,0.0,0,0,0.0
142-19-8,pear,13,0.6153846153846154,2.2188007849009166,0.0,8,1,0.07692307692307693
142-19-8,pine_needle,13,0.0,0.0,0.0,0,0,0.0
142-19-8,pineapple,13,4.076923076923077,3.6846876498453813,5.0,8,8,0.6153846153846154
142-19-8,plum,13,0.0,0.0,0.0,0,0,0.0
142-19-8,roasted,13,0.0,0.0,0.0,0,0,0.0
142-19-8,rose,13,0.0,0.0,0.0,0,0,0.0
142-19-8,sour,13,0.9230769230769231,1.8912755158683456,0.0,5,3,0.23076923076923078
142-19-8,spicy,13,0.3076923076923077,1.1094003924504583,0.0,4,1,0.07692307692307693
142-19-8,sweet,13,0.5384615384615384,1.4500221041639685,0.0,5,2,0.15384615384615385
142-19-8,tobacco,13,0.0,0.0,0.0,0,0,0.0
142-19-8,tropical_fruit,13,0.46153846153846156,1.1982893790305562,0.0,4,2,0.15384615384615385
142-19-8,vanilla,13,0.0,0.0,0.0,0,0,0.0
142-19-8,vegetable,13,0.0,0.0,0.0,0,0,0.0
142-19-8,waxy,13,0.0,0.0,0.0,0,0,0.0
142-19-8,woody,13,0.0,0.0,0.0,0,0,0.0
142-92-7,alcoholic,13,0.0,0.0,0.0,0,0,0.0
142-92-7,aldehydic,13,0.0,0.0,0.0,0,0,0.0
142-92-7,almond,13,0.0,0.0,0.0,0,0,0.0
142-92-7,anise,13,0.0,0.0,0.0,0,0,0.0
142-92-7,apple,13,3.4615384615384617,1.8536173919925967,4.0,6,11,0.8461538461538461
142-92-7,apricot,13,0.0,0.0,0.0,0,0,0.0
142-92-7,banana,13,1.3846153846153846,1.8946618668626838,0.0,4,5,0.38461538461538464
142-92-7,caramel,13,0.0,0.0,0.0,0,0,0.0
142-92-7,citrus,13,0.6923076923076923,1.377474463442389,0.0,4,3,0.23076923076923078
142-92-7,cocoa,13,0.0,0.0,0.0,0,0,0.0
142-92-7,coconut,13,0.0,0.0,0.0,0,0,0.0
142-92-7,coffee,13,0.0,0.0,0.0,0,0,0.0
142-92-7,coumaric,13,0.0,0.0,0.0,0,0,0.0
142-92-7,creamy,13,0.0,0.0,0.0,0,0,0.0
142-92-7,fatty,13,0.0,0.0,0.0,0,0,0.0
142-92-7,floral,13,0.6923076923076923,1.702185623672077,0.0,5,2,0.15384615384615385
142-92-7,fruity,13,6.538461538461538,1.8536173919925967,7.0,8,13,1.0
142-92-7,green,13,0.7692307692307693,1.300887271175982,0.0,4,4,0.3076923076923077
142-92-7,herbal,13,0.6923076923076923,1.377474463442389,0.0,4,3,0.23076923076923078
142-92-7,honey,13,0.0,0.0,0.0,0,0,0.0
142-92-7,jasmine,13,0.0,0.0,0.0,0,0,0.0
142-92-7,meaty,13,0.0,0.0,0.0,0,0,0.0
142-92-7,mint,13,0.0,0.0,0.0,0,0,0.0
142-92-7,mushroom,13,0.0,0.0,0.0,0,0,0.0
142-92-7,musky,13,0.3076923076923077,0.7510676161988108,0.0,2,2,0.15384615384615385
142-92-7,nutty,13,0.0,0.0,0.0,0,0,0.0
142-92-7,oily,13,0.0,0.0,0.0,0,0,0.0
142-92-7,peach,13,0.15384615384615385,0.5547001962252291,0.0,2,1,0.07692307692307693
142-92-7,pear,13,0.15384615384615385,0.5547001962252291,0.0,2,1,0.07692307692307693
142-92-7,pine_needle,13,0.0,0.0,0.0,0,0,0.0
142-92-7,pineapple,13,0.0,0.0,0.0,0,0,0.0
142-92-7,plum,13,0.15384615384615385,0.554700196225229,0.0,2,1,0.07692307692307693
142-92-7,roasted,13,0.0,0.0,0.0,0,0,0.0
142-92-7,rose,13,0.15384615384615385,0.554700196225229,0.0,2,1,0.07692307692307693
142-92-7,sour,13,0.0,0.0,0.0,0,0,0.0
142-92-7,spicy,13,0.15384615384615385,0.554700196225229,0.0,2,1,0.07692307692307693
142-92-7,sweet,13,2.6153846153846154,2.364263857893951,4.0,6,8,0.6153846153846154
142-92-7,tobacco,13,0.0,0.0,0.0,0,0,0.0
142-92-7,tropical_fruit,13,0.9230769230769231,1.5525000516123695,0.0,4,4,0.3076923076923077
142-92-7,vanilla,13,0.0,0.0,0.0,0,0,0.0
142-92-7,vegetable,13,0.0,0.0,0.0,0,0,0.0
142-92-7,waxy,13,0.46153846153846156,0.8770580193070292,0.0,2,3,0.23076923076923078
142-92-7,woody,13,0.7692307692307693,1.535895295576609,0.0,4,3,0.23076923076923078
14667-55-1,alcoholic,13,0.0,0.0,0.0,0,0,0.0
14667-55-1,aldehydic,13,0.0,0.0,0.0,0,0,0.0
14667-55-1,almond,13,0.15384615384615385,0.5547001962252291,0.0,2,1,0.07692307692307693
14667-55-1,anise,13,0.0,0.0,0.0,0,0,0.0
14667-55-1,apple,13,0.0,0.0,0.0,0,0,0.0
14667-55-1,apricot,13,0.0,0.0,0.0,0,0,0.0
14667-55-1,banana,13,0.0,0.0,0.0,0,0,0.0
14667-55-1,caramel,13,0.46153846153846156,1.1982893790305562,0.0,4,2,0.15384615384615385
14667-55-1,citrus,13,0.15384615384615385,0.554700196225229,0.0,2,1,0.07692307692307693
14667-55-1,cocoa,13,0.6153846153846154,1.2608503439122303,0.0,4,3,0.23076923076923078
14667-55-1,coconut,13,0.0,0.0,0.0,0,0,0.0
14667-55-1,coffee,13,0.3076923076923077,0.7510676161988107,0.0,2,2,0.15384615384615385
14667-55-1,coumaric,13,0.0,0.0,0.0,0,0,0.0
14667-55-1,creamy,13,0.0,0.0,0.0,0,0,0.0
14667-55-1,fatty,13,1.1538461538461537,1.6251232694862385,0.0,4,5,0.38461538461538464
14667-55-1,floral,13,0.0,0.0,0.0,0,0,0.0
14667-55-1,fruity,13,0.46153846153846156,1.6641005886756877,0.0,6,1,0.07692307692307693
14667-55-1,green,13,1.0769230769230769,2.1000610491736684,0.0,6,3,0.23076923076923078
14667-55-1,herbal,13,0.38461538461538464,1.3867504905630728,0.0,5,1,0.07692307692307693
14667-55-1,honey,13,0.0,0.0,0.0,0,0,0.0
14667-55-1,jasmine,13,0.0,0.0,0.0,0,0,0.0
14667-55-1,meaty,13,0.3076923076923077,1.109400392450458,0.0,4,1,0.07692307692307693
14667-55-1,mint,13,0.0,0.0,0.0,0,0,0.0
14667-55-1,mushroom,13,0.0,0.0,0.0,0,0,0.0
14667-55-1,musky,13,0.0,0.0,0.0,0,0,0.0
14667-55-1,nutty,13,3.6923076923076925,3.1723969745450464,5.0,8,8,0.6153846153846154
14667-55-1,oily,13,1.0,1.9148542155126764,0.0,5,3,0.23076923076923078
14667-55-1,peach,13,0.0,0.0,0.0,0,0,0.0
14667-55-1,pear,13,0.0,0.0,0.0,0,0,0.0
14667-55-1,pine_needle,13,0.5384615384615384,1.4500221041639685,0.0,5,2,0.15384615384615385
14667-55-1,pineapple,13,0.0,0.0,0.0,0,0,0.0
14667-55-1,plum,13,0.0,0.0,0.0,0,0,0.0
14667-55-1,roasted,13,3.076923076923077,2.7827306272059,4.0,6,8,0.6153846153846154
14667-55-1,rose,13,0.0,0.0,0.0,0,0,0.0
14667-55-1,sour,13,0.0,0.0,0.0,0,0,0.0
14667-55-1,spicy,13,1.8461538461538463,2.2673829938997163,0.0,6,6,0.46153846153846156
14667-55-1,sweet,13,2.4615384615384617,2.6961511028187517,3.0,8,7,0.5384615384615384
14667-55-1,tobacco,13,0.23076923076923078,0.8320502943378437,0.0,3,1,0.07692307692307693
14667-55-1,tropical_fruit,13,0.38461538461538464,1.3867504905630728,0.0,5,1,0.07692307692307693
14667-55-1,vanilla,13,0.0,0.0,0.0,0,0,0.0
14667-55-1,vegetable,13,0.0,0.0,0.0,0,0,0.0
14667-55-1,waxy,13,1.0,1.632993161855452,0.0,4,4,0.3076923076923077
14667-55-1,woody,13,0.5384615384615384,1.4500221041639685,0.0,5,2,0.15384615384615385
150-84-5,alcoholic,13,0.9230769230769231,1.8009968749527976,0.0,5,3,0.23076923076923078
150-84-5,aldehydic,13,0.15384615384615385,0.5547001962252291,0.0,2,1,0.07692307692307693
150-84-5,almond,13,0.0,0.0,0.0,0,0,0.0
150-84-5,anise,13,0.0,0.0,0.0,0,0,0.0
150-84-5,apple,13,0.0,0.0,0.0,0,0,0.0
150-84-5,apricot,13,0.38461538461538464,1.3867504905630728,0.0,5,1,0.07692307692307693
150-84-5,banana,13,0.0,0.0,0.0,0,0,0.0
150-84-5,caramel,13,0.0,0.0,0.0,0,0,0.0
150-84-5,citrus,13,1.7692307692307692,2.6189643676412167,0.0,8,5,0.38461538461538464
150-84-5,cocoa,13,0.0,0.0,0.0,0,0,0.0
150-84-5,coconut,13,0.0,0.0,0.0,0,0,0.0
150-84-5,coffee,13,0.0,0.0,0.0,0,0,0.0
150-84-5,coumaric,13,0.0,0.0,0.0,0,0,0.0
150-84-5,creamy,13,0.0,0.0,0.0,0,0,0.0
150-84-5,fatty,13,0.0,0.0,0.0,0,0,0.0
150-84-5,floral,13,2.076923076923077,2.8711652240144145,0.0,7,5,0.38461538461538464
150-84-5,fruity,13,1.6153846153846154,2.2560460078960247,0.0,6,5,0.38461538461538464
150-84-5,green,13,0.7692307692307693,1.9215378456610457,0.0,6,2,0.15384615384615385
150-84-5,herbal,13,0.0,0.0,0.0,0,0,0.0
150-84-5,honey,13,0.0,0.0,0.0,0,0,0.0
150-84-5,jasmine,13,0.0,0.0,0.0,0,0,0.0
150-84-5,meaty,13,0.0,0.0,0.0,0,0,0.0
150-84-5,mint,13,0.0,0.0,0.0,0,0,0.0
150-84-5,mushroom,13,0.0,0.0,0.0,0,0,0.0
150-84-5,musky,13,0.23076923076923078,0.8320502943378437,0.0,3,1,0.07692307692307693
150-84-5,nutty,13,0.0,0.0,0.0,0,0,0.0
150-84-5,oily,13,0.0,0.0,0.0,0,0,0.0
150-84-5,peach,13,0.0,0.0,0.0,0,0,0.0
150-84-5,pear,13,0.0,0.0,0.0,0,0,0.0
150-84-5,pine_needle,13,0.0,0.0,0.0,0,0,0.0
150-84-5,pineapple,13,0.15384615384615385,0.554700196225229,0.0,2,1,0.07692307692307693
150-84-5,plum,13,0.0,0.0,0.0,0,0,0.0
150-84-5,roasted,13,0.0,0.0,0.0,0,0,0.0
150-84-5,rose,13,1.1538461538461537,2.230327100305911,0.0,6,3,0.23076923076923078
150-84-5,sour,13,0.0,0.0,0.0,0,0,0.0
150-84-5,spicy,13,0.0,0.0,0.0,0,0,0.0
150-84-5,sweet,13,1.0,1.9148542155126764,0.0,5,3,0.23076923076923078
150-84-5,tobacco,13,0.0,0.0,0.0,0,0,0.0
150-84-5,tropical_fruit,13,0.0,0.0,0.0,0,0,0.0
150-84-5,vanilla,13,0.0,0.0,0.0,0,0,0.0
150-84-5,vegetable,13,0.0,0.0,0.0,0,0,0.0
150-84-5,waxy,13,0.0,0.0,0.0,0,0,0.0
150-84-5,woody,13,0.5384615384615384,1.9414506867883021,0.0,7,1,0.07692307692307693
2052-14-4,alcoholic,13,0.0,0.0,0.0,0,0,0.0
2052-14-4,aldehydic,13,1.6153846153846154,2.1423686866978775,0.0,6,6,0.46153846153846156
2052-14-4,almond,13,0.0,0.0,0.0,0,0,0.0
2052-14-4,anise,13,0.0,0.0,0.0,0,0,0.0
2052-14-4,apple,13,0.0,0.0,0.0,0,0,0.0
2052-14-4,apricot,13,0.0,0.0,0.0,0,0,0.0
2052-14-4,banana,13,0.0,0.0,0.0,0,0,0.0
2052-14-4,caramel,13,0.0,0.0,0.0,0,0,0.0
2052-14-4,citrus,13,0.0,0.0,0.0,0,0,0.0
2052-14-4,cocoa,13,0.0,0.0,0.0,0,0,0.0
2052-14-4,coconut,13,0.15384615384615385,0.5547001962252291,0.0,2,1,0.07692307692307693
2052-14-4,coffee,13,0.0,0.0,0.0,0,0,0.0
2052-14-4,coumaric,13,0.3076923076923077,1.1094003924504583,0.0,4,1,0.07692307692307693
2052-14-4,creamy,13,0.3076923076923077,1.1094003924504583,0.0,4,1,0.07692307692307693
2052-14-4,fatty,13,0.23076923076923078,0.8320502943378437,0.0,3,1,0.07692307692307693
2052-14-4,floral,13,0.46153846153846156,1.1266014242982163,0.0,3,2,0.15384615384615385
2052-14-4,fruity,13,0.15384615384615385,0.5547001962252291,0.0,2,1,0.07692307692307693
2052-14-4,green,13,0.9230769230769231,1.7541160386140584,0.0,4,3,0.23076923076923078
2052-14-4,herbal,13,0.3076923076923077,1.1094003924504583,0.0,4,1,0.07692307692307693
2052-14-4,honey,13,0.38461538461538464,1.3867504905630725,0.0,5,1,0.07692307692307693
2052-14-4,jasmine,13,0.0,0.0,0.0,0,0,0.0
2052-14-4,meaty,13,0.0,0.0,0.0,0,0,0.0
2052-14-4,mint,13,0.0,0.0,0.0,0,0,0.0
2052-14-4,mushroom,13,0.0,0.0,0.0,0,0,0.0
2052-14-4,musky,13,4.153846153846154,2.9677756498246812,4.0,8,10,0.7692307692307693
2052-14-4,nutty,13,0.23076923076923078,0.8320502943378437,0.0,3,1,0.07692307692307693
2052-14-4,oily,13,0.0,0.0,0.0,0,0,0.0
2052-14-4,peach,13,0.0,0.0,0.0,0,0,0.0
2052-14-4,pear,13,0.0,0.0,0.0,0,0,0.0
2052-14-4,pine_needle,13,0.0,0.0,0.0,0,0,0.0
2052-14-4,pineapple,13,0.0,0.0,0.0,0,0,0.0
2052-14-4,plum,13,0.0,0.0,0.0,0,0,0.0
2052-14-4,roasted,13,0.0,0.0,0.0,0,0,0.0
2052-14-4,rose,13,0.38461538461538464,1.3867504905630725,0.0,5,1,0.07692307692307693
2052-14-4,sour,13,0.0,0.0,0.0,0,0,0.0
2052-14-4,spicy,13,0.3076923076923077,1.1094003924504583,0.0,4,1,0.07692307692307693
2052-14-4,sweet,13,1.3076923076923077,1.9741924671712983,0.0,6,5,0.38461538461538464
2052-14-4,tobacco,13,0.0,0.0,0.0,0,0,0.0
2052-14-4,tropical_fruit,13,0.0,0.0,0.0,0,0,0.0
2052-14-4,vanilla,13,0.38461538461538464,1.3867504905630728,0.0,5,1,0.07692307692307693
2052-14-4,vegetable,13,0.0,0.0,0.0,0,0,0.0
2052-14-4,waxy,13,0.23076923076923078,0.8320502943378437,0.0,3,1,0.07692307692307693
2052-14-4,woody,13,0.38461538461538464,1.3867504905630728,0.0,5,1,0.07692307692307693
22047-25-2,alcoholic,13,0.0,0.0,0.0,0,0,0.0
22047-25-2,aldehydic,13,0.0,0.0,0.0,0,0,0.0
22047-25-2,almond,13,0.6153846153846154,2.218800784900916,0.0,8,1,0.07692307692307693
22047-25-2,anise,13,0.0,0.0,0.0,0,0,0.0
22047-25-2,apple,13,0.0,0.0,0.0,0,0,0.0
22047-25-2,apricot,13,0.3076923076923077,1.1094003924504583,0.0,4,1,0.07692307692307693
22047-25-2,banana,13,0.0,0.0,0.0,0,0,0.0
22047-25-2,caramel,13,1.3846153846153846,2.534379001467011,0.0,8,4,0.3076923076923077
22047-25-2,citrus,13,0.0,0.0,0.0,0,0,0.0
22047-25-2,cocoa,13,0.38461538461538464,1.3867504905630728,0.0,5,1,0.07692307692307693
22047-25-2,coconut,13,0.6153846153846154,1.5566235649883124,0.0,5,2,0.15384615384615385
22047-25-2,coffee,13,0.0,0.0,0.0,0,0,0.0
22047-25-2,coumaric,13,0.23076923076923078,0.8320502943378437,0.0,3,1,0.07692307692307693
22047-25-2,creamy,13,0.7692307692307693,1.9215378456610457,0.0,6,2,0.15384615384615385
22047-25-2,fatty,13,0.15384615384615385,0.5547001962252291,0.0,2,1,0.07692307692307693
22047-25-2,floral,13,0.0,0.0,0.0,0,0,0.0
22047-25-2,fruity,13,0.0,0.0,0.0,0,0,0.0
22047-25-2,green,13,0.0,0.0,0.0,0,0,0.0
22047-25-2,herbal,13,0.0,0.0,0.0,0,0,0.0
22047-25-2,honey,13,0.0,0.0,0.0,0,0,0.0
22047-25-2,jasmine,13,0.0,0.0,0.0,0,0,0.0
22047-25-2,meaty,13,0.6153846153846154,1.5566235649883124,0.0,5,2,0.15384615384615385
22047-25-2,mint,13,0.0,0.0,0.0,0,0,0.0
22047-25-2,mushroom,13,0.0,0.0,0.0,0,0,0.0
22047-25-2,musky,13,0.0,0.0,0.0,0,0,0.0
22047-25-2,nutty,13,1.6153846153846154,2.6311740579210876,0.0,7,4,0.3076923076923077
22047-25-2,oily,13,0.23076923076923078,0.8320502943378437,0.0,3,1,0.07692307692307693
22047-25-2,peach,13,0.0,0.0,0.0,0,0,0.0
22047-25-2,pear,13,0.0,0.0,0.0,0,0,0.0
22047-25-2,pine_needle,13,0.38461538461538464,1.3867504905630725,0.0,5,1,0.07692307692307693
22047-25-2,pineapple,13,0.0,0.0,0.0,0,0,0.0
22047-25-2,plum,13,0.0,0.0,0.0,0,0,0.0
22047-25-2,roasted,13,2.3076923076923075,2.926448797451027,0.0,7,6,0.46153846153846156
22047-25-2,rose,13,0.0,0.0,0.0,0,0,0.0
22047-25-2,sour,13,0.0,0.0,0.0,0,0,0.0
22047-25-2,spicy,13,0.0,0.0,0.0,0,0,0.0
22047-25-2,sweet,13,0.6153846153846154,1.5566235649883124,0.0,5,2,0.15384615384615385
22047-25-2,tobacco,13,0.3076923076923077,1.1094003924504583,0.0,4,1,0.07692307692307693
22047-25-2,tropical_fruit,13,0.0,0.0,0.0,0,0,0.0
22047-25-2,vanilla,13,0.5384615384615384,1.941450686788302,0.0,7,1,0.07692307692307693
22047-25-2,vegetable,13,0.0,0.0,0.0,0,0,0.0
22047-25-2,waxy,13,0.0,0.0,0.0,0,0,0.0
22047-25-2,woody,13,0.0,0.0,0.0,0,0,0.0
2244-16-8,alcoholic,13,0.7692307692307693,1.9215378456610455,0.0,6,2,0.15384615384615385
2244-16-8,aldehydic,13,0.0,0.0,0.0,0,0,0.0
2244-16-8,almond,13,0.0,0.0,0.0,0,0,0.0
2244-16-8,anise,13,0.0,0.0,0.0,0,0,0.0
2244-16-8,apple,13,0.0,0.0,0.0,0,0,0.0
2244-16-8,apricot,13,0.0,0.0,0.0,0,0,0.0
2244-16-8,banana,13,0.0,0.0,0.0,0,0,0.0
2244-16-8,caramel,13,0.0,0.0,0.0,0,0,0.0
2244-16-8,citrus,13,0.0,0.0,0.0,0,0,0.0
2244-16-8,cocoa,13,0.0,0.0,0.0,0,0,0.0
2244-16-8,coconut,13,0.0,0.0,0.0,0,0,0.0
2244-16-8,coffee,13,0.0,0.0,0.0,0,0,0.0
2244-16-8,coumaric,13,0.0,0.0,0.0,0,0,0.0
2244-16-8,creamy,13,0.0,0.0,0.0,0,0,0.0
2244-16-8,fatty,13,0.46153846153846156,1.6641005886756874,0.0,6,1,0.07692307692307693
2244-16-8,floral,13,0.0,0.0,0.0,0,0,0.0
2244-16-8,fruity,13,0.23076923076923078,0.8320502943378437,0.0,3,1,0.07692307692307693
2244-16-8,green,13,1.7692307692307692,2.314945865236239,0.0,6,6,0.46153846153846156
2244-16-8,herbal,13,2.5384615384615383,2.9330128030003726,0.0,7,6,0.46153846153846156
2244-16-8,honey,13,0.0,0.0,0.0,0,0,0.0
2244-16-8,jasmine,13,0.0,0.0,0.0,0,0,0.0
2244-16-8,meaty,13,0.0,0.0,0.0,0,0,0.0
2244-16-8,mint,13,2.3846153846153846,3.0424349222966556,0.0,8,6,0.46153846153846156
2244-16-8,mushroom,13,0.0,0.0,0.0,0,0,0.0
2244-16-8,musky,13,0.0,0.0,0.0,0,0,0.0
2244-16-8,nutty,13,0.0,0.0,0.0,0,0,0.0
2244-16-8,oily,13,0.0,0.0,0.0,0,0,0.0
2244-16-8,peach,13,0.0,0.0,0.0,0,0,0.0
2244-16-8,pear,13,0.0,0.0,0.0,0,0,0.0
2244-16-8,pine_needle,13,0.23076923076923078,0.8320502943378436,0.0,3,1,0.07692307692307693
2244-16-8,pineapple,13,0.0,0.0,0.0,0,0,0.0
2244-16-8,plum,13,0.0,0.0,0.0,0,0,0.0
2244-16-8,roasted,13,0.0,0.0,0.0,0,0,0.0
2244-16-8,rose,13,0.15384615384615385,0.5547001962252291,0.0,2,1,0.07692307692307693
2244-16-8,sour,13,0.0,0.0,0.0,0,0,0.0
2244-16-8,spicy,13,0.5384615384615384,1.3301243435223526,0.0,4,2,0.15384615384615385
2244-16-8,sweet,13,0.0,0.0,0.0,0,0,0.0
2244-16-8,tobacco,13,0.0,0.0,0.0,0,0,0.0
2244-16-8,tropical_fruit,13,0.0,0.0,0.0,0,0,0.0
2244-16-8,vanilla,13,0.0,0.0,0.0,0,0,0.0
2244-16-8,vegetable,13,0.0,0.0,0.0,0,0,0.0
2244-16-8,waxy,13,0.0,0.0,0.0,0,0,0.0
2244-16-8,woody,13,1.7692307692307692,2.9482719841133536,0.0,8,4,0.3076923076923077
2305-05-7,alcoholic,13,0.0,0.0,0.0,0,0,0.0
2305-05-7,aldehydic,13,0.15384615384615385,0.5547001962252291,0.0,2,1,0.07692307692307693
2305-05-7,almond,13,0.5384615384615384,1.9414506867883021,0.0,7,1,0.07692307692307693
2305-05-7,anise,13,0.0,0.0,0.0,0,0,0.0
2305-05-7,apple,13,0.0,0.0,0.0,0,0,0.0
2305-05-7,apricot,13,0.15384615384615385,0.5547001962252291,0.0,2,1,0.07692307692307693
2305-05-7,banana,13,0.0,0.0,0.0,0,0,0.0
2305-05-7,caramel,13,0.0,0.0,0.0,0,0,0.0
2305-05-7,citrus,13,0.0,0.0,0.0,0,0,0.0
2305-05-7,cocoa,13,0.46153846153846156,1.1982893790305562,0.0,4,2,0.15384615384615385
2305-05-7,coconut,13,1.0769230769230769,2.2532028485964326,0.0,6,3,0.23076923076923078
2305-05-7,coffee,13,0.38461538461538464,1.3867504905630728,0.0,5,1,0.07692307692307693
2305-05-7,coumaric,13,0.0,0.0,0.0,0,0,0.0
2305-05-7,creamy,13,1.8461538461538463,2.609155477868712,0.0,6,5,0.38461538461538464
2305-05-7,fatty,13,0.3076923076923077,1.1094003924504583,0.0,4,1,0.07692307692307693
2305-05-7,floral,13,0.3076923076923077,1.1094003924504583,0.0,4,1,0.07692307692307693
2305-05-7,fruity,13,2.0,2.7080128015453204,0.0,7,5,0.38461538461538464
2305-05-7,green,13,0.3076923076923077,1.1094003924504583,0.0,4,1,0.07692307692307693
2305-05-7,herbal,13,0.0,0.0,0.0,0,0,0.0
2305-05-7,honey,13,0.0,0.0,0.0,0,0,0.0
2305-05-7,jasmine,13,0.0,0.0,0.0,0,0,0.0
2305-05-7,meaty,13,0.0,0.0,0.0,0,0,0.0
2305-05-7,mint,13,0.0,0.0,0.0,0,0,0.0
2305-05-7,mushroom,13,0.0,0.0,0.0,0,0,0.0
2305-05-7,musky,13,0.0,0.0,0.0,0,0,0.0
2305-05-7,nutty,13,0.0,0.0,0.0,0,0,0.0
2305-05-7,oily,13,0.0,0.0,0.0,0,0,0.0
2305-05-7,peach,13,1.4615384615384615,2.846500325410855,0.0,8,3,0.23076923076923078
2305-05-7,pear,13,0.0,0.0,0.0,0,0,0.0
2305-05-7,pine_needle,13,0.15384615384615385,0.5547001962252291,0.0,2,1,0.07692307692307693
2305-05-7,pineapple,13,0.0,0.0,0.0,0,0,0.0
2305-05-7,plum,13,0.0,0.0,0.0,0,0,0.0
2305-05-7,roasted,13,0.46153846153846156,1.6641005886756877,0.0,6,1,0.07692307692307693
2305-05-7,rose,13,0.0,0.0,0.0,0,0,0.0
2305-05-7,sour,13,0.0,0.0,0.0,0,0,0.0
2305-05-7,spicy,13,0.0,0.0,0.0,0,0,0.0
2305-05-7,sweet,13,1.6923076923076923,2.2503560971771916,0.0,5,5,0.38461538461538464
2305-05-7,tobacco,13,0.0,0.0,0.0,0,0,0.0
2305-05-7,tropical_fruit,13,0.0,0.0,0.0,0,0,0.0
2305-05-7,vanilla,13,0.0,0.0,0.0,0,0,0.0
2305-05-7,vegetable,13,0.0,0.0,0.0,0,0,0.0
2305-05-7,waxy,13,0.0,0.0,0.0,0,0,0.0
2305-05-7,woody,13,0.38461538461538464,1.3867504905630728,0.0,5,1,0.07692307692307693
2721-22-4,alcoholic,13,0.0,0.0,0.0,0,0,0.0
2721-22-4,aldehydic,13,0.0,0.0,0.0,0,0,0.0
2721-22-4,almond,13,0.0,0.0,0.0,0,0,0.0
2721-22-4,anise,13,0.0,0.0,0.0,0,0,0.0
2721-22-4,apple,13,0.0,0.0,0.0,0,0,0.0
2721-22-4,apricot,13,0.0,0.0,0.0,0,0,0.0
2721-22-4,banana,13,0.0,0.0,0.0,0,0,0.0
2721-22-4,caramel,13,0.7692307692307693,2.24179415327122,0.0,8,2,0.15384615384615385
2721-22-4,citrus,13,0.0,0.0,0.0,0,0,0.0
2721-22-4,cocoa,13,0.0,0.0,0.0,0,0,0.0
2721-22-4,coconut,13,1.0769230769230769,2.2898885875932358,0.0,7,3,0.23076923076923078
2721-22-4,coffee,13,0.0,0.0,0.0,0,0,0.0
2721-22-4,coumaric,13,0.0,0.0,0.0,0,0,0.0
2721-22-4,creamy,13,2.076923076923077,2.871165224014415,0.0,7,6,0.46153846153846156
2721-22-4,fatty,13,0.8461538461538461,1.7246329970051526,0.0,5,3,0.23076923076923078
2721-22-4,floral,13,0.07692307692307693,0.2773500981126146,0.0,1,1,0.07692307692307693
2721-22-4,fruity,13,0.7692307692307693,2.0475125621855637,0.0,7,2,0.15384615384615385
2721-22-4,green,13,0.23076923076923078,0.8320502943378437,0.0,3,1,0.07692307692307693
2721-22-4,herbal,13,0.0,0.0,0.0,0,0,0.0
2721-22-4,honey,13,0.46153846153846156,1.6641005886756874,0.0,6,1,0.07692307692307693
2721-22-4,jasmine,13,0.0,0.0,0.0,0,0,0.0
2721-22-4,meaty,13,0.46153846153846156,1.6641005886756874,0.0,6,1,0.07692307692307693
2721-22-4,mint,13,0.0,0.0,0.0,0,0,0.0
2721-22-4,mushroom,13,0.0,0.0,0.0,0,0,0.0
2721-22-4,musky,13,0.0,0.0,0.0,0,0,0.0
2721-22-4,nutty,13,0.46153846153846156,1.6641005886756874,0.0,6,1,0.07692307692307693
2721-22-4,oily,13,0.8461538461538461,2.0754980866510833,0.0,6,2,0.15384615384615385
2721-22-4,peach,13,0.0,0.0,0.0,0,0,0.0
2721-22-4,pear,13,0.0,0.0,0.0,0,0,0.0
2721-22-4,pine_needle,13,0.0,0.0,0.0,0,0,0.0
2721-22-4,pineapple,13,0.0,0.0,0.0,0,0,0.0
2721-22-4,plum,13,0.0,0.0,0.0,0,0,0.0
2721-22-4,roasted,13,0.0,0.0,0.0,0,0,0.0
2721-22-4,rose,13,0.0,0.0,0.0,0,0,0.0
2721-22-4,sour,13,0.0,0.0,0.0,0,0,0.0
2721-22-4,spicy,13,0.0,0.0,0.0,0,0,0.0
2721-22-4,sweet,13,0.38461538461538464,1.3867504905630728,0.0,5,1,0.07692307692307693
2721-22-4,tobacco,13,0.0,0.0,0.0,0,0,0.0
2721-22-4,tropical_fruit,13,0.0,0.0,0.0,0,0,0.0
2721-22-4,vanilla,13,0.23076923076923078,0.8320502943378437,0.0,3,1,0.07692307692307693
2721-22-4,vegetable,13,0.0,0.0,0.0,0,0,0.0
2721-22-4,waxy,13,0.0,0.0,0.0,0,0,0.0
2721-22-4,woody,13,0.23076923076923078,0.8320502943378437,0.0,3,1,0.07692307692307693
3301-94-8,alcoholic,13,0.07692307692307693,0.2773500981126146,0.0,1,1,0.07692307692307693
3301-94-8,aldehydic,13,0.0,0.0,0.0,0,0,0.0
3301-94-8,almond,13,0.0,0.0,0.0,0,0,0.0
3301-94-8,anise,13,0.0,0.0,0.0,0,0,0.0
3301-94-8,apple,13,0.0,0.0,0.0,0,0,0.0
3301-94-8,apricot,13,0.6153846153846154,1.5566235649883124,0.0,5,2,0.15384615384615385
3301-94-8,banana,13,0.0,0.0,0.0,0,0,0.0
3301-94-8,caramel,13,0.6923076923076923,1.702185623672077,0.0,5,2,0.15384615384615385
3301-94-8,citrus,13,0.0,0.0,0.0,0,0,0.0
3301-94-8,cocoa,13,0.38461538461538464,1.3867504905630728,0.0,5,1,0.07692307692307693
3301-94-8,coconut,13,4.3076923076923075,2.8689317229186946,5.0,9,10,0.7692307692307693
3301-94-8,coffee,13,0.0,0.0,0.0,0,0,0.0
3301-94-8,coumaric,13,0.3076923076923077,1.109400392450458,0.0,4,1,0.07692307692307693
3301-94-8,creamy,13,1.7692307692307692,2.832956234332084,0.0,7,4,0.3076923076923077
3301-94-8,fatty,13,0.23076923076923078,0.8320502943378437,0.0,3,1,0.07692307692307693
3301-94-8,floral,13,0.0,0.0,0.0,0,0,0.0
3301-94-8,fruity,13,0.0,0.0,0.0,0,0,0.0
3301-94-8,green,13,0.15384615384615385,0.5547001962252291,0.0,2,1,0.07692307692307693
3301-94-8,herbal,13,0.0,0.0,0.0,0,0,0.0
3301-94-8,honey,13,0.0,0.0,0.0,0,0,0.0
3301-94-8,jasmine,13,0.0,0.0,0.0,0,0,0.0
3301-94-8,meaty,13,0.0,0.0,0.0,0,0,0.0
3301-94-8,mint,13,0.0,0.0,0.0,0,0,0.0
3301-94-8,mushroom,13,0.0,0.0,0.0,0,0,0.0
3301-94-8,musky,13,0.0,0.0,0.0,0,0,0.0
3301-94-8,nutty,13,1.0769230769230769,1.8009968749527976,0.0,5,4,0.3076923076923077
3301-94-8,oily,13,0.15384615384615385,0.554700196225229,0.0,2,1,0.07692307692307693
3301-94-8,peach,13,0.23076923076923078,0.8320502943378437,0.0,3,1,0.07692307692307693
3301-94-8,pear,13,0.0,0.0,0.0,0,0,0.0
3301-94-8,pine_needle,13,0.0,0.0,0.0,0,0,0.0
3301-94-8,pineapple,13,0.0,0.0,0.0,0,0,0.0
3301-94-8,plum,13,0.0,0.0,0.0,0,0,0.0
3301-94-8,roasted,13,0.46153846153846156,1.6641005886756872,0.0,6,1,0.07692307692307693
3301-94-8,rose,13,0.0,0.0,0.0,0,0,0.0
3301-94-8,sour,13,0.0,0.0,0.0,0,0,0.0
3301-94-8,spicy,13,0.0,0.0,0.0,0,0,0.0
3301-94-8,sweet,13,0.5384615384615384,1.3301243435223526,0.0,4,2,0.15384615384615385
3301-94-8,tobacco,13,0.0,0.0,0.0,0,0,0.0
3301-94-8,tropical_fruit,13,0.0,0.0,0.0,0,0,0.0
3301-94-8,vanilla,13,0.15384615384615385,0.5547001962252291,0.0,2,1,0.07692307692307693
3301-94-8,vegetable,13,0.0,0.0,0.0,0,0,0.0
3301-94-8,waxy,13,0.0,0.0,0.0,0,0,0.0
3301-94-8,woody,13,0.0,0.0,0.0,0,0,0.0
34590-94-8,alcoholic,13,3.6153846153846154,3.4770308583248997,3.0,10,9,0.6923076923076923
34590-94-8,aldehydic,13,0.0,0.0,0.0,0,0,0.0
34590-94-8,almond,13,0.0,0.0,0.0,0,0,0.0
34590-94-8,anise,13,0.0,0.0,0.0,0,0,0.0
34590-94-8,apple,13,1.5384615384615385,2.9612887007569473,0.0,8,3,0.23076923076923078
34590-94-8,apricot,13,0.0,0.0,0.0,0,0,0.0
34590-94-8,banana,13,0.8461538461538461,2.0754980866510833,0.0,6,2,0.15384615384615385
34590-94-8,caramel,13,0.0,0.0,0.0,0,0,0.0
34590-94-8,citrus,13,0.0,0.0,0.0,0,0,0.0
34590-94-8,cocoa,13,0.0,0.0,0.0,0,0,0.0
34590-94-8,coconut,13,0.0,0.0,0.0,0,0,0.0
34590-94-8,coffee,13,0.0,0.0,0.0,0,0,0.0
34590-94-8,coumaric,13,0.0,0.0,0.0,0,0,0.0
34590-94-8,creamy,13,0.07692307692307693,0.2773500981126146,0.0,1,1,0.07692307692307693
34590-94-8,fatty,13,0.0,0.0,0.0,0,0,0.0
34590-94-8,floral,13,0.0,0.0,0.0,0,0,0.0
34590-94-8,fruity,13,1.0769230769230769,1.4411533842457842,0.0,3,5,0.38461538461538464
34590-94-8,green,13,0.0,0.0,0.0,0,0,0.0
34590-94-8,herbal,13,0.0,0.0,0.0,0,0,0.0
34590-94-8,honey,13,0.0,0.0,0.0,0,0,0.0
34590-94-8,jasmine,13,0.0,0.0,0.0,0,0,0.0
34590-94-8,meaty,13,0.0,0.0,0.0,0,0,0.0
34590-94-8,mint,13,0.0,0.0,0.0,0,0,0.0
34590-94-8,mushroom,13,0.0,0.0,0.0,0,0,0.0
34590-94-8,musky,13,0.0,0.0,0.0,0,0,0.0
34590-94-8,nutty,13,0.3076923076923077,1.1094003924504583,0.0,4,1,0.07692307692307693
34590-94-8,oily,13,0.0,0.0,0.0,0,0,0.0
34590-94-8,peach,13,0.0,0.0,0.0,0,0,0.0
34590-94-8,pear,13,0.23076923076923078,0.8320502943378437,0.0,3,1,0.07692307692307693
34590-94-8,pine_needle,13,0.0,0.0,0.0,0,0,0.0
34590-94-8,pineapple,13,0.0,0.0,0.0,0,0,0.0
34590-94-8,plum,13,0.0,0.0,0.0,0,0,0.0
34590-94-8,roasted,13,0.0,0.0,0.0,0,0,0.0
34590-94-8,rose,13,0.0,0.0,0.0,0,0,0.0
34590-94-8,sour,13,0.07692307692307693,0.2773500981126146,0.0,1,1,0.07692307692307693
34590-94-8,spicy,13,0.46153846153846156,1.1266014242982163,0.0,3,2,0.15384615384615385
34590-94-8,sweet,13,0.0,0.0,0.0,0,0,0.0
34590-94-8,tobacco,13,0.0,0.0,0.0,0,0,0.0
34590-94-8,tropical_fruit,13,0.0,0.0,0.0,0,0,0.0
34590-94-8,vanilla,13,0.0,0.0,0.0,0,0,0.0
34590-94-8,vegetable,13,0.38461538461538464,1.3867504905630728,0.0,5,1,0.07692307692307693
34590-94-8,waxy,13,0.0,0.0,0.0,0,0,0.0
34590-94-8,woody,13,0.0,0.0,0.0,0,0,0.0
41890-92-0,alcoholic,13,0.0,0.0,0.0,0,0,0.0
41890-92-0,aldehydic,13,0.23076923076923078,0.8320502943378437,0.0,3,1,0.07692307692307693
41890-92-0,almond,13,0.0,0.0,0.0,0,0,0.0
41890-92-0,anise,13,0.0,0.0,0.0,0,0,0.0
41890-92-0,apple,13,0.0,0.0,0.0,0,0,0.0
41890-92-0,apricot,13,0.0,0.0,0.0,0,0,0.0
41890-92-0,banana,13,0.0,0.0,0.0,0,0,0.0
41890-92-0,caramel,13,0.0,0.0,0.0,0,0,0.0
41890-92-0,citrus,13,0.0,0.0,0.0,0,0,0.0
41890-92-0,cocoa,13,0.0,0.0,0.0,0,0,0.0
41890-92-0,coconut,13,0.0,0.0,0.0,0,0,0.0
41890-92-0,coffee,13,0.0,0.0,0.0,0,0,0.0
41890-92-0,coumaric,13,0.0,0.0,0.0,0,0,0.0
41890-92-0,creamy,13,0.07692307692307693,0.2773500981126146,0.0,1,1,0.07692307692307693
41890-92-0,fatty,13,0.0,0.0,0.0,0,0,0.0
41890-92-0,floral,13,1.8461538461538463,2.339734808553947,0.0,7,6,0.46153846153846156
41890-92-0,fruity,13,0.3076923076923077,1.109400392450458,0.0,4,1,0.07692307692307693
41890-92-0,green,13,0.5384615384615384,1.4500221041639683,0.0,5,2,0.15384615384615385
41890-92-0,herbal,13,0.23076923076923078,0.8320502943378437,0.0,3,1,0.07692307692307693
41890-92-0,honey,13,0.0,0.0,0.0,0,0,0.0
41890-92-0,jasmine,13,0.0,0.0,0.0,0,0,0.0
41890-92-0,meaty,13,0.0,0.0,0.0,0,0,0.0
41890-92-0,mint,13,0.0,0.0,0.0,0,0,0.0
41890-92-0,mushroom,13,0.0,0.0,0.0,0,0,0.0
41890-92-0,musky,13,0.6923076923076923,1.377474463442389,0.0,4,3,0.23076923076923078
41890-92-0,nutty,13,0.0,0.0,0.0,0,0,0.0
41890-92-0,oily,13,0.0,0.0,0.0,0,0,0.0
41890-92-0,peach,13,0.0,0.0,0.0,0,0,0.0
41890-92-0,pear,13,0.0,0.0,0.0,0,0,0.0
41890-92-0,pine_needle,13,0.0,0.0,0.0,0,0,0.0
41890-92-0,pineapple,13,0.0,0.0,0.0,0,0,0.0
41890-92-0,plum,13,0.0,0.0,0.0,0,0,0.0
41890-92-0,roasted,13,0.0,0.0,0.0,0,0,0.0
41890-92-0,rose,13,0.0,0.0,0.0,0,0,0.0
41890-92-0,sour,13,0.0,0.0,0.0,0,0,0.0
41890-92-0,spicy,13,0.0,0.0,0.0,0,0,0.0
41890-92-0,sweet,13,1.6153846153846154,2.328750077418554,0.0,6,5,0.38461538461538464
41890-92-0,tobacco,13,0.0,0.0,0.0,0,0,0.0
41890-92-0,tropical_fruit,13,0.46153846153846156,1.1982893790305562,0.0,4,2,0.15384615384615385
41890-92-0,vanilla,13,0.15384615384615385,0.554700196225229,0.0,2,1,0.07692307692307693
41890-92-0,vegetable,13,0.0,0.0,0.0,0,0,0.0
41890-92-0,waxy,13,0.3076923076923077,1.1094003924504583,0.0,4,1,0.07692307692307693
41890-92-0,woody,13,4.0,3.0822070014844885,5.0,8,9,0.6923076923076923
502-72-7,alcoholic,13,0.0,0.0,0.0,0,0,0.0
502-72-7,aldehydic,13,0.07692307692307693,0.2773500981126146,0.0,1,1,0.07692307692307693
502-72-7,almond,13,0.0,0.0,0.0,0,0,0.0
502-72-7,anise,13,0.0,0.0,0.0,0,0,0.0
502-72-7,apple,13,0.0,0.0,0.0,0,0,0.0
502-72-7,apricot,13,0.0,0.0,0.0,0,0,0.0
502-72-7,banana,13,0.0,0.0,0.0,0,0,0.0
502-72-7,caramel,13,0.15384615384615385,0.5547001962252291,0.0,2,1,0.07692307692307693
502-72-7,citrus,13,0.0,0.0,0.0,0,0,0.0
502-72-7,cocoa,13,0.0,0.0,0.0,0,0,0.0
502-72-7,coconut,13,0.0,0.0,0.0,0,0,0.0
502-72-7,coffee,13,0.0,0.0,0.0,0,0,0.0
502-72-7,coumaric,13,0.0,0.0,0.0,0,0,0.0
502-72-7,creamy,13,0.0,0.0,0.0,0,0,0.0
502-72-7,fatty,13,0.15384615384615385,0.5547001962252291,0.0,2,1,0.07692307692307693
502-72-7,floral,13,1.0769230769230769,1.8009968749527976,0.0,5,4,0.3076923076923077
502-72-7,fruity,13,0.9230769230769231,2.3965787580611124,0.0,8,2,0.15384615384615385
502-72-7,green,13,0.23076923076923078,0.8320502943378437,0.0,3,1,0.07692307692307693
502-72-7,herbal,13,0.23076923076923078,0.8320502943378437,0.0,3,1,0.07692307692307693
502-72-7,honey,13,0.0,0.0,0.0,0,0,0.0
502-72-7,jasmine,13,0.38461538461538464,1.3867504905630728,0.0,5,1,0.07692307692307693
502-72-7,meaty,13,0.0,0.0,0.0,0,0,0.0
502-72-7,mint,13,0.0,0.0,0.0,0,0,0.0
502-72-7,mushroom,13,0.0,0.0,0.0,0,0,0.0
502-72-7,musky,13,4.384615384615385,3.1500915737605033,6.0,8,9,0.6923076923076923
502-72-7,nutty,13,0.0,0.0,0.0,0,0,0.0
502-72-7,oily,13,0.0,0.0,0.0,0,0,0.0
502-72-7,peach,13,0.0,0.0,0.0,0,0,0.0
502-72-7,pear,13,0.0,0.0,0.0,0,0,0.0
502-72-7,pine_needle,13,0.0,0.0,0.0,0,0,0.0
502-72-7,pineapple,13,0.0,0.0,0.0,0,0,0.0
502-72-7,plum,13,0.0,0.0,0.0,0,0,0.0
502-72-7,roasted,13,0.0,0.0,0.0,0,0,0.0
502-72-7,rose,13,0.0,0.0,0.0,0,0,0.0
502-72-7,sour,13,0.0,0.0,0.0,0,0,0.0
502-72-7,spicy,13,0.38461538461538464,1.3867504905630728,0.0,5,1,0.07692307692307693
502-72-7,sweet,13,1.3076923076923077,1.9315199276138029,0.0,5,5,0.38461538461538464
502-72-7,tobacco,13,0.3076923076923077,1.1094003924504583,0.0,4,1,0.07692307692307693
502-72-7,tropical_fruit,13,0.0,0.0,0.0,0,0,0.0
502-72-7,vanilla,13,0.46153846153846156,1.1982893790305562,0.0,4,2,0.15384615384615385
502-72-7,vegetable,13,0.0,0.0,0.0,0,0,0.0
502-72-7,waxy,13,0.0,0.0,0.0,0,0,0.0
502-72-7,woody,13,0.7692307692307693,1.9215378456610455,0.0,6,2,0.15384615384615385
5910-89-4,alcoholic,13,0.0,0.0,0.0,0,0,0.0
5910-89-4,aldehydic,13,0.15384615384615385,0.554700196225229,0.0,2,1,0.07692307692307693
5910-89-4,almond,13,0.0,0.0,0.0,0,0,0.0
5910-89-4,anise,13,0.0,0.0,0.0,0,0,0.0
5910-89-4,apple,13,0.0,0.0,0.0,0,0,0.0
5910-89-4,apricot,13,0.15384615384615385,0.5547001962252291,0.0,2,1,0.07692307692307693
5910-89-4,banana,13,0.0,0.0,0.0,0,0,0.0
5910-89-4,caramel,13,0.8461538461538461,2.154303980645638,0.0,7,2,0.15384615384615385
5910-89-4,citrus,13,0.0,0.0,0.0,0,0,0.0
5910-89-4,cocoa,13,0.38461538461538464,1.3867504905630725,0.0,5,1,0.07692307692307693
5910-89-4,coconut,13,0.0,0.0,0.0,0,0,0.0
5910-89-4,coffee,13,0.0,0.0,0.0,0,0,0.0
5910-89-4,coumaric,13,0.38461538461538464,1.3867504905630728,0.0,5,1,0.07692307692307693
5910-89-4,creamy,13,0.3076923076923077,1.109400392450458,0.0,4,1,0.07692307692307693
5910-89-4,fatty,13,0.23076923076923078,0.8320502943378437,0.0,3,1,0.07692307692307693
5910-89-4,floral,13,0.0,0.0,0.0,0,0,0.0
5910-89-4,fruity,13,0.0,0.0,0.0,0,0,0.0
5910-89-4,green,13,0.0,0.0,0.0,0,0,0.0
5910-89-4,herbal,13,0.0,0.0,0.0,0,0,0.0
5910-89-4,honey,13,0.0,0.0,0.0,0,0,0.0
5910-89-4,jasmine,13,0.0,0.0,0.0,0,0,0.0
5910-89-4,meaty,13,1.0,1.9148542155126762,0.0,5,3,0.23076923076923078
5910-89-4,mint,13,0.23076923076923078,0.8320502943378436,0.0,3,1,0.07692307692307693
5910-89-4,mushroom,13,0.0,0.0,0.0,0,0,0.0
5910-89-4,musky,13,0.15384615384615385,0.554700196225229,0.0,2,1,0.07692307692307693
5910-89-4,nutty,13,2.8461538461538463,3.804518231571374,0.0,9,5,0.38461538461538464
5910-89-4,oily,13,0.46153846153846156,1.126601424298216,0.0,3,2,0.15384615384615385
5910-89-4,peach,13,0.0,0.0,0.0,0,0,0.0
5910-89-4,pear,13,0.0,0.0,0.0,0,0,0.0
5910-89-4,pine_needle,13,0.5384615384615384,1.9414506867883021,0.0,7,1,0.07692307692307693
5910-89-4,pineapple,13,0.0,0.0,0.0,0,0,0.0
5910-89-4,plum,13,0.23076923076923078,0.8320502943378436,0.0,3,1,0.07692307692307693
5910-89-4,roasted,13,2.230769230769231,2.862220762329086,0.0,8,6,0.46153846153846156
5910-89-4,rose,13,0.0,0.0,0.0,0,0,0.0
5910-89-4,sour,13,0.15384615384615385,0.554700196225229,0.0,2,1,0.07692307692307693
5910-89-4,spicy,13,0.0,0.0,0.0,0,0,0.0
5910-89-4,sweet,13,0.0,0.0,0.0,0,0,0.0
5910-89-4,tobacco,13,0.0,0.0,0.0,0,0,0.0
5910-89-4,tropical_fruit,13,0.0,0.0,0.0,0,0,0.0
5910-89-4,vanilla,13,0.0,0.0,0.0,0,0,0.0
5910-89-4,vegetable,13,0.0,0.0,0.0,0,0,0.0
5910-89-4,waxy,13,0.7692307692307693,1.9215378456610457,0.0,6,2,0.15384615384615385
5910-89-4,woody,13,0.0,0.0,0.0,0,0,0.0
60-12-8,alcoholic,13,0.15384615384615385,0.5547001962252291,0.0,2,1,0.07692307692307693
60-12-8,aldehydic,13,0.3076923076923077,1.1094003924504583,0.0,4,1,0.07692307692307693
60-12-8,almond,13,0.0,0.0,0.0,0,0,0.0
60-12-8,anise,13,0.0,0.0,0.0,0,0,0.0
60-12-8,apple,13,0.0,0.0,0.0,0,0,0.0
60-12-8,apricot,13,0.0,0.0,0.0,0,0,0.0
60-12-8,banana,13,0.0,0.0,0.0,0,0,0.0
60-12-8,caramel,13,0.0,0.0,0.0,0,0,0.0
60-12-8,citrus,13,0.46153846153846156,1.1982893790305562,0.0,4,2,0.15384615384615385
60-12-8,cocoa,13,0.0,0.0,0.0,0,0,0.0
60-12-8,coconut,13,0.0,0.0,0.0,0,0,0.0
60-12-8,coffee,13,0.0,0.0,0.0,0,0,0.0
60-12-8,coumaric,13,0.0,0.0,0.0,0,0,0.0
60-12-8,creamy,13,0.0,0.0,0.0,0,0,0.0
60-12-8,fatty,13,0.0,0.0,0.0,0,0,0.0
60-12-8,floral,13,2.0,3.13581462037113,0.0,7,4,0.3076923076923077
60-12-8,fruity,13,0.5384615384615384,1.0500305245868342,0.0,3,3,0.23076923076923078
60-12-8,green,13,1.2307692307692308,2.0475125621855637,0.0,5,4,0.3076923076923077
60-12-8,herbal,13,0.46153846153846156,1.6641005886756874,0.0,6,1,0.07692307692307693
60-12-8,honey,13,1.0,2.449489742783178,0.0,7,2,0.15384615384615385
60-12-8,jasmine,13,0.0,0.0,0.0,0,0,0.0
60-12-8,meaty,13,0.0,0.0,0.0,0,0,0.0
60-12-8,mint,13,0.0,0.0,0.0,0,0,0.0
60-12-8,mushroom,13,0.0,0.0,0.0,0,0,0.0
60-12-8,musky,13,0.15384615384615385,0.5547001962252291,0.0,2,1,0.07692307692307693
60-12-8,nutty,13,0.0,0.0,0.0,0,0,0.0
60-12-8,oily,13,0.0,0.0,0.0,0,0,0.0
60-12-8,peach,13,0.0,0.0,0.0,0,0,0.0
60-12-8,pear,13,0.0,0.0,0.0,0,0,0.0
60-12-8,pine_needle,13,0.46153846153846156,1.6641005886756874,0.0,6,1,0.07692307692307693
60-12-8,pineapple,13,0.0,0.0,0.0,0,0,0.0
60-12-8,plum,13,0.0,0.0,0.0,0,0,0.0
60-12-8,roasted,13,0.0,0.0,0.0,0,0,0.0
60-12-8,rose,13,2.3076923076923075,3.6374124361651967,0.0,8,4,0.3076923076923077
60-12-8,sour,13,0.0,0.0,0.0,0,0,0.0
60-12-8,spicy,13,0.46153846153846156,1.6641005886756874,0.0,6,1,0.07692307692307693
60-12-8,sweet,13,2.3846153846153846,2.9871519752227074,0.0,8,6,0.46153846153846156
60-12-8,tobacco,13,0.0,0.0,0.0,0,0,0.0
60-12-8,tropical_fruit,13,0.0,0.0,0.0,0,0,0.0
60-12-8,vanilla,13,0.0,0.0,0.0,0,0,0.0
60-12-8,vegetable,13,0.0,0.0,0.0,0,0,0.0
60-12-8,waxy,13,0.0,0.0,0.0,0,0,0.0
60-12-8,woody,13,0.6153846153846154,1.2608503439122305,0.0,4,3,0.23076923076923078
623-42-7,alcoholic,13,0.7692307692307693,1.6908501882113505,0.0,5,3,0.23076923076923078
623-42-7,aldehydic,13,0.3076923076923077,0.7510676161988107,0.0,2,2,0.15384615384615385
623-42-7,almond,13,0.0,0.0,0.0,0,0,0.0
623-42-7,anise,13,0.0,0.0,0.0,0,0,0.0
623-42-7,apple,13,2.3846153846153846,3.228479041758971,0.0,8,5,0.38461538461538464
623-42-7,apricot,13,0.0,0.0,0.0,0,0,0.0
623-42-7,banana,13,0.5384615384615384,1.9414506867883021,0.0,7,1,0.07692307692307693
623-42-7,caramel,13,0.0,0.0,0.0,0,0,0.0
623-42-7,citrus,13,0.0,0.0,0.0,0,0,0.0
623-42-7,cocoa,13,0.0,0.0,0.0,0,0,0.0
623-42-7,coconut,13,0.0,0.0,0.0,0,0,0.0
623-42-7,coffee,13,0.0,0.0,0.0,0,0,0.0
623-42-7,coumaric,13,0.0,0.0,0.0,0,0,0.0
623-42-7,creamy,13,0.15384615384615385,0.5547001962252291,0.0,2,1,0.07692307692307693
623-42-7,fatty,13,0.38461538461538464,1.3867504905630728,0.0,5,1,0.07692307692307693
623-42-7,floral,13,0.0,0.0,0.0,0,0,0.0
623-42-7,fruity,13,2.6153846153846154,3.4770308583249,0.0,8,5,0.38461538461538464
623-42-7,green,13,0.7692307692307693,1.5892265495016829,0.0,5,3,0.23076923076923078
623-42-7,herbal,13,0.0,0.0,0.0,0,0,0.0
623-42-7,honey,13,0.0,0.0,0.0,0,0,0.0
623-42-7,jasmine,13,0.0,0.0,0.0,0,0,0.0
623-42-7,meaty,13,0.0,0.0,0.0,0,0,0.0
623-42-7,mint,13,0.23076923076923078,0.8320502943378437,0.0,3,1,0.07692307692307693
623-42-7,mushroom,13,0.0,0.0,0.0,0,0,0.0
623-42-7,musky,13,0.6923076923076923,1.702185623672077,0.0,5,2,0.15384615384615385
623-42-7,nutty,13,0.0,0.0,0.0,0,0,0.0
623-42-7,oily,13,0.0,0.0,0.0,0,0,0.0
623-42-7,peach,13,0.0,0.0,0.0,0,0,0.0
623-42-7,pear,13,0.0,0.0,0.0,0,0,0.0
623-42-7,pine_needle,13,0.0,0.0,0.0,0,0,0.0
623-42-7,pineapple,13,1.0769230769230769,2.215909838025097,0.0,7,3,0.23076923076923078
623-42-7,plum,13,0.0,0.0,0.0,0,0,0.0
623-42-7,roasted,13,0.0,0.0,0.0,0,0,0.0
623-42-7,rose,13,0.0,0.0,0.0,0,0,0.0
623-42-7,sour,13,0.0,0.0,0.0,0,0,0.0
623-42-7,spicy,13,0.23076923076923078,0.8320502943378437,0.0,3,1,0.07692307692307693
623-42-7,sweet,13,0.7692307692307693,1.9215378456610455,0.0,6,2,0.15384615384615385
623-42-7,tobacco,13,0.0,0.0,0.0,0,0,0.0
623-42-7,tropical_fruit,13,0.0,0.0,0.0,0,0,0.0
623-42-7,vanilla,13,0.38461538461538464,1.3867504905630725,0.0,5,1,0.07692307692307693
623-42-7,vegetable,13,0.0,0.0,0.0,0,0,0.0
623-42-7,waxy,13,0.6153846153846154,1.5566235649883124,0.0,5,2,0.15384615384615385
623-42-7,woody,13,0.0,0.0,0.0,0,0,0.0
6259-76-3,alcoholic,13,0.0,0.0,0.0,0,0,0.0
6259-76-3,aldehydic,13,0.3076923076923077,1.1094003924504583,0.0,4,1,0.07692307692307693
6259-76-3,almond,13,0.23076923076923078,0.8320502943378437,0.0,3,1,0.07692307692307693
6259-76-3,anise,13,0.0,0.0,0.0,0,0,0.0
6259-76-3,apple,13,0.0,0.0,0.0,0,0,0.0
6259-76-3,apricot,13,0.0,0.0,0.0,0,0,0.0
6259-76-3,banana,13,0.0,0.0,0.0,0,0,0.0
6259-76-3,caramel,13,0.0,0.0,0.0,0,0,0.0
6259-76-3,citrus,13,0.0,0.0,0.0,0,0,0.0
6259-76-3,cocoa,13,0.0,0.0,0.0,0,0,0.0
6259-76-3,coconut,13,0.46153846153846156,1.3913653136029502,0.0,5,2,0.15384615384615385
6259-76-3,coffee,13,0.0,0.0,0.0,0,0,0.0
6259-76-3,coumaric,13,0.0,0.0,0.0,0,0,0.0
6259-76-3,creamy,13,0.0,0.0,0.0,0,0,0.0
6259-76-3,fatty,13,0.0,0.0,0.0,0,0,0.0
6259-76-3,floral,13,1.0,2.0816659994661326,0.0,6,3,0.23076923076923078
6259-76-3,fruity,13,0.6923076923076923,1.3155870289605438,0.0,4,4,0.3076923076923077
6259-76-3,green,13,0.3076923076923077,0.8548504142651104,0.0,3,2,0.15384615384615385
6259-76-3,herbal,13,0.8461538461538461,2.154303980645638,0.0,7,2,0.15384615384615385
6259-76-3,honey,13,0.38461538461538464,1.3867504905630728,0.0,5,1,0.07692307692307693
6259-76-3,jasmine,13,0.46153846153846156,1.6641005886756877,0.0,6,1,0.07692307692307693
6259-76-3,meaty,13,0.0,0.0,0.0,0,0,0.0
6259-76-3,mint,13,0.0,0.0,0.0,0,0,0.0
6259-76-3,mushroom,13,0.0,0.0,0.0,0,0,0.0
6259-76-3,musky,13,0.0,0.0,0.0,0,0,0.0
6259-76-3,nutty,13,0.0,0.0,0.0,0,0,0.0
6259-76-3,oily,13,0.0,0.0,0.0,0,0,0.0
6259-76-3,peach,13,0.0,0.0,0.0,0,0,0.0
6259-76-3,pear,13,0.0,0.0,0.0,0,0,0.0
6259-76-3,pine_needle,13,0.0,0.0,0.0,0,0,0.0
6259-76-3,pineapple,13,0.0,0.0,0.0,0,0,0.0
6259-76-3,plum,13,0.0,0.0,0.0,0,0,0.0
6259-76-3,roasted,13,0.0,0.0,0.0,0,0,0.0
6259-76-3,rose,13,0.0,0.0,0.0,0,0,0.0
6259-76-3,sour,13,0.0,0.0,0.0,0,0,0.0
6259-76-3,spicy,13,0.0,0.0,0.0,0,0,0.0
6259-76-3,sweet,13,2.1538461538461537,2.7032743678162428,0.0,7,6,0.46153846153846156
6259-76-3,tobacco,13,0.0,0.0,0.0,0,0,0.0
6259-76-3,tropical_fruit,13,0.0,0.0,0.0,0,0,0.0
6259-76-3,vanilla,13,0.15384615384615385,0.5547001962252291,0.0,2,1,0.07692307692307693
6259-76-3,vegetable,13,0.0,0.0,0.0,0,0,0.0
6259-76-3,waxy,13,0.5384615384615384,1.3301243435223526,0.0,4,2,0.15384615384615385
6259-76-3,woody,13,0.23076923076923078,0.8320502943378437,0.0,3,1,0.07692307692307693
6485-40-1,alcoholic,13,0.9230769230769231,2.3965787580611124,0.0,8,2,0.15384615384615385
6485-40-1,aldehydic,13,0.15384615384615385,0.554700196225229,0.0,2,1,0.07692307692307693
6485-40-1,almond,13,0.0,0.0,0.0,0,0,0.0
6485-40-1,anise,13,0.38461538461538464,1.3867504905630728,0.0,5,1,0.07692307692307693
6485-40-1,apple,13,0.0,0.0,0.0,0,0,0.0
6485-40-1,apricot,13,0.23076923076923078,0.8320502943378437,0.0,3,1,0.07692307692307693
6485-40-1,banana,13,0.0,0.0,0.0,0,0,0.0
6485-40-1,caramel,13,0.0,0.0,0.0,0,0,0.0
6485-40-1,citrus,13,0.0,0.0,0.0,0,0,0.0
6485-40-1,cocoa,13,0.0,0.0,0.0,0,0,0.0
6485-40-1,coconut,13,0.0,0.0,0.0,0,0,0.0
6485-40-1,coffee,13,0.0,0.0,0.0,0,0,0.0
6485-40-1,coumaric,13,0.0,0.0,0.0,0,0,0.0
6485-40-1,creamy,13,0.0,0.0,0.0,0,0,0.0
6485-40-1,fatty,13,0.0,0.0,0.0,0,0,0.0
6485-40-1,floral,13,0.46153846153846156,1.126601424298216,0.0,3,2,0.15384615384615385
6485-40-1,fruity,13,0.0,0.0,0.0,0,0,0.0
6485-40-1,green,13,1.5384615384615385,2.1061570302086774,0.0,7,6,0.46153846153846156
6485-40-1,herbal,13,2.1538461538461537,2.9957234475763905,0.0,8,5,0.38461538461538464
6485-40-1,honey,13,0.0,0.0,0.0,0,0,0.0
6485-40-1,jasmine,13,0.0,0.0,0.0,0,0,0.0
6485-40-1,meaty,13,0.0,0.0,0.0,0,0,0.0
6485-40-1,mint,13,3.6923076923076925,3.2502465389724766,5.0,8,8,0.6153846153846154
6485-40-1,mushroom,13,0.0,0.0,0.0,0,0,0.0
6485-40-1,musky,13,0.0,0.0,0.0,0,0,0.0
6485-40-1,nutty,13,0.0,0.0,0.0,0,0,0.0
6485-40-1,oily,13,0.0,0.0,0.0,0,0,0.0
6485-40-1,peach,13,0.0,0.0,0.0,0,0,0.0
6485-40-1,pear,13,0.0,0.0,0.0,0,0,0.0
6485-40-1,pine_needle,13,0.0,0.0,0.0,0,0,0.0
6485-40-1,pineapple,13,0.0,0.0,0.0,0,0,0.0
6485-40-1,plum,13,0.0,0.0,0.0,0,0,0.0
6485-40-1,roasted,13,0.0,0.0,0.0,0,0,0.0
6485-40-1,rose,13,0.0,0.0,0.0,0,0,0.0
6485-40-1,sour,13,0.0,0.0,0.0,0,0,0.0
6485-40-1,spicy,13,0.46153846153846156,1.1982893790305562,0.0,4,2,0.15384615384615385
6485-40-1,sweet,13,0.0,0.0,0.0,0,0,0.0
6485-40-1,tobacco,13,0.0,0.0,0.0,0,0,0.0
6485-40-1,tropical_fruit,13,0.0,0.0,0.0,0,0,0.0
6485-40-1,vanilla,13,0.0,0.0,0.0,0,0,0.0
6485-40-1,vegetable,13,0.0,0.0,0.0,0,0,0.0
6485-40-1,waxy,13,0.0,0.0,0.0,0,0,0.0
6485-40-1,woody,13,0.6153846153846154,1.192927878405448,0.0,3,3,0.23076923076923078
67634-00-8,alcoholic,13,0.46153846153846156,1.1266014242982163,0.0,3,2,0.15384615384615385
67634-00-8,aldehydic,13,0.23076923076923078,0.8320502943378437,0.0,3,1,0.07692307692307693
67634-00-8,almond,13,0.23076923076923078,0.8320502943378437,0.0,3,1,0.07692307692307693
67634-00-8,anise,13,0.0,0.0,0.0,0,0,0.0
67634-00-8,apple,13,0.5384615384615384,1.941450686788302,0.0,7,1,0.07692307692307693
67634-00-8,apricot,13,0.0,0.0,0.0,0,0,0.0
67634-00-8,banana,13,0.0,0.0,0.0,0,0,0.0
67634-00-8,caramel,13,0.0,0.0,0.0,0,0,0.0
67634-00-8,citrus,13,0.0,0.0,0.0,0,0,0.0
67634-00-8,cocoa,13,0.0,0.0,0.0,0,0,0.0
67634-00-8,coconut,13,0.0,0.0,0.0,0,0,0.0
67634-00-8,coffee,13,0.0,0.0,0.0,0,0,0.0
67634-00-8,coumaric,13,0.0,0.0,0.0,0,0,0.0
67634-00-8,creamy,13,0.23076923076923078,0.8320502943378437,0.0,3,1,0.07692307692307693
67634-00-8,fatty,13,0.15384615384615385,0.554700196225229,0.0,2,1,0.07692307692307693
67634-00-8,floral,13,0.0,0.0,0.0,0,0,0.0
67634-00-8,fruity,13,1.0,2.449489742783178,0.0,7,2,0.15384615384615385
67634-00-8,green,13,0.5384615384615384,1.9414506867883021,0.0,7,1,0.07692307692307693
67634-00-8,herbal,13,0.15384615384615385,0.5547001962252291,0.0,2,1,0.07692307692307693
67634-00-8,honey,13,0.0,0.0,0.0,0,0,0.0
67634-00-8,jasmine,13,0.0,0.0,0.0,0,0,0.0
67634-00-8,meaty,13,0.0,0.0,0.0,0,0,0.0
67634-00-8,mint,13,0.0,0.0,0.0,0,0,0.0
67634-00-8,mushroom,13,0.0,0.0,0.0,0,0,0.0
67634-00-8,musky,13,0.0,0.0,0.0,0,0,0.0
67634-00-8,nutty,13,0.0,0.0,0.0,0,0,0.0
67634-00-8,oily,13,0.23076923076923078,0.8320502943378437,0.0,3,1,0.07692307692307693
67634-00-8,peach,13,0.15384615384615385,0.5547001962252291,0.0,2,1,0.07692307692307693
67634-00-8,pear,13,0.0,0.0,0.0,0,0,0.0
67634-00-8,pine_needle,13,0.6153846153846154,1.5566235649883124,0.0,5,2,0.15384615384615385
67634-00-8,pineapple,13,1.7692307692307692,3.3703077543414874,0.0,8,3,0.23076923076923078
67634-00-8,plum,13,0.0,0.0,0.0,0,0,0.0
67634-00-8,roasted,13,0.0,0.0,0.0,0,0,0.0
67634-00-8,rose,13,0.0,0.0,0.0,0,0,0.0
67634-00-8,sour,13,0.7692307692307693,1.535895295576609,0.0,4,3,0.23076923076923078
67634-00-8,spicy,13,0.3076923076923077,1.109400392450458,0.0,4,1,0.07692307692307693
67634-00-8,sweet,13,0.9230769230769231,2.2898885875932358,0.0,7,2,0.15384615384615385
67634-00-8,tobacco,13,0.0,0.0,0.0,0,0,0.0
67634-00-8,tropical_fruit,13,0.3076923076923077,1.109400392450458,0.0,4,1,0.07692307692307693
67634-00-8,vanilla,13,0.0,0.0,0.0,0,0,0.0
67634-00-8,vegetable,13,0.0,0.0,0.0,0,0,0.0
67634-00-8,waxy,13,1.0,2.0,0.0,6,3,0.23076923076923078
67634-00-8,woody,13,0.6923076923076923,1.9741924671712983,0.0,7,2,0.15384615384615385
695-06-7,alcoholic,13,0.0,0.0,0.0,0,0,0.0
695-06-7,aldehydic,13,0.0,0.0,0.0,0,0,0.0
695-06-7,almond,13,0.0,0.0,0.0,0,0,0.0
695-06-7,anise,13,0.0,0.0,0.0,0,0,0.0
695-06-7,apple,13,0.23076923076923078,0.8320502943378437,0.0,3,1,0.07692307692307693
695-06-7,apricot,13,0.0,0.0,0.0,0,0,0.0
695-06-7,banana,13,0.0,0.0,0.0,0,0,0.0
695-06-7,caramel,13,0.9230769230769231,1.8912755158683456,0.0,5,3,0.23076923076923078
695-06-7,citrus,13,0.0,0.0,0.0,0,0,0.0
695-06-7,cocoa,13,0.0,0.0,0.0,0,0,0.0
695-06-7,coconut,13,0.5384615384615384,1.9414506867883021,0.0,7,1,0.07692307692307693
695-06-7,coffee,13,0.0,0.0,0.0,0,0,0.0
695-06-7,coumaric,13,0.9230769230769231,2.253202848596432,0.0,6,2,0.15384615384615385
695-06-7,creamy,13,1.3076923076923077,2.1750331562459526,0.0,6,4,0.3076923076923077
695-06-7,fatty,13,0.0,0.0,0.0,0,0,0.0
695-06-7,floral,13,0.07692307692307693,0.2773500981126146,0.0,1,1,0.07692307692307693
695-06-7,fruity,13,0.0,0.0,0.0,0,0,0.0
695-06-7,green,13,0.0,0.0,0.0,0,0,0.0
695-06-7,herbal,13,2.6923076923076925,2.982857002512172,2.0,7,7,0.5384615384615384
695-06-7,honey,13,0.0,0.0,0.0,0,0,0.0
695-06-7,jasmine,13,0.0,0.0,0.0,0,0,0.0
695-06-7,meaty,13,0.0,0.0,0.0,0,0,0.0
695-06-7,mint,13,0.0,0.0,0.0,0,0,0.0
695-06-7,mushroom,13,0.0,0.0,0.0,0,0,0.0
695-06-7,musky,13,0.0,0.0,0.0,0,0,0.0
695-06-7,nutty,13,0.9230769230769231,2.3965787580611124,0.0,8,2,0.15384615384615385
695-06-7,oily,13,0.0,0.0,0.0,0,0,0.0
695-06-7,peach,13,0.0,0.0,0.0,0,0,0.0
695-06-7,pear,13,0.0,0.0,0.0,0,0,0.0
695-06-7,pine_needle,13,0.3076923076923077,1.1094003924504583,0.0,4,1,0.07692307692307693
695-06-7,pineapple,13,0.0,0.0,0.0,0,0,0.0
695-06-7,plum,13,0.0,0.0,0.0,0,0,0.0
695-06-7,roasted,13,0.38461538461538464,1.3867504905630728,0.0,5,1,0.07692307692307693
695-06-7,rose,13,0.0,0.0,0.0,0,0,0.0
695-06-7,sour,13,0.3076923076923077,1.1094003924504583,0.0,4,1,0.07692307692307693
695-06-7,spicy,13,0.38461538461538464,1.3867504905630728,0.0,5,1,0.07692307692307693
695-06-7,sweet,13,0.3076923076923077,1.1094003924504583,0.0,4,1,0.07692307692307693
695-06-7,tobacco,13,0.0,0.0,0.0,0,0,0.0
695-06-7,tropical_fruit,13,0.0,0.0,0.0,0,0,0.0
695-06-7,vanilla,13,0.23076923076923078,0.8320502943378437,0.0,3,1,0.07692307692307693
695-06-7,vegetable,13,0.0,0.0,0.0,0,0,0.0
695-06-7,waxy,13,0.6923076923076923,1.797434068545834,0.0,6,2,0.15384615384615385
695-06-7,woody,13,0.38461538461538464,1.3867504905630728,0.0,5,1,0.07692307692307693
698-76-0,alcoholic,13,0.0,0.0,0.0,0,0,0.0
698-76-0,aldehydic,13,0.0,0.0,0.0,0,0,0.0
698-76-0,almond,13,0.0,0.0,0.0,0,0,0.0
698-76-0,anise,13,0.0,0.0,0.0,0,0,0.0
698-76-0,apple,13,0.0,0.0,0.0,0,0,0.0
698-76-0,apricot,13,0.0,0.0,0.0,0,0,0.0
698-76-0,banana,13,0.0,0.0,0.0,0,0,0.0
698-76-0,caramel,13,1.1538461538461537,2.444250186531439,0.0,8,3,0.23076923076923078
698-76-0,citrus,13,0.0,0.0,0.0,0,0,0.0
698-76-0,cocoa,13,0.23076923076923078,0.8320502943378437,0.0,3,1,0.07692307692307693
698-76-0,coconut,13,2.1538461538461537,2.640901167094099,0.0,7,6,0.46153846153846156
698-76-0,coffee,13,0.0,0.0,0.0,0,0,0.0
698-76-0,coumaric,13,0.0,0.0,0.0,0,0,0.0
698-76-0,creamy,13,1.4615384615384615,2.7873339895374523,0.0,7,3,0.23076923076923078
698-76-0,fatty,13,0.0,0.0,0.0,0,0,0.0
698-76-0,floral,13,0.0,0.0,0.0,0,0,0.0
698-76-0,fruity,13,0.07692307692307693,0.2773500981126146,0.0,1,1,0.07692307692307693
698-76-0,green,13,0.0,0.0,0.0,0,0,0.0
698-76-0,herbal,13,0.0,0.0,0.0,0,0,0.0
698-76-0,honey,13,0.38461538461538464,1.3867504905630728,0.0,5,1,0.07692307692307693
698-76-0,jasmine,13,0.0,0.0,0.0,0,0,0.0
698-76-0,meaty,13,0.0,0.0,0.0,0,0,0.0
698-76-0,mint,13,0.0,0.0,0.0,0,0,0.0
698-76-0,mushroom,13,0.0,0.0,0.0,0,0,0.0
698-76-0,musky,13,0.0,0.0,0.0,0,0,0.0
698-76-0,nutty,13,1.2307692307692308,2.3858557568108956,0.0,6,3,0.23076923076923078
698-76-0,oily,13,0.3076923076923077,0.7510676161988107,0.0,2,2,0.15384615384615385
698-76-0,peach,13,0.46153846153846156,1.6641005886756874,0.0,6,1,0.07692307692307693
698-76-0,pear,13,0.0,0.0,0.0,0,0,0.0
698-76-0,pine_needle,13,0.0,0.0,0.0,0,0,0.0
698-76-0,pineapple,13,0.0,0.0,0.0,0,0,0.0
698-76-0,plum,13,0.0,0.0,0.0,0,0,0.0
698-76-0,roasted,13,0.8461538461538461,1.6756169931378435,0.0,5,3,0.23076923076923078
698-76-0,rose,13,0.0,0.0,0.0,0,0,0.0
698-76-0,sour,13,0.0,0.0,0.0,0,0,0.0
698-76-0,spicy,13,0.0,0.0,0.0,0,0,0.0
698-76-0,sweet,13,0.23076923076923078,0.8320502943378436,0.0,3,1,0.07692307692307693
698-76-0,tobacco,13,0.0,0.0,0.0,0,0,0.0
698-76-0,tropical_fruit,13,0.0,0.0,0.0,0,0,0.0
698-76-0,vanilla,13,0.6153846153846154,1.5566235649883124,0.0,5,2,0.15384615384615385
698-76-0,vegetable,13,0.0,0.0,0.0,0,0,0.0
698-76-0,waxy,13,0.0,0.0,0.0,0,0,0.0
698-76-0,woody,13,0.9230769230769231,1.8912755158683456,0.0,5,3,0.23076923076923078
705-86-2,alcoholic,13,0.15384615384615385,0.554700196225229,0.0,2,1,0.07692307692307693
705-86-2,aldehydic,13,0.0,0.0,0.0,0,0,0.0
705-86-2,almond,13,0.0,0.0,0.0,0,0,0.0
705-86-2,anise,13,0.0,0.0,0.0,0,0,0.0
705-86-2,apple,13,0.0,0.0,0.0,0,0,0.0
705-86-2,apricot,13,0.0,0.0,0.0,0,0,0.0
705-86-2,banana,13,0.0,0.0,0.0,0,0,0.0
705-86-2,caramel,13,0.0,0.0,0.0,0,0,0.0
705-86-2,citrus,13,0.0,0.0,0.0,0,0,0.0
705-86-2,cocoa,13,0.38461538461538464,1.3867504905630728,0.0,5,1,0.07692307692307693
705-86-2,coconut,13,2.230769230769231,3.0042704647952427,0.0,7,5,0.38461538461538464
705-86-2,coffee,13,0.0,0.0,0.0,0,0,0.0
705-86-2,coumaric,13,0.0,0.0,0.0,0,0,0.0
705-86-2,creamy,13,3.8461538461538463,3.131723536280351,4.0,9,9,0.6923076923076923
705-86-2,fatty,13,0.15384615384615385,0.5547001962252291,0.0,2,1,0.07692307692307693
705-86-2,floral,13,0.23076923076923078,0.8320502943378437,0.0,3,1,0.07692307692307693
705-86-2,fruity,13,0.0,0.0,0.0,0,0,0.0
705-86-2,green,13,0.0,0.0,0.0,0,0,0.0
705-86-2,herbal,13,0.0,0.0,0.0,0,0,0.0
705-86-2,honey,13,0.07692307692307693,0.2773500981126146,0.0,1,1,0.07692307692307693
705-86-2,jasmine,13,0.0,0.0,0.0,0,0,0.0
705-86-2,meaty,13,0.0,0.0,0.0,0,0,0.0
705-86-2,mint,13,0.0,0.0,0.0,0,0,0.0
705-86-2,mushroom,13,0.0,0.0,0.0,0,0,0.0
705-86-2,musky,13,0.0,0.0,0.0,0,0,0.0
705-86-2,nutty,13,0.3076923076923077,1.1094003924504583,0.0,4,1,0.07692307692307693
705-86-2,oily,13,0.15384615384615385,0.554700196225229,0.0,2,1,0.07692307692307693
705-86-2,peach,13,0.7692307692307693,1.9215378456610455,0.0,6,2,0.15384615384615385
705-86-2,pear,13,0.0,0.0,0.0,0,0,0.0
705-86-2,pine_needle,13,0.0,0.0,0.0,0,0,0.0
705-86-2,pineapple,13,0.23076923076923078,0.8320502943378437,0.0,3,1,0.07692307692307693
705-86-2,plum,13,0.0,0.0,0.0,0,0,0.0
705-86-2,roasted,13,0.38461538461538464,1.3867504905630728,0.0,5,1,0.07692307692307693
705-86-2,rose,13,0.0,0.0,0.0,0,0,0.0
705-86-2,sour,13,0.0,0.0,0.0,0,0,0.0
705-86-2,spicy,13,0.0,0.0,0.0,0,0,0.0
705-86-2,sweet,13,1.9230769230769231,2.7526211284742907,0.0,7,5,0.38461538461538464
705-86-2,tobacco,13,0.0,0.0,0.0,0,0,0.0
705-86-2,tropical_fruit,13,0.0,0.0,0.0,0,0,0.0
705-86-2,vanilla,13,0.23076923076923078,0.8320502943378437,0.0,3,1,0.07692307692307693
705-86-2,vegetable,13,0.0,0.0,0.0,0,0,0.0
705-86-2,waxy,13,0.15384615384615385,0.554700196225229,0.0,2,1,0.07692307692307693
705-86-2,woody,13,0.0,0.0,0.0,0,0,0.0
706-14-9,alcoholic,13,0.0,0.0,0.0,0,0,0.0
706-14-9,aldehydic,13,0.0,0.0,0.0,0,0,0.0
706-14-9,almond,13,0.0,0.0,0.0,0,0,0.0
706-14-9,anise,13,0.0,0.0,0.0,0,0,0.0
706-14-9,apple,13,0.0,0.0,0.0,0,0,0.0
706-14-9,apricot,13,0.15384615384615385,0.5547001962252291,0.0,2,1,0.07692307692307693
706-14-9,banana,13,0.0,0.0,0.0,0,0,0.0
706-14-9,caramel,13,0.6923076923076923,1.702185623672077,0.0,5,2,0.15384615384615385
706-14-9,citrus,13,0.0,0.0,0.0,0,0,0.0
706-14-9,cocoa,13,0.0,0.0,0.0,0,0,0.0
706-14-9,coconut,13,2.4615384615384617,3.306946845036587,0.0,8,5,0.38461538461538464
706-14-9,coffee,13,0.3076923076923077,1.109400392450458,0.0,4,1,0.07692307692307693
706-14-9,coumaric,13,0.0,0.0,0.0,0,0,0.0
706-14-9,creamy,13,1.4615384615384615,2.331501112137293,0.0,6,4,0.3076923076923077
706-14-9,fatty,13,0.3076923076923077,1.1094003924504583,0.0,4,1,0.07692307692307693
706-14-9,floral,13,0.0,0.0,0.0,0,0,0.0
706-14-9,fruity,13,0.46153846153846156,1.1982893790305562,0.0,4,2,0.15384615384615385
706-14-9,green,13,0.0,0.0,0.0,0,0,0.0
706-14-9,herbal,13,0.0,0.0,0.0,0,0,0.0
706-14-9,honey,13,0.0,0.0,0.0,0,0,0.0
706-14-9,jasmine,13,0.0,0.0,0.0,0,0,0.0
706-14-9,meaty,13,0.0,0.0,0.0,0,0,0.0
706-14-9,mint,13,0.0,0.0,0.0,0,0,0.0
706-14-9,mushroom,13,0.0,0.0,0.0,0,0,0.0
706-14-9,musky,13,0.0,0.0,0.0,0,0,0.0
706-14-9,nutty,13,1.1538461538461537,2.3038429433649137,0.0,6,3,0.23076923076923078
706-14-9,oily,13,1.2307692307692308,2.0475125621855637,0.0,6,4,0.3076923076923077
706-14-9,peach,13,0.5384615384615384,1.9414506867883021,0.0,7,1,0.07692307692307693
706-14-9,pear,13,0.0,0.0,0.0,0,0,0.0
706-14-9,pine_needle,13,0.0,0.0,0.0,0,0,0.0
706-14-9,pineapple,13,0.0,0.0,0.0,0,0,0.0
706-14-9,plum,13,0.15384615384615385,0.5547001962252291,0.0,2,1,0.07692307692307693
706-14-9,roasted,13,0.38461538461538464,1.12089707663561,0.0,4,2,0.15384615384615385
706-14-9,rose,13,0.0,0.0,0.0,0,0,0.0
706-14-9,sour,13,0.0,0.0,0.0,0,0,0.0
706-14-9,spicy,13,0.0,0.0,0.0,0,0,0.0
706-14-9,sweet,13,0.3076923076923077,0.7510676161988107,0.0,2,2,0.15384615384615385
706-14-9,tobacco,13,0.0,0.0,0.0,0,0,0.0
706-14-9,tropical_fruit,13,0.0,0.0,0.0,0,0,0.0
706-14-9,vanilla,13,0.0,0.0,0.0,0,0,0.0
706-14-9,vegetable,13,0.0,0.0,0.0,0,0,0.0
706-14-9,waxy,13,0.23076923076923078,0.8320502943378437,0.0,3,1,0.07692307692307693
706-14-9,woody,13,0.0,0.0,0.0,0,0,0.0
710-04-3,alcoholic,13,0.0,0.0,0.0,0,0,0.0
710-04-3,aldehydic,13,0.0,0.0,0.0,0,0,0.0
710-04-3,almond,13,0.38461538461538464,1.3867504905630728,0.0,5,1,0.07692307692307693
710-04-3,anise,13,0.0,0.0,0.0,0,0,0.0
710-04-3,apple,13,0.0,0.0,0.0,0,0,0.0
710-04-3,apricot,13,0.9230769230769231,2.2898885875932353,0.0,8,3,0.23076923076923078
710-04-3,banana,13,0.0,0.0,0.0,0,0,0.0
710-04-3,caramel,13,0.0,0.0,0.0,0,0,0.0
710-04-3,citrus,13,0.0,0.0,0.0,0,0,0.0
710-04-3,cocoa,13,0.0,0.0,0.0,0,0,0.0
710-04-3,coconut,13,1.5384615384615385,2.436369724794953,0.0,6,4,0.3076923076923077
710-04-3,coffee,13,0.0,0.0,0.0,0,0,0.0
710-04-3,coumaric,13,0.0,0.0,0.0,0,0,0.0
710-04-3,creamy,13,1.1538461538461537,2.8238907511373337,0.0,8,2,0.15384615384615385
710-04-3,fatty,13,0.0,0.0,0.0,0,0,0.0
710-04-3,floral,13,0.23076923076923078,0.8320502943378437,0.0,3,1,0.07692307692307693
710-04-3,fruity,13,0.0,0.0,0.0,0,0,0.0
710-04-3,green,13,0.0,0.0,0.0,0,0,0.0
710-04-3,herbal,13,0.0,0.0,0.0,0,0,0.0
710-04-3,honey,13,0.0,0.0,0.0,0,0,0.0
710-04-3,jasmine,13,0.0,0.0,0.0,0,0,0.0
710-04-3,meaty,13,0.0,0.0,0.0,0,0,0.0
710-04-3,mint,13,0.0,0.0,0.0,0,0,0.0
710-04-3,mushroom,13,0.0,0.0,0.0,0,0,0.0
710-04-3,musky,13,0.0,0.0,0.0,0,0,0.0
710-04-3,nutty,13,0.5384615384615384,1.9414506867883021,0.0,7,1,0.07692307692307693
710-04-3,oily,13,1.7692307692307692,2.521700687824461,0.0,6,5,0.38461538461538464
710-04-3,peach,13,1.0769230769230769,2.6287366566958377,0.0,7,2,0.15384615384615385
710-04-3,pear,13,0.0,0.0,0.0,0,0,0.0
710-04-3,pine_needle,13,0.0,0.0,0.0,0,0,0.0
710-04-3,pineapple,13,0.0,0.0,0.0,0,0,0.0
710-04-3,plum,13,0.0,0.0,0.0,0,0,0.0
710-04-3,roasted,13,0.46153846153846156,1.6641005886756877,0.0,6,1,0.07692307692307693
710-04-3,rose,13,0.0,0.0,0.0,0,0,0.0
710-04-3,sour,13,0.0,0.0,0.0,0,0,0.0
710-04-3,spicy,13,0.0,0.0,0.0,0,0,0.0
710-04-3,sweet,13,1.0,1.8708286933869709,0.0,6,4,0.3076923076923077
710-04-3,tobacco,13,0.0,0.0,0.0,0,0,0.0
710-04-3,tropical_fruit,13,0.0,0.0,0.0,0,0,0.0
710-04-3,vanilla,13,0.23076923076923078,0.8320502943378437,0.0,3,1,0.07692307692307693
710-04-3,vegetable,13,0.0,0.0,0.0,0,0,0.0
710-04-3,waxy,13,0.0,0.0,0.0,0,0,0.0
710-04-3,woody,13,0.0,0.0,0.0,0,0,0.0
7452-79-1,alcoholic,13,0.0,0.0,0.0,0,0,0.0
7452-79-1,aldehydic,13,0.15384615384615385,0.554700196225229,0.0,2,1,0.07692307692307693
7452-79-1,almond,13,0.0,0.0,0.0,0,0,0.0
7452-79-1,anise,13,0.0,0.0,0.0,0,0,0.0
7452-79-1,apple,13,1.7692307692307692,2.3858557568108956,0.0,6,5,0.38461538461538464
7452-79-1,apricot,13,0.15384615384615385,0.5547001962252291,0.0,2,1,0.07692307692307693
7452-79-1,banana,13,0.0,0.0,0.0,0,0,0.0
7452-79-1,caramel,13,0.8461538461538461,2.154303980645638,0.0,7,2,0.15384615384615385
7452-79-1,citrus,13,0.0,0.0,0.0,0,0,0.0
7452-79-1,cocoa,13,0.38461538461538464,1.3867504905630725,0.0,5,1,0.07692307692307693
7452-79-1,coconut,13,0.0,0.0,0.0,0,0,0.0
7452-79-1,coffee,13,0.0,0.0,0.0,0,0,0.0
7452-79-1,coumaric,13,0.38461538461538464,1.3867504905630728,0.0,5,1,0.07692307692307693
7452-79-1,creamy,13,0.3076923076923077,1.109400392450458,0.0,4,1,0.07692307692307693
7452-79-1,fatty,13,0.23076923076923078,0.8320502943378437,0.0,3,1,0.07692307692307693
7452-79-1,floral,13,0.0,0.0,0.0,0,0,0.0
7452-79-1,fruity,13,3.6153846153846154,3.6637517551107255,4.0,9,7,0.5384615384615384
7452-79-1,green,13,2.5384615384615383,2.8170724939016814,3.0,8,7,0.5384615384615384
7452-79-1,herbal,13,0.0,0.0,0.0,0,0,0.0
7452-79-1,honey,13,0.0,0.0,0.0,0,0,0.0
7452-79-1,jasmine,13,0.0,0.0,0.0,0,0,0.0
7452-79-1,meaty,13,0.0,0.0,0.0,0,0,0.0
7452-79-1,mint,13,0.23076923076923078,0.8320502943378436,0.0,3,1,0.07692307692307693
7452-79-1,mushroom,13,0.0,0.0,0.0,0,0,0.0
7452-79-1,musky,13,0.15384615384615385,0.554700196225229,0.0,2,1,0.07692307692307693
7452-79-1,nutty,13,0.0,0.0,0.0,0,0,0.0
7452-79-1,oily,13,0.46153846153846156,1.126601424298216,0.0,3,2,0.15384615384615385
7452-79-1,peach,13,0.0,0.0,0.0,0,0,0.0
7452-79-1,pear,13,0.0,0.0,0.0,0,0,0.0
7452-79-1,pine_needle,13,0.5384615384615384,1.9414506867883021,0.0,7,1,0.07692307692307693
7452-79-1,pineapple,13,0.0,0.0,0.0,0,0,0.0
7452-79-1,plum,13,0.23076923076923078,0.8320502943378436,0.0,3,1,0.07692307692307693
7452-79-1,roasted,13,0.0,0.0,0.0,0,0,0.0
7452-79-1,rose,13,0.0,0.0,0.0,0,0,0.0
7452-79-1,sour,13,0.15384615384615385,0.554700196225229,0.0,2,1,0.07692307692307693
7452-79-1,spicy,13,0.0,0.0,0.0,0,0,0.0
7452-79-1,sweet,13,0.3076923076923077,1.109400392450458,0.0,4,1,0.07692307692307693
7452-79-1,tobacco,13,0.0,0.0,0.0,0,0,0.0
7452-79-1,tropical_fruit,13,0.0,0.0,0.0,0,0,0.0
7452-79-1,vanilla,13,0.0,0.0,0.0,0,0,0.0
7452-79-1,vegetable,13,0.0,0.0,0.0,0,0,0.0
7452-79-1,waxy,13,0.0,0.0,0.0,0,0,0.0
7452-79-1,woody,13,0.0,0.0,0.0,0,0,0.0
7493-74-5,alcoholic,13,0.3076923076923077,1.1094003924504583,0.0,4,1,0.07692307692307693
7493-74-5,aldehydic,13,0.0,0.0,0.0,0,0,0.0
7493-74-5,almond,13,0.0,0.0,0.0,0,0,0.0
7493-74-5,anise,13,0.0,0.0,0.0,0,0,0.0
7493-74-5,apple,13,0.0,0.0,0.0,0,0,0.0
7493-74-5,apricot,13,0.0,0.0,0.0,0,0,0.0
7493-74-5,banana,13,0.0,0.0,0.0,0,0,0.0
7493-74-5,caramel,13,0.0,0.0,0.0,0,0,0.0
7493-74-5,citrus,13,0.15384615384615385,0.5547001962252291,0.0,2,1,0.07692307692307693
7493-74-5,cocoa,13,0.0,0.0,0.0,0,0,0.0
7493-74-5,coconut,13,0.0,0.0,0.0,0,0,0.0
7493-74-5,coffee,13,0.0,0.0,0.0,0,0,0.0
7493-74-5,coumaric,13,0.0,0.0,0.0,0,0,0.0
7493-74-5,creamy,13,0.0,0.0,0.0,0,0,0.0
7493-74-5,fatty,13,0.0,0.0,0.0,0,0,0.0
7493-74-5,floral,13,0.0,0.0,0.0,0,0,0.0
7493-74-5,fruity,13,0.38461538461538464,1.3867504905630728,0.0,5,1,0.07692307692307693
7493-74-5,green,13,0.0,0.0,0.0,0,0,0.0
7493-74-5,herbal,13,0.0,0.0,0.0,0,0,0.0
7493-74-5,honey,13,0.0,0.0,0.0,0,0,0.0
7493-74-5,jasmine,13,0.0,0.0,0.0,0,0,0.0
7493-74-5,meaty,13,0.0,0.0,0.0,0,0,0.0
7493-74-5,mint,13,0.0,0.0,0.0,0,0,0.0
7493-74-5,mushroom,13,0.0,0.0,0.0,0,0,0.0
7493-74-5,musky,13,0.0,0.0,0.0,0,0,0.0
7493-74-5,nutty,13,0.0,0.0,0.0,0,0,0.0
7493-74-5,oily,13,0.38461538461538464,1.1208970766356101,0.0,4,2,0.15384615384615385
7493-74-5,peach,13,0.0,0.0,0.0,0,0,0.0
7493-74-5,pear,13,0.0,0.0,0.0,0,0,0.0
7493-74-5,pine_needle,13,0.0,0.0,0.0,0,0,0.0
7493-74-5,pineapple,13,4.615384615384615,2.292686253374032,5.0,8,12,0.9230769230769231
7493-74-5,plum,13,0.0,0.0,0.0,0,0,0.0
7493-74-5,roasted,13,0.0,0.0,0.0,0,0,0.0
7493-74-5,rose,13,0.3076923076923077,1.109400392450458,0.0,4,1,0.07692307692307693
7493-74-5,sour,13,0.7692307692307693,1.5892265495016833,0.0,5,3,0.23076923076923078
7493-74-5,spicy,13,0.0,0.0,0.0,0,0,0.0
7493-74-5,sweet,13,0.9230769230769231,1.7059473644448735,0.0,5,4,0.3076923076923077
7493-74-5,tobacco,13,0.0,0.0,0.0,0,0,0.0
7493-74-5,tropical_fruit,13,0.38461538461538464,1.3867504905630725,0.0,5,1,0.07692307692307693
7493-74-5,vanilla,13,0.0,0.0,0.0,0,0,0.0
7493-74-5,vegetable,13,0.0,0.0,0.0,0,0,0.0
7493-74-5,waxy,13,0.46153846153846156,1.1982893790305562,0.0,4,2,0.15384615384615385
7493-74-5,woody,13,0.0,0.0,0.0,0,0,0.0
78-70-6,alcoholic,13,0.6153846153846154,1.7097008285302207,0.0,6,2,0.15384615384615385
78-70-6,aldehydic,13,0.0,0.0,0.0,0,0,0.0
78-70-6,almond,13,0.0,0.0,0.0,0,0,0.0
78-70-6,anise,13,0.0,0.0,0.0,0,0,0.0
78-70-6,apple,13,0.0,0.0,0.0,0,0,0.0
78-70-6,apricot,13,0.23076923076923078,0.8320502943378436,0.0,3,1,0.07692307692307693
78-70-6,banana,13,0.0,0.0,0.0,0,0,0.0
78-70-6,caramel,13,0.0,0.0,0.0,0,0,0.0
78-70-6,citrus,13,2.5384615384615383,2.989297147474208,0.0,7,6,0.46153846153846156
78-70-6,cocoa,13,0.0,0.0,0.0,0,0,0.0
78-70-6,coconut,13,0.0,0.0,0.0,0,0,0.0
78-70-6,coffee,13,0.0,0.0,0.0,0,0,0.0
78-70-6,coumaric,13,0.23076923076923078,0.8320502943378437,0.0,3,1,0.07692307692307693
78-70-6,creamy,13,0.0,0.0,0.0,0,0,0.0
78-70-6,fatty,13,0.0,0.0,0.0,0,0,0.0
78-70-6,floral,13,2.076923076923077,3.2777415614397887,0.0,8,4,0.3076923076923077
78-70-6,fruity,13,1.2307692307692308,2.087815690853567,0.0,6,4,0.3076923076923077
78-70-6,green,13,0.6153846153846154,1.5021352323976214,0.0,4,2,0.15384615384615385
78-70-6,herbal,13,0.38461538461538464,1.3867504905630728,0.0,5,1,0.07692307692307693
78-70-6,honey,13,0.0,0.0,0.0,0,0,0.0
78-70-6,jasmine,13,0.0,0.0,0.0,0,0,0.0
78-70-6,meaty,13,0.0,0.0,0.0,0,0,0.0
78-70-6,mint,13,0.3076923076923077,1.1094003924504583,0.0,4,1,0.07692307692307693
78-70-6,mushroom,13,0.0,0.0,0.0,0,0,0.0
78-70-6,musky,13,0.0,0.0,0.0,0,0,0.0
78-70-6,nutty,13,0.0,0.0,0.0,0,0,0.0
78-70-6,oily,13,0.0,0.0,0.0,0,0,0.0
78-70-6,peach,13,0.0,0.0,0.0,0,0,0.0
78-70-6,pear,13,0.0,0.0,0.0,0,0,0.0
78-70-6,pine_needle,13,0.0,0.0,0.0,0,0,0.0
78-70-6,pineapple,13,0.5384615384615384,1.9414506867883021,0.0,7,1,0.07692307692307693
78-70-6,plum,13,0.0,0.0,0.0,0,0,0.0
78-70-6,roasted,13,0.0,0.0,0.0,0,0,0.0
78-70-6,rose,13,2.1538461538461537,3.4118947288897474,0.0,8,4,0.3076923076923077
78-70-6,sour,13,0.0,0.0,0.0,0,0,0.0
78-70-6,spicy,13,0.7692307692307693,2.0475125621855637,0.0,7,2,0.15384615384615385
78-70-6,sweet,13,0.46153846153846156,1.1266014242982163,0.0,3,2,0.15384615384615385
78-70-6,tobacco,13,0.0,0.0,0.0,0,0,0.0
78-70-6,tropical_fruit,13,0.0,0.0,0.0,0,0,0.0
78-70-6,vanilla,13,0.0,0.0,0.0,0,0,0.0
78-70-6,vegetable,13,0.0,0.0,0.0,0,0,0.0
78-70-6,waxy,13,0.0,0.0,0.0,0,0,0.0
78-70-6,woody,13,0.15384615384615385,0.5547001962252291,0.0,2,1,0.07692307692307693
821-55-6,alcoholic,13,0.0,0.0,0.0,0,0,0.0
821-55-6,aldehydic,13,0.0,0.0,0.0,0,0,0.0
821-55-6,almond,13,0.0,0.0,0.0,0,0,0.0
821-55-6,anise,13,0.0,0.0,0.0,0,0,0.0
821-55-6,apple,13,0.5384615384615384,1.0500305245868342,0.0,3,3,0.23076923076923078
821-55-6,apricot,13,0.3076923076923077,1.1094003924504583,0.0,4,1,0.07692307692307693
821-55-6,banana,13,0.0,0.0,0.0,0,0,0.0
821-55-6,caramel,13,0.0,0.0,0.0,0,0,0.0
821-55-6,citrus,13,0.3076923076923077,0.7510676161988108,0.0,2,2,0.15384615384615385
821-55-6,cocoa,13,0.0,0.0,0.0,0,0,0.0
821-55-6,coconut,13,0.0,0.0,0.0,0,0,0.0
821-55-6,coffee,13,0.0,0.0,0.0,0,0,0.0
821-55-6,coumaric,13,0.0,0.0,0.0,0,0,0.0
821-55-6,creamy,13,0.0,0.0,0.0,0,0,0.0
821-55-6,fatty,13,0.0,0.0,0.0,0,0,0.0
821-55-6,floral,13,1.0769230769230769,2.100061049173669,0.0,6,3,0.23076923076923078
821-55-6,fruity,13,1.3846153846153846,2.2188007849009166,0.0,6,4,0.3076923076923077
821-55-6,green,13,4.076923076923077,2.4651415936864716,5.0,6,10,0.7692307692307693
821-55-6,herbal,13,3.1538461538461537,2.8238907511373337,4.0,8,8,0.6153846153846154
821-55-6,honey,13,0.0,0.0,0.0,0,0,0.0
821-55-6,jasmine,13,0.0,0.0,0.0,0,0,0.0
821-55-6,meaty,13,0.0,0.0,0.0,0,0,0.0
821-55-6,mint,13,0.0,0.0,0.0,0,0,0.0
821-55-6,mushroom,13,0.3076923076923077,1.109400392450458,0.0,4,1,0.07692307692307693
821-55-6,musky,13,0.3076923076923077,1.1094003924504583,0.0,4,1,0.07692307692307693
821-55-6,nutty,13,0.0,0.0,0.0,0,0,0.0
821-55-6,oily,13,0.0,0.0,0.0,0,0,0.0
821-55-6,peach,13,0.0,0.0,0.0,0,0,0.0
821-55-6,pear,13,0.0,0.0,0.0,0,0,0.0
821-55-6,pine_needle,13,0.6153846153846154,1.5021352323976216,0.0,4,2,0.15384615384615385
821-55-6,pineapple,13,0.0,0.0,0.0,0,0,0.0
821-55-6,plum,13,0.0,0.0,0.0,0,0,0.0
821-55-6,roasted,13,0.0,0.0,0.0,0,0,0.0
821-55-6,rose,13,0.46153846153846156,1.1982893790305562,0.0,4,2,0.15384615384615385
821-55-6,sour,13,0.0,0.0,0.0,0,0,0.0
821-55-6,spicy,13,0.6153846153846154,1.2608503439122305,0.0,4,3,0.23076923076923078
821-55-6,sweet,13,1.0769230769230769,1.5525000516123695,0.0,4,5,0.38461538461538464
821-55-6,tobacco,13,0.15384615384615385,0.554700196225229,0.0,2,1,0.07692307692307693
821-55-6,tropical_fruit,13,0.3076923076923077,1.109400392450458,0.0,4,1,0.07692307692307693
821-55-6,vanilla,13,0.15384615384615385,0.554700196225229,0.0,2,1,0.07692307692307693
821-55-6,vegetable,13,0.0,0.0,0.0,0,0,0.0
821-55-6,waxy,13,0.0,0.0,0.0,0,0,0.0
821-55-6,woody,13,1.6153846153846154,1.9806758753205744,0.0,5,6,0.46153846153846156
82356-51-2,alcoholic,13,0.0,0.0,0.0,0,0,0.0
82356-51-2,aldehydic,13,0.8461538461538461,1.908147174886057,0.0,6,3,0.23076923076923078
82356-51-2,almond,13,0.0,0.0,0.0,0,0,0.0
82356-51-2,anise,13,0.0,0.0,0.0,0,0,0.0
82356-51-2,apple,13,0.0,0.0,0.0,0,0,0.0
82356-51-2,apricot,13,0.0,0.0,0.0,0,0,0.0
82356-51-2,banana,13,0.0,0.0,0.0,0,0,0.0
82356-51-2,caramel,13,0.0,0.0,0.0,0,0,0.0
82356-51-2,citrus,13,0.0,0.0,0.0,0,0,0.0
82356-51-2,cocoa,13,0.0,0.0,0.0,0,0,0.0
82356-51-2,coconut,13,0.15384615384615385,0.5547001962252291,0.0,2,1,0.07692307692307693
82356-51-2,coffee,13,0.0,0.0,0.0,0,0,0.0
82356-51-2,coumaric,13,0.0,0.0,0.0,0,0,0.0
82356-51-2,creamy,13,0.3076923076923077,1.1094003924504583,0.0,4,1,0.07692307692307693
82356-51-2,fatty,13,0.23076923076923078,0.8320502943378437,0.0,3,1,0.07692307692307693
82356-51-2,floral,13,0.46153846153846156,1.1266014242982163,0.0,3,2,0.15384615384615385
82356-51-2,fruity,13,0.15384615384615385,0.5547001962252291,0.0,2,1,0.07692307692307693
82356-51-2,green,13,0.3076923076923077,1.109400392450458,0.0,4,1,0.07692307692307693
82356-51-2,herbal,13,0.0,0.0,0.0,0,0,0.0
82356-51-2,honey,13,0.38461538461538464,1.3867504905630725,0.0,5,1,0.07692307692307693
82356-51-2,jasmine,13,0.0,0.0,0.0,0,0,0.0
82356-51-2,meaty,13,0.0,0.0,0.0,0,0,0.0
82356-51-2,mint,13,0.0,0.0,0.0,0,0,0.0
82356-51-2,mushroom,13,0.0,0.0,0.0,0,0,0.0
82356-51-2,musky,13,4.461538461538462,3.071790591153218,5.0,8,10,0.7692307692307693
82356-51-2,nutty,13,0.23076923076923078,0.8320502943378437,0.0,3,1,0.07692307692307693
82356-51-2,oily,13,0.0,0.0,0.0,0,0,0.0
82356-51-2,peach,13,0.0,0.0,0.0,0,0,0.0
82356-51-2,pear,13,0.0,0.0,0.0,0,0,0.0
82356-51-2,pine_needle,13,0.0,0.0,0.0,0,0,0.0
82356-51-2,pineapple,13,0.0,0.0,0.0,0,0,0.0
82356-51-2,plum,13,0.0,0.0,0.0,0,0,0.0
82356-51-2,roasted,13,0.0,0.0,0.0,0,0,0.0
82356-51-2,rose,13,0.38461538461538464,1.3867504905630725,0.0,5,1,0.07692307692307693
82356-51-2,sour,13,0.0,0.0,0.0,0,0,0.0
82356-51-2,spicy,13,0.0,0.0,0.0,0,0,0.0
82356-51-2,sweet,13,1.3076923076923077,1.9741924671712983,0.0,6,5,0.38461538461538464
82356-51-2,tobacco,13,0.0,0.0,0.0,0,0,0.0
82356-51-2,tropical_fruit,13,0.0,0.0,0.0,0,0,0.0
82356-51-2,vanilla,13,0.38461538461538464,1.3867504905630728,0.0,5,1,0.07692307692307693
82356-51-2,vegetable,13,0.0,0.0,0.0,0,0,0.0
82356-51-2,waxy,13,0.0,0.0,0.0,0,0,0.0
82356-51-2,woody,13,0.38461538461538464,1.3867504905630728,0.0,5,1,0.07692307692307693
868-57-5,alcoholic,13,0.0,0.0,0.0,0,0,0.0
868-57-5,aldehydic,13,0.0,0.0,0.0,0,0,0.0
868-57-5,almond,13,0.0,0.0,0.0,0,0,0.0
868-57-5,anise,13,0.0,0.0,0.0,0,0,0.0
868-57-5,apple,13,2.076923076923077,2.253202848596432,2.0,6,7,0.5384615384615384
868-57-5,apricot,13,0.0,0.0,0.0,0,0,0.0
868-57-5,banana,13,0.0,0.0,0.0,0,0,0.0
868-57-5,caramel,13,0.6923076923076923,1.702185623672077,0.0,5,2,0.15384615384615385
868-57-5,citrus,13,0.0,0.0,0.0,0,0,0.0
868-57-5,cocoa,13,0.0,0.0,0.0,0,0,0.0
868-57-5,coconut,13,0.0,0.0,0.0,0,0,0.0
868-57-5,coffee,13,0.0,0.0,0.0,0,0,0.0
868-57-5,coumaric,13,0.0,0.0,0.0,0,0,0.0
868-57-5,creamy,13,0.0,0.0,0.0,0,0,0.0
868-57-5,fatty,13,0.0,0.0,0.0,0,0,0.0
868-57-5,floral,13,0.6153846153846154,1.5021352323976216,0.0,4,2,0.15384615384615385
868-57-5,fruity,13,4.0,2.943920288775949,6.0,8,9,0.6923076923076923
868-57-5,green,13,0.5384615384615384,1.0500305245868344,0.0,3,3,0.23076923076923078
868-57-5,herbal,13,0.3076923076923077,1.1094003924504583,0.0,4,1,0.07692307692307693
868-57-5,honey,13,0.0,0.0,0.0,0,0,0.0
868-57-5,jasmine,13,0.0,0.0,0.0,0,0,0.0
868-57-5,meaty,13,0.0,0.0,0.0,0,0,0.0
868-57-5,mint,13,0.0,0.0,0.0,0,0,0.0
868-57-5,mushroom,13,0.0,0.0,0.0,0,0,0.0
868-57-5,musky,13,0.0,0.0,0.0,0,0,0.0
868-57-5,nutty,13,0.0,0.0,0.0,0,0,0.0
868-57-5,oily,13,0.0,0.0,0.0,0,0,0.0
868-57-5,peach,13,0.0,0.0,0.0,0,0,0.0
868-57-5,pear,13,0.0,0.0,0.0,0,0,0.0
868-57-5,pine_needle,13,0.0,0.0,0.0,0,0,0.0
868-57-5,pineapple,13,0.0,0.0,0.0,0,0,0.0
868-57-5,plum,13,0.0,0.0,0.0,0,0,0.0
868-57-5,roasted,13,0.0,0.0,0.0,0,0,0.0
868-57-5,rose,13,0.0,0.0,0.0,0,0,0.0
868-57-5,sour,13,0.0,0.0,0.0,0,0,0.0
868-57-5,spicy,13,0.0,0.0,0.0,0,0,0.0
868-57-5,sweet,13,1.0769230769230769,2.100061049173669,0.0,6,3,0.23076923076923078
868-57-5,tobacco,13,0.0,0.0,0.0,0,0,0.0
868-57-5,tropical_fruit,13,0.3076923076923077,1.1094003924504583,0.0,4,1,0.07692307692307693
868-57-5,vanilla,13,0.0,0.0,0.0,0,0,0.0
868-57-5,vegetable,13,0.0,0.0,0.0,0,0,0.0
868-57-5,waxy,13,0.0,0.0,0.0,0,0,0.0
868-57-5,woody,13,0.8461538461538461,2.154303980645638,0.0,7,2,0.15384615384615385
93-92-5,alcoholic,13,0.7692307692307693,1.535895295576609,0.0,4,3,0.23076923076923078
93-92-5,aldehydic,13,0.0,0.0,0.0,0,0,0.0
93-92-5,almond,13,0.0,0.0,0.0,0,0,0.0
93-92-5,anise,13,0.0,0.0,0.0,0,0,0.0
93-92-5,apple,13,0.46153846153846156,1.6641005886756874,0.0,6,1,0.07692307692307693
93-92-5,apricot,13,0.0,0.0,0.0,0,0,0.0
93-92-5,banana,13,0.0,0.0,0.0,0,0,0.0
93-92-5,caramel,13,0.0,0.0,0.0,0,0,0.0
93-92-5,citrus,13,1.3846153846153846,2.754948926884778,0.0,8,3,0.23076923076923078
93-92-5,cocoa,13,0.0,0.0,0.0,0,0,0.0
93-92-5,coconut,13,0.0,0.0,0.0,0,0,0.0
93-92-5,coffee,13,0.0,0.0,0.0,0,0,0.0
93-92-5,coumaric,13,0.0,0.0,0.0,0,0,0.0
93-92-5,creamy,13,0.0,0.0,0.0,0,0,0.0
93-92-5,fatty,13,0.0,0.0,0.0,0,0,0.0
93-92-5,floral,13,0.7692307692307693,1.589226549501683,0.0,5,3,0.23076923076923078
93-92-5,fruity,13,1.4615384615384615,2.536907060949895,0.0,7,4,0.3076923076923077
93-92-5,green,13,1.4615384615384615,2.436369724794953,0.0,7,4,0.3076923076923077
93-92-5,herbal,13,0.0,0.0,0.0,0,0,0.0
93-92-5,honey,13,0.0,0.0,0.0,0,0,0.0
93-92-5,jasmine,13,0.0,0.0,0.0,0,0,0.0
93-92-5,meaty,13,0.0,0.0,0.0,0,0,0.0
93-92-5,mint,13,0.0,0.0,0.0,0,0,0.0
93-92-5,mushroom,13,0.0,0.0,0.0,0,0,0.0
93-92-5,musky,13,0.0,0.0,0.0,0,0,0.0
93-92-5,nutty,13,0.0,0.0,0.0,0,0,0.0
93-92-5,oily,13,0.23076923076923078,0.8320502943378438,0.0,3,1,0.07692307692307693
93-92-5,peach,13,0.0,0.0,0.0,0,0,0.0
93-92-5,pear,13,0.0,0.0,0.0,0,0,0.0
93-92-5,pine_needle,13,0.0,0.0,0.0,0,0,0.0
93-92-5,pineapple,13,0.6153846153846154,1.5566235649883124,0.0,5,2,0.15384615384615385
93-92-5,plum,13,0.0,0.0,0.0,0,0,0.0
93-92-5,roasted,13,0.0,0.0,0.0,0,0,0.0
93-92-5,rose,13,0.46153846153846156,1.6641005886756874,0.0,6,1,0.07692307692307693
93-92-5,sour,13,1.2307692307692308,2.0475125621855637,0.0,6,4,0.3076923076923077
93-92-5,spicy,13,0.0,0.0,0.0,0,0,0.0
93-92-5,sweet,13,0.15384615384615385,0.554700196225229,0.0,2,1,0.07692307692307693
93-92-5,tobacco,13,0.0,0.0,0.0,0,0,0.0
93-92-5,tropical_fruit,13,0.0,0.0,0.0,0,0,0.0
93-92-5,vanilla,13,0.0,0.0,0.0,0,0,0.0
93-92-5,vegetable,13,0.0,0.0,0.0,0,0,0.0
93-92-5,waxy,13,0.5384615384615384,1.9414506867883021,0.0,7,1,0.07692307692307693
93-92-5,woody,13,0.46153846153846156,1.6641005886756874,0.0,6,1,0.07692307692307693
97-53-0,alcoholic,13,0.0,0.0,0.0,0,0,0.0
97-53-0,aldehydic,13,0.0,0.0,0.0,0,0,0.0
97-53-0,almond,13,0.0,0.0,0.0,0,0,0.0
97-53-0,anise,13,0.23076923076923078,0.8320502943378437,0.0,3,1,0.07692307692307693
97-53-0,apple,13,0.0,0.0,0.0,0,0,0.0
97-53-0,apricot,13,0.0,0.0,0.0,0,0,0.0
97-53-0,banana,13,0.0,0.0,0.0,0,0,0.0
97-53-0,caramel,13,0.0,0.0,0.0,0,0,0.0
97-53-0,citrus,13,0.3076923076923077,1.109400392450458,0.0,4,1,0.07692307692307693
97-53-0,cocoa,13,0.0,0.0,0.0,0,0,0.0
97-53-0,coconut,13,0.0,0.0,0.0,0,0,0.0
97-53-0,coffee,13,0.0,0.0,0.0,0,0,0.0
97-53-0,coumaric,13,0.15384615384615385,0.5547001962252291,0.0,2,1,0.07692307692307693
97-53-0,creamy,13,0.0,0.0,0.0,0,0,0.0
97-53-0,fatty,13,0.46153846153846156,1.6641005886756874,0.0,6,1,0.07692307692307693
97-53-0,floral,13,1.0,2.121320343559643,0.0,7,3,0.23076923076923078
97-53-0,fruity,13,0.3076923076923077,1.109400392450458,0.0,4,1,0.07692307692307693
97-53-0,green,13,0.0,0.0,0.0,0,0,0.0
97-53-0,herbal,13,1.4615384615384615,2.9044616430411736,0.0,8,3,0.23076923076923078
97-53-0,honey,13,0.0,0.0,0.0,0,0,0.0
97-53-0,jasmine,13,0.0,0.0,0.0,0,0,0.0
97-53-0,meaty,13,0.0,0.0,0.0,0,0,0.0
97-53-0,mint,13,0.3076923076923077,1.109400392450458,0.0,4,1,0.07692307692307693
97-53-0,mushroom,13,0.0,0.0,0.0,0,0,0.0
97-53-0,musky,13,0.23076923076923078,0.8320502943378437,0.0,3,1,0.07692307692307693
97-53-0,nutty,13,0.0,0.0,0.0,0,0,0.0
97-53-0,oily,13,0.0,0.0,0.0,0,0,0.0
97-53-0,peach,13,0.0,0.0,0.0,0,0,0.0
97-53-0,pear,13,0.0,0.0,0.0,0,0,0.0
97-53-0,pine_needle,13,0.0,0.0,0.0,0,0,0.0
97-53-0,pineapple,13,0.0,0.0,0.0,0,0,0.0
97-53-0,plum,13,0.0,0.0,0.0,0,0,0.0
97-53-0,roasted,13,0.0,0.0,0.0,0,0,0.0
97-53-0,rose,13,0.0,0.0,0.0,0,0,0.0
97-53-0,sour,13,0.0,0.0,0.0,0,0,0.0
97-53-0,spicy,13,2.923076923076923,2.8711652240144145,4.0,6,7,0.5384615384615384
97-53-0,sweet,13,0.6923076923076923,1.797434068545834,0.0,6,2,0.15384615384615385
97-53-0,tobacco,13,0.0,0.0,0.0,0,0,0.0
97-53-0,tropical_fruit,13,0.0,0.0,0.0,0,0,0.0
97-53-0,vanilla,13,0.0,0.0,0.0,0,0,0.0
97-53-0,vegetable,13,0.0,0.0,0.0,0,0,0.0
97-53-0,waxy,13,0.3076923076923077,1.1094003924504583,0.0,4,1,0.07692307692307693
97-53-0,woody,13,2.0,2.6457513110645903,0.0,6,5,0.38461538461538464
97-54-1,alcoholic,13,0.0,0.0,0.0,0,0,0.0
97-54-1,aldehydic,13,0.0,0.0,0.0,0,0,0.0
97-54-1,almond,13,0.0,0.0,0.0,0,0,0.0
97-54-1,anise,13,0.0,0.0,0.0,0,0,0.0
97-54-1,apple,13,0.0,0.0,0.0,0,0,0.0
97-54-1,apricot,13,0.3076923076923077,1.1094003924504583,0.0,4,1,0.07692307692307693
97-54-1,banana,13,0.0,0.0,0.0,0,0,0.0
97-54-1,caramel,13,0.0,0.0,0.0,0,0,0.0
97-54-1,citrus,13,0.0,0.0,0.0,0,0,0.0
97-54-1,cocoa,13,0.0,0.0,0.0,0,0,0.0
97-54-1,coconut,13,0.0,0.0,0.0,0,0,0.0
97-54-1,coffee,13,0.0,0.0,0.0,0,0,0.0
97-54-1,coumaric,13,0.0,0.0,0.0,0,0,0.0
97-54-1,creamy,13,0.0,0.0,0.0,0,0,0.0
97-54-1,fatty,13,0.0,0.0,0.0,0,0,0.0
97-54-1,floral,13,2.1538461538461537,2.640901167094099,0.0,6,6,0.46153846153846156
97-54-1,fruity,13,0.7692307692307693,1.9215378456610455,0.0,6,2,0.15384615384615385
97-54-1,green,13,0.6153846153846154,1.2608503439122305,0.0,4,3,0.23076923076923078
97-54-1,herbal,13,0.15384615384615385,0.5547001962252291,0.0,2,1,0.07692307692307693
97-54-1,honey,13,0.0,0.0,0.0,0,0,0.0
97-54-1,jasmine,13,0.0,0.0,0.0,0,0,0.0
97-54-1,meaty,13,0.0,0.0,0.0,0,0,0.0
97-54-1,mint,13,0.0,0.0,0.0,0,0,0.0
97-54-1,mushroom,13,0.0,0.0,0.0,0,0,0.0
97-54-1,musky,13,0.3076923076923077,0.7510676161988108,0.0,2,2,0.15384615384615385
97-54-1,nutty,13,0.0,0.0,0.0,0,0,0.0
97-54-1,oily,13,0.0,0.0,0.0,0,0,0.0
97-54-1,peach,13,0.46153846153846156,1.1982893790305562,0.0,4,2,0.15384615384615385
97-54-1,pear,13,0.0,0.0,0.0,0,0,0.0
97-54-1,pine_needle,13,0.0,0.0,0.0,0,0,0.0
97-54-1,pineapple,13,0.38461538461538464,1.3867504905630728,0.0,5,1,0.07692307692307693
97-54-1,plum,13,0.0,0.0,0.0,0,0,0.0
97-54-1,roasted,13,0.0,0.0,0.0,0,0,0.0
97-54-1,rose,13,0.46153846153846156,1.6641005886756874,0.0,6,1,0.07692307692307693
97-54-1,sour,13,0.0,0.0,0.0,0,0,0.0
97-54-1,spicy,13,0.6923076923076923,1.702185623672077,0.0,5,2,0.15384615384615385
97-54-1,sweet,13,3.5384615384615383,3.2561578743304356,4.0,8,8,0.6153846153846154
97-54-1,tobacco,13,0.0,0.0,0.0,0,0,0.0
97-54-1,tropical_fruit,13,0.5384615384615384,1.0500305245868342,0.0,3,3,0.23076923076923078
97-54-1,vanilla,13,0.15384615384615385,0.5547001962252291,0.0,2,1,0.07692307692307693
97-54-1,vegetable,13,0.7692307692307693,1.9215378456610455,0.0,6,2,0.15384615384615385
97-54-1,waxy,13,0.0,0.0,0.0,0,0,0.0
97-54-1,woody,13,2.1538461538461537,2.5444761689508852,0.0,7,6,0.46153846153846156
98-55-5,alcoholic,13,0.3076923076923077,1.1094003924504583,0.0,4,1,0.07692307692307693
98-55-5,aldehydic,13,0.0,0.0,0.0,0,0,0.0
98-55-5,almond,13,0.0,0.0,0.0,0,0,0.0
98-55-5,anise,13,0.0,0.0,0.0,0,0,0.0
98-55-5,apple,13,0.0,0.0,0.0,0,0,0.0
98-55-5,apricot,13,0.0,0.0,0.0,0,0,0.0
98-55-5,banana,13,0.0,0.0,0.0,0,0,0.0
98-55-5,caramel,13,0.0,0.0,0.0,0,0,0.0
98-55-5,citrus,13,0.0,0.0,0.0,0,0,0.0
98-55-5,cocoa,13,0.0,0.0,0.0,0,0,0.0
98-55-5,coconut,13,0.0,0.0,0.0,0,0,0.0
98-55-5,coffee,13,0.0,0.0,0.0,0,0,0.0
98-55-5,coumaric,13,0.0,0.0,0.0,0,0,0.0
98-55-5,creamy,13,0.0,0.0,0.0,0,0,0.0
98-55-5,fatty,13,0.0,0.0,0.0,0,0,0.0
98-55-5,floral,13,2.230769230769231,3.086363722188463,0.0,7,5,0.38461538461538464
98-55-5,fruity,13,0.0,0.0,0.0,0,0,0.0
98-55-5,green,13,0.0,0.0,0.0,0,0,0.0
98-55-5,herbal,13,0.23076923076923078,0.8320502943378437,0.0,3,1,0.07692307692307693
98-55-5,honey,13,0.0,0.0,0.0,0,0,0.0
98-55-5,jasmine,13,0.0,0.0,0.0,0,0,0.0
98-55-5,meaty,13,0.0,0.0,0.0,0,0,0.0
98-55-5,mint,13,0.3076923076923077,0.7510676161988108,0.0,2,2,0.15384615384615385
98-55-5,mushroom,13,0.0,0.0,0.0,0,0,0.0
98-55-5,musky,13,0.0,0.0,0.0,0,0,0.0
98-55-5,nutty,13,0.15384615384615385,0.554700196225229,0.0,2,1,0.07692307692307693
98-55-5,oily,13,0.0,0.0,0.0,0,0,0.0
98-55-5,peach,13,0.0,0.0,0.0,0,0,0.0
98-55-5,pear,13,0.0,0.0,0.0,0,0,0.0
98-55-5,pine_needle,13,4.076923076923077,3.569816485982122,5.0,8,8,0.6153846153846154
98-55-5,pineapple,13,0.0,0.0,0.0,0,0,0.0
98-55-5,plum,13,0.0,0.0,0.0,0,0,0.0
98-55-5,roasted,13,0.0,0.0,0.0,0,0,0.0
98-55-5,rose,13,0.0,0.0,0.0,0,0,0.0
98-55-5,sour,13,0.0,0.0,0.0,0,0,0.0
98-55-5,spicy,13,0.6923076923076923,1.702185623672077,0.0,5,2,0.15384615384615385
98-55-5,sweet,13,0.9230769230769231,1.7541160386140584,0.0,4,3,0.23076923076923078
98-55-5,tobacco,13,0.0,0.0,0.0,0,0,0.0
98-55-5,tropical_fruit,13,0.0,0.0,0.0,0,0,0.0
98-55-5,vanilla,13,0.0,0.0,0.0,0,0,0.0
98-55-5,vegetable,13,0.0,0.0,0.0,0,0,0.0
98-55-5,waxy,13,0.3076923076923077,1.109400392450458,0.0,4,1,0.07692307692307693
98-55-5,woody,13,1.8461538461538463,2.5444761689508852,0.0,7,5,0.38461538461538464
