model,label,ECFP4_auc_mean,RDKit_auc_mean,QM_auc_mean,RDKit_QM_auc_mean,delta_RDKit_vs_ECFP4,delta_QM_vs_ECFP4,delta_RDKit_QM_vs_ECFP4,source_json_ECFP4,source_json_RDKit,source_json_QM,source_json_RDKit_QM
CNN,alcoholic,0.9178883069306643,0.9757484844821709,0.9758821425952318,0.9850216877110579,0.05786017755150663,0.057993835664567506,0.06713338078039366,results/benchmark_metrics/model_summary_json/CNN__ECFP4__summary.json,results/benchmark_metrics/model_summary_json/CNN__RDKit__summary.json,results/benchmark_metrics/model_summary_json/CNN__QM__summary.json,results/benchmark_metrics/model_summary_json/CNN__RDKit_QM__summary.json
CNN,aldehydic,0.7372683493278938,0.7897726684741039,0.7441058148223864,0.8297453613124102,0.05250431914621012,0.0068374654944926005,0.09247701198451641,results/benchmark_metrics/model_summary_json/CNN__ECFP4__summary.json,results/benchmark_metrics/model_summary_json/CNN__RDKit__summary.json,results/benchmark_metrics/model_summary_json/CNN__QM__summary.json,results/benchmark_metrics/model_summary_json/CNN__RDKit_QM__summary.json
CNN,alliaceous,0.8583327743023668,0.9289794779804948,0.9269447989795208,0.9471450211094483,0.07064670367812809,0.068612024677154,0.08881224680708155,results/benchmark_metrics/model_summary_json/CNN__ECFP4__summary.json,results/benchmark_metrics/model_summary_json/CNN__RDKit__summary.json,results/benchmark_metrics/model_summary_json/CNN__QM__summary.json,results/benchmark_metrics/model_summary_json/CNN__RDKit_QM__summary.json
CNN,almond,0.8570184022891357,0.8850191999535093,0.8891598038166038,0.9089115490550286,0.028000797664373578,0.03214140152746803,0.05189314676589285,results/benchmark_metrics/model_summary_json/CNN__ECFP4__summary.json,results/benchmark_metrics/model_summary_json/CNN__RDKit__summary.json,results/benchmark_metrics/model_summary_json/CNN__QM__summary.json,results/benchmark_metrics/model_summary_json/CNN__RDKit_QM__summary.json
CNN,animal,0.7637638131608753,0.7624119943245944,0.7738790454409038,0.8004555924528589,-0.0013518188362808825,0.01011523228002853,0.03669177929198364,results/benchmark_metrics/model_summary_json/CNN__ECFP4__summary.json,results/benchmark_metrics/model_summary_json/CNN__RDKit__summary.json,results/benchmark_metrics/model_summary_json/CNN__QM__summary.json,results/benchmark_metrics/model_summary_json/CNN__RDKit_QM__summary.json
CNN,anisic,0.8755749092154907,0.8795713218224386,0.8404626483923556,0.8897995973846025,0.00399641260694783,-0.03511226082313512,0.01422468816911171,results/benchmark_metrics/model_summary_json/CNN__ECFP4__summary.json,results/benchmark_metrics/model_summary_json/CNN__RDKit__summary.json,results/benchmark_metrics/model_summary_json/CNN__QM__summary.json,results/benchmark_metrics/model_summary_json/CNN__RDKit_QM__summary.json
CNN,apple,0.8489119285973039,0.8885275896392303,0.8906734437520534,0.907565619264059,0.039615661041926375,0.04176151515474946,0.058653690666755076,results/benchmark_metrics/model_summary_json/CNN__ECFP4__summary.json,results/benchmark_metrics/model_summary_json/CNN__RDKit__summary.json,results/benchmark_metrics/model_summary_json/CNN__QM__summary.json,results/benchmark_metrics/model_summary_json/CNN__RDKit_QM__summary.json
CNN,apricot,0.7952287430537869,0.8305732167314123,0.7738510058863202,0.8466758116776862,0.03534447367762539,-0.021377737167466715,0.05144706862389936,results/benchmark_metrics/model_summary_json/CNN__ECFP4__summary.json,results/benchmark_metrics/model_summary_json/CNN__RDKit__summary.json,results/benchmark_metrics/model_summary_json/CNN__QM__summary.json,results/benchmark_metrics/model_summary_json/CNN__RDKit_QM__summary.json
CNN,aromatic,0.7614404507032418,0.8172957470382777,0.8179742641659162,0.8199442606669493,0.05585529633503583,0.05653381346267439,0.05850380996370741,results/benchmark_metrics/model_summary_json/CNN__ECFP4__summary.json,results/benchmark_metrics/model_summary_json/CNN__RDKit__summary.json,results/benchmark_metrics/model_summary_json/CNN__QM__summary.json,results/benchmark_metrics/model_summary_json/CNN__RDKit_QM__summary.json
CNN,balsamic,0.8832820307996225,0.9216519091995501,0.9004927874967855,0.9077702554799902,0.03836987839992756,0.017210756697162988,0.02448822468036771,results/benchmark_metrics/model_summary_json/CNN__ECFP4__summary.json,results/benchmark_metrics/model_summary_json/CNN__RDKit__summary.json,results/benchmark_metrics/model_summary_json/CNN__QM__summary.json,results/benchmark_metrics/model_summary_json/CNN__RDKit_QM__summary.json
CNN,banana,0.878257554968649,0.8865166169328729,0.8923224281621372,0.9092925747564398,0.00825906196422388,0.014064873193488259,0.031035019787790774,results/benchmark_metrics/model_summary_json/CNN__ECFP4__summary.json,results/benchmark_metrics/model_summary_json/CNN__RDKit__summary.json,results/benchmark_metrics/model_summary_json/CNN__QM__summary.json,results/benchmark_metrics/model_summary_json/CNN__RDKit_QM__summary.json
CNN,beefy,0.7888501434706822,0.9034262937025485,0.8970141226231411,0.9161637003202548,0.11457615023186629,0.1081639791524589,0.12731355684957268,results/benchmark_metrics/model_summary_json/CNN__ECFP4__summary.json,results/benchmark_metrics/model_summary_json/CNN__RDKit__summary.json,results/benchmark_metrics/model_summary_json/CNN__QM__summary.json,results/benchmark_metrics/model_summary_json/CNN__RDKit_QM__summary.json
CNN,berry,0.7004976370209484,0.6999263629572153,0.7155761526116746,0.7617425239023177,-0.0005712740637330294,0.01507851559072626,0.06124488688136931,results/benchmark_metrics/model_summary_json/CNN__ECFP4__summary.json,results/benchmark_metrics/model_summary_json/CNN__RDKit__summary.json,results/benchmark_metrics/model_summary_json/CNN__QM__summary.json,results/benchmark_metrics/model_summary_json/CNN__RDKit_QM__summary.json
CNN,black currant,0.7249889684936278,0.8903004386159756,0.8864999583290476,0.9380417084230315,0.16531147012234781,0.16151098983541978,0.21305273992940366,results/benchmark_metrics/model_summary_json/CNN__ECFP4__summary.json,results/benchmark_metrics/model_summary_json/CNN__RDKit__summary.json,results/benchmark_metrics/model_summary_json/CNN__QM__summary.json,results/benchmark_metrics/model_summary_json/CNN__RDKit_QM__summary.json
CNN,brandy,0.7871493953149844,0.8407851459686256,0.8266581127137028,0.8832697717526482,0.053635750653641234,0.03950871739871842,0.0961203764376638,results/benchmark_metrics/model_summary_json/CNN__ECFP4__summary.json,results/benchmark_metrics/model_summary_json/CNN__RDKit__summary.json,results/benchmark_metrics/model_summary_json/CNN__QM__summary.json,results/benchmark_metrics/model_summary_json/CNN__RDKit_QM__summary.json
CNN,bread,0.8451365092406423,0.9072539011128633,0.923118428147078,0.9076424657646406,0.062117391872220984,0.07798191890643569,0.06250595652399826,results/benchmark_metrics/model_summary_json/CNN__ECFP4__summary.json,results/benchmark_metrics/model_summary_json/CNN__RDKit__summary.json,results/benchmark_metrics/model_summary_json/CNN__QM__summary.json,results/benchmark_metrics/model_summary_json/CNN__RDKit_QM__summary.json
CNN,brothy,0.8488484151461823,0.8732093377390381,0.8812703547833405,0.8969036193541371,0.024360922592855827,0.032421939637158226,0.04805520420795484,results/benchmark_metrics/model_summary_json/CNN__ECFP4__summary.json,results/benchmark_metrics/model_summary_json/CNN__RDKit__summary.json,results/benchmark_metrics/model_summary_json/CNN__QM__summary.json,results/benchmark_metrics/model_summary_json/CNN__RDKit_QM__summary.json
CNN,burnt,0.837063128191464,0.8620144220545732,0.865639728687692,0.8770159341480964,0.024951293863109236,0.02857660049622801,0.03995280595663242,results/benchmark_metrics/model_summary_json/CNN__ECFP4__summary.json,results/benchmark_metrics/model_summary_json/CNN__RDKit__summary.json,results/benchmark_metrics/model_summary_json/CNN__QM__summary.json,results/benchmark_metrics/model_summary_json/CNN__RDKit_QM__summary.json
CNN,buttery,0.7080446959864921,0.8612315448082782,0.8211047929849109,0.8490081848334403,0.15318684882178613,0.11306009699841879,0.1409634888469482,results/benchmark_metrics/model_summary_json/CNN__ECFP4__summary.json,results/benchmark_metrics/model_summary_json/CNN__RDKit__summary.json,results/benchmark_metrics/model_summary_json/CNN__QM__summary.json,results/benchmark_metrics/model_summary_json/CNN__RDKit_QM__summary.json
CNN,cabbage,0.6631641197552006,0.8732423675800586,0.8673407396189855,0.8837090801105966,0.21007824782485796,0.20417661986378488,0.22054496035539595,results/benchmark_metrics/model_summary_json/CNN__ECFP4__summary.json,results/benchmark_metrics/model_summary_json/CNN__RDKit__summary.json,results/benchmark_metrics/model_summary_json/CNN__QM__summary.json,results/benchmark_metrics/model_summary_json/CNN__RDKit_QM__summary.json
CNN,camphoreous,0.8714127369252036,0.9324083697689141,0.9080493237077712,0.9323544798045473,0.06099563284371046,0.03663658678256765,0.06094174287934373,results/benchmark_metrics/model_summary_json/CNN__ECFP4__summary.json,results/benchmark_metrics/model_summary_json/CNN__RDKit__summary.json,results/benchmark_metrics/model_summary_json/CNN__QM__summary.json,results/benchmark_metrics/model_summary_json/CNN__RDKit_QM__summary.json
CNN,caramellic,0.767411776149065,0.8517109428011826,0.8486443728269721,0.8888767677109861,0.08429916665211767,0.08123259667790717,0.12146499156192114,results/benchmark_metrics/model_summary_json/CNN__ECFP4__summary.json,results/benchmark_metrics/model_summary_json/CNN__RDKit__summary.json,results/benchmark_metrics/model_summary_json/CNN__QM__summary.json,results/benchmark_metrics/model_summary_json/CNN__RDKit_QM__summary.json
CNN,catty,0.8000095736557071,0.9396282413044679,0.9220970214024768,0.9504567305706415,0.13961866764876074,0.12208744774676972,0.15044715691493438,results/benchmark_metrics/model_summary_json/CNN__ECFP4__summary.json,results/benchmark_metrics/model_summary_json/CNN__RDKit__summary.json,results/benchmark_metrics/model_summary_json/CNN__QM__summary.json,results/benchmark_metrics/model_summary_json/CNN__RDKit_QM__summary.json
CNN,chamomile,0.9012739337541162,0.90360641662382,0.8712818596679662,0.9008062827826601,0.002332482869703778,-0.02999207408615001,-0.0004676509714561794,results/benchmark_metrics/model_summary_json/CNN__ECFP4__summary.json,results/benchmark_metrics/model_summary_json/CNN__RDKit__summary.json,results/benchmark_metrics/model_summary_json/CNN__QM__summary.json,results/benchmark_metrics/model_summary_json/CNN__RDKit_QM__summary.json
CNN,cheesy,0.8318738660084716,0.8301183343661844,0.8631745725105751,0.8818286493275542,-0.0017555316422871448,0.03130070650210348,0.04995478331908265,results/benchmark_metrics/model_summary_json/CNN__ECFP4__summary.json,results/benchmark_metrics/model_summary_json/CNN__RDKit__summary.json,results/benchmark_metrics/model_summary_json/CNN__QM__summary.json,results/benchmark_metrics/model_summary_json/CNN__RDKit_QM__summary.json
CNN,cherry,0.8197853472595227,0.854720607485236,0.889261899328082,0.8738231536017853,0.03493526022571336,0.0694765520685593,0.05403780634226263,results/benchmark_metrics/model_summary_json/CNN__ECFP4__summary.json,results/benchmark_metrics/model_summary_json/CNN__RDKit__summary.json,results/benchmark_metrics/model_summary_json/CNN__QM__summary.json,results/benchmark_metrics/model_summary_json/CNN__RDKit_QM__summary.json
CNN,chicken,0.7643990377880749,0.868996935970673,0.8120706457736253,0.8914089570991852,0.10459789818259801,0.04767160798555037,0.12700991931111028,results/benchmark_metrics/model_summary_json/CNN__ECFP4__summary.json,results/benchmark_metrics/model_summary_json/CNN__RDKit__summary.json,results/benchmark_metrics/model_summary_json/CNN__QM__summary.json,results/benchmark_metrics/model_summary_json/CNN__RDKit_QM__summary.json
CNN,chocolate,0.6510740072879715,0.7334110088503734,0.7475845492452913,0.7810722071017114,0.08233700156240187,0.09651054195731978,0.12999819981373995,results/benchmark_metrics/model_summary_json/CNN__ECFP4__summary.json,results/benchmark_metrics/model_summary_json/CNN__RDKit__summary.json,results/benchmark_metrics/model_summary_json/CNN__QM__summary.json,results/benchmark_metrics/model_summary_json/CNN__RDKit_QM__summary.json
CNN,cinnamon,0.8411978172291221,0.870321993218808,0.8958418128845471,0.8826322583341735,0.029124175989685863,0.05464399565542499,0.041434441105051345,results/benchmark_metrics/model_summary_json/CNN__ECFP4__summary.json,results/benchmark_metrics/model_summary_json/CNN__RDKit__summary.json,results/benchmark_metrics/model_summary_json/CNN__QM__summary.json,results/benchmark_metrics/model_summary_json/CNN__RDKit_QM__summary.json
CNN,citrus,0.8131410191195091,0.8790759790539369,0.858703384350569,0.8975295885052151,0.06593495993442777,0.04556236523105994,0.08438856938570605,results/benchmark_metrics/model_summary_json/CNN__ECFP4__summary.json,results/benchmark_metrics/model_summary_json/CNN__RDKit__summary.json,results/benchmark_metrics/model_summary_json/CNN__QM__summary.json,results/benchmark_metrics/model_summary_json/CNN__RDKit_QM__summary.json
CNN,cocoa,0.6920255059262271,0.7894493383562361,0.8732285301931615,0.8715651820463165,0.09742383243000896,0.18120302426693435,0.17953967612008936,results/benchmark_metrics/model_summary_json/CNN__ECFP4__summary.json,results/benchmark_metrics/model_summary_json/CNN__RDKit__summary.json,results/benchmark_metrics/model_summary_json/CNN__QM__summary.json,results/benchmark_metrics/model_summary_json/CNN__RDKit_QM__summary.json
CNN,coconut,0.7441369309411514,0.860584543855041,0.9207209503188777,0.9257963488256922,0.11644761291388961,0.17658401937772628,0.18165941788454076,results/benchmark_metrics/model_summary_json/CNN__ECFP4__summary.json,results/benchmark_metrics/model_summary_json/CNN__RDKit__summary.json,results/benchmark_metrics/model_summary_json/CNN__QM__summary.json,results/benchmark_metrics/model_summary_json/CNN__RDKit_QM__summary.json
CNN,coffee,0.8972809481366969,0.9585903711702338,0.9272480217656375,0.9485815844557954,0.061309423033536925,0.029967073628940577,0.051300636319098536,results/benchmark_metrics/model_summary_json/CNN__ECFP4__summary.json,results/benchmark_metrics/model_summary_json/CNN__RDKit__summary.json,results/benchmark_metrics/model_summary_json/CNN__QM__summary.json,results/benchmark_metrics/model_summary_json/CNN__RDKit_QM__summary.json
CNN,cognac,0.8619039592194341,0.9198467587476952,0.9405331140684104,0.9453521709022255,0.05794279952826109,0.07862915484897637,0.08344821168279137,results/benchmark_metrics/model_summary_json/CNN__ECFP4__summary.json,results/benchmark_metrics/model_summary_json/CNN__RDKit__summary.json,results/benchmark_metrics/model_summary_json/CNN__QM__summary.json,results/benchmark_metrics/model_summary_json/CNN__RDKit_QM__summary.json
CNN,coumarinic,0.8635685966430395,0.9276153718879476,0.9291540880469983,0.9680335841222751,0.0640467752449081,0.06558549140395875,0.1044649874792356,results/benchmark_metrics/model_summary_json/CNN__ECFP4__summary.json,results/benchmark_metrics/model_summary_json/CNN__RDKit__summary.json,results/benchmark_metrics/model_summary_json/CNN__QM__summary.json,results/benchmark_metrics/model_summary_json/CNN__RDKit_QM__summary.json
CNN,creamy,0.6525296896220225,0.6788403907702377,0.7285638746718488,0.7336274079336416,0.02631070114821521,0.07603418504982629,0.08109771831161905,results/benchmark_metrics/model_summary_json/CNN__ECFP4__summary.json,results/benchmark_metrics/model_summary_json/CNN__RDKit__summary.json,results/benchmark_metrics/model_summary_json/CNN__QM__summary.json,results/benchmark_metrics/model_summary_json/CNN__RDKit_QM__summary.json
CNN,cucumber,0.9324597235057113,0.9441804411389871,0.9318333576298036,0.9652685168472501,0.011720717633275868,-0.0006263658759076973,0.032808793341538856,results/benchmark_metrics/model_summary_json/CNN__ECFP4__summary.json,results/benchmark_metrics/model_summary_json/CNN__RDKit__summary.json,results/benchmark_metrics/model_summary_json/CNN__QM__summary.json,results/benchmark_metrics/model_summary_json/CNN__RDKit_QM__summary.json
CNN,dairy,0.7324094433851143,0.7562858291741564,0.7824864531880668,0.8173320896333965,0.023876385789042165,0.05007700980295249,0.08492264624828227,results/benchmark_metrics/model_summary_json/CNN__ECFP4__summary.json,results/benchmark_metrics/model_summary_json/CNN__RDKit__summary.json,results/benchmark_metrics/model_summary_json/CNN__QM__summary.json,results/benchmark_metrics/model_summary_json/CNN__RDKit_QM__summary.json
CNN,dry,0.7676399837882203,0.8483024484688777,0.8260152137228612,0.8354316863539648,0.08066246468065741,0.05837522993464095,0.06779170256574452,results/benchmark_metrics/model_summary_json/CNN__ECFP4__summary.json,results/benchmark_metrics/model_summary_json/CNN__RDKit__summary.json,results/benchmark_metrics/model_summary_json/CNN__QM__summary.json,results/benchmark_metrics/model_summary_json/CNN__RDKit_QM__summary.json
CNN,earthy,0.6472711405555837,0.7279892028035376,0.698779196300437,0.7269567926316743,0.08071806224795397,0.0515080557448534,0.07968565207609069,results/benchmark_metrics/model_summary_json/CNN__ECFP4__summary.json,results/benchmark_metrics/model_summary_json/CNN__RDKit__summary.json,results/benchmark_metrics/model_summary_json/CNN__QM__summary.json,results/benchmark_metrics/model_summary_json/CNN__RDKit_QM__summary.json
CNN,ethereal,0.8595825988288386,0.9206728440950644,0.9379860589604482,0.9502481493600421,0.06109024526622586,0.07840346013160959,0.09066555053120351,results/benchmark_metrics/model_summary_json/CNN__ECFP4__summary.json,results/benchmark_metrics/model_summary_json/CNN__RDKit__summary.json,results/benchmark_metrics/model_summary_json/CNN__QM__summary.json,results/benchmark_metrics/model_summary_json/CNN__RDKit_QM__summary.json
CNN,fatty,0.8444693600021151,0.8678794626333565,0.8683497391538341,0.8911728917188112,0.023410102631241325,0.023880379151718922,0.046703531716696056,results/benchmark_metrics/model_summary_json/CNN__ECFP4__summary.json,results/benchmark_metrics/model_summary_json/CNN__RDKit__summary.json,results/benchmark_metrics/model_summary_json/CNN__QM__summary.json,results/benchmark_metrics/model_summary_json/CNN__RDKit_QM__summary.json
CNN,fermented,0.7835156260203211,0.8673762614257063,0.8848127974038059,0.8952557668548904,0.08386063540538524,0.10129717138348482,0.11174014083456929,results/benchmark_metrics/model_summary_json/CNN__ECFP4__summary.json,results/benchmark_metrics/model_summary_json/CNN__RDKit__summary.json,results/benchmark_metrics/model_summary_json/CNN__QM__summary.json,results/benchmark_metrics/model_summary_json/CNN__RDKit_QM__summary.json
CNN,fishy,0.8892267764092571,0.9229430535322078,0.887878589769479,0.9350725632236621,0.03371627712295078,-0.0013481866397780928,0.04584578681440499,results/benchmark_metrics/model_summary_json/CNN__ECFP4__summary.json,results/benchmark_metrics/model_summary_json/CNN__RDKit__summary.json,results/benchmark_metrics/model_summary_json/CNN__QM__summary.json,results/benchmark_metrics/model_summary_json/CNN__RDKit_QM__summary.json
CNN,floral,0.7693655747126714,0.8334751404018759,0.8298272732827827,0.8481892065389799,0.06410956568920445,0.0604616985701113,0.07882363182630847,results/benchmark_metrics/model_summary_json/CNN__ECFP4__summary.json,results/benchmark_metrics/model_summary_json/CNN__RDKit__summary.json,results/benchmark_metrics/model_summary_json/CNN__QM__summary.json,results/benchmark_metrics/model_summary_json/CNN__RDKit_QM__summary.json
CNN,fresh,0.6502917179670338,0.7063644652133647,0.7274773480903193,0.744535965299684,0.056072747246330934,0.0771856301232855,0.09424424733265024,results/benchmark_metrics/model_summary_json/CNN__ECFP4__summary.json,results/benchmark_metrics/model_summary_json/CNN__RDKit__summary.json,results/benchmark_metrics/model_summary_json/CNN__QM__summary.json,results/benchmark_metrics/model_summary_json/CNN__RDKit_QM__summary.json
CNN,fruity,0.8328293266812308,0.822089955611594,0.8297230955293037,0.861949175255251,-0.010739371069636738,-0.003106231151927097,0.02911984857402028,results/benchmark_metrics/model_summary_json/CNN__ECFP4__summary.json,results/benchmark_metrics/model_summary_json/CNN__RDKit__summary.json,results/benchmark_metrics/model_summary_json/CNN__QM__summary.json,results/benchmark_metrics/model_summary_json/CNN__RDKit_QM__summary.json
CNN,garlic,0.937318774013535,0.9796567021099903,0.9683935239153488,0.9831109717505587,0.04233792809645531,0.031074749901813803,0.0457921977370237,results/benchmark_metrics/model_summary_json/CNN__ECFP4__summary.json,results/benchmark_metrics/model_summary_json/CNN__RDKit__summary.json,results/benchmark_metrics/model_summary_json/CNN__QM__summary.json,results/benchmark_metrics/model_summary_json/CNN__RDKit_QM__summary.json
CNN,gasoline,0.8986421252395285,0.9596541434646738,0.9430137176648371,0.9570980751353366,0.06101201822514535,0.04437159242530864,0.05845594989580816,results/benchmark_metrics/model_summary_json/CNN__ECFP4__summary.json,results/benchmark_metrics/model_summary_json/CNN__RDKit__summary.json,results/benchmark_metrics/model_summary_json/CNN__QM__summary.json,results/benchmark_metrics/model_summary_json/CNN__RDKit_QM__summary.json
CNN,grape,0.8388756746259258,0.8505778671712155,0.8344723430794249,0.8625622839675259,0.011702192545289702,-0.004403331546500966,0.02368660934160005,results/benchmark_metrics/model_summary_json/CNN__ECFP4__summary.json,results/benchmark_metrics/model_summary_json/CNN__RDKit__summary.json,results/benchmark_metrics/model_summary_json/CNN__QM__summary.json,results/benchmark_metrics/model_summary_json/CNN__RDKit_QM__summary.json
CNN,grapefruit,0.7357673611569864,0.9147337423969132,0.8428784517401526,0.9005591880195112,0.1789663812399268,0.10711109058316626,0.1647918268625248,results/benchmark_metrics/model_summary_json/CNN__ECFP4__summary.json,results/benchmark_metrics/model_summary_json/CNN__RDKit__summary.json,results/benchmark_metrics/model_summary_json/CNN__QM__summary.json,results/benchmark_metrics/model_summary_json/CNN__RDKit_QM__summary.json
CNN,grassy,0.8382821105635448,0.8845388283267119,0.8410333015088579,0.9094994041404412,0.04625671776316709,0.0027511909453130645,0.07121729357689632,results/benchmark_metrics/model_summary_json/CNN__ECFP4__summary.json,results/benchmark_metrics/model_summary_json/CNN__RDKit__summary.json,results/benchmark_metrics/model_summary_json/CNN__QM__summary.json,results/benchmark_metrics/model_summary_json/CNN__RDKit_QM__summary.json
CNN,green,0.7046126158645725,0.7446452943081306,0.7634553366192398,0.7910189662589218,0.04003267844355818,0.058842720754667344,0.0864063503943493,results/benchmark_metrics/model_summary_json/CNN__ECFP4__summary.json,results/benchmark_metrics/model_summary_json/CNN__RDKit__summary.json,results/benchmark_metrics/model_summary_json/CNN__QM__summary.json,results/benchmark_metrics/model_summary_json/CNN__RDKit_QM__summary.json
CNN,hay,0.8582021423512369,0.8059862013172585,0.8442912917992349,0.8783099826089382,-0.05221594103397842,-0.01391085055200203,0.020107840257701293,results/benchmark_metrics/model_summary_json/CNN__ECFP4__summary.json,results/benchmark_metrics/model_summary_json/CNN__RDKit__summary.json,results/benchmark_metrics/model_summary_json/CNN__QM__summary.json,results/benchmark_metrics/model_summary_json/CNN__RDKit_QM__summary.json
CNN,hazelnut,0.8672628142661676,0.936354782980542,0.9439109953658967,0.9477819887089854,0.0690919687143744,0.07664818109972915,0.08051917444281786,results/benchmark_metrics/model_summary_json/CNN__ECFP4__summary.json,results/benchmark_metrics/model_summary_json/CNN__RDKit__summary.json,results/benchmark_metrics/model_summary_json/CNN__QM__summary.json,results/benchmark_metrics/model_summary_json/CNN__RDKit_QM__summary.json
CNN,herbal,0.6696420679455639,0.7246408358163383,0.708440996315505,0.7507936120347007,0.0549987678707744,0.03879892836994103,0.08115154408913683,results/benchmark_metrics/model_summary_json/CNN__ECFP4__summary.json,results/benchmark_metrics/model_summary_json/CNN__RDKit__summary.json,results/benchmark_metrics/model_summary_json/CNN__QM__summary.json,results/benchmark_metrics/model_summary_json/CNN__RDKit_QM__summary.json
CNN,honey,0.8960384214878404,0.8887428571853857,0.8555990871740985,0.875390802316573,-0.0072955643024547046,-0.040439334313741915,-0.02064761917126745,results/benchmark_metrics/model_summary_json/CNN__ECFP4__summary.json,results/benchmark_metrics/model_summary_json/CNN__RDKit__summary.json,results/benchmark_metrics/model_summary_json/CNN__QM__summary.json,results/benchmark_metrics/model_summary_json/CNN__RDKit_QM__summary.json
CNN,horseradish,0.9034834678048833,0.9343684316432777,0.955218246124284,0.9680855760006788,0.03088496383839434,0.051734778319400654,0.06460210819579548,results/benchmark_metrics/model_summary_json/CNN__ECFP4__summary.json,results/benchmark_metrics/model_summary_json/CNN__RDKit__summary.json,results/benchmark_metrics/model_summary_json/CNN__QM__summary.json,results/benchmark_metrics/model_summary_json/CNN__RDKit_QM__summary.json
CNN,jasmine,0.8488524325655238,0.8626362876127542,0.8447927316651278,0.8707126609837127,0.013783855047230453,-0.004059700900395979,0.02186022841818891,results/benchmark_metrics/model_summary_json/CNN__ECFP4__summary.json,results/benchmark_metrics/model_summary_json/CNN__RDKit__summary.json,results/benchmark_metrics/model_summary_json/CNN__QM__summary.json,results/benchmark_metrics/model_summary_json/CNN__RDKit_QM__summary.json
CNN,ketonic,0.8628575855047049,0.9624094650600888,0.9877708413605575,0.9914998684920476,0.09955187955538392,0.12491325585585256,0.1286422829873427,results/benchmark_metrics/model_summary_json/CNN__ECFP4__summary.json,results/benchmark_metrics/model_summary_json/CNN__RDKit__summary.json,results/benchmark_metrics/model_summary_json/CNN__QM__summary.json,results/benchmark_metrics/model_summary_json/CNN__RDKit_QM__summary.json
CNN,leafy,0.6722067529383133,0.6821903163732196,0.7495551586350518,0.8040876777427602,0.00998356343490625,0.07734840569673851,0.1318809248044469,results/benchmark_metrics/model_summary_json/CNN__ECFP4__summary.json,results/benchmark_metrics/model_summary_json/CNN__RDKit__summary.json,results/benchmark_metrics/model_summary_json/CNN__QM__summary.json,results/benchmark_metrics/model_summary_json/CNN__RDKit_QM__summary.json
CNN,leathery,0.8477896427277056,0.8873796953262578,0.799800887544964,0.8145492376082292,0.039590052598552194,-0.047988755182741594,-0.03324040511947646,results/benchmark_metrics/model_summary_json/CNN__ECFP4__summary.json,results/benchmark_metrics/model_summary_json/CNN__RDKit__summary.json,results/benchmark_metrics/model_summary_json/CNN__QM__summary.json,results/benchmark_metrics/model_summary_json/CNN__RDKit_QM__summary.json
CNN,lemon,0.8570621661072527,0.8446890057466474,0.865223443397921,0.901426029192655,-0.012373160360605318,0.00816127729066829,0.0443638630854023,results/benchmark_metrics/model_summary_json/CNN__ECFP4__summary.json,results/benchmark_metrics/model_summary_json/CNN__RDKit__summary.json,results/benchmark_metrics/model_summary_json/CNN__QM__summary.json,results/benchmark_metrics/model_summary_json/CNN__RDKit_QM__summary.json
CNN,malty,0.8952557222989801,0.9547279947789203,0.9016151768166625,0.859475794780556,0.05947227247994025,0.006359454517682384,-0.03577992751842407,results/benchmark_metrics/model_summary_json/CNN__ECFP4__summary.json,results/benchmark_metrics/model_summary_json/CNN__RDKit__summary.json,results/benchmark_metrics/model_summary_json/CNN__QM__summary.json,results/benchmark_metrics/model_summary_json/CNN__RDKit_QM__summary.json
CNN,meaty,0.8408607705211345,0.9189332215890769,0.9203181005718081,0.9396218206549779,0.07807245106794236,0.07945733005067357,0.0987610501338434,results/benchmark_metrics/model_summary_json/CNN__ECFP4__summary.json,results/benchmark_metrics/model_summary_json/CNN__RDKit__summary.json,results/benchmark_metrics/model_summary_json/CNN__QM__summary.json,results/benchmark_metrics/model_summary_json/CNN__RDKit_QM__summary.json
CNN,medicinal,0.9058132539324634,0.9420201278773837,0.9248543976626336,0.9443448685574396,0.03620687394492028,0.019041143730170185,0.03853161462497623,results/benchmark_metrics/model_summary_json/CNN__ECFP4__summary.json,results/benchmark_metrics/model_summary_json/CNN__RDKit__summary.json,results/benchmark_metrics/model_summary_json/CNN__QM__summary.json,results/benchmark_metrics/model_summary_json/CNN__RDKit_QM__summary.json
CNN,melon,0.8316704780841494,0.8636714264893482,0.8562866820581865,0.8816272465881052,0.03200094840519885,0.024616203974037076,0.049956768503955806,results/benchmark_metrics/model_summary_json/CNN__ECFP4__summary.json,results/benchmark_metrics/model_summary_json/CNN__RDKit__summary.json,results/benchmark_metrics/model_summary_json/CNN__QM__summary.json,results/benchmark_metrics/model_summary_json/CNN__RDKit_QM__summary.json
CNN,metallic,0.6773639141894234,0.7618994118477589,0.8130262021035625,0.7649012499387392,0.08453549765833546,0.13566228791413903,0.08753733574931577,results/benchmark_metrics/model_summary_json/CNN__ECFP4__summary.json,results/benchmark_metrics/model_summary_json/CNN__RDKit__summary.json,results/benchmark_metrics/model_summary_json/CNN__QM__summary.json,results/benchmark_metrics/model_summary_json/CNN__RDKit_QM__summary.json
CNN,milky,0.6645865123899612,0.7034873845598036,0.7493415583017837,0.7967062959082439,0.03890087216984239,0.08475504591182248,0.13211978351828269,results/benchmark_metrics/model_summary_json/CNN__ECFP4__summary.json,results/benchmark_metrics/model_summary_json/CNN__RDKit__summary.json,results/benchmark_metrics/model_summary_json/CNN__QM__summary.json,results/benchmark_metrics/model_summary_json/CNN__RDKit_QM__summary.json
CNN,mint,0.7857034782099686,0.8648859519118066,0.883672359200221,0.9075634271680262,0.07918247370183806,0.09796888099025247,0.12185994895805763,results/benchmark_metrics/model_summary_json/CNN__ECFP4__summary.json,results/benchmark_metrics/model_summary_json/CNN__RDKit__summary.json,results/benchmark_metrics/model_summary_json/CNN__QM__summary.json,results/benchmark_metrics/model_summary_json/CNN__RDKit_QM__summary.json
CNN,mushroom,0.7143632775432999,0.7636009364451984,0.7197246382713826,0.8135536091320926,0.04923765890189857,0.005361360728082687,0.09919033158879276,results/benchmark_metrics/model_summary_json/CNN__ECFP4__summary.json,results/benchmark_metrics/model_summary_json/CNN__RDKit__summary.json,results/benchmark_metrics/model_summary_json/CNN__QM__summary.json,results/benchmark_metrics/model_summary_json/CNN__RDKit_QM__summary.json
CNN,musk,0.8030010294283487,0.8912338609883793,0.7626978444670655,0.8889571549554585,0.08823283156003059,-0.04030318496128327,0.08595612552710974,results/benchmark_metrics/model_summary_json/CNN__ECFP4__summary.json,results/benchmark_metrics/model_summary_json/CNN__RDKit__summary.json,results/benchmark_metrics/model_summary_json/CNN__QM__summary.json,results/benchmark_metrics/model_summary_json/CNN__RDKit_QM__summary.json
CNN,musty,0.644197393236617,0.6745558816240651,0.7283782904726667,0.7003118887382558,0.030358488387448146,0.08418089723604971,0.05611449550163883,results/benchmark_metrics/model_summary_json/CNN__ECFP4__summary.json,results/benchmark_metrics/model_summary_json/CNN__RDKit__summary.json,results/benchmark_metrics/model_summary_json/CNN__QM__summary.json,results/benchmark_metrics/model_summary_json/CNN__RDKit_QM__summary.json
CNN,nutty,0.7903969702283271,0.8396847246075703,0.8321305670050327,0.8406457183746869,0.049287754379243154,0.04173359677670563,0.05024874814635982,results/benchmark_metrics/model_summary_json/CNN__ECFP4__summary.json,results/benchmark_metrics/model_summary_json/CNN__RDKit__summary.json,results/benchmark_metrics/model_summary_json/CNN__QM__summary.json,results/benchmark_metrics/model_summary_json/CNN__RDKit_QM__summary.json
CNN,oily,0.8293651473154797,0.8374555934439517,0.8485996767867606,0.8608367880483406,0.008090446128471984,0.019234529471280903,0.031471640732860906,results/benchmark_metrics/model_summary_json/CNN__ECFP4__summary.json,results/benchmark_metrics/model_summary_json/CNN__RDKit__summary.json,results/benchmark_metrics/model_summary_json/CNN__QM__summary.json,results/benchmark_metrics/model_summary_json/CNN__RDKit_QM__summary.json
CNN,onion,0.9041826698822792,0.9662058566523276,0.9557829118536633,0.9739924153477691,0.062023186770048366,0.05160024197138402,0.0698097454654899,results/benchmark_metrics/model_summary_json/CNN__ECFP4__summary.json,results/benchmark_metrics/model_summary_json/CNN__RDKit__summary.json,results/benchmark_metrics/model_summary_json/CNN__QM__summary.json,results/benchmark_metrics/model_summary_json/CNN__RDKit_QM__summary.json
CNN,orange,0.8237151994197245,0.8894234113369711,0.8608667118175759,0.8947520064268659,0.06570821191724663,0.037151512397851416,0.07103680700714143,results/benchmark_metrics/model_summary_json/CNN__ECFP4__summary.json,results/benchmark_metrics/model_summary_json/CNN__RDKit__summary.json,results/benchmark_metrics/model_summary_json/CNN__QM__summary.json,results/benchmark_metrics/model_summary_json/CNN__RDKit_QM__summary.json
CNN,orris,0.7789914810509149,0.827456898473276,0.7318605437383364,0.7628784811424254,0.0484654174223611,-0.04713093731257845,-0.016112999908489467,results/benchmark_metrics/model_summary_json/CNN__ECFP4__summary.json,results/benchmark_metrics/model_summary_json/CNN__RDKit__summary.json,results/benchmark_metrics/model_summary_json/CNN__QM__summary.json,results/benchmark_metrics/model_summary_json/CNN__RDKit_QM__summary.json
CNN,peach,0.7430893599238779,0.8144350402053696,0.7761463890645655,0.805812502080516,0.07134568028149169,0.03305702914068753,0.0627231421566381,results/benchmark_metrics/model_summary_json/CNN__ECFP4__summary.json,results/benchmark_metrics/model_summary_json/CNN__RDKit__summary.json,results/benchmark_metrics/model_summary_json/CNN__QM__summary.json,results/benchmark_metrics/model_summary_json/CNN__RDKit_QM__summary.json
CNN,pear,0.8613888915077087,0.8969389784038164,0.8929240929689648,0.9173588480494053,0.035550086896107724,0.0315352014612561,0.055969956541696564,results/benchmark_metrics/model_summary_json/CNN__ECFP4__summary.json,results/benchmark_metrics/model_summary_json/CNN__RDKit__summary.json,results/benchmark_metrics/model_summary_json/CNN__QM__summary.json,results/benchmark_metrics/model_summary_json/CNN__RDKit_QM__summary.json
CNN,phenolic,0.9273516544272521,0.9537427041429554,0.9585927765658804,0.9522970754743213,0.026391049715703274,0.031241122138628286,0.024945421047069205,results/benchmark_metrics/model_summary_json/CNN__ECFP4__summary.json,results/benchmark_metrics/model_summary_json/CNN__RDKit__summary.json,results/benchmark_metrics/model_summary_json/CNN__QM__summary.json,results/benchmark_metrics/model_summary_json/CNN__RDKit_QM__summary.json
CNN,pine,0.9079605412619636,0.9371412463200863,0.9543638715432115,0.9638831875291519,0.029180705058122758,0.04640333028124788,0.05592264626718835,results/benchmark_metrics/model_summary_json/CNN__ECFP4__summary.json,results/benchmark_metrics/model_summary_json/CNN__RDKit__summary.json,results/benchmark_metrics/model_summary_json/CNN__QM__summary.json,results/benchmark_metrics/model_summary_json/CNN__RDKit_QM__summary.json
CNN,pineapple,0.8607414075751233,0.8731542903302036,0.8815477592865385,0.8948147794399886,0.012412882755080346,0.020806351711415205,0.034073371864865254,results/benchmark_metrics/model_summary_json/CNN__ECFP4__summary.json,results/benchmark_metrics/model_summary_json/CNN__RDKit__summary.json,results/benchmark_metrics/model_summary_json/CNN__QM__summary.json,results/benchmark_metrics/model_summary_json/CNN__RDKit_QM__summary.json
CNN,plum,0.7162382103596598,0.8150094037258213,0.8175390654497099,0.8093405913822218,0.09877119336616147,0.10130085509005005,0.09310238102256196,results/benchmark_metrics/model_summary_json/CNN__ECFP4__summary.json,results/benchmark_metrics/model_summary_json/CNN__RDKit__summary.json,results/benchmark_metrics/model_summary_json/CNN__QM__summary.json,results/benchmark_metrics/model_summary_json/CNN__RDKit_QM__summary.json
CNN,popcorn,0.9578046295860995,0.965783566625183,0.9628600410787573,0.9787001406014942,0.007978937039083589,0.005055411492657869,0.020895511015394774,results/benchmark_metrics/model_summary_json/CNN__ECFP4__summary.json,results/benchmark_metrics/model_summary_json/CNN__RDKit__summary.json,results/benchmark_metrics/model_summary_json/CNN__QM__summary.json,results/benchmark_metrics/model_summary_json/CNN__RDKit_QM__summary.json
CNN,potato,0.9094271888871329,0.9321134121936755,0.9528057203253812,0.9553911166873569,0.022686223306542574,0.043378531438248324,0.04596392780022396,results/benchmark_metrics/model_summary_json/CNN__ECFP4__summary.json,results/benchmark_metrics/model_summary_json/CNN__RDKit__summary.json,results/benchmark_metrics/model_summary_json/CNN__QM__summary.json,results/benchmark_metrics/model_summary_json/CNN__RDKit_QM__summary.json
CNN,pungent,0.7990981041873053,0.8614630193367706,0.8666337886064959,0.8792994023300418,0.062364915149465294,0.06753568441919056,0.08020129814273647,results/benchmark_metrics/model_summary_json/CNN__ECFP4__summary.json,results/benchmark_metrics/model_summary_json/CNN__RDKit__summary.json,results/benchmark_metrics/model_summary_json/CNN__QM__summary.json,results/benchmark_metrics/model_summary_json/CNN__RDKit_QM__summary.json
CNN,radish,0.7160448299887904,0.7386862996944943,0.807581584939339,0.8396093594824805,0.02264146970570391,0.09153675495054858,0.12356452949369012,results/benchmark_metrics/model_summary_json/CNN__ECFP4__summary.json,results/benchmark_metrics/model_summary_json/CNN__RDKit__summary.json,results/benchmark_metrics/model_summary_json/CNN__QM__summary.json,results/benchmark_metrics/model_summary_json/CNN__RDKit_QM__summary.json
CNN,ripe,0.7901761836135658,0.7700440801057968,0.8777677538886515,0.8733032690885201,-0.02013210350776895,0.08759157027508568,0.08312708547495429,results/benchmark_metrics/model_summary_json/CNN__ECFP4__summary.json,results/benchmark_metrics/model_summary_json/CNN__RDKit__summary.json,results/benchmark_metrics/model_summary_json/CNN__QM__summary.json,results/benchmark_metrics/model_summary_json/CNN__RDKit_QM__summary.json
CNN,roasted,0.8716931300062821,0.9250084466871351,0.9168954974199751,0.9307859993130464,0.05331531668085299,0.04520236741369299,0.05909286930676427,results/benchmark_metrics/model_summary_json/CNN__ECFP4__summary.json,results/benchmark_metrics/model_summary_json/CNN__RDKit__summary.json,results/benchmark_metrics/model_summary_json/CNN__QM__summary.json,results/benchmark_metrics/model_summary_json/CNN__RDKit_QM__summary.json
CNN,rose,0.7925782393685841,0.8562770165860678,0.860383643480727,0.8919319123810572,0.06369877721748374,0.06780540411214298,0.09935367301247311,results/benchmark_metrics/model_summary_json/CNN__ECFP4__summary.json,results/benchmark_metrics/model_summary_json/CNN__RDKit__summary.json,results/benchmark_metrics/model_summary_json/CNN__QM__summary.json,results/benchmark_metrics/model_summary_json/CNN__RDKit_QM__summary.json
CNN,rum,0.7938206700551171,0.8762197929859653,0.8650798044407961,0.8905570383771997,0.08239912293084817,0.07125913438567899,0.09673636832208254,results/benchmark_metrics/model_summary_json/CNN__ECFP4__summary.json,results/benchmark_metrics/model_summary_json/CNN__RDKit__summary.json,results/benchmark_metrics/model_summary_json/CNN__QM__summary.json,results/benchmark_metrics/model_summary_json/CNN__RDKit_QM__summary.json
CNN,savory,0.8057088965797281,0.9106756194585491,0.9159994728115034,0.9242023802535495,0.10496672287882103,0.1102905762317753,0.1184934836738214,results/benchmark_metrics/model_summary_json/CNN__ECFP4__summary.json,results/benchmark_metrics/model_summary_json/CNN__RDKit__summary.json,results/benchmark_metrics/model_summary_json/CNN__QM__summary.json,results/benchmark_metrics/model_summary_json/CNN__RDKit_QM__summary.json
CNN,sharp,0.7230528648762625,0.839800175888034,0.799786400062253,0.8319613790012896,0.11674731101177149,0.07673353518599046,0.10890851412502711,results/benchmark_metrics/model_summary_json/CNN__ECFP4__summary.json,results/benchmark_metrics/model_summary_json/CNN__RDKit__summary.json,results/benchmark_metrics/model_summary_json/CNN__QM__summary.json,results/benchmark_metrics/model_summary_json/CNN__RDKit_QM__summary.json
CNN,smoky,0.9339571009302654,0.950008488825856,0.9648136731207414,0.9709111441892601,0.016051387895590574,0.030856572190475995,0.03695404325899465,results/benchmark_metrics/model_summary_json/CNN__ECFP4__summary.json,results/benchmark_metrics/model_summary_json/CNN__RDKit__summary.json,results/benchmark_metrics/model_summary_json/CNN__QM__summary.json,results/benchmark_metrics/model_summary_json/CNN__RDKit_QM__summary.json
CNN,solvent,0.8500036639195852,0.9293912744968322,0.9588298941223077,0.9680542150003124,0.07938761057724708,0.10882623020272253,0.11805055108072726,results/benchmark_metrics/model_summary_json/CNN__ECFP4__summary.json,results/benchmark_metrics/model_summary_json/CNN__RDKit__summary.json,results/benchmark_metrics/model_summary_json/CNN__QM__summary.json,results/benchmark_metrics/model_summary_json/CNN__RDKit_QM__summary.json
CNN,sour,0.8083656686976661,0.829743784303934,0.9268962722619097,0.8985778616090823,0.0213781156062679,0.11853060356424361,0.09021219291141613,results/benchmark_metrics/model_summary_json/CNN__ECFP4__summary.json,results/benchmark_metrics/model_summary_json/CNN__RDKit__summary.json,results/benchmark_metrics/model_summary_json/CNN__QM__summary.json,results/benchmark_metrics/model_summary_json/CNN__RDKit_QM__summary.json
CNN,spicy,0.8003090459572831,0.8087471344315986,0.8213215955887186,0.8233740847792108,0.008438088474315486,0.021012549631435506,0.023065038821927675,results/benchmark_metrics/model_summary_json/CNN__ECFP4__summary.json,results/benchmark_metrics/model_summary_json/CNN__RDKit__summary.json,results/benchmark_metrics/model_summary_json/CNN__QM__summary.json,results/benchmark_metrics/model_summary_json/CNN__RDKit_QM__summary.json
CNN,strawberry,0.6747979540875728,0.7532684419317983,0.7487424602958476,0.7568126043975906,0.0784704878442255,0.07394450620827475,0.08201465031001776,results/benchmark_metrics/model_summary_json/CNN__ECFP4__summary.json,results/benchmark_metrics/model_summary_json/CNN__RDKit__summary.json,results/benchmark_metrics/model_summary_json/CNN__QM__summary.json,results/benchmark_metrics/model_summary_json/CNN__RDKit_QM__summary.json
CNN,sulfurous,0.8556161285091418,0.9546461179525265,0.9439667701654539,0.96434025729836,0.0990299894433847,0.08835064165631212,0.10872412878921822,results/benchmark_metrics/model_summary_json/CNN__ECFP4__summary.json,results/benchmark_metrics/model_summary_json/CNN__RDKit__summary.json,results/benchmark_metrics/model_summary_json/CNN__QM__summary.json,results/benchmark_metrics/model_summary_json/CNN__RDKit_QM__summary.json
CNN,sweet,0.6835261744358323,0.7155418980534448,0.715221846459479,0.7294968406686493,0.03201572361761251,0.03169567202364665,0.04597066623281698,results/benchmark_metrics/model_summary_json/CNN__ECFP4__summary.json,results/benchmark_metrics/model_summary_json/CNN__RDKit__summary.json,results/benchmark_metrics/model_summary_json/CNN__QM__summary.json,results/benchmark_metrics/model_summary_json/CNN__RDKit_QM__summary.json
CNN,tea,0.805851177841757,0.8146953956336663,0.7524815342256208,0.7627429236240445,0.008844217791909359,-0.053369643616136164,-0.04310825421771247,results/benchmark_metrics/model_summary_json/CNN__ECFP4__summary.json,results/benchmark_metrics/model_summary_json/CNN__RDKit__summary.json,results/benchmark_metrics/model_summary_json/CNN__QM__summary.json,results/benchmark_metrics/model_summary_json/CNN__RDKit_QM__summary.json
CNN,tobacco,0.816394327625354,0.8466740290915638,0.8334751128336648,0.8885837115089521,0.03027970146620973,0.0170807852083108,0.07218938388359808,results/benchmark_metrics/model_summary_json/CNN__ECFP4__summary.json,results/benchmark_metrics/model_summary_json/CNN__RDKit__summary.json,results/benchmark_metrics/model_summary_json/CNN__QM__summary.json,results/benchmark_metrics/model_summary_json/CNN__RDKit_QM__summary.json
CNN,tomato,0.7990676474942889,0.8411530715055363,0.8670381165235502,0.8851628127956765,0.042085424011247374,0.0679704690292613,0.08609516530138761,results/benchmark_metrics/model_summary_json/CNN__ECFP4__summary.json,results/benchmark_metrics/model_summary_json/CNN__RDKit__summary.json,results/benchmark_metrics/model_summary_json/CNN__QM__summary.json,results/benchmark_metrics/model_summary_json/CNN__RDKit_QM__summary.json
CNN,tropical,0.740796288377312,0.8060983623709108,0.833724698816315,0.8485940401180626,0.06530207399359877,0.0929284104390029,0.10779775174075057,results/benchmark_metrics/model_summary_json/CNN__ECFP4__summary.json,results/benchmark_metrics/model_summary_json/CNN__RDKit__summary.json,results/benchmark_metrics/model_summary_json/CNN__QM__summary.json,results/benchmark_metrics/model_summary_json/CNN__RDKit_QM__summary.json
CNN,vanilla,0.9163760883924816,0.9191574296939914,0.9244097967520766,0.94494083565157,0.0027813413015097543,0.008033708359594938,0.02856474725908842,results/benchmark_metrics/model_summary_json/CNN__ECFP4__summary.json,results/benchmark_metrics/model_summary_json/CNN__RDKit__summary.json,results/benchmark_metrics/model_summary_json/CNN__QM__summary.json,results/benchmark_metrics/model_summary_json/CNN__RDKit_QM__summary.json
CNN,vegetable,0.7623157741278072,0.8175079917589017,0.8283252503161995,0.8524786115364202,0.0551922176310945,0.06600947618839237,0.09016283740861308,results/benchmark_metrics/model_summary_json/CNN__ECFP4__summary.json,results/benchmark_metrics/model_summary_json/CNN__RDKit__summary.json,results/benchmark_metrics/model_summary_json/CNN__QM__summary.json,results/benchmark_metrics/model_summary_json/CNN__RDKit_QM__summary.json
CNN,violet,0.8083617372582816,0.9218070434685351,0.8814143074570658,0.9470210835747249,0.1134453062102535,0.0730525701987842,0.13865934631644328,results/benchmark_metrics/model_summary_json/CNN__ECFP4__summary.json,results/benchmark_metrics/model_summary_json/CNN__RDKit__summary.json,results/benchmark_metrics/model_summary_json/CNN__QM__summary.json,results/benchmark_metrics/model_summary_json/CNN__RDKit_QM__summary.json
CNN,warm,0.6416611270366692,0.7604925055598983,0.7195135560800647,0.7392336438076758,0.11883137852322911,0.07785242904339551,0.09757251677100653,results/benchmark_metrics/model_summary_json/CNN__ECFP4__summary.json,results/benchmark_metrics/model_summary_json/CNN__RDKit__summary.json,results/benchmark_metrics/model_summary_json/CNN__QM__summary.json,results/benchmark_metrics/model_summary_json/CNN__RDKit_QM__summary.json
CNN,waxy,0.8598580858119285,0.9034130289643816,0.8877796861640055,0.9063717540741905,0.04355494315245312,0.027921600352077025,0.046513668262262,results/benchmark_metrics/model_summary_json/CNN__ECFP4__summary.json,results/benchmark_metrics/model_summary_json/CNN__RDKit__summary.json,results/benchmark_metrics/model_summary_json/CNN__QM__summary.json,results/benchmark_metrics/model_summary_json/CNN__RDKit_QM__summary.json
CNN,winey,0.8087200811821109,0.837203643439614,0.8139101739164589,0.8599361226269947,0.028483562257503037,0.005190092734348006,0.051216041444883786,results/benchmark_metrics/model_summary_json/CNN__ECFP4__summary.json,results/benchmark_metrics/model_summary_json/CNN__RDKit__summary.json,results/benchmark_metrics/model_summary_json/CNN__QM__summary.json,results/benchmark_metrics/model_summary_json/CNN__RDKit_QM__summary.json
CNN,woody,0.791535772343856,0.8544157024191119,0.810117324583514,0.8441269534407443,0.06287993007525594,0.018581552239658072,0.05259118109688832,results/benchmark_metrics/model_summary_json/CNN__ECFP4__summary.json,results/benchmark_metrics/model_summary_json/CNN__RDKit__summary.json,results/benchmark_metrics/model_summary_json/CNN__QM__summary.json,results/benchmark_metrics/model_summary_json/CNN__RDKit_QM__summary.json
LogReg,alcoholic,0.9775214290855431,0.9661048156100656,0.964355761517773,0.9649625804711228,-0.01141661347547751,-0.013165667567770045,-0.012558848614420248,results/benchmark_metrics/model_summary_json/LogReg__ECFP4__summary.json,results/benchmark_metrics/model_summary_json/LogReg__RDKit__summary.json,results/benchmark_metrics/model_summary_json/LogReg__QM__summary.json,results/benchmark_metrics/model_summary_json/LogReg__RDKit_QM__summary.json
LogReg,aldehydic,0.8273093365783124,0.7607155814896006,0.7726265623275568,0.8164098223658106,-0.06659375508871179,-0.05468277425075563,-0.010899514212501793,results/benchmark_metrics/model_summary_json/LogReg__ECFP4__summary.json,results/benchmark_metrics/model_summary_json/LogReg__RDKit__summary.json,results/benchmark_metrics/model_summary_json/LogReg__QM__summary.json,results/benchmark_metrics/model_summary_json/LogReg__RDKit_QM__summary.json
LogReg,alliaceous,0.9411378538629431,0.9263909695622455,0.9074110398945876,0.9245802386639642,-0.014746884300697594,-0.03372681396835553,-0.016557615198978914,results/benchmark_metrics/model_summary_json/LogReg__ECFP4__summary.json,results/benchmark_metrics/model_summary_json/LogReg__RDKit__summary.json,results/benchmark_metrics/model_summary_json/LogReg__QM__summary.json,results/benchmark_metrics/model_summary_json/LogReg__RDKit_QM__summary.json
LogReg,almond,0.894871725799627,0.8627819366704049,0.9013635580974058,0.9205521460032203,-0.03208978912922211,0.006491832297778721,0.02568042020359329,results/benchmark_metrics/model_summary_json/LogReg__ECFP4__summary.json,results/benchmark_metrics/model_summary_json/LogReg__RDKit__summary.json,results/benchmark_metrics/model_summary_json/LogReg__QM__summary.json,results/benchmark_metrics/model_summary_json/LogReg__RDKit_QM__summary.json
LogReg,animal,0.8826939625971597,0.8052946489918803,0.7466087656124223,0.8191010648804866,-0.07739931360527941,-0.13608519698473742,-0.06359289771667309,results/benchmark_metrics/model_summary_json/LogReg__ECFP4__summary.json,results/benchmark_metrics/model_summary_json/LogReg__RDKit__summary.json,results/benchmark_metrics/model_summary_json/LogReg__QM__summary.json,results/benchmark_metrics/model_summary_json/LogReg__RDKit_QM__summary.json
LogReg,anisic,0.9038927271141544,0.9088967156222306,0.8861645229403688,0.9109851796506856,0.0050039885080762625,-0.01772820417378551,0.007092452536531235,results/benchmark_metrics/model_summary_json/LogReg__ECFP4__summary.json,results/benchmark_metrics/model_summary_json/LogReg__RDKit__summary.json,results/benchmark_metrics/model_summary_json/LogReg__QM__summary.json,results/benchmark_metrics/model_summary_json/LogReg__RDKit_QM__summary.json
LogReg,apple,0.8951786491324771,0.8602943288272582,0.8624317220910797,0.8919970917146669,-0.03488432030521893,-0.03274692704139748,-0.0031815574178102324,results/benchmark_metrics/model_summary_json/LogReg__ECFP4__summary.json,results/benchmark_metrics/model_summary_json/LogReg__RDKit__summary.json,results/benchmark_metrics/model_summary_json/LogReg__QM__summary.json,results/benchmark_metrics/model_summary_json/LogReg__RDKit_QM__summary.json
LogReg,apricot,0.8527505349270601,0.7583300416010909,0.757907364482268,0.8135735332141735,-0.09442049332596925,-0.09484317044479207,-0.03917700171288663,results/benchmark_metrics/model_summary_json/LogReg__ECFP4__summary.json,results/benchmark_metrics/model_summary_json/LogReg__RDKit__summary.json,results/benchmark_metrics/model_summary_json/LogReg__QM__summary.json,results/benchmark_metrics/model_summary_json/LogReg__RDKit_QM__summary.json
LogReg,aromatic,0.8006303963994119,0.8245553000129575,0.8173483495000937,0.8068585017375554,0.0239249036135456,0.016717953100681804,0.0062281053381434415,results/benchmark_metrics/model_summary_json/LogReg__ECFP4__summary.json,results/benchmark_metrics/model_summary_json/LogReg__RDKit__summary.json,results/benchmark_metrics/model_summary_json/LogReg__QM__summary.json,results/benchmark_metrics/model_summary_json/LogReg__RDKit_QM__summary.json
LogReg,balsamic,0.9155408531532665,0.9117360323322554,0.9109061252088322,0.9159192552324793,-0.003804820821011079,-0.004634727944434314,0.0003784020792128029,results/benchmark_metrics/model_summary_json/LogReg__ECFP4__summary.json,results/benchmark_metrics/model_summary_json/LogReg__RDKit__summary.json,results/benchmark_metrics/model_summary_json/LogReg__QM__summary.json,results/benchmark_metrics/model_summary_json/LogReg__RDKit_QM__summary.json
LogReg,banana,0.8974843186777448,0.8972550441493237,0.9097369815437368,0.9327867366268977,-0.0002292745284211417,0.012252662865992026,0.0353024179491529,results/benchmark_metrics/model_summary_json/LogReg__ECFP4__summary.json,results/benchmark_metrics/model_summary_json/LogReg__RDKit__summary.json,results/benchmark_metrics/model_summary_json/LogReg__QM__summary.json,results/benchmark_metrics/model_summary_json/LogReg__RDKit_QM__summary.json
LogReg,beefy,0.8841916141865468,0.8724971191083852,0.8135142303849865,0.8648863044387938,-0.01169449507816156,-0.0706773838015603,-0.01930530974775302,results/benchmark_metrics/model_summary_json/LogReg__ECFP4__summary.json,results/benchmark_metrics/model_summary_json/LogReg__RDKit__summary.json,results/benchmark_metrics/model_summary_json/LogReg__QM__summary.json,results/benchmark_metrics/model_summary_json/LogReg__RDKit_QM__summary.json
LogReg,berry,0.7446003642610797,0.6613123468733078,0.6586295325941496,0.7289079247145142,-0.08328801738777192,-0.08597083166693009,-0.015692439546565518,results/benchmark_metrics/model_summary_json/LogReg__ECFP4__summary.json,results/benchmark_metrics/model_summary_json/LogReg__RDKit__summary.json,results/benchmark_metrics/model_summary_json/LogReg__QM__summary.json,results/benchmark_metrics/model_summary_json/LogReg__RDKit_QM__summary.json
LogReg,black currant,0.9382930757294039,0.8546471655152199,0.8921425864973646,0.9404060338408844,-0.083645910214184,-0.04615048923203935,0.0021129581114804896,results/benchmark_metrics/model_summary_json/LogReg__ECFP4__summary.json,results/benchmark_metrics/model_summary_json/LogReg__RDKit__summary.json,results/benchmark_metrics/model_summary_json/LogReg__QM__summary.json,results/benchmark_metrics/model_summary_json/LogReg__RDKit_QM__summary.json
LogReg,brandy,0.8962529525107167,0.8612553236727211,0.8228678366998373,0.8823128757215974,-0.03499762883799562,-0.07338511581087936,-0.013940076789119238,results/benchmark_metrics/model_summary_json/LogReg__ECFP4__summary.json,results/benchmark_metrics/model_summary_json/LogReg__RDKit__summary.json,results/benchmark_metrics/model_summary_json/LogReg__QM__summary.json,results/benchmark_metrics/model_summary_json/LogReg__RDKit_QM__summary.json
LogReg,bread,0.8429808460621562,0.8901262406045131,0.8742838276175586,0.8873018382798653,0.04714539454235689,0.031302981555402454,0.04432099221770913,results/benchmark_metrics/model_summary_json/LogReg__ECFP4__summary.json,results/benchmark_metrics/model_summary_json/LogReg__RDKit__summary.json,results/benchmark_metrics/model_summary_json/LogReg__QM__summary.json,results/benchmark_metrics/model_summary_json/LogReg__RDKit_QM__summary.json
LogReg,brothy,0.8963953311863795,0.8864888493263086,0.869913476659913,0.8798943004876104,-0.009906481860070926,-0.026481854526466453,-0.01650103069876907,results/benchmark_metrics/model_summary_json/LogReg__ECFP4__summary.json,results/benchmark_metrics/model_summary_json/LogReg__RDKit__summary.json,results/benchmark_metrics/model_summary_json/LogReg__QM__summary.json,results/benchmark_metrics/model_summary_json/LogReg__RDKit_QM__summary.json
LogReg,burnt,0.861353711959795,0.8302353369457431,0.8305618589479703,0.8528105507267953,-0.031118375014051902,-0.030791853011824744,-0.008543161232999696,results/benchmark_metrics/model_summary_json/LogReg__ECFP4__summary.json,results/benchmark_metrics/model_summary_json/LogReg__RDKit__summary.json,results/benchmark_metrics/model_summary_json/LogReg__QM__summary.json,results/benchmark_metrics/model_summary_json/LogReg__RDKit_QM__summary.json
LogReg,buttery,0.8667315871846346,0.8453486076718619,0.802482403277206,0.8338920113452973,-0.021382979512772682,-0.06424918390742862,-0.032839575839337276,results/benchmark_metrics/model_summary_json/LogReg__ECFP4__summary.json,results/benchmark_metrics/model_summary_json/LogReg__RDKit__summary.json,results/benchmark_metrics/model_summary_json/LogReg__QM__summary.json,results/benchmark_metrics/model_summary_json/LogReg__RDKit_QM__summary.json
LogReg,cabbage,0.9346107736700281,0.9072235704184024,0.8633401493768599,0.90352805185402,-0.02738720325162569,-0.07127062429316822,-0.03108272181600813,results/benchmark_metrics/model_summary_json/LogReg__ECFP4__summary.json,results/benchmark_metrics/model_summary_json/LogReg__RDKit__summary.json,results/benchmark_metrics/model_summary_json/LogReg__QM__summary.json,results/benchmark_metrics/model_summary_json/LogReg__RDKit_QM__summary.json
LogReg,camphoreous,0.9333939931067127,0.9263114602004923,0.8775818835433933,0.9193883111685743,-0.007082532906220407,-0.05581210956331939,-0.014005681938138337,results/benchmark_metrics/model_summary_json/LogReg__ECFP4__summary.json,results/benchmark_metrics/model_summary_json/LogReg__RDKit__summary.json,results/benchmark_metrics/model_summary_json/LogReg__QM__summary.json,results/benchmark_metrics/model_summary_json/LogReg__RDKit_QM__summary.json
LogReg,caramellic,0.8952427953687778,0.8723797176944812,0.8694567136720487,0.8945022414075423,-0.022863077674296628,-0.025786081696729135,-0.0007405539612355128,results/benchmark_metrics/model_summary_json/LogReg__ECFP4__summary.json,results/benchmark_metrics/model_summary_json/LogReg__RDKit__summary.json,results/benchmark_metrics/model_summary_json/LogReg__QM__summary.json,results/benchmark_metrics/model_summary_json/LogReg__RDKit_QM__summary.json
LogReg,catty,0.9635483438274587,0.9243888269640614,0.9138540502780963,0.9470027336163259,-0.03915951686339725,-0.04969429354936239,-0.016545610211132766,results/benchmark_metrics/model_summary_json/LogReg__ECFP4__summary.json,results/benchmark_metrics/model_summary_json/LogReg__RDKit__summary.json,results/benchmark_metrics/model_summary_json/LogReg__QM__summary.json,results/benchmark_metrics/model_summary_json/LogReg__RDKit_QM__summary.json
LogReg,chamomile,0.9385582910395792,0.8945587842134876,0.9340817444975013,0.9487622729948308,-0.04399950682609166,-0.004476546542077964,0.010203981955251629,results/benchmark_metrics/model_summary_json/LogReg__ECFP4__summary.json,results/benchmark_metrics/model_summary_json/LogReg__RDKit__summary.json,results/benchmark_metrics/model_summary_json/LogReg__QM__summary.json,results/benchmark_metrics/model_summary_json/LogReg__RDKit_QM__summary.json
LogReg,cheesy,0.9218184078777332,0.8713657226017932,0.861815006521868,0.9025064566530088,-0.050452685275939935,-0.06000340135586513,-0.0193119512247244,results/benchmark_metrics/model_summary_json/LogReg__ECFP4__summary.json,results/benchmark_metrics/model_summary_json/LogReg__RDKit__summary.json,results/benchmark_metrics/model_summary_json/LogReg__QM__summary.json,results/benchmark_metrics/model_summary_json/LogReg__RDKit_QM__summary.json
LogReg,cherry,0.8929999296338902,0.8307072822265195,0.8873737905291209,0.8762826079635824,-0.06229264740737073,-0.005626139104769279,-0.016717321670307816,results/benchmark_metrics/model_summary_json/LogReg__ECFP4__summary.json,results/benchmark_metrics/model_summary_json/LogReg__RDKit__summary.json,results/benchmark_metrics/model_summary_json/LogReg__QM__summary.json,results/benchmark_metrics/model_summary_json/LogReg__RDKit_QM__summary.json
LogReg,chicken,0.9095391398810018,0.7818904141577517,0.7502955324554146,0.8633678490522657,-0.12764872572325003,-0.15924360742558719,-0.046171290828736056,results/benchmark_metrics/model_summary_json/LogReg__ECFP4__summary.json,results/benchmark_metrics/model_summary_json/LogReg__RDKit__summary.json,results/benchmark_metrics/model_summary_json/LogReg__QM__summary.json,results/benchmark_metrics/model_summary_json/LogReg__RDKit_QM__summary.json
LogReg,chocolate,0.8270142175090136,0.8099580898776064,0.8415300565424196,0.8592572341792909,-0.01705612763140718,0.01451583903340603,0.03224301667027729,results/benchmark_metrics/model_summary_json/LogReg__ECFP4__summary.json,results/benchmark_metrics/model_summary_json/LogReg__RDKit__summary.json,results/benchmark_metrics/model_summary_json/LogReg__QM__summary.json,results/benchmark_metrics/model_summary_json/LogReg__RDKit_QM__summary.json
LogReg,cinnamon,0.8916461664742791,0.8728788755484699,0.913711504573962,0.9150655010535358,-0.0187672909258092,0.02206533809968292,0.023419334579256712,results/benchmark_metrics/model_summary_json/LogReg__ECFP4__summary.json,results/benchmark_metrics/model_summary_json/LogReg__RDKit__summary.json,results/benchmark_metrics/model_summary_json/LogReg__QM__summary.json,results/benchmark_metrics/model_summary_json/LogReg__RDKit_QM__summary.json
LogReg,citrus,0.8677480268047484,0.8210092396020003,0.8481093300138302,0.8574251583355107,-0.046738787202748044,-0.01963869679091823,-0.01032286846923769,results/benchmark_metrics/model_summary_json/LogReg__ECFP4__summary.json,results/benchmark_metrics/model_summary_json/LogReg__RDKit__summary.json,results/benchmark_metrics/model_summary_json/LogReg__QM__summary.json,results/benchmark_metrics/model_summary_json/LogReg__RDKit_QM__summary.json
LogReg,cocoa,0.8876548694860885,0.7298209857722873,0.8417752229839974,0.8576453607332958,-0.15783388371380125,-0.04587964650209109,-0.030009508752792735,results/benchmark_metrics/model_summary_json/LogReg__ECFP4__summary.json,results/benchmark_metrics/model_summary_json/LogReg__RDKit__summary.json,results/benchmark_metrics/model_summary_json/LogReg__QM__summary.json,results/benchmark_metrics/model_summary_json/LogReg__RDKit_QM__summary.json
LogReg,coconut,0.921578017633896,0.8256505380224557,0.8566817075453216,0.8727600705249812,-0.09592747961144032,-0.06489631008857444,-0.04881794710891485,results/benchmark_metrics/model_summary_json/LogReg__ECFP4__summary.json,results/benchmark_metrics/model_summary_json/LogReg__RDKit__summary.json,results/benchmark_metrics/model_summary_json/LogReg__QM__summary.json,results/benchmark_metrics/model_summary_json/LogReg__RDKit_QM__summary.json
LogReg,coffee,0.9309764156435479,0.9362214183558333,0.8846744324077266,0.9131704621221608,0.00524500271228534,-0.04630198323582135,-0.01780595352138714,results/benchmark_metrics/model_summary_json/LogReg__ECFP4__summary.json,results/benchmark_metrics/model_summary_json/LogReg__RDKit__summary.json,results/benchmark_metrics/model_summary_json/LogReg__QM__summary.json,results/benchmark_metrics/model_summary_json/LogReg__RDKit_QM__summary.json
LogReg,cognac,0.9330880039515721,0.931527900025434,0.9506540411714497,0.9454718534235095,-0.0015601039261381455,0.017566037219877595,0.01238384947193738,results/benchmark_metrics/model_summary_json/LogReg__ECFP4__summary.json,results/benchmark_metrics/model_summary_json/LogReg__RDKit__summary.json,results/benchmark_metrics/model_summary_json/LogReg__QM__summary.json,results/benchmark_metrics/model_summary_json/LogReg__RDKit_QM__summary.json
LogReg,coumarinic,0.9447694907553986,0.8930698799415013,0.9506696161910408,0.9541052714371222,-0.05169961081389729,0.005900125435642223,0.009335780681723582,results/benchmark_metrics/model_summary_json/LogReg__ECFP4__summary.json,results/benchmark_metrics/model_summary_json/LogReg__RDKit__summary.json,results/benchmark_metrics/model_summary_json/LogReg__QM__summary.json,results/benchmark_metrics/model_summary_json/LogReg__RDKit_QM__summary.json
LogReg,creamy,0.7610080410768084,0.6626265674380909,0.7102147233310665,0.7211276697387017,-0.09838147363871752,-0.05079331774574192,-0.039880371338106735,results/benchmark_metrics/model_summary_json/LogReg__ECFP4__summary.json,results/benchmark_metrics/model_summary_json/LogReg__RDKit__summary.json,results/benchmark_metrics/model_summary_json/LogReg__QM__summary.json,results/benchmark_metrics/model_summary_json/LogReg__RDKit_QM__summary.json
LogReg,cucumber,0.9459646689814359,0.9683903205643265,0.9057685316074291,0.9512192900371742,0.02242565158289056,-0.040196137374006846,0.005254621055738262,results/benchmark_metrics/model_summary_json/LogReg__ECFP4__summary.json,results/benchmark_metrics/model_summary_json/LogReg__RDKit__summary.json,results/benchmark_metrics/model_summary_json/LogReg__QM__summary.json,results/benchmark_metrics/model_summary_json/LogReg__RDKit_QM__summary.json
LogReg,dairy,0.8378768896735653,0.8088576467856857,0.7871153828314104,0.7983014742304662,-0.029019242887879604,-0.05076150684215497,-0.03957541544309917,results/benchmark_metrics/model_summary_json/LogReg__ECFP4__summary.json,results/benchmark_metrics/model_summary_json/LogReg__RDKit__summary.json,results/benchmark_metrics/model_summary_json/LogReg__QM__summary.json,results/benchmark_metrics/model_summary_json/LogReg__RDKit_QM__summary.json
LogReg,dry,0.7476655759938814,0.8465684383092323,0.779302807174054,0.8340712965229097,0.09890286231535095,0.03163723118017259,0.08640572052902828,results/benchmark_metrics/model_summary_json/LogReg__ECFP4__summary.json,results/benchmark_metrics/model_summary_json/LogReg__RDKit__summary.json,results/benchmark_metrics/model_summary_json/LogReg__QM__summary.json,results/benchmark_metrics/model_summary_json/LogReg__RDKit_QM__summary.json
LogReg,earthy,0.742369539551997,0.7100628262872872,0.681797023150731,0.7288894826687374,-0.0323067132647098,-0.06057251640126604,-0.013480056883259595,results/benchmark_metrics/model_summary_json/LogReg__ECFP4__summary.json,results/benchmark_metrics/model_summary_json/LogReg__RDKit__summary.json,results/benchmark_metrics/model_summary_json/LogReg__QM__summary.json,results/benchmark_metrics/model_summary_json/LogReg__RDKit_QM__summary.json
LogReg,ethereal,0.9315490096167721,0.9365013663794025,0.9391268565422314,0.9418410796481842,0.004952356762630394,0.007577846925459264,0.010292070031412082,results/benchmark_metrics/model_summary_json/LogReg__ECFP4__summary.json,results/benchmark_metrics/model_summary_json/LogReg__RDKit__summary.json,results/benchmark_metrics/model_summary_json/LogReg__QM__summary.json,results/benchmark_metrics/model_summary_json/LogReg__RDKit_QM__summary.json
LogReg,fatty,0.890124611534502,0.8939785389177194,0.8842516627718341,0.9045792809283256,0.003853927383217437,-0.005872948762667862,0.014454669393823671,results/benchmark_metrics/model_summary_json/LogReg__ECFP4__summary.json,results/benchmark_metrics/model_summary_json/LogReg__RDKit__summary.json,results/benchmark_metrics/model_summary_json/LogReg__QM__summary.json,results/benchmark_metrics/model_summary_json/LogReg__RDKit_QM__summary.json
LogReg,fermented,0.9034292991287269,0.8579031994465234,0.879079111066938,0.8663169999733092,-0.04552609968220356,-0.024350188061788902,-0.037112299155417694,results/benchmark_metrics/model_summary_json/LogReg__ECFP4__summary.json,results/benchmark_metrics/model_summary_json/LogReg__RDKit__summary.json,results/benchmark_metrics/model_summary_json/LogReg__QM__summary.json,results/benchmark_metrics/model_summary_json/LogReg__RDKit_QM__summary.json
LogReg,fishy,0.9455624451281835,0.8384692864270002,0.8020696196416155,0.9115173093666004,-0.1070931587011833,-0.14349282548656805,-0.03404513576158319,results/benchmark_metrics/model_summary_json/LogReg__ECFP4__summary.json,results/benchmark_metrics/model_summary_json/LogReg__RDKit__summary.json,results/benchmark_metrics/model_summary_json/LogReg__QM__summary.json,results/benchmark_metrics/model_summary_json/LogReg__RDKit_QM__summary.json
LogReg,floral,0.8448356835107029,0.8192305199105139,0.7993586885119701,0.8288939594963125,-0.02560516360018905,-0.04547699499873281,-0.015941724014390424,results/benchmark_metrics/model_summary_json/LogReg__ECFP4__summary.json,results/benchmark_metrics/model_summary_json/LogReg__RDKit__summary.json,results/benchmark_metrics/model_summary_json/LogReg__QM__summary.json,results/benchmark_metrics/model_summary_json/LogReg__RDKit_QM__summary.json
LogReg,fresh,0.7396042963769865,0.7078483461973045,0.6823629563946411,0.7338126887317853,-0.031755950179682024,-0.057241339982345485,-0.005791607645201258,results/benchmark_metrics/model_summary_json/LogReg__ECFP4__summary.json,results/benchmark_metrics/model_summary_json/LogReg__RDKit__summary.json,results/benchmark_metrics/model_summary_json/LogReg__QM__summary.json,results/benchmark_metrics/model_summary_json/LogReg__RDKit_QM__summary.json
LogReg,fruity,0.8469301998374921,0.8049516302017642,0.7992467832268517,0.8388003504944395,-0.04197856963572788,-0.04768341661064035,-0.008129849343052609,results/benchmark_metrics/model_summary_json/LogReg__ECFP4__summary.json,results/benchmark_metrics/model_summary_json/LogReg__RDKit__summary.json,results/benchmark_metrics/model_summary_json/LogReg__QM__summary.json,results/benchmark_metrics/model_summary_json/LogReg__RDKit_QM__summary.json
LogReg,garlic,0.974968605840731,0.9554045423428394,0.9609691760357097,0.9754278753793273,-0.019564063497891526,-0.013999429805021224,0.0004592695385963186,results/benchmark_metrics/model_summary_json/LogReg__ECFP4__summary.json,results/benchmark_metrics/model_summary_json/LogReg__RDKit__summary.json,results/benchmark_metrics/model_summary_json/LogReg__QM__summary.json,results/benchmark_metrics/model_summary_json/LogReg__RDKit_QM__summary.json
LogReg,gasoline,0.9193620975531427,0.9503977593748789,0.9339907891001848,0.9476212627046202,0.031035661821736227,0.01462869154704216,0.028259165151477528,results/benchmark_metrics/model_summary_json/LogReg__ECFP4__summary.json,results/benchmark_metrics/model_summary_json/LogReg__RDKit__summary.json,results/benchmark_metrics/model_summary_json/LogReg__QM__summary.json,results/benchmark_metrics/model_summary_json/LogReg__RDKit_QM__summary.json
LogReg,grape,0.9082150530378165,0.831308762032496,0.8056390814556375,0.8764617390141689,-0.07690629100532043,-0.10257597158217902,-0.03175331402364756,results/benchmark_metrics/model_summary_json/LogReg__ECFP4__summary.json,results/benchmark_metrics/model_summary_json/LogReg__RDKit__summary.json,results/benchmark_metrics/model_summary_json/LogReg__QM__summary.json,results/benchmark_metrics/model_summary_json/LogReg__RDKit_QM__summary.json
LogReg,grapefruit,0.8495348769027944,0.8097451148041059,0.7845839711446361,0.8134937017951366,-0.03978976209868845,-0.06495090575815832,-0.03604117510765781,results/benchmark_metrics/model_summary_json/LogReg__ECFP4__summary.json,results/benchmark_metrics/model_summary_json/LogReg__RDKit__summary.json,results/benchmark_metrics/model_summary_json/LogReg__QM__summary.json,results/benchmark_metrics/model_summary_json/LogReg__RDKit_QM__summary.json
LogReg,grassy,0.8756635038595564,0.8394825942144983,0.8552408644479386,0.8809500082201496,-0.036180909645058046,-0.020422639411617816,0.005286504360593192,results/benchmark_metrics/model_summary_json/LogReg__ECFP4__summary.json,results/benchmark_metrics/model_summary_json/LogReg__RDKit__summary.json,results/benchmark_metrics/model_summary_json/LogReg__QM__summary.json,results/benchmark_metrics/model_summary_json/LogReg__RDKit_QM__summary.json
LogReg,green,0.7795835650198585,0.7188408471521379,0.7104041792651778,0.7502667897672602,-0.060742717867720564,-0.06917938575468063,-0.029316775252598237,results/benchmark_metrics/model_summary_json/LogReg__ECFP4__summary.json,results/benchmark_metrics/model_summary_json/LogReg__RDKit__summary.json,results/benchmark_metrics/model_summary_json/LogReg__QM__summary.json,results/benchmark_metrics/model_summary_json/LogReg__RDKit_QM__summary.json
LogReg,hay,0.8326514242761647,0.758690918834046,0.773409104587583,0.803829149595348,-0.07396050544211863,-0.059242319688581624,-0.028822274680816662,results/benchmark_metrics/model_summary_json/LogReg__ECFP4__summary.json,results/benchmark_metrics/model_summary_json/LogReg__RDKit__summary.json,results/benchmark_metrics/model_summary_json/LogReg__QM__summary.json,results/benchmark_metrics/model_summary_json/LogReg__RDKit_QM__summary.json
LogReg,hazelnut,0.9101702900555608,0.9020345271094564,0.919731292585092,0.933980356673187,-0.008135762946104408,0.009561002529531182,0.02381006661762619,results/benchmark_metrics/model_summary_json/LogReg__ECFP4__summary.json,results/benchmark_metrics/model_summary_json/LogReg__RDKit__summary.json,results/benchmark_metrics/model_summary_json/LogReg__QM__summary.json,results/benchmark_metrics/model_summary_json/LogReg__RDKit_QM__summary.json
LogReg,herbal,0.7482259680306845,0.6983502237036039,0.6966776160836351,0.7217439639235159,-0.04987574432708064,-0.05154835194704943,-0.02648200410716861,results/benchmark_metrics/model_summary_json/LogReg__ECFP4__summary.json,results/benchmark_metrics/model_summary_json/LogReg__RDKit__summary.json,results/benchmark_metrics/model_summary_json/LogReg__QM__summary.json,results/benchmark_metrics/model_summary_json/LogReg__RDKit_QM__summary.json
LogReg,honey,0.9152924770620696,0.8762995368785276,0.8684610087389262,0.9042096222002449,-0.038992940183542046,-0.046831468323143444,-0.011082854861824698,results/benchmark_metrics/model_summary_json/LogReg__ECFP4__summary.json,results/benchmark_metrics/model_summary_json/LogReg__RDKit__summary.json,results/benchmark_metrics/model_summary_json/LogReg__QM__summary.json,results/benchmark_metrics/model_summary_json/LogReg__RDKit_QM__summary.json
LogReg,horseradish,0.9518045768417615,0.9509199305600131,0.9466186749759287,0.9495657158302032,-0.0008846462817483358,-0.005185901865832787,-0.0022388610115582352,results/benchmark_metrics/model_summary_json/LogReg__ECFP4__summary.json,results/benchmark_metrics/model_summary_json/LogReg__RDKit__summary.json,results/benchmark_metrics/model_summary_json/LogReg__QM__summary.json,results/benchmark_metrics/model_summary_json/LogReg__RDKit_QM__summary.json
LogReg,jasmine,0.9313087551774968,0.7706050538450163,0.8258231646958537,0.7828218919340851,-0.16070370133248046,-0.10548559048164308,-0.14848686324341165,results/benchmark_metrics/model_summary_json/LogReg__ECFP4__summary.json,results/benchmark_metrics/model_summary_json/LogReg__RDKit__summary.json,results/benchmark_metrics/model_summary_json/LogReg__QM__summary.json,results/benchmark_metrics/model_summary_json/LogReg__RDKit_QM__summary.json
LogReg,ketonic,0.9767475804707374,0.9496301686622948,0.9663326907122614,0.9864637004425839,-0.027117411808442626,-0.010414889758476042,0.009716119971846515,results/benchmark_metrics/model_summary_json/LogReg__ECFP4__summary.json,results/benchmark_metrics/model_summary_json/LogReg__RDKit__summary.json,results/benchmark_metrics/model_summary_json/LogReg__QM__summary.json,results/benchmark_metrics/model_summary_json/LogReg__RDKit_QM__summary.json
LogReg,leafy,0.7608207123675145,0.6508105107892713,0.6037673805955937,0.7143957534655693,-0.11001020157824315,-0.15705333177192082,-0.0464249589019452,results/benchmark_metrics/model_summary_json/LogReg__ECFP4__summary.json,results/benchmark_metrics/model_summary_json/LogReg__RDKit__summary.json,results/benchmark_metrics/model_summary_json/LogReg__QM__summary.json,results/benchmark_metrics/model_summary_json/LogReg__RDKit_QM__summary.json
LogReg,leathery,0.8324812036125676,0.9167584640318079,0.874783332301784,0.8782368064227081,0.08427726041924033,0.042302128689216345,0.04575560281014046,results/benchmark_metrics/model_summary_json/LogReg__ECFP4__summary.json,results/benchmark_metrics/model_summary_json/LogReg__RDKit__summary.json,results/benchmark_metrics/model_summary_json/LogReg__QM__summary.json,results/benchmark_metrics/model_summary_json/LogReg__RDKit_QM__summary.json
LogReg,lemon,0.918164957691587,0.7979549306263956,0.7898166628672545,0.8310713987770402,-0.12021002706519146,-0.12834829482433252,-0.08709355891454684,results/benchmark_metrics/model_summary_json/LogReg__ECFP4__summary.json,results/benchmark_metrics/model_summary_json/LogReg__RDKit__summary.json,results/benchmark_metrics/model_summary_json/LogReg__QM__summary.json,results/benchmark_metrics/model_summary_json/LogReg__RDKit_QM__summary.json
LogReg,malty,0.942364377432676,0.8692240958881395,0.9004461079283335,0.9034096780504239,-0.07314028154453645,-0.04191826950434252,-0.038954699382252045,results/benchmark_metrics/model_summary_json/LogReg__ECFP4__summary.json,results/benchmark_metrics/model_summary_json/LogReg__RDKit__summary.json,results/benchmark_metrics/model_summary_json/LogReg__QM__summary.json,results/benchmark_metrics/model_summary_json/LogReg__RDKit_QM__summary.json
LogReg,meaty,0.9273358484585774,0.9067233744795102,0.8836847167672218,0.9305016200079332,-0.02061247397906718,-0.043651131691355594,0.0031657715493558225,results/benchmark_metrics/model_summary_json/LogReg__ECFP4__summary.json,results/benchmark_metrics/model_summary_json/LogReg__RDKit__summary.json,results/benchmark_metrics/model_summary_json/LogReg__QM__summary.json,results/benchmark_metrics/model_summary_json/LogReg__RDKit_QM__summary.json
LogReg,medicinal,0.9689373049427568,0.9483511433084775,0.9309103106545245,0.9560855691482489,-0.020586161634279287,-0.03802699428823231,-0.012851735794507824,results/benchmark_metrics/model_summary_json/LogReg__ECFP4__summary.json,results/benchmark_metrics/model_summary_json/LogReg__RDKit__summary.json,results/benchmark_metrics/model_summary_json/LogReg__QM__summary.json,results/benchmark_metrics/model_summary_json/LogReg__RDKit_QM__summary.json
LogReg,melon,0.8561394898326535,0.8043557858958715,0.7926302678916295,0.8296403275516966,-0.051783703936782,-0.06350922194102404,-0.026499162280956945,results/benchmark_metrics/model_summary_json/LogReg__ECFP4__summary.json,results/benchmark_metrics/model_summary_json/LogReg__RDKit__summary.json,results/benchmark_metrics/model_summary_json/LogReg__QM__summary.json,results/benchmark_metrics/model_summary_json/LogReg__RDKit_QM__summary.json
LogReg,metallic,0.6677834342469887,0.7545792589493232,0.6805092330961815,0.8004416012815231,0.08679582470233449,0.012725798849192782,0.13265816703453437,results/benchmark_metrics/model_summary_json/LogReg__ECFP4__summary.json,results/benchmark_metrics/model_summary_json/LogReg__RDKit__summary.json,results/benchmark_metrics/model_summary_json/LogReg__QM__summary.json,results/benchmark_metrics/model_summary_json/LogReg__RDKit_QM__summary.json
LogReg,milky,0.7813053917410921,0.7481134420078284,0.6557608394974312,0.7085560058286873,-0.03319194973326378,-0.1255445522436609,-0.07274938591240487,results/benchmark_metrics/model_summary_json/LogReg__ECFP4__summary.json,results/benchmark_metrics/model_summary_json/LogReg__RDKit__summary.json,results/benchmark_metrics/model_summary_json/LogReg__QM__summary.json,results/benchmark_metrics/model_summary_json/LogReg__RDKit_QM__summary.json
LogReg,mint,0.9005516617790825,0.9095720508998865,0.8967202675520476,0.9208050514725798,0.00902038912080394,-0.0038313942270349344,0.020253389693497326,results/benchmark_metrics/model_summary_json/LogReg__ECFP4__summary.json,results/benchmark_metrics/model_summary_json/LogReg__RDKit__summary.json,results/benchmark_metrics/model_summary_json/LogReg__QM__summary.json,results/benchmark_metrics/model_summary_json/LogReg__RDKit_QM__summary.json
LogReg,mushroom,0.8725448616493532,0.7092141126036426,0.6475076951696883,0.7969984574802685,-0.16333074904571054,-0.22503716647966487,-0.07554640416908465,results/benchmark_metrics/model_summary_json/LogReg__ECFP4__summary.json,results/benchmark_metrics/model_summary_json/LogReg__RDKit__summary.json,results/benchmark_metrics/model_summary_json/LogReg__QM__summary.json,results/benchmark_metrics/model_summary_json/LogReg__RDKit_QM__summary.json
LogReg,musk,0.8834141128229513,0.880665337755757,0.7960302988226161,0.8068401257564097,-0.002748775067194398,-0.08738381400033524,-0.07657398706654162,results/benchmark_metrics/model_summary_json/LogReg__ECFP4__summary.json,results/benchmark_metrics/model_summary_json/LogReg__RDKit__summary.json,results/benchmark_metrics/model_summary_json/LogReg__QM__summary.json,results/benchmark_metrics/model_summary_json/LogReg__RDKit_QM__summary.json
LogReg,musty,0.7709629498480353,0.7368928963247648,0.721723652297632,0.7305450855672639,-0.034070053523270416,-0.04923929755040324,-0.04041786428077132,results/benchmark_metrics/model_summary_json/LogReg__ECFP4__summary.json,results/benchmark_metrics/model_summary_json/LogReg__RDKit__summary.json,results/benchmark_metrics/model_summary_json/LogReg__QM__summary.json,results/benchmark_metrics/model_summary_json/LogReg__RDKit_QM__summary.json
LogReg,nutty,0.8202632241373149,0.7999594323138707,0.7707767300499593,0.8052783187730659,-0.020303791823444217,-0.049486494087355615,-0.014984905364249013,results/benchmark_metrics/model_summary_json/LogReg__ECFP4__summary.json,results/benchmark_metrics/model_summary_json/LogReg__RDKit__summary.json,results/benchmark_metrics/model_summary_json/LogReg__QM__summary.json,results/benchmark_metrics/model_summary_json/LogReg__RDKit_QM__summary.json
LogReg,oily,0.8505735541948519,0.8482165115662618,0.824702831651981,0.8313956126750348,-0.002357042628590156,-0.025870722542870928,-0.01917794151981711,results/benchmark_metrics/model_summary_json/LogReg__ECFP4__summary.json,results/benchmark_metrics/model_summary_json/LogReg__RDKit__summary.json,results/benchmark_metrics/model_summary_json/LogReg__QM__summary.json,results/benchmark_metrics/model_summary_json/LogReg__RDKit_QM__summary.json
LogReg,onion,0.9591527769527873,0.957619231000667,0.9619120026359059,0.9726767268597285,-0.0015335459521202965,0.0027592256831185935,0.013523949906941168,results/benchmark_metrics/model_summary_json/LogReg__ECFP4__summary.json,results/benchmark_metrics/model_summary_json/LogReg__RDKit__summary.json,results/benchmark_metrics/model_summary_json/LogReg__QM__summary.json,results/benchmark_metrics/model_summary_json/LogReg__RDKit_QM__summary.json
LogReg,orange,0.8998612945641877,0.8554132919644811,0.7894498584474058,0.8669598416397941,-0.044448002599706604,-0.11041143611678195,-0.032901452924393615,results/benchmark_metrics/model_summary_json/LogReg__ECFP4__summary.json,results/benchmark_metrics/model_summary_json/LogReg__RDKit__summary.json,results/benchmark_metrics/model_summary_json/LogReg__QM__summary.json,results/benchmark_metrics/model_summary_json/LogReg__RDKit_QM__summary.json
LogReg,orris,0.7909424331534516,0.7804180258570088,0.7244039643098665,0.8020822872126313,-0.010524407296442773,-0.06653846884358505,0.011139854059179721,results/benchmark_metrics/model_summary_json/LogReg__ECFP4__summary.json,results/benchmark_metrics/model_summary_json/LogReg__RDKit__summary.json,results/benchmark_metrics/model_summary_json/LogReg__QM__summary.json,results/benchmark_metrics/model_summary_json/LogReg__RDKit_QM__summary.json
LogReg,peach,0.8605653288077022,0.8024703266823388,0.8041690472684806,0.8162462201017788,-0.05809500212536345,-0.056396281539221604,-0.04431910870592337,results/benchmark_metrics/model_summary_json/LogReg__ECFP4__summary.json,results/benchmark_metrics/model_summary_json/LogReg__RDKit__summary.json,results/benchmark_metrics/model_summary_json/LogReg__QM__summary.json,results/benchmark_metrics/model_summary_json/LogReg__RDKit_QM__summary.json
LogReg,pear,0.9037537845525868,0.8986733816753931,0.885292225110239,0.9246603185681099,-0.0050804028771936904,-0.01846155944234784,0.020906534015523115,results/benchmark_metrics/model_summary_json/LogReg__ECFP4__summary.json,results/benchmark_metrics/model_summary_json/LogReg__RDKit__summary.json,results/benchmark_metrics/model_summary_json/LogReg__QM__summary.json,results/benchmark_metrics/model_summary_json/LogReg__RDKit_QM__summary.json
LogReg,phenolic,0.9545064115308332,0.9614787383905877,0.9604787563436485,0.9565148586231492,0.006972326859754574,0.005972344812815389,0.002008447092316068,results/benchmark_metrics/model_summary_json/LogReg__ECFP4__summary.json,results/benchmark_metrics/model_summary_json/LogReg__RDKit__summary.json,results/benchmark_metrics/model_summary_json/LogReg__QM__summary.json,results/benchmark_metrics/model_summary_json/LogReg__RDKit_QM__summary.json
LogReg,pine,0.8803169143925584,0.8996125800065329,0.9164175944674284,0.9204352053998763,0.019295665613974444,0.036100680074869995,0.0401182910073179,results/benchmark_metrics/model_summary_json/LogReg__ECFP4__summary.json,results/benchmark_metrics/model_summary_json/LogReg__RDKit__summary.json,results/benchmark_metrics/model_summary_json/LogReg__QM__summary.json,results/benchmark_metrics/model_summary_json/LogReg__RDKit_QM__summary.json
LogReg,pineapple,0.9043036208683561,0.8783394953313046,0.8876672640366674,0.904132376687099,-0.02596412553705152,-0.016636356831688737,-0.00017124418125713525,results/benchmark_metrics/model_summary_json/LogReg__ECFP4__summary.json,results/benchmark_metrics/model_summary_json/LogReg__RDKit__summary.json,results/benchmark_metrics/model_summary_json/LogReg__QM__summary.json,results/benchmark_metrics/model_summary_json/LogReg__RDKit_QM__summary.json
LogReg,plum,0.901028986139905,0.6674130744161435,0.6912189752612979,0.7449263530143428,-0.2336159117237615,-0.20981001087860707,-0.15610263312556216,results/benchmark_metrics/model_summary_json/LogReg__ECFP4__summary.json,results/benchmark_metrics/model_summary_json/LogReg__RDKit__summary.json,results/benchmark_metrics/model_summary_json/LogReg__QM__summary.json,results/benchmark_metrics/model_summary_json/LogReg__RDKit_QM__summary.json
LogReg,popcorn,0.992991239147661,0.9576218725380855,0.9395546097526564,0.9859167865993879,-0.03536936660957546,-0.0534366293950046,-0.0070744525482731024,results/benchmark_metrics/model_summary_json/LogReg__ECFP4__summary.json,results/benchmark_metrics/model_summary_json/LogReg__RDKit__summary.json,results/benchmark_metrics/model_summary_json/LogReg__QM__summary.json,results/benchmark_metrics/model_summary_json/LogReg__RDKit_QM__summary.json
LogReg,potato,0.9511114611939838,0.8755711517993412,0.8987972632162269,0.9478489589282633,-0.07554030939464262,-0.05231419797775694,-0.003262502265720557,results/benchmark_metrics/model_summary_json/LogReg__ECFP4__summary.json,results/benchmark_metrics/model_summary_json/LogReg__RDKit__summary.json,results/benchmark_metrics/model_summary_json/LogReg__QM__summary.json,results/benchmark_metrics/model_summary_json/LogReg__RDKit_QM__summary.json
LogReg,pungent,0.8297958987750356,0.8486720870378491,0.8510481028522102,0.8542944531381128,0.018876188262813565,0.021252204077174652,0.02449855436307724,results/benchmark_metrics/model_summary_json/LogReg__ECFP4__summary.json,results/benchmark_metrics/model_summary_json/LogReg__RDKit__summary.json,results/benchmark_metrics/model_summary_json/LogReg__QM__summary.json,results/benchmark_metrics/model_summary_json/LogReg__RDKit_QM__summary.json
LogReg,radish,0.8233481987709299,0.8818464894378181,0.878332952064795,0.8636867542550192,0.058498290666888164,0.054984753293865096,0.04033855548408927,results/benchmark_metrics/model_summary_json/LogReg__ECFP4__summary.json,results/benchmark_metrics/model_summary_json/LogReg__RDKit__summary.json,results/benchmark_metrics/model_summary_json/LogReg__QM__summary.json,results/benchmark_metrics/model_summary_json/LogReg__RDKit_QM__summary.json
LogReg,ripe,0.8019996932421929,0.7814830316856087,0.7903387913715605,0.8213233218712087,-0.02051666155658416,-0.0116609018706324,0.01932362862901582,results/benchmark_metrics/model_summary_json/LogReg__ECFP4__summary.json,results/benchmark_metrics/model_summary_json/LogReg__RDKit__summary.json,results/benchmark_metrics/model_summary_json/LogReg__QM__summary.json,results/benchmark_metrics/model_summary_json/LogReg__RDKit_QM__summary.json
LogReg,roasted,0.9143150616411126,0.9066699987004917,0.8777982658300786,0.910820918556557,-0.00764506294062095,-0.036516795811034064,-0.0034941430845556454,results/benchmark_metrics/model_summary_json/LogReg__ECFP4__summary.json,results/benchmark_metrics/model_summary_json/LogReg__RDKit__summary.json,results/benchmark_metrics/model_summary_json/LogReg__QM__summary.json,results/benchmark_metrics/model_summary_json/LogReg__RDKit_QM__summary.json
LogReg,rose,0.9077730571698301,0.834833536330103,0.8038551399099505,0.8563316609865257,-0.0729395208397271,-0.10391791725987964,-0.051441396183304455,results/benchmark_metrics/model_summary_json/LogReg__ECFP4__summary.json,results/benchmark_metrics/model_summary_json/LogReg__RDKit__summary.json,results/benchmark_metrics/model_summary_json/LogReg__QM__summary.json,results/benchmark_metrics/model_summary_json/LogReg__RDKit_QM__summary.json
LogReg,rum,0.8409708728740674,0.8521486712478641,0.8604856304483526,0.8681911910623088,0.011177798373796732,0.019514757574285224,0.027220318188241444,results/benchmark_metrics/model_summary_json/LogReg__ECFP4__summary.json,results/benchmark_metrics/model_summary_json/LogReg__RDKit__summary.json,results/benchmark_metrics/model_summary_json/LogReg__QM__summary.json,results/benchmark_metrics/model_summary_json/LogReg__RDKit_QM__summary.json
LogReg,savory,0.9205500877271273,0.9253634093608512,0.914955447083339,0.9340048727038983,0.004813321633723833,-0.00559464064378834,0.013454784976770995,results/benchmark_metrics/model_summary_json/LogReg__ECFP4__summary.json,results/benchmark_metrics/model_summary_json/LogReg__RDKit__summary.json,results/benchmark_metrics/model_summary_json/LogReg__QM__summary.json,results/benchmark_metrics/model_summary_json/LogReg__RDKit_QM__summary.json
LogReg,sharp,0.7953337607335221,0.8336302605508663,0.8093487239171898,0.8733831879379899,0.038296499817344176,0.014014963183667684,0.07804942720446773,results/benchmark_metrics/model_summary_json/LogReg__ECFP4__summary.json,results/benchmark_metrics/model_summary_json/LogReg__RDKit__summary.json,results/benchmark_metrics/model_summary_json/LogReg__QM__summary.json,results/benchmark_metrics/model_summary_json/LogReg__RDKit_QM__summary.json
LogReg,smoky,0.9685472904305827,0.931185214807372,0.9489359582730785,0.9642466895832686,-0.0373620756232107,-0.019611332157504213,-0.0043006008473140955,results/benchmark_metrics/model_summary_json/LogReg__ECFP4__summary.json,results/benchmark_metrics/model_summary_json/LogReg__RDKit__summary.json,results/benchmark_metrics/model_summary_json/LogReg__QM__summary.json,results/benchmark_metrics/model_summary_json/LogReg__RDKit_QM__summary.json
LogReg,solvent,0.9295272234676946,0.9286460014828115,0.9386670331736398,0.9450179272046675,-0.0008812219848830516,0.00913980970594519,0.015490703736972922,results/benchmark_metrics/model_summary_json/LogReg__ECFP4__summary.json,results/benchmark_metrics/model_summary_json/LogReg__RDKit__summary.json,results/benchmark_metrics/model_summary_json/LogReg__QM__summary.json,results/benchmark_metrics/model_summary_json/LogReg__RDKit_QM__summary.json
LogReg,sour,0.8618677151672539,0.8476306686339127,0.8444054526441139,0.8787522260537726,-0.014237046533341235,-0.017462262523139982,0.016884510886518656,results/benchmark_metrics/model_summary_json/LogReg__ECFP4__summary.json,results/benchmark_metrics/model_summary_json/LogReg__RDKit__summary.json,results/benchmark_metrics/model_summary_json/LogReg__QM__summary.json,results/benchmark_metrics/model_summary_json/LogReg__RDKit_QM__summary.json
LogReg,spicy,0.8205802557185707,0.8228358724067995,0.7970342200887728,0.8502018514620211,0.002255616688228712,-0.023546035629797957,0.029621595743450357,results/benchmark_metrics/model_summary_json/LogReg__ECFP4__summary.json,results/benchmark_metrics/model_summary_json/LogReg__RDKit__summary.json,results/benchmark_metrics/model_summary_json/LogReg__QM__summary.json,results/benchmark_metrics/model_summary_json/LogReg__RDKit_QM__summary.json
LogReg,strawberry,0.821145906495218,0.7261602814170854,0.745544010271515,0.7672587643407118,-0.09498562507813257,-0.07560189622370306,-0.053887142154506185,results/benchmark_metrics/model_summary_json/LogReg__ECFP4__summary.json,results/benchmark_metrics/model_summary_json/LogReg__RDKit__summary.json,results/benchmark_metrics/model_summary_json/LogReg__QM__summary.json,results/benchmark_metrics/model_summary_json/LogReg__RDKit_QM__summary.json
LogReg,sulfurous,0.9683262177594731,0.956947401632628,0.9347109459880638,0.9629799225558715,-0.011378816126845104,-0.03361527177140933,-0.0053462952036016365,results/benchmark_metrics/model_summary_json/LogReg__ECFP4__summary.json,results/benchmark_metrics/model_summary_json/LogReg__RDKit__summary.json,results/benchmark_metrics/model_summary_json/LogReg__QM__summary.json,results/benchmark_metrics/model_summary_json/LogReg__RDKit_QM__summary.json
LogReg,sweet,0.7104977316410256,0.7175634340710337,0.6857930638857723,0.7230434600974662,0.007065702430008147,-0.024704667755253262,0.012545728456440641,results/benchmark_metrics/model_summary_json/LogReg__ECFP4__summary.json,results/benchmark_metrics/model_summary_json/LogReg__RDKit__summary.json,results/benchmark_metrics/model_summary_json/LogReg__QM__summary.json,results/benchmark_metrics/model_summary_json/LogReg__RDKit_QM__summary.json
LogReg,tea,0.7372572836989268,0.7145692373281356,0.6708412692978805,0.717099501751279,-0.02268804637079125,-0.06641601440104639,-0.020157781947647835,results/benchmark_metrics/model_summary_json/LogReg__ECFP4__summary.json,results/benchmark_metrics/model_summary_json/LogReg__RDKit__summary.json,results/benchmark_metrics/model_summary_json/LogReg__QM__summary.json,results/benchmark_metrics/model_summary_json/LogReg__RDKit_QM__summary.json
LogReg,tobacco,0.9035442253761772,0.8567819673878878,0.7780644254613486,0.8741612047918705,-0.04676225798828937,-0.1254797999148286,-0.02938302058430664,results/benchmark_metrics/model_summary_json/LogReg__ECFP4__summary.json,results/benchmark_metrics/model_summary_json/LogReg__RDKit__summary.json,results/benchmark_metrics/model_summary_json/LogReg__QM__summary.json,results/benchmark_metrics/model_summary_json/LogReg__RDKit_QM__summary.json
LogReg,tomato,0.8825359745584249,0.8778654441776166,0.8833495611135419,0.900592190176843,-0.004670530380808335,0.0008135865551169852,0.01805621561841808,results/benchmark_metrics/model_summary_json/LogReg__ECFP4__summary.json,results/benchmark_metrics/model_summary_json/LogReg__RDKit__summary.json,results/benchmark_metrics/model_summary_json/LogReg__QM__summary.json,results/benchmark_metrics/model_summary_json/LogReg__RDKit_QM__summary.json
LogReg,tropical,0.81887461332643,0.7864400268903259,0.7952946935106846,0.8393711240132646,-0.032434586436104085,-0.023579919815745365,0.020496510686834668,results/benchmark_metrics/model_summary_json/LogReg__ECFP4__summary.json,results/benchmark_metrics/model_summary_json/LogReg__RDKit__summary.json,results/benchmark_metrics/model_summary_json/LogReg__QM__summary.json,results/benchmark_metrics/model_summary_json/LogReg__RDKit_QM__summary.json
LogReg,vanilla,0.938967348045088,0.9347376956563223,0.9371192411293444,0.9408768678229336,-0.0042296523887657145,-0.0018481069157435526,0.001909519777845592,results/benchmark_metrics/model_summary_json/LogReg__ECFP4__summary.json,results/benchmark_metrics/model_summary_json/LogReg__RDKit__summary.json,results/benchmark_metrics/model_summary_json/LogReg__QM__summary.json,results/benchmark_metrics/model_summary_json/LogReg__RDKit_QM__summary.json
LogReg,vegetable,0.8388094928290795,0.8207959296748454,0.8046183822227386,0.8356074386990929,-0.01801356315423408,-0.034191110606340835,-0.0032020541299865313,results/benchmark_metrics/model_summary_json/LogReg__ECFP4__summary.json,results/benchmark_metrics/model_summary_json/LogReg__RDKit__summary.json,results/benchmark_metrics/model_summary_json/LogReg__QM__summary.json,results/benchmark_metrics/model_summary_json/LogReg__RDKit_QM__summary.json
LogReg,violet,0.916483537046919,0.8935664104040268,0.8744819107835429,0.8838874349114075,-0.02291712664289214,-0.04200162626337611,-0.03259610213551145,results/benchmark_metrics/model_summary_json/LogReg__ECFP4__summary.json,results/benchmark_metrics/model_summary_json/LogReg__RDKit__summary.json,results/benchmark_metrics/model_summary_json/LogReg__QM__summary.json,results/benchmark_metrics/model_summary_json/LogReg__RDKit_QM__summary.json
LogReg,warm,0.6280520483598094,0.7572817450821581,0.6745830473495589,0.7470785992152502,0.12922969672234863,0.04653099898974944,0.11902655085544078,results/benchmark_metrics/model_summary_json/LogReg__ECFP4__summary.json,results/benchmark_metrics/model_summary_json/LogReg__RDKit__summary.json,results/benchmark_metrics/model_summary_json/LogReg__QM__summary.json,results/benchmark_metrics/model_summary_json/LogReg__RDKit_QM__summary.json
LogReg,waxy,0.8890702021845179,0.9011350717927602,0.8730706902658799,0.8995085307803746,0.012064869608242268,-0.01599951191863802,0.010438328595856694,results/benchmark_metrics/model_summary_json/LogReg__ECFP4__summary.json,results/benchmark_metrics/model_summary_json/LogReg__RDKit__summary.json,results/benchmark_metrics/model_summary_json/LogReg__QM__summary.json,results/benchmark_metrics/model_summary_json/LogReg__RDKit_QM__summary.json
LogReg,winey,0.8745769795912827,0.8445101294457393,0.8303377101251692,0.8633963299476081,-0.030066850145543333,-0.04423926946611345,-0.0111806496436746,results/benchmark_metrics/model_summary_json/LogReg__ECFP4__summary.json,results/benchmark_metrics/model_summary_json/LogReg__RDKit__summary.json,results/benchmark_metrics/model_summary_json/LogReg__QM__summary.json,results/benchmark_metrics/model_summary_json/LogReg__RDKit_QM__summary.json
LogReg,woody,0.8139414397940676,0.8750214748306686,0.8291301084869953,0.8689794700518453,0.06108003503660098,0.015188668692927676,0.05503803025777765,results/benchmark_metrics/model_summary_json/LogReg__ECFP4__summary.json,results/benchmark_metrics/model_summary_json/LogReg__RDKit__summary.json,results/benchmark_metrics/model_summary_json/LogReg__QM__summary.json,results/benchmark_metrics/model_summary_json/LogReg__RDKit_QM__summary.json
MLP,alcoholic,0.9570320511712584,0.974882956388542,0.9721770383623468,0.9750554529095032,0.017850905217283608,0.015144987191088366,0.018023401738244793,results/benchmark_metrics/model_summary_json/MLP__ECFP4__summary.json,results/benchmark_metrics/model_summary_json/MLP__RDKit__summary.json,results/benchmark_metrics/model_summary_json/MLP__QM__summary.json,results/benchmark_metrics/model_summary_json/MLP__RDKit_QM__summary.json
MLP,aldehydic,0.8335392576740629,0.8014925709555152,0.719538414458389,0.8517986166116737,-0.03204668671854771,-0.11400084321567394,0.01825935893761077,results/benchmark_metrics/model_summary_json/MLP__ECFP4__summary.json,results/benchmark_metrics/model_summary_json/MLP__RDKit__summary.json,results/benchmark_metrics/model_summary_json/MLP__QM__summary.json,results/benchmark_metrics/model_summary_json/MLP__RDKit_QM__summary.json
MLP,alliaceous,0.9244032987558661,0.9495112182870434,0.9439555155338735,0.952787275568707,0.025107919531177303,0.019552216778007336,0.028383976812840883,results/benchmark_metrics/model_summary_json/MLP__ECFP4__summary.json,results/benchmark_metrics/model_summary_json/MLP__RDKit__summary.json,results/benchmark_metrics/model_summary_json/MLP__QM__summary.json,results/benchmark_metrics/model_summary_json/MLP__RDKit_QM__summary.json
MLP,almond,0.8063136286918183,0.9019783980999051,0.9220547583985489,0.9320839886009701,0.09566476940808677,0.11574112970673056,0.12577035990915175,results/benchmark_metrics/model_summary_json/MLP__ECFP4__summary.json,results/benchmark_metrics/model_summary_json/MLP__RDKit__summary.json,results/benchmark_metrics/model_summary_json/MLP__QM__summary.json,results/benchmark_metrics/model_summary_json/MLP__RDKit_QM__summary.json
MLP,animal,0.8197283669001884,0.8038933118659045,0.8348262133293133,0.8661950414632834,-0.01583505503428384,0.015097846429124928,0.046466674563095056,results/benchmark_metrics/model_summary_json/MLP__ECFP4__summary.json,results/benchmark_metrics/model_summary_json/MLP__RDKit__summary.json,results/benchmark_metrics/model_summary_json/MLP__QM__summary.json,results/benchmark_metrics/model_summary_json/MLP__RDKit_QM__summary.json
MLP,anisic,0.8744826472147696,0.89057257727267,0.8624755341466672,0.9189395657646031,0.01608993005790038,-0.012007113068102426,0.04445691854983347,results/benchmark_metrics/model_summary_json/MLP__ECFP4__summary.json,results/benchmark_metrics/model_summary_json/MLP__RDKit__summary.json,results/benchmark_metrics/model_summary_json/MLP__QM__summary.json,results/benchmark_metrics/model_summary_json/MLP__RDKit_QM__summary.json
MLP,apple,0.8966816990785313,0.8982031056499945,0.8916482187333145,0.9081571533319888,0.0015214065714631575,-0.00503348034521689,0.011475454253457418,results/benchmark_metrics/model_summary_json/MLP__ECFP4__summary.json,results/benchmark_metrics/model_summary_json/MLP__RDKit__summary.json,results/benchmark_metrics/model_summary_json/MLP__QM__summary.json,results/benchmark_metrics/model_summary_json/MLP__RDKit_QM__summary.json
MLP,apricot,0.8164624920290858,0.8533991476823781,0.8242639384175223,0.860655001855392,0.036936655653292294,0.007801446388436495,0.04419250982630618,results/benchmark_metrics/model_summary_json/MLP__ECFP4__summary.json,results/benchmark_metrics/model_summary_json/MLP__RDKit__summary.json,results/benchmark_metrics/model_summary_json/MLP__QM__summary.json,results/benchmark_metrics/model_summary_json/MLP__RDKit_QM__summary.json
MLP,aromatic,0.8135959020469432,0.8194811286246578,0.8351646186958112,0.8444623879009849,0.0058852265777146195,0.021568716648867947,0.030866485854041725,results/benchmark_metrics/model_summary_json/MLP__ECFP4__summary.json,results/benchmark_metrics/model_summary_json/MLP__RDKit__summary.json,results/benchmark_metrics/model_summary_json/MLP__QM__summary.json,results/benchmark_metrics/model_summary_json/MLP__RDKit_QM__summary.json
MLP,balsamic,0.8904880332167302,0.9147201360685921,0.9156770782257689,0.9208840927625378,0.024232102851861947,0.025189045009038735,0.030396059545807597,results/benchmark_metrics/model_summary_json/MLP__ECFP4__summary.json,results/benchmark_metrics/model_summary_json/MLP__RDKit__summary.json,results/benchmark_metrics/model_summary_json/MLP__QM__summary.json,results/benchmark_metrics/model_summary_json/MLP__RDKit_QM__summary.json
MLP,banana,0.8736112164662144,0.8826064431415224,0.9120406811020463,0.9120223725205936,0.008995226675307944,0.038429464635831856,0.03841115605437917,results/benchmark_metrics/model_summary_json/MLP__ECFP4__summary.json,results/benchmark_metrics/model_summary_json/MLP__RDKit__summary.json,results/benchmark_metrics/model_summary_json/MLP__QM__summary.json,results/benchmark_metrics/model_summary_json/MLP__RDKit_QM__summary.json
MLP,beefy,0.8322090969469912,0.9342213725158366,0.9423156760999436,0.9526391998675283,0.1020122755688454,0.11010657915295241,0.12043010292053713,results/benchmark_metrics/model_summary_json/MLP__ECFP4__summary.json,results/benchmark_metrics/model_summary_json/MLP__RDKit__summary.json,results/benchmark_metrics/model_summary_json/MLP__QM__summary.json,results/benchmark_metrics/model_summary_json/MLP__RDKit_QM__summary.json
MLP,berry,0.6605219287061227,0.696895956488545,0.7125238872975761,0.7344255251562177,0.03637402778242227,0.0520019585914534,0.07390359645009503,results/benchmark_metrics/model_summary_json/MLP__ECFP4__summary.json,results/benchmark_metrics/model_summary_json/MLP__RDKit__summary.json,results/benchmark_metrics/model_summary_json/MLP__QM__summary.json,results/benchmark_metrics/model_summary_json/MLP__RDKit_QM__summary.json
MLP,black currant,0.9272024986721525,0.9173052422705099,0.9556699432219731,0.9593982717596617,-0.009897256401642629,0.02846744454982053,0.032195773087509205,results/benchmark_metrics/model_summary_json/MLP__ECFP4__summary.json,results/benchmark_metrics/model_summary_json/MLP__RDKit__summary.json,results/benchmark_metrics/model_summary_json/MLP__QM__summary.json,results/benchmark_metrics/model_summary_json/MLP__RDKit_QM__summary.json
MLP,brandy,0.8714613513475374,0.808297336084674,0.8381266971124152,0.8764544362860074,-0.06316401526286342,-0.033334654235122274,0.004993084938469949,results/benchmark_metrics/model_summary_json/MLP__ECFP4__summary.json,results/benchmark_metrics/model_summary_json/MLP__RDKit__summary.json,results/benchmark_metrics/model_summary_json/MLP__QM__summary.json,results/benchmark_metrics/model_summary_json/MLP__RDKit_QM__summary.json
MLP,bread,0.898051086519029,0.9382353372705516,0.9276306398313473,0.9300057982429187,0.040184250751522654,0.02957955331231832,0.03195471172388975,results/benchmark_metrics/model_summary_json/MLP__ECFP4__summary.json,results/benchmark_metrics/model_summary_json/MLP__RDKit__summary.json,results/benchmark_metrics/model_summary_json/MLP__QM__summary.json,results/benchmark_metrics/model_summary_json/MLP__RDKit_QM__summary.json
MLP,brothy,0.8899176819399004,0.9590172152166895,0.9568074511324035,0.9731681480618001,0.06909953327678908,0.06688976919250311,0.08325046612189968,results/benchmark_metrics/model_summary_json/MLP__ECFP4__summary.json,results/benchmark_metrics/model_summary_json/MLP__RDKit__summary.json,results/benchmark_metrics/model_summary_json/MLP__QM__summary.json,results/benchmark_metrics/model_summary_json/MLP__RDKit_QM__summary.json
MLP,burnt,0.8249234833702737,0.8741515348115758,0.8741318401613253,0.8688708876495055,0.049228051441302156,0.04920835679105162,0.04394740427923183,results/benchmark_metrics/model_summary_json/MLP__ECFP4__summary.json,results/benchmark_metrics/model_summary_json/MLP__RDKit__summary.json,results/benchmark_metrics/model_summary_json/MLP__QM__summary.json,results/benchmark_metrics/model_summary_json/MLP__RDKit_QM__summary.json
MLP,buttery,0.8174539255008358,0.872115092942448,0.8289096716983921,0.8757481333787303,0.0546611674416122,0.011455746197556294,0.05829420787789441,results/benchmark_metrics/model_summary_json/MLP__ECFP4__summary.json,results/benchmark_metrics/model_summary_json/MLP__RDKit__summary.json,results/benchmark_metrics/model_summary_json/MLP__QM__summary.json,results/benchmark_metrics/model_summary_json/MLP__RDKit_QM__summary.json
MLP,cabbage,0.8595214562392064,0.8913318755665157,0.8860828381300913,0.9020475848385991,0.031810419327309325,0.02656138189088486,0.042526128599392754,results/benchmark_metrics/model_summary_json/MLP__ECFP4__summary.json,results/benchmark_metrics/model_summary_json/MLP__RDKit__summary.json,results/benchmark_metrics/model_summary_json/MLP__QM__summary.json,results/benchmark_metrics/model_summary_json/MLP__RDKit_QM__summary.json
MLP,camphoreous,0.8818482914405408,0.9463724176012377,0.9140583684171736,0.9370154246693453,0.06452412616069692,0.03221007697663281,0.05516713322880451,results/benchmark_metrics/model_summary_json/MLP__ECFP4__summary.json,results/benchmark_metrics/model_summary_json/MLP__RDKit__summary.json,results/benchmark_metrics/model_summary_json/MLP__QM__summary.json,results/benchmark_metrics/model_summary_json/MLP__RDKit_QM__summary.json
MLP,caramellic,0.8707231039782677,0.8610069867145812,0.881981228037002,0.9030965361342075,-0.009716117263686486,0.011258124058734276,0.032373432155939796,results/benchmark_metrics/model_summary_json/MLP__ECFP4__summary.json,results/benchmark_metrics/model_summary_json/MLP__RDKit__summary.json,results/benchmark_metrics/model_summary_json/MLP__QM__summary.json,results/benchmark_metrics/model_summary_json/MLP__RDKit_QM__summary.json
MLP,catty,0.9584905412428357,0.9048804569235684,0.9741467380096328,0.9793564461323536,-0.05361008431926728,0.01565619676679708,0.020865904889517894,results/benchmark_metrics/model_summary_json/MLP__ECFP4__summary.json,results/benchmark_metrics/model_summary_json/MLP__RDKit__summary.json,results/benchmark_metrics/model_summary_json/MLP__QM__summary.json,results/benchmark_metrics/model_summary_json/MLP__RDKit_QM__summary.json
MLP,chamomile,0.9221864987313563,0.9434879675562513,0.9357589835098162,0.9559095292952557,0.02130146882489503,0.013572484778459959,0.03372303056389947,results/benchmark_metrics/model_summary_json/MLP__ECFP4__summary.json,results/benchmark_metrics/model_summary_json/MLP__RDKit__summary.json,results/benchmark_metrics/model_summary_json/MLP__QM__summary.json,results/benchmark_metrics/model_summary_json/MLP__RDKit_QM__summary.json
MLP,cheesy,0.8457507258088335,0.8564963871118121,0.882231311950966,0.9023400543751329,0.010745661302978604,0.036480586142132565,0.05658932856629939,results/benchmark_metrics/model_summary_json/MLP__ECFP4__summary.json,results/benchmark_metrics/model_summary_json/MLP__RDKit__summary.json,results/benchmark_metrics/model_summary_json/MLP__QM__summary.json,results/benchmark_metrics/model_summary_json/MLP__RDKit_QM__summary.json
MLP,cherry,0.7944307371360805,0.8827146032861133,0.9281407553851541,0.9319343189860045,0.08828386615003281,0.13371001824907358,0.13750358184992406,results/benchmark_metrics/model_summary_json/MLP__ECFP4__summary.json,results/benchmark_metrics/model_summary_json/MLP__RDKit__summary.json,results/benchmark_metrics/model_summary_json/MLP__QM__summary.json,results/benchmark_metrics/model_summary_json/MLP__RDKit_QM__summary.json
MLP,chicken,0.8601918859481676,0.8973352579902691,0.9156582478499455,0.9312576294317291,0.0371433720421015,0.055466361901777894,0.07106574348356143,results/benchmark_metrics/model_summary_json/MLP__ECFP4__summary.json,results/benchmark_metrics/model_summary_json/MLP__RDKit__summary.json,results/benchmark_metrics/model_summary_json/MLP__QM__summary.json,results/benchmark_metrics/model_summary_json/MLP__RDKit_QM__summary.json
MLP,chocolate,0.7405258541925236,0.7929882752058015,0.8692235076693094,0.8566911259248922,0.052462421013277916,0.12869765347678586,0.11616527173236857,results/benchmark_metrics/model_summary_json/MLP__ECFP4__summary.json,results/benchmark_metrics/model_summary_json/MLP__RDKit__summary.json,results/benchmark_metrics/model_summary_json/MLP__QM__summary.json,results/benchmark_metrics/model_summary_json/MLP__RDKit_QM__summary.json
MLP,cinnamon,0.866291727648646,0.8257013197790455,0.9160685132884469,0.9195672407806763,-0.04059040786960055,0.049776785639800813,0.05327551313203027,results/benchmark_metrics/model_summary_json/MLP__ECFP4__summary.json,results/benchmark_metrics/model_summary_json/MLP__RDKit__summary.json,results/benchmark_metrics/model_summary_json/MLP__QM__summary.json,results/benchmark_metrics/model_summary_json/MLP__RDKit_QM__summary.json
MLP,citrus,0.8284844132737476,0.8388411350671141,0.8707340788113026,0.8884085128765381,0.010356721793366552,0.04224966553755505,0.05992409960279055,results/benchmark_metrics/model_summary_json/MLP__ECFP4__summary.json,results/benchmark_metrics/model_summary_json/MLP__RDKit__summary.json,results/benchmark_metrics/model_summary_json/MLP__QM__summary.json,results/benchmark_metrics/model_summary_json/MLP__RDKit_QM__summary.json
MLP,cocoa,0.8377899302394454,0.8394755647521899,0.897997314551786,0.8894858717156613,0.001685634512744505,0.06020738431234063,0.05169594147621592,results/benchmark_metrics/model_summary_json/MLP__ECFP4__summary.json,results/benchmark_metrics/model_summary_json/MLP__RDKit__summary.json,results/benchmark_metrics/model_summary_json/MLP__QM__summary.json,results/benchmark_metrics/model_summary_json/MLP__RDKit_QM__summary.json
MLP,coconut,0.8935865344237467,0.8435872325674406,0.9031271461877257,0.9351093227606789,-0.04999930185630608,0.009540611763979023,0.04152278833693224,results/benchmark_metrics/model_summary_json/MLP__ECFP4__summary.json,results/benchmark_metrics/model_summary_json/MLP__RDKit__summary.json,results/benchmark_metrics/model_summary_json/MLP__QM__summary.json,results/benchmark_metrics/model_summary_json/MLP__RDKit_QM__summary.json
MLP,coffee,0.9003334417931429,0.9359650573895723,0.9373437085517466,0.9461770026227907,0.035631615596429356,0.03701026675860375,0.0458435608296478,results/benchmark_metrics/model_summary_json/MLP__ECFP4__summary.json,results/benchmark_metrics/model_summary_json/MLP__RDKit__summary.json,results/benchmark_metrics/model_summary_json/MLP__QM__summary.json,results/benchmark_metrics/model_summary_json/MLP__RDKit_QM__summary.json
MLP,cognac,0.8986864869492223,0.9255427917103376,0.9396218076389211,0.9463231813638855,0.026856304761115335,0.04093532068969885,0.04763669441466323,results/benchmark_metrics/model_summary_json/MLP__ECFP4__summary.json,results/benchmark_metrics/model_summary_json/MLP__RDKit__summary.json,results/benchmark_metrics/model_summary_json/MLP__QM__summary.json,results/benchmark_metrics/model_summary_json/MLP__RDKit_QM__summary.json
MLP,coumarinic,0.9211187812712259,0.8857675596826823,0.9685162399841986,0.9773892004277023,-0.035351221588543646,0.04739745871297263,0.05627041915647635,results/benchmark_metrics/model_summary_json/MLP__ECFP4__summary.json,results/benchmark_metrics/model_summary_json/MLP__RDKit__summary.json,results/benchmark_metrics/model_summary_json/MLP__QM__summary.json,results/benchmark_metrics/model_summary_json/MLP__RDKit_QM__summary.json
MLP,creamy,0.7133897411157626,0.7042284842238322,0.765386501946509,0.7903576213014211,-0.00916125689193037,0.05199676083074645,0.07696788018565848,results/benchmark_metrics/model_summary_json/MLP__ECFP4__summary.json,results/benchmark_metrics/model_summary_json/MLP__RDKit__summary.json,results/benchmark_metrics/model_summary_json/MLP__QM__summary.json,results/benchmark_metrics/model_summary_json/MLP__RDKit_QM__summary.json
MLP,cucumber,0.9289390122573853,0.9463751414560442,0.9222727284797607,0.9620179020238935,0.01743612919865889,-0.006666283777624571,0.03307888976650819,results/benchmark_metrics/model_summary_json/MLP__ECFP4__summary.json,results/benchmark_metrics/model_summary_json/MLP__RDKit__summary.json,results/benchmark_metrics/model_summary_json/MLP__QM__summary.json,results/benchmark_metrics/model_summary_json/MLP__RDKit_QM__summary.json
MLP,dairy,0.8129140442800467,0.7961761633954293,0.8417239126555204,0.8266461387489059,-0.016737880884617362,0.028809868375473724,0.013732094468859257,results/benchmark_metrics/model_summary_json/MLP__ECFP4__summary.json,results/benchmark_metrics/model_summary_json/MLP__RDKit__summary.json,results/benchmark_metrics/model_summary_json/MLP__QM__summary.json,results/benchmark_metrics/model_summary_json/MLP__RDKit_QM__summary.json
MLP,dry,0.8484563647786769,0.8865693663386832,0.8762272181456012,0.8916975742783404,0.0381130015600063,0.02777085336692431,0.04324120949966348,results/benchmark_metrics/model_summary_json/MLP__ECFP4__summary.json,results/benchmark_metrics/model_summary_json/MLP__RDKit__summary.json,results/benchmark_metrics/model_summary_json/MLP__QM__summary.json,results/benchmark_metrics/model_summary_json/MLP__RDKit_QM__summary.json
MLP,earthy,0.7223110122178331,0.707347427813035,0.7233592448859202,0.7465784624286858,-0.01496358440479817,0.001048232668087068,0.024267450210852637,results/benchmark_metrics/model_summary_json/MLP__ECFP4__summary.json,results/benchmark_metrics/model_summary_json/MLP__RDKit__summary.json,results/benchmark_metrics/model_summary_json/MLP__QM__summary.json,results/benchmark_metrics/model_summary_json/MLP__RDKit_QM__summary.json
MLP,ethereal,0.884454515788665,0.9189205994418485,0.9306481547221331,0.9210703084755579,0.03446608365318349,0.04619363893346817,0.03661579268689297,results/benchmark_metrics/model_summary_json/MLP__ECFP4__summary.json,results/benchmark_metrics/model_summary_json/MLP__RDKit__summary.json,results/benchmark_metrics/model_summary_json/MLP__QM__summary.json,results/benchmark_metrics/model_summary_json/MLP__RDKit_QM__summary.json
MLP,fatty,0.8564478109229349,0.884403342479879,0.8929268851762322,0.9012248043409796,0.02795553155694408,0.03647907425329733,0.04477699341804475,results/benchmark_metrics/model_summary_json/MLP__ECFP4__summary.json,results/benchmark_metrics/model_summary_json/MLP__RDKit__summary.json,results/benchmark_metrics/model_summary_json/MLP__QM__summary.json,results/benchmark_metrics/model_summary_json/MLP__RDKit_QM__summary.json
MLP,fermented,0.8493616985690556,0.8509924742631764,0.8843520103080612,0.8576403873232257,0.001630775694120734,0.034990311739005575,0.008278688754170038,results/benchmark_metrics/model_summary_json/MLP__ECFP4__summary.json,results/benchmark_metrics/model_summary_json/MLP__RDKit__summary.json,results/benchmark_metrics/model_summary_json/MLP__QM__summary.json,results/benchmark_metrics/model_summary_json/MLP__RDKit_QM__summary.json
MLP,fishy,0.8299156993443401,0.8403148635180052,0.8639592345103795,0.912357413202931,0.010399164173665154,0.03404353516603942,0.08244171385859089,results/benchmark_metrics/model_summary_json/MLP__ECFP4__summary.json,results/benchmark_metrics/model_summary_json/MLP__RDKit__summary.json,results/benchmark_metrics/model_summary_json/MLP__QM__summary.json,results/benchmark_metrics/model_summary_json/MLP__RDKit_QM__summary.json
MLP,floral,0.8352126289418986,0.8328060188153412,0.8373583298116116,0.8583354621004041,-0.002406610126557407,0.0021457008697129965,0.023122833158505496,results/benchmark_metrics/model_summary_json/MLP__ECFP4__summary.json,results/benchmark_metrics/model_summary_json/MLP__RDKit__summary.json,results/benchmark_metrics/model_summary_json/MLP__QM__summary.json,results/benchmark_metrics/model_summary_json/MLP__RDKit_QM__summary.json
MLP,fresh,0.6899689840580538,0.7026643622774809,0.7183498681942333,0.7371315670871642,0.012695378219427012,0.02838088413617945,0.04716258302911036,results/benchmark_metrics/model_summary_json/MLP__ECFP4__summary.json,results/benchmark_metrics/model_summary_json/MLP__RDKit__summary.json,results/benchmark_metrics/model_summary_json/MLP__QM__summary.json,results/benchmark_metrics/model_summary_json/MLP__RDKit_QM__summary.json
MLP,fruity,0.8367328851734683,0.8319124440426122,0.8517826683835577,0.8684770197235396,-0.004820441130856112,0.015049783210089318,0.0317441345500713,results/benchmark_metrics/model_summary_json/MLP__ECFP4__summary.json,results/benchmark_metrics/model_summary_json/MLP__RDKit__summary.json,results/benchmark_metrics/model_summary_json/MLP__QM__summary.json,results/benchmark_metrics/model_summary_json/MLP__RDKit_QM__summary.json
MLP,garlic,0.9605814673590312,0.9825403164498079,0.9664225844709169,0.9827304354444106,0.021958849090776722,0.00584111711188573,0.022148968085379472,results/benchmark_metrics/model_summary_json/MLP__ECFP4__summary.json,results/benchmark_metrics/model_summary_json/MLP__RDKit__summary.json,results/benchmark_metrics/model_summary_json/MLP__QM__summary.json,results/benchmark_metrics/model_summary_json/MLP__RDKit_QM__summary.json
MLP,gasoline,0.820911300997141,0.9383386318479955,0.9517546914065876,0.9676808685528158,0.11742733085085444,0.1308433904094466,0.14676956755567472,results/benchmark_metrics/model_summary_json/MLP__ECFP4__summary.json,results/benchmark_metrics/model_summary_json/MLP__RDKit__summary.json,results/benchmark_metrics/model_summary_json/MLP__QM__summary.json,results/benchmark_metrics/model_summary_json/MLP__RDKit_QM__summary.json
MLP,grape,0.7414623388077494,0.8583202998146705,0.878455686784903,0.9108692293416123,0.11685796100692114,0.13699334797715368,0.16940689053386293,results/benchmark_metrics/model_summary_json/MLP__ECFP4__summary.json,results/benchmark_metrics/model_summary_json/MLP__RDKit__summary.json,results/benchmark_metrics/model_summary_json/MLP__QM__summary.json,results/benchmark_metrics/model_summary_json/MLP__RDKit_QM__summary.json
MLP,grapefruit,0.8146909865366936,0.9018027568621484,0.8683473309071601,0.9078321855320128,0.08711177032545481,0.05365634437046651,0.09314119899531925,results/benchmark_metrics/model_summary_json/MLP__ECFP4__summary.json,results/benchmark_metrics/model_summary_json/MLP__RDKit__summary.json,results/benchmark_metrics/model_summary_json/MLP__QM__summary.json,results/benchmark_metrics/model_summary_json/MLP__RDKit_QM__summary.json
MLP,grassy,0.8224208971417841,0.9024275832532543,0.8552744171800282,0.8925211124851206,0.08000668611147022,0.032853520038244044,0.07010021534333644,results/benchmark_metrics/model_summary_json/MLP__ECFP4__summary.json,results/benchmark_metrics/model_summary_json/MLP__RDKit__summary.json,results/benchmark_metrics/model_summary_json/MLP__QM__summary.json,results/benchmark_metrics/model_summary_json/MLP__RDKit_QM__summary.json
MLP,green,0.7628080768307715,0.7541657432380451,0.7814824018039767,0.8076304509276158,-0.00864233359272637,0.018674324973205203,0.04482237409684431,results/benchmark_metrics/model_summary_json/MLP__ECFP4__summary.json,results/benchmark_metrics/model_summary_json/MLP__RDKit__summary.json,results/benchmark_metrics/model_summary_json/MLP__QM__summary.json,results/benchmark_metrics/model_summary_json/MLP__RDKit_QM__summary.json
MLP,hay,0.804481211751711,0.8604219755700002,0.8834490794912435,0.9017484610181272,0.055940763818289274,0.07896786773953257,0.09726724926641628,results/benchmark_metrics/model_summary_json/MLP__ECFP4__summary.json,results/benchmark_metrics/model_summary_json/MLP__RDKit__summary.json,results/benchmark_metrics/model_summary_json/MLP__QM__summary.json,results/benchmark_metrics/model_summary_json/MLP__RDKit_QM__summary.json
MLP,hazelnut,0.856518833301083,0.9278689199433788,0.936348053053746,0.9400721342330517,0.0713500866422958,0.079829219752663,0.08355330093196867,results/benchmark_metrics/model_summary_json/MLP__ECFP4__summary.json,results/benchmark_metrics/model_summary_json/MLP__RDKit__summary.json,results/benchmark_metrics/model_summary_json/MLP__QM__summary.json,results/benchmark_metrics/model_summary_json/MLP__RDKit_QM__summary.json
MLP,herbal,0.7339342944093727,0.7318540961545411,0.7334968551824681,0.7616407550072765,-0.0020801982548316333,-0.00043743922690464565,0.027706460597903715,results/benchmark_metrics/model_summary_json/MLP__ECFP4__summary.json,results/benchmark_metrics/model_summary_json/MLP__RDKit__summary.json,results/benchmark_metrics/model_summary_json/MLP__QM__summary.json,results/benchmark_metrics/model_summary_json/MLP__RDKit_QM__summary.json
MLP,honey,0.9011051008835423,0.9086129651767321,0.9195319555024494,0.9250679819957917,0.0075078642931897255,0.01842685461890703,0.023962881112249312,results/benchmark_metrics/model_summary_json/MLP__ECFP4__summary.json,results/benchmark_metrics/model_summary_json/MLP__RDKit__summary.json,results/benchmark_metrics/model_summary_json/MLP__QM__summary.json,results/benchmark_metrics/model_summary_json/MLP__RDKit_QM__summary.json
MLP,horseradish,0.9776725799197283,0.9067096504012493,0.9713898616303723,0.974842146968421,-0.07096292951847905,-0.006282718289356004,-0.00283043295130736,results/benchmark_metrics/model_summary_json/MLP__ECFP4__summary.json,results/benchmark_metrics/model_summary_json/MLP__RDKit__summary.json,results/benchmark_metrics/model_summary_json/MLP__QM__summary.json,results/benchmark_metrics/model_summary_json/MLP__RDKit_QM__summary.json
MLP,jasmine,0.7640515920984484,0.8743201754586138,0.8944382519637625,0.9025022186656846,0.11026858336016543,0.13038665986531406,0.13845062656723617,results/benchmark_metrics/model_summary_json/MLP__ECFP4__summary.json,results/benchmark_metrics/model_summary_json/MLP__RDKit__summary.json,results/benchmark_metrics/model_summary_json/MLP__QM__summary.json,results/benchmark_metrics/model_summary_json/MLP__RDKit_QM__summary.json
MLP,ketonic,0.9100506209972519,0.9492487435606559,0.9864703963725331,0.9920902051826378,0.03919812256340405,0.07641977537528122,0.08203958418538593,results/benchmark_metrics/model_summary_json/MLP__ECFP4__summary.json,results/benchmark_metrics/model_summary_json/MLP__RDKit__summary.json,results/benchmark_metrics/model_summary_json/MLP__QM__summary.json,results/benchmark_metrics/model_summary_json/MLP__RDKit_QM__summary.json
MLP,leafy,0.7785891129831305,0.6746314968134716,0.6919486770067759,0.8173725444772952,-0.10395761616965893,-0.08664043597635462,0.038783431494164744,results/benchmark_metrics/model_summary_json/MLP__ECFP4__summary.json,results/benchmark_metrics/model_summary_json/MLP__RDKit__summary.json,results/benchmark_metrics/model_summary_json/MLP__QM__summary.json,results/benchmark_metrics/model_summary_json/MLP__RDKit_QM__summary.json
MLP,leathery,0.9056829117512676,0.9523334342221881,0.8589538937452899,0.9468602653297703,0.0466505224709205,-0.04672901800597773,0.04117735357850272,results/benchmark_metrics/model_summary_json/MLP__ECFP4__summary.json,results/benchmark_metrics/model_summary_json/MLP__RDKit__summary.json,results/benchmark_metrics/model_summary_json/MLP__QM__summary.json,results/benchmark_metrics/model_summary_json/MLP__RDKit_QM__summary.json
MLP,lemon,0.8798183599394255,0.8652587422722355,0.8918907616242334,0.898528494332664,-0.014559617667189939,0.012072401684807943,0.018710134393238542,results/benchmark_metrics/model_summary_json/MLP__ECFP4__summary.json,results/benchmark_metrics/model_summary_json/MLP__RDKit__summary.json,results/benchmark_metrics/model_summary_json/MLP__QM__summary.json,results/benchmark_metrics/model_summary_json/MLP__RDKit_QM__summary.json
MLP,malty,0.8357293031775133,0.9362380234647965,0.9223431100051075,0.9132943549934358,0.1005087202872832,0.08661380682759423,0.07756505181592255,results/benchmark_metrics/model_summary_json/MLP__ECFP4__summary.json,results/benchmark_metrics/model_summary_json/MLP__RDKit__summary.json,results/benchmark_metrics/model_summary_json/MLP__QM__summary.json,results/benchmark_metrics/model_summary_json/MLP__RDKit_QM__summary.json
MLP,meaty,0.9006558911688234,0.9289064693266054,0.9162449623579251,0.9419718867346374,0.02825057815778198,0.015589071189101689,0.041315995565814,results/benchmark_metrics/model_summary_json/MLP__ECFP4__summary.json,results/benchmark_metrics/model_summary_json/MLP__RDKit__summary.json,results/benchmark_metrics/model_summary_json/MLP__QM__summary.json,results/benchmark_metrics/model_summary_json/MLP__RDKit_QM__summary.json
MLP,medicinal,0.9392028801484213,0.9449694871844863,0.9458003436952428,0.9473664296240247,0.005766607036064908,0.006597463546821447,0.008163549475603382,results/benchmark_metrics/model_summary_json/MLP__ECFP4__summary.json,results/benchmark_metrics/model_summary_json/MLP__RDKit__summary.json,results/benchmark_metrics/model_summary_json/MLP__QM__summary.json,results/benchmark_metrics/model_summary_json/MLP__RDKit_QM__summary.json
MLP,melon,0.8197377640702153,0.8589498358629104,0.8530966356335208,0.8888790471794643,0.03921207179269515,0.033358871563305525,0.06914128310924905,results/benchmark_metrics/model_summary_json/MLP__ECFP4__summary.json,results/benchmark_metrics/model_summary_json/MLP__RDKit__summary.json,results/benchmark_metrics/model_summary_json/MLP__QM__summary.json,results/benchmark_metrics/model_summary_json/MLP__RDKit_QM__summary.json
MLP,metallic,0.6675151361393243,0.7595555179259975,0.753636237143374,0.763298578021196,0.09204038178667318,0.08612110100404968,0.09578344188187171,results/benchmark_metrics/model_summary_json/MLP__ECFP4__summary.json,results/benchmark_metrics/model_summary_json/MLP__RDKit__summary.json,results/benchmark_metrics/model_summary_json/MLP__QM__summary.json,results/benchmark_metrics/model_summary_json/MLP__RDKit_QM__summary.json
MLP,milky,0.7537516864407305,0.6767401179389739,0.7431236695960987,0.7791144906009945,-0.07701156850175661,-0.010628016844631882,0.02536280416026393,results/benchmark_metrics/model_summary_json/MLP__ECFP4__summary.json,results/benchmark_metrics/model_summary_json/MLP__RDKit__summary.json,results/benchmark_metrics/model_summary_json/MLP__QM__summary.json,results/benchmark_metrics/model_summary_json/MLP__RDKit_QM__summary.json
MLP,mint,0.8139914321749959,0.8593999570065062,0.8692341120782384,0.9034153350958333,0.045408524831510255,0.0552426799032425,0.08942390292083735,results/benchmark_metrics/model_summary_json/MLP__ECFP4__summary.json,results/benchmark_metrics/model_summary_json/MLP__RDKit__summary.json,results/benchmark_metrics/model_summary_json/MLP__QM__summary.json,results/benchmark_metrics/model_summary_json/MLP__RDKit_QM__summary.json
MLP,mushroom,0.7843401303394038,0.7513942505787435,0.7328396959440354,0.7675779582130281,-0.03294587976066021,-0.05150043439536833,-0.016762172126375652,results/benchmark_metrics/model_summary_json/MLP__ECFP4__summary.json,results/benchmark_metrics/model_summary_json/MLP__RDKit__summary.json,results/benchmark_metrics/model_summary_json/MLP__QM__summary.json,results/benchmark_metrics/model_summary_json/MLP__RDKit_QM__summary.json
MLP,musk,0.8440874656006067,0.858014839019849,0.8573196382996114,0.921224075610173,0.013927373419242328,0.013232172699004785,0.0771366100095664,results/benchmark_metrics/model_summary_json/MLP__ECFP4__summary.json,results/benchmark_metrics/model_summary_json/MLP__RDKit__summary.json,results/benchmark_metrics/model_summary_json/MLP__QM__summary.json,results/benchmark_metrics/model_summary_json/MLP__RDKit_QM__summary.json
MLP,musty,0.7067484921999279,0.7077908255664764,0.7512803883843324,0.7078232417787189,0.0010423333665485757,0.04453189618440456,0.0010747495787910566,results/benchmark_metrics/model_summary_json/MLP__ECFP4__summary.json,results/benchmark_metrics/model_summary_json/MLP__RDKit__summary.json,results/benchmark_metrics/model_summary_json/MLP__QM__summary.json,results/benchmark_metrics/model_summary_json/MLP__RDKit_QM__summary.json
MLP,nutty,0.792583096920253,0.8404472686372901,0.8366909045925455,0.8606527656177105,0.04786417171703716,0.0441078076722925,0.06806966869745756,results/benchmark_metrics/model_summary_json/MLP__ECFP4__summary.json,results/benchmark_metrics/model_summary_json/MLP__RDKit__summary.json,results/benchmark_metrics/model_summary_json/MLP__QM__summary.json,results/benchmark_metrics/model_summary_json/MLP__RDKit_QM__summary.json
MLP,oily,0.8422941066981794,0.8502098667165903,0.881287646373956,0.8846784909835202,0.007915760018410878,0.03899353967577657,0.04238438428534086,results/benchmark_metrics/model_summary_json/MLP__ECFP4__summary.json,results/benchmark_metrics/model_summary_json/MLP__RDKit__summary.json,results/benchmark_metrics/model_summary_json/MLP__QM__summary.json,results/benchmark_metrics/model_summary_json/MLP__RDKit_QM__summary.json
MLP,onion,0.9514243308218706,0.9754719451941041,0.962247120814534,0.9764110785582168,0.02404761437223346,0.010822789992663395,0.024986747736346238,results/benchmark_metrics/model_summary_json/MLP__ECFP4__summary.json,results/benchmark_metrics/model_summary_json/MLP__RDKit__summary.json,results/benchmark_metrics/model_summary_json/MLP__QM__summary.json,results/benchmark_metrics/model_summary_json/MLP__RDKit_QM__summary.json
MLP,orange,0.8775152307089478,0.87411555319689,0.8621985766924796,0.9052685148835573,-0.0033996775120577194,-0.0153166540164682,0.027753284174609538,results/benchmark_metrics/model_summary_json/MLP__ECFP4__summary.json,results/benchmark_metrics/model_summary_json/MLP__RDKit__summary.json,results/benchmark_metrics/model_summary_json/MLP__QM__summary.json,results/benchmark_metrics/model_summary_json/MLP__RDKit_QM__summary.json
MLP,orris,0.7076607260981074,0.7944819958097993,0.7822837915571287,0.7950377626627676,0.0868212697116919,0.07462306545902131,0.08737703656466023,results/benchmark_metrics/model_summary_json/MLP__ECFP4__summary.json,results/benchmark_metrics/model_summary_json/MLP__RDKit__summary.json,results/benchmark_metrics/model_summary_json/MLP__QM__summary.json,results/benchmark_metrics/model_summary_json/MLP__RDKit_QM__summary.json
MLP,peach,0.8348408818255943,0.8040293829382575,0.7883681222291896,0.7945484576142555,-0.030811498887336808,-0.046472759596404734,-0.04029242421133883,results/benchmark_metrics/model_summary_json/MLP__ECFP4__summary.json,results/benchmark_metrics/model_summary_json/MLP__RDKit__summary.json,results/benchmark_metrics/model_summary_json/MLP__QM__summary.json,results/benchmark_metrics/model_summary_json/MLP__RDKit_QM__summary.json
MLP,pear,0.8722130059289566,0.92367550220802,0.9290265470311955,0.9293463461417565,0.05146249627906341,0.05681354110223891,0.05713334021279992,results/benchmark_metrics/model_summary_json/MLP__ECFP4__summary.json,results/benchmark_metrics/model_summary_json/MLP__RDKit__summary.json,results/benchmark_metrics/model_summary_json/MLP__QM__summary.json,results/benchmark_metrics/model_summary_json/MLP__RDKit_QM__summary.json
MLP,phenolic,0.9634422258322843,0.9706644966833743,0.9741027930843732,0.980602429064904,0.007222270851089951,0.01066056725208886,0.017160203232619686,results/benchmark_metrics/model_summary_json/MLP__ECFP4__summary.json,results/benchmark_metrics/model_summary_json/MLP__RDKit__summary.json,results/benchmark_metrics/model_summary_json/MLP__QM__summary.json,results/benchmark_metrics/model_summary_json/MLP__RDKit_QM__summary.json
MLP,pine,0.9173265669862882,0.9561860440660286,0.9422374117699249,0.9529988557283948,0.03885947707974036,0.0249108447836367,0.035672288742106595,results/benchmark_metrics/model_summary_json/MLP__ECFP4__summary.json,results/benchmark_metrics/model_summary_json/MLP__RDKit__summary.json,results/benchmark_metrics/model_summary_json/MLP__QM__summary.json,results/benchmark_metrics/model_summary_json/MLP__RDKit_QM__summary.json
MLP,pineapple,0.8992200947225575,0.8996167375489099,0.9013432638581851,0.9116146564717917,0.00039664282635243353,0.0021231691356276006,0.012394561749234256,results/benchmark_metrics/model_summary_json/MLP__ECFP4__summary.json,results/benchmark_metrics/model_summary_json/MLP__RDKit__summary.json,results/benchmark_metrics/model_summary_json/MLP__QM__summary.json,results/benchmark_metrics/model_summary_json/MLP__RDKit_QM__summary.json
MLP,plum,0.8170795531524202,0.8314714494352919,0.8480430155602073,0.8448116971759777,0.014391896282871741,0.030963462407787135,0.027732144023557503,results/benchmark_metrics/model_summary_json/MLP__ECFP4__summary.json,results/benchmark_metrics/model_summary_json/MLP__RDKit__summary.json,results/benchmark_metrics/model_summary_json/MLP__QM__summary.json,results/benchmark_metrics/model_summary_json/MLP__RDKit_QM__summary.json
MLP,popcorn,0.9257412176710093,0.9506207165394184,0.9329965767918926,0.9713848533454408,0.024879498868409122,0.007255359120883376,0.045643635674431526,results/benchmark_metrics/model_summary_json/MLP__ECFP4__summary.json,results/benchmark_metrics/model_summary_json/MLP__RDKit__summary.json,results/benchmark_metrics/model_summary_json/MLP__QM__summary.json,results/benchmark_metrics/model_summary_json/MLP__RDKit_QM__summary.json
MLP,potato,0.9130084497463331,0.9302498784640163,0.9643239137075661,0.9603552828842297,0.017241428717683194,0.05131546396123299,0.04734683313789656,results/benchmark_metrics/model_summary_json/MLP__ECFP4__summary.json,results/benchmark_metrics/model_summary_json/MLP__RDKit__summary.json,results/benchmark_metrics/model_summary_json/MLP__QM__summary.json,results/benchmark_metrics/model_summary_json/MLP__RDKit_QM__summary.json
MLP,pungent,0.8181337455147121,0.8100554726327609,0.8457955892704625,0.8700394058320476,-0.008078272881951176,0.027661843755750426,0.05190566031733557,results/benchmark_metrics/model_summary_json/MLP__ECFP4__summary.json,results/benchmark_metrics/model_summary_json/MLP__RDKit__summary.json,results/benchmark_metrics/model_summary_json/MLP__QM__summary.json,results/benchmark_metrics/model_summary_json/MLP__RDKit_QM__summary.json
MLP,radish,0.8728020053257068,0.8730647457311147,0.9384059331674829,0.9598150075953239,0.0002627404054078575,0.06560392784177604,0.08701300226961706,results/benchmark_metrics/model_summary_json/MLP__ECFP4__summary.json,results/benchmark_metrics/model_summary_json/MLP__RDKit__summary.json,results/benchmark_metrics/model_summary_json/MLP__QM__summary.json,results/benchmark_metrics/model_summary_json/MLP__RDKit_QM__summary.json
MLP,ripe,0.7697230723532343,0.7587792902639556,0.8481571467571889,0.8568104350789796,-0.010943782089278709,0.07843407440395456,0.08708736272574524,results/benchmark_metrics/model_summary_json/MLP__ECFP4__summary.json,results/benchmark_metrics/model_summary_json/MLP__RDKit__summary.json,results/benchmark_metrics/model_summary_json/MLP__QM__summary.json,results/benchmark_metrics/model_summary_json/MLP__RDKit_QM__summary.json
MLP,roasted,0.8995905193940634,0.943109272565654,0.9364316632511723,0.9487609944410458,0.043518753171590596,0.036841143857108904,0.049170475046982354,results/benchmark_metrics/model_summary_json/MLP__ECFP4__summary.json,results/benchmark_metrics/model_summary_json/MLP__RDKit__summary.json,results/benchmark_metrics/model_summary_json/MLP__QM__summary.json,results/benchmark_metrics/model_summary_json/MLP__RDKit_QM__summary.json
MLP,rose,0.8571703803190168,0.8624052342219961,0.8573051191234511,0.8939896999552177,0.005234853902979286,0.00013473880443426456,0.03681931963620089,results/benchmark_metrics/model_summary_json/MLP__ECFP4__summary.json,results/benchmark_metrics/model_summary_json/MLP__RDKit__summary.json,results/benchmark_metrics/model_summary_json/MLP__QM__summary.json,results/benchmark_metrics/model_summary_json/MLP__RDKit_QM__summary.json
MLP,rum,0.8718883623758927,0.8961020858815452,0.8762334060152325,0.8870615600105506,0.02421372350565243,0.004345043639339741,0.015173197634657853,results/benchmark_metrics/model_summary_json/MLP__ECFP4__summary.json,results/benchmark_metrics/model_summary_json/MLP__RDKit__summary.json,results/benchmark_metrics/model_summary_json/MLP__QM__summary.json,results/benchmark_metrics/model_summary_json/MLP__RDKit_QM__summary.json
MLP,savory,0.8966690175407548,0.9191779158871753,0.9282390585157108,0.9252141882893523,0.02250889834642056,0.03157004097495597,0.028545170748597526,results/benchmark_metrics/model_summary_json/MLP__ECFP4__summary.json,results/benchmark_metrics/model_summary_json/MLP__RDKit__summary.json,results/benchmark_metrics/model_summary_json/MLP__QM__summary.json,results/benchmark_metrics/model_summary_json/MLP__RDKit_QM__summary.json
MLP,sharp,0.7502529868398641,0.7905962385687288,0.8168068185306632,0.8570246191965921,0.04034325172886477,0.06655383169079909,0.10677163235672804,results/benchmark_metrics/model_summary_json/MLP__ECFP4__summary.json,results/benchmark_metrics/model_summary_json/MLP__RDKit__summary.json,results/benchmark_metrics/model_summary_json/MLP__QM__summary.json,results/benchmark_metrics/model_summary_json/MLP__RDKit_QM__summary.json
MLP,smoky,0.9454871807515793,0.9437553550582557,0.9562648342702079,0.9614264836987528,-0.0017318256933236409,0.010777653518628583,0.015939302947173495,results/benchmark_metrics/model_summary_json/MLP__ECFP4__summary.json,results/benchmark_metrics/model_summary_json/MLP__RDKit__summary.json,results/benchmark_metrics/model_summary_json/MLP__QM__summary.json,results/benchmark_metrics/model_summary_json/MLP__RDKit_QM__summary.json
MLP,solvent,0.8724912619389216,0.9468828256837221,0.9605707267901064,0.9639713167575472,0.07439156374480049,0.08807946485118479,0.09148005481862564,results/benchmark_metrics/model_summary_json/MLP__ECFP4__summary.json,results/benchmark_metrics/model_summary_json/MLP__RDKit__summary.json,results/benchmark_metrics/model_summary_json/MLP__QM__summary.json,results/benchmark_metrics/model_summary_json/MLP__RDKit_QM__summary.json
MLP,sour,0.7803738635313145,0.846147909410005,0.9307793836715634,0.8924019837733616,0.0657740458786904,0.15040552014024888,0.112028120242047,results/benchmark_metrics/model_summary_json/MLP__ECFP4__summary.json,results/benchmark_metrics/model_summary_json/MLP__RDKit__summary.json,results/benchmark_metrics/model_summary_json/MLP__QM__summary.json,results/benchmark_metrics/model_summary_json/MLP__RDKit_QM__summary.json
MLP,spicy,0.8218782188561213,0.8251847607474335,0.8324176319314638,0.844143355896555,0.003306541891312187,0.010539413075342452,0.022265137040433647,results/benchmark_metrics/model_summary_json/MLP__ECFP4__summary.json,results/benchmark_metrics/model_summary_json/MLP__RDKit__summary.json,results/benchmark_metrics/model_summary_json/MLP__QM__summary.json,results/benchmark_metrics/model_summary_json/MLP__RDKit_QM__summary.json
MLP,strawberry,0.786114029621866,0.7691548112259416,0.8191068945411828,0.8363307256358776,-0.016959218395924403,0.032992864919316744,0.050216696014011575,results/benchmark_metrics/model_summary_json/MLP__ECFP4__summary.json,results/benchmark_metrics/model_summary_json/MLP__RDKit__summary.json,results/benchmark_metrics/model_summary_json/MLP__QM__summary.json,results/benchmark_metrics/model_summary_json/MLP__RDKit_QM__summary.json
MLP,sulfurous,0.9416936374224705,0.9670366828330061,0.9532332953644523,0.9688643274038162,0.02534304541053567,0.011539657941981862,0.027170689981345753,results/benchmark_metrics/model_summary_json/MLP__ECFP4__summary.json,results/benchmark_metrics/model_summary_json/MLP__RDKit__summary.json,results/benchmark_metrics/model_summary_json/MLP__QM__summary.json,results/benchmark_metrics/model_summary_json/MLP__RDKit_QM__summary.json
MLP,sweet,0.7153726120992476,0.7216801781818638,0.7057228789548269,0.7286103656220593,0.006307566082616178,-0.009649733144420747,0.013237753522811646,results/benchmark_metrics/model_summary_json/MLP__ECFP4__summary.json,results/benchmark_metrics/model_summary_json/MLP__RDKit__summary.json,results/benchmark_metrics/model_summary_json/MLP__QM__summary.json,results/benchmark_metrics/model_summary_json/MLP__RDKit_QM__summary.json
MLP,tea,0.6573278320878962,0.6890734282525367,0.6710505710022344,0.687389280012874,0.031745596164640455,0.013722738914338173,0.03006144792497778,results/benchmark_metrics/model_summary_json/MLP__ECFP4__summary.json,results/benchmark_metrics/model_summary_json/MLP__RDKit__summary.json,results/benchmark_metrics/model_summary_json/MLP__QM__summary.json,results/benchmark_metrics/model_summary_json/MLP__RDKit_QM__summary.json
MLP,tobacco,0.8047405791409326,0.8351133053563821,0.8502363831544816,0.8847362750158357,0.030372726215449508,0.045495804013549024,0.07999569587490318,results/benchmark_metrics/model_summary_json/MLP__ECFP4__summary.json,results/benchmark_metrics/model_summary_json/MLP__RDKit__summary.json,results/benchmark_metrics/model_summary_json/MLP__QM__summary.json,results/benchmark_metrics/model_summary_json/MLP__RDKit_QM__summary.json
MLP,tomato,0.871738256327563,0.8993937708061981,0.9129523940291058,0.8975632697343867,0.027655514478635124,0.04121413770154281,0.02582501340682375,results/benchmark_metrics/model_summary_json/MLP__ECFP4__summary.json,results/benchmark_metrics/model_summary_json/MLP__RDKit__summary.json,results/benchmark_metrics/model_summary_json/MLP__QM__summary.json,results/benchmark_metrics/model_summary_json/MLP__RDKit_QM__summary.json
MLP,tropical,0.7938075127338913,0.8390909045565664,0.8541786409305228,0.8786967323452245,0.045283391822675156,0.060371128196631485,0.08488921961133322,results/benchmark_metrics/model_summary_json/MLP__ECFP4__summary.json,results/benchmark_metrics/model_summary_json/MLP__RDKit__summary.json,results/benchmark_metrics/model_summary_json/MLP__QM__summary.json,results/benchmark_metrics/model_summary_json/MLP__RDKit_QM__summary.json
MLP,vanilla,0.9053171754829694,0.9213145220073929,0.9411676412118914,0.9481389752914124,0.015997346524423528,0.03585046572892203,0.04282179980844303,results/benchmark_metrics/model_summary_json/MLP__ECFP4__summary.json,results/benchmark_metrics/model_summary_json/MLP__RDKit__summary.json,results/benchmark_metrics/model_summary_json/MLP__QM__summary.json,results/benchmark_metrics/model_summary_json/MLP__RDKit_QM__summary.json
MLP,vegetable,0.8423387427043032,0.8897400815171668,0.8679406316960785,0.9052832406626921,0.04740133881286357,0.02560188899177529,0.06294449795838886,results/benchmark_metrics/model_summary_json/MLP__ECFP4__summary.json,results/benchmark_metrics/model_summary_json/MLP__RDKit__summary.json,results/benchmark_metrics/model_summary_json/MLP__QM__summary.json,results/benchmark_metrics/model_summary_json/MLP__RDKit_QM__summary.json
MLP,violet,0.9219906706189039,0.8857632390630963,0.9125812812958587,0.9323302053818207,-0.036227431555807654,-0.009409389323045247,0.010339534762916713,results/benchmark_metrics/model_summary_json/MLP__ECFP4__summary.json,results/benchmark_metrics/model_summary_json/MLP__RDKit__summary.json,results/benchmark_metrics/model_summary_json/MLP__QM__summary.json,results/benchmark_metrics/model_summary_json/MLP__RDKit_QM__summary.json
MLP,warm,0.7084301533783635,0.781548019959902,0.6690295755213989,0.7066234338585509,0.07311786658153852,-0.0394005778569646,-0.001806719519812594,results/benchmark_metrics/model_summary_json/MLP__ECFP4__summary.json,results/benchmark_metrics/model_summary_json/MLP__RDKit__summary.json,results/benchmark_metrics/model_summary_json/MLP__QM__summary.json,results/benchmark_metrics/model_summary_json/MLP__RDKit_QM__summary.json
MLP,waxy,0.8862633414186061,0.9042512741002439,0.9072344100447761,0.9152742616672201,0.017987932681637786,0.020971068626170042,0.02901092024861407,results/benchmark_metrics/model_summary_json/MLP__ECFP4__summary.json,results/benchmark_metrics/model_summary_json/MLP__RDKit__summary.json,results/benchmark_metrics/model_summary_json/MLP__QM__summary.json,results/benchmark_metrics/model_summary_json/MLP__RDKit_QM__summary.json
MLP,winey,0.8275611357193908,0.8313044243608342,0.8519642842530043,0.8597211513008078,0.003743288641443354,0.024403148533613472,0.03216001558141701,results/benchmark_metrics/model_summary_json/MLP__ECFP4__summary.json,results/benchmark_metrics/model_summary_json/MLP__RDKit__summary.json,results/benchmark_metrics/model_summary_json/MLP__QM__summary.json,results/benchmark_metrics/model_summary_json/MLP__RDKit_QM__summary.json
MLP,woody,0.8217171192356336,0.873029952058333,0.8351252272168619,0.8635352993259767,0.051312832822699384,0.013408107981228268,0.041818180090343104,results/benchmark_metrics/model_summary_json/MLP__ECFP4__summary.json,results/benchmark_metrics/model_summary_json/MLP__RDKit__summary.json,results/benchmark_metrics/model_summary_json/MLP__QM__summary.json,results/benchmark_metrics/model_summary_json/MLP__RDKit_QM__summary.json
RF,alcoholic,0.9649678531115755,0.9718595466943258,0.9750245311785676,0.9831982498582645,0.0068916935827503245,0.010056678066992064,0.018230396746689026,results/benchmark_metrics/model_summary_json/RF__ECFP4__summary.json,results/benchmark_metrics/model_summary_json/RF__RDKit__summary.json,results/benchmark_metrics/model_summary_json/RF__QM__summary.json,results/benchmark_metrics/model_summary_json/RF__RDKit_QM__summary.json
RF,aldehydic,0.8015769821455306,0.7382492185701508,0.6659397063905843,0.7742878439688856,-0.06332776357537984,-0.13563727575494633,-0.027289138176645023,results/benchmark_metrics/model_summary_json/RF__ECFP4__summary.json,results/benchmark_metrics/model_summary_json/RF__RDKit__summary.json,results/benchmark_metrics/model_summary_json/RF__QM__summary.json,results/benchmark_metrics/model_summary_json/RF__RDKit_QM__summary.json
RF,alliaceous,0.9416511712709316,0.9400559714467155,0.9348906071733614,0.9491675543721865,-0.0015951998242160759,-0.006760564097570199,0.007516383101254909,results/benchmark_metrics/model_summary_json/RF__ECFP4__summary.json,results/benchmark_metrics/model_summary_json/RF__RDKit__summary.json,results/benchmark_metrics/model_summary_json/RF__QM__summary.json,results/benchmark_metrics/model_summary_json/RF__RDKit_QM__summary.json
RF,almond,0.9121763339245279,0.900869336078688,0.928175059375409,0.9426111386978251,-0.011306997845839883,0.0159987254508811,0.030434804773297186,results/benchmark_metrics/model_summary_json/RF__ECFP4__summary.json,results/benchmark_metrics/model_summary_json/RF__RDKit__summary.json,results/benchmark_metrics/model_summary_json/RF__QM__summary.json,results/benchmark_metrics/model_summary_json/RF__RDKit_QM__summary.json
RF,animal,0.8531151725732222,0.7939730549527884,0.8197073234130595,0.8443801761221774,-0.059142117620433865,-0.033407849160162706,-0.008734996451044807,results/benchmark_metrics/model_summary_json/RF__ECFP4__summary.json,results/benchmark_metrics/model_summary_json/RF__RDKit__summary.json,results/benchmark_metrics/model_summary_json/RF__QM__summary.json,results/benchmark_metrics/model_summary_json/RF__RDKit_QM__summary.json
RF,anisic,0.9245694564314029,0.8821702159866085,0.8989841434835268,0.9124620690012856,-0.04239924044479437,-0.025585312947876027,-0.0121073874301173,results/benchmark_metrics/model_summary_json/RF__ECFP4__summary.json,results/benchmark_metrics/model_summary_json/RF__RDKit__summary.json,results/benchmark_metrics/model_summary_json/RF__QM__summary.json,results/benchmark_metrics/model_summary_json/RF__RDKit_QM__summary.json
RF,apple,0.8668994515366952,0.8702526102704834,0.8763990712135754,0.8982825785644074,0.003353158733788164,0.009499619676880178,0.03138312702771218,results/benchmark_metrics/model_summary_json/RF__ECFP4__summary.json,results/benchmark_metrics/model_summary_json/RF__RDKit__summary.json,results/benchmark_metrics/model_summary_json/RF__QM__summary.json,results/benchmark_metrics/model_summary_json/RF__RDKit_QM__summary.json
RF,apricot,0.8228403818876086,0.8025962301276068,0.8276324669875026,0.8492047763355701,-0.020244151760001716,0.004792085099894039,0.02636439444796157,results/benchmark_metrics/model_summary_json/RF__ECFP4__summary.json,results/benchmark_metrics/model_summary_json/RF__RDKit__summary.json,results/benchmark_metrics/model_summary_json/RF__QM__summary.json,results/benchmark_metrics/model_summary_json/RF__RDKit_QM__summary.json
RF,aromatic,0.8506607326707293,0.83798588002801,0.8493043255022494,0.8540901453634021,-0.012674852642719281,-0.001356407168479845,0.0034294126926728286,results/benchmark_metrics/model_summary_json/RF__ECFP4__summary.json,results/benchmark_metrics/model_summary_json/RF__RDKit__summary.json,results/benchmark_metrics/model_summary_json/RF__QM__summary.json,results/benchmark_metrics/model_summary_json/RF__RDKit_QM__summary.json
RF,balsamic,0.9148951936074597,0.9230742261427256,0.9273204082123414,0.9328380567289598,0.008179032535265862,0.012425214604881663,0.017942863121500063,results/benchmark_metrics/model_summary_json/RF__ECFP4__summary.json,results/benchmark_metrics/model_summary_json/RF__RDKit__summary.json,results/benchmark_metrics/model_summary_json/RF__QM__summary.json,results/benchmark_metrics/model_summary_json/RF__RDKit_QM__summary.json
RF,banana,0.8737749128744159,0.895918413292612,0.9206786353872491,0.9188304068916915,0.022143500418196127,0.04690372251283326,0.0450554940172756,results/benchmark_metrics/model_summary_json/RF__ECFP4__summary.json,results/benchmark_metrics/model_summary_json/RF__RDKit__summary.json,results/benchmark_metrics/model_summary_json/RF__QM__summary.json,results/benchmark_metrics/model_summary_json/RF__RDKit_QM__summary.json
RF,beefy,0.8992063286417367,0.9449479789485418,0.9054388923994992,0.9258032170027409,0.045741650306805104,0.006232563757762488,0.026596888361004267,results/benchmark_metrics/model_summary_json/RF__ECFP4__summary.json,results/benchmark_metrics/model_summary_json/RF__RDKit__summary.json,results/benchmark_metrics/model_summary_json/RF__QM__summary.json,results/benchmark_metrics/model_summary_json/RF__RDKit_QM__summary.json
RF,berry,0.7728686688897806,0.6838271485729358,0.6856634441709886,0.728461291284275,-0.08904152031684476,-0.087205224718792,-0.044407377605505616,results/benchmark_metrics/model_summary_json/RF__ECFP4__summary.json,results/benchmark_metrics/model_summary_json/RF__RDKit__summary.json,results/benchmark_metrics/model_summary_json/RF__QM__summary.json,results/benchmark_metrics/model_summary_json/RF__RDKit_QM__summary.json
RF,black currant,0.9390868173085846,0.946179014333226,0.9632426092364202,0.9795639015969181,0.007092197024641478,0.02415579192783568,0.04047708428833352,results/benchmark_metrics/model_summary_json/RF__ECFP4__summary.json,results/benchmark_metrics/model_summary_json/RF__RDKit__summary.json,results/benchmark_metrics/model_summary_json/RF__QM__summary.json,results/benchmark_metrics/model_summary_json/RF__RDKit_QM__summary.json
RF,brandy,0.902875364460287,0.8898577913391417,0.8714296126720565,0.9172761364890365,-0.013017573121145376,-0.0314457517882305,0.014400772028749453,results/benchmark_metrics/model_summary_json/RF__ECFP4__summary.json,results/benchmark_metrics/model_summary_json/RF__RDKit__summary.json,results/benchmark_metrics/model_summary_json/RF__QM__summary.json,results/benchmark_metrics/model_summary_json/RF__RDKit_QM__summary.json
RF,bread,0.844013295599234,0.8822482343805073,0.9059472169489485,0.9007979775106897,0.038234938781273264,0.06193392134971454,0.05678468191145569,results/benchmark_metrics/model_summary_json/RF__ECFP4__summary.json,results/benchmark_metrics/model_summary_json/RF__RDKit__summary.json,results/benchmark_metrics/model_summary_json/RF__QM__summary.json,results/benchmark_metrics/model_summary_json/RF__RDKit_QM__summary.json
RF,brothy,0.9151556411490323,0.8866019960264386,0.8892634982954142,0.918678515105236,-0.02855364512259362,-0.025892142853618072,0.0035228739562037648,results/benchmark_metrics/model_summary_json/RF__ECFP4__summary.json,results/benchmark_metrics/model_summary_json/RF__RDKit__summary.json,results/benchmark_metrics/model_summary_json/RF__QM__summary.json,results/benchmark_metrics/model_summary_json/RF__RDKit_QM__summary.json
RF,burnt,0.8348243824726891,0.8495536554773594,0.8639121138454262,0.8786048616190024,0.014729273004670307,0.029087731372737125,0.043780479146313334,results/benchmark_metrics/model_summary_json/RF__ECFP4__summary.json,results/benchmark_metrics/model_summary_json/RF__RDKit__summary.json,results/benchmark_metrics/model_summary_json/RF__QM__summary.json,results/benchmark_metrics/model_summary_json/RF__RDKit_QM__summary.json
RF,buttery,0.8226662478071894,0.837833487814504,0.8372296174222585,0.8614854669031864,0.015167240007314509,0.0145633696150691,0.03881921909599695,results/benchmark_metrics/model_summary_json/RF__ECFP4__summary.json,results/benchmark_metrics/model_summary_json/RF__RDKit__summary.json,results/benchmark_metrics/model_summary_json/RF__QM__summary.json,results/benchmark_metrics/model_summary_json/RF__RDKit_QM__summary.json
RF,cabbage,0.9436999523986692,0.9072079908070817,0.8552500117393034,0.8853610468441271,-0.03649196159158752,-0.08844994065936584,-0.05833890555454213,results/benchmark_metrics/model_summary_json/RF__ECFP4__summary.json,results/benchmark_metrics/model_summary_json/RF__RDKit__summary.json,results/benchmark_metrics/model_summary_json/RF__QM__summary.json,results/benchmark_metrics/model_summary_json/RF__RDKit_QM__summary.json
RF,camphoreous,0.935705720030451,0.936416037294253,0.9065043112451725,0.9401332788069169,0.0007103172638019961,-0.02920140878527855,0.004427558776465834,results/benchmark_metrics/model_summary_json/RF__ECFP4__summary.json,results/benchmark_metrics/model_summary_json/RF__RDKit__summary.json,results/benchmark_metrics/model_summary_json/RF__QM__summary.json,results/benchmark_metrics/model_summary_json/RF__RDKit_QM__summary.json
RF,caramellic,0.8621712182033956,0.8672691082735875,0.8752836640185041,0.906794414499952,0.005097890070191902,0.013112445815108509,0.04462319629655642,results/benchmark_metrics/model_summary_json/RF__ECFP4__summary.json,results/benchmark_metrics/model_summary_json/RF__RDKit__summary.json,results/benchmark_metrics/model_summary_json/RF__QM__summary.json,results/benchmark_metrics/model_summary_json/RF__RDKit_QM__summary.json
RF,catty,0.9405156342971139,0.8812954852172894,0.8931904469159772,0.9075366079420997,-0.059220149079824536,-0.04732518738113678,-0.03297902635501426,results/benchmark_metrics/model_summary_json/RF__ECFP4__summary.json,results/benchmark_metrics/model_summary_json/RF__RDKit__summary.json,results/benchmark_metrics/model_summary_json/RF__QM__summary.json,results/benchmark_metrics/model_summary_json/RF__RDKit_QM__summary.json
RF,chamomile,0.9560447029409127,0.9235352001132069,0.9162509589015411,0.9525049140896147,-0.032509502827705816,-0.03979374403937164,-0.0035397888512980202,results/benchmark_metrics/model_summary_json/RF__ECFP4__summary.json,results/benchmark_metrics/model_summary_json/RF__RDKit__summary.json,results/benchmark_metrics/model_summary_json/RF__QM__summary.json,results/benchmark_metrics/model_summary_json/RF__RDKit_QM__summary.json
RF,cheesy,0.9030429690908743,0.8834053728696503,0.8972871246583642,0.9205208229775546,-0.019637596221224074,-0.005755844432510093,0.017477853886680217,results/benchmark_metrics/model_summary_json/RF__ECFP4__summary.json,results/benchmark_metrics/model_summary_json/RF__RDKit__summary.json,results/benchmark_metrics/model_summary_json/RF__QM__summary.json,results/benchmark_metrics/model_summary_json/RF__RDKit_QM__summary.json
RF,cherry,0.9104220432528051,0.8582274949561872,0.8983491582281037,0.8895614373354567,-0.05219454829661785,-0.012072885024701385,-0.020860605917348396,results/benchmark_metrics/model_summary_json/RF__ECFP4__summary.json,results/benchmark_metrics/model_summary_json/RF__RDKit__summary.json,results/benchmark_metrics/model_summary_json/RF__QM__summary.json,results/benchmark_metrics/model_summary_json/RF__RDKit_QM__summary.json
RF,chicken,0.8721712017087405,0.8680769643154649,0.8504129599634123,0.8827530119671774,-0.004094237393275635,-0.021758241745328255,0.010581810258436852,results/benchmark_metrics/model_summary_json/RF__ECFP4__summary.json,results/benchmark_metrics/model_summary_json/RF__RDKit__summary.json,results/benchmark_metrics/model_summary_json/RF__QM__summary.json,results/benchmark_metrics/model_summary_json/RF__RDKit_QM__summary.json
RF,chocolate,0.8544469281375873,0.8224228794359553,0.8361461399334489,0.8358716722349413,-0.032024048701632,-0.018300788204138385,-0.01857525590264597,results/benchmark_metrics/model_summary_json/RF__ECFP4__summary.json,results/benchmark_metrics/model_summary_json/RF__RDKit__summary.json,results/benchmark_metrics/model_summary_json/RF__QM__summary.json,results/benchmark_metrics/model_summary_json/RF__RDKit_QM__summary.json
RF,cinnamon,0.8930946922455597,0.8753055338614791,0.9181321364722667,0.9109817038972029,-0.017789158384080572,0.02503744422670695,0.017887011651643192,results/benchmark_metrics/model_summary_json/RF__ECFP4__summary.json,results/benchmark_metrics/model_summary_json/RF__RDKit__summary.json,results/benchmark_metrics/model_summary_json/RF__QM__summary.json,results/benchmark_metrics/model_summary_json/RF__RDKit_QM__summary.json
RF,citrus,0.8599685748456827,0.8503873328238599,0.8508308707758758,0.8758914686936737,-0.009581242021822756,-0.009137704069806851,0.01592289384799106,results/benchmark_metrics/model_summary_json/RF__ECFP4__summary.json,results/benchmark_metrics/model_summary_json/RF__RDKit__summary.json,results/benchmark_metrics/model_summary_json/RF__QM__summary.json,results/benchmark_metrics/model_summary_json/RF__RDKit_QM__summary.json
RF,cocoa,0.8666202569731976,0.8184061287985896,0.8749264071511126,0.8994693941256007,-0.048214128174607906,0.008306150177915028,0.03284913715240312,results/benchmark_metrics/model_summary_json/RF__ECFP4__summary.json,results/benchmark_metrics/model_summary_json/RF__RDKit__summary.json,results/benchmark_metrics/model_summary_json/RF__QM__summary.json,results/benchmark_metrics/model_summary_json/RF__RDKit_QM__summary.json
RF,coconut,0.8878815062701311,0.8396358377790115,0.8732315255307039,0.9160814082819858,-0.04824566849111955,-0.014649980739427138,0.02819990201185474,results/benchmark_metrics/model_summary_json/RF__ECFP4__summary.json,results/benchmark_metrics/model_summary_json/RF__RDKit__summary.json,results/benchmark_metrics/model_summary_json/RF__QM__summary.json,results/benchmark_metrics/model_summary_json/RF__RDKit_QM__summary.json
RF,coffee,0.941053271163424,0.9330470802512281,0.9315290458733457,0.9461493150866291,-0.008006190912195899,-0.009524225290078236,0.0050960439232051735,results/benchmark_metrics/model_summary_json/RF__ECFP4__summary.json,results/benchmark_metrics/model_summary_json/RF__RDKit__summary.json,results/benchmark_metrics/model_summary_json/RF__QM__summary.json,results/benchmark_metrics/model_summary_json/RF__RDKit_QM__summary.json
RF,cognac,0.936926121326254,0.9313188849739046,0.9455856584741479,0.9465188705622642,-0.005607236352349387,0.008659537147893914,0.009592749236010278,results/benchmark_metrics/model_summary_json/RF__ECFP4__summary.json,results/benchmark_metrics/model_summary_json/RF__RDKit__summary.json,results/benchmark_metrics/model_summary_json/RF__QM__summary.json,results/benchmark_metrics/model_summary_json/RF__RDKit_QM__summary.json
RF,coumarinic,0.9452525009987731,0.9228502287644833,0.9619417790101326,0.9689740886200658,-0.02240227223428981,0.016689278011359443,0.023721587621292728,results/benchmark_metrics/model_summary_json/RF__ECFP4__summary.json,results/benchmark_metrics/model_summary_json/RF__RDKit__summary.json,results/benchmark_metrics/model_summary_json/RF__QM__summary.json,results/benchmark_metrics/model_summary_json/RF__RDKit_QM__summary.json
RF,creamy,0.733320358707401,0.7136494185268099,0.7925059761143992,0.8060738227228667,-0.019670940180591123,0.05918561740699824,0.07275346401546567,results/benchmark_metrics/model_summary_json/RF__ECFP4__summary.json,results/benchmark_metrics/model_summary_json/RF__RDKit__summary.json,results/benchmark_metrics/model_summary_json/RF__QM__summary.json,results/benchmark_metrics/model_summary_json/RF__RDKit_QM__summary.json
RF,cucumber,0.9449121504621856,0.9578434141338272,0.9512009568381494,0.962588258306455,0.012931263671641657,0.006288806375963851,0.01767610784426943,results/benchmark_metrics/model_summary_json/RF__ECFP4__summary.json,results/benchmark_metrics/model_summary_json/RF__RDKit__summary.json,results/benchmark_metrics/model_summary_json/RF__QM__summary.json,results/benchmark_metrics/model_summary_json/RF__RDKit_QM__summary.json
RF,dairy,0.8419110645627617,0.7892195042615718,0.8233191212977413,0.8174133166076862,-0.05269156030118982,-0.01859194326502034,-0.024497747955075422,results/benchmark_metrics/model_summary_json/RF__ECFP4__summary.json,results/benchmark_metrics/model_summary_json/RF__RDKit__summary.json,results/benchmark_metrics/model_summary_json/RF__QM__summary.json,results/benchmark_metrics/model_summary_json/RF__RDKit_QM__summary.json
RF,dry,0.7785950305953862,0.8338031398153063,0.7871046071567633,0.8210970040714919,0.05520810921992014,0.008509576561377186,0.04250197347610574,results/benchmark_metrics/model_summary_json/RF__ECFP4__summary.json,results/benchmark_metrics/model_summary_json/RF__RDKit__summary.json,results/benchmark_metrics/model_summary_json/RF__QM__summary.json,results/benchmark_metrics/model_summary_json/RF__RDKit_QM__summary.json
RF,earthy,0.7159542742796507,0.7367795952202009,0.7319913313625298,0.7559008248390476,0.02082532094055012,0.016037057082879058,0.03994655055939689,results/benchmark_metrics/model_summary_json/RF__ECFP4__summary.json,results/benchmark_metrics/model_summary_json/RF__RDKit__summary.json,results/benchmark_metrics/model_summary_json/RF__QM__summary.json,results/benchmark_metrics/model_summary_json/RF__RDKit_QM__summary.json
RF,ethereal,0.903917315335223,0.913604731165784,0.9431518072398146,0.9502723364129932,0.009687415830560986,0.039234491904591606,0.04635502107777023,results/benchmark_metrics/model_summary_json/RF__ECFP4__summary.json,results/benchmark_metrics/model_summary_json/RF__RDKit__summary.json,results/benchmark_metrics/model_summary_json/RF__QM__summary.json,results/benchmark_metrics/model_summary_json/RF__RDKit_QM__summary.json
RF,fatty,0.8938646811250491,0.8792029013394957,0.8709559093520525,0.9037616095039447,-0.014661779785553386,-0.02290877177299666,0.009896928378895553,results/benchmark_metrics/model_summary_json/RF__ECFP4__summary.json,results/benchmark_metrics/model_summary_json/RF__RDKit__summary.json,results/benchmark_metrics/model_summary_json/RF__QM__summary.json,results/benchmark_metrics/model_summary_json/RF__RDKit_QM__summary.json
RF,fermented,0.8710872889779614,0.8586169925752133,0.8900419092914744,0.9059214772608936,-0.012470296402748104,0.018954620313513026,0.034834188282932166,results/benchmark_metrics/model_summary_json/RF__ECFP4__summary.json,results/benchmark_metrics/model_summary_json/RF__RDKit__summary.json,results/benchmark_metrics/model_summary_json/RF__QM__summary.json,results/benchmark_metrics/model_summary_json/RF__RDKit_QM__summary.json
RF,fishy,0.8897031631178063,0.8860853351545384,0.8543230140763951,0.9189857673640309,-0.0036178279632679278,-0.03538014904141118,0.02928260424622464,results/benchmark_metrics/model_summary_json/RF__ECFP4__summary.json,results/benchmark_metrics/model_summary_json/RF__RDKit__summary.json,results/benchmark_metrics/model_summary_json/RF__QM__summary.json,results/benchmark_metrics/model_summary_json/RF__RDKit_QM__summary.json
RF,floral,0.8111069223143815,0.8220663648209501,0.8279286447078109,0.8438302712408173,0.01095944250656855,0.016821722393429384,0.0327233489264358,results/benchmark_metrics/model_summary_json/RF__ECFP4__summary.json,results/benchmark_metrics/model_summary_json/RF__RDKit__summary.json,results/benchmark_metrics/model_summary_json/RF__QM__summary.json,results/benchmark_metrics/model_summary_json/RF__RDKit_QM__summary.json
RF,fresh,0.7387065055483539,0.703937141107628,0.7104202599533089,0.7379904277397031,-0.03476936444072598,-0.028286245595045,-0.0007160778086507946,results/benchmark_metrics/model_summary_json/RF__ECFP4__summary.json,results/benchmark_metrics/model_summary_json/RF__RDKit__summary.json,results/benchmark_metrics/model_summary_json/RF__QM__summary.json,results/benchmark_metrics/model_summary_json/RF__RDKit_QM__summary.json
RF,fruity,0.8379648319371655,0.8181773921147769,0.8259367221999631,0.861603794152306,-0.01978743982238862,-0.012028109737202475,0.023638962215140502,results/benchmark_metrics/model_summary_json/RF__ECFP4__summary.json,results/benchmark_metrics/model_summary_json/RF__RDKit__summary.json,results/benchmark_metrics/model_summary_json/RF__QM__summary.json,results/benchmark_metrics/model_summary_json/RF__RDKit_QM__summary.json
RF,garlic,0.9731431547403057,0.9677687351839698,0.9701015316237559,0.9776574505933187,-0.005374419556335885,-0.003041623116549763,0.004514295853012995,results/benchmark_metrics/model_summary_json/RF__ECFP4__summary.json,results/benchmark_metrics/model_summary_json/RF__RDKit__summary.json,results/benchmark_metrics/model_summary_json/RF__QM__summary.json,results/benchmark_metrics/model_summary_json/RF__RDKit_QM__summary.json
RF,gasoline,0.8641255657624309,0.9196802255452419,0.9304332064470255,0.9448924392457227,0.05555465978281093,0.0663076406845946,0.08076687348329181,results/benchmark_metrics/model_summary_json/RF__ECFP4__summary.json,results/benchmark_metrics/model_summary_json/RF__RDKit__summary.json,results/benchmark_metrics/model_summary_json/RF__QM__summary.json,results/benchmark_metrics/model_summary_json/RF__RDKit_QM__summary.json
RF,grape,0.8994843794566372,0.8336089782461629,0.8586023821438816,0.8931071344829323,-0.0658754012104743,-0.04088199731275555,-0.006377244973704843,results/benchmark_metrics/model_summary_json/RF__ECFP4__summary.json,results/benchmark_metrics/model_summary_json/RF__RDKit__summary.json,results/benchmark_metrics/model_summary_json/RF__QM__summary.json,results/benchmark_metrics/model_summary_json/RF__RDKit_QM__summary.json
RF,grapefruit,0.8407086441710451,0.8795733267060228,0.832310878677708,0.8907186592252951,0.03886468253497777,-0.00839776549333704,0.05001001505425007,results/benchmark_metrics/model_summary_json/RF__ECFP4__summary.json,results/benchmark_metrics/model_summary_json/RF__RDKit__summary.json,results/benchmark_metrics/model_summary_json/RF__QM__summary.json,results/benchmark_metrics/model_summary_json/RF__RDKit_QM__summary.json
RF,grassy,0.8854625375645824,0.8761358986086295,0.8681215536298567,0.8912184691069633,-0.00932663895595287,-0.017340983934725718,0.005755931542380965,results/benchmark_metrics/model_summary_json/RF__ECFP4__summary.json,results/benchmark_metrics/model_summary_json/RF__RDKit__summary.json,results/benchmark_metrics/model_summary_json/RF__QM__summary.json,results/benchmark_metrics/model_summary_json/RF__RDKit_QM__summary.json
RF,green,0.7564816633027285,0.7468185593620972,0.7637804530999789,0.7959132495341402,-0.009663103940631301,0.0072987897972504046,0.03943158623141174,results/benchmark_metrics/model_summary_json/RF__ECFP4__summary.json,results/benchmark_metrics/model_summary_json/RF__RDKit__summary.json,results/benchmark_metrics/model_summary_json/RF__QM__summary.json,results/benchmark_metrics/model_summary_json/RF__RDKit_QM__summary.json
RF,hay,0.8243033275640123,0.7913526234935423,0.7996588378592975,0.8594066969668738,-0.03295070407046996,-0.024644489704714778,0.03510336940286152,results/benchmark_metrics/model_summary_json/RF__ECFP4__summary.json,results/benchmark_metrics/model_summary_json/RF__RDKit__summary.json,results/benchmark_metrics/model_summary_json/RF__QM__summary.json,results/benchmark_metrics/model_summary_json/RF__RDKit_QM__summary.json
RF,hazelnut,0.8795631542046316,0.910077748063123,0.9406194372327835,0.9472424798753405,0.030514593858491423,0.061056283028151914,0.06767932567070889,results/benchmark_metrics/model_summary_json/RF__ECFP4__summary.json,results/benchmark_metrics/model_summary_json/RF__RDKit__summary.json,results/benchmark_metrics/model_summary_json/RF__QM__summary.json,results/benchmark_metrics/model_summary_json/RF__RDKit_QM__summary.json
RF,herbal,0.6978986349682961,0.7112691092870028,0.7296773063263836,0.7611898461631718,0.013370474318706749,0.03177867135808754,0.06329121119487569,results/benchmark_metrics/model_summary_json/RF__ECFP4__summary.json,results/benchmark_metrics/model_summary_json/RF__RDKit__summary.json,results/benchmark_metrics/model_summary_json/RF__QM__summary.json,results/benchmark_metrics/model_summary_json/RF__RDKit_QM__summary.json
RF,honey,0.906744901076641,0.8674852116417957,0.879517587959827,0.8987086208405822,-0.03925968943484526,-0.027227313116813923,-0.008036280236058735,results/benchmark_metrics/model_summary_json/RF__ECFP4__summary.json,results/benchmark_metrics/model_summary_json/RF__RDKit__summary.json,results/benchmark_metrics/model_summary_json/RF__QM__summary.json,results/benchmark_metrics/model_summary_json/RF__RDKit_QM__summary.json
RF,horseradish,0.9553223202052397,0.955089984395407,0.9790348516879334,0.9843733180289718,-0.0002323358098326178,0.0237125314826937,0.029050997823732105,results/benchmark_metrics/model_summary_json/RF__ECFP4__summary.json,results/benchmark_metrics/model_summary_json/RF__RDKit__summary.json,results/benchmark_metrics/model_summary_json/RF__QM__summary.json,results/benchmark_metrics/model_summary_json/RF__RDKit_QM__summary.json
RF,jasmine,0.9057986499731709,0.8426372288523156,0.8683677946833338,0.8834307967051421,-0.06316142112085532,-0.03743085528983714,-0.022367853268028814,results/benchmark_metrics/model_summary_json/RF__ECFP4__summary.json,results/benchmark_metrics/model_summary_json/RF__RDKit__summary.json,results/benchmark_metrics/model_summary_json/RF__QM__summary.json,results/benchmark_metrics/model_summary_json/RF__RDKit_QM__summary.json
RF,ketonic,0.9643996895488602,0.9649413264143043,0.9613588097997738,0.9838145500642863,0.0005416368654440618,-0.0030408797490864004,0.01941486051542607,results/benchmark_metrics/model_summary_json/RF__ECFP4__summary.json,results/benchmark_metrics/model_summary_json/RF__RDKit__summary.json,results/benchmark_metrics/model_summary_json/RF__QM__summary.json,results/benchmark_metrics/model_summary_json/RF__RDKit_QM__summary.json
RF,leafy,0.7842598739691816,0.696206631386497,0.7569343438261489,0.7942202830445477,-0.08805324258268465,-0.02732553014303274,0.009960409075366106,results/benchmark_metrics/model_summary_json/RF__ECFP4__summary.json,results/benchmark_metrics/model_summary_json/RF__RDKit__summary.json,results/benchmark_metrics/model_summary_json/RF__QM__summary.json,results/benchmark_metrics/model_summary_json/RF__RDKit_QM__summary.json
RF,leathery,0.8825294051894289,0.913125133987162,0.8487840281940245,0.9094038928242361,0.03059572879773309,-0.033745376995404364,0.026874487634807154,results/benchmark_metrics/model_summary_json/RF__ECFP4__summary.json,results/benchmark_metrics/model_summary_json/RF__RDKit__summary.json,results/benchmark_metrics/model_summary_json/RF__QM__summary.json,results/benchmark_metrics/model_summary_json/RF__RDKit_QM__summary.json
RF,lemon,0.8818507313903252,0.8471777822073839,0.8333794056500972,0.8741593461506783,-0.03467294918294128,-0.048471325740228055,-0.007691385239646964,results/benchmark_metrics/model_summary_json/RF__ECFP4__summary.json,results/benchmark_metrics/model_summary_json/RF__RDKit__summary.json,results/benchmark_metrics/model_summary_json/RF__QM__summary.json,results/benchmark_metrics/model_summary_json/RF__RDKit_QM__summary.json
RF,malty,0.9498550431035166,0.9495466144256225,0.8553407663994402,0.9249388756831547,-0.00030842867789415696,-0.09451427670407642,-0.024916167420361957,results/benchmark_metrics/model_summary_json/RF__ECFP4__summary.json,results/benchmark_metrics/model_summary_json/RF__RDKit__summary.json,results/benchmark_metrics/model_summary_json/RF__QM__summary.json,results/benchmark_metrics/model_summary_json/RF__RDKit_QM__summary.json
RF,meaty,0.9218397224926675,0.9259384003686961,0.909026387468541,0.9386241966096935,0.004098677876028578,-0.012813335024126515,0.016784474117025994,results/benchmark_metrics/model_summary_json/RF__ECFP4__summary.json,results/benchmark_metrics/model_summary_json/RF__RDKit__summary.json,results/benchmark_metrics/model_summary_json/RF__QM__summary.json,results/benchmark_metrics/model_summary_json/RF__RDKit_QM__summary.json
RF,medicinal,0.9529062583824593,0.9332187487609204,0.926172370746797,0.9411872182280459,-0.01968750962153898,-0.026733887635662312,-0.011719040154413496,results/benchmark_metrics/model_summary_json/RF__ECFP4__summary.json,results/benchmark_metrics/model_summary_json/RF__RDKit__summary.json,results/benchmark_metrics/model_summary_json/RF__QM__summary.json,results/benchmark_metrics/model_summary_json/RF__RDKit_QM__summary.json
RF,melon,0.8416243740656892,0.8208216149819926,0.8188402577630878,0.8374866376302664,-0.020802759083696665,-0.022784116302601465,-0.004137736435422812,results/benchmark_metrics/model_summary_json/RF__ECFP4__summary.json,results/benchmark_metrics/model_summary_json/RF__RDKit__summary.json,results/benchmark_metrics/model_summary_json/RF__QM__summary.json,results/benchmark_metrics/model_summary_json/RF__RDKit_QM__summary.json
RF,metallic,0.6858659785754666,0.7527050372547587,0.7984031966702114,0.7892449409910117,0.06683905867929207,0.11253721809474482,0.10337896241554512,results/benchmark_metrics/model_summary_json/RF__ECFP4__summary.json,results/benchmark_metrics/model_summary_json/RF__RDKit__summary.json,results/benchmark_metrics/model_summary_json/RF__QM__summary.json,results/benchmark_metrics/model_summary_json/RF__RDKit_QM__summary.json
RF,milky,0.7443567980264023,0.7154573631733295,0.7379651468421844,0.7484599119600354,-0.02889943485307278,-0.006391651184217917,0.004103113933633051,results/benchmark_metrics/model_summary_json/RF__ECFP4__summary.json,results/benchmark_metrics/model_summary_json/RF__RDKit__summary.json,results/benchmark_metrics/model_summary_json/RF__QM__summary.json,results/benchmark_metrics/model_summary_json/RF__RDKit_QM__summary.json
RF,mint,0.915929240506738,0.899100338336269,0.8841580720007676,0.9028702584185646,-0.01682890217046895,-0.03177116850597039,-0.013058982088173354,results/benchmark_metrics/model_summary_json/RF__ECFP4__summary.json,results/benchmark_metrics/model_summary_json/RF__RDKit__summary.json,results/benchmark_metrics/model_summary_json/RF__QM__summary.json,results/benchmark_metrics/model_summary_json/RF__RDKit_QM__summary.json
RF,mushroom,0.794869982693789,0.7670846614107346,0.7957449817881356,0.8190747162517278,-0.02778532128305433,0.000874999094346629,0.02420473355793884,results/benchmark_metrics/model_summary_json/RF__ECFP4__summary.json,results/benchmark_metrics/model_summary_json/RF__RDKit__summary.json,results/benchmark_metrics/model_summary_json/RF__QM__summary.json,results/benchmark_metrics/model_summary_json/RF__RDKit_QM__summary.json
RF,musk,0.8323418240120344,0.9163660887999452,0.878684004851429,0.9173298853801397,0.08402426478791081,0.046342180839394564,0.08498806136810533,results/benchmark_metrics/model_summary_json/RF__ECFP4__summary.json,results/benchmark_metrics/model_summary_json/RF__RDKit__summary.json,results/benchmark_metrics/model_summary_json/RF__QM__summary.json,results/benchmark_metrics/model_summary_json/RF__RDKit_QM__summary.json
RF,musty,0.7555806595897672,0.7579692187633333,0.7875209846970997,0.7987620523015156,0.0023885591735661738,0.03194032510733258,0.04318139271174848,results/benchmark_metrics/model_summary_json/RF__ECFP4__summary.json,results/benchmark_metrics/model_summary_json/RF__RDKit__summary.json,results/benchmark_metrics/model_summary_json/RF__QM__summary.json,results/benchmark_metrics/model_summary_json/RF__RDKit_QM__summary.json
RF,nutty,0.8246246066371864,0.8374737581943703,0.8566976726862853,0.8632555845139247,0.012849151557183913,0.032073066049098875,0.038630977876738304,results/benchmark_metrics/model_summary_json/RF__ECFP4__summary.json,results/benchmark_metrics/model_summary_json/RF__RDKit__summary.json,results/benchmark_metrics/model_summary_json/RF__QM__summary.json,results/benchmark_metrics/model_summary_json/RF__RDKit_QM__summary.json
RF,oily,0.8469922843053196,0.856933676523649,0.8564570649168408,0.8837197045936739,0.009941392218329459,0.009464780611521229,0.036727420288354296,results/benchmark_metrics/model_summary_json/RF__ECFP4__summary.json,results/benchmark_metrics/model_summary_json/RF__RDKit__summary.json,results/benchmark_metrics/model_summary_json/RF__QM__summary.json,results/benchmark_metrics/model_summary_json/RF__RDKit_QM__summary.json
RF,onion,0.9661462410864281,0.9632136358013959,0.9553283684803395,0.9737161199513749,-0.0029326052850322526,-0.010817872606088574,0.007569878864946755,results/benchmark_metrics/model_summary_json/RF__ECFP4__summary.json,results/benchmark_metrics/model_summary_json/RF__RDKit__summary.json,results/benchmark_metrics/model_summary_json/RF__QM__summary.json,results/benchmark_metrics/model_summary_json/RF__RDKit_QM__summary.json
RF,orange,0.8341089885558668,0.8581667668890629,0.8869921312217212,0.9175193218367601,0.02405777833319611,0.052883142665854366,0.08341033328089331,results/benchmark_metrics/model_summary_json/RF__ECFP4__summary.json,results/benchmark_metrics/model_summary_json/RF__RDKit__summary.json,results/benchmark_metrics/model_summary_json/RF__QM__summary.json,results/benchmark_metrics/model_summary_json/RF__RDKit_QM__summary.json
RF,orris,0.8276404847632788,0.7998201227027739,0.781076659657465,0.8091703728544634,-0.027820362060504866,-0.046563825105813805,-0.018470111908815423,results/benchmark_metrics/model_summary_json/RF__ECFP4__summary.json,results/benchmark_metrics/model_summary_json/RF__RDKit__summary.json,results/benchmark_metrics/model_summary_json/RF__QM__summary.json,results/benchmark_metrics/model_summary_json/RF__RDKit_QM__summary.json
RF,peach,0.8519295260030131,0.8519315249875001,0.8262584299569984,0.8504839968540887,1.9989844870504925e-06,-0.025671096046014696,-0.0014455291489243738,results/benchmark_metrics/model_summary_json/RF__ECFP4__summary.json,results/benchmark_metrics/model_summary_json/RF__RDKit__summary.json,results/benchmark_metrics/model_summary_json/RF__QM__summary.json,results/benchmark_metrics/model_summary_json/RF__RDKit_QM__summary.json
RF,pear,0.9101965587194547,0.8962120778858598,0.9080626242305934,0.9199578886714292,-0.013984480833594937,-0.0021339344888613443,0.00976132995197454,results/benchmark_metrics/model_summary_json/RF__ECFP4__summary.json,results/benchmark_metrics/model_summary_json/RF__RDKit__summary.json,results/benchmark_metrics/model_summary_json/RF__QM__summary.json,results/benchmark_metrics/model_summary_json/RF__RDKit_QM__summary.json
RF,phenolic,0.9634454911774439,0.9597461793371412,0.9702258426015533,0.9677992982134279,-0.0036993118403026992,0.0067803514241093765,0.004353807035983981,results/benchmark_metrics/model_summary_json/RF__ECFP4__summary.json,results/benchmark_metrics/model_summary_json/RF__RDKit__summary.json,results/benchmark_metrics/model_summary_json/RF__QM__summary.json,results/benchmark_metrics/model_summary_json/RF__RDKit_QM__summary.json
RF,pine,0.8916189243176277,0.9188876727065811,0.920815596371555,0.9436450385196646,0.027268748388953434,0.029196672053927286,0.052026114202036955,results/benchmark_metrics/model_summary_json/RF__ECFP4__summary.json,results/benchmark_metrics/model_summary_json/RF__RDKit__summary.json,results/benchmark_metrics/model_summary_json/RF__QM__summary.json,results/benchmark_metrics/model_summary_json/RF__RDKit_QM__summary.json
RF,pineapple,0.900632198101382,0.8966750408795676,0.89285888741448,0.907885607870535,-0.003957157221814334,-0.007773310686901902,0.0072534097691530075,results/benchmark_metrics/model_summary_json/RF__ECFP4__summary.json,results/benchmark_metrics/model_summary_json/RF__RDKit__summary.json,results/benchmark_metrics/model_summary_json/RF__QM__summary.json,results/benchmark_metrics/model_summary_json/RF__RDKit_QM__summary.json
RF,plum,0.8667476770193702,0.8266962106320955,0.7710546781199928,0.8280990902878276,-0.04005146638727464,-0.09569299889937732,-0.03864858673154259,results/benchmark_metrics/model_summary_json/RF__ECFP4__summary.json,results/benchmark_metrics/model_summary_json/RF__RDKit__summary.json,results/benchmark_metrics/model_summary_json/RF__QM__summary.json,results/benchmark_metrics/model_summary_json/RF__RDKit_QM__summary.json
RF,popcorn,0.9752925781952448,0.9726008201428347,0.9754233692172869,0.9856703949849417,-0.002691758052410176,0.00013079102204205384,0.010377816789696848,results/benchmark_metrics/model_summary_json/RF__ECFP4__summary.json,results/benchmark_metrics/model_summary_json/RF__RDKit__summary.json,results/benchmark_metrics/model_summary_json/RF__QM__summary.json,results/benchmark_metrics/model_summary_json/RF__RDKit_QM__summary.json
RF,potato,0.9431909642867344,0.9458434834885562,0.9623974631897877,0.9792821998939318,0.002652519201821746,0.01920649890305326,0.0360912356071974,results/benchmark_metrics/model_summary_json/RF__ECFP4__summary.json,results/benchmark_metrics/model_summary_json/RF__RDKit__summary.json,results/benchmark_metrics/model_summary_json/RF__QM__summary.json,results/benchmark_metrics/model_summary_json/RF__RDKit_QM__summary.json
RF,pungent,0.8237683589888345,0.8619547571201105,0.8554950010947943,0.874702419462969,0.038186398131276,0.03172664210595977,0.05093406047413451,results/benchmark_metrics/model_summary_json/RF__ECFP4__summary.json,results/benchmark_metrics/model_summary_json/RF__RDKit__summary.json,results/benchmark_metrics/model_summary_json/RF__QM__summary.json,results/benchmark_metrics/model_summary_json/RF__RDKit_QM__summary.json
RF,radish,0.8708566476756687,0.8705121029861342,0.9103859250902925,0.8904465843089635,-0.00034454468953448725,0.039529277414623754,0.01958993663329478,results/benchmark_metrics/model_summary_json/RF__ECFP4__summary.json,results/benchmark_metrics/model_summary_json/RF__RDKit__summary.json,results/benchmark_metrics/model_summary_json/RF__QM__summary.json,results/benchmark_metrics/model_summary_json/RF__RDKit_QM__summary.json
RF,ripe,0.8489412051787444,0.816192607642299,0.8491011379955321,0.8609990088644661,-0.032748597536445434,0.0001599328167877223,0.012057803685721735,results/benchmark_metrics/model_summary_json/RF__ECFP4__summary.json,results/benchmark_metrics/model_summary_json/RF__RDKit__summary.json,results/benchmark_metrics/model_summary_json/RF__QM__summary.json,results/benchmark_metrics/model_summary_json/RF__RDKit_QM__summary.json
RF,roasted,0.8973037570844344,0.9034945177823701,0.9153011721397881,0.9256093474310954,0.006190760697935671,0.017997415055353683,0.028305590346660914,results/benchmark_metrics/model_summary_json/RF__ECFP4__summary.json,results/benchmark_metrics/model_summary_json/RF__RDKit__summary.json,results/benchmark_metrics/model_summary_json/RF__QM__summary.json,results/benchmark_metrics/model_summary_json/RF__RDKit_QM__summary.json
RF,rose,0.8584457361927175,0.8335499333346522,0.8634941247634421,0.8898712397933142,-0.024895802858065252,0.005048388570724649,0.031425503600596705,results/benchmark_metrics/model_summary_json/RF__ECFP4__summary.json,results/benchmark_metrics/model_summary_json/RF__RDKit__summary.json,results/benchmark_metrics/model_summary_json/RF__QM__summary.json,results/benchmark_metrics/model_summary_json/RF__RDKit_QM__summary.json
RF,rum,0.8281990869053969,0.859767248679342,0.8488373729504547,0.8638317940234884,0.03156816177394506,0.020638286045057797,0.03563270711809152,results/benchmark_metrics/model_summary_json/RF__ECFP4__summary.json,results/benchmark_metrics/model_summary_json/RF__RDKit__summary.json,results/benchmark_metrics/model_summary_json/RF__QM__summary.json,results/benchmark_metrics/model_summary_json/RF__RDKit_QM__summary.json
RF,savory,0.9381496727937145,0.9274655554411625,0.9297651896370146,0.9442127820178617,-0.010684117352552036,-0.008384483156699929,0.006063109224147212,results/benchmark_metrics/model_summary_json/RF__ECFP4__summary.json,results/benchmark_metrics/model_summary_json/RF__RDKit__summary.json,results/benchmark_metrics/model_summary_json/RF__QM__summary.json,results/benchmark_metrics/model_summary_json/RF__RDKit_QM__summary.json
RF,sharp,0.707635462660846,0.8403244056048033,0.8049799378366729,0.8650490694021109,0.13268894294395728,0.0973444751758269,0.15741360674126492,results/benchmark_metrics/model_summary_json/RF__ECFP4__summary.json,results/benchmark_metrics/model_summary_json/RF__RDKit__summary.json,results/benchmark_metrics/model_summary_json/RF__QM__summary.json,results/benchmark_metrics/model_summary_json/RF__RDKit_QM__summary.json
RF,smoky,0.9546819127756916,0.9559188562451857,0.9642402144684441,0.9699915505681609,0.0012369434694941006,0.009558301692752513,0.0153096377924693,results/benchmark_metrics/model_summary_json/RF__ECFP4__summary.json,results/benchmark_metrics/model_summary_json/RF__RDKit__summary.json,results/benchmark_metrics/model_summary_json/RF__QM__summary.json,results/benchmark_metrics/model_summary_json/RF__RDKit_QM__summary.json
RF,solvent,0.8824976133066433,0.9321884403878069,0.9585787155891434,0.9582576681947985,0.04969082708116357,0.07608110228250009,0.07576005488815518,results/benchmark_metrics/model_summary_json/RF__ECFP4__summary.json,results/benchmark_metrics/model_summary_json/RF__RDKit__summary.json,results/benchmark_metrics/model_summary_json/RF__QM__summary.json,results/benchmark_metrics/model_summary_json/RF__RDKit_QM__summary.json
RF,sour,0.8354382551950934,0.8459094255867402,0.8417954704046519,0.8428272272501255,0.0104711703916468,0.006357215209558453,0.007388972055032084,results/benchmark_metrics/model_summary_json/RF__ECFP4__summary.json,results/benchmark_metrics/model_summary_json/RF__RDKit__summary.json,results/benchmark_metrics/model_summary_json/RF__QM__summary.json,results/benchmark_metrics/model_summary_json/RF__RDKit_QM__summary.json
RF,spicy,0.842575602418413,0.8113405733826266,0.8355303038945563,0.8494843756943787,-0.031235029035786455,-0.007045298523856713,0.006908773275965729,results/benchmark_metrics/model_summary_json/RF__ECFP4__summary.json,results/benchmark_metrics/model_summary_json/RF__RDKit__summary.json,results/benchmark_metrics/model_summary_json/RF__QM__summary.json,results/benchmark_metrics/model_summary_json/RF__RDKit_QM__summary.json
RF,strawberry,0.8083244362542812,0.7959678571515989,0.8218179873266495,0.8481472842501466,-0.012356579102682286,0.01349355107236827,0.03982284799586544,results/benchmark_metrics/model_summary_json/RF__ECFP4__summary.json,results/benchmark_metrics/model_summary_json/RF__RDKit__summary.json,results/benchmark_metrics/model_summary_json/RF__QM__summary.json,results/benchmark_metrics/model_summary_json/RF__RDKit_QM__summary.json
RF,sulfurous,0.9532136754671192,0.9431832832046505,0.9368857430143903,0.9622435668983987,-0.010030392262468713,-0.0163279324527289,0.009029891431279524,results/benchmark_metrics/model_summary_json/RF__ECFP4__summary.json,results/benchmark_metrics/model_summary_json/RF__RDKit__summary.json,results/benchmark_metrics/model_summary_json/RF__QM__summary.json,results/benchmark_metrics/model_summary_json/RF__RDKit_QM__summary.json
RF,sweet,0.7291956463505325,0.7212648721916846,0.7160566719227814,0.7435939756916836,-0.007930774158847909,-0.013138974427751027,0.01439832934115115,results/benchmark_metrics/model_summary_json/RF__ECFP4__summary.json,results/benchmark_metrics/model_summary_json/RF__RDKit__summary.json,results/benchmark_metrics/model_summary_json/RF__QM__summary.json,results/benchmark_metrics/model_summary_json/RF__RDKit_QM__summary.json
RF,tea,0.669646813711372,0.7522862387460967,0.7496160394978525,0.760994101989254,0.08263942503472466,0.07996922578648047,0.09134728827788197,results/benchmark_metrics/model_summary_json/RF__ECFP4__summary.json,results/benchmark_metrics/model_summary_json/RF__RDKit__summary.json,results/benchmark_metrics/model_summary_json/RF__QM__summary.json,results/benchmark_metrics/model_summary_json/RF__RDKit_QM__summary.json
RF,tobacco,0.8832818184995526,0.8521575733868147,0.8805552268252285,0.9005241322887001,-0.031124245112737814,-0.002726591674324097,0.017242313789147534,results/benchmark_metrics/model_summary_json/RF__ECFP4__summary.json,results/benchmark_metrics/model_summary_json/RF__RDKit__summary.json,results/benchmark_metrics/model_summary_json/RF__QM__summary.json,results/benchmark_metrics/model_summary_json/RF__RDKit_QM__summary.json
RF,tomato,0.8921240380610472,0.9193722171410121,0.9175319318729953,0.93859450749376,0.027248179079964907,0.02540789381194808,0.046470469432712824,results/benchmark_metrics/model_summary_json/RF__ECFP4__summary.json,results/benchmark_metrics/model_summary_json/RF__RDKit__summary.json,results/benchmark_metrics/model_summary_json/RF__QM__summary.json,results/benchmark_metrics/model_summary_json/RF__RDKit_QM__summary.json
RF,tropical,0.8132820256653478,0.8425769673576111,0.8467651567823655,0.8759240362901745,0.02929494169226332,0.03348313111701773,0.06264201062482666,results/benchmark_metrics/model_summary_json/RF__ECFP4__summary.json,results/benchmark_metrics/model_summary_json/RF__RDKit__summary.json,results/benchmark_metrics/model_summary_json/RF__QM__summary.json,results/benchmark_metrics/model_summary_json/RF__RDKit_QM__summary.json
RF,vanilla,0.944528803203486,0.9432412868528866,0.9589815312780094,0.9554491132083696,-0.001287516350599427,0.014452728074523469,0.010920310004883582,results/benchmark_metrics/model_summary_json/RF__ECFP4__summary.json,results/benchmark_metrics/model_summary_json/RF__RDKit__summary.json,results/benchmark_metrics/model_summary_json/RF__QM__summary.json,results/benchmark_metrics/model_summary_json/RF__RDKit_QM__summary.json
RF,vegetable,0.847306024058365,0.8448297592274541,0.8464165319033092,0.8721766231103538,-0.0024762648309109014,-0.0008894921550557378,0.02487059905198885,results/benchmark_metrics/model_summary_json/RF__ECFP4__summary.json,results/benchmark_metrics/model_summary_json/RF__RDKit__summary.json,results/benchmark_metrics/model_summary_json/RF__QM__summary.json,results/benchmark_metrics/model_summary_json/RF__RDKit_QM__summary.json
RF,violet,0.8597678334615978,0.8673309730707558,0.9301217933188056,0.9406783964660089,0.007563139609157998,0.07035395985720783,0.08091056300441113,results/benchmark_metrics/model_summary_json/RF__ECFP4__summary.json,results/benchmark_metrics/model_summary_json/RF__RDKit__summary.json,results/benchmark_metrics/model_summary_json/RF__QM__summary.json,results/benchmark_metrics/model_summary_json/RF__RDKit_QM__summary.json
RF,warm,0.7320399981972432,0.7476608051582005,0.7350644535237179,0.749708652129748,0.015620806960957356,0.003024455326474662,0.01766865393250483,results/benchmark_metrics/model_summary_json/RF__ECFP4__summary.json,results/benchmark_metrics/model_summary_json/RF__RDKit__summary.json,results/benchmark_metrics/model_summary_json/RF__QM__summary.json,results/benchmark_metrics/model_summary_json/RF__RDKit_QM__summary.json
RF,waxy,0.8855310561082537,0.8984340004156772,0.8872106581604431,0.9102499673074483,0.012902944307423558,0.0016796020521894217,0.02471891119919467,results/benchmark_metrics/model_summary_json/RF__ECFP4__summary.json,results/benchmark_metrics/model_summary_json/RF__RDKit__summary.json,results/benchmark_metrics/model_summary_json/RF__QM__summary.json,results/benchmark_metrics/model_summary_json/RF__RDKit_QM__summary.json
RF,winey,0.852817894576021,0.8412871696927858,0.8444730480450351,0.8830170888641058,-0.011530724883235144,-0.008344846530985883,0.03019919428808482,results/benchmark_metrics/model_summary_json/RF__ECFP4__summary.json,results/benchmark_metrics/model_summary_json/RF__RDKit__summary.json,results/benchmark_metrics/model_summary_json/RF__QM__summary.json,results/benchmark_metrics/model_summary_json/RF__RDKit_QM__summary.json
RF,woody,0.8295379314189708,0.8607475490033547,0.8288956314844922,0.8683004340129827,0.031209617584383897,-0.0006422999344786184,0.03876250259401193,results/benchmark_metrics/model_summary_json/RF__ECFP4__summary.json,results/benchmark_metrics/model_summary_json/RF__RDKit__summary.json,results/benchmark_metrics/model_summary_json/RF__QM__summary.json,results/benchmark_metrics/model_summary_json/RF__RDKit_QM__summary.json
SVM,alcoholic,0.9766335304031936,0.9646254157776101,0.9642534092135019,0.966424549154665,-0.012008114625583488,-0.012380121189691673,-0.010208981248528537,results/benchmark_metrics/model_summary_json/SVM__ECFP4__summary.json,results/benchmark_metrics/model_summary_json/SVM__RDKit__summary.json,results/benchmark_metrics/model_summary_json/SVM__QM__summary.json,results/benchmark_metrics/model_summary_json/SVM__RDKit_QM__summary.json
SVM,aldehydic,0.8348043602876014,0.7563349765088974,0.7675351715776111,0.8187631327357975,-0.07846938377870405,-0.06726918870999032,-0.016041227551803927,results/benchmark_metrics/model_summary_json/SVM__ECFP4__summary.json,results/benchmark_metrics/model_summary_json/SVM__RDKit__summary.json,results/benchmark_metrics/model_summary_json/SVM__QM__summary.json,results/benchmark_metrics/model_summary_json/SVM__RDKit_QM__summary.json
SVM,alliaceous,0.9433420582832159,0.9273372230793966,0.9107770705298088,0.9263725893335966,-0.016004835203819345,-0.032564987753407104,-0.01696946894961937,results/benchmark_metrics/model_summary_json/SVM__ECFP4__summary.json,results/benchmark_metrics/model_summary_json/SVM__RDKit__summary.json,results/benchmark_metrics/model_summary_json/SVM__QM__summary.json,results/benchmark_metrics/model_summary_json/SVM__RDKit_QM__summary.json
SVM,almond,0.8982913145803038,0.8623562534933369,0.9034838572465068,0.9207584508112422,-0.03593506108696687,0.005192542666203059,0.022467136230938434,results/benchmark_metrics/model_summary_json/SVM__ECFP4__summary.json,results/benchmark_metrics/model_summary_json/SVM__RDKit__summary.json,results/benchmark_metrics/model_summary_json/SVM__QM__summary.json,results/benchmark_metrics/model_summary_json/SVM__RDKit_QM__summary.json
SVM,animal,0.8819193429926522,0.8003159273993831,0.7428862430904881,0.8168051957963793,-0.08160341559326911,-0.13903309990216406,-0.06511414719627284,results/benchmark_metrics/model_summary_json/SVM__ECFP4__summary.json,results/benchmark_metrics/model_summary_json/SVM__RDKit__summary.json,results/benchmark_metrics/model_summary_json/SVM__QM__summary.json,results/benchmark_metrics/model_summary_json/SVM__RDKit_QM__summary.json
SVM,anisic,0.9071442713292477,0.9057284335516218,0.8882279453672277,0.9138467957831067,-0.0014158377776258835,-0.018916325962019975,0.006702524453858993,results/benchmark_metrics/model_summary_json/SVM__ECFP4__summary.json,results/benchmark_metrics/model_summary_json/SVM__RDKit__summary.json,results/benchmark_metrics/model_summary_json/SVM__QM__summary.json,results/benchmark_metrics/model_summary_json/SVM__RDKit_QM__summary.json
SVM,apple,0.8957943918488835,0.8582579147779535,0.8619356459968509,0.8916933748835753,-0.03753647707093,-0.033858745852032635,-0.004101016965308291,results/benchmark_metrics/model_summary_json/SVM__ECFP4__summary.json,results/benchmark_metrics/model_summary_json/SVM__RDKit__summary.json,results/benchmark_metrics/model_summary_json/SVM__QM__summary.json,results/benchmark_metrics/model_summary_json/SVM__RDKit_QM__summary.json
SVM,apricot,0.8554181505053817,0.7476039525007631,0.756304224796287,0.8132951611495184,-0.10781419800461867,-0.09911392570909472,-0.04212298935586334,results/benchmark_metrics/model_summary_json/SVM__ECFP4__summary.json,results/benchmark_metrics/model_summary_json/SVM__RDKit__summary.json,results/benchmark_metrics/model_summary_json/SVM__QM__summary.json,results/benchmark_metrics/model_summary_json/SVM__RDKit_QM__summary.json
SVM,aromatic,0.8128209065807559,0.8228217935434848,0.8196650156343652,0.8087022077366551,0.010000886962728939,0.006844109053609326,-0.0041186988441007655,results/benchmark_metrics/model_summary_json/SVM__ECFP4__summary.json,results/benchmark_metrics/model_summary_json/SVM__RDKit__summary.json,results/benchmark_metrics/model_summary_json/SVM__QM__summary.json,results/benchmark_metrics/model_summary_json/SVM__RDKit_QM__summary.json
SVM,balsamic,0.9187086911822704,0.9111115680443616,0.9104969137922652,0.9160227051698854,-0.007597123137908834,-0.008211777390005226,-0.002685986012385011,results/benchmark_metrics/model_summary_json/SVM__ECFP4__summary.json,results/benchmark_metrics/model_summary_json/SVM__RDKit__summary.json,results/benchmark_metrics/model_summary_json/SVM__QM__summary.json,results/benchmark_metrics/model_summary_json/SVM__RDKit_QM__summary.json
SVM,banana,0.8988830677145498,0.8912406126810355,0.9079413653145266,0.933086826165584,-0.00764245503351435,0.009058297599976783,0.03420375845103418,results/benchmark_metrics/model_summary_json/SVM__ECFP4__summary.json,results/benchmark_metrics/model_summary_json/SVM__RDKit__summary.json,results/benchmark_metrics/model_summary_json/SVM__QM__summary.json,results/benchmark_metrics/model_summary_json/SVM__RDKit_QM__summary.json
SVM,beefy,0.8866327716643949,0.8727511700696496,0.8185284586447757,0.8687784828963908,-0.013881601594745274,-0.06810431301961917,-0.0178542887680041,results/benchmark_metrics/model_summary_json/SVM__ECFP4__summary.json,results/benchmark_metrics/model_summary_json/SVM__RDKit__summary.json,results/benchmark_metrics/model_summary_json/SVM__QM__summary.json,results/benchmark_metrics/model_summary_json/SVM__RDKit_QM__summary.json
SVM,berry,0.7554793909139081,0.66295882023343,0.6573162728085871,0.729999878230813,-0.09252057068047814,-0.09816311810532108,-0.025479512683095118,results/benchmark_metrics/model_summary_json/SVM__ECFP4__summary.json,results/benchmark_metrics/model_summary_json/SVM__RDKit__summary.json,results/benchmark_metrics/model_summary_json/SVM__QM__summary.json,results/benchmark_metrics/model_summary_json/SVM__RDKit_QM__summary.json
SVM,black currant,0.9384341210140725,0.8465943733373775,0.8853948814853985,0.9369393469196906,-0.091839747676695,-0.053039239528674065,-0.0014947740943819232,results/benchmark_metrics/model_summary_json/SVM__ECFP4__summary.json,results/benchmark_metrics/model_summary_json/SVM__RDKit__summary.json,results/benchmark_metrics/model_summary_json/SVM__QM__summary.json,results/benchmark_metrics/model_summary_json/SVM__RDKit_QM__summary.json
SVM,brandy,0.8983842791449307,0.8602302837477055,0.8246248870309622,0.8813702980705147,-0.03815399539722519,-0.07375939211396854,-0.017013981074415985,results/benchmark_metrics/model_summary_json/SVM__ECFP4__summary.json,results/benchmark_metrics/model_summary_json/SVM__RDKit__summary.json,results/benchmark_metrics/model_summary_json/SVM__QM__summary.json,results/benchmark_metrics/model_summary_json/SVM__RDKit_QM__summary.json
SVM,bread,0.8465981912147177,0.8876062436409248,0.875279985356934,0.8879663523356864,0.04100805242620709,0.028681794142216277,0.04136816112096875,results/benchmark_metrics/model_summary_json/SVM__ECFP4__summary.json,results/benchmark_metrics/model_summary_json/SVM__RDKit__summary.json,results/benchmark_metrics/model_summary_json/SVM__QM__summary.json,results/benchmark_metrics/model_summary_json/SVM__RDKit_QM__summary.json
SVM,brothy,0.900322428935984,0.885157329841177,0.8727176383807498,0.8813864165362159,-0.01516509909480701,-0.027604790555234238,-0.018936012399768165,results/benchmark_metrics/model_summary_json/SVM__ECFP4__summary.json,results/benchmark_metrics/model_summary_json/SVM__RDKit__summary.json,results/benchmark_metrics/model_summary_json/SVM__QM__summary.json,results/benchmark_metrics/model_summary_json/SVM__RDKit_QM__summary.json
SVM,burnt,0.8651852113677349,0.8306731761449763,0.8309533955016747,0.8533231196008304,-0.034512035222758586,-0.03423181586606017,-0.011862091766904448,results/benchmark_metrics/model_summary_json/SVM__ECFP4__summary.json,results/benchmark_metrics/model_summary_json/SVM__RDKit__summary.json,results/benchmark_metrics/model_summary_json/SVM__QM__summary.json,results/benchmark_metrics/model_summary_json/SVM__RDKit_QM__summary.json
SVM,buttery,0.8694875184999079,0.841053673450571,0.8043988752292034,0.8324303444136272,-0.02843384504933688,-0.06508864327070452,-0.03705717408628073,results/benchmark_metrics/model_summary_json/SVM__ECFP4__summary.json,results/benchmark_metrics/model_summary_json/SVM__RDKit__summary.json,results/benchmark_metrics/model_summary_json/SVM__QM__summary.json,results/benchmark_metrics/model_summary_json/SVM__RDKit_QM__summary.json
SVM,cabbage,0.9383242134224936,0.9080860799486068,0.8605245142028629,0.9008643807519746,-0.03023813347388682,-0.0777996992196307,-0.037459832670519,results/benchmark_metrics/model_summary_json/SVM__ECFP4__summary.json,results/benchmark_metrics/model_summary_json/SVM__RDKit__summary.json,results/benchmark_metrics/model_summary_json/SVM__QM__summary.json,results/benchmark_metrics/model_summary_json/SVM__RDKit_QM__summary.json
SVM,camphoreous,0.9355830383851649,0.9264096640374918,0.8809134989945673,0.9210449212425529,-0.009173374347673069,-0.0546695393905976,-0.014538117142611995,results/benchmark_metrics/model_summary_json/SVM__ECFP4__summary.json,results/benchmark_metrics/model_summary_json/SVM__RDKit__summary.json,results/benchmark_metrics/model_summary_json/SVM__QM__summary.json,results/benchmark_metrics/model_summary_json/SVM__RDKit_QM__summary.json
SVM,caramellic,0.8981669158504639,0.8713983481320229,0.869385390807715,0.8944572476719831,-0.02676856771844105,-0.02878152504274889,-0.0037096681784808405,results/benchmark_metrics/model_summary_json/SVM__ECFP4__summary.json,results/benchmark_metrics/model_summary_json/SVM__RDKit__summary.json,results/benchmark_metrics/model_summary_json/SVM__QM__summary.json,results/benchmark_metrics/model_summary_json/SVM__RDKit_QM__summary.json
SVM,catty,0.9638421044050343,0.9226623306804094,0.9083960577820239,0.9483569975426963,-0.04117977372462489,-0.05544604662301034,-0.01548510686233795,results/benchmark_metrics/model_summary_json/SVM__ECFP4__summary.json,results/benchmark_metrics/model_summary_json/SVM__RDKit__summary.json,results/benchmark_metrics/model_summary_json/SVM__QM__summary.json,results/benchmark_metrics/model_summary_json/SVM__RDKit_QM__summary.json
SVM,chamomile,0.9437035537883209,0.8921943795752469,0.933128032242097,0.9490327012134998,-0.051509174213073994,-0.010575521546223987,0.005329147425178871,results/benchmark_metrics/model_summary_json/SVM__ECFP4__summary.json,results/benchmark_metrics/model_summary_json/SVM__RDKit__summary.json,results/benchmark_metrics/model_summary_json/SVM__QM__summary.json,results/benchmark_metrics/model_summary_json/SVM__RDKit_QM__summary.json
SVM,cheesy,0.9231230565318504,0.8693011107891673,0.8618153304706639,0.9016992468166102,-0.053821945742683175,-0.06130772606118651,-0.021423809715240272,results/benchmark_metrics/model_summary_json/SVM__ECFP4__summary.json,results/benchmark_metrics/model_summary_json/SVM__RDKit__summary.json,results/benchmark_metrics/model_summary_json/SVM__QM__summary.json,results/benchmark_metrics/model_summary_json/SVM__RDKit_QM__summary.json
SVM,cherry,0.8956626116744063,0.8324946287243217,0.8867062110627254,0.8769366082351,-0.06316798295008463,-0.008956400611680904,-0.018726003439306305,results/benchmark_metrics/model_summary_json/SVM__ECFP4__summary.json,results/benchmark_metrics/model_summary_json/SVM__RDKit__summary.json,results/benchmark_metrics/model_summary_json/SVM__QM__summary.json,results/benchmark_metrics/model_summary_json/SVM__RDKit_QM__summary.json
SVM,chicken,0.9077038084114568,0.774078309754205,0.7481121229621539,0.8633017758045712,-0.13362549865725182,-0.1595916854493029,-0.04440203260688558,results/benchmark_metrics/model_summary_json/SVM__ECFP4__summary.json,results/benchmark_metrics/model_summary_json/SVM__RDKit__summary.json,results/benchmark_metrics/model_summary_json/SVM__QM__summary.json,results/benchmark_metrics/model_summary_json/SVM__RDKit_QM__summary.json
SVM,chocolate,0.829696499976223,0.8051793228596125,0.8362192217722448,0.8576009975650265,-0.0245171771166105,0.006522721796021869,0.027904497588803534,results/benchmark_metrics/model_summary_json/SVM__ECFP4__summary.json,results/benchmark_metrics/model_summary_json/SVM__RDKit__summary.json,results/benchmark_metrics/model_summary_json/SVM__QM__summary.json,results/benchmark_metrics/model_summary_json/SVM__RDKit_QM__summary.json
SVM,cinnamon,0.895713653187691,0.8723432882261533,0.9148862099326902,0.916933157574903,-0.02337036496153777,0.01917255674499918,0.021219504387211985,results/benchmark_metrics/model_summary_json/SVM__ECFP4__summary.json,results/benchmark_metrics/model_summary_json/SVM__RDKit__summary.json,results/benchmark_metrics/model_summary_json/SVM__QM__summary.json,results/benchmark_metrics/model_summary_json/SVM__RDKit_QM__summary.json
SVM,citrus,0.8713581252889245,0.8206737783002097,0.846529010769187,0.8577729795097756,-0.05068434698871482,-0.024829114519737572,-0.013585145779148933,results/benchmark_metrics/model_summary_json/SVM__ECFP4__summary.json,results/benchmark_metrics/model_summary_json/SVM__RDKit__summary.json,results/benchmark_metrics/model_summary_json/SVM__QM__summary.json,results/benchmark_metrics/model_summary_json/SVM__RDKit_QM__summary.json
SVM,cocoa,0.8883069022945035,0.7271956829401885,0.8387179190966956,0.8578359681607403,-0.16111121935431494,-0.04958898319780791,-0.030470934133763228,results/benchmark_metrics/model_summary_json/SVM__ECFP4__summary.json,results/benchmark_metrics/model_summary_json/SVM__RDKit__summary.json,results/benchmark_metrics/model_summary_json/SVM__QM__summary.json,results/benchmark_metrics/model_summary_json/SVM__RDKit_QM__summary.json
SVM,coconut,0.9212459285862822,0.8162544245584084,0.8555023355564166,0.8725943998943212,-0.10499150402787383,-0.06574359302986554,-0.04865152869196099,results/benchmark_metrics/model_summary_json/SVM__ECFP4__summary.json,results/benchmark_metrics/model_summary_json/SVM__RDKit__summary.json,results/benchmark_metrics/model_summary_json/SVM__QM__summary.json,results/benchmark_metrics/model_summary_json/SVM__RDKit_QM__summary.json
SVM,coffee,0.9333654444290463,0.9375425321541148,0.885716015177462,0.9160361198854845,0.004177087725068418,-0.04764942925158433,-0.01732932454356184,results/benchmark_metrics/model_summary_json/SVM__ECFP4__summary.json,results/benchmark_metrics/model_summary_json/SVM__RDKit__summary.json,results/benchmark_metrics/model_summary_json/SVM__QM__summary.json,results/benchmark_metrics/model_summary_json/SVM__RDKit_QM__summary.json
SVM,cognac,0.9356780452291726,0.9302082253935564,0.9510150166765111,0.9457224239741535,-0.00546981983561623,0.015336971447338477,0.010044378744980875,results/benchmark_metrics/model_summary_json/SVM__ECFP4__summary.json,results/benchmark_metrics/model_summary_json/SVM__RDKit__summary.json,results/benchmark_metrics/model_summary_json/SVM__QM__summary.json,results/benchmark_metrics/model_summary_json/SVM__RDKit_QM__summary.json
SVM,coumarinic,0.9461409121944927,0.8910721685591302,0.9511085023436662,0.9551189319249547,-0.055068743635362516,0.004967590149173473,0.008978019730461972,results/benchmark_metrics/model_summary_json/SVM__ECFP4__summary.json,results/benchmark_metrics/model_summary_json/SVM__RDKit__summary.json,results/benchmark_metrics/model_summary_json/SVM__QM__summary.json,results/benchmark_metrics/model_summary_json/SVM__RDKit_QM__summary.json
SVM,creamy,0.7631337495727771,0.6597571248806411,0.7092487130702357,0.7220140077325861,-0.10337662469213604,-0.053885036502541395,-0.04111974184019107,results/benchmark_metrics/model_summary_json/SVM__ECFP4__summary.json,results/benchmark_metrics/model_summary_json/SVM__RDKit__summary.json,results/benchmark_metrics/model_summary_json/SVM__QM__summary.json,results/benchmark_metrics/model_summary_json/SVM__RDKit_QM__summary.json
SVM,cucumber,0.9468572078387585,0.9661088269520679,0.8994445495194802,0.9476876946717707,0.019251619113309415,-0.04741265831927832,0.0008304868330122339,results/benchmark_metrics/model_summary_json/SVM__ECFP4__summary.json,results/benchmark_metrics/model_summary_json/SVM__RDKit__summary.json,results/benchmark_metrics/model_summary_json/SVM__QM__summary.json,results/benchmark_metrics/model_summary_json/SVM__RDKit_QM__summary.json
SVM,dairy,0.8406109388758066,0.8065179539373153,0.7851886882792827,0.7986873394298926,-0.03409298493849133,-0.05542225059652395,-0.04192359944591406,results/benchmark_metrics/model_summary_json/SVM__ECFP4__summary.json,results/benchmark_metrics/model_summary_json/SVM__RDKit__summary.json,results/benchmark_metrics/model_summary_json/SVM__QM__summary.json,results/benchmark_metrics/model_summary_json/SVM__RDKit_QM__summary.json
SVM,dry,0.754420956613104,0.8469222039028587,0.7743553546033477,0.8318584908086439,0.09250124728975462,0.019934397990243657,0.07743753419553989,results/benchmark_metrics/model_summary_json/SVM__ECFP4__summary.json,results/benchmark_metrics/model_summary_json/SVM__RDKit__summary.json,results/benchmark_metrics/model_summary_json/SVM__QM__summary.json,results/benchmark_metrics/model_summary_json/SVM__RDKit_QM__summary.json
SVM,earthy,0.7454969616289973,0.7097993727384768,0.6788528421463553,0.7279459392469267,-0.03569758889052044,-0.06664411948264193,-0.017551022382070514,results/benchmark_metrics/model_summary_json/SVM__ECFP4__summary.json,results/benchmark_metrics/model_summary_json/SVM__RDKit__summary.json,results/benchmark_metrics/model_summary_json/SVM__QM__summary.json,results/benchmark_metrics/model_summary_json/SVM__RDKit_QM__summary.json
SVM,ethereal,0.9337286030474665,0.9337105142117095,0.9383682117318761,0.9420543432358851,-1.808883575704634e-05,0.004639608684409602,0.008325740188418584,results/benchmark_metrics/model_summary_json/SVM__ECFP4__summary.json,results/benchmark_metrics/model_summary_json/SVM__RDKit__summary.json,results/benchmark_metrics/model_summary_json/SVM__QM__summary.json,results/benchmark_metrics/model_summary_json/SVM__RDKit_QM__summary.json
SVM,fatty,0.8922641474676174,0.8938030049345633,0.8835853015004487,0.9048261368573101,0.001538857466945931,-0.008678845967168725,0.012561989389692663,results/benchmark_metrics/model_summary_json/SVM__ECFP4__summary.json,results/benchmark_metrics/model_summary_json/SVM__RDKit__summary.json,results/benchmark_metrics/model_summary_json/SVM__QM__summary.json,results/benchmark_metrics/model_summary_json/SVM__RDKit_QM__summary.json
SVM,fermented,0.9039217044666035,0.8587260802013563,0.8787084279280997,0.8676512478415079,-0.04519562426524715,-0.025213276538503804,-0.03627045662509554,results/benchmark_metrics/model_summary_json/SVM__ECFP4__summary.json,results/benchmark_metrics/model_summary_json/SVM__RDKit__summary.json,results/benchmark_metrics/model_summary_json/SVM__QM__summary.json,results/benchmark_metrics/model_summary_json/SVM__RDKit_QM__summary.json
SVM,fishy,0.9459259502538936,0.8356852684399874,0.8013121586143335,0.9110189336546306,-0.11024068181390623,-0.14461379163956012,-0.034907016599262986,results/benchmark_metrics/model_summary_json/SVM__ECFP4__summary.json,results/benchmark_metrics/model_summary_json/SVM__RDKit__summary.json,results/benchmark_metrics/model_summary_json/SVM__QM__summary.json,results/benchmark_metrics/model_summary_json/SVM__RDKit_QM__summary.json
SVM,floral,0.8490561411710316,0.8188088111558717,0.7993906904333642,0.8288540028751251,-0.03024733001515989,-0.04966545073766737,-0.020202138295906447,results/benchmark_metrics/model_summary_json/SVM__ECFP4__summary.json,results/benchmark_metrics/model_summary_json/SVM__RDKit__summary.json,results/benchmark_metrics/model_summary_json/SVM__QM__summary.json,results/benchmark_metrics/model_summary_json/SVM__RDKit_QM__summary.json
SVM,fresh,0.7462530032814845,0.7057821699069882,0.6812993539984846,0.7341174949913959,-0.04047083337449631,-0.06495364928299985,-0.012135508290088581,results/benchmark_metrics/model_summary_json/SVM__ECFP4__summary.json,results/benchmark_metrics/model_summary_json/SVM__RDKit__summary.json,results/benchmark_metrics/model_summary_json/SVM__QM__summary.json,results/benchmark_metrics/model_summary_json/SVM__RDKit_QM__summary.json
SVM,fruity,0.8507934918320961,0.8043980810628067,0.7990812348956882,0.8386871504705444,-0.046395410769289325,-0.05171225693640791,-0.012106341361551642,results/benchmark_metrics/model_summary_json/SVM__ECFP4__summary.json,results/benchmark_metrics/model_summary_json/SVM__RDKit__summary.json,results/benchmark_metrics/model_summary_json/SVM__QM__summary.json,results/benchmark_metrics/model_summary_json/SVM__RDKit_QM__summary.json
SVM,garlic,0.9761507290812677,0.9553186378946916,0.9596792905055718,0.9750759521668357,-0.02083209118657603,-0.016471438575695885,-0.0010747769144319186,results/benchmark_metrics/model_summary_json/SVM__ECFP4__summary.json,results/benchmark_metrics/model_summary_json/SVM__RDKit__summary.json,results/benchmark_metrics/model_summary_json/SVM__QM__summary.json,results/benchmark_metrics/model_summary_json/SVM__RDKit_QM__summary.json
SVM,gasoline,0.9185018872507739,0.9511409129647348,0.9328527371797536,0.9491819586893593,0.032639025713960934,0.014350849928979725,0.03068007143858542,results/benchmark_metrics/model_summary_json/SVM__ECFP4__summary.json,results/benchmark_metrics/model_summary_json/SVM__RDKit__summary.json,results/benchmark_metrics/model_summary_json/SVM__QM__summary.json,results/benchmark_metrics/model_summary_json/SVM__RDKit_QM__summary.json
SVM,grape,0.9126070217017324,0.8317826699036033,0.7972562116325695,0.8770682230803233,-0.08082435179812908,-0.11535081006916281,-0.03553879862140907,results/benchmark_metrics/model_summary_json/SVM__ECFP4__summary.json,results/benchmark_metrics/model_summary_json/SVM__RDKit__summary.json,results/benchmark_metrics/model_summary_json/SVM__QM__summary.json,results/benchmark_metrics/model_summary_json/SVM__RDKit_QM__summary.json
SVM,grapefruit,0.848927938243407,0.803880306579566,0.7873152025079189,0.8168954122101711,-0.04504763166384096,-0.06161273573548809,-0.03203252603323581,results/benchmark_metrics/model_summary_json/SVM__ECFP4__summary.json,results/benchmark_metrics/model_summary_json/SVM__RDKit__summary.json,results/benchmark_metrics/model_summary_json/SVM__QM__summary.json,results/benchmark_metrics/model_summary_json/SVM__RDKit_QM__summary.json
SVM,grassy,0.8740935725472859,0.8355356716881349,0.8513776993022033,0.8802708546658543,-0.038557900859151006,-0.02271587324508262,0.0061772821185683835,results/benchmark_metrics/model_summary_json/SVM__ECFP4__summary.json,results/benchmark_metrics/model_summary_json/SVM__RDKit__summary.json,results/benchmark_metrics/model_summary_json/SVM__QM__summary.json,results/benchmark_metrics/model_summary_json/SVM__RDKit_QM__summary.json
SVM,green,0.7819111931262785,0.7171320137170969,0.7083311631959035,0.74984844072413,-0.06477917940918165,-0.07358002993037505,-0.03206275240214851,results/benchmark_metrics/model_summary_json/SVM__ECFP4__summary.json,results/benchmark_metrics/model_summary_json/SVM__RDKit__summary.json,results/benchmark_metrics/model_summary_json/SVM__QM__summary.json,results/benchmark_metrics/model_summary_json/SVM__RDKit_QM__summary.json
SVM,hay,0.8344767236544859,0.7529449601468874,0.7758022254903121,0.8047009458453193,-0.0815317635075985,-0.058674498164173805,-0.029775777809166626,results/benchmark_metrics/model_summary_json/SVM__ECFP4__summary.json,results/benchmark_metrics/model_summary_json/SVM__RDKit__summary.json,results/benchmark_metrics/model_summary_json/SVM__QM__summary.json,results/benchmark_metrics/model_summary_json/SVM__RDKit_QM__summary.json
SVM,hazelnut,0.9129763628812029,0.9009476460540927,0.9181901212371226,0.9347952631539437,-0.012028716827110153,0.005213758355919751,0.021818900272740804,results/benchmark_metrics/model_summary_json/SVM__ECFP4__summary.json,results/benchmark_metrics/model_summary_json/SVM__RDKit__summary.json,results/benchmark_metrics/model_summary_json/SVM__QM__summary.json,results/benchmark_metrics/model_summary_json/SVM__RDKit_QM__summary.json
SVM,herbal,0.7526632890285768,0.6983503569354965,0.6963451634982957,0.7217282400776238,-0.0543129320930803,-0.05631812553028115,-0.030935048950953004,results/benchmark_metrics/model_summary_json/SVM__ECFP4__summary.json,results/benchmark_metrics/model_summary_json/SVM__RDKit__summary.json,results/benchmark_metrics/model_summary_json/SVM__QM__summary.json,results/benchmark_metrics/model_summary_json/SVM__RDKit_QM__summary.json
SVM,honey,0.9183672812162103,0.8750795850526678,0.8669737198473035,0.9040154673271653,-0.043287696163542444,-0.051393561368906715,-0.01435181388904494,results/benchmark_metrics/model_summary_json/SVM__ECFP4__summary.json,results/benchmark_metrics/model_summary_json/SVM__RDKit__summary.json,results/benchmark_metrics/model_summary_json/SVM__QM__summary.json,results/benchmark_metrics/model_summary_json/SVM__RDKit_QM__summary.json
SVM,horseradish,0.9521959138524864,0.9493253994849281,0.9473657658360249,0.9497769018574107,-0.0028705143675582523,-0.004830148016461422,-0.0024190119950756594,results/benchmark_metrics/model_summary_json/SVM__ECFP4__summary.json,results/benchmark_metrics/model_summary_json/SVM__RDKit__summary.json,results/benchmark_metrics/model_summary_json/SVM__QM__summary.json,results/benchmark_metrics/model_summary_json/SVM__RDKit_QM__summary.json
SVM,jasmine,0.933190414005084,0.7722152393041215,0.8290241813960598,0.78434738725019,-0.16097517470096245,-0.10416623260902413,-0.14884302675489391,results/benchmark_metrics/model_summary_json/SVM__ECFP4__summary.json,results/benchmark_metrics/model_summary_json/SVM__RDKit__summary.json,results/benchmark_metrics/model_summary_json/SVM__QM__summary.json,results/benchmark_metrics/model_summary_json/SVM__RDKit_QM__summary.json
SVM,ketonic,0.9771033030171692,0.9481573086177326,0.9643230034627273,0.9868362707856335,-0.02894599439943657,-0.012780299554441932,0.009732967768464329,results/benchmark_metrics/model_summary_json/SVM__ECFP4__summary.json,results/benchmark_metrics/model_summary_json/SVM__RDKit__summary.json,results/benchmark_metrics/model_summary_json/SVM__QM__summary.json,results/benchmark_metrics/model_summary_json/SVM__RDKit_QM__summary.json
SVM,leafy,0.7663315122192733,0.6445784355061753,0.5970312055262393,0.7135842752483088,-0.12175307671309799,-0.16930030669303398,-0.052747236970964506,results/benchmark_metrics/model_summary_json/SVM__ECFP4__summary.json,results/benchmark_metrics/model_summary_json/SVM__RDKit__summary.json,results/benchmark_metrics/model_summary_json/SVM__QM__summary.json,results/benchmark_metrics/model_summary_json/SVM__RDKit_QM__summary.json
SVM,leathery,0.835536158707918,0.916019787612346,0.8717647968420298,0.8809488430175069,0.08048362890442806,0.03622863813411181,0.04541268430958889,results/benchmark_metrics/model_summary_json/SVM__ECFP4__summary.json,results/benchmark_metrics/model_summary_json/SVM__RDKit__summary.json,results/benchmark_metrics/model_summary_json/SVM__QM__summary.json,results/benchmark_metrics/model_summary_json/SVM__RDKit_QM__summary.json
SVM,lemon,0.9182170273881225,0.7977180596945967,0.7908534469275977,0.8337379719510076,-0.12049896769352575,-0.12736358046052476,-0.08447905543711487,results/benchmark_metrics/model_summary_json/SVM__ECFP4__summary.json,results/benchmark_metrics/model_summary_json/SVM__RDKit__summary.json,results/benchmark_metrics/model_summary_json/SVM__QM__summary.json,results/benchmark_metrics/model_summary_json/SVM__RDKit_QM__summary.json
SVM,malty,0.9399353766107372,0.8678709672252278,0.8910597270821865,0.9022188831276635,-0.0720644093855094,-0.048875649528550724,-0.03771649348307371,results/benchmark_metrics/model_summary_json/SVM__ECFP4__summary.json,results/benchmark_metrics/model_summary_json/SVM__RDKit__summary.json,results/benchmark_metrics/model_summary_json/SVM__QM__summary.json,results/benchmark_metrics/model_summary_json/SVM__RDKit_QM__summary.json
SVM,meaty,0.9300022517290012,0.9062276540127947,0.8822827792047176,0.9304125943703664,-0.02377459771620649,-0.047719472524283546,0.00041034264136519116,results/benchmark_metrics/model_summary_json/SVM__ECFP4__summary.json,results/benchmark_metrics/model_summary_json/SVM__RDKit__summary.json,results/benchmark_metrics/model_summary_json/SVM__QM__summary.json,results/benchmark_metrics/model_summary_json/SVM__RDKit_QM__summary.json
SVM,medicinal,0.9696415241278803,0.9458915814521601,0.9304577484015049,0.9552031867406943,-0.02374994267572017,-0.039183775726375436,-0.014438337387186029,results/benchmark_metrics/model_summary_json/SVM__ECFP4__summary.json,results/benchmark_metrics/model_summary_json/SVM__RDKit__summary.json,results/benchmark_metrics/model_summary_json/SVM__QM__summary.json,results/benchmark_metrics/model_summary_json/SVM__RDKit_QM__summary.json
SVM,melon,0.8573635648606812,0.8030260057729249,0.789144460620294,0.8286316877618585,-0.05433755908775628,-0.06821910424038724,-0.028731877098822745,results/benchmark_metrics/model_summary_json/SVM__ECFP4__summary.json,results/benchmark_metrics/model_summary_json/SVM__RDKit__summary.json,results/benchmark_metrics/model_summary_json/SVM__QM__summary.json,results/benchmark_metrics/model_summary_json/SVM__RDKit_QM__summary.json
SVM,metallic,0.6748754841216593,0.7562288214808611,0.6763900106661083,0.8016796801611139,0.0813533373592018,0.0015145265444489464,0.1268041960394546,results/benchmark_metrics/model_summary_json/SVM__ECFP4__summary.json,results/benchmark_metrics/model_summary_json/SVM__RDKit__summary.json,results/benchmark_metrics/model_summary_json/SVM__QM__summary.json,results/benchmark_metrics/model_summary_json/SVM__RDKit_QM__summary.json
SVM,milky,0.7832551813577322,0.7434159426709697,0.6536442800393867,0.7096424077625707,-0.039839238686762535,-0.12961090131834552,-0.0736127735951615,results/benchmark_metrics/model_summary_json/SVM__ECFP4__summary.json,results/benchmark_metrics/model_summary_json/SVM__RDKit__summary.json,results/benchmark_metrics/model_summary_json/SVM__QM__summary.json,results/benchmark_metrics/model_summary_json/SVM__RDKit_QM__summary.json
SVM,mint,0.9046422495971512,0.9086555003572434,0.8979109759722075,0.9206302668413319,0.00401325076009218,-0.0067312736249437455,0.01598801724418064,results/benchmark_metrics/model_summary_json/SVM__ECFP4__summary.json,results/benchmark_metrics/model_summary_json/SVM__RDKit__summary.json,results/benchmark_metrics/model_summary_json/SVM__QM__summary.json,results/benchmark_metrics/model_summary_json/SVM__RDKit_QM__summary.json
SVM,mushroom,0.8727648285195256,0.7082577986381674,0.641920158426841,0.7944037192433445,-0.16450702988135824,-0.2308446700926846,-0.07836110927618112,results/benchmark_metrics/model_summary_json/SVM__ECFP4__summary.json,results/benchmark_metrics/model_summary_json/SVM__RDKit__summary.json,results/benchmark_metrics/model_summary_json/SVM__QM__summary.json,results/benchmark_metrics/model_summary_json/SVM__RDKit_QM__summary.json
SVM,musk,0.8836206347773956,0.8870571731442572,0.7982491592920378,0.8044059158150547,0.003436538366861641,-0.08537147548535784,-0.07921471896234089,results/benchmark_metrics/model_summary_json/SVM__ECFP4__summary.json,results/benchmark_metrics/model_summary_json/SVM__RDKit__summary.json,results/benchmark_metrics/model_summary_json/SVM__QM__summary.json,results/benchmark_metrics/model_summary_json/SVM__RDKit_QM__summary.json
SVM,musty,0.775867646167554,0.7347341784145585,0.7219530769052318,0.7284021345824616,-0.041133467752995534,-0.05391456926232219,-0.04746551158509238,results/benchmark_metrics/model_summary_json/SVM__ECFP4__summary.json,results/benchmark_metrics/model_summary_json/SVM__RDKit__summary.json,results/benchmark_metrics/model_summary_json/SVM__QM__summary.json,results/benchmark_metrics/model_summary_json/SVM__RDKit_QM__summary.json
SVM,nutty,0.8241924488724545,0.7966006429519129,0.7712009391748721,0.8042047236021027,-0.027591805920541557,-0.05299150969758237,-0.019987725270351753,results/benchmark_metrics/model_summary_json/SVM__ECFP4__summary.json,results/benchmark_metrics/model_summary_json/SVM__RDKit__summary.json,results/benchmark_metrics/model_summary_json/SVM__QM__summary.json,results/benchmark_metrics/model_summary_json/SVM__RDKit_QM__summary.json
SVM,oily,0.8527706711191809,0.8482909420492399,0.8254662421108219,0.8305735970668071,-0.004479729069940985,-0.027304429008359055,-0.02219707405237381,results/benchmark_metrics/model_summary_json/SVM__ECFP4__summary.json,results/benchmark_metrics/model_summary_json/SVM__RDKit__summary.json,results/benchmark_metrics/model_summary_json/SVM__QM__summary.json,results/benchmark_metrics/model_summary_json/SVM__RDKit_QM__summary.json
SVM,onion,0.9606379201147529,0.9574334879122052,0.9601637827916164,0.9728596871697116,-0.0032044322025477356,-0.00047413732313650314,0.012221767054958699,results/benchmark_metrics/model_summary_json/SVM__ECFP4__summary.json,results/benchmark_metrics/model_summary_json/SVM__RDKit__summary.json,results/benchmark_metrics/model_summary_json/SVM__QM__summary.json,results/benchmark_metrics/model_summary_json/SVM__RDKit_QM__summary.json
SVM,orange,0.9023450494569853,0.8502091578919341,0.7808077999410008,0.8648149159962039,-0.05213589156505127,-0.12153724951598455,-0.03753013346078149,results/benchmark_metrics/model_summary_json/SVM__ECFP4__summary.json,results/benchmark_metrics/model_summary_json/SVM__RDKit__summary.json,results/benchmark_metrics/model_summary_json/SVM__QM__summary.json,results/benchmark_metrics/model_summary_json/SVM__RDKit_QM__summary.json
SVM,orris,0.7950759055991433,0.7801060448870676,0.7293737535801949,0.799556605300551,-0.014969860712075733,-0.06570215201894847,0.004480699701407631,results/benchmark_metrics/model_summary_json/SVM__ECFP4__summary.json,results/benchmark_metrics/model_summary_json/SVM__RDKit__summary.json,results/benchmark_metrics/model_summary_json/SVM__QM__summary.json,results/benchmark_metrics/model_summary_json/SVM__RDKit_QM__summary.json
SVM,peach,0.8622064235688726,0.7973168243731934,0.8082675089685847,0.8136314406687222,-0.06488959919567916,-0.05393891460028788,-0.04857498290015039,results/benchmark_metrics/model_summary_json/SVM__ECFP4__summary.json,results/benchmark_metrics/model_summary_json/SVM__RDKit__summary.json,results/benchmark_metrics/model_summary_json/SVM__QM__summary.json,results/benchmark_metrics/model_summary_json/SVM__RDKit_QM__summary.json
SVM,pear,0.9062262599980058,0.8936539916531385,0.8850286648042494,0.9244462206026549,-0.012572268344867243,-0.021197595193756413,0.018219960604649144,results/benchmark_metrics/model_summary_json/SVM__ECFP4__summary.json,results/benchmark_metrics/model_summary_json/SVM__RDKit__summary.json,results/benchmark_metrics/model_summary_json/SVM__QM__summary.json,results/benchmark_metrics/model_summary_json/SVM__RDKit_QM__summary.json
SVM,phenolic,0.9557697820216242,0.9603135530172946,0.9608728246222406,0.9565240406700737,0.004543770995670382,0.0051030426006163365,0.0007542586484494684,results/benchmark_metrics/model_summary_json/SVM__ECFP4__summary.json,results/benchmark_metrics/model_summary_json/SVM__RDKit__summary.json,results/benchmark_metrics/model_summary_json/SVM__QM__summary.json,results/benchmark_metrics/model_summary_json/SVM__RDKit_QM__summary.json
SVM,pine,0.883212715855356,0.8988709456597782,0.9140767319891827,0.9205333793092609,0.01565822980442222,0.03086401613382672,0.037320663453904945,results/benchmark_metrics/model_summary_json/SVM__ECFP4__summary.json,results/benchmark_metrics/model_summary_json/SVM__RDKit__summary.json,results/benchmark_metrics/model_summary_json/SVM__QM__summary.json,results/benchmark_metrics/model_summary_json/SVM__RDKit_QM__summary.json
SVM,pineapple,0.9060441121048998,0.8738542778033214,0.8851598918038409,0.903820282152531,-0.0321898343015784,-0.020884220301058853,-0.0022238299523688054,results/benchmark_metrics/model_summary_json/SVM__ECFP4__summary.json,results/benchmark_metrics/model_summary_json/SVM__RDKit__summary.json,results/benchmark_metrics/model_summary_json/SVM__QM__summary.json,results/benchmark_metrics/model_summary_json/SVM__RDKit_QM__summary.json
SVM,plum,0.9003449629055666,0.6636049190014767,0.6854141004725539,0.740708042048597,-0.23674004390408998,-0.21493086243301274,-0.15963692085696968,results/benchmark_metrics/model_summary_json/SVM__ECFP4__summary.json,results/benchmark_metrics/model_summary_json/SVM__RDKit__summary.json,results/benchmark_metrics/model_summary_json/SVM__QM__summary.json,results/benchmark_metrics/model_summary_json/SVM__RDKit_QM__summary.json
SVM,popcorn,0.9929593668094897,0.9525170124001001,0.9345059626201391,0.9851442351842767,-0.04044235440938959,-0.05845340418935063,-0.007815131625212968,results/benchmark_metrics/model_summary_json/SVM__ECFP4__summary.json,results/benchmark_metrics/model_summary_json/SVM__RDKit__summary.json,results/benchmark_metrics/model_summary_json/SVM__QM__summary.json,results/benchmark_metrics/model_summary_json/SVM__RDKit_QM__summary.json
SVM,potato,0.9519565483042107,0.872564966925917,0.8976852883032503,0.9479018609763245,-0.07939158137829372,-0.054271260000960386,-0.004054687327886275,results/benchmark_metrics/model_summary_json/SVM__ECFP4__summary.json,results/benchmark_metrics/model_summary_json/SVM__RDKit__summary.json,results/benchmark_metrics/model_summary_json/SVM__QM__summary.json,results/benchmark_metrics/model_summary_json/SVM__RDKit_QM__summary.json
SVM,pungent,0.8319939129277394,0.8486056770532298,0.8524538410647032,0.8561858003596192,0.01661176412549037,0.020459928136963845,0.024191887431879833,results/benchmark_metrics/model_summary_json/SVM__ECFP4__summary.json,results/benchmark_metrics/model_summary_json/SVM__RDKit__summary.json,results/benchmark_metrics/model_summary_json/SVM__QM__summary.json,results/benchmark_metrics/model_summary_json/SVM__RDKit_QM__summary.json
SVM,radish,0.8303373662514713,0.8861989992102369,0.8801335595541765,0.8673376451965165,0.05586163295876567,0.04979619330270524,0.037000278945045206,results/benchmark_metrics/model_summary_json/SVM__ECFP4__summary.json,results/benchmark_metrics/model_summary_json/SVM__RDKit__summary.json,results/benchmark_metrics/model_summary_json/SVM__QM__summary.json,results/benchmark_metrics/model_summary_json/SVM__RDKit_QM__summary.json
SVM,ripe,0.8044102418268991,0.7770427815292789,0.7903018257666875,0.8175981062869988,-0.027367460297620272,-0.014108416060211626,0.013187864460099674,results/benchmark_metrics/model_summary_json/SVM__ECFP4__summary.json,results/benchmark_metrics/model_summary_json/SVM__RDKit__summary.json,results/benchmark_metrics/model_summary_json/SVM__QM__summary.json,results/benchmark_metrics/model_summary_json/SVM__RDKit_QM__summary.json
SVM,roasted,0.9160605631237123,0.9075737526142829,0.8771477776264268,0.9111960228534027,-0.008486810509429454,-0.038912785497285496,-0.004864540270309581,results/benchmark_metrics/model_summary_json/SVM__ECFP4__summary.json,results/benchmark_metrics/model_summary_json/SVM__RDKit__summary.json,results/benchmark_metrics/model_summary_json/SVM__QM__summary.json,results/benchmark_metrics/model_summary_json/SVM__RDKit_QM__summary.json
SVM,rose,0.9090602397909933,0.8336259950914613,0.8043192780931788,0.8564423571048863,-0.07543424469953197,-0.10474096169781444,-0.05261788268610701,results/benchmark_metrics/model_summary_json/SVM__ECFP4__summary.json,results/benchmark_metrics/model_summary_json/SVM__RDKit__summary.json,results/benchmark_metrics/model_summary_json/SVM__QM__summary.json,results/benchmark_metrics/model_summary_json/SVM__RDKit_QM__summary.json
SVM,rum,0.8441649793291441,0.8509079566746317,0.8613451337865861,0.8694201996122015,0.006742977345487566,0.01718015445744192,0.025255220283057378,results/benchmark_metrics/model_summary_json/SVM__ECFP4__summary.json,results/benchmark_metrics/model_summary_json/SVM__RDKit__summary.json,results/benchmark_metrics/model_summary_json/SVM__QM__summary.json,results/benchmark_metrics/model_summary_json/SVM__RDKit_QM__summary.json
SVM,savory,0.9256642078273893,0.9260987314421809,0.9152305052305174,0.9352436730432295,0.000434523614791571,-0.01043370259687193,0.009579465215840188,results/benchmark_metrics/model_summary_json/SVM__ECFP4__summary.json,results/benchmark_metrics/model_summary_json/SVM__RDKit__summary.json,results/benchmark_metrics/model_summary_json/SVM__QM__summary.json,results/benchmark_metrics/model_summary_json/SVM__RDKit_QM__summary.json
SVM,sharp,0.7962000439861474,0.8311993464668024,0.8042300170504181,0.8731428540174686,0.03499930248065497,0.008029973064270668,0.0769428100313212,results/benchmark_metrics/model_summary_json/SVM__ECFP4__summary.json,results/benchmark_metrics/model_summary_json/SVM__RDKit__summary.json,results/benchmark_metrics/model_summary_json/SVM__QM__summary.json,results/benchmark_metrics/model_summary_json/SVM__RDKit_QM__summary.json
SVM,smoky,0.9687550564592904,0.9296642006925742,0.9498000597998548,0.9650684765221452,-0.039090855766716226,-0.018954996659435563,-0.0036865799371451624,results/benchmark_metrics/model_summary_json/SVM__ECFP4__summary.json,results/benchmark_metrics/model_summary_json/SVM__RDKit__summary.json,results/benchmark_metrics/model_summary_json/SVM__QM__summary.json,results/benchmark_metrics/model_summary_json/SVM__RDKit_QM__summary.json
SVM,solvent,0.9276773344310449,0.9270786699373273,0.9378450764796522,0.9426945778996549,-0.0005986644937175933,0.010167742048607264,0.015017243468609998,results/benchmark_metrics/model_summary_json/SVM__ECFP4__summary.json,results/benchmark_metrics/model_summary_json/SVM__RDKit__summary.json,results/benchmark_metrics/model_summary_json/SVM__QM__summary.json,results/benchmark_metrics/model_summary_json/SVM__RDKit_QM__summary.json
SVM,sour,0.862441248636474,0.842492647556789,0.8466066358735749,0.8776546464506436,-0.01994860107968499,-0.015834612762899103,0.015213397814169638,results/benchmark_metrics/model_summary_json/SVM__ECFP4__summary.json,results/benchmark_metrics/model_summary_json/SVM__RDKit__summary.json,results/benchmark_metrics/model_summary_json/SVM__QM__summary.json,results/benchmark_metrics/model_summary_json/SVM__RDKit_QM__summary.json
SVM,spicy,0.8284405706034986,0.8219660282851707,0.7977421581511382,0.8496716583679268,-0.006474542318327892,-0.03069841245236038,0.02123108776442817,results/benchmark_metrics/model_summary_json/SVM__ECFP4__summary.json,results/benchmark_metrics/model_summary_json/SVM__RDKit__summary.json,results/benchmark_metrics/model_summary_json/SVM__QM__summary.json,results/benchmark_metrics/model_summary_json/SVM__RDKit_QM__summary.json
SVM,strawberry,0.8278836079294754,0.7197004518872869,0.7410236113624912,0.7662527342273201,-0.10818315604218842,-0.08685999656698418,-0.06163087370215525,results/benchmark_metrics/model_summary_json/SVM__ECFP4__summary.json,results/benchmark_metrics/model_summary_json/SVM__RDKit__summary.json,results/benchmark_metrics/model_summary_json/SVM__QM__summary.json,results/benchmark_metrics/model_summary_json/SVM__RDKit_QM__summary.json
SVM,sulfurous,0.9685681755085872,0.9557635976943681,0.9325016744347288,0.9624348269234083,-0.012804577814219065,-0.03606650107385845,-0.006133348585178888,results/benchmark_metrics/model_summary_json/SVM__ECFP4__summary.json,results/benchmark_metrics/model_summary_json/SVM__RDKit__summary.json,results/benchmark_metrics/model_summary_json/SVM__QM__summary.json,results/benchmark_metrics/model_summary_json/SVM__RDKit_QM__summary.json
SVM,sweet,0.7164728594300833,0.7176376275155751,0.6853528905265169,0.7232319457997204,0.0011647680854918185,-0.031119968903566386,0.0067590863696370684,results/benchmark_metrics/model_summary_json/SVM__ECFP4__summary.json,results/benchmark_metrics/model_summary_json/SVM__RDKit__summary.json,results/benchmark_metrics/model_summary_json/SVM__QM__summary.json,results/benchmark_metrics/model_summary_json/SVM__RDKit_QM__summary.json
SVM,tea,0.73900066024536,0.718070766758651,0.6695840549114951,0.7166080523691098,-0.02092989348670904,-0.06941660533386496,-0.022392607876250192,results/benchmark_metrics/model_summary_json/SVM__ECFP4__summary.json,results/benchmark_metrics/model_summary_json/SVM__RDKit__summary.json,results/benchmark_metrics/model_summary_json/SVM__QM__summary.json,results/benchmark_metrics/model_summary_json/SVM__RDKit_QM__summary.json
SVM,tobacco,0.903767764682209,0.8551727172367046,0.7808507445066699,0.873550707341219,-0.04859504744550436,-0.12291702017553907,-0.030217057340990006,results/benchmark_metrics/model_summary_json/SVM__ECFP4__summary.json,results/benchmark_metrics/model_summary_json/SVM__RDKit__summary.json,results/benchmark_metrics/model_summary_json/SVM__QM__summary.json,results/benchmark_metrics/model_summary_json/SVM__RDKit_QM__summary.json
SVM,tomato,0.8841562258076126,0.8741367739421229,0.8836058711413012,0.9028119885468623,-0.010019451865489692,-0.0005503546663113701,0.018655762739249737,results/benchmark_metrics/model_summary_json/SVM__ECFP4__summary.json,results/benchmark_metrics/model_summary_json/SVM__RDKit__summary.json,results/benchmark_metrics/model_summary_json/SVM__QM__summary.json,results/benchmark_metrics/model_summary_json/SVM__RDKit_QM__summary.json
SVM,tropical,0.8221286661696248,0.7832404437567908,0.7938363248672509,0.8376861254962957,-0.03888822241283396,-0.028292341302373902,0.015557459326670964,results/benchmark_metrics/model_summary_json/SVM__ECFP4__summary.json,results/benchmark_metrics/model_summary_json/SVM__RDKit__summary.json,results/benchmark_metrics/model_summary_json/SVM__QM__summary.json,results/benchmark_metrics/model_summary_json/SVM__RDKit_QM__summary.json
SVM,vanilla,0.9428725792424697,0.9330673319796954,0.93777921093947,0.9416442796569615,-0.00980524726277432,-0.005093368302999668,-0.0012282995855081857,results/benchmark_metrics/model_summary_json/SVM__ECFP4__summary.json,results/benchmark_metrics/model_summary_json/SVM__RDKit__summary.json,results/benchmark_metrics/model_summary_json/SVM__QM__summary.json,results/benchmark_metrics/model_summary_json/SVM__RDKit_QM__summary.json
SVM,vegetable,0.8443593395285489,0.8204282933425331,0.8038447863387003,0.8362056829232015,-0.023931046186015825,-0.040514553189848646,-0.008153656605347392,results/benchmark_metrics/model_summary_json/SVM__ECFP4__summary.json,results/benchmark_metrics/model_summary_json/SVM__RDKit__summary.json,results/benchmark_metrics/model_summary_json/SVM__QM__summary.json,results/benchmark_metrics/model_summary_json/SVM__RDKit_QM__summary.json
SVM,violet,0.9165115431634889,0.8901882747422256,0.873500922660481,0.883253268111712,-0.026323268421263313,-0.04301062050300797,-0.03325827505177692,results/benchmark_metrics/model_summary_json/SVM__ECFP4__summary.json,results/benchmark_metrics/model_summary_json/SVM__RDKit__summary.json,results/benchmark_metrics/model_summary_json/SVM__QM__summary.json,results/benchmark_metrics/model_summary_json/SVM__RDKit_QM__summary.json
SVM,warm,0.6383551101400288,0.758796419695194,0.6676295335559722,0.7467846847372606,0.12044130955516519,0.02927442341594344,0.10842957459723179,results/benchmark_metrics/model_summary_json/SVM__ECFP4__summary.json,results/benchmark_metrics/model_summary_json/SVM__RDKit__summary.json,results/benchmark_metrics/model_summary_json/SVM__QM__summary.json,results/benchmark_metrics/model_summary_json/SVM__RDKit_QM__summary.json
SVM,waxy,0.891565893769726,0.9008414731098469,0.8715809953248412,0.8997401096805412,0.00927557934012091,-0.019984898444884713,0.008174215910815241,results/benchmark_metrics/model_summary_json/SVM__ECFP4__summary.json,results/benchmark_metrics/model_summary_json/SVM__RDKit__summary.json,results/benchmark_metrics/model_summary_json/SVM__QM__summary.json,results/benchmark_metrics/model_summary_json/SVM__RDKit_QM__summary.json
SVM,winey,0.8755091610720953,0.8434583323604986,0.831584511703125,0.8629690655869393,-0.0320508287115967,-0.04392464936897034,-0.012540095485156,results/benchmark_metrics/model_summary_json/SVM__ECFP4__summary.json,results/benchmark_metrics/model_summary_json/SVM__RDKit__summary.json,results/benchmark_metrics/model_summary_json/SVM__QM__summary.json,results/benchmark_metrics/model_summary_json/SVM__RDKit_QM__summary.json
SVM,woody,0.820569794988927,0.8745646523744144,0.8261480798556805,0.8686496436461335,0.05399485738548737,0.005578284866753491,0.04807984865720649,results/benchmark_metrics/model_summary_json/SVM__ECFP4__summary.json,results/benchmark_metrics/model_summary_json/SVM__RDKit__summary.json,results/benchmark_metrics/model_summary_json/SVM__QM__summary.json,results/benchmark_metrics/model_summary_json/SVM__RDKit_QM__summary.json
XGBoost,alcoholic,0.9537018846860204,0.9748167461321804,0.9633651398374431,0.9740457821246146,0.021114861446160038,0.009663255151422745,0.020343897438594216,results/benchmark_metrics/model_summary_json/XGBoost__ECFP4__summary.json,results/benchmark_metrics/model_summary_json/XGBoost__RDKit__summary.json,results/benchmark_metrics/model_summary_json/XGBoost__QM__summary.json,results/benchmark_metrics/model_summary_json/XGBoost__RDKit_QM__summary.json
XGBoost,aldehydic,0.8728263496623627,0.6019282078962807,0.7457600256884138,0.7726242327889656,-0.27089814176608207,-0.1270663239739489,-0.10020211687339708,results/benchmark_metrics/model_summary_json/XGBoost__ECFP4__summary.json,results/benchmark_metrics/model_summary_json/XGBoost__RDKit__summary.json,results/benchmark_metrics/model_summary_json/XGBoost__QM__summary.json,results/benchmark_metrics/model_summary_json/XGBoost__RDKit_QM__summary.json
XGBoost,alliaceous,0.8947190295888057,0.9031081587606407,0.9215748681295537,0.9381404057918233,0.008389129171834986,0.026855838540748023,0.04342137620301767,results/benchmark_metrics/model_summary_json/XGBoost__ECFP4__summary.json,results/benchmark_metrics/model_summary_json/XGBoost__RDKit__summary.json,results/benchmark_metrics/model_summary_json/XGBoost__QM__summary.json,results/benchmark_metrics/model_summary_json/XGBoost__RDKit_QM__summary.json
XGBoost,almond,0.8709695158950614,0.8897439067122844,0.9187435177639159,0.9215702781543385,0.018774390817222986,0.0477740018688545,0.05060076225927701,results/benchmark_metrics/model_summary_json/XGBoost__ECFP4__summary.json,results/benchmark_metrics/model_summary_json/XGBoost__RDKit__summary.json,results/benchmark_metrics/model_summary_json/XGBoost__QM__summary.json,results/benchmark_metrics/model_summary_json/XGBoost__RDKit_QM__summary.json
XGBoost,animal,0.8264817598818965,0.7744798036146643,0.8204236046288594,0.8507314020800141,-0.05200195626723225,-0.006058155253037101,0.024249642198117538,results/benchmark_metrics/model_summary_json/XGBoost__ECFP4__summary.json,results/benchmark_metrics/model_summary_json/XGBoost__RDKit__summary.json,results/benchmark_metrics/model_summary_json/XGBoost__QM__summary.json,results/benchmark_metrics/model_summary_json/XGBoost__RDKit_QM__summary.json
XGBoost,anisic,0.8866045472903039,0.8625716150381549,0.9047648644498952,0.9135540944322305,-0.024032932252148975,0.01816031715959132,0.026949547141926544,results/benchmark_metrics/model_summary_json/XGBoost__ECFP4__summary.json,results/benchmark_metrics/model_summary_json/XGBoost__RDKit__summary.json,results/benchmark_metrics/model_summary_json/XGBoost__QM__summary.json,results/benchmark_metrics/model_summary_json/XGBoost__RDKit_QM__summary.json
XGBoost,apple,0.8761432645899372,0.868290201760584,0.8885956269289931,0.8974184345647365,-0.007853062829353163,0.012452362339055889,0.02127516997479928,results/benchmark_metrics/model_summary_json/XGBoost__ECFP4__summary.json,results/benchmark_metrics/model_summary_json/XGBoost__RDKit__summary.json,results/benchmark_metrics/model_summary_json/XGBoost__QM__summary.json,results/benchmark_metrics/model_summary_json/XGBoost__RDKit_QM__summary.json
XGBoost,apricot,0.7715355562797405,0.7120532155977815,0.6888215932048298,0.7845148185026115,-0.05948234068195901,-0.08271396307491063,0.012979262222871046,results/benchmark_metrics/model_summary_json/XGBoost__ECFP4__summary.json,results/benchmark_metrics/model_summary_json/XGBoost__RDKit__summary.json,results/benchmark_metrics/model_summary_json/XGBoost__QM__summary.json,results/benchmark_metrics/model_summary_json/XGBoost__RDKit_QM__summary.json
XGBoost,aromatic,0.85160660566891,0.8230450844057019,0.8425341949414056,0.8395990001614887,-0.0285615212632081,-0.00907241072750442,-0.012007605507421304,results/benchmark_metrics/model_summary_json/XGBoost__ECFP4__summary.json,results/benchmark_metrics/model_summary_json/XGBoost__RDKit__summary.json,results/benchmark_metrics/model_summary_json/XGBoost__QM__summary.json,results/benchmark_metrics/model_summary_json/XGBoost__RDKit_QM__summary.json
XGBoost,balsamic,0.9164807830296381,0.9125231108097683,0.9254514061645491,0.9261898119532248,-0.003957672219869757,0.008970623134911038,0.009709028923586716,results/benchmark_metrics/model_summary_json/XGBoost__ECFP4__summary.json,results/benchmark_metrics/model_summary_json/XGBoost__RDKit__summary.json,results/benchmark_metrics/model_summary_json/XGBoost__QM__summary.json,results/benchmark_metrics/model_summary_json/XGBoost__RDKit_QM__summary.json
XGBoost,banana,0.8764167682204154,0.9008534495360291,0.9203984030992309,0.9280139118551951,0.024436681315613717,0.04398163487881557,0.05159714363477974,results/benchmark_metrics/model_summary_json/XGBoost__ECFP4__summary.json,results/benchmark_metrics/model_summary_json/XGBoost__RDKit__summary.json,results/benchmark_metrics/model_summary_json/XGBoost__QM__summary.json,results/benchmark_metrics/model_summary_json/XGBoost__RDKit_QM__summary.json
XGBoost,beefy,0.7554576093282798,0.7752342610883503,0.8403989686075766,0.8707950231250094,0.019776651760070485,0.0849413592792968,0.11533741379672968,results/benchmark_metrics/model_summary_json/XGBoost__ECFP4__summary.json,results/benchmark_metrics/model_summary_json/XGBoost__RDKit__summary.json,results/benchmark_metrics/model_summary_json/XGBoost__QM__summary.json,results/benchmark_metrics/model_summary_json/XGBoost__RDKit_QM__summary.json
XGBoost,berry,0.7488052207081894,0.6737339157655111,0.6535736832832737,0.7196680119182488,-0.07507130494267833,-0.09523153742491575,-0.02913720878994064,results/benchmark_metrics/model_summary_json/XGBoost__ECFP4__summary.json,results/benchmark_metrics/model_summary_json/XGBoost__RDKit__summary.json,results/benchmark_metrics/model_summary_json/XGBoost__QM__summary.json,results/benchmark_metrics/model_summary_json/XGBoost__RDKit_QM__summary.json
XGBoost,black currant,0.7089375153870868,0.6984252893460076,0.8127468011948773,0.8696131948919309,-0.010512226041079265,0.10380928580779047,0.16067567950484407,results/benchmark_metrics/model_summary_json/XGBoost__ECFP4__summary.json,results/benchmark_metrics/model_summary_json/XGBoost__RDKit__summary.json,results/benchmark_metrics/model_summary_json/XGBoost__QM__summary.json,results/benchmark_metrics/model_summary_json/XGBoost__RDKit_QM__summary.json
XGBoost,brandy,0.879556466703697,0.7812275435062549,0.8234673694830074,0.8802753154890958,-0.09832892319744213,-0.056089097220689665,0.0007188487853987402,results/benchmark_metrics/model_summary_json/XGBoost__ECFP4__summary.json,results/benchmark_metrics/model_summary_json/XGBoost__RDKit__summary.json,results/benchmark_metrics/model_summary_json/XGBoost__QM__summary.json,results/benchmark_metrics/model_summary_json/XGBoost__RDKit_QM__summary.json
XGBoost,bread,0.7558904734263985,0.8530101775914201,0.8324918852979447,0.8390935491087321,0.09711970416502158,0.07660141187154623,0.08320307568233365,results/benchmark_metrics/model_summary_json/XGBoost__ECFP4__summary.json,results/benchmark_metrics/model_summary_json/XGBoost__RDKit__summary.json,results/benchmark_metrics/model_summary_json/XGBoost__QM__summary.json,results/benchmark_metrics/model_summary_json/XGBoost__RDKit_QM__summary.json
XGBoost,brothy,0.8783834495976006,0.7835554381490735,0.8325331044578729,0.8052570350143528,-0.09482801144852715,-0.045850345139727744,-0.07312641458324787,results/benchmark_metrics/model_summary_json/XGBoost__ECFP4__summary.json,results/benchmark_metrics/model_summary_json/XGBoost__RDKit__summary.json,results/benchmark_metrics/model_summary_json/XGBoost__QM__summary.json,results/benchmark_metrics/model_summary_json/XGBoost__RDKit_QM__summary.json
XGBoost,burnt,0.8279979203615879,0.8257823153285313,0.8420244940680212,0.8664498980275093,-0.0022156050330566224,0.014026573706433232,0.038451977665921344,results/benchmark_metrics/model_summary_json/XGBoost__ECFP4__summary.json,results/benchmark_metrics/model_summary_json/XGBoost__RDKit__summary.json,results/benchmark_metrics/model_summary_json/XGBoost__QM__summary.json,results/benchmark_metrics/model_summary_json/XGBoost__RDKit_QM__summary.json
XGBoost,buttery,0.8213871927980853,0.7938469797544405,0.8101665669692171,0.8155643683748313,-0.027540213043644735,-0.01122062582886818,-0.005822824423253992,results/benchmark_metrics/model_summary_json/XGBoost__ECFP4__summary.json,results/benchmark_metrics/model_summary_json/XGBoost__RDKit__summary.json,results/benchmark_metrics/model_summary_json/XGBoost__QM__summary.json,results/benchmark_metrics/model_summary_json/XGBoost__RDKit_QM__summary.json
XGBoost,cabbage,0.8063629634934527,0.8492783205999883,0.8213540006039709,0.8703683081815367,0.0429153571065356,0.01499103711051819,0.06400534468808394,results/benchmark_metrics/model_summary_json/XGBoost__ECFP4__summary.json,results/benchmark_metrics/model_summary_json/XGBoost__RDKit__summary.json,results/benchmark_metrics/model_summary_json/XGBoost__QM__summary.json,results/benchmark_metrics/model_summary_json/XGBoost__RDKit_QM__summary.json
XGBoost,camphoreous,0.9201734839945581,0.9215510168388199,0.8805290668697536,0.9126596977641139,0.0013775328442617862,-0.03964441712480449,-0.007513786230444186,results/benchmark_metrics/model_summary_json/XGBoost__ECFP4__summary.json,results/benchmark_metrics/model_summary_json/XGBoost__RDKit__summary.json,results/benchmark_metrics/model_summary_json/XGBoost__QM__summary.json,results/benchmark_metrics/model_summary_json/XGBoost__RDKit_QM__summary.json
XGBoost,caramellic,0.8474837014438865,0.8829886723240314,0.9024246301618583,0.9118696750303281,0.035504970880144926,0.05494092871797174,0.0643859735864416,results/benchmark_metrics/model_summary_json/XGBoost__ECFP4__summary.json,results/benchmark_metrics/model_summary_json/XGBoost__RDKit__summary.json,results/benchmark_metrics/model_summary_json/XGBoost__QM__summary.json,results/benchmark_metrics/model_summary_json/XGBoost__RDKit_QM__summary.json
XGBoost,catty,0.8851192010161487,0.9158160050996862,0.8527400773133099,0.8924369243747681,0.030696804083537477,-0.0323791237028388,0.007317723358619355,results/benchmark_metrics/model_summary_json/XGBoost__ECFP4__summary.json,results/benchmark_metrics/model_summary_json/XGBoost__RDKit__summary.json,results/benchmark_metrics/model_summary_json/XGBoost__QM__summary.json,results/benchmark_metrics/model_summary_json/XGBoost__RDKit_QM__summary.json
XGBoost,chamomile,0.907798581167528,0.8492169308288758,0.8625150156032602,0.9328966673519989,-0.05858165033865215,-0.045283565564267825,0.025098086184470958,results/benchmark_metrics/model_summary_json/XGBoost__ECFP4__summary.json,results/benchmark_metrics/model_summary_json/XGBoost__RDKit__summary.json,results/benchmark_metrics/model_summary_json/XGBoost__QM__summary.json,results/benchmark_metrics/model_summary_json/XGBoost__RDKit_QM__summary.json
XGBoost,cheesy,0.8767644292606667,0.8729708794890099,0.8811328063410743,0.9032564107625214,-0.003793549771656801,0.004368377080407604,0.026491981501854722,results/benchmark_metrics/model_summary_json/XGBoost__ECFP4__summary.json,results/benchmark_metrics/model_summary_json/XGBoost__RDKit__summary.json,results/benchmark_metrics/model_summary_json/XGBoost__QM__summary.json,results/benchmark_metrics/model_summary_json/XGBoost__RDKit_QM__summary.json
XGBoost,cherry,0.8890557910095798,0.8694450653675411,0.8538869358937525,0.8742009207067293,-0.019610725642038696,-0.035168855115827236,-0.014854870302850487,results/benchmark_metrics/model_summary_json/XGBoost__ECFP4__summary.json,results/benchmark_metrics/model_summary_json/XGBoost__RDKit__summary.json,results/benchmark_metrics/model_summary_json/XGBoost__QM__summary.json,results/benchmark_metrics/model_summary_json/XGBoost__RDKit_QM__summary.json
XGBoost,chicken,0.8194963643764053,0.7017923100993738,0.7804730545830855,0.8275503867886268,-0.11770405427703146,-0.039023309793319805,0.008054022412221529,results/benchmark_metrics/model_summary_json/XGBoost__ECFP4__summary.json,results/benchmark_metrics/model_summary_json/XGBoost__RDKit__summary.json,results/benchmark_metrics/model_summary_json/XGBoost__QM__summary.json,results/benchmark_metrics/model_summary_json/XGBoost__RDKit_QM__summary.json
XGBoost,chocolate,0.7583049183437945,0.6890272651873347,0.7561751640843777,0.813352299135785,-0.06927765315645984,-0.0021297542594168606,0.05504738079199045,results/benchmark_metrics/model_summary_json/XGBoost__ECFP4__summary.json,results/benchmark_metrics/model_summary_json/XGBoost__RDKit__summary.json,results/benchmark_metrics/model_summary_json/XGBoost__QM__summary.json,results/benchmark_metrics/model_summary_json/XGBoost__RDKit_QM__summary.json
XGBoost,cinnamon,0.8581734196475507,0.8851392394765089,0.9206492706407954,0.9328384710592428,0.026965819828958182,0.06247585099324471,0.07466505141169211,results/benchmark_metrics/model_summary_json/XGBoost__ECFP4__summary.json,results/benchmark_metrics/model_summary_json/XGBoost__RDKit__summary.json,results/benchmark_metrics/model_summary_json/XGBoost__QM__summary.json,results/benchmark_metrics/model_summary_json/XGBoost__RDKit_QM__summary.json
XGBoost,citrus,0.8636191746803172,0.8371253933030294,0.8505553675972525,0.8708080710332158,-0.02649378137728786,-0.01306380708306476,0.007188896352898544,results/benchmark_metrics/model_summary_json/XGBoost__ECFP4__summary.json,results/benchmark_metrics/model_summary_json/XGBoost__RDKit__summary.json,results/benchmark_metrics/model_summary_json/XGBoost__QM__summary.json,results/benchmark_metrics/model_summary_json/XGBoost__RDKit_QM__summary.json
XGBoost,cocoa,0.8407803872787483,0.7834787265154772,0.8228728066496741,0.8649944085048892,-0.057301660763271034,-0.01790758062907416,0.024214021226140914,results/benchmark_metrics/model_summary_json/XGBoost__ECFP4__summary.json,results/benchmark_metrics/model_summary_json/XGBoost__RDKit__summary.json,results/benchmark_metrics/model_summary_json/XGBoost__QM__summary.json,results/benchmark_metrics/model_summary_json/XGBoost__RDKit_QM__summary.json
XGBoost,coconut,0.8749694963267263,0.7244675770234703,0.8363324306317731,0.8615756004618508,-0.15050191930325596,-0.03863706569495318,-0.013393895864875494,results/benchmark_metrics/model_summary_json/XGBoost__ECFP4__summary.json,results/benchmark_metrics/model_summary_json/XGBoost__RDKit__summary.json,results/benchmark_metrics/model_summary_json/XGBoost__QM__summary.json,results/benchmark_metrics/model_summary_json/XGBoost__RDKit_QM__summary.json
XGBoost,coffee,0.9317608178492213,0.9237774551390012,0.913785258940998,0.9292638866362288,-0.007983362710220043,-0.01797555890822322,-0.002496931212992437,results/benchmark_metrics/model_summary_json/XGBoost__ECFP4__summary.json,results/benchmark_metrics/model_summary_json/XGBoost__RDKit__summary.json,results/benchmark_metrics/model_summary_json/XGBoost__QM__summary.json,results/benchmark_metrics/model_summary_json/XGBoost__RDKit_QM__summary.json
XGBoost,cognac,0.9242902715263135,0.9103964618729098,0.9316866713283037,0.9319769922563899,-0.0138938096534037,0.00739639980199025,0.0076867207300763685,results/benchmark_metrics/model_summary_json/XGBoost__ECFP4__summary.json,results/benchmark_metrics/model_summary_json/XGBoost__RDKit__summary.json,results/benchmark_metrics/model_summary_json/XGBoost__QM__summary.json,results/benchmark_metrics/model_summary_json/XGBoost__RDKit_QM__summary.json
XGBoost,coumarinic,0.9195023037520403,0.8471064005510793,0.9294433452559335,0.9251344725438676,-0.07239590320096101,0.009941041503893189,0.005632168791827263,results/benchmark_metrics/model_summary_json/XGBoost__ECFP4__summary.json,results/benchmark_metrics/model_summary_json/XGBoost__RDKit__summary.json,results/benchmark_metrics/model_summary_json/XGBoost__QM__summary.json,results/benchmark_metrics/model_summary_json/XGBoost__RDKit_QM__summary.json
XGBoost,creamy,0.706809558453004,0.6288196922786593,0.7053873787203218,0.7104041055047878,-0.07798986617434467,-0.001422179732682216,0.0035945470517838585,results/benchmark_metrics/model_summary_json/XGBoost__ECFP4__summary.json,results/benchmark_metrics/model_summary_json/XGBoost__RDKit__summary.json,results/benchmark_metrics/model_summary_json/XGBoost__QM__summary.json,results/benchmark_metrics/model_summary_json/XGBoost__RDKit_QM__summary.json
XGBoost,cucumber,0.8720211527297369,0.9364933421481597,0.8918967740287785,0.9323628293414107,0.06447218941842281,0.019875621299041635,0.06034167661167378,results/benchmark_metrics/model_summary_json/XGBoost__ECFP4__summary.json,results/benchmark_metrics/model_summary_json/XGBoost__RDKit__summary.json,results/benchmark_metrics/model_summary_json/XGBoost__QM__summary.json,results/benchmark_metrics/model_summary_json/XGBoost__RDKit_QM__summary.json
XGBoost,dairy,0.8305147120668128,0.722699083021726,0.776171737237494,0.7869551287788885,-0.10781562904508679,-0.054342974829318824,-0.04355958328792431,results/benchmark_metrics/model_summary_json/XGBoost__ECFP4__summary.json,results/benchmark_metrics/model_summary_json/XGBoost__RDKit__summary.json,results/benchmark_metrics/model_summary_json/XGBoost__QM__summary.json,results/benchmark_metrics/model_summary_json/XGBoost__RDKit_QM__summary.json
XGBoost,dry,0.7365133932422385,0.8029228069953765,0.7810315900645473,0.8071564444536843,0.06640941375313802,0.04451819682230873,0.07064305121144576,results/benchmark_metrics/model_summary_json/XGBoost__ECFP4__summary.json,results/benchmark_metrics/model_summary_json/XGBoost__RDKit__summary.json,results/benchmark_metrics/model_summary_json/XGBoost__QM__summary.json,results/benchmark_metrics/model_summary_json/XGBoost__RDKit_QM__summary.json
XGBoost,earthy,0.7320526728344134,0.7142763315000435,0.7192417705436028,0.734474721445185,-0.017776341334369894,-0.01281090229081061,0.0024220486107715544,results/benchmark_metrics/model_summary_json/XGBoost__ECFP4__summary.json,results/benchmark_metrics/model_summary_json/XGBoost__RDKit__summary.json,results/benchmark_metrics/model_summary_json/XGBoost__QM__summary.json,results/benchmark_metrics/model_summary_json/XGBoost__RDKit_QM__summary.json
XGBoost,ethereal,0.8965718812662461,0.9122846288827173,0.9335224825010503,0.938917419942632,0.015712747616471234,0.0369506012348042,0.04234553867638591,results/benchmark_metrics/model_summary_json/XGBoost__ECFP4__summary.json,results/benchmark_metrics/model_summary_json/XGBoost__RDKit__summary.json,results/benchmark_metrics/model_summary_json/XGBoost__QM__summary.json,results/benchmark_metrics/model_summary_json/XGBoost__RDKit_QM__summary.json
XGBoost,fatty,0.8964401581617197,0.8883771268210052,0.8953950333786344,0.9084932217833078,-0.00806303134071451,-0.0010451247830853827,0.01205306362158809,results/benchmark_metrics/model_summary_json/XGBoost__ECFP4__summary.json,results/benchmark_metrics/model_summary_json/XGBoost__RDKit__summary.json,results/benchmark_metrics/model_summary_json/XGBoost__QM__summary.json,results/benchmark_metrics/model_summary_json/XGBoost__RDKit_QM__summary.json
XGBoost,fermented,0.833571933517829,0.8380631989666177,0.8777351628360966,0.8835770375697585,0.0044912654487887504,0.04416322931826766,0.05000510405192948,results/benchmark_metrics/model_summary_json/XGBoost__ECFP4__summary.json,results/benchmark_metrics/model_summary_json/XGBoost__RDKit__summary.json,results/benchmark_metrics/model_summary_json/XGBoost__QM__summary.json,results/benchmark_metrics/model_summary_json/XGBoost__RDKit_QM__summary.json
XGBoost,fishy,0.8727580882453132,0.8578539019893305,0.806731591465363,0.9016604958540391,-0.014904186255982665,-0.0660264967799502,0.028902407608725866,results/benchmark_metrics/model_summary_json/XGBoost__ECFP4__summary.json,results/benchmark_metrics/model_summary_json/XGBoost__RDKit__summary.json,results/benchmark_metrics/model_summary_json/XGBoost__QM__summary.json,results/benchmark_metrics/model_summary_json/XGBoost__RDKit_QM__summary.json
XGBoost,floral,0.8384625338769661,0.8283537853172191,0.8338260559878844,0.8466854354095595,-0.010108748559746972,-0.004636477889081725,0.008222901532593418,results/benchmark_metrics/model_summary_json/XGBoost__ECFP4__summary.json,results/benchmark_metrics/model_summary_json/XGBoost__RDKit__summary.json,results/benchmark_metrics/model_summary_json/XGBoost__QM__summary.json,results/benchmark_metrics/model_summary_json/XGBoost__RDKit_QM__summary.json
XGBoost,fresh,0.7280165496999336,0.67272465236487,0.6930790700126795,0.7238764511033002,-0.05529189733506357,-0.034937479687254025,-0.004140098596633335,results/benchmark_metrics/model_summary_json/XGBoost__ECFP4__summary.json,results/benchmark_metrics/model_summary_json/XGBoost__RDKit__summary.json,results/benchmark_metrics/model_summary_json/XGBoost__QM__summary.json,results/benchmark_metrics/model_summary_json/XGBoost__RDKit_QM__summary.json
XGBoost,fruity,0.8453673845309023,0.8368543883479175,0.8406211537190309,0.8642264671066127,-0.008512996182984844,-0.004746230811871421,0.01885908257571034,results/benchmark_metrics/model_summary_json/XGBoost__ECFP4__summary.json,results/benchmark_metrics/model_summary_json/XGBoost__RDKit__summary.json,results/benchmark_metrics/model_summary_json/XGBoost__QM__summary.json,results/benchmark_metrics/model_summary_json/XGBoost__RDKit_QM__summary.json
XGBoost,garlic,0.9697238507804942,0.9572482202694342,0.9578980172511162,0.9715685727876837,-0.012475630511059932,-0.011825833529377938,0.0018447220071895476,results/benchmark_metrics/model_summary_json/XGBoost__ECFP4__summary.json,results/benchmark_metrics/model_summary_json/XGBoost__RDKit__summary.json,results/benchmark_metrics/model_summary_json/XGBoost__QM__summary.json,results/benchmark_metrics/model_summary_json/XGBoost__RDKit_QM__summary.json
XGBoost,gasoline,0.8768579863604616,0.9334476100971525,0.9311429007307105,0.9467319488060841,0.05658962373669085,0.05428491437024885,0.0698739624456225,results/benchmark_metrics/model_summary_json/XGBoost__ECFP4__summary.json,results/benchmark_metrics/model_summary_json/XGBoost__RDKit__summary.json,results/benchmark_metrics/model_summary_json/XGBoost__QM__summary.json,results/benchmark_metrics/model_summary_json/XGBoost__RDKit_QM__summary.json
XGBoost,grape,0.8563744307194359,0.8444612618915098,0.8220287714957992,0.8740639800754636,-0.011913168827926035,-0.03434565922363664,0.017689549356027734,results/benchmark_metrics/model_summary_json/XGBoost__ECFP4__summary.json,results/benchmark_metrics/model_summary_json/XGBoost__RDKit__summary.json,results/benchmark_metrics/model_summary_json/XGBoost__QM__summary.json,results/benchmark_metrics/model_summary_json/XGBoost__RDKit_QM__summary.json
XGBoost,grapefruit,0.7699551021380924,0.7702323680386345,0.7806933283979145,0.7797365829971136,0.00027726590054211186,0.010738226259822126,0.009781480859021197,results/benchmark_metrics/model_summary_json/XGBoost__ECFP4__summary.json,results/benchmark_metrics/model_summary_json/XGBoost__RDKit__summary.json,results/benchmark_metrics/model_summary_json/XGBoost__QM__summary.json,results/benchmark_metrics/model_summary_json/XGBoost__RDKit_QM__summary.json
XGBoost,grassy,0.8573541139901074,0.7899269570354933,0.8151127789969139,0.8421877109615578,-0.0674271569546141,-0.04224133499319349,-0.015166403028549658,results/benchmark_metrics/model_summary_json/XGBoost__ECFP4__summary.json,results/benchmark_metrics/model_summary_json/XGBoost__RDKit__summary.json,results/benchmark_metrics/model_summary_json/XGBoost__QM__summary.json,results/benchmark_metrics/model_summary_json/XGBoost__RDKit_QM__summary.json
XGBoost,green,0.765659403793421,0.7800141748630484,0.7810872383553962,0.810791034949269,0.014354771069627348,0.015427834561975162,0.04513163115584795,results/benchmark_metrics/model_summary_json/XGBoost__ECFP4__summary.json,results/benchmark_metrics/model_summary_json/XGBoost__RDKit__summary.json,results/benchmark_metrics/model_summary_json/XGBoost__QM__summary.json,results/benchmark_metrics/model_summary_json/XGBoost__RDKit_QM__summary.json
XGBoost,hay,0.8032372707299718,0.7390890001857781,0.8026838251704225,0.8311787299457862,-0.0641482705441937,-0.0005534455595492815,0.02794145921581448,results/benchmark_metrics/model_summary_json/XGBoost__ECFP4__summary.json,results/benchmark_metrics/model_summary_json/XGBoost__RDKit__summary.json,results/benchmark_metrics/model_summary_json/XGBoost__QM__summary.json,results/benchmark_metrics/model_summary_json/XGBoost__RDKit_QM__summary.json
XGBoost,hazelnut,0.88376286516796,0.8931005072592413,0.8846175584088567,0.914000211970488,0.009337642091281295,0.000854693240896709,0.030237346802527987,results/benchmark_metrics/model_summary_json/XGBoost__ECFP4__summary.json,results/benchmark_metrics/model_summary_json/XGBoost__RDKit__summary.json,results/benchmark_metrics/model_summary_json/XGBoost__QM__summary.json,results/benchmark_metrics/model_summary_json/XGBoost__RDKit_QM__summary.json
XGBoost,herbal,0.7095922756003861,0.7190308198568754,0.7410621657482359,0.7699457372489127,0.009438544256489378,0.031469890147849844,0.06035346164852662,results/benchmark_metrics/model_summary_json/XGBoost__ECFP4__summary.json,results/benchmark_metrics/model_summary_json/XGBoost__RDKit__summary.json,results/benchmark_metrics/model_summary_json/XGBoost__QM__summary.json,results/benchmark_metrics/model_summary_json/XGBoost__RDKit_QM__summary.json
XGBoost,honey,0.882873535953169,0.8436520088254491,0.8749520702143372,0.8899032967197357,-0.03922152712771987,-0.00792146573883179,0.007029760766566695,results/benchmark_metrics/model_summary_json/XGBoost__ECFP4__summary.json,results/benchmark_metrics/model_summary_json/XGBoost__RDKit__summary.json,results/benchmark_metrics/model_summary_json/XGBoost__QM__summary.json,results/benchmark_metrics/model_summary_json/XGBoost__RDKit_QM__summary.json
XGBoost,horseradish,0.8642495144172873,0.9523011178151195,0.9566794777224811,0.9494226721447541,0.08805160339783225,0.09242996330519382,0.08517315772746681,results/benchmark_metrics/model_summary_json/XGBoost__ECFP4__summary.json,results/benchmark_metrics/model_summary_json/XGBoost__RDKit__summary.json,results/benchmark_metrics/model_summary_json/XGBoost__QM__summary.json,results/benchmark_metrics/model_summary_json/XGBoost__RDKit_QM__summary.json
XGBoost,jasmine,0.872941923702324,0.7781065981571557,0.8327876933035128,0.8325064360157157,-0.09483532554516838,-0.040154230398811275,-0.04043548768660832,results/benchmark_metrics/model_summary_json/XGBoost__ECFP4__summary.json,results/benchmark_metrics/model_summary_json/XGBoost__RDKit__summary.json,results/benchmark_metrics/model_summary_json/XGBoost__QM__summary.json,results/benchmark_metrics/model_summary_json/XGBoost__RDKit_QM__summary.json
XGBoost,ketonic,0.9398102454420222,0.9287124265556546,0.9340763066871807,0.9460786417660613,-0.011097818886367627,-0.005733938754841517,0.006268396324039083,results/benchmark_metrics/model_summary_json/XGBoost__ECFP4__summary.json,results/benchmark_metrics/model_summary_json/XGBoost__RDKit__summary.json,results/benchmark_metrics/model_summary_json/XGBoost__QM__summary.json,results/benchmark_metrics/model_summary_json/XGBoost__RDKit_QM__summary.json
XGBoost,leafy,0.656644610600717,0.6712950129316989,0.5996458086391175,0.732435920193037,0.014650402330981915,-0.056998801961599455,0.07579130959232006,results/benchmark_metrics/model_summary_json/XGBoost__ECFP4__summary.json,results/benchmark_metrics/model_summary_json/XGBoost__RDKit__summary.json,results/benchmark_metrics/model_summary_json/XGBoost__QM__summary.json,results/benchmark_metrics/model_summary_json/XGBoost__RDKit_QM__summary.json
XGBoost,leathery,0.8500495964634597,0.8727749259122243,0.857576354293931,0.8731028606731991,0.022725329448764597,0.007526757830471298,0.02305326420973941,results/benchmark_metrics/model_summary_json/XGBoost__ECFP4__summary.json,results/benchmark_metrics/model_summary_json/XGBoost__RDKit__summary.json,results/benchmark_metrics/model_summary_json/XGBoost__QM__summary.json,results/benchmark_metrics/model_summary_json/XGBoost__RDKit_QM__summary.json
XGBoost,lemon,0.8777404128112736,0.810474269238302,0.8443052248498109,0.8780972424660453,-0.06726614357297156,-0.03343518796146272,0.00035682965477168427,results/benchmark_metrics/model_summary_json/XGBoost__ECFP4__summary.json,results/benchmark_metrics/model_summary_json/XGBoost__RDKit__summary.json,results/benchmark_metrics/model_summary_json/XGBoost__QM__summary.json,results/benchmark_metrics/model_summary_json/XGBoost__RDKit_QM__summary.json
XGBoost,malty,0.8737490167330636,0.7929668911218793,0.821205825387058,0.8262848134412163,-0.08078212561118425,-0.0525431913460056,-0.04746420329184731,results/benchmark_metrics/model_summary_json/XGBoost__ECFP4__summary.json,results/benchmark_metrics/model_summary_json/XGBoost__RDKit__summary.json,results/benchmark_metrics/model_summary_json/XGBoost__QM__summary.json,results/benchmark_metrics/model_summary_json/XGBoost__RDKit_QM__summary.json
XGBoost,meaty,0.927553080635038,0.9179970761253358,0.8948472140605382,0.9296287934953936,-0.009556004509702287,-0.03270586657449981,0.002075712860355572,results/benchmark_metrics/model_summary_json/XGBoost__ECFP4__summary.json,results/benchmark_metrics/model_summary_json/XGBoost__RDKit__summary.json,results/benchmark_metrics/model_summary_json/XGBoost__QM__summary.json,results/benchmark_metrics/model_summary_json/XGBoost__RDKit_QM__summary.json
XGBoost,medicinal,0.9187416134869568,0.9152466191020944,0.9150721433028595,0.9279740917433992,-0.0034949943848624487,-0.0036694701840973565,0.009232478256442356,results/benchmark_metrics/model_summary_json/XGBoost__ECFP4__summary.json,results/benchmark_metrics/model_summary_json/XGBoost__RDKit__summary.json,results/benchmark_metrics/model_summary_json/XGBoost__QM__summary.json,results/benchmark_metrics/model_summary_json/XGBoost__RDKit_QM__summary.json
XGBoost,melon,0.8244833377485161,0.7783659575541035,0.800321298167928,0.7952419876646506,-0.04611738019441258,-0.024162039580588157,-0.029241350083865525,results/benchmark_metrics/model_summary_json/XGBoost__ECFP4__summary.json,results/benchmark_metrics/model_summary_json/XGBoost__RDKit__summary.json,results/benchmark_metrics/model_summary_json/XGBoost__QM__summary.json,results/benchmark_metrics/model_summary_json/XGBoost__RDKit_QM__summary.json
XGBoost,metallic,0.636264087388523,0.6801469804743913,0.6594924749318373,0.7149453248602781,0.043882893085868235,0.023228387543314244,0.07868123747175504,results/benchmark_metrics/model_summary_json/XGBoost__ECFP4__summary.json,results/benchmark_metrics/model_summary_json/XGBoost__RDKit__summary.json,results/benchmark_metrics/model_summary_json/XGBoost__QM__summary.json,results/benchmark_metrics/model_summary_json/XGBoost__RDKit_QM__summary.json
XGBoost,milky,0.6809808519738122,0.602770000822025,0.6844473535051774,0.6981318560508558,-0.07821085115178716,0.003466501531365185,0.01715100407704362,results/benchmark_metrics/model_summary_json/XGBoost__ECFP4__summary.json,results/benchmark_metrics/model_summary_json/XGBoost__RDKit__summary.json,results/benchmark_metrics/model_summary_json/XGBoost__QM__summary.json,results/benchmark_metrics/model_summary_json/XGBoost__RDKit_QM__summary.json
XGBoost,mint,0.9110847990866,0.8802375243192161,0.8987666442911888,0.9082708539987667,-0.030847274767383914,-0.012318154795411207,-0.0028139450878332806,results/benchmark_metrics/model_summary_json/XGBoost__ECFP4__summary.json,results/benchmark_metrics/model_summary_json/XGBoost__RDKit__summary.json,results/benchmark_metrics/model_summary_json/XGBoost__QM__summary.json,results/benchmark_metrics/model_summary_json/XGBoost__RDKit_QM__summary.json
XGBoost,mushroom,0.7361701449691262,0.7118870614416262,0.762987001962825,0.7946661491323966,-0.024283083527500082,0.026816856993698734,0.05849600416327039,results/benchmark_metrics/model_summary_json/XGBoost__ECFP4__summary.json,results/benchmark_metrics/model_summary_json/XGBoost__RDKit__summary.json,results/benchmark_metrics/model_summary_json/XGBoost__QM__summary.json,results/benchmark_metrics/model_summary_json/XGBoost__RDKit_QM__summary.json
XGBoost,musk,0.7748849363080631,0.8688968660759844,0.8553488136897819,0.8268322458430468,0.09401192976792128,0.08046387738171878,0.05194730953498372,results/benchmark_metrics/model_summary_json/XGBoost__ECFP4__summary.json,results/benchmark_metrics/model_summary_json/XGBoost__RDKit__summary.json,results/benchmark_metrics/model_summary_json/XGBoost__QM__summary.json,results/benchmark_metrics/model_summary_json/XGBoost__RDKit_QM__summary.json
XGBoost,musty,0.7060999709952936,0.7237245218532011,0.7434090534745683,0.7554719970876764,0.017624550857907484,0.03730908247927467,0.04937202609238278,results/benchmark_metrics/model_summary_json/XGBoost__ECFP4__summary.json,results/benchmark_metrics/model_summary_json/XGBoost__RDKit__summary.json,results/benchmark_metrics/model_summary_json/XGBoost__QM__summary.json,results/benchmark_metrics/model_summary_json/XGBoost__RDKit_QM__summary.json
XGBoost,nutty,0.7870929218089303,0.8132664567606043,0.8253887038307196,0.8357730853788962,0.02617353495167396,0.03829578202178929,0.04868016356996585,results/benchmark_metrics/model_summary_json/XGBoost__ECFP4__summary.json,results/benchmark_metrics/model_summary_json/XGBoost__RDKit__summary.json,results/benchmark_metrics/model_summary_json/XGBoost__QM__summary.json,results/benchmark_metrics/model_summary_json/XGBoost__RDKit_QM__summary.json
XGBoost,oily,0.8581646625077479,0.8588224497545838,0.8358657158931593,0.8757512991647571,0.0006577872468358503,-0.022298946614588644,0.017586636657009214,results/benchmark_metrics/model_summary_json/XGBoost__ECFP4__summary.json,results/benchmark_metrics/model_summary_json/XGBoost__RDKit__summary.json,results/benchmark_metrics/model_summary_json/XGBoost__QM__summary.json,results/benchmark_metrics/model_summary_json/XGBoost__RDKit_QM__summary.json
XGBoost,onion,0.9669891921783604,0.9574790115082525,0.9474359411646407,0.9678004532569933,-0.009510180670107893,-0.01955325101371974,0.00081126107863283,results/benchmark_metrics/model_summary_json/XGBoost__ECFP4__summary.json,results/benchmark_metrics/model_summary_json/XGBoost__RDKit__summary.json,results/benchmark_metrics/model_summary_json/XGBoost__QM__summary.json,results/benchmark_metrics/model_summary_json/XGBoost__RDKit_QM__summary.json
XGBoost,orange,0.7917107494941467,0.8485921960052341,0.8468260063848193,0.8987184680965953,0.0568814465110874,0.05511525689067265,0.10700771860244862,results/benchmark_metrics/model_summary_json/XGBoost__ECFP4__summary.json,results/benchmark_metrics/model_summary_json/XGBoost__RDKit__summary.json,results/benchmark_metrics/model_summary_json/XGBoost__QM__summary.json,results/benchmark_metrics/model_summary_json/XGBoost__RDKit_QM__summary.json
XGBoost,orris,0.7230639256646286,0.7733776160092889,0.7804909781304926,0.8063617969274393,0.05031369034466027,0.05742705246586399,0.08329787126281063,results/benchmark_metrics/model_summary_json/XGBoost__ECFP4__summary.json,results/benchmark_metrics/model_summary_json/XGBoost__RDKit__summary.json,results/benchmark_metrics/model_summary_json/XGBoost__QM__summary.json,results/benchmark_metrics/model_summary_json/XGBoost__RDKit_QM__summary.json
XGBoost,peach,0.8219985140219455,0.7407883033218932,0.7823554053337115,0.7765365504255269,-0.0812102107000523,-0.03964310868823395,-0.04546196359641852,results/benchmark_metrics/model_summary_json/XGBoost__ECFP4__summary.json,results/benchmark_metrics/model_summary_json/XGBoost__RDKit__summary.json,results/benchmark_metrics/model_summary_json/XGBoost__QM__summary.json,results/benchmark_metrics/model_summary_json/XGBoost__RDKit_QM__summary.json
XGBoost,pear,0.9047900239527763,0.8847591226530078,0.8841717821409512,0.9071196205664613,-0.020030901299768478,-0.020618241811825144,0.0023295966136850366,results/benchmark_metrics/model_summary_json/XGBoost__ECFP4__summary.json,results/benchmark_metrics/model_summary_json/XGBoost__RDKit__summary.json,results/benchmark_metrics/model_summary_json/XGBoost__QM__summary.json,results/benchmark_metrics/model_summary_json/XGBoost__RDKit_QM__summary.json
XGBoost,phenolic,0.9563659720346782,0.9586215725865724,0.9691969187469553,0.9696069966753388,0.0022556005518942213,0.012830946712277136,0.01324102464066057,results/benchmark_metrics/model_summary_json/XGBoost__ECFP4__summary.json,results/benchmark_metrics/model_summary_json/XGBoost__RDKit__summary.json,results/benchmark_metrics/model_summary_json/XGBoost__QM__summary.json,results/benchmark_metrics/model_summary_json/XGBoost__RDKit_QM__summary.json
XGBoost,pine,0.8834157399454703,0.8631703811980926,0.9266750027867786,0.9198482468074912,-0.02024535874737765,0.04325926284130832,0.03643250686202093,results/benchmark_metrics/model_summary_json/XGBoost__ECFP4__summary.json,results/benchmark_metrics/model_summary_json/XGBoost__RDKit__summary.json,results/benchmark_metrics/model_summary_json/XGBoost__QM__summary.json,results/benchmark_metrics/model_summary_json/XGBoost__RDKit_QM__summary.json
XGBoost,pineapple,0.9003667352207827,0.8949294969454462,0.899078820780338,0.9173190839737535,-0.005437238275336487,-0.0012879144404447374,0.016952348752970803,results/benchmark_metrics/model_summary_json/XGBoost__ECFP4__summary.json,results/benchmark_metrics/model_summary_json/XGBoost__RDKit__summary.json,results/benchmark_metrics/model_summary_json/XGBoost__QM__summary.json,results/benchmark_metrics/model_summary_json/XGBoost__RDKit_QM__summary.json
XGBoost,plum,0.6737290694895248,0.6563176888613435,0.7069777885733788,0.725304292126847,-0.017411380628181372,0.03324871908385396,0.05157522263732217,results/benchmark_metrics/model_summary_json/XGBoost__ECFP4__summary.json,results/benchmark_metrics/model_summary_json/XGBoost__RDKit__summary.json,results/benchmark_metrics/model_summary_json/XGBoost__QM__summary.json,results/benchmark_metrics/model_summary_json/XGBoost__RDKit_QM__summary.json
XGBoost,popcorn,0.9329396552430941,0.9425150749395292,0.9585677348802578,0.9808466838234056,0.009575419696435161,0.025628079637163736,0.047907028580311484,results/benchmark_metrics/model_summary_json/XGBoost__ECFP4__summary.json,results/benchmark_metrics/model_summary_json/XGBoost__RDKit__summary.json,results/benchmark_metrics/model_summary_json/XGBoost__QM__summary.json,results/benchmark_metrics/model_summary_json/XGBoost__RDKit_QM__summary.json
XGBoost,potato,0.8982072432041829,0.8439652929154271,0.9087103537371745,0.9630040755080083,-0.05424195028875578,0.010503110532991577,0.06479683230382538,results/benchmark_metrics/model_summary_json/XGBoost__ECFP4__summary.json,results/benchmark_metrics/model_summary_json/XGBoost__RDKit__summary.json,results/benchmark_metrics/model_summary_json/XGBoost__QM__summary.json,results/benchmark_metrics/model_summary_json/XGBoost__RDKit_QM__summary.json
XGBoost,pungent,0.794933771109107,0.8624597322372859,0.855956317730492,0.8762601356644861,0.06752596112817888,0.061022546621384954,0.08132636455537912,results/benchmark_metrics/model_summary_json/XGBoost__ECFP4__summary.json,results/benchmark_metrics/model_summary_json/XGBoost__RDKit__summary.json,results/benchmark_metrics/model_summary_json/XGBoost__QM__summary.json,results/benchmark_metrics/model_summary_json/XGBoost__RDKit_QM__summary.json
XGBoost,radish,0.792766938766966,0.8159485195053124,0.8234524343437422,0.8502834614281367,0.02318158073834642,0.030685495576776134,0.05751652266117069,results/benchmark_metrics/model_summary_json/XGBoost__ECFP4__summary.json,results/benchmark_metrics/model_summary_json/XGBoost__RDKit__summary.json,results/benchmark_metrics/model_summary_json/XGBoost__QM__summary.json,results/benchmark_metrics/model_summary_json/XGBoost__RDKit_QM__summary.json
XGBoost,ripe,0.6884505100405149,0.7274910243637186,0.6623558868261069,0.7490954879452534,0.03904051432320366,-0.02609462321440803,0.06064497790473844,results/benchmark_metrics/model_summary_json/XGBoost__ECFP4__summary.json,results/benchmark_metrics/model_summary_json/XGBoost__RDKit__summary.json,results/benchmark_metrics/model_summary_json/XGBoost__QM__summary.json,results/benchmark_metrics/model_summary_json/XGBoost__RDKit_QM__summary.json
XGBoost,roasted,0.9001066524477181,0.9053225087413186,0.9049303886413046,0.9218636208393797,0.0052158562936004405,0.0048237361935864476,0.021756968391661524,results/benchmark_metrics/model_summary_json/XGBoost__ECFP4__summary.json,results/benchmark_metrics/model_summary_json/XGBoost__RDKit__summary.json,results/benchmark_metrics/model_summary_json/XGBoost__QM__summary.json,results/benchmark_metrics/model_summary_json/XGBoost__RDKit_QM__summary.json
XGBoost,rose,0.8675331185098996,0.8235869211739246,0.8777545131838498,0.8922750090936779,-0.043946197335974935,0.010221394673950224,0.024741890583778292,results/benchmark_metrics/model_summary_json/XGBoost__ECFP4__summary.json,results/benchmark_metrics/model_summary_json/XGBoost__RDKit__summary.json,results/benchmark_metrics/model_summary_json/XGBoost__QM__summary.json,results/benchmark_metrics/model_summary_json/XGBoost__RDKit_QM__summary.json
XGBoost,rum,0.8426024290048979,0.8571615659241868,0.8908029062929261,0.9057362778781831,0.014559136919288895,0.04820047728802823,0.06313384887328521,results/benchmark_metrics/model_summary_json/XGBoost__ECFP4__summary.json,results/benchmark_metrics/model_summary_json/XGBoost__RDKit__summary.json,results/benchmark_metrics/model_summary_json/XGBoost__QM__summary.json,results/benchmark_metrics/model_summary_json/XGBoost__RDKit_QM__summary.json
XGBoost,savory,0.9439929102408083,0.9107935655021869,0.9107450185666434,0.9245540478716968,-0.033199344738621406,-0.033247891674164975,-0.01943886236911152,results/benchmark_metrics/model_summary_json/XGBoost__ECFP4__summary.json,results/benchmark_metrics/model_summary_json/XGBoost__RDKit__summary.json,results/benchmark_metrics/model_summary_json/XGBoost__QM__summary.json,results/benchmark_metrics/model_summary_json/XGBoost__RDKit_QM__summary.json
XGBoost,sharp,0.6385375455696456,0.7498901681161817,0.7577618485698612,0.7928711640200486,0.1113526225465361,0.11922430300021558,0.15433361845040305,results/benchmark_metrics/model_summary_json/XGBoost__ECFP4__summary.json,results/benchmark_metrics/model_summary_json/XGBoost__RDKit__summary.json,results/benchmark_metrics/model_summary_json/XGBoost__QM__summary.json,results/benchmark_metrics/model_summary_json/XGBoost__RDKit_QM__summary.json
XGBoost,smoky,0.9428763169296397,0.9522293629912248,0.93910650071667,0.9662856642031274,0.009353046061585157,-0.003769816212969679,0.023409347273487757,results/benchmark_metrics/model_summary_json/XGBoost__ECFP4__summary.json,results/benchmark_metrics/model_summary_json/XGBoost__RDKit__summary.json,results/benchmark_metrics/model_summary_json/XGBoost__QM__summary.json,results/benchmark_metrics/model_summary_json/XGBoost__RDKit_QM__summary.json
XGBoost,solvent,0.8100217923074476,0.8945930115465229,0.9265802648646492,0.9198359839237412,0.08457121923907529,0.11655847255720153,0.10981419161629358,results/benchmark_metrics/model_summary_json/XGBoost__ECFP4__summary.json,results/benchmark_metrics/model_summary_json/XGBoost__RDKit__summary.json,results/benchmark_metrics/model_summary_json/XGBoost__QM__summary.json,results/benchmark_metrics/model_summary_json/XGBoost__RDKit_QM__summary.json
XGBoost,sour,0.7999930937750976,0.7105188827736082,0.8278535045479757,0.8198778191616716,-0.08947421100148945,0.02786041077287804,0.01988472538657393,results/benchmark_metrics/model_summary_json/XGBoost__ECFP4__summary.json,results/benchmark_metrics/model_summary_json/XGBoost__RDKit__summary.json,results/benchmark_metrics/model_summary_json/XGBoost__QM__summary.json,results/benchmark_metrics/model_summary_json/XGBoost__RDKit_QM__summary.json
XGBoost,spicy,0.8393078587535232,0.8104690007697235,0.8345540199035847,0.8486218255917531,-0.028838857983799704,-0.004753838849938519,0.009313966838229937,results/benchmark_metrics/model_summary_json/XGBoost__ECFP4__summary.json,results/benchmark_metrics/model_summary_json/XGBoost__RDKit__summary.json,results/benchmark_metrics/model_summary_json/XGBoost__QM__summary.json,results/benchmark_metrics/model_summary_json/XGBoost__RDKit_QM__summary.json
XGBoost,strawberry,0.7775938909584672,0.6121530086609368,0.5979875811546544,0.6128237492268382,-0.1654408822975304,-0.17960630980381276,-0.16477014173162896,results/benchmark_metrics/model_summary_json/XGBoost__ECFP4__summary.json,results/benchmark_metrics/model_summary_json/XGBoost__RDKit__summary.json,results/benchmark_metrics/model_summary_json/XGBoost__QM__summary.json,results/benchmark_metrics/model_summary_json/XGBoost__RDKit_QM__summary.json
XGBoost,sulfurous,0.9533662424283605,0.9532593000749527,0.9414605739555795,0.9629806140323922,-0.00010694235340780178,-0.011905668472781072,0.009614371604031668,results/benchmark_metrics/model_summary_json/XGBoost__ECFP4__summary.json,results/benchmark_metrics/model_summary_json/XGBoost__RDKit__summary.json,results/benchmark_metrics/model_summary_json/XGBoost__QM__summary.json,results/benchmark_metrics/model_summary_json/XGBoost__RDKit_QM__summary.json
XGBoost,sweet,0.7327459151939438,0.7249448420545771,0.7165132128757336,0.7450302510311452,-0.007801073139366732,-0.01623270231821028,0.012284335837201343,results/benchmark_metrics/model_summary_json/XGBoost__ECFP4__summary.json,results/benchmark_metrics/model_summary_json/XGBoost__RDKit__summary.json,results/benchmark_metrics/model_summary_json/XGBoost__QM__summary.json,results/benchmark_metrics/model_summary_json/XGBoost__RDKit_QM__summary.json
XGBoost,tea,0.6316937187433205,0.7207751923778504,0.7037126521918549,0.7261594460882799,0.0890814736345299,0.07201893344853438,0.0944657273449594,results/benchmark_metrics/model_summary_json/XGBoost__ECFP4__summary.json,results/benchmark_metrics/model_summary_json/XGBoost__RDKit__summary.json,results/benchmark_metrics/model_summary_json/XGBoost__QM__summary.json,results/benchmark_metrics/model_summary_json/XGBoost__RDKit_QM__summary.json
XGBoost,tobacco,0.8430287796062383,0.8379064230563584,0.8084177094779935,0.85474762971775,-0.005122356549879914,-0.034611070128244825,0.011718850111511636,results/benchmark_metrics/model_summary_json/XGBoost__ECFP4__summary.json,results/benchmark_metrics/model_summary_json/XGBoost__RDKit__summary.json,results/benchmark_metrics/model_summary_json/XGBoost__QM__summary.json,results/benchmark_metrics/model_summary_json/XGBoost__RDKit_QM__summary.json
XGBoost,tomato,0.7599630100627105,0.8375308365414444,0.7970461635851616,0.8635733611031522,0.07756782647873395,0.03708315352245106,0.1036103510404417,results/benchmark_metrics/model_summary_json/XGBoost__ECFP4__summary.json,results/benchmark_metrics/model_summary_json/XGBoost__RDKit__summary.json,results/benchmark_metrics/model_summary_json/XGBoost__QM__summary.json,results/benchmark_metrics/model_summary_json/XGBoost__RDKit_QM__summary.json
XGBoost,tropical,0.8166767551336186,0.8243192539476413,0.8435144186717967,0.857833565287977,0.00764249881402268,0.02683766353817807,0.04115681015435846,results/benchmark_metrics/model_summary_json/XGBoost__ECFP4__summary.json,results/benchmark_metrics/model_summary_json/XGBoost__RDKit__summary.json,results/benchmark_metrics/model_summary_json/XGBoost__QM__summary.json,results/benchmark_metrics/model_summary_json/XGBoost__RDKit_QM__summary.json
XGBoost,vanilla,0.9364990196610652,0.9269609213765053,0.9434813269019344,0.9470954849553678,-0.00953809828455987,0.006982307240869234,0.010596465294302582,results/benchmark_metrics/model_summary_json/XGBoost__ECFP4__summary.json,results/benchmark_metrics/model_summary_json/XGBoost__RDKit__summary.json,results/benchmark_metrics/model_summary_json/XGBoost__QM__summary.json,results/benchmark_metrics/model_summary_json/XGBoost__RDKit_QM__summary.json
XGBoost,vegetable,0.8304864394104954,0.8336446350506685,0.8362807703461403,0.8676515299761413,0.003158195640173167,0.005794330935644965,0.037165090565645875,results/benchmark_metrics/model_summary_json/XGBoost__ECFP4__summary.json,results/benchmark_metrics/model_summary_json/XGBoost__RDKit__summary.json,results/benchmark_metrics/model_summary_json/XGBoost__QM__summary.json,results/benchmark_metrics/model_summary_json/XGBoost__RDKit_QM__summary.json
XGBoost,violet,0.7597451964033833,0.7396889772111062,0.8564147758472431,0.883838050874566,-0.02005621919227718,0.09666957944385979,0.12409285447118268,results/benchmark_metrics/model_summary_json/XGBoost__ECFP4__summary.json,results/benchmark_metrics/model_summary_json/XGBoost__RDKit__summary.json,results/benchmark_metrics/model_summary_json/XGBoost__QM__summary.json,results/benchmark_metrics/model_summary_json/XGBoost__RDKit_QM__summary.json
XGBoost,warm,0.6951558804725225,0.7855564627131402,0.710797443479428,0.7490470103520164,0.09040058224061764,0.015641563006905446,0.05389112987949385,results/benchmark_metrics/model_summary_json/XGBoost__ECFP4__summary.json,results/benchmark_metrics/model_summary_json/XGBoost__RDKit__summary.json,results/benchmark_metrics/model_summary_json/XGBoost__QM__summary.json,results/benchmark_metrics/model_summary_json/XGBoost__RDKit_QM__summary.json
XGBoost,waxy,0.8937885921915184,0.9024835345111428,0.8950193925837828,0.9106391067706848,0.008694942319624421,0.0012308003922644195,0.01685051457916642,results/benchmark_metrics/model_summary_json/XGBoost__ECFP4__summary.json,results/benchmark_metrics/model_summary_json/XGBoost__RDKit__summary.json,results/benchmark_metrics/model_summary_json/XGBoost__QM__summary.json,results/benchmark_metrics/model_summary_json/XGBoost__RDKit_QM__summary.json
XGBoost,winey,0.8555847717689697,0.8448678461132152,0.8496615514951905,0.8791066109570241,-0.01071692565575455,-0.005923220273779228,0.023521839188054394,results/benchmark_metrics/model_summary_json/XGBoost__ECFP4__summary.json,results/benchmark_metrics/model_summary_json/XGBoost__RDKit__summary.json,results/benchmark_metrics/model_summary_json/XGBoost__QM__summary.json,results/benchmark_metrics/model_summary_json/XGBoost__RDKit_QM__summary.json
XGBoost,woody,0.8523817310055973,0.850031720482433,0.8363965224546541,0.8537459206616811,-0.002350010523164303,-0.01598520855094321,0.0013641896560837585,results/benchmark_metrics/model_summary_json/XGBoost__ECFP4__summary.json,results/benchmark_metrics/model_summary_json/XGBoost__RDKit__summary.json,results/benchmark_metrics/model_summary_json/XGBoost__QM__summary.json,results/benchmark_metrics/model_summary_json/XGBoost__RDKit_QM__summary.json
