model,representation,label,test_label_auc_mean,test_label_auc_std,test_label_auc_fold_1,test_label_auc_fold_2,test_label_auc_fold_3,test_label_auc_fold_4,test_label_auc_fold_5,source_json,label_metric_structure
CNN,ECFP4,alcoholic,0.9178883069306643,,,,,,,results/benchmark_metrics/model_summary_json/CNN__ECFP4__summary.json,mean_only_scalar
CNN,ECFP4,aldehydic,0.7372683493278938,,,,,,,results/benchmark_metrics/model_summary_json/CNN__ECFP4__summary.json,mean_only_scalar
CNN,ECFP4,alliaceous,0.8583327743023668,,,,,,,results/benchmark_metrics/model_summary_json/CNN__ECFP4__summary.json,mean_only_scalar
CNN,ECFP4,almond,0.8570184022891357,,,,,,,results/benchmark_metrics/model_summary_json/CNN__ECFP4__summary.json,mean_only_scalar
CNN,ECFP4,animal,0.7637638131608753,,,,,,,results/benchmark_metrics/model_summary_json/CNN__ECFP4__summary.json,mean_only_scalar
CNN,ECFP4,anisic,0.8755749092154907,,,,,,,results/benchmark_metrics/model_summary_json/CNN__ECFP4__summary.json,mean_only_scalar
CNN,ECFP4,apple,0.8489119285973039,,,,,,,results/benchmark_metrics/model_summary_json/CNN__ECFP4__summary.json,mean_only_scalar
CNN,ECFP4,apricot,0.7952287430537869,,,,,,,results/benchmark_metrics/model_summary_json/CNN__ECFP4__summary.json,mean_only_scalar
CNN,ECFP4,aromatic,0.7614404507032418,,,,,,,results/benchmark_metrics/model_summary_json/CNN__ECFP4__summary.json,mean_only_scalar
CNN,ECFP4,balsamic,0.8832820307996225,,,,,,,results/benchmark_metrics/model_summary_json/CNN__ECFP4__summary.json,mean_only_scalar
CNN,ECFP4,banana,0.878257554968649,,,,,,,results/benchmark_metrics/model_summary_json/CNN__ECFP4__summary.json,mean_only_scalar
CNN,ECFP4,beefy,0.7888501434706822,,,,,,,results/benchmark_metrics/model_summary_json/CNN__ECFP4__summary.json,mean_only_scalar
CNN,ECFP4,berry,0.7004976370209484,,,,,,,results/benchmark_metrics/model_summary_json/CNN__ECFP4__summary.json,mean_only_scalar
CNN,ECFP4,black currant,0.7249889684936278,,,,,,,results/benchmark_metrics/model_summary_json/CNN__ECFP4__summary.json,mean_only_scalar
CNN,ECFP4,brandy,0.7871493953149844,,,,,,,results/benchmark_metrics/model_summary_json/CNN__ECFP4__summary.json,mean_only_scalar
CNN,ECFP4,bread,0.8451365092406423,,,,,,,results/benchmark_metrics/model_summary_json/CNN__ECFP4__summary.json,mean_only_scalar
CNN,ECFP4,brothy,0.8488484151461823,,,,,,,results/benchmark_metrics/model_summary_json/CNN__ECFP4__summary.json,mean_only_scalar
CNN,ECFP4,burnt,0.837063128191464,,,,,,,results/benchmark_metrics/model_summary_json/CNN__ECFP4__summary.json,mean_only_scalar
CNN,ECFP4,buttery,0.7080446959864921,,,,,,,results/benchmark_metrics/model_summary_json/CNN__ECFP4__summary.json,mean_only_scalar
CNN,ECFP4,cabbage,0.6631641197552006,,,,,,,results/benchmark_metrics/model_summary_json/CNN__ECFP4__summary.json,mean_only_scalar
CNN,ECFP4,camphoreous,0.8714127369252036,,,,,,,results/benchmark_metrics/model_summary_json/CNN__ECFP4__summary.json,mean_only_scalar
CNN,ECFP4,caramellic,0.767411776149065,,,,,,,results/benchmark_metrics/model_summary_json/CNN__ECFP4__summary.json,mean_only_scalar
CNN,ECFP4,catty,0.8000095736557071,,,,,,,results/benchmark_metrics/model_summary_json/CNN__ECFP4__summary.json,mean_only_scalar
CNN,ECFP4,chamomile,0.9012739337541162,,,,,,,results/benchmark_metrics/model_summary_json/CNN__ECFP4__summary.json,mean_only_scalar
CNN,ECFP4,cheesy,0.8318738660084716,,,,,,,results/benchmark_metrics/model_summary_json/CNN__ECFP4__summary.json,mean_only_scalar
CNN,ECFP4,cherry,0.8197853472595227,,,,,,,results/benchmark_metrics/model_summary_json/CNN__ECFP4__summary.json,mean_only_scalar
CNN,ECFP4,chicken,0.7643990377880749,,,,,,,results/benchmark_metrics/model_summary_json/CNN__ECFP4__summary.json,mean_only_scalar
CNN,ECFP4,chocolate,0.6510740072879715,,,,,,,results/benchmark_metrics/model_summary_json/CNN__ECFP4__summary.json,mean_only_scalar
CNN,ECFP4,cinnamon,0.8411978172291221,,,,,,,results/benchmark_metrics/model_summary_json/CNN__ECFP4__summary.json,mean_only_scalar
CNN,ECFP4,citrus,0.8131410191195091,,,,,,,results/benchmark_metrics/model_summary_json/CNN__ECFP4__summary.json,mean_only_scalar
CNN,ECFP4,cocoa,0.6920255059262271,,,,,,,results/benchmark_metrics/model_summary_json/CNN__ECFP4__summary.json,mean_only_scalar
CNN,ECFP4,coconut,0.7441369309411514,,,,,,,results/benchmark_metrics/model_summary_json/CNN__ECFP4__summary.json,mean_only_scalar
CNN,ECFP4,coffee,0.8972809481366969,,,,,,,results/benchmark_metrics/model_summary_json/CNN__ECFP4__summary.json,mean_only_scalar
CNN,ECFP4,cognac,0.8619039592194341,,,,,,,results/benchmark_metrics/model_summary_json/CNN__ECFP4__summary.json,mean_only_scalar
CNN,ECFP4,coumarinic,0.8635685966430395,,,,,,,results/benchmark_metrics/model_summary_json/CNN__ECFP4__summary.json,mean_only_scalar
CNN,ECFP4,creamy,0.6525296896220225,,,,,,,results/benchmark_metrics/model_summary_json/CNN__ECFP4__summary.json,mean_only_scalar
CNN,ECFP4,cucumber,0.9324597235057113,,,,,,,results/benchmark_metrics/model_summary_json/CNN__ECFP4__summary.json,mean_only_scalar
CNN,ECFP4,dairy,0.7324094433851143,,,,,,,results/benchmark_metrics/model_summary_json/CNN__ECFP4__summary.json,mean_only_scalar
CNN,ECFP4,dry,0.7676399837882203,,,,,,,results/benchmark_metrics/model_summary_json/CNN__ECFP4__summary.json,mean_only_scalar
CNN,ECFP4,earthy,0.6472711405555837,,,,,,,results/benchmark_metrics/model_summary_json/CNN__ECFP4__summary.json,mean_only_scalar
CNN,ECFP4,ethereal,0.8595825988288386,,,,,,,results/benchmark_metrics/model_summary_json/CNN__ECFP4__summary.json,mean_only_scalar
CNN,ECFP4,fatty,0.8444693600021151,,,,,,,results/benchmark_metrics/model_summary_json/CNN__ECFP4__summary.json,mean_only_scalar
CNN,ECFP4,fermented,0.7835156260203211,,,,,,,results/benchmark_metrics/model_summary_json/CNN__ECFP4__summary.json,mean_only_scalar
CNN,ECFP4,fishy,0.8892267764092571,,,,,,,results/benchmark_metrics/model_summary_json/CNN__ECFP4__summary.json,mean_only_scalar
CNN,ECFP4,floral,0.7693655747126714,,,,,,,results/benchmark_metrics/model_summary_json/CNN__ECFP4__summary.json,mean_only_scalar
CNN,ECFP4,fresh,0.6502917179670338,,,,,,,results/benchmark_metrics/model_summary_json/CNN__ECFP4__summary.json,mean_only_scalar
CNN,ECFP4,fruity,0.8328293266812308,,,,,,,results/benchmark_metrics/model_summary_json/CNN__ECFP4__summary.json,mean_only_scalar
CNN,ECFP4,garlic,0.937318774013535,,,,,,,results/benchmark_metrics/model_summary_json/CNN__ECFP4__summary.json,mean_only_scalar
CNN,ECFP4,gasoline,0.8986421252395285,,,,,,,results/benchmark_metrics/model_summary_json/CNN__ECFP4__summary.json,mean_only_scalar
CNN,ECFP4,grape,0.8388756746259258,,,,,,,results/benchmark_metrics/model_summary_json/CNN__ECFP4__summary.json,mean_only_scalar
CNN,ECFP4,grapefruit,0.7357673611569864,,,,,,,results/benchmark_metrics/model_summary_json/CNN__ECFP4__summary.json,mean_only_scalar
CNN,ECFP4,grassy,0.8382821105635448,,,,,,,results/benchmark_metrics/model_summary_json/CNN__ECFP4__summary.json,mean_only_scalar
CNN,ECFP4,green,0.7046126158645725,,,,,,,results/benchmark_metrics/model_summary_json/CNN__ECFP4__summary.json,mean_only_scalar
CNN,ECFP4,hay,0.8582021423512369,,,,,,,results/benchmark_metrics/model_summary_json/CNN__ECFP4__summary.json,mean_only_scalar
CNN,ECFP4,hazelnut,0.8672628142661676,,,,,,,results/benchmark_metrics/model_summary_json/CNN__ECFP4__summary.json,mean_only_scalar
CNN,ECFP4,herbal,0.6696420679455639,,,,,,,results/benchmark_metrics/model_summary_json/CNN__ECFP4__summary.json,mean_only_scalar
CNN,ECFP4,honey,0.8960384214878404,,,,,,,results/benchmark_metrics/model_summary_json/CNN__ECFP4__summary.json,mean_only_scalar
CNN,ECFP4,horseradish,0.9034834678048833,,,,,,,results/benchmark_metrics/model_summary_json/CNN__ECFP4__summary.json,mean_only_scalar
CNN,ECFP4,jasmine,0.8488524325655238,,,,,,,results/benchmark_metrics/model_summary_json/CNN__ECFP4__summary.json,mean_only_scalar
CNN,ECFP4,ketonic,0.8628575855047049,,,,,,,results/benchmark_metrics/model_summary_json/CNN__ECFP4__summary.json,mean_only_scalar
CNN,ECFP4,leafy,0.6722067529383133,,,,,,,results/benchmark_metrics/model_summary_json/CNN__ECFP4__summary.json,mean_only_scalar
CNN,ECFP4,leathery,0.8477896427277056,,,,,,,results/benchmark_metrics/model_summary_json/CNN__ECFP4__summary.json,mean_only_scalar
CNN,ECFP4,lemon,0.8570621661072527,,,,,,,results/benchmark_metrics/model_summary_json/CNN__ECFP4__summary.json,mean_only_scalar
CNN,ECFP4,malty,0.8952557222989801,,,,,,,results/benchmark_metrics/model_summary_json/CNN__ECFP4__summary.json,mean_only_scalar
CNN,ECFP4,meaty,0.8408607705211345,,,,,,,results/benchmark_metrics/model_summary_json/CNN__ECFP4__summary.json,mean_only_scalar
CNN,ECFP4,medicinal,0.9058132539324634,,,,,,,results/benchmark_metrics/model_summary_json/CNN__ECFP4__summary.json,mean_only_scalar
CNN,ECFP4,melon,0.8316704780841494,,,,,,,results/benchmark_metrics/model_summary_json/CNN__ECFP4__summary.json,mean_only_scalar
CNN,ECFP4,metallic,0.6773639141894234,,,,,,,results/benchmark_metrics/model_summary_json/CNN__ECFP4__summary.json,mean_only_scalar
CNN,ECFP4,milky,0.6645865123899612,,,,,,,results/benchmark_metrics/model_summary_json/CNN__ECFP4__summary.json,mean_only_scalar
CNN,ECFP4,mint,0.7857034782099686,,,,,,,results/benchmark_metrics/model_summary_json/CNN__ECFP4__summary.json,mean_only_scalar
CNN,ECFP4,mushroom,0.7143632775432999,,,,,,,results/benchmark_metrics/model_summary_json/CNN__ECFP4__summary.json,mean_only_scalar
CNN,ECFP4,musk,0.8030010294283487,,,,,,,results/benchmark_metrics/model_summary_json/CNN__ECFP4__summary.json,mean_only_scalar
CNN,ECFP4,musty,0.644197393236617,,,,,,,results/benchmark_metrics/model_summary_json/CNN__ECFP4__summary.json,mean_only_scalar
CNN,ECFP4,nutty,0.7903969702283271,,,,,,,results/benchmark_metrics/model_summary_json/CNN__ECFP4__summary.json,mean_only_scalar
CNN,ECFP4,oily,0.8293651473154797,,,,,,,results/benchmark_metrics/model_summary_json/CNN__ECFP4__summary.json,mean_only_scalar
CNN,ECFP4,onion,0.9041826698822792,,,,,,,results/benchmark_metrics/model_summary_json/CNN__ECFP4__summary.json,mean_only_scalar
CNN,ECFP4,orange,0.8237151994197245,,,,,,,results/benchmark_metrics/model_summary_json/CNN__ECFP4__summary.json,mean_only_scalar
CNN,ECFP4,orris,0.7789914810509149,,,,,,,results/benchmark_metrics/model_summary_json/CNN__ECFP4__summary.json,mean_only_scalar
CNN,ECFP4,peach,0.7430893599238779,,,,,,,results/benchmark_metrics/model_summary_json/CNN__ECFP4__summary.json,mean_only_scalar
CNN,ECFP4,pear,0.8613888915077087,,,,,,,results/benchmark_metrics/model_summary_json/CNN__ECFP4__summary.json,mean_only_scalar
CNN,ECFP4,phenolic,0.9273516544272521,,,,,,,results/benchmark_metrics/model_summary_json/CNN__ECFP4__summary.json,mean_only_scalar
CNN,ECFP4,pine,0.9079605412619636,,,,,,,results/benchmark_metrics/model_summary_json/CNN__ECFP4__summary.json,mean_only_scalar
CNN,ECFP4,pineapple,0.8607414075751233,,,,,,,results/benchmark_metrics/model_summary_json/CNN__ECFP4__summary.json,mean_only_scalar
CNN,ECFP4,plum,0.7162382103596598,,,,,,,results/benchmark_metrics/model_summary_json/CNN__ECFP4__summary.json,mean_only_scalar
CNN,ECFP4,popcorn,0.9578046295860995,,,,,,,results/benchmark_metrics/model_summary_json/CNN__ECFP4__summary.json,mean_only_scalar
CNN,ECFP4,potato,0.9094271888871329,,,,,,,results/benchmark_metrics/model_summary_json/CNN__ECFP4__summary.json,mean_only_scalar
CNN,ECFP4,pungent,0.7990981041873053,,,,,,,results/benchmark_metrics/model_summary_json/CNN__ECFP4__summary.json,mean_only_scalar
CNN,ECFP4,radish,0.7160448299887904,,,,,,,results/benchmark_metrics/model_summary_json/CNN__ECFP4__summary.json,mean_only_scalar
CNN,ECFP4,ripe,0.7901761836135658,,,,,,,results/benchmark_metrics/model_summary_json/CNN__ECFP4__summary.json,mean_only_scalar
CNN,ECFP4,roasted,0.8716931300062821,,,,,,,results/benchmark_metrics/model_summary_json/CNN__ECFP4__summary.json,mean_only_scalar
CNN,ECFP4,rose,0.7925782393685841,,,,,,,results/benchmark_metrics/model_summary_json/CNN__ECFP4__summary.json,mean_only_scalar
CNN,ECFP4,rum,0.7938206700551171,,,,,,,results/benchmark_metrics/model_summary_json/CNN__ECFP4__summary.json,mean_only_scalar
CNN,ECFP4,savory,0.8057088965797281,,,,,,,results/benchmark_metrics/model_summary_json/CNN__ECFP4__summary.json,mean_only_scalar
CNN,ECFP4,sharp,0.7230528648762625,,,,,,,results/benchmark_metrics/model_summary_json/CNN__ECFP4__summary.json,mean_only_scalar
CNN,ECFP4,smoky,0.9339571009302654,,,,,,,results/benchmark_metrics/model_summary_json/CNN__ECFP4__summary.json,mean_only_scalar
CNN,ECFP4,solvent,0.8500036639195852,,,,,,,results/benchmark_metrics/model_summary_json/CNN__ECFP4__summary.json,mean_only_scalar
CNN,ECFP4,sour,0.8083656686976661,,,,,,,results/benchmark_metrics/model_summary_json/CNN__ECFP4__summary.json,mean_only_scalar
CNN,ECFP4,spicy,0.8003090459572831,,,,,,,results/benchmark_metrics/model_summary_json/CNN__ECFP4__summary.json,mean_only_scalar
CNN,ECFP4,strawberry,0.6747979540875728,,,,,,,results/benchmark_metrics/model_summary_json/CNN__ECFP4__summary.json,mean_only_scalar
CNN,ECFP4,sulfurous,0.8556161285091418,,,,,,,results/benchmark_metrics/model_summary_json/CNN__ECFP4__summary.json,mean_only_scalar
CNN,ECFP4,sweet,0.6835261744358323,,,,,,,results/benchmark_metrics/model_summary_json/CNN__ECFP4__summary.json,mean_only_scalar
CNN,ECFP4,tea,0.805851177841757,,,,,,,results/benchmark_metrics/model_summary_json/CNN__ECFP4__summary.json,mean_only_scalar
CNN,ECFP4,tobacco,0.816394327625354,,,,,,,results/benchmark_metrics/model_summary_json/CNN__ECFP4__summary.json,mean_only_scalar
CNN,ECFP4,tomato,0.7990676474942889,,,,,,,results/benchmark_metrics/model_summary_json/CNN__ECFP4__summary.json,mean_only_scalar
CNN,ECFP4,tropical,0.740796288377312,,,,,,,results/benchmark_metrics/model_summary_json/CNN__ECFP4__summary.json,mean_only_scalar
CNN,ECFP4,vanilla,0.9163760883924816,,,,,,,results/benchmark_metrics/model_summary_json/CNN__ECFP4__summary.json,mean_only_scalar
CNN,ECFP4,vegetable,0.7623157741278072,,,,,,,results/benchmark_metrics/model_summary_json/CNN__ECFP4__summary.json,mean_only_scalar
CNN,ECFP4,violet,0.8083617372582816,,,,,,,results/benchmark_metrics/model_summary_json/CNN__ECFP4__summary.json,mean_only_scalar
CNN,ECFP4,warm,0.6416611270366692,,,,,,,results/benchmark_metrics/model_summary_json/CNN__ECFP4__summary.json,mean_only_scalar
CNN,ECFP4,waxy,0.8598580858119285,,,,,,,results/benchmark_metrics/model_summary_json/CNN__ECFP4__summary.json,mean_only_scalar
CNN,ECFP4,winey,0.8087200811821109,,,,,,,results/benchmark_metrics/model_summary_json/CNN__ECFP4__summary.json,mean_only_scalar
CNN,ECFP4,woody,0.791535772343856,,,,,,,results/benchmark_metrics/model_summary_json/CNN__ECFP4__summary.json,mean_only_scalar
CNN,QM,alcoholic,0.9758821425952318,,,,,,,results/benchmark_metrics/model_summary_json/CNN__QM__summary.json,mean_only_scalar
CNN,QM,aldehydic,0.7441058148223864,,,,,,,results/benchmark_metrics/model_summary_json/CNN__QM__summary.json,mean_only_scalar
CNN,QM,alliaceous,0.9269447989795208,,,,,,,results/benchmark_metrics/model_summary_json/CNN__QM__summary.json,mean_only_scalar
CNN,QM,almond,0.8891598038166038,,,,,,,results/benchmark_metrics/model_summary_json/CNN__QM__summary.json,mean_only_scalar
CNN,QM,animal,0.7738790454409038,,,,,,,results/benchmark_metrics/model_summary_json/CNN__QM__summary.json,mean_only_scalar
CNN,QM,anisic,0.8404626483923556,,,,,,,results/benchmark_metrics/model_summary_json/CNN__QM__summary.json,mean_only_scalar
CNN,QM,apple,0.8906734437520534,,,,,,,results/benchmark_metrics/model_summary_json/CNN__QM__summary.json,mean_only_scalar
CNN,QM,apricot,0.7738510058863202,,,,,,,results/benchmark_metrics/model_summary_json/CNN__QM__summary.json,mean_only_scalar
CNN,QM,aromatic,0.8179742641659162,,,,,,,results/benchmark_metrics/model_summary_json/CNN__QM__summary.json,mean_only_scalar
CNN,QM,balsamic,0.9004927874967855,,,,,,,results/benchmark_metrics/model_summary_json/CNN__QM__summary.json,mean_only_scalar
CNN,QM,banana,0.8923224281621372,,,,,,,results/benchmark_metrics/model_summary_json/CNN__QM__summary.json,mean_only_scalar
CNN,QM,beefy,0.8970141226231411,,,,,,,results/benchmark_metrics/model_summary_json/CNN__QM__summary.json,mean_only_scalar
CNN,QM,berry,0.7155761526116746,,,,,,,results/benchmark_metrics/model_summary_json/CNN__QM__summary.json,mean_only_scalar
CNN,QM,black currant,0.8864999583290476,,,,,,,results/benchmark_metrics/model_summary_json/CNN__QM__summary.json,mean_only_scalar
CNN,QM,brandy,0.8266581127137028,,,,,,,results/benchmark_metrics/model_summary_json/CNN__QM__summary.json,mean_only_scalar
CNN,QM,bread,0.923118428147078,,,,,,,results/benchmark_metrics/model_summary_json/CNN__QM__summary.json,mean_only_scalar
CNN,QM,brothy,0.8812703547833405,,,,,,,results/benchmark_metrics/model_summary_json/CNN__QM__summary.json,mean_only_scalar
CNN,QM,burnt,0.865639728687692,,,,,,,results/benchmark_metrics/model_summary_json/CNN__QM__summary.json,mean_only_scalar
CNN,QM,buttery,0.8211047929849109,,,,,,,results/benchmark_metrics/model_summary_json/CNN__QM__summary.json,mean_only_scalar
CNN,QM,cabbage,0.8673407396189855,,,,,,,results/benchmark_metrics/model_summary_json/CNN__QM__summary.json,mean_only_scalar
CNN,QM,camphoreous,0.9080493237077712,,,,,,,results/benchmark_metrics/model_summary_json/CNN__QM__summary.json,mean_only_scalar
CNN,QM,caramellic,0.8486443728269721,,,,,,,results/benchmark_metrics/model_summary_json/CNN__QM__summary.json,mean_only_scalar
CNN,QM,catty,0.9220970214024768,,,,,,,results/benchmark_metrics/model_summary_json/CNN__QM__summary.json,mean_only_scalar
CNN,QM,chamomile,0.8712818596679662,,,,,,,results/benchmark_metrics/model_summary_json/CNN__QM__summary.json,mean_only_scalar
CNN,QM,cheesy,0.8631745725105751,,,,,,,results/benchmark_metrics/model_summary_json/CNN__QM__summary.json,mean_only_scalar
CNN,QM,cherry,0.889261899328082,,,,,,,results/benchmark_metrics/model_summary_json/CNN__QM__summary.json,mean_only_scalar
CNN,QM,chicken,0.8120706457736253,,,,,,,results/benchmark_metrics/model_summary_json/CNN__QM__summary.json,mean_only_scalar
CNN,QM,chocolate,0.7475845492452913,,,,,,,results/benchmark_metrics/model_summary_json/CNN__QM__summary.json,mean_only_scalar
CNN,QM,cinnamon,0.8958418128845471,,,,,,,results/benchmark_metrics/model_summary_json/CNN__QM__summary.json,mean_only_scalar
CNN,QM,citrus,0.858703384350569,,,,,,,results/benchmark_metrics/model_summary_json/CNN__QM__summary.json,mean_only_scalar
CNN,QM,cocoa,0.8732285301931615,,,,,,,results/benchmark_metrics/model_summary_json/CNN__QM__summary.json,mean_only_scalar
CNN,QM,coconut,0.9207209503188777,,,,,,,results/benchmark_metrics/model_summary_json/CNN__QM__summary.json,mean_only_scalar
CNN,QM,coffee,0.9272480217656375,,,,,,,results/benchmark_metrics/model_summary_json/CNN__QM__summary.json,mean_only_scalar
CNN,QM,cognac,0.9405331140684104,,,,,,,results/benchmark_metrics/model_summary_json/CNN__QM__summary.json,mean_only_scalar
CNN,QM,coumarinic,0.9291540880469983,,,,,,,results/benchmark_metrics/model_summary_json/CNN__QM__summary.json,mean_only_scalar
CNN,QM,creamy,0.7285638746718488,,,,,,,results/benchmark_metrics/model_summary_json/CNN__QM__summary.json,mean_only_scalar
CNN,QM,cucumber,0.9318333576298036,,,,,,,results/benchmark_metrics/model_summary_json/CNN__QM__summary.json,mean_only_scalar
CNN,QM,dairy,0.7824864531880668,,,,,,,results/benchmark_metrics/model_summary_json/CNN__QM__summary.json,mean_only_scalar
CNN,QM,dry,0.8260152137228612,,,,,,,results/benchmark_metrics/model_summary_json/CNN__QM__summary.json,mean_only_scalar
CNN,QM,earthy,0.698779196300437,,,,,,,results/benchmark_metrics/model_summary_json/CNN__QM__summary.json,mean_only_scalar
CNN,QM,ethereal,0.9379860589604482,,,,,,,results/benchmark_metrics/model_summary_json/CNN__QM__summary.json,mean_only_scalar
CNN,QM,fatty,0.8683497391538341,,,,,,,results/benchmark_metrics/model_summary_json/CNN__QM__summary.json,mean_only_scalar
CNN,QM,fermented,0.8848127974038059,,,,,,,results/benchmark_metrics/model_summary_json/CNN__QM__summary.json,mean_only_scalar
CNN,QM,fishy,0.887878589769479,,,,,,,results/benchmark_metrics/model_summary_json/CNN__QM__summary.json,mean_only_scalar
CNN,QM,floral,0.8298272732827827,,,,,,,results/benchmark_metrics/model_summary_json/CNN__QM__summary.json,mean_only_scalar
CNN,QM,fresh,0.7274773480903193,,,,,,,results/benchmark_metrics/model_summary_json/CNN__QM__summary.json,mean_only_scalar
CNN,QM,fruity,0.8297230955293037,,,,,,,results/benchmark_metrics/model_summary_json/CNN__QM__summary.json,mean_only_scalar
CNN,QM,garlic,0.9683935239153488,,,,,,,results/benchmark_metrics/model_summary_json/CNN__QM__summary.json,mean_only_scalar
CNN,QM,gasoline,0.9430137176648371,,,,,,,results/benchmark_metrics/model_summary_json/CNN__QM__summary.json,mean_only_scalar
CNN,QM,grape,0.8344723430794249,,,,,,,results/benchmark_metrics/model_summary_json/CNN__QM__summary.json,mean_only_scalar
CNN,QM,grapefruit,0.8428784517401526,,,,,,,results/benchmark_metrics/model_summary_json/CNN__QM__summary.json,mean_only_scalar
CNN,QM,grassy,0.8410333015088579,,,,,,,results/benchmark_metrics/model_summary_json/CNN__QM__summary.json,mean_only_scalar
CNN,QM,green,0.7634553366192398,,,,,,,results/benchmark_metrics/model_summary_json/CNN__QM__summary.json,mean_only_scalar
CNN,QM,hay,0.8442912917992349,,,,,,,results/benchmark_metrics/model_summary_json/CNN__QM__summary.json,mean_only_scalar
CNN,QM,hazelnut,0.9439109953658967,,,,,,,results/benchmark_metrics/model_summary_json/CNN__QM__summary.json,mean_only_scalar
CNN,QM,herbal,0.708440996315505,,,,,,,results/benchmark_metrics/model_summary_json/CNN__QM__summary.json,mean_only_scalar
CNN,QM,honey,0.8555990871740985,,,,,,,results/benchmark_metrics/model_summary_json/CNN__QM__summary.json,mean_only_scalar
CNN,QM,horseradish,0.955218246124284,,,,,,,results/benchmark_metrics/model_summary_json/CNN__QM__summary.json,mean_only_scalar
CNN,QM,jasmine,0.8447927316651278,,,,,,,results/benchmark_metrics/model_summary_json/CNN__QM__summary.json,mean_only_scalar
CNN,QM,ketonic,0.9877708413605575,,,,,,,results/benchmark_metrics/model_summary_json/CNN__QM__summary.json,mean_only_scalar
CNN,QM,leafy,0.7495551586350518,,,,,,,results/benchmark_metrics/model_summary_json/CNN__QM__summary.json,mean_only_scalar
CNN,QM,leathery,0.799800887544964,,,,,,,results/benchmark_metrics/model_summary_json/CNN__QM__summary.json,mean_only_scalar
CNN,QM,lemon,0.865223443397921,,,,,,,results/benchmark_metrics/model_summary_json/CNN__QM__summary.json,mean_only_scalar
CNN,QM,malty,0.9016151768166625,,,,,,,results/benchmark_metrics/model_summary_json/CNN__QM__summary.json,mean_only_scalar
CNN,QM,meaty,0.9203181005718081,,,,,,,results/benchmark_metrics/model_summary_json/CNN__QM__summary.json,mean_only_scalar
CNN,QM,medicinal,0.9248543976626336,,,,,,,results/benchmark_metrics/model_summary_json/CNN__QM__summary.json,mean_only_scalar
CNN,QM,melon,0.8562866820581865,,,,,,,results/benchmark_metrics/model_summary_json/CNN__QM__summary.json,mean_only_scalar
CNN,QM,metallic,0.8130262021035625,,,,,,,results/benchmark_metrics/model_summary_json/CNN__QM__summary.json,mean_only_scalar
CNN,QM,milky,0.7493415583017837,,,,,,,results/benchmark_metrics/model_summary_json/CNN__QM__summary.json,mean_only_scalar
CNN,QM,mint,0.883672359200221,,,,,,,results/benchmark_metrics/model_summary_json/CNN__QM__summary.json,mean_only_scalar
CNN,QM,mushroom,0.7197246382713826,,,,,,,results/benchmark_metrics/model_summary_json/CNN__QM__summary.json,mean_only_scalar
CNN,QM,musk,0.7626978444670655,,,,,,,results/benchmark_metrics/model_summary_json/CNN__QM__summary.json,mean_only_scalar
CNN,QM,musty,0.7283782904726667,,,,,,,results/benchmark_metrics/model_summary_json/CNN__QM__summary.json,mean_only_scalar
CNN,QM,nutty,0.8321305670050327,,,,,,,results/benchmark_metrics/model_summary_json/CNN__QM__summary.json,mean_only_scalar
CNN,QM,oily,0.8485996767867606,,,,,,,results/benchmark_metrics/model_summary_json/CNN__QM__summary.json,mean_only_scalar
CNN,QM,onion,0.9557829118536633,,,,,,,results/benchmark_metrics/model_summary_json/CNN__QM__summary.json,mean_only_scalar
CNN,QM,orange,0.8608667118175759,,,,,,,results/benchmark_metrics/model_summary_json/CNN__QM__summary.json,mean_only_scalar
CNN,QM,orris,0.7318605437383364,,,,,,,results/benchmark_metrics/model_summary_json/CNN__QM__summary.json,mean_only_scalar
CNN,QM,peach,0.7761463890645655,,,,,,,results/benchmark_metrics/model_summary_json/CNN__QM__summary.json,mean_only_scalar
CNN,QM,pear,0.8929240929689648,,,,,,,results/benchmark_metrics/model_summary_json/CNN__QM__summary.json,mean_only_scalar
CNN,QM,phenolic,0.9585927765658804,,,,,,,results/benchmark_metrics/model_summary_json/CNN__QM__summary.json,mean_only_scalar
CNN,QM,pine,0.9543638715432115,,,,,,,results/benchmark_metrics/model_summary_json/CNN__QM__summary.json,mean_only_scalar
CNN,QM,pineapple,0.8815477592865385,,,,,,,results/benchmark_metrics/model_summary_json/CNN__QM__summary.json,mean_only_scalar
CNN,QM,plum,0.8175390654497099,,,,,,,results/benchmark_metrics/model_summary_json/CNN__QM__summary.json,mean_only_scalar
CNN,QM,popcorn,0.9628600410787573,,,,,,,results/benchmark_metrics/model_summary_json/CNN__QM__summary.json,mean_only_scalar
CNN,QM,potato,0.9528057203253812,,,,,,,results/benchmark_metrics/model_summary_json/CNN__QM__summary.json,mean_only_scalar
CNN,QM,pungent,0.8666337886064959,,,,,,,results/benchmark_metrics/model_summary_json/CNN__QM__summary.json,mean_only_scalar
CNN,QM,radish,0.807581584939339,,,,,,,results/benchmark_metrics/model_summary_json/CNN__QM__summary.json,mean_only_scalar
CNN,QM,ripe,0.8777677538886515,,,,,,,results/benchmark_metrics/model_summary_json/CNN__QM__summary.json,mean_only_scalar
CNN,QM,roasted,0.9168954974199751,,,,,,,results/benchmark_metrics/model_summary_json/CNN__QM__summary.json,mean_only_scalar
CNN,QM,rose,0.860383643480727,,,,,,,results/benchmark_metrics/model_summary_json/CNN__QM__summary.json,mean_only_scalar
CNN,QM,rum,0.8650798044407961,,,,,,,results/benchmark_metrics/model_summary_json/CNN__QM__summary.json,mean_only_scalar
CNN,QM,savory,0.9159994728115034,,,,,,,results/benchmark_metrics/model_summary_json/CNN__QM__summary.json,mean_only_scalar
CNN,QM,sharp,0.799786400062253,,,,,,,results/benchmark_metrics/model_summary_json/CNN__QM__summary.json,mean_only_scalar
CNN,QM,smoky,0.9648136731207414,,,,,,,results/benchmark_metrics/model_summary_json/CNN__QM__summary.json,mean_only_scalar
CNN,QM,solvent,0.9588298941223077,,,,,,,results/benchmark_metrics/model_summary_json/CNN__QM__summary.json,mean_only_scalar
CNN,QM,sour,0.9268962722619097,,,,,,,results/benchmark_metrics/model_summary_json/CNN__QM__summary.json,mean_only_scalar
CNN,QM,spicy,0.8213215955887186,,,,,,,results/benchmark_metrics/model_summary_json/CNN__QM__summary.json,mean_only_scalar
CNN,QM,strawberry,0.7487424602958476,,,,,,,results/benchmark_metrics/model_summary_json/CNN__QM__summary.json,mean_only_scalar
CNN,QM,sulfurous,0.9439667701654539,,,,,,,results/benchmark_metrics/model_summary_json/CNN__QM__summary.json,mean_only_scalar
CNN,QM,sweet,0.715221846459479,,,,,,,results/benchmark_metrics/model_summary_json/CNN__QM__summary.json,mean_only_scalar
CNN,QM,tea,0.7524815342256208,,,,,,,results/benchmark_metrics/model_summary_json/CNN__QM__summary.json,mean_only_scalar
CNN,QM,tobacco,0.8334751128336648,,,,,,,results/benchmark_metrics/model_summary_json/CNN__QM__summary.json,mean_only_scalar
CNN,QM,tomato,0.8670381165235502,,,,,,,results/benchmark_metrics/model_summary_json/CNN__QM__summary.json,mean_only_scalar
CNN,QM,tropical,0.833724698816315,,,,,,,results/benchmark_metrics/model_summary_json/CNN__QM__summary.json,mean_only_scalar
CNN,QM,vanilla,0.9244097967520766,,,,,,,results/benchmark_metrics/model_summary_json/CNN__QM__summary.json,mean_only_scalar
CNN,QM,vegetable,0.8283252503161995,,,,,,,results/benchmark_metrics/model_summary_json/CNN__QM__summary.json,mean_only_scalar
CNN,QM,violet,0.8814143074570658,,,,,,,results/benchmark_metrics/model_summary_json/CNN__QM__summary.json,mean_only_scalar
CNN,QM,warm,0.7195135560800647,,,,,,,results/benchmark_metrics/model_summary_json/CNN__QM__summary.json,mean_only_scalar
CNN,QM,waxy,0.8877796861640055,,,,,,,results/benchmark_metrics/model_summary_json/CNN__QM__summary.json,mean_only_scalar
CNN,QM,winey,0.8139101739164589,,,,,,,results/benchmark_metrics/model_summary_json/CNN__QM__summary.json,mean_only_scalar
CNN,QM,woody,0.810117324583514,,,,,,,results/benchmark_metrics/model_summary_json/CNN__QM__summary.json,mean_only_scalar
CNN,RDKit,alcoholic,0.9757484844821709,,,,,,,results/benchmark_metrics/model_summary_json/CNN__RDKit__summary.json,mean_only_scalar
CNN,RDKit,aldehydic,0.7897726684741039,,,,,,,results/benchmark_metrics/model_summary_json/CNN__RDKit__summary.json,mean_only_scalar
CNN,RDKit,alliaceous,0.9289794779804948,,,,,,,results/benchmark_metrics/model_summary_json/CNN__RDKit__summary.json,mean_only_scalar
CNN,RDKit,almond,0.8850191999535093,,,,,,,results/benchmark_metrics/model_summary_json/CNN__RDKit__summary.json,mean_only_scalar
CNN,RDKit,animal,0.7624119943245944,,,,,,,results/benchmark_metrics/model_summary_json/CNN__RDKit__summary.json,mean_only_scalar
CNN,RDKit,anisic,0.8795713218224386,,,,,,,results/benchmark_metrics/model_summary_json/CNN__RDKit__summary.json,mean_only_scalar
CNN,RDKit,apple,0.8885275896392303,,,,,,,results/benchmark_metrics/model_summary_json/CNN__RDKit__summary.json,mean_only_scalar
CNN,RDKit,apricot,0.8305732167314123,,,,,,,results/benchmark_metrics/model_summary_json/CNN__RDKit__summary.json,mean_only_scalar
CNN,RDKit,aromatic,0.8172957470382777,,,,,,,results/benchmark_metrics/model_summary_json/CNN__RDKit__summary.json,mean_only_scalar
CNN,RDKit,balsamic,0.9216519091995501,,,,,,,results/benchmark_metrics/model_summary_json/CNN__RDKit__summary.json,mean_only_scalar
CNN,RDKit,banana,0.8865166169328729,,,,,,,results/benchmark_metrics/model_summary_json/CNN__RDKit__summary.json,mean_only_scalar
CNN,RDKit,beefy,0.9034262937025485,,,,,,,results/benchmark_metrics/model_summary_json/CNN__RDKit__summary.json,mean_only_scalar
CNN,RDKit,berry,0.6999263629572153,,,,,,,results/benchmark_metrics/model_summary_json/CNN__RDKit__summary.json,mean_only_scalar
CNN,RDKit,black currant,0.8903004386159756,,,,,,,results/benchmark_metrics/model_summary_json/CNN__RDKit__summary.json,mean_only_scalar
CNN,RDKit,brandy,0.8407851459686256,,,,,,,results/benchmark_metrics/model_summary_json/CNN__RDKit__summary.json,mean_only_scalar
CNN,RDKit,bread,0.9072539011128633,,,,,,,results/benchmark_metrics/model_summary_json/CNN__RDKit__summary.json,mean_only_scalar
CNN,RDKit,brothy,0.8732093377390381,,,,,,,results/benchmark_metrics/model_summary_json/CNN__RDKit__summary.json,mean_only_scalar
CNN,RDKit,burnt,0.8620144220545732,,,,,,,results/benchmark_metrics/model_summary_json/CNN__RDKit__summary.json,mean_only_scalar
CNN,RDKit,buttery,0.8612315448082782,,,,,,,results/benchmark_metrics/model_summary_json/CNN__RDKit__summary.json,mean_only_scalar
CNN,RDKit,cabbage,0.8732423675800586,,,,,,,results/benchmark_metrics/model_summary_json/CNN__RDKit__summary.json,mean_only_scalar
CNN,RDKit,camphoreous,0.9324083697689141,,,,,,,results/benchmark_metrics/model_summary_json/CNN__RDKit__summary.json,mean_only_scalar
CNN,RDKit,caramellic,0.8517109428011826,,,,,,,results/benchmark_metrics/model_summary_json/CNN__RDKit__summary.json,mean_only_scalar
CNN,RDKit,catty,0.9396282413044679,,,,,,,results/benchmark_metrics/model_summary_json/CNN__RDKit__summary.json,mean_only_scalar
CNN,RDKit,chamomile,0.90360641662382,,,,,,,results/benchmark_metrics/model_summary_json/CNN__RDKit__summary.json,mean_only_scalar
CNN,RDKit,cheesy,0.8301183343661844,,,,,,,results/benchmark_metrics/model_summary_json/CNN__RDKit__summary.json,mean_only_scalar
CNN,RDKit,cherry,0.854720607485236,,,,,,,results/benchmark_metrics/model_summary_json/CNN__RDKit__summary.json,mean_only_scalar
CNN,RDKit,chicken,0.868996935970673,,,,,,,results/benchmark_metrics/model_summary_json/CNN__RDKit__summary.json,mean_only_scalar
CNN,RDKit,chocolate,0.7334110088503734,,,,,,,results/benchmark_metrics/model_summary_json/CNN__RDKit__summary.json,mean_only_scalar
CNN,RDKit,cinnamon,0.870321993218808,,,,,,,results/benchmark_metrics/model_summary_json/CNN__RDKit__summary.json,mean_only_scalar
CNN,RDKit,citrus,0.8790759790539369,,,,,,,results/benchmark_metrics/model_summary_json/CNN__RDKit__summary.json,mean_only_scalar
CNN,RDKit,cocoa,0.7894493383562361,,,,,,,results/benchmark_metrics/model_summary_json/CNN__RDKit__summary.json,mean_only_scalar
CNN,RDKit,coconut,0.860584543855041,,,,,,,results/benchmark_metrics/model_summary_json/CNN__RDKit__summary.json,mean_only_scalar
CNN,RDKit,coffee,0.9585903711702338,,,,,,,results/benchmark_metrics/model_summary_json/CNN__RDKit__summary.json,mean_only_scalar
CNN,RDKit,cognac,0.9198467587476952,,,,,,,results/benchmark_metrics/model_summary_json/CNN__RDKit__summary.json,mean_only_scalar
CNN,RDKit,coumarinic,0.9276153718879476,,,,,,,results/benchmark_metrics/model_summary_json/CNN__RDKit__summary.json,mean_only_scalar
CNN,RDKit,creamy,0.6788403907702377,,,,,,,results/benchmark_metrics/model_summary_json/CNN__RDKit__summary.json,mean_only_scalar
CNN,RDKit,cucumber,0.9441804411389871,,,,,,,results/benchmark_metrics/model_summary_json/CNN__RDKit__summary.json,mean_only_scalar
CNN,RDKit,dairy,0.7562858291741564,,,,,,,results/benchmark_metrics/model_summary_json/CNN__RDKit__summary.json,mean_only_scalar
CNN,RDKit,dry,0.8483024484688777,,,,,,,results/benchmark_metrics/model_summary_json/CNN__RDKit__summary.json,mean_only_scalar
CNN,RDKit,earthy,0.7279892028035376,,,,,,,results/benchmark_metrics/model_summary_json/CNN__RDKit__summary.json,mean_only_scalar
CNN,RDKit,ethereal,0.9206728440950644,,,,,,,results/benchmark_metrics/model_summary_json/CNN__RDKit__summary.json,mean_only_scalar
CNN,RDKit,fatty,0.8678794626333565,,,,,,,results/benchmark_metrics/model_summary_json/CNN__RDKit__summary.json,mean_only_scalar
CNN,RDKit,fermented,0.8673762614257063,,,,,,,results/benchmark_metrics/model_summary_json/CNN__RDKit__summary.json,mean_only_scalar
CNN,RDKit,fishy,0.9229430535322078,,,,,,,results/benchmark_metrics/model_summary_json/CNN__RDKit__summary.json,mean_only_scalar
CNN,RDKit,floral,0.8334751404018759,,,,,,,results/benchmark_metrics/model_summary_json/CNN__RDKit__summary.json,mean_only_scalar
CNN,RDKit,fresh,0.7063644652133647,,,,,,,results/benchmark_metrics/model_summary_json/CNN__RDKit__summary.json,mean_only_scalar
CNN,RDKit,fruity,0.822089955611594,,,,,,,results/benchmark_metrics/model_summary_json/CNN__RDKit__summary.json,mean_only_scalar
CNN,RDKit,garlic,0.9796567021099903,,,,,,,results/benchmark_metrics/model_summary_json/CNN__RDKit__summary.json,mean_only_scalar
CNN,RDKit,gasoline,0.9596541434646738,,,,,,,results/benchmark_metrics/model_summary_json/CNN__RDKit__summary.json,mean_only_scalar
CNN,RDKit,grape,0.8505778671712155,,,,,,,results/benchmark_metrics/model_summary_json/CNN__RDKit__summary.json,mean_only_scalar
CNN,RDKit,grapefruit,0.9147337423969132,,,,,,,results/benchmark_metrics/model_summary_json/CNN__RDKit__summary.json,mean_only_scalar
CNN,RDKit,grassy,0.8845388283267119,,,,,,,results/benchmark_metrics/model_summary_json/CNN__RDKit__summary.json,mean_only_scalar
CNN,RDKit,green,0.7446452943081306,,,,,,,results/benchmark_metrics/model_summary_json/CNN__RDKit__summary.json,mean_only_scalar
CNN,RDKit,hay,0.8059862013172585,,,,,,,results/benchmark_metrics/model_summary_json/CNN__RDKit__summary.json,mean_only_scalar
CNN,RDKit,hazelnut,0.936354782980542,,,,,,,results/benchmark_metrics/model_summary_json/CNN__RDKit__summary.json,mean_only_scalar
CNN,RDKit,herbal,0.7246408358163383,,,,,,,results/benchmark_metrics/model_summary_json/CNN__RDKit__summary.json,mean_only_scalar
CNN,RDKit,honey,0.8887428571853857,,,,,,,results/benchmark_metrics/model_summary_json/CNN__RDKit__summary.json,mean_only_scalar
CNN,RDKit,horseradish,0.9343684316432777,,,,,,,results/benchmark_metrics/model_summary_json/CNN__RDKit__summary.json,mean_only_scalar
CNN,RDKit,jasmine,0.8626362876127542,,,,,,,results/benchmark_metrics/model_summary_json/CNN__RDKit__summary.json,mean_only_scalar
CNN,RDKit,ketonic,0.9624094650600888,,,,,,,results/benchmark_metrics/model_summary_json/CNN__RDKit__summary.json,mean_only_scalar
CNN,RDKit,leafy,0.6821903163732196,,,,,,,results/benchmark_metrics/model_summary_json/CNN__RDKit__summary.json,mean_only_scalar
CNN,RDKit,leathery,0.8873796953262578,,,,,,,results/benchmark_metrics/model_summary_json/CNN__RDKit__summary.json,mean_only_scalar
CNN,RDKit,lemon,0.8446890057466474,,,,,,,results/benchmark_metrics/model_summary_json/CNN__RDKit__summary.json,mean_only_scalar
CNN,RDKit,malty,0.9547279947789203,,,,,,,results/benchmark_metrics/model_summary_json/CNN__RDKit__summary.json,mean_only_scalar
CNN,RDKit,meaty,0.9189332215890769,,,,,,,results/benchmark_metrics/model_summary_json/CNN__RDKit__summary.json,mean_only_scalar
CNN,RDKit,medicinal,0.9420201278773837,,,,,,,results/benchmark_metrics/model_summary_json/CNN__RDKit__summary.json,mean_only_scalar
CNN,RDKit,melon,0.8636714264893482,,,,,,,results/benchmark_metrics/model_summary_json/CNN__RDKit__summary.json,mean_only_scalar
CNN,RDKit,metallic,0.7618994118477589,,,,,,,results/benchmark_metrics/model_summary_json/CNN__RDKit__summary.json,mean_only_scalar
CNN,RDKit,milky,0.7034873845598036,,,,,,,results/benchmark_metrics/model_summary_json/CNN__RDKit__summary.json,mean_only_scalar
CNN,RDKit,mint,0.8648859519118066,,,,,,,results/benchmark_metrics/model_summary_json/CNN__RDKit__summary.json,mean_only_scalar
CNN,RDKit,mushroom,0.7636009364451984,,,,,,,results/benchmark_metrics/model_summary_json/CNN__RDKit__summary.json,mean_only_scalar
CNN,RDKit,musk,0.8912338609883793,,,,,,,results/benchmark_metrics/model_summary_json/CNN__RDKit__summary.json,mean_only_scalar
CNN,RDKit,musty,0.6745558816240651,,,,,,,results/benchmark_metrics/model_summary_json/CNN__RDKit__summary.json,mean_only_scalar
CNN,RDKit,nutty,0.8396847246075703,,,,,,,results/benchmark_metrics/model_summary_json/CNN__RDKit__summary.json,mean_only_scalar
CNN,RDKit,oily,0.8374555934439517,,,,,,,results/benchmark_metrics/model_summary_json/CNN__RDKit__summary.json,mean_only_scalar
CNN,RDKit,onion,0.9662058566523276,,,,,,,results/benchmark_metrics/model_summary_json/CNN__RDKit__summary.json,mean_only_scalar
CNN,RDKit,orange,0.8894234113369711,,,,,,,results/benchmark_metrics/model_summary_json/CNN__RDKit__summary.json,mean_only_scalar
CNN,RDKit,orris,0.827456898473276,,,,,,,results/benchmark_metrics/model_summary_json/CNN__RDKit__summary.json,mean_only_scalar
CNN,RDKit,peach,0.8144350402053696,,,,,,,results/benchmark_metrics/model_summary_json/CNN__RDKit__summary.json,mean_only_scalar
CNN,RDKit,pear,0.8969389784038164,,,,,,,results/benchmark_metrics/model_summary_json/CNN__RDKit__summary.json,mean_only_scalar
CNN,RDKit,phenolic,0.9537427041429554,,,,,,,results/benchmark_metrics/model_summary_json/CNN__RDKit__summary.json,mean_only_scalar
CNN,RDKit,pine,0.9371412463200863,,,,,,,results/benchmark_metrics/model_summary_json/CNN__RDKit__summary.json,mean_only_scalar
CNN,RDKit,pineapple,0.8731542903302036,,,,,,,results/benchmark_metrics/model_summary_json/CNN__RDKit__summary.json,mean_only_scalar
CNN,RDKit,plum,0.8150094037258213,,,,,,,results/benchmark_metrics/model_summary_json/CNN__RDKit__summary.json,mean_only_scalar
CNN,RDKit,popcorn,0.965783566625183,,,,,,,results/benchmark_metrics/model_summary_json/CNN__RDKit__summary.json,mean_only_scalar
CNN,RDKit,potato,0.9321134121936755,,,,,,,results/benchmark_metrics/model_summary_json/CNN__RDKit__summary.json,mean_only_scalar
CNN,RDKit,pungent,0.8614630193367706,,,,,,,results/benchmark_metrics/model_summary_json/CNN__RDKit__summary.json,mean_only_scalar
CNN,RDKit,radish,0.7386862996944943,,,,,,,results/benchmark_metrics/model_summary_json/CNN__RDKit__summary.json,mean_only_scalar
CNN,RDKit,ripe,0.7700440801057968,,,,,,,results/benchmark_metrics/model_summary_json/CNN__RDKit__summary.json,mean_only_scalar
CNN,RDKit,roasted,0.9250084466871351,,,,,,,results/benchmark_metrics/model_summary_json/CNN__RDKit__summary.json,mean_only_scalar
CNN,RDKit,rose,0.8562770165860678,,,,,,,results/benchmark_metrics/model_summary_json/CNN__RDKit__summary.json,mean_only_scalar
CNN,RDKit,rum,0.8762197929859653,,,,,,,results/benchmark_metrics/model_summary_json/CNN__RDKit__summary.json,mean_only_scalar
CNN,RDKit,savory,0.9106756194585491,,,,,,,results/benchmark_metrics/model_summary_json/CNN__RDKit__summary.json,mean_only_scalar
CNN,RDKit,sharp,0.839800175888034,,,,,,,results/benchmark_metrics/model_summary_json/CNN__RDKit__summary.json,mean_only_scalar
CNN,RDKit,smoky,0.950008488825856,,,,,,,results/benchmark_metrics/model_summary_json/CNN__RDKit__summary.json,mean_only_scalar
CNN,RDKit,solvent,0.9293912744968322,,,,,,,results/benchmark_metrics/model_summary_json/CNN__RDKit__summary.json,mean_only_scalar
CNN,RDKit,sour,0.829743784303934,,,,,,,results/benchmark_metrics/model_summary_json/CNN__RDKit__summary.json,mean_only_scalar
CNN,RDKit,spicy,0.8087471344315986,,,,,,,results/benchmark_metrics/model_summary_json/CNN__RDKit__summary.json,mean_only_scalar
CNN,RDKit,strawberry,0.7532684419317983,,,,,,,results/benchmark_metrics/model_summary_json/CNN__RDKit__summary.json,mean_only_scalar
CNN,RDKit,sulfurous,0.9546461179525265,,,,,,,results/benchmark_metrics/model_summary_json/CNN__RDKit__summary.json,mean_only_scalar
CNN,RDKit,sweet,0.7155418980534448,,,,,,,results/benchmark_metrics/model_summary_json/CNN__RDKit__summary.json,mean_only_scalar
CNN,RDKit,tea,0.8146953956336663,,,,,,,results/benchmark_metrics/model_summary_json/CNN__RDKit__summary.json,mean_only_scalar
CNN,RDKit,tobacco,0.8466740290915638,,,,,,,results/benchmark_metrics/model_summary_json/CNN__RDKit__summary.json,mean_only_scalar
CNN,RDKit,tomato,0.8411530715055363,,,,,,,results/benchmark_metrics/model_summary_json/CNN__RDKit__summary.json,mean_only_scalar
CNN,RDKit,tropical,0.8060983623709108,,,,,,,results/benchmark_metrics/model_summary_json/CNN__RDKit__summary.json,mean_only_scalar
CNN,RDKit,vanilla,0.9191574296939914,,,,,,,results/benchmark_metrics/model_summary_json/CNN__RDKit__summary.json,mean_only_scalar
CNN,RDKit,vegetable,0.8175079917589017,,,,,,,results/benchmark_metrics/model_summary_json/CNN__RDKit__summary.json,mean_only_scalar
CNN,RDKit,violet,0.9218070434685351,,,,,,,results/benchmark_metrics/model_summary_json/CNN__RDKit__summary.json,mean_only_scalar
CNN,RDKit,warm,0.7604925055598983,,,,,,,results/benchmark_metrics/model_summary_json/CNN__RDKit__summary.json,mean_only_scalar
CNN,RDKit,waxy,0.9034130289643816,,,,,,,results/benchmark_metrics/model_summary_json/CNN__RDKit__summary.json,mean_only_scalar
CNN,RDKit,winey,0.837203643439614,,,,,,,results/benchmark_metrics/model_summary_json/CNN__RDKit__summary.json,mean_only_scalar
CNN,RDKit,woody,0.8544157024191119,,,,,,,results/benchmark_metrics/model_summary_json/CNN__RDKit__summary.json,mean_only_scalar
CNN,RDKit+QM,alcoholic,0.9850216877110579,,,,,,,results/benchmark_metrics/model_summary_json/CNN__RDKit_QM__summary.json,mean_only_scalar
CNN,RDKit+QM,aldehydic,0.8297453613124102,,,,,,,results/benchmark_metrics/model_summary_json/CNN__RDKit_QM__summary.json,mean_only_scalar
CNN,RDKit+QM,alliaceous,0.9471450211094483,,,,,,,results/benchmark_metrics/model_summary_json/CNN__RDKit_QM__summary.json,mean_only_scalar
CNN,RDKit+QM,almond,0.9089115490550286,,,,,,,results/benchmark_metrics/model_summary_json/CNN__RDKit_QM__summary.json,mean_only_scalar
CNN,RDKit+QM,animal,0.8004555924528589,,,,,,,results/benchmark_metrics/model_summary_json/CNN__RDKit_QM__summary.json,mean_only_scalar
CNN,RDKit+QM,anisic,0.8897995973846025,,,,,,,results/benchmark_metrics/model_summary_json/CNN__RDKit_QM__summary.json,mean_only_scalar
CNN,RDKit+QM,apple,0.907565619264059,,,,,,,results/benchmark_metrics/model_summary_json/CNN__RDKit_QM__summary.json,mean_only_scalar
CNN,RDKit+QM,apricot,0.8466758116776862,,,,,,,results/benchmark_metrics/model_summary_json/CNN__RDKit_QM__summary.json,mean_only_scalar
CNN,RDKit+QM,aromatic,0.8199442606669493,,,,,,,results/benchmark_metrics/model_summary_json/CNN__RDKit_QM__summary.json,mean_only_scalar
CNN,RDKit+QM,balsamic,0.9077702554799902,,,,,,,results/benchmark_metrics/model_summary_json/CNN__RDKit_QM__summary.json,mean_only_scalar
CNN,RDKit+QM,banana,0.9092925747564398,,,,,,,results/benchmark_metrics/model_summary_json/CNN__RDKit_QM__summary.json,mean_only_scalar
CNN,RDKit+QM,beefy,0.9161637003202548,,,,,,,results/benchmark_metrics/model_summary_json/CNN__RDKit_QM__summary.json,mean_only_scalar
CNN,RDKit+QM,berry,0.7617425239023177,,,,,,,results/benchmark_metrics/model_summary_json/CNN__RDKit_QM__summary.json,mean_only_scalar
CNN,RDKit+QM,black currant,0.9380417084230315,,,,,,,results/benchmark_metrics/model_summary_json/CNN__RDKit_QM__summary.json,mean_only_scalar
CNN,RDKit+QM,brandy,0.8832697717526482,,,,,,,results/benchmark_metrics/model_summary_json/CNN__RDKit_QM__summary.json,mean_only_scalar
CNN,RDKit+QM,bread,0.9076424657646406,,,,,,,results/benchmark_metrics/model_summary_json/CNN__RDKit_QM__summary.json,mean_only_scalar
CNN,RDKit+QM,brothy,0.8969036193541371,,,,,,,results/benchmark_metrics/model_summary_json/CNN__RDKit_QM__summary.json,mean_only_scalar
CNN,RDKit+QM,burnt,0.8770159341480964,,,,,,,results/benchmark_metrics/model_summary_json/CNN__RDKit_QM__summary.json,mean_only_scalar
CNN,RDKit+QM,buttery,0.8490081848334403,,,,,,,results/benchmark_metrics/model_summary_json/CNN__RDKit_QM__summary.json,mean_only_scalar
CNN,RDKit+QM,cabbage,0.8837090801105966,,,,,,,results/benchmark_metrics/model_summary_json/CNN__RDKit_QM__summary.json,mean_only_scalar
CNN,RDKit+QM,camphoreous,0.9323544798045473,,,,,,,results/benchmark_metrics/model_summary_json/CNN__RDKit_QM__summary.json,mean_only_scalar
CNN,RDKit+QM,caramellic,0.8888767677109861,,,,,,,results/benchmark_metrics/model_summary_json/CNN__RDKit_QM__summary.json,mean_only_scalar
CNN,RDKit+QM,catty,0.9504567305706415,,,,,,,results/benchmark_metrics/model_summary_json/CNN__RDKit_QM__summary.json,mean_only_scalar
CNN,RDKit+QM,chamomile,0.9008062827826601,,,,,,,results/benchmark_metrics/model_summary_json/CNN__RDKit_QM__summary.json,mean_only_scalar
CNN,RDKit+QM,cheesy,0.8818286493275542,,,,,,,results/benchmark_metrics/model_summary_json/CNN__RDKit_QM__summary.json,mean_only_scalar
CNN,RDKit+QM,cherry,0.8738231536017853,,,,,,,results/benchmark_metrics/model_summary_json/CNN__RDKit_QM__summary.json,mean_only_scalar
CNN,RDKit+QM,chicken,0.8914089570991852,,,,,,,results/benchmark_metrics/model_summary_json/CNN__RDKit_QM__summary.json,mean_only_scalar
CNN,RDKit+QM,chocolate,0.7810722071017114,,,,,,,results/benchmark_metrics/model_summary_json/CNN__RDKit_QM__summary.json,mean_only_scalar
CNN,RDKit+QM,cinnamon,0.8826322583341735,,,,,,,results/benchmark_metrics/model_summary_json/CNN__RDKit_QM__summary.json,mean_only_scalar
CNN,RDKit+QM,citrus,0.8975295885052151,,,,,,,results/benchmark_metrics/model_summary_json/CNN__RDKit_QM__summary.json,mean_only_scalar
CNN,RDKit+QM,cocoa,0.8715651820463165,,,,,,,results/benchmark_metrics/model_summary_json/CNN__RDKit_QM__summary.json,mean_only_scalar
CNN,RDKit+QM,coconut,0.9257963488256922,,,,,,,results/benchmark_metrics/model_summary_json/CNN__RDKit_QM__summary.json,mean_only_scalar
CNN,RDKit+QM,coffee,0.9485815844557954,,,,,,,results/benchmark_metrics/model_summary_json/CNN__RDKit_QM__summary.json,mean_only_scalar
CNN,RDKit+QM,cognac,0.9453521709022255,,,,,,,results/benchmark_metrics/model_summary_json/CNN__RDKit_QM__summary.json,mean_only_scalar
CNN,RDKit+QM,coumarinic,0.9680335841222751,,,,,,,results/benchmark_metrics/model_summary_json/CNN__RDKit_QM__summary.json,mean_only_scalar
CNN,RDKit+QM,creamy,0.7336274079336416,,,,,,,results/benchmark_metrics/model_summary_json/CNN__RDKit_QM__summary.json,mean_only_scalar
CNN,RDKit+QM,cucumber,0.9652685168472501,,,,,,,results/benchmark_metrics/model_summary_json/CNN__RDKit_QM__summary.json,mean_only_scalar
CNN,RDKit+QM,dairy,0.8173320896333965,,,,,,,results/benchmark_metrics/model_summary_json/CNN__RDKit_QM__summary.json,mean_only_scalar
CNN,RDKit+QM,dry,0.8354316863539648,,,,,,,results/benchmark_metrics/model_summary_json/CNN__RDKit_QM__summary.json,mean_only_scalar
CNN,RDKit+QM,earthy,0.7269567926316743,,,,,,,results/benchmark_metrics/model_summary_json/CNN__RDKit_QM__summary.json,mean_only_scalar
CNN,RDKit+QM,ethereal,0.9502481493600421,,,,,,,results/benchmark_metrics/model_summary_json/CNN__RDKit_QM__summary.json,mean_only_scalar
CNN,RDKit+QM,fatty,0.8911728917188112,,,,,,,results/benchmark_metrics/model_summary_json/CNN__RDKit_QM__summary.json,mean_only_scalar
CNN,RDKit+QM,fermented,0.8952557668548904,,,,,,,results/benchmark_metrics/model_summary_json/CNN__RDKit_QM__summary.json,mean_only_scalar
CNN,RDKit+QM,fishy,0.9350725632236621,,,,,,,results/benchmark_metrics/model_summary_json/CNN__RDKit_QM__summary.json,mean_only_scalar
CNN,RDKit+QM,floral,0.8481892065389799,,,,,,,results/benchmark_metrics/model_summary_json/CNN__RDKit_QM__summary.json,mean_only_scalar
CNN,RDKit+QM,fresh,0.744535965299684,,,,,,,results/benchmark_metrics/model_summary_json/CNN__RDKit_QM__summary.json,mean_only_scalar
CNN,RDKit+QM,fruity,0.861949175255251,,,,,,,results/benchmark_metrics/model_summary_json/CNN__RDKit_QM__summary.json,mean_only_scalar
CNN,RDKit+QM,garlic,0.9831109717505587,,,,,,,results/benchmark_metrics/model_summary_json/CNN__RDKit_QM__summary.json,mean_only_scalar
CNN,RDKit+QM,gasoline,0.9570980751353366,,,,,,,results/benchmark_metrics/model_summary_json/CNN__RDKit_QM__summary.json,mean_only_scalar
CNN,RDKit+QM,grape,0.8625622839675259,,,,,,,results/benchmark_metrics/model_summary_json/CNN__RDKit_QM__summary.json,mean_only_scalar
CNN,RDKit+QM,grapefruit,0.9005591880195112,,,,,,,results/benchmark_metrics/model_summary_json/CNN__RDKit_QM__summary.json,mean_only_scalar
CNN,RDKit+QM,grassy,0.9094994041404412,,,,,,,results/benchmark_metrics/model_summary_json/CNN__RDKit_QM__summary.json,mean_only_scalar
CNN,RDKit+QM,green,0.7910189662589218,,,,,,,results/benchmark_metrics/model_summary_json/CNN__RDKit_QM__summary.json,mean_only_scalar
CNN,RDKit+QM,hay,0.8783099826089382,,,,,,,results/benchmark_metrics/model_summary_json/CNN__RDKit_QM__summary.json,mean_only_scalar
CNN,RDKit+QM,hazelnut,0.9477819887089854,,,,,,,results/benchmark_metrics/model_summary_json/CNN__RDKit_QM__summary.json,mean_only_scalar
CNN,RDKit+QM,herbal,0.7507936120347007,,,,,,,results/benchmark_metrics/model_summary_json/CNN__RDKit_QM__summary.json,mean_only_scalar
CNN,RDKit+QM,honey,0.875390802316573,,,,,,,results/benchmark_metrics/model_summary_json/CNN__RDKit_QM__summary.json,mean_only_scalar
CNN,RDKit+QM,horseradish,0.9680855760006788,,,,,,,results/benchmark_metrics/model_summary_json/CNN__RDKit_QM__summary.json,mean_only_scalar
CNN,RDKit+QM,jasmine,0.8707126609837127,,,,,,,results/benchmark_metrics/model_summary_json/CNN__RDKit_QM__summary.json,mean_only_scalar
CNN,RDKit+QM,ketonic,0.9914998684920476,,,,,,,results/benchmark_metrics/model_summary_json/CNN__RDKit_QM__summary.json,mean_only_scalar
CNN,RDKit+QM,leafy,0.8040876777427602,,,,,,,results/benchmark_metrics/model_summary_json/CNN__RDKit_QM__summary.json,mean_only_scalar
CNN,RDKit+QM,leathery,0.8145492376082292,,,,,,,results/benchmark_metrics/model_summary_json/CNN__RDKit_QM__summary.json,mean_only_scalar
CNN,RDKit+QM,lemon,0.901426029192655,,,,,,,results/benchmark_metrics/model_summary_json/CNN__RDKit_QM__summary.json,mean_only_scalar
CNN,RDKit+QM,malty,0.859475794780556,,,,,,,results/benchmark_metrics/model_summary_json/CNN__RDKit_QM__summary.json,mean_only_scalar
CNN,RDKit+QM,meaty,0.9396218206549779,,,,,,,results/benchmark_metrics/model_summary_json/CNN__RDKit_QM__summary.json,mean_only_scalar
CNN,RDKit+QM,medicinal,0.9443448685574396,,,,,,,results/benchmark_metrics/model_summary_json/CNN__RDKit_QM__summary.json,mean_only_scalar
CNN,RDKit+QM,melon,0.8816272465881052,,,,,,,results/benchmark_metrics/model_summary_json/CNN__RDKit_QM__summary.json,mean_only_scalar
CNN,RDKit+QM,metallic,0.7649012499387392,,,,,,,results/benchmark_metrics/model_summary_json/CNN__RDKit_QM__summary.json,mean_only_scalar
CNN,RDKit+QM,milky,0.7967062959082439,,,,,,,results/benchmark_metrics/model_summary_json/CNN__RDKit_QM__summary.json,mean_only_scalar
CNN,RDKit+QM,mint,0.9075634271680262,,,,,,,results/benchmark_metrics/model_summary_json/CNN__RDKit_QM__summary.json,mean_only_scalar
CNN,RDKit+QM,mushroom,0.8135536091320926,,,,,,,results/benchmark_metrics/model_summary_json/CNN__RDKit_QM__summary.json,mean_only_scalar
CNN,RDKit+QM,musk,0.8889571549554585,,,,,,,results/benchmark_metrics/model_summary_json/CNN__RDKit_QM__summary.json,mean_only_scalar
CNN,RDKit+QM,musty,0.7003118887382558,,,,,,,results/benchmark_metrics/model_summary_json/CNN__RDKit_QM__summary.json,mean_only_scalar
CNN,RDKit+QM,nutty,0.8406457183746869,,,,,,,results/benchmark_metrics/model_summary_json/CNN__RDKit_QM__summary.json,mean_only_scalar
CNN,RDKit+QM,oily,0.8608367880483406,,,,,,,results/benchmark_metrics/model_summary_json/CNN__RDKit_QM__summary.json,mean_only_scalar
CNN,RDKit+QM,onion,0.9739924153477691,,,,,,,results/benchmark_metrics/model_summary_json/CNN__RDKit_QM__summary.json,mean_only_scalar
CNN,RDKit+QM,orange,0.8947520064268659,,,,,,,results/benchmark_metrics/model_summary_json/CNN__RDKit_QM__summary.json,mean_only_scalar
CNN,RDKit+QM,orris,0.7628784811424254,,,,,,,results/benchmark_metrics/model_summary_json/CNN__RDKit_QM__summary.json,mean_only_scalar
CNN,RDKit+QM,peach,0.805812502080516,,,,,,,results/benchmark_metrics/model_summary_json/CNN__RDKit_QM__summary.json,mean_only_scalar
CNN,RDKit+QM,pear,0.9173588480494053,,,,,,,results/benchmark_metrics/model_summary_json/CNN__RDKit_QM__summary.json,mean_only_scalar
CNN,RDKit+QM,phenolic,0.9522970754743213,,,,,,,results/benchmark_metrics/model_summary_json/CNN__RDKit_QM__summary.json,mean_only_scalar
CNN,RDKit+QM,pine,0.9638831875291519,,,,,,,results/benchmark_metrics/model_summary_json/CNN__RDKit_QM__summary.json,mean_only_scalar
CNN,RDKit+QM,pineapple,0.8948147794399886,,,,,,,results/benchmark_metrics/model_summary_json/CNN__RDKit_QM__summary.json,mean_only_scalar
CNN,RDKit+QM,plum,0.8093405913822218,,,,,,,results/benchmark_metrics/model_summary_json/CNN__RDKit_QM__summary.json,mean_only_scalar
CNN,RDKit+QM,popcorn,0.9787001406014942,,,,,,,results/benchmark_metrics/model_summary_json/CNN__RDKit_QM__summary.json,mean_only_scalar
CNN,RDKit+QM,potato,0.9553911166873569,,,,,,,results/benchmark_metrics/model_summary_json/CNN__RDKit_QM__summary.json,mean_only_scalar
CNN,RDKit+QM,pungent,0.8792994023300418,,,,,,,results/benchmark_metrics/model_summary_json/CNN__RDKit_QM__summary.json,mean_only_scalar
CNN,RDKit+QM,radish,0.8396093594824805,,,,,,,results/benchmark_metrics/model_summary_json/CNN__RDKit_QM__summary.json,mean_only_scalar
CNN,RDKit+QM,ripe,0.8733032690885201,,,,,,,results/benchmark_metrics/model_summary_json/CNN__RDKit_QM__summary.json,mean_only_scalar
CNN,RDKit+QM,roasted,0.9307859993130464,,,,,,,results/benchmark_metrics/model_summary_json/CNN__RDKit_QM__summary.json,mean_only_scalar
CNN,RDKit+QM,rose,0.8919319123810572,,,,,,,results/benchmark_metrics/model_summary_json/CNN__RDKit_QM__summary.json,mean_only_scalar
CNN,RDKit+QM,rum,0.8905570383771997,,,,,,,results/benchmark_metrics/model_summary_json/CNN__RDKit_QM__summary.json,mean_only_scalar
CNN,RDKit+QM,savory,0.9242023802535495,,,,,,,results/benchmark_metrics/model_summary_json/CNN__RDKit_QM__summary.json,mean_only_scalar
CNN,RDKit+QM,sharp,0.8319613790012896,,,,,,,results/benchmark_metrics/model_summary_json/CNN__RDKit_QM__summary.json,mean_only_scalar
CNN,RDKit+QM,smoky,0.9709111441892601,,,,,,,results/benchmark_metrics/model_summary_json/CNN__RDKit_QM__summary.json,mean_only_scalar
CNN,RDKit+QM,solvent,0.9680542150003124,,,,,,,results/benchmark_metrics/model_summary_json/CNN__RDKit_QM__summary.json,mean_only_scalar
CNN,RDKit+QM,sour,0.8985778616090823,,,,,,,results/benchmark_metrics/model_summary_json/CNN__RDKit_QM__summary.json,mean_only_scalar
CNN,RDKit+QM,spicy,0.8233740847792108,,,,,,,results/benchmark_metrics/model_summary_json/CNN__RDKit_QM__summary.json,mean_only_scalar
CNN,RDKit+QM,strawberry,0.7568126043975906,,,,,,,results/benchmark_metrics/model_summary_json/CNN__RDKit_QM__summary.json,mean_only_scalar
CNN,RDKit+QM,sulfurous,0.96434025729836,,,,,,,results/benchmark_metrics/model_summary_json/CNN__RDKit_QM__summary.json,mean_only_scalar
CNN,RDKit+QM,sweet,0.7294968406686493,,,,,,,results/benchmark_metrics/model_summary_json/CNN__RDKit_QM__summary.json,mean_only_scalar
CNN,RDKit+QM,tea,0.7627429236240445,,,,,,,results/benchmark_metrics/model_summary_json/CNN__RDKit_QM__summary.json,mean_only_scalar
CNN,RDKit+QM,tobacco,0.8885837115089521,,,,,,,results/benchmark_metrics/model_summary_json/CNN__RDKit_QM__summary.json,mean_only_scalar
CNN,RDKit+QM,tomato,0.8851628127956765,,,,,,,results/benchmark_metrics/model_summary_json/CNN__RDKit_QM__summary.json,mean_only_scalar
CNN,RDKit+QM,tropical,0.8485940401180626,,,,,,,results/benchmark_metrics/model_summary_json/CNN__RDKit_QM__summary.json,mean_only_scalar
CNN,RDKit+QM,vanilla,0.94494083565157,,,,,,,results/benchmark_metrics/model_summary_json/CNN__RDKit_QM__summary.json,mean_only_scalar
CNN,RDKit+QM,vegetable,0.8524786115364202,,,,,,,results/benchmark_metrics/model_summary_json/CNN__RDKit_QM__summary.json,mean_only_scalar
CNN,RDKit+QM,violet,0.9470210835747249,,,,,,,results/benchmark_metrics/model_summary_json/CNN__RDKit_QM__summary.json,mean_only_scalar
CNN,RDKit+QM,warm,0.7392336438076758,,,,,,,results/benchmark_metrics/model_summary_json/CNN__RDKit_QM__summary.json,mean_only_scalar
CNN,RDKit+QM,waxy,0.9063717540741905,,,,,,,results/benchmark_metrics/model_summary_json/CNN__RDKit_QM__summary.json,mean_only_scalar
CNN,RDKit+QM,winey,0.8599361226269947,,,,,,,results/benchmark_metrics/model_summary_json/CNN__RDKit_QM__summary.json,mean_only_scalar
CNN,RDKit+QM,woody,0.8441269534407443,,,,,,,results/benchmark_metrics/model_summary_json/CNN__RDKit_QM__summary.json,mean_only_scalar
LogReg,ECFP4,alcoholic,0.9775214290855431,0.006968642219507302,,,,,,results/benchmark_metrics/model_summary_json/LogReg__ECFP4__summary.json,mean_std_dict
LogReg,ECFP4,aldehydic,0.8273093365783124,0.06414568995023731,,,,,,results/benchmark_metrics/model_summary_json/LogReg__ECFP4__summary.json,mean_std_dict
LogReg,ECFP4,alliaceous,0.9411378538629431,0.005451812255954052,,,,,,results/benchmark_metrics/model_summary_json/LogReg__ECFP4__summary.json,mean_std_dict
LogReg,ECFP4,almond,0.894871725799627,0.02807420802849806,,,,,,results/benchmark_metrics/model_summary_json/LogReg__ECFP4__summary.json,mean_std_dict
LogReg,ECFP4,animal,0.8826939625971597,0.03308716325383997,,,,,,results/benchmark_metrics/model_summary_json/LogReg__ECFP4__summary.json,mean_std_dict
LogReg,ECFP4,anisic,0.9038927271141544,0.04368639543207641,,,,,,results/benchmark_metrics/model_summary_json/LogReg__ECFP4__summary.json,mean_std_dict
LogReg,ECFP4,apple,0.8951786491324771,0.020121939869979986,,,,,,results/benchmark_metrics/model_summary_json/LogReg__ECFP4__summary.json,mean_std_dict
LogReg,ECFP4,apricot,0.8527505349270601,0.05446161535632788,,,,,,results/benchmark_metrics/model_summary_json/LogReg__ECFP4__summary.json,mean_std_dict
LogReg,ECFP4,aromatic,0.8006303963994119,0.02958915507171832,,,,,,results/benchmark_metrics/model_summary_json/LogReg__ECFP4__summary.json,mean_std_dict
LogReg,ECFP4,balsamic,0.9155408531532665,0.013708545213034752,,,,,,results/benchmark_metrics/model_summary_json/LogReg__ECFP4__summary.json,mean_std_dict
LogReg,ECFP4,banana,0.8974843186777448,0.027711231559735972,,,,,,results/benchmark_metrics/model_summary_json/LogReg__ECFP4__summary.json,mean_std_dict
LogReg,ECFP4,beefy,0.8841916141865468,0.038180601126557134,,,,,,results/benchmark_metrics/model_summary_json/LogReg__ECFP4__summary.json,mean_std_dict
LogReg,ECFP4,berry,0.7446003642610797,0.04169992256310174,,,,,,results/benchmark_metrics/model_summary_json/LogReg__ECFP4__summary.json,mean_std_dict
LogReg,ECFP4,black currant,0.9382930757294039,0.05483028293795439,,,,,,results/benchmark_metrics/model_summary_json/LogReg__ECFP4__summary.json,mean_std_dict
LogReg,ECFP4,brandy,0.8962529525107167,0.02916989271132775,,,,,,results/benchmark_metrics/model_summary_json/LogReg__ECFP4__summary.json,mean_std_dict
LogReg,ECFP4,bread,0.8429808460621562,0.034787929013597625,,,,,,results/benchmark_metrics/model_summary_json/LogReg__ECFP4__summary.json,mean_std_dict
LogReg,ECFP4,brothy,0.8963953311863795,0.0743181685208839,,,,,,results/benchmark_metrics/model_summary_json/LogReg__ECFP4__summary.json,mean_std_dict
LogReg,ECFP4,burnt,0.861353711959795,0.01945454832051127,,,,,,results/benchmark_metrics/model_summary_json/LogReg__ECFP4__summary.json,mean_std_dict
LogReg,ECFP4,buttery,0.8667315871846346,0.031195332548955856,,,,,,results/benchmark_metrics/model_summary_json/LogReg__ECFP4__summary.json,mean_std_dict
LogReg,ECFP4,cabbage,0.9346107736700281,0.018035035625231427,,,,,,results/benchmark_metrics/model_summary_json/LogReg__ECFP4__summary.json,mean_std_dict
LogReg,ECFP4,camphoreous,0.9333939931067127,0.016876135268407255,,,,,,results/benchmark_metrics/model_summary_json/LogReg__ECFP4__summary.json,mean_std_dict
LogReg,ECFP4,caramellic,0.8952427953687778,0.015362065172289725,,,,,,results/benchmark_metrics/model_summary_json/LogReg__ECFP4__summary.json,mean_std_dict
LogReg,ECFP4,catty,0.9635483438274587,0.04125605728401753,,,,,,results/benchmark_metrics/model_summary_json/LogReg__ECFP4__summary.json,mean_std_dict
LogReg,ECFP4,chamomile,0.9385582910395792,0.01648690590609058,,,,,,results/benchmark_metrics/model_summary_json/LogReg__ECFP4__summary.json,mean_std_dict
LogReg,ECFP4,cheesy,0.9218184078777332,0.01651423827724057,,,,,,results/benchmark_metrics/model_summary_json/LogReg__ECFP4__summary.json,mean_std_dict
LogReg,ECFP4,cherry,0.8929999296338902,0.015173949179575319,,,,,,results/benchmark_metrics/model_summary_json/LogReg__ECFP4__summary.json,mean_std_dict
LogReg,ECFP4,chicken,0.9095391398810018,0.03446338609740031,,,,,,results/benchmark_metrics/model_summary_json/LogReg__ECFP4__summary.json,mean_std_dict
LogReg,ECFP4,chocolate,0.8270142175090136,0.09997102282772355,,,,,,results/benchmark_metrics/model_summary_json/LogReg__ECFP4__summary.json,mean_std_dict
LogReg,ECFP4,cinnamon,0.8916461664742791,0.03753196405834354,,,,,,results/benchmark_metrics/model_summary_json/LogReg__ECFP4__summary.json,mean_std_dict
LogReg,ECFP4,citrus,0.8677480268047484,0.028598826951978382,,,,,,results/benchmark_metrics/model_summary_json/LogReg__ECFP4__summary.json,mean_std_dict
LogReg,ECFP4,cocoa,0.8876548694860885,0.03681554328773493,,,,,,results/benchmark_metrics/model_summary_json/LogReg__ECFP4__summary.json,mean_std_dict
LogReg,ECFP4,coconut,0.921578017633896,0.021290159649833346,,,,,,results/benchmark_metrics/model_summary_json/LogReg__ECFP4__summary.json,mean_std_dict
LogReg,ECFP4,coffee,0.9309764156435479,0.01559930368096967,,,,,,results/benchmark_metrics/model_summary_json/LogReg__ECFP4__summary.json,mean_std_dict
LogReg,ECFP4,cognac,0.9330880039515721,0.01787543169612155,,,,,,results/benchmark_metrics/model_summary_json/LogReg__ECFP4__summary.json,mean_std_dict
LogReg,ECFP4,coumarinic,0.9447694907553986,0.04115399927648719,,,,,,results/benchmark_metrics/model_summary_json/LogReg__ECFP4__summary.json,mean_std_dict
LogReg,ECFP4,creamy,0.7610080410768084,0.01951291735248233,,,,,,results/benchmark_metrics/model_summary_json/LogReg__ECFP4__summary.json,mean_std_dict
LogReg,ECFP4,cucumber,0.9459646689814359,0.07033719735316829,,,,,,results/benchmark_metrics/model_summary_json/LogReg__ECFP4__summary.json,mean_std_dict
LogReg,ECFP4,dairy,0.8378768896735653,0.024482088193409992,,,,,,results/benchmark_metrics/model_summary_json/LogReg__ECFP4__summary.json,mean_std_dict
LogReg,ECFP4,dry,0.7476655759938814,0.09737156768213759,,,,,,results/benchmark_metrics/model_summary_json/LogReg__ECFP4__summary.json,mean_std_dict
LogReg,ECFP4,earthy,0.742369539551997,0.024735809833699,,,,,,results/benchmark_metrics/model_summary_json/LogReg__ECFP4__summary.json,mean_std_dict
LogReg,ECFP4,ethereal,0.9315490096167721,0.014119128861836958,,,,,,results/benchmark_metrics/model_summary_json/LogReg__ECFP4__summary.json,mean_std_dict
LogReg,ECFP4,fatty,0.890124611534502,0.015642870907432993,,,,,,results/benchmark_metrics/model_summary_json/LogReg__ECFP4__summary.json,mean_std_dict
LogReg,ECFP4,fermented,0.9034292991287269,0.012874382052889878,,,,,,results/benchmark_metrics/model_summary_json/LogReg__ECFP4__summary.json,mean_std_dict
LogReg,ECFP4,fishy,0.9455624451281835,0.014790036159044796,,,,,,results/benchmark_metrics/model_summary_json/LogReg__ECFP4__summary.json,mean_std_dict
LogReg,ECFP4,floral,0.8448356835107029,0.008789283874694897,,,,,,results/benchmark_metrics/model_summary_json/LogReg__ECFP4__summary.json,mean_std_dict
LogReg,ECFP4,fresh,0.7396042963769865,0.017078388669713226,,,,,,results/benchmark_metrics/model_summary_json/LogReg__ECFP4__summary.json,mean_std_dict
LogReg,ECFP4,fruity,0.8469301998374921,0.013143732333069626,,,,,,results/benchmark_metrics/model_summary_json/LogReg__ECFP4__summary.json,mean_std_dict
LogReg,ECFP4,garlic,0.974968605840731,0.006174682912782182,,,,,,results/benchmark_metrics/model_summary_json/LogReg__ECFP4__summary.json,mean_std_dict
LogReg,ECFP4,gasoline,0.9193620975531427,0.019999061300575296,,,,,,results/benchmark_metrics/model_summary_json/LogReg__ECFP4__summary.json,mean_std_dict
LogReg,ECFP4,grape,0.9082150530378165,0.043675450045028444,,,,,,results/benchmark_metrics/model_summary_json/LogReg__ECFP4__summary.json,mean_std_dict
LogReg,ECFP4,grapefruit,0.8495348769027944,0.023963589871357136,,,,,,results/benchmark_metrics/model_summary_json/LogReg__ECFP4__summary.json,mean_std_dict
LogReg,ECFP4,grassy,0.8756635038595564,0.03467232760137042,,,,,,results/benchmark_metrics/model_summary_json/LogReg__ECFP4__summary.json,mean_std_dict
LogReg,ECFP4,green,0.7795835650198585,0.010761211996268068,,,,,,results/benchmark_metrics/model_summary_json/LogReg__ECFP4__summary.json,mean_std_dict
LogReg,ECFP4,hay,0.8326514242761647,0.024369657978683436,,,,,,results/benchmark_metrics/model_summary_json/LogReg__ECFP4__summary.json,mean_std_dict
LogReg,ECFP4,hazelnut,0.9101702900555608,0.0219159360401732,,,,,,results/benchmark_metrics/model_summary_json/LogReg__ECFP4__summary.json,mean_std_dict
LogReg,ECFP4,herbal,0.7482259680306845,0.01279121020882183,,,,,,results/benchmark_metrics/model_summary_json/LogReg__ECFP4__summary.json,mean_std_dict
LogReg,ECFP4,honey,0.9152924770620696,0.020103381401155376,,,,,,results/benchmark_metrics/model_summary_json/LogReg__ECFP4__summary.json,mean_std_dict
LogReg,ECFP4,horseradish,0.9518045768417615,0.05160154670358002,,,,,,results/benchmark_metrics/model_summary_json/LogReg__ECFP4__summary.json,mean_std_dict
LogReg,ECFP4,jasmine,0.9313087551774968,0.012154465087677698,,,,,,results/benchmark_metrics/model_summary_json/LogReg__ECFP4__summary.json,mean_std_dict
LogReg,ECFP4,ketonic,0.9767475804707374,0.005248352967145268,,,,,,results/benchmark_metrics/model_summary_json/LogReg__ECFP4__summary.json,mean_std_dict
LogReg,ECFP4,leafy,0.7608207123675145,0.07038499456575437,,,,,,results/benchmark_metrics/model_summary_json/LogReg__ECFP4__summary.json,mean_std_dict
LogReg,ECFP4,leathery,0.8324812036125676,0.07787451838297839,,,,,,results/benchmark_metrics/model_summary_json/LogReg__ECFP4__summary.json,mean_std_dict
LogReg,ECFP4,lemon,0.918164957691587,0.05674327405000278,,,,,,results/benchmark_metrics/model_summary_json/LogReg__ECFP4__summary.json,mean_std_dict
LogReg,ECFP4,malty,0.942364377432676,0.06729552387588024,,,,,,results/benchmark_metrics/model_summary_json/LogReg__ECFP4__summary.json,mean_std_dict
LogReg,ECFP4,meaty,0.9273358484585774,0.016282804779292073,,,,,,results/benchmark_metrics/model_summary_json/LogReg__ECFP4__summary.json,mean_std_dict
LogReg,ECFP4,medicinal,0.9689373049427568,0.00693108353706668,,,,,,results/benchmark_metrics/model_summary_json/LogReg__ECFP4__summary.json,mean_std_dict
LogReg,ECFP4,melon,0.8561394898326535,0.026968170532950874,,,,,,results/benchmark_metrics/model_summary_json/LogReg__ECFP4__summary.json,mean_std_dict
LogReg,ECFP4,metallic,0.6677834342469887,0.0682251162096142,,,,,,results/benchmark_metrics/model_summary_json/LogReg__ECFP4__summary.json,mean_std_dict
LogReg,ECFP4,milky,0.7813053917410921,0.08958498532475032,,,,,,results/benchmark_metrics/model_summary_json/LogReg__ECFP4__summary.json,mean_std_dict
LogReg,ECFP4,mint,0.9005516617790825,0.00864578499728156,,,,,,results/benchmark_metrics/model_summary_json/LogReg__ECFP4__summary.json,mean_std_dict
LogReg,ECFP4,mushroom,0.8725448616493532,0.07702202178557778,,,,,,results/benchmark_metrics/model_summary_json/LogReg__ECFP4__summary.json,mean_std_dict
LogReg,ECFP4,musk,0.8834141128229513,0.05558754587679971,,,,,,results/benchmark_metrics/model_summary_json/LogReg__ECFP4__summary.json,mean_std_dict
LogReg,ECFP4,musty,0.7709629498480353,0.06516653842962808,,,,,,results/benchmark_metrics/model_summary_json/LogReg__ECFP4__summary.json,mean_std_dict
LogReg,ECFP4,nutty,0.8202632241373149,0.018262915699388108,,,,,,results/benchmark_metrics/model_summary_json/LogReg__ECFP4__summary.json,mean_std_dict
LogReg,ECFP4,oily,0.8505735541948519,0.019943283115122702,,,,,,results/benchmark_metrics/model_summary_json/LogReg__ECFP4__summary.json,mean_std_dict
LogReg,ECFP4,onion,0.9591527769527873,0.011867708912460579,,,,,,results/benchmark_metrics/model_summary_json/LogReg__ECFP4__summary.json,mean_std_dict
LogReg,ECFP4,orange,0.8998612945641877,0.017165147035164974,,,,,,results/benchmark_metrics/model_summary_json/LogReg__ECFP4__summary.json,mean_std_dict
LogReg,ECFP4,orris,0.7909424331534516,0.06847870000702969,,,,,,results/benchmark_metrics/model_summary_json/LogReg__ECFP4__summary.json,mean_std_dict
LogReg,ECFP4,peach,0.8605653288077022,0.05707339760767705,,,,,,results/benchmark_metrics/model_summary_json/LogReg__ECFP4__summary.json,mean_std_dict
LogReg,ECFP4,pear,0.9037537845525868,0.03242917545070411,,,,,,results/benchmark_metrics/model_summary_json/LogReg__ECFP4__summary.json,mean_std_dict
LogReg,ECFP4,phenolic,0.9545064115308332,0.020671323179181866,,,,,,results/benchmark_metrics/model_summary_json/LogReg__ECFP4__summary.json,mean_std_dict
LogReg,ECFP4,pine,0.8803169143925584,0.07458800038113246,,,,,,results/benchmark_metrics/model_summary_json/LogReg__ECFP4__summary.json,mean_std_dict
LogReg,ECFP4,pineapple,0.9043036208683561,0.016125431998488197,,,,,,results/benchmark_metrics/model_summary_json/LogReg__ECFP4__summary.json,mean_std_dict
LogReg,ECFP4,plum,0.901028986139905,0.017930190126251057,,,,,,results/benchmark_metrics/model_summary_json/LogReg__ECFP4__summary.json,mean_std_dict
LogReg,ECFP4,popcorn,0.992991239147661,0.005652009450269344,,,,,,results/benchmark_metrics/model_summary_json/LogReg__ECFP4__summary.json,mean_std_dict
LogReg,ECFP4,potato,0.9511114611939838,0.02458325712270626,,,,,,results/benchmark_metrics/model_summary_json/LogReg__ECFP4__summary.json,mean_std_dict
LogReg,ECFP4,pungent,0.8297958987750356,0.020071564648085526,,,,,,results/benchmark_metrics/model_summary_json/LogReg__ECFP4__summary.json,mean_std_dict
LogReg,ECFP4,radish,0.8233481987709299,0.08364453722146162,,,,,,results/benchmark_metrics/model_summary_json/LogReg__ECFP4__summary.json,mean_std_dict
LogReg,ECFP4,ripe,0.8019996932421929,0.09010178597196733,,,,,,results/benchmark_metrics/model_summary_json/LogReg__ECFP4__summary.json,mean_std_dict
LogReg,ECFP4,roasted,0.9143150616411126,0.006057655399951086,,,,,,results/benchmark_metrics/model_summary_json/LogReg__ECFP4__summary.json,mean_std_dict
LogReg,ECFP4,rose,0.9077730571698301,0.023661880648486892,,,,,,results/benchmark_metrics/model_summary_json/LogReg__ECFP4__summary.json,mean_std_dict
LogReg,ECFP4,rum,0.8409708728740674,0.021455771421349742,,,,,,results/benchmark_metrics/model_summary_json/LogReg__ECFP4__summary.json,mean_std_dict
LogReg,ECFP4,savory,0.9205500877271273,0.020513011216265878,,,,,,results/benchmark_metrics/model_summary_json/LogReg__ECFP4__summary.json,mean_std_dict
LogReg,ECFP4,sharp,0.7953337607335221,0.06708869228509255,,,,,,results/benchmark_metrics/model_summary_json/LogReg__ECFP4__summary.json,mean_std_dict
LogReg,ECFP4,smoky,0.9685472904305827,0.007789335957739725,,,,,,results/benchmark_metrics/model_summary_json/LogReg__ECFP4__summary.json,mean_std_dict
LogReg,ECFP4,solvent,0.9295272234676946,0.021959807019234258,,,,,,results/benchmark_metrics/model_summary_json/LogReg__ECFP4__summary.json,mean_std_dict
LogReg,ECFP4,sour,0.8618677151672539,0.056104465526404454,,,,,,results/benchmark_metrics/model_summary_json/LogReg__ECFP4__summary.json,mean_std_dict
LogReg,ECFP4,spicy,0.8205802557185707,0.024509511721001596,,,,,,results/benchmark_metrics/model_summary_json/LogReg__ECFP4__summary.json,mean_std_dict
LogReg,ECFP4,strawberry,0.821145906495218,0.06679696247516324,,,,,,results/benchmark_metrics/model_summary_json/LogReg__ECFP4__summary.json,mean_std_dict
LogReg,ECFP4,sulfurous,0.9683262177594731,0.0038519523010179385,,,,,,results/benchmark_metrics/model_summary_json/LogReg__ECFP4__summary.json,mean_std_dict
LogReg,ECFP4,sweet,0.7104977316410256,0.019897379546505493,,,,,,results/benchmark_metrics/model_summary_json/LogReg__ECFP4__summary.json,mean_std_dict
LogReg,ECFP4,tea,0.7372572836989268,0.04233168995300934,,,,,,results/benchmark_metrics/model_summary_json/LogReg__ECFP4__summary.json,mean_std_dict
LogReg,ECFP4,tobacco,0.9035442253761772,0.04092462696553766,,,,,,results/benchmark_metrics/model_summary_json/LogReg__ECFP4__summary.json,mean_std_dict
LogReg,ECFP4,tomato,0.8825359745584249,0.03876910364700944,,,,,,results/benchmark_metrics/model_summary_json/LogReg__ECFP4__summary.json,mean_std_dict
LogReg,ECFP4,tropical,0.81887461332643,0.026133044689244666,,,,,,results/benchmark_metrics/model_summary_json/LogReg__ECFP4__summary.json,mean_std_dict
LogReg,ECFP4,vanilla,0.938967348045088,0.015575021670198105,,,,,,results/benchmark_metrics/model_summary_json/LogReg__ECFP4__summary.json,mean_std_dict
LogReg,ECFP4,vegetable,0.8388094928290795,0.030746172463281807,,,,,,results/benchmark_metrics/model_summary_json/LogReg__ECFP4__summary.json,mean_std_dict
LogReg,ECFP4,violet,0.916483537046919,0.07279767479803546,,,,,,results/benchmark_metrics/model_summary_json/LogReg__ECFP4__summary.json,mean_std_dict
LogReg,ECFP4,warm,0.6280520483598094,0.04817589923601122,,,,,,results/benchmark_metrics/model_summary_json/LogReg__ECFP4__summary.json,mean_std_dict
LogReg,ECFP4,waxy,0.8890702021845179,0.005688849612544995,,,,,,results/benchmark_metrics/model_summary_json/LogReg__ECFP4__summary.json,mean_std_dict
LogReg,ECFP4,winey,0.8745769795912827,0.010946986048313238,,,,,,results/benchmark_metrics/model_summary_json/LogReg__ECFP4__summary.json,mean_std_dict
LogReg,ECFP4,woody,0.8139414397940676,0.015186262653106049,,,,,,results/benchmark_metrics/model_summary_json/LogReg__ECFP4__summary.json,mean_std_dict
LogReg,QM,alcoholic,0.964355761517773,0.006451086496913104,,,,,,results/benchmark_metrics/model_summary_json/LogReg__QM__summary.json,mean_std_dict
LogReg,QM,aldehydic,0.7726265623275568,0.06935682242795568,,,,,,results/benchmark_metrics/model_summary_json/LogReg__QM__summary.json,mean_std_dict
LogReg,QM,alliaceous,0.9074110398945876,0.02513191357352223,,,,,,results/benchmark_metrics/model_summary_json/LogReg__QM__summary.json,mean_std_dict
LogReg,QM,almond,0.9013635580974058,0.04186376647667913,,,,,,results/benchmark_metrics/model_summary_json/LogReg__QM__summary.json,mean_std_dict
LogReg,QM,animal,0.7466087656124223,0.0423400311698647,,,,,,results/benchmark_metrics/model_summary_json/LogReg__QM__summary.json,mean_std_dict
LogReg,QM,anisic,0.8861645229403688,0.018917616071328924,,,,,,results/benchmark_metrics/model_summary_json/LogReg__QM__summary.json,mean_std_dict
LogReg,QM,apple,0.8624317220910797,0.01827712788205454,,,,,,results/benchmark_metrics/model_summary_json/LogReg__QM__summary.json,mean_std_dict
LogReg,QM,apricot,0.757907364482268,0.05102616810232479,,,,,,results/benchmark_metrics/model_summary_json/LogReg__QM__summary.json,mean_std_dict
LogReg,QM,aromatic,0.8173483495000937,0.026129564184604454,,,,,,results/benchmark_metrics/model_summary_json/LogReg__QM__summary.json,mean_std_dict
LogReg,QM,balsamic,0.9109061252088322,0.016524327803277554,,,,,,results/benchmark_metrics/model_summary_json/LogReg__QM__summary.json,mean_std_dict
LogReg,QM,banana,0.9097369815437368,0.03450607198848191,,,,,,results/benchmark_metrics/model_summary_json/LogReg__QM__summary.json,mean_std_dict
LogReg,QM,beefy,0.8135142303849865,0.06278673179642404,,,,,,results/benchmark_metrics/model_summary_json/LogReg__QM__summary.json,mean_std_dict
LogReg,QM,berry,0.6586295325941496,0.04931896554760825,,,,,,results/benchmark_metrics/model_summary_json/LogReg__QM__summary.json,mean_std_dict
LogReg,QM,black currant,0.8921425864973646,0.04196000485891808,,,,,,results/benchmark_metrics/model_summary_json/LogReg__QM__summary.json,mean_std_dict
LogReg,QM,brandy,0.8228678366998373,0.03290352452095684,,,,,,results/benchmark_metrics/model_summary_json/LogReg__QM__summary.json,mean_std_dict
LogReg,QM,bread,0.8742838276175586,0.03802041917784028,,,,,,results/benchmark_metrics/model_summary_json/LogReg__QM__summary.json,mean_std_dict
LogReg,QM,brothy,0.869913476659913,0.052683583244681524,,,,,,results/benchmark_metrics/model_summary_json/LogReg__QM__summary.json,mean_std_dict
LogReg,QM,burnt,0.8305618589479703,0.03300562210069909,,,,,,results/benchmark_metrics/model_summary_json/LogReg__QM__summary.json,mean_std_dict
LogReg,QM,buttery,0.802482403277206,0.008096954839889632,,,,,,results/benchmark_metrics/model_summary_json/LogReg__QM__summary.json,mean_std_dict
LogReg,QM,cabbage,0.8633401493768599,0.03227959338686466,,,,,,results/benchmark_metrics/model_summary_json/LogReg__QM__summary.json,mean_std_dict
LogReg,QM,camphoreous,0.8775818835433933,0.04733547406311312,,,,,,results/benchmark_metrics/model_summary_json/LogReg__QM__summary.json,mean_std_dict
LogReg,QM,caramellic,0.8694567136720487,0.01834615347614734,,,,,,results/benchmark_metrics/model_summary_json/LogReg__QM__summary.json,mean_std_dict
LogReg,QM,catty,0.9138540502780963,0.05768931038675595,,,,,,results/benchmark_metrics/model_summary_json/LogReg__QM__summary.json,mean_std_dict
LogReg,QM,chamomile,0.9340817444975013,0.020935947905201913,,,,,,results/benchmark_metrics/model_summary_json/LogReg__QM__summary.json,mean_std_dict
LogReg,QM,cheesy,0.861815006521868,0.027618084367980727,,,,,,results/benchmark_metrics/model_summary_json/LogReg__QM__summary.json,mean_std_dict
LogReg,QM,cherry,0.8873737905291209,0.03814350139081112,,,,,,results/benchmark_metrics/model_summary_json/LogReg__QM__summary.json,mean_std_dict
LogReg,QM,chicken,0.7502955324554146,0.06720607585393988,,,,,,results/benchmark_metrics/model_summary_json/LogReg__QM__summary.json,mean_std_dict
LogReg,QM,chocolate,0.8415300565424196,0.07081384152777359,,,,,,results/benchmark_metrics/model_summary_json/LogReg__QM__summary.json,mean_std_dict
LogReg,QM,cinnamon,0.913711504573962,0.025499541994100976,,,,,,results/benchmark_metrics/model_summary_json/LogReg__QM__summary.json,mean_std_dict
LogReg,QM,citrus,0.8481093300138302,0.0143755857747637,,,,,,results/benchmark_metrics/model_summary_json/LogReg__QM__summary.json,mean_std_dict
LogReg,QM,cocoa,0.8417752229839974,0.01845970486435534,,,,,,results/benchmark_metrics/model_summary_json/LogReg__QM__summary.json,mean_std_dict
LogReg,QM,coconut,0.8566817075453216,0.03747429108189457,,,,,,results/benchmark_metrics/model_summary_json/LogReg__QM__summary.json,mean_std_dict
LogReg,QM,coffee,0.8846744324077266,0.025529273555789624,,,,,,results/benchmark_metrics/model_summary_json/LogReg__QM__summary.json,mean_std_dict
LogReg,QM,cognac,0.9506540411714497,0.012237092023263021,,,,,,results/benchmark_metrics/model_summary_json/LogReg__QM__summary.json,mean_std_dict
LogReg,QM,coumarinic,0.9506696161910408,0.014771912382678888,,,,,,results/benchmark_metrics/model_summary_json/LogReg__QM__summary.json,mean_std_dict
LogReg,QM,creamy,0.7102147233310665,0.03293685965283872,,,,,,results/benchmark_metrics/model_summary_json/LogReg__QM__summary.json,mean_std_dict
LogReg,QM,cucumber,0.9057685316074291,0.027714442939064686,,,,,,results/benchmark_metrics/model_summary_json/LogReg__QM__summary.json,mean_std_dict
LogReg,QM,dairy,0.7871153828314104,0.05208656904922416,,,,,,results/benchmark_metrics/model_summary_json/LogReg__QM__summary.json,mean_std_dict
LogReg,QM,dry,0.779302807174054,0.10106251847194352,,,,,,results/benchmark_metrics/model_summary_json/LogReg__QM__summary.json,mean_std_dict
LogReg,QM,earthy,0.681797023150731,0.013351690422121289,,,,,,results/benchmark_metrics/model_summary_json/LogReg__QM__summary.json,mean_std_dict
LogReg,QM,ethereal,0.9391268565422314,0.01760281656963515,,,,,,results/benchmark_metrics/model_summary_json/LogReg__QM__summary.json,mean_std_dict
LogReg,QM,fatty,0.8842516627718341,0.019638430064954936,,,,,,results/benchmark_metrics/model_summary_json/LogReg__QM__summary.json,mean_std_dict
LogReg,QM,fermented,0.879079111066938,0.017507151562462384,,,,,,results/benchmark_metrics/model_summary_json/LogReg__QM__summary.json,mean_std_dict
LogReg,QM,fishy,0.8020696196416155,0.06170904532460389,,,,,,results/benchmark_metrics/model_summary_json/LogReg__QM__summary.json,mean_std_dict
LogReg,QM,floral,0.7993586885119701,0.008886880641067796,,,,,,results/benchmark_metrics/model_summary_json/LogReg__QM__summary.json,mean_std_dict
LogReg,QM,fresh,0.6823629563946411,0.0210481889963757,,,,,,results/benchmark_metrics/model_summary_json/LogReg__QM__summary.json,mean_std_dict
LogReg,QM,fruity,0.7992467832268517,0.01538337382903454,,,,,,results/benchmark_metrics/model_summary_json/LogReg__QM__summary.json,mean_std_dict
LogReg,QM,garlic,0.9609691760357097,0.016370601512158682,,,,,,results/benchmark_metrics/model_summary_json/LogReg__QM__summary.json,mean_std_dict
LogReg,QM,gasoline,0.9339907891001848,0.04618468448586988,,,,,,results/benchmark_metrics/model_summary_json/LogReg__QM__summary.json,mean_std_dict
LogReg,QM,grape,0.8056390814556375,0.02923454256741946,,,,,,results/benchmark_metrics/model_summary_json/LogReg__QM__summary.json,mean_std_dict
LogReg,QM,grapefruit,0.7845839711446361,0.0398101407845243,,,,,,results/benchmark_metrics/model_summary_json/LogReg__QM__summary.json,mean_std_dict
LogReg,QM,grassy,0.8552408644479386,0.05060257853061528,,,,,,results/benchmark_metrics/model_summary_json/LogReg__QM__summary.json,mean_std_dict
LogReg,QM,green,0.7104041792651778,0.014968273241921801,,,,,,results/benchmark_metrics/model_summary_json/LogReg__QM__summary.json,mean_std_dict
LogReg,QM,hay,0.773409104587583,0.04207056173362247,,,,,,results/benchmark_metrics/model_summary_json/LogReg__QM__summary.json,mean_std_dict
LogReg,QM,hazelnut,0.919731292585092,0.0283163166266106,,,,,,results/benchmark_metrics/model_summary_json/LogReg__QM__summary.json,mean_std_dict
LogReg,QM,herbal,0.6966776160836351,0.008923699527730951,,,,,,results/benchmark_metrics/model_summary_json/LogReg__QM__summary.json,mean_std_dict
LogReg,QM,honey,0.8684610087389262,0.017235340174815313,,,,,,results/benchmark_metrics/model_summary_json/LogReg__QM__summary.json,mean_std_dict
LogReg,QM,horseradish,0.9466186749759287,0.051443527677981986,,,,,,results/benchmark_metrics/model_summary_json/LogReg__QM__summary.json,mean_std_dict
LogReg,QM,jasmine,0.8258231646958537,0.039435203626816843,,,,,,results/benchmark_metrics/model_summary_json/LogReg__QM__summary.json,mean_std_dict
LogReg,QM,ketonic,0.9663326907122614,0.00700253989496582,,,,,,results/benchmark_metrics/model_summary_json/LogReg__QM__summary.json,mean_std_dict
LogReg,QM,leafy,0.6037673805955937,0.06186322301399043,,,,,,results/benchmark_metrics/model_summary_json/LogReg__QM__summary.json,mean_std_dict
LogReg,QM,leathery,0.874783332301784,0.07158298213482349,,,,,,results/benchmark_metrics/model_summary_json/LogReg__QM__summary.json,mean_std_dict
LogReg,QM,lemon,0.7898166628672545,0.08887092078267432,,,,,,results/benchmark_metrics/model_summary_json/LogReg__QM__summary.json,mean_std_dict
LogReg,QM,malty,0.9004461079283335,0.08251425330523766,,,,,,results/benchmark_metrics/model_summary_json/LogReg__QM__summary.json,mean_std_dict
LogReg,QM,meaty,0.8836847167672218,0.012912421049633605,,,,,,results/benchmark_metrics/model_summary_json/LogReg__QM__summary.json,mean_std_dict
LogReg,QM,medicinal,0.9309103106545245,0.020338296158015936,,,,,,results/benchmark_metrics/model_summary_json/LogReg__QM__summary.json,mean_std_dict
LogReg,QM,melon,0.7926302678916295,0.02754161494405463,,,,,,results/benchmark_metrics/model_summary_json/LogReg__QM__summary.json,mean_std_dict
LogReg,QM,metallic,0.6805092330961815,0.07879745838091344,,,,,,results/benchmark_metrics/model_summary_json/LogReg__QM__summary.json,mean_std_dict
LogReg,QM,milky,0.6557608394974312,0.09691640758569818,,,,,,results/benchmark_metrics/model_summary_json/LogReg__QM__summary.json,mean_std_dict
LogReg,QM,mint,0.8967202675520476,0.016342694465554836,,,,,,results/benchmark_metrics/model_summary_json/LogReg__QM__summary.json,mean_std_dict
LogReg,QM,mushroom,0.6475076951696883,0.04590349123035998,,,,,,results/benchmark_metrics/model_summary_json/LogReg__QM__summary.json,mean_std_dict
LogReg,QM,musk,0.7960302988226161,0.0437619765898161,,,,,,results/benchmark_metrics/model_summary_json/LogReg__QM__summary.json,mean_std_dict
LogReg,QM,musty,0.721723652297632,0.04019357608592906,,,,,,results/benchmark_metrics/model_summary_json/LogReg__QM__summary.json,mean_std_dict
LogReg,QM,nutty,0.7707767300499593,0.019489572276386924,,,,,,results/benchmark_metrics/model_summary_json/LogReg__QM__summary.json,mean_std_dict
LogReg,QM,oily,0.824702831651981,0.028431972182131685,,,,,,results/benchmark_metrics/model_summary_json/LogReg__QM__summary.json,mean_std_dict
LogReg,QM,onion,0.9619120026359059,0.004724005555029641,,,,,,results/benchmark_metrics/model_summary_json/LogReg__QM__summary.json,mean_std_dict
LogReg,QM,orange,0.7894498584474058,0.04806907143730433,,,,,,results/benchmark_metrics/model_summary_json/LogReg__QM__summary.json,mean_std_dict
LogReg,QM,orris,0.7244039643098665,0.08973473155959996,,,,,,results/benchmark_metrics/model_summary_json/LogReg__QM__summary.json,mean_std_dict
LogReg,QM,peach,0.8041690472684806,0.03915241885285123,,,,,,results/benchmark_metrics/model_summary_json/LogReg__QM__summary.json,mean_std_dict
LogReg,QM,pear,0.885292225110239,0.01795291183373584,,,,,,results/benchmark_metrics/model_summary_json/LogReg__QM__summary.json,mean_std_dict
LogReg,QM,phenolic,0.9604787563436485,0.022540908720611874,,,,,,results/benchmark_metrics/model_summary_json/LogReg__QM__summary.json,mean_std_dict
LogReg,QM,pine,0.9164175944674284,0.038748039260086166,,,,,,results/benchmark_metrics/model_summary_json/LogReg__QM__summary.json,mean_std_dict
LogReg,QM,pineapple,0.8876672640366674,0.012690508911920554,,,,,,results/benchmark_metrics/model_summary_json/LogReg__QM__summary.json,mean_std_dict
LogReg,QM,plum,0.6912189752612979,0.02568544292741149,,,,,,results/benchmark_metrics/model_summary_json/LogReg__QM__summary.json,mean_std_dict
LogReg,QM,popcorn,0.9395546097526564,0.04107350932678998,,,,,,results/benchmark_metrics/model_summary_json/LogReg__QM__summary.json,mean_std_dict
LogReg,QM,potato,0.8987972632162269,0.06632457878378059,,,,,,results/benchmark_metrics/model_summary_json/LogReg__QM__summary.json,mean_std_dict
LogReg,QM,pungent,0.8510481028522102,0.017906018677051088,,,,,,results/benchmark_metrics/model_summary_json/LogReg__QM__summary.json,mean_std_dict
LogReg,QM,radish,0.878332952064795,0.057070015398685815,,,,,,results/benchmark_metrics/model_summary_json/LogReg__QM__summary.json,mean_std_dict
LogReg,QM,ripe,0.7903387913715605,0.05721566209268708,,,,,,results/benchmark_metrics/model_summary_json/LogReg__QM__summary.json,mean_std_dict
LogReg,QM,roasted,0.8777982658300786,0.013274925379350983,,,,,,results/benchmark_metrics/model_summary_json/LogReg__QM__summary.json,mean_std_dict
LogReg,QM,rose,0.8038551399099505,0.018412816789982453,,,,,,results/benchmark_metrics/model_summary_json/LogReg__QM__summary.json,mean_std_dict
LogReg,QM,rum,0.8604856304483526,0.041956664863605796,,,,,,results/benchmark_metrics/model_summary_json/LogReg__QM__summary.json,mean_std_dict
LogReg,QM,savory,0.914955447083339,0.020827324393685398,,,,,,results/benchmark_metrics/model_summary_json/LogReg__QM__summary.json,mean_std_dict
LogReg,QM,sharp,0.8093487239171898,0.03951205304217711,,,,,,results/benchmark_metrics/model_summary_json/LogReg__QM__summary.json,mean_std_dict
LogReg,QM,smoky,0.9489359582730785,0.005413359283178078,,,,,,results/benchmark_metrics/model_summary_json/LogReg__QM__summary.json,mean_std_dict
LogReg,QM,solvent,0.9386670331736398,0.013124810101417113,,,,,,results/benchmark_metrics/model_summary_json/LogReg__QM__summary.json,mean_std_dict
LogReg,QM,sour,0.8444054526441139,0.05411337629746275,,,,,,results/benchmark_metrics/model_summary_json/LogReg__QM__summary.json,mean_std_dict
LogReg,QM,spicy,0.7970342200887728,0.013687025566498373,,,,,,results/benchmark_metrics/model_summary_json/LogReg__QM__summary.json,mean_std_dict
LogReg,QM,strawberry,0.745544010271515,0.12958398426020054,,,,,,results/benchmark_metrics/model_summary_json/LogReg__QM__summary.json,mean_std_dict
LogReg,QM,sulfurous,0.9347109459880638,0.009391988210593267,,,,,,results/benchmark_metrics/model_summary_json/LogReg__QM__summary.json,mean_std_dict
LogReg,QM,sweet,0.6857930638857723,0.02110863696066166,,,,,,results/benchmark_metrics/model_summary_json/LogReg__QM__summary.json,mean_std_dict
LogReg,QM,tea,0.6708412692978805,0.08360370530385675,,,,,,results/benchmark_metrics/model_summary_json/LogReg__QM__summary.json,mean_std_dict
LogReg,QM,tobacco,0.7780644254613486,0.054548977080644656,,,,,,results/benchmark_metrics/model_summary_json/LogReg__QM__summary.json,mean_std_dict
LogReg,QM,tomato,0.8833495611135419,0.04495602950521204,,,,,,results/benchmark_metrics/model_summary_json/LogReg__QM__summary.json,mean_std_dict
LogReg,QM,tropical,0.7952946935106846,0.025574188726618888,,,,,,results/benchmark_metrics/model_summary_json/LogReg__QM__summary.json,mean_std_dict
LogReg,QM,vanilla,0.9371192411293444,0.008741736485860347,,,,,,results/benchmark_metrics/model_summary_json/LogReg__QM__summary.json,mean_std_dict
LogReg,QM,vegetable,0.8046183822227386,0.03554354379486913,,,,,,results/benchmark_metrics/model_summary_json/LogReg__QM__summary.json,mean_std_dict
LogReg,QM,violet,0.8744819107835429,0.07889739940892179,,,,,,results/benchmark_metrics/model_summary_json/LogReg__QM__summary.json,mean_std_dict
LogReg,QM,warm,0.6745830473495589,0.06672368086359858,,,,,,results/benchmark_metrics/model_summary_json/LogReg__QM__summary.json,mean_std_dict
LogReg,QM,waxy,0.8730706902658799,0.01507634713743661,,,,,,results/benchmark_metrics/model_summary_json/LogReg__QM__summary.json,mean_std_dict
LogReg,QM,winey,0.8303377101251692,0.01627464515622913,,,,,,results/benchmark_metrics/model_summary_json/LogReg__QM__summary.json,mean_std_dict
LogReg,QM,woody,0.8291301084869953,0.02602618646886173,,,,,,results/benchmark_metrics/model_summary_json/LogReg__QM__summary.json,mean_std_dict
LogReg,RDKit,alcoholic,0.9661048156100656,0.008432431570506868,,,,,,results/benchmark_metrics/model_summary_json/LogReg__RDKit__summary.json,mean_std_dict
LogReg,RDKit,aldehydic,0.7607155814896006,0.06206650152414856,,,,,,results/benchmark_metrics/model_summary_json/LogReg__RDKit__summary.json,mean_std_dict
LogReg,RDKit,alliaceous,0.9263909695622455,0.020188115570562003,,,,,,results/benchmark_metrics/model_summary_json/LogReg__RDKit__summary.json,mean_std_dict
LogReg,RDKit,almond,0.8627819366704049,0.027443185224657943,,,,,,results/benchmark_metrics/model_summary_json/LogReg__RDKit__summary.json,mean_std_dict
LogReg,RDKit,animal,0.8052946489918803,0.04877786196627059,,,,,,results/benchmark_metrics/model_summary_json/LogReg__RDKit__summary.json,mean_std_dict
LogReg,RDKit,anisic,0.9088967156222306,0.011983471986920534,,,,,,results/benchmark_metrics/model_summary_json/LogReg__RDKit__summary.json,mean_std_dict
LogReg,RDKit,apple,0.8602943288272582,0.015527906939315373,,,,,,results/benchmark_metrics/model_summary_json/LogReg__RDKit__summary.json,mean_std_dict
LogReg,RDKit,apricot,0.7583300416010909,0.037352535026409686,,,,,,results/benchmark_metrics/model_summary_json/LogReg__RDKit__summary.json,mean_std_dict
LogReg,RDKit,aromatic,0.8245553000129575,0.033665291751254454,,,,,,results/benchmark_metrics/model_summary_json/LogReg__RDKit__summary.json,mean_std_dict
LogReg,RDKit,balsamic,0.9117360323322554,0.016859714527486566,,,,,,results/benchmark_metrics/model_summary_json/LogReg__RDKit__summary.json,mean_std_dict
LogReg,RDKit,banana,0.8972550441493237,0.03698987586622119,,,,,,results/benchmark_metrics/model_summary_json/LogReg__RDKit__summary.json,mean_std_dict
LogReg,RDKit,beefy,0.8724971191083852,0.04962047691368166,,,,,,results/benchmark_metrics/model_summary_json/LogReg__RDKit__summary.json,mean_std_dict
LogReg,RDKit,berry,0.6613123468733078,0.05623167706878238,,,,,,results/benchmark_metrics/model_summary_json/LogReg__RDKit__summary.json,mean_std_dict
LogReg,RDKit,black currant,0.8546471655152199,0.050988031718278495,,,,,,results/benchmark_metrics/model_summary_json/LogReg__RDKit__summary.json,mean_std_dict
LogReg,RDKit,brandy,0.8612553236727211,0.04471575296868307,,,,,,results/benchmark_metrics/model_summary_json/LogReg__RDKit__summary.json,mean_std_dict
LogReg,RDKit,bread,0.8901262406045131,0.05282320003565205,,,,,,results/benchmark_metrics/model_summary_json/LogReg__RDKit__summary.json,mean_std_dict
LogReg,RDKit,brothy,0.8864888493263086,0.03337789063937052,,,,,,results/benchmark_metrics/model_summary_json/LogReg__RDKit__summary.json,mean_std_dict
LogReg,RDKit,burnt,0.8302353369457431,0.02420458035112272,,,,,,results/benchmark_metrics/model_summary_json/LogReg__RDKit__summary.json,mean_std_dict
LogReg,RDKit,buttery,0.8453486076718619,0.021308060183421376,,,,,,results/benchmark_metrics/model_summary_json/LogReg__RDKit__summary.json,mean_std_dict
LogReg,RDKit,cabbage,0.9072235704184024,0.022140892526023574,,,,,,results/benchmark_metrics/model_summary_json/LogReg__RDKit__summary.json,mean_std_dict
LogReg,RDKit,camphoreous,0.9263114602004923,0.036783784049644094,,,,,,results/benchmark_metrics/model_summary_json/LogReg__RDKit__summary.json,mean_std_dict
LogReg,RDKit,caramellic,0.8723797176944812,0.009759322765490805,,,,,,results/benchmark_metrics/model_summary_json/LogReg__RDKit__summary.json,mean_std_dict
LogReg,RDKit,catty,0.9243888269640614,0.037320718834301846,,,,,,results/benchmark_metrics/model_summary_json/LogReg__RDKit__summary.json,mean_std_dict
LogReg,RDKit,chamomile,0.8945587842134876,0.034898197970370394,,,,,,results/benchmark_metrics/model_summary_json/LogReg__RDKit__summary.json,mean_std_dict
LogReg,RDKit,cheesy,0.8713657226017932,0.029167028494236417,,,,,,results/benchmark_metrics/model_summary_json/LogReg__RDKit__summary.json,mean_std_dict
LogReg,RDKit,cherry,0.8307072822265195,0.0690589000659108,,,,,,results/benchmark_metrics/model_summary_json/LogReg__RDKit__summary.json,mean_std_dict
LogReg,RDKit,chicken,0.7818904141577517,0.0762527124323536,,,,,,results/benchmark_metrics/model_summary_json/LogReg__RDKit__summary.json,mean_std_dict
LogReg,RDKit,chocolate,0.8099580898776064,0.09561380079929599,,,,,,results/benchmark_metrics/model_summary_json/LogReg__RDKit__summary.json,mean_std_dict
LogReg,RDKit,cinnamon,0.8728788755484699,0.01289233095396271,,,,,,results/benchmark_metrics/model_summary_json/LogReg__RDKit__summary.json,mean_std_dict
LogReg,RDKit,citrus,0.8210092396020003,0.02566867428427661,,,,,,results/benchmark_metrics/model_summary_json/LogReg__RDKit__summary.json,mean_std_dict
LogReg,RDKit,cocoa,0.7298209857722873,0.04077840898238211,,,,,,results/benchmark_metrics/model_summary_json/LogReg__RDKit__summary.json,mean_std_dict
LogReg,RDKit,coconut,0.8256505380224557,0.028663846947942568,,,,,,results/benchmark_metrics/model_summary_json/LogReg__RDKit__summary.json,mean_std_dict
LogReg,RDKit,coffee,0.9362214183558333,0.02592322506076258,,,,,,results/benchmark_metrics/model_summary_json/LogReg__RDKit__summary.json,mean_std_dict
LogReg,RDKit,cognac,0.931527900025434,0.02050681989867975,,,,,,results/benchmark_metrics/model_summary_json/LogReg__RDKit__summary.json,mean_std_dict
LogReg,RDKit,coumarinic,0.8930698799415013,0.02730714332557214,,,,,,results/benchmark_metrics/model_summary_json/LogReg__RDKit__summary.json,mean_std_dict
LogReg,RDKit,creamy,0.6626265674380909,0.01646859798150789,,,,,,results/benchmark_metrics/model_summary_json/LogReg__RDKit__summary.json,mean_std_dict
LogReg,RDKit,cucumber,0.9683903205643265,0.013185941058048042,,,,,,results/benchmark_metrics/model_summary_json/LogReg__RDKit__summary.json,mean_std_dict
LogReg,RDKit,dairy,0.8088576467856857,0.04701518502992305,,,,,,results/benchmark_metrics/model_summary_json/LogReg__RDKit__summary.json,mean_std_dict
LogReg,RDKit,dry,0.8465684383092323,0.06128681832566502,,,,,,results/benchmark_metrics/model_summary_json/LogReg__RDKit__summary.json,mean_std_dict
LogReg,RDKit,earthy,0.7100628262872872,0.03126034132890627,,,,,,results/benchmark_metrics/model_summary_json/LogReg__RDKit__summary.json,mean_std_dict
LogReg,RDKit,ethereal,0.9365013663794025,0.020935780835746754,,,,,,results/benchmark_metrics/model_summary_json/LogReg__RDKit__summary.json,mean_std_dict
LogReg,RDKit,fatty,0.8939785389177194,0.022641315968164436,,,,,,results/benchmark_metrics/model_summary_json/LogReg__RDKit__summary.json,mean_std_dict
LogReg,RDKit,fermented,0.8579031994465234,0.036014401255819485,,,,,,results/benchmark_metrics/model_summary_json/LogReg__RDKit__summary.json,mean_std_dict
LogReg,RDKit,fishy,0.8384692864270002,0.03462326059905427,,,,,,results/benchmark_metrics/model_summary_json/LogReg__RDKit__summary.json,mean_std_dict
LogReg,RDKit,floral,0.8192305199105139,0.011998451751943204,,,,,,results/benchmark_metrics/model_summary_json/LogReg__RDKit__summary.json,mean_std_dict
LogReg,RDKit,fresh,0.7078483461973045,0.027145344131140368,,,,,,results/benchmark_metrics/model_summary_json/LogReg__RDKit__summary.json,mean_std_dict
LogReg,RDKit,fruity,0.8049516302017642,0.024999956387934005,,,,,,results/benchmark_metrics/model_summary_json/LogReg__RDKit__summary.json,mean_std_dict
LogReg,RDKit,garlic,0.9554045423428394,0.0199900884706095,,,,,,results/benchmark_metrics/model_summary_json/LogReg__RDKit__summary.json,mean_std_dict
LogReg,RDKit,gasoline,0.9503977593748789,0.020943665926402746,,,,,,results/benchmark_metrics/model_summary_json/LogReg__RDKit__summary.json,mean_std_dict
LogReg,RDKit,grape,0.831308762032496,0.04946339955725637,,,,,,results/benchmark_metrics/model_summary_json/LogReg__RDKit__summary.json,mean_std_dict
LogReg,RDKit,grapefruit,0.8097451148041059,0.024426121998936037,,,,,,results/benchmark_metrics/model_summary_json/LogReg__RDKit__summary.json,mean_std_dict
LogReg,RDKit,grassy,0.8394825942144983,0.07332918291527425,,,,,,results/benchmark_metrics/model_summary_json/LogReg__RDKit__summary.json,mean_std_dict
LogReg,RDKit,green,0.7188408471521379,0.011093953144760154,,,,,,results/benchmark_metrics/model_summary_json/LogReg__RDKit__summary.json,mean_std_dict
LogReg,RDKit,hay,0.758690918834046,0.02621485773975224,,,,,,results/benchmark_metrics/model_summary_json/LogReg__RDKit__summary.json,mean_std_dict
LogReg,RDKit,hazelnut,0.9020345271094564,0.0244024332069429,,,,,,results/benchmark_metrics/model_summary_json/LogReg__RDKit__summary.json,mean_std_dict
LogReg,RDKit,herbal,0.6983502237036039,0.014653396541534741,,,,,,results/benchmark_metrics/model_summary_json/LogReg__RDKit__summary.json,mean_std_dict
LogReg,RDKit,honey,0.8762995368785276,0.025912289688499558,,,,,,results/benchmark_metrics/model_summary_json/LogReg__RDKit__summary.json,mean_std_dict
LogReg,RDKit,horseradish,0.9509199305600131,0.03127251256424708,,,,,,results/benchmark_metrics/model_summary_json/LogReg__RDKit__summary.json,mean_std_dict
LogReg,RDKit,jasmine,0.7706050538450163,0.0353232002566948,,,,,,results/benchmark_metrics/model_summary_json/LogReg__RDKit__summary.json,mean_std_dict
LogReg,RDKit,ketonic,0.9496301686622948,0.009307470769863237,,,,,,results/benchmark_metrics/model_summary_json/LogReg__RDKit__summary.json,mean_std_dict
LogReg,RDKit,leafy,0.6508105107892713,0.06598348980349011,,,,,,results/benchmark_metrics/model_summary_json/LogReg__RDKit__summary.json,mean_std_dict
LogReg,RDKit,leathery,0.9167584640318079,0.04144964442912155,,,,,,results/benchmark_metrics/model_summary_json/LogReg__RDKit__summary.json,mean_std_dict
LogReg,RDKit,lemon,0.7979549306263956,0.0664608402827448,,,,,,results/benchmark_metrics/model_summary_json/LogReg__RDKit__summary.json,mean_std_dict
LogReg,RDKit,malty,0.8692240958881395,0.0780526307435703,,,,,,results/benchmark_metrics/model_summary_json/LogReg__RDKit__summary.json,mean_std_dict
LogReg,RDKit,meaty,0.9067233744795102,0.012292643724893948,,,,,,results/benchmark_metrics/model_summary_json/LogReg__RDKit__summary.json,mean_std_dict
LogReg,RDKit,medicinal,0.9483511433084775,0.01489358326138914,,,,,,results/benchmark_metrics/model_summary_json/LogReg__RDKit__summary.json,mean_std_dict
LogReg,RDKit,melon,0.8043557858958715,0.021269644711457286,,,,,,results/benchmark_metrics/model_summary_json/LogReg__RDKit__summary.json,mean_std_dict
LogReg,RDKit,metallic,0.7545792589493232,0.049680576769596176,,,,,,results/benchmark_metrics/model_summary_json/LogReg__RDKit__summary.json,mean_std_dict
LogReg,RDKit,milky,0.7481134420078284,0.0664283557826385,,,,,,results/benchmark_metrics/model_summary_json/LogReg__RDKit__summary.json,mean_std_dict
LogReg,RDKit,mint,0.9095720508998865,0.016304731116732755,,,,,,results/benchmark_metrics/model_summary_json/LogReg__RDKit__summary.json,mean_std_dict
LogReg,RDKit,mushroom,0.7092141126036426,0.06251151392754568,,,,,,results/benchmark_metrics/model_summary_json/LogReg__RDKit__summary.json,mean_std_dict
LogReg,RDKit,musk,0.880665337755757,0.02250637956925199,,,,,,results/benchmark_metrics/model_summary_json/LogReg__RDKit__summary.json,mean_std_dict
LogReg,RDKit,musty,0.7368928963247648,0.04102735359954234,,,,,,results/benchmark_metrics/model_summary_json/LogReg__RDKit__summary.json,mean_std_dict
LogReg,RDKit,nutty,0.7999594323138707,0.018627306897103308,,,,,,results/benchmark_metrics/model_summary_json/LogReg__RDKit__summary.json,mean_std_dict
LogReg,RDKit,oily,0.8482165115662618,0.021249217042914794,,,,,,results/benchmark_metrics/model_summary_json/LogReg__RDKit__summary.json,mean_std_dict
LogReg,RDKit,onion,0.957619231000667,0.01636334065337963,,,,,,results/benchmark_metrics/model_summary_json/LogReg__RDKit__summary.json,mean_std_dict
LogReg,RDKit,orange,0.8554132919644811,0.04850195422236019,,,,,,results/benchmark_metrics/model_summary_json/LogReg__RDKit__summary.json,mean_std_dict
LogReg,RDKit,orris,0.7804180258570088,0.06374794380318236,,,,,,results/benchmark_metrics/model_summary_json/LogReg__RDKit__summary.json,mean_std_dict
LogReg,RDKit,peach,0.8024703266823388,0.09962406392623514,,,,,,results/benchmark_metrics/model_summary_json/LogReg__RDKit__summary.json,mean_std_dict
LogReg,RDKit,pear,0.8986733816753931,0.029058583462220525,,,,,,results/benchmark_metrics/model_summary_json/LogReg__RDKit__summary.json,mean_std_dict
LogReg,RDKit,phenolic,0.9614787383905877,0.011841014698322177,,,,,,results/benchmark_metrics/model_summary_json/LogReg__RDKit__summary.json,mean_std_dict
LogReg,RDKit,pine,0.8996125800065329,0.05750569237426324,,,,,,results/benchmark_metrics/model_summary_json/LogReg__RDKit__summary.json,mean_std_dict
LogReg,RDKit,pineapple,0.8783394953313046,0.017709656209536153,,,,,,results/benchmark_metrics/model_summary_json/LogReg__RDKit__summary.json,mean_std_dict
LogReg,RDKit,plum,0.6674130744161435,0.01926341746779363,,,,,,results/benchmark_metrics/model_summary_json/LogReg__RDKit__summary.json,mean_std_dict
LogReg,RDKit,popcorn,0.9576218725380855,0.017041501626552612,,,,,,results/benchmark_metrics/model_summary_json/LogReg__RDKit__summary.json,mean_std_dict
LogReg,RDKit,potato,0.8755711517993412,0.03141898676962723,,,,,,results/benchmark_metrics/model_summary_json/LogReg__RDKit__summary.json,mean_std_dict
LogReg,RDKit,pungent,0.8486720870378491,0.020293345731243,,,,,,results/benchmark_metrics/model_summary_json/LogReg__RDKit__summary.json,mean_std_dict
LogReg,RDKit,radish,0.8818464894378181,0.028854951801314265,,,,,,results/benchmark_metrics/model_summary_json/LogReg__RDKit__summary.json,mean_std_dict
LogReg,RDKit,ripe,0.7814830316856087,0.06900242091433631,,,,,,results/benchmark_metrics/model_summary_json/LogReg__RDKit__summary.json,mean_std_dict
LogReg,RDKit,roasted,0.9066699987004917,0.00857022527427984,,,,,,results/benchmark_metrics/model_summary_json/LogReg__RDKit__summary.json,mean_std_dict
LogReg,RDKit,rose,0.834833536330103,0.023268762647542667,,,,,,results/benchmark_metrics/model_summary_json/LogReg__RDKit__summary.json,mean_std_dict
LogReg,RDKit,rum,0.8521486712478641,0.048226080281611766,,,,,,results/benchmark_metrics/model_summary_json/LogReg__RDKit__summary.json,mean_std_dict
LogReg,RDKit,savory,0.9253634093608512,0.0246035991363689,,,,,,results/benchmark_metrics/model_summary_json/LogReg__RDKit__summary.json,mean_std_dict
LogReg,RDKit,sharp,0.8336302605508663,0.0529046034248011,,,,,,results/benchmark_metrics/model_summary_json/LogReg__RDKit__summary.json,mean_std_dict
LogReg,RDKit,smoky,0.931185214807372,0.0192132826495703,,,,,,results/benchmark_metrics/model_summary_json/LogReg__RDKit__summary.json,mean_std_dict
LogReg,RDKit,solvent,0.9286460014828115,0.01139201939269037,,,,,,results/benchmark_metrics/model_summary_json/LogReg__RDKit__summary.json,mean_std_dict
LogReg,RDKit,sour,0.8476306686339127,0.06290773257694451,,,,,,results/benchmark_metrics/model_summary_json/LogReg__RDKit__summary.json,mean_std_dict
LogReg,RDKit,spicy,0.8228358724067995,0.014424518360485418,,,,,,results/benchmark_metrics/model_summary_json/LogReg__RDKit__summary.json,mean_std_dict
LogReg,RDKit,strawberry,0.7261602814170854,0.10258040176526995,,,,,,results/benchmark_metrics/model_summary_json/LogReg__RDKit__summary.json,mean_std_dict
LogReg,RDKit,sulfurous,0.956947401632628,0.006691338811773407,,,,,,results/benchmark_metrics/model_summary_json/LogReg__RDKit__summary.json,mean_std_dict
LogReg,RDKit,sweet,0.7175634340710337,0.01880405478345398,,,,,,results/benchmark_metrics/model_summary_json/LogReg__RDKit__summary.json,mean_std_dict
LogReg,RDKit,tea,0.7145692373281356,0.09610014377596993,,,,,,results/benchmark_metrics/model_summary_json/LogReg__RDKit__summary.json,mean_std_dict
LogReg,RDKit,tobacco,0.8567819673878878,0.0247551781391469,,,,,,results/benchmark_metrics/model_summary_json/LogReg__RDKit__summary.json,mean_std_dict
LogReg,RDKit,tomato,0.8778654441776166,0.048723467085119904,,,,,,results/benchmark_metrics/model_summary_json/LogReg__RDKit__summary.json,mean_std_dict
LogReg,RDKit,tropical,0.7864400268903259,0.032649414124131144,,,,,,results/benchmark_metrics/model_summary_json/LogReg__RDKit__summary.json,mean_std_dict
LogReg,RDKit,vanilla,0.9347376956563223,0.011793710889442264,,,,,,results/benchmark_metrics/model_summary_json/LogReg__RDKit__summary.json,mean_std_dict
LogReg,RDKit,vegetable,0.8207959296748454,0.03807175642298023,,,,,,results/benchmark_metrics/model_summary_json/LogReg__RDKit__summary.json,mean_std_dict
LogReg,RDKit,violet,0.8935664104040268,0.03601490025176203,,,,,,results/benchmark_metrics/model_summary_json/LogReg__RDKit__summary.json,mean_std_dict
LogReg,RDKit,warm,0.7572817450821581,0.03550857286577311,,,,,,results/benchmark_metrics/model_summary_json/LogReg__RDKit__summary.json,mean_std_dict
LogReg,RDKit,waxy,0.9011350717927602,0.010690885335825798,,,,,,results/benchmark_metrics/model_summary_json/LogReg__RDKit__summary.json,mean_std_dict
LogReg,RDKit,winey,0.8445101294457393,0.00742084599042201,,,,,,results/benchmark_metrics/model_summary_json/LogReg__RDKit__summary.json,mean_std_dict
LogReg,RDKit,woody,0.8750214748306686,0.0139809887449658,,,,,,results/benchmark_metrics/model_summary_json/LogReg__RDKit__summary.json,mean_std_dict
LogReg,RDKit+QM,alcoholic,0.9649625804711228,0.009609045226723041,,,,,,results/benchmark_metrics/model_summary_json/LogReg__RDKit_QM__summary.json,mean_std_dict
LogReg,RDKit+QM,aldehydic,0.8164098223658106,0.07009934970372707,,,,,,results/benchmark_metrics/model_summary_json/LogReg__RDKit_QM__summary.json,mean_std_dict
LogReg,RDKit+QM,alliaceous,0.9245802386639642,0.02362377966563908,,,,,,results/benchmark_metrics/model_summary_json/LogReg__RDKit_QM__summary.json,mean_std_dict
LogReg,RDKit+QM,almond,0.9205521460032203,0.036578136564521135,,,,,,results/benchmark_metrics/model_summary_json/LogReg__RDKit_QM__summary.json,mean_std_dict
LogReg,RDKit+QM,animal,0.8191010648804866,0.04083094882255777,,,,,,results/benchmark_metrics/model_summary_json/LogReg__RDKit_QM__summary.json,mean_std_dict
LogReg,RDKit+QM,anisic,0.9109851796506856,0.021508858315346806,,,,,,results/benchmark_metrics/model_summary_json/LogReg__RDKit_QM__summary.json,mean_std_dict
LogReg,RDKit+QM,apple,0.8919970917146669,0.016335312428836436,,,,,,results/benchmark_metrics/model_summary_json/LogReg__RDKit_QM__summary.json,mean_std_dict
LogReg,RDKit+QM,apricot,0.8135735332141735,0.032264533063383914,,,,,,results/benchmark_metrics/model_summary_json/LogReg__RDKit_QM__summary.json,mean_std_dict
LogReg,RDKit+QM,aromatic,0.8068585017375554,0.03955892931920278,,,,,,results/benchmark_metrics/model_summary_json/LogReg__RDKit_QM__summary.json,mean_std_dict
LogReg,RDKit+QM,balsamic,0.9159192552324793,0.01983402261028359,,,,,,results/benchmark_metrics/model_summary_json/LogReg__RDKit_QM__summary.json,mean_std_dict
LogReg,RDKit+QM,banana,0.9327867366268977,0.02562690092388295,,,,,,results/benchmark_metrics/model_summary_json/LogReg__RDKit_QM__summary.json,mean_std_dict
LogReg,RDKit+QM,beefy,0.8648863044387938,0.03676944053180892,,,,,,results/benchmark_metrics/model_summary_json/LogReg__RDKit_QM__summary.json,mean_std_dict
LogReg,RDKit+QM,berry,0.7289079247145142,0.05128513938515205,,,,,,results/benchmark_metrics/model_summary_json/LogReg__RDKit_QM__summary.json,mean_std_dict
LogReg,RDKit+QM,black currant,0.9404060338408844,0.02279352386154092,,,,,,results/benchmark_metrics/model_summary_json/LogReg__RDKit_QM__summary.json,mean_std_dict
LogReg,RDKit+QM,brandy,0.8823128757215974,0.03710015614131073,,,,,,results/benchmark_metrics/model_summary_json/LogReg__RDKit_QM__summary.json,mean_std_dict
LogReg,RDKit+QM,bread,0.8873018382798653,0.036512782862309884,,,,,,results/benchmark_metrics/model_summary_json/LogReg__RDKit_QM__summary.json,mean_std_dict
LogReg,RDKit+QM,brothy,0.8798943004876104,0.05376552374714383,,,,,,results/benchmark_metrics/model_summary_json/LogReg__RDKit_QM__summary.json,mean_std_dict
LogReg,RDKit+QM,burnt,0.8528105507267953,0.02450571614630023,,,,,,results/benchmark_metrics/model_summary_json/LogReg__RDKit_QM__summary.json,mean_std_dict
LogReg,RDKit+QM,buttery,0.8338920113452973,0.018554364374509406,,,,,,results/benchmark_metrics/model_summary_json/LogReg__RDKit_QM__summary.json,mean_std_dict
LogReg,RDKit+QM,cabbage,0.90352805185402,0.039526792183774695,,,,,,results/benchmark_metrics/model_summary_json/LogReg__RDKit_QM__summary.json,mean_std_dict
LogReg,RDKit+QM,camphoreous,0.9193883111685743,0.04400376023158314,,,,,,results/benchmark_metrics/model_summary_json/LogReg__RDKit_QM__summary.json,mean_std_dict
LogReg,RDKit+QM,caramellic,0.8945022414075423,0.023446232202265306,,,,,,results/benchmark_metrics/model_summary_json/LogReg__RDKit_QM__summary.json,mean_std_dict
LogReg,RDKit+QM,catty,0.9470027336163259,0.03944428074490956,,,,,,results/benchmark_metrics/model_summary_json/LogReg__RDKit_QM__summary.json,mean_std_dict
LogReg,RDKit+QM,chamomile,0.9487622729948308,0.009315774589356842,,,,,,results/benchmark_metrics/model_summary_json/LogReg__RDKit_QM__summary.json,mean_std_dict
LogReg,RDKit+QM,cheesy,0.9025064566530088,0.015399128989900108,,,,,,results/benchmark_metrics/model_summary_json/LogReg__RDKit_QM__summary.json,mean_std_dict
LogReg,RDKit+QM,cherry,0.8762826079635824,0.06872854060535451,,,,,,results/benchmark_metrics/model_summary_json/LogReg__RDKit_QM__summary.json,mean_std_dict
LogReg,RDKit+QM,chicken,0.8633678490522657,0.056319314712234794,,,,,,results/benchmark_metrics/model_summary_json/LogReg__RDKit_QM__summary.json,mean_std_dict
LogReg,RDKit+QM,chocolate,0.8592572341792909,0.09320089711797526,,,,,,results/benchmark_metrics/model_summary_json/LogReg__RDKit_QM__summary.json,mean_std_dict
LogReg,RDKit+QM,cinnamon,0.9150655010535358,0.015397389133915407,,,,,,results/benchmark_metrics/model_summary_json/LogReg__RDKit_QM__summary.json,mean_std_dict
LogReg,RDKit+QM,citrus,0.8574251583355107,0.022296285969637168,,,,,,results/benchmark_metrics/model_summary_json/LogReg__RDKit_QM__summary.json,mean_std_dict
LogReg,RDKit+QM,cocoa,0.8576453607332958,0.024192173361923194,,,,,,results/benchmark_metrics/model_summary_json/LogReg__RDKit_QM__summary.json,mean_std_dict
LogReg,RDKit+QM,coconut,0.8727600705249812,0.019513097607676343,,,,,,results/benchmark_metrics/model_summary_json/LogReg__RDKit_QM__summary.json,mean_std_dict
LogReg,RDKit+QM,coffee,0.9131704621221608,0.031654085152461604,,,,,,results/benchmark_metrics/model_summary_json/LogReg__RDKit_QM__summary.json,mean_std_dict
LogReg,RDKit+QM,cognac,0.9454718534235095,0.015592848748748807,,,,,,results/benchmark_metrics/model_summary_json/LogReg__RDKit_QM__summary.json,mean_std_dict
LogReg,RDKit+QM,coumarinic,0.9541052714371222,0.018615147588417664,,,,,,results/benchmark_metrics/model_summary_json/LogReg__RDKit_QM__summary.json,mean_std_dict
LogReg,RDKit+QM,creamy,0.7211276697387017,0.02871058507953891,,,,,,results/benchmark_metrics/model_summary_json/LogReg__RDKit_QM__summary.json,mean_std_dict
LogReg,RDKit+QM,cucumber,0.9512192900371742,0.02480612846889089,,,,,,results/benchmark_metrics/model_summary_json/LogReg__RDKit_QM__summary.json,mean_std_dict
LogReg,RDKit+QM,dairy,0.7983014742304662,0.05973402190213708,,,,,,results/benchmark_metrics/model_summary_json/LogReg__RDKit_QM__summary.json,mean_std_dict
LogReg,RDKit+QM,dry,0.8340712965229097,0.08989529564663241,,,,,,results/benchmark_metrics/model_summary_json/LogReg__RDKit_QM__summary.json,mean_std_dict
LogReg,RDKit+QM,earthy,0.7288894826687374,0.021194857177261814,,,,,,results/benchmark_metrics/model_summary_json/LogReg__RDKit_QM__summary.json,mean_std_dict
LogReg,RDKit+QM,ethereal,0.9418410796481842,0.014856241862250456,,,,,,results/benchmark_metrics/model_summary_json/LogReg__RDKit_QM__summary.json,mean_std_dict
LogReg,RDKit+QM,fatty,0.9045792809283256,0.022597712203777737,,,,,,results/benchmark_metrics/model_summary_json/LogReg__RDKit_QM__summary.json,mean_std_dict
LogReg,RDKit+QM,fermented,0.8663169999733092,0.024960275891031024,,,,,,results/benchmark_metrics/model_summary_json/LogReg__RDKit_QM__summary.json,mean_std_dict
LogReg,RDKit+QM,fishy,0.9115173093666004,0.015958159832231585,,,,,,results/benchmark_metrics/model_summary_json/LogReg__RDKit_QM__summary.json,mean_std_dict
LogReg,RDKit+QM,floral,0.8288939594963125,0.010777635488501103,,,,,,results/benchmark_metrics/model_summary_json/LogReg__RDKit_QM__summary.json,mean_std_dict
LogReg,RDKit+QM,fresh,0.7338126887317853,0.024746789935429434,,,,,,results/benchmark_metrics/model_summary_json/LogReg__RDKit_QM__summary.json,mean_std_dict
LogReg,RDKit+QM,fruity,0.8388003504944395,0.018808472664561014,,,,,,results/benchmark_metrics/model_summary_json/LogReg__RDKit_QM__summary.json,mean_std_dict
LogReg,RDKit+QM,garlic,0.9754278753793273,0.013532436306416014,,,,,,results/benchmark_metrics/model_summary_json/LogReg__RDKit_QM__summary.json,mean_std_dict
LogReg,RDKit+QM,gasoline,0.9476212627046202,0.02787854911719799,,,,,,results/benchmark_metrics/model_summary_json/LogReg__RDKit_QM__summary.json,mean_std_dict
LogReg,RDKit+QM,grape,0.8764617390141689,0.03482450119810223,,,,,,results/benchmark_metrics/model_summary_json/LogReg__RDKit_QM__summary.json,mean_std_dict
LogReg,RDKit+QM,grapefruit,0.8134937017951366,0.03817380676043446,,,,,,results/benchmark_metrics/model_summary_json/LogReg__RDKit_QM__summary.json,mean_std_dict
LogReg,RDKit+QM,grassy,0.8809500082201496,0.049127151195626405,,,,,,results/benchmark_metrics/model_summary_json/LogReg__RDKit_QM__summary.json,mean_std_dict
LogReg,RDKit+QM,green,0.7502667897672602,0.015285959465293264,,,,,,results/benchmark_metrics/model_summary_json/LogReg__RDKit_QM__summary.json,mean_std_dict
LogReg,RDKit+QM,hay,0.803829149595348,0.022934963578042,,,,,,results/benchmark_metrics/model_summary_json/LogReg__RDKit_QM__summary.json,mean_std_dict
LogReg,RDKit+QM,hazelnut,0.933980356673187,0.011539300099083804,,,,,,results/benchmark_metrics/model_summary_json/LogReg__RDKit_QM__summary.json,mean_std_dict
LogReg,RDKit+QM,herbal,0.7217439639235159,0.007689492336697565,,,,,,results/benchmark_metrics/model_summary_json/LogReg__RDKit_QM__summary.json,mean_std_dict
LogReg,RDKit+QM,honey,0.9042096222002449,0.006529620537401292,,,,,,results/benchmark_metrics/model_summary_json/LogReg__RDKit_QM__summary.json,mean_std_dict
LogReg,RDKit+QM,horseradish,0.9495657158302032,0.04168811878353116,,,,,,results/benchmark_metrics/model_summary_json/LogReg__RDKit_QM__summary.json,mean_std_dict
LogReg,RDKit+QM,jasmine,0.7828218919340851,0.03958565861001871,,,,,,results/benchmark_metrics/model_summary_json/LogReg__RDKit_QM__summary.json,mean_std_dict
LogReg,RDKit+QM,ketonic,0.9864637004425839,0.005319066479759451,,,,,,results/benchmark_metrics/model_summary_json/LogReg__RDKit_QM__summary.json,mean_std_dict
LogReg,RDKit+QM,leafy,0.7143957534655693,0.06912010489707163,,,,,,results/benchmark_metrics/model_summary_json/LogReg__RDKit_QM__summary.json,mean_std_dict
LogReg,RDKit+QM,leathery,0.8782368064227081,0.0522200108045498,,,,,,results/benchmark_metrics/model_summary_json/LogReg__RDKit_QM__summary.json,mean_std_dict
LogReg,RDKit+QM,lemon,0.8310713987770402,0.07986979227939985,,,,,,results/benchmark_metrics/model_summary_json/LogReg__RDKit_QM__summary.json,mean_std_dict
LogReg,RDKit+QM,malty,0.9034096780504239,0.0769732698790584,,,,,,results/benchmark_metrics/model_summary_json/LogReg__RDKit_QM__summary.json,mean_std_dict
LogReg,RDKit+QM,meaty,0.9305016200079332,0.016039517122643992,,,,,,results/benchmark_metrics/model_summary_json/LogReg__RDKit_QM__summary.json,mean_std_dict
LogReg,RDKit+QM,medicinal,0.9560855691482489,0.009796174406867407,,,,,,results/benchmark_metrics/model_summary_json/LogReg__RDKit_QM__summary.json,mean_std_dict
LogReg,RDKit+QM,melon,0.8296403275516966,0.02655095986496196,,,,,,results/benchmark_metrics/model_summary_json/LogReg__RDKit_QM__summary.json,mean_std_dict
LogReg,RDKit+QM,metallic,0.8004416012815231,0.06049953695282832,,,,,,results/benchmark_metrics/model_summary_json/LogReg__RDKit_QM__summary.json,mean_std_dict
LogReg,RDKit+QM,milky,0.7085560058286873,0.0978499722012498,,,,,,results/benchmark_metrics/model_summary_json/LogReg__RDKit_QM__summary.json,mean_std_dict
LogReg,RDKit+QM,mint,0.9208050514725798,0.008541760135896347,,,,,,results/benchmark_metrics/model_summary_json/LogReg__RDKit_QM__summary.json,mean_std_dict
LogReg,RDKit+QM,mushroom,0.7969984574802685,0.06139207996887354,,,,,,results/benchmark_metrics/model_summary_json/LogReg__RDKit_QM__summary.json,mean_std_dict
LogReg,RDKit+QM,musk,0.8068401257564097,0.06558224097565134,,,,,,results/benchmark_metrics/model_summary_json/LogReg__RDKit_QM__summary.json,mean_std_dict
LogReg,RDKit+QM,musty,0.7305450855672639,0.04689989330909986,,,,,,results/benchmark_metrics/model_summary_json/LogReg__RDKit_QM__summary.json,mean_std_dict
LogReg,RDKit+QM,nutty,0.8052783187730659,0.016678716889695158,,,,,,results/benchmark_metrics/model_summary_json/LogReg__RDKit_QM__summary.json,mean_std_dict
LogReg,RDKit+QM,oily,0.8313956126750348,0.02946517407565574,,,,,,results/benchmark_metrics/model_summary_json/LogReg__RDKit_QM__summary.json,mean_std_dict
LogReg,RDKit+QM,onion,0.9726767268597285,0.009289899451423937,,,,,,results/benchmark_metrics/model_summary_json/LogReg__RDKit_QM__summary.json,mean_std_dict
LogReg,RDKit+QM,orange,0.8669598416397941,0.019878261911339883,,,,,,results/benchmark_metrics/model_summary_json/LogReg__RDKit_QM__summary.json,mean_std_dict
LogReg,RDKit+QM,orris,0.8020822872126313,0.07789426796889078,,,,,,results/benchmark_metrics/model_summary_json/LogReg__RDKit_QM__summary.json,mean_std_dict
LogReg,RDKit+QM,peach,0.8162462201017788,0.07534674996176674,,,,,,results/benchmark_metrics/model_summary_json/LogReg__RDKit_QM__summary.json,mean_std_dict
LogReg,RDKit+QM,pear,0.9246603185681099,0.02121101446304572,,,,,,results/benchmark_metrics/model_summary_json/LogReg__RDKit_QM__summary.json,mean_std_dict
LogReg,RDKit+QM,phenolic,0.9565148586231492,0.02497327098769844,,,,,,results/benchmark_metrics/model_summary_json/LogReg__RDKit_QM__summary.json,mean_std_dict
LogReg,RDKit+QM,pine,0.9204352053998763,0.03648220514770091,,,,,,results/benchmark_metrics/model_summary_json/LogReg__RDKit_QM__summary.json,mean_std_dict
LogReg,RDKit+QM,pineapple,0.904132376687099,0.010682758908264115,,,,,,results/benchmark_metrics/model_summary_json/LogReg__RDKit_QM__summary.json,mean_std_dict
LogReg,RDKit+QM,plum,0.7449263530143428,0.015764417550708013,,,,,,results/benchmark_metrics/model_summary_json/LogReg__RDKit_QM__summary.json,mean_std_dict
LogReg,RDKit+QM,popcorn,0.9859167865993879,0.011590071682061583,,,,,,results/benchmark_metrics/model_summary_json/LogReg__RDKit_QM__summary.json,mean_std_dict
LogReg,RDKit+QM,potato,0.9478489589282633,0.019736397571253582,,,,,,results/benchmark_metrics/model_summary_json/LogReg__RDKit_QM__summary.json,mean_std_dict
LogReg,RDKit+QM,pungent,0.8542944531381128,0.02867908549653147,,,,,,results/benchmark_metrics/model_summary_json/LogReg__RDKit_QM__summary.json,mean_std_dict
LogReg,RDKit+QM,radish,0.8636867542550192,0.059720282080836795,,,,,,results/benchmark_metrics/model_summary_json/LogReg__RDKit_QM__summary.json,mean_std_dict
LogReg,RDKit+QM,ripe,0.8213233218712087,0.058849533995164675,,,,,,results/benchmark_metrics/model_summary_json/LogReg__RDKit_QM__summary.json,mean_std_dict
LogReg,RDKit+QM,roasted,0.910820918556557,0.008154011137241016,,,,,,results/benchmark_metrics/model_summary_json/LogReg__RDKit_QM__summary.json,mean_std_dict
LogReg,RDKit+QM,rose,0.8563316609865257,0.01745444579451664,,,,,,results/benchmark_metrics/model_summary_json/LogReg__RDKit_QM__summary.json,mean_std_dict
LogReg,RDKit+QM,rum,0.8681911910623088,0.041506638010724024,,,,,,results/benchmark_metrics/model_summary_json/LogReg__RDKit_QM__summary.json,mean_std_dict
LogReg,RDKit+QM,savory,0.9340048727038983,0.013946283277136526,,,,,,results/benchmark_metrics/model_summary_json/LogReg__RDKit_QM__summary.json,mean_std_dict
LogReg,RDKit+QM,sharp,0.8733831879379899,0.029794082125534485,,,,,,results/benchmark_metrics/model_summary_json/LogReg__RDKit_QM__summary.json,mean_std_dict
LogReg,RDKit+QM,smoky,0.9642466895832686,0.005326676692675847,,,,,,results/benchmark_metrics/model_summary_json/LogReg__RDKit_QM__summary.json,mean_std_dict
LogReg,RDKit+QM,solvent,0.9450179272046675,0.015061006010327954,,,,,,results/benchmark_metrics/model_summary_json/LogReg__RDKit_QM__summary.json,mean_std_dict
LogReg,RDKit+QM,sour,0.8787522260537726,0.057077318857258794,,,,,,results/benchmark_metrics/model_summary_json/LogReg__RDKit_QM__summary.json,mean_std_dict
LogReg,RDKit+QM,spicy,0.8502018514620211,0.013047296744528288,,,,,,results/benchmark_metrics/model_summary_json/LogReg__RDKit_QM__summary.json,mean_std_dict
LogReg,RDKit+QM,strawberry,0.7672587643407118,0.11648904671949875,,,,,,results/benchmark_metrics/model_summary_json/LogReg__RDKit_QM__summary.json,mean_std_dict
LogReg,RDKit+QM,sulfurous,0.9629799225558715,0.00696923274708737,,,,,,results/benchmark_metrics/model_summary_json/LogReg__RDKit_QM__summary.json,mean_std_dict
LogReg,RDKit+QM,sweet,0.7230434600974662,0.017595609782468245,,,,,,results/benchmark_metrics/model_summary_json/LogReg__RDKit_QM__summary.json,mean_std_dict
LogReg,RDKit+QM,tea,0.717099501751279,0.07934825872656806,,,,,,results/benchmark_metrics/model_summary_json/LogReg__RDKit_QM__summary.json,mean_std_dict
LogReg,RDKit+QM,tobacco,0.8741612047918705,0.026831489669666808,,,,,,results/benchmark_metrics/model_summary_json/LogReg__RDKit_QM__summary.json,mean_std_dict
LogReg,RDKit+QM,tomato,0.900592190176843,0.025119362731097203,,,,,,results/benchmark_metrics/model_summary_json/LogReg__RDKit_QM__summary.json,mean_std_dict
LogReg,RDKit+QM,tropical,0.8393711240132646,0.016418755614430954,,,,,,results/benchmark_metrics/model_summary_json/LogReg__RDKit_QM__summary.json,mean_std_dict
LogReg,RDKit+QM,vanilla,0.9408768678229336,0.005420067744578395,,,,,,results/benchmark_metrics/model_summary_json/LogReg__RDKit_QM__summary.json,mean_std_dict
LogReg,RDKit+QM,vegetable,0.8356074386990929,0.0338714927169158,,,,,,results/benchmark_metrics/model_summary_json/LogReg__RDKit_QM__summary.json,mean_std_dict
LogReg,RDKit+QM,violet,0.8838874349114075,0.11490163871630732,,,,,,results/benchmark_metrics/model_summary_json/LogReg__RDKit_QM__summary.json,mean_std_dict
LogReg,RDKit+QM,warm,0.7470785992152502,0.0749948019323428,,,,,,results/benchmark_metrics/model_summary_json/LogReg__RDKit_QM__summary.json,mean_std_dict
LogReg,RDKit+QM,waxy,0.8995085307803746,0.007553493094452203,,,,,,results/benchmark_metrics/model_summary_json/LogReg__RDKit_QM__summary.json,mean_std_dict
LogReg,RDKit+QM,winey,0.8633963299476081,0.008926450988940845,,,,,,results/benchmark_metrics/model_summary_json/LogReg__RDKit_QM__summary.json,mean_std_dict
LogReg,RDKit+QM,woody,0.8689794700518453,0.015508093408328863,,,,,,results/benchmark_metrics/model_summary_json/LogReg__RDKit_QM__summary.json,mean_std_dict
MLP,ECFP4,alcoholic,0.9570320511712584,,,,,,,results/benchmark_metrics/model_summary_json/MLP__ECFP4__summary.json,mean_only_scalar
MLP,ECFP4,aldehydic,0.8335392576740629,,,,,,,results/benchmark_metrics/model_summary_json/MLP__ECFP4__summary.json,mean_only_scalar
MLP,ECFP4,alliaceous,0.9244032987558661,,,,,,,results/benchmark_metrics/model_summary_json/MLP__ECFP4__summary.json,mean_only_scalar
MLP,ECFP4,almond,0.8063136286918183,,,,,,,results/benchmark_metrics/model_summary_json/MLP__ECFP4__summary.json,mean_only_scalar
MLP,ECFP4,animal,0.8197283669001884,,,,,,,results/benchmark_metrics/model_summary_json/MLP__ECFP4__summary.json,mean_only_scalar
MLP,ECFP4,anisic,0.8744826472147696,,,,,,,results/benchmark_metrics/model_summary_json/MLP__ECFP4__summary.json,mean_only_scalar
MLP,ECFP4,apple,0.8966816990785313,,,,,,,results/benchmark_metrics/model_summary_json/MLP__ECFP4__summary.json,mean_only_scalar
MLP,ECFP4,apricot,0.8164624920290858,,,,,,,results/benchmark_metrics/model_summary_json/MLP__ECFP4__summary.json,mean_only_scalar
MLP,ECFP4,aromatic,0.8135959020469432,,,,,,,results/benchmark_metrics/model_summary_json/MLP__ECFP4__summary.json,mean_only_scalar
MLP,ECFP4,balsamic,0.8904880332167302,,,,,,,results/benchmark_metrics/model_summary_json/MLP__ECFP4__summary.json,mean_only_scalar
MLP,ECFP4,banana,0.8736112164662144,,,,,,,results/benchmark_metrics/model_summary_json/MLP__ECFP4__summary.json,mean_only_scalar
MLP,ECFP4,beefy,0.8322090969469912,,,,,,,results/benchmark_metrics/model_summary_json/MLP__ECFP4__summary.json,mean_only_scalar
MLP,ECFP4,berry,0.6605219287061227,,,,,,,results/benchmark_metrics/model_summary_json/MLP__ECFP4__summary.json,mean_only_scalar
MLP,ECFP4,black currant,0.9272024986721525,,,,,,,results/benchmark_metrics/model_summary_json/MLP__ECFP4__summary.json,mean_only_scalar
MLP,ECFP4,brandy,0.8714613513475374,,,,,,,results/benchmark_metrics/model_summary_json/MLP__ECFP4__summary.json,mean_only_scalar
MLP,ECFP4,bread,0.898051086519029,,,,,,,results/benchmark_metrics/model_summary_json/MLP__ECFP4__summary.json,mean_only_scalar
MLP,ECFP4,brothy,0.8899176819399004,,,,,,,results/benchmark_metrics/model_summary_json/MLP__ECFP4__summary.json,mean_only_scalar
MLP,ECFP4,burnt,0.8249234833702737,,,,,,,results/benchmark_metrics/model_summary_json/MLP__ECFP4__summary.json,mean_only_scalar
MLP,ECFP4,buttery,0.8174539255008358,,,,,,,results/benchmark_metrics/model_summary_json/MLP__ECFP4__summary.json,mean_only_scalar
MLP,ECFP4,cabbage,0.8595214562392064,,,,,,,results/benchmark_metrics/model_summary_json/MLP__ECFP4__summary.json,mean_only_scalar
MLP,ECFP4,camphoreous,0.8818482914405408,,,,,,,results/benchmark_metrics/model_summary_json/MLP__ECFP4__summary.json,mean_only_scalar
MLP,ECFP4,caramellic,0.8707231039782677,,,,,,,results/benchmark_metrics/model_summary_json/MLP__ECFP4__summary.json,mean_only_scalar
MLP,ECFP4,catty,0.9584905412428357,,,,,,,results/benchmark_metrics/model_summary_json/MLP__ECFP4__summary.json,mean_only_scalar
MLP,ECFP4,chamomile,0.9221864987313563,,,,,,,results/benchmark_metrics/model_summary_json/MLP__ECFP4__summary.json,mean_only_scalar
MLP,ECFP4,cheesy,0.8457507258088335,,,,,,,results/benchmark_metrics/model_summary_json/MLP__ECFP4__summary.json,mean_only_scalar
MLP,ECFP4,cherry,0.7944307371360805,,,,,,,results/benchmark_metrics/model_summary_json/MLP__ECFP4__summary.json,mean_only_scalar
MLP,ECFP4,chicken,0.8601918859481676,,,,,,,results/benchmark_metrics/model_summary_json/MLP__ECFP4__summary.json,mean_only_scalar
MLP,ECFP4,chocolate,0.7405258541925236,,,,,,,results/benchmark_metrics/model_summary_json/MLP__ECFP4__summary.json,mean_only_scalar
MLP,ECFP4,cinnamon,0.866291727648646,,,,,,,results/benchmark_metrics/model_summary_json/MLP__ECFP4__summary.json,mean_only_scalar
MLP,ECFP4,citrus,0.8284844132737476,,,,,,,results/benchmark_metrics/model_summary_json/MLP__ECFP4__summary.json,mean_only_scalar
MLP,ECFP4,cocoa,0.8377899302394454,,,,,,,results/benchmark_metrics/model_summary_json/MLP__ECFP4__summary.json,mean_only_scalar
MLP,ECFP4,coconut,0.8935865344237467,,,,,,,results/benchmark_metrics/model_summary_json/MLP__ECFP4__summary.json,mean_only_scalar
MLP,ECFP4,coffee,0.9003334417931429,,,,,,,results/benchmark_metrics/model_summary_json/MLP__ECFP4__summary.json,mean_only_scalar
MLP,ECFP4,cognac,0.8986864869492223,,,,,,,results/benchmark_metrics/model_summary_json/MLP__ECFP4__summary.json,mean_only_scalar
MLP,ECFP4,coumarinic,0.9211187812712259,,,,,,,results/benchmark_metrics/model_summary_json/MLP__ECFP4__summary.json,mean_only_scalar
MLP,ECFP4,creamy,0.7133897411157626,,,,,,,results/benchmark_metrics/model_summary_json/MLP__ECFP4__summary.json,mean_only_scalar
MLP,ECFP4,cucumber,0.9289390122573853,,,,,,,results/benchmark_metrics/model_summary_json/MLP__ECFP4__summary.json,mean_only_scalar
MLP,ECFP4,dairy,0.8129140442800467,,,,,,,results/benchmark_metrics/model_summary_json/MLP__ECFP4__summary.json,mean_only_scalar
MLP,ECFP4,dry,0.8484563647786769,,,,,,,results/benchmark_metrics/model_summary_json/MLP__ECFP4__summary.json,mean_only_scalar
MLP,ECFP4,earthy,0.7223110122178331,,,,,,,results/benchmark_metrics/model_summary_json/MLP__ECFP4__summary.json,mean_only_scalar
MLP,ECFP4,ethereal,0.884454515788665,,,,,,,results/benchmark_metrics/model_summary_json/MLP__ECFP4__summary.json,mean_only_scalar
MLP,ECFP4,fatty,0.8564478109229349,,,,,,,results/benchmark_metrics/model_summary_json/MLP__ECFP4__summary.json,mean_only_scalar
MLP,ECFP4,fermented,0.8493616985690556,,,,,,,results/benchmark_metrics/model_summary_json/MLP__ECFP4__summary.json,mean_only_scalar
MLP,ECFP4,fishy,0.8299156993443401,,,,,,,results/benchmark_metrics/model_summary_json/MLP__ECFP4__summary.json,mean_only_scalar
MLP,ECFP4,floral,0.8352126289418986,,,,,,,results/benchmark_metrics/model_summary_json/MLP__ECFP4__summary.json,mean_only_scalar
MLP,ECFP4,fresh,0.6899689840580538,,,,,,,results/benchmark_metrics/model_summary_json/MLP__ECFP4__summary.json,mean_only_scalar
MLP,ECFP4,fruity,0.8367328851734683,,,,,,,results/benchmark_metrics/model_summary_json/MLP__ECFP4__summary.json,mean_only_scalar
MLP,ECFP4,garlic,0.9605814673590312,,,,,,,results/benchmark_metrics/model_summary_json/MLP__ECFP4__summary.json,mean_only_scalar
MLP,ECFP4,gasoline,0.820911300997141,,,,,,,results/benchmark_metrics/model_summary_json/MLP__ECFP4__summary.json,mean_only_scalar
MLP,ECFP4,grape,0.7414623388077494,,,,,,,results/benchmark_metrics/model_summary_json/MLP__ECFP4__summary.json,mean_only_scalar
MLP,ECFP4,grapefruit,0.8146909865366936,,,,,,,results/benchmark_metrics/model_summary_json/MLP__ECFP4__summary.json,mean_only_scalar
MLP,ECFP4,grassy,0.8224208971417841,,,,,,,results/benchmark_metrics/model_summary_json/MLP__ECFP4__summary.json,mean_only_scalar
MLP,ECFP4,green,0.7628080768307715,,,,,,,results/benchmark_metrics/model_summary_json/MLP__ECFP4__summary.json,mean_only_scalar
MLP,ECFP4,hay,0.804481211751711,,,,,,,results/benchmark_metrics/model_summary_json/MLP__ECFP4__summary.json,mean_only_scalar
MLP,ECFP4,hazelnut,0.856518833301083,,,,,,,results/benchmark_metrics/model_summary_json/MLP__ECFP4__summary.json,mean_only_scalar
MLP,ECFP4,herbal,0.7339342944093727,,,,,,,results/benchmark_metrics/model_summary_json/MLP__ECFP4__summary.json,mean_only_scalar
MLP,ECFP4,honey,0.9011051008835423,,,,,,,results/benchmark_metrics/model_summary_json/MLP__ECFP4__summary.json,mean_only_scalar
MLP,ECFP4,horseradish,0.9776725799197283,,,,,,,results/benchmark_metrics/model_summary_json/MLP__ECFP4__summary.json,mean_only_scalar
MLP,ECFP4,jasmine,0.7640515920984484,,,,,,,results/benchmark_metrics/model_summary_json/MLP__ECFP4__summary.json,mean_only_scalar
MLP,ECFP4,ketonic,0.9100506209972519,,,,,,,results/benchmark_metrics/model_summary_json/MLP__ECFP4__summary.json,mean_only_scalar
MLP,ECFP4,leafy,0.7785891129831305,,,,,,,results/benchmark_metrics/model_summary_json/MLP__ECFP4__summary.json,mean_only_scalar
MLP,ECFP4,leathery,0.9056829117512676,,,,,,,results/benchmark_metrics/model_summary_json/MLP__ECFP4__summary.json,mean_only_scalar
MLP,ECFP4,lemon,0.8798183599394255,,,,,,,results/benchmark_metrics/model_summary_json/MLP__ECFP4__summary.json,mean_only_scalar
MLP,ECFP4,malty,0.8357293031775133,,,,,,,results/benchmark_metrics/model_summary_json/MLP__ECFP4__summary.json,mean_only_scalar
MLP,ECFP4,meaty,0.9006558911688234,,,,,,,results/benchmark_metrics/model_summary_json/MLP__ECFP4__summary.json,mean_only_scalar
MLP,ECFP4,medicinal,0.9392028801484213,,,,,,,results/benchmark_metrics/model_summary_json/MLP__ECFP4__summary.json,mean_only_scalar
MLP,ECFP4,melon,0.8197377640702153,,,,,,,results/benchmark_metrics/model_summary_json/MLP__ECFP4__summary.json,mean_only_scalar
MLP,ECFP4,metallic,0.6675151361393243,,,,,,,results/benchmark_metrics/model_summary_json/MLP__ECFP4__summary.json,mean_only_scalar
MLP,ECFP4,milky,0.7537516864407305,,,,,,,results/benchmark_metrics/model_summary_json/MLP__ECFP4__summary.json,mean_only_scalar
MLP,ECFP4,mint,0.8139914321749959,,,,,,,results/benchmark_metrics/model_summary_json/MLP__ECFP4__summary.json,mean_only_scalar
MLP,ECFP4,mushroom,0.7843401303394038,,,,,,,results/benchmark_metrics/model_summary_json/MLP__ECFP4__summary.json,mean_only_scalar
MLP,ECFP4,musk,0.8440874656006067,,,,,,,results/benchmark_metrics/model_summary_json/MLP__ECFP4__summary.json,mean_only_scalar
MLP,ECFP4,musty,0.7067484921999279,,,,,,,results/benchmark_metrics/model_summary_json/MLP__ECFP4__summary.json,mean_only_scalar
MLP,ECFP4,nutty,0.792583096920253,,,,,,,results/benchmark_metrics/model_summary_json/MLP__ECFP4__summary.json,mean_only_scalar
MLP,ECFP4,oily,0.8422941066981794,,,,,,,results/benchmark_metrics/model_summary_json/MLP__ECFP4__summary.json,mean_only_scalar
MLP,ECFP4,onion,0.9514243308218706,,,,,,,results/benchmark_metrics/model_summary_json/MLP__ECFP4__summary.json,mean_only_scalar
MLP,ECFP4,orange,0.8775152307089478,,,,,,,results/benchmark_metrics/model_summary_json/MLP__ECFP4__summary.json,mean_only_scalar
MLP,ECFP4,orris,0.7076607260981074,,,,,,,results/benchmark_metrics/model_summary_json/MLP__ECFP4__summary.json,mean_only_scalar
MLP,ECFP4,peach,0.8348408818255943,,,,,,,results/benchmark_metrics/model_summary_json/MLP__ECFP4__summary.json,mean_only_scalar
MLP,ECFP4,pear,0.8722130059289566,,,,,,,results/benchmark_metrics/model_summary_json/MLP__ECFP4__summary.json,mean_only_scalar
MLP,ECFP4,phenolic,0.9634422258322843,,,,,,,results/benchmark_metrics/model_summary_json/MLP__ECFP4__summary.json,mean_only_scalar
MLP,ECFP4,pine,0.9173265669862882,,,,,,,results/benchmark_metrics/model_summary_json/MLP__ECFP4__summary.json,mean_only_scalar
MLP,ECFP4,pineapple,0.8992200947225575,,,,,,,results/benchmark_metrics/model_summary_json/MLP__ECFP4__summary.json,mean_only_scalar
MLP,ECFP4,plum,0.8170795531524202,,,,,,,results/benchmark_metrics/model_summary_json/MLP__ECFP4__summary.json,mean_only_scalar
MLP,ECFP4,popcorn,0.9257412176710093,,,,,,,results/benchmark_metrics/model_summary_json/MLP__ECFP4__summary.json,mean_only_scalar
MLP,ECFP4,potato,0.9130084497463331,,,,,,,results/benchmark_metrics/model_summary_json/MLP__ECFP4__summary.json,mean_only_scalar
MLP,ECFP4,pungent,0.8181337455147121,,,,,,,results/benchmark_metrics/model_summary_json/MLP__ECFP4__summary.json,mean_only_scalar
MLP,ECFP4,radish,0.8728020053257068,,,,,,,results/benchmark_metrics/model_summary_json/MLP__ECFP4__summary.json,mean_only_scalar
MLP,ECFP4,ripe,0.7697230723532343,,,,,,,results/benchmark_metrics/model_summary_json/MLP__ECFP4__summary.json,mean_only_scalar
MLP,ECFP4,roasted,0.8995905193940634,,,,,,,results/benchmark_metrics/model_summary_json/MLP__ECFP4__summary.json,mean_only_scalar
MLP,ECFP4,rose,0.8571703803190168,,,,,,,results/benchmark_metrics/model_summary_json/MLP__ECFP4__summary.json,mean_only_scalar
MLP,ECFP4,rum,0.8718883623758927,,,,,,,results/benchmark_metrics/model_summary_json/MLP__ECFP4__summary.json,mean_only_scalar
MLP,ECFP4,savory,0.8966690175407548,,,,,,,results/benchmark_metrics/model_summary_json/MLP__ECFP4__summary.json,mean_only_scalar
MLP,ECFP4,sharp,0.7502529868398641,,,,,,,results/benchmark_metrics/model_summary_json/MLP__ECFP4__summary.json,mean_only_scalar
MLP,ECFP4,smoky,0.9454871807515793,,,,,,,results/benchmark_metrics/model_summary_json/MLP__ECFP4__summary.json,mean_only_scalar
MLP,ECFP4,solvent,0.8724912619389216,,,,,,,results/benchmark_metrics/model_summary_json/MLP__ECFP4__summary.json,mean_only_scalar
MLP,ECFP4,sour,0.7803738635313145,,,,,,,results/benchmark_metrics/model_summary_json/MLP__ECFP4__summary.json,mean_only_scalar
MLP,ECFP4,spicy,0.8218782188561213,,,,,,,results/benchmark_metrics/model_summary_json/MLP__ECFP4__summary.json,mean_only_scalar
MLP,ECFP4,strawberry,0.786114029621866,,,,,,,results/benchmark_metrics/model_summary_json/MLP__ECFP4__summary.json,mean_only_scalar
MLP,ECFP4,sulfurous,0.9416936374224705,,,,,,,results/benchmark_metrics/model_summary_json/MLP__ECFP4__summary.json,mean_only_scalar
MLP,ECFP4,sweet,0.7153726120992476,,,,,,,results/benchmark_metrics/model_summary_json/MLP__ECFP4__summary.json,mean_only_scalar
MLP,ECFP4,tea,0.6573278320878962,,,,,,,results/benchmark_metrics/model_summary_json/MLP__ECFP4__summary.json,mean_only_scalar
MLP,ECFP4,tobacco,0.8047405791409326,,,,,,,results/benchmark_metrics/model_summary_json/MLP__ECFP4__summary.json,mean_only_scalar
MLP,ECFP4,tomato,0.871738256327563,,,,,,,results/benchmark_metrics/model_summary_json/MLP__ECFP4__summary.json,mean_only_scalar
MLP,ECFP4,tropical,0.7938075127338913,,,,,,,results/benchmark_metrics/model_summary_json/MLP__ECFP4__summary.json,mean_only_scalar
MLP,ECFP4,vanilla,0.9053171754829694,,,,,,,results/benchmark_metrics/model_summary_json/MLP__ECFP4__summary.json,mean_only_scalar
MLP,ECFP4,vegetable,0.8423387427043032,,,,,,,results/benchmark_metrics/model_summary_json/MLP__ECFP4__summary.json,mean_only_scalar
MLP,ECFP4,violet,0.9219906706189039,,,,,,,results/benchmark_metrics/model_summary_json/MLP__ECFP4__summary.json,mean_only_scalar
MLP,ECFP4,warm,0.7084301533783635,,,,,,,results/benchmark_metrics/model_summary_json/MLP__ECFP4__summary.json,mean_only_scalar
MLP,ECFP4,waxy,0.8862633414186061,,,,,,,results/benchmark_metrics/model_summary_json/MLP__ECFP4__summary.json,mean_only_scalar
MLP,ECFP4,winey,0.8275611357193908,,,,,,,results/benchmark_metrics/model_summary_json/MLP__ECFP4__summary.json,mean_only_scalar
MLP,ECFP4,woody,0.8217171192356336,,,,,,,results/benchmark_metrics/model_summary_json/MLP__ECFP4__summary.json,mean_only_scalar
MLP,QM,alcoholic,0.9721770383623468,,,,,,,results/benchmark_metrics/model_summary_json/MLP__QM__summary.json,mean_only_scalar
MLP,QM,aldehydic,0.719538414458389,,,,,,,results/benchmark_metrics/model_summary_json/MLP__QM__summary.json,mean_only_scalar
MLP,QM,alliaceous,0.9439555155338735,,,,,,,results/benchmark_metrics/model_summary_json/MLP__QM__summary.json,mean_only_scalar
MLP,QM,almond,0.9220547583985489,,,,,,,results/benchmark_metrics/model_summary_json/MLP__QM__summary.json,mean_only_scalar
MLP,QM,animal,0.8348262133293133,,,,,,,results/benchmark_metrics/model_summary_json/MLP__QM__summary.json,mean_only_scalar
MLP,QM,anisic,0.8624755341466672,,,,,,,results/benchmark_metrics/model_summary_json/MLP__QM__summary.json,mean_only_scalar
MLP,QM,apple,0.8916482187333145,,,,,,,results/benchmark_metrics/model_summary_json/MLP__QM__summary.json,mean_only_scalar
MLP,QM,apricot,0.8242639384175223,,,,,,,results/benchmark_metrics/model_summary_json/MLP__QM__summary.json,mean_only_scalar
MLP,QM,aromatic,0.8351646186958112,,,,,,,results/benchmark_metrics/model_summary_json/MLP__QM__summary.json,mean_only_scalar
MLP,QM,balsamic,0.9156770782257689,,,,,,,results/benchmark_metrics/model_summary_json/MLP__QM__summary.json,mean_only_scalar
MLP,QM,banana,0.9120406811020463,,,,,,,results/benchmark_metrics/model_summary_json/MLP__QM__summary.json,mean_only_scalar
MLP,QM,beefy,0.9423156760999436,,,,,,,results/benchmark_metrics/model_summary_json/MLP__QM__summary.json,mean_only_scalar
MLP,QM,berry,0.7125238872975761,,,,,,,results/benchmark_metrics/model_summary_json/MLP__QM__summary.json,mean_only_scalar
MLP,QM,black currant,0.9556699432219731,,,,,,,results/benchmark_metrics/model_summary_json/MLP__QM__summary.json,mean_only_scalar
MLP,QM,brandy,0.8381266971124152,,,,,,,results/benchmark_metrics/model_summary_json/MLP__QM__summary.json,mean_only_scalar
MLP,QM,bread,0.9276306398313473,,,,,,,results/benchmark_metrics/model_summary_json/MLP__QM__summary.json,mean_only_scalar
MLP,QM,brothy,0.9568074511324035,,,,,,,results/benchmark_metrics/model_summary_json/MLP__QM__summary.json,mean_only_scalar
MLP,QM,burnt,0.8741318401613253,,,,,,,results/benchmark_metrics/model_summary_json/MLP__QM__summary.json,mean_only_scalar
MLP,QM,buttery,0.8289096716983921,,,,,,,results/benchmark_metrics/model_summary_json/MLP__QM__summary.json,mean_only_scalar
MLP,QM,cabbage,0.8860828381300913,,,,,,,results/benchmark_metrics/model_summary_json/MLP__QM__summary.json,mean_only_scalar
MLP,QM,camphoreous,0.9140583684171736,,,,,,,results/benchmark_metrics/model_summary_json/MLP__QM__summary.json,mean_only_scalar
MLP,QM,caramellic,0.881981228037002,,,,,,,results/benchmark_metrics/model_summary_json/MLP__QM__summary.json,mean_only_scalar
MLP,QM,catty,0.9741467380096328,,,,,,,results/benchmark_metrics/model_summary_json/MLP__QM__summary.json,mean_only_scalar
MLP,QM,chamomile,0.9357589835098162,,,,,,,results/benchmark_metrics/model_summary_json/MLP__QM__summary.json,mean_only_scalar
MLP,QM,cheesy,0.882231311950966,,,,,,,results/benchmark_metrics/model_summary_json/MLP__QM__summary.json,mean_only_scalar
MLP,QM,cherry,0.9281407553851541,,,,,,,results/benchmark_metrics/model_summary_json/MLP__QM__summary.json,mean_only_scalar
MLP,QM,chicken,0.9156582478499455,,,,,,,results/benchmark_metrics/model_summary_json/MLP__QM__summary.json,mean_only_scalar
MLP,QM,chocolate,0.8692235076693094,,,,,,,results/benchmark_metrics/model_summary_json/MLP__QM__summary.json,mean_only_scalar
MLP,QM,cinnamon,0.9160685132884469,,,,,,,results/benchmark_metrics/model_summary_json/MLP__QM__summary.json,mean_only_scalar
MLP,QM,citrus,0.8707340788113026,,,,,,,results/benchmark_metrics/model_summary_json/MLP__QM__summary.json,mean_only_scalar
MLP,QM,cocoa,0.897997314551786,,,,,,,results/benchmark_metrics/model_summary_json/MLP__QM__summary.json,mean_only_scalar
MLP,QM,coconut,0.9031271461877257,,,,,,,results/benchmark_metrics/model_summary_json/MLP__QM__summary.json,mean_only_scalar
MLP,QM,coffee,0.9373437085517466,,,,,,,results/benchmark_metrics/model_summary_json/MLP__QM__summary.json,mean_only_scalar
MLP,QM,cognac,0.9396218076389211,,,,,,,results/benchmark_metrics/model_summary_json/MLP__QM__summary.json,mean_only_scalar
MLP,QM,coumarinic,0.9685162399841986,,,,,,,results/benchmark_metrics/model_summary_json/MLP__QM__summary.json,mean_only_scalar
MLP,QM,creamy,0.765386501946509,,,,,,,results/benchmark_metrics/model_summary_json/MLP__QM__summary.json,mean_only_scalar
MLP,QM,cucumber,0.9222727284797607,,,,,,,results/benchmark_metrics/model_summary_json/MLP__QM__summary.json,mean_only_scalar
MLP,QM,dairy,0.8417239126555204,,,,,,,results/benchmark_metrics/model_summary_json/MLP__QM__summary.json,mean_only_scalar
MLP,QM,dry,0.8762272181456012,,,,,,,results/benchmark_metrics/model_summary_json/MLP__QM__summary.json,mean_only_scalar
MLP,QM,earthy,0.7233592448859202,,,,,,,results/benchmark_metrics/model_summary_json/MLP__QM__summary.json,mean_only_scalar
MLP,QM,ethereal,0.9306481547221331,,,,,,,results/benchmark_metrics/model_summary_json/MLP__QM__summary.json,mean_only_scalar
MLP,QM,fatty,0.8929268851762322,,,,,,,results/benchmark_metrics/model_summary_json/MLP__QM__summary.json,mean_only_scalar
MLP,QM,fermented,0.8843520103080612,,,,,,,results/benchmark_metrics/model_summary_json/MLP__QM__summary.json,mean_only_scalar
MLP,QM,fishy,0.8639592345103795,,,,,,,results/benchmark_metrics/model_summary_json/MLP__QM__summary.json,mean_only_scalar
MLP,QM,floral,0.8373583298116116,,,,,,,results/benchmark_metrics/model_summary_json/MLP__QM__summary.json,mean_only_scalar
MLP,QM,fresh,0.7183498681942333,,,,,,,results/benchmark_metrics/model_summary_json/MLP__QM__summary.json,mean_only_scalar
MLP,QM,fruity,0.8517826683835577,,,,,,,results/benchmark_metrics/model_summary_json/MLP__QM__summary.json,mean_only_scalar
MLP,QM,garlic,0.9664225844709169,,,,,,,results/benchmark_metrics/model_summary_json/MLP__QM__summary.json,mean_only_scalar
MLP,QM,gasoline,0.9517546914065876,,,,,,,results/benchmark_metrics/model_summary_json/MLP__QM__summary.json,mean_only_scalar
MLP,QM,grape,0.878455686784903,,,,,,,results/benchmark_metrics/model_summary_json/MLP__QM__summary.json,mean_only_scalar
MLP,QM,grapefruit,0.8683473309071601,,,,,,,results/benchmark_metrics/model_summary_json/MLP__QM__summary.json,mean_only_scalar
MLP,QM,grassy,0.8552744171800282,,,,,,,results/benchmark_metrics/model_summary_json/MLP__QM__summary.json,mean_only_scalar
MLP,QM,green,0.7814824018039767,,,,,,,results/benchmark_metrics/model_summary_json/MLP__QM__summary.json,mean_only_scalar
MLP,QM,hay,0.8834490794912435,,,,,,,results/benchmark_metrics/model_summary_json/MLP__QM__summary.json,mean_only_scalar
MLP,QM,hazelnut,0.936348053053746,,,,,,,results/benchmark_metrics/model_summary_json/MLP__QM__summary.json,mean_only_scalar
MLP,QM,herbal,0.7334968551824681,,,,,,,results/benchmark_metrics/model_summary_json/MLP__QM__summary.json,mean_only_scalar
MLP,QM,honey,0.9195319555024494,,,,,,,results/benchmark_metrics/model_summary_json/MLP__QM__summary.json,mean_only_scalar
MLP,QM,horseradish,0.9713898616303723,,,,,,,results/benchmark_metrics/model_summary_json/MLP__QM__summary.json,mean_only_scalar
MLP,QM,jasmine,0.8944382519637625,,,,,,,results/benchmark_metrics/model_summary_json/MLP__QM__summary.json,mean_only_scalar
MLP,QM,ketonic,0.9864703963725331,,,,,,,results/benchmark_metrics/model_summary_json/MLP__QM__summary.json,mean_only_scalar
MLP,QM,leafy,0.6919486770067759,,,,,,,results/benchmark_metrics/model_summary_json/MLP__QM__summary.json,mean_only_scalar
MLP,QM,leathery,0.8589538937452899,,,,,,,results/benchmark_metrics/model_summary_json/MLP__QM__summary.json,mean_only_scalar
MLP,QM,lemon,0.8918907616242334,,,,,,,results/benchmark_metrics/model_summary_json/MLP__QM__summary.json,mean_only_scalar
MLP,QM,malty,0.9223431100051075,,,,,,,results/benchmark_metrics/model_summary_json/MLP__QM__summary.json,mean_only_scalar
MLP,QM,meaty,0.9162449623579251,,,,,,,results/benchmark_metrics/model_summary_json/MLP__QM__summary.json,mean_only_scalar
MLP,QM,medicinal,0.9458003436952428,,,,,,,results/benchmark_metrics/model_summary_json/MLP__QM__summary.json,mean_only_scalar
MLP,QM,melon,0.8530966356335208,,,,,,,results/benchmark_metrics/model_summary_json/MLP__QM__summary.json,mean_only_scalar
MLP,QM,metallic,0.753636237143374,,,,,,,results/benchmark_metrics/model_summary_json/MLP__QM__summary.json,mean_only_scalar
MLP,QM,milky,0.7431236695960987,,,,,,,results/benchmark_metrics/model_summary_json/MLP__QM__summary.json,mean_only_scalar
MLP,QM,mint,0.8692341120782384,,,,,,,results/benchmark_metrics/model_summary_json/MLP__QM__summary.json,mean_only_scalar
MLP,QM,mushroom,0.7328396959440354,,,,,,,results/benchmark_metrics/model_summary_json/MLP__QM__summary.json,mean_only_scalar
MLP,QM,musk,0.8573196382996114,,,,,,,results/benchmark_metrics/model_summary_json/MLP__QM__summary.json,mean_only_scalar
MLP,QM,musty,0.7512803883843324,,,,,,,results/benchmark_metrics/model_summary_json/MLP__QM__summary.json,mean_only_scalar
MLP,QM,nutty,0.8366909045925455,,,,,,,results/benchmark_metrics/model_summary_json/MLP__QM__summary.json,mean_only_scalar
MLP,QM,oily,0.881287646373956,,,,,,,results/benchmark_metrics/model_summary_json/MLP__QM__summary.json,mean_only_scalar
MLP,QM,onion,0.962247120814534,,,,,,,results/benchmark_metrics/model_summary_json/MLP__QM__summary.json,mean_only_scalar
MLP,QM,orange,0.8621985766924796,,,,,,,results/benchmark_metrics/model_summary_json/MLP__QM__summary.json,mean_only_scalar
MLP,QM,orris,0.7822837915571287,,,,,,,results/benchmark_metrics/model_summary_json/MLP__QM__summary.json,mean_only_scalar
MLP,QM,peach,0.7883681222291896,,,,,,,results/benchmark_metrics/model_summary_json/MLP__QM__summary.json,mean_only_scalar
MLP,QM,pear,0.9290265470311955,,,,,,,results/benchmark_metrics/model_summary_json/MLP__QM__summary.json,mean_only_scalar
MLP,QM,phenolic,0.9741027930843732,,,,,,,results/benchmark_metrics/model_summary_json/MLP__QM__summary.json,mean_only_scalar
MLP,QM,pine,0.9422374117699249,,,,,,,results/benchmark_metrics/model_summary_json/MLP__QM__summary.json,mean_only_scalar
MLP,QM,pineapple,0.9013432638581851,,,,,,,results/benchmark_metrics/model_summary_json/MLP__QM__summary.json,mean_only_scalar
MLP,QM,plum,0.8480430155602073,,,,,,,results/benchmark_metrics/model_summary_json/MLP__QM__summary.json,mean_only_scalar
MLP,QM,popcorn,0.9329965767918926,,,,,,,results/benchmark_metrics/model_summary_json/MLP__QM__summary.json,mean_only_scalar
MLP,QM,potato,0.9643239137075661,,,,,,,results/benchmark_metrics/model_summary_json/MLP__QM__summary.json,mean_only_scalar
MLP,QM,pungent,0.8457955892704625,,,,,,,results/benchmark_metrics/model_summary_json/MLP__QM__summary.json,mean_only_scalar
MLP,QM,radish,0.9384059331674829,,,,,,,results/benchmark_metrics/model_summary_json/MLP__QM__summary.json,mean_only_scalar
MLP,QM,ripe,0.8481571467571889,,,,,,,results/benchmark_metrics/model_summary_json/MLP__QM__summary.json,mean_only_scalar
MLP,QM,roasted,0.9364316632511723,,,,,,,results/benchmark_metrics/model_summary_json/MLP__QM__summary.json,mean_only_scalar
MLP,QM,rose,0.8573051191234511,,,,,,,results/benchmark_metrics/model_summary_json/MLP__QM__summary.json,mean_only_scalar
MLP,QM,rum,0.8762334060152325,,,,,,,results/benchmark_metrics/model_summary_json/MLP__QM__summary.json,mean_only_scalar
MLP,QM,savory,0.9282390585157108,,,,,,,results/benchmark_metrics/model_summary_json/MLP__QM__summary.json,mean_only_scalar
MLP,QM,sharp,0.8168068185306632,,,,,,,results/benchmark_metrics/model_summary_json/MLP__QM__summary.json,mean_only_scalar
MLP,QM,smoky,0.9562648342702079,,,,,,,results/benchmark_metrics/model_summary_json/MLP__QM__summary.json,mean_only_scalar
MLP,QM,solvent,0.9605707267901064,,,,,,,results/benchmark_metrics/model_summary_json/MLP__QM__summary.json,mean_only_scalar
MLP,QM,sour,0.9307793836715634,,,,,,,results/benchmark_metrics/model_summary_json/MLP__QM__summary.json,mean_only_scalar
MLP,QM,spicy,0.8324176319314638,,,,,,,results/benchmark_metrics/model_summary_json/MLP__QM__summary.json,mean_only_scalar
MLP,QM,strawberry,0.8191068945411828,,,,,,,results/benchmark_metrics/model_summary_json/MLP__QM__summary.json,mean_only_scalar
MLP,QM,sulfurous,0.9532332953644523,,,,,,,results/benchmark_metrics/model_summary_json/MLP__QM__summary.json,mean_only_scalar
MLP,QM,sweet,0.7057228789548269,,,,,,,results/benchmark_metrics/model_summary_json/MLP__QM__summary.json,mean_only_scalar
MLP,QM,tea,0.6710505710022344,,,,,,,results/benchmark_metrics/model_summary_json/MLP__QM__summary.json,mean_only_scalar
MLP,QM,tobacco,0.8502363831544816,,,,,,,results/benchmark_metrics/model_summary_json/MLP__QM__summary.json,mean_only_scalar
MLP,QM,tomato,0.9129523940291058,,,,,,,results/benchmark_metrics/model_summary_json/MLP__QM__summary.json,mean_only_scalar
MLP,QM,tropical,0.8541786409305228,,,,,,,results/benchmark_metrics/model_summary_json/MLP__QM__summary.json,mean_only_scalar
MLP,QM,vanilla,0.9411676412118914,,,,,,,results/benchmark_metrics/model_summary_json/MLP__QM__summary.json,mean_only_scalar
MLP,QM,vegetable,0.8679406316960785,,,,,,,results/benchmark_metrics/model_summary_json/MLP__QM__summary.json,mean_only_scalar
MLP,QM,violet,0.9125812812958587,,,,,,,results/benchmark_metrics/model_summary_json/MLP__QM__summary.json,mean_only_scalar
MLP,QM,warm,0.6690295755213989,,,,,,,results/benchmark_metrics/model_summary_json/MLP__QM__summary.json,mean_only_scalar
MLP,QM,waxy,0.9072344100447761,,,,,,,results/benchmark_metrics/model_summary_json/MLP__QM__summary.json,mean_only_scalar
MLP,QM,winey,0.8519642842530043,,,,,,,results/benchmark_metrics/model_summary_json/MLP__QM__summary.json,mean_only_scalar
MLP,QM,woody,0.8351252272168619,,,,,,,results/benchmark_metrics/model_summary_json/MLP__QM__summary.json,mean_only_scalar
MLP,RDKit,alcoholic,0.974882956388542,,,,,,,results/benchmark_metrics/model_summary_json/MLP__RDKit__summary.json,mean_only_scalar
MLP,RDKit,aldehydic,0.8014925709555152,,,,,,,results/benchmark_metrics/model_summary_json/MLP__RDKit__summary.json,mean_only_scalar
MLP,RDKit,alliaceous,0.9495112182870434,,,,,,,results/benchmark_metrics/model_summary_json/MLP__RDKit__summary.json,mean_only_scalar
MLP,RDKit,almond,0.9019783980999051,,,,,,,results/benchmark_metrics/model_summary_json/MLP__RDKit__summary.json,mean_only_scalar
MLP,RDKit,animal,0.8038933118659045,,,,,,,results/benchmark_metrics/model_summary_json/MLP__RDKit__summary.json,mean_only_scalar
MLP,RDKit,anisic,0.89057257727267,,,,,,,results/benchmark_metrics/model_summary_json/MLP__RDKit__summary.json,mean_only_scalar
MLP,RDKit,apple,0.8982031056499945,,,,,,,results/benchmark_metrics/model_summary_json/MLP__RDKit__summary.json,mean_only_scalar
MLP,RDKit,apricot,0.8533991476823781,,,,,,,results/benchmark_metrics/model_summary_json/MLP__RDKit__summary.json,mean_only_scalar
MLP,RDKit,aromatic,0.8194811286246578,,,,,,,results/benchmark_metrics/model_summary_json/MLP__RDKit__summary.json,mean_only_scalar
MLP,RDKit,balsamic,0.9147201360685921,,,,,,,results/benchmark_metrics/model_summary_json/MLP__RDKit__summary.json,mean_only_scalar
MLP,RDKit,banana,0.8826064431415224,,,,,,,results/benchmark_metrics/model_summary_json/MLP__RDKit__summary.json,mean_only_scalar
MLP,RDKit,beefy,0.9342213725158366,,,,,,,results/benchmark_metrics/model_summary_json/MLP__RDKit__summary.json,mean_only_scalar
MLP,RDKit,berry,0.696895956488545,,,,,,,results/benchmark_metrics/model_summary_json/MLP__RDKit__summary.json,mean_only_scalar
MLP,RDKit,black currant,0.9173052422705099,,,,,,,results/benchmark_metrics/model_summary_json/MLP__RDKit__summary.json,mean_only_scalar
MLP,RDKit,brandy,0.808297336084674,,,,,,,results/benchmark_metrics/model_summary_json/MLP__RDKit__summary.json,mean_only_scalar
MLP,RDKit,bread,0.9382353372705516,,,,,,,results/benchmark_metrics/model_summary_json/MLP__RDKit__summary.json,mean_only_scalar
MLP,RDKit,brothy,0.9590172152166895,,,,,,,results/benchmark_metrics/model_summary_json/MLP__RDKit__summary.json,mean_only_scalar
MLP,RDKit,burnt,0.8741515348115758,,,,,,,results/benchmark_metrics/model_summary_json/MLP__RDKit__summary.json,mean_only_scalar
MLP,RDKit,buttery,0.872115092942448,,,,,,,results/benchmark_metrics/model_summary_json/MLP__RDKit__summary.json,mean_only_scalar
MLP,RDKit,cabbage,0.8913318755665157,,,,,,,results/benchmark_metrics/model_summary_json/MLP__RDKit__summary.json,mean_only_scalar
MLP,RDKit,camphoreous,0.9463724176012377,,,,,,,results/benchmark_metrics/model_summary_json/MLP__RDKit__summary.json,mean_only_scalar
MLP,RDKit,caramellic,0.8610069867145812,,,,,,,results/benchmark_metrics/model_summary_json/MLP__RDKit__summary.json,mean_only_scalar
MLP,RDKit,catty,0.9048804569235684,,,,,,,results/benchmark_metrics/model_summary_json/MLP__RDKit__summary.json,mean_only_scalar
MLP,RDKit,chamomile,0.9434879675562513,,,,,,,results/benchmark_metrics/model_summary_json/MLP__RDKit__summary.json,mean_only_scalar
MLP,RDKit,cheesy,0.8564963871118121,,,,,,,results/benchmark_metrics/model_summary_json/MLP__RDKit__summary.json,mean_only_scalar
MLP,RDKit,cherry,0.8827146032861133,,,,,,,results/benchmark_metrics/model_summary_json/MLP__RDKit__summary.json,mean_only_scalar
MLP,RDKit,chicken,0.8973352579902691,,,,,,,results/benchmark_metrics/model_summary_json/MLP__RDKit__summary.json,mean_only_scalar
MLP,RDKit,chocolate,0.7929882752058015,,,,,,,results/benchmark_metrics/model_summary_json/MLP__RDKit__summary.json,mean_only_scalar
MLP,RDKit,cinnamon,0.8257013197790455,,,,,,,results/benchmark_metrics/model_summary_json/MLP__RDKit__summary.json,mean_only_scalar
MLP,RDKit,citrus,0.8388411350671141,,,,,,,results/benchmark_metrics/model_summary_json/MLP__RDKit__summary.json,mean_only_scalar
MLP,RDKit,cocoa,0.8394755647521899,,,,,,,results/benchmark_metrics/model_summary_json/MLP__RDKit__summary.json,mean_only_scalar
MLP,RDKit,coconut,0.8435872325674406,,,,,,,results/benchmark_metrics/model_summary_json/MLP__RDKit__summary.json,mean_only_scalar
MLP,RDKit,coffee,0.9359650573895723,,,,,,,results/benchmark_metrics/model_summary_json/MLP__RDKit__summary.json,mean_only_scalar
MLP,RDKit,cognac,0.9255427917103376,,,,,,,results/benchmark_metrics/model_summary_json/MLP__RDKit__summary.json,mean_only_scalar
MLP,RDKit,coumarinic,0.8857675596826823,,,,,,,results/benchmark_metrics/model_summary_json/MLP__RDKit__summary.json,mean_only_scalar
MLP,RDKit,creamy,0.7042284842238322,,,,,,,results/benchmark_metrics/model_summary_json/MLP__RDKit__summary.json,mean_only_scalar
MLP,RDKit,cucumber,0.9463751414560442,,,,,,,results/benchmark_metrics/model_summary_json/MLP__RDKit__summary.json,mean_only_scalar
MLP,RDKit,dairy,0.7961761633954293,,,,,,,results/benchmark_metrics/model_summary_json/MLP__RDKit__summary.json,mean_only_scalar
MLP,RDKit,dry,0.8865693663386832,,,,,,,results/benchmark_metrics/model_summary_json/MLP__RDKit__summary.json,mean_only_scalar
MLP,RDKit,earthy,0.707347427813035,,,,,,,results/benchmark_metrics/model_summary_json/MLP__RDKit__summary.json,mean_only_scalar
MLP,RDKit,ethereal,0.9189205994418485,,,,,,,results/benchmark_metrics/model_summary_json/MLP__RDKit__summary.json,mean_only_scalar
MLP,RDKit,fatty,0.884403342479879,,,,,,,results/benchmark_metrics/model_summary_json/MLP__RDKit__summary.json,mean_only_scalar
MLP,RDKit,fermented,0.8509924742631764,,,,,,,results/benchmark_metrics/model_summary_json/MLP__RDKit__summary.json,mean_only_scalar
MLP,RDKit,fishy,0.8403148635180052,,,,,,,results/benchmark_metrics/model_summary_json/MLP__RDKit__summary.json,mean_only_scalar
MLP,RDKit,floral,0.8328060188153412,,,,,,,results/benchmark_metrics/model_summary_json/MLP__RDKit__summary.json,mean_only_scalar
MLP,RDKit,fresh,0.7026643622774809,,,,,,,results/benchmark_metrics/model_summary_json/MLP__RDKit__summary.json,mean_only_scalar
MLP,RDKit,fruity,0.8319124440426122,,,,,,,results/benchmark_metrics/model_summary_json/MLP__RDKit__summary.json,mean_only_scalar
MLP,RDKit,garlic,0.9825403164498079,,,,,,,results/benchmark_metrics/model_summary_json/MLP__RDKit__summary.json,mean_only_scalar
MLP,RDKit,gasoline,0.9383386318479955,,,,,,,results/benchmark_metrics/model_summary_json/MLP__RDKit__summary.json,mean_only_scalar
MLP,RDKit,grape,0.8583202998146705,,,,,,,results/benchmark_metrics/model_summary_json/MLP__RDKit__summary.json,mean_only_scalar
MLP,RDKit,grapefruit,0.9018027568621484,,,,,,,results/benchmark_metrics/model_summary_json/MLP__RDKit__summary.json,mean_only_scalar
MLP,RDKit,grassy,0.9024275832532543,,,,,,,results/benchmark_metrics/model_summary_json/MLP__RDKit__summary.json,mean_only_scalar
MLP,RDKit,green,0.7541657432380451,,,,,,,results/benchmark_metrics/model_summary_json/MLP__RDKit__summary.json,mean_only_scalar
MLP,RDKit,hay,0.8604219755700002,,,,,,,results/benchmark_metrics/model_summary_json/MLP__RDKit__summary.json,mean_only_scalar
MLP,RDKit,hazelnut,0.9278689199433788,,,,,,,results/benchmark_metrics/model_summary_json/MLP__RDKit__summary.json,mean_only_scalar
MLP,RDKit,herbal,0.7318540961545411,,,,,,,results/benchmark_metrics/model_summary_json/MLP__RDKit__summary.json,mean_only_scalar
MLP,RDKit,honey,0.9086129651767321,,,,,,,results/benchmark_metrics/model_summary_json/MLP__RDKit__summary.json,mean_only_scalar
MLP,RDKit,horseradish,0.9067096504012493,,,,,,,results/benchmark_metrics/model_summary_json/MLP__RDKit__summary.json,mean_only_scalar
MLP,RDKit,jasmine,0.8743201754586138,,,,,,,results/benchmark_metrics/model_summary_json/MLP__RDKit__summary.json,mean_only_scalar
MLP,RDKit,ketonic,0.9492487435606559,,,,,,,results/benchmark_metrics/model_summary_json/MLP__RDKit__summary.json,mean_only_scalar
MLP,RDKit,leafy,0.6746314968134716,,,,,,,results/benchmark_metrics/model_summary_json/MLP__RDKit__summary.json,mean_only_scalar
MLP,RDKit,leathery,0.9523334342221881,,,,,,,results/benchmark_metrics/model_summary_json/MLP__RDKit__summary.json,mean_only_scalar
MLP,RDKit,lemon,0.8652587422722355,,,,,,,results/benchmark_metrics/model_summary_json/MLP__RDKit__summary.json,mean_only_scalar
MLP,RDKit,malty,0.9362380234647965,,,,,,,results/benchmark_metrics/model_summary_json/MLP__RDKit__summary.json,mean_only_scalar
MLP,RDKit,meaty,0.9289064693266054,,,,,,,results/benchmark_metrics/model_summary_json/MLP__RDKit__summary.json,mean_only_scalar
MLP,RDKit,medicinal,0.9449694871844863,,,,,,,results/benchmark_metrics/model_summary_json/MLP__RDKit__summary.json,mean_only_scalar
MLP,RDKit,melon,0.8589498358629104,,,,,,,results/benchmark_metrics/model_summary_json/MLP__RDKit__summary.json,mean_only_scalar
MLP,RDKit,metallic,0.7595555179259975,,,,,,,results/benchmark_metrics/model_summary_json/MLP__RDKit__summary.json,mean_only_scalar
MLP,RDKit,milky,0.6767401179389739,,,,,,,results/benchmark_metrics/model_summary_json/MLP__RDKit__summary.json,mean_only_scalar
MLP,RDKit,mint,0.8593999570065062,,,,,,,results/benchmark_metrics/model_summary_json/MLP__RDKit__summary.json,mean_only_scalar
MLP,RDKit,mushroom,0.7513942505787435,,,,,,,results/benchmark_metrics/model_summary_json/MLP__RDKit__summary.json,mean_only_scalar
MLP,RDKit,musk,0.858014839019849,,,,,,,results/benchmark_metrics/model_summary_json/MLP__RDKit__summary.json,mean_only_scalar
MLP,RDKit,musty,0.7077908255664764,,,,,,,results/benchmark_metrics/model_summary_json/MLP__RDKit__summary.json,mean_only_scalar
MLP,RDKit,nutty,0.8404472686372901,,,,,,,results/benchmark_metrics/model_summary_json/MLP__RDKit__summary.json,mean_only_scalar
MLP,RDKit,oily,0.8502098667165903,,,,,,,results/benchmark_metrics/model_summary_json/MLP__RDKit__summary.json,mean_only_scalar
MLP,RDKit,onion,0.9754719451941041,,,,,,,results/benchmark_metrics/model_summary_json/MLP__RDKit__summary.json,mean_only_scalar
MLP,RDKit,orange,0.87411555319689,,,,,,,results/benchmark_metrics/model_summary_json/MLP__RDKit__summary.json,mean_only_scalar
MLP,RDKit,orris,0.7944819958097993,,,,,,,results/benchmark_metrics/model_summary_json/MLP__RDKit__summary.json,mean_only_scalar
MLP,RDKit,peach,0.8040293829382575,,,,,,,results/benchmark_metrics/model_summary_json/MLP__RDKit__summary.json,mean_only_scalar
MLP,RDKit,pear,0.92367550220802,,,,,,,results/benchmark_metrics/model_summary_json/MLP__RDKit__summary.json,mean_only_scalar
MLP,RDKit,phenolic,0.9706644966833743,,,,,,,results/benchmark_metrics/model_summary_json/MLP__RDKit__summary.json,mean_only_scalar
MLP,RDKit,pine,0.9561860440660286,,,,,,,results/benchmark_metrics/model_summary_json/MLP__RDKit__summary.json,mean_only_scalar
MLP,RDKit,pineapple,0.8996167375489099,,,,,,,results/benchmark_metrics/model_summary_json/MLP__RDKit__summary.json,mean_only_scalar
MLP,RDKit,plum,0.8314714494352919,,,,,,,results/benchmark_metrics/model_summary_json/MLP__RDKit__summary.json,mean_only_scalar
MLP,RDKit,popcorn,0.9506207165394184,,,,,,,results/benchmark_metrics/model_summary_json/MLP__RDKit__summary.json,mean_only_scalar
MLP,RDKit,potato,0.9302498784640163,,,,,,,results/benchmark_metrics/model_summary_json/MLP__RDKit__summary.json,mean_only_scalar
MLP,RDKit,pungent,0.8100554726327609,,,,,,,results/benchmark_metrics/model_summary_json/MLP__RDKit__summary.json,mean_only_scalar
MLP,RDKit,radish,0.8730647457311147,,,,,,,results/benchmark_metrics/model_summary_json/MLP__RDKit__summary.json,mean_only_scalar
MLP,RDKit,ripe,0.7587792902639556,,,,,,,results/benchmark_metrics/model_summary_json/MLP__RDKit__summary.json,mean_only_scalar
MLP,RDKit,roasted,0.943109272565654,,,,,,,results/benchmark_metrics/model_summary_json/MLP__RDKit__summary.json,mean_only_scalar
MLP,RDKit,rose,0.8624052342219961,,,,,,,results/benchmark_metrics/model_summary_json/MLP__RDKit__summary.json,mean_only_scalar
MLP,RDKit,rum,0.8961020858815452,,,,,,,results/benchmark_metrics/model_summary_json/MLP__RDKit__summary.json,mean_only_scalar
MLP,RDKit,savory,0.9191779158871753,,,,,,,results/benchmark_metrics/model_summary_json/MLP__RDKit__summary.json,mean_only_scalar
MLP,RDKit,sharp,0.7905962385687288,,,,,,,results/benchmark_metrics/model_summary_json/MLP__RDKit__summary.json,mean_only_scalar
MLP,RDKit,smoky,0.9437553550582557,,,,,,,results/benchmark_metrics/model_summary_json/MLP__RDKit__summary.json,mean_only_scalar
MLP,RDKit,solvent,0.9468828256837221,,,,,,,results/benchmark_metrics/model_summary_json/MLP__RDKit__summary.json,mean_only_scalar
MLP,RDKit,sour,0.846147909410005,,,,,,,results/benchmark_metrics/model_summary_json/MLP__RDKit__summary.json,mean_only_scalar
MLP,RDKit,spicy,0.8251847607474335,,,,,,,results/benchmark_metrics/model_summary_json/MLP__RDKit__summary.json,mean_only_scalar
MLP,RDKit,strawberry,0.7691548112259416,,,,,,,results/benchmark_metrics/model_summary_json/MLP__RDKit__summary.json,mean_only_scalar
MLP,RDKit,sulfurous,0.9670366828330061,,,,,,,results/benchmark_metrics/model_summary_json/MLP__RDKit__summary.json,mean_only_scalar
MLP,RDKit,sweet,0.7216801781818638,,,,,,,results/benchmark_metrics/model_summary_json/MLP__RDKit__summary.json,mean_only_scalar
MLP,RDKit,tea,0.6890734282525367,,,,,,,results/benchmark_metrics/model_summary_json/MLP__RDKit__summary.json,mean_only_scalar
MLP,RDKit,tobacco,0.8351133053563821,,,,,,,results/benchmark_metrics/model_summary_json/MLP__RDKit__summary.json,mean_only_scalar
MLP,RDKit,tomato,0.8993937708061981,,,,,,,results/benchmark_metrics/model_summary_json/MLP__RDKit__summary.json,mean_only_scalar
MLP,RDKit,tropical,0.8390909045565664,,,,,,,results/benchmark_metrics/model_summary_json/MLP__RDKit__summary.json,mean_only_scalar
MLP,RDKit,vanilla,0.9213145220073929,,,,,,,results/benchmark_metrics/model_summary_json/MLP__RDKit__summary.json,mean_only_scalar
MLP,RDKit,vegetable,0.8897400815171668,,,,,,,results/benchmark_metrics/model_summary_json/MLP__RDKit__summary.json,mean_only_scalar
MLP,RDKit,violet,0.8857632390630963,,,,,,,results/benchmark_metrics/model_summary_json/MLP__RDKit__summary.json,mean_only_scalar
MLP,RDKit,warm,0.781548019959902,,,,,,,results/benchmark_metrics/model_summary_json/MLP__RDKit__summary.json,mean_only_scalar
MLP,RDKit,waxy,0.9042512741002439,,,,,,,results/benchmark_metrics/model_summary_json/MLP__RDKit__summary.json,mean_only_scalar
MLP,RDKit,winey,0.8313044243608342,,,,,,,results/benchmark_metrics/model_summary_json/MLP__RDKit__summary.json,mean_only_scalar
MLP,RDKit,woody,0.873029952058333,,,,,,,results/benchmark_metrics/model_summary_json/MLP__RDKit__summary.json,mean_only_scalar
MLP,RDKit+QM,alcoholic,0.9750554529095032,,,,,,,results/benchmark_metrics/model_summary_json/MLP__RDKit_QM__summary.json,mean_only_scalar
MLP,RDKit+QM,aldehydic,0.8517986166116737,,,,,,,results/benchmark_metrics/model_summary_json/MLP__RDKit_QM__summary.json,mean_only_scalar
MLP,RDKit+QM,alliaceous,0.952787275568707,,,,,,,results/benchmark_metrics/model_summary_json/MLP__RDKit_QM__summary.json,mean_only_scalar
MLP,RDKit+QM,almond,0.9320839886009701,,,,,,,results/benchmark_metrics/model_summary_json/MLP__RDKit_QM__summary.json,mean_only_scalar
MLP,RDKit+QM,animal,0.8661950414632834,,,,,,,results/benchmark_metrics/model_summary_json/MLP__RDKit_QM__summary.json,mean_only_scalar
MLP,RDKit+QM,anisic,0.9189395657646031,,,,,,,results/benchmark_metrics/model_summary_json/MLP__RDKit_QM__summary.json,mean_only_scalar
MLP,RDKit+QM,apple,0.9081571533319888,,,,,,,results/benchmark_metrics/model_summary_json/MLP__RDKit_QM__summary.json,mean_only_scalar
MLP,RDKit+QM,apricot,0.860655001855392,,,,,,,results/benchmark_metrics/model_summary_json/MLP__RDKit_QM__summary.json,mean_only_scalar
MLP,RDKit+QM,aromatic,0.8444623879009849,,,,,,,results/benchmark_metrics/model_summary_json/MLP__RDKit_QM__summary.json,mean_only_scalar
MLP,RDKit+QM,balsamic,0.9208840927625378,,,,,,,results/benchmark_metrics/model_summary_json/MLP__RDKit_QM__summary.json,mean_only_scalar
MLP,RDKit+QM,banana,0.9120223725205936,,,,,,,results/benchmark_metrics/model_summary_json/MLP__RDKit_QM__summary.json,mean_only_scalar
MLP,RDKit+QM,beefy,0.9526391998675283,,,,,,,results/benchmark_metrics/model_summary_json/MLP__RDKit_QM__summary.json,mean_only_scalar
MLP,RDKit+QM,berry,0.7344255251562177,,,,,,,results/benchmark_metrics/model_summary_json/MLP__RDKit_QM__summary.json,mean_only_scalar
MLP,RDKit+QM,black currant,0.9593982717596617,,,,,,,results/benchmark_metrics/model_summary_json/MLP__RDKit_QM__summary.json,mean_only_scalar
MLP,RDKit+QM,brandy,0.8764544362860074,,,,,,,results/benchmark_metrics/model_summary_json/MLP__RDKit_QM__summary.json,mean_only_scalar
MLP,RDKit+QM,bread,0.9300057982429187,,,,,,,results/benchmark_metrics/model_summary_json/MLP__RDKit_QM__summary.json,mean_only_scalar
MLP,RDKit+QM,brothy,0.9731681480618001,,,,,,,results/benchmark_metrics/model_summary_json/MLP__RDKit_QM__summary.json,mean_only_scalar
MLP,RDKit+QM,burnt,0.8688708876495055,,,,,,,results/benchmark_metrics/model_summary_json/MLP__RDKit_QM__summary.json,mean_only_scalar
MLP,RDKit+QM,buttery,0.8757481333787303,,,,,,,results/benchmark_metrics/model_summary_json/MLP__RDKit_QM__summary.json,mean_only_scalar
MLP,RDKit+QM,cabbage,0.9020475848385991,,,,,,,results/benchmark_metrics/model_summary_json/MLP__RDKit_QM__summary.json,mean_only_scalar
MLP,RDKit+QM,camphoreous,0.9370154246693453,,,,,,,results/benchmark_metrics/model_summary_json/MLP__RDKit_QM__summary.json,mean_only_scalar
MLP,RDKit+QM,caramellic,0.9030965361342075,,,,,,,results/benchmark_metrics/model_summary_json/MLP__RDKit_QM__summary.json,mean_only_scalar
MLP,RDKit+QM,catty,0.9793564461323536,,,,,,,results/benchmark_metrics/model_summary_json/MLP__RDKit_QM__summary.json,mean_only_scalar
MLP,RDKit+QM,chamomile,0.9559095292952557,,,,,,,results/benchmark_metrics/model_summary_json/MLP__RDKit_QM__summary.json,mean_only_scalar
MLP,RDKit+QM,cheesy,0.9023400543751329,,,,,,,results/benchmark_metrics/model_summary_json/MLP__RDKit_QM__summary.json,mean_only_scalar
MLP,RDKit+QM,cherry,0.9319343189860045,,,,,,,results/benchmark_metrics/model_summary_json/MLP__RDKit_QM__summary.json,mean_only_scalar
MLP,RDKit+QM,chicken,0.9312576294317291,,,,,,,results/benchmark_metrics/model_summary_json/MLP__RDKit_QM__summary.json,mean_only_scalar
MLP,RDKit+QM,chocolate,0.8566911259248922,,,,,,,results/benchmark_metrics/model_summary_json/MLP__RDKit_QM__summary.json,mean_only_scalar
MLP,RDKit+QM,cinnamon,0.9195672407806763,,,,,,,results/benchmark_metrics/model_summary_json/MLP__RDKit_QM__summary.json,mean_only_scalar
MLP,RDKit+QM,citrus,0.8884085128765381,,,,,,,results/benchmark_metrics/model_summary_json/MLP__RDKit_QM__summary.json,mean_only_scalar
MLP,RDKit+QM,cocoa,0.8894858717156613,,,,,,,results/benchmark_metrics/model_summary_json/MLP__RDKit_QM__summary.json,mean_only_scalar
MLP,RDKit+QM,coconut,0.9351093227606789,,,,,,,results/benchmark_metrics/model_summary_json/MLP__RDKit_QM__summary.json,mean_only_scalar
MLP,RDKit+QM,coffee,0.9461770026227907,,,,,,,results/benchmark_metrics/model_summary_json/MLP__RDKit_QM__summary.json,mean_only_scalar
MLP,RDKit+QM,cognac,0.9463231813638855,,,,,,,results/benchmark_metrics/model_summary_json/MLP__RDKit_QM__summary.json,mean_only_scalar
MLP,RDKit+QM,coumarinic,0.9773892004277023,,,,,,,results/benchmark_metrics/model_summary_json/MLP__RDKit_QM__summary.json,mean_only_scalar
MLP,RDKit+QM,creamy,0.7903576213014211,,,,,,,results/benchmark_metrics/model_summary_json/MLP__RDKit_QM__summary.json,mean_only_scalar
MLP,RDKit+QM,cucumber,0.9620179020238935,,,,,,,results/benchmark_metrics/model_summary_json/MLP__RDKit_QM__summary.json,mean_only_scalar
MLP,RDKit+QM,dairy,0.8266461387489059,,,,,,,results/benchmark_metrics/model_summary_json/MLP__RDKit_QM__summary.json,mean_only_scalar
MLP,RDKit+QM,dry,0.8916975742783404,,,,,,,results/benchmark_metrics/model_summary_json/MLP__RDKit_QM__summary.json,mean_only_scalar
MLP,RDKit+QM,earthy,0.7465784624286858,,,,,,,results/benchmark_metrics/model_summary_json/MLP__RDKit_QM__summary.json,mean_only_scalar
MLP,RDKit+QM,ethereal,0.9210703084755579,,,,,,,results/benchmark_metrics/model_summary_json/MLP__RDKit_QM__summary.json,mean_only_scalar
MLP,RDKit+QM,fatty,0.9012248043409796,,,,,,,results/benchmark_metrics/model_summary_json/MLP__RDKit_QM__summary.json,mean_only_scalar
MLP,RDKit+QM,fermented,0.8576403873232257,,,,,,,results/benchmark_metrics/model_summary_json/MLP__RDKit_QM__summary.json,mean_only_scalar
MLP,RDKit+QM,fishy,0.912357413202931,,,,,,,results/benchmark_metrics/model_summary_json/MLP__RDKit_QM__summary.json,mean_only_scalar
MLP,RDKit+QM,floral,0.8583354621004041,,,,,,,results/benchmark_metrics/model_summary_json/MLP__RDKit_QM__summary.json,mean_only_scalar
MLP,RDKit+QM,fresh,0.7371315670871642,,,,,,,results/benchmark_metrics/model_summary_json/MLP__RDKit_QM__summary.json,mean_only_scalar
MLP,RDKit+QM,fruity,0.8684770197235396,,,,,,,results/benchmark_metrics/model_summary_json/MLP__RDKit_QM__summary.json,mean_only_scalar
MLP,RDKit+QM,garlic,0.9827304354444106,,,,,,,results/benchmark_metrics/model_summary_json/MLP__RDKit_QM__summary.json,mean_only_scalar
MLP,RDKit+QM,gasoline,0.9676808685528158,,,,,,,results/benchmark_metrics/model_summary_json/MLP__RDKit_QM__summary.json,mean_only_scalar
MLP,RDKit+QM,grape,0.9108692293416123,,,,,,,results/benchmark_metrics/model_summary_json/MLP__RDKit_QM__summary.json,mean_only_scalar
MLP,RDKit+QM,grapefruit,0.9078321855320128,,,,,,,results/benchmark_metrics/model_summary_json/MLP__RDKit_QM__summary.json,mean_only_scalar
MLP,RDKit+QM,grassy,0.8925211124851206,,,,,,,results/benchmark_metrics/model_summary_json/MLP__RDKit_QM__summary.json,mean_only_scalar
MLP,RDKit+QM,green,0.8076304509276158,,,,,,,results/benchmark_metrics/model_summary_json/MLP__RDKit_QM__summary.json,mean_only_scalar
MLP,RDKit+QM,hay,0.9017484610181272,,,,,,,results/benchmark_metrics/model_summary_json/MLP__RDKit_QM__summary.json,mean_only_scalar
MLP,RDKit+QM,hazelnut,0.9400721342330517,,,,,,,results/benchmark_metrics/model_summary_json/MLP__RDKit_QM__summary.json,mean_only_scalar
MLP,RDKit+QM,herbal,0.7616407550072765,,,,,,,results/benchmark_metrics/model_summary_json/MLP__RDKit_QM__summary.json,mean_only_scalar
MLP,RDKit+QM,honey,0.9250679819957917,,,,,,,results/benchmark_metrics/model_summary_json/MLP__RDKit_QM__summary.json,mean_only_scalar
MLP,RDKit+QM,horseradish,0.974842146968421,,,,,,,results/benchmark_metrics/model_summary_json/MLP__RDKit_QM__summary.json,mean_only_scalar
MLP,RDKit+QM,jasmine,0.9025022186656846,,,,,,,results/benchmark_metrics/model_summary_json/MLP__RDKit_QM__summary.json,mean_only_scalar
MLP,RDKit+QM,ketonic,0.9920902051826378,,,,,,,results/benchmark_metrics/model_summary_json/MLP__RDKit_QM__summary.json,mean_only_scalar
MLP,RDKit+QM,leafy,0.8173725444772952,,,,,,,results/benchmark_metrics/model_summary_json/MLP__RDKit_QM__summary.json,mean_only_scalar
MLP,RDKit+QM,leathery,0.9468602653297703,,,,,,,results/benchmark_metrics/model_summary_json/MLP__RDKit_QM__summary.json,mean_only_scalar
MLP,RDKit+QM,lemon,0.898528494332664,,,,,,,results/benchmark_metrics/model_summary_json/MLP__RDKit_QM__summary.json,mean_only_scalar
MLP,RDKit+QM,malty,0.9132943549934358,,,,,,,results/benchmark_metrics/model_summary_json/MLP__RDKit_QM__summary.json,mean_only_scalar
MLP,RDKit+QM,meaty,0.9419718867346374,,,,,,,results/benchmark_metrics/model_summary_json/MLP__RDKit_QM__summary.json,mean_only_scalar
MLP,RDKit+QM,medicinal,0.9473664296240247,,,,,,,results/benchmark_metrics/model_summary_json/MLP__RDKit_QM__summary.json,mean_only_scalar
MLP,RDKit+QM,melon,0.8888790471794643,,,,,,,results/benchmark_metrics/model_summary_json/MLP__RDKit_QM__summary.json,mean_only_scalar
MLP,RDKit+QM,metallic,0.763298578021196,,,,,,,results/benchmark_metrics/model_summary_json/MLP__RDKit_QM__summary.json,mean_only_scalar
MLP,RDKit+QM,milky,0.7791144906009945,,,,,,,results/benchmark_metrics/model_summary_json/MLP__RDKit_QM__summary.json,mean_only_scalar
MLP,RDKit+QM,mint,0.9034153350958333,,,,,,,results/benchmark_metrics/model_summary_json/MLP__RDKit_QM__summary.json,mean_only_scalar
MLP,RDKit+QM,mushroom,0.7675779582130281,,,,,,,results/benchmark_metrics/model_summary_json/MLP__RDKit_QM__summary.json,mean_only_scalar
MLP,RDKit+QM,musk,0.921224075610173,,,,,,,results/benchmark_metrics/model_summary_json/MLP__RDKit_QM__summary.json,mean_only_scalar
MLP,RDKit+QM,musty,0.7078232417787189,,,,,,,results/benchmark_metrics/model_summary_json/MLP__RDKit_QM__summary.json,mean_only_scalar
MLP,RDKit+QM,nutty,0.8606527656177105,,,,,,,results/benchmark_metrics/model_summary_json/MLP__RDKit_QM__summary.json,mean_only_scalar
MLP,RDKit+QM,oily,0.8846784909835202,,,,,,,results/benchmark_metrics/model_summary_json/MLP__RDKit_QM__summary.json,mean_only_scalar
MLP,RDKit+QM,onion,0.9764110785582168,,,,,,,results/benchmark_metrics/model_summary_json/MLP__RDKit_QM__summary.json,mean_only_scalar
MLP,RDKit+QM,orange,0.9052685148835573,,,,,,,results/benchmark_metrics/model_summary_json/MLP__RDKit_QM__summary.json,mean_only_scalar
MLP,RDKit+QM,orris,0.7950377626627676,,,,,,,results/benchmark_metrics/model_summary_json/MLP__RDKit_QM__summary.json,mean_only_scalar
MLP,RDKit+QM,peach,0.7945484576142555,,,,,,,results/benchmark_metrics/model_summary_json/MLP__RDKit_QM__summary.json,mean_only_scalar
MLP,RDKit+QM,pear,0.9293463461417565,,,,,,,results/benchmark_metrics/model_summary_json/MLP__RDKit_QM__summary.json,mean_only_scalar
MLP,RDKit+QM,phenolic,0.980602429064904,,,,,,,results/benchmark_metrics/model_summary_json/MLP__RDKit_QM__summary.json,mean_only_scalar
MLP,RDKit+QM,pine,0.9529988557283948,,,,,,,results/benchmark_metrics/model_summary_json/MLP__RDKit_QM__summary.json,mean_only_scalar
MLP,RDKit+QM,pineapple,0.9116146564717917,,,,,,,results/benchmark_metrics/model_summary_json/MLP__RDKit_QM__summary.json,mean_only_scalar
MLP,RDKit+QM,plum,0.8448116971759777,,,,,,,results/benchmark_metrics/model_summary_json/MLP__RDKit_QM__summary.json,mean_only_scalar
MLP,RDKit+QM,popcorn,0.9713848533454408,,,,,,,results/benchmark_metrics/model_summary_json/MLP__RDKit_QM__summary.json,mean_only_scalar
MLP,RDKit+QM,potato,0.9603552828842297,,,,,,,results/benchmark_metrics/model_summary_json/MLP__RDKit_QM__summary.json,mean_only_scalar
MLP,RDKit+QM,pungent,0.8700394058320476,,,,,,,results/benchmark_metrics/model_summary_json/MLP__RDKit_QM__summary.json,mean_only_scalar
MLP,RDKit+QM,radish,0.9598150075953239,,,,,,,results/benchmark_metrics/model_summary_json/MLP__RDKit_QM__summary.json,mean_only_scalar
MLP,RDKit+QM,ripe,0.8568104350789796,,,,,,,results/benchmark_metrics/model_summary_json/MLP__RDKit_QM__summary.json,mean_only_scalar
MLP,RDKit+QM,roasted,0.9487609944410458,,,,,,,results/benchmark_metrics/model_summary_json/MLP__RDKit_QM__summary.json,mean_only_scalar
MLP,RDKit+QM,rose,0.8939896999552177,,,,,,,results/benchmark_metrics/model_summary_json/MLP__RDKit_QM__summary.json,mean_only_scalar
MLP,RDKit+QM,rum,0.8870615600105506,,,,,,,results/benchmark_metrics/model_summary_json/MLP__RDKit_QM__summary.json,mean_only_scalar
MLP,RDKit+QM,savory,0.9252141882893523,,,,,,,results/benchmark_metrics/model_summary_json/MLP__RDKit_QM__summary.json,mean_only_scalar
MLP,RDKit+QM,sharp,0.8570246191965921,,,,,,,results/benchmark_metrics/model_summary_json/MLP__RDKit_QM__summary.json,mean_only_scalar
MLP,RDKit+QM,smoky,0.9614264836987528,,,,,,,results/benchmark_metrics/model_summary_json/MLP__RDKit_QM__summary.json,mean_only_scalar
MLP,RDKit+QM,solvent,0.9639713167575472,,,,,,,results/benchmark_metrics/model_summary_json/MLP__RDKit_QM__summary.json,mean_only_scalar
MLP,RDKit+QM,sour,0.8924019837733616,,,,,,,results/benchmark_metrics/model_summary_json/MLP__RDKit_QM__summary.json,mean_only_scalar
MLP,RDKit+QM,spicy,0.844143355896555,,,,,,,results/benchmark_metrics/model_summary_json/MLP__RDKit_QM__summary.json,mean_only_scalar
MLP,RDKit+QM,strawberry,0.8363307256358776,,,,,,,results/benchmark_metrics/model_summary_json/MLP__RDKit_QM__summary.json,mean_only_scalar
MLP,RDKit+QM,sulfurous,0.9688643274038162,,,,,,,results/benchmark_metrics/model_summary_json/MLP__RDKit_QM__summary.json,mean_only_scalar
MLP,RDKit+QM,sweet,0.7286103656220593,,,,,,,results/benchmark_metrics/model_summary_json/MLP__RDKit_QM__summary.json,mean_only_scalar
MLP,RDKit+QM,tea,0.687389280012874,,,,,,,results/benchmark_metrics/model_summary_json/MLP__RDKit_QM__summary.json,mean_only_scalar
MLP,RDKit+QM,tobacco,0.8847362750158357,,,,,,,results/benchmark_metrics/model_summary_json/MLP__RDKit_QM__summary.json,mean_only_scalar
MLP,RDKit+QM,tomato,0.8975632697343867,,,,,,,results/benchmark_metrics/model_summary_json/MLP__RDKit_QM__summary.json,mean_only_scalar
MLP,RDKit+QM,tropical,0.8786967323452245,,,,,,,results/benchmark_metrics/model_summary_json/MLP__RDKit_QM__summary.json,mean_only_scalar
MLP,RDKit+QM,vanilla,0.9481389752914124,,,,,,,results/benchmark_metrics/model_summary_json/MLP__RDKit_QM__summary.json,mean_only_scalar
MLP,RDKit+QM,vegetable,0.9052832406626921,,,,,,,results/benchmark_metrics/model_summary_json/MLP__RDKit_QM__summary.json,mean_only_scalar
MLP,RDKit+QM,violet,0.9323302053818207,,,,,,,results/benchmark_metrics/model_summary_json/MLP__RDKit_QM__summary.json,mean_only_scalar
MLP,RDKit+QM,warm,0.7066234338585509,,,,,,,results/benchmark_metrics/model_summary_json/MLP__RDKit_QM__summary.json,mean_only_scalar
MLP,RDKit+QM,waxy,0.9152742616672201,,,,,,,results/benchmark_metrics/model_summary_json/MLP__RDKit_QM__summary.json,mean_only_scalar
MLP,RDKit+QM,winey,0.8597211513008078,,,,,,,results/benchmark_metrics/model_summary_json/MLP__RDKit_QM__summary.json,mean_only_scalar
MLP,RDKit+QM,woody,0.8635352993259767,,,,,,,results/benchmark_metrics/model_summary_json/MLP__RDKit_QM__summary.json,mean_only_scalar
RF,ECFP4,alcoholic,0.9649678531115755,0.006922016418274072,,,,,,results/benchmark_metrics/model_summary_json/RF__ECFP4__summary.json,mean_std_dict
RF,ECFP4,aldehydic,0.8015769821455306,0.07198329476541519,,,,,,results/benchmark_metrics/model_summary_json/RF__ECFP4__summary.json,mean_std_dict
RF,ECFP4,alliaceous,0.9416511712709316,0.004919435226665614,,,,,,results/benchmark_metrics/model_summary_json/RF__ECFP4__summary.json,mean_std_dict
RF,ECFP4,almond,0.9121763339245279,0.02155711785545969,,,,,,results/benchmark_metrics/model_summary_json/RF__ECFP4__summary.json,mean_std_dict
RF,ECFP4,animal,0.8531151725732222,0.037241268067255605,,,,,,results/benchmark_metrics/model_summary_json/RF__ECFP4__summary.json,mean_std_dict
RF,ECFP4,anisic,0.9245694564314029,0.03474275587792739,,,,,,results/benchmark_metrics/model_summary_json/RF__ECFP4__summary.json,mean_std_dict
RF,ECFP4,apple,0.8668994515366952,0.01816745652275667,,,,,,results/benchmark_metrics/model_summary_json/RF__ECFP4__summary.json,mean_std_dict
RF,ECFP4,apricot,0.8228403818876086,0.052019269315375684,,,,,,results/benchmark_metrics/model_summary_json/RF__ECFP4__summary.json,mean_std_dict
RF,ECFP4,aromatic,0.8506607326707293,0.029651244467535854,,,,,,results/benchmark_metrics/model_summary_json/RF__ECFP4__summary.json,mean_std_dict
RF,ECFP4,balsamic,0.9148951936074597,0.014205997181091268,,,,,,results/benchmark_metrics/model_summary_json/RF__ECFP4__summary.json,mean_std_dict
RF,ECFP4,banana,0.8737749128744159,0.027331784750060786,,,,,,results/benchmark_metrics/model_summary_json/RF__ECFP4__summary.json,mean_std_dict
RF,ECFP4,beefy,0.8992063286417367,0.05988128428611543,,,,,,results/benchmark_metrics/model_summary_json/RF__ECFP4__summary.json,mean_std_dict
RF,ECFP4,berry,0.7728686688897806,0.026603446901438482,,,,,,results/benchmark_metrics/model_summary_json/RF__ECFP4__summary.json,mean_std_dict
RF,ECFP4,black currant,0.9390868173085846,0.05909660504997904,,,,,,results/benchmark_metrics/model_summary_json/RF__ECFP4__summary.json,mean_std_dict
RF,ECFP4,brandy,0.902875364460287,0.0291146894122467,,,,,,results/benchmark_metrics/model_summary_json/RF__ECFP4__summary.json,mean_std_dict
RF,ECFP4,bread,0.844013295599234,0.05687352828530111,,,,,,results/benchmark_metrics/model_summary_json/RF__ECFP4__summary.json,mean_std_dict
RF,ECFP4,brothy,0.9151556411490323,0.07073388892645834,,,,,,results/benchmark_metrics/model_summary_json/RF__ECFP4__summary.json,mean_std_dict
RF,ECFP4,burnt,0.8348243824726891,0.023314689626442793,,,,,,results/benchmark_metrics/model_summary_json/RF__ECFP4__summary.json,mean_std_dict
RF,ECFP4,buttery,0.8226662478071894,0.023222264225212237,,,,,,results/benchmark_metrics/model_summary_json/RF__ECFP4__summary.json,mean_std_dict
RF,ECFP4,cabbage,0.9436999523986692,0.011871415573934518,,,,,,results/benchmark_metrics/model_summary_json/RF__ECFP4__summary.json,mean_std_dict
RF,ECFP4,camphoreous,0.935705720030451,0.01425804659492824,,,,,,results/benchmark_metrics/model_summary_json/RF__ECFP4__summary.json,mean_std_dict
RF,ECFP4,caramellic,0.8621712182033956,0.017700702007248825,,,,,,results/benchmark_metrics/model_summary_json/RF__ECFP4__summary.json,mean_std_dict
RF,ECFP4,catty,0.9405156342971139,0.04931734264686516,,,,,,results/benchmark_metrics/model_summary_json/RF__ECFP4__summary.json,mean_std_dict
RF,ECFP4,chamomile,0.9560447029409127,0.010075878870683766,,,,,,results/benchmark_metrics/model_summary_json/RF__ECFP4__summary.json,mean_std_dict
RF,ECFP4,cheesy,0.9030429690908743,0.01550076151357254,,,,,,results/benchmark_metrics/model_summary_json/RF__ECFP4__summary.json,mean_std_dict
RF,ECFP4,cherry,0.9104220432528051,0.02748688328790513,,,,,,results/benchmark_metrics/model_summary_json/RF__ECFP4__summary.json,mean_std_dict
RF,ECFP4,chicken,0.8721712017087405,0.04268120036480156,,,,,,results/benchmark_metrics/model_summary_json/RF__ECFP4__summary.json,mean_std_dict
RF,ECFP4,chocolate,0.8544469281375873,0.08983801374390427,,,,,,results/benchmark_metrics/model_summary_json/RF__ECFP4__summary.json,mean_std_dict
RF,ECFP4,cinnamon,0.8930946922455597,0.02479613749530979,,,,,,results/benchmark_metrics/model_summary_json/RF__ECFP4__summary.json,mean_std_dict
RF,ECFP4,citrus,0.8599685748456827,0.030587645903611644,,,,,,results/benchmark_metrics/model_summary_json/RF__ECFP4__summary.json,mean_std_dict
RF,ECFP4,cocoa,0.8666202569731976,0.024310929228489906,,,,,,results/benchmark_metrics/model_summary_json/RF__ECFP4__summary.json,mean_std_dict
RF,ECFP4,coconut,0.8878815062701311,0.03229803166126856,,,,,,results/benchmark_metrics/model_summary_json/RF__ECFP4__summary.json,mean_std_dict
RF,ECFP4,coffee,0.941053271163424,0.00972681331420868,,,,,,results/benchmark_metrics/model_summary_json/RF__ECFP4__summary.json,mean_std_dict
RF,ECFP4,cognac,0.936926121326254,0.0202852419050299,,,,,,results/benchmark_metrics/model_summary_json/RF__ECFP4__summary.json,mean_std_dict
RF,ECFP4,coumarinic,0.9452525009987731,0.033688847552601174,,,,,,results/benchmark_metrics/model_summary_json/RF__ECFP4__summary.json,mean_std_dict
RF,ECFP4,creamy,0.733320358707401,0.019255300879130504,,,,,,results/benchmark_metrics/model_summary_json/RF__ECFP4__summary.json,mean_std_dict
RF,ECFP4,cucumber,0.9449121504621856,0.038010863224450284,,,,,,results/benchmark_metrics/model_summary_json/RF__ECFP4__summary.json,mean_std_dict
RF,ECFP4,dairy,0.8419110645627617,0.04074613753909032,,,,,,results/benchmark_metrics/model_summary_json/RF__ECFP4__summary.json,mean_std_dict
RF,ECFP4,dry,0.7785950305953862,0.0897542616542266,,,,,,results/benchmark_metrics/model_summary_json/RF__ECFP4__summary.json,mean_std_dict
RF,ECFP4,earthy,0.7159542742796507,0.02381876239998359,,,,,,results/benchmark_metrics/model_summary_json/RF__ECFP4__summary.json,mean_std_dict
RF,ECFP4,ethereal,0.903917315335223,0.020043351347487182,,,,,,results/benchmark_metrics/model_summary_json/RF__ECFP4__summary.json,mean_std_dict
RF,ECFP4,fatty,0.8938646811250491,0.017612788138153923,,,,,,results/benchmark_metrics/model_summary_json/RF__ECFP4__summary.json,mean_std_dict
RF,ECFP4,fermented,0.8710872889779614,0.02117629314988657,,,,,,results/benchmark_metrics/model_summary_json/RF__ECFP4__summary.json,mean_std_dict
RF,ECFP4,fishy,0.8897031631178063,0.018409568500092392,,,,,,results/benchmark_metrics/model_summary_json/RF__ECFP4__summary.json,mean_std_dict
RF,ECFP4,floral,0.8111069223143815,0.017669660068125655,,,,,,results/benchmark_metrics/model_summary_json/RF__ECFP4__summary.json,mean_std_dict
RF,ECFP4,fresh,0.7387065055483539,0.03982338184550448,,,,,,results/benchmark_metrics/model_summary_json/RF__ECFP4__summary.json,mean_std_dict
RF,ECFP4,fruity,0.8379648319371655,0.013957292634042936,,,,,,results/benchmark_metrics/model_summary_json/RF__ECFP4__summary.json,mean_std_dict
RF,ECFP4,garlic,0.9731431547403057,0.006409120495439777,,,,,,results/benchmark_metrics/model_summary_json/RF__ECFP4__summary.json,mean_std_dict
RF,ECFP4,gasoline,0.8641255657624309,0.016880390703845404,,,,,,results/benchmark_metrics/model_summary_json/RF__ECFP4__summary.json,mean_std_dict
RF,ECFP4,grape,0.8994843794566372,0.03398379890869483,,,,,,results/benchmark_metrics/model_summary_json/RF__ECFP4__summary.json,mean_std_dict
RF,ECFP4,grapefruit,0.8407086441710451,0.03537148599115334,,,,,,results/benchmark_metrics/model_summary_json/RF__ECFP4__summary.json,mean_std_dict
RF,ECFP4,grassy,0.8854625375645824,0.03618207703094123,,,,,,results/benchmark_metrics/model_summary_json/RF__ECFP4__summary.json,mean_std_dict
RF,ECFP4,green,0.7564816633027285,0.011351827482386664,,,,,,results/benchmark_metrics/model_summary_json/RF__ECFP4__summary.json,mean_std_dict
RF,ECFP4,hay,0.8243033275640123,0.030306132647657153,,,,,,results/benchmark_metrics/model_summary_json/RF__ECFP4__summary.json,mean_std_dict
RF,ECFP4,hazelnut,0.8795631542046316,0.045978534599440804,,,,,,results/benchmark_metrics/model_summary_json/RF__ECFP4__summary.json,mean_std_dict
RF,ECFP4,herbal,0.6978986349682961,0.03629185873640815,,,,,,results/benchmark_metrics/model_summary_json/RF__ECFP4__summary.json,mean_std_dict
RF,ECFP4,honey,0.906744901076641,0.025842081571699295,,,,,,results/benchmark_metrics/model_summary_json/RF__ECFP4__summary.json,mean_std_dict
RF,ECFP4,horseradish,0.9553223202052397,0.03925431044018508,,,,,,results/benchmark_metrics/model_summary_json/RF__ECFP4__summary.json,mean_std_dict
RF,ECFP4,jasmine,0.9057986499731709,0.014514587705301625,,,,,,results/benchmark_metrics/model_summary_json/RF__ECFP4__summary.json,mean_std_dict
RF,ECFP4,ketonic,0.9643996895488602,0.010804402899382996,,,,,,results/benchmark_metrics/model_summary_json/RF__ECFP4__summary.json,mean_std_dict
RF,ECFP4,leafy,0.7842598739691816,0.06054223729625811,,,,,,results/benchmark_metrics/model_summary_json/RF__ECFP4__summary.json,mean_std_dict
RF,ECFP4,leathery,0.8825294051894289,0.06555887289659973,,,,,,results/benchmark_metrics/model_summary_json/RF__ECFP4__summary.json,mean_std_dict
RF,ECFP4,lemon,0.8818507313903252,0.053216034067855404,,,,,,results/benchmark_metrics/model_summary_json/RF__ECFP4__summary.json,mean_std_dict
RF,ECFP4,malty,0.9498550431035166,0.0354723018126438,,,,,,results/benchmark_metrics/model_summary_json/RF__ECFP4__summary.json,mean_std_dict
RF,ECFP4,meaty,0.9218397224926675,0.014910280427678908,,,,,,results/benchmark_metrics/model_summary_json/RF__ECFP4__summary.json,mean_std_dict
RF,ECFP4,medicinal,0.9529062583824593,0.013326949540383921,,,,,,results/benchmark_metrics/model_summary_json/RF__ECFP4__summary.json,mean_std_dict
RF,ECFP4,melon,0.8416243740656892,0.03157918020392027,,,,,,results/benchmark_metrics/model_summary_json/RF__ECFP4__summary.json,mean_std_dict
RF,ECFP4,metallic,0.6858659785754666,0.06102544995456678,,,,,,results/benchmark_metrics/model_summary_json/RF__ECFP4__summary.json,mean_std_dict
RF,ECFP4,milky,0.7443567980264023,0.07378553087643093,,,,,,results/benchmark_metrics/model_summary_json/RF__ECFP4__summary.json,mean_std_dict
RF,ECFP4,mint,0.915929240506738,0.016178728341243103,,,,,,results/benchmark_metrics/model_summary_json/RF__ECFP4__summary.json,mean_std_dict
RF,ECFP4,mushroom,0.794869982693789,0.07513668385949948,,,,,,results/benchmark_metrics/model_summary_json/RF__ECFP4__summary.json,mean_std_dict
RF,ECFP4,musk,0.8323418240120344,0.08936880042469231,,,,,,results/benchmark_metrics/model_summary_json/RF__ECFP4__summary.json,mean_std_dict
RF,ECFP4,musty,0.7555806595897672,0.031423237156004445,,,,,,results/benchmark_metrics/model_summary_json/RF__ECFP4__summary.json,mean_std_dict
RF,ECFP4,nutty,0.8246246066371864,0.03811975383050665,,,,,,results/benchmark_metrics/model_summary_json/RF__ECFP4__summary.json,mean_std_dict
RF,ECFP4,oily,0.8469922843053196,0.020903904352011865,,,,,,results/benchmark_metrics/model_summary_json/RF__ECFP4__summary.json,mean_std_dict
RF,ECFP4,onion,0.9661462410864281,0.009990289277068649,,,,,,results/benchmark_metrics/model_summary_json/RF__ECFP4__summary.json,mean_std_dict
RF,ECFP4,orange,0.8341089885558668,0.06181470680994253,,,,,,results/benchmark_metrics/model_summary_json/RF__ECFP4__summary.json,mean_std_dict
RF,ECFP4,orris,0.8276404847632788,0.06075630171879702,,,,,,results/benchmark_metrics/model_summary_json/RF__ECFP4__summary.json,mean_std_dict
RF,ECFP4,peach,0.8519295260030131,0.06443900086311667,,,,,,results/benchmark_metrics/model_summary_json/RF__ECFP4__summary.json,mean_std_dict
RF,ECFP4,pear,0.9101965587194547,0.03103819603328264,,,,,,results/benchmark_metrics/model_summary_json/RF__ECFP4__summary.json,mean_std_dict
RF,ECFP4,phenolic,0.9634454911774439,0.011688999297097567,,,,,,results/benchmark_metrics/model_summary_json/RF__ECFP4__summary.json,mean_std_dict
RF,ECFP4,pine,0.8916189243176277,0.04558500662173166,,,,,,results/benchmark_metrics/model_summary_json/RF__ECFP4__summary.json,mean_std_dict
RF,ECFP4,pineapple,0.900632198101382,0.00683291589237232,,,,,,results/benchmark_metrics/model_summary_json/RF__ECFP4__summary.json,mean_std_dict
RF,ECFP4,plum,0.8667476770193702,0.03323740461159498,,,,,,results/benchmark_metrics/model_summary_json/RF__ECFP4__summary.json,mean_std_dict
RF,ECFP4,popcorn,0.9752925781952448,0.01886743935680427,,,,,,results/benchmark_metrics/model_summary_json/RF__ECFP4__summary.json,mean_std_dict
RF,ECFP4,potato,0.9431909642867344,0.03211311348214172,,,,,,results/benchmark_metrics/model_summary_json/RF__ECFP4__summary.json,mean_std_dict
RF,ECFP4,pungent,0.8237683589888345,0.02264980942636241,,,,,,results/benchmark_metrics/model_summary_json/RF__ECFP4__summary.json,mean_std_dict
RF,ECFP4,radish,0.8708566476756687,0.09209640505709984,,,,,,results/benchmark_metrics/model_summary_json/RF__ECFP4__summary.json,mean_std_dict
RF,ECFP4,ripe,0.8489412051787444,0.05770487543248992,,,,,,results/benchmark_metrics/model_summary_json/RF__ECFP4__summary.json,mean_std_dict
RF,ECFP4,roasted,0.8973037570844344,0.005916026783752943,,,,,,results/benchmark_metrics/model_summary_json/RF__ECFP4__summary.json,mean_std_dict
RF,ECFP4,rose,0.8584457361927175,0.03146927695032315,,,,,,results/benchmark_metrics/model_summary_json/RF__ECFP4__summary.json,mean_std_dict
RF,ECFP4,rum,0.8281990869053969,0.04418823909685524,,,,,,results/benchmark_metrics/model_summary_json/RF__ECFP4__summary.json,mean_std_dict
RF,ECFP4,savory,0.9381496727937145,0.0234079801366739,,,,,,results/benchmark_metrics/model_summary_json/RF__ECFP4__summary.json,mean_std_dict
RF,ECFP4,sharp,0.707635462660846,0.043193775839215756,,,,,,results/benchmark_metrics/model_summary_json/RF__ECFP4__summary.json,mean_std_dict
RF,ECFP4,smoky,0.9546819127756916,0.00791993121504886,,,,,,results/benchmark_metrics/model_summary_json/RF__ECFP4__summary.json,mean_std_dict
RF,ECFP4,solvent,0.8824976133066433,0.046514578878295826,,,,,,results/benchmark_metrics/model_summary_json/RF__ECFP4__summary.json,mean_std_dict
RF,ECFP4,sour,0.8354382551950934,0.05924049409798621,,,,,,results/benchmark_metrics/model_summary_json/RF__ECFP4__summary.json,mean_std_dict
RF,ECFP4,spicy,0.842575602418413,0.010829989123366251,,,,,,results/benchmark_metrics/model_summary_json/RF__ECFP4__summary.json,mean_std_dict
RF,ECFP4,strawberry,0.8083244362542812,0.036291219927026185,,,,,,results/benchmark_metrics/model_summary_json/RF__ECFP4__summary.json,mean_std_dict
RF,ECFP4,sulfurous,0.9532136754671192,0.00867609425668168,,,,,,results/benchmark_metrics/model_summary_json/RF__ECFP4__summary.json,mean_std_dict
RF,ECFP4,sweet,0.7291956463505325,0.0157635631423744,,,,,,results/benchmark_metrics/model_summary_json/RF__ECFP4__summary.json,mean_std_dict
RF,ECFP4,tea,0.669646813711372,0.032375402639787124,,,,,,results/benchmark_metrics/model_summary_json/RF__ECFP4__summary.json,mean_std_dict
RF,ECFP4,tobacco,0.8832818184995526,0.02451809398549084,,,,,,results/benchmark_metrics/model_summary_json/RF__ECFP4__summary.json,mean_std_dict
RF,ECFP4,tomato,0.8921240380610472,0.05568325025131129,,,,,,results/benchmark_metrics/model_summary_json/RF__ECFP4__summary.json,mean_std_dict
RF,ECFP4,tropical,0.8132820256653478,0.01514434717030604,,,,,,results/benchmark_metrics/model_summary_json/RF__ECFP4__summary.json,mean_std_dict
RF,ECFP4,vanilla,0.944528803203486,0.013344177903925244,,,,,,results/benchmark_metrics/model_summary_json/RF__ECFP4__summary.json,mean_std_dict
RF,ECFP4,vegetable,0.847306024058365,0.024125669961060005,,,,,,results/benchmark_metrics/model_summary_json/RF__ECFP4__summary.json,mean_std_dict
RF,ECFP4,violet,0.8597678334615978,0.13286602755482435,,,,,,results/benchmark_metrics/model_summary_json/RF__ECFP4__summary.json,mean_std_dict
RF,ECFP4,warm,0.7320399981972432,0.08140046291792258,,,,,,results/benchmark_metrics/model_summary_json/RF__ECFP4__summary.json,mean_std_dict
RF,ECFP4,waxy,0.8855310561082537,0.00835292232508416,,,,,,results/benchmark_metrics/model_summary_json/RF__ECFP4__summary.json,mean_std_dict
RF,ECFP4,winey,0.852817894576021,0.01164859760277953,,,,,,results/benchmark_metrics/model_summary_json/RF__ECFP4__summary.json,mean_std_dict
RF,ECFP4,woody,0.8295379314189708,0.01729012097086784,,,,,,results/benchmark_metrics/model_summary_json/RF__ECFP4__summary.json,mean_std_dict
RF,QM,alcoholic,0.9750245311785676,0.004764100958349075,,,,,,results/benchmark_metrics/model_summary_json/RF__QM__summary.json,mean_std_dict
RF,QM,aldehydic,0.6659397063905843,0.06907243750764622,,,,,,results/benchmark_metrics/model_summary_json/RF__QM__summary.json,mean_std_dict
RF,QM,alliaceous,0.9348906071733614,0.020257597168459457,,,,,,results/benchmark_metrics/model_summary_json/RF__QM__summary.json,mean_std_dict
RF,QM,almond,0.928175059375409,0.030652187031456366,,,,,,results/benchmark_metrics/model_summary_json/RF__QM__summary.json,mean_std_dict
RF,QM,animal,0.8197073234130595,0.06422985335505169,,,,,,results/benchmark_metrics/model_summary_json/RF__QM__summary.json,mean_std_dict
RF,QM,anisic,0.8989841434835268,0.036689578049630196,,,,,,results/benchmark_metrics/model_summary_json/RF__QM__summary.json,mean_std_dict
RF,QM,apple,0.8763990712135754,0.01558844536566971,,,,,,results/benchmark_metrics/model_summary_json/RF__QM__summary.json,mean_std_dict
RF,QM,apricot,0.8276324669875026,0.034776326494183996,,,,,,results/benchmark_metrics/model_summary_json/RF__QM__summary.json,mean_std_dict
RF,QM,aromatic,0.8493043255022494,0.01873888489785033,,,,,,results/benchmark_metrics/model_summary_json/RF__QM__summary.json,mean_std_dict
RF,QM,balsamic,0.9273204082123414,0.012804325527899325,,,,,,results/benchmark_metrics/model_summary_json/RF__QM__summary.json,mean_std_dict
RF,QM,banana,0.9206786353872491,0.027274775606688204,,,,,,results/benchmark_metrics/model_summary_json/RF__QM__summary.json,mean_std_dict
RF,QM,beefy,0.9054388923994992,0.044818106688639586,,,,,,results/benchmark_metrics/model_summary_json/RF__QM__summary.json,mean_std_dict
RF,QM,berry,0.6856634441709886,0.04653047798863047,,,,,,results/benchmark_metrics/model_summary_json/RF__QM__summary.json,mean_std_dict
RF,QM,black currant,0.9632426092364202,0.01041155131945229,,,,,,results/benchmark_metrics/model_summary_json/RF__QM__summary.json,mean_std_dict
RF,QM,brandy,0.8714296126720565,0.04553546261709031,,,,,,results/benchmark_metrics/model_summary_json/RF__QM__summary.json,mean_std_dict
RF,QM,bread,0.9059472169489485,0.050852938156487476,,,,,,results/benchmark_metrics/model_summary_json/RF__QM__summary.json,mean_std_dict
RF,QM,brothy,0.8892634982954142,0.03970425041970248,,,,,,results/benchmark_metrics/model_summary_json/RF__QM__summary.json,mean_std_dict
RF,QM,burnt,0.8639121138454262,0.02410277642512421,,,,,,results/benchmark_metrics/model_summary_json/RF__QM__summary.json,mean_std_dict
RF,QM,buttery,0.8372296174222585,0.015273030382175444,,,,,,results/benchmark_metrics/model_summary_json/RF__QM__summary.json,mean_std_dict
RF,QM,cabbage,0.8552500117393034,0.05466457903781542,,,,,,results/benchmark_metrics/model_summary_json/RF__QM__summary.json,mean_std_dict
RF,QM,camphoreous,0.9065043112451725,0.03299346435185621,,,,,,results/benchmark_metrics/model_summary_json/RF__QM__summary.json,mean_std_dict
RF,QM,caramellic,0.8752836640185041,0.0071776820406092845,,,,,,results/benchmark_metrics/model_summary_json/RF__QM__summary.json,mean_std_dict
RF,QM,catty,0.8931904469159772,0.045287144343562825,,,,,,results/benchmark_metrics/model_summary_json/RF__QM__summary.json,mean_std_dict
RF,QM,chamomile,0.9162509589015411,0.029748612216784428,,,,,,results/benchmark_metrics/model_summary_json/RF__QM__summary.json,mean_std_dict
RF,QM,cheesy,0.8972871246583642,0.014024616614960624,,,,,,results/benchmark_metrics/model_summary_json/RF__QM__summary.json,mean_std_dict
RF,QM,cherry,0.8983491582281037,0.03415152884854561,,,,,,results/benchmark_metrics/model_summary_json/RF__QM__summary.json,mean_std_dict
RF,QM,chicken,0.8504129599634123,0.015520200462196525,,,,,,results/benchmark_metrics/model_summary_json/RF__QM__summary.json,mean_std_dict
RF,QM,chocolate,0.8361461399334489,0.1091185811929684,,,,,,results/benchmark_metrics/model_summary_json/RF__QM__summary.json,mean_std_dict
RF,QM,cinnamon,0.9181321364722667,0.021614170851366465,,,,,,results/benchmark_metrics/model_summary_json/RF__QM__summary.json,mean_std_dict
RF,QM,citrus,0.8508308707758758,0.014857697412016846,,,,,,results/benchmark_metrics/model_summary_json/RF__QM__summary.json,mean_std_dict
RF,QM,cocoa,0.8749264071511126,0.03034185308838223,,,,,,results/benchmark_metrics/model_summary_json/RF__QM__summary.json,mean_std_dict
RF,QM,coconut,0.8732315255307039,0.04155946409561454,,,,,,results/benchmark_metrics/model_summary_json/RF__QM__summary.json,mean_std_dict
RF,QM,coffee,0.9315290458733457,0.013642690114896475,,,,,,results/benchmark_metrics/model_summary_json/RF__QM__summary.json,mean_std_dict
RF,QM,cognac,0.9455856584741479,0.012134017792875774,,,,,,results/benchmark_metrics/model_summary_json/RF__QM__summary.json,mean_std_dict
RF,QM,coumarinic,0.9619417790101326,0.01310793264721747,,,,,,results/benchmark_metrics/model_summary_json/RF__QM__summary.json,mean_std_dict
RF,QM,creamy,0.7925059761143992,0.02138518943788372,,,,,,results/benchmark_metrics/model_summary_json/RF__QM__summary.json,mean_std_dict
RF,QM,cucumber,0.9512009568381494,0.010178859286624029,,,,,,results/benchmark_metrics/model_summary_json/RF__QM__summary.json,mean_std_dict
RF,QM,dairy,0.8233191212977413,0.04590276791596574,,,,,,results/benchmark_metrics/model_summary_json/RF__QM__summary.json,mean_std_dict
RF,QM,dry,0.7871046071567633,0.0956238756338435,,,,,,results/benchmark_metrics/model_summary_json/RF__QM__summary.json,mean_std_dict
RF,QM,earthy,0.7319913313625298,0.02727463272831075,,,,,,results/benchmark_metrics/model_summary_json/RF__QM__summary.json,mean_std_dict
RF,QM,ethereal,0.9431518072398146,0.020871793875507003,,,,,,results/benchmark_metrics/model_summary_json/RF__QM__summary.json,mean_std_dict
RF,QM,fatty,0.8709559093520525,0.014719242201990154,,,,,,results/benchmark_metrics/model_summary_json/RF__QM__summary.json,mean_std_dict
RF,QM,fermented,0.8900419092914744,0.016097863780967066,,,,,,results/benchmark_metrics/model_summary_json/RF__QM__summary.json,mean_std_dict
RF,QM,fishy,0.8543230140763951,0.06607421064560151,,,,,,results/benchmark_metrics/model_summary_json/RF__QM__summary.json,mean_std_dict
RF,QM,floral,0.8279286447078109,0.009611740354067812,,,,,,results/benchmark_metrics/model_summary_json/RF__QM__summary.json,mean_std_dict
RF,QM,fresh,0.7104202599533089,0.016570177589581386,,,,,,results/benchmark_metrics/model_summary_json/RF__QM__summary.json,mean_std_dict
RF,QM,fruity,0.8259367221999631,0.013786687775313344,,,,,,results/benchmark_metrics/model_summary_json/RF__QM__summary.json,mean_std_dict
RF,QM,garlic,0.9701015316237559,0.01143270917849962,,,,,,results/benchmark_metrics/model_summary_json/RF__QM__summary.json,mean_std_dict
RF,QM,gasoline,0.9304332064470255,0.03965051539124469,,,,,,results/benchmark_metrics/model_summary_json/RF__QM__summary.json,mean_std_dict
RF,QM,grape,0.8586023821438816,0.02979861844660878,,,,,,results/benchmark_metrics/model_summary_json/RF__QM__summary.json,mean_std_dict
RF,QM,grapefruit,0.832310878677708,0.06406807030483318,,,,,,results/benchmark_metrics/model_summary_json/RF__QM__summary.json,mean_std_dict
RF,QM,grassy,0.8681215536298567,0.04510102923800433,,,,,,results/benchmark_metrics/model_summary_json/RF__QM__summary.json,mean_std_dict
RF,QM,green,0.7637804530999789,0.009783952578173837,,,,,,results/benchmark_metrics/model_summary_json/RF__QM__summary.json,mean_std_dict
RF,QM,hay,0.7996588378592975,0.03171176037678312,,,,,,results/benchmark_metrics/model_summary_json/RF__QM__summary.json,mean_std_dict
RF,QM,hazelnut,0.9406194372327835,0.01624564007534011,,,,,,results/benchmark_metrics/model_summary_json/RF__QM__summary.json,mean_std_dict
RF,QM,herbal,0.7296773063263836,0.0073574846192045055,,,,,,results/benchmark_metrics/model_summary_json/RF__QM__summary.json,mean_std_dict
RF,QM,honey,0.879517587959827,0.027361581374879256,,,,,,results/benchmark_metrics/model_summary_json/RF__QM__summary.json,mean_std_dict
RF,QM,horseradish,0.9790348516879334,0.014593304466278802,,,,,,results/benchmark_metrics/model_summary_json/RF__QM__summary.json,mean_std_dict
RF,QM,jasmine,0.8683677946833338,0.030272690215794294,,,,,,results/benchmark_metrics/model_summary_json/RF__QM__summary.json,mean_std_dict
RF,QM,ketonic,0.9613588097997738,0.015440891768337356,,,,,,results/benchmark_metrics/model_summary_json/RF__QM__summary.json,mean_std_dict
RF,QM,leafy,0.7569343438261489,0.05936988674252983,,,,,,results/benchmark_metrics/model_summary_json/RF__QM__summary.json,mean_std_dict
RF,QM,leathery,0.8487840281940245,0.10336104316462047,,,,,,results/benchmark_metrics/model_summary_json/RF__QM__summary.json,mean_std_dict
RF,QM,lemon,0.8333794056500972,0.06988484058258264,,,,,,results/benchmark_metrics/model_summary_json/RF__QM__summary.json,mean_std_dict
RF,QM,malty,0.8553407663994402,0.13167178136409682,,,,,,results/benchmark_metrics/model_summary_json/RF__QM__summary.json,mean_std_dict
RF,QM,meaty,0.909026387468541,0.012613374586494915,,,,,,results/benchmark_metrics/model_summary_json/RF__QM__summary.json,mean_std_dict
RF,QM,medicinal,0.926172370746797,0.03607856890249,,,,,,results/benchmark_metrics/model_summary_json/RF__QM__summary.json,mean_std_dict
RF,QM,melon,0.8188402577630878,0.047257789147877066,,,,,,results/benchmark_metrics/model_summary_json/RF__QM__summary.json,mean_std_dict
RF,QM,metallic,0.7984031966702114,0.05553741745282018,,,,,,results/benchmark_metrics/model_summary_json/RF__QM__summary.json,mean_std_dict
RF,QM,milky,0.7379651468421844,0.08064172056855289,,,,,,results/benchmark_metrics/model_summary_json/RF__QM__summary.json,mean_std_dict
RF,QM,mint,0.8841580720007676,0.03111480612577088,,,,,,results/benchmark_metrics/model_summary_json/RF__QM__summary.json,mean_std_dict
RF,QM,mushroom,0.7957449817881356,0.05005622390096199,,,,,,results/benchmark_metrics/model_summary_json/RF__QM__summary.json,mean_std_dict
RF,QM,musk,0.878684004851429,0.042792764453754406,,,,,,results/benchmark_metrics/model_summary_json/RF__QM__summary.json,mean_std_dict
RF,QM,musty,0.7875209846970997,0.02470622155760501,,,,,,results/benchmark_metrics/model_summary_json/RF__QM__summary.json,mean_std_dict
RF,QM,nutty,0.8566976726862853,0.017463054429187982,,,,,,results/benchmark_metrics/model_summary_json/RF__QM__summary.json,mean_std_dict
RF,QM,oily,0.8564570649168408,0.02263992831228029,,,,,,results/benchmark_metrics/model_summary_json/RF__QM__summary.json,mean_std_dict
RF,QM,onion,0.9553283684803395,0.007734658424068649,,,,,,results/benchmark_metrics/model_summary_json/RF__QM__summary.json,mean_std_dict
RF,QM,orange,0.8869921312217212,0.016027813733202723,,,,,,results/benchmark_metrics/model_summary_json/RF__QM__summary.json,mean_std_dict
RF,QM,orris,0.781076659657465,0.06133428138021297,,,,,,results/benchmark_metrics/model_summary_json/RF__QM__summary.json,mean_std_dict
RF,QM,peach,0.8262584299569984,0.0565650612229973,,,,,,results/benchmark_metrics/model_summary_json/RF__QM__summary.json,mean_std_dict
RF,QM,pear,0.9080626242305934,0.01788666698456914,,,,,,results/benchmark_metrics/model_summary_json/RF__QM__summary.json,mean_std_dict
RF,QM,phenolic,0.9702258426015533,0.014088634200922856,,,,,,results/benchmark_metrics/model_summary_json/RF__QM__summary.json,mean_std_dict
RF,QM,pine,0.920815596371555,0.0515383689172235,,,,,,results/benchmark_metrics/model_summary_json/RF__QM__summary.json,mean_std_dict
RF,QM,pineapple,0.89285888741448,0.01352437877331829,,,,,,results/benchmark_metrics/model_summary_json/RF__QM__summary.json,mean_std_dict
RF,QM,plum,0.7710546781199928,0.032406163046960576,,,,,,results/benchmark_metrics/model_summary_json/RF__QM__summary.json,mean_std_dict
RF,QM,popcorn,0.9754233692172869,0.014479330195578389,,,,,,results/benchmark_metrics/model_summary_json/RF__QM__summary.json,mean_std_dict
RF,QM,potato,0.9623974631897877,0.0240951435705567,,,,,,results/benchmark_metrics/model_summary_json/RF__QM__summary.json,mean_std_dict
RF,QM,pungent,0.8554950010947943,0.029423673318831,,,,,,results/benchmark_metrics/model_summary_json/RF__QM__summary.json,mean_std_dict
RF,QM,radish,0.9103859250902925,0.045332705833527595,,,,,,results/benchmark_metrics/model_summary_json/RF__QM__summary.json,mean_std_dict
RF,QM,ripe,0.8491011379955321,0.051631855373864916,,,,,,results/benchmark_metrics/model_summary_json/RF__QM__summary.json,mean_std_dict
RF,QM,roasted,0.9153011721397881,0.006191360822650807,,,,,,results/benchmark_metrics/model_summary_json/RF__QM__summary.json,mean_std_dict
RF,QM,rose,0.8634941247634421,0.02044114044748313,,,,,,results/benchmark_metrics/model_summary_json/RF__QM__summary.json,mean_std_dict
RF,QM,rum,0.8488373729504547,0.048108728177647886,,,,,,results/benchmark_metrics/model_summary_json/RF__QM__summary.json,mean_std_dict
RF,QM,savory,0.9297651896370146,0.01770445748182603,,,,,,results/benchmark_metrics/model_summary_json/RF__QM__summary.json,mean_std_dict
RF,QM,sharp,0.8049799378366729,0.034878979851755185,,,,,,results/benchmark_metrics/model_summary_json/RF__QM__summary.json,mean_std_dict
RF,QM,smoky,0.9642402144684441,0.007515205909810624,,,,,,results/benchmark_metrics/model_summary_json/RF__QM__summary.json,mean_std_dict
RF,QM,solvent,0.9585787155891434,0.016931322978988146,,,,,,results/benchmark_metrics/model_summary_json/RF__QM__summary.json,mean_std_dict
RF,QM,sour,0.8417954704046519,0.06170076284028891,,,,,,results/benchmark_metrics/model_summary_json/RF__QM__summary.json,mean_std_dict
RF,QM,spicy,0.8355303038945563,0.01357599818537434,,,,,,results/benchmark_metrics/model_summary_json/RF__QM__summary.json,mean_std_dict
RF,QM,strawberry,0.8218179873266495,0.08005039957394125,,,,,,results/benchmark_metrics/model_summary_json/RF__QM__summary.json,mean_std_dict
RF,QM,sulfurous,0.9368857430143903,0.009005820117159235,,,,,,results/benchmark_metrics/model_summary_json/RF__QM__summary.json,mean_std_dict
RF,QM,sweet,0.7160566719227814,0.02446836924468041,,,,,,results/benchmark_metrics/model_summary_json/RF__QM__summary.json,mean_std_dict
RF,QM,tea,0.7496160394978525,0.038675375060767556,,,,,,results/benchmark_metrics/model_summary_json/RF__QM__summary.json,mean_std_dict
RF,QM,tobacco,0.8805552268252285,0.030352097897207827,,,,,,results/benchmark_metrics/model_summary_json/RF__QM__summary.json,mean_std_dict
RF,QM,tomato,0.9175319318729953,0.06309401504347625,,,,,,results/benchmark_metrics/model_summary_json/RF__QM__summary.json,mean_std_dict
RF,QM,tropical,0.8467651567823655,0.015136177790877562,,,,,,results/benchmark_metrics/model_summary_json/RF__QM__summary.json,mean_std_dict
RF,QM,vanilla,0.9589815312780094,0.008657851373808652,,,,,,results/benchmark_metrics/model_summary_json/RF__QM__summary.json,mean_std_dict
RF,QM,vegetable,0.8464165319033092,0.033389914646888195,,,,,,results/benchmark_metrics/model_summary_json/RF__QM__summary.json,mean_std_dict
RF,QM,violet,0.9301217933188056,0.051651155366253754,,,,,,results/benchmark_metrics/model_summary_json/RF__QM__summary.json,mean_std_dict
RF,QM,warm,0.7350644535237179,0.056109479460545564,,,,,,results/benchmark_metrics/model_summary_json/RF__QM__summary.json,mean_std_dict
RF,QM,waxy,0.8872106581604431,0.019179878442209915,,,,,,results/benchmark_metrics/model_summary_json/RF__QM__summary.json,mean_std_dict
RF,QM,winey,0.8444730480450351,0.020280679939515812,,,,,,results/benchmark_metrics/model_summary_json/RF__QM__summary.json,mean_std_dict
RF,QM,woody,0.8288956314844922,0.021414316843196207,,,,,,results/benchmark_metrics/model_summary_json/RF__QM__summary.json,mean_std_dict
RF,RDKit,alcoholic,0.9718595466943258,0.007891696916643624,,,,,,results/benchmark_metrics/model_summary_json/RF__RDKit__summary.json,mean_std_dict
RF,RDKit,aldehydic,0.7382492185701508,0.050340758432665694,,,,,,results/benchmark_metrics/model_summary_json/RF__RDKit__summary.json,mean_std_dict
RF,RDKit,alliaceous,0.9400559714467155,0.004064934303415796,,,,,,results/benchmark_metrics/model_summary_json/RF__RDKit__summary.json,mean_std_dict
RF,RDKit,almond,0.900869336078688,0.01048319569090241,,,,,,results/benchmark_metrics/model_summary_json/RF__RDKit__summary.json,mean_std_dict
RF,RDKit,animal,0.7939730549527884,0.04977791220387053,,,,,,results/benchmark_metrics/model_summary_json/RF__RDKit__summary.json,mean_std_dict
RF,RDKit,anisic,0.8821702159866085,0.02932781750008724,,,,,,results/benchmark_metrics/model_summary_json/RF__RDKit__summary.json,mean_std_dict
RF,RDKit,apple,0.8702526102704834,0.015327503270204492,,,,,,results/benchmark_metrics/model_summary_json/RF__RDKit__summary.json,mean_std_dict
RF,RDKit,apricot,0.8025962301276068,0.03763130688438578,,,,,,results/benchmark_metrics/model_summary_json/RF__RDKit__summary.json,mean_std_dict
RF,RDKit,aromatic,0.83798588002801,0.017695188152578152,,,,,,results/benchmark_metrics/model_summary_json/RF__RDKit__summary.json,mean_std_dict
RF,RDKit,balsamic,0.9230742261427256,0.0061191487595052005,,,,,,results/benchmark_metrics/model_summary_json/RF__RDKit__summary.json,mean_std_dict
RF,RDKit,banana,0.895918413292612,0.026486868847930393,,,,,,results/benchmark_metrics/model_summary_json/RF__RDKit__summary.json,mean_std_dict
RF,RDKit,beefy,0.9449479789485418,0.008876844795040013,,,,,,results/benchmark_metrics/model_summary_json/RF__RDKit__summary.json,mean_std_dict
RF,RDKit,berry,0.6838271485729358,0.05993485106829939,,,,,,results/benchmark_metrics/model_summary_json/RF__RDKit__summary.json,mean_std_dict
RF,RDKit,black currant,0.946179014333226,0.03531725136088512,,,,,,results/benchmark_metrics/model_summary_json/RF__RDKit__summary.json,mean_std_dict
RF,RDKit,brandy,0.8898577913391417,0.04167774439229661,,,,,,results/benchmark_metrics/model_summary_json/RF__RDKit__summary.json,mean_std_dict
RF,RDKit,bread,0.8822482343805073,0.053935616409217645,,,,,,results/benchmark_metrics/model_summary_json/RF__RDKit__summary.json,mean_std_dict
RF,RDKit,brothy,0.8866019960264386,0.039809237061671755,,,,,,results/benchmark_metrics/model_summary_json/RF__RDKit__summary.json,mean_std_dict
RF,RDKit,burnt,0.8495536554773594,0.025840852923363113,,,,,,results/benchmark_metrics/model_summary_json/RF__RDKit__summary.json,mean_std_dict
RF,RDKit,buttery,0.837833487814504,0.02323171766944593,,,,,,results/benchmark_metrics/model_summary_json/RF__RDKit__summary.json,mean_std_dict
RF,RDKit,cabbage,0.9072079908070817,0.03971217579911476,,,,,,results/benchmark_metrics/model_summary_json/RF__RDKit__summary.json,mean_std_dict
RF,RDKit,camphoreous,0.936416037294253,0.022646759724115794,,,,,,results/benchmark_metrics/model_summary_json/RF__RDKit__summary.json,mean_std_dict
RF,RDKit,caramellic,0.8672691082735875,0.007799630875514783,,,,,,results/benchmark_metrics/model_summary_json/RF__RDKit__summary.json,mean_std_dict
RF,RDKit,catty,0.8812954852172894,0.07149876788678214,,,,,,results/benchmark_metrics/model_summary_json/RF__RDKit__summary.json,mean_std_dict
RF,RDKit,chamomile,0.9235352001132069,0.01236295033814309,,,,,,results/benchmark_metrics/model_summary_json/RF__RDKit__summary.json,mean_std_dict
RF,RDKit,cheesy,0.8834053728696503,0.01118117150812158,,,,,,results/benchmark_metrics/model_summary_json/RF__RDKit__summary.json,mean_std_dict
RF,RDKit,cherry,0.8582274949561872,0.04066578964590541,,,,,,results/benchmark_metrics/model_summary_json/RF__RDKit__summary.json,mean_std_dict
RF,RDKit,chicken,0.8680769643154649,0.05167886277929394,,,,,,results/benchmark_metrics/model_summary_json/RF__RDKit__summary.json,mean_std_dict
RF,RDKit,chocolate,0.8224228794359553,0.10729573453314172,,,,,,results/benchmark_metrics/model_summary_json/RF__RDKit__summary.json,mean_std_dict
RF,RDKit,cinnamon,0.8753055338614791,0.03882385032613596,,,,,,results/benchmark_metrics/model_summary_json/RF__RDKit__summary.json,mean_std_dict
RF,RDKit,citrus,0.8503873328238599,0.01291540404371149,,,,,,results/benchmark_metrics/model_summary_json/RF__RDKit__summary.json,mean_std_dict
RF,RDKit,cocoa,0.8184061287985896,0.03472676748777735,,,,,,results/benchmark_metrics/model_summary_json/RF__RDKit__summary.json,mean_std_dict
RF,RDKit,coconut,0.8396358377790115,0.03073675774657073,,,,,,results/benchmark_metrics/model_summary_json/RF__RDKit__summary.json,mean_std_dict
RF,RDKit,coffee,0.9330470802512281,0.018386368026261375,,,,,,results/benchmark_metrics/model_summary_json/RF__RDKit__summary.json,mean_std_dict
RF,RDKit,cognac,0.9313188849739046,0.02152374625145862,,,,,,results/benchmark_metrics/model_summary_json/RF__RDKit__summary.json,mean_std_dict
RF,RDKit,coumarinic,0.9228502287644833,0.030679275644629682,,,,,,results/benchmark_metrics/model_summary_json/RF__RDKit__summary.json,mean_std_dict
RF,RDKit,creamy,0.7136494185268099,0.04196460698339133,,,,,,results/benchmark_metrics/model_summary_json/RF__RDKit__summary.json,mean_std_dict
RF,RDKit,cucumber,0.9578434141338272,0.017272075684418728,,,,,,results/benchmark_metrics/model_summary_json/RF__RDKit__summary.json,mean_std_dict
RF,RDKit,dairy,0.7892195042615718,0.05459667999975635,,,,,,results/benchmark_metrics/model_summary_json/RF__RDKit__summary.json,mean_std_dict
RF,RDKit,dry,0.8338031398153063,0.06321719824891421,,,,,,results/benchmark_metrics/model_summary_json/RF__RDKit__summary.json,mean_std_dict
RF,RDKit,earthy,0.7367795952202009,0.01531447365123263,,,,,,results/benchmark_metrics/model_summary_json/RF__RDKit__summary.json,mean_std_dict
RF,RDKit,ethereal,0.913604731165784,0.028132203497940995,,,,,,results/benchmark_metrics/model_summary_json/RF__RDKit__summary.json,mean_std_dict
RF,RDKit,fatty,0.8792029013394957,0.020906880792631782,,,,,,results/benchmark_metrics/model_summary_json/RF__RDKit__summary.json,mean_std_dict
RF,RDKit,fermented,0.8586169925752133,0.02849131646379289,,,,,,results/benchmark_metrics/model_summary_json/RF__RDKit__summary.json,mean_std_dict
RF,RDKit,fishy,0.8860853351545384,0.05509788294746,,,,,,results/benchmark_metrics/model_summary_json/RF__RDKit__summary.json,mean_std_dict
RF,RDKit,floral,0.8220663648209501,0.013065264841599734,,,,,,results/benchmark_metrics/model_summary_json/RF__RDKit__summary.json,mean_std_dict
RF,RDKit,fresh,0.703937141107628,0.02960091452010482,,,,,,results/benchmark_metrics/model_summary_json/RF__RDKit__summary.json,mean_std_dict
RF,RDKit,fruity,0.8181773921147769,0.0216346317200261,,,,,,results/benchmark_metrics/model_summary_json/RF__RDKit__summary.json,mean_std_dict
RF,RDKit,garlic,0.9677687351839698,0.016914077636515614,,,,,,results/benchmark_metrics/model_summary_json/RF__RDKit__summary.json,mean_std_dict
RF,RDKit,gasoline,0.9196802255452419,0.019715605163717818,,,,,,results/benchmark_metrics/model_summary_json/RF__RDKit__summary.json,mean_std_dict
RF,RDKit,grape,0.8336089782461629,0.04328840583924992,,,,,,results/benchmark_metrics/model_summary_json/RF__RDKit__summary.json,mean_std_dict
RF,RDKit,grapefruit,0.8795733267060228,0.039296370649447014,,,,,,results/benchmark_metrics/model_summary_json/RF__RDKit__summary.json,mean_std_dict
RF,RDKit,grassy,0.8761358986086295,0.054827656856388594,,,,,,results/benchmark_metrics/model_summary_json/RF__RDKit__summary.json,mean_std_dict
RF,RDKit,green,0.7468185593620972,0.010756917526547788,,,,,,results/benchmark_metrics/model_summary_json/RF__RDKit__summary.json,mean_std_dict
RF,RDKit,hay,0.7913526234935423,0.01959982410027617,,,,,,results/benchmark_metrics/model_summary_json/RF__RDKit__summary.json,mean_std_dict
RF,RDKit,hazelnut,0.910077748063123,0.024778457525952383,,,,,,results/benchmark_metrics/model_summary_json/RF__RDKit__summary.json,mean_std_dict
RF,RDKit,herbal,0.7112691092870028,0.020162592114910862,,,,,,results/benchmark_metrics/model_summary_json/RF__RDKit__summary.json,mean_std_dict
RF,RDKit,honey,0.8674852116417957,0.030402364660725868,,,,,,results/benchmark_metrics/model_summary_json/RF__RDKit__summary.json,mean_std_dict
RF,RDKit,horseradish,0.955089984395407,0.011904099154209022,,,,,,results/benchmark_metrics/model_summary_json/RF__RDKit__summary.json,mean_std_dict
RF,RDKit,jasmine,0.8426372288523156,0.025939507676508704,,,,,,results/benchmark_metrics/model_summary_json/RF__RDKit__summary.json,mean_std_dict
RF,RDKit,ketonic,0.9649413264143043,0.00803257610834953,,,,,,results/benchmark_metrics/model_summary_json/RF__RDKit__summary.json,mean_std_dict
RF,RDKit,leafy,0.696206631386497,0.07321638650652465,,,,,,results/benchmark_metrics/model_summary_json/RF__RDKit__summary.json,mean_std_dict
RF,RDKit,leathery,0.913125133987162,0.024137486890897272,,,,,,results/benchmark_metrics/model_summary_json/RF__RDKit__summary.json,mean_std_dict
RF,RDKit,lemon,0.8471777822073839,0.08537728986148001,,,,,,results/benchmark_metrics/model_summary_json/RF__RDKit__summary.json,mean_std_dict
RF,RDKit,malty,0.9495466144256225,0.020460977469950913,,,,,,results/benchmark_metrics/model_summary_json/RF__RDKit__summary.json,mean_std_dict
RF,RDKit,meaty,0.9259384003686961,0.013327166988980422,,,,,,results/benchmark_metrics/model_summary_json/RF__RDKit__summary.json,mean_std_dict
RF,RDKit,medicinal,0.9332187487609204,0.02079884367476886,,,,,,results/benchmark_metrics/model_summary_json/RF__RDKit__summary.json,mean_std_dict
RF,RDKit,melon,0.8208216149819926,0.04085694078895364,,,,,,results/benchmark_metrics/model_summary_json/RF__RDKit__summary.json,mean_std_dict
RF,RDKit,metallic,0.7527050372547587,0.0576810811870486,,,,,,results/benchmark_metrics/model_summary_json/RF__RDKit__summary.json,mean_std_dict
RF,RDKit,milky,0.7154573631733295,0.08106120436791128,,,,,,results/benchmark_metrics/model_summary_json/RF__RDKit__summary.json,mean_std_dict
RF,RDKit,mint,0.899100338336269,0.026514581237217567,,,,,,results/benchmark_metrics/model_summary_json/RF__RDKit__summary.json,mean_std_dict
RF,RDKit,mushroom,0.7670846614107346,0.07500494477166546,,,,,,results/benchmark_metrics/model_summary_json/RF__RDKit__summary.json,mean_std_dict
RF,RDKit,musk,0.9163660887999452,0.03196145469850079,,,,,,results/benchmark_metrics/model_summary_json/RF__RDKit__summary.json,mean_std_dict
RF,RDKit,musty,0.7579692187633333,0.031737353594276936,,,,,,results/benchmark_metrics/model_summary_json/RF__RDKit__summary.json,mean_std_dict
RF,RDKit,nutty,0.8374737581943703,0.01932247936337371,,,,,,results/benchmark_metrics/model_summary_json/RF__RDKit__summary.json,mean_std_dict
RF,RDKit,oily,0.856933676523649,0.023391299621311736,,,,,,results/benchmark_metrics/model_summary_json/RF__RDKit__summary.json,mean_std_dict
RF,RDKit,onion,0.9632136358013959,0.013240322335991575,,,,,,results/benchmark_metrics/model_summary_json/RF__RDKit__summary.json,mean_std_dict
RF,RDKit,orange,0.8581667668890629,0.04910880677439499,,,,,,results/benchmark_metrics/model_summary_json/RF__RDKit__summary.json,mean_std_dict
RF,RDKit,orris,0.7998201227027739,0.04474033315555997,,,,,,results/benchmark_metrics/model_summary_json/RF__RDKit__summary.json,mean_std_dict
RF,RDKit,peach,0.8519315249875001,0.03459721926219874,,,,,,results/benchmark_metrics/model_summary_json/RF__RDKit__summary.json,mean_std_dict
RF,RDKit,pear,0.8962120778858598,0.019577806333917744,,,,,,results/benchmark_metrics/model_summary_json/RF__RDKit__summary.json,mean_std_dict
RF,RDKit,phenolic,0.9597461793371412,0.011997772817738575,,,,,,results/benchmark_metrics/model_summary_json/RF__RDKit__summary.json,mean_std_dict
RF,RDKit,pine,0.9188876727065811,0.046783369835268714,,,,,,results/benchmark_metrics/model_summary_json/RF__RDKit__summary.json,mean_std_dict
RF,RDKit,pineapple,0.8966750408795676,0.00895196052126593,,,,,,results/benchmark_metrics/model_summary_json/RF__RDKit__summary.json,mean_std_dict
RF,RDKit,plum,0.8266962106320955,0.0346131526502427,,,,,,results/benchmark_metrics/model_summary_json/RF__RDKit__summary.json,mean_std_dict
RF,RDKit,popcorn,0.9726008201428347,0.013928570234521036,,,,,,results/benchmark_metrics/model_summary_json/RF__RDKit__summary.json,mean_std_dict
RF,RDKit,potato,0.9458434834885562,0.011066936575048508,,,,,,results/benchmark_metrics/model_summary_json/RF__RDKit__summary.json,mean_std_dict
RF,RDKit,pungent,0.8619547571201105,0.022154640136973217,,,,,,results/benchmark_metrics/model_summary_json/RF__RDKit__summary.json,mean_std_dict
RF,RDKit,radish,0.8705121029861342,0.05411303452232705,,,,,,results/benchmark_metrics/model_summary_json/RF__RDKit__summary.json,mean_std_dict
RF,RDKit,ripe,0.816192607642299,0.06696926878576816,,,,,,results/benchmark_metrics/model_summary_json/RF__RDKit__summary.json,mean_std_dict
RF,RDKit,roasted,0.9034945177823701,0.005251298068834606,,,,,,results/benchmark_metrics/model_summary_json/RF__RDKit__summary.json,mean_std_dict
RF,RDKit,rose,0.8335499333346522,0.02113471826146128,,,,,,results/benchmark_metrics/model_summary_json/RF__RDKit__summary.json,mean_std_dict
RF,RDKit,rum,0.859767248679342,0.04441190684525549,,,,,,results/benchmark_metrics/model_summary_json/RF__RDKit__summary.json,mean_std_dict
RF,RDKit,savory,0.9274655554411625,0.018002022895482434,,,,,,results/benchmark_metrics/model_summary_json/RF__RDKit__summary.json,mean_std_dict
RF,RDKit,sharp,0.8403244056048033,0.02702999248185675,,,,,,results/benchmark_metrics/model_summary_json/RF__RDKit__summary.json,mean_std_dict
RF,RDKit,smoky,0.9559188562451857,0.008388323171377299,,,,,,results/benchmark_metrics/model_summary_json/RF__RDKit__summary.json,mean_std_dict
RF,RDKit,solvent,0.9321884403878069,0.017057916046941977,,,,,,results/benchmark_metrics/model_summary_json/RF__RDKit__summary.json,mean_std_dict
RF,RDKit,sour,0.8459094255867402,0.06311856390130673,,,,,,results/benchmark_metrics/model_summary_json/RF__RDKit__summary.json,mean_std_dict
RF,RDKit,spicy,0.8113405733826266,0.005943696380473404,,,,,,results/benchmark_metrics/model_summary_json/RF__RDKit__summary.json,mean_std_dict
RF,RDKit,strawberry,0.7959678571515989,0.039731394305330944,,,,,,results/benchmark_metrics/model_summary_json/RF__RDKit__summary.json,mean_std_dict
RF,RDKit,sulfurous,0.9431832832046505,0.008621424928049772,,,,,,results/benchmark_metrics/model_summary_json/RF__RDKit__summary.json,mean_std_dict
RF,RDKit,sweet,0.7212648721916846,0.023412482188872846,,,,,,results/benchmark_metrics/model_summary_json/RF__RDKit__summary.json,mean_std_dict
RF,RDKit,tea,0.7522862387460967,0.038904962156335286,,,,,,results/benchmark_metrics/model_summary_json/RF__RDKit__summary.json,mean_std_dict
RF,RDKit,tobacco,0.8521575733868147,0.021198523994878364,,,,,,results/benchmark_metrics/model_summary_json/RF__RDKit__summary.json,mean_std_dict
RF,RDKit,tomato,0.9193722171410121,0.047565499129067046,,,,,,results/benchmark_metrics/model_summary_json/RF__RDKit__summary.json,mean_std_dict
RF,RDKit,tropical,0.8425769673576111,0.009959820589367233,,,,,,results/benchmark_metrics/model_summary_json/RF__RDKit__summary.json,mean_std_dict
RF,RDKit,vanilla,0.9432412868528866,0.011971934291125202,,,,,,results/benchmark_metrics/model_summary_json/RF__RDKit__summary.json,mean_std_dict
RF,RDKit,vegetable,0.8448297592274541,0.03656517811988472,,,,,,results/benchmark_metrics/model_summary_json/RF__RDKit__summary.json,mean_std_dict
RF,RDKit,violet,0.8673309730707558,0.048044011875811435,,,,,,results/benchmark_metrics/model_summary_json/RF__RDKit__summary.json,mean_std_dict
RF,RDKit,warm,0.7476608051582005,0.038504195209754975,,,,,,results/benchmark_metrics/model_summary_json/RF__RDKit__summary.json,mean_std_dict
RF,RDKit,waxy,0.8984340004156772,0.016892051641219475,,,,,,results/benchmark_metrics/model_summary_json/RF__RDKit__summary.json,mean_std_dict
RF,RDKit,winey,0.8412871696927858,0.013923409237289942,,,,,,results/benchmark_metrics/model_summary_json/RF__RDKit__summary.json,mean_std_dict
RF,RDKit,woody,0.8607475490033547,0.017704581959920414,,,,,,results/benchmark_metrics/model_summary_json/RF__RDKit__summary.json,mean_std_dict
RF,RDKit+QM,alcoholic,0.9831982498582645,0.0039742643711725735,,,,,,results/benchmark_metrics/model_summary_json/RF__RDKit_QM__summary.json,mean_std_dict
RF,RDKit+QM,aldehydic,0.7742878439688856,0.04776569190804352,,,,,,results/benchmark_metrics/model_summary_json/RF__RDKit_QM__summary.json,mean_std_dict
RF,RDKit+QM,alliaceous,0.9491675543721865,0.007812872681683923,,,,,,results/benchmark_metrics/model_summary_json/RF__RDKit_QM__summary.json,mean_std_dict
RF,RDKit+QM,almond,0.9426111386978251,0.016350319907526143,,,,,,results/benchmark_metrics/model_summary_json/RF__RDKit_QM__summary.json,mean_std_dict
RF,RDKit+QM,animal,0.8443801761221774,0.03909929669938681,,,,,,results/benchmark_metrics/model_summary_json/RF__RDKit_QM__summary.json,mean_std_dict
RF,RDKit+QM,anisic,0.9124620690012856,0.035914133170565396,,,,,,results/benchmark_metrics/model_summary_json/RF__RDKit_QM__summary.json,mean_std_dict
RF,RDKit+QM,apple,0.8982825785644074,0.01536776540282186,,,,,,results/benchmark_metrics/model_summary_json/RF__RDKit_QM__summary.json,mean_std_dict
RF,RDKit+QM,apricot,0.8492047763355701,0.035419307884192314,,,,,,results/benchmark_metrics/model_summary_json/RF__RDKit_QM__summary.json,mean_std_dict
RF,RDKit+QM,aromatic,0.8540901453634021,0.016746974937709783,,,,,,results/benchmark_metrics/model_summary_json/RF__RDKit_QM__summary.json,mean_std_dict
RF,RDKit+QM,balsamic,0.9328380567289598,0.009103037917370577,,,,,,results/benchmark_metrics/model_summary_json/RF__RDKit_QM__summary.json,mean_std_dict
RF,RDKit+QM,banana,0.9188304068916915,0.0215962328145939,,,,,,results/benchmark_metrics/model_summary_json/RF__RDKit_QM__summary.json,mean_std_dict
RF,RDKit+QM,beefy,0.9258032170027409,0.020900514890695335,,,,,,results/benchmark_metrics/model_summary_json/RF__RDKit_QM__summary.json,mean_std_dict
RF,RDKit+QM,berry,0.728461291284275,0.056028919070890595,,,,,,results/benchmark_metrics/model_summary_json/RF__RDKit_QM__summary.json,mean_std_dict
RF,RDKit+QM,black currant,0.9795639015969181,0.006420368958248441,,,,,,results/benchmark_metrics/model_summary_json/RF__RDKit_QM__summary.json,mean_std_dict
RF,RDKit+QM,brandy,0.9172761364890365,0.039557690970886634,,,,,,results/benchmark_metrics/model_summary_json/RF__RDKit_QM__summary.json,mean_std_dict
RF,RDKit+QM,bread,0.9007979775106897,0.05218808706531339,,,,,,results/benchmark_metrics/model_summary_json/RF__RDKit_QM__summary.json,mean_std_dict
RF,RDKit+QM,brothy,0.918678515105236,0.03065612371109913,,,,,,results/benchmark_metrics/model_summary_json/RF__RDKit_QM__summary.json,mean_std_dict
RF,RDKit+QM,burnt,0.8786048616190024,0.021538858730167074,,,,,,results/benchmark_metrics/model_summary_json/RF__RDKit_QM__summary.json,mean_std_dict
RF,RDKit+QM,buttery,0.8614854669031864,0.019483538043352656,,,,,,results/benchmark_metrics/model_summary_json/RF__RDKit_QM__summary.json,mean_std_dict
RF,RDKit+QM,cabbage,0.8853610468441271,0.07733301139053403,,,,,,results/benchmark_metrics/model_summary_json/RF__RDKit_QM__summary.json,mean_std_dict
RF,RDKit+QM,camphoreous,0.9401332788069169,0.019845174925984768,,,,,,results/benchmark_metrics/model_summary_json/RF__RDKit_QM__summary.json,mean_std_dict
RF,RDKit+QM,caramellic,0.906794414499952,0.016718293749489223,,,,,,results/benchmark_metrics/model_summary_json/RF__RDKit_QM__summary.json,mean_std_dict
RF,RDKit+QM,catty,0.9075366079420997,0.06014914831196046,,,,,,results/benchmark_metrics/model_summary_json/RF__RDKit_QM__summary.json,mean_std_dict
RF,RDKit+QM,chamomile,0.9525049140896147,0.005979856665603522,,,,,,results/benchmark_metrics/model_summary_json/RF__RDKit_QM__summary.json,mean_std_dict
RF,RDKit+QM,cheesy,0.9205208229775546,0.012456777574187717,,,,,,results/benchmark_metrics/model_summary_json/RF__RDKit_QM__summary.json,mean_std_dict
RF,RDKit+QM,cherry,0.8895614373354567,0.04072663896588664,,,,,,results/benchmark_metrics/model_summary_json/RF__RDKit_QM__summary.json,mean_std_dict
RF,RDKit+QM,chicken,0.8827530119671774,0.031269807532978866,,,,,,results/benchmark_metrics/model_summary_json/RF__RDKit_QM__summary.json,mean_std_dict
RF,RDKit+QM,chocolate,0.8358716722349413,0.11577628034190675,,,,,,results/benchmark_metrics/model_summary_json/RF__RDKit_QM__summary.json,mean_std_dict
RF,RDKit+QM,cinnamon,0.9109817038972029,0.016315517884477482,,,,,,results/benchmark_metrics/model_summary_json/RF__RDKit_QM__summary.json,mean_std_dict
RF,RDKit+QM,citrus,0.8758914686936737,0.009521120130996994,,,,,,results/benchmark_metrics/model_summary_json/RF__RDKit_QM__summary.json,mean_std_dict
RF,RDKit+QM,cocoa,0.8994693941256007,0.033208051334049166,,,,,,results/benchmark_metrics/model_summary_json/RF__RDKit_QM__summary.json,mean_std_dict
RF,RDKit+QM,coconut,0.9160814082819858,0.021424832580015367,,,,,,results/benchmark_metrics/model_summary_json/RF__RDKit_QM__summary.json,mean_std_dict
RF,RDKit+QM,coffee,0.9461493150866291,0.006612144836138307,,,,,,results/benchmark_metrics/model_summary_json/RF__RDKit_QM__summary.json,mean_std_dict
RF,RDKit+QM,cognac,0.9465188705622642,0.0107467465221697,,,,,,results/benchmark_metrics/model_summary_json/RF__RDKit_QM__summary.json,mean_std_dict
RF,RDKit+QM,coumarinic,0.9689740886200658,0.01456287513363494,,,,,,results/benchmark_metrics/model_summary_json/RF__RDKit_QM__summary.json,mean_std_dict
RF,RDKit+QM,creamy,0.8060738227228667,0.043602517542000944,,,,,,results/benchmark_metrics/model_summary_json/RF__RDKit_QM__summary.json,mean_std_dict
RF,RDKit+QM,cucumber,0.962588258306455,0.02036359732635272,,,,,,results/benchmark_metrics/model_summary_json/RF__RDKit_QM__summary.json,mean_std_dict
RF,RDKit+QM,dairy,0.8174133166076862,0.041228740786798355,,,,,,results/benchmark_metrics/model_summary_json/RF__RDKit_QM__summary.json,mean_std_dict
RF,RDKit+QM,dry,0.8210970040714919,0.0798633016773258,,,,,,results/benchmark_metrics/model_summary_json/RF__RDKit_QM__summary.json,mean_std_dict
RF,RDKit+QM,earthy,0.7559008248390476,0.014795862367060498,,,,,,results/benchmark_metrics/model_summary_json/RF__RDKit_QM__summary.json,mean_std_dict
RF,RDKit+QM,ethereal,0.9502723364129932,0.02045738434054085,,,,,,results/benchmark_metrics/model_summary_json/RF__RDKit_QM__summary.json,mean_std_dict
RF,RDKit+QM,fatty,0.9037616095039447,0.014305407160057425,,,,,,results/benchmark_metrics/model_summary_json/RF__RDKit_QM__summary.json,mean_std_dict
RF,RDKit+QM,fermented,0.9059214772608936,0.022468997340700708,,,,,,results/benchmark_metrics/model_summary_json/RF__RDKit_QM__summary.json,mean_std_dict
RF,RDKit+QM,fishy,0.9189857673640309,0.03460637699591295,,,,,,results/benchmark_metrics/model_summary_json/RF__RDKit_QM__summary.json,mean_std_dict
RF,RDKit+QM,floral,0.8438302712408173,0.010456904689620926,,,,,,results/benchmark_metrics/model_summary_json/RF__RDKit_QM__summary.json,mean_std_dict
RF,RDKit+QM,fresh,0.7379904277397031,0.028887726592193227,,,,,,results/benchmark_metrics/model_summary_json/RF__RDKit_QM__summary.json,mean_std_dict
RF,RDKit+QM,fruity,0.861603794152306,0.016534686538053362,,,,,,results/benchmark_metrics/model_summary_json/RF__RDKit_QM__summary.json,mean_std_dict
RF,RDKit+QM,garlic,0.9776574505933187,0.007338387126647265,,,,,,results/benchmark_metrics/model_summary_json/RF__RDKit_QM__summary.json,mean_std_dict
RF,RDKit+QM,gasoline,0.9448924392457227,0.0196558638009946,,,,,,results/benchmark_metrics/model_summary_json/RF__RDKit_QM__summary.json,mean_std_dict
RF,RDKit+QM,grape,0.8931071344829323,0.04321583107553167,,,,,,results/benchmark_metrics/model_summary_json/RF__RDKit_QM__summary.json,mean_std_dict
RF,RDKit+QM,grapefruit,0.8907186592252951,0.024397906563065532,,,,,,results/benchmark_metrics/model_summary_json/RF__RDKit_QM__summary.json,mean_std_dict
RF,RDKit+QM,grassy,0.8912184691069633,0.049839396160989514,,,,,,results/benchmark_metrics/model_summary_json/RF__RDKit_QM__summary.json,mean_std_dict
RF,RDKit+QM,green,0.7959132495341402,0.004733468893411514,,,,,,results/benchmark_metrics/model_summary_json/RF__RDKit_QM__summary.json,mean_std_dict
RF,RDKit+QM,hay,0.8594066969668738,0.007737404315434654,,,,,,results/benchmark_metrics/model_summary_json/RF__RDKit_QM__summary.json,mean_std_dict
RF,RDKit+QM,hazelnut,0.9472424798753405,0.02009919326089662,,,,,,results/benchmark_metrics/model_summary_json/RF__RDKit_QM__summary.json,mean_std_dict
RF,RDKit+QM,herbal,0.7611898461631718,0.014782004249182969,,,,,,results/benchmark_metrics/model_summary_json/RF__RDKit_QM__summary.json,mean_std_dict
RF,RDKit+QM,honey,0.8987086208405822,0.029740662540449703,,,,,,results/benchmark_metrics/model_summary_json/RF__RDKit_QM__summary.json,mean_std_dict
RF,RDKit+QM,horseradish,0.9843733180289718,0.009575819871015141,,,,,,results/benchmark_metrics/model_summary_json/RF__RDKit_QM__summary.json,mean_std_dict
RF,RDKit+QM,jasmine,0.8834307967051421,0.0170873108157978,,,,,,results/benchmark_metrics/model_summary_json/RF__RDKit_QM__summary.json,mean_std_dict
RF,RDKit+QM,ketonic,0.9838145500642863,0.005545485662291016,,,,,,results/benchmark_metrics/model_summary_json/RF__RDKit_QM__summary.json,mean_std_dict
RF,RDKit+QM,leafy,0.7942202830445477,0.05471394382385503,,,,,,results/benchmark_metrics/model_summary_json/RF__RDKit_QM__summary.json,mean_std_dict
RF,RDKit+QM,leathery,0.9094038928242361,0.04279716756006399,,,,,,results/benchmark_metrics/model_summary_json/RF__RDKit_QM__summary.json,mean_std_dict
RF,RDKit+QM,lemon,0.8741593461506783,0.06541235176686265,,,,,,results/benchmark_metrics/model_summary_json/RF__RDKit_QM__summary.json,mean_std_dict
RF,RDKit+QM,malty,0.9249388756831547,0.05404643812087012,,,,,,results/benchmark_metrics/model_summary_json/RF__RDKit_QM__summary.json,mean_std_dict
RF,RDKit+QM,meaty,0.9386241966096935,0.015045024164964388,,,,,,results/benchmark_metrics/model_summary_json/RF__RDKit_QM__summary.json,mean_std_dict
RF,RDKit+QM,medicinal,0.9411872182280459,0.024313058405582264,,,,,,results/benchmark_metrics/model_summary_json/RF__RDKit_QM__summary.json,mean_std_dict
RF,RDKit+QM,melon,0.8374866376302664,0.040365644833663485,,,,,,results/benchmark_metrics/model_summary_json/RF__RDKit_QM__summary.json,mean_std_dict
RF,RDKit+QM,metallic,0.7892449409910117,0.06149069147833226,,,,,,results/benchmark_metrics/model_summary_json/RF__RDKit_QM__summary.json,mean_std_dict
RF,RDKit+QM,milky,0.7484599119600354,0.08370156860690091,,,,,,results/benchmark_metrics/model_summary_json/RF__RDKit_QM__summary.json,mean_std_dict
RF,RDKit+QM,mint,0.9028702584185646,0.02642594540933883,,,,,,results/benchmark_metrics/model_summary_json/RF__RDKit_QM__summary.json,mean_std_dict
RF,RDKit+QM,mushroom,0.8190747162517278,0.06248260977746651,,,,,,results/benchmark_metrics/model_summary_json/RF__RDKit_QM__summary.json,mean_std_dict
RF,RDKit+QM,musk,0.9173298853801397,0.029892101207254385,,,,,,results/benchmark_metrics/model_summary_json/RF__RDKit_QM__summary.json,mean_std_dict
RF,RDKit+QM,musty,0.7987620523015156,0.02376446023686969,,,,,,results/benchmark_metrics/model_summary_json/RF__RDKit_QM__summary.json,mean_std_dict
RF,RDKit+QM,nutty,0.8632555845139247,0.014519400072399494,,,,,,results/benchmark_metrics/model_summary_json/RF__RDKit_QM__summary.json,mean_std_dict
RF,RDKit+QM,oily,0.8837197045936739,0.022662818413174742,,,,,,results/benchmark_metrics/model_summary_json/RF__RDKit_QM__summary.json,mean_std_dict
RF,RDKit+QM,onion,0.9737161199513749,0.004088020632554837,,,,,,results/benchmark_metrics/model_summary_json/RF__RDKit_QM__summary.json,mean_std_dict
RF,RDKit+QM,orange,0.9175193218367601,0.014580332167881594,,,,,,results/benchmark_metrics/model_summary_json/RF__RDKit_QM__summary.json,mean_std_dict
RF,RDKit+QM,orris,0.8091703728544634,0.03363118277153711,,,,,,results/benchmark_metrics/model_summary_json/RF__RDKit_QM__summary.json,mean_std_dict
RF,RDKit+QM,peach,0.8504839968540887,0.048726641686407224,,,,,,results/benchmark_metrics/model_summary_json/RF__RDKit_QM__summary.json,mean_std_dict
RF,RDKit+QM,pear,0.9199578886714292,0.01487637927615724,,,,,,results/benchmark_metrics/model_summary_json/RF__RDKit_QM__summary.json,mean_std_dict
RF,RDKit+QM,phenolic,0.9677992982134279,0.017342233926814995,,,,,,results/benchmark_metrics/model_summary_json/RF__RDKit_QM__summary.json,mean_std_dict
RF,RDKit+QM,pine,0.9436450385196646,0.039434194839830496,,,,,,results/benchmark_metrics/model_summary_json/RF__RDKit_QM__summary.json,mean_std_dict
RF,RDKit+QM,pineapple,0.907885607870535,0.013794979762609943,,,,,,results/benchmark_metrics/model_summary_json/RF__RDKit_QM__summary.json,mean_std_dict
RF,RDKit+QM,plum,0.8280990902878276,0.028570429241359357,,,,,,results/benchmark_metrics/model_summary_json/RF__RDKit_QM__summary.json,mean_std_dict
RF,RDKit+QM,popcorn,0.9856703949849417,0.012219434127017483,,,,,,results/benchmark_metrics/model_summary_json/RF__RDKit_QM__summary.json,mean_std_dict
RF,RDKit+QM,potato,0.9792821998939318,0.005352570568065585,,,,,,results/benchmark_metrics/model_summary_json/RF__RDKit_QM__summary.json,mean_std_dict
RF,RDKit+QM,pungent,0.874702419462969,0.02093963586364355,,,,,,results/benchmark_metrics/model_summary_json/RF__RDKit_QM__summary.json,mean_std_dict
RF,RDKit+QM,radish,0.8904465843089635,0.05909019420915337,,,,,,results/benchmark_metrics/model_summary_json/RF__RDKit_QM__summary.json,mean_std_dict
RF,RDKit+QM,ripe,0.8609990088644661,0.04380487003041367,,,,,,results/benchmark_metrics/model_summary_json/RF__RDKit_QM__summary.json,mean_std_dict
RF,RDKit+QM,roasted,0.9256093474310954,0.004588568324057958,,,,,,results/benchmark_metrics/model_summary_json/RF__RDKit_QM__summary.json,mean_std_dict
RF,RDKit+QM,rose,0.8898712397933142,0.018469758257587537,,,,,,results/benchmark_metrics/model_summary_json/RF__RDKit_QM__summary.json,mean_std_dict
RF,RDKit+QM,rum,0.8638317940234884,0.04845127357940451,,,,,,results/benchmark_metrics/model_summary_json/RF__RDKit_QM__summary.json,mean_std_dict
RF,RDKit+QM,savory,0.9442127820178617,0.014769001105001652,,,,,,results/benchmark_metrics/model_summary_json/RF__RDKit_QM__summary.json,mean_std_dict
RF,RDKit+QM,sharp,0.8650490694021109,0.02466218982573086,,,,,,results/benchmark_metrics/model_summary_json/RF__RDKit_QM__summary.json,mean_std_dict
RF,RDKit+QM,smoky,0.9699915505681609,0.01057937987440206,,,,,,results/benchmark_metrics/model_summary_json/RF__RDKit_QM__summary.json,mean_std_dict
RF,RDKit+QM,solvent,0.9582576681947985,0.016987395300586818,,,,,,results/benchmark_metrics/model_summary_json/RF__RDKit_QM__summary.json,mean_std_dict
RF,RDKit+QM,sour,0.8428272272501255,0.06490466219703075,,,,,,results/benchmark_metrics/model_summary_json/RF__RDKit_QM__summary.json,mean_std_dict
RF,RDKit+QM,spicy,0.8494843756943787,0.014111334600812826,,,,,,results/benchmark_metrics/model_summary_json/RF__RDKit_QM__summary.json,mean_std_dict
RF,RDKit+QM,strawberry,0.8481472842501466,0.08820126507707479,,,,,,results/benchmark_metrics/model_summary_json/RF__RDKit_QM__summary.json,mean_std_dict
RF,RDKit+QM,sulfurous,0.9622435668983987,0.007481784777342738,,,,,,results/benchmark_metrics/model_summary_json/RF__RDKit_QM__summary.json,mean_std_dict
RF,RDKit+QM,sweet,0.7435939756916836,0.02493889597025954,,,,,,results/benchmark_metrics/model_summary_json/RF__RDKit_QM__summary.json,mean_std_dict
RF,RDKit+QM,tea,0.760994101989254,0.02381021350109137,,,,,,results/benchmark_metrics/model_summary_json/RF__RDKit_QM__summary.json,mean_std_dict
RF,RDKit+QM,tobacco,0.9005241322887001,0.02500701336870021,,,,,,results/benchmark_metrics/model_summary_json/RF__RDKit_QM__summary.json,mean_std_dict
RF,RDKit+QM,tomato,0.93859450749376,0.0437439342573809,,,,,,results/benchmark_metrics/model_summary_json/RF__RDKit_QM__summary.json,mean_std_dict
RF,RDKit+QM,tropical,0.8759240362901745,0.005735422696203598,,,,,,results/benchmark_metrics/model_summary_json/RF__RDKit_QM__summary.json,mean_std_dict
RF,RDKit+QM,vanilla,0.9554491132083696,0.012204600223017168,,,,,,results/benchmark_metrics/model_summary_json/RF__RDKit_QM__summary.json,mean_std_dict
RF,RDKit+QM,vegetable,0.8721766231103538,0.03002937822588366,,,,,,results/benchmark_metrics/model_summary_json/RF__RDKit_QM__summary.json,mean_std_dict
RF,RDKit+QM,violet,0.9406783964660089,0.042776832681631086,,,,,,results/benchmark_metrics/model_summary_json/RF__RDKit_QM__summary.json,mean_std_dict
RF,RDKit+QM,warm,0.749708652129748,0.05759816826068562,,,,,,results/benchmark_metrics/model_summary_json/RF__RDKit_QM__summary.json,mean_std_dict
RF,RDKit+QM,waxy,0.9102499673074483,0.012560838261550305,,,,,,results/benchmark_metrics/model_summary_json/RF__RDKit_QM__summary.json,mean_std_dict
RF,RDKit+QM,winey,0.8830170888641058,0.007354690902623991,,,,,,results/benchmark_metrics/model_summary_json/RF__RDKit_QM__summary.json,mean_std_dict
RF,RDKit+QM,woody,0.8683004340129827,0.018601779450823676,,,,,,results/benchmark_metrics/model_summary_json/RF__RDKit_QM__summary.json,mean_std_dict
SVM,ECFP4,alcoholic,0.9766335304031936,0.0069682318140004,,,,,,results/benchmark_metrics/model_summary_json/SVM__ECFP4__summary.json,mean_std_dict
SVM,ECFP4,aldehydic,0.8348043602876014,0.06265276032533562,,,,,,results/benchmark_metrics/model_summary_json/SVM__ECFP4__summary.json,mean_std_dict
SVM,ECFP4,alliaceous,0.9433420582832159,0.004953288414363783,,,,,,results/benchmark_metrics/model_summary_json/SVM__ECFP4__summary.json,mean_std_dict
SVM,ECFP4,almond,0.8982913145803038,0.026467373888614136,,,,,,results/benchmark_metrics/model_summary_json/SVM__ECFP4__summary.json,mean_std_dict
SVM,ECFP4,animal,0.8819193429926522,0.03241670632067359,,,,,,results/benchmark_metrics/model_summary_json/SVM__ECFP4__summary.json,mean_std_dict
SVM,ECFP4,anisic,0.9071442713292477,0.04264865075539272,,,,,,results/benchmark_metrics/model_summary_json/SVM__ECFP4__summary.json,mean_std_dict
SVM,ECFP4,apple,0.8957943918488835,0.01907836973334928,,,,,,results/benchmark_metrics/model_summary_json/SVM__ECFP4__summary.json,mean_std_dict
SVM,ECFP4,apricot,0.8554181505053817,0.05412746032453093,,,,,,results/benchmark_metrics/model_summary_json/SVM__ECFP4__summary.json,mean_std_dict
SVM,ECFP4,aromatic,0.8128209065807559,0.029658656818596293,,,,,,results/benchmark_metrics/model_summary_json/SVM__ECFP4__summary.json,mean_std_dict
SVM,ECFP4,balsamic,0.9187086911822704,0.013429054922287383,,,,,,results/benchmark_metrics/model_summary_json/SVM__ECFP4__summary.json,mean_std_dict
SVM,ECFP4,banana,0.8988830677145498,0.026265850413880742,,,,,,results/benchmark_metrics/model_summary_json/SVM__ECFP4__summary.json,mean_std_dict
SVM,ECFP4,beefy,0.8866327716643949,0.03850575018116543,,,,,,results/benchmark_metrics/model_summary_json/SVM__ECFP4__summary.json,mean_std_dict
SVM,ECFP4,berry,0.7554793909139081,0.036789929935850826,,,,,,results/benchmark_metrics/model_summary_json/SVM__ECFP4__summary.json,mean_std_dict
SVM,ECFP4,black currant,0.9384341210140725,0.05448209297400332,,,,,,results/benchmark_metrics/model_summary_json/SVM__ECFP4__summary.json,mean_std_dict
SVM,ECFP4,brandy,0.8983842791449307,0.029577985127491192,,,,,,results/benchmark_metrics/model_summary_json/SVM__ECFP4__summary.json,mean_std_dict
SVM,ECFP4,bread,0.8465981912147177,0.035128688758988426,,,,,,results/benchmark_metrics/model_summary_json/SVM__ECFP4__summary.json,mean_std_dict
SVM,ECFP4,brothy,0.900322428935984,0.07553938876690172,,,,,,results/benchmark_metrics/model_summary_json/SVM__ECFP4__summary.json,mean_std_dict
SVM,ECFP4,burnt,0.8651852113677349,0.01937260741772145,,,,,,results/benchmark_metrics/model_summary_json/SVM__ECFP4__summary.json,mean_std_dict
SVM,ECFP4,buttery,0.8694875184999079,0.03173141071017892,,,,,,results/benchmark_metrics/model_summary_json/SVM__ECFP4__summary.json,mean_std_dict
SVM,ECFP4,cabbage,0.9383242134224936,0.017493979359360003,,,,,,results/benchmark_metrics/model_summary_json/SVM__ECFP4__summary.json,mean_std_dict
SVM,ECFP4,camphoreous,0.9355830383851649,0.016396430749010607,,,,,,results/benchmark_metrics/model_summary_json/SVM__ECFP4__summary.json,mean_std_dict
SVM,ECFP4,caramellic,0.8981669158504639,0.016248371156707166,,,,,,results/benchmark_metrics/model_summary_json/SVM__ECFP4__summary.json,mean_std_dict
SVM,ECFP4,catty,0.9638421044050343,0.040887120672882846,,,,,,results/benchmark_metrics/model_summary_json/SVM__ECFP4__summary.json,mean_std_dict
SVM,ECFP4,chamomile,0.9437035537883209,0.016871909880005035,,,,,,results/benchmark_metrics/model_summary_json/SVM__ECFP4__summary.json,mean_std_dict
SVM,ECFP4,cheesy,0.9231230565318504,0.016749887346500212,,,,,,results/benchmark_metrics/model_summary_json/SVM__ECFP4__summary.json,mean_std_dict
SVM,ECFP4,cherry,0.8956626116744063,0.016354108034046376,,,,,,results/benchmark_metrics/model_summary_json/SVM__ECFP4__summary.json,mean_std_dict
SVM,ECFP4,chicken,0.9077038084114568,0.034504715933736614,,,,,,results/benchmark_metrics/model_summary_json/SVM__ECFP4__summary.json,mean_std_dict
SVM,ECFP4,chocolate,0.829696499976223,0.10298263672712525,,,,,,results/benchmark_metrics/model_summary_json/SVM__ECFP4__summary.json,mean_std_dict
SVM,ECFP4,cinnamon,0.895713653187691,0.03794567345157017,,,,,,results/benchmark_metrics/model_summary_json/SVM__ECFP4__summary.json,mean_std_dict
SVM,ECFP4,citrus,0.8713581252889245,0.026981938379197285,,,,,,results/benchmark_metrics/model_summary_json/SVM__ECFP4__summary.json,mean_std_dict
SVM,ECFP4,cocoa,0.8883069022945035,0.036058989138835665,,,,,,results/benchmark_metrics/model_summary_json/SVM__ECFP4__summary.json,mean_std_dict
SVM,ECFP4,coconut,0.9212459285862822,0.021450314036586343,,,,,,results/benchmark_metrics/model_summary_json/SVM__ECFP4__summary.json,mean_std_dict
SVM,ECFP4,coffee,0.9333654444290463,0.015417553312277016,,,,,,results/benchmark_metrics/model_summary_json/SVM__ECFP4__summary.json,mean_std_dict
SVM,ECFP4,cognac,0.9356780452291726,0.018061859123572308,,,,,,results/benchmark_metrics/model_summary_json/SVM__ECFP4__summary.json,mean_std_dict
SVM,ECFP4,coumarinic,0.9461409121944927,0.0409283390388305,,,,,,results/benchmark_metrics/model_summary_json/SVM__ECFP4__summary.json,mean_std_dict
SVM,ECFP4,creamy,0.7631337495727771,0.018206682996164035,,,,,,results/benchmark_metrics/model_summary_json/SVM__ECFP4__summary.json,mean_std_dict
SVM,ECFP4,cucumber,0.9468572078387585,0.06885012458373083,,,,,,results/benchmark_metrics/model_summary_json/SVM__ECFP4__summary.json,mean_std_dict
SVM,ECFP4,dairy,0.8406109388758066,0.02477968507118391,,,,,,results/benchmark_metrics/model_summary_json/SVM__ECFP4__summary.json,mean_std_dict
SVM,ECFP4,dry,0.754420956613104,0.09622705477808614,,,,,,results/benchmark_metrics/model_summary_json/SVM__ECFP4__summary.json,mean_std_dict
SVM,ECFP4,earthy,0.7454969616289973,0.025518477589278655,,,,,,results/benchmark_metrics/model_summary_json/SVM__ECFP4__summary.json,mean_std_dict
SVM,ECFP4,ethereal,0.9337286030474665,0.013286868228396793,,,,,,results/benchmark_metrics/model_summary_json/SVM__ECFP4__summary.json,mean_std_dict
SVM,ECFP4,fatty,0.8922641474676174,0.015702414092142035,,,,,,results/benchmark_metrics/model_summary_json/SVM__ECFP4__summary.json,mean_std_dict
SVM,ECFP4,fermented,0.9039217044666035,0.013903197052829944,,,,,,results/benchmark_metrics/model_summary_json/SVM__ECFP4__summary.json,mean_std_dict
SVM,ECFP4,fishy,0.9459259502538936,0.014722292186964393,,,,,,results/benchmark_metrics/model_summary_json/SVM__ECFP4__summary.json,mean_std_dict
SVM,ECFP4,floral,0.8490561411710316,0.009448847544347392,,,,,,results/benchmark_metrics/model_summary_json/SVM__ECFP4__summary.json,mean_std_dict
SVM,ECFP4,fresh,0.7462530032814845,0.01874473999974578,,,,,,results/benchmark_metrics/model_summary_json/SVM__ECFP4__summary.json,mean_std_dict
SVM,ECFP4,fruity,0.8507934918320961,0.01280105067684657,,,,,,results/benchmark_metrics/model_summary_json/SVM__ECFP4__summary.json,mean_std_dict
SVM,ECFP4,garlic,0.9761507290812677,0.005782500498226851,,,,,,results/benchmark_metrics/model_summary_json/SVM__ECFP4__summary.json,mean_std_dict
SVM,ECFP4,gasoline,0.9185018872507739,0.01966026553387809,,,,,,results/benchmark_metrics/model_summary_json/SVM__ECFP4__summary.json,mean_std_dict
SVM,ECFP4,grape,0.9126070217017324,0.04271656591460602,,,,,,results/benchmark_metrics/model_summary_json/SVM__ECFP4__summary.json,mean_std_dict
SVM,ECFP4,grapefruit,0.848927938243407,0.024261264764849612,,,,,,results/benchmark_metrics/model_summary_json/SVM__ECFP4__summary.json,mean_std_dict
SVM,ECFP4,grassy,0.8740935725472859,0.03488619448050942,,,,,,results/benchmark_metrics/model_summary_json/SVM__ECFP4__summary.json,mean_std_dict
SVM,ECFP4,green,0.7819111931262785,0.010474074998491598,,,,,,results/benchmark_metrics/model_summary_json/SVM__ECFP4__summary.json,mean_std_dict
SVM,ECFP4,hay,0.8344767236544859,0.024453724841242325,,,,,,results/benchmark_metrics/model_summary_json/SVM__ECFP4__summary.json,mean_std_dict
SVM,ECFP4,hazelnut,0.9129763628812029,0.024566859345788283,,,,,,results/benchmark_metrics/model_summary_json/SVM__ECFP4__summary.json,mean_std_dict
SVM,ECFP4,herbal,0.7526632890285768,0.012452526770266285,,,,,,results/benchmark_metrics/model_summary_json/SVM__ECFP4__summary.json,mean_std_dict
SVM,ECFP4,honey,0.9183672812162103,0.020059643624566952,,,,,,results/benchmark_metrics/model_summary_json/SVM__ECFP4__summary.json,mean_std_dict
SVM,ECFP4,horseradish,0.9521959138524864,0.050794137554202264,,,,,,results/benchmark_metrics/model_summary_json/SVM__ECFP4__summary.json,mean_std_dict
SVM,ECFP4,jasmine,0.933190414005084,0.012634469574845158,,,,,,results/benchmark_metrics/model_summary_json/SVM__ECFP4__summary.json,mean_std_dict
SVM,ECFP4,ketonic,0.9771033030171692,0.004906059469592208,,,,,,results/benchmark_metrics/model_summary_json/SVM__ECFP4__summary.json,mean_std_dict
SVM,ECFP4,leafy,0.7663315122192733,0.06943778303956287,,,,,,results/benchmark_metrics/model_summary_json/SVM__ECFP4__summary.json,mean_std_dict
SVM,ECFP4,leathery,0.835536158707918,0.0760557484387453,,,,,,results/benchmark_metrics/model_summary_json/SVM__ECFP4__summary.json,mean_std_dict
SVM,ECFP4,lemon,0.9182170273881225,0.057551917641674694,,,,,,results/benchmark_metrics/model_summary_json/SVM__ECFP4__summary.json,mean_std_dict
SVM,ECFP4,malty,0.9399353766107372,0.067574648112331,,,,,,results/benchmark_metrics/model_summary_json/SVM__ECFP4__summary.json,mean_std_dict
SVM,ECFP4,meaty,0.9300022517290012,0.016353137427882004,,,,,,results/benchmark_metrics/model_summary_json/SVM__ECFP4__summary.json,mean_std_dict
SVM,ECFP4,medicinal,0.9696415241278803,0.00784858432124306,,,,,,results/benchmark_metrics/model_summary_json/SVM__ECFP4__summary.json,mean_std_dict
SVM,ECFP4,melon,0.8573635648606812,0.027250561504556414,,,,,,results/benchmark_metrics/model_summary_json/SVM__ECFP4__summary.json,mean_std_dict
SVM,ECFP4,metallic,0.6748754841216593,0.06459588770567151,,,,,,results/benchmark_metrics/model_summary_json/SVM__ECFP4__summary.json,mean_std_dict
SVM,ECFP4,milky,0.7832551813577322,0.09003580212887137,,,,,,results/benchmark_metrics/model_summary_json/SVM__ECFP4__summary.json,mean_std_dict
SVM,ECFP4,mint,0.9046422495971512,0.008500019461639148,,,,,,results/benchmark_metrics/model_summary_json/SVM__ECFP4__summary.json,mean_std_dict
SVM,ECFP4,mushroom,0.8727648285195256,0.07650729817215318,,,,,,results/benchmark_metrics/model_summary_json/SVM__ECFP4__summary.json,mean_std_dict
SVM,ECFP4,musk,0.8836206347773956,0.05249236915487912,,,,,,results/benchmark_metrics/model_summary_json/SVM__ECFP4__summary.json,mean_std_dict
SVM,ECFP4,musty,0.775867646167554,0.0640470205432769,,,,,,results/benchmark_metrics/model_summary_json/SVM__ECFP4__summary.json,mean_std_dict
SVM,ECFP4,nutty,0.8241924488724545,0.019977179692805408,,,,,,results/benchmark_metrics/model_summary_json/SVM__ECFP4__summary.json,mean_std_dict
SVM,ECFP4,oily,0.8527706711191809,0.02065544275138984,,,,,,results/benchmark_metrics/model_summary_json/SVM__ECFP4__summary.json,mean_std_dict
SVM,ECFP4,onion,0.9606379201147529,0.011312627100384018,,,,,,results/benchmark_metrics/model_summary_json/SVM__ECFP4__summary.json,mean_std_dict
SVM,ECFP4,orange,0.9023450494569853,0.01717941602884048,,,,,,results/benchmark_metrics/model_summary_json/SVM__ECFP4__summary.json,mean_std_dict
SVM,ECFP4,orris,0.7950759055991433,0.06747796151878145,,,,,,results/benchmark_metrics/model_summary_json/SVM__ECFP4__summary.json,mean_std_dict
SVM,ECFP4,peach,0.8622064235688726,0.057260047050803516,,,,,,results/benchmark_metrics/model_summary_json/SVM__ECFP4__summary.json,mean_std_dict
SVM,ECFP4,pear,0.9062262599980058,0.031516553235113924,,,,,,results/benchmark_metrics/model_summary_json/SVM__ECFP4__summary.json,mean_std_dict
SVM,ECFP4,phenolic,0.9557697820216242,0.01989989749168131,,,,,,results/benchmark_metrics/model_summary_json/SVM__ECFP4__summary.json,mean_std_dict
SVM,ECFP4,pine,0.883212715855356,0.07408423282541461,,,,,,results/benchmark_metrics/model_summary_json/SVM__ECFP4__summary.json,mean_std_dict
SVM,ECFP4,pineapple,0.9060441121048998,0.015294272678462261,,,,,,results/benchmark_metrics/model_summary_json/SVM__ECFP4__summary.json,mean_std_dict
SVM,ECFP4,plum,0.9003449629055666,0.017834247900013908,,,,,,results/benchmark_metrics/model_summary_json/SVM__ECFP4__summary.json,mean_std_dict
SVM,ECFP4,popcorn,0.9929593668094897,0.005728631479408248,,,,,,results/benchmark_metrics/model_summary_json/SVM__ECFP4__summary.json,mean_std_dict
SVM,ECFP4,potato,0.9519565483042107,0.02369560840732894,,,,,,results/benchmark_metrics/model_summary_json/SVM__ECFP4__summary.json,mean_std_dict
SVM,ECFP4,pungent,0.8319939129277394,0.019639402941993307,,,,,,results/benchmark_metrics/model_summary_json/SVM__ECFP4__summary.json,mean_std_dict
SVM,ECFP4,radish,0.8303373662514713,0.08408962594756704,,,,,,results/benchmark_metrics/model_summary_json/SVM__ECFP4__summary.json,mean_std_dict
SVM,ECFP4,ripe,0.8044102418268991,0.08835747435582006,,,,,,results/benchmark_metrics/model_summary_json/SVM__ECFP4__summary.json,mean_std_dict
SVM,ECFP4,roasted,0.9160605631237123,0.005756660153276259,,,,,,results/benchmark_metrics/model_summary_json/SVM__ECFP4__summary.json,mean_std_dict
SVM,ECFP4,rose,0.9090602397909933,0.024180377444145286,,,,,,results/benchmark_metrics/model_summary_json/SVM__ECFP4__summary.json,mean_std_dict
SVM,ECFP4,rum,0.8441649793291441,0.024249210109267522,,,,,,results/benchmark_metrics/model_summary_json/SVM__ECFP4__summary.json,mean_std_dict
SVM,ECFP4,savory,0.9256642078273893,0.02027439884742031,,,,,,results/benchmark_metrics/model_summary_json/SVM__ECFP4__summary.json,mean_std_dict
SVM,ECFP4,sharp,0.7962000439861474,0.06668882247730298,,,,,,results/benchmark_metrics/model_summary_json/SVM__ECFP4__summary.json,mean_std_dict
SVM,ECFP4,smoky,0.9687550564592904,0.006560877762736522,,,,,,results/benchmark_metrics/model_summary_json/SVM__ECFP4__summary.json,mean_std_dict
SVM,ECFP4,solvent,0.9276773344310449,0.023553664549710186,,,,,,results/benchmark_metrics/model_summary_json/SVM__ECFP4__summary.json,mean_std_dict
SVM,ECFP4,sour,0.862441248636474,0.05404145565940443,,,,,,results/benchmark_metrics/model_summary_json/SVM__ECFP4__summary.json,mean_std_dict
SVM,ECFP4,spicy,0.8284405706034986,0.020850799949797633,,,,,,results/benchmark_metrics/model_summary_json/SVM__ECFP4__summary.json,mean_std_dict
SVM,ECFP4,strawberry,0.8278836079294754,0.06605381542364823,,,,,,results/benchmark_metrics/model_summary_json/SVM__ECFP4__summary.json,mean_std_dict
SVM,ECFP4,sulfurous,0.9685681755085872,0.0036925911558108094,,,,,,results/benchmark_metrics/model_summary_json/SVM__ECFP4__summary.json,mean_std_dict
SVM,ECFP4,sweet,0.7164728594300833,0.01868907240678119,,,,,,results/benchmark_metrics/model_summary_json/SVM__ECFP4__summary.json,mean_std_dict
SVM,ECFP4,tea,0.73900066024536,0.04387688560814961,,,,,,results/benchmark_metrics/model_summary_json/SVM__ECFP4__summary.json,mean_std_dict
SVM,ECFP4,tobacco,0.903767764682209,0.03739397359323341,,,,,,results/benchmark_metrics/model_summary_json/SVM__ECFP4__summary.json,mean_std_dict
SVM,ECFP4,tomato,0.8841562258076126,0.039384849468365964,,,,,,results/benchmark_metrics/model_summary_json/SVM__ECFP4__summary.json,mean_std_dict
SVM,ECFP4,tropical,0.8221286661696248,0.025816326355502597,,,,,,results/benchmark_metrics/model_summary_json/SVM__ECFP4__summary.json,mean_std_dict
SVM,ECFP4,vanilla,0.9428725792424697,0.013655413682729071,,,,,,results/benchmark_metrics/model_summary_json/SVM__ECFP4__summary.json,mean_std_dict
SVM,ECFP4,vegetable,0.8443593395285489,0.030332222406767122,,,,,,results/benchmark_metrics/model_summary_json/SVM__ECFP4__summary.json,mean_std_dict
SVM,ECFP4,violet,0.9165115431634889,0.07722132582316779,,,,,,results/benchmark_metrics/model_summary_json/SVM__ECFP4__summary.json,mean_std_dict
SVM,ECFP4,warm,0.6383551101400288,0.04783843477085353,,,,,,results/benchmark_metrics/model_summary_json/SVM__ECFP4__summary.json,mean_std_dict
SVM,ECFP4,waxy,0.891565893769726,0.005111006843646289,,,,,,results/benchmark_metrics/model_summary_json/SVM__ECFP4__summary.json,mean_std_dict
SVM,ECFP4,winey,0.8755091610720953,0.009043023542252917,,,,,,results/benchmark_metrics/model_summary_json/SVM__ECFP4__summary.json,mean_std_dict
SVM,ECFP4,woody,0.820569794988927,0.014857058255333075,,,,,,results/benchmark_metrics/model_summary_json/SVM__ECFP4__summary.json,mean_std_dict
SVM,QM,alcoholic,0.9642534092135019,0.005887959827905119,,,,,,results/benchmark_metrics/model_summary_json/SVM__QM__summary.json,mean_std_dict
SVM,QM,aldehydic,0.7675351715776111,0.06813626918974083,,,,,,results/benchmark_metrics/model_summary_json/SVM__QM__summary.json,mean_std_dict
SVM,QM,alliaceous,0.9107770705298088,0.02122750967695757,,,,,,results/benchmark_metrics/model_summary_json/SVM__QM__summary.json,mean_std_dict
SVM,QM,almond,0.9034838572465068,0.04230739466198691,,,,,,results/benchmark_metrics/model_summary_json/SVM__QM__summary.json,mean_std_dict
SVM,QM,animal,0.7428862430904881,0.04434491805473331,,,,,,results/benchmark_metrics/model_summary_json/SVM__QM__summary.json,mean_std_dict
SVM,QM,anisic,0.8882279453672277,0.018194637943750782,,,,,,results/benchmark_metrics/model_summary_json/SVM__QM__summary.json,mean_std_dict
SVM,QM,apple,0.8619356459968509,0.01839937330373136,,,,,,results/benchmark_metrics/model_summary_json/SVM__QM__summary.json,mean_std_dict
SVM,QM,apricot,0.756304224796287,0.05273392351268961,,,,,,results/benchmark_metrics/model_summary_json/SVM__QM__summary.json,mean_std_dict
SVM,QM,aromatic,0.8196650156343652,0.02460634128208432,,,,,,results/benchmark_metrics/model_summary_json/SVM__QM__summary.json,mean_std_dict
SVM,QM,balsamic,0.9104969137922652,0.016570940011732656,,,,,,results/benchmark_metrics/model_summary_json/SVM__QM__summary.json,mean_std_dict
SVM,QM,banana,0.9079413653145266,0.035249127611833804,,,,,,results/benchmark_metrics/model_summary_json/SVM__QM__summary.json,mean_std_dict
SVM,QM,beefy,0.8185284586447757,0.06272969720975834,,,,,,results/benchmark_metrics/model_summary_json/SVM__QM__summary.json,mean_std_dict
SVM,QM,berry,0.6573162728085871,0.05066745604040913,,,,,,results/benchmark_metrics/model_summary_json/SVM__QM__summary.json,mean_std_dict
SVM,QM,black currant,0.8853948814853985,0.041541625572815155,,,,,,results/benchmark_metrics/model_summary_json/SVM__QM__summary.json,mean_std_dict
SVM,QM,brandy,0.8246248870309622,0.03181103358641138,,,,,,results/benchmark_metrics/model_summary_json/SVM__QM__summary.json,mean_std_dict
SVM,QM,bread,0.875279985356934,0.037201512846937894,,,,,,results/benchmark_metrics/model_summary_json/SVM__QM__summary.json,mean_std_dict
SVM,QM,brothy,0.8727176383807498,0.054005258813521,,,,,,results/benchmark_metrics/model_summary_json/SVM__QM__summary.json,mean_std_dict
SVM,QM,burnt,0.8309533955016747,0.03300314848932052,,,,,,results/benchmark_metrics/model_summary_json/SVM__QM__summary.json,mean_std_dict
SVM,QM,buttery,0.8043988752292034,0.00912136413981385,,,,,,results/benchmark_metrics/model_summary_json/SVM__QM__summary.json,mean_std_dict
SVM,QM,cabbage,0.8605245142028629,0.03201393761867558,,,,,,results/benchmark_metrics/model_summary_json/SVM__QM__summary.json,mean_std_dict
SVM,QM,camphoreous,0.8809134989945673,0.04630833690746031,,,,,,results/benchmark_metrics/model_summary_json/SVM__QM__summary.json,mean_std_dict
SVM,QM,caramellic,0.869385390807715,0.018660409877629604,,,,,,results/benchmark_metrics/model_summary_json/SVM__QM__summary.json,mean_std_dict
SVM,QM,catty,0.9083960577820239,0.05905486200003032,,,,,,results/benchmark_metrics/model_summary_json/SVM__QM__summary.json,mean_std_dict
SVM,QM,chamomile,0.933128032242097,0.02204827622655694,,,,,,results/benchmark_metrics/model_summary_json/SVM__QM__summary.json,mean_std_dict
SVM,QM,cheesy,0.8618153304706639,0.027930321819444243,,,,,,results/benchmark_metrics/model_summary_json/SVM__QM__summary.json,mean_std_dict
SVM,QM,cherry,0.8867062110627254,0.0386814240503312,,,,,,results/benchmark_metrics/model_summary_json/SVM__QM__summary.json,mean_std_dict
SVM,QM,chicken,0.7481121229621539,0.06319126646704956,,,,,,results/benchmark_metrics/model_summary_json/SVM__QM__summary.json,mean_std_dict
SVM,QM,chocolate,0.8362192217722448,0.07288758700598866,,,,,,results/benchmark_metrics/model_summary_json/SVM__QM__summary.json,mean_std_dict
SVM,QM,cinnamon,0.9148862099326902,0.026194718281841348,,,,,,results/benchmark_metrics/model_summary_json/SVM__QM__summary.json,mean_std_dict
SVM,QM,citrus,0.846529010769187,0.01521633259954808,,,,,,results/benchmark_metrics/model_summary_json/SVM__QM__summary.json,mean_std_dict
SVM,QM,cocoa,0.8387179190966956,0.01813835612498371,,,,,,results/benchmark_metrics/model_summary_json/SVM__QM__summary.json,mean_std_dict
SVM,QM,coconut,0.8555023355564166,0.038373279156898046,,,,,,results/benchmark_metrics/model_summary_json/SVM__QM__summary.json,mean_std_dict
SVM,QM,coffee,0.885716015177462,0.023325113150795045,,,,,,results/benchmark_metrics/model_summary_json/SVM__QM__summary.json,mean_std_dict
SVM,QM,cognac,0.9510150166765111,0.01094265988565636,,,,,,results/benchmark_metrics/model_summary_json/SVM__QM__summary.json,mean_std_dict
SVM,QM,coumarinic,0.9511085023436662,0.014759458838706628,,,,,,results/benchmark_metrics/model_summary_json/SVM__QM__summary.json,mean_std_dict
SVM,QM,creamy,0.7092487130702357,0.03468316925606365,,,,,,results/benchmark_metrics/model_summary_json/SVM__QM__summary.json,mean_std_dict
SVM,QM,cucumber,0.8994445495194802,0.03109475607946445,,,,,,results/benchmark_metrics/model_summary_json/SVM__QM__summary.json,mean_std_dict
SVM,QM,dairy,0.7851886882792827,0.05210532236125392,,,,,,results/benchmark_metrics/model_summary_json/SVM__QM__summary.json,mean_std_dict
SVM,QM,dry,0.7743553546033477,0.10232465462714434,,,,,,results/benchmark_metrics/model_summary_json/SVM__QM__summary.json,mean_std_dict
SVM,QM,earthy,0.6788528421463553,0.012979521754879481,,,,,,results/benchmark_metrics/model_summary_json/SVM__QM__summary.json,mean_std_dict
SVM,QM,ethereal,0.9383682117318761,0.017805324633093787,,,,,,results/benchmark_metrics/model_summary_json/SVM__QM__summary.json,mean_std_dict
SVM,QM,fatty,0.8835853015004487,0.01937950469748226,,,,,,results/benchmark_metrics/model_summary_json/SVM__QM__summary.json,mean_std_dict
SVM,QM,fermented,0.8787084279280997,0.017606671819673504,,,,,,results/benchmark_metrics/model_summary_json/SVM__QM__summary.json,mean_std_dict
SVM,QM,fishy,0.8013121586143335,0.063795955272322,,,,,,results/benchmark_metrics/model_summary_json/SVM__QM__summary.json,mean_std_dict
SVM,QM,floral,0.7993906904333642,0.008763613833336835,,,,,,results/benchmark_metrics/model_summary_json/SVM__QM__summary.json,mean_std_dict
SVM,QM,fresh,0.6812993539984846,0.020813504672198405,,,,,,results/benchmark_metrics/model_summary_json/SVM__QM__summary.json,mean_std_dict
SVM,QM,fruity,0.7990812348956882,0.01533697412881255,,,,,,results/benchmark_metrics/model_summary_json/SVM__QM__summary.json,mean_std_dict
SVM,QM,garlic,0.9596792905055718,0.01579511295330645,,,,,,results/benchmark_metrics/model_summary_json/SVM__QM__summary.json,mean_std_dict
SVM,QM,gasoline,0.9328527371797536,0.047883790193070916,,,,,,results/benchmark_metrics/model_summary_json/SVM__QM__summary.json,mean_std_dict
SVM,QM,grape,0.7972562116325695,0.02873546129679567,,,,,,results/benchmark_metrics/model_summary_json/SVM__QM__summary.json,mean_std_dict
SVM,QM,grapefruit,0.7873152025079189,0.040155535166973275,,,,,,results/benchmark_metrics/model_summary_json/SVM__QM__summary.json,mean_std_dict
SVM,QM,grassy,0.8513776993022033,0.052264362619623035,,,,,,results/benchmark_metrics/model_summary_json/SVM__QM__summary.json,mean_std_dict
SVM,QM,green,0.7083311631959035,0.014684520827376858,,,,,,results/benchmark_metrics/model_summary_json/SVM__QM__summary.json,mean_std_dict
SVM,QM,hay,0.7758022254903121,0.04147943657237591,,,,,,results/benchmark_metrics/model_summary_json/SVM__QM__summary.json,mean_std_dict
SVM,QM,hazelnut,0.9181901212371226,0.02803726077972597,,,,,,results/benchmark_metrics/model_summary_json/SVM__QM__summary.json,mean_std_dict
SVM,QM,herbal,0.6963451634982957,0.009212766082481722,,,,,,results/benchmark_metrics/model_summary_json/SVM__QM__summary.json,mean_std_dict
SVM,QM,honey,0.8669737198473035,0.018345944739696387,,,,,,results/benchmark_metrics/model_summary_json/SVM__QM__summary.json,mean_std_dict
SVM,QM,horseradish,0.9473657658360249,0.050212972018473995,,,,,,results/benchmark_metrics/model_summary_json/SVM__QM__summary.json,mean_std_dict
SVM,QM,jasmine,0.8290241813960598,0.03746636685628215,,,,,,results/benchmark_metrics/model_summary_json/SVM__QM__summary.json,mean_std_dict
SVM,QM,ketonic,0.9643230034627273,0.006791880288938895,,,,,,results/benchmark_metrics/model_summary_json/SVM__QM__summary.json,mean_std_dict
SVM,QM,leafy,0.5970312055262393,0.062658716451986,,,,,,results/benchmark_metrics/model_summary_json/SVM__QM__summary.json,mean_std_dict
SVM,QM,leathery,0.8717647968420298,0.07621621562216442,,,,,,results/benchmark_metrics/model_summary_json/SVM__QM__summary.json,mean_std_dict
SVM,QM,lemon,0.7908534469275977,0.08115047572681403,,,,,,results/benchmark_metrics/model_summary_json/SVM__QM__summary.json,mean_std_dict
SVM,QM,malty,0.8910597270821865,0.09343520414100577,,,,,,results/benchmark_metrics/model_summary_json/SVM__QM__summary.json,mean_std_dict
SVM,QM,meaty,0.8822827792047176,0.013513631802500198,,,,,,results/benchmark_metrics/model_summary_json/SVM__QM__summary.json,mean_std_dict
SVM,QM,medicinal,0.9304577484015049,0.021374975755240624,,,,,,results/benchmark_metrics/model_summary_json/SVM__QM__summary.json,mean_std_dict
SVM,QM,melon,0.789144460620294,0.029057798273310006,,,,,,results/benchmark_metrics/model_summary_json/SVM__QM__summary.json,mean_std_dict
SVM,QM,metallic,0.6763900106661083,0.07863186773705186,,,,,,results/benchmark_metrics/model_summary_json/SVM__QM__summary.json,mean_std_dict
SVM,QM,milky,0.6536442800393867,0.0961561404828968,,,,,,results/benchmark_metrics/model_summary_json/SVM__QM__summary.json,mean_std_dict
SVM,QM,mint,0.8979109759722075,0.016974230257473348,,,,,,results/benchmark_metrics/model_summary_json/SVM__QM__summary.json,mean_std_dict
SVM,QM,mushroom,0.641920158426841,0.04281353686098623,,,,,,results/benchmark_metrics/model_summary_json/SVM__QM__summary.json,mean_std_dict
SVM,QM,musk,0.7982491592920378,0.04330417303660232,,,,,,results/benchmark_metrics/model_summary_json/SVM__QM__summary.json,mean_std_dict
SVM,QM,musty,0.7219530769052318,0.038762687480179754,,,,,,results/benchmark_metrics/model_summary_json/SVM__QM__summary.json,mean_std_dict
SVM,QM,nutty,0.7712009391748721,0.01894698397072463,,,,,,results/benchmark_metrics/model_summary_json/SVM__QM__summary.json,mean_std_dict
SVM,QM,oily,0.8254662421108219,0.028190741262790916,,,,,,results/benchmark_metrics/model_summary_json/SVM__QM__summary.json,mean_std_dict
SVM,QM,onion,0.9601637827916164,0.005029155411209141,,,,,,results/benchmark_metrics/model_summary_json/SVM__QM__summary.json,mean_std_dict
SVM,QM,orange,0.7808077999410008,0.05153706906610838,,,,,,results/benchmark_metrics/model_summary_json/SVM__QM__summary.json,mean_std_dict
SVM,QM,orris,0.7293737535801949,0.09148521683350927,,,,,,results/benchmark_metrics/model_summary_json/SVM__QM__summary.json,mean_std_dict
SVM,QM,peach,0.8082675089685847,0.0367822656691072,,,,,,results/benchmark_metrics/model_summary_json/SVM__QM__summary.json,mean_std_dict
SVM,QM,pear,0.8850286648042494,0.018345801318420635,,,,,,results/benchmark_metrics/model_summary_json/SVM__QM__summary.json,mean_std_dict
SVM,QM,phenolic,0.9608728246222406,0.022046799231341858,,,,,,results/benchmark_metrics/model_summary_json/SVM__QM__summary.json,mean_std_dict
SVM,QM,pine,0.9140767319891827,0.03912539751101113,,,,,,results/benchmark_metrics/model_summary_json/SVM__QM__summary.json,mean_std_dict
SVM,QM,pineapple,0.8851598918038409,0.012951398321512793,,,,,,results/benchmark_metrics/model_summary_json/SVM__QM__summary.json,mean_std_dict
SVM,QM,plum,0.6854141004725539,0.03173862546585836,,,,,,results/benchmark_metrics/model_summary_json/SVM__QM__summary.json,mean_std_dict
SVM,QM,popcorn,0.9345059626201391,0.046903970332714796,,,,,,results/benchmark_metrics/model_summary_json/SVM__QM__summary.json,mean_std_dict
SVM,QM,potato,0.8976852883032503,0.06590590383881512,,,,,,results/benchmark_metrics/model_summary_json/SVM__QM__summary.json,mean_std_dict
SVM,QM,pungent,0.8524538410647032,0.01738711063763377,,,,,,results/benchmark_metrics/model_summary_json/SVM__QM__summary.json,mean_std_dict
SVM,QM,radish,0.8801335595541765,0.05727591821588776,,,,,,results/benchmark_metrics/model_summary_json/SVM__QM__summary.json,mean_std_dict
SVM,QM,ripe,0.7903018257666875,0.058681940097867764,,,,,,results/benchmark_metrics/model_summary_json/SVM__QM__summary.json,mean_std_dict
SVM,QM,roasted,0.8771477776264268,0.012997016260493426,,,,,,results/benchmark_metrics/model_summary_json/SVM__QM__summary.json,mean_std_dict
SVM,QM,rose,0.8043192780931788,0.017992189583644295,,,,,,results/benchmark_metrics/model_summary_json/SVM__QM__summary.json,mean_std_dict
SVM,QM,rum,0.8613451337865861,0.04190338581398724,,,,,,results/benchmark_metrics/model_summary_json/SVM__QM__summary.json,mean_std_dict
SVM,QM,savory,0.9152305052305174,0.020354323939649928,,,,,,results/benchmark_metrics/model_summary_json/SVM__QM__summary.json,mean_std_dict
SVM,QM,sharp,0.8042300170504181,0.03933255136594418,,,,,,results/benchmark_metrics/model_summary_json/SVM__QM__summary.json,mean_std_dict
SVM,QM,smoky,0.9498000597998548,0.0057019568563437305,,,,,,results/benchmark_metrics/model_summary_json/SVM__QM__summary.json,mean_std_dict
SVM,QM,solvent,0.9378450764796522,0.011341607934270656,,,,,,results/benchmark_metrics/model_summary_json/SVM__QM__summary.json,mean_std_dict
SVM,QM,sour,0.8466066358735749,0.05219660661115611,,,,,,results/benchmark_metrics/model_summary_json/SVM__QM__summary.json,mean_std_dict
SVM,QM,spicy,0.7977421581511382,0.013786063608287095,,,,,,results/benchmark_metrics/model_summary_json/SVM__QM__summary.json,mean_std_dict
SVM,QM,strawberry,0.7410236113624912,0.12984863480458805,,,,,,results/benchmark_metrics/model_summary_json/SVM__QM__summary.json,mean_std_dict
SVM,QM,sulfurous,0.9325016744347288,0.009419812815416656,,,,,,results/benchmark_metrics/model_summary_json/SVM__QM__summary.json,mean_std_dict
SVM,QM,sweet,0.6853528905265169,0.021133912713410967,,,,,,results/benchmark_metrics/model_summary_json/SVM__QM__summary.json,mean_std_dict
SVM,QM,tea,0.6695840549114951,0.08284312770322651,,,,,,results/benchmark_metrics/model_summary_json/SVM__QM__summary.json,mean_std_dict
SVM,QM,tobacco,0.7808507445066699,0.054122429128713824,,,,,,results/benchmark_metrics/model_summary_json/SVM__QM__summary.json,mean_std_dict
SVM,QM,tomato,0.8836058711413012,0.04554312359694848,,,,,,results/benchmark_metrics/model_summary_json/SVM__QM__summary.json,mean_std_dict
SVM,QM,tropical,0.7938363248672509,0.025965648035446143,,,,,,results/benchmark_metrics/model_summary_json/SVM__QM__summary.json,mean_std_dict
SVM,QM,vanilla,0.93777921093947,0.008853467250055086,,,,,,results/benchmark_metrics/model_summary_json/SVM__QM__summary.json,mean_std_dict
SVM,QM,vegetable,0.8038447863387003,0.036129367499953206,,,,,,results/benchmark_metrics/model_summary_json/SVM__QM__summary.json,mean_std_dict
SVM,QM,violet,0.873500922660481,0.0776472243338906,,,,,,results/benchmark_metrics/model_summary_json/SVM__QM__summary.json,mean_std_dict
SVM,QM,warm,0.6676295335559722,0.06801146076346642,,,,,,results/benchmark_metrics/model_summary_json/SVM__QM__summary.json,mean_std_dict
SVM,QM,waxy,0.8715809953248412,0.01559169091086476,,,,,,results/benchmark_metrics/model_summary_json/SVM__QM__summary.json,mean_std_dict
SVM,QM,winey,0.831584511703125,0.016193310618023385,,,,,,results/benchmark_metrics/model_summary_json/SVM__QM__summary.json,mean_std_dict
SVM,QM,woody,0.8261480798556805,0.025686545551486265,,,,,,results/benchmark_metrics/model_summary_json/SVM__QM__summary.json,mean_std_dict
SVM,RDKit,alcoholic,0.9646254157776101,0.008298623229042304,,,,,,results/benchmark_metrics/model_summary_json/SVM__RDKit__summary.json,mean_std_dict
SVM,RDKit,aldehydic,0.7563349765088974,0.06367991298843755,,,,,,results/benchmark_metrics/model_summary_json/SVM__RDKit__summary.json,mean_std_dict
SVM,RDKit,alliaceous,0.9273372230793966,0.019351029282830362,,,,,,results/benchmark_metrics/model_summary_json/SVM__RDKit__summary.json,mean_std_dict
SVM,RDKit,almond,0.8623562534933369,0.027501284967225655,,,,,,results/benchmark_metrics/model_summary_json/SVM__RDKit__summary.json,mean_std_dict
SVM,RDKit,animal,0.8003159273993831,0.049135674564237695,,,,,,results/benchmark_metrics/model_summary_json/SVM__RDKit__summary.json,mean_std_dict
SVM,RDKit,anisic,0.9057284335516218,0.010512047415840128,,,,,,results/benchmark_metrics/model_summary_json/SVM__RDKit__summary.json,mean_std_dict
SVM,RDKit,apple,0.8582579147779535,0.015232758770985603,,,,,,results/benchmark_metrics/model_summary_json/SVM__RDKit__summary.json,mean_std_dict
SVM,RDKit,apricot,0.7476039525007631,0.03856827130470062,,,,,,results/benchmark_metrics/model_summary_json/SVM__RDKit__summary.json,mean_std_dict
SVM,RDKit,aromatic,0.8228217935434848,0.03462840700411894,,,,,,results/benchmark_metrics/model_summary_json/SVM__RDKit__summary.json,mean_std_dict
SVM,RDKit,balsamic,0.9111115680443616,0.016913803854670475,,,,,,results/benchmark_metrics/model_summary_json/SVM__RDKit__summary.json,mean_std_dict
SVM,RDKit,banana,0.8912406126810355,0.03944686523496832,,,,,,results/benchmark_metrics/model_summary_json/SVM__RDKit__summary.json,mean_std_dict
SVM,RDKit,beefy,0.8727511700696496,0.05038115269936038,,,,,,results/benchmark_metrics/model_summary_json/SVM__RDKit__summary.json,mean_std_dict
SVM,RDKit,berry,0.66295882023343,0.05597145614414992,,,,,,results/benchmark_metrics/model_summary_json/SVM__RDKit__summary.json,mean_std_dict
SVM,RDKit,black currant,0.8465943733373775,0.054488678215332195,,,,,,results/benchmark_metrics/model_summary_json/SVM__RDKit__summary.json,mean_std_dict
SVM,RDKit,brandy,0.8602302837477055,0.0451553942164051,,,,,,results/benchmark_metrics/model_summary_json/SVM__RDKit__summary.json,mean_std_dict
SVM,RDKit,bread,0.8876062436409248,0.05256247136144807,,,,,,results/benchmark_metrics/model_summary_json/SVM__RDKit__summary.json,mean_std_dict
SVM,RDKit,brothy,0.885157329841177,0.031171505324274536,,,,,,results/benchmark_metrics/model_summary_json/SVM__RDKit__summary.json,mean_std_dict
SVM,RDKit,burnt,0.8306731761449763,0.024587076896467535,,,,,,results/benchmark_metrics/model_summary_json/SVM__RDKit__summary.json,mean_std_dict
SVM,RDKit,buttery,0.841053673450571,0.021149984324187954,,,,,,results/benchmark_metrics/model_summary_json/SVM__RDKit__summary.json,mean_std_dict
SVM,RDKit,cabbage,0.9080860799486068,0.0228227435239904,,,,,,results/benchmark_metrics/model_summary_json/SVM__RDKit__summary.json,mean_std_dict
SVM,RDKit,camphoreous,0.9264096640374918,0.03677583585448079,,,,,,results/benchmark_metrics/model_summary_json/SVM__RDKit__summary.json,mean_std_dict
SVM,RDKit,caramellic,0.8713983481320229,0.009462739945153845,,,,,,results/benchmark_metrics/model_summary_json/SVM__RDKit__summary.json,mean_std_dict
SVM,RDKit,catty,0.9226623306804094,0.037837395202789136,,,,,,results/benchmark_metrics/model_summary_json/SVM__RDKit__summary.json,mean_std_dict
SVM,RDKit,chamomile,0.8921943795752469,0.03424027252556009,,,,,,results/benchmark_metrics/model_summary_json/SVM__RDKit__summary.json,mean_std_dict
SVM,RDKit,cheesy,0.8693011107891673,0.030026151811886583,,,,,,results/benchmark_metrics/model_summary_json/SVM__RDKit__summary.json,mean_std_dict
SVM,RDKit,cherry,0.8324946287243217,0.06613895569126664,,,,,,results/benchmark_metrics/model_summary_json/SVM__RDKit__summary.json,mean_std_dict
SVM,RDKit,chicken,0.774078309754205,0.07914635368589562,,,,,,results/benchmark_metrics/model_summary_json/SVM__RDKit__summary.json,mean_std_dict
SVM,RDKit,chocolate,0.8051793228596125,0.09380194997658652,,,,,,results/benchmark_metrics/model_summary_json/SVM__RDKit__summary.json,mean_std_dict
SVM,RDKit,cinnamon,0.8723432882261533,0.012359318889569013,,,,,,results/benchmark_metrics/model_summary_json/SVM__RDKit__summary.json,mean_std_dict
SVM,RDKit,citrus,0.8206737783002097,0.02510132440391038,,,,,,results/benchmark_metrics/model_summary_json/SVM__RDKit__summary.json,mean_std_dict
SVM,RDKit,cocoa,0.7271956829401885,0.04232168018931031,,,,,,results/benchmark_metrics/model_summary_json/SVM__RDKit__summary.json,mean_std_dict
SVM,RDKit,coconut,0.8162544245584084,0.02592671386530374,,,,,,results/benchmark_metrics/model_summary_json/SVM__RDKit__summary.json,mean_std_dict
SVM,RDKit,coffee,0.9375425321541148,0.024593576924867695,,,,,,results/benchmark_metrics/model_summary_json/SVM__RDKit__summary.json,mean_std_dict
SVM,RDKit,cognac,0.9302082253935564,0.020870183182904137,,,,,,results/benchmark_metrics/model_summary_json/SVM__RDKit__summary.json,mean_std_dict
SVM,RDKit,coumarinic,0.8910721685591302,0.026681168241336872,,,,,,results/benchmark_metrics/model_summary_json/SVM__RDKit__summary.json,mean_std_dict
SVM,RDKit,creamy,0.6597571248806411,0.01767988876850777,,,,,,results/benchmark_metrics/model_summary_json/SVM__RDKit__summary.json,mean_std_dict
SVM,RDKit,cucumber,0.9661088269520679,0.013351591372144013,,,,,,results/benchmark_metrics/model_summary_json/SVM__RDKit__summary.json,mean_std_dict
SVM,RDKit,dairy,0.8065179539373153,0.047118641246351976,,,,,,results/benchmark_metrics/model_summary_json/SVM__RDKit__summary.json,mean_std_dict
SVM,RDKit,dry,0.8469222039028587,0.06165596962395942,,,,,,results/benchmark_metrics/model_summary_json/SVM__RDKit__summary.json,mean_std_dict
SVM,RDKit,earthy,0.7097993727384768,0.03145123476708921,,,,,,results/benchmark_metrics/model_summary_json/SVM__RDKit__summary.json,mean_std_dict
SVM,RDKit,ethereal,0.9337105142117095,0.02088884512037639,,,,,,results/benchmark_metrics/model_summary_json/SVM__RDKit__summary.json,mean_std_dict
SVM,RDKit,fatty,0.8938030049345633,0.022446100257186182,,,,,,results/benchmark_metrics/model_summary_json/SVM__RDKit__summary.json,mean_std_dict
SVM,RDKit,fermented,0.8587260802013563,0.03557566236586385,,,,,,results/benchmark_metrics/model_summary_json/SVM__RDKit__summary.json,mean_std_dict
SVM,RDKit,fishy,0.8356852684399874,0.03764149936952862,,,,,,results/benchmark_metrics/model_summary_json/SVM__RDKit__summary.json,mean_std_dict
SVM,RDKit,floral,0.8188088111558717,0.011490139604627098,,,,,,results/benchmark_metrics/model_summary_json/SVM__RDKit__summary.json,mean_std_dict
SVM,RDKit,fresh,0.7057821699069882,0.027056022662717644,,,,,,results/benchmark_metrics/model_summary_json/SVM__RDKit__summary.json,mean_std_dict
SVM,RDKit,fruity,0.8043980810628067,0.02522583088475846,,,,,,results/benchmark_metrics/model_summary_json/SVM__RDKit__summary.json,mean_std_dict
SVM,RDKit,garlic,0.9553186378946916,0.020058245352258315,,,,,,results/benchmark_metrics/model_summary_json/SVM__RDKit__summary.json,mean_std_dict
SVM,RDKit,gasoline,0.9511409129647348,0.02089212491178312,,,,,,results/benchmark_metrics/model_summary_json/SVM__RDKit__summary.json,mean_std_dict
SVM,RDKit,grape,0.8317826699036033,0.049080620087440956,,,,,,results/benchmark_metrics/model_summary_json/SVM__RDKit__summary.json,mean_std_dict
SVM,RDKit,grapefruit,0.803880306579566,0.02573200011722038,,,,,,results/benchmark_metrics/model_summary_json/SVM__RDKit__summary.json,mean_std_dict
SVM,RDKit,grassy,0.8355356716881349,0.07580646046360218,,,,,,results/benchmark_metrics/model_summary_json/SVM__RDKit__summary.json,mean_std_dict
SVM,RDKit,green,0.7171320137170969,0.011330270932686931,,,,,,results/benchmark_metrics/model_summary_json/SVM__RDKit__summary.json,mean_std_dict
SVM,RDKit,hay,0.7529449601468874,0.026474356810423438,,,,,,results/benchmark_metrics/model_summary_json/SVM__RDKit__summary.json,mean_std_dict
SVM,RDKit,hazelnut,0.9009476460540927,0.02514932003861098,,,,,,results/benchmark_metrics/model_summary_json/SVM__RDKit__summary.json,mean_std_dict
SVM,RDKit,herbal,0.6983503569354965,0.015183052184364262,,,,,,results/benchmark_metrics/model_summary_json/SVM__RDKit__summary.json,mean_std_dict
SVM,RDKit,honey,0.8750795850526678,0.026726168844166995,,,,,,results/benchmark_metrics/model_summary_json/SVM__RDKit__summary.json,mean_std_dict
SVM,RDKit,horseradish,0.9493253994849281,0.029211791048639215,,,,,,results/benchmark_metrics/model_summary_json/SVM__RDKit__summary.json,mean_std_dict
SVM,RDKit,jasmine,0.7722152393041215,0.03758565819221819,,,,,,results/benchmark_metrics/model_summary_json/SVM__RDKit__summary.json,mean_std_dict
SVM,RDKit,ketonic,0.9481573086177326,0.009413686012317745,,,,,,results/benchmark_metrics/model_summary_json/SVM__RDKit__summary.json,mean_std_dict
SVM,RDKit,leafy,0.6445784355061753,0.06722136870451091,,,,,,results/benchmark_metrics/model_summary_json/SVM__RDKit__summary.json,mean_std_dict
SVM,RDKit,leathery,0.916019787612346,0.04139594092438807,,,,,,results/benchmark_metrics/model_summary_json/SVM__RDKit__summary.json,mean_std_dict
SVM,RDKit,lemon,0.7977180596945967,0.06763649301531739,,,,,,results/benchmark_metrics/model_summary_json/SVM__RDKit__summary.json,mean_std_dict
SVM,RDKit,malty,0.8678709672252278,0.07839658337330759,,,,,,results/benchmark_metrics/model_summary_json/SVM__RDKit__summary.json,mean_std_dict
SVM,RDKit,meaty,0.9062276540127947,0.012021406722962796,,,,,,results/benchmark_metrics/model_summary_json/SVM__RDKit__summary.json,mean_std_dict
SVM,RDKit,medicinal,0.9458915814521601,0.01611948884589659,,,,,,results/benchmark_metrics/model_summary_json/SVM__RDKit__summary.json,mean_std_dict
SVM,RDKit,melon,0.8030260057729249,0.020688445482061144,,,,,,results/benchmark_metrics/model_summary_json/SVM__RDKit__summary.json,mean_std_dict
SVM,RDKit,metallic,0.7562288214808611,0.04989587590306699,,,,,,results/benchmark_metrics/model_summary_json/SVM__RDKit__summary.json,mean_std_dict
SVM,RDKit,milky,0.7434159426709697,0.06548148968088942,,,,,,results/benchmark_metrics/model_summary_json/SVM__RDKit__summary.json,mean_std_dict
SVM,RDKit,mint,0.9086555003572434,0.01647220533297491,,,,,,results/benchmark_metrics/model_summary_json/SVM__RDKit__summary.json,mean_std_dict
SVM,RDKit,mushroom,0.7082577986381674,0.06155628183569663,,,,,,results/benchmark_metrics/model_summary_json/SVM__RDKit__summary.json,mean_std_dict
SVM,RDKit,musk,0.8870571731442572,0.01883254493062088,,,,,,results/benchmark_metrics/model_summary_json/SVM__RDKit__summary.json,mean_std_dict
SVM,RDKit,musty,0.7347341784145585,0.04050069999135173,,,,,,results/benchmark_metrics/model_summary_json/SVM__RDKit__summary.json,mean_std_dict
SVM,RDKit,nutty,0.7966006429519129,0.018705028212368816,,,,,,results/benchmark_metrics/model_summary_json/SVM__RDKit__summary.json,mean_std_dict
SVM,RDKit,oily,0.8482909420492399,0.021191654224614876,,,,,,results/benchmark_metrics/model_summary_json/SVM__RDKit__summary.json,mean_std_dict
SVM,RDKit,onion,0.9574334879122052,0.016221865521520263,,,,,,results/benchmark_metrics/model_summary_json/SVM__RDKit__summary.json,mean_std_dict
SVM,RDKit,orange,0.8502091578919341,0.05212296758352734,,,,,,results/benchmark_metrics/model_summary_json/SVM__RDKit__summary.json,mean_std_dict
SVM,RDKit,orris,0.7801060448870676,0.06058473566559891,,,,,,results/benchmark_metrics/model_summary_json/SVM__RDKit__summary.json,mean_std_dict
SVM,RDKit,peach,0.7973168243731934,0.09960536774677335,,,,,,results/benchmark_metrics/model_summary_json/SVM__RDKit__summary.json,mean_std_dict
SVM,RDKit,pear,0.8936539916531385,0.0302080137526653,,,,,,results/benchmark_metrics/model_summary_json/SVM__RDKit__summary.json,mean_std_dict
SVM,RDKit,phenolic,0.9603135530172946,0.011337968729378025,,,,,,results/benchmark_metrics/model_summary_json/SVM__RDKit__summary.json,mean_std_dict
SVM,RDKit,pine,0.8988709456597782,0.058029170004870324,,,,,,results/benchmark_metrics/model_summary_json/SVM__RDKit__summary.json,mean_std_dict
SVM,RDKit,pineapple,0.8738542778033214,0.01700601188711901,,,,,,results/benchmark_metrics/model_summary_json/SVM__RDKit__summary.json,mean_std_dict
SVM,RDKit,plum,0.6636049190014767,0.0227364889835357,,,,,,results/benchmark_metrics/model_summary_json/SVM__RDKit__summary.json,mean_std_dict
SVM,RDKit,popcorn,0.9525170124001001,0.019354713663314406,,,,,,results/benchmark_metrics/model_summary_json/SVM__RDKit__summary.json,mean_std_dict
SVM,RDKit,potato,0.872564966925917,0.03153501509463416,,,,,,results/benchmark_metrics/model_summary_json/SVM__RDKit__summary.json,mean_std_dict
SVM,RDKit,pungent,0.8486056770532298,0.02015511394624591,,,,,,results/benchmark_metrics/model_summary_json/SVM__RDKit__summary.json,mean_std_dict
SVM,RDKit,radish,0.8861989992102369,0.028423581360681953,,,,,,results/benchmark_metrics/model_summary_json/SVM__RDKit__summary.json,mean_std_dict
SVM,RDKit,ripe,0.7770427815292789,0.06924520540878884,,,,,,results/benchmark_metrics/model_summary_json/SVM__RDKit__summary.json,mean_std_dict
SVM,RDKit,roasted,0.9075737526142829,0.008892967192051463,,,,,,results/benchmark_metrics/model_summary_json/SVM__RDKit__summary.json,mean_std_dict
SVM,RDKit,rose,0.8336259950914613,0.023686122536238592,,,,,,results/benchmark_metrics/model_summary_json/SVM__RDKit__summary.json,mean_std_dict
SVM,RDKit,rum,0.8509079566746317,0.04817070092398087,,,,,,results/benchmark_metrics/model_summary_json/SVM__RDKit__summary.json,mean_std_dict
SVM,RDKit,savory,0.9260987314421809,0.023104643725773772,,,,,,results/benchmark_metrics/model_summary_json/SVM__RDKit__summary.json,mean_std_dict
SVM,RDKit,sharp,0.8311993464668024,0.05351026426547155,,,,,,results/benchmark_metrics/model_summary_json/SVM__RDKit__summary.json,mean_std_dict
SVM,RDKit,smoky,0.9296642006925742,0.019453477403643157,,,,,,results/benchmark_metrics/model_summary_json/SVM__RDKit__summary.json,mean_std_dict
SVM,RDKit,solvent,0.9270786699373273,0.01142537360367857,,,,,,results/benchmark_metrics/model_summary_json/SVM__RDKit__summary.json,mean_std_dict
SVM,RDKit,sour,0.842492647556789,0.06333134483751274,,,,,,results/benchmark_metrics/model_summary_json/SVM__RDKit__summary.json,mean_std_dict
SVM,RDKit,spicy,0.8219660282851707,0.014552714094703245,,,,,,results/benchmark_metrics/model_summary_json/SVM__RDKit__summary.json,mean_std_dict
SVM,RDKit,strawberry,0.7197004518872869,0.10024722008030736,,,,,,results/benchmark_metrics/model_summary_json/SVM__RDKit__summary.json,mean_std_dict
SVM,RDKit,sulfurous,0.9557635976943681,0.006921384334113406,,,,,,results/benchmark_metrics/model_summary_json/SVM__RDKit__summary.json,mean_std_dict
SVM,RDKit,sweet,0.7176376275155751,0.018710592099821923,,,,,,results/benchmark_metrics/model_summary_json/SVM__RDKit__summary.json,mean_std_dict
SVM,RDKit,tea,0.718070766758651,0.09424327247074506,,,,,,results/benchmark_metrics/model_summary_json/SVM__RDKit__summary.json,mean_std_dict
SVM,RDKit,tobacco,0.8551727172367046,0.023317208892814578,,,,,,results/benchmark_metrics/model_summary_json/SVM__RDKit__summary.json,mean_std_dict
SVM,RDKit,tomato,0.8741367739421229,0.04933009116265714,,,,,,results/benchmark_metrics/model_summary_json/SVM__RDKit__summary.json,mean_std_dict
SVM,RDKit,tropical,0.7832404437567908,0.03290928786838278,,,,,,results/benchmark_metrics/model_summary_json/SVM__RDKit__summary.json,mean_std_dict
SVM,RDKit,vanilla,0.9330673319796954,0.012554274365827794,,,,,,results/benchmark_metrics/model_summary_json/SVM__RDKit__summary.json,mean_std_dict
SVM,RDKit,vegetable,0.8204282933425331,0.037933020746257665,,,,,,results/benchmark_metrics/model_summary_json/SVM__RDKit__summary.json,mean_std_dict
SVM,RDKit,violet,0.8901882747422256,0.03604409875704258,,,,,,results/benchmark_metrics/model_summary_json/SVM__RDKit__summary.json,mean_std_dict
SVM,RDKit,warm,0.758796419695194,0.03462685377732191,,,,,,results/benchmark_metrics/model_summary_json/SVM__RDKit__summary.json,mean_std_dict
SVM,RDKit,waxy,0.9008414731098469,0.010684003866592694,,,,,,results/benchmark_metrics/model_summary_json/SVM__RDKit__summary.json,mean_std_dict
SVM,RDKit,winey,0.8434583323604986,0.007452087349680639,,,,,,results/benchmark_metrics/model_summary_json/SVM__RDKit__summary.json,mean_std_dict
SVM,RDKit,woody,0.8745646523744144,0.014205779213083441,,,,,,results/benchmark_metrics/model_summary_json/SVM__RDKit__summary.json,mean_std_dict
SVM,RDKit+QM,alcoholic,0.966424549154665,0.008857095576714805,,,,,,results/benchmark_metrics/model_summary_json/SVM__RDKit_QM__summary.json,mean_std_dict
SVM,RDKit+QM,aldehydic,0.8187631327357975,0.06903395201943445,,,,,,results/benchmark_metrics/model_summary_json/SVM__RDKit_QM__summary.json,mean_std_dict
SVM,RDKit+QM,alliaceous,0.9263725893335966,0.0216783100916376,,,,,,results/benchmark_metrics/model_summary_json/SVM__RDKit_QM__summary.json,mean_std_dict
SVM,RDKit+QM,almond,0.9207584508112422,0.037123577395849816,,,,,,results/benchmark_metrics/model_summary_json/SVM__RDKit_QM__summary.json,mean_std_dict
SVM,RDKit+QM,animal,0.8168051957963793,0.03984476035826954,,,,,,results/benchmark_metrics/model_summary_json/SVM__RDKit_QM__summary.json,mean_std_dict
SVM,RDKit+QM,anisic,0.9138467957831067,0.01996215303592188,,,,,,results/benchmark_metrics/model_summary_json/SVM__RDKit_QM__summary.json,mean_std_dict
SVM,RDKit+QM,apple,0.8916933748835753,0.016446475882789444,,,,,,results/benchmark_metrics/model_summary_json/SVM__RDKit_QM__summary.json,mean_std_dict
SVM,RDKit+QM,apricot,0.8132951611495184,0.03494559417195728,,,,,,results/benchmark_metrics/model_summary_json/SVM__RDKit_QM__summary.json,mean_std_dict
SVM,RDKit+QM,aromatic,0.8087022077366551,0.039582254536803044,,,,,,results/benchmark_metrics/model_summary_json/SVM__RDKit_QM__summary.json,mean_std_dict
SVM,RDKit+QM,balsamic,0.9160227051698854,0.019685883957720994,,,,,,results/benchmark_metrics/model_summary_json/SVM__RDKit_QM__summary.json,mean_std_dict
SVM,RDKit+QM,banana,0.933086826165584,0.025888840665829128,,,,,,results/benchmark_metrics/model_summary_json/SVM__RDKit_QM__summary.json,mean_std_dict
SVM,RDKit+QM,beefy,0.8687784828963908,0.03733493629846724,,,,,,results/benchmark_metrics/model_summary_json/SVM__RDKit_QM__summary.json,mean_std_dict
SVM,RDKit+QM,berry,0.729999878230813,0.05100013020730662,,,,,,results/benchmark_metrics/model_summary_json/SVM__RDKit_QM__summary.json,mean_std_dict
SVM,RDKit+QM,black currant,0.9369393469196906,0.022856703652679496,,,,,,results/benchmark_metrics/model_summary_json/SVM__RDKit_QM__summary.json,mean_std_dict
SVM,RDKit+QM,brandy,0.8813702980705147,0.035734600132652165,,,,,,results/benchmark_metrics/model_summary_json/SVM__RDKit_QM__summary.json,mean_std_dict
SVM,RDKit+QM,bread,0.8879663523356864,0.03764865705520562,,,,,,results/benchmark_metrics/model_summary_json/SVM__RDKit_QM__summary.json,mean_std_dict
SVM,RDKit+QM,brothy,0.8813864165362159,0.05133256165700267,,,,,,results/benchmark_metrics/model_summary_json/SVM__RDKit_QM__summary.json,mean_std_dict
SVM,RDKit+QM,burnt,0.8533231196008304,0.02511726760552375,,,,,,results/benchmark_metrics/model_summary_json/SVM__RDKit_QM__summary.json,mean_std_dict
SVM,RDKit+QM,buttery,0.8324303444136272,0.016543634493022555,,,,,,results/benchmark_metrics/model_summary_json/SVM__RDKit_QM__summary.json,mean_std_dict
SVM,RDKit+QM,cabbage,0.9008643807519746,0.03888676309881049,,,,,,results/benchmark_metrics/model_summary_json/SVM__RDKit_QM__summary.json,mean_std_dict
SVM,RDKit+QM,camphoreous,0.9210449212425529,0.04342109962794491,,,,,,results/benchmark_metrics/model_summary_json/SVM__RDKit_QM__summary.json,mean_std_dict
SVM,RDKit+QM,caramellic,0.8944572476719831,0.02368405857736,,,,,,results/benchmark_metrics/model_summary_json/SVM__RDKit_QM__summary.json,mean_std_dict
SVM,RDKit+QM,catty,0.9483569975426963,0.03735204663769058,,,,,,results/benchmark_metrics/model_summary_json/SVM__RDKit_QM__summary.json,mean_std_dict
SVM,RDKit+QM,chamomile,0.9490327012134998,0.008972684866126778,,,,,,results/benchmark_metrics/model_summary_json/SVM__RDKit_QM__summary.json,mean_std_dict
SVM,RDKit+QM,cheesy,0.9016992468166102,0.01600043932576296,,,,,,results/benchmark_metrics/model_summary_json/SVM__RDKit_QM__summary.json,mean_std_dict
SVM,RDKit+QM,cherry,0.8769366082351,0.066201338877654,,,,,,results/benchmark_metrics/model_summary_json/SVM__RDKit_QM__summary.json,mean_std_dict
SVM,RDKit+QM,chicken,0.8633017758045712,0.05728532696182201,,,,,,results/benchmark_metrics/model_summary_json/SVM__RDKit_QM__summary.json,mean_std_dict
SVM,RDKit+QM,chocolate,0.8576009975650265,0.09447512828151222,,,,,,results/benchmark_metrics/model_summary_json/SVM__RDKit_QM__summary.json,mean_std_dict
SVM,RDKit+QM,cinnamon,0.916933157574903,0.01553406781926739,,,,,,results/benchmark_metrics/model_summary_json/SVM__RDKit_QM__summary.json,mean_std_dict
SVM,RDKit+QM,citrus,0.8577729795097756,0.021901485633547418,,,,,,results/benchmark_metrics/model_summary_json/SVM__RDKit_QM__summary.json,mean_std_dict
SVM,RDKit+QM,cocoa,0.8578359681607403,0.02310132325724371,,,,,,results/benchmark_metrics/model_summary_json/SVM__RDKit_QM__summary.json,mean_std_dict
SVM,RDKit+QM,coconut,0.8725943998943212,0.02132193612668122,,,,,,results/benchmark_metrics/model_summary_json/SVM__RDKit_QM__summary.json,mean_std_dict
SVM,RDKit+QM,coffee,0.9160361198854845,0.030041018968147103,,,,,,results/benchmark_metrics/model_summary_json/SVM__RDKit_QM__summary.json,mean_std_dict
SVM,RDKit+QM,cognac,0.9457224239741535,0.01564026011546191,,,,,,results/benchmark_metrics/model_summary_json/SVM__RDKit_QM__summary.json,mean_std_dict
SVM,RDKit+QM,coumarinic,0.9551189319249547,0.017873653604953556,,,,,,results/benchmark_metrics/model_summary_json/SVM__RDKit_QM__summary.json,mean_std_dict
SVM,RDKit+QM,creamy,0.7220140077325861,0.029290911841589076,,,,,,results/benchmark_metrics/model_summary_json/SVM__RDKit_QM__summary.json,mean_std_dict
SVM,RDKit+QM,cucumber,0.9476876946717707,0.02821162327908382,,,,,,results/benchmark_metrics/model_summary_json/SVM__RDKit_QM__summary.json,mean_std_dict
SVM,RDKit+QM,dairy,0.7986873394298926,0.05888616568665063,,,,,,results/benchmark_metrics/model_summary_json/SVM__RDKit_QM__summary.json,mean_std_dict
SVM,RDKit+QM,dry,0.8318584908086439,0.08899382999088225,,,,,,results/benchmark_metrics/model_summary_json/SVM__RDKit_QM__summary.json,mean_std_dict
SVM,RDKit+QM,earthy,0.7279459392469267,0.021535711480110905,,,,,,results/benchmark_metrics/model_summary_json/SVM__RDKit_QM__summary.json,mean_std_dict
SVM,RDKit+QM,ethereal,0.9420543432358851,0.015029289741672447,,,,,,results/benchmark_metrics/model_summary_json/SVM__RDKit_QM__summary.json,mean_std_dict
SVM,RDKit+QM,fatty,0.9048261368573101,0.02242670732335968,,,,,,results/benchmark_metrics/model_summary_json/SVM__RDKit_QM__summary.json,mean_std_dict
SVM,RDKit+QM,fermented,0.8676512478415079,0.025113028766824856,,,,,,results/benchmark_metrics/model_summary_json/SVM__RDKit_QM__summary.json,mean_std_dict
SVM,RDKit+QM,fishy,0.9110189336546306,0.01663720737834862,,,,,,results/benchmark_metrics/model_summary_json/SVM__RDKit_QM__summary.json,mean_std_dict
SVM,RDKit+QM,floral,0.8288540028751251,0.010363140764191413,,,,,,results/benchmark_metrics/model_summary_json/SVM__RDKit_QM__summary.json,mean_std_dict
SVM,RDKit+QM,fresh,0.7341174949913959,0.025618455513981387,,,,,,results/benchmark_metrics/model_summary_json/SVM__RDKit_QM__summary.json,mean_std_dict
SVM,RDKit+QM,fruity,0.8386871504705444,0.01879253421198224,,,,,,results/benchmark_metrics/model_summary_json/SVM__RDKit_QM__summary.json,mean_std_dict
SVM,RDKit+QM,garlic,0.9750759521668357,0.01401592603668722,,,,,,results/benchmark_metrics/model_summary_json/SVM__RDKit_QM__summary.json,mean_std_dict
SVM,RDKit+QM,gasoline,0.9491819586893593,0.02844224326466111,,,,,,results/benchmark_metrics/model_summary_json/SVM__RDKit_QM__summary.json,mean_std_dict
SVM,RDKit+QM,grape,0.8770682230803233,0.035044827899626124,,,,,,results/benchmark_metrics/model_summary_json/SVM__RDKit_QM__summary.json,mean_std_dict
SVM,RDKit+QM,grapefruit,0.8168954122101711,0.03843804807058669,,,,,,results/benchmark_metrics/model_summary_json/SVM__RDKit_QM__summary.json,mean_std_dict
SVM,RDKit+QM,grassy,0.8802708546658543,0.04981081903069698,,,,,,results/benchmark_metrics/model_summary_json/SVM__RDKit_QM__summary.json,mean_std_dict
SVM,RDKit+QM,green,0.74984844072413,0.01505030555526051,,,,,,results/benchmark_metrics/model_summary_json/SVM__RDKit_QM__summary.json,mean_std_dict
SVM,RDKit+QM,hay,0.8047009458453193,0.022264543897927293,,,,,,results/benchmark_metrics/model_summary_json/SVM__RDKit_QM__summary.json,mean_std_dict
SVM,RDKit+QM,hazelnut,0.9347952631539437,0.012278949360640456,,,,,,results/benchmark_metrics/model_summary_json/SVM__RDKit_QM__summary.json,mean_std_dict
SVM,RDKit+QM,herbal,0.7217282400776238,0.0076100416027290296,,,,,,results/benchmark_metrics/model_summary_json/SVM__RDKit_QM__summary.json,mean_std_dict
SVM,RDKit+QM,honey,0.9040154673271653,0.007048447508417015,,,,,,results/benchmark_metrics/model_summary_json/SVM__RDKit_QM__summary.json,mean_std_dict
SVM,RDKit+QM,horseradish,0.9497769018574107,0.041862635353143794,,,,,,results/benchmark_metrics/model_summary_json/SVM__RDKit_QM__summary.json,mean_std_dict
SVM,RDKit+QM,jasmine,0.78434738725019,0.04063949739639978,,,,,,results/benchmark_metrics/model_summary_json/SVM__RDKit_QM__summary.json,mean_std_dict
SVM,RDKit+QM,ketonic,0.9868362707856335,0.005363394562388972,,,,,,results/benchmark_metrics/model_summary_json/SVM__RDKit_QM__summary.json,mean_std_dict
SVM,RDKit+QM,leafy,0.7135842752483088,0.06772561536717292,,,,,,results/benchmark_metrics/model_summary_json/SVM__RDKit_QM__summary.json,mean_std_dict
SVM,RDKit+QM,leathery,0.8809488430175069,0.05192223867432102,,,,,,results/benchmark_metrics/model_summary_json/SVM__RDKit_QM__summary.json,mean_std_dict
SVM,RDKit+QM,lemon,0.8337379719510076,0.07932002426864562,,,,,,results/benchmark_metrics/model_summary_json/SVM__RDKit_QM__summary.json,mean_std_dict
SVM,RDKit+QM,malty,0.9022188831276635,0.0778061313414952,,,,,,results/benchmark_metrics/model_summary_json/SVM__RDKit_QM__summary.json,mean_std_dict
SVM,RDKit+QM,meaty,0.9304125943703664,0.01613508587275138,,,,,,results/benchmark_metrics/model_summary_json/SVM__RDKit_QM__summary.json,mean_std_dict
SVM,RDKit+QM,medicinal,0.9552031867406943,0.009938247069258855,,,,,,results/benchmark_metrics/model_summary_json/SVM__RDKit_QM__summary.json,mean_std_dict
SVM,RDKit+QM,melon,0.8286316877618585,0.026432366671902876,,,,,,results/benchmark_metrics/model_summary_json/SVM__RDKit_QM__summary.json,mean_std_dict
SVM,RDKit+QM,metallic,0.8016796801611139,0.059726154721149,,,,,,results/benchmark_metrics/model_summary_json/SVM__RDKit_QM__summary.json,mean_std_dict
SVM,RDKit+QM,milky,0.7096424077625707,0.09786063174691803,,,,,,results/benchmark_metrics/model_summary_json/SVM__RDKit_QM__summary.json,mean_std_dict
SVM,RDKit+QM,mint,0.9206302668413319,0.008204340522755444,,,,,,results/benchmark_metrics/model_summary_json/SVM__RDKit_QM__summary.json,mean_std_dict
SVM,RDKit+QM,mushroom,0.7944037192433445,0.06056163865793234,,,,,,results/benchmark_metrics/model_summary_json/SVM__RDKit_QM__summary.json,mean_std_dict
SVM,RDKit+QM,musk,0.8044059158150547,0.06340594672718801,,,,,,results/benchmark_metrics/model_summary_json/SVM__RDKit_QM__summary.json,mean_std_dict
SVM,RDKit+QM,musty,0.7284021345824616,0.04767532718459434,,,,,,results/benchmark_metrics/model_summary_json/SVM__RDKit_QM__summary.json,mean_std_dict
SVM,RDKit+QM,nutty,0.8042047236021027,0.016823343266658623,,,,,,results/benchmark_metrics/model_summary_json/SVM__RDKit_QM__summary.json,mean_std_dict
SVM,RDKit+QM,oily,0.8305735970668071,0.029668098277004857,,,,,,results/benchmark_metrics/model_summary_json/SVM__RDKit_QM__summary.json,mean_std_dict
SVM,RDKit+QM,onion,0.9728596871697116,0.008999853061255794,,,,,,results/benchmark_metrics/model_summary_json/SVM__RDKit_QM__summary.json,mean_std_dict
SVM,RDKit+QM,orange,0.8648149159962039,0.02060511778076218,,,,,,results/benchmark_metrics/model_summary_json/SVM__RDKit_QM__summary.json,mean_std_dict
SVM,RDKit+QM,orris,0.799556605300551,0.0773462953493779,,,,,,results/benchmark_metrics/model_summary_json/SVM__RDKit_QM__summary.json,mean_std_dict
SVM,RDKit+QM,peach,0.8136314406687222,0.07801975491600487,,,,,,results/benchmark_metrics/model_summary_json/SVM__RDKit_QM__summary.json,mean_std_dict
SVM,RDKit+QM,pear,0.9244462206026549,0.02130498164889676,,,,,,results/benchmark_metrics/model_summary_json/SVM__RDKit_QM__summary.json,mean_std_dict
SVM,RDKit+QM,phenolic,0.9565240406700737,0.025052675091353883,,,,,,results/benchmark_metrics/model_summary_json/SVM__RDKit_QM__summary.json,mean_std_dict
SVM,RDKit+QM,pine,0.9205333793092609,0.03679129012356049,,,,,,results/benchmark_metrics/model_summary_json/SVM__RDKit_QM__summary.json,mean_std_dict
SVM,RDKit+QM,pineapple,0.903820282152531,0.010888384822521824,,,,,,results/benchmark_metrics/model_summary_json/SVM__RDKit_QM__summary.json,mean_std_dict
SVM,RDKit+QM,plum,0.740708042048597,0.015239889176698993,,,,,,results/benchmark_metrics/model_summary_json/SVM__RDKit_QM__summary.json,mean_std_dict
SVM,RDKit+QM,popcorn,0.9851442351842767,0.012260603418818301,,,,,,results/benchmark_metrics/model_summary_json/SVM__RDKit_QM__summary.json,mean_std_dict
SVM,RDKit+QM,potato,0.9479018609763245,0.01999511672240441,,,,,,results/benchmark_metrics/model_summary_json/SVM__RDKit_QM__summary.json,mean_std_dict
SVM,RDKit+QM,pungent,0.8561858003596192,0.028273647617375948,,,,,,results/benchmark_metrics/model_summary_json/SVM__RDKit_QM__summary.json,mean_std_dict
SVM,RDKit+QM,radish,0.8673376451965165,0.06049548548592336,,,,,,results/benchmark_metrics/model_summary_json/SVM__RDKit_QM__summary.json,mean_std_dict
SVM,RDKit+QM,ripe,0.8175981062869988,0.05683336367309288,,,,,,results/benchmark_metrics/model_summary_json/SVM__RDKit_QM__summary.json,mean_std_dict
SVM,RDKit+QM,roasted,0.9111960228534027,0.008009672225696875,,,,,,results/benchmark_metrics/model_summary_json/SVM__RDKit_QM__summary.json,mean_std_dict
SVM,RDKit+QM,rose,0.8564423571048863,0.01734339142589123,,,,,,results/benchmark_metrics/model_summary_json/SVM__RDKit_QM__summary.json,mean_std_dict
SVM,RDKit+QM,rum,0.8694201996122015,0.04265822711675302,,,,,,results/benchmark_metrics/model_summary_json/SVM__RDKit_QM__summary.json,mean_std_dict
SVM,RDKit+QM,savory,0.9352436730432295,0.01302397673054096,,,,,,results/benchmark_metrics/model_summary_json/SVM__RDKit_QM__summary.json,mean_std_dict
SVM,RDKit+QM,sharp,0.8731428540174686,0.03044074815387047,,,,,,results/benchmark_metrics/model_summary_json/SVM__RDKit_QM__summary.json,mean_std_dict
SVM,RDKit+QM,smoky,0.9650684765221452,0.005422661217660449,,,,,,results/benchmark_metrics/model_summary_json/SVM__RDKit_QM__summary.json,mean_std_dict
SVM,RDKit+QM,solvent,0.9426945778996549,0.015358724903370822,,,,,,results/benchmark_metrics/model_summary_json/SVM__RDKit_QM__summary.json,mean_std_dict
SVM,RDKit+QM,sour,0.8776546464506436,0.057311819130480335,,,,,,results/benchmark_metrics/model_summary_json/SVM__RDKit_QM__summary.json,mean_std_dict
SVM,RDKit+QM,spicy,0.8496716583679268,0.013181135013031184,,,,,,results/benchmark_metrics/model_summary_json/SVM__RDKit_QM__summary.json,mean_std_dict
SVM,RDKit+QM,strawberry,0.7662527342273201,0.11947599896840443,,,,,,results/benchmark_metrics/model_summary_json/SVM__RDKit_QM__summary.json,mean_std_dict
SVM,RDKit+QM,sulfurous,0.9624348269234083,0.007025403351997912,,,,,,results/benchmark_metrics/model_summary_json/SVM__RDKit_QM__summary.json,mean_std_dict
SVM,RDKit+QM,sweet,0.7232319457997204,0.01757580535719707,,,,,,results/benchmark_metrics/model_summary_json/SVM__RDKit_QM__summary.json,mean_std_dict
SVM,RDKit+QM,tea,0.7166080523691098,0.0804934501127314,,,,,,results/benchmark_metrics/model_summary_json/SVM__RDKit_QM__summary.json,mean_std_dict
SVM,RDKit+QM,tobacco,0.873550707341219,0.026262780149862677,,,,,,results/benchmark_metrics/model_summary_json/SVM__RDKit_QM__summary.json,mean_std_dict
SVM,RDKit+QM,tomato,0.9028119885468623,0.026749306366834247,,,,,,results/benchmark_metrics/model_summary_json/SVM__RDKit_QM__summary.json,mean_std_dict
SVM,RDKit+QM,tropical,0.8376861254962957,0.016712465337931134,,,,,,results/benchmark_metrics/model_summary_json/SVM__RDKit_QM__summary.json,mean_std_dict
SVM,RDKit+QM,vanilla,0.9416442796569615,0.005549437569659541,,,,,,results/benchmark_metrics/model_summary_json/SVM__RDKit_QM__summary.json,mean_std_dict
SVM,RDKit+QM,vegetable,0.8362056829232015,0.03360549919682574,,,,,,results/benchmark_metrics/model_summary_json/SVM__RDKit_QM__summary.json,mean_std_dict
SVM,RDKit+QM,violet,0.883253268111712,0.11597903433732255,,,,,,results/benchmark_metrics/model_summary_json/SVM__RDKit_QM__summary.json,mean_std_dict
SVM,RDKit+QM,warm,0.7467846847372606,0.07240629825132174,,,,,,results/benchmark_metrics/model_summary_json/SVM__RDKit_QM__summary.json,mean_std_dict
SVM,RDKit+QM,waxy,0.8997401096805412,0.00777596680506945,,,,,,results/benchmark_metrics/model_summary_json/SVM__RDKit_QM__summary.json,mean_std_dict
SVM,RDKit+QM,winey,0.8629690655869393,0.009092697416904931,,,,,,results/benchmark_metrics/model_summary_json/SVM__RDKit_QM__summary.json,mean_std_dict
SVM,RDKit+QM,woody,0.8686496436461335,0.015812519262774577,,,,,,results/benchmark_metrics/model_summary_json/SVM__RDKit_QM__summary.json,mean_std_dict
XGBoost,ECFP4,alcoholic,0.9537018846860204,0.014763270015946375,,,,,,results/benchmark_metrics/model_summary_json/XGBoost__ECFP4__summary.json,mean_std_dict
XGBoost,ECFP4,aldehydic,0.8728263496623627,0.05399960699868542,,,,,,results/benchmark_metrics/model_summary_json/XGBoost__ECFP4__summary.json,mean_std_dict
XGBoost,ECFP4,alliaceous,0.8947190295888057,0.01931942919555295,,,,,,results/benchmark_metrics/model_summary_json/XGBoost__ECFP4__summary.json,mean_std_dict
XGBoost,ECFP4,almond,0.8709695158950614,0.020694852676662857,,,,,,results/benchmark_metrics/model_summary_json/XGBoost__ECFP4__summary.json,mean_std_dict
XGBoost,ECFP4,animal,0.8264817598818965,0.0460028962389937,,,,,,results/benchmark_metrics/model_summary_json/XGBoost__ECFP4__summary.json,mean_std_dict
XGBoost,ECFP4,anisic,0.8866045472903039,0.04064833002250324,,,,,,results/benchmark_metrics/model_summary_json/XGBoost__ECFP4__summary.json,mean_std_dict
XGBoost,ECFP4,apple,0.8761432645899372,0.014513559904417127,,,,,,results/benchmark_metrics/model_summary_json/XGBoost__ECFP4__summary.json,mean_std_dict
XGBoost,ECFP4,apricot,0.7715355562797405,0.07806842260302664,,,,,,results/benchmark_metrics/model_summary_json/XGBoost__ECFP4__summary.json,mean_std_dict
XGBoost,ECFP4,aromatic,0.85160660566891,0.0272556699172486,,,,,,results/benchmark_metrics/model_summary_json/XGBoost__ECFP4__summary.json,mean_std_dict
XGBoost,ECFP4,balsamic,0.9164807830296381,0.017420857163653273,,,,,,results/benchmark_metrics/model_summary_json/XGBoost__ECFP4__summary.json,mean_std_dict
XGBoost,ECFP4,banana,0.8764167682204154,0.022790466840013568,,,,,,results/benchmark_metrics/model_summary_json/XGBoost__ECFP4__summary.json,mean_std_dict
XGBoost,ECFP4,beefy,0.7554576093282798,0.01297152597784277,,,,,,results/benchmark_metrics/model_summary_json/XGBoost__ECFP4__summary.json,mean_std_dict
XGBoost,ECFP4,berry,0.7488052207081894,0.025001576312933323,,,,,,results/benchmark_metrics/model_summary_json/XGBoost__ECFP4__summary.json,mean_std_dict
XGBoost,ECFP4,black currant,0.7089375153870868,0.08894535317019789,,,,,,results/benchmark_metrics/model_summary_json/XGBoost__ECFP4__summary.json,mean_std_dict
XGBoost,ECFP4,brandy,0.879556466703697,0.028654282810848787,,,,,,results/benchmark_metrics/model_summary_json/XGBoost__ECFP4__summary.json,mean_std_dict
XGBoost,ECFP4,bread,0.7558904734263985,0.07665275777612772,,,,,,results/benchmark_metrics/model_summary_json/XGBoost__ECFP4__summary.json,mean_std_dict
XGBoost,ECFP4,brothy,0.8783834495976006,0.06730526435169885,,,,,,results/benchmark_metrics/model_summary_json/XGBoost__ECFP4__summary.json,mean_std_dict
XGBoost,ECFP4,burnt,0.8279979203615879,0.02065147198840085,,,,,,results/benchmark_metrics/model_summary_json/XGBoost__ECFP4__summary.json,mean_std_dict
XGBoost,ECFP4,buttery,0.8213871927980853,0.02908494732476168,,,,,,results/benchmark_metrics/model_summary_json/XGBoost__ECFP4__summary.json,mean_std_dict
XGBoost,ECFP4,cabbage,0.8063629634934527,0.1274035229687034,,,,,,results/benchmark_metrics/model_summary_json/XGBoost__ECFP4__summary.json,mean_std_dict
XGBoost,ECFP4,camphoreous,0.9201734839945581,0.022413907879174914,,,,,,results/benchmark_metrics/model_summary_json/XGBoost__ECFP4__summary.json,mean_std_dict
XGBoost,ECFP4,caramellic,0.8474837014438865,0.01929393643220733,,,,,,results/benchmark_metrics/model_summary_json/XGBoost__ECFP4__summary.json,mean_std_dict
XGBoost,ECFP4,catty,0.8851192010161487,0.09378227658112884,,,,,,results/benchmark_metrics/model_summary_json/XGBoost__ECFP4__summary.json,mean_std_dict
XGBoost,ECFP4,chamomile,0.907798581167528,0.017381384560471533,,,,,,results/benchmark_metrics/model_summary_json/XGBoost__ECFP4__summary.json,mean_std_dict
XGBoost,ECFP4,cheesy,0.8767644292606667,0.024807967536760386,,,,,,results/benchmark_metrics/model_summary_json/XGBoost__ECFP4__summary.json,mean_std_dict
XGBoost,ECFP4,cherry,0.8890557910095798,0.025276477457226488,,,,,,results/benchmark_metrics/model_summary_json/XGBoost__ECFP4__summary.json,mean_std_dict
XGBoost,ECFP4,chicken,0.8194963643764053,0.04099016872048718,,,,,,results/benchmark_metrics/model_summary_json/XGBoost__ECFP4__summary.json,mean_std_dict
XGBoost,ECFP4,chocolate,0.7583049183437945,0.1000514440753094,,,,,,results/benchmark_metrics/model_summary_json/XGBoost__ECFP4__summary.json,mean_std_dict
XGBoost,ECFP4,cinnamon,0.8581734196475507,0.04983752643433799,,,,,,results/benchmark_metrics/model_summary_json/XGBoost__ECFP4__summary.json,mean_std_dict
XGBoost,ECFP4,citrus,0.8636191746803172,0.024083922961687758,,,,,,results/benchmark_metrics/model_summary_json/XGBoost__ECFP4__summary.json,mean_std_dict
XGBoost,ECFP4,cocoa,0.8407803872787483,0.03259229781122561,,,,,,results/benchmark_metrics/model_summary_json/XGBoost__ECFP4__summary.json,mean_std_dict
XGBoost,ECFP4,coconut,0.8749694963267263,0.0236957578460834,,,,,,results/benchmark_metrics/model_summary_json/XGBoost__ECFP4__summary.json,mean_std_dict
XGBoost,ECFP4,coffee,0.9317608178492213,0.013141860352784366,,,,,,results/benchmark_metrics/model_summary_json/XGBoost__ECFP4__summary.json,mean_std_dict
XGBoost,ECFP4,cognac,0.9242902715263135,0.017753607004085348,,,,,,results/benchmark_metrics/model_summary_json/XGBoost__ECFP4__summary.json,mean_std_dict
XGBoost,ECFP4,coumarinic,0.9195023037520403,0.03946382601303641,,,,,,results/benchmark_metrics/model_summary_json/XGBoost__ECFP4__summary.json,mean_std_dict
XGBoost,ECFP4,creamy,0.706809558453004,0.021390779668477872,,,,,,results/benchmark_metrics/model_summary_json/XGBoost__ECFP4__summary.json,mean_std_dict
XGBoost,ECFP4,cucumber,0.8720211527297369,0.06850414827659541,,,,,,results/benchmark_metrics/model_summary_json/XGBoost__ECFP4__summary.json,mean_std_dict
XGBoost,ECFP4,dairy,0.8305147120668128,0.042149852352099254,,,,,,results/benchmark_metrics/model_summary_json/XGBoost__ECFP4__summary.json,mean_std_dict
XGBoost,ECFP4,dry,0.7365133932422385,0.07780790595091548,,,,,,results/benchmark_metrics/model_summary_json/XGBoost__ECFP4__summary.json,mean_std_dict
XGBoost,ECFP4,earthy,0.7320526728344134,0.016091418567089125,,,,,,results/benchmark_metrics/model_summary_json/XGBoost__ECFP4__summary.json,mean_std_dict
XGBoost,ECFP4,ethereal,0.8965718812662461,0.013749793294523603,,,,,,results/benchmark_metrics/model_summary_json/XGBoost__ECFP4__summary.json,mean_std_dict
XGBoost,ECFP4,fatty,0.8964401581617197,0.017222462276033114,,,,,,results/benchmark_metrics/model_summary_json/XGBoost__ECFP4__summary.json,mean_std_dict
XGBoost,ECFP4,fermented,0.833571933517829,0.027521231902150573,,,,,,results/benchmark_metrics/model_summary_json/XGBoost__ECFP4__summary.json,mean_std_dict
XGBoost,ECFP4,fishy,0.8727580882453132,0.02667554794828815,,,,,,results/benchmark_metrics/model_summary_json/XGBoost__ECFP4__summary.json,mean_std_dict
XGBoost,ECFP4,floral,0.8384625338769661,0.012945840258784065,,,,,,results/benchmark_metrics/model_summary_json/XGBoost__ECFP4__summary.json,mean_std_dict
XGBoost,ECFP4,fresh,0.7280165496999336,0.027737816651139058,,,,,,results/benchmark_metrics/model_summary_json/XGBoost__ECFP4__summary.json,mean_std_dict
XGBoost,ECFP4,fruity,0.8453673845309023,0.015578958925947113,,,,,,results/benchmark_metrics/model_summary_json/XGBoost__ECFP4__summary.json,mean_std_dict
XGBoost,ECFP4,garlic,0.9697238507804942,0.0066732318187258145,,,,,,results/benchmark_metrics/model_summary_json/XGBoost__ECFP4__summary.json,mean_std_dict
XGBoost,ECFP4,gasoline,0.8768579863604616,0.021840355044618356,,,,,,results/benchmark_metrics/model_summary_json/XGBoost__ECFP4__summary.json,mean_std_dict
XGBoost,ECFP4,grape,0.8563744307194359,0.04574168430309161,,,,,,results/benchmark_metrics/model_summary_json/XGBoost__ECFP4__summary.json,mean_std_dict
XGBoost,ECFP4,grapefruit,0.7699551021380924,0.07515856780081988,,,,,,results/benchmark_metrics/model_summary_json/XGBoost__ECFP4__summary.json,mean_std_dict
XGBoost,ECFP4,grassy,0.8573541139901074,0.02623953859008463,,,,,,results/benchmark_metrics/model_summary_json/XGBoost__ECFP4__summary.json,mean_std_dict
XGBoost,ECFP4,green,0.765659403793421,0.01110562095497478,,,,,,results/benchmark_metrics/model_summary_json/XGBoost__ECFP4__summary.json,mean_std_dict
XGBoost,ECFP4,hay,0.8032372707299718,0.028907123445912498,,,,,,results/benchmark_metrics/model_summary_json/XGBoost__ECFP4__summary.json,mean_std_dict
XGBoost,ECFP4,hazelnut,0.88376286516796,0.035888753971833054,,,,,,results/benchmark_metrics/model_summary_json/XGBoost__ECFP4__summary.json,mean_std_dict
XGBoost,ECFP4,herbal,0.7095922756003861,0.017117064705048965,,,,,,results/benchmark_metrics/model_summary_json/XGBoost__ECFP4__summary.json,mean_std_dict
XGBoost,ECFP4,honey,0.882873535953169,0.024426164031789592,,,,,,results/benchmark_metrics/model_summary_json/XGBoost__ECFP4__summary.json,mean_std_dict
XGBoost,ECFP4,horseradish,0.8642495144172873,0.058132225351369096,,,,,,results/benchmark_metrics/model_summary_json/XGBoost__ECFP4__summary.json,mean_std_dict
XGBoost,ECFP4,jasmine,0.872941923702324,0.043570065688414594,,,,,,results/benchmark_metrics/model_summary_json/XGBoost__ECFP4__summary.json,mean_std_dict
XGBoost,ECFP4,ketonic,0.9398102454420222,0.004248218987174021,,,,,,results/benchmark_metrics/model_summary_json/XGBoost__ECFP4__summary.json,mean_std_dict
XGBoost,ECFP4,leafy,0.656644610600717,0.03913169922785733,,,,,,results/benchmark_metrics/model_summary_json/XGBoost__ECFP4__summary.json,mean_std_dict
XGBoost,ECFP4,leathery,0.8500495964634597,0.043312198758101814,,,,,,results/benchmark_metrics/model_summary_json/XGBoost__ECFP4__summary.json,mean_std_dict
XGBoost,ECFP4,lemon,0.8777404128112736,0.035793552948268886,,,,,,results/benchmark_metrics/model_summary_json/XGBoost__ECFP4__summary.json,mean_std_dict
XGBoost,ECFP4,malty,0.8737490167330636,0.055381439420528485,,,,,,results/benchmark_metrics/model_summary_json/XGBoost__ECFP4__summary.json,mean_std_dict
XGBoost,ECFP4,meaty,0.927553080635038,0.015885990986715805,,,,,,results/benchmark_metrics/model_summary_json/XGBoost__ECFP4__summary.json,mean_std_dict
XGBoost,ECFP4,medicinal,0.9187416134869568,0.027310010004551445,,,,,,results/benchmark_metrics/model_summary_json/XGBoost__ECFP4__summary.json,mean_std_dict
XGBoost,ECFP4,melon,0.8244833377485161,0.04045160020190496,,,,,,results/benchmark_metrics/model_summary_json/XGBoost__ECFP4__summary.json,mean_std_dict
XGBoost,ECFP4,metallic,0.636264087388523,0.07318324362656255,,,,,,results/benchmark_metrics/model_summary_json/XGBoost__ECFP4__summary.json,mean_std_dict
XGBoost,ECFP4,milky,0.6809808519738122,0.03682117854859212,,,,,,results/benchmark_metrics/model_summary_json/XGBoost__ECFP4__summary.json,mean_std_dict
XGBoost,ECFP4,mint,0.9110847990866,0.012857339086507963,,,,,,results/benchmark_metrics/model_summary_json/XGBoost__ECFP4__summary.json,mean_std_dict
XGBoost,ECFP4,mushroom,0.7361701449691262,0.06092185711456536,,,,,,results/benchmark_metrics/model_summary_json/XGBoost__ECFP4__summary.json,mean_std_dict
XGBoost,ECFP4,musk,0.7748849363080631,0.04137702298940195,,,,,,results/benchmark_metrics/model_summary_json/XGBoost__ECFP4__summary.json,mean_std_dict
XGBoost,ECFP4,musty,0.7060999709952936,0.02260988466155158,,,,,,results/benchmark_metrics/model_summary_json/XGBoost__ECFP4__summary.json,mean_std_dict
XGBoost,ECFP4,nutty,0.7870929218089303,0.02955545412370447,,,,,,results/benchmark_metrics/model_summary_json/XGBoost__ECFP4__summary.json,mean_std_dict
XGBoost,ECFP4,oily,0.8581646625077479,0.02269518199351317,,,,,,results/benchmark_metrics/model_summary_json/XGBoost__ECFP4__summary.json,mean_std_dict
XGBoost,ECFP4,onion,0.9669891921783604,0.013336129241338566,,,,,,results/benchmark_metrics/model_summary_json/XGBoost__ECFP4__summary.json,mean_std_dict
XGBoost,ECFP4,orange,0.7917107494941467,0.08027812851506598,,,,,,results/benchmark_metrics/model_summary_json/XGBoost__ECFP4__summary.json,mean_std_dict
XGBoost,ECFP4,orris,0.7230639256646286,0.025285478594263482,,,,,,results/benchmark_metrics/model_summary_json/XGBoost__ECFP4__summary.json,mean_std_dict
XGBoost,ECFP4,peach,0.8219985140219455,0.05698379599356204,,,,,,results/benchmark_metrics/model_summary_json/XGBoost__ECFP4__summary.json,mean_std_dict
XGBoost,ECFP4,pear,0.9047900239527763,0.033620050883605965,,,,,,results/benchmark_metrics/model_summary_json/XGBoost__ECFP4__summary.json,mean_std_dict
XGBoost,ECFP4,phenolic,0.9563659720346782,0.01934359821702051,,,,,,results/benchmark_metrics/model_summary_json/XGBoost__ECFP4__summary.json,mean_std_dict
XGBoost,ECFP4,pine,0.8834157399454703,0.05433276959114113,,,,,,results/benchmark_metrics/model_summary_json/XGBoost__ECFP4__summary.json,mean_std_dict
XGBoost,ECFP4,pineapple,0.9003667352207827,0.012795245755059444,,,,,,results/benchmark_metrics/model_summary_json/XGBoost__ECFP4__summary.json,mean_std_dict
XGBoost,ECFP4,plum,0.6737290694895248,0.05300361311612665,,,,,,results/benchmark_metrics/model_summary_json/XGBoost__ECFP4__summary.json,mean_std_dict
XGBoost,ECFP4,popcorn,0.9329396552430941,0.0390780220694079,,,,,,results/benchmark_metrics/model_summary_json/XGBoost__ECFP4__summary.json,mean_std_dict
XGBoost,ECFP4,potato,0.8982072432041829,0.06268802452781494,,,,,,results/benchmark_metrics/model_summary_json/XGBoost__ECFP4__summary.json,mean_std_dict
XGBoost,ECFP4,pungent,0.794933771109107,0.0213961650057385,,,,,,results/benchmark_metrics/model_summary_json/XGBoost__ECFP4__summary.json,mean_std_dict
XGBoost,ECFP4,radish,0.792766938766966,0.08976139699264579,,,,,,results/benchmark_metrics/model_summary_json/XGBoost__ECFP4__summary.json,mean_std_dict
XGBoost,ECFP4,ripe,0.6884505100405149,0.07086182385441477,,,,,,results/benchmark_metrics/model_summary_json/XGBoost__ECFP4__summary.json,mean_std_dict
XGBoost,ECFP4,roasted,0.9001066524477181,0.010800728361296419,,,,,,results/benchmark_metrics/model_summary_json/XGBoost__ECFP4__summary.json,mean_std_dict
XGBoost,ECFP4,rose,0.8675331185098996,0.025987508690769396,,,,,,results/benchmark_metrics/model_summary_json/XGBoost__ECFP4__summary.json,mean_std_dict
XGBoost,ECFP4,rum,0.8426024290048979,0.03733753784376558,,,,,,results/benchmark_metrics/model_summary_json/XGBoost__ECFP4__summary.json,mean_std_dict
XGBoost,ECFP4,savory,0.9439929102408083,0.020200401250954163,,,,,,results/benchmark_metrics/model_summary_json/XGBoost__ECFP4__summary.json,mean_std_dict
XGBoost,ECFP4,sharp,0.6385375455696456,0.0483691356786386,,,,,,results/benchmark_metrics/model_summary_json/XGBoost__ECFP4__summary.json,mean_std_dict
XGBoost,ECFP4,smoky,0.9428763169296397,0.012002800575845693,,,,,,results/benchmark_metrics/model_summary_json/XGBoost__ECFP4__summary.json,mean_std_dict
XGBoost,ECFP4,solvent,0.8100217923074476,0.05111328416154992,,,,,,results/benchmark_metrics/model_summary_json/XGBoost__ECFP4__summary.json,mean_std_dict
XGBoost,ECFP4,sour,0.7999930937750976,0.07019467232153806,,,,,,results/benchmark_metrics/model_summary_json/XGBoost__ECFP4__summary.json,mean_std_dict
XGBoost,ECFP4,spicy,0.8393078587535232,0.012429954354599858,,,,,,results/benchmark_metrics/model_summary_json/XGBoost__ECFP4__summary.json,mean_std_dict
XGBoost,ECFP4,strawberry,0.7775938909584672,0.07001030330801303,,,,,,results/benchmark_metrics/model_summary_json/XGBoost__ECFP4__summary.json,mean_std_dict
XGBoost,ECFP4,sulfurous,0.9533662424283605,0.0046635125859591725,,,,,,results/benchmark_metrics/model_summary_json/XGBoost__ECFP4__summary.json,mean_std_dict
XGBoost,ECFP4,sweet,0.7327459151939438,0.013165770639791675,,,,,,results/benchmark_metrics/model_summary_json/XGBoost__ECFP4__summary.json,mean_std_dict
XGBoost,ECFP4,tea,0.6316937187433205,0.04299530283322075,,,,,,results/benchmark_metrics/model_summary_json/XGBoost__ECFP4__summary.json,mean_std_dict
XGBoost,ECFP4,tobacco,0.8430287796062383,0.03638169999310762,,,,,,results/benchmark_metrics/model_summary_json/XGBoost__ECFP4__summary.json,mean_std_dict
XGBoost,ECFP4,tomato,0.7599630100627105,0.05874660063620264,,,,,,results/benchmark_metrics/model_summary_json/XGBoost__ECFP4__summary.json,mean_std_dict
XGBoost,ECFP4,tropical,0.8166767551336186,0.012078580473825776,,,,,,results/benchmark_metrics/model_summary_json/XGBoost__ECFP4__summary.json,mean_std_dict
XGBoost,ECFP4,vanilla,0.9364990196610652,0.017041554670653925,,,,,,results/benchmark_metrics/model_summary_json/XGBoost__ECFP4__summary.json,mean_std_dict
XGBoost,ECFP4,vegetable,0.8304864394104954,0.03608158246105866,,,,,,results/benchmark_metrics/model_summary_json/XGBoost__ECFP4__summary.json,mean_std_dict
XGBoost,ECFP4,violet,0.7597451964033833,0.11171700449113138,,,,,,results/benchmark_metrics/model_summary_json/XGBoost__ECFP4__summary.json,mean_std_dict
XGBoost,ECFP4,warm,0.6951558804725225,0.07499513914779654,,,,,,results/benchmark_metrics/model_summary_json/XGBoost__ECFP4__summary.json,mean_std_dict
XGBoost,ECFP4,waxy,0.8937885921915184,0.004426281750997748,,,,,,results/benchmark_metrics/model_summary_json/XGBoost__ECFP4__summary.json,mean_std_dict
XGBoost,ECFP4,winey,0.8555847717689697,0.012068058503089478,,,,,,results/benchmark_metrics/model_summary_json/XGBoost__ECFP4__summary.json,mean_std_dict
XGBoost,ECFP4,woody,0.8523817310055973,0.01579418596130754,,,,,,results/benchmark_metrics/model_summary_json/XGBoost__ECFP4__summary.json,mean_std_dict
XGBoost,QM,alcoholic,0.9633651398374431,0.0068005358416688534,,,,,,results/benchmark_metrics/model_summary_json/XGBoost__QM__summary.json,mean_std_dict
XGBoost,QM,aldehydic,0.7457600256884138,0.04120096065920501,,,,,,results/benchmark_metrics/model_summary_json/XGBoost__QM__summary.json,mean_std_dict
XGBoost,QM,alliaceous,0.9215748681295537,0.013284472019061591,,,,,,results/benchmark_metrics/model_summary_json/XGBoost__QM__summary.json,mean_std_dict
XGBoost,QM,almond,0.9187435177639159,0.04402273827688118,,,,,,results/benchmark_metrics/model_summary_json/XGBoost__QM__summary.json,mean_std_dict
XGBoost,QM,animal,0.8204236046288594,0.04016153318618228,,,,,,results/benchmark_metrics/model_summary_json/XGBoost__QM__summary.json,mean_std_dict
XGBoost,QM,anisic,0.9047648644498952,0.03323491133864796,,,,,,results/benchmark_metrics/model_summary_json/XGBoost__QM__summary.json,mean_std_dict
XGBoost,QM,apple,0.8885956269289931,0.017569868260151156,,,,,,results/benchmark_metrics/model_summary_json/XGBoost__QM__summary.json,mean_std_dict
XGBoost,QM,apricot,0.6888215932048298,0.04883897197903436,,,,,,results/benchmark_metrics/model_summary_json/XGBoost__QM__summary.json,mean_std_dict
XGBoost,QM,aromatic,0.8425341949414056,0.0295506761764256,,,,,,results/benchmark_metrics/model_summary_json/XGBoost__QM__summary.json,mean_std_dict
XGBoost,QM,balsamic,0.9254514061645491,0.012499547728118619,,,,,,results/benchmark_metrics/model_summary_json/XGBoost__QM__summary.json,mean_std_dict
XGBoost,QM,banana,0.9203984030992309,0.029573501963990466,,,,,,results/benchmark_metrics/model_summary_json/XGBoost__QM__summary.json,mean_std_dict
XGBoost,QM,beefy,0.8403989686075766,0.03569436201712525,,,,,,results/benchmark_metrics/model_summary_json/XGBoost__QM__summary.json,mean_std_dict
XGBoost,QM,berry,0.6535736832832737,0.03999205545817473,,,,,,results/benchmark_metrics/model_summary_json/XGBoost__QM__summary.json,mean_std_dict
XGBoost,QM,black currant,0.8127468011948773,0.05697588982680818,,,,,,results/benchmark_metrics/model_summary_json/XGBoost__QM__summary.json,mean_std_dict
XGBoost,QM,brandy,0.8234673694830074,0.039353233519570964,,,,,,results/benchmark_metrics/model_summary_json/XGBoost__QM__summary.json,mean_std_dict
XGBoost,QM,bread,0.8324918852979447,0.03759652988491735,,,,,,results/benchmark_metrics/model_summary_json/XGBoost__QM__summary.json,mean_std_dict
XGBoost,QM,brothy,0.8325331044578729,0.05959045452955276,,,,,,results/benchmark_metrics/model_summary_json/XGBoost__QM__summary.json,mean_std_dict
XGBoost,QM,burnt,0.8420244940680212,0.031093130668916998,,,,,,results/benchmark_metrics/model_summary_json/XGBoost__QM__summary.json,mean_std_dict
XGBoost,QM,buttery,0.8101665669692171,0.03456826481731388,,,,,,results/benchmark_metrics/model_summary_json/XGBoost__QM__summary.json,mean_std_dict
XGBoost,QM,cabbage,0.8213540006039709,0.037922180592418725,,,,,,results/benchmark_metrics/model_summary_json/XGBoost__QM__summary.json,mean_std_dict
XGBoost,QM,camphoreous,0.8805290668697536,0.05966328842438819,,,,,,results/benchmark_metrics/model_summary_json/XGBoost__QM__summary.json,mean_std_dict
XGBoost,QM,caramellic,0.9024246301618583,0.007880800431073426,,,,,,results/benchmark_metrics/model_summary_json/XGBoost__QM__summary.json,mean_std_dict
XGBoost,QM,catty,0.8527400773133099,0.04488319396792755,,,,,,results/benchmark_metrics/model_summary_json/XGBoost__QM__summary.json,mean_std_dict
XGBoost,QM,chamomile,0.8625150156032602,0.05378831278160944,,,,,,results/benchmark_metrics/model_summary_json/XGBoost__QM__summary.json,mean_std_dict
XGBoost,QM,cheesy,0.8811328063410743,0.019904020167237708,,,,,,results/benchmark_metrics/model_summary_json/XGBoost__QM__summary.json,mean_std_dict
XGBoost,QM,cherry,0.8538869358937525,0.04241664370544561,,,,,,results/benchmark_metrics/model_summary_json/XGBoost__QM__summary.json,mean_std_dict
XGBoost,QM,chicken,0.7804730545830855,0.05395737450733381,,,,,,results/benchmark_metrics/model_summary_json/XGBoost__QM__summary.json,mean_std_dict
XGBoost,QM,chocolate,0.7561751640843777,0.10876971460416869,,,,,,results/benchmark_metrics/model_summary_json/XGBoost__QM__summary.json,mean_std_dict
XGBoost,QM,cinnamon,0.9206492706407954,0.01837236940930268,,,,,,results/benchmark_metrics/model_summary_json/XGBoost__QM__summary.json,mean_std_dict
XGBoost,QM,citrus,0.8505553675972525,0.013226074039746056,,,,,,results/benchmark_metrics/model_summary_json/XGBoost__QM__summary.json,mean_std_dict
XGBoost,QM,cocoa,0.8228728066496741,0.028734460780547214,,,,,,results/benchmark_metrics/model_summary_json/XGBoost__QM__summary.json,mean_std_dict
XGBoost,QM,coconut,0.8363324306317731,0.04806395364111771,,,,,,results/benchmark_metrics/model_summary_json/XGBoost__QM__summary.json,mean_std_dict
XGBoost,QM,coffee,0.913785258940998,0.016680249708558994,,,,,,results/benchmark_metrics/model_summary_json/XGBoost__QM__summary.json,mean_std_dict
XGBoost,QM,cognac,0.9316866713283037,0.017562906152940008,,,,,,results/benchmark_metrics/model_summary_json/XGBoost__QM__summary.json,mean_std_dict
XGBoost,QM,coumarinic,0.9294433452559335,0.021194554333238604,,,,,,results/benchmark_metrics/model_summary_json/XGBoost__QM__summary.json,mean_std_dict
XGBoost,QM,creamy,0.7053873787203218,0.033427442330313875,,,,,,results/benchmark_metrics/model_summary_json/XGBoost__QM__summary.json,mean_std_dict
XGBoost,QM,cucumber,0.8918967740287785,0.032200895441555535,,,,,,results/benchmark_metrics/model_summary_json/XGBoost__QM__summary.json,mean_std_dict
XGBoost,QM,dairy,0.776171737237494,0.042493320386450234,,,,,,results/benchmark_metrics/model_summary_json/XGBoost__QM__summary.json,mean_std_dict
XGBoost,QM,dry,0.7810315900645473,0.10040954632421252,,,,,,results/benchmark_metrics/model_summary_json/XGBoost__QM__summary.json,mean_std_dict
XGBoost,QM,earthy,0.7192417705436028,0.011705116435463979,,,,,,results/benchmark_metrics/model_summary_json/XGBoost__QM__summary.json,mean_std_dict
XGBoost,QM,ethereal,0.9335224825010503,0.018834905586100927,,,,,,results/benchmark_metrics/model_summary_json/XGBoost__QM__summary.json,mean_std_dict
XGBoost,QM,fatty,0.8953950333786344,0.01334905123411812,,,,,,results/benchmark_metrics/model_summary_json/XGBoost__QM__summary.json,mean_std_dict
XGBoost,QM,fermented,0.8777351628360966,0.016663088576836037,,,,,,results/benchmark_metrics/model_summary_json/XGBoost__QM__summary.json,mean_std_dict
XGBoost,QM,fishy,0.806731591465363,0.10590661561184062,,,,,,results/benchmark_metrics/model_summary_json/XGBoost__QM__summary.json,mean_std_dict
XGBoost,QM,floral,0.8338260559878844,0.013828104279965564,,,,,,results/benchmark_metrics/model_summary_json/XGBoost__QM__summary.json,mean_std_dict
XGBoost,QM,fresh,0.6930790700126795,0.01129836825899827,,,,,,results/benchmark_metrics/model_summary_json/XGBoost__QM__summary.json,mean_std_dict
XGBoost,QM,fruity,0.8406211537190309,0.013461850924725658,,,,,,results/benchmark_metrics/model_summary_json/XGBoost__QM__summary.json,mean_std_dict
XGBoost,QM,garlic,0.9578980172511162,0.01168085627302886,,,,,,results/benchmark_metrics/model_summary_json/XGBoost__QM__summary.json,mean_std_dict
XGBoost,QM,gasoline,0.9311429007307105,0.04484829522682259,,,,,,results/benchmark_metrics/model_summary_json/XGBoost__QM__summary.json,mean_std_dict
XGBoost,QM,grape,0.8220287714957992,0.07612813154625533,,,,,,results/benchmark_metrics/model_summary_json/XGBoost__QM__summary.json,mean_std_dict
XGBoost,QM,grapefruit,0.7806933283979145,0.03380881597872873,,,,,,results/benchmark_metrics/model_summary_json/XGBoost__QM__summary.json,mean_std_dict
XGBoost,QM,grassy,0.8151127789969139,0.05030738663135482,,,,,,results/benchmark_metrics/model_summary_json/XGBoost__QM__summary.json,mean_std_dict
XGBoost,QM,green,0.7810872383553962,0.014802672727399878,,,,,,results/benchmark_metrics/model_summary_json/XGBoost__QM__summary.json,mean_std_dict
XGBoost,QM,hay,0.8026838251704225,0.019861425057468424,,,,,,results/benchmark_metrics/model_summary_json/XGBoost__QM__summary.json,mean_std_dict
XGBoost,QM,hazelnut,0.8846175584088567,0.048337496642925165,,,,,,results/benchmark_metrics/model_summary_json/XGBoost__QM__summary.json,mean_std_dict
XGBoost,QM,herbal,0.7410621657482359,0.01488675128207833,,,,,,results/benchmark_metrics/model_summary_json/XGBoost__QM__summary.json,mean_std_dict
XGBoost,QM,honey,0.8749520702143372,0.015353871597073538,,,,,,results/benchmark_metrics/model_summary_json/XGBoost__QM__summary.json,mean_std_dict
XGBoost,QM,horseradish,0.9566794777224811,0.03507397284551169,,,,,,results/benchmark_metrics/model_summary_json/XGBoost__QM__summary.json,mean_std_dict
XGBoost,QM,jasmine,0.8327876933035128,0.03272287414875517,,,,,,results/benchmark_metrics/model_summary_json/XGBoost__QM__summary.json,mean_std_dict
XGBoost,QM,ketonic,0.9340763066871807,0.039496425923947066,,,,,,results/benchmark_metrics/model_summary_json/XGBoost__QM__summary.json,mean_std_dict
XGBoost,QM,leafy,0.5996458086391175,0.08638181367177898,,,,,,results/benchmark_metrics/model_summary_json/XGBoost__QM__summary.json,mean_std_dict
XGBoost,QM,leathery,0.857576354293931,0.058896847453958796,,,,,,results/benchmark_metrics/model_summary_json/XGBoost__QM__summary.json,mean_std_dict
XGBoost,QM,lemon,0.8443052248498109,0.02459693311287453,,,,,,results/benchmark_metrics/model_summary_json/XGBoost__QM__summary.json,mean_std_dict
XGBoost,QM,malty,0.821205825387058,0.14930683804553926,,,,,,results/benchmark_metrics/model_summary_json/XGBoost__QM__summary.json,mean_std_dict
XGBoost,QM,meaty,0.8948472140605382,0.01765829704405859,,,,,,results/benchmark_metrics/model_summary_json/XGBoost__QM__summary.json,mean_std_dict
XGBoost,QM,medicinal,0.9150721433028595,0.009846220108679216,,,,,,results/benchmark_metrics/model_summary_json/XGBoost__QM__summary.json,mean_std_dict
XGBoost,QM,melon,0.800321298167928,0.04379891675970592,,,,,,results/benchmark_metrics/model_summary_json/XGBoost__QM__summary.json,mean_std_dict
XGBoost,QM,metallic,0.6594924749318373,0.043881323798250056,,,,,,results/benchmark_metrics/model_summary_json/XGBoost__QM__summary.json,mean_std_dict
XGBoost,QM,milky,0.6844473535051774,0.09526130001730303,,,,,,results/benchmark_metrics/model_summary_json/XGBoost__QM__summary.json,mean_std_dict
XGBoost,QM,mint,0.8987666442911888,0.029315598609414076,,,,,,results/benchmark_metrics/model_summary_json/XGBoost__QM__summary.json,mean_std_dict
XGBoost,QM,mushroom,0.762987001962825,0.0626433275553776,,,,,,results/benchmark_metrics/model_summary_json/XGBoost__QM__summary.json,mean_std_dict
XGBoost,QM,musk,0.8553488136897819,0.037460509917086736,,,,,,results/benchmark_metrics/model_summary_json/XGBoost__QM__summary.json,mean_std_dict
XGBoost,QM,musty,0.7434090534745683,0.024509102347654042,,,,,,results/benchmark_metrics/model_summary_json/XGBoost__QM__summary.json,mean_std_dict
XGBoost,QM,nutty,0.8253887038307196,0.018817009909822716,,,,,,results/benchmark_metrics/model_summary_json/XGBoost__QM__summary.json,mean_std_dict
XGBoost,QM,oily,0.8358657158931593,0.03388142988030432,,,,,,results/benchmark_metrics/model_summary_json/XGBoost__QM__summary.json,mean_std_dict
XGBoost,QM,onion,0.9474359411646407,0.006757263395955694,,,,,,results/benchmark_metrics/model_summary_json/XGBoost__QM__summary.json,mean_std_dict
XGBoost,QM,orange,0.8468260063848193,0.04478653387588765,,,,,,results/benchmark_metrics/model_summary_json/XGBoost__QM__summary.json,mean_std_dict
XGBoost,QM,orris,0.7804909781304926,0.03885795425715307,,,,,,results/benchmark_metrics/model_summary_json/XGBoost__QM__summary.json,mean_std_dict
XGBoost,QM,peach,0.7823554053337115,0.05444277137340811,,,,,,results/benchmark_metrics/model_summary_json/XGBoost__QM__summary.json,mean_std_dict
XGBoost,QM,pear,0.8841717821409512,0.036648496735479756,,,,,,results/benchmark_metrics/model_summary_json/XGBoost__QM__summary.json,mean_std_dict
XGBoost,QM,phenolic,0.9691969187469553,0.010571593157859566,,,,,,results/benchmark_metrics/model_summary_json/XGBoost__QM__summary.json,mean_std_dict
XGBoost,QM,pine,0.9266750027867786,0.0480338253769828,,,,,,results/benchmark_metrics/model_summary_json/XGBoost__QM__summary.json,mean_std_dict
XGBoost,QM,pineapple,0.899078820780338,0.013853564365152268,,,,,,results/benchmark_metrics/model_summary_json/XGBoost__QM__summary.json,mean_std_dict
XGBoost,QM,plum,0.7069777885733788,0.026888351105249935,,,,,,results/benchmark_metrics/model_summary_json/XGBoost__QM__summary.json,mean_std_dict
XGBoost,QM,popcorn,0.9585677348802578,0.014635163242682358,,,,,,results/benchmark_metrics/model_summary_json/XGBoost__QM__summary.json,mean_std_dict
XGBoost,QM,potato,0.9087103537371745,0.04206212456092511,,,,,,results/benchmark_metrics/model_summary_json/XGBoost__QM__summary.json,mean_std_dict
XGBoost,QM,pungent,0.855956317730492,0.020219360373961544,,,,,,results/benchmark_metrics/model_summary_json/XGBoost__QM__summary.json,mean_std_dict
XGBoost,QM,radish,0.8234524343437422,0.06855480593188033,,,,,,results/benchmark_metrics/model_summary_json/XGBoost__QM__summary.json,mean_std_dict
XGBoost,QM,ripe,0.6623558868261069,0.05064234937347525,,,,,,results/benchmark_metrics/model_summary_json/XGBoost__QM__summary.json,mean_std_dict
XGBoost,QM,roasted,0.9049303886413046,0.005524248616365139,,,,,,results/benchmark_metrics/model_summary_json/XGBoost__QM__summary.json,mean_std_dict
XGBoost,QM,rose,0.8777545131838498,0.014955804775856474,,,,,,results/benchmark_metrics/model_summary_json/XGBoost__QM__summary.json,mean_std_dict
XGBoost,QM,rum,0.8908029062929261,0.03477314616271017,,,,,,results/benchmark_metrics/model_summary_json/XGBoost__QM__summary.json,mean_std_dict
XGBoost,QM,savory,0.9107450185666434,0.025035452088614792,,,,,,results/benchmark_metrics/model_summary_json/XGBoost__QM__summary.json,mean_std_dict
XGBoost,QM,sharp,0.7577618485698612,0.04455236571364188,,,,,,results/benchmark_metrics/model_summary_json/XGBoost__QM__summary.json,mean_std_dict
XGBoost,QM,smoky,0.93910650071667,0.018959704707718728,,,,,,results/benchmark_metrics/model_summary_json/XGBoost__QM__summary.json,mean_std_dict
XGBoost,QM,solvent,0.9265802648646492,0.01786858533520168,,,,,,results/benchmark_metrics/model_summary_json/XGBoost__QM__summary.json,mean_std_dict
XGBoost,QM,sour,0.8278535045479757,0.043684555721980704,,,,,,results/benchmark_metrics/model_summary_json/XGBoost__QM__summary.json,mean_std_dict
XGBoost,QM,spicy,0.8345540199035847,0.018449839970489768,,,,,,results/benchmark_metrics/model_summary_json/XGBoost__QM__summary.json,mean_std_dict
XGBoost,QM,strawberry,0.5979875811546544,0.11956892582367308,,,,,,results/benchmark_metrics/model_summary_json/XGBoost__QM__summary.json,mean_std_dict
XGBoost,QM,sulfurous,0.9414605739555795,0.0077028842464230435,,,,,,results/benchmark_metrics/model_summary_json/XGBoost__QM__summary.json,mean_std_dict
XGBoost,QM,sweet,0.7165132128757336,0.01878651133190982,,,,,,results/benchmark_metrics/model_summary_json/XGBoost__QM__summary.json,mean_std_dict
XGBoost,QM,tea,0.7037126521918549,0.037848591779568466,,,,,,results/benchmark_metrics/model_summary_json/XGBoost__QM__summary.json,mean_std_dict
XGBoost,QM,tobacco,0.8084177094779935,0.040066138599464625,,,,,,results/benchmark_metrics/model_summary_json/XGBoost__QM__summary.json,mean_std_dict
XGBoost,QM,tomato,0.7970461635851616,0.04614670821083946,,,,,,results/benchmark_metrics/model_summary_json/XGBoost__QM__summary.json,mean_std_dict
XGBoost,QM,tropical,0.8435144186717967,0.018578375878055716,,,,,,results/benchmark_metrics/model_summary_json/XGBoost__QM__summary.json,mean_std_dict
XGBoost,QM,vanilla,0.9434813269019344,0.014473038098688672,,,,,,results/benchmark_metrics/model_summary_json/XGBoost__QM__summary.json,mean_std_dict
XGBoost,QM,vegetable,0.8362807703461403,0.03862826508098644,,,,,,results/benchmark_metrics/model_summary_json/XGBoost__QM__summary.json,mean_std_dict
XGBoost,QM,violet,0.8564147758472431,0.07459947989773674,,,,,,results/benchmark_metrics/model_summary_json/XGBoost__QM__summary.json,mean_std_dict
XGBoost,QM,warm,0.710797443479428,0.028529670251530737,,,,,,results/benchmark_metrics/model_summary_json/XGBoost__QM__summary.json,mean_std_dict
XGBoost,QM,waxy,0.8950193925837828,0.015389406689026906,,,,,,results/benchmark_metrics/model_summary_json/XGBoost__QM__summary.json,mean_std_dict
XGBoost,QM,winey,0.8496615514951905,0.020800455931106562,,,,,,results/benchmark_metrics/model_summary_json/XGBoost__QM__summary.json,mean_std_dict
XGBoost,QM,woody,0.8363965224546541,0.025083793725709323,,,,,,results/benchmark_metrics/model_summary_json/XGBoost__QM__summary.json,mean_std_dict
XGBoost,RDKit,alcoholic,0.9748167461321804,0.003231264784587516,,,,,,results/benchmark_metrics/model_summary_json/XGBoost__RDKit__summary.json,mean_std_dict
XGBoost,RDKit,aldehydic,0.6019282078962807,0.07562730633693629,,,,,,results/benchmark_metrics/model_summary_json/XGBoost__RDKit__summary.json,mean_std_dict
XGBoost,RDKit,alliaceous,0.9031081587606407,0.033325873117673925,,,,,,results/benchmark_metrics/model_summary_json/XGBoost__RDKit__summary.json,mean_std_dict
XGBoost,RDKit,almond,0.8897439067122844,0.01455244252825963,,,,,,results/benchmark_metrics/model_summary_json/XGBoost__RDKit__summary.json,mean_std_dict
XGBoost,RDKit,animal,0.7744798036146643,0.06072884106356098,,,,,,results/benchmark_metrics/model_summary_json/XGBoost__RDKit__summary.json,mean_std_dict
XGBoost,RDKit,anisic,0.8625716150381549,0.02261284332177782,,,,,,results/benchmark_metrics/model_summary_json/XGBoost__RDKit__summary.json,mean_std_dict
XGBoost,RDKit,apple,0.868290201760584,0.01550733032379089,,,,,,results/benchmark_metrics/model_summary_json/XGBoost__RDKit__summary.json,mean_std_dict
XGBoost,RDKit,apricot,0.7120532155977815,0.07942899898832277,,,,,,results/benchmark_metrics/model_summary_json/XGBoost__RDKit__summary.json,mean_std_dict
XGBoost,RDKit,aromatic,0.8230450844057019,0.030497882082702384,,,,,,results/benchmark_metrics/model_summary_json/XGBoost__RDKit__summary.json,mean_std_dict
XGBoost,RDKit,balsamic,0.9125231108097683,0.007444786546624549,,,,,,results/benchmark_metrics/model_summary_json/XGBoost__RDKit__summary.json,mean_std_dict
XGBoost,RDKit,banana,0.9008534495360291,0.03327710283169604,,,,,,results/benchmark_metrics/model_summary_json/XGBoost__RDKit__summary.json,mean_std_dict
XGBoost,RDKit,beefy,0.7752342610883503,0.07520033930689046,,,,,,results/benchmark_metrics/model_summary_json/XGBoost__RDKit__summary.json,mean_std_dict
XGBoost,RDKit,berry,0.6737339157655111,0.03071226266617404,,,,,,results/benchmark_metrics/model_summary_json/XGBoost__RDKit__summary.json,mean_std_dict
XGBoost,RDKit,black currant,0.6984252893460076,0.11118172630639823,,,,,,results/benchmark_metrics/model_summary_json/XGBoost__RDKit__summary.json,mean_std_dict
XGBoost,RDKit,brandy,0.7812275435062549,0.03963354137624145,,,,,,results/benchmark_metrics/model_summary_json/XGBoost__RDKit__summary.json,mean_std_dict
XGBoost,RDKit,bread,0.8530101775914201,0.029097128015644614,,,,,,results/benchmark_metrics/model_summary_json/XGBoost__RDKit__summary.json,mean_std_dict
XGBoost,RDKit,brothy,0.7835554381490735,0.09085665345820024,,,,,,results/benchmark_metrics/model_summary_json/XGBoost__RDKit__summary.json,mean_std_dict
XGBoost,RDKit,burnt,0.8257823153285313,0.033941390731209733,,,,,,results/benchmark_metrics/model_summary_json/XGBoost__RDKit__summary.json,mean_std_dict
XGBoost,RDKit,buttery,0.7938469797544405,0.012994231776412088,,,,,,results/benchmark_metrics/model_summary_json/XGBoost__RDKit__summary.json,mean_std_dict
XGBoost,RDKit,cabbage,0.8492783205999883,0.03341295128226685,,,,,,results/benchmark_metrics/model_summary_json/XGBoost__RDKit__summary.json,mean_std_dict
XGBoost,RDKit,camphoreous,0.9215510168388199,0.027568359547827312,,,,,,results/benchmark_metrics/model_summary_json/XGBoost__RDKit__summary.json,mean_std_dict
XGBoost,RDKit,caramellic,0.8829886723240314,0.006887690143915881,,,,,,results/benchmark_metrics/model_summary_json/XGBoost__RDKit__summary.json,mean_std_dict
XGBoost,RDKit,catty,0.9158160050996862,0.04016282045705912,,,,,,results/benchmark_metrics/model_summary_json/XGBoost__RDKit__summary.json,mean_std_dict
XGBoost,RDKit,chamomile,0.8492169308288758,0.0660480407872845,,,,,,results/benchmark_metrics/model_summary_json/XGBoost__RDKit__summary.json,mean_std_dict
XGBoost,RDKit,cheesy,0.8729708794890099,0.012372985849633054,,,,,,results/benchmark_metrics/model_summary_json/XGBoost__RDKit__summary.json,mean_std_dict
XGBoost,RDKit,cherry,0.8694450653675411,0.044044751225845356,,,,,,results/benchmark_metrics/model_summary_json/XGBoost__RDKit__summary.json,mean_std_dict
XGBoost,RDKit,chicken,0.7017923100993738,0.0457753749854437,,,,,,results/benchmark_metrics/model_summary_json/XGBoost__RDKit__summary.json,mean_std_dict
XGBoost,RDKit,chocolate,0.6890272651873347,0.07472495294942418,,,,,,results/benchmark_metrics/model_summary_json/XGBoost__RDKit__summary.json,mean_std_dict
XGBoost,RDKit,cinnamon,0.8851392394765089,0.01649819727068853,,,,,,results/benchmark_metrics/model_summary_json/XGBoost__RDKit__summary.json,mean_std_dict
XGBoost,RDKit,citrus,0.8371253933030294,0.010875921836631606,,,,,,results/benchmark_metrics/model_summary_json/XGBoost__RDKit__summary.json,mean_std_dict
XGBoost,RDKit,cocoa,0.7834787265154772,0.03488034422796422,,,,,,results/benchmark_metrics/model_summary_json/XGBoost__RDKit__summary.json,mean_std_dict
XGBoost,RDKit,coconut,0.7244675770234703,0.038010429503621955,,,,,,results/benchmark_metrics/model_summary_json/XGBoost__RDKit__summary.json,mean_std_dict
XGBoost,RDKit,coffee,0.9237774551390012,0.01727623905436438,,,,,,results/benchmark_metrics/model_summary_json/XGBoost__RDKit__summary.json,mean_std_dict
XGBoost,RDKit,cognac,0.9103964618729098,0.02169856998106115,,,,,,results/benchmark_metrics/model_summary_json/XGBoost__RDKit__summary.json,mean_std_dict
XGBoost,RDKit,coumarinic,0.8471064005510793,0.04974483604650076,,,,,,results/benchmark_metrics/model_summary_json/XGBoost__RDKit__summary.json,mean_std_dict
XGBoost,RDKit,creamy,0.6288196922786593,0.021455866646351688,,,,,,results/benchmark_metrics/model_summary_json/XGBoost__RDKit__summary.json,mean_std_dict
XGBoost,RDKit,cucumber,0.9364933421481597,0.03296101954887653,,,,,,results/benchmark_metrics/model_summary_json/XGBoost__RDKit__summary.json,mean_std_dict
XGBoost,RDKit,dairy,0.722699083021726,0.054535684755561746,,,,,,results/benchmark_metrics/model_summary_json/XGBoost__RDKit__summary.json,mean_std_dict
XGBoost,RDKit,dry,0.8029228069953765,0.054274337265462255,,,,,,results/benchmark_metrics/model_summary_json/XGBoost__RDKit__summary.json,mean_std_dict
XGBoost,RDKit,earthy,0.7142763315000435,0.018435581983978554,,,,,,results/benchmark_metrics/model_summary_json/XGBoost__RDKit__summary.json,mean_std_dict
XGBoost,RDKit,ethereal,0.9122846288827173,0.020977497924076268,,,,,,results/benchmark_metrics/model_summary_json/XGBoost__RDKit__summary.json,mean_std_dict
XGBoost,RDKit,fatty,0.8883771268210052,0.021483736991299587,,,,,,results/benchmark_metrics/model_summary_json/XGBoost__RDKit__summary.json,mean_std_dict
XGBoost,RDKit,fermented,0.8380631989666177,0.031579168376324185,,,,,,results/benchmark_metrics/model_summary_json/XGBoost__RDKit__summary.json,mean_std_dict
XGBoost,RDKit,fishy,0.8578539019893305,0.038203620102911215,,,,,,results/benchmark_metrics/model_summary_json/XGBoost__RDKit__summary.json,mean_std_dict
XGBoost,RDKit,floral,0.8283537853172191,0.014850350388026446,,,,,,results/benchmark_metrics/model_summary_json/XGBoost__RDKit__summary.json,mean_std_dict
XGBoost,RDKit,fresh,0.67272465236487,0.023239982595691197,,,,,,results/benchmark_metrics/model_summary_json/XGBoost__RDKit__summary.json,mean_std_dict
XGBoost,RDKit,fruity,0.8368543883479175,0.01962225229220679,,,,,,results/benchmark_metrics/model_summary_json/XGBoost__RDKit__summary.json,mean_std_dict
XGBoost,RDKit,garlic,0.9572482202694342,0.01988498242890407,,,,,,results/benchmark_metrics/model_summary_json/XGBoost__RDKit__summary.json,mean_std_dict
XGBoost,RDKit,gasoline,0.9334476100971525,0.020867171745176105,,,,,,results/benchmark_metrics/model_summary_json/XGBoost__RDKit__summary.json,mean_std_dict
XGBoost,RDKit,grape,0.8444612618915098,0.05799928574689065,,,,,,results/benchmark_metrics/model_summary_json/XGBoost__RDKit__summary.json,mean_std_dict
XGBoost,RDKit,grapefruit,0.7702323680386345,0.022011357848289045,,,,,,results/benchmark_metrics/model_summary_json/XGBoost__RDKit__summary.json,mean_std_dict
XGBoost,RDKit,grassy,0.7899269570354933,0.09057634218333843,,,,,,results/benchmark_metrics/model_summary_json/XGBoost__RDKit__summary.json,mean_std_dict
XGBoost,RDKit,green,0.7800141748630484,0.011681633932672453,,,,,,results/benchmark_metrics/model_summary_json/XGBoost__RDKit__summary.json,mean_std_dict
XGBoost,RDKit,hay,0.7390890001857781,0.026187111292738374,,,,,,results/benchmark_metrics/model_summary_json/XGBoost__RDKit__summary.json,mean_std_dict
XGBoost,RDKit,hazelnut,0.8931005072592413,0.026404741840362577,,,,,,results/benchmark_metrics/model_summary_json/XGBoost__RDKit__summary.json,mean_std_dict
XGBoost,RDKit,herbal,0.7190308198568754,0.016056245791748622,,,,,,results/benchmark_metrics/model_summary_json/XGBoost__RDKit__summary.json,mean_std_dict
XGBoost,RDKit,honey,0.8436520088254491,0.03485669733746663,,,,,,results/benchmark_metrics/model_summary_json/XGBoost__RDKit__summary.json,mean_std_dict
XGBoost,RDKit,horseradish,0.9523011178151195,0.011388698382920365,,,,,,results/benchmark_metrics/model_summary_json/XGBoost__RDKit__summary.json,mean_std_dict
XGBoost,RDKit,jasmine,0.7781065981571557,0.022719241650701757,,,,,,results/benchmark_metrics/model_summary_json/XGBoost__RDKit__summary.json,mean_std_dict
XGBoost,RDKit,ketonic,0.9287124265556546,0.010910730207337639,,,,,,results/benchmark_metrics/model_summary_json/XGBoost__RDKit__summary.json,mean_std_dict
XGBoost,RDKit,leafy,0.6712950129316989,0.03887722578817175,,,,,,results/benchmark_metrics/model_summary_json/XGBoost__RDKit__summary.json,mean_std_dict
XGBoost,RDKit,leathery,0.8727749259122243,0.02075949359165348,,,,,,results/benchmark_metrics/model_summary_json/XGBoost__RDKit__summary.json,mean_std_dict
XGBoost,RDKit,lemon,0.810474269238302,0.058039814540014306,,,,,,results/benchmark_metrics/model_summary_json/XGBoost__RDKit__summary.json,mean_std_dict
XGBoost,RDKit,malty,0.7929668911218793,0.041451004451661506,,,,,,results/benchmark_metrics/model_summary_json/XGBoost__RDKit__summary.json,mean_std_dict
XGBoost,RDKit,meaty,0.9179970761253358,0.011899896611736018,,,,,,results/benchmark_metrics/model_summary_json/XGBoost__RDKit__summary.json,mean_std_dict
XGBoost,RDKit,medicinal,0.9152466191020944,0.013751777478774253,,,,,,results/benchmark_metrics/model_summary_json/XGBoost__RDKit__summary.json,mean_std_dict
XGBoost,RDKit,melon,0.7783659575541035,0.05781367045308809,,,,,,results/benchmark_metrics/model_summary_json/XGBoost__RDKit__summary.json,mean_std_dict
XGBoost,RDKit,metallic,0.6801469804743913,0.11274679057806368,,,,,,results/benchmark_metrics/model_summary_json/XGBoost__RDKit__summary.json,mean_std_dict
XGBoost,RDKit,milky,0.602770000822025,0.0925333027017532,,,,,,results/benchmark_metrics/model_summary_json/XGBoost__RDKit__summary.json,mean_std_dict
XGBoost,RDKit,mint,0.8802375243192161,0.024608086948428202,,,,,,results/benchmark_metrics/model_summary_json/XGBoost__RDKit__summary.json,mean_std_dict
XGBoost,RDKit,mushroom,0.7118870614416262,0.07028413438548528,,,,,,results/benchmark_metrics/model_summary_json/XGBoost__RDKit__summary.json,mean_std_dict
XGBoost,RDKit,musk,0.8688968660759844,0.011211949047349429,,,,,,results/benchmark_metrics/model_summary_json/XGBoost__RDKit__summary.json,mean_std_dict
XGBoost,RDKit,musty,0.7237245218532011,0.026321202385098986,,,,,,results/benchmark_metrics/model_summary_json/XGBoost__RDKit__summary.json,mean_std_dict
XGBoost,RDKit,nutty,0.8132664567606043,0.01616151291059311,,,,,,results/benchmark_metrics/model_summary_json/XGBoost__RDKit__summary.json,mean_std_dict
XGBoost,RDKit,oily,0.8588224497545838,0.019190816373001966,,,,,,results/benchmark_metrics/model_summary_json/XGBoost__RDKit__summary.json,mean_std_dict
XGBoost,RDKit,onion,0.9574790115082525,0.007078052353614334,,,,,,results/benchmark_metrics/model_summary_json/XGBoost__RDKit__summary.json,mean_std_dict
XGBoost,RDKit,orange,0.8485921960052341,0.049340799685159496,,,,,,results/benchmark_metrics/model_summary_json/XGBoost__RDKit__summary.json,mean_std_dict
XGBoost,RDKit,orris,0.7733776160092889,0.04211695507343275,,,,,,results/benchmark_metrics/model_summary_json/XGBoost__RDKit__summary.json,mean_std_dict
XGBoost,RDKit,peach,0.7407883033218932,0.07466309302738476,,,,,,results/benchmark_metrics/model_summary_json/XGBoost__RDKit__summary.json,mean_std_dict
XGBoost,RDKit,pear,0.8847591226530078,0.029437195591194502,,,,,,results/benchmark_metrics/model_summary_json/XGBoost__RDKit__summary.json,mean_std_dict
XGBoost,RDKit,phenolic,0.9586215725865724,0.010419147506346932,,,,,,results/benchmark_metrics/model_summary_json/XGBoost__RDKit__summary.json,mean_std_dict
XGBoost,RDKit,pine,0.8631703811980926,0.06014316379176257,,,,,,results/benchmark_metrics/model_summary_json/XGBoost__RDKit__summary.json,mean_std_dict
XGBoost,RDKit,pineapple,0.8949294969454462,0.00982712845867686,,,,,,results/benchmark_metrics/model_summary_json/XGBoost__RDKit__summary.json,mean_std_dict
XGBoost,RDKit,plum,0.6563176888613435,0.11190871294263305,,,,,,results/benchmark_metrics/model_summary_json/XGBoost__RDKit__summary.json,mean_std_dict
XGBoost,RDKit,popcorn,0.9425150749395292,0.021131642877623973,,,,,,results/benchmark_metrics/model_summary_json/XGBoost__RDKit__summary.json,mean_std_dict
XGBoost,RDKit,potato,0.8439652929154271,0.020001500166443805,,,,,,results/benchmark_metrics/model_summary_json/XGBoost__RDKit__summary.json,mean_std_dict
XGBoost,RDKit,pungent,0.8624597322372859,0.014140049346293886,,,,,,results/benchmark_metrics/model_summary_json/XGBoost__RDKit__summary.json,mean_std_dict
XGBoost,RDKit,radish,0.8159485195053124,0.035312862000411185,,,,,,results/benchmark_metrics/model_summary_json/XGBoost__RDKit__summary.json,mean_std_dict
XGBoost,RDKit,ripe,0.7274910243637186,0.09646242693007893,,,,,,results/benchmark_metrics/model_summary_json/XGBoost__RDKit__summary.json,mean_std_dict
XGBoost,RDKit,roasted,0.9053225087413186,0.006945432427622196,,,,,,results/benchmark_metrics/model_summary_json/XGBoost__RDKit__summary.json,mean_std_dict
XGBoost,RDKit,rose,0.8235869211739246,0.024139898082567623,,,,,,results/benchmark_metrics/model_summary_json/XGBoost__RDKit__summary.json,mean_std_dict
XGBoost,RDKit,rum,0.8571615659241868,0.04503373235838403,,,,,,results/benchmark_metrics/model_summary_json/XGBoost__RDKit__summary.json,mean_std_dict
XGBoost,RDKit,savory,0.9107935655021869,0.03184630808007538,,,,,,results/benchmark_metrics/model_summary_json/XGBoost__RDKit__summary.json,mean_std_dict
XGBoost,RDKit,sharp,0.7498901681161817,0.08543179525810346,,,,,,results/benchmark_metrics/model_summary_json/XGBoost__RDKit__summary.json,mean_std_dict
XGBoost,RDKit,smoky,0.9522293629912248,0.01322993514080627,,,,,,results/benchmark_metrics/model_summary_json/XGBoost__RDKit__summary.json,mean_std_dict
XGBoost,RDKit,solvent,0.8945930115465229,0.019637372016690576,,,,,,results/benchmark_metrics/model_summary_json/XGBoost__RDKit__summary.json,mean_std_dict
XGBoost,RDKit,sour,0.7105188827736082,0.06126094189394702,,,,,,results/benchmark_metrics/model_summary_json/XGBoost__RDKit__summary.json,mean_std_dict
XGBoost,RDKit,spicy,0.8104690007697235,0.012294797351153143,,,,,,results/benchmark_metrics/model_summary_json/XGBoost__RDKit__summary.json,mean_std_dict
XGBoost,RDKit,strawberry,0.6121530086609368,0.06555875816218514,,,,,,results/benchmark_metrics/model_summary_json/XGBoost__RDKit__summary.json,mean_std_dict
XGBoost,RDKit,sulfurous,0.9532593000749527,0.005519368231623026,,,,,,results/benchmark_metrics/model_summary_json/XGBoost__RDKit__summary.json,mean_std_dict
XGBoost,RDKit,sweet,0.7249448420545771,0.021565936566543306,,,,,,results/benchmark_metrics/model_summary_json/XGBoost__RDKit__summary.json,mean_std_dict
XGBoost,RDKit,tea,0.7207751923778504,0.04903893551405336,,,,,,results/benchmark_metrics/model_summary_json/XGBoost__RDKit__summary.json,mean_std_dict
XGBoost,RDKit,tobacco,0.8379064230563584,0.02125847752186545,,,,,,results/benchmark_metrics/model_summary_json/XGBoost__RDKit__summary.json,mean_std_dict
XGBoost,RDKit,tomato,0.8375308365414444,0.05572287834089017,,,,,,results/benchmark_metrics/model_summary_json/XGBoost__RDKit__summary.json,mean_std_dict
XGBoost,RDKit,tropical,0.8243192539476413,0.019090944778684643,,,,,,results/benchmark_metrics/model_summary_json/XGBoost__RDKit__summary.json,mean_std_dict
XGBoost,RDKit,vanilla,0.9269609213765053,0.011267582271814536,,,,,,results/benchmark_metrics/model_summary_json/XGBoost__RDKit__summary.json,mean_std_dict
XGBoost,RDKit,vegetable,0.8336446350506685,0.03832338731064137,,,,,,results/benchmark_metrics/model_summary_json/XGBoost__RDKit__summary.json,mean_std_dict
XGBoost,RDKit,violet,0.7396889772111062,0.02166050543573648,,,,,,results/benchmark_metrics/model_summary_json/XGBoost__RDKit__summary.json,mean_std_dict
XGBoost,RDKit,warm,0.7855564627131402,0.030256237857953415,,,,,,results/benchmark_metrics/model_summary_json/XGBoost__RDKit__summary.json,mean_std_dict
XGBoost,RDKit,waxy,0.9024835345111428,0.009344703279324667,,,,,,results/benchmark_metrics/model_summary_json/XGBoost__RDKit__summary.json,mean_std_dict
XGBoost,RDKit,winey,0.8448678461132152,0.008206800241169803,,,,,,results/benchmark_metrics/model_summary_json/XGBoost__RDKit__summary.json,mean_std_dict
XGBoost,RDKit,woody,0.850031720482433,0.024201216642178773,,,,,,results/benchmark_metrics/model_summary_json/XGBoost__RDKit__summary.json,mean_std_dict
XGBoost,RDKit+QM,alcoholic,0.9740457821246146,0.004431293046329085,,,,,,results/benchmark_metrics/model_summary_json/XGBoost__RDKit_QM__summary.json,mean_std_dict
XGBoost,RDKit+QM,aldehydic,0.7726242327889656,0.020036861244318284,,,,,,results/benchmark_metrics/model_summary_json/XGBoost__RDKit_QM__summary.json,mean_std_dict
XGBoost,RDKit+QM,alliaceous,0.9381404057918233,0.0204171152173518,,,,,,results/benchmark_metrics/model_summary_json/XGBoost__RDKit_QM__summary.json,mean_std_dict
XGBoost,RDKit+QM,almond,0.9215702781543385,0.03689260644920623,,,,,,results/benchmark_metrics/model_summary_json/XGBoost__RDKit_QM__summary.json,mean_std_dict
XGBoost,RDKit+QM,animal,0.8507314020800141,0.036895545779182394,,,,,,results/benchmark_metrics/model_summary_json/XGBoost__RDKit_QM__summary.json,mean_std_dict
XGBoost,RDKit+QM,anisic,0.9135540944322305,0.033414876404510345,,,,,,results/benchmark_metrics/model_summary_json/XGBoost__RDKit_QM__summary.json,mean_std_dict
XGBoost,RDKit+QM,apple,0.8974184345647365,0.014097143057868114,,,,,,results/benchmark_metrics/model_summary_json/XGBoost__RDKit_QM__summary.json,mean_std_dict
XGBoost,RDKit+QM,apricot,0.7845148185026115,0.015427094691788172,,,,,,results/benchmark_metrics/model_summary_json/XGBoost__RDKit_QM__summary.json,mean_std_dict
XGBoost,RDKit+QM,aromatic,0.8395990001614887,0.023084537368246984,,,,,,results/benchmark_metrics/model_summary_json/XGBoost__RDKit_QM__summary.json,mean_std_dict
XGBoost,RDKit+QM,balsamic,0.9261898119532248,0.010931840710588982,,,,,,results/benchmark_metrics/model_summary_json/XGBoost__RDKit_QM__summary.json,mean_std_dict
XGBoost,RDKit+QM,banana,0.9280139118551951,0.024461700911063186,,,,,,results/benchmark_metrics/model_summary_json/XGBoost__RDKit_QM__summary.json,mean_std_dict
XGBoost,RDKit+QM,beefy,0.8707950231250094,0.03754833324259588,,,,,,results/benchmark_metrics/model_summary_json/XGBoost__RDKit_QM__summary.json,mean_std_dict
XGBoost,RDKit+QM,berry,0.7196680119182488,0.04000088419926345,,,,,,results/benchmark_metrics/model_summary_json/XGBoost__RDKit_QM__summary.json,mean_std_dict
XGBoost,RDKit+QM,black currant,0.8696131948919309,0.029896834136048402,,,,,,results/benchmark_metrics/model_summary_json/XGBoost__RDKit_QM__summary.json,mean_std_dict
XGBoost,RDKit+QM,brandy,0.8802753154890958,0.04005167480506445,,,,,,results/benchmark_metrics/model_summary_json/XGBoost__RDKit_QM__summary.json,mean_std_dict
XGBoost,RDKit+QM,bread,0.8390935491087321,0.04428920141615516,,,,,,results/benchmark_metrics/model_summary_json/XGBoost__RDKit_QM__summary.json,mean_std_dict
XGBoost,RDKit+QM,brothy,0.8052570350143528,0.06270155669156778,,,,,,results/benchmark_metrics/model_summary_json/XGBoost__RDKit_QM__summary.json,mean_std_dict
XGBoost,RDKit+QM,burnt,0.8664498980275093,0.029340546568839814,,,,,,results/benchmark_metrics/model_summary_json/XGBoost__RDKit_QM__summary.json,mean_std_dict
XGBoost,RDKit+QM,buttery,0.8155643683748313,0.027165436934506616,,,,,,results/benchmark_metrics/model_summary_json/XGBoost__RDKit_QM__summary.json,mean_std_dict
XGBoost,RDKit+QM,cabbage,0.8703683081815367,0.042911033893116846,,,,,,results/benchmark_metrics/model_summary_json/XGBoost__RDKit_QM__summary.json,mean_std_dict
XGBoost,RDKit+QM,camphoreous,0.9126596977641139,0.03108962056273523,,,,,,results/benchmark_metrics/model_summary_json/XGBoost__RDKit_QM__summary.json,mean_std_dict
XGBoost,RDKit+QM,caramellic,0.9118696750303281,0.005006325522059167,,,,,,results/benchmark_metrics/model_summary_json/XGBoost__RDKit_QM__summary.json,mean_std_dict
XGBoost,RDKit+QM,catty,0.8924369243747681,0.06205601902767772,,,,,,results/benchmark_metrics/model_summary_json/XGBoost__RDKit_QM__summary.json,mean_std_dict
XGBoost,RDKit+QM,chamomile,0.9328966673519989,0.02759538956546961,,,,,,results/benchmark_metrics/model_summary_json/XGBoost__RDKit_QM__summary.json,mean_std_dict
XGBoost,RDKit+QM,cheesy,0.9032564107625214,0.014230095530702334,,,,,,results/benchmark_metrics/model_summary_json/XGBoost__RDKit_QM__summary.json,mean_std_dict
XGBoost,RDKit+QM,cherry,0.8742009207067293,0.03410950663579512,,,,,,results/benchmark_metrics/model_summary_json/XGBoost__RDKit_QM__summary.json,mean_std_dict
XGBoost,RDKit+QM,chicken,0.8275503867886268,0.028461049616979768,,,,,,results/benchmark_metrics/model_summary_json/XGBoost__RDKit_QM__summary.json,mean_std_dict
XGBoost,RDKit+QM,chocolate,0.813352299135785,0.11300091043605995,,,,,,results/benchmark_metrics/model_summary_json/XGBoost__RDKit_QM__summary.json,mean_std_dict
XGBoost,RDKit+QM,cinnamon,0.9328384710592428,0.02265088849083865,,,,,,results/benchmark_metrics/model_summary_json/XGBoost__RDKit_QM__summary.json,mean_std_dict
XGBoost,RDKit+QM,citrus,0.8708080710332158,0.004919747565245421,,,,,,results/benchmark_metrics/model_summary_json/XGBoost__RDKit_QM__summary.json,mean_std_dict
XGBoost,RDKit+QM,cocoa,0.8649944085048892,0.03625021220929381,,,,,,results/benchmark_metrics/model_summary_json/XGBoost__RDKit_QM__summary.json,mean_std_dict
XGBoost,RDKit+QM,coconut,0.8615756004618508,0.05458457979360554,,,,,,results/benchmark_metrics/model_summary_json/XGBoost__RDKit_QM__summary.json,mean_std_dict
XGBoost,RDKit+QM,coffee,0.9292638866362288,0.011360406687529797,,,,,,results/benchmark_metrics/model_summary_json/XGBoost__RDKit_QM__summary.json,mean_std_dict
XGBoost,RDKit+QM,cognac,0.9319769922563899,0.01897917592947029,,,,,,results/benchmark_metrics/model_summary_json/XGBoost__RDKit_QM__summary.json,mean_std_dict
XGBoost,RDKit+QM,coumarinic,0.9251344725438676,0.021347390611971044,,,,,,results/benchmark_metrics/model_summary_json/XGBoost__RDKit_QM__summary.json,mean_std_dict
XGBoost,RDKit+QM,creamy,0.7104041055047878,0.01589851369417937,,,,,,results/benchmark_metrics/model_summary_json/XGBoost__RDKit_QM__summary.json,mean_std_dict
XGBoost,RDKit+QM,cucumber,0.9323628293414107,0.04264682244001258,,,,,,results/benchmark_metrics/model_summary_json/XGBoost__RDKit_QM__summary.json,mean_std_dict
XGBoost,RDKit+QM,dairy,0.7869551287788885,0.052158853367985376,,,,,,results/benchmark_metrics/model_summary_json/XGBoost__RDKit_QM__summary.json,mean_std_dict
XGBoost,RDKit+QM,dry,0.8071564444536843,0.0949828426821762,,,,,,results/benchmark_metrics/model_summary_json/XGBoost__RDKit_QM__summary.json,mean_std_dict
XGBoost,RDKit+QM,earthy,0.734474721445185,0.01463400182172073,,,,,,results/benchmark_metrics/model_summary_json/XGBoost__RDKit_QM__summary.json,mean_std_dict
XGBoost,RDKit+QM,ethereal,0.938917419942632,0.01684447621090026,,,,,,results/benchmark_metrics/model_summary_json/XGBoost__RDKit_QM__summary.json,mean_std_dict
XGBoost,RDKit+QM,fatty,0.9084932217833078,0.016021951164506342,,,,,,results/benchmark_metrics/model_summary_json/XGBoost__RDKit_QM__summary.json,mean_std_dict
XGBoost,RDKit+QM,fermented,0.8835770375697585,0.01778825451206498,,,,,,results/benchmark_metrics/model_summary_json/XGBoost__RDKit_QM__summary.json,mean_std_dict
XGBoost,RDKit+QM,fishy,0.9016604958540391,0.043085595186010774,,,,,,results/benchmark_metrics/model_summary_json/XGBoost__RDKit_QM__summary.json,mean_std_dict
XGBoost,RDKit+QM,floral,0.8466854354095595,0.013791779657252885,,,,,,results/benchmark_metrics/model_summary_json/XGBoost__RDKit_QM__summary.json,mean_std_dict
XGBoost,RDKit+QM,fresh,0.7238764511033002,0.019809221842756335,,,,,,results/benchmark_metrics/model_summary_json/XGBoost__RDKit_QM__summary.json,mean_std_dict
XGBoost,RDKit+QM,fruity,0.8642264671066127,0.016729210363828316,,,,,,results/benchmark_metrics/model_summary_json/XGBoost__RDKit_QM__summary.json,mean_std_dict
XGBoost,RDKit+QM,garlic,0.9715685727876837,0.00799778755014052,,,,,,results/benchmark_metrics/model_summary_json/XGBoost__RDKit_QM__summary.json,mean_std_dict
XGBoost,RDKit+QM,gasoline,0.9467319488060841,0.02691514558363472,,,,,,results/benchmark_metrics/model_summary_json/XGBoost__RDKit_QM__summary.json,mean_std_dict
XGBoost,RDKit+QM,grape,0.8740639800754636,0.07002131449809296,,,,,,results/benchmark_metrics/model_summary_json/XGBoost__RDKit_QM__summary.json,mean_std_dict
XGBoost,RDKit+QM,grapefruit,0.7797365829971136,0.046646750111716796,,,,,,results/benchmark_metrics/model_summary_json/XGBoost__RDKit_QM__summary.json,mean_std_dict
XGBoost,RDKit+QM,grassy,0.8421877109615578,0.05934057346449865,,,,,,results/benchmark_metrics/model_summary_json/XGBoost__RDKit_QM__summary.json,mean_std_dict
XGBoost,RDKit+QM,green,0.810791034949269,0.013823970560215185,,,,,,results/benchmark_metrics/model_summary_json/XGBoost__RDKit_QM__summary.json,mean_std_dict
XGBoost,RDKit+QM,hay,0.8311787299457862,0.021844433871280815,,,,,,results/benchmark_metrics/model_summary_json/XGBoost__RDKit_QM__summary.json,mean_std_dict
XGBoost,RDKit+QM,hazelnut,0.914000211970488,0.028175852934323457,,,,,,results/benchmark_metrics/model_summary_json/XGBoost__RDKit_QM__summary.json,mean_std_dict
XGBoost,RDKit+QM,herbal,0.7699457372489127,0.012779251406277026,,,,,,results/benchmark_metrics/model_summary_json/XGBoost__RDKit_QM__summary.json,mean_std_dict
XGBoost,RDKit+QM,honey,0.8899032967197357,0.017944113890051235,,,,,,results/benchmark_metrics/model_summary_json/XGBoost__RDKit_QM__summary.json,mean_std_dict
XGBoost,RDKit+QM,horseradish,0.9494226721447541,0.03634733952095643,,,,,,results/benchmark_metrics/model_summary_json/XGBoost__RDKit_QM__summary.json,mean_std_dict
XGBoost,RDKit+QM,jasmine,0.8325064360157157,0.0269639664894234,,,,,,results/benchmark_metrics/model_summary_json/XGBoost__RDKit_QM__summary.json,mean_std_dict
XGBoost,RDKit+QM,ketonic,0.9460786417660613,0.028250095991591888,,,,,,results/benchmark_metrics/model_summary_json/XGBoost__RDKit_QM__summary.json,mean_std_dict
XGBoost,RDKit+QM,leafy,0.732435920193037,0.0703871951903685,,,,,,results/benchmark_metrics/model_summary_json/XGBoost__RDKit_QM__summary.json,mean_std_dict
XGBoost,RDKit+QM,leathery,0.8731028606731991,0.0420795666490034,,,,,,results/benchmark_metrics/model_summary_json/XGBoost__RDKit_QM__summary.json,mean_std_dict
XGBoost,RDKit+QM,lemon,0.8780972424660453,0.03440035501897829,,,,,,results/benchmark_metrics/model_summary_json/XGBoost__RDKit_QM__summary.json,mean_std_dict
XGBoost,RDKit+QM,malty,0.8262848134412163,0.16535771312537878,,,,,,results/benchmark_metrics/model_summary_json/XGBoost__RDKit_QM__summary.json,mean_std_dict
XGBoost,RDKit+QM,meaty,0.9296287934953936,0.01275528566670356,,,,,,results/benchmark_metrics/model_summary_json/XGBoost__RDKit_QM__summary.json,mean_std_dict
XGBoost,RDKit+QM,medicinal,0.9279740917433992,0.01678406058049547,,,,,,results/benchmark_metrics/model_summary_json/XGBoost__RDKit_QM__summary.json,mean_std_dict
XGBoost,RDKit+QM,melon,0.7952419876646506,0.04722778995265552,,,,,,results/benchmark_metrics/model_summary_json/XGBoost__RDKit_QM__summary.json,mean_std_dict
XGBoost,RDKit+QM,metallic,0.7149453248602781,0.06620012372936268,,,,,,results/benchmark_metrics/model_summary_json/XGBoost__RDKit_QM__summary.json,mean_std_dict
XGBoost,RDKit+QM,milky,0.6981318560508558,0.10344608853363445,,,,,,results/benchmark_metrics/model_summary_json/XGBoost__RDKit_QM__summary.json,mean_std_dict
XGBoost,RDKit+QM,mint,0.9082708539987667,0.019913178231630857,,,,,,results/benchmark_metrics/model_summary_json/XGBoost__RDKit_QM__summary.json,mean_std_dict
XGBoost,RDKit+QM,mushroom,0.7946661491323966,0.0907211639033282,,,,,,results/benchmark_metrics/model_summary_json/XGBoost__RDKit_QM__summary.json,mean_std_dict
XGBoost,RDKit+QM,musk,0.8268322458430468,0.05649059406490779,,,,,,results/benchmark_metrics/model_summary_json/XGBoost__RDKit_QM__summary.json,mean_std_dict
XGBoost,RDKit+QM,musty,0.7554719970876764,0.03390024469400014,,,,,,results/benchmark_metrics/model_summary_json/XGBoost__RDKit_QM__summary.json,mean_std_dict
XGBoost,RDKit+QM,nutty,0.8357730853788962,0.014051560898954105,,,,,,results/benchmark_metrics/model_summary_json/XGBoost__RDKit_QM__summary.json,mean_std_dict
XGBoost,RDKit+QM,oily,0.8757512991647571,0.022691158584768747,,,,,,results/benchmark_metrics/model_summary_json/XGBoost__RDKit_QM__summary.json,mean_std_dict
XGBoost,RDKit+QM,onion,0.9678004532569933,0.0064774692870636415,,,,,,results/benchmark_metrics/model_summary_json/XGBoost__RDKit_QM__summary.json,mean_std_dict
XGBoost,RDKit+QM,orange,0.8987184680965953,0.04982534102593189,,,,,,results/benchmark_metrics/model_summary_json/XGBoost__RDKit_QM__summary.json,mean_std_dict
XGBoost,RDKit+QM,orris,0.8063617969274393,0.045412624349196164,,,,,,results/benchmark_metrics/model_summary_json/XGBoost__RDKit_QM__summary.json,mean_std_dict
XGBoost,RDKit+QM,peach,0.7765365504255269,0.06054196816394829,,,,,,results/benchmark_metrics/model_summary_json/XGBoost__RDKit_QM__summary.json,mean_std_dict
XGBoost,RDKit+QM,pear,0.9071196205664613,0.034057591994967946,,,,,,results/benchmark_metrics/model_summary_json/XGBoost__RDKit_QM__summary.json,mean_std_dict
XGBoost,RDKit+QM,phenolic,0.9696069966753388,0.011712598766237843,,,,,,results/benchmark_metrics/model_summary_json/XGBoost__RDKit_QM__summary.json,mean_std_dict
XGBoost,RDKit+QM,pine,0.9198482468074912,0.055554613227044976,,,,,,results/benchmark_metrics/model_summary_json/XGBoost__RDKit_QM__summary.json,mean_std_dict
XGBoost,RDKit+QM,pineapple,0.9173190839737535,0.010230924331963948,,,,,,results/benchmark_metrics/model_summary_json/XGBoost__RDKit_QM__summary.json,mean_std_dict
XGBoost,RDKit+QM,plum,0.725304292126847,0.0328235472047399,,,,,,results/benchmark_metrics/model_summary_json/XGBoost__RDKit_QM__summary.json,mean_std_dict
XGBoost,RDKit+QM,popcorn,0.9808466838234056,0.012099796643153317,,,,,,results/benchmark_metrics/model_summary_json/XGBoost__RDKit_QM__summary.json,mean_std_dict
XGBoost,RDKit+QM,potato,0.9630040755080083,0.012843721752453394,,,,,,results/benchmark_metrics/model_summary_json/XGBoost__RDKit_QM__summary.json,mean_std_dict
XGBoost,RDKit+QM,pungent,0.8762601356644861,0.017555150152709087,,,,,,results/benchmark_metrics/model_summary_json/XGBoost__RDKit_QM__summary.json,mean_std_dict
XGBoost,RDKit+QM,radish,0.8502834614281367,0.04689460852662547,,,,,,results/benchmark_metrics/model_summary_json/XGBoost__RDKit_QM__summary.json,mean_std_dict
XGBoost,RDKit+QM,ripe,0.7490954879452534,0.05309662291550871,,,,,,results/benchmark_metrics/model_summary_json/XGBoost__RDKit_QM__summary.json,mean_std_dict
XGBoost,RDKit+QM,roasted,0.9218636208393797,0.005654382309472344,,,,,,results/benchmark_metrics/model_summary_json/XGBoost__RDKit_QM__summary.json,mean_std_dict
XGBoost,RDKit+QM,rose,0.8922750090936779,0.016655791323669497,,,,,,results/benchmark_metrics/model_summary_json/XGBoost__RDKit_QM__summary.json,mean_std_dict
XGBoost,RDKit+QM,rum,0.9057362778781831,0.03415794898155295,,,,,,results/benchmark_metrics/model_summary_json/XGBoost__RDKit_QM__summary.json,mean_std_dict
XGBoost,RDKit+QM,savory,0.9245540478716968,0.024446655607926984,,,,,,results/benchmark_metrics/model_summary_json/XGBoost__RDKit_QM__summary.json,mean_std_dict
XGBoost,RDKit+QM,sharp,0.7928711640200486,0.05223290886982368,,,,,,results/benchmark_metrics/model_summary_json/XGBoost__RDKit_QM__summary.json,mean_std_dict
XGBoost,RDKit+QM,smoky,0.9662856642031274,0.011362578289786646,,,,,,results/benchmark_metrics/model_summary_json/XGBoost__RDKit_QM__summary.json,mean_std_dict
XGBoost,RDKit+QM,solvent,0.9198359839237412,0.017983155962888898,,,,,,results/benchmark_metrics/model_summary_json/XGBoost__RDKit_QM__summary.json,mean_std_dict
XGBoost,RDKit+QM,sour,0.8198778191616716,0.04637650844985972,,,,,,results/benchmark_metrics/model_summary_json/XGBoost__RDKit_QM__summary.json,mean_std_dict
XGBoost,RDKit+QM,spicy,0.8486218255917531,0.015620966992159242,,,,,,results/benchmark_metrics/model_summary_json/XGBoost__RDKit_QM__summary.json,mean_std_dict
XGBoost,RDKit+QM,strawberry,0.6128237492268382,0.09806800448987706,,,,,,results/benchmark_metrics/model_summary_json/XGBoost__RDKit_QM__summary.json,mean_std_dict
XGBoost,RDKit+QM,sulfurous,0.9629806140323922,0.0046494967824795425,,,,,,results/benchmark_metrics/model_summary_json/XGBoost__RDKit_QM__summary.json,mean_std_dict
XGBoost,RDKit+QM,sweet,0.7450302510311452,0.020345699798598325,,,,,,results/benchmark_metrics/model_summary_json/XGBoost__RDKit_QM__summary.json,mean_std_dict
XGBoost,RDKit+QM,tea,0.7261594460882799,0.06210347161063331,,,,,,results/benchmark_metrics/model_summary_json/XGBoost__RDKit_QM__summary.json,mean_std_dict
XGBoost,RDKit+QM,tobacco,0.85474762971775,0.01888158597741402,,,,,,results/benchmark_metrics/model_summary_json/XGBoost__RDKit_QM__summary.json,mean_std_dict
XGBoost,RDKit+QM,tomato,0.8635733611031522,0.05556899948647294,,,,,,results/benchmark_metrics/model_summary_json/XGBoost__RDKit_QM__summary.json,mean_std_dict
XGBoost,RDKit+QM,tropical,0.857833565287977,0.014149683196442024,,,,,,results/benchmark_metrics/model_summary_json/XGBoost__RDKit_QM__summary.json,mean_std_dict
XGBoost,RDKit+QM,vanilla,0.9470954849553678,0.012725288160586235,,,,,,results/benchmark_metrics/model_summary_json/XGBoost__RDKit_QM__summary.json,mean_std_dict
XGBoost,RDKit+QM,vegetable,0.8676515299761413,0.03716350092259218,,,,,,results/benchmark_metrics/model_summary_json/XGBoost__RDKit_QM__summary.json,mean_std_dict
XGBoost,RDKit+QM,violet,0.883838050874566,0.08129756834315577,,,,,,results/benchmark_metrics/model_summary_json/XGBoost__RDKit_QM__summary.json,mean_std_dict
XGBoost,RDKit+QM,warm,0.7490470103520164,0.03295220025065659,,,,,,results/benchmark_metrics/model_summary_json/XGBoost__RDKit_QM__summary.json,mean_std_dict
XGBoost,RDKit+QM,waxy,0.9106391067706848,0.007473917277033454,,,,,,results/benchmark_metrics/model_summary_json/XGBoost__RDKit_QM__summary.json,mean_std_dict
XGBoost,RDKit+QM,winey,0.8791066109570241,0.011821625899639721,,,,,,results/benchmark_metrics/model_summary_json/XGBoost__RDKit_QM__summary.json,mean_std_dict
XGBoost,RDKit+QM,woody,0.8537459206616811,0.019209423970468438,,,,,,results/benchmark_metrics/model_summary_json/XGBoost__RDKit_QM__summary.json,mean_std_dict
