pair_id,pair_key,cas_a,cas_b,smiles_a,smiles_b,molecule_a_name,molecule_b_name,species,or_gene,main_receptors_id,a_responsive,b_responsive,a_tested,b_tested,jointly_tested,same_response,differential_response,comparison_type,evidence_priority,a_doi,b_doi,notes,exclusion_reason,species_filter,pair_id_source
PAIR_0002,103-45-7__140-11-4,103-45-7,140-11-4,CC(=O)OCCC1=CC=CC=C1,CC(=O)OCC1=CC=CC=C1,2-Phenylethyl acetate,benzyl acetate,Homo sapiens,OR11A1,47.0,0.0,,True,False,False,,,A tested / B untested,Low,https://pubs.acs.org/doi/10.1021/acs.jafc.4c01515,,,b_untested,human_only,2
PAIR_0002,103-45-7__140-11-4,103-45-7,140-11-4,CC(=O)OCCC1=CC=CC=C1,CC(=O)OCC1=CC=CC=C1,2-Phenylethyl acetate,benzyl acetate,Homo sapiens,OR1D2,283.0,1.0,1.0,True,True,True,1.0,0.0,both responsive,High,https://doi.org/10.1093/chemse/bju073,https://doi.org/10.1093/chemse/bju073,,,human_only,2
PAIR_0002,103-45-7__140-11-4,103-45-7,140-11-4,CC(=O)OCCC1=CC=CC=C1,CC(=O)OCC1=CC=CC=C1,2-Phenylethyl acetate,benzyl acetate,Homo sapiens,OR8H1,304.0,0.0,,True,False,False,,,A tested / B untested,Low,https://doi.org/10.1021/acs.jafc.3c08230,,,b_untested,human_only,2
PAIR_0002,103-45-7__140-11-4,103-45-7,140-11-4,CC(=O)OCCC1=CC=CC=C1,CC(=O)OCC1=CC=CC=C1,2-Phenylethyl acetate,benzyl acetate,Homo sapiens,hOR10J5,25.0,,0.0,False,True,False,,,A untested / B tested,Medium,,https://dx.doi.org/10.1126%2Fscisignal.2000016,,a_untested,human_only,2
PAIR_0002,103-45-7__140-11-4,103-45-7,140-11-4,CC(=O)OCCC1=CC=CC=C1,CC(=O)OCC1=CC=CC=C1,2-Phenylethyl acetate,benzyl acetate,Homo sapiens,hOR1A1,29.0,1.0,1.0,True,True,True,1.0,0.0,both responsive,High,https://doi.org/10.1093/chemse/bjw117,https://dx.doi.org/10.1126%2Fscisignal.2000016,,,human_only,2
PAIR_0002,103-45-7__140-11-4,103-45-7,140-11-4,CC(=O)OCCC1=CC=CC=C1,CC(=O)OCC1=CC=CC=C1,2-Phenylethyl acetate,benzyl acetate,Homo sapiens,hOR1G1,405.0,,0.0,False,True,False,,,A untested / B tested,Medium,,https://doi.org/10.3389/fphar.2015.00035,,a_untested,human_only,2
PAIR_0002,103-45-7__140-11-4,103-45-7,140-11-4,CC(=O)OCCC1=CC=CC=C1,CC(=O)OCC1=CC=CC=C1,2-Phenylethyl acetate,benzyl acetate,Homo sapiens,hOR1L3,71.0,,0.0,False,True,False,,,A untested / B tested,Medium,,https://doi.org/10.3389/fphar.2015.00035,,a_untested,human_only,2
PAIR_0002,103-45-7__140-11-4,103-45-7,140-11-4,CC(=O)OCCC1=CC=CC=C1,CC(=O)OCC1=CC=CC=C1,2-Phenylethyl acetate,benzyl acetate,Homo sapiens,hOR2B3,48.0,,0.0,False,True,False,,,A untested / B tested,Medium,,https://doi.org/10.3389/fphar.2015.00035,,a_untested,human_only,2
PAIR_0002,103-45-7__140-11-4,103-45-7,140-11-4,CC(=O)OCCC1=CC=CC=C1,CC(=O)OCC1=CC=CC=C1,2-Phenylethyl acetate,benzyl acetate,Homo sapiens,hOR2C1,591.0,,0.0,False,True,False,,,A untested / B tested,Medium,,https://dx.doi.org/10.1126%2Fscisignal.2000016,,a_untested,human_only,2
PAIR_0002,103-45-7__140-11-4,103-45-7,140-11-4,CC(=O)OCCC1=CC=CC=C1,CC(=O)OCC1=CC=CC=C1,2-Phenylethyl acetate,benzyl acetate,Homo sapiens,hOR2G2,651.0,,0.0,False,True,False,,,A untested / B tested,Medium,,https://doi.org/10.3389/fphar.2015.00035,,a_untested,human_only,2
PAIR_0002,103-45-7__140-11-4,103-45-7,140-11-4,CC(=O)OCCC1=CC=CC=C1,CC(=O)OCC1=CC=CC=C1,2-Phenylethyl acetate,benzyl acetate,Homo sapiens,hOR2J2,323.0,,0.0,False,True,False,,,A untested / B tested,Medium,,https://dx.doi.org/10.1126%2Fscisignal.2000016,,a_untested,human_only,2
PAIR_0002,103-45-7__140-11-4,103-45-7,140-11-4,CC(=O)OCCC1=CC=CC=C1,CC(=O)OCC1=CC=CC=C1,2-Phenylethyl acetate,benzyl acetate,Homo sapiens,hOR2M3,40.0,0.0,,True,False,False,,,A tested / B untested,Low,https://doi.org/10.1093/chemse/bjw118,,,b_untested,human_only,2
PAIR_0002,103-45-7__140-11-4,103-45-7,140-11-4,CC(=O)OCCC1=CC=CC=C1,CC(=O)OCC1=CC=CC=C1,2-Phenylethyl acetate,benzyl acetate,Homo sapiens,hOR2M4,39.0,,0.0,False,True,False,,,A untested / B tested,Medium,,https://doi.org/10.3389/fphar.2015.00035,,a_untested,human_only,2
PAIR_0002,103-45-7__140-11-4,103-45-7,140-11-4,CC(=O)OCCC1=CC=CC=C1,CC(=O)OCC1=CC=CC=C1,2-Phenylethyl acetate,benzyl acetate,Homo sapiens,hOR2M7,284.0,,0.0,False,True,False,,,A untested / B tested,Medium,,https://dx.doi.org/10.1126%2Fscisignal.2000016,,a_untested,human_only,2
PAIR_0002,103-45-7__140-11-4,103-45-7,140-11-4,CC(=O)OCCC1=CC=CC=C1,CC(=O)OCC1=CC=CC=C1,2-Phenylethyl acetate,benzyl acetate,Homo sapiens,hOR2T10,36.0,,0.0,False,True,False,,,A untested / B tested,Medium,,https://doi.org/10.3389/fphar.2015.00035,,a_untested,human_only,2
PAIR_0002,103-45-7__140-11-4,103-45-7,140-11-4,CC(=O)OCCC1=CC=CC=C1,CC(=O)OCC1=CC=CC=C1,2-Phenylethyl acetate,benzyl acetate,Homo sapiens,hOR2T34,677.0,,0.0,False,True,False,,,A untested / B tested,Medium,,https://doi.org/10.3389/fphar.2015.00035,,a_untested,human_only,2
PAIR_0002,103-45-7__140-11-4,103-45-7,140-11-4,CC(=O)OCCC1=CC=CC=C1,CC(=O)OCC1=CC=CC=C1,2-Phenylethyl acetate,benzyl acetate,Homo sapiens,hOR2W1,51.0,1.0,1.0,True,True,True,1.0,0.0,both responsive,High,https://doi.org/10.1016/j.foodchem.2021.131680 | https://doi.org/10.1093/chemse/bjw117,https://dx.doi.org/10.1126%2Fscisignal.2000016,,,human_only,2
PAIR_0002,103-45-7__140-11-4,103-45-7,140-11-4,CC(=O)OCCC1=CC=CC=C1,CC(=O)OCC1=CC=CC=C1,2-Phenylethyl acetate,benzyl acetate,Homo sapiens,hOR51E1,962.0,,0.0,False,True,False,,,A untested / B tested,Medium,,https://dx.doi.org/10.1126%2Fscisignal.2000016,,a_untested,human_only,2
PAIR_0002,103-45-7__140-11-4,103-45-7,140-11-4,CC(=O)OCCC1=CC=CC=C1,CC(=O)OCC1=CC=CC=C1,2-Phenylethyl acetate,benzyl acetate,Homo sapiens,hOR51E2,168.0,,0.0,False,True,False,,,A untested / B tested,Medium,,https://dx.doi.org/10.1126%2Fscisignal.2000016,,a_untested,human_only,2
PAIR_0002,103-45-7__140-11-4,103-45-7,140-11-4,CC(=O)OCCC1=CC=CC=C1,CC(=O)OCC1=CC=CC=C1,2-Phenylethyl acetate,benzyl acetate,Homo sapiens,hOR51L1,447.0,,0.0,False,True,False,,,A untested / B tested,Medium,,https://dx.doi.org/10.1126%2Fscisignal.2000016,,a_untested,human_only,2
PAIR_0002,103-45-7__140-11-4,103-45-7,140-11-4,CC(=O)OCCC1=CC=CC=C1,CC(=O)OCC1=CC=CC=C1,2-Phenylethyl acetate,benzyl acetate,Homo sapiens,hOR5AC2,729.0,,0.0,False,True,False,,,A untested / B tested,Medium,,https://doi.org/10.3389/fphar.2015.00035,,a_untested,human_only,2
PAIR_0002,103-45-7__140-11-4,103-45-7,140-11-4,CC(=O)OCCC1=CC=CC=C1,CC(=O)OCC1=CC=CC=C1,2-Phenylethyl acetate,benzyl acetate,Homo sapiens,hOR5B17,182.0,,0.0,False,True,False,,,A untested / B tested,Medium,,https://doi.org/10.3389/fphar.2015.00035,,a_untested,human_only,2
PAIR_0002,103-45-7__140-11-4,103-45-7,140-11-4,CC(=O)OCCC1=CC=CC=C1,CC(=O)OCC1=CC=CC=C1,2-Phenylethyl acetate,benzyl acetate,Homo sapiens,hOR5K1,418.0,0.0,,True,False,False,,,A tested / B untested,Low,https://doi.org/10.1096/fj.202100224R,,,b_untested,human_only,2
PAIR_0002,103-45-7__140-11-4,103-45-7,140-11-4,CC(=O)OCCC1=CC=CC=C1,CC(=O)OCC1=CC=CC=C1,2-Phenylethyl acetate,benzyl acetate,Homo sapiens,hOR5M3,670.0,0.0,,True,False,False,,,A tested / B untested,Low,https://doi.org/10.1021/acs.jafc.1c03314,,,b_untested,human_only,2
PAIR_0002,103-45-7__140-11-4,103-45-7,140-11-4,CC(=O)OCCC1=CC=CC=C1,CC(=O)OCC1=CC=CC=C1,2-Phenylethyl acetate,benzyl acetate,Homo sapiens,hOR5P3,88.0,,0.0,False,True,False,,,A untested / B tested,Medium,,https://dx.doi.org/10.1126%2Fscisignal.2000016,,a_untested,human_only,2
PAIR_0002,103-45-7__140-11-4,103-45-7,140-11-4,CC(=O)OCCC1=CC=CC=C1,CC(=O)OCC1=CC=CC=C1,2-Phenylethyl acetate,benzyl acetate,Homo sapiens,hOR8D1,110.0,0.0,,True,False,False,,,A tested / B untested,Low,https://doi.org/10.1021/acs.jafc.1c03314,,,b_untested,human_only,2
PAIR_0004,108-50-9__123-32-0,108-50-9,123-32-0,CC1=CN=CC(=N1)C,CC1=CN=C(C=N1)C,,"2,5-dimethylpyrazine",Homo sapiens,OR10S1,1.0,,0.0,False,True,False,,,A untested / B tested,Low,,https://doi.org/10.1021/acs.biochem.8b01208,CAS not found in compounds.csv; exact SMILES used.,a_untested,human_only,4
PAIR_0004,108-50-9__123-32-0,108-50-9,123-32-0,CC1=CN=CC(=N1)C,CC1=CN=C(C=N1)C,,"2,5-dimethylpyrazine",Homo sapiens,OR2A42,4.0,,0.0,False,True,False,,,A untested / B tested,Low,,https://doi.org/10.1021/acs.biochem.8b01208,CAS not found in compounds.csv; exact SMILES used.,a_untested,human_only,4
PAIR_0004,108-50-9__123-32-0,108-50-9,123-32-0,CC1=CN=CC(=N1)C,CC1=CN=C(C=N1)C,,"2,5-dimethylpyrazine",Homo sapiens,OR2A7,5.0,,0.0,False,True,False,,,A untested / B tested,Low,,https://doi.org/10.1021/acs.biochem.8b01208,CAS not found in compounds.csv; exact SMILES used.,a_untested,human_only,4
PAIR_0004,108-50-9__123-32-0,108-50-9,123-32-0,CC1=CN=CC(=N1)C,CC1=CN=C(C=N1)C,,"2,5-dimethylpyrazine",Homo sapiens,OR2L13,6.0,,0.0,False,True,False,,,A untested / B tested,Low,,https://doi.org/10.1021/acs.biochem.8b01208,CAS not found in compounds.csv; exact SMILES used.,a_untested,human_only,4
PAIR_0004,108-50-9__123-32-0,108-50-9,123-32-0,CC1=CN=CC(=N1)C,CC1=CN=C(C=N1)C,,"2,5-dimethylpyrazine",Homo sapiens,OR2T4,8.0,,0.0,False,True,False,,,A untested / B tested,Low,,https://doi.org/10.1021/acs.biochem.8b01208,CAS not found in compounds.csv; exact SMILES used.,a_untested,human_only,4
PAIR_0004,108-50-9__123-32-0,108-50-9,123-32-0,CC1=CN=CC(=N1)C,CC1=CN=C(C=N1)C,,"2,5-dimethylpyrazine",Homo sapiens,OR2W3,9.0,,0.0,False,True,False,,,A untested / B tested,Low,,https://doi.org/10.1021/acs.biochem.8b01208,CAS not found in compounds.csv; exact SMILES used.,a_untested,human_only,4
PAIR_0004,108-50-9__123-32-0,108-50-9,123-32-0,CC1=CN=CC(=N1)C,CC1=CN=C(C=N1)C,,"2,5-dimethylpyrazine",Homo sapiens,OR51B5,10.0,,0.0,False,True,False,,,A untested / B tested,Low,,https://doi.org/10.1021/acs.biochem.8b01208,CAS not found in compounds.csv; exact SMILES used.,a_untested,human_only,4
PAIR_0004,108-50-9__123-32-0,108-50-9,123-32-0,CC1=CN=CC(=N1)C,CC1=CN=C(C=N1)C,,"2,5-dimethylpyrazine",Homo sapiens,hOR5K1,418.0,1.0,1.0,True,True,True,1.0,0.0,both responsive,High,https://doi.org/10.1096/fj.202100224R,https://doi.org/10.1096/fj.202100224R,CAS not found in compounds.csv; exact SMILES used.,,human_only,4
PAIR_0004,108-50-9__123-32-0,108-50-9,123-32-0,CC1=CN=CC(=N1)C,CC1=CN=C(C=N1)C,,"2,5-dimethylpyrazine",Homo sapiens,hOR5K2,52.0,0.0,0.0,True,True,True,1.0,0.0,both non-responsive,Low,https://doi.org/10.1096/fj.202100224R,https://doi.org/10.1096/fj.202100224R,CAS not found in compounds.csv; exact SMILES used.,,human_only,4
PAIR_0004,108-50-9__123-32-0,108-50-9,123-32-0,CC1=CN=CC(=N1)C,CC1=CN=C(C=N1)C,,"2,5-dimethylpyrazine",Homo sapiens,hOR5K3,521.0,0.0,0.0,True,True,True,1.0,0.0,both non-responsive,Low,https://doi.org/10.1096/fj.202100224R,https://doi.org/10.1096/fj.202100224R,CAS not found in compounds.csv; exact SMILES used.,,human_only,4
PAIR_0004,108-50-9__123-32-0,108-50-9,123-32-0,CC1=CN=CC(=N1)C,CC1=CN=C(C=N1)C,,"2,5-dimethylpyrazine",Homo sapiens,hOR5K4,757.0,0.0,0.0,True,True,True,1.0,0.0,both non-responsive,Low,https://doi.org/10.1096/fj.202100224R,https://doi.org/10.1096/fj.202100224R,CAS not found in compounds.csv; exact SMILES used.,,human_only,4
PAIR_0005,109-08-0__5910-89-4,109-08-0,5910-89-4,CC1=NC=CN=C1,CC1=NC=CN=C1C,,,Homo sapiens,hOR1A1,29.0,0.0,0.0,True,True,True,1.0,0.0,both non-responsive,Low,https://doi.org/10.1016/j.jsb.2007.04.013,https://doi.org/10.1016/j.jsb.2007.04.013,CAS not found in compounds.csv; exact SMILES used.,,human_only,5
PAIR_0005,109-08-0__5910-89-4,109-08-0,5910-89-4,CC1=NC=CN=C1,CC1=NC=CN=C1C,,,Homo sapiens,hOR1A2,111.0,0.0,0.0,True,True,True,1.0,0.0,both non-responsive,Low,https://doi.org/10.1016/j.jsb.2007.04.013,https://doi.org/10.1016/j.jsb.2007.04.013,CAS not found in compounds.csv; exact SMILES used.,,human_only,5
PAIR_0005,109-08-0__5910-89-4,109-08-0,5910-89-4,CC1=NC=CN=C1,CC1=NC=CN=C1C,,,Homo sapiens,hOR1G1,405.0,1.0,,True,False,False,,,A tested / B untested,Low,https://doi.org/10.1093/chemse/bji002,,CAS not found in compounds.csv; exact SMILES used.,b_untested,human_only,5
PAIR_0005,109-08-0__5910-89-4,109-08-0,5910-89-4,CC1=NC=CN=C1,CC1=NC=CN=C1C,,,Homo sapiens,hOR52D1,125.0,0.0,,True,False,False,,,A tested / B untested,Low,https://doi.org/10.1093/chemse/bji002,,CAS not found in compounds.csv; exact SMILES used.,b_untested,human_only,5
PAIR_0005,109-08-0__5910-89-4,109-08-0,5910-89-4,CC1=NC=CN=C1,CC1=NC=CN=C1C,,,Homo sapiens,hOR5K1,418.0,1.0,1.0,True,True,True,1.0,0.0,both responsive,High,https://doi.org/10.1096/fj.202100224R,https://doi.org/10.1096/fj.202100224R,CAS not found in compounds.csv; exact SMILES used.,,human_only,5
PAIR_0005,109-08-0__5910-89-4,109-08-0,5910-89-4,CC1=NC=CN=C1,CC1=NC=CN=C1C,,,Homo sapiens,hOR5K2,52.0,0.0,0.0,True,True,True,1.0,0.0,both non-responsive,Low,https://doi.org/10.1096/fj.202100224R,https://doi.org/10.1096/fj.202100224R,CAS not found in compounds.csv; exact SMILES used.,,human_only,5
PAIR_0005,109-08-0__5910-89-4,109-08-0,5910-89-4,CC1=NC=CN=C1,CC1=NC=CN=C1C,,,Homo sapiens,hOR5K3,521.0,0.0,0.0,True,True,True,1.0,0.0,both non-responsive,Low,https://doi.org/10.1096/fj.202100224R,https://doi.org/10.1096/fj.202100224R,CAS not found in compounds.csv; exact SMILES used.,,human_only,5
PAIR_0005,109-08-0__5910-89-4,109-08-0,5910-89-4,CC1=NC=CN=C1,CC1=NC=CN=C1C,,,Homo sapiens,hOR5K4,757.0,0.0,0.0,True,True,True,1.0,0.0,both non-responsive,Low,https://doi.org/10.1096/fj.202100224R,https://doi.org/10.1096/fj.202100224R,CAS not found in compounds.csv; exact SMILES used.,,human_only,5
PAIR_0006,110-41-8__112-44-7,110-41-8,112-44-7,CCCCCCCCCC(C)C=O,CCCCCCCCCCC=O,,undecanal,Homo sapiens,OR10S1,1.0,,0.0,False,True,False,,,A untested / B tested,Low,,https://doi.org/10.1021/acs.biochem.8b01208,CAS not found in compounds.csv; exact SMILES used.,a_untested,human_only,6
PAIR_0006,110-41-8__112-44-7,110-41-8,112-44-7,CCCCCCCCCC(C)C=O,CCCCCCCCCCC=O,,undecanal,Homo sapiens,OR1L6,258.0,,0.0,False,True,False,,,A untested / B tested,Low,,https://doi.org/10.1038/sdata.2015.2,CAS not found in compounds.csv; exact SMILES used.,a_untested,human_only,6
PAIR_0006,110-41-8__112-44-7,110-41-8,112-44-7,CCCCCCCCCC(C)C=O,CCCCCCCCCCC=O,,undecanal,Homo sapiens,OR2A42,4.0,,0.0,False,True,False,,,A untested / B tested,Low,,https://doi.org/10.1021/acs.biochem.8b01208,CAS not found in compounds.csv; exact SMILES used.,a_untested,human_only,6
PAIR_0006,110-41-8__112-44-7,110-41-8,112-44-7,CCCCCCCCCC(C)C=O,CCCCCCCCCCC=O,,undecanal,Homo sapiens,OR2A7 | hOR2A7,5.0,,0.0,False,True,False,,,A untested / B tested,Medium,,https://doi.org/10.1021/acs.biochem.8b01208 | https://doi.org/10.1038/sdata.2015.2,CAS not found in compounds.csv; exact SMILES used.,a_untested,human_only,6
PAIR_0006,110-41-8__112-44-7,110-41-8,112-44-7,CCCCCCCCCC(C)C=O,CCCCCCCCCCC=O,,undecanal,Homo sapiens,OR2L13 | hOR2L13,6.0,,1.0,False,True,False,,,A untested / B tested,,,https://doi.org/10.1021/acs.biochem.8b01208 | https://doi.org/10.1038/sdata.2015.2,CAS not found in compounds.csv; exact SMILES used.,a_untested,human_only,6
PAIR_0006,110-41-8__112-44-7,110-41-8,112-44-7,CCCCCCCCCC(C)C=O,CCCCCCCCCCC=O,,undecanal,Homo sapiens,OR2T4,8.0,,1.0,False,True,False,,,A untested / B tested,Medium,,https://doi.org/10.1021/acs.biochem.8b01208,CAS not found in compounds.csv; exact SMILES used.,a_untested,human_only,6
PAIR_0006,110-41-8__112-44-7,110-41-8,112-44-7,CCCCCCCCCC(C)C=O,CCCCCCCCCCC=O,,undecanal,Homo sapiens,OR2W3,9.0,,0.0,False,True,False,,,A untested / B tested,Low,,https://doi.org/10.1021/acs.biochem.8b01208,CAS not found in compounds.csv; exact SMILES used.,a_untested,human_only,6
PAIR_0006,110-41-8__112-44-7,110-41-8,112-44-7,CCCCCCCCCC(C)C=O,CCCCCCCCCCC=O,,undecanal,Homo sapiens,OR3A1,483.0,0.0,0.0,True,True,True,1.0,0.0,both non-responsive,High,https://doi.org/10.1111/j.1471-4159.2006.03771.x,https://doi.org/10.1038/sdata.2015.2,CAS not found in compounds.csv; exact SMILES used.,,human_only,6
PAIR_0006,110-41-8__112-44-7,110-41-8,112-44-7,CCCCCCCCCC(C)C=O,CCCCCCCCCCC=O,,undecanal,Homo sapiens,OR51B5,10.0,,0.0,False,True,False,,,A untested / B tested,Low,,https://doi.org/10.1021/acs.biochem.8b01208,CAS not found in compounds.csv; exact SMILES used.,a_untested,human_only,6
PAIR_0006,110-41-8__112-44-7,110-41-8,112-44-7,CCCCCCCCCC(C)C=O,CCCCCCCCCCC=O,,undecanal,Homo sapiens,hOR10A2,134.0,,0.0,False,True,False,,,A untested / B tested,Low,,https://doi.org/10.1038/sdata.2015.2,CAS not found in compounds.csv; exact SMILES used.,a_untested,human_only,6
PAIR_0006,110-41-8__112-44-7,110-41-8,112-44-7,CCCCCCCCCC(C)C=O,CCCCCCCCCCC=O,,undecanal,Homo sapiens,hOR10A3,338.0,,0.0,False,True,False,,,A untested / B tested,Low,,https://doi.org/10.1038/sdata.2015.2,CAS not found in compounds.csv; exact SMILES used.,a_untested,human_only,6
PAIR_0006,110-41-8__112-44-7,110-41-8,112-44-7,CCCCCCCCCC(C)C=O,CCCCCCCCCCC=O,,undecanal,Homo sapiens,hOR10A5,506.0,,0.0,False,True,False,,,A untested / B tested,Low,,https://doi.org/10.1038/sdata.2015.2,CAS not found in compounds.csv; exact SMILES used.,a_untested,human_only,6
PAIR_0006,110-41-8__112-44-7,110-41-8,112-44-7,CCCCCCCCCC(C)C=O,CCCCCCCCCCC=O,,undecanal,Homo sapiens,hOR10A6,181.0,,0.0,False,True,False,,,A untested / B tested,Low,,https://doi.org/10.1038/sdata.2015.2,CAS not found in compounds.csv; exact SMILES used.,a_untested,human_only,6
PAIR_0006,110-41-8__112-44-7,110-41-8,112-44-7,CCCCCCCCCC(C)C=O,CCCCCCCCCCC=O,,undecanal,Homo sapiens,hOR10A7,210.0,,0.0,False,True,False,,,A untested / B tested,Low,,https://doi.org/10.1038/sdata.2015.2,CAS not found in compounds.csv; exact SMILES used.,a_untested,human_only,6
PAIR_0006,110-41-8__112-44-7,110-41-8,112-44-7,CCCCCCCCCC(C)C=O,CCCCCCCCCCC=O,,undecanal,Homo sapiens,hOR10AG1,207.0,,0.0,False,True,False,,,A untested / B tested,Low,,https://doi.org/10.1038/sdata.2015.2,CAS not found in compounds.csv; exact SMILES used.,a_untested,human_only,6
PAIR_0006,110-41-8__112-44-7,110-41-8,112-44-7,CCCCCCCCCC(C)C=O,CCCCCCCCCCC=O,,undecanal,Homo sapiens,hOR10C1,49.0,,0.0,False,True,False,,,A untested / B tested,Low,,https://doi.org/10.1038/sdata.2015.2,CAS not found in compounds.csv; exact SMILES used.,a_untested,human_only,6
PAIR_0006,110-41-8__112-44-7,110-41-8,112-44-7,CCCCCCCCCC(C)C=O,CCCCCCCCCCC=O,,undecanal,Homo sapiens,hOR10G6,82.0,,0.0,False,True,False,,,A untested / B tested,Low,,https://doi.org/10.1038/sdata.2015.2,CAS not found in compounds.csv; exact SMILES used.,a_untested,human_only,6
PAIR_0006,110-41-8__112-44-7,110-41-8,112-44-7,CCCCCCCCCC(C)C=O,CCCCCCCCCCC=O,,undecanal,Homo sapiens,hOR10G7,371.0,,0.0,False,True,False,,,A untested / B tested,Low,,https://doi.org/10.1038/sdata.2015.2,CAS not found in compounds.csv; exact SMILES used.,a_untested,human_only,6
PAIR_0006,110-41-8__112-44-7,110-41-8,112-44-7,CCCCCCCCCC(C)C=O,CCCCCCCCCCC=O,,undecanal,Homo sapiens,hOR10G8,315.0,,0.0,False,True,False,,,A untested / B tested,Low,,https://doi.org/10.1038/sdata.2015.2,CAS not found in compounds.csv; exact SMILES used.,a_untested,human_only,6
PAIR_0006,110-41-8__112-44-7,110-41-8,112-44-7,CCCCCCCCCC(C)C=O,CCCCCCCCCCC=O,,undecanal,Homo sapiens,hOR10H1,107.0,,0.0,False,True,False,,,A untested / B tested,Low,,https://doi.org/10.1038/sdata.2015.2,CAS not found in compounds.csv; exact SMILES used.,a_untested,human_only,6
PAIR_0006,110-41-8__112-44-7,110-41-8,112-44-7,CCCCCCCCCC(C)C=O,CCCCCCCCCCC=O,,undecanal,Homo sapiens,hOR10H3,439.0,,0.0,False,True,False,,,A untested / B tested,Low,,https://doi.org/10.1038/sdata.2015.2,CAS not found in compounds.csv; exact SMILES used.,a_untested,human_only,6
PAIR_0006,110-41-8__112-44-7,110-41-8,112-44-7,CCCCCCCCCC(C)C=O,CCCCCCCCCCC=O,,undecanal,Homo sapiens,hOR10H4,131.0,,0.0,False,True,False,,,A untested / B tested,Low,,https://doi.org/10.1038/sdata.2015.2,CAS not found in compounds.csv; exact SMILES used.,a_untested,human_only,6
PAIR_0006,110-41-8__112-44-7,110-41-8,112-44-7,CCCCCCCCCC(C)C=O,CCCCCCCCCCC=O,,undecanal,Homo sapiens,hOR10J1,498.0,,0.0,False,True,False,,,A untested / B tested,Low,,https://doi.org/10.1038/sdata.2015.2,CAS not found in compounds.csv; exact SMILES used.,a_untested,human_only,6
PAIR_0006,110-41-8__112-44-7,110-41-8,112-44-7,CCCCCCCCCC(C)C=O,CCCCCCCCCCC=O,,undecanal,Homo sapiens,hOR10J3,378.0,,0.0,False,True,False,,,A untested / B tested,Low,,https://doi.org/10.1038/sdata.2015.2,CAS not found in compounds.csv; exact SMILES used.,a_untested,human_only,6
PAIR_0006,110-41-8__112-44-7,110-41-8,112-44-7,CCCCCCCCCC(C)C=O,CCCCCCCCCCC=O,,undecanal,Homo sapiens,hOR10J5,25.0,,0.0,False,True,False,,,A untested / B tested,Low,,https://doi.org/10.1038/sdata.2015.2,CAS not found in compounds.csv; exact SMILES used.,a_untested,human_only,6
PAIR_0006,110-41-8__112-44-7,110-41-8,112-44-7,CCCCCCCCCC(C)C=O,CCCCCCCCCCC=O,,undecanal,Homo sapiens,hOR10K1,12.0,,0.0,False,True,False,,,A untested / B tested,Low,,https://doi.org/10.1038/sdata.2015.2,CAS not found in compounds.csv; exact SMILES used.,a_untested,human_only,6
PAIR_0006,110-41-8__112-44-7,110-41-8,112-44-7,CCCCCCCCCC(C)C=O,CCCCCCCCCCC=O,,undecanal,Homo sapiens,hOR10K2,30.0,,0.0,False,True,False,,,A untested / B tested,Low,,https://doi.org/10.1038/sdata.2015.2,CAS not found in compounds.csv; exact SMILES used.,a_untested,human_only,6
PAIR_0006,110-41-8__112-44-7,110-41-8,112-44-7,CCCCCCCCCC(C)C=O,CCCCCCCCCCC=O,,undecanal,Homo sapiens,hOR10P1,211.0,,0.0,False,True,False,,,A untested / B tested,Low,,https://doi.org/10.1038/sdata.2015.2,CAS not found in compounds.csv; exact SMILES used.,a_untested,human_only,6
PAIR_0006,110-41-8__112-44-7,110-41-8,112-44-7,CCCCCCCCCC(C)C=O,CCCCCCCCCCC=O,,undecanal,Homo sapiens,hOR10Q1,166.0,,0.0,False,True,False,,,A untested / B tested,Low,,https://doi.org/10.1038/sdata.2015.2,CAS not found in compounds.csv; exact SMILES used.,a_untested,human_only,6
PAIR_0006,110-41-8__112-44-7,110-41-8,112-44-7,CCCCCCCCCC(C)C=O,CCCCCCCCCCC=O,,undecanal,Homo sapiens,hOR10R2,321.0,,0.0,False,True,False,,,A untested / B tested,Low,,https://doi.org/10.1038/sdata.2015.2,CAS not found in compounds.csv; exact SMILES used.,a_untested,human_only,6
PAIR_0006,110-41-8__112-44-7,110-41-8,112-44-7,CCCCCCCCCC(C)C=O,CCCCCCCCCCC=O,,undecanal,Homo sapiens,hOR10T2,21.0,,0.0,False,True,False,,,A untested / B tested,Low,,https://doi.org/10.1038/sdata.2015.2,CAS not found in compounds.csv; exact SMILES used.,a_untested,human_only,6
PAIR_0006,110-41-8__112-44-7,110-41-8,112-44-7,CCCCCCCCCC(C)C=O,CCCCCCCCCCC=O,,undecanal,Homo sapiens,hOR10X1,257.0,,0.0,False,True,False,,,A untested / B tested,Low,,https://doi.org/10.1038/sdata.2015.2,CAS not found in compounds.csv; exact SMILES used.,a_untested,human_only,6
PAIR_0006,110-41-8__112-44-7,110-41-8,112-44-7,CCCCCCCCCC(C)C=O,CCCCCCCCCCC=O,,undecanal,Homo sapiens,hOR10Z1,14.0,,0.0,False,True,False,,,A untested / B tested,Low,,https://doi.org/10.1038/sdata.2015.2,CAS not found in compounds.csv; exact SMILES used.,a_untested,human_only,6
PAIR_0006,110-41-8__112-44-7,110-41-8,112-44-7,CCCCCCCCCC(C)C=O,CCCCCCCCCCC=O,,undecanal,Homo sapiens,hOR11A1,47.0,,0.0,False,True,False,,,A untested / B tested,Low,,https://doi.org/10.1038/sdata.2015.2,CAS not found in compounds.csv; exact SMILES used.,a_untested,human_only,6
PAIR_0006,110-41-8__112-44-7,110-41-8,112-44-7,CCCCCCCCCC(C)C=O,CCCCCCCCCCC=O,,undecanal,Homo sapiens,hOR11G2,499.0,,0.0,False,True,False,,,A untested / B tested,Low,,https://doi.org/10.1038/sdata.2015.2,CAS not found in compounds.csv; exact SMILES used.,a_untested,human_only,6
PAIR_0006,110-41-8__112-44-7,110-41-8,112-44-7,CCCCCCCCCC(C)C=O,CCCCCCCCCCC=O,,undecanal,Homo sapiens,hOR11H1,469.0,,1.0,False,True,False,,,A untested / B tested,Low,,https://doi.org/10.1038/sdata.2015.2,CAS not found in compounds.csv; exact SMILES used.,a_untested,human_only,6
PAIR_0006,110-41-8__112-44-7,110-41-8,112-44-7,CCCCCCCCCC(C)C=O,CCCCCCCCCCC=O,,undecanal,Homo sapiens,hOR11H12,248.0,,0.0,False,True,False,,,A untested / B tested,Low,,https://doi.org/10.1038/sdata.2015.2,CAS not found in compounds.csv; exact SMILES used.,a_untested,human_only,6
PAIR_0006,110-41-8__112-44-7,110-41-8,112-44-7,CCCCCCCCCC(C)C=O,CCCCCCCCCCC=O,,undecanal,Homo sapiens,hOR11H13,357.0,,0.0,False,True,False,,,A untested / B tested,Low,,https://doi.org/10.1038/sdata.2015.2,CAS not found in compounds.csv; exact SMILES used.,a_untested,human_only,6
PAIR_0006,110-41-8__112-44-7,110-41-8,112-44-7,CCCCCCCCCC(C)C=O,CCCCCCCCCCC=O,,undecanal,Homo sapiens,hOR11H4,218.0,,0.0,False,True,False,,,A untested / B tested,Low,,https://doi.org/10.1038/sdata.2015.2,CAS not found in compounds.csv; exact SMILES used.,a_untested,human_only,6
PAIR_0006,110-41-8__112-44-7,110-41-8,112-44-7,CCCCCCCCCC(C)C=O,CCCCCCCCCCC=O,,undecanal,Homo sapiens,hOR11H6,228.0,,0.0,False,True,False,,,A untested / B tested,Low,,https://doi.org/10.1038/sdata.2015.2,CAS not found in compounds.csv; exact SMILES used.,a_untested,human_only,6
PAIR_0006,110-41-8__112-44-7,110-41-8,112-44-7,CCCCCCCCCC(C)C=O,CCCCCCCCCCC=O,,undecanal,Homo sapiens,hOR12D2,58.0,,0.0,False,True,False,,,A untested / B tested,Low,,https://doi.org/10.1038/sdata.2015.2,CAS not found in compounds.csv; exact SMILES used.,a_untested,human_only,6
PAIR_0006,110-41-8__112-44-7,110-41-8,112-44-7,CCCCCCCCCC(C)C=O,CCCCCCCCCCC=O,,undecanal,Homo sapiens,hOR12D3,55.0,,0.0,False,True,False,,,A untested / B tested,Low,,https://doi.org/10.1038/sdata.2015.2,CAS not found in compounds.csv; exact SMILES used.,a_untested,human_only,6
PAIR_0006,110-41-8__112-44-7,110-41-8,112-44-7,CCCCCCCCCC(C)C=O,CCCCCCCCCCC=O,,undecanal,Homo sapiens,hOR13A1,81.0,,0.0,False,True,False,,,A untested / B tested,Low,,https://doi.org/10.1038/sdata.2015.2,CAS not found in compounds.csv; exact SMILES used.,a_untested,human_only,6
PAIR_0006,110-41-8__112-44-7,110-41-8,112-44-7,CCCCCCCCCC(C)C=O,CCCCCCCCCCC=O,,undecanal,Homo sapiens,hOR13C2,502.0,,0.0,False,True,False,,,A untested / B tested,Low,,https://doi.org/10.1038/sdata.2015.2,CAS not found in compounds.csv; exact SMILES used.,a_untested,human_only,6
PAIR_0006,110-41-8__112-44-7,110-41-8,112-44-7,CCCCCCCCCC(C)C=O,CCCCCCCCCCC=O,,undecanal,Homo sapiens,hOR13C3,307.0,,0.0,False,True,False,,,A untested / B tested,Low,,https://doi.org/10.1038/sdata.2015.2,CAS not found in compounds.csv; exact SMILES used.,a_untested,human_only,6
PAIR_0006,110-41-8__112-44-7,110-41-8,112-44-7,CCCCCCCCCC(C)C=O,CCCCCCCCCCC=O,,undecanal,Homo sapiens,hOR13C4,72.0,,0.0,False,True,False,,,A untested / B tested,Low,,https://doi.org/10.1038/sdata.2015.2,CAS not found in compounds.csv; exact SMILES used.,a_untested,human_only,6
PAIR_0006,110-41-8__112-44-7,110-41-8,112-44-7,CCCCCCCCCC(C)C=O,CCCCCCCCCCC=O,,undecanal,Homo sapiens,hOR13C8,73.0,,0.0,False,True,False,,,A untested / B tested,Low,,https://doi.org/10.1038/sdata.2015.2,CAS not found in compounds.csv; exact SMILES used.,a_untested,human_only,6
PAIR_0006,110-41-8__112-44-7,110-41-8,112-44-7,CCCCCCCCCC(C)C=O,CCCCCCCCCCC=O,,undecanal,Homo sapiens,hOR13D1,271.0,,0.0,False,True,False,,,A untested / B tested,Low,,https://doi.org/10.1038/sdata.2015.2,CAS not found in compounds.csv; exact SMILES used.,a_untested,human_only,6
PAIR_0006,110-41-8__112-44-7,110-41-8,112-44-7,CCCCCCCCCC(C)C=O,CCCCCCCCCCC=O,,undecanal,Homo sapiens,hOR13H1,413.0,,0.0,False,True,False,,,A untested / B tested,Low,,https://doi.org/10.1038/sdata.2015.2,CAS not found in compounds.csv; exact SMILES used.,a_untested,human_only,6
PAIR_0006,110-41-8__112-44-7,110-41-8,112-44-7,CCCCCCCCCC(C)C=O,CCCCCCCCCCC=O,,undecanal,Homo sapiens,hOR14A2,32.0,,0.0,False,True,False,,,A untested / B tested,Low,,https://doi.org/10.1038/sdata.2015.2,CAS not found in compounds.csv; exact SMILES used.,a_untested,human_only,6
PAIR_0006,110-41-8__112-44-7,110-41-8,112-44-7,CCCCCCCCCC(C)C=O,CCCCCCCCCCC=O,,undecanal,Homo sapiens,hOR14J1,160.0,,0.0,False,True,False,,,A untested / B tested,Low,,https://doi.org/10.1038/sdata.2015.2,CAS not found in compounds.csv; exact SMILES used.,a_untested,human_only,6
PAIR_0006,110-41-8__112-44-7,110-41-8,112-44-7,CCCCCCCCCC(C)C=O,CCCCCCCCCCC=O,,undecanal,Homo sapiens,hOR14K1,33.0,,0.0,False,True,False,,,A untested / B tested,Low,,https://doi.org/10.1038/sdata.2015.2,CAS not found in compounds.csv; exact SMILES used.,a_untested,human_only,6
PAIR_0006,110-41-8__112-44-7,110-41-8,112-44-7,CCCCCCCCCC(C)C=O,CCCCCCCCCCC=O,,undecanal,Homo sapiens,hOR14L1,17.0,,0.0,False,True,False,,,A untested / B tested,Low,,https://doi.org/10.1038/sdata.2015.2,CAS not found in compounds.csv; exact SMILES used.,a_untested,human_only,6
PAIR_0006,110-41-8__112-44-7,110-41-8,112-44-7,CCCCCCCCCC(C)C=O,CCCCCCCCCCC=O,,undecanal,Homo sapiens,hOR1A1,29.0,,0.0,False,True,False,,,A untested / B tested,Low,,https://doi.org/10.1038/sdata.2015.2,CAS not found in compounds.csv; exact SMILES used.,a_untested,human_only,6
PAIR_0006,110-41-8__112-44-7,110-41-8,112-44-7,CCCCCCCCCC(C)C=O,CCCCCCCCCCC=O,,undecanal,Homo sapiens,hOR1A2,111.0,,0.0,False,True,False,,,A untested / B tested,Low,,https://doi.org/10.1038/sdata.2015.2,CAS not found in compounds.csv; exact SMILES used.,a_untested,human_only,6
PAIR_0006,110-41-8__112-44-7,110-41-8,112-44-7,CCCCCCCCCC(C)C=O,CCCCCCCCCCC=O,,undecanal,Homo sapiens,hOR1C1,34.0,,0.0,False,True,False,,,A untested / B tested,Low,,https://doi.org/10.1038/sdata.2015.2,CAS not found in compounds.csv; exact SMILES used.,a_untested,human_only,6
PAIR_0006,110-41-8__112-44-7,110-41-8,112-44-7,CCCCCCCCCC(C)C=O,CCCCCCCCCCC=O,,undecanal,Homo sapiens,hOR1D2,283.0,,0.0,False,True,False,,,A untested / B tested,Low,,https://doi.org/10.1038/sdata.2015.2,CAS not found in compounds.csv; exact SMILES used.,a_untested,human_only,6
PAIR_0006,110-41-8__112-44-7,110-41-8,112-44-7,CCCCCCCCCC(C)C=O,CCCCCCCCCCC=O,,undecanal,Homo sapiens,hOR1D5,239.0,,0.0,False,True,False,,,A untested / B tested,Low,,https://doi.org/10.1038/sdata.2015.2,CAS not found in compounds.csv; exact SMILES used.,a_untested,human_only,6
PAIR_0006,110-41-8__112-44-7,110-41-8,112-44-7,CCCCCCCCCC(C)C=O,CCCCCCCCCCC=O,,undecanal,Homo sapiens,hOR1E1,213.0,,0.0,False,True,False,,,A untested / B tested,Low,,https://doi.org/10.1038/sdata.2015.2,CAS not found in compounds.csv; exact SMILES used.,a_untested,human_only,6
PAIR_0006,110-41-8__112-44-7,110-41-8,112-44-7,CCCCCCCCCC(C)C=O,CCCCCCCCCCC=O,,undecanal,Homo sapiens,hOR1E2,431.0,,0.0,False,True,False,,,A untested / B tested,Low,,https://doi.org/10.1038/sdata.2015.2,CAS not found in compounds.csv; exact SMILES used.,a_untested,human_only,6
PAIR_0006,110-41-8__112-44-7,110-41-8,112-44-7,CCCCCCCCCC(C)C=O,CCCCCCCCCCC=O,,undecanal,Homo sapiens,hOR1F12,487.0,,0.0,False,True,False,,,A untested / B tested,Low,,https://doi.org/10.1038/sdata.2015.2,CAS not found in compounds.csv; exact SMILES used.,a_untested,human_only,6
PAIR_0006,110-41-8__112-44-7,110-41-8,112-44-7,CCCCCCCCCC(C)C=O,CCCCCCCCCCC=O,,undecanal,Homo sapiens,hOR1G1,405.0,,1.0,False,True,False,,,A untested / B tested,,,https://doi.org/10.1038/sdata.2015.2 | https://doi.org/10.1093/chemse/bji002,CAS not found in compounds.csv; exact SMILES used.,a_untested,human_only,6
PAIR_0006,110-41-8__112-44-7,110-41-8,112-44-7,CCCCCCCCCC(C)C=O,CCCCCCCCCCC=O,,undecanal,Homo sapiens,hOR1J1,488.0,,0.0,False,True,False,,,A untested / B tested,Low,,https://doi.org/10.1038/sdata.2015.2,CAS not found in compounds.csv; exact SMILES used.,a_untested,human_only,6
PAIR_0006,110-41-8__112-44-7,110-41-8,112-44-7,CCCCCCCCCC(C)C=O,CCCCCCCCCCC=O,,undecanal,Homo sapiens,hOR1J2,365.0,,0.0,False,True,False,,,A untested / B tested,Low,,https://doi.org/10.1038/sdata.2015.2,CAS not found in compounds.csv; exact SMILES used.,a_untested,human_only,6
PAIR_0006,110-41-8__112-44-7,110-41-8,112-44-7,CCCCCCCCCC(C)C=O,CCCCCCCCCCC=O,,undecanal,Homo sapiens,hOR1J4,352.0,,0.0,False,True,False,,,A untested / B tested,Low,,https://doi.org/10.1038/sdata.2015.2,CAS not found in compounds.csv; exact SMILES used.,a_untested,human_only,6
PAIR_0006,110-41-8__112-44-7,110-41-8,112-44-7,CCCCCCCCCC(C)C=O,CCCCCCCCCCC=O,,undecanal,Homo sapiens,hOR1K1,70.0,,0.0,False,True,False,,,A untested / B tested,Low,,https://doi.org/10.1038/sdata.2015.2,CAS not found in compounds.csv; exact SMILES used.,a_untested,human_only,6
PAIR_0006,110-41-8__112-44-7,110-41-8,112-44-7,CCCCCCCCCC(C)C=O,CCCCCCCCCCC=O,,undecanal,Homo sapiens,hOR1L1,287.0,,0.0,False,True,False,,,A untested / B tested,Low,,https://doi.org/10.1038/sdata.2015.2,CAS not found in compounds.csv; exact SMILES used.,a_untested,human_only,6
PAIR_0006,110-41-8__112-44-7,110-41-8,112-44-7,CCCCCCCCCC(C)C=O,CCCCCCCCCCC=O,,undecanal,Homo sapiens,hOR1L3,71.0,,0.0,False,True,False,,,A untested / B tested,Low,,https://doi.org/10.1038/sdata.2015.2,CAS not found in compounds.csv; exact SMILES used.,a_untested,human_only,6
PAIR_0006,110-41-8__112-44-7,110-41-8,112-44-7,CCCCCCCCCC(C)C=O,CCCCCCCCCCC=O,,undecanal,Homo sapiens,hOR1L8,69.0,,0.0,False,True,False,,,A untested / B tested,Low,,https://doi.org/10.1038/sdata.2015.2,CAS not found in compounds.csv; exact SMILES used.,a_untested,human_only,6
PAIR_0006,110-41-8__112-44-7,110-41-8,112-44-7,CCCCCCCCCC(C)C=O,CCCCCCCCCCC=O,,undecanal,Homo sapiens,hOR1M1,164.0,,0.0,False,True,False,,,A untested / B tested,Low,,https://doi.org/10.1038/sdata.2015.2,CAS not found in compounds.csv; exact SMILES used.,a_untested,human_only,6
PAIR_0006,110-41-8__112-44-7,110-41-8,112-44-7,CCCCCCCCCC(C)C=O,CCCCCCCCCCC=O,,undecanal,Homo sapiens,hOR1N1,382.0,,0.0,False,True,False,,,A untested / B tested,Low,,https://doi.org/10.1038/sdata.2015.2,CAS not found in compounds.csv; exact SMILES used.,a_untested,human_only,6
PAIR_0006,110-41-8__112-44-7,110-41-8,112-44-7,CCCCCCCCCC(C)C=O,CCCCCCCCCCC=O,,undecanal,Homo sapiens,hOR1N2,421.0,,0.0,False,True,False,,,A untested / B tested,Low,,https://doi.org/10.1038/sdata.2015.2,CAS not found in compounds.csv; exact SMILES used.,a_untested,human_only,6
PAIR_0006,110-41-8__112-44-7,110-41-8,112-44-7,CCCCCCCCCC(C)C=O,CCCCCCCCCCC=O,,undecanal,Homo sapiens,hOR1S1,376.0,,0.0,False,True,False,,,A untested / B tested,Low,,https://doi.org/10.1038/sdata.2015.2,CAS not found in compounds.csv; exact SMILES used.,a_untested,human_only,6
PAIR_0006,110-41-8__112-44-7,110-41-8,112-44-7,CCCCCCCCCC(C)C=O,CCCCCCCCCCC=O,,undecanal,Homo sapiens,hOR1S2,20.0,,0.0,False,True,False,,,A untested / B tested,Low,,https://doi.org/10.1038/sdata.2015.2,CAS not found in compounds.csv; exact SMILES used.,a_untested,human_only,6
PAIR_0006,110-41-8__112-44-7,110-41-8,112-44-7,CCCCCCCCCC(C)C=O,CCCCCCCCCCC=O,,undecanal,Homo sapiens,hOR2A1,61.0,,0.0,False,True,False,,,A untested / B tested,Low,,https://doi.org/10.1038/sdata.2015.2,CAS not found in compounds.csv; exact SMILES used.,a_untested,human_only,6
PAIR_0006,110-41-8__112-44-7,110-41-8,112-44-7,CCCCCCCCCC(C)C=O,CCCCCCCCCCC=O,,undecanal,Homo sapiens,hOR2A12,67.0,,0.0,False,True,False,,,A untested / B tested,Low,,https://doi.org/10.1038/sdata.2015.2,CAS not found in compounds.csv; exact SMILES used.,a_untested,human_only,6
PAIR_0006,110-41-8__112-44-7,110-41-8,112-44-7,CCCCCCCCCC(C)C=O,CCCCCCCCCCC=O,,undecanal,Homo sapiens,hOR2A14,66.0,,0.0,False,True,False,,,A untested / B tested,Low,,https://doi.org/10.1038/sdata.2015.2,CAS not found in compounds.csv; exact SMILES used.,a_untested,human_only,6
PAIR_0006,110-41-8__112-44-7,110-41-8,112-44-7,CCCCCCCCCC(C)C=O,CCCCCCCCCCC=O,,undecanal,Homo sapiens,hOR2A2,394.0,,0.0,False,True,False,,,A untested / B tested,Low,,https://doi.org/10.1038/sdata.2015.2,CAS not found in compounds.csv; exact SMILES used.,a_untested,human_only,6
PAIR_0006,110-41-8__112-44-7,110-41-8,112-44-7,CCCCCCCCCC(C)C=O,CCCCCCCCCCC=O,,undecanal,Homo sapiens,hOR2A25,302.0,,0.0,False,True,False,,,A untested / B tested,Low,,https://doi.org/10.1038/sdata.2015.2,CAS not found in compounds.csv; exact SMILES used.,a_untested,human_only,6
PAIR_0006,110-41-8__112-44-7,110-41-8,112-44-7,CCCCCCCCCC(C)C=O,CCCCCCCCCCC=O,,undecanal,Homo sapiens,hOR2A4,299.0,,0.0,False,True,False,,,A untested / B tested,Low,,https://doi.org/10.1038/sdata.2015.2,CAS not found in compounds.csv; exact SMILES used.,a_untested,human_only,6
PAIR_0006,110-41-8__112-44-7,110-41-8,112-44-7,CCCCCCCCCC(C)C=O,CCCCCCCCCCC=O,,undecanal,Homo sapiens,hOR2A42,473.0,,0.0,False,True,False,,,A untested / B tested,Low,,https://doi.org/10.1038/sdata.2015.2,CAS not found in compounds.csv; exact SMILES used.,a_untested,human_only,6
PAIR_0006,110-41-8__112-44-7,110-41-8,112-44-7,CCCCCCCCCC(C)C=O,CCCCCCCCCCC=O,,undecanal,Homo sapiens,hOR2A5,359.0,,0.0,False,True,False,,,A untested / B tested,Low,,https://doi.org/10.1038/sdata.2015.2,CAS not found in compounds.csv; exact SMILES used.,a_untested,human_only,6
PAIR_0006,110-41-8__112-44-7,110-41-8,112-44-7,CCCCCCCCCC(C)C=O,CCCCCCCCCCC=O,,undecanal,Homo sapiens,hOR2A7,60.0,,0.0,False,True,False,,,A untested / B tested,Low,,https://doi.org/10.1038/sdata.2015.2,CAS not found in compounds.csv; exact SMILES used.,a_untested,human_only,6
PAIR_0006,110-41-8__112-44-7,110-41-8,112-44-7,CCCCCCCCCC(C)C=O,CCCCCCCCCCC=O,,undecanal,Homo sapiens,hOR2AG1,85.0,,0.0,False,True,False,,,A untested / B tested,Low,,https://doi.org/10.1038/sdata.2015.2,CAS not found in compounds.csv; exact SMILES used.,a_untested,human_only,6
PAIR_0006,110-41-8__112-44-7,110-41-8,112-44-7,CCCCCCCCCC(C)C=O,CCCCCCCCCCC=O,,undecanal,Homo sapiens,hOR2AG2,427.0,,0.0,False,True,False,,,A untested / B tested,Low,,https://doi.org/10.1038/sdata.2015.2,CAS not found in compounds.csv; exact SMILES used.,a_untested,human_only,6
PAIR_0006,110-41-8__112-44-7,110-41-8,112-44-7,CCCCCCCCCC(C)C=O,CCCCCCCCCCC=O,,undecanal,Homo sapiens,hOR2AP1,212.0,,0.0,False,True,False,,,A untested / B tested,Low,,https://doi.org/10.1038/sdata.2015.2,CAS not found in compounds.csv; exact SMILES used.,a_untested,human_only,6
PAIR_0006,110-41-8__112-44-7,110-41-8,112-44-7,CCCCCCCCCC(C)C=O,CCCCCCCCCCC=O,,undecanal,Homo sapiens,hOR2AT4,436.0,,0.0,False,True,False,,,A untested / B tested,Low,,https://doi.org/10.1038/sdata.2015.2,CAS not found in compounds.csv; exact SMILES used.,a_untested,human_only,6
PAIR_0006,110-41-8__112-44-7,110-41-8,112-44-7,CCCCCCCCCC(C)C=O,CCCCCCCCCCC=O,,undecanal,Homo sapiens,hOR2B11,339.0,,0.0,False,True,False,,,A untested / B tested,Low,,https://doi.org/10.1038/sdata.2015.2,CAS not found in compounds.csv; exact SMILES used.,a_untested,human_only,6
PAIR_0006,110-41-8__112-44-7,110-41-8,112-44-7,CCCCCCCCCC(C)C=O,CCCCCCCCCCC=O,,undecanal,Homo sapiens,hOR2B2,150.0,,0.0,False,True,False,,,A untested / B tested,Low,,https://doi.org/10.1038/sdata.2015.2,CAS not found in compounds.csv; exact SMILES used.,a_untested,human_only,6
PAIR_0006,110-41-8__112-44-7,110-41-8,112-44-7,CCCCCCCCCC(C)C=O,CCCCCCCCCCC=O,,undecanal,Homo sapiens,hOR2B3,48.0,,0.0,False,True,False,,,A untested / B tested,Low,,https://doi.org/10.1038/sdata.2015.2,CAS not found in compounds.csv; exact SMILES used.,a_untested,human_only,6
PAIR_0006,110-41-8__112-44-7,110-41-8,112-44-7,CCCCCCCCCC(C)C=O,CCCCCCCCCCC=O,,undecanal,Homo sapiens,hOR2B6,358.0,,0.0,False,True,False,,,A untested / B tested,Low,,https://doi.org/10.1038/sdata.2015.2,CAS not found in compounds.csv; exact SMILES used.,a_untested,human_only,6
PAIR_0006,110-41-8__112-44-7,110-41-8,112-44-7,CCCCCCCCCC(C)C=O,CCCCCCCCCCC=O,,undecanal,Homo sapiens,hOR2C1,328.0,,0.0,False,True,False,,,A untested / B tested,Low,,https://doi.org/10.1038/sdata.2015.2,CAS not found in compounds.csv; exact SMILES used.,a_untested,human_only,6
PAIR_0006,110-41-8__112-44-7,110-41-8,112-44-7,CCCCCCCCCC(C)C=O,CCCCCCCCCCC=O,,undecanal,Homo sapiens,hOR2D2,193.0,,0.0,False,True,False,,,A untested / B tested,Low,,https://doi.org/10.1038/sdata.2015.2,CAS not found in compounds.csv; exact SMILES used.,a_untested,human_only,6
PAIR_0006,110-41-8__112-44-7,110-41-8,112-44-7,CCCCCCCCCC(C)C=O,CCCCCCCCCCC=O,,undecanal,Homo sapiens,hOR2F1,65.0,,0.0,False,True,False,,,A untested / B tested,Low,,https://doi.org/10.1038/sdata.2015.2,CAS not found in compounds.csv; exact SMILES used.,a_untested,human_only,6
PAIR_0006,110-41-8__112-44-7,110-41-8,112-44-7,CCCCCCCCCC(C)C=O,CCCCCCCCCCC=O,,undecanal,Homo sapiens,hOR2G2,298.0,,0.0,False,True,False,,,A untested / B tested,Low,,https://doi.org/10.1038/sdata.2015.2,CAS not found in compounds.csv; exact SMILES used.,a_untested,human_only,6
PAIR_0006,110-41-8__112-44-7,110-41-8,112-44-7,CCCCCCCCCC(C)C=O,CCCCCCCCCCC=O,,undecanal,Homo sapiens,hOR2G3,265.0,,0.0,False,True,False,,,A untested / B tested,Low,,https://doi.org/10.1038/sdata.2015.2,CAS not found in compounds.csv; exact SMILES used.,a_untested,human_only,6
PAIR_0006,110-41-8__112-44-7,110-41-8,112-44-7,CCCCCCCCCC(C)C=O,CCCCCCCCCCC=O,,undecanal,Homo sapiens,hOR2G6,404.0,,0.0,False,True,False,,,A untested / B tested,Low,,https://doi.org/10.1038/sdata.2015.2,CAS not found in compounds.csv; exact SMILES used.,a_untested,human_only,6
PAIR_0006,110-41-8__112-44-7,110-41-8,112-44-7,CCCCCCCCCC(C)C=O,CCCCCCCCCCC=O,,undecanal,Homo sapiens,hOR2H1,311.0,,0.0,False,True,False,,,A untested / B tested,Low,,https://doi.org/10.1038/sdata.2015.2,CAS not found in compounds.csv; exact SMILES used.,a_untested,human_only,6
PAIR_0006,110-41-8__112-44-7,110-41-8,112-44-7,CCCCCCCCCC(C)C=O,CCCCCCCCCCC=O,,undecanal,Homo sapiens,hOR2H2,50.0,,0.0,False,True,False,,,A untested / B tested,Low,,https://doi.org/10.1038/sdata.2015.2,CAS not found in compounds.csv; exact SMILES used.,a_untested,human_only,6
PAIR_0006,110-41-8__112-44-7,110-41-8,112-44-7,CCCCCCCCCC(C)C=O,CCCCCCCCCCC=O,,undecanal,Homo sapiens,hOR2J1,261.0,,0.0,False,True,False,,,A untested / B tested,Low,,https://doi.org/10.1038/sdata.2015.2,CAS not found in compounds.csv; exact SMILES used.,a_untested,human_only,6
PAIR_0006,110-41-8__112-44-7,110-41-8,112-44-7,CCCCCCCCCC(C)C=O,CCCCCCCCCCC=O,,undecanal,Homo sapiens,hOR2J2,324.0,,0.0,False,True,False,,,A untested / B tested,Low,,https://doi.org/10.1038/sdata.2015.2,CAS not found in compounds.csv; exact SMILES used.,a_untested,human_only,6
PAIR_0006,110-41-8__112-44-7,110-41-8,112-44-7,CCCCCCCCCC(C)C=O,CCCCCCCCCCC=O,,undecanal,Homo sapiens,hOR2K2,373.0,,0.0,False,True,False,,,A untested / B tested,Low,,https://doi.org/10.1038/sdata.2015.2,CAS not found in compounds.csv; exact SMILES used.,a_untested,human_only,6
PAIR_0006,110-41-8__112-44-7,110-41-8,112-44-7,CCCCCCCCCC(C)C=O,CCCCCCCCCCC=O,,undecanal,Homo sapiens,hOR2L2,383.0,,0.0,False,True,False,,,A untested / B tested,Low,,https://doi.org/10.1038/sdata.2015.2,CAS not found in compounds.csv; exact SMILES used.,a_untested,human_only,6
PAIR_0006,110-41-8__112-44-7,110-41-8,112-44-7,CCCCCCCCCC(C)C=O,CCCCCCCCCCC=O,,undecanal,Homo sapiens,hOR2L3,440.0,,0.0,False,True,False,,,A untested / B tested,Low,,https://doi.org/10.1038/sdata.2015.2,CAS not found in compounds.csv; exact SMILES used.,a_untested,human_only,6
PAIR_0006,110-41-8__112-44-7,110-41-8,112-44-7,CCCCCCCCCC(C)C=O,CCCCCCCCCCC=O,,undecanal,Homo sapiens,hOR2L5,489.0,,0.0,False,True,False,,,A untested / B tested,Low,,https://doi.org/10.1038/sdata.2015.2,CAS not found in compounds.csv; exact SMILES used.,a_untested,human_only,6
PAIR_0006,110-41-8__112-44-7,110-41-8,112-44-7,CCCCCCCCCC(C)C=O,CCCCCCCCCCC=O,,undecanal,Homo sapiens,hOR2L8,429.0,,0.0,False,True,False,,,A untested / B tested,Low,,https://doi.org/10.1038/sdata.2015.2,CAS not found in compounds.csv; exact SMILES used.,a_untested,human_only,6
PAIR_0006,110-41-8__112-44-7,110-41-8,112-44-7,CCCCCCCCCC(C)C=O,CCCCCCCCCCC=O,,undecanal,Homo sapiens,hOR2M3,40.0,,0.0,False,True,False,,,A untested / B tested,Low,,https://doi.org/10.1038/sdata.2015.2,CAS not found in compounds.csv; exact SMILES used.,a_untested,human_only,6
PAIR_0006,110-41-8__112-44-7,110-41-8,112-44-7,CCCCCCCCCC(C)C=O,CCCCCCCCCCC=O,,undecanal,Homo sapiens,hOR2M4,39.0,,0.0,False,True,False,,,A untested / B tested,Low,,https://doi.org/10.1038/sdata.2015.2,CAS not found in compounds.csv; exact SMILES used.,a_untested,human_only,6
PAIR_0006,110-41-8__112-44-7,110-41-8,112-44-7,CCCCCCCCCC(C)C=O,CCCCCCCCCCC=O,,undecanal,Homo sapiens,hOR2M5,128.0,,0.0,False,True,False,,,A untested / B tested,Low,,https://doi.org/10.1038/sdata.2015.2,CAS not found in compounds.csv; exact SMILES used.,a_untested,human_only,6
PAIR_0006,110-41-8__112-44-7,110-41-8,112-44-7,CCCCCCCCCC(C)C=O,CCCCCCCCCCC=O,,undecanal,Homo sapiens,hOR2M7,284.0,,0.0,False,True,False,,,A untested / B tested,Low,,https://doi.org/10.1038/sdata.2015.2,CAS not found in compounds.csv; exact SMILES used.,a_untested,human_only,6
PAIR_0006,110-41-8__112-44-7,110-41-8,112-44-7,CCCCCCCCCC(C)C=O,CCCCCCCCCCC=O,,undecanal,Homo sapiens,hOR2S2,381.0,,0.0,False,True,False,,,A untested / B tested,Low,,https://doi.org/10.1038/sdata.2015.2,CAS not found in compounds.csv; exact SMILES used.,a_untested,human_only,6
PAIR_0006,110-41-8__112-44-7,110-41-8,112-44-7,CCCCCCCCCC(C)C=O,CCCCCCCCCCC=O,,undecanal,Homo sapiens,hOR2T10,36.0,,0.0,False,True,False,,,A untested / B tested,Low,,https://doi.org/10.1038/sdata.2015.2,CAS not found in compounds.csv; exact SMILES used.,a_untested,human_only,6
PAIR_0006,110-41-8__112-44-7,110-41-8,112-44-7,CCCCCCCCCC(C)C=O,CCCCCCCCCCC=O,,undecanal,Homo sapiens,hOR2T2,471.0,,0.0,False,True,False,,,A untested / B tested,Low,,https://doi.org/10.1038/sdata.2015.2,CAS not found in compounds.csv; exact SMILES used.,a_untested,human_only,6
PAIR_0006,110-41-8__112-44-7,110-41-8,112-44-7,CCCCCCCCCC(C)C=O,CCCCCCCCCCC=O,,undecanal,Homo sapiens,hOR2T29,455.0,,0.0,False,True,False,,,A untested / B tested,Low,,https://doi.org/10.1038/sdata.2015.2,CAS not found in compounds.csv; exact SMILES used.,a_untested,human_only,6
PAIR_0006,110-41-8__112-44-7,110-41-8,112-44-7,CCCCCCCCCC(C)C=O,CCCCCCCCCCC=O,,undecanal,Homo sapiens,hOR2T3,317.0,,0.0,False,True,False,,,A untested / B tested,Low,,https://doi.org/10.1038/sdata.2015.2,CAS not found in compounds.csv; exact SMILES used.,a_untested,human_only,6
PAIR_0006,110-41-8__112-44-7,110-41-8,112-44-7,CCCCCCCCCC(C)C=O,CCCCCCCCCCC=O,,undecanal,Homo sapiens,hOR2T34,37.0,,0.0,False,True,False,,,A untested / B tested,Low,,https://doi.org/10.1038/sdata.2015.2,CAS not found in compounds.csv; exact SMILES used.,a_untested,human_only,6
PAIR_0006,110-41-8__112-44-7,110-41-8,112-44-7,CCCCCCCCCC(C)C=O,CCCCCCCCCCC=O,,undecanal,Homo sapiens,hOR2T4,276.0,,0.0,False,True,False,,,A untested / B tested,Low,,https://doi.org/10.1038/sdata.2015.2,CAS not found in compounds.csv; exact SMILES used.,a_untested,human_only,6
PAIR_0006,110-41-8__112-44-7,110-41-8,112-44-7,CCCCCCCCCC(C)C=O,CCCCCCCCCCC=O,,undecanal,Homo sapiens,hOR2T5,22.0,,0.0,False,True,False,,,A untested / B tested,Low,,https://doi.org/10.1038/sdata.2015.2,CAS not found in compounds.csv; exact SMILES used.,a_untested,human_only,6
PAIR_0006,110-41-8__112-44-7,110-41-8,112-44-7,CCCCCCCCCC(C)C=O,CCCCCCCCCCC=O,,undecanal,Homo sapiens,hOR2T8,478.0,,0.0,False,True,False,,,A untested / B tested,Low,,https://doi.org/10.1038/sdata.2015.2,CAS not found in compounds.csv; exact SMILES used.,a_untested,human_only,6
PAIR_0006,110-41-8__112-44-7,110-41-8,112-44-7,CCCCCCCCCC(C)C=O,CCCCCCCCCCC=O,,undecanal,Homo sapiens,hOR2V1,503.0,,0.0,False,True,False,,,A untested / B tested,Low,,https://doi.org/10.1038/sdata.2015.2,CAS not found in compounds.csv; exact SMILES used.,a_untested,human_only,6
PAIR_0006,110-41-8__112-44-7,110-41-8,112-44-7,CCCCCCCCCC(C)C=O,CCCCCCCCCCC=O,,undecanal,Homo sapiens,hOR2W1,51.0,,1.0,False,True,False,,,A untested / B tested,Low,,https://doi.org/10.1038/sdata.2015.2,CAS not found in compounds.csv; exact SMILES used.,a_untested,human_only,6
PAIR_0006,110-41-8__112-44-7,110-41-8,112-44-7,CCCCCCCCCC(C)C=O,CCCCCCCCCCC=O,,undecanal,Homo sapiens,hOR2W5,422.0,,0.0,False,True,False,,,A untested / B tested,Low,,https://doi.org/10.1038/sdata.2015.2,CAS not found in compounds.csv; exact SMILES used.,a_untested,human_only,6
PAIR_0006,110-41-8__112-44-7,110-41-8,112-44-7,CCCCCCCCCC(C)C=O,CCCCCCCCCCC=O,,undecanal,Homo sapiens,hOR2Z1,243.0,,0.0,False,True,False,,,A untested / B tested,Low,,https://doi.org/10.1038/sdata.2015.2,CAS not found in compounds.csv; exact SMILES used.,a_untested,human_only,6
PAIR_0006,110-41-8__112-44-7,110-41-8,112-44-7,CCCCCCCCCC(C)C=O,CCCCCCCCCCC=O,,undecanal,Homo sapiens,hOR3A2,238.0,,0.0,False,True,False,,,A untested / B tested,Low,,https://doi.org/10.1038/sdata.2015.2,CAS not found in compounds.csv; exact SMILES used.,a_untested,human_only,6
PAIR_0006,110-41-8__112-44-7,110-41-8,112-44-7,CCCCCCCCCC(C)C=O,CCCCCCCCCCC=O,,undecanal,Homo sapiens,hOR3A3,457.0,,0.0,False,True,False,,,A untested / B tested,Low,,https://doi.org/10.1038/sdata.2015.2,CAS not found in compounds.csv; exact SMILES used.,a_untested,human_only,6
PAIR_0006,110-41-8__112-44-7,110-41-8,112-44-7,CCCCCCCCCC(C)C=O,CCCCCCCCCCC=O,,undecanal,Homo sapiens,hOR4A16,432.0,,0.0,False,True,False,,,A untested / B tested,Low,,https://doi.org/10.1038/sdata.2015.2,CAS not found in compounds.csv; exact SMILES used.,a_untested,human_only,6
PAIR_0006,110-41-8__112-44-7,110-41-8,112-44-7,CCCCCCCCCC(C)C=O,CCCCCCCCCCC=O,,undecanal,Homo sapiens,hOR4A4,425.0,,0.0,False,True,False,,,A untested / B tested,Low,,https://doi.org/10.1038/sdata.2015.2,CAS not found in compounds.csv; exact SMILES used.,a_untested,human_only,6
PAIR_0006,110-41-8__112-44-7,110-41-8,112-44-7,CCCCCCCCCC(C)C=O,CCCCCCCCCCC=O,,undecanal,Homo sapiens,hOR4A5,484.0,,0.0,False,True,False,,,A untested / B tested,Low,,https://doi.org/10.1038/sdata.2015.2,CAS not found in compounds.csv; exact SMILES used.,a_untested,human_only,6
PAIR_0006,110-41-8__112-44-7,110-41-8,112-44-7,CCCCCCCCCC(C)C=O,CCCCCCCCCCC=O,,undecanal,Homo sapiens,hOR4B1,153.0,,0.0,False,True,False,,,A untested / B tested,Low,,https://doi.org/10.1038/sdata.2015.2,CAS not found in compounds.csv; exact SMILES used.,a_untested,human_only,6
PAIR_0006,110-41-8__112-44-7,110-41-8,112-44-7,CCCCCCCCCC(C)C=O,CCCCCCCCCCC=O,,undecanal,Homo sapiens,hOR4C11,203.0,,0.0,False,True,False,,,A untested / B tested,Low,,https://doi.org/10.1038/sdata.2015.2,CAS not found in compounds.csv; exact SMILES used.,a_untested,human_only,6
PAIR_0006,110-41-8__112-44-7,110-41-8,112-44-7,CCCCCCCCCC(C)C=O,CCCCCCCCCCC=O,,undecanal,Homo sapiens,hOR4C15,269.0,,0.0,False,True,False,,,A untested / B tested,Low,,https://doi.org/10.1038/sdata.2015.2,CAS not found in compounds.csv; exact SMILES used.,a_untested,human_only,6
PAIR_0006,110-41-8__112-44-7,110-41-8,112-44-7,CCCCCCCCCC(C)C=O,CCCCCCCCCCC=O,,undecanal,Homo sapiens,hOR4C3,236.0,,0.0,False,True,False,,,A untested / B tested,Low,,https://doi.org/10.1038/sdata.2015.2,CAS not found in compounds.csv; exact SMILES used.,a_untested,human_only,6
PAIR_0006,110-41-8__112-44-7,110-41-8,112-44-7,CCCCCCCCCC(C)C=O,CCCCCCCCCCC=O,,undecanal,Homo sapiens,hOR4C5,251.0,,0.0,False,True,False,,,A untested / B tested,Low,,https://doi.org/10.1038/sdata.2015.2,CAS not found in compounds.csv; exact SMILES used.,a_untested,human_only,6
PAIR_0006,110-41-8__112-44-7,110-41-8,112-44-7,CCCCCCCCCC(C)C=O,CCCCCCCCCCC=O,,undecanal,Homo sapiens,hOR4C6,188.0,,0.0,False,True,False,,,A untested / B tested,Low,,https://doi.org/10.1038/sdata.2015.2,CAS not found in compounds.csv; exact SMILES used.,a_untested,human_only,6
PAIR_0006,110-41-8__112-44-7,110-41-8,112-44-7,CCCCCCCCCC(C)C=O,CCCCCCCCCCC=O,,undecanal,Homo sapiens,hOR4D1,259.0,,0.0,False,True,False,,,A untested / B tested,Low,,https://doi.org/10.1038/sdata.2015.2,CAS not found in compounds.csv; exact SMILES used.,a_untested,human_only,6
PAIR_0006,110-41-8__112-44-7,110-41-8,112-44-7,CCCCCCCCCC(C)C=O,CCCCCCCCCCC=O,,undecanal,Homo sapiens,hOR4D10,139.0,,0.0,False,True,False,,,A untested / B tested,Low,,https://doi.org/10.1038/sdata.2015.2,CAS not found in compounds.csv; exact SMILES used.,a_untested,human_only,6
PAIR_0006,110-41-8__112-44-7,110-41-8,112-44-7,CCCCCCCCCC(C)C=O,CCCCCCCCCCC=O,,undecanal,Homo sapiens,hOR4D11,202.0,,0.0,False,True,False,,,A untested / B tested,Low,,https://doi.org/10.1038/sdata.2015.2,CAS not found in compounds.csv; exact SMILES used.,a_untested,human_only,6
PAIR_0006,110-41-8__112-44-7,110-41-8,112-44-7,CCCCCCCCCC(C)C=O,CCCCCCCCCCC=O,,undecanal,Homo sapiens,hOR4D5,94.0,,0.0,False,True,False,,,A untested / B tested,Low,,https://doi.org/10.1038/sdata.2015.2,CAS not found in compounds.csv; exact SMILES used.,a_untested,human_only,6
PAIR_0006,110-41-8__112-44-7,110-41-8,112-44-7,CCCCCCCCCC(C)C=O,CCCCCCCCCCC=O,,undecanal,Homo sapiens,hOR4D9,180.0,,0.0,False,True,False,,,A untested / B tested,Low,,https://doi.org/10.1038/sdata.2015.2,CAS not found in compounds.csv; exact SMILES used.,a_untested,human_only,6
PAIR_0006,110-41-8__112-44-7,110-41-8,112-44-7,CCCCCCCCCC(C)C=O,CCCCCCCCCCC=O,,undecanal,Homo sapiens,hOR4F15,356.0,,0.0,False,True,False,,,A untested / B tested,Low,,https://doi.org/10.1038/sdata.2015.2,CAS not found in compounds.csv; exact SMILES used.,a_untested,human_only,6
PAIR_0006,110-41-8__112-44-7,110-41-8,112-44-7,CCCCCCCCCC(C)C=O,CCCCCCCCCCC=O,,undecanal,Homo sapiens,hOR4F16,45.0,,0.0,False,True,False,,,A untested / B tested,Low,,https://doi.org/10.1038/sdata.2015.2,CAS not found in compounds.csv; exact SMILES used.,a_untested,human_only,6
PAIR_0006,110-41-8__112-44-7,110-41-8,112-44-7,CCCCCCCCCC(C)C=O,CCCCCCCCCCC=O,,undecanal,Homo sapiens,hOR4F17,122.0,,0.0,False,True,False,,,A untested / B tested,Low,,https://doi.org/10.1038/sdata.2015.2,CAS not found in compounds.csv; exact SMILES used.,a_untested,human_only,6
PAIR_0006,110-41-8__112-44-7,110-41-8,112-44-7,CCCCCCCCCC(C)C=O,CCCCCCCCCCC=O,,undecanal,Homo sapiens,hOR4F21,481.0,,0.0,False,True,False,,,A untested / B tested,Low,,https://doi.org/10.1038/sdata.2015.2,CAS not found in compounds.csv; exact SMILES used.,a_untested,human_only,6
PAIR_0006,110-41-8__112-44-7,110-41-8,112-44-7,CCCCCCCCCC(C)C=O,CCCCCCCCCCC=O,,undecanal,Homo sapiens,hOR4F4,464.0,,1.0,False,True,False,,,A untested / B tested,Low,,https://doi.org/10.1038/sdata.2015.2,CAS not found in compounds.csv; exact SMILES used.,a_untested,human_only,6
PAIR_0006,110-41-8__112-44-7,110-41-8,112-44-7,CCCCCCCCCC(C)C=O,CCCCCCCCCCC=O,,undecanal,Homo sapiens,hOR4F5,466.0,,0.0,False,True,False,,,A untested / B tested,Low,,https://doi.org/10.1038/sdata.2015.2,CAS not found in compounds.csv; exact SMILES used.,a_untested,human_only,6
PAIR_0006,110-41-8__112-44-7,110-41-8,112-44-7,CCCCCCCCCC(C)C=O,CCCCCCCCCCC=O,,undecanal,Homo sapiens,hOR4F6,450.0,,0.0,False,True,False,,,A untested / B tested,Low,,https://doi.org/10.1038/sdata.2015.2,CAS not found in compounds.csv; exact SMILES used.,a_untested,human_only,6
PAIR_0006,110-41-8__112-44-7,110-41-8,112-44-7,CCCCCCCCCC(C)C=O,CCCCCCCCCCC=O,,undecanal,Homo sapiens,hOR4K13,220.0,,0.0,False,True,False,,,A untested / B tested,Low,,https://doi.org/10.1038/sdata.2015.2,CAS not found in compounds.csv; exact SMILES used.,a_untested,human_only,6
PAIR_0006,110-41-8__112-44-7,110-41-8,112-44-7,CCCCCCCCCC(C)C=O,CCCCCCCCCCC=O,,undecanal,Homo sapiens,hOR4K14,229.0,,0.0,False,True,False,,,A untested / B tested,Low,,https://doi.org/10.1038/sdata.2015.2,CAS not found in compounds.csv; exact SMILES used.,a_untested,human_only,6
PAIR_0006,110-41-8__112-44-7,110-41-8,112-44-7,CCCCCCCCCC(C)C=O,CCCCCCCCCCC=O,,undecanal,Homo sapiens,hOR4K17,340.0,,0.0,False,True,False,,,A untested / B tested,Low,,https://doi.org/10.1038/sdata.2015.2,CAS not found in compounds.csv; exact SMILES used.,a_untested,human_only,6
PAIR_0006,110-41-8__112-44-7,110-41-8,112-44-7,CCCCCCCCCC(C)C=O,CCCCCCCCCCC=O,,undecanal,Homo sapiens,hOR4K2,214.0,,0.0,False,True,False,,,A untested / B tested,Low,,https://doi.org/10.1038/sdata.2015.2,CAS not found in compounds.csv; exact SMILES used.,a_untested,human_only,6
PAIR_0006,110-41-8__112-44-7,110-41-8,112-44-7,CCCCCCCCCC(C)C=O,CCCCCCCCCCC=O,,undecanal,Homo sapiens,hOR4K3,215.0,,0.0,False,True,False,,,A untested / B tested,Low,,https://doi.org/10.1038/sdata.2015.2,CAS not found in compounds.csv; exact SMILES used.,a_untested,human_only,6
PAIR_0006,110-41-8__112-44-7,110-41-8,112-44-7,CCCCCCCCCC(C)C=O,CCCCCCCCCCC=O,,undecanal,Homo sapiens,hOR4K5,216.0,,0.0,False,True,False,,,A untested / B tested,Low,,https://doi.org/10.1038/sdata.2015.2,CAS not found in compounds.csv; exact SMILES used.,a_untested,human_only,6
PAIR_0006,110-41-8__112-44-7,110-41-8,112-44-7,CCCCCCCCCC(C)C=O,CCCCCCCCCCC=O,,undecanal,Homo sapiens,hOR4M1,470.0,,0.0,False,True,False,,,A untested / B tested,Low,,https://doi.org/10.1038/sdata.2015.2,CAS not found in compounds.csv; exact SMILES used.,a_untested,human_only,6
PAIR_0006,110-41-8__112-44-7,110-41-8,112-44-7,CCCCCCCCCC(C)C=O,CCCCCCCCCCC=O,,undecanal,Homo sapiens,hOR4M2,231.0,,0.0,False,True,False,,,A untested / B tested,Low,,https://doi.org/10.1038/sdata.2015.2,CAS not found in compounds.csv; exact SMILES used.,a_untested,human_only,6
PAIR_0006,110-41-8__112-44-7,110-41-8,112-44-7,CCCCCCCCCC(C)C=O,CCCCCCCCCCC=O,,undecanal,Homo sapiens,hOR4N2,222.0,,0.0,False,True,False,,,A untested / B tested,Low,,https://doi.org/10.1038/sdata.2015.2,CAS not found in compounds.csv; exact SMILES used.,a_untested,human_only,6
PAIR_0006,110-41-8__112-44-7,110-41-8,112-44-7,CCCCCCCCCC(C)C=O,CCCCCCCCCCC=O,,undecanal,Homo sapiens,hOR4N4,230.0,,0.0,False,True,False,,,A untested / B tested,Low,,https://doi.org/10.1038/sdata.2015.2,CAS not found in compounds.csv; exact SMILES used.,a_untested,human_only,6
PAIR_0006,110-41-8__112-44-7,110-41-8,112-44-7,CCCCCCCCCC(C)C=O,CCCCCCCCCCC=O,,undecanal,Homo sapiens,hOR4N5,217.0,,0.0,False,True,False,,,A untested / B tested,Low,,https://doi.org/10.1038/sdata.2015.2,CAS not found in compounds.csv; exact SMILES used.,a_untested,human_only,6
PAIR_0006,110-41-8__112-44-7,110-41-8,112-44-7,CCCCCCCCCC(C)C=O,CCCCCCCCCCC=O,,undecanal,Homo sapiens,hOR4P4,109.0,,0.0,False,True,False,,,A untested / B tested,Low,,https://doi.org/10.1038/sdata.2015.2,CAS not found in compounds.csv; exact SMILES used.,a_untested,human_only,6
PAIR_0006,110-41-8__112-44-7,110-41-8,112-44-7,CCCCCCCCCC(C)C=O,CCCCCCCCCCC=O,,undecanal,Homo sapiens,hOR4Q3,333.0,,0.0,False,True,False,,,A untested / B tested,Low,,https://doi.org/10.1038/sdata.2015.2,CAS not found in compounds.csv; exact SMILES used.,a_untested,human_only,6
PAIR_0006,110-41-8__112-44-7,110-41-8,112-44-7,CCCCCCCCCC(C)C=O,CCCCCCCCCCC=O,,undecanal,Homo sapiens,hOR4S1,235.0,,0.0,False,True,False,,,A untested / B tested,Low,,https://doi.org/10.1038/sdata.2015.2,CAS not found in compounds.csv; exact SMILES used.,a_untested,human_only,6
PAIR_0006,110-41-8__112-44-7,110-41-8,112-44-7,CCCCCCCCCC(C)C=O,CCCCCCCCCCC=O,,undecanal,Homo sapiens,hOR4S2,140.0,,0.0,False,True,False,,,A untested / B tested,Low,,https://doi.org/10.1038/sdata.2015.2,CAS not found in compounds.csv; exact SMILES used.,a_untested,human_only,6
PAIR_0006,110-41-8__112-44-7,110-41-8,112-44-7,CCCCCCCCCC(C)C=O,CCCCCCCCCCC=O,,undecanal,Homo sapiens,hOR4X2,157.0,,0.0,False,True,False,,,A untested / B tested,Low,,https://doi.org/10.1038/sdata.2015.2,CAS not found in compounds.csv; exact SMILES used.,a_untested,human_only,6
PAIR_0006,110-41-8__112-44-7,110-41-8,112-44-7,CCCCCCCCCC(C)C=O,CCCCCCCCCCC=O,,undecanal,Homo sapiens,hOR51A2,479.0,,0.0,False,True,False,,,A untested / B tested,Low,,https://doi.org/10.1038/sdata.2015.2,CAS not found in compounds.csv; exact SMILES used.,a_untested,human_only,6
PAIR_0006,110-41-8__112-44-7,110-41-8,112-44-7,CCCCCCCCCC(C)C=O,CCCCCCCCCCC=O,,undecanal,Homo sapiens,hOR51B2,459.0,,0.0,False,True,False,,,A untested / B tested,Low,,https://doi.org/10.1038/sdata.2015.2,CAS not found in compounds.csv; exact SMILES used.,a_untested,human_only,6
PAIR_0006,110-41-8__112-44-7,110-41-8,112-44-7,CCCCCCCCCC(C)C=O,CCCCCCCCCCC=O,,undecanal,Homo sapiens,hOR51B5,461.0,,0.0,False,True,False,,,A untested / B tested,Low,,https://doi.org/10.1038/sdata.2015.2,CAS not found in compounds.csv; exact SMILES used.,a_untested,human_only,6
PAIR_0006,110-41-8__112-44-7,110-41-8,112-44-7,CCCCCCCCCC(C)C=O,CCCCCCCCCCC=O,,undecanal,Homo sapiens,hOR51B6,462.0,,1.0,False,True,False,,,A untested / B tested,Low,,https://doi.org/10.1038/sdata.2015.2,CAS not found in compounds.csv; exact SMILES used.,a_untested,human_only,6
PAIR_0006,110-41-8__112-44-7,110-41-8,112-44-7,CCCCCCCCCC(C)C=O,CCCCCCCCCCC=O,,undecanal,Homo sapiens,hOR51D1,169.0,,0.0,False,True,False,,,A untested / B tested,Low,,https://doi.org/10.1038/sdata.2015.2,CAS not found in compounds.csv; exact SMILES used.,a_untested,human_only,6
PAIR_0006,110-41-8__112-44-7,110-41-8,112-44-7,CCCCCCCCCC(C)C=O,CCCCCCCCCCC=O,,undecanal,Homo sapiens,hOR51E1,100.0,,0.0,False,True,False,,,A untested / B tested,Low,,https://doi.org/10.1038/sdata.2015.2,CAS not found in compounds.csv; exact SMILES used.,a_untested,human_only,6
PAIR_0006,110-41-8__112-44-7,110-41-8,112-44-7,CCCCCCCCCC(C)C=O,CCCCCCCCCCC=O,,undecanal,Homo sapiens,hOR51E2,168.0,,0.0,False,True,False,,,A untested / B tested,Low,,https://doi.org/10.1038/sdata.2015.2,CAS not found in compounds.csv; exact SMILES used.,a_untested,human_only,6
PAIR_0006,110-41-8__112-44-7,110-41-8,112-44-7,CCCCCCCCCC(C)C=O,CCCCCCCCCCC=O,,undecanal,Homo sapiens,hOR51F1,485.0,,0.0,False,True,False,,,A untested / B tested,Low,,https://doi.org/10.1038/sdata.2015.2,CAS not found in compounds.csv; exact SMILES used.,a_untested,human_only,6
PAIR_0006,110-41-8__112-44-7,110-41-8,112-44-7,CCCCCCCCCC(C)C=O,CCCCCCCCCCC=O,,undecanal,Homo sapiens,hOR51F2,266.0,,0.0,False,True,False,,,A untested / B tested,Low,,https://doi.org/10.1038/sdata.2015.2,CAS not found in compounds.csv; exact SMILES used.,a_untested,human_only,6
PAIR_0006,110-41-8__112-44-7,110-41-8,112-44-7,CCCCCCCCCC(C)C=O,CCCCCCCCCCC=O,,undecanal,Homo sapiens,hOR51G1,126.0,,0.0,False,True,False,,,A untested / B tested,Low,,https://doi.org/10.1038/sdata.2015.2,CAS not found in compounds.csv; exact SMILES used.,a_untested,human_only,6
PAIR_0006,110-41-8__112-44-7,110-41-8,112-44-7,CCCCCCCCCC(C)C=O,CCCCCCCCCCC=O,,undecanal,Homo sapiens,hOR51G2,165.0,,0.0,False,True,False,,,A untested / B tested,Low,,https://doi.org/10.1038/sdata.2015.2,CAS not found in compounds.csv; exact SMILES used.,a_untested,human_only,6
PAIR_0006,110-41-8__112-44-7,110-41-8,112-44-7,CCCCCCCCCC(C)C=O,CCCCCCCCCCC=O,,undecanal,Homo sapiens,hOR51H1,149.0,,0.0,False,True,False,,,A untested / B tested,Low,,https://doi.org/10.1038/sdata.2015.2,CAS not found in compounds.csv; exact SMILES used.,a_untested,human_only,6
PAIR_0006,110-41-8__112-44-7,110-41-8,112-44-7,CCCCCCCCCC(C)C=O,CCCCCCCCCCC=O,,undecanal,Homo sapiens,hOR51I1,463.0,,1.0,False,True,False,,,A untested / B tested,Low,,https://doi.org/10.1038/sdata.2015.2,CAS not found in compounds.csv; exact SMILES used.,a_untested,human_only,6
PAIR_0006,110-41-8__112-44-7,110-41-8,112-44-7,CCCCCCCCCC(C)C=O,CCCCCCCCCCC=O,,undecanal,Homo sapiens,hOR51I2,104.0,,0.0,False,True,False,,,A untested / B tested,Low,,https://doi.org/10.1038/sdata.2015.2,CAS not found in compounds.csv; exact SMILES used.,a_untested,human_only,6
PAIR_0006,110-41-8__112-44-7,110-41-8,112-44-7,CCCCCCCCCC(C)C=O,CCCCCCCCCCC=O,,undecanal,Homo sapiens,hOR51L1,447.0,,0.0,False,True,False,,,A untested / B tested,Low,,https://doi.org/10.1038/sdata.2015.2,CAS not found in compounds.csv; exact SMILES used.,a_untested,human_only,6
PAIR_0006,110-41-8__112-44-7,110-41-8,112-44-7,CCCCCCCCCC(C)C=O,CCCCCCCCCCC=O,,undecanal,Homo sapiens,hOR51Q1,154.0,,0.0,False,True,False,,,A untested / B tested,Low,,https://doi.org/10.1038/sdata.2015.2,CAS not found in compounds.csv; exact SMILES used.,a_untested,human_only,6
PAIR_0006,110-41-8__112-44-7,110-41-8,112-44-7,CCCCCCCCCC(C)C=O,CCCCCCCCCCC=O,,undecanal,Homo sapiens,hOR51S1,491.0,,0.0,False,True,False,,,A untested / B tested,Low,,https://doi.org/10.1038/sdata.2015.2,CAS not found in compounds.csv; exact SMILES used.,a_untested,human_only,6
PAIR_0006,110-41-8__112-44-7,110-41-8,112-44-7,CCCCCCCCCC(C)C=O,CCCCCCCCCCC=O,,undecanal,Homo sapiens,hOR51T1,264.0,,0.0,False,True,False,,,A untested / B tested,Low,,https://doi.org/10.1038/sdata.2015.2,CAS not found in compounds.csv; exact SMILES used.,a_untested,human_only,6
PAIR_0006,110-41-8__112-44-7,110-41-8,112-44-7,CCCCCCCCCC(C)C=O,CCCCCCCCCCC=O,,undecanal,Homo sapiens,hOR52A4,504.0,,0.0,False,True,False,,,A untested / B tested,Low,,https://doi.org/10.1038/sdata.2015.2,CAS not found in compounds.csv; exact SMILES used.,a_untested,human_only,6
PAIR_0006,110-41-8__112-44-7,110-41-8,112-44-7,CCCCCCCCCC(C)C=O,CCCCCCCCCCC=O,,undecanal,Homo sapiens,hOR52A5,476.0,,0.0,False,True,False,,,A untested / B tested,Low,,https://doi.org/10.1038/sdata.2015.2,CAS not found in compounds.csv; exact SMILES used.,a_untested,human_only,6
PAIR_0006,110-41-8__112-44-7,110-41-8,112-44-7,CCCCCCCCCC(C)C=O,CCCCCCCCCCC=O,,undecanal,Homo sapiens,hOR52B2,173.0,,0.0,False,True,False,,,A untested / B tested,Low,,https://doi.org/10.1038/sdata.2015.2,CAS not found in compounds.csv; exact SMILES used.,a_untested,human_only,6
PAIR_0006,110-41-8__112-44-7,110-41-8,112-44-7,CCCCCCCCCC(C)C=O,CCCCCCCCCCC=O,,undecanal,Homo sapiens,hOR52B4,270.0,,0.0,False,True,False,,,A untested / B tested,Low,,https://doi.org/10.1038/sdata.2015.2,CAS not found in compounds.csv; exact SMILES used.,a_untested,human_only,6
PAIR_0006,110-41-8__112-44-7,110-41-8,112-44-7,CCCCCCCCCC(C)C=O,CCCCCCCCCCC=O,,undecanal,Homo sapiens,hOR52D1,125.0,,0.0,False,True,False,,,A untested / B tested,Medium,,https://doi.org/10.1038/sdata.2015.2 | https://doi.org/10.1093/chemse/bji002,CAS not found in compounds.csv; exact SMILES used.,a_untested,human_only,6
PAIR_0006,110-41-8__112-44-7,110-41-8,112-44-7,CCCCCCCCCC(C)C=O,CCCCCCCCCCC=O,,undecanal,Homo sapiens,hOR52E1,86.0,,0.0,False,True,False,,,A untested / B tested,Low,,https://doi.org/10.1038/sdata.2015.2,CAS not found in compounds.csv; exact SMILES used.,a_untested,human_only,6
PAIR_0006,110-41-8__112-44-7,110-41-8,112-44-7,CCCCCCCCCC(C)C=O,CCCCCCCCCCC=O,,undecanal,Homo sapiens,hOR52E6,163.0,,0.0,False,True,False,,,A untested / B tested,Low,,https://doi.org/10.1038/sdata.2015.2,CAS not found in compounds.csv; exact SMILES used.,a_untested,human_only,6
PAIR_0006,110-41-8__112-44-7,110-41-8,112-44-7,CCCCCCCCCC(C)C=O,CCCCCCCCCCC=O,,undecanal,Homo sapiens,hOR52E8,120.0,,0.0,False,True,False,,,A untested / B tested,Low,,https://doi.org/10.1038/sdata.2015.2,CAS not found in compounds.csv; exact SMILES used.,a_untested,human_only,6
PAIR_0006,110-41-8__112-44-7,110-41-8,112-44-7,CCCCCCCCCC(C)C=O,CCCCCCCCCCC=O,,undecanal,Homo sapiens,hOR52H1,494.0,,0.0,False,True,False,,,A untested / B tested,Low,,https://doi.org/10.1038/sdata.2015.2,CAS not found in compounds.csv; exact SMILES used.,a_untested,human_only,6
PAIR_0006,110-41-8__112-44-7,110-41-8,112-44-7,CCCCCCCCCC(C)C=O,CCCCCCCCCCC=O,,undecanal,Homo sapiens,hOR52I1,435.0,,0.0,False,True,False,,,A untested / B tested,Low,,https://doi.org/10.1038/sdata.2015.2,CAS not found in compounds.csv; exact SMILES used.,a_untested,human_only,6
PAIR_0006,110-41-8__112-44-7,110-41-8,112-44-7,CCCCCCCCCC(C)C=O,CCCCCCCCCCC=O,,undecanal,Homo sapiens,hOR52K1,124.0,,0.0,False,True,False,,,A untested / B tested,Low,,https://doi.org/10.1038/sdata.2015.2,CAS not found in compounds.csv; exact SMILES used.,a_untested,human_only,6
PAIR_0006,110-41-8__112-44-7,110-41-8,112-44-7,CCCCCCCCCC(C)C=O,CCCCCCCCCCC=O,,undecanal,Homo sapiens,hOR52K2,174.0,,0.0,False,True,False,,,A untested / B tested,Low,,https://doi.org/10.1038/sdata.2015.2,CAS not found in compounds.csv; exact SMILES used.,a_untested,human_only,6
PAIR_0006,110-41-8__112-44-7,110-41-8,112-44-7,CCCCCCCCCC(C)C=O,CCCCCCCCCCC=O,,undecanal,Homo sapiens,hOR52M1,113.0,,0.0,False,True,False,,,A untested / B tested,Low,,https://doi.org/10.1038/sdata.2015.2,CAS not found in compounds.csv; exact SMILES used.,a_untested,human_only,6
PAIR_0006,110-41-8__112-44-7,110-41-8,112-44-7,CCCCCCCCCC(C)C=O,CCCCCCCCCCC=O,,undecanal,Homo sapiens,hOR52N1,155.0,,0.0,False,True,False,,,A untested / B tested,Low,,https://doi.org/10.1038/sdata.2015.2,CAS not found in compounds.csv; exact SMILES used.,a_untested,human_only,6
PAIR_0006,110-41-8__112-44-7,110-41-8,112-44-7,CCCCCCCCCC(C)C=O,CCCCCCCCCCC=O,,undecanal,Homo sapiens,hOR52N5,197.0,,1.0,False,True,False,,,A untested / B tested,Low,,https://doi.org/10.1038/sdata.2015.2,CAS not found in compounds.csv; exact SMILES used.,a_untested,human_only,6
PAIR_0006,110-41-8__112-44-7,110-41-8,112-44-7,CCCCCCCCCC(C)C=O,CCCCCCCCCCC=O,,undecanal,Homo sapiens,hOR52P1,183.0,,0.0,False,True,False,,,A untested / B tested,Low,,https://doi.org/10.1038/sdata.2015.2,CAS not found in compounds.csv; exact SMILES used.,a_untested,human_only,6
PAIR_0006,110-41-8__112-44-7,110-41-8,112-44-7,CCCCCCCCCC(C)C=O,CCCCCCCCCCC=O,,undecanal,Homo sapiens,hOR52W1,192.0,,1.0,False,True,False,,,A untested / B tested,Low,,https://doi.org/10.1038/sdata.2015.2,CAS not found in compounds.csv; exact SMILES used.,a_untested,human_only,6
PAIR_0006,110-41-8__112-44-7,110-41-8,112-44-7,CCCCCCCCCC(C)C=O,CCCCCCCCCCC=O,,undecanal,Homo sapiens,hOR56A1,87.0,,0.0,False,True,False,,,A untested / B tested,Low,,https://doi.org/10.1038/sdata.2015.2,CAS not found in compounds.csv; exact SMILES used.,a_untested,human_only,6
PAIR_0006,110-41-8__112-44-7,110-41-8,112-44-7,CCCCCCCCCC(C)C=O,CCCCCCCCCCC=O,,undecanal,Homo sapiens,hOR56A4,507.0,,1.0,False,True,False,,,A untested / B tested,Medium,,https://doi.org/10.1038/sdata.2015.2,CAS not found in compounds.csv; exact SMILES used.,a_untested,human_only,6
PAIR_0006,110-41-8__112-44-7,110-41-8,112-44-7,CCCCCCCCCC(C)C=O,CCCCCCCCCCC=O,,undecanal,Homo sapiens,hOR56A5,497.0,,0.0,False,True,False,,,A untested / B tested,Low,,https://doi.org/10.1038/sdata.2015.2,CAS not found in compounds.csv; exact SMILES used.,a_untested,human_only,6
PAIR_0006,110-41-8__112-44-7,110-41-8,112-44-7,CCCCCCCCCC(C)C=O,CCCCCCCCCCC=O,,undecanal,Homo sapiens,hOR5A1,101.0,,0.0,False,True,False,,,A untested / B tested,Low,,https://doi.org/10.1038/sdata.2015.2,CAS not found in compounds.csv; exact SMILES used.,a_untested,human_only,6
PAIR_0006,110-41-8__112-44-7,110-41-8,112-44-7,CCCCCCCCCC(C)C=O,CCCCCCCCCCC=O,,undecanal,Homo sapiens,hOR5A2,103.0,,0.0,False,True,False,,,A untested / B tested,Low,,https://doi.org/10.1038/sdata.2015.2,CAS not found in compounds.csv; exact SMILES used.,a_untested,human_only,6
PAIR_0006,110-41-8__112-44-7,110-41-8,112-44-7,CCCCCCCCCC(C)C=O,CCCCCCCCCCC=O,,undecanal,Homo sapiens,hOR5AK2,360.0,,0.0,False,True,False,,,A untested / B tested,Low,,https://doi.org/10.1038/sdata.2015.2,CAS not found in compounds.csv; exact SMILES used.,a_untested,human_only,6
PAIR_0006,110-41-8__112-44-7,110-41-8,112-44-7,CCCCCCCCCC(C)C=O,CCCCCCCCCCC=O,,undecanal,Homo sapiens,hOR5AK3,267.0,,0.0,False,True,False,,,A untested / B tested,Low,,https://doi.org/10.1038/sdata.2015.2,CAS not found in compounds.csv; exact SMILES used.,a_untested,human_only,6
PAIR_0006,110-41-8__112-44-7,110-41-8,112-44-7,CCCCCCCCCC(C)C=O,CCCCCCCCCCC=O,,undecanal,Homo sapiens,hOR5AL1,275.0,,0.0,False,True,False,,,A untested / B tested,Low,,https://doi.org/10.1038/sdata.2015.2,CAS not found in compounds.csv; exact SMILES used.,a_untested,human_only,6
PAIR_0006,110-41-8__112-44-7,110-41-8,112-44-7,CCCCCCCCCC(C)C=O,CCCCCCCCCCC=O,,undecanal,Homo sapiens,hOR5AN1,7.0,,0.0,False,True,False,,,A untested / B tested,Low,,https://doi.org/10.1038/sdata.2015.2,CAS not found in compounds.csv; exact SMILES used.,a_untested,human_only,6
PAIR_0006,110-41-8__112-44-7,110-41-8,112-44-7,CCCCCCCCCC(C)C=O,CCCCCCCCCCC=O,,undecanal,Homo sapiens,hOR5AP2,172.0,,0.0,False,True,False,,,A untested / B tested,Low,,https://doi.org/10.1038/sdata.2015.2,CAS not found in compounds.csv; exact SMILES used.,a_untested,human_only,6
PAIR_0006,110-41-8__112-44-7,110-41-8,112-44-7,CCCCCCCCCC(C)C=O,CCCCCCCCCCC=O,,undecanal,Homo sapiens,hOR5AR1,170.0,,0.0,False,True,False,,,A untested / B tested,Low,,https://doi.org/10.1038/sdata.2015.2,CAS not found in compounds.csv; exact SMILES used.,a_untested,human_only,6
PAIR_0006,110-41-8__112-44-7,110-41-8,112-44-7,CCCCCCCCCC(C)C=O,CCCCCCCCCCC=O,,undecanal,Homo sapiens,hOR5AS1,105.0,,0.0,False,True,False,,,A untested / B tested,Low,,https://doi.org/10.1038/sdata.2015.2,CAS not found in compounds.csv; exact SMILES used.,a_untested,human_only,6
PAIR_0006,110-41-8__112-44-7,110-41-8,112-44-7,CCCCCCCCCC(C)C=O,CCCCCCCCCCC=O,,undecanal,Homo sapiens,hOR5AU1,135.0,,0.0,False,True,False,,,A untested / B tested,Low,,https://doi.org/10.1038/sdata.2015.2,CAS not found in compounds.csv; exact SMILES used.,a_untested,human_only,6
PAIR_0006,110-41-8__112-44-7,110-41-8,112-44-7,CCCCCCCCCC(C)C=O,CCCCCCCCCCC=O,,undecanal,Homo sapiens,hOR5B12,508.0,,0.0,False,True,False,,,A untested / B tested,Low,,https://doi.org/10.1038/sdata.2015.2,CAS not found in compounds.csv; exact SMILES used.,a_untested,human_only,6
PAIR_0006,110-41-8__112-44-7,110-41-8,112-44-7,CCCCCCCCCC(C)C=O,CCCCCCCCCCC=O,,undecanal,Homo sapiens,hOR5B17,182.0,,0.0,False,True,False,,,A untested / B tested,Low,,https://doi.org/10.1038/sdata.2015.2,CAS not found in compounds.csv; exact SMILES used.,a_untested,human_only,6
PAIR_0006,110-41-8__112-44-7,110-41-8,112-44-7,CCCCCCCCCC(C)C=O,CCCCCCCCCCC=O,,undecanal,Homo sapiens,hOR5B3,108.0,,0.0,False,True,False,,,A untested / B tested,Low,,https://doi.org/10.1038/sdata.2015.2,CAS not found in compounds.csv; exact SMILES used.,a_untested,human_only,6
PAIR_0006,110-41-8__112-44-7,110-41-8,112-44-7,CCCCCCCCCC(C)C=O,CCCCCCCCCCC=O,,undecanal,Homo sapiens,hOR5C1,348.0,,0.0,False,True,False,,,A untested / B tested,Low,,https://doi.org/10.1038/sdata.2015.2,CAS not found in compounds.csv; exact SMILES used.,a_untested,human_only,6
PAIR_0006,110-41-8__112-44-7,110-41-8,112-44-7,CCCCCCCCCC(C)C=O,CCCCCCCCCCC=O,,undecanal,Homo sapiens,hOR5D14,190.0,,0.0,False,True,False,,,A untested / B tested,Low,,https://doi.org/10.1038/sdata.2015.2,CAS not found in compounds.csv; exact SMILES used.,a_untested,human_only,6
PAIR_0006,110-41-8__112-44-7,110-41-8,112-44-7,CCCCCCCCCC(C)C=O,CCCCCCCCCCC=O,,undecanal,Homo sapiens,hOR5D16,341.0,,0.0,False,True,False,,,A untested / B tested,Low,,https://doi.org/10.1038/sdata.2015.2,CAS not found in compounds.csv; exact SMILES used.,a_untested,human_only,6
PAIR_0006,110-41-8__112-44-7,110-41-8,112-44-7,CCCCCCCCCC(C)C=O,CCCCCCCCCCC=O,,undecanal,Homo sapiens,hOR5H1,389.0,,0.0,False,True,False,,,A untested / B tested,Low,,https://doi.org/10.1038/sdata.2015.2,CAS not found in compounds.csv; exact SMILES used.,a_untested,human_only,6
PAIR_0006,110-41-8__112-44-7,110-41-8,112-44-7,CCCCCCCCCC(C)C=O,CCCCCCCCCCC=O,,undecanal,Homo sapiens,hOR5H2,41.0,,0.0,False,True,False,,,A untested / B tested,Low,,https://doi.org/10.1038/sdata.2015.2,CAS not found in compounds.csv; exact SMILES used.,a_untested,human_only,6
PAIR_0006,110-41-8__112-44-7,110-41-8,112-44-7,CCCCCCCCCC(C)C=O,CCCCCCCCCCC=O,,undecanal,Homo sapiens,hOR5H6,42.0,,0.0,False,True,False,,,A untested / B tested,Low,,https://doi.org/10.1038/sdata.2015.2,CAS not found in compounds.csv; exact SMILES used.,a_untested,human_only,6
PAIR_0006,110-41-8__112-44-7,110-41-8,112-44-7,CCCCCCCCCC(C)C=O,CCCCCCCCCCC=O,,undecanal,Homo sapiens,hOR5I1,114.0,,0.0,False,True,False,,,A untested / B tested,Low,,https://doi.org/10.1038/sdata.2015.2,CAS not found in compounds.csv; exact SMILES used.,a_untested,human_only,6
PAIR_0006,110-41-8__112-44-7,110-41-8,112-44-7,CCCCCCCCCC(C)C=O,CCCCCCCCCCC=O,,undecanal,Homo sapiens,hOR5J2,200.0,,1.0,False,True,False,,,A untested / B tested,Low,,https://doi.org/10.1038/sdata.2015.2,CAS not found in compounds.csv; exact SMILES used.,a_untested,human_only,6
PAIR_0006,110-41-8__112-44-7,110-41-8,112-44-7,CCCCCCCCCC(C)C=O,CCCCCCCCCCC=O,,undecanal,Homo sapiens,hOR5K1,418.0,,0.0,False,True,False,,,A untested / B tested,Low,,https://doi.org/10.1038/sdata.2015.2,CAS not found in compounds.csv; exact SMILES used.,a_untested,human_only,6
PAIR_0006,110-41-8__112-44-7,110-41-8,112-44-7,CCCCCCCCCC(C)C=O,CCCCCCCCCCC=O,,undecanal,Homo sapiens,hOR5K2,52.0,,0.0,False,True,False,,,A untested / B tested,Low,,https://doi.org/10.1038/sdata.2015.2,CAS not found in compounds.csv; exact SMILES used.,a_untested,human_only,6
PAIR_0006,110-41-8__112-44-7,110-41-8,112-44-7,CCCCCCCCCC(C)C=O,CCCCCCCCCCC=O,,undecanal,Homo sapiens,hOR5K3,428.0,,0.0,False,True,False,,,A untested / B tested,Low,,https://doi.org/10.1038/sdata.2015.2,CAS not found in compounds.csv; exact SMILES used.,a_untested,human_only,6
PAIR_0006,110-41-8__112-44-7,110-41-8,112-44-7,CCCCCCCCCC(C)C=O,CCCCCCCCCCC=O,,undecanal,Homo sapiens,hOR5L1,296.0,,0.0,False,True,False,,,A untested / B tested,Low,,https://doi.org/10.1038/sdata.2015.2,CAS not found in compounds.csv; exact SMILES used.,a_untested,human_only,6
PAIR_0006,110-41-8__112-44-7,110-41-8,112-44-7,CCCCCCCCCC(C)C=O,CCCCCCCCCCC=O,,undecanal,Homo sapiens,hOR5M11,195.0,,0.0,False,True,False,,,A untested / B tested,Low,,https://doi.org/10.1038/sdata.2015.2,CAS not found in compounds.csv; exact SMILES used.,a_untested,human_only,6
PAIR_0006,110-41-8__112-44-7,110-41-8,112-44-7,CCCCCCCCCC(C)C=O,CCCCCCCCCCC=O,,undecanal,Homo sapiens,hOR5M8,437.0,,0.0,False,True,False,,,A untested / B tested,Low,,https://doi.org/10.1038/sdata.2015.2,CAS not found in compounds.csv; exact SMILES used.,a_untested,human_only,6
PAIR_0006,110-41-8__112-44-7,110-41-8,112-44-7,CCCCCCCCCC(C)C=O,CCCCCCCCCCC=O,,undecanal,Homo sapiens,hOR5M9,161.0,,0.0,False,True,False,,,A untested / B tested,Low,,https://doi.org/10.1038/sdata.2015.2,CAS not found in compounds.csv; exact SMILES used.,a_untested,human_only,6
PAIR_0006,110-41-8__112-44-7,110-41-8,112-44-7,CCCCCCCCCC(C)C=O,CCCCCCCCCCC=O,,undecanal,Homo sapiens,hOR5P2,148.0,,0.0,False,True,False,,,A untested / B tested,Low,,https://doi.org/10.1038/sdata.2015.2,CAS not found in compounds.csv; exact SMILES used.,a_untested,human_only,6
PAIR_0006,110-41-8__112-44-7,110-41-8,112-44-7,CCCCCCCCCC(C)C=O,CCCCCCCCCCC=O,,undecanal,Homo sapiens,hOR5P3,88.0,,0.0,False,True,False,,,A untested / B tested,Low,,https://doi.org/10.1038/sdata.2015.2,CAS not found in compounds.csv; exact SMILES used.,a_untested,human_only,6
PAIR_0006,110-41-8__112-44-7,110-41-8,112-44-7,CCCCCCCCCC(C)C=O,CCCCCCCCCCC=O,,undecanal,Homo sapiens,hOR5R1,123.0,,0.0,False,True,False,,,A untested / B tested,Low,,https://doi.org/10.1038/sdata.2015.2,CAS not found in compounds.csv; exact SMILES used.,a_untested,human_only,6
PAIR_0006,110-41-8__112-44-7,110-41-8,112-44-7,CCCCCCCCCC(C)C=O,CCCCCCCCCCC=O,,undecanal,Homo sapiens,hOR5T1,206.0,,0.0,False,True,False,,,A untested / B tested,Low,,https://doi.org/10.1038/sdata.2015.2,CAS not found in compounds.csv; exact SMILES used.,a_untested,human_only,6
PAIR_0006,110-41-8__112-44-7,110-41-8,112-44-7,CCCCCCCCCC(C)C=O,CCCCCCCCCCC=O,,undecanal,Homo sapiens,hOR5T2,254.0,,0.0,False,True,False,,,A untested / B tested,Low,,https://doi.org/10.1038/sdata.2015.2,CAS not found in compounds.csv; exact SMILES used.,a_untested,human_only,6
PAIR_0006,110-41-8__112-44-7,110-41-8,112-44-7,CCCCCCCCCC(C)C=O,CCCCCCCCCCC=O,,undecanal,Homo sapiens,hOR5T3,274.0,,0.0,False,True,False,,,A untested / B tested,Low,,https://doi.org/10.1038/sdata.2015.2,CAS not found in compounds.csv; exact SMILES used.,a_untested,human_only,6
PAIR_0006,110-41-8__112-44-7,110-41-8,112-44-7,CCCCCCCCCC(C)C=O,CCCCCCCCCCC=O,,undecanal,Homo sapiens,hOR5V1,54.0,,0.0,False,True,False,,,A untested / B tested,Low,,https://doi.org/10.1038/sdata.2015.2,CAS not found in compounds.csv; exact SMILES used.,a_untested,human_only,6
PAIR_0006,110-41-8__112-44-7,110-41-8,112-44-7,CCCCCCCCCC(C)C=O,CCCCCCCCCCC=O,,undecanal,Homo sapiens,hOR6A2,406.0,,0.0,False,True,False,,,A untested / B tested,Low,,https://doi.org/10.1038/sdata.2015.2,CAS not found in compounds.csv; exact SMILES used.,a_untested,human_only,6
PAIR_0006,110-41-8__112-44-7,110-41-8,112-44-7,CCCCCCCCCC(C)C=O,CCCCCCCCCCC=O,,undecanal,Homo sapiens,hOR6C2,335.0,,0.0,False,True,False,,,A untested / B tested,Low,,https://doi.org/10.1038/sdata.2015.2,CAS not found in compounds.csv; exact SMILES used.,a_untested,human_only,6
PAIR_0006,110-41-8__112-44-7,110-41-8,112-44-7,CCCCCCCCCC(C)C=O,CCCCCCCCCCC=O,,undecanal,Homo sapiens,hOR6C3,342.0,,0.0,False,True,False,,,A untested / B tested,Low,,https://doi.org/10.1038/sdata.2015.2,CAS not found in compounds.csv; exact SMILES used.,a_untested,human_only,6
PAIR_0006,110-41-8__112-44-7,110-41-8,112-44-7,CCCCCCCCCC(C)C=O,CCCCCCCCCCC=O,,undecanal,Homo sapiens,hOR6C6,349.0,,0.0,False,True,False,,,A untested / B tested,Low,,https://doi.org/10.1038/sdata.2015.2,CAS not found in compounds.csv; exact SMILES used.,a_untested,human_only,6
PAIR_0006,110-41-8__112-44-7,110-41-8,112-44-7,CCCCCCCCCC(C)C=O,CCCCCCCCCCC=O,,undecanal,Homo sapiens,hOR6C65,379.0,,0.0,False,True,False,,,A untested / B tested,Low,,https://doi.org/10.1038/sdata.2015.2,CAS not found in compounds.csv; exact SMILES used.,a_untested,human_only,6
PAIR_0006,110-41-8__112-44-7,110-41-8,112-44-7,CCCCCCCCCC(C)C=O,CCCCCCCCCCC=O,,undecanal,Homo sapiens,hOR6C70,350.0,,0.0,False,True,False,,,A untested / B tested,Low,,https://doi.org/10.1038/sdata.2015.2,CAS not found in compounds.csv; exact SMILES used.,a_untested,human_only,6
PAIR_0006,110-41-8__112-44-7,110-41-8,112-44-7,CCCCCCCCCC(C)C=O,CCCCCCCCCCC=O,,undecanal,Homo sapiens,hOR6C74,363.0,,0.0,False,True,False,,,A untested / B tested,Low,,https://doi.org/10.1038/sdata.2015.2,CAS not found in compounds.csv; exact SMILES used.,a_untested,human_only,6
PAIR_0006,110-41-8__112-44-7,110-41-8,112-44-7,CCCCCCCCCC(C)C=O,CCCCCCCCCCC=O,,undecanal,Homo sapiens,hOR6C75,433.0,,0.0,False,True,False,,,A untested / B tested,Low,,https://doi.org/10.1038/sdata.2015.2,CAS not found in compounds.csv; exact SMILES used.,a_untested,human_only,6
PAIR_0006,110-41-8__112-44-7,110-41-8,112-44-7,CCCCCCCCCC(C)C=O,CCCCCCCCCCC=O,,undecanal,Homo sapiens,hOR6C76,336.0,,0.0,False,True,False,,,A untested / B tested,Low,,https://doi.org/10.1038/sdata.2015.2,CAS not found in compounds.csv; exact SMILES used.,a_untested,human_only,6
PAIR_0006,110-41-8__112-44-7,110-41-8,112-44-7,CCCCCCCCCC(C)C=O,CCCCCCCCCCC=O,,undecanal,Homo sapiens,hOR6F1,28.0,,0.0,False,True,False,,,A untested / B tested,Low,,https://doi.org/10.1038/sdata.2015.2,CAS not found in compounds.csv; exact SMILES used.,a_untested,human_only,6
PAIR_0006,110-41-8__112-44-7,110-41-8,112-44-7,CCCCCCCCCC(C)C=O,CCCCCCCCCCC=O,,undecanal,Homo sapiens,hOR6K2,31.0,,0.0,False,True,False,,,A untested / B tested,Low,,https://doi.org/10.1038/sdata.2015.2,CAS not found in compounds.csv; exact SMILES used.,a_untested,human_only,6
PAIR_0006,110-41-8__112-44-7,110-41-8,112-44-7,CCCCCCCCCC(C)C=O,CCCCCCCCCCC=O,,undecanal,Homo sapiens,hOR6K3,402.0,,0.0,False,True,False,,,A untested / B tested,Low,,https://doi.org/10.1038/sdata.2015.2,CAS not found in compounds.csv; exact SMILES used.,a_untested,human_only,6
PAIR_0006,110-41-8__112-44-7,110-41-8,112-44-7,CCCCCCCCCC(C)C=O,CCCCCCCCCCC=O,,undecanal,Homo sapiens,hOR6K6,277.0,,0.0,False,True,False,,,A untested / B tested,Low,,https://doi.org/10.1038/sdata.2015.2,CAS not found in compounds.csv; exact SMILES used.,a_untested,human_only,6
PAIR_0006,110-41-8__112-44-7,110-41-8,112-44-7,CCCCCCCCCC(C)C=O,CCCCCCCCCCC=O,,undecanal,Homo sapiens,hOR6M1,146.0,,0.0,False,True,False,,,A untested / B tested,Low,,https://doi.org/10.1038/sdata.2015.2,CAS not found in compounds.csv; exact SMILES used.,a_untested,human_only,6
PAIR_0006,110-41-8__112-44-7,110-41-8,112-44-7,CCCCCCCCCC(C)C=O,CCCCCCCCCCC=O,,undecanal,Homo sapiens,hOR6N2,15.0,,0.0,False,True,False,,,A untested / B tested,Low,,https://doi.org/10.1038/sdata.2015.2,CAS not found in compounds.csv; exact SMILES used.,a_untested,human_only,6
PAIR_0006,110-41-8__112-44-7,110-41-8,112-44-7,CCCCCCCCCC(C)C=O,CCCCCCCCCCC=O,,undecanal,Homo sapiens,hOR6P1,23.0,,0.0,False,True,False,,,A untested / B tested,Low,,https://doi.org/10.1038/sdata.2015.2,CAS not found in compounds.csv; exact SMILES used.,a_untested,human_only,6
PAIR_0006,110-41-8__112-44-7,110-41-8,112-44-7,CCCCCCCCCC(C)C=O,CCCCCCCCCCC=O,,undecanal,Homo sapiens,hOR6Q1,191.0,,0.0,False,True,False,,,A untested / B tested,Low,,https://doi.org/10.1038/sdata.2015.2,CAS not found in compounds.csv; exact SMILES used.,a_untested,human_only,6
PAIR_0006,110-41-8__112-44-7,110-41-8,112-44-7,CCCCCCCCCC(C)C=O,CCCCCCCCCCC=O,,undecanal,Homo sapiens,hOR6T1,152.0,,0.0,False,True,False,,,A untested / B tested,Low,,https://doi.org/10.1038/sdata.2015.2,CAS not found in compounds.csv; exact SMILES used.,a_untested,human_only,6
PAIR_0006,110-41-8__112-44-7,110-41-8,112-44-7,CCCCCCCCCC(C)C=O,CCCCCCCCCCC=O,,undecanal,Homo sapiens,hOR6V1,512.0,,0.0,False,True,False,,,A untested / B tested,Low,,https://doi.org/10.1038/sdata.2015.2,CAS not found in compounds.csv; exact SMILES used.,a_untested,human_only,6
PAIR_0006,110-41-8__112-44-7,110-41-8,112-44-7,CCCCCCCCCC(C)C=O,CCCCCCCCCCC=O,,undecanal,Homo sapiens,hOR6X1,198.0,,0.0,False,True,False,,,A untested / B tested,Low,,https://doi.org/10.1038/sdata.2015.2,CAS not found in compounds.csv; exact SMILES used.,a_untested,human_only,6
PAIR_0006,110-41-8__112-44-7,110-41-8,112-44-7,CCCCCCCCCC(C)C=O,CCCCCCCCCCC=O,,undecanal,Homo sapiens,hOR7A10,80.0,,0.0,False,True,False,,,A untested / B tested,Low,,https://doi.org/10.1038/sdata.2015.2,CAS not found in compounds.csv; exact SMILES used.,a_untested,human_only,6
PAIR_0006,110-41-8__112-44-7,110-41-8,112-44-7,CCCCCCCCCC(C)C=O,CCCCCCCCCCC=O,,undecanal,Homo sapiens,hOR7A17,247.0,,0.0,False,True,False,,,A untested / B tested,Low,,https://doi.org/10.1038/sdata.2015.2,CAS not found in compounds.csv; exact SMILES used.,a_untested,human_only,6
PAIR_0006,110-41-8__112-44-7,110-41-8,112-44-7,CCCCCCCCCC(C)C=O,CCCCCCCCCCC=O,,undecanal,Homo sapiens,hOR7A5,387.0,,0.0,False,True,False,,,A untested / B tested,Low,,https://doi.org/10.1038/sdata.2015.2,CAS not found in compounds.csv; exact SMILES used.,a_untested,human_only,6
PAIR_0006,110-41-8__112-44-7,110-41-8,112-44-7,CCCCCCCCCC(C)C=O,CCCCCCCCCCC=O,,undecanal,Homo sapiens,hOR7C1,246.0,,0.0,False,True,False,,,A untested / B tested,Low,,https://doi.org/10.1038/sdata.2015.2,CAS not found in compounds.csv; exact SMILES used.,a_untested,human_only,6
PAIR_0006,110-41-8__112-44-7,110-41-8,112-44-7,CCCCCCCCCC(C)C=O,CCCCCCCCCCC=O,,undecanal,Homo sapiens,hOR7C2,240.0,,0.0,False,True,False,,,A untested / B tested,Low,,https://doi.org/10.1038/sdata.2015.2,CAS not found in compounds.csv; exact SMILES used.,a_untested,human_only,6
PAIR_0006,110-41-8__112-44-7,110-41-8,112-44-7,CCCCCCCCCC(C)C=O,CCCCCCCCCCC=O,,undecanal,Homo sapiens,hOR7D2,326.0,,0.0,False,True,False,,,A untested / B tested,Low,,https://doi.org/10.1038/sdata.2015.2,CAS not found in compounds.csv; exact SMILES used.,a_untested,human_only,6
PAIR_0006,110-41-8__112-44-7,110-41-8,112-44-7,CCCCCCCCCC(C)C=O,CCCCCCCCCCC=O,,undecanal,Homo sapiens,hOR7D4,245.0,,0.0,False,True,False,,,A untested / B tested,Medium,,https://doi.org/10.1038/sdata.2015.2 | https://doi.org/10.1038/nature06162,CAS not found in compounds.csv; exact SMILES used.,a_untested,human_only,6
PAIR_0006,110-41-8__112-44-7,110-41-8,112-44-7,CCCCCCCCCC(C)C=O,CCCCCCCCCCC=O,,undecanal,Homo sapiens,hOR7G1,242.0,,0.0,False,True,False,,,A untested / B tested,Low,,https://doi.org/10.1038/sdata.2015.2,CAS not found in compounds.csv; exact SMILES used.,a_untested,human_only,6
PAIR_0006,110-41-8__112-44-7,110-41-8,112-44-7,CCCCCCCCCC(C)C=O,CCCCCCCCCCC=O,,undecanal,Homo sapiens,hOR7G2,393.0,,0.0,False,True,False,,,A untested / B tested,Low,,https://doi.org/10.1038/sdata.2015.2,CAS not found in compounds.csv; exact SMILES used.,a_untested,human_only,6
PAIR_0006,110-41-8__112-44-7,110-41-8,112-44-7,CCCCCCCCCC(C)C=O,CCCCCCCCCCC=O,,undecanal,Homo sapiens,hOR7G3,244.0,,0.0,False,True,False,,,A untested / B tested,Low,,https://doi.org/10.1038/sdata.2015.2,CAS not found in compounds.csv; exact SMILES used.,a_untested,human_only,6
PAIR_0006,110-41-8__112-44-7,110-41-8,112-44-7,CCCCCCCCCC(C)C=O,CCCCCCCCCCC=O,,undecanal,Homo sapiens,hOR8A1,419.0,,0.0,False,True,False,,,A untested / B tested,Low,,https://doi.org/10.1038/sdata.2015.2,CAS not found in compounds.csv; exact SMILES used.,a_untested,human_only,6
PAIR_0006,110-41-8__112-44-7,110-41-8,112-44-7,CCCCCCCCCC(C)C=O,CCCCCCCCCCC=O,,undecanal,Homo sapiens,hOR8B12,513.0,,0.0,False,True,False,,,A untested / B tested,Low,,https://doi.org/10.1038/sdata.2015.2,CAS not found in compounds.csv; exact SMILES used.,a_untested,human_only,6
PAIR_0006,110-41-8__112-44-7,110-41-8,112-44-7,CCCCCCCCCC(C)C=O,CCCCCCCCCCC=O,,undecanal,Homo sapiens,hOR8B2,199.0,,1.0,False,True,False,,,A untested / B tested,Low,,https://doi.org/10.1038/sdata.2015.2,CAS not found in compounds.csv; exact SMILES used.,a_untested,human_only,6
PAIR_0006,110-41-8__112-44-7,110-41-8,112-44-7,CCCCCCCCCC(C)C=O,CCCCCCCCCCC=O,,undecanal,Homo sapiens,hOR8B8,186.0,,0.0,False,True,False,,,A untested / B tested,Low,,https://doi.org/10.1038/sdata.2015.2,CAS not found in compounds.csv; exact SMILES used.,a_untested,human_only,6
PAIR_0006,110-41-8__112-44-7,110-41-8,112-44-7,CCCCCCCCCC(C)C=O,CCCCCCCCCCC=O,,undecanal,Homo sapiens,hOR8D1,110.0,,0.0,False,True,False,,,A untested / B tested,Low,,https://doi.org/10.1038/sdata.2015.2,CAS not found in compounds.csv; exact SMILES used.,a_untested,human_only,6
PAIR_0006,110-41-8__112-44-7,110-41-8,112-44-7,CCCCCCCCCC(C)C=O,CCCCCCCCCCC=O,,undecanal,Homo sapiens,hOR8D2,143.0,,0.0,False,True,False,,,A untested / B tested,Low,,https://doi.org/10.1038/sdata.2015.2,CAS not found in compounds.csv; exact SMILES used.,a_untested,human_only,6
PAIR_0006,110-41-8__112-44-7,110-41-8,112-44-7,CCCCCCCCCC(C)C=O,CCCCCCCCCCC=O,,undecanal,Homo sapiens,hOR8G1,313.0,,0.0,False,True,False,,,A untested / B tested,Low,,https://doi.org/10.1038/sdata.2015.2,CAS not found in compounds.csv; exact SMILES used.,a_untested,human_only,6
PAIR_0006,110-41-8__112-44-7,110-41-8,112-44-7,CCCCCCCCCC(C)C=O,CCCCCCCCCCC=O,,undecanal,Homo sapiens,hOR8G5,262.0,,0.0,False,True,False,,,A untested / B tested,Low,,https://doi.org/10.1038/sdata.2015.2,CAS not found in compounds.csv; exact SMILES used.,a_untested,human_only,6
PAIR_0006,110-41-8__112-44-7,110-41-8,112-44-7,CCCCCCCCCC(C)C=O,CCCCCCCCCCC=O,,undecanal,Homo sapiens,hOR8H1,304.0,,0.0,False,True,False,,,A untested / B tested,Low,,https://doi.org/10.1038/sdata.2015.2,CAS not found in compounds.csv; exact SMILES used.,a_untested,human_only,6
PAIR_0006,110-41-8__112-44-7,110-41-8,112-44-7,CCCCCCCCCC(C)C=O,CCCCCCCCCCC=O,,undecanal,Homo sapiens,hOR8I2,175.0,,0.0,False,True,False,,,A untested / B tested,Low,,https://doi.org/10.1038/sdata.2015.2,CAS not found in compounds.csv; exact SMILES used.,a_untested,human_only,6
PAIR_0006,110-41-8__112-44-7,110-41-8,112-44-7,CCCCCCCCCC(C)C=O,CCCCCCCCCCC=O,,undecanal,Homo sapiens,hOR8J3,116.0,,0.0,False,True,False,,,A untested / B tested,Low,,https://doi.org/10.1038/sdata.2015.2,CAS not found in compounds.csv; exact SMILES used.,a_untested,human_only,6
PAIR_0006,110-41-8__112-44-7,110-41-8,112-44-7,CCCCCCCCCC(C)C=O,CCCCCCCCCCC=O,,undecanal,Homo sapiens,hOR8K1,354.0,,0.0,False,True,False,,,A untested / B tested,Low,,https://doi.org/10.1038/sdata.2015.2,CAS not found in compounds.csv; exact SMILES used.,a_untested,human_only,6
PAIR_0006,110-41-8__112-44-7,110-41-8,112-44-7,CCCCCCCCCC(C)C=O,CCCCCCCCCCC=O,,undecanal,Homo sapiens,hOR8K5,117.0,,0.0,False,True,False,,,A untested / B tested,Low,,https://doi.org/10.1038/sdata.2015.2,CAS not found in compounds.csv; exact SMILES used.,a_untested,human_only,6
PAIR_0006,110-41-8__112-44-7,110-41-8,112-44-7,CCCCCCCCCC(C)C=O,CCCCCCCCCCC=O,,undecanal,Homo sapiens,hOR8U1,201.0,,0.0,False,True,False,,,A untested / B tested,Low,,https://doi.org/10.1038/sdata.2015.2,CAS not found in compounds.csv; exact SMILES used.,a_untested,human_only,6
PAIR_0006,110-41-8__112-44-7,110-41-8,112-44-7,CCCCCCCCCC(C)C=O,CCCCCCCCCCC=O,,undecanal,Homo sapiens,hOR8U8,415.0,,0.0,False,True,False,,,A untested / B tested,Low,,https://doi.org/10.1038/sdata.2015.2,CAS not found in compounds.csv; exact SMILES used.,a_untested,human_only,6
PAIR_0006,110-41-8__112-44-7,110-41-8,112-44-7,CCCCCCCCCC(C)C=O,CCCCCCCCCCC=O,,undecanal,Homo sapiens,hOR8U9,361.0,,0.0,False,True,False,,,A untested / B tested,Low,,https://doi.org/10.1038/sdata.2015.2,CAS not found in compounds.csv; exact SMILES used.,a_untested,human_only,6
PAIR_0006,110-41-8__112-44-7,110-41-8,112-44-7,CCCCCCCCCC(C)C=O,CCCCCCCCCCC=O,,undecanal,Homo sapiens,hOR9A2,63.0,,0.0,False,True,False,,,A untested / B tested,Low,,https://doi.org/10.1038/sdata.2015.2,CAS not found in compounds.csv; exact SMILES used.,a_untested,human_only,6
PAIR_0006,110-41-8__112-44-7,110-41-8,112-44-7,CCCCCCCCCC(C)C=O,CCCCCCCCCCC=O,,undecanal,Homo sapiens,hOR9A4,64.0,,0.0,False,True,False,,,A untested / B tested,Low,,https://doi.org/10.1038/sdata.2015.2,CAS not found in compounds.csv; exact SMILES used.,a_untested,human_only,6
PAIR_0006,110-41-8__112-44-7,110-41-8,112-44-7,CCCCCCCCCC(C)C=O,CCCCCCCCCCC=O,,undecanal,Homo sapiens,hOR9G1,84.0,,0.0,False,True,False,,,A untested / B tested,Low,,https://doi.org/10.1038/sdata.2015.2,CAS not found in compounds.csv; exact SMILES used.,a_untested,human_only,6
PAIR_0006,110-41-8__112-44-7,110-41-8,112-44-7,CCCCCCCCCC(C)C=O,CCCCCCCCCCC=O,,undecanal,Homo sapiens,hOR9G9,130.0,,0.0,False,True,False,,,A untested / B tested,Low,,https://doi.org/10.1038/sdata.2015.2,CAS not found in compounds.csv; exact SMILES used.,a_untested,human_only,6
PAIR_0006,110-41-8__112-44-7,110-41-8,112-44-7,CCCCCCCCCC(C)C=O,CCCCCCCCCCC=O,,undecanal,Homo sapiens,hOR9I1,144.0,,0.0,False,True,False,,,A untested / B tested,Low,,https://doi.org/10.1038/sdata.2015.2,CAS not found in compounds.csv; exact SMILES used.,a_untested,human_only,6
PAIR_0006,110-41-8__112-44-7,110-41-8,112-44-7,CCCCCCCCCC(C)C=O,CCCCCCCCCCC=O,,undecanal,Homo sapiens,hOR9K2,306.0,,0.0,False,True,False,,,A untested / B tested,Low,,https://doi.org/10.1038/sdata.2015.2,CAS not found in compounds.csv; exact SMILES used.,a_untested,human_only,6
PAIR_0006,110-41-8__112-44-7,110-41-8,112-44-7,CCCCCCCCCC(C)C=O,CCCCCCCCCCC=O,,undecanal,Homo sapiens,hOR9Q2,142.0,,0.0,False,True,False,,,A untested / B tested,Low,,https://doi.org/10.1038/sdata.2015.2,CAS not found in compounds.csv; exact SMILES used.,a_untested,human_only,6
PAIR_0007,115-95-7__150-84-5,115-95-7,150-84-5,CC(=CCCC(C)(C=C)OC(=O)C)C,CC(CCC=C(C)C)CCOC(=O)C,linalyl acetate,,Homo sapiens,hOR1G1,405.0,0.0,,True,False,False,,,A tested / B untested,Medium,https://doi.org/10.3389/fphar.2015.00035,,No exact CAS or exact SMILES match found in M2OR.,b_untested,human_only,7
PAIR_0007,115-95-7__150-84-5,115-95-7,150-84-5,CC(=CCCC(C)(C=C)OC(=O)C)C,CC(CCC=C(C)C)CCOC(=O)C,linalyl acetate,,Homo sapiens,hOR1L3,71.0,0.0,,True,False,False,,,A tested / B untested,Medium,https://doi.org/10.3389/fphar.2015.00035,,No exact CAS or exact SMILES match found in M2OR.,b_untested,human_only,7
PAIR_0007,115-95-7__150-84-5,115-95-7,150-84-5,CC(=CCCC(C)(C=C)OC(=O)C)C,CC(CCC=C(C)C)CCOC(=O)C,linalyl acetate,,Homo sapiens,hOR2B3,48.0,0.0,,True,False,False,,,A tested / B untested,Medium,https://doi.org/10.3389/fphar.2015.00035,,No exact CAS or exact SMILES match found in M2OR.,b_untested,human_only,7
PAIR_0007,115-95-7__150-84-5,115-95-7,150-84-5,CC(=CCCC(C)(C=C)OC(=O)C)C,CC(CCC=C(C)C)CCOC(=O)C,linalyl acetate,,Homo sapiens,hOR2G2,651.0,0.0,,True,False,False,,,A tested / B untested,Medium,https://doi.org/10.3389/fphar.2015.00035,,No exact CAS or exact SMILES match found in M2OR.,b_untested,human_only,7
PAIR_0007,115-95-7__150-84-5,115-95-7,150-84-5,CC(=CCCC(C)(C=C)OC(=O)C)C,CC(CCC=C(C)C)CCOC(=O)C,linalyl acetate,,Homo sapiens,hOR2M4,39.0,0.0,,True,False,False,,,A tested / B untested,Medium,https://doi.org/10.3389/fphar.2015.00035,,No exact CAS or exact SMILES match found in M2OR.,b_untested,human_only,7
PAIR_0007,115-95-7__150-84-5,115-95-7,150-84-5,CC(=CCCC(C)(C=C)OC(=O)C)C,CC(CCC=C(C)C)CCOC(=O)C,linalyl acetate,,Homo sapiens,hOR2T10,36.0,0.0,,True,False,False,,,A tested / B untested,Medium,https://doi.org/10.3389/fphar.2015.00035,,No exact CAS or exact SMILES match found in M2OR.,b_untested,human_only,7
PAIR_0007,115-95-7__150-84-5,115-95-7,150-84-5,CC(=CCCC(C)(C=C)OC(=O)C)C,CC(CCC=C(C)C)CCOC(=O)C,linalyl acetate,,Homo sapiens,hOR2T34,677.0,0.0,,True,False,False,,,A tested / B untested,Medium,https://doi.org/10.3389/fphar.2015.00035,,No exact CAS or exact SMILES match found in M2OR.,b_untested,human_only,7
PAIR_0007,115-95-7__150-84-5,115-95-7,150-84-5,CC(=CCCC(C)(C=C)OC(=O)C)C,CC(CCC=C(C)C)CCOC(=O)C,linalyl acetate,,Homo sapiens,hOR5AC2,729.0,0.0,,True,False,False,,,A tested / B untested,Medium,https://doi.org/10.3389/fphar.2015.00035,,No exact CAS or exact SMILES match found in M2OR.,b_untested,human_only,7
PAIR_0007,115-95-7__150-84-5,115-95-7,150-84-5,CC(=CCCC(C)(C=C)OC(=O)C)C,CC(CCC=C(C)C)CCOC(=O)C,linalyl acetate,,Homo sapiens,hOR5B17,182.0,0.0,,True,False,False,,,A tested / B untested,Medium,https://doi.org/10.3389/fphar.2015.00035,,No exact CAS or exact SMILES match found in M2OR.,b_untested,human_only,7
PAIR_0009,123-32-0__5910-89-4,123-32-0,5910-89-4,CC1=CN=C(C=N1)C,CC1=NC=CN=C1C,"2,5-dimethylpyrazine",,Homo sapiens,OR10S1,1.0,0.0,,True,False,False,,,A tested / B untested,Low,https://doi.org/10.1021/acs.biochem.8b01208,,CAS not found in compounds.csv; exact SMILES used.,b_untested,human_only,9
PAIR_0009,123-32-0__5910-89-4,123-32-0,5910-89-4,CC1=CN=C(C=N1)C,CC1=NC=CN=C1C,"2,5-dimethylpyrazine",,Homo sapiens,OR2A42,4.0,0.0,,True,False,False,,,A tested / B untested,Low,https://doi.org/10.1021/acs.biochem.8b01208,,CAS not found in compounds.csv; exact SMILES used.,b_untested,human_only,9
PAIR_0009,123-32-0__5910-89-4,123-32-0,5910-89-4,CC1=CN=C(C=N1)C,CC1=NC=CN=C1C,"2,5-dimethylpyrazine",,Homo sapiens,OR2A7,5.0,0.0,,True,False,False,,,A tested / B untested,Low,https://doi.org/10.1021/acs.biochem.8b01208,,CAS not found in compounds.csv; exact SMILES used.,b_untested,human_only,9
PAIR_0009,123-32-0__5910-89-4,123-32-0,5910-89-4,CC1=CN=C(C=N1)C,CC1=NC=CN=C1C,"2,5-dimethylpyrazine",,Homo sapiens,OR2L13,6.0,0.0,,True,False,False,,,A tested / B untested,Low,https://doi.org/10.1021/acs.biochem.8b01208,,CAS not found in compounds.csv; exact SMILES used.,b_untested,human_only,9
PAIR_0009,123-32-0__5910-89-4,123-32-0,5910-89-4,CC1=CN=C(C=N1)C,CC1=NC=CN=C1C,"2,5-dimethylpyrazine",,Homo sapiens,OR2T4,8.0,0.0,,True,False,False,,,A tested / B untested,Low,https://doi.org/10.1021/acs.biochem.8b01208,,CAS not found in compounds.csv; exact SMILES used.,b_untested,human_only,9
PAIR_0009,123-32-0__5910-89-4,123-32-0,5910-89-4,CC1=CN=C(C=N1)C,CC1=NC=CN=C1C,"2,5-dimethylpyrazine",,Homo sapiens,OR2W3,9.0,0.0,,True,False,False,,,A tested / B untested,Low,https://doi.org/10.1021/acs.biochem.8b01208,,CAS not found in compounds.csv; exact SMILES used.,b_untested,human_only,9
PAIR_0009,123-32-0__5910-89-4,123-32-0,5910-89-4,CC1=CN=C(C=N1)C,CC1=NC=CN=C1C,"2,5-dimethylpyrazine",,Homo sapiens,OR51B5,10.0,0.0,,True,False,False,,,A tested / B untested,Low,https://doi.org/10.1021/acs.biochem.8b01208,,CAS not found in compounds.csv; exact SMILES used.,b_untested,human_only,9
PAIR_0009,123-32-0__5910-89-4,123-32-0,5910-89-4,CC1=CN=C(C=N1)C,CC1=NC=CN=C1C,"2,5-dimethylpyrazine",,Homo sapiens,hOR1A1,29.0,,0.0,False,True,False,,,A untested / B tested,Low,,https://doi.org/10.1016/j.jsb.2007.04.013,CAS not found in compounds.csv; exact SMILES used.,a_untested,human_only,9
PAIR_0009,123-32-0__5910-89-4,123-32-0,5910-89-4,CC1=CN=C(C=N1)C,CC1=NC=CN=C1C,"2,5-dimethylpyrazine",,Homo sapiens,hOR1A2,111.0,,0.0,False,True,False,,,A untested / B tested,Low,,https://doi.org/10.1016/j.jsb.2007.04.013,CAS not found in compounds.csv; exact SMILES used.,a_untested,human_only,9
PAIR_0009,123-32-0__5910-89-4,123-32-0,5910-89-4,CC1=CN=C(C=N1)C,CC1=NC=CN=C1C,"2,5-dimethylpyrazine",,Homo sapiens,hOR5K1,418.0,1.0,1.0,True,True,True,1.0,0.0,both responsive,High,https://doi.org/10.1096/fj.202100224R,https://doi.org/10.1096/fj.202100224R,CAS not found in compounds.csv; exact SMILES used.,,human_only,9
PAIR_0009,123-32-0__5910-89-4,123-32-0,5910-89-4,CC1=CN=C(C=N1)C,CC1=NC=CN=C1C,"2,5-dimethylpyrazine",,Homo sapiens,hOR5K2,52.0,0.0,0.0,True,True,True,1.0,0.0,both non-responsive,Low,https://doi.org/10.1096/fj.202100224R,https://doi.org/10.1096/fj.202100224R,CAS not found in compounds.csv; exact SMILES used.,,human_only,9
PAIR_0009,123-32-0__5910-89-4,123-32-0,5910-89-4,CC1=CN=C(C=N1)C,CC1=NC=CN=C1C,"2,5-dimethylpyrazine",,Homo sapiens,hOR5K3,521.0,0.0,0.0,True,True,True,1.0,0.0,both non-responsive,Low,https://doi.org/10.1096/fj.202100224R,https://doi.org/10.1096/fj.202100224R,CAS not found in compounds.csv; exact SMILES used.,,human_only,9
PAIR_0009,123-32-0__5910-89-4,123-32-0,5910-89-4,CC1=CN=C(C=N1)C,CC1=NC=CN=C1C,"2,5-dimethylpyrazine",,Homo sapiens,hOR5K4,757.0,0.0,0.0,True,True,True,1.0,0.0,both non-responsive,Low,https://doi.org/10.1096/fj.202100224R,https://doi.org/10.1096/fj.202100224R,CAS not found in compounds.csv; exact SMILES used.,,human_only,9
PAIR_0010,123-68-2__142-19-8,123-68-2,142-19-8,CCCCCC(=O)OCC=C,CCCCCCC(=O)OCC=C,,,Homo sapiens,hOR10J5,25.0,,0.0,False,True,False,,,A untested / B tested,Medium,,https://dx.doi.org/10.1126%2Fscisignal.2000016,No exact CAS or exact SMILES match found in M2OR. | CAS not found in compounds.csv; exact SMILES used.,a_untested,human_only,10
PAIR_0010,123-68-2__142-19-8,123-68-2,142-19-8,CCCCCC(=O)OCC=C,CCCCCCC(=O)OCC=C,,,Homo sapiens,hOR1A1,29.0,,1.0,False,True,False,,,A untested / B tested,Medium,,https://dx.doi.org/10.1126%2Fscisignal.2000016,No exact CAS or exact SMILES match found in M2OR. | CAS not found in compounds.csv; exact SMILES used.,a_untested,human_only,10
PAIR_0010,123-68-2__142-19-8,123-68-2,142-19-8,CCCCCC(=O)OCC=C,CCCCCCC(=O)OCC=C,,,Homo sapiens,hOR2C1,591.0,,0.0,False,True,False,,,A untested / B tested,Medium,,https://dx.doi.org/10.1126%2Fscisignal.2000016,No exact CAS or exact SMILES match found in M2OR. | CAS not found in compounds.csv; exact SMILES used.,a_untested,human_only,10
PAIR_0010,123-68-2__142-19-8,123-68-2,142-19-8,CCCCCC(=O)OCC=C,CCCCCCC(=O)OCC=C,,,Homo sapiens,hOR2J2,323.0,,0.0,False,True,False,,,A untested / B tested,Medium,,https://dx.doi.org/10.1126%2Fscisignal.2000016,No exact CAS or exact SMILES match found in M2OR. | CAS not found in compounds.csv; exact SMILES used.,a_untested,human_only,10
PAIR_0010,123-68-2__142-19-8,123-68-2,142-19-8,CCCCCC(=O)OCC=C,CCCCCCC(=O)OCC=C,,,Homo sapiens,hOR2M7,284.0,,0.0,False,True,False,,,A untested / B tested,Medium,,https://dx.doi.org/10.1126%2Fscisignal.2000016,No exact CAS or exact SMILES match found in M2OR. | CAS not found in compounds.csv; exact SMILES used.,a_untested,human_only,10
PAIR_0010,123-68-2__142-19-8,123-68-2,142-19-8,CCCCCC(=O)OCC=C,CCCCCCC(=O)OCC=C,,,Homo sapiens,hOR2W1,51.0,,0.0,False,True,False,,,A untested / B tested,Medium,,https://dx.doi.org/10.1126%2Fscisignal.2000016,No exact CAS or exact SMILES match found in M2OR. | CAS not found in compounds.csv; exact SMILES used.,a_untested,human_only,10
PAIR_0010,123-68-2__142-19-8,123-68-2,142-19-8,CCCCCC(=O)OCC=C,CCCCCCC(=O)OCC=C,,,Homo sapiens,hOR51E1,962.0,,0.0,False,True,False,,,A untested / B tested,Medium,,https://dx.doi.org/10.1126%2Fscisignal.2000016,No exact CAS or exact SMILES match found in M2OR. | CAS not found in compounds.csv; exact SMILES used.,a_untested,human_only,10
PAIR_0010,123-68-2__142-19-8,123-68-2,142-19-8,CCCCCC(=O)OCC=C,CCCCCCC(=O)OCC=C,,,Homo sapiens,hOR51E2,168.0,,0.0,False,True,False,,,A untested / B tested,Medium,,https://dx.doi.org/10.1126%2Fscisignal.2000016,No exact CAS or exact SMILES match found in M2OR. | CAS not found in compounds.csv; exact SMILES used.,a_untested,human_only,10
PAIR_0010,123-68-2__142-19-8,123-68-2,142-19-8,CCCCCC(=O)OCC=C,CCCCCCC(=O)OCC=C,,,Homo sapiens,hOR51L1,447.0,,0.0,False,True,False,,,A untested / B tested,Medium,,https://dx.doi.org/10.1126%2Fscisignal.2000016,No exact CAS or exact SMILES match found in M2OR. | CAS not found in compounds.csv; exact SMILES used.,a_untested,human_only,10
PAIR_0010,123-68-2__142-19-8,123-68-2,142-19-8,CCCCCC(=O)OCC=C,CCCCCCC(=O)OCC=C,,,Homo sapiens,hOR5P3,88.0,,0.0,False,True,False,,,A untested / B tested,Medium,,https://dx.doi.org/10.1126%2Fscisignal.2000016,No exact CAS or exact SMILES match found in M2OR. | CAS not found in compounds.csv; exact SMILES used.,a_untested,human_only,10
PAIR_0011,2244-16-8__6485-40-1,2244-16-8,6485-40-1,CC1=CC[C@@H](CC1=O)C(=C)C,CC1=CC[C@H](CC1=O)C(=C)C,D-Carvone,(R)-Carvone,Homo sapiens,OR10A2,223.0,0.0,0.0,True,True,True,1.0,0.0,both non-responsive,Low,https://doi.org/10.1371/journal.pone.0267356,https://doi.org/10.1371/journal.pone.0267356,Multiple CAS hits; exact SMILES used to disambiguate.,,human_only,11
PAIR_0011,2244-16-8__6485-40-1,2244-16-8,6485-40-1,CC1=CC[C@@H](CC1=O)C(=C)C,CC1=CC[C@H](CC1=O)C(=C)C,D-Carvone,(R)-Carvone,Homo sapiens,OR10A3,338.0,0.0,0.0,True,True,True,1.0,0.0,both non-responsive,Low,https://doi.org/10.1371/journal.pone.0267356,https://doi.org/10.1371/journal.pone.0267356,Multiple CAS hits; exact SMILES used to disambiguate.,,human_only,11
PAIR_0011,2244-16-8__6485-40-1,2244-16-8,6485-40-1,CC1=CC[C@@H](CC1=O)C(=C)C,CC1=CC[C@H](CC1=O)C(=C)C,D-Carvone,(R)-Carvone,Homo sapiens,OR10A4,834.0,0.0,0.0,True,True,True,1.0,0.0,both non-responsive,Low,https://doi.org/10.1371/journal.pone.0267356,https://doi.org/10.1371/journal.pone.0267356,Multiple CAS hits; exact SMILES used to disambiguate.,,human_only,11
PAIR_0011,2244-16-8__6485-40-1,2244-16-8,6485-40-1,CC1=CC[C@@H](CC1=O)C(=C)C,CC1=CC[C@H](CC1=O)C(=C)C,D-Carvone,(R)-Carvone,Homo sapiens,OR10A5,506.0,0.0,0.0,True,True,True,1.0,0.0,both non-responsive,Low,https://doi.org/10.1371/journal.pone.0267356,https://doi.org/10.1371/journal.pone.0267356,Multiple CAS hits; exact SMILES used to disambiguate.,,human_only,11
PAIR_0011,2244-16-8__6485-40-1,2244-16-8,6485-40-1,CC1=CC[C@@H](CC1=O)C(=C)C,CC1=CC[C@H](CC1=O)C(=C)C,D-Carvone,(R)-Carvone,Homo sapiens,OR10A6,181.0,1.0,1.0,True,True,True,1.0,0.0,both responsive,High,https://doi.org/10.1371/journal.pone.0267356,https://doi.org/10.1371/journal.pone.0267356,Multiple CAS hits; exact SMILES used to disambiguate.,,human_only,11
PAIR_0011,2244-16-8__6485-40-1,2244-16-8,6485-40-1,CC1=CC[C@@H](CC1=O)C(=C)C,CC1=CC[C@H](CC1=O)C(=C)C,D-Carvone,(R)-Carvone,Homo sapiens,OR10A7,210.0,0.0,0.0,True,True,True,1.0,0.0,both non-responsive,Low,https://doi.org/10.1371/journal.pone.0267356,https://doi.org/10.1371/journal.pone.0267356,Multiple CAS hits; exact SMILES used to disambiguate.,,human_only,11
PAIR_0011,2244-16-8__6485-40-1,2244-16-8,6485-40-1,CC1=CC[C@@H](CC1=O)C(=C)C,CC1=CC[C@H](CC1=O)C(=C)C,D-Carvone,(R)-Carvone,Homo sapiens,OR10AD1,835.0,0.0,0.0,True,True,True,1.0,0.0,both non-responsive,Low,https://doi.org/10.1371/journal.pone.0267356,https://doi.org/10.1371/journal.pone.0267356,Multiple CAS hits; exact SMILES used to disambiguate.,,human_only,11
PAIR_0011,2244-16-8__6485-40-1,2244-16-8,6485-40-1,CC1=CC[C@@H](CC1=O)C(=C)C,CC1=CC[C@H](CC1=O)C(=C)C,D-Carvone,(R)-Carvone,Homo sapiens,OR10AG1,207.0,0.0,0.0,True,True,True,1.0,0.0,both non-responsive,Low,https://doi.org/10.1371/journal.pone.0267356,https://doi.org/10.1371/journal.pone.0267356,Multiple CAS hits; exact SMILES used to disambiguate.,,human_only,11
PAIR_0011,2244-16-8__6485-40-1,2244-16-8,6485-40-1,CC1=CC[C@@H](CC1=O)C(=C)C,CC1=CC[C@H](CC1=O)C(=C)C,D-Carvone,(R)-Carvone,Homo sapiens,OR10C1,49.0,0.0,0.0,True,True,True,1.0,0.0,both non-responsive,Low,https://doi.org/10.1371/journal.pone.0267356,https://doi.org/10.1371/journal.pone.0267356,Multiple CAS hits; exact SMILES used to disambiguate.,,human_only,11
PAIR_0011,2244-16-8__6485-40-1,2244-16-8,6485-40-1,CC1=CC[C@@H](CC1=O)C(=C)C,CC1=CC[C@H](CC1=O)C(=C)C,D-Carvone,(R)-Carvone,Homo sapiens,OR10G2,839.0,0.0,0.0,True,True,True,1.0,0.0,both non-responsive,Low,https://doi.org/10.1371/journal.pone.0267356,https://doi.org/10.1371/journal.pone.0267356,Multiple CAS hits; exact SMILES used to disambiguate.,,human_only,11
PAIR_0011,2244-16-8__6485-40-1,2244-16-8,6485-40-1,CC1=CC[C@@H](CC1=O)C(=C)C,CC1=CC[C@H](CC1=O)C(=C)C,D-Carvone,(R)-Carvone,Homo sapiens,OR10G3,547.0,0.0,0.0,True,True,True,1.0,0.0,both non-responsive,Low,https://doi.org/10.1371/journal.pone.0267356,https://doi.org/10.1371/journal.pone.0267356,Multiple CAS hits; exact SMILES used to disambiguate.,,human_only,11
PAIR_0011,2244-16-8__6485-40-1,2244-16-8,6485-40-1,CC1=CC[C@@H](CC1=O)C(=C)C,CC1=CC[C@H](CC1=O)C(=C)C,D-Carvone,(R)-Carvone,Homo sapiens,OR10G4,534.0,0.0,1.0,True,True,True,0.0,1.0,B only responsive,Low,https://doi.org/10.1371/journal.pone.0267356,https://doi.org/10.1371/journal.pone.0267356,Multiple CAS hits; exact SMILES used to disambiguate.,,human_only,11
PAIR_0011,2244-16-8__6485-40-1,2244-16-8,6485-40-1,CC1=CC[C@@H](CC1=O)C(=C)C,CC1=CC[C@H](CC1=O)C(=C)C,D-Carvone,(R)-Carvone,Homo sapiens,OR10G6,82.0,0.0,0.0,True,True,True,1.0,0.0,both non-responsive,Low,https://doi.org/10.1371/journal.pone.0267356,https://doi.org/10.1371/journal.pone.0267356,Multiple CAS hits; exact SMILES used to disambiguate.,,human_only,11
PAIR_0011,2244-16-8__6485-40-1,2244-16-8,6485-40-1,CC1=CC[C@@H](CC1=O)C(=C)C,CC1=CC[C@H](CC1=O)C(=C)C,D-Carvone,(R)-Carvone,Homo sapiens,OR10G7,371.0,0.0,0.0,True,True,True,1.0,0.0,both non-responsive,Low,https://doi.org/10.1371/journal.pone.0267356,https://doi.org/10.1371/journal.pone.0267356,Multiple CAS hits; exact SMILES used to disambiguate.,,human_only,11
PAIR_0011,2244-16-8__6485-40-1,2244-16-8,6485-40-1,CC1=CC[C@@H](CC1=O)C(=C)C,CC1=CC[C@H](CC1=O)C(=C)C,D-Carvone,(R)-Carvone,Homo sapiens,OR10G8,315.0,0.0,0.0,True,True,True,1.0,0.0,both non-responsive,Low,https://doi.org/10.1371/journal.pone.0267356,https://doi.org/10.1371/journal.pone.0267356,Multiple CAS hits; exact SMILES used to disambiguate.,,human_only,11
PAIR_0011,2244-16-8__6485-40-1,2244-16-8,6485-40-1,CC1=CC[C@@H](CC1=O)C(=C)C,CC1=CC[C@H](CC1=O)C(=C)C,D-Carvone,(R)-Carvone,Homo sapiens,OR10G9,843.0,0.0,0.0,True,True,True,1.0,0.0,both non-responsive,Low,https://doi.org/10.1371/journal.pone.0267356,https://doi.org/10.1371/journal.pone.0267356,Multiple CAS hits; exact SMILES used to disambiguate.,,human_only,11
PAIR_0011,2244-16-8__6485-40-1,2244-16-8,6485-40-1,CC1=CC[C@@H](CC1=O)C(=C)C,CC1=CC[C@H](CC1=O)C(=C)C,D-Carvone,(R)-Carvone,Homo sapiens,OR10H1,107.0,0.0,0.0,True,True,True,1.0,0.0,both non-responsive,Low,https://doi.org/10.1371/journal.pone.0267356,https://doi.org/10.1371/journal.pone.0267356,Multiple CAS hits; exact SMILES used to disambiguate.,,human_only,11
PAIR_0011,2244-16-8__6485-40-1,2244-16-8,6485-40-1,CC1=CC[C@@H](CC1=O)C(=C)C,CC1=CC[C@H](CC1=O)C(=C)C,D-Carvone,(R)-Carvone,Homo sapiens,OR10H2,133.0,0.0,0.0,True,True,True,1.0,0.0,both non-responsive,Low,https://doi.org/10.1371/journal.pone.0267356,https://doi.org/10.1371/journal.pone.0267356,Multiple CAS hits; exact SMILES used to disambiguate.,,human_only,11
PAIR_0011,2244-16-8__6485-40-1,2244-16-8,6485-40-1,CC1=CC[C@@H](CC1=O)C(=C)C,CC1=CC[C@H](CC1=O)C(=C)C,D-Carvone,(R)-Carvone,Homo sapiens,OR10H3,439.0,0.0,0.0,True,True,True,1.0,0.0,both non-responsive,Low,https://doi.org/10.1371/journal.pone.0267356,https://doi.org/10.1371/journal.pone.0267356,Multiple CAS hits; exact SMILES used to disambiguate.,,human_only,11
PAIR_0011,2244-16-8__6485-40-1,2244-16-8,6485-40-1,CC1=CC[C@@H](CC1=O)C(=C)C,CC1=CC[C@H](CC1=O)C(=C)C,D-Carvone,(R)-Carvone,Homo sapiens,OR10H4,131.0,0.0,0.0,True,True,True,1.0,0.0,both non-responsive,Low,https://doi.org/10.1371/journal.pone.0267356,https://doi.org/10.1371/journal.pone.0267356,Multiple CAS hits; exact SMILES used to disambiguate.,,human_only,11
PAIR_0011,2244-16-8__6485-40-1,2244-16-8,6485-40-1,CC1=CC[C@@H](CC1=O)C(=C)C,CC1=CC[C@H](CC1=O)C(=C)C,D-Carvone,(R)-Carvone,Homo sapiens,OR10H5,345.0,0.0,0.0,True,True,True,1.0,0.0,both non-responsive,Low,https://doi.org/10.1371/journal.pone.0267356,https://doi.org/10.1371/journal.pone.0267356,Multiple CAS hits; exact SMILES used to disambiguate.,,human_only,11
PAIR_0011,2244-16-8__6485-40-1,2244-16-8,6485-40-1,CC1=CC[C@@H](CC1=O)C(=C)C,CC1=CC[C@H](CC1=O)C(=C)C,D-Carvone,(R)-Carvone,Homo sapiens,OR10J1,847.0,0.0,0.0,True,True,True,1.0,0.0,both non-responsive,Low,https://doi.org/10.1371/journal.pone.0267356,https://doi.org/10.1371/journal.pone.0267356,Multiple CAS hits; exact SMILES used to disambiguate.,,human_only,11
PAIR_0011,2244-16-8__6485-40-1,2244-16-8,6485-40-1,CC1=CC[C@@H](CC1=O)C(=C)C,CC1=CC[C@H](CC1=O)C(=C)C,D-Carvone,(R)-Carvone,Homo sapiens,OR10J3,850.0,0.0,0.0,True,True,True,1.0,0.0,both non-responsive,Low,https://doi.org/10.1371/journal.pone.0267356,https://doi.org/10.1371/journal.pone.0267356,Multiple CAS hits; exact SMILES used to disambiguate.,,human_only,11
PAIR_0011,2244-16-8__6485-40-1,2244-16-8,6485-40-1,CC1=CC[C@@H](CC1=O)C(=C)C,CC1=CC[C@H](CC1=O)C(=C)C,D-Carvone,(R)-Carvone,Homo sapiens,OR10K1,12.0,0.0,0.0,True,True,True,1.0,0.0,both non-responsive,Low,https://doi.org/10.1371/journal.pone.0267356,https://doi.org/10.1371/journal.pone.0267356,Multiple CAS hits; exact SMILES used to disambiguate.,,human_only,11
PAIR_0011,2244-16-8__6485-40-1,2244-16-8,6485-40-1,CC1=CC[C@@H](CC1=O)C(=C)C,CC1=CC[C@H](CC1=O)C(=C)C,D-Carvone,(R)-Carvone,Homo sapiens,OR10K2,30.0,0.0,0.0,True,True,True,1.0,0.0,both non-responsive,Low,https://doi.org/10.1371/journal.pone.0267356,https://doi.org/10.1371/journal.pone.0267356,Multiple CAS hits; exact SMILES used to disambiguate.,,human_only,11
PAIR_0011,2244-16-8__6485-40-1,2244-16-8,6485-40-1,CC1=CC[C@@H](CC1=O)C(=C)C,CC1=CC[C@H](CC1=O)C(=C)C,D-Carvone,(R)-Carvone,Homo sapiens,OR10P1,852.0,0.0,0.0,True,True,True,1.0,0.0,both non-responsive,Low,https://doi.org/10.1371/journal.pone.0267356,https://doi.org/10.1371/journal.pone.0267356,Multiple CAS hits; exact SMILES used to disambiguate.,,human_only,11
PAIR_0011,2244-16-8__6485-40-1,2244-16-8,6485-40-1,CC1=CC[C@@H](CC1=O)C(=C)C,CC1=CC[C@H](CC1=O)C(=C)C,D-Carvone,(R)-Carvone,Homo sapiens,OR10Q1,854.0,0.0,0.0,True,True,True,1.0,0.0,both non-responsive,Low,https://doi.org/10.1371/journal.pone.0267356,https://doi.org/10.1371/journal.pone.0267356,Multiple CAS hits; exact SMILES used to disambiguate.,,human_only,11
PAIR_0011,2244-16-8__6485-40-1,2244-16-8,6485-40-1,CC1=CC[C@@H](CC1=O)C(=C)C,CC1=CC[C@H](CC1=O)C(=C)C,D-Carvone,(R)-Carvone,Homo sapiens,OR10R2,465.0,0.0,0.0,True,True,True,1.0,0.0,both non-responsive,Low,https://doi.org/10.1371/journal.pone.0267356,https://doi.org/10.1371/journal.pone.0267356,Multiple CAS hits; exact SMILES used to disambiguate.,,human_only,11
PAIR_0011,2244-16-8__6485-40-1,2244-16-8,6485-40-1,CC1=CC[C@@H](CC1=O)C(=C)C,CC1=CC[C@H](CC1=O)C(=C)C,D-Carvone,(R)-Carvone,Homo sapiens,OR10S1,1.0,0.0,0.0,True,True,True,1.0,0.0,both non-responsive,Medium,https://doi.org/10.1021/acs.biochem.8b01208 | https://doi.org/10.1371/journal.pone.0267356,https://doi.org/10.1371/journal.pone.0267356,Multiple CAS hits; exact SMILES used to disambiguate.,,human_only,11
PAIR_0011,2244-16-8__6485-40-1,2244-16-8,6485-40-1,CC1=CC[C@@H](CC1=O)C(=C)C,CC1=CC[C@H](CC1=O)C(=C)C,D-Carvone,(R)-Carvone,Homo sapiens,OR10T2,21.0,0.0,0.0,True,True,True,1.0,0.0,both non-responsive,Low,https://doi.org/10.1371/journal.pone.0267356,https://doi.org/10.1371/journal.pone.0267356,Multiple CAS hits; exact SMILES used to disambiguate.,,human_only,11
PAIR_0011,2244-16-8__6485-40-1,2244-16-8,6485-40-1,CC1=CC[C@@H](CC1=O)C(=C)C,CC1=CC[C@H](CC1=O)C(=C)C,D-Carvone,(R)-Carvone,Homo sapiens,OR10V1,860.0,0.0,1.0,True,True,True,0.0,1.0,B only responsive,Low,https://doi.org/10.1371/journal.pone.0267356,https://doi.org/10.1371/journal.pone.0267356,Multiple CAS hits; exact SMILES used to disambiguate.,,human_only,11
PAIR_0011,2244-16-8__6485-40-1,2244-16-8,6485-40-1,CC1=CC[C@@H](CC1=O)C(=C)C,CC1=CC[C@H](CC1=O)C(=C)C,D-Carvone,(R)-Carvone,Homo sapiens,OR10W1,862.0,0.0,0.0,True,True,True,1.0,0.0,both non-responsive,Low,https://doi.org/10.1371/journal.pone.0267356,https://doi.org/10.1371/journal.pone.0267356,Multiple CAS hits; exact SMILES used to disambiguate.,,human_only,11
PAIR_0011,2244-16-8__6485-40-1,2244-16-8,6485-40-1,CC1=CC[C@@H](CC1=O)C(=C)C,CC1=CC[C@H](CC1=O)C(=C)C,D-Carvone,(R)-Carvone,Homo sapiens,OR10X1,430.0,0.0,0.0,True,True,True,1.0,0.0,both non-responsive,Low,https://doi.org/10.1371/journal.pone.0267356,https://doi.org/10.1371/journal.pone.0267356,Multiple CAS hits; exact SMILES used to disambiguate.,,human_only,11
PAIR_0011,2244-16-8__6485-40-1,2244-16-8,6485-40-1,CC1=CC[C@@H](CC1=O)C(=C)C,CC1=CC[C@H](CC1=O)C(=C)C,D-Carvone,(R)-Carvone,Homo sapiens,OR10Z1,14.0,0.0,0.0,True,True,True,1.0,0.0,both non-responsive,Low,https://doi.org/10.1371/journal.pone.0267356,https://doi.org/10.1371/journal.pone.0267356,Multiple CAS hits; exact SMILES used to disambiguate.,,human_only,11
PAIR_0011,2244-16-8__6485-40-1,2244-16-8,6485-40-1,CC1=CC[C@@H](CC1=O)C(=C)C,CC1=CC[C@H](CC1=O)C(=C)C,D-Carvone,(R)-Carvone,Homo sapiens,OR11A1,47.0,0.0,0.0,True,True,True,1.0,0.0,both non-responsive,Low,https://doi.org/10.1371/journal.pone.0267356,https://doi.org/10.1371/journal.pone.0267356 | https://pubs.acs.org/doi/10.1021/acs.jafc.4c01515,Multiple CAS hits; exact SMILES used to disambiguate.,,human_only,11
PAIR_0011,2244-16-8__6485-40-1,2244-16-8,6485-40-1,CC1=CC[C@@H](CC1=O)C(=C)C,CC1=CC[C@H](CC1=O)C(=C)C,D-Carvone,(R)-Carvone,Homo sapiens,OR11G2,864.0,0.0,0.0,True,True,True,1.0,0.0,both non-responsive,Low,https://doi.org/10.1371/journal.pone.0267356,https://doi.org/10.1371/journal.pone.0267356,Multiple CAS hits; exact SMILES used to disambiguate.,,human_only,11
PAIR_0011,2244-16-8__6485-40-1,2244-16-8,6485-40-1,CC1=CC[C@@H](CC1=O)C(=C)C,CC1=CC[C@H](CC1=O)C(=C)C,D-Carvone,(R)-Carvone,Homo sapiens,OR11H1,866.0,0.0,0.0,True,True,True,1.0,0.0,both non-responsive,Low,https://doi.org/10.1371/journal.pone.0267356,https://doi.org/10.1371/journal.pone.0267356,Multiple CAS hits; exact SMILES used to disambiguate.,,human_only,11
PAIR_0011,2244-16-8__6485-40-1,2244-16-8,6485-40-1,CC1=CC[C@@H](CC1=O)C(=C)C,CC1=CC[C@H](CC1=O)C(=C)C,D-Carvone,(R)-Carvone,Homo sapiens,OR11H12,868.0,0.0,1.0,True,True,True,0.0,1.0,B only responsive,High,https://doi.org/10.1371/journal.pone.0267356,https://doi.org/10.1021/acscentsci.1c01495 | https://doi.org/10.1371/journal.pone.0267356,Multiple CAS hits; exact SMILES used to disambiguate.,,human_only,11
PAIR_0011,2244-16-8__6485-40-1,2244-16-8,6485-40-1,CC1=CC[C@@H](CC1=O)C(=C)C,CC1=CC[C@H](CC1=O)C(=C)C,D-Carvone,(R)-Carvone,Homo sapiens,OR11H4,347.0,0.0,0.0,True,True,True,1.0,0.0,both non-responsive,Low,https://doi.org/10.1371/journal.pone.0267356,https://doi.org/10.1371/journal.pone.0267356,Multiple CAS hits; exact SMILES used to disambiguate.,,human_only,11
PAIR_0011,2244-16-8__6485-40-1,2244-16-8,6485-40-1,CC1=CC[C@@H](CC1=O)C(=C)C,CC1=CC[C@H](CC1=O)C(=C)C,D-Carvone,(R)-Carvone,Homo sapiens,OR11H6,228.0,0.0,0.0,True,True,True,1.0,0.0,both non-responsive,Low,https://doi.org/10.1371/journal.pone.0267356,https://doi.org/10.1371/journal.pone.0267356,Multiple CAS hits; exact SMILES used to disambiguate.,,human_only,11
PAIR_0011,2244-16-8__6485-40-1,2244-16-8,6485-40-1,CC1=CC[C@@H](CC1=O)C(=C)C,CC1=CC[C@H](CC1=O)C(=C)C,D-Carvone,(R)-Carvone,Homo sapiens,OR11L1,857.0,0.0,0.0,True,True,True,1.0,0.0,both non-responsive,Low,https://doi.org/10.1371/journal.pone.0267356,https://doi.org/10.1371/journal.pone.0267356,Multiple CAS hits; exact SMILES used to disambiguate.,,human_only,11
PAIR_0011,2244-16-8__6485-40-1,2244-16-8,6485-40-1,CC1=CC[C@@H](CC1=O)C(=C)C,CC1=CC[C@H](CC1=O)C(=C)C,D-Carvone,(R)-Carvone,Homo sapiens,OR12D2,58.0,0.0,0.0,True,True,True,1.0,0.0,both non-responsive,Low,https://doi.org/10.1371/journal.pone.0267356,https://doi.org/10.1371/journal.pone.0267356,Multiple CAS hits; exact SMILES used to disambiguate.,,human_only,11
PAIR_0011,2244-16-8__6485-40-1,2244-16-8,6485-40-1,CC1=CC[C@@H](CC1=O)C(=C)C,CC1=CC[C@H](CC1=O)C(=C)C,D-Carvone,(R)-Carvone,Homo sapiens,OR12D3,55.0,0.0,0.0,True,True,True,1.0,0.0,both non-responsive,Low,https://doi.org/10.1371/journal.pone.0267356,https://doi.org/10.1371/journal.pone.0267356,Multiple CAS hits; exact SMILES used to disambiguate.,,human_only,11
PAIR_0011,2244-16-8__6485-40-1,2244-16-8,6485-40-1,CC1=CC[C@@H](CC1=O)C(=C)C,CC1=CC[C@H](CC1=O)C(=C)C,D-Carvone,(R)-Carvone,Homo sapiens,OR13A1,81.0,0.0,0.0,True,True,True,1.0,0.0,both non-responsive,Low,https://doi.org/10.1371/journal.pone.0267356,https://doi.org/10.1371/journal.pone.0267356,Multiple CAS hits; exact SMILES used to disambiguate.,,human_only,11
PAIR_0011,2244-16-8__6485-40-1,2244-16-8,6485-40-1,CC1=CC[C@@H](CC1=O)C(=C)C,CC1=CC[C@H](CC1=O)C(=C)C,D-Carvone,(R)-Carvone,Homo sapiens,OR13C2,502.0,0.0,0.0,True,True,True,1.0,0.0,both non-responsive,Low,https://doi.org/10.1371/journal.pone.0267356,https://doi.org/10.1371/journal.pone.0267356,Multiple CAS hits; exact SMILES used to disambiguate.,,human_only,11
PAIR_0011,2244-16-8__6485-40-1,2244-16-8,6485-40-1,CC1=CC[C@@H](CC1=O)C(=C)C,CC1=CC[C@H](CC1=O)C(=C)C,D-Carvone,(R)-Carvone,Homo sapiens,OR13C3,307.0,0.0,0.0,True,True,True,1.0,0.0,both non-responsive,Low,https://doi.org/10.1371/journal.pone.0267356,https://doi.org/10.1371/journal.pone.0267356,Multiple CAS hits; exact SMILES used to disambiguate.,,human_only,11
PAIR_0011,2244-16-8__6485-40-1,2244-16-8,6485-40-1,CC1=CC[C@@H](CC1=O)C(=C)C,CC1=CC[C@H](CC1=O)C(=C)C,D-Carvone,(R)-Carvone,Homo sapiens,OR13C4,72.0,0.0,0.0,True,True,True,1.0,0.0,both non-responsive,Low,https://doi.org/10.1371/journal.pone.0267356,https://doi.org/10.1371/journal.pone.0267356,Multiple CAS hits; exact SMILES used to disambiguate.,,human_only,11
PAIR_0011,2244-16-8__6485-40-1,2244-16-8,6485-40-1,CC1=CC[C@@H](CC1=O)C(=C)C,CC1=CC[C@H](CC1=O)C(=C)C,D-Carvone,(R)-Carvone,Homo sapiens,OR13C5,874.0,0.0,0.0,True,True,True,1.0,0.0,both non-responsive,Low,https://doi.org/10.1371/journal.pone.0267356,https://doi.org/10.1371/journal.pone.0267356,Multiple CAS hits; exact SMILES used to disambiguate.,,human_only,11
PAIR_0011,2244-16-8__6485-40-1,2244-16-8,6485-40-1,CC1=CC[C@@H](CC1=O)C(=C)C,CC1=CC[C@H](CC1=O)C(=C)C,D-Carvone,(R)-Carvone,Homo sapiens,OR13C8,73.0,0.0,0.0,True,True,True,1.0,0.0,both non-responsive,Low,https://doi.org/10.1371/journal.pone.0267356,https://doi.org/10.1371/journal.pone.0267356,Multiple CAS hits; exact SMILES used to disambiguate.,,human_only,11
PAIR_0011,2244-16-8__6485-40-1,2244-16-8,6485-40-1,CC1=CC[C@@H](CC1=O)C(=C)C,CC1=CC[C@H](CC1=O)C(=C)C,D-Carvone,(R)-Carvone,Homo sapiens,OR13C9,876.0,0.0,0.0,True,True,True,1.0,0.0,both non-responsive,Low,https://doi.org/10.1371/journal.pone.0267356,https://doi.org/10.1371/journal.pone.0267356,Multiple CAS hits; exact SMILES used to disambiguate.,,human_only,11
PAIR_0011,2244-16-8__6485-40-1,2244-16-8,6485-40-1,CC1=CC[C@@H](CC1=O)C(=C)C,CC1=CC[C@H](CC1=O)C(=C)C,D-Carvone,(R)-Carvone,Homo sapiens,OR13D1,879.0,0.0,0.0,True,True,True,1.0,0.0,both non-responsive,Low,https://doi.org/10.1371/journal.pone.0267356,https://doi.org/10.1371/journal.pone.0267356,Multiple CAS hits; exact SMILES used to disambiguate.,,human_only,11
PAIR_0011,2244-16-8__6485-40-1,2244-16-8,6485-40-1,CC1=CC[C@@H](CC1=O)C(=C)C,CC1=CC[C@H](CC1=O)C(=C)C,D-Carvone,(R)-Carvone,Homo sapiens,OR13F1,517.0,0.0,0.0,True,True,True,1.0,0.0,both non-responsive,Low,https://doi.org/10.1371/journal.pone.0267356,https://doi.org/10.1371/journal.pone.0267356,Multiple CAS hits; exact SMILES used to disambiguate.,,human_only,11
PAIR_0011,2244-16-8__6485-40-1,2244-16-8,6485-40-1,CC1=CC[C@@H](CC1=O)C(=C)C,CC1=CC[C@H](CC1=O)C(=C)C,D-Carvone,(R)-Carvone,Homo sapiens,OR13G1,468.0,0.0,0.0,True,True,True,1.0,0.0,both non-responsive,Low,https://doi.org/10.1371/journal.pone.0267356,https://doi.org/10.1371/journal.pone.0267356,Multiple CAS hits; exact SMILES used to disambiguate.,,human_only,11
PAIR_0011,2244-16-8__6485-40-1,2244-16-8,6485-40-1,CC1=CC[C@@H](CC1=O)C(=C)C,CC1=CC[C@H](CC1=O)C(=C)C,D-Carvone,(R)-Carvone,Homo sapiens,OR13H1,413.0,0.0,0.0,True,True,True,1.0,0.0,both non-responsive,Low,https://doi.org/10.1371/journal.pone.0267356,https://doi.org/10.1371/journal.pone.0267356,Multiple CAS hits; exact SMILES used to disambiguate.,,human_only,11
PAIR_0011,2244-16-8__6485-40-1,2244-16-8,6485-40-1,CC1=CC[C@@H](CC1=O)C(=C)C,CC1=CC[C@H](CC1=O)C(=C)C,D-Carvone,(R)-Carvone,Homo sapiens,OR13J1,884.0,0.0,0.0,True,True,True,1.0,0.0,both non-responsive,Low,https://doi.org/10.1371/journal.pone.0267356,https://doi.org/10.1371/journal.pone.0267356,Multiple CAS hits; exact SMILES used to disambiguate.,,human_only,11
PAIR_0011,2244-16-8__6485-40-1,2244-16-8,6485-40-1,CC1=CC[C@@H](CC1=O)C(=C)C,CC1=CC[C@H](CC1=O)C(=C)C,D-Carvone,(R)-Carvone,Homo sapiens,OR14A2,885.0,0.0,0.0,True,True,True,1.0,0.0,both non-responsive,Low,https://doi.org/10.1371/journal.pone.0267356,https://doi.org/10.1371/journal.pone.0267356,Multiple CAS hits; exact SMILES used to disambiguate.,,human_only,11
PAIR_0011,2244-16-8__6485-40-1,2244-16-8,6485-40-1,CC1=CC[C@@H](CC1=O)C(=C)C,CC1=CC[C@H](CC1=O)C(=C)C,D-Carvone,(R)-Carvone,Homo sapiens,OR14K1,890.0,0.0,0.0,True,True,True,1.0,0.0,both non-responsive,Low,https://doi.org/10.1371/journal.pone.0267356,https://doi.org/10.1371/journal.pone.0267356,Multiple CAS hits; exact SMILES used to disambiguate.,,human_only,11
PAIR_0011,2244-16-8__6485-40-1,2244-16-8,6485-40-1,CC1=CC[C@@H](CC1=O)C(=C)C,CC1=CC[C@H](CC1=O)C(=C)C,D-Carvone,(R)-Carvone,Homo sapiens,OR1B1,580.0,0.0,0.0,True,True,True,1.0,0.0,both non-responsive,Low,https://doi.org/10.1371/journal.pone.0267356,https://doi.org/10.1371/journal.pone.0267356,Multiple CAS hits; exact SMILES used to disambiguate.,,human_only,11
PAIR_0011,2244-16-8__6485-40-1,2244-16-8,6485-40-1,CC1=CC[C@@H](CC1=O)C(=C)C,CC1=CC[C@H](CC1=O)C(=C)C,D-Carvone,(R)-Carvone,Homo sapiens,OR1C1,34.0,0.0,0.0,True,True,True,1.0,0.0,both non-responsive,Low,https://doi.org/10.1371/journal.pone.0267356,https://doi.org/10.1371/journal.pone.0267356,Multiple CAS hits; exact SMILES used to disambiguate.,,human_only,11
PAIR_0011,2244-16-8__6485-40-1,2244-16-8,6485-40-1,CC1=CC[C@@H](CC1=O)C(=C)C,CC1=CC[C@H](CC1=O)C(=C)C,D-Carvone,(R)-Carvone,Homo sapiens,OR1D2,283.0,0.0,1.0,True,True,True,0.0,1.0,B only responsive,Low,https://doi.org/10.1371/journal.pone.0267356,https://doi.org/10.1371/journal.pone.0267356,Multiple CAS hits; exact SMILES used to disambiguate.,,human_only,11
PAIR_0011,2244-16-8__6485-40-1,2244-16-8,6485-40-1,CC1=CC[C@@H](CC1=O)C(=C)C,CC1=CC[C@H](CC1=O)C(=C)C,D-Carvone,(R)-Carvone,Homo sapiens,OR1D5,239.0,0.0,0.0,True,True,True,1.0,0.0,both non-responsive,Low,https://doi.org/10.1371/journal.pone.0267356,https://doi.org/10.1371/journal.pone.0267356,Multiple CAS hits; exact SMILES used to disambiguate.,,human_only,11
PAIR_0011,2244-16-8__6485-40-1,2244-16-8,6485-40-1,CC1=CC[C@@H](CC1=O)C(=C)C,CC1=CC[C@H](CC1=O)C(=C)C,D-Carvone,(R)-Carvone,Homo sapiens,OR1E1,627.0,0.0,0.0,True,True,True,1.0,0.0,both non-responsive,Low,https://doi.org/10.1371/journal.pone.0267356,https://doi.org/10.1371/journal.pone.0267356,Multiple CAS hits; exact SMILES used to disambiguate.,,human_only,11
PAIR_0011,2244-16-8__6485-40-1,2244-16-8,6485-40-1,CC1=CC[C@@H](CC1=O)C(=C)C,CC1=CC[C@H](CC1=O)C(=C)C,D-Carvone,(R)-Carvone,Homo sapiens,OR1E2,431.0,0.0,0.0,True,True,True,1.0,0.0,both non-responsive,Low,https://doi.org/10.1371/journal.pone.0267356,https://doi.org/10.1371/journal.pone.0267356,Multiple CAS hits; exact SMILES used to disambiguate.,,human_only,11
PAIR_0011,2244-16-8__6485-40-1,2244-16-8,6485-40-1,CC1=CC[C@@H](CC1=O)C(=C)C,CC1=CC[C@H](CC1=O)C(=C)C,D-Carvone,(R)-Carvone,Homo sapiens,OR1E3,1029.0,0.0,0.0,True,True,True,1.0,0.0,both non-responsive,Low,https://doi.org/10.1371/journal.pone.0267356,https://doi.org/10.1371/journal.pone.0267356,Multiple CAS hits; exact SMILES used to disambiguate.,,human_only,11
PAIR_0011,2244-16-8__6485-40-1,2244-16-8,6485-40-1,CC1=CC[C@@H](CC1=O)C(=C)C,CC1=CC[C@H](CC1=O)C(=C)C,D-Carvone,(R)-Carvone,Homo sapiens,OR1F1,525.0,0.0,0.0,True,True,True,1.0,0.0,both non-responsive,Low,https://doi.org/10.1371/journal.pone.0267356,https://doi.org/10.1371/journal.pone.0267356,Multiple CAS hits; exact SMILES used to disambiguate.,,human_only,11
PAIR_0011,2244-16-8__6485-40-1,2244-16-8,6485-40-1,CC1=CC[C@@H](CC1=O)C(=C)C,CC1=CC[C@H](CC1=O)C(=C)C,D-Carvone,(R)-Carvone,Homo sapiens,OR1G1,405.0,0.0,0.0,True,True,True,1.0,0.0,both non-responsive,Low,https://doi.org/10.1371/journal.pone.0267356,https://doi.org/10.1371/journal.pone.0267356,Multiple CAS hits; exact SMILES used to disambiguate.,,human_only,11
PAIR_0011,2244-16-8__6485-40-1,2244-16-8,6485-40-1,CC1=CC[C@@H](CC1=O)C(=C)C,CC1=CC[C@H](CC1=O)C(=C)C,D-Carvone,(R)-Carvone,Homo sapiens,OR1I1,629.0,0.0,0.0,True,True,True,1.0,0.0,both non-responsive,Low,https://doi.org/10.1371/journal.pone.0267356,https://doi.org/10.1371/journal.pone.0267356,Multiple CAS hits; exact SMILES used to disambiguate.,,human_only,11
PAIR_0011,2244-16-8__6485-40-1,2244-16-8,6485-40-1,CC1=CC[C@@H](CC1=O)C(=C)C,CC1=CC[C@H](CC1=O)C(=C)C,D-Carvone,(R)-Carvone,Homo sapiens,OR1J1,488.0,0.0,0.0,True,True,True,1.0,0.0,both non-responsive,Low,https://doi.org/10.1371/journal.pone.0267356,https://doi.org/10.1371/journal.pone.0267356,Multiple CAS hits; exact SMILES used to disambiguate.,,human_only,11
PAIR_0011,2244-16-8__6485-40-1,2244-16-8,6485-40-1,CC1=CC[C@@H](CC1=O)C(=C)C,CC1=CC[C@H](CC1=O)C(=C)C,D-Carvone,(R)-Carvone,Homo sapiens,OR1J2,365.0,0.0,0.0,True,True,True,1.0,0.0,both non-responsive,Low,https://doi.org/10.1371/journal.pone.0267356,https://doi.org/10.1371/journal.pone.0267356,Multiple CAS hits; exact SMILES used to disambiguate.,,human_only,11
PAIR_0011,2244-16-8__6485-40-1,2244-16-8,6485-40-1,CC1=CC[C@@H](CC1=O)C(=C)C,CC1=CC[C@H](CC1=O)C(=C)C,D-Carvone,(R)-Carvone,Homo sapiens,OR1J4,352.0,0.0,0.0,True,True,True,1.0,0.0,both non-responsive,Low,https://doi.org/10.1371/journal.pone.0267356,https://doi.org/10.1371/journal.pone.0267356,Multiple CAS hits; exact SMILES used to disambiguate.,,human_only,11
PAIR_0011,2244-16-8__6485-40-1,2244-16-8,6485-40-1,CC1=CC[C@@H](CC1=O)C(=C)C,CC1=CC[C@H](CC1=O)C(=C)C,D-Carvone,(R)-Carvone,Homo sapiens,OR1K1,70.0,0.0,0.0,True,True,True,1.0,0.0,both non-responsive,Low,https://doi.org/10.1371/journal.pone.0267356,https://doi.org/10.1371/journal.pone.0267356,Multiple CAS hits; exact SMILES used to disambiguate.,,human_only,11
PAIR_0011,2244-16-8__6485-40-1,2244-16-8,6485-40-1,CC1=CC[C@@H](CC1=O)C(=C)C,CC1=CC[C@H](CC1=O)C(=C)C,D-Carvone,(R)-Carvone,Homo sapiens,OR1L1,614.0,0.0,0.0,True,True,True,1.0,0.0,both non-responsive,Low,https://doi.org/10.1371/journal.pone.0267356,https://doi.org/10.1371/journal.pone.0267356,Multiple CAS hits; exact SMILES used to disambiguate.,,human_only,11
PAIR_0011,2244-16-8__6485-40-1,2244-16-8,6485-40-1,CC1=CC[C@@H](CC1=O)C(=C)C,CC1=CC[C@H](CC1=O)C(=C)C,D-Carvone,(R)-Carvone,Homo sapiens,OR1L3,71.0,0.0,0.0,True,True,True,1.0,0.0,both non-responsive,Low,https://doi.org/10.1371/journal.pone.0267356,https://doi.org/10.1371/journal.pone.0267356,Multiple CAS hits; exact SMILES used to disambiguate.,,human_only,11
PAIR_0011,2244-16-8__6485-40-1,2244-16-8,6485-40-1,CC1=CC[C@@H](CC1=O)C(=C)C,CC1=CC[C@H](CC1=O)C(=C)C,D-Carvone,(R)-Carvone,Homo sapiens,OR1L4,189.0,0.0,0.0,True,True,True,1.0,0.0,both non-responsive,Low,https://doi.org/10.1371/journal.pone.0267356,https://doi.org/10.1371/journal.pone.0267356,Multiple CAS hits; exact SMILES used to disambiguate.,,human_only,11
PAIR_0011,2244-16-8__6485-40-1,2244-16-8,6485-40-1,CC1=CC[C@@H](CC1=O)C(=C)C,CC1=CC[C@H](CC1=O)C(=C)C,D-Carvone,(R)-Carvone,Homo sapiens,OR1L6,952.0,0.0,0.0,True,True,True,1.0,0.0,both non-responsive,Low,https://doi.org/10.1371/journal.pone.0267356,https://doi.org/10.1371/journal.pone.0267356,Multiple CAS hits; exact SMILES used to disambiguate.,,human_only,11
PAIR_0011,2244-16-8__6485-40-1,2244-16-8,6485-40-1,CC1=CC[C@@H](CC1=O)C(=C)C,CC1=CC[C@H](CC1=O)C(=C)C,D-Carvone,(R)-Carvone,Homo sapiens,OR1L8,69.0,0.0,0.0,True,True,True,1.0,0.0,both non-responsive,Low,https://doi.org/10.1371/journal.pone.0267356,https://doi.org/10.1371/journal.pone.0267356,Multiple CAS hits; exact SMILES used to disambiguate.,,human_only,11
PAIR_0011,2244-16-8__6485-40-1,2244-16-8,6485-40-1,CC1=CC[C@@H](CC1=O)C(=C)C,CC1=CC[C@H](CC1=O)C(=C)C,D-Carvone,(R)-Carvone,Homo sapiens,OR1M1,632.0,0.0,0.0,True,True,True,1.0,0.0,both non-responsive,Low,https://doi.org/10.1371/journal.pone.0267356,https://doi.org/10.1371/journal.pone.0267356,Multiple CAS hits; exact SMILES used to disambiguate.,,human_only,11
PAIR_0011,2244-16-8__6485-40-1,2244-16-8,6485-40-1,CC1=CC[C@@H](CC1=O)C(=C)C,CC1=CC[C@H](CC1=O)C(=C)C,D-Carvone,(R)-Carvone,Homo sapiens,OR1N1,382.0,0.0,0.0,True,True,True,1.0,0.0,both non-responsive,Low,https://doi.org/10.1371/journal.pone.0267356,https://doi.org/10.1371/journal.pone.0267356,Multiple CAS hits; exact SMILES used to disambiguate.,,human_only,11
PAIR_0011,2244-16-8__6485-40-1,2244-16-8,6485-40-1,CC1=CC[C@@H](CC1=O)C(=C)C,CC1=CC[C@H](CC1=O)C(=C)C,D-Carvone,(R)-Carvone,Homo sapiens,OR1N2,633.0,0.0,0.0,True,True,True,1.0,0.0,both non-responsive,Low,https://doi.org/10.1371/journal.pone.0267356,https://doi.org/10.1371/journal.pone.0267356,Multiple CAS hits; exact SMILES used to disambiguate.,,human_only,11
PAIR_0011,2244-16-8__6485-40-1,2244-16-8,6485-40-1,CC1=CC[C@@H](CC1=O)C(=C)C,CC1=CC[C@H](CC1=O)C(=C)C,D-Carvone,(R)-Carvone,Homo sapiens,OR1P1,320.0,0.0,0.0,True,True,True,1.0,0.0,both non-responsive,Low,https://doi.org/10.1371/journal.pone.0267356,https://doi.org/10.1371/journal.pone.0267356,Multiple CAS hits; exact SMILES used to disambiguate.,,human_only,11
PAIR_0011,2244-16-8__6485-40-1,2244-16-8,6485-40-1,CC1=CC[C@@H](CC1=O)C(=C)C,CC1=CC[C@H](CC1=O)C(=C)C,D-Carvone,(R)-Carvone,Homo sapiens,OR1Q1,533.0,0.0,0.0,True,True,True,1.0,0.0,both non-responsive,Low,https://doi.org/10.1371/journal.pone.0267356,https://doi.org/10.1371/journal.pone.0267356,Multiple CAS hits; exact SMILES used to disambiguate.,,human_only,11
PAIR_0011,2244-16-8__6485-40-1,2244-16-8,6485-40-1,CC1=CC[C@@H](CC1=O)C(=C)C,CC1=CC[C@H](CC1=O)C(=C)C,D-Carvone,(R)-Carvone,Homo sapiens,OR1S1,635.0,0.0,0.0,True,True,True,1.0,0.0,both non-responsive,Low,https://doi.org/10.1371/journal.pone.0267356,https://doi.org/10.1371/journal.pone.0267356,Multiple CAS hits; exact SMILES used to disambiguate.,,human_only,11
PAIR_0011,2244-16-8__6485-40-1,2244-16-8,6485-40-1,CC1=CC[C@@H](CC1=O)C(=C)C,CC1=CC[C@H](CC1=O)C(=C)C,D-Carvone,(R)-Carvone,Homo sapiens,OR1S2,636.0,0.0,0.0,True,True,True,1.0,0.0,both non-responsive,Low,https://doi.org/10.1371/journal.pone.0267356,https://doi.org/10.1371/journal.pone.0267356,Multiple CAS hits; exact SMILES used to disambiguate.,,human_only,11
PAIR_0011,2244-16-8__6485-40-1,2244-16-8,6485-40-1,CC1=CC[C@@H](CC1=O)C(=C)C,CC1=CC[C@H](CC1=O)C(=C)C,D-Carvone,(R)-Carvone,Homo sapiens,OR2A12,67.0,0.0,0.0,True,True,True,1.0,0.0,both non-responsive,Low,https://doi.org/10.1371/journal.pone.0267356,https://doi.org/10.1371/journal.pone.0267356,Multiple CAS hits; exact SMILES used to disambiguate.,,human_only,11
PAIR_0011,2244-16-8__6485-40-1,2244-16-8,6485-40-1,CC1=CC[C@@H](CC1=O)C(=C)C,CC1=CC[C@H](CC1=O)C(=C)C,D-Carvone,(R)-Carvone,Homo sapiens,OR2A14,66.0,0.0,0.0,True,True,True,1.0,0.0,both non-responsive,Low,https://doi.org/10.1371/journal.pone.0267356,https://doi.org/10.1371/journal.pone.0267356,Multiple CAS hits; exact SMILES used to disambiguate.,,human_only,11
PAIR_0011,2244-16-8__6485-40-1,2244-16-8,6485-40-1,CC1=CC[C@@H](CC1=O)C(=C)C,CC1=CC[C@H](CC1=O)C(=C)C,D-Carvone,(R)-Carvone,Homo sapiens,OR2A2,394.0,0.0,0.0,True,True,True,1.0,0.0,both non-responsive,Low,https://doi.org/10.1371/journal.pone.0267356,https://doi.org/10.1371/journal.pone.0267356,Multiple CAS hits; exact SMILES used to disambiguate.,,human_only,11
PAIR_0011,2244-16-8__6485-40-1,2244-16-8,6485-40-1,CC1=CC[C@@H](CC1=O)C(=C)C,CC1=CC[C@H](CC1=O)C(=C)C,D-Carvone,(R)-Carvone,Homo sapiens,OR2A25,302.0,0.0,0.0,True,True,True,1.0,0.0,both non-responsive,Low,https://doi.org/10.1371/journal.pone.0267356,https://doi.org/10.1371/journal.pone.0267356,Multiple CAS hits; exact SMILES used to disambiguate.,,human_only,11
PAIR_0011,2244-16-8__6485-40-1,2244-16-8,6485-40-1,CC1=CC[C@@H](CC1=O)C(=C)C,CC1=CC[C@H](CC1=O)C(=C)C,D-Carvone,(R)-Carvone,Homo sapiens,OR2A4,299.0,0.0,0.0,True,True,True,1.0,0.0,both non-responsive,Low,https://doi.org/10.1371/journal.pone.0267356,https://doi.org/10.1371/journal.pone.0267356,Multiple CAS hits; exact SMILES used to disambiguate.,,human_only,11
PAIR_0011,2244-16-8__6485-40-1,2244-16-8,6485-40-1,CC1=CC[C@@H](CC1=O)C(=C)C,CC1=CC[C@H](CC1=O)C(=C)C,D-Carvone,(R)-Carvone,Homo sapiens,OR2A42,1248.0,,0.0,False,True,False,,,A untested / B tested,Low,,https://doi.org/10.1371/journal.pone.0267356,Multiple CAS hits; exact SMILES used to disambiguate.,a_untested,human_only,11
PAIR_0011,2244-16-8__6485-40-1,2244-16-8,6485-40-1,CC1=CC[C@@H](CC1=O)C(=C)C,CC1=CC[C@H](CC1=O)C(=C)C,D-Carvone,(R)-Carvone,Homo sapiens,OR2A42 | OR2A1,4.0,0.0,0.0,True,True,True,1.0,0.0,both non-responsive,Medium,https://doi.org/10.1021/acs.biochem.8b01208 | https://doi.org/10.1371/journal.pone.0267356,https://doi.org/10.1371/journal.pone.0267356,Multiple CAS hits; exact SMILES used to disambiguate.,,human_only,11
PAIR_0011,2244-16-8__6485-40-1,2244-16-8,6485-40-1,CC1=CC[C@@H](CC1=O)C(=C)C,CC1=CC[C@H](CC1=O)C(=C)C,D-Carvone,(R)-Carvone,Homo sapiens,OR2A5,359.0,0.0,0.0,True,True,True,1.0,0.0,both non-responsive,Low,https://doi.org/10.1371/journal.pone.0267356,https://doi.org/10.1371/journal.pone.0267356,Multiple CAS hits; exact SMILES used to disambiguate.,,human_only,11
PAIR_0011,2244-16-8__6485-40-1,2244-16-8,6485-40-1,CC1=CC[C@@H](CC1=O)C(=C)C,CC1=CC[C@H](CC1=O)C(=C)C,D-Carvone,(R)-Carvone,Homo sapiens,OR2A7,5.0,0.0,0.0,True,True,True,1.0,0.0,both non-responsive,Medium,https://doi.org/10.1021/acs.biochem.8b01208 | https://doi.org/10.1371/journal.pone.0267356,https://doi.org/10.1371/journal.pone.0267356,Multiple CAS hits; exact SMILES used to disambiguate.,,human_only,11
PAIR_0011,2244-16-8__6485-40-1,2244-16-8,6485-40-1,CC1=CC[C@@H](CC1=O)C(=C)C,CC1=CC[C@H](CC1=O)C(=C)C,D-Carvone,(R)-Carvone,Homo sapiens,OR2AE1,642.0,0.0,0.0,True,True,True,1.0,0.0,both non-responsive,Low,https://doi.org/10.1371/journal.pone.0267356,https://doi.org/10.1371/journal.pone.0267356,Multiple CAS hits; exact SMILES used to disambiguate.,,human_only,11
PAIR_0011,2244-16-8__6485-40-1,2244-16-8,6485-40-1,CC1=CC[C@@H](CC1=O)C(=C)C,CC1=CC[C@H](CC1=O)C(=C)C,D-Carvone,(R)-Carvone,Homo sapiens,OR2AG1,85.0,0.0,0.0,True,True,True,1.0,0.0,both non-responsive,Low,https://doi.org/10.1371/journal.pone.0267356,https://doi.org/10.1371/journal.pone.0267356,Multiple CAS hits; exact SMILES used to disambiguate.,,human_only,11
PAIR_0011,2244-16-8__6485-40-1,2244-16-8,6485-40-1,CC1=CC[C@@H](CC1=O)C(=C)C,CC1=CC[C@H](CC1=O)C(=C)C,D-Carvone,(R)-Carvone,Homo sapiens,OR2AG2,427.0,0.0,0.0,True,True,True,1.0,0.0,both non-responsive,Low,https://doi.org/10.1371/journal.pone.0267356,https://doi.org/10.1371/journal.pone.0267356,Multiple CAS hits; exact SMILES used to disambiguate.,,human_only,11
PAIR_0011,2244-16-8__6485-40-1,2244-16-8,6485-40-1,CC1=CC[C@@H](CC1=O)C(=C)C,CC1=CC[C@H](CC1=O)C(=C)C,D-Carvone,(R)-Carvone,Homo sapiens,OR2AJ1,964.0,0.0,0.0,True,True,True,1.0,0.0,both non-responsive,Low,https://doi.org/10.1371/journal.pone.0267356,https://doi.org/10.1371/journal.pone.0267356,Multiple CAS hits; exact SMILES used to disambiguate.,,human_only,11
PAIR_0011,2244-16-8__6485-40-1,2244-16-8,6485-40-1,CC1=CC[C@@H](CC1=O)C(=C)C,CC1=CC[C@H](CC1=O)C(=C)C,D-Carvone,(R)-Carvone,Homo sapiens,OR2AK2,644.0,0.0,0.0,True,True,True,1.0,0.0,both non-responsive,Low,https://doi.org/10.1371/journal.pone.0267356,https://doi.org/10.1371/journal.pone.0267356,Multiple CAS hits; exact SMILES used to disambiguate.,,human_only,11
PAIR_0011,2244-16-8__6485-40-1,2244-16-8,6485-40-1,CC1=CC[C@@H](CC1=O)C(=C)C,CC1=CC[C@H](CC1=O)C(=C)C,D-Carvone,(R)-Carvone,Homo sapiens,OR2AT4,436.0,0.0,0.0,True,True,True,1.0,0.0,both non-responsive,Low,https://doi.org/10.1371/journal.pone.0267356,https://doi.org/10.1371/journal.pone.0267356,Multiple CAS hits; exact SMILES used to disambiguate.,,human_only,11
PAIR_0011,2244-16-8__6485-40-1,2244-16-8,6485-40-1,CC1=CC[C@@H](CC1=O)C(=C)C,CC1=CC[C@H](CC1=O)C(=C)C,D-Carvone,(R)-Carvone,Homo sapiens,OR2B11,339.0,0.0,0.0,True,True,True,1.0,0.0,both non-responsive,Low,https://doi.org/10.1371/journal.pone.0267356,https://doi.org/10.1371/journal.pone.0267356,Multiple CAS hits; exact SMILES used to disambiguate.,,human_only,11
PAIR_0011,2244-16-8__6485-40-1,2244-16-8,6485-40-1,CC1=CC[C@@H](CC1=O)C(=C)C,CC1=CC[C@H](CC1=O)C(=C)C,D-Carvone,(R)-Carvone,Homo sapiens,OR2B2,150.0,0.0,0.0,True,True,True,1.0,0.0,both non-responsive,Low,https://doi.org/10.1371/journal.pone.0267356,https://doi.org/10.1371/journal.pone.0267356,Multiple CAS hits; exact SMILES used to disambiguate.,,human_only,11
PAIR_0011,2244-16-8__6485-40-1,2244-16-8,6485-40-1,CC1=CC[C@@H](CC1=O)C(=C)C,CC1=CC[C@H](CC1=O)C(=C)C,D-Carvone,(R)-Carvone,Homo sapiens,OR2B3,48.0,0.0,0.0,True,True,True,1.0,0.0,both non-responsive,Low,https://doi.org/10.1371/journal.pone.0267356,https://doi.org/10.1371/journal.pone.0267356,Multiple CAS hits; exact SMILES used to disambiguate.,,human_only,11
PAIR_0011,2244-16-8__6485-40-1,2244-16-8,6485-40-1,CC1=CC[C@@H](CC1=O)C(=C)C,CC1=CC[C@H](CC1=O)C(=C)C,D-Carvone,(R)-Carvone,Homo sapiens,OR2B6,358.0,0.0,0.0,True,True,True,1.0,0.0,both non-responsive,Low,https://doi.org/10.1371/journal.pone.0267356,https://doi.org/10.1371/journal.pone.0267356,Multiple CAS hits; exact SMILES used to disambiguate.,,human_only,11
PAIR_0011,2244-16-8__6485-40-1,2244-16-8,6485-40-1,CC1=CC[C@@H](CC1=O)C(=C)C,CC1=CC[C@H](CC1=O)C(=C)C,D-Carvone,(R)-Carvone,Homo sapiens,OR2C3,537.0,0.0,0.0,True,True,True,1.0,0.0,both non-responsive,Low,https://doi.org/10.1371/journal.pone.0267356,https://doi.org/10.1371/journal.pone.0267356,Multiple CAS hits; exact SMILES used to disambiguate.,,human_only,11
PAIR_0011,2244-16-8__6485-40-1,2244-16-8,6485-40-1,CC1=CC[C@@H](CC1=O)C(=C)C,CC1=CC[C@H](CC1=O)C(=C)C,D-Carvone,(R)-Carvone,Homo sapiens,OR2D2,193.0,0.0,0.0,True,True,True,1.0,0.0,both non-responsive,Low,https://doi.org/10.1371/journal.pone.0267356,https://doi.org/10.1371/journal.pone.0267356,Multiple CAS hits; exact SMILES used to disambiguate.,,human_only,11
PAIR_0011,2244-16-8__6485-40-1,2244-16-8,6485-40-1,CC1=CC[C@@H](CC1=O)C(=C)C,CC1=CC[C@H](CC1=O)C(=C)C,D-Carvone,(R)-Carvone,Homo sapiens,OR2D3,648.0,0.0,0.0,True,True,True,1.0,0.0,both non-responsive,Low,https://doi.org/10.1371/journal.pone.0267356,https://doi.org/10.1371/journal.pone.0267356,Multiple CAS hits; exact SMILES used to disambiguate.,,human_only,11
PAIR_0011,2244-16-8__6485-40-1,2244-16-8,6485-40-1,CC1=CC[C@@H](CC1=O)C(=C)C,CC1=CC[C@H](CC1=O)C(=C)C,D-Carvone,(R)-Carvone,Homo sapiens,OR2F1,65.0,0.0,0.0,True,True,True,1.0,0.0,both non-responsive,Low,https://doi.org/10.1371/journal.pone.0267356,https://doi.org/10.1371/journal.pone.0267356,Multiple CAS hits; exact SMILES used to disambiguate.,,human_only,11
PAIR_0011,2244-16-8__6485-40-1,2244-16-8,6485-40-1,CC1=CC[C@@H](CC1=O)C(=C)C,CC1=CC[C@H](CC1=O)C(=C)C,D-Carvone,(R)-Carvone,Homo sapiens,OR2F2,650.0,0.0,0.0,True,True,True,1.0,0.0,both non-responsive,Low,https://doi.org/10.1371/journal.pone.0267356,https://doi.org/10.1371/journal.pone.0267356,Multiple CAS hits; exact SMILES used to disambiguate.,,human_only,11
PAIR_0011,2244-16-8__6485-40-1,2244-16-8,6485-40-1,CC1=CC[C@@H](CC1=O)C(=C)C,CC1=CC[C@H](CC1=O)C(=C)C,D-Carvone,(R)-Carvone,Homo sapiens,OR2G2,651.0,0.0,0.0,True,True,True,1.0,0.0,both non-responsive,Low,https://doi.org/10.1371/journal.pone.0267356,https://doi.org/10.1371/journal.pone.0267356,Multiple CAS hits; exact SMILES used to disambiguate.,,human_only,11
PAIR_0011,2244-16-8__6485-40-1,2244-16-8,6485-40-1,CC1=CC[C@@H](CC1=O)C(=C)C,CC1=CC[C@H](CC1=O)C(=C)C,D-Carvone,(R)-Carvone,Homo sapiens,OR2G3,292.0,0.0,0.0,True,True,True,1.0,0.0,both non-responsive,Low,https://doi.org/10.1371/journal.pone.0267356,https://doi.org/10.1371/journal.pone.0267356,Multiple CAS hits; exact SMILES used to disambiguate.,,human_only,11
PAIR_0011,2244-16-8__6485-40-1,2244-16-8,6485-40-1,CC1=CC[C@@H](CC1=O)C(=C)C,CC1=CC[C@H](CC1=O)C(=C)C,D-Carvone,(R)-Carvone,Homo sapiens,OR2G6,404.0,0.0,0.0,True,True,True,1.0,0.0,both non-responsive,Low,https://doi.org/10.1371/journal.pone.0267356,https://doi.org/10.1371/journal.pone.0267356,Multiple CAS hits; exact SMILES used to disambiguate.,,human_only,11
PAIR_0011,2244-16-8__6485-40-1,2244-16-8,6485-40-1,CC1=CC[C@@H](CC1=O)C(=C)C,CC1=CC[C@H](CC1=O)C(=C)C,D-Carvone,(R)-Carvone,Homo sapiens,OR2H1,311.0,0.0,0.0,True,True,True,1.0,0.0,both non-responsive,Low,https://doi.org/10.1371/journal.pone.0267356,https://doi.org/10.1371/journal.pone.0267356,Multiple CAS hits; exact SMILES used to disambiguate.,,human_only,11
PAIR_0011,2244-16-8__6485-40-1,2244-16-8,6485-40-1,CC1=CC[C@@H](CC1=O)C(=C)C,CC1=CC[C@H](CC1=O)C(=C)C,D-Carvone,(R)-Carvone,Homo sapiens,OR2H2,527.0,0.0,0.0,True,True,True,1.0,0.0,both non-responsive,Low,https://doi.org/10.1371/journal.pone.0267356,https://doi.org/10.1371/journal.pone.0267356,Multiple CAS hits; exact SMILES used to disambiguate.,,human_only,11
PAIR_0011,2244-16-8__6485-40-1,2244-16-8,6485-40-1,CC1=CC[C@@H](CC1=O)C(=C)C,CC1=CC[C@H](CC1=O)C(=C)C,D-Carvone,(R)-Carvone,Homo sapiens,OR2J1,194.0,0.0,0.0,True,True,True,1.0,0.0,both non-responsive,Low,https://doi.org/10.1371/journal.pone.0267356,https://doi.org/10.1371/journal.pone.0267356,Multiple CAS hits; exact SMILES used to disambiguate.,,human_only,11
PAIR_0011,2244-16-8__6485-40-1,2244-16-8,6485-40-1,CC1=CC[C@@H](CC1=O)C(=C)C,CC1=CC[C@H](CC1=O)C(=C)C,D-Carvone,(R)-Carvone,Homo sapiens,OR2J3,482.0,0.0,0.0,True,True,True,1.0,0.0,both non-responsive,Low,https://doi.org/10.1371/journal.pone.0267356,https://doi.org/10.1371/journal.pone.0267356,Multiple CAS hits; exact SMILES used to disambiguate.,,human_only,11
PAIR_0011,2244-16-8__6485-40-1,2244-16-8,6485-40-1,CC1=CC[C@@H](CC1=O)C(=C)C,CC1=CC[C@H](CC1=O)C(=C)C,D-Carvone,(R)-Carvone,Homo sapiens,OR2K2,373.0,0.0,0.0,True,True,True,1.0,0.0,both non-responsive,Low,https://doi.org/10.1371/journal.pone.0267356,https://doi.org/10.1371/journal.pone.0267356,Multiple CAS hits; exact SMILES used to disambiguate.,,human_only,11
PAIR_0011,2244-16-8__6485-40-1,2244-16-8,6485-40-1,CC1=CC[C@@H](CC1=O)C(=C)C,CC1=CC[C@H](CC1=O)C(=C)C,D-Carvone,(R)-Carvone,Homo sapiens,OR2L13,6.0,0.0,0.0,True,True,True,1.0,0.0,both non-responsive,Medium,https://doi.org/10.1021/acs.biochem.8b01208 | https://doi.org/10.1371/journal.pone.0267356,https://doi.org/10.1371/journal.pone.0267356,Multiple CAS hits; exact SMILES used to disambiguate.,,human_only,11
PAIR_0011,2244-16-8__6485-40-1,2244-16-8,6485-40-1,CC1=CC[C@@H](CC1=O)C(=C)C,CC1=CC[C@H](CC1=O)C(=C)C,D-Carvone,(R)-Carvone,Homo sapiens,OR2L2,383.0,0.0,0.0,True,True,True,1.0,0.0,both non-responsive,Low,https://doi.org/10.1371/journal.pone.0267356,https://doi.org/10.1371/journal.pone.0267356,Multiple CAS hits; exact SMILES used to disambiguate.,,human_only,11
PAIR_0011,2244-16-8__6485-40-1,2244-16-8,6485-40-1,CC1=CC[C@@H](CC1=O)C(=C)C,CC1=CC[C@H](CC1=O)C(=C)C,D-Carvone,(R)-Carvone,Homo sapiens,OR2L3,655.0,0.0,0.0,True,True,True,1.0,0.0,both non-responsive,Low,https://doi.org/10.1371/journal.pone.0267356,https://doi.org/10.1371/journal.pone.0267356,Multiple CAS hits; exact SMILES used to disambiguate.,,human_only,11
PAIR_0011,2244-16-8__6485-40-1,2244-16-8,6485-40-1,CC1=CC[C@@H](CC1=O)C(=C)C,CC1=CC[C@H](CC1=O)C(=C)C,D-Carvone,(R)-Carvone,Homo sapiens,OR2L5,489.0,0.0,0.0,True,True,True,1.0,0.0,both non-responsive,Low,https://doi.org/10.1371/journal.pone.0267356,https://doi.org/10.1371/journal.pone.0267356,Multiple CAS hits; exact SMILES used to disambiguate.,,human_only,11
PAIR_0011,2244-16-8__6485-40-1,2244-16-8,6485-40-1,CC1=CC[C@@H](CC1=O)C(=C)C,CC1=CC[C@H](CC1=O)C(=C)C,D-Carvone,(R)-Carvone,Homo sapiens,OR2L8,656.0,0.0,0.0,True,True,True,1.0,0.0,both non-responsive,Low,https://doi.org/10.1371/journal.pone.0267356,https://doi.org/10.1371/journal.pone.0267356,Multiple CAS hits; exact SMILES used to disambiguate.,,human_only,11
PAIR_0011,2244-16-8__6485-40-1,2244-16-8,6485-40-1,CC1=CC[C@@H](CC1=O)C(=C)C,CC1=CC[C@H](CC1=O)C(=C)C,D-Carvone,(R)-Carvone,Homo sapiens,OR2M2,565.0,0.0,0.0,True,True,True,1.0,0.0,both non-responsive,Low,https://doi.org/10.1371/journal.pone.0267356,https://doi.org/10.1371/journal.pone.0267356,Multiple CAS hits; exact SMILES used to disambiguate.,,human_only,11
PAIR_0011,2244-16-8__6485-40-1,2244-16-8,6485-40-1,CC1=CC[C@@H](CC1=O)C(=C)C,CC1=CC[C@H](CC1=O)C(=C)C,D-Carvone,(R)-Carvone,Homo sapiens,OR2M3,40.0,0.0,0.0,True,True,True,1.0,0.0,both non-responsive,Low,https://doi.org/10.1371/journal.pone.0267356,https://doi.org/10.1093/chemse/bjw118 | https://doi.org/10.1371/journal.pone.0267356,Multiple CAS hits; exact SMILES used to disambiguate.,,human_only,11
PAIR_0011,2244-16-8__6485-40-1,2244-16-8,6485-40-1,CC1=CC[C@@H](CC1=O)C(=C)C,CC1=CC[C@H](CC1=O)C(=C)C,D-Carvone,(R)-Carvone,Homo sapiens,OR2M4,39.0,0.0,0.0,True,True,True,1.0,0.0,both non-responsive,Low,https://doi.org/10.1371/journal.pone.0267356,https://doi.org/10.1371/journal.pone.0267356,Multiple CAS hits; exact SMILES used to disambiguate.,,human_only,11
PAIR_0011,2244-16-8__6485-40-1,2244-16-8,6485-40-1,CC1=CC[C@@H](CC1=O)C(=C)C,CC1=CC[C@H](CC1=O)C(=C)C,D-Carvone,(R)-Carvone,Homo sapiens,OR2M5,657.0,0.0,0.0,True,True,True,1.0,0.0,both non-responsive,Low,https://doi.org/10.1371/journal.pone.0267356,https://doi.org/10.1371/journal.pone.0267356,Multiple CAS hits; exact SMILES used to disambiguate.,,human_only,11
PAIR_0011,2244-16-8__6485-40-1,2244-16-8,6485-40-1,CC1=CC[C@@H](CC1=O)C(=C)C,CC1=CC[C@H](CC1=O)C(=C)C,D-Carvone,(R)-Carvone,Homo sapiens,OR2S2,659.0,0.0,0.0,True,True,True,1.0,0.0,both non-responsive,Low,https://doi.org/10.1371/journal.pone.0267356,https://doi.org/10.1371/journal.pone.0267356,Multiple CAS hits; exact SMILES used to disambiguate.,,human_only,11
PAIR_0011,2244-16-8__6485-40-1,2244-16-8,6485-40-1,CC1=CC[C@@H](CC1=O)C(=C)C,CC1=CC[C@H](CC1=O)C(=C)C,D-Carvone,(R)-Carvone,Homo sapiens,OR2T1,531.0,0.0,0.0,True,True,True,1.0,0.0,both non-responsive,Low,https://doi.org/10.1371/journal.pone.0267356,https://doi.org/10.1371/journal.pone.0267356,Multiple CAS hits; exact SMILES used to disambiguate.,,human_only,11
PAIR_0011,2244-16-8__6485-40-1,2244-16-8,6485-40-1,CC1=CC[C@@H](CC1=O)C(=C)C,CC1=CC[C@H](CC1=O)C(=C)C,D-Carvone,(R)-Carvone,Homo sapiens,OR2T10,36.0,0.0,0.0,True,True,True,1.0,0.0,both non-responsive,Low,https://doi.org/10.1371/journal.pone.0267356,https://doi.org/10.1371/journal.pone.0267356,Multiple CAS hits; exact SMILES used to disambiguate.,,human_only,11
PAIR_0011,2244-16-8__6485-40-1,2244-16-8,6485-40-1,CC1=CC[C@@H](CC1=O)C(=C)C,CC1=CC[C@H](CC1=O)C(=C)C,D-Carvone,(R)-Carvone,Homo sapiens,OR2T11,660.0,0.0,0.0,True,True,True,1.0,0.0,both non-responsive,Low,https://doi.org/10.1371/journal.pone.0267356,https://doi.org/10.1371/journal.pone.0267356,Multiple CAS hits; exact SMILES used to disambiguate.,,human_only,11
PAIR_0011,2244-16-8__6485-40-1,2244-16-8,6485-40-1,CC1=CC[C@@H](CC1=O)C(=C)C,CC1=CC[C@H](CC1=O)C(=C)C,D-Carvone,(R)-Carvone,Homo sapiens,OR2T12,661.0,0.0,0.0,True,True,True,1.0,0.0,both non-responsive,Low,https://doi.org/10.1371/journal.pone.0267356,https://doi.org/10.1371/journal.pone.0267356,Multiple CAS hits; exact SMILES used to disambiguate.,,human_only,11
PAIR_0011,2244-16-8__6485-40-1,2244-16-8,6485-40-1,CC1=CC[C@@H](CC1=O)C(=C)C,CC1=CC[C@H](CC1=O)C(=C)C,D-Carvone,(R)-Carvone,Homo sapiens,OR2T2,662.0,0.0,0.0,True,True,True,1.0,0.0,both non-responsive,Low,https://doi.org/10.1371/journal.pone.0267356,https://doi.org/10.1371/journal.pone.0267356,Multiple CAS hits; exact SMILES used to disambiguate.,,human_only,11
PAIR_0011,2244-16-8__6485-40-1,2244-16-8,6485-40-1,CC1=CC[C@@H](CC1=O)C(=C)C,CC1=CC[C@H](CC1=O)C(=C)C,D-Carvone,(R)-Carvone,Homo sapiens,OR2T27,666.0,0.0,0.0,True,True,True,1.0,0.0,both non-responsive,Low,https://doi.org/10.1371/journal.pone.0267356,https://doi.org/10.1371/journal.pone.0267356,Multiple CAS hits; exact SMILES used to disambiguate.,,human_only,11
PAIR_0011,2244-16-8__6485-40-1,2244-16-8,6485-40-1,CC1=CC[C@@H](CC1=O)C(=C)C,CC1=CC[C@H](CC1=O)C(=C)C,D-Carvone,(R)-Carvone,Homo sapiens,OR2T29,668.0,0.0,0.0,True,True,True,1.0,0.0,both non-responsive,Low,https://doi.org/10.1371/journal.pone.0267356,https://doi.org/10.1371/journal.pone.0267356,Multiple CAS hits; exact SMILES used to disambiguate.,,human_only,11
PAIR_0011,2244-16-8__6485-40-1,2244-16-8,6485-40-1,CC1=CC[C@@H](CC1=O)C(=C)C,CC1=CC[C@H](CC1=O)C(=C)C,D-Carvone,(R)-Carvone,Homo sapiens,OR2T3,317.0,0.0,0.0,True,True,True,1.0,0.0,both non-responsive,Low,https://doi.org/10.1371/journal.pone.0267356,https://doi.org/10.1371/journal.pone.0267356,Multiple CAS hits; exact SMILES used to disambiguate.,,human_only,11
PAIR_0011,2244-16-8__6485-40-1,2244-16-8,6485-40-1,CC1=CC[C@@H](CC1=O)C(=C)C,CC1=CC[C@H](CC1=O)C(=C)C,D-Carvone,(R)-Carvone,Homo sapiens,OR2T33,674.0,0.0,0.0,True,True,True,1.0,0.0,both non-responsive,Low,https://doi.org/10.1371/journal.pone.0267356,https://doi.org/10.1371/journal.pone.0267356,Multiple CAS hits; exact SMILES used to disambiguate.,,human_only,11
PAIR_0011,2244-16-8__6485-40-1,2244-16-8,6485-40-1,CC1=CC[C@@H](CC1=O)C(=C)C,CC1=CC[C@H](CC1=O)C(=C)C,D-Carvone,(R)-Carvone,Homo sapiens,OR2T34,677.0,0.0,0.0,True,True,True,1.0,0.0,both non-responsive,Low,https://doi.org/10.1371/journal.pone.0267356,https://doi.org/10.1371/journal.pone.0267356,Multiple CAS hits; exact SMILES used to disambiguate.,,human_only,11
PAIR_0011,2244-16-8__6485-40-1,2244-16-8,6485-40-1,CC1=CC[C@@H](CC1=O)C(=C)C,CC1=CC[C@H](CC1=O)C(=C)C,D-Carvone,(R)-Carvone,Homo sapiens,OR2T4,8.0,0.0,0.0,True,True,True,1.0,0.0,both non-responsive,Medium,https://doi.org/10.1021/acs.biochem.8b01208 | https://doi.org/10.1371/journal.pone.0267356,https://doi.org/10.1371/journal.pone.0267356,Multiple CAS hits; exact SMILES used to disambiguate.,,human_only,11
PAIR_0011,2244-16-8__6485-40-1,2244-16-8,6485-40-1,CC1=CC[C@@H](CC1=O)C(=C)C,CC1=CC[C@H](CC1=O)C(=C)C,D-Carvone,(R)-Carvone,Homo sapiens,OR2T5,681.0,0.0,0.0,True,True,True,1.0,0.0,both non-responsive,Low,https://doi.org/10.1371/journal.pone.0267356,https://doi.org/10.1371/journal.pone.0267356,Multiple CAS hits; exact SMILES used to disambiguate.,,human_only,11
PAIR_0011,2244-16-8__6485-40-1,2244-16-8,6485-40-1,CC1=CC[C@@H](CC1=O)C(=C)C,CC1=CC[C@H](CC1=O)C(=C)C,D-Carvone,(R)-Carvone,Homo sapiens,OR2T6,684.0,0.0,0.0,True,True,True,1.0,0.0,both non-responsive,Low,https://doi.org/10.1371/journal.pone.0267356,https://doi.org/10.1371/journal.pone.0267356,Multiple CAS hits; exact SMILES used to disambiguate.,,human_only,11
PAIR_0011,2244-16-8__6485-40-1,2244-16-8,6485-40-1,CC1=CC[C@@H](CC1=O)C(=C)C,CC1=CC[C@H](CC1=O)C(=C)C,D-Carvone,(R)-Carvone,Homo sapiens,OR2T8,687.0,0.0,0.0,True,True,True,1.0,0.0,both non-responsive,Low,https://doi.org/10.1371/journal.pone.0267356,https://doi.org/10.1371/journal.pone.0267356,Multiple CAS hits; exact SMILES used to disambiguate.,,human_only,11
PAIR_0011,2244-16-8__6485-40-1,2244-16-8,6485-40-1,CC1=CC[C@@H](CC1=O)C(=C)C,CC1=CC[C@H](CC1=O)C(=C)C,D-Carvone,(R)-Carvone,Homo sapiens,OR2V2,688.0,0.0,0.0,True,True,True,1.0,0.0,both non-responsive,Low,https://doi.org/10.1371/journal.pone.0267356,https://doi.org/10.1371/journal.pone.0267356,Multiple CAS hits; exact SMILES used to disambiguate.,,human_only,11
PAIR_0011,2244-16-8__6485-40-1,2244-16-8,6485-40-1,CC1=CC[C@@H](CC1=O)C(=C)C,CC1=CC[C@H](CC1=O)C(=C)C,D-Carvone,(R)-Carvone,Homo sapiens,OR2W3,9.0,0.0,0.0,True,True,True,1.0,0.0,both non-responsive,Medium,https://doi.org/10.1021/acs.biochem.8b01208 | https://doi.org/10.1371/journal.pone.0267356,https://doi.org/10.1371/journal.pone.0267356,Multiple CAS hits; exact SMILES used to disambiguate.,,human_only,11
PAIR_0011,2244-16-8__6485-40-1,2244-16-8,6485-40-1,CC1=CC[C@@H](CC1=O)C(=C)C,CC1=CC[C@H](CC1=O)C(=C)C,D-Carvone,(R)-Carvone,Homo sapiens,OR2W5,422.0,0.0,0.0,True,True,True,1.0,0.0,both non-responsive,Low,https://doi.org/10.1371/journal.pone.0267356,https://doi.org/10.1371/journal.pone.0267356,Multiple CAS hits; exact SMILES used to disambiguate.,,human_only,11
PAIR_0011,2244-16-8__6485-40-1,2244-16-8,6485-40-1,CC1=CC[C@@H](CC1=O)C(=C)C,CC1=CC[C@H](CC1=O)C(=C)C,D-Carvone,(R)-Carvone,Homo sapiens,OR2Z1,243.0,0.0,0.0,True,True,True,1.0,0.0,both non-responsive,Low,https://doi.org/10.1371/journal.pone.0267356,https://doi.org/10.1371/journal.pone.0267356,Multiple CAS hits; exact SMILES used to disambiguate.,,human_only,11
PAIR_0011,2244-16-8__6485-40-1,2244-16-8,6485-40-1,CC1=CC[C@@H](CC1=O)C(=C)C,CC1=CC[C@H](CC1=O)C(=C)C,D-Carvone,(R)-Carvone,Homo sapiens,OR3A1,483.0,0.0,0.0,True,True,True,1.0,0.0,both non-responsive,Low,https://doi.org/10.1371/journal.pone.0267356,https://doi.org/10.1371/journal.pone.0267356,Multiple CAS hits; exact SMILES used to disambiguate.,,human_only,11
PAIR_0011,2244-16-8__6485-40-1,2244-16-8,6485-40-1,CC1=CC[C@@H](CC1=O)C(=C)C,CC1=CC[C@H](CC1=O)C(=C)C,D-Carvone,(R)-Carvone,Homo sapiens,OR3A2,238.0,0.0,0.0,True,True,True,1.0,0.0,both non-responsive,Low,https://doi.org/10.1371/journal.pone.0267356,https://doi.org/10.1371/journal.pone.0267356,Multiple CAS hits; exact SMILES used to disambiguate.,,human_only,11
PAIR_0011,2244-16-8__6485-40-1,2244-16-8,6485-40-1,CC1=CC[C@@H](CC1=O)C(=C)C,CC1=CC[C@H](CC1=O)C(=C)C,D-Carvone,(R)-Carvone,Homo sapiens,OR3A3,526.0,0.0,0.0,True,True,True,1.0,0.0,both non-responsive,Low,https://doi.org/10.1371/journal.pone.0267356,https://doi.org/10.1371/journal.pone.0267356,Multiple CAS hits; exact SMILES used to disambiguate.,,human_only,11
PAIR_0011,2244-16-8__6485-40-1,2244-16-8,6485-40-1,CC1=CC[C@@H](CC1=O)C(=C)C,CC1=CC[C@H](CC1=O)C(=C)C,D-Carvone,(R)-Carvone,Homo sapiens,OR3A4,956.0,0.0,0.0,True,True,True,1.0,0.0,both non-responsive,Low,https://doi.org/10.1371/journal.pone.0267356,https://doi.org/10.1371/journal.pone.0267356,Multiple CAS hits; exact SMILES used to disambiguate.,,human_only,11
PAIR_0011,2244-16-8__6485-40-1,2244-16-8,6485-40-1,CC1=CC[C@@H](CC1=O)C(=C)C,CC1=CC[C@H](CC1=O)C(=C)C,D-Carvone,(R)-Carvone,Homo sapiens,OR4A15,693.0,0.0,0.0,True,True,True,1.0,0.0,both non-responsive,Low,https://doi.org/10.1371/journal.pone.0267356,https://doi.org/10.1371/journal.pone.0267356,Multiple CAS hits; exact SMILES used to disambiguate.,,human_only,11
PAIR_0011,2244-16-8__6485-40-1,2244-16-8,6485-40-1,CC1=CC[C@@H](CC1=O)C(=C)C,CC1=CC[C@H](CC1=O)C(=C)C,D-Carvone,(R)-Carvone,Homo sapiens,OR4A16,432.0,0.0,0.0,True,True,True,1.0,0.0,both non-responsive,Low,https://doi.org/10.1371/journal.pone.0267356,https://doi.org/10.1371/journal.pone.0267356,Multiple CAS hits; exact SMILES used to disambiguate.,,human_only,11
PAIR_0011,2244-16-8__6485-40-1,2244-16-8,6485-40-1,CC1=CC[C@@H](CC1=O)C(=C)C,CC1=CC[C@H](CC1=O)C(=C)C,D-Carvone,(R)-Carvone,Homo sapiens,OR4A47,694.0,0.0,0.0,True,True,True,1.0,0.0,both non-responsive,Low,https://doi.org/10.1371/journal.pone.0267356,https://doi.org/10.1371/journal.pone.0267356,Multiple CAS hits; exact SMILES used to disambiguate.,,human_only,11
PAIR_0011,2244-16-8__6485-40-1,2244-16-8,6485-40-1,CC1=CC[C@@H](CC1=O)C(=C)C,CC1=CC[C@H](CC1=O)C(=C)C,D-Carvone,(R)-Carvone,Homo sapiens,OR4A5,484.0,0.0,0.0,True,True,True,1.0,0.0,both non-responsive,Low,https://doi.org/10.1371/journal.pone.0267356,https://doi.org/10.1371/journal.pone.0267356,Multiple CAS hits; exact SMILES used to disambiguate.,,human_only,11
PAIR_0011,2244-16-8__6485-40-1,2244-16-8,6485-40-1,CC1=CC[C@@H](CC1=O)C(=C)C,CC1=CC[C@H](CC1=O)C(=C)C,D-Carvone,(R)-Carvone,Homo sapiens,OR4B1,153.0,0.0,0.0,True,True,True,1.0,0.0,both non-responsive,Low,https://doi.org/10.1371/journal.pone.0267356,https://doi.org/10.1371/journal.pone.0267356,Multiple CAS hits; exact SMILES used to disambiguate.,,human_only,11
PAIR_0011,2244-16-8__6485-40-1,2244-16-8,6485-40-1,CC1=CC[C@@H](CC1=O)C(=C)C,CC1=CC[C@H](CC1=O)C(=C)C,D-Carvone,(R)-Carvone,Homo sapiens,OR4C11,203.0,0.0,0.0,True,True,True,1.0,0.0,both non-responsive,Low,https://doi.org/10.1371/journal.pone.0267356,https://doi.org/10.1371/journal.pone.0267356,Multiple CAS hits; exact SMILES used to disambiguate.,,human_only,11
PAIR_0011,2244-16-8__6485-40-1,2244-16-8,6485-40-1,CC1=CC[C@@H](CC1=O)C(=C)C,CC1=CC[C@H](CC1=O)C(=C)C,D-Carvone,(R)-Carvone,Homo sapiens,OR4C12,696.0,0.0,0.0,True,True,True,1.0,0.0,both non-responsive,Low,https://doi.org/10.1371/journal.pone.0267356,https://doi.org/10.1371/journal.pone.0267356,Multiple CAS hits; exact SMILES used to disambiguate.,,human_only,11
PAIR_0011,2244-16-8__6485-40-1,2244-16-8,6485-40-1,CC1=CC[C@@H](CC1=O)C(=C)C,CC1=CC[C@H](CC1=O)C(=C)C,D-Carvone,(R)-Carvone,Homo sapiens,OR4C13,697.0,0.0,0.0,True,True,True,1.0,0.0,both non-responsive,Low,https://doi.org/10.1371/journal.pone.0267356,https://doi.org/10.1371/journal.pone.0267356,Multiple CAS hits; exact SMILES used to disambiguate.,,human_only,11
PAIR_0011,2244-16-8__6485-40-1,2244-16-8,6485-40-1,CC1=CC[C@@H](CC1=O)C(=C)C,CC1=CC[C@H](CC1=O)C(=C)C,D-Carvone,(R)-Carvone,Homo sapiens,OR4C15,958.0,0.0,0.0,True,True,True,1.0,0.0,both non-responsive,Low,https://doi.org/10.1371/journal.pone.0267356,https://doi.org/10.1371/journal.pone.0267356,Multiple CAS hits; exact SMILES used to disambiguate.,,human_only,11
PAIR_0011,2244-16-8__6485-40-1,2244-16-8,6485-40-1,CC1=CC[C@@H](CC1=O)C(=C)C,CC1=CC[C@H](CC1=O)C(=C)C,D-Carvone,(R)-Carvone,Homo sapiens,OR4C16,700.0,0.0,0.0,True,True,True,1.0,0.0,both non-responsive,Low,https://doi.org/10.1371/journal.pone.0267356,https://doi.org/10.1371/journal.pone.0267356,Multiple CAS hits; exact SMILES used to disambiguate.,,human_only,11
PAIR_0011,2244-16-8__6485-40-1,2244-16-8,6485-40-1,CC1=CC[C@@H](CC1=O)C(=C)C,CC1=CC[C@H](CC1=O)C(=C)C,D-Carvone,(R)-Carvone,Homo sapiens,OR4C3,397.0,0.0,0.0,True,True,True,1.0,0.0,both non-responsive,Low,https://doi.org/10.1371/journal.pone.0267356,https://doi.org/10.1371/journal.pone.0267356,Multiple CAS hits; exact SMILES used to disambiguate.,,human_only,11
PAIR_0011,2244-16-8__6485-40-1,2244-16-8,6485-40-1,CC1=CC[C@@H](CC1=O)C(=C)C,CC1=CC[C@H](CC1=O)C(=C)C,D-Carvone,(R)-Carvone,Homo sapiens,OR4C45,702.0,0.0,0.0,True,True,True,1.0,0.0,both non-responsive,Low,https://doi.org/10.1371/journal.pone.0267356,https://doi.org/10.1371/journal.pone.0267356,Multiple CAS hits; exact SMILES used to disambiguate.,,human_only,11
PAIR_0011,2244-16-8__6485-40-1,2244-16-8,6485-40-1,CC1=CC[C@@H](CC1=O)C(=C)C,CC1=CC[C@H](CC1=O)C(=C)C,D-Carvone,(R)-Carvone,Homo sapiens,OR4C46,703.0,0.0,0.0,True,True,True,1.0,0.0,both non-responsive,Low,https://doi.org/10.1371/journal.pone.0267356,https://doi.org/10.1371/journal.pone.0267356,Multiple CAS hits; exact SMILES used to disambiguate.,,human_only,11
PAIR_0011,2244-16-8__6485-40-1,2244-16-8,6485-40-1,CC1=CC[C@@H](CC1=O)C(=C)C,CC1=CC[C@H](CC1=O)C(=C)C,D-Carvone,(R)-Carvone,Homo sapiens,OR4C5,705.0,0.0,0.0,True,True,True,1.0,0.0,both non-responsive,Low,https://doi.org/10.1371/journal.pone.0267356,https://doi.org/10.1371/journal.pone.0267356,Multiple CAS hits; exact SMILES used to disambiguate.,,human_only,11
PAIR_0011,2244-16-8__6485-40-1,2244-16-8,6485-40-1,CC1=CC[C@@H](CC1=O)C(=C)C,CC1=CC[C@H](CC1=O)C(=C)C,D-Carvone,(R)-Carvone,Homo sapiens,OR4C6,188.0,0.0,0.0,True,True,True,1.0,0.0,both non-responsive,Low,https://doi.org/10.1371/journal.pone.0267356,https://doi.org/10.1371/journal.pone.0267356,Multiple CAS hits; exact SMILES used to disambiguate.,,human_only,11
PAIR_0011,2244-16-8__6485-40-1,2244-16-8,6485-40-1,CC1=CC[C@@H](CC1=O)C(=C)C,CC1=CC[C@H](CC1=O)C(=C)C,D-Carvone,(R)-Carvone,Homo sapiens,OR4D1,467.0,0.0,0.0,True,True,True,1.0,0.0,both non-responsive,Low,https://doi.org/10.1371/journal.pone.0267356,https://doi.org/10.1371/journal.pone.0267356,Multiple CAS hits; exact SMILES used to disambiguate.,,human_only,11
PAIR_0011,2244-16-8__6485-40-1,2244-16-8,6485-40-1,CC1=CC[C@@H](CC1=O)C(=C)C,CC1=CC[C@H](CC1=O)C(=C)C,D-Carvone,(R)-Carvone,Homo sapiens,OR4D10,139.0,0.0,0.0,True,True,True,1.0,0.0,both non-responsive,Low,https://doi.org/10.1371/journal.pone.0267356,https://doi.org/10.1371/journal.pone.0267356,Multiple CAS hits; exact SMILES used to disambiguate.,,human_only,11
PAIR_0011,2244-16-8__6485-40-1,2244-16-8,6485-40-1,CC1=CC[C@@H](CC1=O)C(=C)C,CC1=CC[C@H](CC1=O)C(=C)C,D-Carvone,(R)-Carvone,Homo sapiens,OR4D11,202.0,0.0,0.0,True,True,True,1.0,0.0,both non-responsive,Low,https://doi.org/10.1371/journal.pone.0267356,https://doi.org/10.1371/journal.pone.0267356,Multiple CAS hits; exact SMILES used to disambiguate.,,human_only,11
PAIR_0011,2244-16-8__6485-40-1,2244-16-8,6485-40-1,CC1=CC[C@@H](CC1=O)C(=C)C,CC1=CC[C@H](CC1=O)C(=C)C,D-Carvone,(R)-Carvone,Homo sapiens,OR4D2,573.0,0.0,0.0,True,True,True,1.0,0.0,both non-responsive,Low,https://doi.org/10.1371/journal.pone.0267356,https://doi.org/10.1371/journal.pone.0267356,Multiple CAS hits; exact SMILES used to disambiguate.,,human_only,11
PAIR_0011,2244-16-8__6485-40-1,2244-16-8,6485-40-1,CC1=CC[C@@H](CC1=O)C(=C)C,CC1=CC[C@H](CC1=O)C(=C)C,D-Carvone,(R)-Carvone,Homo sapiens,OR4D5,94.0,0.0,0.0,True,True,True,1.0,0.0,both non-responsive,Low,https://doi.org/10.1371/journal.pone.0267356,https://doi.org/10.1371/journal.pone.0267356,Multiple CAS hits; exact SMILES used to disambiguate.,,human_only,11
PAIR_0011,2244-16-8__6485-40-1,2244-16-8,6485-40-1,CC1=CC[C@@H](CC1=O)C(=C)C,CC1=CC[C@H](CC1=O)C(=C)C,D-Carvone,(R)-Carvone,Homo sapiens,OR4D6,346.0,0.0,0.0,True,True,True,1.0,0.0,both non-responsive,Low,https://doi.org/10.1371/journal.pone.0267356,https://doi.org/10.1371/journal.pone.0267356,Multiple CAS hits; exact SMILES used to disambiguate.,,human_only,11
PAIR_0011,2244-16-8__6485-40-1,2244-16-8,6485-40-1,CC1=CC[C@@H](CC1=O)C(=C)C,CC1=CC[C@H](CC1=O)C(=C)C,D-Carvone,(R)-Carvone,Homo sapiens,OR4D9,180.0,0.0,0.0,True,True,True,1.0,0.0,both non-responsive,Low,https://doi.org/10.1371/journal.pone.0267356,https://doi.org/10.1371/journal.pone.0267356,Multiple CAS hits; exact SMILES used to disambiguate.,,human_only,11
PAIR_0011,2244-16-8__6485-40-1,2244-16-8,6485-40-1,CC1=CC[C@@H](CC1=O)C(=C)C,CC1=CC[C@H](CC1=O)C(=C)C,D-Carvone,(R)-Carvone,Homo sapiens,OR4F15,356.0,0.0,0.0,True,True,True,1.0,0.0,both non-responsive,Low,https://doi.org/10.1371/journal.pone.0267356,https://doi.org/10.1371/journal.pone.0267356,Multiple CAS hits; exact SMILES used to disambiguate.,,human_only,11
PAIR_0011,2244-16-8__6485-40-1,2244-16-8,6485-40-1,CC1=CC[C@@H](CC1=O)C(=C)C,CC1=CC[C@H](CC1=O)C(=C)C,D-Carvone,(R)-Carvone,Homo sapiens,OR4F17,710.0,0.0,0.0,True,True,True,1.0,0.0,both non-responsive,Low,https://doi.org/10.1371/journal.pone.0267356,https://doi.org/10.1371/journal.pone.0267356,Multiple CAS hits; exact SMILES used to disambiguate.,,human_only,11
PAIR_0011,2244-16-8__6485-40-1,2244-16-8,6485-40-1,CC1=CC[C@@H](CC1=O)C(=C)C,CC1=CC[C@H](CC1=O)C(=C)C,D-Carvone,(R)-Carvone,Homo sapiens,OR4F21,711.0,0.0,0.0,True,True,True,1.0,0.0,both non-responsive,Low,https://doi.org/10.1371/journal.pone.0267356,https://doi.org/10.1371/journal.pone.0267356,Multiple CAS hits; exact SMILES used to disambiguate.,,human_only,11
PAIR_0011,2244-16-8__6485-40-1,2244-16-8,6485-40-1,CC1=CC[C@@H](CC1=O)C(=C)C,CC1=CC[C@H](CC1=O)C(=C)C,D-Carvone,(R)-Carvone,Homo sapiens,OR4F3 | OR4F16 | OR4F29,45.0,0.0,0.0,True,True,True,1.0,0.0,both non-responsive,Low,https://doi.org/10.1371/journal.pone.0267356,https://doi.org/10.1371/journal.pone.0267356,Multiple CAS hits; exact SMILES used to disambiguate.,,human_only,11
PAIR_0011,2244-16-8__6485-40-1,2244-16-8,6485-40-1,CC1=CC[C@@H](CC1=O)C(=C)C,CC1=CC[C@H](CC1=O)C(=C)C,D-Carvone,(R)-Carvone,Homo sapiens,OR4F4,713.0,0.0,0.0,True,True,True,1.0,0.0,both non-responsive,Low,https://doi.org/10.1371/journal.pone.0267356,https://doi.org/10.1371/journal.pone.0267356,Multiple CAS hits; exact SMILES used to disambiguate.,,human_only,11
PAIR_0011,2244-16-8__6485-40-1,2244-16-8,6485-40-1,CC1=CC[C@@H](CC1=O)C(=C)C,CC1=CC[C@H](CC1=O)C(=C)C,D-Carvone,(R)-Carvone,Homo sapiens,OR4F5,714.0,0.0,0.0,True,True,True,1.0,0.0,both non-responsive,Low,https://doi.org/10.1371/journal.pone.0267356,https://doi.org/10.1371/journal.pone.0267356,Multiple CAS hits; exact SMILES used to disambiguate.,,human_only,11
PAIR_0011,2244-16-8__6485-40-1,2244-16-8,6485-40-1,CC1=CC[C@@H](CC1=O)C(=C)C,CC1=CC[C@H](CC1=O)C(=C)C,D-Carvone,(R)-Carvone,Homo sapiens,OR4F6,450.0,0.0,1.0,True,True,True,0.0,1.0,B only responsive,Low,https://doi.org/10.1371/journal.pone.0267356,https://doi.org/10.1371/journal.pone.0267356,Multiple CAS hits; exact SMILES used to disambiguate.,,human_only,11
PAIR_0011,2244-16-8__6485-40-1,2244-16-8,6485-40-1,CC1=CC[C@@H](CC1=O)C(=C)C,CC1=CC[C@H](CC1=O)C(=C)C,D-Carvone,(R)-Carvone,Homo sapiens,OR4K1,716.0,0.0,0.0,True,True,True,1.0,0.0,both non-responsive,Low,https://doi.org/10.1371/journal.pone.0267356,https://doi.org/10.1371/journal.pone.0267356,Multiple CAS hits; exact SMILES used to disambiguate.,,human_only,11
PAIR_0011,2244-16-8__6485-40-1,2244-16-8,6485-40-1,CC1=CC[C@@H](CC1=O)C(=C)C,CC1=CC[C@H](CC1=O)C(=C)C,D-Carvone,(R)-Carvone,Homo sapiens,OR4K13,220.0,0.0,0.0,True,True,True,1.0,0.0,both non-responsive,Low,https://doi.org/10.1371/journal.pone.0267356,https://doi.org/10.1371/journal.pone.0267356,Multiple CAS hits; exact SMILES used to disambiguate.,,human_only,11
PAIR_0011,2244-16-8__6485-40-1,2244-16-8,6485-40-1,CC1=CC[C@@H](CC1=O)C(=C)C,CC1=CC[C@H](CC1=O)C(=C)C,D-Carvone,(R)-Carvone,Homo sapiens,OR4K14,229.0,0.0,0.0,True,True,True,1.0,0.0,both non-responsive,Low,https://doi.org/10.1371/journal.pone.0267356,https://doi.org/10.1371/journal.pone.0267356,Multiple CAS hits; exact SMILES used to disambiguate.,,human_only,11
PAIR_0011,2244-16-8__6485-40-1,2244-16-8,6485-40-1,CC1=CC[C@@H](CC1=O)C(=C)C,CC1=CC[C@H](CC1=O)C(=C)C,D-Carvone,(R)-Carvone,Homo sapiens,OR4K15,520.0,0.0,0.0,True,True,True,1.0,0.0,both non-responsive,Low,https://doi.org/10.1371/journal.pone.0267356,https://doi.org/10.1371/journal.pone.0267356,Multiple CAS hits; exact SMILES used to disambiguate.,,human_only,11
PAIR_0011,2244-16-8__6485-40-1,2244-16-8,6485-40-1,CC1=CC[C@@H](CC1=O)C(=C)C,CC1=CC[C@H](CC1=O)C(=C)C,D-Carvone,(R)-Carvone,Homo sapiens,OR4K17,948.0,0.0,0.0,True,True,True,1.0,0.0,both non-responsive,Low,https://doi.org/10.1371/journal.pone.0267356,https://doi.org/10.1371/journal.pone.0267356,Multiple CAS hits; exact SMILES used to disambiguate.,,human_only,11
PAIR_0011,2244-16-8__6485-40-1,2244-16-8,6485-40-1,CC1=CC[C@@H](CC1=O)C(=C)C,CC1=CC[C@H](CC1=O)C(=C)C,D-Carvone,(R)-Carvone,Homo sapiens,OR4K2,214.0,0.0,0.0,True,True,True,1.0,0.0,both non-responsive,Low,https://doi.org/10.1371/journal.pone.0267356,https://doi.org/10.1371/journal.pone.0267356,Multiple CAS hits; exact SMILES used to disambiguate.,,human_only,11
PAIR_0011,2244-16-8__6485-40-1,2244-16-8,6485-40-1,CC1=CC[C@@H](CC1=O)C(=C)C,CC1=CC[C@H](CC1=O)C(=C)C,D-Carvone,(R)-Carvone,Homo sapiens,OR4L1,719.0,0.0,0.0,True,True,True,1.0,0.0,both non-responsive,Low,https://doi.org/10.1371/journal.pone.0267356,https://doi.org/10.1371/journal.pone.0267356,Multiple CAS hits; exact SMILES used to disambiguate.,,human_only,11
PAIR_0011,2244-16-8__6485-40-1,2244-16-8,6485-40-1,CC1=CC[C@@H](CC1=O)C(=C)C,CC1=CC[C@H](CC1=O)C(=C)C,D-Carvone,(R)-Carvone,Homo sapiens,OR4M1,470.0,0.0,0.0,True,True,True,1.0,0.0,both non-responsive,Low,https://doi.org/10.1371/journal.pone.0267356,https://doi.org/10.1371/journal.pone.0267356,Multiple CAS hits; exact SMILES used to disambiguate.,,human_only,11
PAIR_0011,2244-16-8__6485-40-1,2244-16-8,6485-40-1,CC1=CC[C@@H](CC1=O)C(=C)C,CC1=CC[C@H](CC1=O)C(=C)C,D-Carvone,(R)-Carvone,Homo sapiens,OR4M2,721.0,0.0,0.0,True,True,True,1.0,0.0,both non-responsive,Low,https://doi.org/10.1371/journal.pone.0267356,https://doi.org/10.1371/journal.pone.0267356,Multiple CAS hits; exact SMILES used to disambiguate.,,human_only,11
PAIR_0011,2244-16-8__6485-40-1,2244-16-8,6485-40-1,CC1=CC[C@@H](CC1=O)C(=C)C,CC1=CC[C@H](CC1=O)C(=C)C,D-Carvone,(R)-Carvone,Homo sapiens,OR4N2,222.0,0.0,0.0,True,True,True,1.0,0.0,both non-responsive,Low,https://doi.org/10.1371/journal.pone.0267356,https://doi.org/10.1371/journal.pone.0267356,Multiple CAS hits; exact SMILES used to disambiguate.,,human_only,11
PAIR_0011,2244-16-8__6485-40-1,2244-16-8,6485-40-1,CC1=CC[C@@H](CC1=O)C(=C)C,CC1=CC[C@H](CC1=O)C(=C)C,D-Carvone,(R)-Carvone,Homo sapiens,OR4N4,230.0,0.0,0.0,True,True,True,1.0,0.0,both non-responsive,Low,https://doi.org/10.1371/journal.pone.0267356,https://doi.org/10.1371/journal.pone.0267356,Multiple CAS hits; exact SMILES used to disambiguate.,,human_only,11
PAIR_0011,2244-16-8__6485-40-1,2244-16-8,6485-40-1,CC1=CC[C@@H](CC1=O)C(=C)C,CC1=CC[C@H](CC1=O)C(=C)C,D-Carvone,(R)-Carvone,Homo sapiens,OR4N5,217.0,0.0,0.0,True,True,True,1.0,0.0,both non-responsive,Low,https://doi.org/10.1371/journal.pone.0267356,https://doi.org/10.1371/journal.pone.0267356,Multiple CAS hits; exact SMILES used to disambiguate.,,human_only,11
PAIR_0011,2244-16-8__6485-40-1,2244-16-8,6485-40-1,CC1=CC[C@@H](CC1=O)C(=C)C,CC1=CC[C@H](CC1=O)C(=C)C,D-Carvone,(R)-Carvone,Homo sapiens,OR4P4,724.0,0.0,0.0,True,True,True,1.0,0.0,both non-responsive,Low,https://doi.org/10.1371/journal.pone.0267356,https://doi.org/10.1371/journal.pone.0267356,Multiple CAS hits; exact SMILES used to disambiguate.,,human_only,11
PAIR_0011,2244-16-8__6485-40-1,2244-16-8,6485-40-1,CC1=CC[C@@H](CC1=O)C(=C)C,CC1=CC[C@H](CC1=O)C(=C)C,D-Carvone,(R)-Carvone,Homo sapiens,OR4Q3,333.0,0.0,0.0,True,True,True,1.0,0.0,both non-responsive,Low,https://doi.org/10.1371/journal.pone.0267356,https://doi.org/10.1371/journal.pone.0267356,Multiple CAS hits; exact SMILES used to disambiguate.,,human_only,11
PAIR_0011,2244-16-8__6485-40-1,2244-16-8,6485-40-1,CC1=CC[C@@H](CC1=O)C(=C)C,CC1=CC[C@H](CC1=O)C(=C)C,D-Carvone,(R)-Carvone,Homo sapiens,OR4S1,235.0,0.0,0.0,True,True,True,1.0,0.0,both non-responsive,Low,https://doi.org/10.1371/journal.pone.0267356,https://doi.org/10.1371/journal.pone.0267356,Multiple CAS hits; exact SMILES used to disambiguate.,,human_only,11
PAIR_0011,2244-16-8__6485-40-1,2244-16-8,6485-40-1,CC1=CC[C@@H](CC1=O)C(=C)C,CC1=CC[C@H](CC1=O)C(=C)C,D-Carvone,(R)-Carvone,Homo sapiens,OR4S2,140.0,0.0,0.0,True,True,True,1.0,0.0,both non-responsive,Low,https://doi.org/10.1371/journal.pone.0267356,https://doi.org/10.1371/journal.pone.0267356,Multiple CAS hits; exact SMILES used to disambiguate.,,human_only,11
PAIR_0011,2244-16-8__6485-40-1,2244-16-8,6485-40-1,CC1=CC[C@@H](CC1=O)C(=C)C,CC1=CC[C@H](CC1=O)C(=C)C,D-Carvone,(R)-Carvone,Homo sapiens,OR4X1,726.0,0.0,0.0,True,True,True,1.0,0.0,both non-responsive,Low,https://doi.org/10.1371/journal.pone.0267356,https://doi.org/10.1371/journal.pone.0267356,Multiple CAS hits; exact SMILES used to disambiguate.,,human_only,11
PAIR_0011,2244-16-8__6485-40-1,2244-16-8,6485-40-1,CC1=CC[C@@H](CC1=O)C(=C)C,CC1=CC[C@H](CC1=O)C(=C)C,D-Carvone,(R)-Carvone,Homo sapiens,OR4X2,157.0,0.0,0.0,True,True,True,1.0,0.0,both non-responsive,Low,https://doi.org/10.1371/journal.pone.0267356,https://doi.org/10.1371/journal.pone.0267356,Multiple CAS hits; exact SMILES used to disambiguate.,,human_only,11
PAIR_0011,2244-16-8__6485-40-1,2244-16-8,6485-40-1,CC1=CC[C@@H](CC1=O)C(=C)C,CC1=CC[C@H](CC1=O)C(=C)C,D-Carvone,(R)-Carvone,Homo sapiens,OR51A2,479.0,0.0,0.0,True,True,True,1.0,0.0,both non-responsive,Low,https://doi.org/10.1371/journal.pone.0267356,https://doi.org/10.1371/journal.pone.0267356,Multiple CAS hits; exact SMILES used to disambiguate.,,human_only,11
PAIR_0011,2244-16-8__6485-40-1,2244-16-8,6485-40-1,CC1=CC[C@@H](CC1=O)C(=C)C,CC1=CC[C@H](CC1=O)C(=C)C,D-Carvone,(R)-Carvone,Homo sapiens,OR51A4,892.0,0.0,0.0,True,True,True,1.0,0.0,both non-responsive,Low,https://doi.org/10.1371/journal.pone.0267356,https://doi.org/10.1371/journal.pone.0267356,Multiple CAS hits; exact SMILES used to disambiguate.,,human_only,11
PAIR_0011,2244-16-8__6485-40-1,2244-16-8,6485-40-1,CC1=CC[C@@H](CC1=O)C(=C)C,CC1=CC[C@H](CC1=O)C(=C)C,D-Carvone,(R)-Carvone,Homo sapiens,OR51A7,893.0,0.0,1.0,True,True,True,0.0,1.0,B only responsive,High,https://doi.org/10.1371/journal.pone.0267356,https://doi.org/10.1371/journal.pone.0267356,Multiple CAS hits; exact SMILES used to disambiguate.,,human_only,11
PAIR_0011,2244-16-8__6485-40-1,2244-16-8,6485-40-1,CC1=CC[C@@H](CC1=O)C(=C)C,CC1=CC[C@H](CC1=O)C(=C)C,D-Carvone,(R)-Carvone,Homo sapiens,OR51B2,459.0,0.0,0.0,True,True,True,1.0,0.0,both non-responsive,Low,https://doi.org/10.1371/journal.pone.0267356,https://doi.org/10.1371/journal.pone.0267356,Multiple CAS hits; exact SMILES used to disambiguate.,,human_only,11
PAIR_0011,2244-16-8__6485-40-1,2244-16-8,6485-40-1,CC1=CC[C@@H](CC1=O)C(=C)C,CC1=CC[C@H](CC1=O)C(=C)C,D-Carvone,(R)-Carvone,Homo sapiens,OR51B4,896.0,0.0,0.0,True,True,True,1.0,0.0,both non-responsive,Low,https://doi.org/10.1371/journal.pone.0267356,https://doi.org/10.1371/journal.pone.0267356,Multiple CAS hits; exact SMILES used to disambiguate.,,human_only,11
PAIR_0011,2244-16-8__6485-40-1,2244-16-8,6485-40-1,CC1=CC[C@@H](CC1=O)C(=C)C,CC1=CC[C@H](CC1=O)C(=C)C,D-Carvone,(R)-Carvone,Homo sapiens,OR51B5,10.0,0.0,0.0,True,True,True,1.0,0.0,both non-responsive,Medium,https://doi.org/10.1021/acs.biochem.8b01208 | https://doi.org/10.1371/journal.pone.0267356,https://doi.org/10.1371/journal.pone.0267356,Multiple CAS hits; exact SMILES used to disambiguate.,,human_only,11
PAIR_0011,2244-16-8__6485-40-1,2244-16-8,6485-40-1,CC1=CC[C@@H](CC1=O)C(=C)C,CC1=CC[C@H](CC1=O)C(=C)C,D-Carvone,(R)-Carvone,Homo sapiens,OR51B6,899.0,0.0,0.0,True,True,True,1.0,0.0,both non-responsive,Low,https://doi.org/10.1371/journal.pone.0267356,https://doi.org/10.1371/journal.pone.0267356,Multiple CAS hits; exact SMILES used to disambiguate.,,human_only,11
PAIR_0011,2244-16-8__6485-40-1,2244-16-8,6485-40-1,CC1=CC[C@@H](CC1=O)C(=C)C,CC1=CC[C@H](CC1=O)C(=C)C,D-Carvone,(R)-Carvone,Homo sapiens,OR51D1,169.0,0.0,0.0,True,True,True,1.0,0.0,both non-responsive,Low,https://doi.org/10.1371/journal.pone.0267356,https://doi.org/10.1371/journal.pone.0267356,Multiple CAS hits; exact SMILES used to disambiguate.,,human_only,11
PAIR_0011,2244-16-8__6485-40-1,2244-16-8,6485-40-1,CC1=CC[C@@H](CC1=O)C(=C)C,CC1=CC[C@H](CC1=O)C(=C)C,D-Carvone,(R)-Carvone,Homo sapiens,OR51F1,524.0,0.0,0.0,True,True,True,1.0,0.0,both non-responsive,Low,https://doi.org/10.1371/journal.pone.0267356,https://doi.org/10.1371/journal.pone.0267356,Multiple CAS hits; exact SMILES used to disambiguate.,,human_only,11
PAIR_0011,2244-16-8__6485-40-1,2244-16-8,6485-40-1,CC1=CC[C@@H](CC1=O)C(=C)C,CC1=CC[C@H](CC1=O)C(=C)C,D-Carvone,(R)-Carvone,Homo sapiens,OR51F2,901.0,0.0,0.0,True,True,True,1.0,0.0,both non-responsive,Low,https://doi.org/10.1371/journal.pone.0267356,https://doi.org/10.1371/journal.pone.0267356,Multiple CAS hits; exact SMILES used to disambiguate.,,human_only,11
PAIR_0011,2244-16-8__6485-40-1,2244-16-8,6485-40-1,CC1=CC[C@@H](CC1=O)C(=C)C,CC1=CC[C@H](CC1=O)C(=C)C,D-Carvone,(R)-Carvone,Homo sapiens,OR51G1,126.0,0.0,0.0,True,True,True,1.0,0.0,both non-responsive,Low,https://doi.org/10.1371/journal.pone.0267356,https://doi.org/10.1371/journal.pone.0267356,Multiple CAS hits; exact SMILES used to disambiguate.,,human_only,11
PAIR_0011,2244-16-8__6485-40-1,2244-16-8,6485-40-1,CC1=CC[C@@H](CC1=O)C(=C)C,CC1=CC[C@H](CC1=O)C(=C)C,D-Carvone,(R)-Carvone,Homo sapiens,OR51G2,903.0,0.0,0.0,True,True,True,1.0,0.0,both non-responsive,Low,https://doi.org/10.1371/journal.pone.0267356,https://doi.org/10.1371/journal.pone.0267356,Multiple CAS hits; exact SMILES used to disambiguate.,,human_only,11
PAIR_0011,2244-16-8__6485-40-1,2244-16-8,6485-40-1,CC1=CC[C@@H](CC1=O)C(=C)C,CC1=CC[C@H](CC1=O)C(=C)C,D-Carvone,(R)-Carvone,Homo sapiens,OR51I1,463.0,0.0,0.0,True,True,True,1.0,0.0,both non-responsive,Low,https://doi.org/10.1371/journal.pone.0267356,https://doi.org/10.1371/journal.pone.0267356,Multiple CAS hits; exact SMILES used to disambiguate.,,human_only,11
PAIR_0011,2244-16-8__6485-40-1,2244-16-8,6485-40-1,CC1=CC[C@@H](CC1=O)C(=C)C,CC1=CC[C@H](CC1=O)C(=C)C,D-Carvone,(R)-Carvone,Homo sapiens,OR51I2,104.0,0.0,0.0,True,True,True,1.0,0.0,both non-responsive,Low,https://doi.org/10.1371/journal.pone.0267356,https://doi.org/10.1371/journal.pone.0267356,Multiple CAS hits; exact SMILES used to disambiguate.,,human_only,11
PAIR_0011,2244-16-8__6485-40-1,2244-16-8,6485-40-1,CC1=CC[C@@H](CC1=O)C(=C)C,CC1=CC[C@H](CC1=O)C(=C)C,D-Carvone,(R)-Carvone,Homo sapiens,OR51J1,905.0,0.0,0.0,True,True,True,1.0,0.0,both non-responsive,Low,https://doi.org/10.1371/journal.pone.0267356,https://doi.org/10.1371/journal.pone.0267356,Multiple CAS hits; exact SMILES used to disambiguate.,,human_only,11
PAIR_0011,2244-16-8__6485-40-1,2244-16-8,6485-40-1,CC1=CC[C@@H](CC1=O)C(=C)C,CC1=CC[C@H](CC1=O)C(=C)C,D-Carvone,(R)-Carvone,Homo sapiens,OR51M1,907.0,0.0,0.0,True,True,True,1.0,0.0,both non-responsive,Low,https://doi.org/10.1371/journal.pone.0267356,https://doi.org/10.1371/journal.pone.0267356,Multiple CAS hits; exact SMILES used to disambiguate.,,human_only,11
PAIR_0011,2244-16-8__6485-40-1,2244-16-8,6485-40-1,CC1=CC[C@@H](CC1=O)C(=C)C,CC1=CC[C@H](CC1=O)C(=C)C,D-Carvone,(R)-Carvone,Homo sapiens,OR51Q1,908.0,0.0,0.0,True,True,True,1.0,0.0,both non-responsive,Low,https://doi.org/10.1371/journal.pone.0267356,https://doi.org/10.1371/journal.pone.0267356,Multiple CAS hits; exact SMILES used to disambiguate.,,human_only,11
PAIR_0011,2244-16-8__6485-40-1,2244-16-8,6485-40-1,CC1=CC[C@@H](CC1=O)C(=C)C,CC1=CC[C@H](CC1=O)C(=C)C,D-Carvone,(R)-Carvone,Homo sapiens,OR51S1,491.0,0.0,0.0,True,True,True,1.0,0.0,both non-responsive,Low,https://doi.org/10.1371/journal.pone.0267356,https://doi.org/10.1371/journal.pone.0267356,Multiple CAS hits; exact SMILES used to disambiguate.,,human_only,11
PAIR_0011,2244-16-8__6485-40-1,2244-16-8,6485-40-1,CC1=CC[C@@H](CC1=O)C(=C)C,CC1=CC[C@H](CC1=O)C(=C)C,D-Carvone,(R)-Carvone,Homo sapiens,OR51T1,954.0,0.0,0.0,True,True,True,1.0,0.0,both non-responsive,Low,https://doi.org/10.1371/journal.pone.0267356,https://doi.org/10.1371/journal.pone.0267356,Multiple CAS hits; exact SMILES used to disambiguate.,,human_only,11
PAIR_0011,2244-16-8__6485-40-1,2244-16-8,6485-40-1,CC1=CC[C@@H](CC1=O)C(=C)C,CC1=CC[C@H](CC1=O)C(=C)C,D-Carvone,(R)-Carvone,Homo sapiens,OR51V1,474.0,0.0,0.0,True,True,True,1.0,0.0,both non-responsive,Low,https://doi.org/10.1371/journal.pone.0267356,https://doi.org/10.1371/journal.pone.0267356,Multiple CAS hits; exact SMILES used to disambiguate.,,human_only,11
PAIR_0011,2244-16-8__6485-40-1,2244-16-8,6485-40-1,CC1=CC[C@@H](CC1=O)C(=C)C,CC1=CC[C@H](CC1=O)C(=C)C,D-Carvone,(R)-Carvone,Homo sapiens,OR52A1,911.0,0.0,0.0,True,True,True,1.0,0.0,both non-responsive,Low,https://doi.org/10.1371/journal.pone.0267356,https://doi.org/10.1371/journal.pone.0267356,Multiple CAS hits; exact SMILES used to disambiguate.,,human_only,11
PAIR_0011,2244-16-8__6485-40-1,2244-16-8,6485-40-1,CC1=CC[C@@H](CC1=O)C(=C)C,CC1=CC[C@H](CC1=O)C(=C)C,D-Carvone,(R)-Carvone,Homo sapiens,OR52A4,504.0,0.0,0.0,True,True,True,1.0,0.0,both non-responsive,Low,https://doi.org/10.1371/journal.pone.0267356,https://doi.org/10.1371/journal.pone.0267356,Multiple CAS hits; exact SMILES used to disambiguate.,,human_only,11
PAIR_0011,2244-16-8__6485-40-1,2244-16-8,6485-40-1,CC1=CC[C@@H](CC1=O)C(=C)C,CC1=CC[C@H](CC1=O)C(=C)C,D-Carvone,(R)-Carvone,Homo sapiens,OR52A5,476.0,0.0,0.0,True,True,True,1.0,0.0,both non-responsive,Low,https://doi.org/10.1371/journal.pone.0267356,https://doi.org/10.1371/journal.pone.0267356,Multiple CAS hits; exact SMILES used to disambiguate.,,human_only,11
PAIR_0011,2244-16-8__6485-40-1,2244-16-8,6485-40-1,CC1=CC[C@@H](CC1=O)C(=C)C,CC1=CC[C@H](CC1=O)C(=C)C,D-Carvone,(R)-Carvone,Homo sapiens,OR52B2,912.0,0.0,0.0,True,True,True,1.0,0.0,both non-responsive,Low,https://doi.org/10.1371/journal.pone.0267356,https://doi.org/10.1371/journal.pone.0267356,Multiple CAS hits; exact SMILES used to disambiguate.,,human_only,11
PAIR_0011,2244-16-8__6485-40-1,2244-16-8,6485-40-1,CC1=CC[C@@H](CC1=O)C(=C)C,CC1=CC[C@H](CC1=O)C(=C)C,D-Carvone,(R)-Carvone,Homo sapiens,OR52B4,270.0,0.0,0.0,True,True,True,1.0,0.0,both non-responsive,Low,https://doi.org/10.1371/journal.pone.0267356,https://doi.org/10.1371/journal.pone.0267356,Multiple CAS hits; exact SMILES used to disambiguate.,,human_only,11
PAIR_0011,2244-16-8__6485-40-1,2244-16-8,6485-40-1,CC1=CC[C@@H](CC1=O)C(=C)C,CC1=CC[C@H](CC1=O)C(=C)C,D-Carvone,(R)-Carvone,Homo sapiens,OR52B6,398.0,0.0,0.0,True,True,True,1.0,0.0,both non-responsive,Low,https://doi.org/10.1371/journal.pone.0267356,https://doi.org/10.1371/journal.pone.0267356,Multiple CAS hits; exact SMILES used to disambiguate.,,human_only,11
PAIR_0011,2244-16-8__6485-40-1,2244-16-8,6485-40-1,CC1=CC[C@@H](CC1=O)C(=C)C,CC1=CC[C@H](CC1=O)C(=C)C,D-Carvone,(R)-Carvone,Homo sapiens,OR52D1,125.0,0.0,0.0,True,True,True,1.0,0.0,both non-responsive,Low,https://doi.org/10.1371/journal.pone.0267356,https://doi.org/10.1371/journal.pone.0267356,Multiple CAS hits; exact SMILES used to disambiguate.,,human_only,11
PAIR_0011,2244-16-8__6485-40-1,2244-16-8,6485-40-1,CC1=CC[C@@H](CC1=O)C(=C)C,CC1=CC[C@H](CC1=O)C(=C)C,D-Carvone,(R)-Carvone,Homo sapiens,OR52E2,915.0,0.0,1.0,True,True,True,0.0,1.0,B only responsive,Low,https://doi.org/10.1371/journal.pone.0267356,https://doi.org/10.1371/journal.pone.0267356,Multiple CAS hits; exact SMILES used to disambiguate.,,human_only,11
PAIR_0011,2244-16-8__6485-40-1,2244-16-8,6485-40-1,CC1=CC[C@@H](CC1=O)C(=C)C,CC1=CC[C@H](CC1=O)C(=C)C,D-Carvone,(R)-Carvone,Homo sapiens,OR52E4,917.0,0.0,0.0,True,True,True,1.0,0.0,both non-responsive,Low,https://doi.org/10.1371/journal.pone.0267356,https://doi.org/10.1371/journal.pone.0267356,Multiple CAS hits; exact SMILES used to disambiguate.,,human_only,11
PAIR_0011,2244-16-8__6485-40-1,2244-16-8,6485-40-1,CC1=CC[C@@H](CC1=O)C(=C)C,CC1=CC[C@H](CC1=O)C(=C)C,D-Carvone,(R)-Carvone,Homo sapiens,OR52E6,163.0,0.0,0.0,True,True,True,1.0,0.0,both non-responsive,Low,https://doi.org/10.1371/journal.pone.0267356,https://doi.org/10.1371/journal.pone.0267356,Multiple CAS hits; exact SMILES used to disambiguate.,,human_only,11
PAIR_0011,2244-16-8__6485-40-1,2244-16-8,6485-40-1,CC1=CC[C@@H](CC1=O)C(=C)C,CC1=CC[C@H](CC1=O)C(=C)C,D-Carvone,(R)-Carvone,Homo sapiens,OR52E8,120.0,0.0,0.0,True,True,True,1.0,0.0,both non-responsive,Low,https://doi.org/10.1371/journal.pone.0267356,https://doi.org/10.1371/journal.pone.0267356,Multiple CAS hits; exact SMILES used to disambiguate.,,human_only,11
PAIR_0011,2244-16-8__6485-40-1,2244-16-8,6485-40-1,CC1=CC[C@@H](CC1=O)C(=C)C,CC1=CC[C@H](CC1=O)C(=C)C,D-Carvone,(R)-Carvone,Homo sapiens,OR52H1,919.0,0.0,0.0,True,True,True,1.0,0.0,both non-responsive,Low,https://doi.org/10.1371/journal.pone.0267356,https://doi.org/10.1371/journal.pone.0267356,Multiple CAS hits; exact SMILES used to disambiguate.,,human_only,11
PAIR_0011,2244-16-8__6485-40-1,2244-16-8,6485-40-1,CC1=CC[C@@H](CC1=O)C(=C)C,CC1=CC[C@H](CC1=O)C(=C)C,D-Carvone,(R)-Carvone,Homo sapiens,OR52I1,922.0,0.0,0.0,True,True,True,1.0,0.0,both non-responsive,Low,https://doi.org/10.1371/journal.pone.0267356,https://doi.org/10.1371/journal.pone.0267356,Multiple CAS hits; exact SMILES used to disambiguate.,,human_only,11
PAIR_0011,2244-16-8__6485-40-1,2244-16-8,6485-40-1,CC1=CC[C@@H](CC1=O)C(=C)C,CC1=CC[C@H](CC1=O)C(=C)C,D-Carvone,(R)-Carvone,Homo sapiens,OR52I2,118.0,0.0,0.0,True,True,True,1.0,0.0,both non-responsive,Low,https://doi.org/10.1371/journal.pone.0267356,https://doi.org/10.1371/journal.pone.0267356,Multiple CAS hits; exact SMILES used to disambiguate.,,human_only,11
PAIR_0011,2244-16-8__6485-40-1,2244-16-8,6485-40-1,CC1=CC[C@@H](CC1=O)C(=C)C,CC1=CC[C@H](CC1=O)C(=C)C,D-Carvone,(R)-Carvone,Homo sapiens,OR52J3,924.0,0.0,0.0,True,True,True,1.0,0.0,both non-responsive,Low,https://doi.org/10.1371/journal.pone.0267356,https://doi.org/10.1371/journal.pone.0267356,Multiple CAS hits; exact SMILES used to disambiguate.,,human_only,11
PAIR_0011,2244-16-8__6485-40-1,2244-16-8,6485-40-1,CC1=CC[C@@H](CC1=O)C(=C)C,CC1=CC[C@H](CC1=O)C(=C)C,D-Carvone,(R)-Carvone,Homo sapiens,OR52K1,124.0,0.0,0.0,True,True,True,1.0,0.0,both non-responsive,Low,https://doi.org/10.1371/journal.pone.0267356,https://doi.org/10.1371/journal.pone.0267356,Multiple CAS hits; exact SMILES used to disambiguate.,,human_only,11
PAIR_0011,2244-16-8__6485-40-1,2244-16-8,6485-40-1,CC1=CC[C@@H](CC1=O)C(=C)C,CC1=CC[C@H](CC1=O)C(=C)C,D-Carvone,(R)-Carvone,Homo sapiens,OR52K2,174.0,0.0,0.0,True,True,True,1.0,0.0,both non-responsive,Low,https://doi.org/10.1371/journal.pone.0267356,https://doi.org/10.1371/journal.pone.0267356,Multiple CAS hits; exact SMILES used to disambiguate.,,human_only,11
PAIR_0011,2244-16-8__6485-40-1,2244-16-8,6485-40-1,CC1=CC[C@@H](CC1=O)C(=C)C,CC1=CC[C@H](CC1=O)C(=C)C,D-Carvone,(R)-Carvone,Homo sapiens,OR52L1,959.0,0.0,0.0,True,True,True,1.0,0.0,both non-responsive,Low,https://doi.org/10.1371/journal.pone.0267356,https://doi.org/10.1371/journal.pone.0267356,Multiple CAS hits; exact SMILES used to disambiguate.,,human_only,11
PAIR_0011,2244-16-8__6485-40-1,2244-16-8,6485-40-1,CC1=CC[C@@H](CC1=O)C(=C)C,CC1=CC[C@H](CC1=O)C(=C)C,D-Carvone,(R)-Carvone,Homo sapiens,OR52M1,929.0,0.0,0.0,True,True,True,1.0,0.0,both non-responsive,Low,https://doi.org/10.1371/journal.pone.0267356,https://doi.org/10.1371/journal.pone.0267356,Multiple CAS hits; exact SMILES used to disambiguate.,,human_only,11
PAIR_0011,2244-16-8__6485-40-1,2244-16-8,6485-40-1,CC1=CC[C@@H](CC1=O)C(=C)C,CC1=CC[C@H](CC1=O)C(=C)C,D-Carvone,(R)-Carvone,Homo sapiens,OR52N1,931.0,0.0,0.0,True,True,True,1.0,0.0,both non-responsive,Low,https://doi.org/10.1371/journal.pone.0267356,https://doi.org/10.1371/journal.pone.0267356,Multiple CAS hits; exact SMILES used to disambiguate.,,human_only,11
PAIR_0011,2244-16-8__6485-40-1,2244-16-8,6485-40-1,CC1=CC[C@@H](CC1=O)C(=C)C,CC1=CC[C@H](CC1=O)C(=C)C,D-Carvone,(R)-Carvone,Homo sapiens,OR52N2,933.0,0.0,0.0,True,True,True,1.0,0.0,both non-responsive,Low,https://doi.org/10.1371/journal.pone.0267356,https://doi.org/10.1371/journal.pone.0267356,Multiple CAS hits; exact SMILES used to disambiguate.,,human_only,11
PAIR_0011,2244-16-8__6485-40-1,2244-16-8,6485-40-1,CC1=CC[C@@H](CC1=O)C(=C)C,CC1=CC[C@H](CC1=O)C(=C)C,D-Carvone,(R)-Carvone,Homo sapiens,OR52N5,197.0,0.0,0.0,True,True,True,1.0,0.0,both non-responsive,Low,https://doi.org/10.1371/journal.pone.0267356,https://doi.org/10.1371/journal.pone.0267356,Multiple CAS hits; exact SMILES used to disambiguate.,,human_only,11
PAIR_0011,2244-16-8__6485-40-1,2244-16-8,6485-40-1,CC1=CC[C@@H](CC1=O)C(=C)C,CC1=CC[C@H](CC1=O)C(=C)C,D-Carvone,(R)-Carvone,Homo sapiens,OR52R1,936.0,0.0,0.0,True,True,True,1.0,0.0,both non-responsive,Low,https://doi.org/10.1371/journal.pone.0267356,https://doi.org/10.1371/journal.pone.0267356,Multiple CAS hits; exact SMILES used to disambiguate.,,human_only,11
PAIR_0011,2244-16-8__6485-40-1,2244-16-8,6485-40-1,CC1=CC[C@@H](CC1=O)C(=C)C,CC1=CC[C@H](CC1=O)C(=C)C,D-Carvone,(R)-Carvone,Homo sapiens,OR52W1,937.0,0.0,0.0,True,True,True,1.0,0.0,both non-responsive,Low,https://doi.org/10.1371/journal.pone.0267356,https://doi.org/10.1371/journal.pone.0267356,Multiple CAS hits; exact SMILES used to disambiguate.,,human_only,11
PAIR_0011,2244-16-8__6485-40-1,2244-16-8,6485-40-1,CC1=CC[C@@H](CC1=O)C(=C)C,CC1=CC[C@H](CC1=O)C(=C)C,D-Carvone,(R)-Carvone,Homo sapiens,OR56A1,87.0,0.0,0.0,True,True,True,1.0,0.0,both non-responsive,Low,https://doi.org/10.1371/journal.pone.0267356,https://doi.org/10.1371/journal.pone.0267356,Multiple CAS hits; exact SMILES used to disambiguate.,,human_only,11
PAIR_0011,2244-16-8__6485-40-1,2244-16-8,6485-40-1,CC1=CC[C@@H](CC1=O)C(=C)C,CC1=CC[C@H](CC1=O)C(=C)C,D-Carvone,(R)-Carvone,Homo sapiens,OR56A3,939.0,0.0,0.0,True,True,True,1.0,0.0,both non-responsive,Low,https://doi.org/10.1371/journal.pone.0267356,https://doi.org/10.1371/journal.pone.0267356,Multiple CAS hits; exact SMILES used to disambiguate.,,human_only,11
PAIR_0011,2244-16-8__6485-40-1,2244-16-8,6485-40-1,CC1=CC[C@@H](CC1=O)C(=C)C,CC1=CC[C@H](CC1=O)C(=C)C,D-Carvone,(R)-Carvone,Homo sapiens,OR56A4,507.0,0.0,0.0,True,True,True,1.0,0.0,both non-responsive,Low,https://doi.org/10.1371/journal.pone.0267356,https://doi.org/10.1371/journal.pone.0267356,Multiple CAS hits; exact SMILES used to disambiguate.,,human_only,11
PAIR_0011,2244-16-8__6485-40-1,2244-16-8,6485-40-1,CC1=CC[C@@H](CC1=O)C(=C)C,CC1=CC[C@H](CC1=O)C(=C)C,D-Carvone,(R)-Carvone,Homo sapiens,OR56B1,944.0,0.0,0.0,True,True,True,1.0,0.0,both non-responsive,Low,https://doi.org/10.1371/journal.pone.0267356,https://doi.org/10.1371/journal.pone.0267356,Multiple CAS hits; exact SMILES used to disambiguate.,,human_only,11
PAIR_0011,2244-16-8__6485-40-1,2244-16-8,6485-40-1,CC1=CC[C@@H](CC1=O)C(=C)C,CC1=CC[C@H](CC1=O)C(=C)C,D-Carvone,(R)-Carvone,Homo sapiens,OR56B4,947.0,0.0,0.0,True,True,True,1.0,0.0,both non-responsive,Low,https://doi.org/10.1371/journal.pone.0267356,https://doi.org/10.1371/journal.pone.0267356,Multiple CAS hits; exact SMILES used to disambiguate.,,human_only,11
PAIR_0011,2244-16-8__6485-40-1,2244-16-8,6485-40-1,CC1=CC[C@@H](CC1=O)C(=C)C,CC1=CC[C@H](CC1=O)C(=C)C,D-Carvone,(R)-Carvone,Homo sapiens,OR5A1,727.0,0.0,0.0,True,True,True,1.0,0.0,both non-responsive,Low,https://doi.org/10.1371/journal.pone.0267356,https://doi.org/10.1371/journal.pone.0267356,Multiple CAS hits; exact SMILES used to disambiguate.,,human_only,11
PAIR_0011,2244-16-8__6485-40-1,2244-16-8,6485-40-1,CC1=CC[C@@H](CC1=O)C(=C)C,CC1=CC[C@H](CC1=O)C(=C)C,D-Carvone,(R)-Carvone,Homo sapiens,OR5A2,103.0,0.0,0.0,True,True,True,1.0,0.0,both non-responsive,Low,https://doi.org/10.1371/journal.pone.0267356,https://doi.org/10.1371/journal.pone.0267356,Multiple CAS hits; exact SMILES used to disambiguate.,,human_only,11
PAIR_0011,2244-16-8__6485-40-1,2244-16-8,6485-40-1,CC1=CC[C@@H](CC1=O)C(=C)C,CC1=CC[C@H](CC1=O)C(=C)C,D-Carvone,(R)-Carvone,Homo sapiens,OR5AC2,729.0,0.0,0.0,True,True,True,1.0,0.0,both non-responsive,Low,https://doi.org/10.1371/journal.pone.0267356,https://doi.org/10.1371/journal.pone.0267356,Multiple CAS hits; exact SMILES used to disambiguate.,,human_only,11
PAIR_0011,2244-16-8__6485-40-1,2244-16-8,6485-40-1,CC1=CC[C@@H](CC1=O)C(=C)C,CC1=CC[C@H](CC1=O)C(=C)C,D-Carvone,(R)-Carvone,Homo sapiens,OR5AK2,360.0,0.0,0.0,True,True,True,1.0,0.0,both non-responsive,Low,https://doi.org/10.1371/journal.pone.0267356,https://doi.org/10.1371/journal.pone.0267356,Multiple CAS hits; exact SMILES used to disambiguate.,,human_only,11
PAIR_0011,2244-16-8__6485-40-1,2244-16-8,6485-40-1,CC1=CC[C@@H](CC1=O)C(=C)C,CC1=CC[C@H](CC1=O)C(=C)C,D-Carvone,(R)-Carvone,Homo sapiens,OR5AN1,7.0,0.0,0.0,True,True,True,1.0,0.0,both non-responsive,Low,https://doi.org/10.1371/journal.pone.0267356,https://doi.org/10.1371/journal.pone.0267356,Multiple CAS hits; exact SMILES used to disambiguate.,,human_only,11
PAIR_0011,2244-16-8__6485-40-1,2244-16-8,6485-40-1,CC1=CC[C@@H](CC1=O)C(=C)C,CC1=CC[C@H](CC1=O)C(=C)C,D-Carvone,(R)-Carvone,Homo sapiens,OR5AP2,733.0,0.0,0.0,True,True,True,1.0,0.0,both non-responsive,Low,https://doi.org/10.1371/journal.pone.0267356,https://doi.org/10.1371/journal.pone.0267356,Multiple CAS hits; exact SMILES used to disambiguate.,,human_only,11
PAIR_0011,2244-16-8__6485-40-1,2244-16-8,6485-40-1,CC1=CC[C@@H](CC1=O)C(=C)C,CC1=CC[C@H](CC1=O)C(=C)C,D-Carvone,(R)-Carvone,Homo sapiens,OR5AR1,170.0,0.0,0.0,True,True,True,1.0,0.0,both non-responsive,Low,https://doi.org/10.1371/journal.pone.0267356,https://doi.org/10.1371/journal.pone.0267356,Multiple CAS hits; exact SMILES used to disambiguate.,,human_only,11
PAIR_0011,2244-16-8__6485-40-1,2244-16-8,6485-40-1,CC1=CC[C@@H](CC1=O)C(=C)C,CC1=CC[C@H](CC1=O)C(=C)C,D-Carvone,(R)-Carvone,Homo sapiens,OR5AS1,105.0,0.0,0.0,True,True,True,1.0,0.0,both non-responsive,Low,https://doi.org/10.1371/journal.pone.0267356,https://doi.org/10.1371/journal.pone.0267356,Multiple CAS hits; exact SMILES used to disambiguate.,,human_only,11
PAIR_0011,2244-16-8__6485-40-1,2244-16-8,6485-40-1,CC1=CC[C@@H](CC1=O)C(=C)C,CC1=CC[C@H](CC1=O)C(=C)C,D-Carvone,(R)-Carvone,Homo sapiens,OR5AU1,135.0,0.0,0.0,True,True,True,1.0,0.0,both non-responsive,Low,https://doi.org/10.1371/journal.pone.0267356,https://doi.org/10.1371/journal.pone.0267356,Multiple CAS hits; exact SMILES used to disambiguate.,,human_only,11
PAIR_0011,2244-16-8__6485-40-1,2244-16-8,6485-40-1,CC1=CC[C@@H](CC1=O)C(=C)C,CC1=CC[C@H](CC1=O)C(=C)C,D-Carvone,(R)-Carvone,Homo sapiens,OR5B12,735.0,0.0,0.0,True,True,True,1.0,0.0,both non-responsive,Low,https://doi.org/10.1371/journal.pone.0267356,https://doi.org/10.1371/journal.pone.0267356,Multiple CAS hits; exact SMILES used to disambiguate.,,human_only,11
PAIR_0011,2244-16-8__6485-40-1,2244-16-8,6485-40-1,CC1=CC[C@@H](CC1=O)C(=C)C,CC1=CC[C@H](CC1=O)C(=C)C,D-Carvone,(R)-Carvone,Homo sapiens,OR5B17,182.0,0.0,0.0,True,True,True,1.0,0.0,both non-responsive,Low,https://doi.org/10.1371/journal.pone.0267356,https://doi.org/10.1371/journal.pone.0267356,Multiple CAS hits; exact SMILES used to disambiguate.,,human_only,11
PAIR_0011,2244-16-8__6485-40-1,2244-16-8,6485-40-1,CC1=CC[C@@H](CC1=O)C(=C)C,CC1=CC[C@H](CC1=O)C(=C)C,D-Carvone,(R)-Carvone,Homo sapiens,OR5B2,739.0,0.0,0.0,True,True,True,1.0,0.0,both non-responsive,Low,https://doi.org/10.1371/journal.pone.0267356,https://doi.org/10.1371/journal.pone.0267356,Multiple CAS hits; exact SMILES used to disambiguate.,,human_only,11
PAIR_0011,2244-16-8__6485-40-1,2244-16-8,6485-40-1,CC1=CC[C@@H](CC1=O)C(=C)C,CC1=CC[C@H](CC1=O)C(=C)C,D-Carvone,(R)-Carvone,Homo sapiens,OR5B21,741.0,0.0,0.0,True,True,True,1.0,0.0,both non-responsive,Low,https://doi.org/10.1371/journal.pone.0267356,https://doi.org/10.1371/journal.pone.0267356,Multiple CAS hits; exact SMILES used to disambiguate.,,human_only,11
PAIR_0011,2244-16-8__6485-40-1,2244-16-8,6485-40-1,CC1=CC[C@@H](CC1=O)C(=C)C,CC1=CC[C@H](CC1=O)C(=C)C,D-Carvone,(R)-Carvone,Homo sapiens,OR5B3,108.0,0.0,0.0,True,True,True,1.0,0.0,both non-responsive,Low,https://doi.org/10.1371/journal.pone.0267356,https://doi.org/10.1371/journal.pone.0267356,Multiple CAS hits; exact SMILES used to disambiguate.,,human_only,11
PAIR_0011,2244-16-8__6485-40-1,2244-16-8,6485-40-1,CC1=CC[C@@H](CC1=O)C(=C)C,CC1=CC[C@H](CC1=O)C(=C)C,D-Carvone,(R)-Carvone,Homo sapiens,OR5C1,348.0,0.0,0.0,True,True,True,1.0,0.0,both non-responsive,Low,https://doi.org/10.1371/journal.pone.0267356,https://doi.org/10.1371/journal.pone.0267356,Multiple CAS hits; exact SMILES used to disambiguate.,,human_only,11
PAIR_0011,2244-16-8__6485-40-1,2244-16-8,6485-40-1,CC1=CC[C@@H](CC1=O)C(=C)C,CC1=CC[C@H](CC1=O)C(=C)C,D-Carvone,(R)-Carvone,Homo sapiens,OR5D13,132.0,0.0,0.0,True,True,True,1.0,0.0,both non-responsive,Low,https://doi.org/10.1371/journal.pone.0267356,https://doi.org/10.1371/journal.pone.0267356,Multiple CAS hits; exact SMILES used to disambiguate.,,human_only,11
PAIR_0011,2244-16-8__6485-40-1,2244-16-8,6485-40-1,CC1=CC[C@@H](CC1=O)C(=C)C,CC1=CC[C@H](CC1=O)C(=C)C,D-Carvone,(R)-Carvone,Homo sapiens,OR5D14,744.0,0.0,0.0,True,True,True,1.0,0.0,both non-responsive,Low,https://doi.org/10.1371/journal.pone.0267356,https://doi.org/10.1371/journal.pone.0267356,Multiple CAS hits; exact SMILES used to disambiguate.,,human_only,11
PAIR_0011,2244-16-8__6485-40-1,2244-16-8,6485-40-1,CC1=CC[C@@H](CC1=O)C(=C)C,CC1=CC[C@H](CC1=O)C(=C)C,D-Carvone,(R)-Carvone,Homo sapiens,OR5D16,746.0,0.0,0.0,True,True,True,1.0,0.0,both non-responsive,Low,https://doi.org/10.1371/journal.pone.0267356,https://doi.org/10.1371/journal.pone.0267356,Multiple CAS hits; exact SMILES used to disambiguate.,,human_only,11
PAIR_0011,2244-16-8__6485-40-1,2244-16-8,6485-40-1,CC1=CC[C@@H](CC1=O)C(=C)C,CC1=CC[C@H](CC1=O)C(=C)C,D-Carvone,(R)-Carvone,Homo sapiens,OR5D18,748.0,0.0,0.0,True,True,True,1.0,0.0,both non-responsive,Low,https://doi.org/10.1371/journal.pone.0267356,https://doi.org/10.1371/journal.pone.0267356,Multiple CAS hits; exact SMILES used to disambiguate.,,human_only,11
PAIR_0011,2244-16-8__6485-40-1,2244-16-8,6485-40-1,CC1=CC[C@@H](CC1=O)C(=C)C,CC1=CC[C@H](CC1=O)C(=C)C,D-Carvone,(R)-Carvone,Homo sapiens,OR5F1,344.0,0.0,0.0,True,True,True,1.0,0.0,both non-responsive,Low,https://doi.org/10.1371/journal.pone.0267356,https://doi.org/10.1371/journal.pone.0267356,Multiple CAS hits; exact SMILES used to disambiguate.,,human_only,11
PAIR_0011,2244-16-8__6485-40-1,2244-16-8,6485-40-1,CC1=CC[C@@H](CC1=O)C(=C)C,CC1=CC[C@H](CC1=O)C(=C)C,D-Carvone,(R)-Carvone,Homo sapiens,OR5H1,389.0,0.0,0.0,True,True,True,1.0,0.0,both non-responsive,Low,https://doi.org/10.1371/journal.pone.0267356,https://doi.org/10.1371/journal.pone.0267356,Multiple CAS hits; exact SMILES used to disambiguate.,,human_only,11
PAIR_0011,2244-16-8__6485-40-1,2244-16-8,6485-40-1,CC1=CC[C@@H](CC1=O)C(=C)C,CC1=CC[C@H](CC1=O)C(=C)C,D-Carvone,(R)-Carvone,Homo sapiens,OR5H14,751.0,0.0,0.0,True,True,True,1.0,0.0,both non-responsive,Low,https://doi.org/10.1371/journal.pone.0267356,https://doi.org/10.1371/journal.pone.0267356,Multiple CAS hits; exact SMILES used to disambiguate.,,human_only,11
PAIR_0011,2244-16-8__6485-40-1,2244-16-8,6485-40-1,CC1=CC[C@@H](CC1=O)C(=C)C,CC1=CC[C@H](CC1=O)C(=C)C,D-Carvone,(R)-Carvone,Homo sapiens,OR5H15,752.0,0.0,0.0,True,True,True,1.0,0.0,both non-responsive,Low,https://doi.org/10.1371/journal.pone.0267356,https://doi.org/10.1371/journal.pone.0267356,Multiple CAS hits; exact SMILES used to disambiguate.,,human_only,11
PAIR_0011,2244-16-8__6485-40-1,2244-16-8,6485-40-1,CC1=CC[C@@H](CC1=O)C(=C)C,CC1=CC[C@H](CC1=O)C(=C)C,D-Carvone,(R)-Carvone,Homo sapiens,OR5H2,754.0,0.0,0.0,True,True,True,1.0,0.0,both non-responsive,Low,https://doi.org/10.1371/journal.pone.0267356,https://doi.org/10.1371/journal.pone.0267356,Multiple CAS hits; exact SMILES used to disambiguate.,,human_only,11
PAIR_0011,2244-16-8__6485-40-1,2244-16-8,6485-40-1,CC1=CC[C@@H](CC1=O)C(=C)C,CC1=CC[C@H](CC1=O)C(=C)C,D-Carvone,(R)-Carvone,Homo sapiens,OR5H6,755.0,0.0,0.0,True,True,True,1.0,0.0,both non-responsive,Low,https://doi.org/10.1371/journal.pone.0267356,https://doi.org/10.1371/journal.pone.0267356,Multiple CAS hits; exact SMILES used to disambiguate.,,human_only,11
PAIR_0011,2244-16-8__6485-40-1,2244-16-8,6485-40-1,CC1=CC[C@@H](CC1=O)C(=C)C,CC1=CC[C@H](CC1=O)C(=C)C,D-Carvone,(R)-Carvone,Homo sapiens,OR5I1,114.0,0.0,0.0,True,True,True,1.0,0.0,both non-responsive,Low,https://doi.org/10.1371/journal.pone.0267356,https://doi.org/10.1371/journal.pone.0267356,Multiple CAS hits; exact SMILES used to disambiguate.,,human_only,11
PAIR_0011,2244-16-8__6485-40-1,2244-16-8,6485-40-1,CC1=CC[C@@H](CC1=O)C(=C)C,CC1=CC[C@H](CC1=O)C(=C)C,D-Carvone,(R)-Carvone,Homo sapiens,OR5J2,200.0,0.0,0.0,True,True,True,1.0,0.0,both non-responsive,Low,https://doi.org/10.1371/journal.pone.0267356,https://doi.org/10.1371/journal.pone.0267356,Multiple CAS hits; exact SMILES used to disambiguate.,,human_only,11
PAIR_0011,2244-16-8__6485-40-1,2244-16-8,6485-40-1,CC1=CC[C@@H](CC1=O)C(=C)C,CC1=CC[C@H](CC1=O)C(=C)C,D-Carvone,(R)-Carvone,Homo sapiens,OR5K1,418.0,0.0,1.0,True,True,True,0.0,1.0,B only responsive,High,https://doi.org/10.1371/journal.pone.0267356,https://doi.org/10.1096/fj.202100224R | https://doi.org/10.1371/journal.pone.0267356,Multiple CAS hits; exact SMILES used to disambiguate.,,human_only,11
PAIR_0011,2244-16-8__6485-40-1,2244-16-8,6485-40-1,CC1=CC[C@@H](CC1=O)C(=C)C,CC1=CC[C@H](CC1=O)C(=C)C,D-Carvone,(R)-Carvone,Homo sapiens,OR5K2,52.0,0.0,0.0,True,True,True,1.0,0.0,both non-responsive,Low,https://doi.org/10.1371/journal.pone.0267356,https://doi.org/10.1371/journal.pone.0267356,Multiple CAS hits; exact SMILES used to disambiguate.,,human_only,11
PAIR_0011,2244-16-8__6485-40-1,2244-16-8,6485-40-1,CC1=CC[C@@H](CC1=O)C(=C)C,CC1=CC[C@H](CC1=O)C(=C)C,D-Carvone,(R)-Carvone,Homo sapiens,OR5K3,521.0,0.0,0.0,True,True,True,1.0,0.0,both non-responsive,Low,https://doi.org/10.1371/journal.pone.0267356,https://doi.org/10.1371/journal.pone.0267356,Multiple CAS hits; exact SMILES used to disambiguate.,,human_only,11
PAIR_0011,2244-16-8__6485-40-1,2244-16-8,6485-40-1,CC1=CC[C@@H](CC1=O)C(=C)C,CC1=CC[C@H](CC1=O)C(=C)C,D-Carvone,(R)-Carvone,Homo sapiens,OR5K4,757.0,0.0,0.0,True,True,True,1.0,0.0,both non-responsive,Low,https://doi.org/10.1371/journal.pone.0267356,https://doi.org/10.1371/journal.pone.0267356,Multiple CAS hits; exact SMILES used to disambiguate.,,human_only,11
PAIR_0011,2244-16-8__6485-40-1,2244-16-8,6485-40-1,CC1=CC[C@@H](CC1=O)C(=C)C,CC1=CC[C@H](CC1=O)C(=C)C,D-Carvone,(R)-Carvone,Homo sapiens,OR5L1,296.0,0.0,0.0,True,True,True,1.0,0.0,both non-responsive,Low,https://doi.org/10.1371/journal.pone.0267356,https://doi.org/10.1371/journal.pone.0267356,Multiple CAS hits; exact SMILES used to disambiguate.,,human_only,11
PAIR_0011,2244-16-8__6485-40-1,2244-16-8,6485-40-1,CC1=CC[C@@H](CC1=O)C(=C)C,CC1=CC[C@H](CC1=O)C(=C)C,D-Carvone,(R)-Carvone,Homo sapiens,OR5L2,758.0,0.0,0.0,True,True,True,1.0,0.0,both non-responsive,Low,https://doi.org/10.1371/journal.pone.0267356,https://doi.org/10.1371/journal.pone.0267356,Multiple CAS hits; exact SMILES used to disambiguate.,,human_only,11
PAIR_0011,2244-16-8__6485-40-1,2244-16-8,6485-40-1,CC1=CC[C@@H](CC1=O)C(=C)C,CC1=CC[C@H](CC1=O)C(=C)C,D-Carvone,(R)-Carvone,Homo sapiens,OR5M1,759.0,0.0,0.0,True,True,True,1.0,0.0,both non-responsive,Low,https://doi.org/10.1371/journal.pone.0267356,https://doi.org/10.1371/journal.pone.0267356,Multiple CAS hits; exact SMILES used to disambiguate.,,human_only,11
PAIR_0011,2244-16-8__6485-40-1,2244-16-8,6485-40-1,CC1=CC[C@@H](CC1=O)C(=C)C,CC1=CC[C@H](CC1=O)C(=C)C,D-Carvone,(R)-Carvone,Homo sapiens,OR5M10,761.0,0.0,0.0,True,True,True,1.0,0.0,both non-responsive,Low,https://doi.org/10.1371/journal.pone.0267356,https://doi.org/10.1371/journal.pone.0267356,Multiple CAS hits; exact SMILES used to disambiguate.,,human_only,11
PAIR_0011,2244-16-8__6485-40-1,2244-16-8,6485-40-1,CC1=CC[C@@H](CC1=O)C(=C)C,CC1=CC[C@H](CC1=O)C(=C)C,D-Carvone,(R)-Carvone,Homo sapiens,OR5M11,195.0,0.0,0.0,True,True,True,1.0,0.0,both non-responsive,Low,https://doi.org/10.1371/journal.pone.0267356,https://doi.org/10.1371/journal.pone.0267356,Multiple CAS hits; exact SMILES used to disambiguate.,,human_only,11
PAIR_0011,2244-16-8__6485-40-1,2244-16-8,6485-40-1,CC1=CC[C@@H](CC1=O)C(=C)C,CC1=CC[C@H](CC1=O)C(=C)C,D-Carvone,(R)-Carvone,Homo sapiens,OR5M3,670.0,0.0,0.0,True,True,True,1.0,0.0,both non-responsive,Low,https://doi.org/10.1371/journal.pone.0267356,https://doi.org/10.1021/acs.jafc.1c03314,Multiple CAS hits; exact SMILES used to disambiguate.,,human_only,11
PAIR_0011,2244-16-8__6485-40-1,2244-16-8,6485-40-1,CC1=CC[C@@H](CC1=O)C(=C)C,CC1=CC[C@H](CC1=O)C(=C)C,D-Carvone,(R)-Carvone,Homo sapiens,OR5M8,437.0,0.0,0.0,True,True,True,1.0,0.0,both non-responsive,Low,https://doi.org/10.1371/journal.pone.0267356,https://doi.org/10.1371/journal.pone.0267356,Multiple CAS hits; exact SMILES used to disambiguate.,,human_only,11
PAIR_0011,2244-16-8__6485-40-1,2244-16-8,6485-40-1,CC1=CC[C@@H](CC1=O)C(=C)C,CC1=CC[C@H](CC1=O)C(=C)C,D-Carvone,(R)-Carvone,Homo sapiens,OR5M9,161.0,0.0,0.0,True,True,True,1.0,0.0,both non-responsive,Low,https://doi.org/10.1371/journal.pone.0267356,https://doi.org/10.1371/journal.pone.0267356,Multiple CAS hits; exact SMILES used to disambiguate.,,human_only,11
PAIR_0011,2244-16-8__6485-40-1,2244-16-8,6485-40-1,CC1=CC[C@@H](CC1=O)C(=C)C,CC1=CC[C@H](CC1=O)C(=C)C,D-Carvone,(R)-Carvone,Homo sapiens,OR5P2,148.0,0.0,0.0,True,True,True,1.0,0.0,both non-responsive,Low,https://doi.org/10.1371/journal.pone.0267356,https://doi.org/10.1371/journal.pone.0267356,Multiple CAS hits; exact SMILES used to disambiguate.,,human_only,11
PAIR_0011,2244-16-8__6485-40-1,2244-16-8,6485-40-1,CC1=CC[C@@H](CC1=O)C(=C)C,CC1=CC[C@H](CC1=O)C(=C)C,D-Carvone,(R)-Carvone,Homo sapiens,OR5R1,529.0,0.0,1.0,True,True,True,0.0,1.0,B only responsive,High,https://doi.org/10.1371/journal.pone.0267356,https://doi.org/10.1021/acscentsci.1c01495 | https://doi.org/10.1371/journal.pone.0267356,Multiple CAS hits; exact SMILES used to disambiguate.,,human_only,11
PAIR_0011,2244-16-8__6485-40-1,2244-16-8,6485-40-1,CC1=CC[C@@H](CC1=O)C(=C)C,CC1=CC[C@H](CC1=O)C(=C)C,D-Carvone,(R)-Carvone,Homo sapiens,OR5T1,206.0,0.0,0.0,True,True,True,1.0,0.0,both non-responsive,Low,https://doi.org/10.1371/journal.pone.0267356,https://doi.org/10.1371/journal.pone.0267356,Multiple CAS hits; exact SMILES used to disambiguate.,,human_only,11
PAIR_0011,2244-16-8__6485-40-1,2244-16-8,6485-40-1,CC1=CC[C@@H](CC1=O)C(=C)C,CC1=CC[C@H](CC1=O)C(=C)C,D-Carvone,(R)-Carvone,Homo sapiens,OR5T2,767.0,0.0,0.0,True,True,True,1.0,0.0,both non-responsive,Low,https://doi.org/10.1371/journal.pone.0267356,https://doi.org/10.1371/journal.pone.0267356,Multiple CAS hits; exact SMILES used to disambiguate.,,human_only,11
PAIR_0011,2244-16-8__6485-40-1,2244-16-8,6485-40-1,CC1=CC[C@@H](CC1=O)C(=C)C,CC1=CC[C@H](CC1=O)C(=C)C,D-Carvone,(R)-Carvone,Homo sapiens,OR5T3,159.0,0.0,0.0,True,True,True,1.0,0.0,both non-responsive,Low,https://doi.org/10.1371/journal.pone.0267356,https://doi.org/10.1371/journal.pone.0267356,Multiple CAS hits; exact SMILES used to disambiguate.,,human_only,11
PAIR_0011,2244-16-8__6485-40-1,2244-16-8,6485-40-1,CC1=CC[C@@H](CC1=O)C(=C)C,CC1=CC[C@H](CC1=O)C(=C)C,D-Carvone,(R)-Carvone,Homo sapiens,OR5V1,54.0,0.0,0.0,True,True,True,1.0,0.0,both non-responsive,Low,https://doi.org/10.1371/journal.pone.0267356,https://doi.org/10.1371/journal.pone.0267356,Multiple CAS hits; exact SMILES used to disambiguate.,,human_only,11
PAIR_0011,2244-16-8__6485-40-1,2244-16-8,6485-40-1,CC1=CC[C@@H](CC1=O)C(=C)C,CC1=CC[C@H](CC1=O)C(=C)C,D-Carvone,(R)-Carvone,Homo sapiens,OR5W2,769.0,0.0,0.0,True,True,True,1.0,0.0,both non-responsive,Low,https://doi.org/10.1371/journal.pone.0267356,https://doi.org/10.1371/journal.pone.0267356,Multiple CAS hits; exact SMILES used to disambiguate.,,human_only,11
PAIR_0011,2244-16-8__6485-40-1,2244-16-8,6485-40-1,CC1=CC[C@@H](CC1=O)C(=C)C,CC1=CC[C@H](CC1=O)C(=C)C,D-Carvone,(R)-Carvone,Homo sapiens,OR6A2,406.0,0.0,0.0,True,True,True,1.0,0.0,both non-responsive,Low,https://doi.org/10.1371/journal.pone.0267356,https://doi.org/10.1371/journal.pone.0267356,Multiple CAS hits; exact SMILES used to disambiguate.,,human_only,11
PAIR_0011,2244-16-8__6485-40-1,2244-16-8,6485-40-1,CC1=CC[C@@H](CC1=O)C(=C)C,CC1=CC[C@H](CC1=O)C(=C)C,D-Carvone,(R)-Carvone,Homo sapiens,OR6B1,772.0,0.0,0.0,True,True,True,1.0,0.0,both non-responsive,Low,https://doi.org/10.1371/journal.pone.0267356,https://doi.org/10.1371/journal.pone.0267356,Multiple CAS hits; exact SMILES used to disambiguate.,,human_only,11
PAIR_0011,2244-16-8__6485-40-1,2244-16-8,6485-40-1,CC1=CC[C@@H](CC1=O)C(=C)C,CC1=CC[C@H](CC1=O)C(=C)C,D-Carvone,(R)-Carvone,Homo sapiens,OR6B2,773.0,0.0,0.0,True,True,True,1.0,0.0,both non-responsive,Low,https://doi.org/10.1371/journal.pone.0267356,https://doi.org/10.1371/journal.pone.0267356,Multiple CAS hits; exact SMILES used to disambiguate.,,human_only,11
PAIR_0011,2244-16-8__6485-40-1,2244-16-8,6485-40-1,CC1=CC[C@@H](CC1=O)C(=C)C,CC1=CC[C@H](CC1=O)C(=C)C,D-Carvone,(R)-Carvone,Homo sapiens,OR6B3,209.0,0.0,0.0,True,True,True,1.0,0.0,both non-responsive,Low,https://doi.org/10.1371/journal.pone.0267356,https://doi.org/10.1371/journal.pone.0267356,Multiple CAS hits; exact SMILES used to disambiguate.,,human_only,11
PAIR_0011,2244-16-8__6485-40-1,2244-16-8,6485-40-1,CC1=CC[C@@H](CC1=O)C(=C)C,CC1=CC[C@H](CC1=O)C(=C)C,D-Carvone,(R)-Carvone,Homo sapiens,OR6C1,776.0,0.0,0.0,True,True,True,1.0,0.0,both non-responsive,Low,https://doi.org/10.1371/journal.pone.0267356,https://doi.org/10.1371/journal.pone.0267356,Multiple CAS hits; exact SMILES used to disambiguate.,,human_only,11
PAIR_0011,2244-16-8__6485-40-1,2244-16-8,6485-40-1,CC1=CC[C@@H](CC1=O)C(=C)C,CC1=CC[C@H](CC1=O)C(=C)C,D-Carvone,(R)-Carvone,Homo sapiens,OR6C2,335.0,0.0,0.0,True,True,True,1.0,0.0,both non-responsive,Low,https://doi.org/10.1371/journal.pone.0267356,https://doi.org/10.1371/journal.pone.0267356,Multiple CAS hits; exact SMILES used to disambiguate.,,human_only,11
PAIR_0011,2244-16-8__6485-40-1,2244-16-8,6485-40-1,CC1=CC[C@@H](CC1=O)C(=C)C,CC1=CC[C@H](CC1=O)C(=C)C,D-Carvone,(R)-Carvone,Homo sapiens,OR6C3,342.0,0.0,0.0,True,True,True,1.0,0.0,both non-responsive,Low,https://doi.org/10.1371/journal.pone.0267356,https://doi.org/10.1371/journal.pone.0267356,Multiple CAS hits; exact SMILES used to disambiguate.,,human_only,11
PAIR_0011,2244-16-8__6485-40-1,2244-16-8,6485-40-1,CC1=CC[C@@H](CC1=O)C(=C)C,CC1=CC[C@H](CC1=O)C(=C)C,D-Carvone,(R)-Carvone,Homo sapiens,OR6C4,778.0,0.0,0.0,True,True,True,1.0,0.0,both non-responsive,Low,https://doi.org/10.1371/journal.pone.0267356,https://doi.org/10.1371/journal.pone.0267356,Multiple CAS hits; exact SMILES used to disambiguate.,,human_only,11
PAIR_0011,2244-16-8__6485-40-1,2244-16-8,6485-40-1,CC1=CC[C@@H](CC1=O)C(=C)C,CC1=CC[C@H](CC1=O)C(=C)C,D-Carvone,(R)-Carvone,Homo sapiens,OR6C6,349.0,0.0,0.0,True,True,True,1.0,0.0,both non-responsive,Low,https://doi.org/10.1371/journal.pone.0267356,https://doi.org/10.1371/journal.pone.0267356,Multiple CAS hits; exact SMILES used to disambiguate.,,human_only,11
PAIR_0011,2244-16-8__6485-40-1,2244-16-8,6485-40-1,CC1=CC[C@@H](CC1=O)C(=C)C,CC1=CC[C@H](CC1=O)C(=C)C,D-Carvone,(R)-Carvone,Homo sapiens,OR6C65,379.0,0.0,0.0,True,True,True,1.0,0.0,both non-responsive,Low,https://doi.org/10.1371/journal.pone.0267356,https://doi.org/10.1371/journal.pone.0267356,Multiple CAS hits; exact SMILES used to disambiguate.,,human_only,11
PAIR_0011,2244-16-8__6485-40-1,2244-16-8,6485-40-1,CC1=CC[C@@H](CC1=O)C(=C)C,CC1=CC[C@H](CC1=O)C(=C)C,D-Carvone,(R)-Carvone,Homo sapiens,OR6C68,781.0,0.0,0.0,True,True,True,1.0,0.0,both non-responsive,Low,https://doi.org/10.1371/journal.pone.0267356,https://doi.org/10.1371/journal.pone.0267356,Multiple CAS hits; exact SMILES used to disambiguate.,,human_only,11
PAIR_0011,2244-16-8__6485-40-1,2244-16-8,6485-40-1,CC1=CC[C@@H](CC1=O)C(=C)C,CC1=CC[C@H](CC1=O)C(=C)C,D-Carvone,(R)-Carvone,Homo sapiens,OR6C70,782.0,0.0,0.0,True,True,True,1.0,0.0,both non-responsive,Low,https://doi.org/10.1371/journal.pone.0267356,https://doi.org/10.1371/journal.pone.0267356,Multiple CAS hits; exact SMILES used to disambiguate.,,human_only,11
PAIR_0011,2244-16-8__6485-40-1,2244-16-8,6485-40-1,CC1=CC[C@@H](CC1=O)C(=C)C,CC1=CC[C@H](CC1=O)C(=C)C,D-Carvone,(R)-Carvone,Homo sapiens,OR6C74,363.0,0.0,0.0,True,True,True,1.0,0.0,both non-responsive,Low,https://doi.org/10.1371/journal.pone.0267356,https://doi.org/10.1371/journal.pone.0267356,Multiple CAS hits; exact SMILES used to disambiguate.,,human_only,11
PAIR_0011,2244-16-8__6485-40-1,2244-16-8,6485-40-1,CC1=CC[C@@H](CC1=O)C(=C)C,CC1=CC[C@H](CC1=O)C(=C)C,D-Carvone,(R)-Carvone,Homo sapiens,OR6C75,433.0,0.0,0.0,True,True,True,1.0,0.0,both non-responsive,Low,https://doi.org/10.1371/journal.pone.0267356,https://doi.org/10.1371/journal.pone.0267356,Multiple CAS hits; exact SMILES used to disambiguate.,,human_only,11
PAIR_0011,2244-16-8__6485-40-1,2244-16-8,6485-40-1,CC1=CC[C@@H](CC1=O)C(=C)C,CC1=CC[C@H](CC1=O)C(=C)C,D-Carvone,(R)-Carvone,Homo sapiens,OR6C76,336.0,0.0,0.0,True,True,True,1.0,0.0,both non-responsive,Low,https://doi.org/10.1371/journal.pone.0267356,https://doi.org/10.1371/journal.pone.0267356,Multiple CAS hits; exact SMILES used to disambiguate.,,human_only,11
PAIR_0011,2244-16-8__6485-40-1,2244-16-8,6485-40-1,CC1=CC[C@@H](CC1=O)C(=C)C,CC1=CC[C@H](CC1=O)C(=C)C,D-Carvone,(R)-Carvone,Homo sapiens,OR6F1,28.0,0.0,0.0,True,True,True,1.0,0.0,both non-responsive,Low,https://doi.org/10.1371/journal.pone.0267356,https://doi.org/10.1371/journal.pone.0267356,Multiple CAS hits; exact SMILES used to disambiguate.,,human_only,11
PAIR_0011,2244-16-8__6485-40-1,2244-16-8,6485-40-1,CC1=CC[C@@H](CC1=O)C(=C)C,CC1=CC[C@H](CC1=O)C(=C)C,D-Carvone,(R)-Carvone,Homo sapiens,OR6J1,961.0,0.0,0.0,True,True,True,1.0,0.0,both non-responsive,Low,https://doi.org/10.1371/journal.pone.0267356,https://doi.org/10.1371/journal.pone.0267356,Multiple CAS hits; exact SMILES used to disambiguate.,,human_only,11
PAIR_0011,2244-16-8__6485-40-1,2244-16-8,6485-40-1,CC1=CC[C@@H](CC1=O)C(=C)C,CC1=CC[C@H](CC1=O)C(=C)C,D-Carvone,(R)-Carvone,Homo sapiens,OR6K2,31.0,0.0,0.0,True,True,True,1.0,0.0,both non-responsive,Low,https://doi.org/10.1371/journal.pone.0267356,https://doi.org/10.1371/journal.pone.0267356,Multiple CAS hits; exact SMILES used to disambiguate.,,human_only,11
PAIR_0011,2244-16-8__6485-40-1,2244-16-8,6485-40-1,CC1=CC[C@@H](CC1=O)C(=C)C,CC1=CC[C@H](CC1=O)C(=C)C,D-Carvone,(R)-Carvone,Homo sapiens,OR6K3,603.0,0.0,0.0,True,True,True,1.0,0.0,both non-responsive,Low,https://doi.org/10.1371/journal.pone.0267356,https://doi.org/10.1371/journal.pone.0267356,Multiple CAS hits; exact SMILES used to disambiguate.,,human_only,11
PAIR_0011,2244-16-8__6485-40-1,2244-16-8,6485-40-1,CC1=CC[C@@H](CC1=O)C(=C)C,CC1=CC[C@H](CC1=O)C(=C)C,D-Carvone,(R)-Carvone,Homo sapiens,OR6K6,530.0,0.0,0.0,True,True,True,1.0,0.0,both non-responsive,Low,https://doi.org/10.1371/journal.pone.0267356,https://doi.org/10.1371/journal.pone.0267356,Multiple CAS hits; exact SMILES used to disambiguate.,,human_only,11
PAIR_0011,2244-16-8__6485-40-1,2244-16-8,6485-40-1,CC1=CC[C@@H](CC1=O)C(=C)C,CC1=CC[C@H](CC1=O)C(=C)C,D-Carvone,(R)-Carvone,Homo sapiens,OR6M1,146.0,0.0,0.0,True,True,True,1.0,0.0,both non-responsive,Low,https://doi.org/10.1371/journal.pone.0267356,https://doi.org/10.1371/journal.pone.0267356,Multiple CAS hits; exact SMILES used to disambiguate.,,human_only,11
PAIR_0011,2244-16-8__6485-40-1,2244-16-8,6485-40-1,CC1=CC[C@@H](CC1=O)C(=C)C,CC1=CC[C@H](CC1=O)C(=C)C,D-Carvone,(R)-Carvone,Homo sapiens,OR6N1,788.0,0.0,1.0,True,True,True,0.0,1.0,B only responsive,Low,https://doi.org/10.1371/journal.pone.0267356,https://doi.org/10.1371/journal.pone.0267356,Multiple CAS hits; exact SMILES used to disambiguate.,,human_only,11
PAIR_0011,2244-16-8__6485-40-1,2244-16-8,6485-40-1,CC1=CC[C@@H](CC1=O)C(=C)C,CC1=CC[C@H](CC1=O)C(=C)C,D-Carvone,(R)-Carvone,Homo sapiens,OR6N2,15.0,0.0,0.0,True,True,True,1.0,0.0,both non-responsive,Low,https://doi.org/10.1371/journal.pone.0267356,https://doi.org/10.1371/journal.pone.0267356,Multiple CAS hits; exact SMILES used to disambiguate.,,human_only,11
PAIR_0011,2244-16-8__6485-40-1,2244-16-8,6485-40-1,CC1=CC[C@@H](CC1=O)C(=C)C,CC1=CC[C@H](CC1=O)C(=C)C,D-Carvone,(R)-Carvone,Homo sapiens,OR6Q1,191.0,0.0,0.0,True,True,True,1.0,0.0,both non-responsive,Low,https://doi.org/10.1371/journal.pone.0267356,https://doi.org/10.1371/journal.pone.0267356,Multiple CAS hits; exact SMILES used to disambiguate.,,human_only,11
PAIR_0011,2244-16-8__6485-40-1,2244-16-8,6485-40-1,CC1=CC[C@@H](CC1=O)C(=C)C,CC1=CC[C@H](CC1=O)C(=C)C,D-Carvone,(R)-Carvone,Homo sapiens,OR6S1,789.0,0.0,0.0,True,True,True,1.0,0.0,both non-responsive,Low,https://doi.org/10.1371/journal.pone.0267356,https://doi.org/10.1371/journal.pone.0267356,Multiple CAS hits; exact SMILES used to disambiguate.,,human_only,11
PAIR_0011,2244-16-8__6485-40-1,2244-16-8,6485-40-1,CC1=CC[C@@H](CC1=O)C(=C)C,CC1=CC[C@H](CC1=O)C(=C)C,D-Carvone,(R)-Carvone,Homo sapiens,OR6T1,112.0,0.0,0.0,True,True,True,1.0,0.0,both non-responsive,Low,https://doi.org/10.1371/journal.pone.0267356,https://doi.org/10.1371/journal.pone.0267356,Multiple CAS hits; exact SMILES used to disambiguate.,,human_only,11
PAIR_0011,2244-16-8__6485-40-1,2244-16-8,6485-40-1,CC1=CC[C@@H](CC1=O)C(=C)C,CC1=CC[C@H](CC1=O)C(=C)C,D-Carvone,(R)-Carvone,Homo sapiens,OR6V1,512.0,0.0,0.0,True,True,True,1.0,0.0,both non-responsive,Low,https://doi.org/10.1371/journal.pone.0267356,https://doi.org/10.1371/journal.pone.0267356,Multiple CAS hits; exact SMILES used to disambiguate.,,human_only,11
PAIR_0011,2244-16-8__6485-40-1,2244-16-8,6485-40-1,CC1=CC[C@@H](CC1=O)C(=C)C,CC1=CC[C@H](CC1=O)C(=C)C,D-Carvone,(R)-Carvone,Homo sapiens,OR6X1,198.0,0.0,0.0,True,True,True,1.0,0.0,both non-responsive,Low,https://doi.org/10.1371/journal.pone.0267356,https://doi.org/10.1371/journal.pone.0267356,Multiple CAS hits; exact SMILES used to disambiguate.,,human_only,11
PAIR_0011,2244-16-8__6485-40-1,2244-16-8,6485-40-1,CC1=CC[C@@H](CC1=O)C(=C)C,CC1=CC[C@H](CC1=O)C(=C)C,D-Carvone,(R)-Carvone,Homo sapiens,OR6Y1,792.0,0.0,0.0,True,True,True,1.0,0.0,both non-responsive,Low,https://doi.org/10.1371/journal.pone.0267356,https://doi.org/10.1371/journal.pone.0267356,Multiple CAS hits; exact SMILES used to disambiguate.,,human_only,11
PAIR_0011,2244-16-8__6485-40-1,2244-16-8,6485-40-1,CC1=CC[C@@H](CC1=O)C(=C)C,CC1=CC[C@H](CC1=O)C(=C)C,D-Carvone,(R)-Carvone,Homo sapiens,OR7A10,80.0,0.0,0.0,True,True,True,1.0,0.0,both non-responsive,Low,https://doi.org/10.1371/journal.pone.0267356,https://doi.org/10.1371/journal.pone.0267356,Multiple CAS hits; exact SMILES used to disambiguate.,,human_only,11
PAIR_0011,2244-16-8__6485-40-1,2244-16-8,6485-40-1,CC1=CC[C@@H](CC1=O)C(=C)C,CC1=CC[C@H](CC1=O)C(=C)C,D-Carvone,(R)-Carvone,Homo sapiens,OR7A17,247.0,0.0,0.0,True,True,True,1.0,0.0,both non-responsive,Low,https://doi.org/10.1371/journal.pone.0267356,https://doi.org/10.1371/journal.pone.0267356,Multiple CAS hits; exact SMILES used to disambiguate.,,human_only,11
PAIR_0011,2244-16-8__6485-40-1,2244-16-8,6485-40-1,CC1=CC[C@@H](CC1=O)C(=C)C,CC1=CC[C@H](CC1=O)C(=C)C,D-Carvone,(R)-Carvone,Homo sapiens,OR7A5,387.0,0.0,0.0,True,True,True,1.0,0.0,both non-responsive,Low,https://doi.org/10.1371/journal.pone.0267356,https://doi.org/10.1371/journal.pone.0267356,Multiple CAS hits; exact SMILES used to disambiguate.,,human_only,11
PAIR_0011,2244-16-8__6485-40-1,2244-16-8,6485-40-1,CC1=CC[C@@H](CC1=O)C(=C)C,CC1=CC[C@H](CC1=O)C(=C)C,D-Carvone,(R)-Carvone,Homo sapiens,OR7C1,608.0,0.0,0.0,True,True,True,1.0,0.0,both non-responsive,Low,https://doi.org/10.1371/journal.pone.0267356,https://doi.org/10.1371/journal.pone.0267356,Multiple CAS hits; exact SMILES used to disambiguate.,,human_only,11
PAIR_0011,2244-16-8__6485-40-1,2244-16-8,6485-40-1,CC1=CC[C@@H](CC1=O)C(=C)C,CC1=CC[C@H](CC1=O)C(=C)C,D-Carvone,(R)-Carvone,Homo sapiens,OR7C2,795.0,0.0,0.0,True,True,True,1.0,0.0,both non-responsive,Low,https://doi.org/10.1371/journal.pone.0267356,https://doi.org/10.1371/journal.pone.0267356,Multiple CAS hits; exact SMILES used to disambiguate.,,human_only,11
PAIR_0011,2244-16-8__6485-40-1,2244-16-8,6485-40-1,CC1=CC[C@@H](CC1=O)C(=C)C,CC1=CC[C@H](CC1=O)C(=C)C,D-Carvone,(R)-Carvone,Homo sapiens,OR7D2,796.0,0.0,0.0,True,True,True,1.0,0.0,both non-responsive,Low,https://doi.org/10.1371/journal.pone.0267356,https://doi.org/10.1371/journal.pone.0267356,Multiple CAS hits; exact SMILES used to disambiguate.,,human_only,11
PAIR_0011,2244-16-8__6485-40-1,2244-16-8,6485-40-1,CC1=CC[C@@H](CC1=O)C(=C)C,CC1=CC[C@H](CC1=O)C(=C)C,D-Carvone,(R)-Carvone,Homo sapiens,OR7D4,245.0,0.0,0.0,True,True,True,1.0,0.0,both non-responsive,Medium,https://doi.org/10.1371/journal.pone.0267356,https://doi.org/10.1038/nature06162 | https://doi.org/10.1371/journal.pone.0267356,Multiple CAS hits; exact SMILES used to disambiguate.,,human_only,11
PAIR_0011,2244-16-8__6485-40-1,2244-16-8,6485-40-1,CC1=CC[C@@H](CC1=O)C(=C)C,CC1=CC[C@H](CC1=O)C(=C)C,D-Carvone,(R)-Carvone,Homo sapiens,OR7E24,798.0,0.0,0.0,True,True,True,1.0,0.0,both non-responsive,Low,https://doi.org/10.1371/journal.pone.0267356,https://doi.org/10.1371/journal.pone.0267356,Multiple CAS hits; exact SMILES used to disambiguate.,,human_only,11
PAIR_0011,2244-16-8__6485-40-1,2244-16-8,6485-40-1,CC1=CC[C@@H](CC1=O)C(=C)C,CC1=CC[C@H](CC1=O)C(=C)C,D-Carvone,(R)-Carvone,Homo sapiens,OR7G1,242.0,0.0,0.0,True,True,True,1.0,0.0,both non-responsive,Low,https://doi.org/10.1371/journal.pone.0267356,https://doi.org/10.1371/journal.pone.0267356,Multiple CAS hits; exact SMILES used to disambiguate.,,human_only,11
PAIR_0011,2244-16-8__6485-40-1,2244-16-8,6485-40-1,CC1=CC[C@@H](CC1=O)C(=C)C,CC1=CC[C@H](CC1=O)C(=C)C,D-Carvone,(R)-Carvone,Homo sapiens,OR7G2,393.0,0.0,0.0,True,True,True,1.0,0.0,both non-responsive,Low,https://doi.org/10.1371/journal.pone.0267356,https://doi.org/10.1371/journal.pone.0267356,Multiple CAS hits; exact SMILES used to disambiguate.,,human_only,11
PAIR_0011,2244-16-8__6485-40-1,2244-16-8,6485-40-1,CC1=CC[C@@H](CC1=O)C(=C)C,CC1=CC[C@H](CC1=O)C(=C)C,D-Carvone,(R)-Carvone,Homo sapiens,OR7G3,244.0,0.0,0.0,True,True,True,1.0,0.0,both non-responsive,Low,https://doi.org/10.1371/journal.pone.0267356,https://doi.org/10.1371/journal.pone.0267356,Multiple CAS hits; exact SMILES used to disambiguate.,,human_only,11
PAIR_0011,2244-16-8__6485-40-1,2244-16-8,6485-40-1,CC1=CC[C@@H](CC1=O)C(=C)C,CC1=CC[C@H](CC1=O)C(=C)C,D-Carvone,(R)-Carvone,Homo sapiens,OR8A1,136.0,0.0,0.0,True,True,True,1.0,0.0,both non-responsive,Low,https://doi.org/10.1371/journal.pone.0267356,https://doi.org/10.1371/journal.pone.0267356,Multiple CAS hits; exact SMILES used to disambiguate.,,human_only,11
PAIR_0011,2244-16-8__6485-40-1,2244-16-8,6485-40-1,CC1=CC[C@@H](CC1=O)C(=C)C,CC1=CC[C@H](CC1=O)C(=C)C,D-Carvone,(R)-Carvone,Homo sapiens,OR8B12,513.0,0.0,0.0,True,True,True,1.0,0.0,both non-responsive,Low,https://doi.org/10.1371/journal.pone.0267356,https://doi.org/10.1371/journal.pone.0267356,Multiple CAS hits; exact SMILES used to disambiguate.,,human_only,11
PAIR_0011,2244-16-8__6485-40-1,2244-16-8,6485-40-1,CC1=CC[C@@H](CC1=O)C(=C)C,CC1=CC[C@H](CC1=O)C(=C)C,D-Carvone,(R)-Carvone,Homo sapiens,OR8B2,199.0,0.0,0.0,True,True,True,1.0,0.0,both non-responsive,High,https://doi.org/10.1371/journal.pone.0267356,https://doi.org/10.1021/acscentsci.1c01495 | https://doi.org/10.1371/journal.pone.0267356,Multiple CAS hits; exact SMILES used to disambiguate.,,human_only,11
PAIR_0011,2244-16-8__6485-40-1,2244-16-8,6485-40-1,CC1=CC[C@@H](CC1=O)C(=C)C,CC1=CC[C@H](CC1=O)C(=C)C,D-Carvone,(R)-Carvone,Homo sapiens,OR8B3,804.0,0.0,1.0,True,True,True,0.0,1.0,B only responsive,High,https://doi.org/10.1371/journal.pone.0267356,https://doi.org/10.1371/journal.pone.0267356,Multiple CAS hits; exact SMILES used to disambiguate.,,human_only,11
PAIR_0011,2244-16-8__6485-40-1,2244-16-8,6485-40-1,CC1=CC[C@@H](CC1=O)C(=C)C,CC1=CC[C@H](CC1=O)C(=C)C,D-Carvone,(R)-Carvone,Homo sapiens,OR8B4,137.0,0.0,0.0,True,True,True,1.0,0.0,both non-responsive,Low,https://doi.org/10.1371/journal.pone.0267356,https://doi.org/10.1371/journal.pone.0267356,Multiple CAS hits; exact SMILES used to disambiguate.,,human_only,11
PAIR_0011,2244-16-8__6485-40-1,2244-16-8,6485-40-1,CC1=CC[C@@H](CC1=O)C(=C)C,CC1=CC[C@H](CC1=O)C(=C)C,D-Carvone,(R)-Carvone,Homo sapiens,OR8B8,420.0,0.0,0.0,True,True,True,1.0,0.0,both non-responsive,Low,https://doi.org/10.1371/journal.pone.0267356,https://doi.org/10.1371/journal.pone.0267356,Multiple CAS hits; exact SMILES used to disambiguate.,,human_only,11
PAIR_0011,2244-16-8__6485-40-1,2244-16-8,6485-40-1,CC1=CC[C@@H](CC1=O)C(=C)C,CC1=CC[C@H](CC1=O)C(=C)C,D-Carvone,(R)-Carvone,Homo sapiens,OR8D1,110.0,0.0,0.0,True,True,True,1.0,0.0,both non-responsive,Low,https://doi.org/10.1371/journal.pone.0267356,https://doi.org/10.1021/acs.jafc.1c03314 | https://doi.org/10.1371/journal.pone.0267356,Multiple CAS hits; exact SMILES used to disambiguate.,,human_only,11
PAIR_0011,2244-16-8__6485-40-1,2244-16-8,6485-40-1,CC1=CC[C@@H](CC1=O)C(=C)C,CC1=CC[C@H](CC1=O)C(=C)C,D-Carvone,(R)-Carvone,Homo sapiens,OR8D2,143.0,0.0,0.0,True,True,True,1.0,0.0,both non-responsive,Low,https://doi.org/10.1371/journal.pone.0267356,https://doi.org/10.1371/journal.pone.0267356,Multiple CAS hits; exact SMILES used to disambiguate.,,human_only,11
PAIR_0011,2244-16-8__6485-40-1,2244-16-8,6485-40-1,CC1=CC[C@@H](CC1=O)C(=C)C,CC1=CC[C@H](CC1=O)C(=C)C,D-Carvone,(R)-Carvone,Homo sapiens,OR8D4,811.0,0.0,0.0,True,True,True,1.0,0.0,both non-responsive,Low,https://doi.org/10.1371/journal.pone.0267356,https://doi.org/10.1371/journal.pone.0267356,Multiple CAS hits; exact SMILES used to disambiguate.,,human_only,11
PAIR_0011,2244-16-8__6485-40-1,2244-16-8,6485-40-1,CC1=CC[C@@H](CC1=O)C(=C)C,CC1=CC[C@H](CC1=O)C(=C)C,D-Carvone,(R)-Carvone,Homo sapiens,OR8G1,313.0,0.0,0.0,True,True,True,1.0,0.0,both non-responsive,Low,https://doi.org/10.1371/journal.pone.0267356,https://doi.org/10.1371/journal.pone.0267356,Multiple CAS hits; exact SMILES used to disambiguate.,,human_only,11
PAIR_0011,2244-16-8__6485-40-1,2244-16-8,6485-40-1,CC1=CC[C@@H](CC1=O)C(=C)C,CC1=CC[C@H](CC1=O)C(=C)C,D-Carvone,(R)-Carvone,Homo sapiens,OR8G5,262.0,0.0,0.0,True,True,True,1.0,0.0,both non-responsive,Low,https://doi.org/10.1371/journal.pone.0267356,https://doi.org/10.1371/journal.pone.0267356,Multiple CAS hits; exact SMILES used to disambiguate.,,human_only,11
PAIR_0011,2244-16-8__6485-40-1,2244-16-8,6485-40-1,CC1=CC[C@@H](CC1=O)C(=C)C,CC1=CC[C@H](CC1=O)C(=C)C,D-Carvone,(R)-Carvone,Homo sapiens,OR8H1,304.0,0.0,1.0,True,True,True,0.0,1.0,B only responsive,High,https://doi.org/10.1371/journal.pone.0267356,https://doi.org/10.1371/journal.pone.0267356 | https://doi.org/10.1021/acs.jafc.3c08230,Multiple CAS hits; exact SMILES used to disambiguate.,,human_only,11
PAIR_0011,2244-16-8__6485-40-1,2244-16-8,6485-40-1,CC1=CC[C@@H](CC1=O)C(=C)C,CC1=CC[C@H](CC1=O)C(=C)C,D-Carvone,(R)-Carvone,Homo sapiens,OR8H2,813.0,0.0,0.0,True,True,True,1.0,0.0,both non-responsive,Low,https://doi.org/10.1371/journal.pone.0267356,https://doi.org/10.1371/journal.pone.0267356,Multiple CAS hits; exact SMILES used to disambiguate.,,human_only,11
PAIR_0011,2244-16-8__6485-40-1,2244-16-8,6485-40-1,CC1=CC[C@@H](CC1=O)C(=C)C,CC1=CC[C@H](CC1=O)C(=C)C,D-Carvone,(R)-Carvone,Homo sapiens,OR8H3,426.0,0.0,0.0,True,True,True,1.0,0.0,both non-responsive,Low,https://doi.org/10.1371/journal.pone.0267356,https://doi.org/10.1371/journal.pone.0267356,Multiple CAS hits; exact SMILES used to disambiguate.,,human_only,11
PAIR_0011,2244-16-8__6485-40-1,2244-16-8,6485-40-1,CC1=CC[C@@H](CC1=O)C(=C)C,CC1=CC[C@H](CC1=O)C(=C)C,D-Carvone,(R)-Carvone,Homo sapiens,OR8I2,815.0,0.0,0.0,True,True,True,1.0,0.0,both non-responsive,Low,https://doi.org/10.1371/journal.pone.0267356,https://doi.org/10.1371/journal.pone.0267356,Multiple CAS hits; exact SMILES used to disambiguate.,,human_only,11
PAIR_0011,2244-16-8__6485-40-1,2244-16-8,6485-40-1,CC1=CC[C@@H](CC1=O)C(=C)C,CC1=CC[C@H](CC1=O)C(=C)C,D-Carvone,(R)-Carvone,Homo sapiens,OR8J1,516.0,0.0,0.0,True,True,True,1.0,0.0,both non-responsive,Low,https://doi.org/10.1371/journal.pone.0267356,https://doi.org/10.1371/journal.pone.0267356,Multiple CAS hits; exact SMILES used to disambiguate.,,human_only,11
PAIR_0011,2244-16-8__6485-40-1,2244-16-8,6485-40-1,CC1=CC[C@@H](CC1=O)C(=C)C,CC1=CC[C@H](CC1=O)C(=C)C,D-Carvone,(R)-Carvone,Homo sapiens,OR8J3,116.0,0.0,0.0,True,True,True,1.0,0.0,both non-responsive,Low,https://doi.org/10.1371/journal.pone.0267356,https://doi.org/10.1371/journal.pone.0267356,Multiple CAS hits; exact SMILES used to disambiguate.,,human_only,11
PAIR_0011,2244-16-8__6485-40-1,2244-16-8,6485-40-1,CC1=CC[C@@H](CC1=O)C(=C)C,CC1=CC[C@H](CC1=O)C(=C)C,D-Carvone,(R)-Carvone,Homo sapiens,OR8K1,354.0,0.0,0.0,True,True,True,1.0,0.0,both non-responsive,Low,https://doi.org/10.1371/journal.pone.0267356,https://doi.org/10.1371/journal.pone.0267356,Multiple CAS hits; exact SMILES used to disambiguate.,,human_only,11
PAIR_0011,2244-16-8__6485-40-1,2244-16-8,6485-40-1,CC1=CC[C@@H](CC1=O)C(=C)C,CC1=CC[C@H](CC1=O)C(=C)C,D-Carvone,(R)-Carvone,Homo sapiens,OR8K3,817.0,0.0,0.0,True,True,True,1.0,0.0,both non-responsive,Low,https://doi.org/10.1371/journal.pone.0267356,https://doi.org/10.1371/journal.pone.0267356,Multiple CAS hits; exact SMILES used to disambiguate.,,human_only,11
PAIR_0011,2244-16-8__6485-40-1,2244-16-8,6485-40-1,CC1=CC[C@@H](CC1=O)C(=C)C,CC1=CC[C@H](CC1=O)C(=C)C,D-Carvone,(R)-Carvone,Homo sapiens,OR8K5,818.0,0.0,1.0,True,True,True,0.0,1.0,B only responsive,High,https://doi.org/10.1371/journal.pone.0267356,https://doi.org/10.1021/acscentsci.1c01495 | https://doi.org/10.1371/journal.pone.0267356,Multiple CAS hits; exact SMILES used to disambiguate.,,human_only,11
PAIR_0011,2244-16-8__6485-40-1,2244-16-8,6485-40-1,CC1=CC[C@@H](CC1=O)C(=C)C,CC1=CC[C@H](CC1=O)C(=C)C,D-Carvone,(R)-Carvone,Homo sapiens,OR8U1,208.0,0.0,0.0,True,True,True,1.0,0.0,both non-responsive,Low,https://doi.org/10.1371/journal.pone.0267356,https://doi.org/10.1371/journal.pone.0267356,Multiple CAS hits; exact SMILES used to disambiguate.,,human_only,11
PAIR_0011,2244-16-8__6485-40-1,2244-16-8,6485-40-1,CC1=CC[C@@H](CC1=O)C(=C)C,CC1=CC[C@H](CC1=O)C(=C)C,D-Carvone,(R)-Carvone,Homo sapiens,OR8U8,963.0,0.0,0.0,True,True,True,1.0,0.0,both non-responsive,Low,https://doi.org/10.1371/journal.pone.0267356,https://doi.org/10.1371/journal.pone.0267356,Multiple CAS hits; exact SMILES used to disambiguate.,,human_only,11
PAIR_0011,2244-16-8__6485-40-1,2244-16-8,6485-40-1,CC1=CC[C@@H](CC1=O)C(=C)C,CC1=CC[C@H](CC1=O)C(=C)C,D-Carvone,(R)-Carvone,Homo sapiens,OR8U9,821.0,0.0,0.0,True,True,True,1.0,0.0,both non-responsive,Low,https://doi.org/10.1371/journal.pone.0267356,https://doi.org/10.1371/journal.pone.0267356,Multiple CAS hits; exact SMILES used to disambiguate.,,human_only,11
PAIR_0011,2244-16-8__6485-40-1,2244-16-8,6485-40-1,CC1=CC[C@@H](CC1=O)C(=C)C,CC1=CC[C@H](CC1=O)C(=C)C,D-Carvone,(R)-Carvone,Homo sapiens,OR9A2,823.0,0.0,0.0,True,True,True,1.0,0.0,both non-responsive,Low,https://doi.org/10.1371/journal.pone.0267356,https://doi.org/10.1371/journal.pone.0267356,Multiple CAS hits; exact SMILES used to disambiguate.,,human_only,11
PAIR_0011,2244-16-8__6485-40-1,2244-16-8,6485-40-1,CC1=CC[C@@H](CC1=O)C(=C)C,CC1=CC[C@H](CC1=O)C(=C)C,D-Carvone,(R)-Carvone,Homo sapiens,OR9A4,64.0,0.0,0.0,True,True,True,1.0,0.0,both non-responsive,Low,https://doi.org/10.1371/journal.pone.0267356,https://doi.org/10.1371/journal.pone.0267356,Multiple CAS hits; exact SMILES used to disambiguate.,,human_only,11
PAIR_0011,2244-16-8__6485-40-1,2244-16-8,6485-40-1,CC1=CC[C@@H](CC1=O)C(=C)C,CC1=CC[C@H](CC1=O)C(=C)C,D-Carvone,(R)-Carvone,Homo sapiens,OR9G1,528.0,0.0,0.0,True,True,True,1.0,0.0,both non-responsive,Low,https://doi.org/10.1371/journal.pone.0267356,https://doi.org/10.1371/journal.pone.0267356,Multiple CAS hits; exact SMILES used to disambiguate.,,human_only,11
PAIR_0011,2244-16-8__6485-40-1,2244-16-8,6485-40-1,CC1=CC[C@@H](CC1=O)C(=C)C,CC1=CC[C@H](CC1=O)C(=C)C,D-Carvone,(R)-Carvone,Homo sapiens,OR9G4,825.0,0.0,0.0,True,True,True,1.0,0.0,both non-responsive,Low,https://doi.org/10.1371/journal.pone.0267356,https://doi.org/10.1371/journal.pone.0267356,Multiple CAS hits; exact SMILES used to disambiguate.,,human_only,11
PAIR_0011,2244-16-8__6485-40-1,2244-16-8,6485-40-1,CC1=CC[C@@H](CC1=O)C(=C)C,CC1=CC[C@H](CC1=O)C(=C)C,D-Carvone,(R)-Carvone,Homo sapiens,OR9G9,966.0,0.0,0.0,True,True,True,1.0,0.0,both non-responsive,Low,https://doi.org/10.1371/journal.pone.0267356,https://doi.org/10.1371/journal.pone.0267356,Multiple CAS hits; exact SMILES used to disambiguate.,,human_only,11
PAIR_0011,2244-16-8__6485-40-1,2244-16-8,6485-40-1,CC1=CC[C@@H](CC1=O)C(=C)C,CC1=CC[C@H](CC1=O)C(=C)C,D-Carvone,(R)-Carvone,Homo sapiens,OR9I1,144.0,0.0,0.0,True,True,True,1.0,0.0,both non-responsive,Low,https://doi.org/10.1371/journal.pone.0267356,https://doi.org/10.1371/journal.pone.0267356,Multiple CAS hits; exact SMILES used to disambiguate.,,human_only,11
PAIR_0011,2244-16-8__6485-40-1,2244-16-8,6485-40-1,CC1=CC[C@@H](CC1=O)C(=C)C,CC1=CC[C@H](CC1=O)C(=C)C,D-Carvone,(R)-Carvone,Homo sapiens,OR9K2,306.0,0.0,0.0,True,True,True,1.0,0.0,both non-responsive,Low,https://doi.org/10.1371/journal.pone.0267356,https://doi.org/10.1371/journal.pone.0267356,Multiple CAS hits; exact SMILES used to disambiguate.,,human_only,11
PAIR_0011,2244-16-8__6485-40-1,2244-16-8,6485-40-1,CC1=CC[C@@H](CC1=O)C(=C)C,CC1=CC[C@H](CC1=O)C(=C)C,D-Carvone,(R)-Carvone,Homo sapiens,OR9Q1,829.0,0.0,0.0,True,True,True,1.0,0.0,both non-responsive,Low,https://doi.org/10.1371/journal.pone.0267356,https://doi.org/10.1371/journal.pone.0267356,Multiple CAS hits; exact SMILES used to disambiguate.,,human_only,11
PAIR_0011,2244-16-8__6485-40-1,2244-16-8,6485-40-1,CC1=CC[C@@H](CC1=O)C(=C)C,CC1=CC[C@H](CC1=O)C(=C)C,D-Carvone,(R)-Carvone,Homo sapiens,OR9Q2,417.0,0.0,0.0,True,True,True,1.0,0.0,both non-responsive,Low,https://doi.org/10.1371/journal.pone.0267356,https://doi.org/10.1371/journal.pone.0267356,Multiple CAS hits; exact SMILES used to disambiguate.,,human_only,11
PAIR_0011,2244-16-8__6485-40-1,2244-16-8,6485-40-1,CC1=CC[C@@H](CC1=O)C(=C)C,CC1=CC[C@H](CC1=O)C(=C)C,D-Carvone,(R)-Carvone,Homo sapiens,hOR10J5 | OR10J5,25.0,0.0,0.0,True,True,True,1.0,0.0,both non-responsive,High,https://dx.doi.org/10.1126%2Fscisignal.2000016 | https://doi.org/10.1371/journal.pone.0267356,https://dx.doi.org/10.1126%2Fscisignal.2000016 | https://doi.org/10.1371/journal.pone.0267356,Multiple CAS hits; exact SMILES used to disambiguate.,,human_only,11
PAIR_0011,2244-16-8__6485-40-1,2244-16-8,6485-40-1,CC1=CC[C@@H](CC1=O)C(=C)C,CC1=CC[C@H](CC1=O)C(=C)C,D-Carvone,(R)-Carvone,Homo sapiens,hOR1A1 | OR1A1,29.0,1.0,1.0,True,True,True,1.0,0.0,both responsive,High,https://doi.org/10.1038/sdata.2015.2 | https://doi.org/10.1016/j.jsb.2007.04.013 | https://doi.org/10.1007/s00018-017-2576-z | https://dx.doi.org/10.1126%2Fscisignal.2000016 | https://doi.org/10.1021/acs.jafc.5b01884 | https://doi.org/10.1093/chemse/bjw117 | https://doi.org/10.1371/journal.pone.0267356,https://doi.org/10.1016/j.jsb.2007.04.013 | https://doi.org/10.14440/jbm.2017.206 | https://doi.org/10.1007/s00018-017-2576-z | https://dx.doi.org/10.1126%2Fscisignal.2000016 | https://doi.org/10.1093/chemse/bjw117 | https://doi.org/10.1371/journal.pone.0267356,Multiple CAS hits; exact SMILES used to disambiguate.,,human_only,11
PAIR_0011,2244-16-8__6485-40-1,2244-16-8,6485-40-1,CC1=CC[C@@H](CC1=O)C(=C)C,CC1=CC[C@H](CC1=O)C(=C)C,D-Carvone,(R)-Carvone,Homo sapiens,hOR1A2 | OR1A2,111.0,0.0,0.0,True,True,True,1.0,0.0,both non-responsive,High,https://doi.org/10.1016/j.jsb.2007.04.013 | https://doi.org/10.1007/s00018-017-2576-z | https://doi.org/10.1371/journal.pone.0267356,https://doi.org/10.1016/j.jsb.2007.04.013 | https://doi.org/10.1007/s00018-017-2576-z | https://doi.org/10.1371/journal.pone.0267356,Multiple CAS hits; exact SMILES used to disambiguate.,,human_only,11
PAIR_0011,2244-16-8__6485-40-1,2244-16-8,6485-40-1,CC1=CC[C@@H](CC1=O)C(=C)C,CC1=CC[C@H](CC1=O)C(=C)C,D-Carvone,(R)-Carvone,Homo sapiens,hOR2C1 | OR2C1,591.0,0.0,0.0,True,True,True,1.0,0.0,both non-responsive,High,https://dx.doi.org/10.1126%2Fscisignal.2000016 | https://doi.org/10.1371/journal.pone.0267356,https://dx.doi.org/10.1126%2Fscisignal.2000016 | https://doi.org/10.1371/journal.pone.0267356,Multiple CAS hits; exact SMILES used to disambiguate.,,human_only,11
PAIR_0011,2244-16-8__6485-40-1,2244-16-8,6485-40-1,CC1=CC[C@@H](CC1=O)C(=C)C,CC1=CC[C@H](CC1=O)C(=C)C,D-Carvone,(R)-Carvone,Homo sapiens,hOR2J2 | OR2J2,323.0,0.0,0.0,True,True,True,1.0,0.0,both non-responsive,High,https://dx.doi.org/10.1126%2Fscisignal.2000016 | https://doi.org/10.1371/journal.pone.0267356,https://dx.doi.org/10.1126%2Fscisignal.2000016 | https://doi.org/10.1371/journal.pone.0267356,Multiple CAS hits; exact SMILES used to disambiguate.,,human_only,11
PAIR_0011,2244-16-8__6485-40-1,2244-16-8,6485-40-1,CC1=CC[C@@H](CC1=O)C(=C)C,CC1=CC[C@H](CC1=O)C(=C)C,D-Carvone,(R)-Carvone,Homo sapiens,hOR2M7 | OR2M7,284.0,0.0,0.0,True,True,True,1.0,0.0,both non-responsive,High,https://dx.doi.org/10.1126%2Fscisignal.2000016 | https://doi.org/10.1371/journal.pone.0267356,https://dx.doi.org/10.1126%2Fscisignal.2000016 | https://doi.org/10.1371/journal.pone.0267356,Multiple CAS hits; exact SMILES used to disambiguate.,,human_only,11
PAIR_0011,2244-16-8__6485-40-1,2244-16-8,6485-40-1,CC1=CC[C@@H](CC1=O)C(=C)C,CC1=CC[C@H](CC1=O)C(=C)C,D-Carvone,(R)-Carvone,Homo sapiens,hOR2W1 | OR2W1,51.0,1.0,1.0,True,True,True,1.0,0.0,both responsive,High,https://dx.doi.org/10.1126%2Fscisignal.2000016 | https://doi.org/10.1371/journal.pone.0267356,https://doi.org/10.1016/j.foodchem.2021.131680 | https://dx.doi.org/10.1126%2Fscisignal.2000016 | https://doi.org/10.1093/chemse/bjw117 | https://doi.org/10.1371/journal.pone.0267356,Multiple CAS hits; exact SMILES used to disambiguate.,,human_only,11
PAIR_0011,2244-16-8__6485-40-1,2244-16-8,6485-40-1,CC1=CC[C@@H](CC1=O)C(=C)C,CC1=CC[C@H](CC1=O)C(=C)C,D-Carvone,(R)-Carvone,Homo sapiens,hOR51E1 | OR51E1,962.0,0.0,0.0,True,True,True,1.0,0.0,both non-responsive,High,https://dx.doi.org/10.1126%2Fscisignal.2000016 | https://doi.org/10.1371/journal.pone.0267356,https://dx.doi.org/10.1126%2Fscisignal.2000016 | https://doi.org/10.1371/journal.pone.0267356,Multiple CAS hits; exact SMILES used to disambiguate.,,human_only,11
PAIR_0011,2244-16-8__6485-40-1,2244-16-8,6485-40-1,CC1=CC[C@@H](CC1=O)C(=C)C,CC1=CC[C@H](CC1=O)C(=C)C,D-Carvone,(R)-Carvone,Homo sapiens,hOR51E2 | OR51E2,168.0,0.0,0.0,True,True,True,1.0,0.0,both non-responsive,High,https://dx.doi.org/10.1126%2Fscisignal.2000016 | https://doi.org/10.1371/journal.pone.0267356,https://dx.doi.org/10.1126%2Fscisignal.2000016 | https://doi.org/10.1371/journal.pone.0267356,Multiple CAS hits; exact SMILES used to disambiguate.,,human_only,11
PAIR_0011,2244-16-8__6485-40-1,2244-16-8,6485-40-1,CC1=CC[C@@H](CC1=O)C(=C)C,CC1=CC[C@H](CC1=O)C(=C)C,D-Carvone,(R)-Carvone,Homo sapiens,hOR51L1 | OR51L1,447.0,0.0,0.0,True,True,True,1.0,0.0,both non-responsive,High,https://dx.doi.org/10.1126%2Fscisignal.2000016 | https://doi.org/10.1371/journal.pone.0267356,https://dx.doi.org/10.1126%2Fscisignal.2000016 | https://doi.org/10.1371/journal.pone.0267356,Multiple CAS hits; exact SMILES used to disambiguate.,,human_only,11
PAIR_0011,2244-16-8__6485-40-1,2244-16-8,6485-40-1,CC1=CC[C@@H](CC1=O)C(=C)C,CC1=CC[C@H](CC1=O)C(=C)C,D-Carvone,(R)-Carvone,Homo sapiens,hOR5P3 | OR5P3,88.0,1.0,1.0,True,True,True,1.0,0.0,both responsive,High,https://dx.doi.org/10.1126%2Fscisignal.2000016 | https://doi.org/10.1093/chemse/bju073 | https://doi.org/10.1371/journal.pone.0267356,https://dx.doi.org/10.1126%2Fscisignal.2000016 | https://doi.org/10.1371/journal.pone.0267356,Multiple CAS hits; exact SMILES used to disambiguate.,,human_only,11
PAIR_0013,502-72-7__82356-51-2,502-72-7,82356-51-2,C1CCCCCCCC(=O)CCCCCC1,CC1=CCCCCCCCCCCCCC1=O,,,Homo sapiens,OR11A1,47.0,0.0,,True,False,False,,,A tested / B untested,Medium,https://doi.org/10.1093/chemse/bjaa007,,CAS not found in compounds.csv; exact SMILES used. | No exact CAS or exact SMILES match found in M2OR.,b_untested,human_only,13
PAIR_0013,502-72-7__82356-51-2,502-72-7,82356-51-2,C1CCCCCCCC(=O)CCCCCC1,CC1=CCCCCCCCCCCCCC1=O,,,Homo sapiens,OR5A1,727.0,0.0,,True,False,False,,,A tested / B untested,Medium,https://doi.org/10.1093/chemse/bjaa007,,CAS not found in compounds.csv; exact SMILES used. | No exact CAS or exact SMILES match found in M2OR.,b_untested,human_only,13
PAIR_0013,502-72-7__82356-51-2,502-72-7,82356-51-2,C1CCCCCCCC(=O)CCCCCC1,CC1=CCCCCCCCCCCCCC1=O,,,Homo sapiens,OR5A2,103.0,1.0,,True,False,False,,,A tested / B untested,Medium,https://doi.org/10.1093/chemse/bjaa007,,CAS not found in compounds.csv; exact SMILES used. | No exact CAS or exact SMILES match found in M2OR.,b_untested,human_only,13
PAIR_0013,502-72-7__82356-51-2,502-72-7,82356-51-2,C1CCCCCCCC(=O)CCCCCC1,CC1=CCCCCCCCCCCCCC1=O,,,Homo sapiens,hOR5AN1 | OR5AN1,7.0,1.0,,True,False,False,,,A tested / B untested,Medium,https://doi.org/10.1523/JNEUROSCI.3259-15.2016 | https://doi.org/10.1093/chemse/bjaa007 | https://doi.org/10.1093/chemse/bju073,,CAS not found in compounds.csv; exact SMILES used. | No exact CAS or exact SMILES match found in M2OR.,b_untested,human_only,13
PAIR_0014,104-50-7__104-61-0,104-50-7,104-61-0,CCCCC1CCC(=O)O1,CCCCCC1CCC(=O)O1,5-Butyloxolan-2-one,5-Pentyloxolan-2-one,Homo sapiens,OR11A1,47.0,0.0,0.0,True,True,True,1.0,0.0,both non-responsive,Low,https://pubs.acs.org/doi/10.1021/acs.jafc.4c01515,https://pubs.acs.org/doi/10.1021/acs.jafc.4c01515,Multiple CAS hits; exact SMILES used to disambiguate.,,human_only,14
PAIR_0014,104-50-7__104-61-0,104-50-7,104-61-0,CCCCC1CCC(=O)O1,CCCCCC1CCC(=O)O1,5-Butyloxolan-2-one,5-Pentyloxolan-2-one,Homo sapiens,OR8H1,304.0,0.0,0.0,True,True,True,1.0,0.0,both non-responsive,Low,https://doi.org/10.1021/acs.jafc.3c08230,https://doi.org/10.1021/acs.jafc.3c08230,Multiple CAS hits; exact SMILES used to disambiguate.,,human_only,14
PAIR_0014,104-50-7__104-61-0,104-50-7,104-61-0,CCCCC1CCC(=O)O1,CCCCCC1CCC(=O)O1,5-Butyloxolan-2-one,5-Pentyloxolan-2-one,Homo sapiens,hOR1A1,29.0,0.0,1.0,True,True,True,0.0,1.0,B only responsive,High,https://doi.org/10.1093/chemse/bjw117,https://doi.org/10.1093/chemse/bjw117,Multiple CAS hits; exact SMILES used to disambiguate.,,human_only,14
PAIR_0014,104-50-7__104-61-0,104-50-7,104-61-0,CCCCC1CCC(=O)O1,CCCCCC1CCC(=O)O1,5-Butyloxolan-2-one,5-Pentyloxolan-2-one,Homo sapiens,hOR1G1,405.0,0.0,,True,False,False,,,A tested / B untested,Medium,https://doi.org/10.3389/fphar.2015.00035,,Multiple CAS hits; exact SMILES used to disambiguate.,b_untested,human_only,14
PAIR_0014,104-50-7__104-61-0,104-50-7,104-61-0,CCCCC1CCC(=O)O1,CCCCCC1CCC(=O)O1,5-Butyloxolan-2-one,5-Pentyloxolan-2-one,Homo sapiens,hOR1L3,71.0,0.0,,True,False,False,,,A tested / B untested,Medium,https://doi.org/10.3389/fphar.2015.00035,,Multiple CAS hits; exact SMILES used to disambiguate.,b_untested,human_only,14
PAIR_0014,104-50-7__104-61-0,104-50-7,104-61-0,CCCCC1CCC(=O)O1,CCCCCC1CCC(=O)O1,5-Butyloxolan-2-one,5-Pentyloxolan-2-one,Homo sapiens,hOR2B3,48.0,0.0,,True,False,False,,,A tested / B untested,Medium,https://doi.org/10.3389/fphar.2015.00035,,Multiple CAS hits; exact SMILES used to disambiguate.,b_untested,human_only,14
PAIR_0014,104-50-7__104-61-0,104-50-7,104-61-0,CCCCC1CCC(=O)O1,CCCCCC1CCC(=O)O1,5-Butyloxolan-2-one,5-Pentyloxolan-2-one,Homo sapiens,hOR2G2,651.0,0.0,,True,False,False,,,A tested / B untested,Medium,https://doi.org/10.3389/fphar.2015.00035,,Multiple CAS hits; exact SMILES used to disambiguate.,b_untested,human_only,14
PAIR_0014,104-50-7__104-61-0,104-50-7,104-61-0,CCCCC1CCC(=O)O1,CCCCCC1CCC(=O)O1,5-Butyloxolan-2-one,5-Pentyloxolan-2-one,Homo sapiens,hOR2M3,40.0,0.0,0.0,True,True,True,1.0,0.0,both non-responsive,Low,https://doi.org/10.1093/chemse/bjw118,https://doi.org/10.1093/chemse/bjw118,Multiple CAS hits; exact SMILES used to disambiguate.,,human_only,14
PAIR_0014,104-50-7__104-61-0,104-50-7,104-61-0,CCCCC1CCC(=O)O1,CCCCCC1CCC(=O)O1,5-Butyloxolan-2-one,5-Pentyloxolan-2-one,Homo sapiens,hOR2M4,39.0,0.0,,True,False,False,,,A tested / B untested,Medium,https://doi.org/10.3389/fphar.2015.00035,,Multiple CAS hits; exact SMILES used to disambiguate.,b_untested,human_only,14
PAIR_0014,104-50-7__104-61-0,104-50-7,104-61-0,CCCCC1CCC(=O)O1,CCCCCC1CCC(=O)O1,5-Butyloxolan-2-one,5-Pentyloxolan-2-one,Homo sapiens,hOR2T10,36.0,0.0,,True,False,False,,,A tested / B untested,Medium,https://doi.org/10.3389/fphar.2015.00035,,Multiple CAS hits; exact SMILES used to disambiguate.,b_untested,human_only,14
PAIR_0014,104-50-7__104-61-0,104-50-7,104-61-0,CCCCC1CCC(=O)O1,CCCCCC1CCC(=O)O1,5-Butyloxolan-2-one,5-Pentyloxolan-2-one,Homo sapiens,hOR2T34,677.0,0.0,,True,False,False,,,A tested / B untested,Medium,https://doi.org/10.3389/fphar.2015.00035,,Multiple CAS hits; exact SMILES used to disambiguate.,b_untested,human_only,14
PAIR_0014,104-50-7__104-61-0,104-50-7,104-61-0,CCCCC1CCC(=O)O1,CCCCCC1CCC(=O)O1,5-Butyloxolan-2-one,5-Pentyloxolan-2-one,Homo sapiens,hOR2W1,51.0,1.0,1.0,True,True,True,1.0,0.0,both responsive,High,https://doi.org/10.1016/j.foodchem.2021.131680 | https://doi.org/10.1093/chemse/bjw117,https://doi.org/10.1016/j.foodchem.2021.131680 | https://doi.org/10.1093/chemse/bjw117,Multiple CAS hits; exact SMILES used to disambiguate.,,human_only,14
PAIR_0014,104-50-7__104-61-0,104-50-7,104-61-0,CCCCC1CCC(=O)O1,CCCCCC1CCC(=O)O1,5-Butyloxolan-2-one,5-Pentyloxolan-2-one,Homo sapiens,hOR5AC2,729.0,0.0,,True,False,False,,,A tested / B untested,Medium,https://doi.org/10.3389/fphar.2015.00035,,Multiple CAS hits; exact SMILES used to disambiguate.,b_untested,human_only,14
PAIR_0014,104-50-7__104-61-0,104-50-7,104-61-0,CCCCC1CCC(=O)O1,CCCCCC1CCC(=O)O1,5-Butyloxolan-2-one,5-Pentyloxolan-2-one,Homo sapiens,hOR5B17,182.0,0.0,,True,False,False,,,A tested / B untested,Medium,https://doi.org/10.3389/fphar.2015.00035,,Multiple CAS hits; exact SMILES used to disambiguate.,b_untested,human_only,14
PAIR_0014,104-50-7__104-61-0,104-50-7,104-61-0,CCCCC1CCC(=O)O1,CCCCCC1CCC(=O)O1,5-Butyloxolan-2-one,5-Pentyloxolan-2-one,Homo sapiens,hOR5K1,418.0,0.0,0.0,True,True,True,1.0,0.0,both non-responsive,Low,https://doi.org/10.1096/fj.202100224R,https://doi.org/10.1096/fj.202100224R,Multiple CAS hits; exact SMILES used to disambiguate.,,human_only,14
PAIR_0014,104-50-7__104-61-0,104-50-7,104-61-0,CCCCC1CCC(=O)O1,CCCCCC1CCC(=O)O1,5-Butyloxolan-2-one,5-Pentyloxolan-2-one,Homo sapiens,hOR5M3,670.0,0.0,0.0,True,True,True,1.0,0.0,both non-responsive,Low,https://doi.org/10.1021/acs.jafc.1c03314,https://doi.org/10.1021/acs.jafc.1c03314,Multiple CAS hits; exact SMILES used to disambiguate.,,human_only,14
PAIR_0014,104-50-7__104-61-0,104-50-7,104-61-0,CCCCC1CCC(=O)O1,CCCCCC1CCC(=O)O1,5-Butyloxolan-2-one,5-Pentyloxolan-2-one,Homo sapiens,hOR8D1,110.0,0.0,0.0,True,True,True,1.0,0.0,both non-responsive,Low,https://doi.org/10.1021/acs.jafc.1c03314,https://doi.org/10.1021/acs.jafc.1c03314,Multiple CAS hits; exact SMILES used to disambiguate.,,human_only,14
PAIR_0015,104-50-7__104-67-6,104-50-7,104-67-6,CCCCC1CCC(=O)O1,CCCCCCCC1CCC(=O)O1,5-Butyloxolan-2-one,5-Heptyloxolan-2-one,Homo sapiens,OR11A1,47.0,0.0,0.0,True,True,True,1.0,0.0,both non-responsive,Low,https://pubs.acs.org/doi/10.1021/acs.jafc.4c01515,https://pubs.acs.org/doi/10.1021/acs.jafc.4c01515,Multiple CAS hits; exact SMILES used to disambiguate.,,human_only,15
PAIR_0015,104-50-7__104-67-6,104-50-7,104-67-6,CCCCC1CCC(=O)O1,CCCCCCCC1CCC(=O)O1,5-Butyloxolan-2-one,5-Heptyloxolan-2-one,Homo sapiens,OR1D2,283.0,,1.0,False,True,False,,,A untested / B tested,Medium,,https://doi.org/10.1093/chemse/bju073,Multiple CAS hits; exact SMILES used to disambiguate.,a_untested,human_only,15
PAIR_0015,104-50-7__104-67-6,104-50-7,104-67-6,CCCCC1CCC(=O)O1,CCCCCCCC1CCC(=O)O1,5-Butyloxolan-2-one,5-Heptyloxolan-2-one,Homo sapiens,OR8H1,304.0,0.0,0.0,True,True,True,1.0,0.0,both non-responsive,Low,https://doi.org/10.1021/acs.jafc.3c08230,https://doi.org/10.1021/acs.jafc.3c08230,Multiple CAS hits; exact SMILES used to disambiguate.,,human_only,15
PAIR_0015,104-50-7__104-67-6,104-50-7,104-67-6,CCCCC1CCC(=O)O1,CCCCCCCC1CCC(=O)O1,5-Butyloxolan-2-one,5-Heptyloxolan-2-one,Homo sapiens,hOR1A1,29.0,0.0,0.0,True,True,True,1.0,0.0,both non-responsive,Low,https://doi.org/10.1093/chemse/bjw117,https://doi.org/10.1093/chemse/bjw117,Multiple CAS hits; exact SMILES used to disambiguate.,,human_only,15
PAIR_0015,104-50-7__104-67-6,104-50-7,104-67-6,CCCCC1CCC(=O)O1,CCCCCCCC1CCC(=O)O1,5-Butyloxolan-2-one,5-Heptyloxolan-2-one,Homo sapiens,hOR1G1,405.0,0.0,,True,False,False,,,A tested / B untested,Medium,https://doi.org/10.3389/fphar.2015.00035,,Multiple CAS hits; exact SMILES used to disambiguate.,b_untested,human_only,15
PAIR_0015,104-50-7__104-67-6,104-50-7,104-67-6,CCCCC1CCC(=O)O1,CCCCCCCC1CCC(=O)O1,5-Butyloxolan-2-one,5-Heptyloxolan-2-one,Homo sapiens,hOR1L3,71.0,0.0,,True,False,False,,,A tested / B untested,Medium,https://doi.org/10.3389/fphar.2015.00035,,Multiple CAS hits; exact SMILES used to disambiguate.,b_untested,human_only,15
PAIR_0015,104-50-7__104-67-6,104-50-7,104-67-6,CCCCC1CCC(=O)O1,CCCCCCCC1CCC(=O)O1,5-Butyloxolan-2-one,5-Heptyloxolan-2-one,Homo sapiens,hOR2B3,48.0,0.0,,True,False,False,,,A tested / B untested,Medium,https://doi.org/10.3389/fphar.2015.00035,,Multiple CAS hits; exact SMILES used to disambiguate.,b_untested,human_only,15
PAIR_0015,104-50-7__104-67-6,104-50-7,104-67-6,CCCCC1CCC(=O)O1,CCCCCCCC1CCC(=O)O1,5-Butyloxolan-2-one,5-Heptyloxolan-2-one,Homo sapiens,hOR2G2,651.0,0.0,,True,False,False,,,A tested / B untested,Medium,https://doi.org/10.3389/fphar.2015.00035,,Multiple CAS hits; exact SMILES used to disambiguate.,b_untested,human_only,15
PAIR_0015,104-50-7__104-67-6,104-50-7,104-67-6,CCCCC1CCC(=O)O1,CCCCCCCC1CCC(=O)O1,5-Butyloxolan-2-one,5-Heptyloxolan-2-one,Homo sapiens,hOR2M3,40.0,0.0,0.0,True,True,True,1.0,0.0,both non-responsive,Low,https://doi.org/10.1093/chemse/bjw118,https://doi.org/10.1093/chemse/bjw118,Multiple CAS hits; exact SMILES used to disambiguate.,,human_only,15
PAIR_0015,104-50-7__104-67-6,104-50-7,104-67-6,CCCCC1CCC(=O)O1,CCCCCCCC1CCC(=O)O1,5-Butyloxolan-2-one,5-Heptyloxolan-2-one,Homo sapiens,hOR2M4,39.0,0.0,,True,False,False,,,A tested / B untested,Medium,https://doi.org/10.3389/fphar.2015.00035,,Multiple CAS hits; exact SMILES used to disambiguate.,b_untested,human_only,15
PAIR_0015,104-50-7__104-67-6,104-50-7,104-67-6,CCCCC1CCC(=O)O1,CCCCCCCC1CCC(=O)O1,5-Butyloxolan-2-one,5-Heptyloxolan-2-one,Homo sapiens,hOR2T10,36.0,0.0,,True,False,False,,,A tested / B untested,Medium,https://doi.org/10.3389/fphar.2015.00035,,Multiple CAS hits; exact SMILES used to disambiguate.,b_untested,human_only,15
PAIR_0015,104-50-7__104-67-6,104-50-7,104-67-6,CCCCC1CCC(=O)O1,CCCCCCCC1CCC(=O)O1,5-Butyloxolan-2-one,5-Heptyloxolan-2-one,Homo sapiens,hOR2T34,677.0,0.0,,True,False,False,,,A tested / B untested,Medium,https://doi.org/10.3389/fphar.2015.00035,,Multiple CAS hits; exact SMILES used to disambiguate.,b_untested,human_only,15
PAIR_0015,104-50-7__104-67-6,104-50-7,104-67-6,CCCCC1CCC(=O)O1,CCCCCCCC1CCC(=O)O1,5-Butyloxolan-2-one,5-Heptyloxolan-2-one,Homo sapiens,hOR2W1,51.0,1.0,1.0,True,True,True,1.0,0.0,both responsive,High,https://doi.org/10.1016/j.foodchem.2021.131680 | https://doi.org/10.1093/chemse/bjw117,https://doi.org/10.1016/j.foodchem.2021.131680 | https://doi.org/10.1093/chemse/bjw117,Multiple CAS hits; exact SMILES used to disambiguate.,,human_only,15
PAIR_0015,104-50-7__104-67-6,104-50-7,104-67-6,CCCCC1CCC(=O)O1,CCCCCCCC1CCC(=O)O1,5-Butyloxolan-2-one,5-Heptyloxolan-2-one,Homo sapiens,hOR5AC2,729.0,0.0,,True,False,False,,,A tested / B untested,Medium,https://doi.org/10.3389/fphar.2015.00035,,Multiple CAS hits; exact SMILES used to disambiguate.,b_untested,human_only,15
PAIR_0015,104-50-7__104-67-6,104-50-7,104-67-6,CCCCC1CCC(=O)O1,CCCCCCCC1CCC(=O)O1,5-Butyloxolan-2-one,5-Heptyloxolan-2-one,Homo sapiens,hOR5B17,182.0,0.0,,True,False,False,,,A tested / B untested,Medium,https://doi.org/10.3389/fphar.2015.00035,,Multiple CAS hits; exact SMILES used to disambiguate.,b_untested,human_only,15
PAIR_0015,104-50-7__104-67-6,104-50-7,104-67-6,CCCCC1CCC(=O)O1,CCCCCCCC1CCC(=O)O1,5-Butyloxolan-2-one,5-Heptyloxolan-2-one,Homo sapiens,hOR5K1,418.0,0.0,0.0,True,True,True,1.0,0.0,both non-responsive,Low,https://doi.org/10.1096/fj.202100224R,https://doi.org/10.1096/fj.202100224R,Multiple CAS hits; exact SMILES used to disambiguate.,,human_only,15
PAIR_0015,104-50-7__104-67-6,104-50-7,104-67-6,CCCCC1CCC(=O)O1,CCCCCCCC1CCC(=O)O1,5-Butyloxolan-2-one,5-Heptyloxolan-2-one,Homo sapiens,hOR5M3,670.0,0.0,0.0,True,True,True,1.0,0.0,both non-responsive,Low,https://doi.org/10.1021/acs.jafc.1c03314,https://doi.org/10.1021/acs.jafc.1c03314,Multiple CAS hits; exact SMILES used to disambiguate.,,human_only,15
PAIR_0015,104-50-7__104-67-6,104-50-7,104-67-6,CCCCC1CCC(=O)O1,CCCCCCCC1CCC(=O)O1,5-Butyloxolan-2-one,5-Heptyloxolan-2-one,Homo sapiens,hOR8D1,110.0,0.0,0.0,True,True,True,1.0,0.0,both non-responsive,Low,https://doi.org/10.1021/acs.jafc.1c03314,https://doi.org/10.1021/acs.jafc.1c03314,Multiple CAS hits; exact SMILES used to disambiguate.,,human_only,15
PAIR_0016,104-50-7__706-14-9,104-50-7,706-14-9,CCCCC1CCC(=O)O1,CCCCCCC1CCC(=O)O1,5-Butyloxolan-2-one,5-Hexyloxolan-2-one,Homo sapiens,OR11A1,47.0,0.0,0.0,True,True,True,1.0,0.0,both non-responsive,Low,https://pubs.acs.org/doi/10.1021/acs.jafc.4c01515,https://pubs.acs.org/doi/10.1021/acs.jafc.4c01515,Multiple CAS hits; exact SMILES used to disambiguate.,,human_only,16
PAIR_0016,104-50-7__706-14-9,104-50-7,706-14-9,CCCCC1CCC(=O)O1,CCCCCCC1CCC(=O)O1,5-Butyloxolan-2-one,5-Hexyloxolan-2-one,Homo sapiens,OR1D2,283.0,,1.0,False,True,False,,,A untested / B tested,Medium,,https://doi.org/10.1093/chemse/bju073,Multiple CAS hits; exact SMILES used to disambiguate.,a_untested,human_only,16
PAIR_0016,104-50-7__706-14-9,104-50-7,706-14-9,CCCCC1CCC(=O)O1,CCCCCCC1CCC(=O)O1,5-Butyloxolan-2-one,5-Hexyloxolan-2-one,Homo sapiens,OR8H1,304.0,0.0,0.0,True,True,True,1.0,0.0,both non-responsive,Low,https://doi.org/10.1021/acs.jafc.3c08230,https://doi.org/10.1021/acs.jafc.3c08230,Multiple CAS hits; exact SMILES used to disambiguate.,,human_only,16
PAIR_0016,104-50-7__706-14-9,104-50-7,706-14-9,CCCCC1CCC(=O)O1,CCCCCCC1CCC(=O)O1,5-Butyloxolan-2-one,5-Hexyloxolan-2-one,Homo sapiens,hOR1A1,29.0,0.0,0.0,True,True,True,1.0,0.0,both non-responsive,Low,https://doi.org/10.1093/chemse/bjw117,https://doi.org/10.1093/chemse/bjw117,Multiple CAS hits; exact SMILES used to disambiguate.,,human_only,16
PAIR_0016,104-50-7__706-14-9,104-50-7,706-14-9,CCCCC1CCC(=O)O1,CCCCCCC1CCC(=O)O1,5-Butyloxolan-2-one,5-Hexyloxolan-2-one,Homo sapiens,hOR1G1,405.0,0.0,1.0,True,True,True,0.0,1.0,B only responsive,Medium,https://doi.org/10.3389/fphar.2015.00035,https://doi.org/10.1093/chemse/bji002,Multiple CAS hits; exact SMILES used to disambiguate.,,human_only,16
PAIR_0016,104-50-7__706-14-9,104-50-7,706-14-9,CCCCC1CCC(=O)O1,CCCCCCC1CCC(=O)O1,5-Butyloxolan-2-one,5-Hexyloxolan-2-one,Homo sapiens,hOR1L3,71.0,0.0,,True,False,False,,,A tested / B untested,Medium,https://doi.org/10.3389/fphar.2015.00035,,Multiple CAS hits; exact SMILES used to disambiguate.,b_untested,human_only,16
PAIR_0016,104-50-7__706-14-9,104-50-7,706-14-9,CCCCC1CCC(=O)O1,CCCCCCC1CCC(=O)O1,5-Butyloxolan-2-one,5-Hexyloxolan-2-one,Homo sapiens,hOR2B3,48.0,0.0,,True,False,False,,,A tested / B untested,Medium,https://doi.org/10.3389/fphar.2015.00035,,Multiple CAS hits; exact SMILES used to disambiguate.,b_untested,human_only,16
PAIR_0016,104-50-7__706-14-9,104-50-7,706-14-9,CCCCC1CCC(=O)O1,CCCCCCC1CCC(=O)O1,5-Butyloxolan-2-one,5-Hexyloxolan-2-one,Homo sapiens,hOR2G2,651.0,0.0,,True,False,False,,,A tested / B untested,Medium,https://doi.org/10.3389/fphar.2015.00035,,Multiple CAS hits; exact SMILES used to disambiguate.,b_untested,human_only,16
PAIR_0016,104-50-7__706-14-9,104-50-7,706-14-9,CCCCC1CCC(=O)O1,CCCCCCC1CCC(=O)O1,5-Butyloxolan-2-one,5-Hexyloxolan-2-one,Homo sapiens,hOR2M3,40.0,0.0,0.0,True,True,True,1.0,0.0,both non-responsive,Low,https://doi.org/10.1093/chemse/bjw118,https://doi.org/10.1093/chemse/bjw118,Multiple CAS hits; exact SMILES used to disambiguate.,,human_only,16
PAIR_0016,104-50-7__706-14-9,104-50-7,706-14-9,CCCCC1CCC(=O)O1,CCCCCCC1CCC(=O)O1,5-Butyloxolan-2-one,5-Hexyloxolan-2-one,Homo sapiens,hOR2M4,39.0,0.0,,True,False,False,,,A tested / B untested,Medium,https://doi.org/10.3389/fphar.2015.00035,,Multiple CAS hits; exact SMILES used to disambiguate.,b_untested,human_only,16
PAIR_0016,104-50-7__706-14-9,104-50-7,706-14-9,CCCCC1CCC(=O)O1,CCCCCCC1CCC(=O)O1,5-Butyloxolan-2-one,5-Hexyloxolan-2-one,Homo sapiens,hOR2T10,36.0,0.0,,True,False,False,,,A tested / B untested,Medium,https://doi.org/10.3389/fphar.2015.00035,,Multiple CAS hits; exact SMILES used to disambiguate.,b_untested,human_only,16
PAIR_0016,104-50-7__706-14-9,104-50-7,706-14-9,CCCCC1CCC(=O)O1,CCCCCCC1CCC(=O)O1,5-Butyloxolan-2-one,5-Hexyloxolan-2-one,Homo sapiens,hOR2T34,677.0,0.0,,True,False,False,,,A tested / B untested,Medium,https://doi.org/10.3389/fphar.2015.00035,,Multiple CAS hits; exact SMILES used to disambiguate.,b_untested,human_only,16
PAIR_0016,104-50-7__706-14-9,104-50-7,706-14-9,CCCCC1CCC(=O)O1,CCCCCCC1CCC(=O)O1,5-Butyloxolan-2-one,5-Hexyloxolan-2-one,Homo sapiens,hOR2W1,51.0,1.0,1.0,True,True,True,1.0,0.0,both responsive,High,https://doi.org/10.1016/j.foodchem.2021.131680 | https://doi.org/10.1093/chemse/bjw117,https://doi.org/10.1016/j.foodchem.2021.131680 | https://doi.org/10.1093/chemse/bjw117,Multiple CAS hits; exact SMILES used to disambiguate.,,human_only,16
PAIR_0016,104-50-7__706-14-9,104-50-7,706-14-9,CCCCC1CCC(=O)O1,CCCCCCC1CCC(=O)O1,5-Butyloxolan-2-one,5-Hexyloxolan-2-one,Homo sapiens,hOR52D1,125.0,,0.0,False,True,False,,,A untested / B tested,Low,,https://doi.org/10.1093/chemse/bji002,Multiple CAS hits; exact SMILES used to disambiguate.,a_untested,human_only,16
PAIR_0016,104-50-7__706-14-9,104-50-7,706-14-9,CCCCC1CCC(=O)O1,CCCCCCC1CCC(=O)O1,5-Butyloxolan-2-one,5-Hexyloxolan-2-one,Homo sapiens,hOR5AC2,729.0,0.0,,True,False,False,,,A tested / B untested,Medium,https://doi.org/10.3389/fphar.2015.00035,,Multiple CAS hits; exact SMILES used to disambiguate.,b_untested,human_only,16
PAIR_0016,104-50-7__706-14-9,104-50-7,706-14-9,CCCCC1CCC(=O)O1,CCCCCCC1CCC(=O)O1,5-Butyloxolan-2-one,5-Hexyloxolan-2-one,Homo sapiens,hOR5B17,182.0,0.0,,True,False,False,,,A tested / B untested,Medium,https://doi.org/10.3389/fphar.2015.00035,,Multiple CAS hits; exact SMILES used to disambiguate.,b_untested,human_only,16
PAIR_0016,104-50-7__706-14-9,104-50-7,706-14-9,CCCCC1CCC(=O)O1,CCCCCCC1CCC(=O)O1,5-Butyloxolan-2-one,5-Hexyloxolan-2-one,Homo sapiens,hOR5K1,418.0,0.0,0.0,True,True,True,1.0,0.0,both non-responsive,Low,https://doi.org/10.1096/fj.202100224R,https://doi.org/10.1096/fj.202100224R,Multiple CAS hits; exact SMILES used to disambiguate.,,human_only,16
PAIR_0016,104-50-7__706-14-9,104-50-7,706-14-9,CCCCC1CCC(=O)O1,CCCCCCC1CCC(=O)O1,5-Butyloxolan-2-one,5-Hexyloxolan-2-one,Homo sapiens,hOR5M3,670.0,0.0,0.0,True,True,True,1.0,0.0,both non-responsive,Low,https://doi.org/10.1021/acs.jafc.1c03314,https://doi.org/10.1021/acs.jafc.1c03314,Multiple CAS hits; exact SMILES used to disambiguate.,,human_only,16
PAIR_0016,104-50-7__706-14-9,104-50-7,706-14-9,CCCCC1CCC(=O)O1,CCCCCCC1CCC(=O)O1,5-Butyloxolan-2-one,5-Hexyloxolan-2-one,Homo sapiens,hOR8D1,110.0,0.0,0.0,True,True,True,1.0,0.0,both non-responsive,Low,https://doi.org/10.1021/acs.jafc.1c03314,https://doi.org/10.1021/acs.jafc.1c03314,Multiple CAS hits; exact SMILES used to disambiguate.,,human_only,16
PAIR_0017,104-61-0__104-67-6,104-61-0,104-67-6,CCCCCC1CCC(=O)O1,CCCCCCCC1CCC(=O)O1,5-Pentyloxolan-2-one,5-Heptyloxolan-2-one,Homo sapiens,OR11A1,47.0,0.0,0.0,True,True,True,1.0,0.0,both non-responsive,Low,https://pubs.acs.org/doi/10.1021/acs.jafc.4c01515,https://pubs.acs.org/doi/10.1021/acs.jafc.4c01515,Multiple CAS hits; exact SMILES used to disambiguate.,,human_only,17
PAIR_0017,104-61-0__104-67-6,104-61-0,104-67-6,CCCCCC1CCC(=O)O1,CCCCCCCC1CCC(=O)O1,5-Pentyloxolan-2-one,5-Heptyloxolan-2-one,Homo sapiens,OR1D2,283.0,,1.0,False,True,False,,,A untested / B tested,Medium,,https://doi.org/10.1093/chemse/bju073,Multiple CAS hits; exact SMILES used to disambiguate.,a_untested,human_only,17
PAIR_0017,104-61-0__104-67-6,104-61-0,104-67-6,CCCCCC1CCC(=O)O1,CCCCCCCC1CCC(=O)O1,5-Pentyloxolan-2-one,5-Heptyloxolan-2-one,Homo sapiens,OR8H1,304.0,0.0,0.0,True,True,True,1.0,0.0,both non-responsive,Low,https://doi.org/10.1021/acs.jafc.3c08230,https://doi.org/10.1021/acs.jafc.3c08230,Multiple CAS hits; exact SMILES used to disambiguate.,,human_only,17
PAIR_0017,104-61-0__104-67-6,104-61-0,104-67-6,CCCCCC1CCC(=O)O1,CCCCCCCC1CCC(=O)O1,5-Pentyloxolan-2-one,5-Heptyloxolan-2-one,Homo sapiens,hOR1A1,29.0,1.0,0.0,True,True,True,0.0,1.0,A only responsive,High,https://doi.org/10.1093/chemse/bjw117,https://doi.org/10.1093/chemse/bjw117,Multiple CAS hits; exact SMILES used to disambiguate.,,human_only,17
PAIR_0017,104-61-0__104-67-6,104-61-0,104-67-6,CCCCCC1CCC(=O)O1,CCCCCCCC1CCC(=O)O1,5-Pentyloxolan-2-one,5-Heptyloxolan-2-one,Homo sapiens,hOR2M3,40.0,0.0,0.0,True,True,True,1.0,0.0,both non-responsive,Low,https://doi.org/10.1093/chemse/bjw118,https://doi.org/10.1093/chemse/bjw118,Multiple CAS hits; exact SMILES used to disambiguate.,,human_only,17
PAIR_0017,104-61-0__104-67-6,104-61-0,104-67-6,CCCCCC1CCC(=O)O1,CCCCCCCC1CCC(=O)O1,5-Pentyloxolan-2-one,5-Heptyloxolan-2-one,Homo sapiens,hOR2W1,51.0,1.0,1.0,True,True,True,1.0,0.0,both responsive,High,https://doi.org/10.1016/j.foodchem.2021.131680 | https://doi.org/10.1093/chemse/bjw117,https://doi.org/10.1016/j.foodchem.2021.131680 | https://doi.org/10.1093/chemse/bjw117,Multiple CAS hits; exact SMILES used to disambiguate.,,human_only,17
PAIR_0017,104-61-0__104-67-6,104-61-0,104-67-6,CCCCCC1CCC(=O)O1,CCCCCCCC1CCC(=O)O1,5-Pentyloxolan-2-one,5-Heptyloxolan-2-one,Homo sapiens,hOR5K1,418.0,0.0,0.0,True,True,True,1.0,0.0,both non-responsive,Low,https://doi.org/10.1096/fj.202100224R,https://doi.org/10.1096/fj.202100224R,Multiple CAS hits; exact SMILES used to disambiguate.,,human_only,17
PAIR_0017,104-61-0__104-67-6,104-61-0,104-67-6,CCCCCC1CCC(=O)O1,CCCCCCCC1CCC(=O)O1,5-Pentyloxolan-2-one,5-Heptyloxolan-2-one,Homo sapiens,hOR5M3,670.0,0.0,0.0,True,True,True,1.0,0.0,both non-responsive,Low,https://doi.org/10.1021/acs.jafc.1c03314,https://doi.org/10.1021/acs.jafc.1c03314,Multiple CAS hits; exact SMILES used to disambiguate.,,human_only,17
PAIR_0017,104-61-0__104-67-6,104-61-0,104-67-6,CCCCCC1CCC(=O)O1,CCCCCCCC1CCC(=O)O1,5-Pentyloxolan-2-one,5-Heptyloxolan-2-one,Homo sapiens,hOR8D1,110.0,0.0,0.0,True,True,True,1.0,0.0,both non-responsive,Low,https://doi.org/10.1021/acs.jafc.1c03314,https://doi.org/10.1021/acs.jafc.1c03314,Multiple CAS hits; exact SMILES used to disambiguate.,,human_only,17
PAIR_0018,104-61-0__108-29-2,104-61-0,108-29-2,CCCCCC1CCC(=O)O1,CC1CCC(=O)O1,5-Pentyloxolan-2-one,,Homo sapiens,OR11A1,47.0,0.0,,True,False,False,,,A tested / B untested,Low,https://pubs.acs.org/doi/10.1021/acs.jafc.4c01515,,Multiple CAS hits; exact SMILES used to disambiguate. | No exact CAS or exact SMILES match found in M2OR.,b_untested,human_only,18
PAIR_0018,104-61-0__108-29-2,104-61-0,108-29-2,CCCCCC1CCC(=O)O1,CC1CCC(=O)O1,5-Pentyloxolan-2-one,,Homo sapiens,OR8H1,304.0,0.0,,True,False,False,,,A tested / B untested,Low,https://doi.org/10.1021/acs.jafc.3c08230,,Multiple CAS hits; exact SMILES used to disambiguate. | No exact CAS or exact SMILES match found in M2OR.,b_untested,human_only,18
PAIR_0018,104-61-0__108-29-2,104-61-0,108-29-2,CCCCCC1CCC(=O)O1,CC1CCC(=O)O1,5-Pentyloxolan-2-one,,Homo sapiens,hOR1A1,29.0,1.0,,True,False,False,,,A tested / B untested,Medium,https://doi.org/10.1093/chemse/bjw117,,Multiple CAS hits; exact SMILES used to disambiguate. | No exact CAS or exact SMILES match found in M2OR.,b_untested,human_only,18
PAIR_0018,104-61-0__108-29-2,104-61-0,108-29-2,CCCCCC1CCC(=O)O1,CC1CCC(=O)O1,5-Pentyloxolan-2-one,,Homo sapiens,hOR2M3,40.0,0.0,,True,False,False,,,A tested / B untested,Low,https://doi.org/10.1093/chemse/bjw118,,Multiple CAS hits; exact SMILES used to disambiguate. | No exact CAS or exact SMILES match found in M2OR.,b_untested,human_only,18
PAIR_0018,104-61-0__108-29-2,104-61-0,108-29-2,CCCCCC1CCC(=O)O1,CC1CCC(=O)O1,5-Pentyloxolan-2-one,,Homo sapiens,hOR2W1,51.0,1.0,,True,False,False,,,A tested / B untested,Medium,https://doi.org/10.1016/j.foodchem.2021.131680 | https://doi.org/10.1093/chemse/bjw117,,Multiple CAS hits; exact SMILES used to disambiguate. | No exact CAS or exact SMILES match found in M2OR.,b_untested,human_only,18
PAIR_0018,104-61-0__108-29-2,104-61-0,108-29-2,CCCCCC1CCC(=O)O1,CC1CCC(=O)O1,5-Pentyloxolan-2-one,,Homo sapiens,hOR5K1,418.0,0.0,,True,False,False,,,A tested / B untested,Low,https://doi.org/10.1096/fj.202100224R,,Multiple CAS hits; exact SMILES used to disambiguate. | No exact CAS or exact SMILES match found in M2OR.,b_untested,human_only,18
PAIR_0018,104-61-0__108-29-2,104-61-0,108-29-2,CCCCCC1CCC(=O)O1,CC1CCC(=O)O1,5-Pentyloxolan-2-one,,Homo sapiens,hOR5M3,670.0,0.0,,True,False,False,,,A tested / B untested,Low,https://doi.org/10.1021/acs.jafc.1c03314,,Multiple CAS hits; exact SMILES used to disambiguate. | No exact CAS or exact SMILES match found in M2OR.,b_untested,human_only,18
PAIR_0018,104-61-0__108-29-2,104-61-0,108-29-2,CCCCCC1CCC(=O)O1,CC1CCC(=O)O1,5-Pentyloxolan-2-one,,Homo sapiens,hOR8D1,110.0,0.0,,True,False,False,,,A tested / B untested,Low,https://doi.org/10.1021/acs.jafc.1c03314,,Multiple CAS hits; exact SMILES used to disambiguate. | No exact CAS or exact SMILES match found in M2OR.,b_untested,human_only,18
PAIR_0019,104-61-0__695-06-7,104-61-0,695-06-7,CCCCCC1CCC(=O)O1,CCC1CCC(=O)O1,5-Pentyloxolan-2-one,,Homo sapiens,OR11A1,47.0,0.0,,True,False,False,,,A tested / B untested,Low,https://pubs.acs.org/doi/10.1021/acs.jafc.4c01515,,Multiple CAS hits; exact SMILES used to disambiguate. | CAS not found in compounds.csv; exact SMILES used.,b_untested,human_only,19
PAIR_0019,104-61-0__695-06-7,104-61-0,695-06-7,CCCCCC1CCC(=O)O1,CCC1CCC(=O)O1,5-Pentyloxolan-2-one,,Homo sapiens,OR8H1,304.0,0.0,,True,False,False,,,A tested / B untested,Low,https://doi.org/10.1021/acs.jafc.3c08230,,Multiple CAS hits; exact SMILES used to disambiguate. | CAS not found in compounds.csv; exact SMILES used.,b_untested,human_only,19
PAIR_0019,104-61-0__695-06-7,104-61-0,695-06-7,CCCCCC1CCC(=O)O1,CCC1CCC(=O)O1,5-Pentyloxolan-2-one,,Homo sapiens,hOR10J5,25.0,,0.0,False,True,False,,,A untested / B tested,Medium,,https://dx.doi.org/10.1126%2Fscisignal.2000016,Multiple CAS hits; exact SMILES used to disambiguate. | CAS not found in compounds.csv; exact SMILES used.,a_untested,human_only,19
PAIR_0019,104-61-0__695-06-7,104-61-0,695-06-7,CCCCCC1CCC(=O)O1,CCC1CCC(=O)O1,5-Pentyloxolan-2-one,,Homo sapiens,hOR1A1,29.0,1.0,0.0,True,True,True,0.0,1.0,A only responsive,High,https://doi.org/10.1093/chemse/bjw117,https://dx.doi.org/10.1126%2Fscisignal.2000016,Multiple CAS hits; exact SMILES used to disambiguate. | CAS not found in compounds.csv; exact SMILES used.,,human_only,19
PAIR_0019,104-61-0__695-06-7,104-61-0,695-06-7,CCCCCC1CCC(=O)O1,CCC1CCC(=O)O1,5-Pentyloxolan-2-one,,Homo sapiens,hOR2C1,591.0,,0.0,False,True,False,,,A untested / B tested,Medium,,https://dx.doi.org/10.1126%2Fscisignal.2000016,Multiple CAS hits; exact SMILES used to disambiguate. | CAS not found in compounds.csv; exact SMILES used.,a_untested,human_only,19
PAIR_0019,104-61-0__695-06-7,104-61-0,695-06-7,CCCCCC1CCC(=O)O1,CCC1CCC(=O)O1,5-Pentyloxolan-2-one,,Homo sapiens,hOR2J2,323.0,,0.0,False,True,False,,,A untested / B tested,Medium,,https://dx.doi.org/10.1126%2Fscisignal.2000016,Multiple CAS hits; exact SMILES used to disambiguate. | CAS not found in compounds.csv; exact SMILES used.,a_untested,human_only,19
PAIR_0019,104-61-0__695-06-7,104-61-0,695-06-7,CCCCCC1CCC(=O)O1,CCC1CCC(=O)O1,5-Pentyloxolan-2-one,,Homo sapiens,hOR2M3,40.0,0.0,,True,False,False,,,A tested / B untested,Low,https://doi.org/10.1093/chemse/bjw118,,Multiple CAS hits; exact SMILES used to disambiguate. | CAS not found in compounds.csv; exact SMILES used.,b_untested,human_only,19
PAIR_0019,104-61-0__695-06-7,104-61-0,695-06-7,CCCCCC1CCC(=O)O1,CCC1CCC(=O)O1,5-Pentyloxolan-2-one,,Homo sapiens,hOR2M7,284.0,,0.0,False,True,False,,,A untested / B tested,Medium,,https://dx.doi.org/10.1126%2Fscisignal.2000016,Multiple CAS hits; exact SMILES used to disambiguate. | CAS not found in compounds.csv; exact SMILES used.,a_untested,human_only,19
PAIR_0019,104-61-0__695-06-7,104-61-0,695-06-7,CCCCCC1CCC(=O)O1,CCC1CCC(=O)O1,5-Pentyloxolan-2-one,,Homo sapiens,hOR2W1,51.0,1.0,0.0,True,True,True,0.0,1.0,A only responsive,High,https://doi.org/10.1016/j.foodchem.2021.131680 | https://doi.org/10.1093/chemse/bjw117,https://dx.doi.org/10.1126%2Fscisignal.2000016,Multiple CAS hits; exact SMILES used to disambiguate. | CAS not found in compounds.csv; exact SMILES used.,,human_only,19
PAIR_0019,104-61-0__695-06-7,104-61-0,695-06-7,CCCCCC1CCC(=O)O1,CCC1CCC(=O)O1,5-Pentyloxolan-2-one,,Homo sapiens,hOR51E1,962.0,,0.0,False,True,False,,,A untested / B tested,Medium,,https://dx.doi.org/10.1126%2Fscisignal.2000016,Multiple CAS hits; exact SMILES used to disambiguate. | CAS not found in compounds.csv; exact SMILES used.,a_untested,human_only,19
PAIR_0019,104-61-0__695-06-7,104-61-0,695-06-7,CCCCCC1CCC(=O)O1,CCC1CCC(=O)O1,5-Pentyloxolan-2-one,,Homo sapiens,hOR51E2,168.0,,0.0,False,True,False,,,A untested / B tested,Medium,,https://dx.doi.org/10.1126%2Fscisignal.2000016,Multiple CAS hits; exact SMILES used to disambiguate. | CAS not found in compounds.csv; exact SMILES used.,a_untested,human_only,19
PAIR_0019,104-61-0__695-06-7,104-61-0,695-06-7,CCCCCC1CCC(=O)O1,CCC1CCC(=O)O1,5-Pentyloxolan-2-one,,Homo sapiens,hOR51L1,447.0,,0.0,False,True,False,,,A untested / B tested,Medium,,https://dx.doi.org/10.1126%2Fscisignal.2000016,Multiple CAS hits; exact SMILES used to disambiguate. | CAS not found in compounds.csv; exact SMILES used.,a_untested,human_only,19
PAIR_0019,104-61-0__695-06-7,104-61-0,695-06-7,CCCCCC1CCC(=O)O1,CCC1CCC(=O)O1,5-Pentyloxolan-2-one,,Homo sapiens,hOR5K1,418.0,0.0,,True,False,False,,,A tested / B untested,Low,https://doi.org/10.1096/fj.202100224R,,Multiple CAS hits; exact SMILES used to disambiguate. | CAS not found in compounds.csv; exact SMILES used.,b_untested,human_only,19
PAIR_0019,104-61-0__695-06-7,104-61-0,695-06-7,CCCCCC1CCC(=O)O1,CCC1CCC(=O)O1,5-Pentyloxolan-2-one,,Homo sapiens,hOR5M3,670.0,0.0,,True,False,False,,,A tested / B untested,Low,https://doi.org/10.1021/acs.jafc.1c03314,,Multiple CAS hits; exact SMILES used to disambiguate. | CAS not found in compounds.csv; exact SMILES used.,b_untested,human_only,19
PAIR_0019,104-61-0__695-06-7,104-61-0,695-06-7,CCCCCC1CCC(=O)O1,CCC1CCC(=O)O1,5-Pentyloxolan-2-one,,Homo sapiens,hOR5P3,88.0,,0.0,False,True,False,,,A untested / B tested,Medium,,https://dx.doi.org/10.1126%2Fscisignal.2000016,Multiple CAS hits; exact SMILES used to disambiguate. | CAS not found in compounds.csv; exact SMILES used.,a_untested,human_only,19
PAIR_0019,104-61-0__695-06-7,104-61-0,695-06-7,CCCCCC1CCC(=O)O1,CCC1CCC(=O)O1,5-Pentyloxolan-2-one,,Homo sapiens,hOR8D1,110.0,0.0,,True,False,False,,,A tested / B untested,Low,https://doi.org/10.1021/acs.jafc.1c03314,,Multiple CAS hits; exact SMILES used to disambiguate. | CAS not found in compounds.csv; exact SMILES used.,b_untested,human_only,19
PAIR_0020,104-61-0__706-14-9,104-61-0,706-14-9,CCCCCC1CCC(=O)O1,CCCCCCC1CCC(=O)O1,5-Pentyloxolan-2-one,5-Hexyloxolan-2-one,Homo sapiens,OR11A1,47.0,0.0,0.0,True,True,True,1.0,0.0,both non-responsive,Low,https://pubs.acs.org/doi/10.1021/acs.jafc.4c01515,https://pubs.acs.org/doi/10.1021/acs.jafc.4c01515,Multiple CAS hits; exact SMILES used to disambiguate.,,human_only,20
PAIR_0020,104-61-0__706-14-9,104-61-0,706-14-9,CCCCCC1CCC(=O)O1,CCCCCCC1CCC(=O)O1,5-Pentyloxolan-2-one,5-Hexyloxolan-2-one,Homo sapiens,OR1D2,283.0,,1.0,False,True,False,,,A untested / B tested,Medium,,https://doi.org/10.1093/chemse/bju073,Multiple CAS hits; exact SMILES used to disambiguate.,a_untested,human_only,20
PAIR_0020,104-61-0__706-14-9,104-61-0,706-14-9,CCCCCC1CCC(=O)O1,CCCCCCC1CCC(=O)O1,5-Pentyloxolan-2-one,5-Hexyloxolan-2-one,Homo sapiens,OR8H1,304.0,0.0,0.0,True,True,True,1.0,0.0,both non-responsive,Low,https://doi.org/10.1021/acs.jafc.3c08230,https://doi.org/10.1021/acs.jafc.3c08230,Multiple CAS hits; exact SMILES used to disambiguate.,,human_only,20
PAIR_0020,104-61-0__706-14-9,104-61-0,706-14-9,CCCCCC1CCC(=O)O1,CCCCCCC1CCC(=O)O1,5-Pentyloxolan-2-one,5-Hexyloxolan-2-one,Homo sapiens,hOR1A1,29.0,1.0,0.0,True,True,True,0.0,1.0,A only responsive,High,https://doi.org/10.1093/chemse/bjw117,https://doi.org/10.1093/chemse/bjw117,Multiple CAS hits; exact SMILES used to disambiguate.,,human_only,20
PAIR_0020,104-61-0__706-14-9,104-61-0,706-14-9,CCCCCC1CCC(=O)O1,CCCCCCC1CCC(=O)O1,5-Pentyloxolan-2-one,5-Hexyloxolan-2-one,Homo sapiens,hOR1G1,405.0,,1.0,False,True,False,,,A untested / B tested,Low,,https://doi.org/10.1093/chemse/bji002,Multiple CAS hits; exact SMILES used to disambiguate.,a_untested,human_only,20
PAIR_0020,104-61-0__706-14-9,104-61-0,706-14-9,CCCCCC1CCC(=O)O1,CCCCCCC1CCC(=O)O1,5-Pentyloxolan-2-one,5-Hexyloxolan-2-one,Homo sapiens,hOR2M3,40.0,0.0,0.0,True,True,True,1.0,0.0,both non-responsive,Low,https://doi.org/10.1093/chemse/bjw118,https://doi.org/10.1093/chemse/bjw118,Multiple CAS hits; exact SMILES used to disambiguate.,,human_only,20
PAIR_0020,104-61-0__706-14-9,104-61-0,706-14-9,CCCCCC1CCC(=O)O1,CCCCCCC1CCC(=O)O1,5-Pentyloxolan-2-one,5-Hexyloxolan-2-one,Homo sapiens,hOR2W1,51.0,1.0,1.0,True,True,True,1.0,0.0,both responsive,High,https://doi.org/10.1016/j.foodchem.2021.131680 | https://doi.org/10.1093/chemse/bjw117,https://doi.org/10.1016/j.foodchem.2021.131680 | https://doi.org/10.1093/chemse/bjw117,Multiple CAS hits; exact SMILES used to disambiguate.,,human_only,20
PAIR_0020,104-61-0__706-14-9,104-61-0,706-14-9,CCCCCC1CCC(=O)O1,CCCCCCC1CCC(=O)O1,5-Pentyloxolan-2-one,5-Hexyloxolan-2-one,Homo sapiens,hOR52D1,125.0,,0.0,False,True,False,,,A untested / B tested,Low,,https://doi.org/10.1093/chemse/bji002,Multiple CAS hits; exact SMILES used to disambiguate.,a_untested,human_only,20
PAIR_0020,104-61-0__706-14-9,104-61-0,706-14-9,CCCCCC1CCC(=O)O1,CCCCCCC1CCC(=O)O1,5-Pentyloxolan-2-one,5-Hexyloxolan-2-one,Homo sapiens,hOR5K1,418.0,0.0,0.0,True,True,True,1.0,0.0,both non-responsive,Low,https://doi.org/10.1096/fj.202100224R,https://doi.org/10.1096/fj.202100224R,Multiple CAS hits; exact SMILES used to disambiguate.,,human_only,20
PAIR_0020,104-61-0__706-14-9,104-61-0,706-14-9,CCCCCC1CCC(=O)O1,CCCCCCC1CCC(=O)O1,5-Pentyloxolan-2-one,5-Hexyloxolan-2-one,Homo sapiens,hOR5M3,670.0,0.0,0.0,True,True,True,1.0,0.0,both non-responsive,Low,https://doi.org/10.1021/acs.jafc.1c03314,https://doi.org/10.1021/acs.jafc.1c03314,Multiple CAS hits; exact SMILES used to disambiguate.,,human_only,20
PAIR_0020,104-61-0__706-14-9,104-61-0,706-14-9,CCCCCC1CCC(=O)O1,CCCCCCC1CCC(=O)O1,5-Pentyloxolan-2-one,5-Hexyloxolan-2-one,Homo sapiens,hOR8D1,110.0,0.0,0.0,True,True,True,1.0,0.0,both non-responsive,Low,https://doi.org/10.1021/acs.jafc.1c03314,https://doi.org/10.1021/acs.jafc.1c03314,Multiple CAS hits; exact SMILES used to disambiguate.,,human_only,20
PAIR_0021,104-67-6__108-29-2,104-67-6,108-29-2,CCCCCCCC1CCC(=O)O1,CC1CCC(=O)O1,5-Heptyloxolan-2-one,,Homo sapiens,OR11A1,47.0,0.0,,True,False,False,,,A tested / B untested,Low,https://pubs.acs.org/doi/10.1021/acs.jafc.4c01515,,Multiple CAS hits; exact SMILES used to disambiguate. | No exact CAS or exact SMILES match found in M2OR.,b_untested,human_only,21
PAIR_0021,104-67-6__108-29-2,104-67-6,108-29-2,CCCCCCCC1CCC(=O)O1,CC1CCC(=O)O1,5-Heptyloxolan-2-one,,Homo sapiens,OR1D2,283.0,1.0,,True,False,False,,,A tested / B untested,Medium,https://doi.org/10.1093/chemse/bju073,,Multiple CAS hits; exact SMILES used to disambiguate. | No exact CAS or exact SMILES match found in M2OR.,b_untested,human_only,21
PAIR_0021,104-67-6__108-29-2,104-67-6,108-29-2,CCCCCCCC1CCC(=O)O1,CC1CCC(=O)O1,5-Heptyloxolan-2-one,,Homo sapiens,OR8H1,304.0,0.0,,True,False,False,,,A tested / B untested,Low,https://doi.org/10.1021/acs.jafc.3c08230,,Multiple CAS hits; exact SMILES used to disambiguate. | No exact CAS or exact SMILES match found in M2OR.,b_untested,human_only,21
PAIR_0021,104-67-6__108-29-2,104-67-6,108-29-2,CCCCCCCC1CCC(=O)O1,CC1CCC(=O)O1,5-Heptyloxolan-2-one,,Homo sapiens,hOR1A1,29.0,0.0,,True,False,False,,,A tested / B untested,Low,https://doi.org/10.1093/chemse/bjw117,,Multiple CAS hits; exact SMILES used to disambiguate. | No exact CAS or exact SMILES match found in M2OR.,b_untested,human_only,21
PAIR_0021,104-67-6__108-29-2,104-67-6,108-29-2,CCCCCCCC1CCC(=O)O1,CC1CCC(=O)O1,5-Heptyloxolan-2-one,,Homo sapiens,hOR2M3,40.0,0.0,,True,False,False,,,A tested / B untested,Low,https://doi.org/10.1093/chemse/bjw118,,Multiple CAS hits; exact SMILES used to disambiguate. | No exact CAS or exact SMILES match found in M2OR.,b_untested,human_only,21
PAIR_0021,104-67-6__108-29-2,104-67-6,108-29-2,CCCCCCCC1CCC(=O)O1,CC1CCC(=O)O1,5-Heptyloxolan-2-one,,Homo sapiens,hOR2W1,51.0,1.0,,True,False,False,,,A tested / B untested,Medium,https://doi.org/10.1016/j.foodchem.2021.131680 | https://doi.org/10.1093/chemse/bjw117,,Multiple CAS hits; exact SMILES used to disambiguate. | No exact CAS or exact SMILES match found in M2OR.,b_untested,human_only,21
PAIR_0021,104-67-6__108-29-2,104-67-6,108-29-2,CCCCCCCC1CCC(=O)O1,CC1CCC(=O)O1,5-Heptyloxolan-2-one,,Homo sapiens,hOR5K1,418.0,0.0,,True,False,False,,,A tested / B untested,Low,https://doi.org/10.1096/fj.202100224R,,Multiple CAS hits; exact SMILES used to disambiguate. | No exact CAS or exact SMILES match found in M2OR.,b_untested,human_only,21
PAIR_0021,104-67-6__108-29-2,104-67-6,108-29-2,CCCCCCCC1CCC(=O)O1,CC1CCC(=O)O1,5-Heptyloxolan-2-one,,Homo sapiens,hOR5M3,670.0,0.0,,True,False,False,,,A tested / B untested,Low,https://doi.org/10.1021/acs.jafc.1c03314,,Multiple CAS hits; exact SMILES used to disambiguate. | No exact CAS or exact SMILES match found in M2OR.,b_untested,human_only,21
PAIR_0021,104-67-6__108-29-2,104-67-6,108-29-2,CCCCCCCC1CCC(=O)O1,CC1CCC(=O)O1,5-Heptyloxolan-2-one,,Homo sapiens,hOR8D1,110.0,0.0,,True,False,False,,,A tested / B untested,Low,https://doi.org/10.1021/acs.jafc.1c03314,,Multiple CAS hits; exact SMILES used to disambiguate. | No exact CAS or exact SMILES match found in M2OR.,b_untested,human_only,21
PAIR_0022,104-67-6__695-06-7,104-67-6,695-06-7,CCCCCCCC1CCC(=O)O1,CCC1CCC(=O)O1,5-Heptyloxolan-2-one,,Homo sapiens,OR11A1,47.0,0.0,,True,False,False,,,A tested / B untested,Low,https://pubs.acs.org/doi/10.1021/acs.jafc.4c01515,,Multiple CAS hits; exact SMILES used to disambiguate. | CAS not found in compounds.csv; exact SMILES used.,b_untested,human_only,22
PAIR_0022,104-67-6__695-06-7,104-67-6,695-06-7,CCCCCCCC1CCC(=O)O1,CCC1CCC(=O)O1,5-Heptyloxolan-2-one,,Homo sapiens,OR1D2,283.0,1.0,,True,False,False,,,A tested / B untested,Medium,https://doi.org/10.1093/chemse/bju073,,Multiple CAS hits; exact SMILES used to disambiguate. | CAS not found in compounds.csv; exact SMILES used.,b_untested,human_only,22
PAIR_0022,104-67-6__695-06-7,104-67-6,695-06-7,CCCCCCCC1CCC(=O)O1,CCC1CCC(=O)O1,5-Heptyloxolan-2-one,,Homo sapiens,OR8H1,304.0,0.0,,True,False,False,,,A tested / B untested,Low,https://doi.org/10.1021/acs.jafc.3c08230,,Multiple CAS hits; exact SMILES used to disambiguate. | CAS not found in compounds.csv; exact SMILES used.,b_untested,human_only,22
PAIR_0022,104-67-6__695-06-7,104-67-6,695-06-7,CCCCCCCC1CCC(=O)O1,CCC1CCC(=O)O1,5-Heptyloxolan-2-one,,Homo sapiens,hOR10J5,25.0,,0.0,False,True,False,,,A untested / B tested,Medium,,https://dx.doi.org/10.1126%2Fscisignal.2000016,Multiple CAS hits; exact SMILES used to disambiguate. | CAS not found in compounds.csv; exact SMILES used.,a_untested,human_only,22
PAIR_0022,104-67-6__695-06-7,104-67-6,695-06-7,CCCCCCCC1CCC(=O)O1,CCC1CCC(=O)O1,5-Heptyloxolan-2-one,,Homo sapiens,hOR1A1,29.0,0.0,0.0,True,True,True,1.0,0.0,both non-responsive,High,https://doi.org/10.1093/chemse/bjw117,https://dx.doi.org/10.1126%2Fscisignal.2000016,Multiple CAS hits; exact SMILES used to disambiguate. | CAS not found in compounds.csv; exact SMILES used.,,human_only,22
PAIR_0022,104-67-6__695-06-7,104-67-6,695-06-7,CCCCCCCC1CCC(=O)O1,CCC1CCC(=O)O1,5-Heptyloxolan-2-one,,Homo sapiens,hOR2C1,591.0,,0.0,False,True,False,,,A untested / B tested,Medium,,https://dx.doi.org/10.1126%2Fscisignal.2000016,Multiple CAS hits; exact SMILES used to disambiguate. | CAS not found in compounds.csv; exact SMILES used.,a_untested,human_only,22
PAIR_0022,104-67-6__695-06-7,104-67-6,695-06-7,CCCCCCCC1CCC(=O)O1,CCC1CCC(=O)O1,5-Heptyloxolan-2-one,,Homo sapiens,hOR2J2,323.0,,0.0,False,True,False,,,A untested / B tested,Medium,,https://dx.doi.org/10.1126%2Fscisignal.2000016,Multiple CAS hits; exact SMILES used to disambiguate. | CAS not found in compounds.csv; exact SMILES used.,a_untested,human_only,22
PAIR_0022,104-67-6__695-06-7,104-67-6,695-06-7,CCCCCCCC1CCC(=O)O1,CCC1CCC(=O)O1,5-Heptyloxolan-2-one,,Homo sapiens,hOR2M3,40.0,0.0,,True,False,False,,,A tested / B untested,Low,https://doi.org/10.1093/chemse/bjw118,,Multiple CAS hits; exact SMILES used to disambiguate. | CAS not found in compounds.csv; exact SMILES used.,b_untested,human_only,22
PAIR_0022,104-67-6__695-06-7,104-67-6,695-06-7,CCCCCCCC1CCC(=O)O1,CCC1CCC(=O)O1,5-Heptyloxolan-2-one,,Homo sapiens,hOR2M7,284.0,,0.0,False,True,False,,,A untested / B tested,Medium,,https://dx.doi.org/10.1126%2Fscisignal.2000016,Multiple CAS hits; exact SMILES used to disambiguate. | CAS not found in compounds.csv; exact SMILES used.,a_untested,human_only,22
PAIR_0022,104-67-6__695-06-7,104-67-6,695-06-7,CCCCCCCC1CCC(=O)O1,CCC1CCC(=O)O1,5-Heptyloxolan-2-one,,Homo sapiens,hOR2W1,51.0,1.0,0.0,True,True,True,0.0,1.0,A only responsive,High,https://doi.org/10.1016/j.foodchem.2021.131680 | https://doi.org/10.1093/chemse/bjw117,https://dx.doi.org/10.1126%2Fscisignal.2000016,Multiple CAS hits; exact SMILES used to disambiguate. | CAS not found in compounds.csv; exact SMILES used.,,human_only,22
PAIR_0022,104-67-6__695-06-7,104-67-6,695-06-7,CCCCCCCC1CCC(=O)O1,CCC1CCC(=O)O1,5-Heptyloxolan-2-one,,Homo sapiens,hOR51E1,962.0,,0.0,False,True,False,,,A untested / B tested,Medium,,https://dx.doi.org/10.1126%2Fscisignal.2000016,Multiple CAS hits; exact SMILES used to disambiguate. | CAS not found in compounds.csv; exact SMILES used.,a_untested,human_only,22
PAIR_0022,104-67-6__695-06-7,104-67-6,695-06-7,CCCCCCCC1CCC(=O)O1,CCC1CCC(=O)O1,5-Heptyloxolan-2-one,,Homo sapiens,hOR51E2,168.0,,0.0,False,True,False,,,A untested / B tested,Medium,,https://dx.doi.org/10.1126%2Fscisignal.2000016,Multiple CAS hits; exact SMILES used to disambiguate. | CAS not found in compounds.csv; exact SMILES used.,a_untested,human_only,22
PAIR_0022,104-67-6__695-06-7,104-67-6,695-06-7,CCCCCCCC1CCC(=O)O1,CCC1CCC(=O)O1,5-Heptyloxolan-2-one,,Homo sapiens,hOR51L1,447.0,,0.0,False,True,False,,,A untested / B tested,Medium,,https://dx.doi.org/10.1126%2Fscisignal.2000016,Multiple CAS hits; exact SMILES used to disambiguate. | CAS not found in compounds.csv; exact SMILES used.,a_untested,human_only,22
PAIR_0022,104-67-6__695-06-7,104-67-6,695-06-7,CCCCCCCC1CCC(=O)O1,CCC1CCC(=O)O1,5-Heptyloxolan-2-one,,Homo sapiens,hOR5K1,418.0,0.0,,True,False,False,,,A tested / B untested,Low,https://doi.org/10.1096/fj.202100224R,,Multiple CAS hits; exact SMILES used to disambiguate. | CAS not found in compounds.csv; exact SMILES used.,b_untested,human_only,22
PAIR_0022,104-67-6__695-06-7,104-67-6,695-06-7,CCCCCCCC1CCC(=O)O1,CCC1CCC(=O)O1,5-Heptyloxolan-2-one,,Homo sapiens,hOR5M3,670.0,0.0,,True,False,False,,,A tested / B untested,Low,https://doi.org/10.1021/acs.jafc.1c03314,,Multiple CAS hits; exact SMILES used to disambiguate. | CAS not found in compounds.csv; exact SMILES used.,b_untested,human_only,22
PAIR_0022,104-67-6__695-06-7,104-67-6,695-06-7,CCCCCCCC1CCC(=O)O1,CCC1CCC(=O)O1,5-Heptyloxolan-2-one,,Homo sapiens,hOR5P3,88.0,,0.0,False,True,False,,,A untested / B tested,Medium,,https://dx.doi.org/10.1126%2Fscisignal.2000016,Multiple CAS hits; exact SMILES used to disambiguate. | CAS not found in compounds.csv; exact SMILES used.,a_untested,human_only,22
PAIR_0022,104-67-6__695-06-7,104-67-6,695-06-7,CCCCCCCC1CCC(=O)O1,CCC1CCC(=O)O1,5-Heptyloxolan-2-one,,Homo sapiens,hOR8D1,110.0,0.0,,True,False,False,,,A tested / B untested,Low,https://doi.org/10.1021/acs.jafc.1c03314,,Multiple CAS hits; exact SMILES used to disambiguate. | CAS not found in compounds.csv; exact SMILES used.,b_untested,human_only,22
PAIR_0023,105-21-5__698-76-0,105-21-5,698-76-0,CCCC1CCC(=O)O1,CCCC1CCCC(=O)O1,,6-Propyloxan-2-one,Homo sapiens,OR11A1,47.0,,0.0,False,True,False,,,A untested / B tested,Low,,https://pubs.acs.org/doi/10.1021/acs.jafc.4c01515,No exact CAS or exact SMILES match found in M2OR. | Multiple CAS hits; exact SMILES used to disambiguate.,a_untested,human_only,23
PAIR_0023,105-21-5__698-76-0,105-21-5,698-76-0,CCCC1CCC(=O)O1,CCCC1CCCC(=O)O1,,6-Propyloxan-2-one,Homo sapiens,OR8H1,304.0,,0.0,False,True,False,,,A untested / B tested,Low,,https://doi.org/10.1021/acs.jafc.3c08230,No exact CAS or exact SMILES match found in M2OR. | Multiple CAS hits; exact SMILES used to disambiguate.,a_untested,human_only,23
PAIR_0023,105-21-5__698-76-0,105-21-5,698-76-0,CCCC1CCC(=O)O1,CCCC1CCCC(=O)O1,,6-Propyloxan-2-one,Homo sapiens,hOR1A1,29.0,,0.0,False,True,False,,,A untested / B tested,Low,,https://doi.org/10.1093/chemse/bjw117,No exact CAS or exact SMILES match found in M2OR. | Multiple CAS hits; exact SMILES used to disambiguate.,a_untested,human_only,23
PAIR_0023,105-21-5__698-76-0,105-21-5,698-76-0,CCCC1CCC(=O)O1,CCCC1CCCC(=O)O1,,6-Propyloxan-2-one,Homo sapiens,hOR2M3,40.0,,0.0,False,True,False,,,A untested / B tested,Low,,https://doi.org/10.1093/chemse/bjw118,No exact CAS or exact SMILES match found in M2OR. | Multiple CAS hits; exact SMILES used to disambiguate.,a_untested,human_only,23
PAIR_0023,105-21-5__698-76-0,105-21-5,698-76-0,CCCC1CCC(=O)O1,CCCC1CCCC(=O)O1,,6-Propyloxan-2-one,Homo sapiens,hOR2W1,51.0,,1.0,False,True,False,,,A untested / B tested,Medium,,https://doi.org/10.1016/j.foodchem.2021.131680 | https://doi.org/10.1093/chemse/bjw117,No exact CAS or exact SMILES match found in M2OR. | Multiple CAS hits; exact SMILES used to disambiguate.,a_untested,human_only,23
PAIR_0023,105-21-5__698-76-0,105-21-5,698-76-0,CCCC1CCC(=O)O1,CCCC1CCCC(=O)O1,,6-Propyloxan-2-one,Homo sapiens,hOR5K1,418.0,,0.0,False,True,False,,,A untested / B tested,Low,,https://doi.org/10.1096/fj.202100224R,No exact CAS or exact SMILES match found in M2OR. | Multiple CAS hits; exact SMILES used to disambiguate.,a_untested,human_only,23
PAIR_0023,105-21-5__698-76-0,105-21-5,698-76-0,CCCC1CCC(=O)O1,CCCC1CCCC(=O)O1,,6-Propyloxan-2-one,Homo sapiens,hOR5M3,670.0,,0.0,False,True,False,,,A untested / B tested,Low,,https://doi.org/10.1021/acs.jafc.1c03314,No exact CAS or exact SMILES match found in M2OR. | Multiple CAS hits; exact SMILES used to disambiguate.,a_untested,human_only,23
PAIR_0023,105-21-5__698-76-0,105-21-5,698-76-0,CCCC1CCC(=O)O1,CCCC1CCCC(=O)O1,,6-Propyloxan-2-one,Homo sapiens,hOR8D1,110.0,,0.0,False,True,False,,,A untested / B tested,Low,,https://doi.org/10.1021/acs.jafc.1c03314,No exact CAS or exact SMILES match found in M2OR. | Multiple CAS hits; exact SMILES used to disambiguate.,a_untested,human_only,23
PAIR_0024,105-53-3__105-54-4,105-53-3,105-54-4,CCOC(=O)CC(=O)OCC,CCCC(=O)OCC,,Ethyl butanoate,Homo sapiens,OR11A1,47.0,,0.0,False,True,False,,,A untested / B tested,Low,,https://pubs.acs.org/doi/10.1021/acs.jafc.4c01515,No exact CAS or exact SMILES match found in M2OR.,a_untested,human_only,24
PAIR_0024,105-53-3__105-54-4,105-53-3,105-54-4,CCOC(=O)CC(=O)OCC,CCCC(=O)OCC,,Ethyl butanoate,Homo sapiens,OR8H1,304.0,,0.0,False,True,False,,,A untested / B tested,Low,,https://doi.org/10.1021/acs.jafc.3c08230,No exact CAS or exact SMILES match found in M2OR.,a_untested,human_only,24
PAIR_0024,105-53-3__105-54-4,105-53-3,105-54-4,CCOC(=O)CC(=O)OCC,CCCC(=O)OCC,,Ethyl butanoate,Homo sapiens,hOR1A1,29.0,,0.0,False,True,False,,,A untested / B tested,Low,,https://doi.org/10.1093/chemse/bjw117,No exact CAS or exact SMILES match found in M2OR.,a_untested,human_only,24
PAIR_0024,105-53-3__105-54-4,105-53-3,105-54-4,CCOC(=O)CC(=O)OCC,CCCC(=O)OCC,,Ethyl butanoate,Homo sapiens,hOR1G1,405.0,,1.0,False,True,False,,,A untested / B tested,Low,,https://doi.org/10.1093/chemse/bji002,No exact CAS or exact SMILES match found in M2OR.,a_untested,human_only,24
PAIR_0024,105-53-3__105-54-4,105-53-3,105-54-4,CCOC(=O)CC(=O)OCC,CCCC(=O)OCC,,Ethyl butanoate,Homo sapiens,hOR2M3,40.0,,0.0,False,True,False,,,A untested / B tested,Low,,https://doi.org/10.1093/chemse/bjw118,No exact CAS or exact SMILES match found in M2OR.,a_untested,human_only,24
PAIR_0024,105-53-3__105-54-4,105-53-3,105-54-4,CCOC(=O)CC(=O)OCC,CCCC(=O)OCC,,Ethyl butanoate,Homo sapiens,hOR2W1,51.0,,1.0,False,True,False,,,A untested / B tested,Medium,,https://doi.org/10.1016/j.foodchem.2021.131680 | https://doi.org/10.1093/chemse/bjw117,No exact CAS or exact SMILES match found in M2OR.,a_untested,human_only,24
PAIR_0024,105-53-3__105-54-4,105-53-3,105-54-4,CCOC(=O)CC(=O)OCC,CCCC(=O)OCC,,Ethyl butanoate,Homo sapiens,hOR52D1,125.0,,1.0,False,True,False,,,A untested / B tested,Low,,https://doi.org/10.1093/chemse/bji002,No exact CAS or exact SMILES match found in M2OR.,a_untested,human_only,24
PAIR_0024,105-53-3__105-54-4,105-53-3,105-54-4,CCOC(=O)CC(=O)OCC,CCCC(=O)OCC,,Ethyl butanoate,Homo sapiens,hOR5K1,418.0,,0.0,False,True,False,,,A untested / B tested,Low,,https://doi.org/10.1096/fj.202100224R,No exact CAS or exact SMILES match found in M2OR.,a_untested,human_only,24
PAIR_0024,105-53-3__105-54-4,105-53-3,105-54-4,CCOC(=O)CC(=O)OCC,CCCC(=O)OCC,,Ethyl butanoate,Homo sapiens,hOR5M3,670.0,,0.0,False,True,False,,,A untested / B tested,Low,,https://doi.org/10.1021/acs.jafc.1c03314,No exact CAS or exact SMILES match found in M2OR.,a_untested,human_only,24
PAIR_0024,105-53-3__105-54-4,105-53-3,105-54-4,CCOC(=O)CC(=O)OCC,CCCC(=O)OCC,,Ethyl butanoate,Homo sapiens,hOR8D1,110.0,,0.0,False,True,False,,,A untested / B tested,Low,,https://doi.org/10.1021/acs.jafc.1c03314,No exact CAS or exact SMILES match found in M2OR.,a_untested,human_only,24
PAIR_0025,105-54-4__106-32-1,105-54-4,106-32-1,CCCC(=O)OCC,CCCCCCCC(=O)OCC,Ethyl butanoate,ethyl octanoate,Homo sapiens,OR10S1,1.0,,0.0,False,True,False,,,A untested / B tested,Low,,https://doi.org/10.1021/acs.biochem.8b01208,Multiple CAS hits; exact SMILES used to disambiguate.,a_untested,human_only,25
PAIR_0025,105-54-4__106-32-1,105-54-4,106-32-1,CCCC(=O)OCC,CCCCCCCC(=O)OCC,Ethyl butanoate,ethyl octanoate,Homo sapiens,OR11A1,47.0,0.0,0.0,True,True,True,1.0,0.0,both non-responsive,Low,https://pubs.acs.org/doi/10.1021/acs.jafc.4c01515,https://pubs.acs.org/doi/10.1021/acs.jafc.4c01515,Multiple CAS hits; exact SMILES used to disambiguate.,,human_only,25
PAIR_0025,105-54-4__106-32-1,105-54-4,106-32-1,CCCC(=O)OCC,CCCCCCCC(=O)OCC,Ethyl butanoate,ethyl octanoate,Homo sapiens,OR2A42,4.0,,0.0,False,True,False,,,A untested / B tested,Low,,https://doi.org/10.1021/acs.biochem.8b01208,Multiple CAS hits; exact SMILES used to disambiguate.,a_untested,human_only,25
PAIR_0025,105-54-4__106-32-1,105-54-4,106-32-1,CCCC(=O)OCC,CCCCCCCC(=O)OCC,Ethyl butanoate,ethyl octanoate,Homo sapiens,OR2A7,5.0,,0.0,False,True,False,,,A untested / B tested,Low,,https://doi.org/10.1021/acs.biochem.8b01208,Multiple CAS hits; exact SMILES used to disambiguate.,a_untested,human_only,25
PAIR_0025,105-54-4__106-32-1,105-54-4,106-32-1,CCCC(=O)OCC,CCCCCCCC(=O)OCC,Ethyl butanoate,ethyl octanoate,Homo sapiens,OR2L13,6.0,,0.0,False,True,False,,,A untested / B tested,Low,,https://doi.org/10.1021/acs.biochem.8b01208,Multiple CAS hits; exact SMILES used to disambiguate.,a_untested,human_only,25
PAIR_0025,105-54-4__106-32-1,105-54-4,106-32-1,CCCC(=O)OCC,CCCCCCCC(=O)OCC,Ethyl butanoate,ethyl octanoate,Homo sapiens,OR2T4,8.0,,0.0,False,True,False,,,A untested / B tested,Low,,https://doi.org/10.1021/acs.biochem.8b01208,Multiple CAS hits; exact SMILES used to disambiguate.,a_untested,human_only,25
PAIR_0025,105-54-4__106-32-1,105-54-4,106-32-1,CCCC(=O)OCC,CCCCCCCC(=O)OCC,Ethyl butanoate,ethyl octanoate,Homo sapiens,OR2W3,9.0,,0.0,False,True,False,,,A untested / B tested,Low,,https://doi.org/10.1021/acs.biochem.8b01208,Multiple CAS hits; exact SMILES used to disambiguate.,a_untested,human_only,25
PAIR_0025,105-54-4__106-32-1,105-54-4,106-32-1,CCCC(=O)OCC,CCCCCCCC(=O)OCC,Ethyl butanoate,ethyl octanoate,Homo sapiens,OR51B5,10.0,,0.0,False,True,False,,,A untested / B tested,Low,,https://doi.org/10.1021/acs.biochem.8b01208,Multiple CAS hits; exact SMILES used to disambiguate.,a_untested,human_only,25
PAIR_0025,105-54-4__106-32-1,105-54-4,106-32-1,CCCC(=O)OCC,CCCCCCCC(=O)OCC,Ethyl butanoate,ethyl octanoate,Homo sapiens,OR8H1,304.0,0.0,0.0,True,True,True,1.0,0.0,both non-responsive,Low,https://doi.org/10.1021/acs.jafc.3c08230,https://doi.org/10.1021/acs.jafc.3c08230,Multiple CAS hits; exact SMILES used to disambiguate.,,human_only,25
PAIR_0025,105-54-4__106-32-1,105-54-4,106-32-1,CCCC(=O)OCC,CCCCCCCC(=O)OCC,Ethyl butanoate,ethyl octanoate,Homo sapiens,hOR1A1,29.0,0.0,0.0,True,True,True,1.0,0.0,both non-responsive,Low,https://doi.org/10.1093/chemse/bjw117,https://doi.org/10.1093/chemse/bjw117,Multiple CAS hits; exact SMILES used to disambiguate.,,human_only,25
PAIR_0025,105-54-4__106-32-1,105-54-4,106-32-1,CCCC(=O)OCC,CCCCCCCC(=O)OCC,Ethyl butanoate,ethyl octanoate,Homo sapiens,hOR1G1,405.0,1.0,1.0,True,True,True,1.0,0.0,both responsive,Low,https://doi.org/10.1093/chemse/bji002,https://doi.org/10.1093/chemse/bji002,Multiple CAS hits; exact SMILES used to disambiguate.,,human_only,25
PAIR_0025,105-54-4__106-32-1,105-54-4,106-32-1,CCCC(=O)OCC,CCCCCCCC(=O)OCC,Ethyl butanoate,ethyl octanoate,Homo sapiens,hOR2M3,40.0,0.0,0.0,True,True,True,1.0,0.0,both non-responsive,Low,https://doi.org/10.1093/chemse/bjw118,https://doi.org/10.1093/chemse/bjw118,Multiple CAS hits; exact SMILES used to disambiguate.,,human_only,25
PAIR_0025,105-54-4__106-32-1,105-54-4,106-32-1,CCCC(=O)OCC,CCCCCCCC(=O)OCC,Ethyl butanoate,ethyl octanoate,Homo sapiens,hOR2W1,51.0,1.0,1.0,True,True,True,1.0,0.0,both responsive,High,https://doi.org/10.1016/j.foodchem.2021.131680 | https://doi.org/10.1093/chemse/bjw117,https://doi.org/10.1016/j.foodchem.2021.131680 | https://doi.org/10.1093/chemse/bjw117,Multiple CAS hits; exact SMILES used to disambiguate.,,human_only,25
PAIR_0025,105-54-4__106-32-1,105-54-4,106-32-1,CCCC(=O)OCC,CCCCCCCC(=O)OCC,Ethyl butanoate,ethyl octanoate,Homo sapiens,hOR52D1,125.0,1.0,0.0,True,True,True,0.0,1.0,A only responsive,Low,https://doi.org/10.1093/chemse/bji002,https://doi.org/10.1093/chemse/bji002,Multiple CAS hits; exact SMILES used to disambiguate.,,human_only,25
PAIR_0025,105-54-4__106-32-1,105-54-4,106-32-1,CCCC(=O)OCC,CCCCCCCC(=O)OCC,Ethyl butanoate,ethyl octanoate,Homo sapiens,hOR5K1,418.0,0.0,0.0,True,True,True,1.0,0.0,both non-responsive,Low,https://doi.org/10.1096/fj.202100224R,https://doi.org/10.1096/fj.202100224R,Multiple CAS hits; exact SMILES used to disambiguate.,,human_only,25
PAIR_0025,105-54-4__106-32-1,105-54-4,106-32-1,CCCC(=O)OCC,CCCCCCCC(=O)OCC,Ethyl butanoate,ethyl octanoate,Homo sapiens,hOR5M3,670.0,0.0,0.0,True,True,True,1.0,0.0,both non-responsive,Low,https://doi.org/10.1021/acs.jafc.1c03314,https://doi.org/10.1021/acs.jafc.1c03314,Multiple CAS hits; exact SMILES used to disambiguate.,,human_only,25
PAIR_0025,105-54-4__106-32-1,105-54-4,106-32-1,CCCC(=O)OCC,CCCCCCCC(=O)OCC,Ethyl butanoate,ethyl octanoate,Homo sapiens,hOR8D1,110.0,0.0,0.0,True,True,True,1.0,0.0,both non-responsive,Low,https://doi.org/10.1021/acs.jafc.1c03314,https://doi.org/10.1021/acs.jafc.1c03314,Multiple CAS hits; exact SMILES used to disambiguate.,,human_only,25
PAIR_0026,105-54-4__110-38-3,105-54-4,110-38-3,CCCC(=O)OCC,CCCCCCCCCC(=O)OCC,Ethyl butanoate,ethyl decanoate,Homo sapiens,OR10S1,1.0,,0.0,False,True,False,,,A untested / B tested,Low,,https://doi.org/10.1021/acs.biochem.8b01208,Multiple CAS hits; exact SMILES used to disambiguate.,a_untested,human_only,26
PAIR_0026,105-54-4__110-38-3,105-54-4,110-38-3,CCCC(=O)OCC,CCCCCCCCCC(=O)OCC,Ethyl butanoate,ethyl decanoate,Homo sapiens,OR11A1,47.0,0.0,0.0,True,True,True,1.0,0.0,both non-responsive,Low,https://pubs.acs.org/doi/10.1021/acs.jafc.4c01515,https://pubs.acs.org/doi/10.1021/acs.jafc.4c01515,Multiple CAS hits; exact SMILES used to disambiguate.,,human_only,26
PAIR_0026,105-54-4__110-38-3,105-54-4,110-38-3,CCCC(=O)OCC,CCCCCCCCCC(=O)OCC,Ethyl butanoate,ethyl decanoate,Homo sapiens,OR2A42,4.0,,0.0,False,True,False,,,A untested / B tested,Low,,https://doi.org/10.1021/acs.biochem.8b01208,Multiple CAS hits; exact SMILES used to disambiguate.,a_untested,human_only,26
PAIR_0026,105-54-4__110-38-3,105-54-4,110-38-3,CCCC(=O)OCC,CCCCCCCCCC(=O)OCC,Ethyl butanoate,ethyl decanoate,Homo sapiens,OR2A7,5.0,,0.0,False,True,False,,,A untested / B tested,Low,,https://doi.org/10.1021/acs.biochem.8b01208,Multiple CAS hits; exact SMILES used to disambiguate.,a_untested,human_only,26
PAIR_0026,105-54-4__110-38-3,105-54-4,110-38-3,CCCC(=O)OCC,CCCCCCCCCC(=O)OCC,Ethyl butanoate,ethyl decanoate,Homo sapiens,OR2L13,6.0,,0.0,False,True,False,,,A untested / B tested,Low,,https://doi.org/10.1021/acs.biochem.8b01208,Multiple CAS hits; exact SMILES used to disambiguate.,a_untested,human_only,26
PAIR_0026,105-54-4__110-38-3,105-54-4,110-38-3,CCCC(=O)OCC,CCCCCCCCCC(=O)OCC,Ethyl butanoate,ethyl decanoate,Homo sapiens,OR2T4,8.0,,0.0,False,True,False,,,A untested / B tested,Low,,https://doi.org/10.1021/acs.biochem.8b01208,Multiple CAS hits; exact SMILES used to disambiguate.,a_untested,human_only,26
PAIR_0026,105-54-4__110-38-3,105-54-4,110-38-3,CCCC(=O)OCC,CCCCCCCCCC(=O)OCC,Ethyl butanoate,ethyl decanoate,Homo sapiens,OR2W3,9.0,,0.0,False,True,False,,,A untested / B tested,Low,,https://doi.org/10.1021/acs.biochem.8b01208,Multiple CAS hits; exact SMILES used to disambiguate.,a_untested,human_only,26
PAIR_0026,105-54-4__110-38-3,105-54-4,110-38-3,CCCC(=O)OCC,CCCCCCCCCC(=O)OCC,Ethyl butanoate,ethyl decanoate,Homo sapiens,OR51B5,10.0,,0.0,False,True,False,,,A untested / B tested,Low,,https://doi.org/10.1021/acs.biochem.8b01208,Multiple CAS hits; exact SMILES used to disambiguate.,a_untested,human_only,26
PAIR_0026,105-54-4__110-38-3,105-54-4,110-38-3,CCCC(=O)OCC,CCCCCCCCCC(=O)OCC,Ethyl butanoate,ethyl decanoate,Homo sapiens,OR8H1,304.0,0.0,0.0,True,True,True,1.0,0.0,both non-responsive,Low,https://doi.org/10.1021/acs.jafc.3c08230,https://doi.org/10.1021/acs.jafc.3c08230,Multiple CAS hits; exact SMILES used to disambiguate.,,human_only,26
PAIR_0026,105-54-4__110-38-3,105-54-4,110-38-3,CCCC(=O)OCC,CCCCCCCCCC(=O)OCC,Ethyl butanoate,ethyl decanoate,Homo sapiens,hOR1A1,29.0,0.0,0.0,True,True,True,1.0,0.0,both non-responsive,Low,https://doi.org/10.1093/chemse/bjw117,https://doi.org/10.1093/chemse/bjw117,Multiple CAS hits; exact SMILES used to disambiguate.,,human_only,26
PAIR_0026,105-54-4__110-38-3,105-54-4,110-38-3,CCCC(=O)OCC,CCCCCCCCCC(=O)OCC,Ethyl butanoate,ethyl decanoate,Homo sapiens,hOR1G1,405.0,1.0,1.0,True,True,True,1.0,0.0,both responsive,Low,https://doi.org/10.1093/chemse/bji002,https://doi.org/10.1093/chemse/bji002,Multiple CAS hits; exact SMILES used to disambiguate.,,human_only,26
PAIR_0026,105-54-4__110-38-3,105-54-4,110-38-3,CCCC(=O)OCC,CCCCCCCCCC(=O)OCC,Ethyl butanoate,ethyl decanoate,Homo sapiens,hOR2M3,40.0,0.0,0.0,True,True,True,1.0,0.0,both non-responsive,Low,https://doi.org/10.1093/chemse/bjw118,https://doi.org/10.1093/chemse/bjw118,Multiple CAS hits; exact SMILES used to disambiguate.,,human_only,26
PAIR_0026,105-54-4__110-38-3,105-54-4,110-38-3,CCCC(=O)OCC,CCCCCCCCCC(=O)OCC,Ethyl butanoate,ethyl decanoate,Homo sapiens,hOR2W1,51.0,1.0,1.0,True,True,True,1.0,0.0,both responsive,High,https://doi.org/10.1016/j.foodchem.2021.131680 | https://doi.org/10.1093/chemse/bjw117,https://doi.org/10.1016/j.foodchem.2021.131680 | https://doi.org/10.1093/chemse/bjw117,Multiple CAS hits; exact SMILES used to disambiguate.,,human_only,26
PAIR_0026,105-54-4__110-38-3,105-54-4,110-38-3,CCCC(=O)OCC,CCCCCCCCCC(=O)OCC,Ethyl butanoate,ethyl decanoate,Homo sapiens,hOR52D1,125.0,1.0,0.0,True,True,True,0.0,1.0,A only responsive,Low,https://doi.org/10.1093/chemse/bji002,https://doi.org/10.1093/chemse/bji002,Multiple CAS hits; exact SMILES used to disambiguate.,,human_only,26
PAIR_0026,105-54-4__110-38-3,105-54-4,110-38-3,CCCC(=O)OCC,CCCCCCCCCC(=O)OCC,Ethyl butanoate,ethyl decanoate,Homo sapiens,hOR5K1,418.0,0.0,0.0,True,True,True,1.0,0.0,both non-responsive,Low,https://doi.org/10.1096/fj.202100224R,https://doi.org/10.1096/fj.202100224R,Multiple CAS hits; exact SMILES used to disambiguate.,,human_only,26
PAIR_0026,105-54-4__110-38-3,105-54-4,110-38-3,CCCC(=O)OCC,CCCCCCCCCC(=O)OCC,Ethyl butanoate,ethyl decanoate,Homo sapiens,hOR5M3,670.0,0.0,0.0,True,True,True,1.0,0.0,both non-responsive,Low,https://doi.org/10.1021/acs.jafc.1c03314,https://doi.org/10.1021/acs.jafc.1c03314,Multiple CAS hits; exact SMILES used to disambiguate.,,human_only,26
PAIR_0026,105-54-4__110-38-3,105-54-4,110-38-3,CCCC(=O)OCC,CCCCCCCCCC(=O)OCC,Ethyl butanoate,ethyl decanoate,Homo sapiens,hOR8D1,110.0,0.0,0.0,True,True,True,1.0,0.0,both non-responsive,Low,https://doi.org/10.1021/acs.jafc.1c03314,https://doi.org/10.1021/acs.jafc.1c03314,Multiple CAS hits; exact SMILES used to disambiguate.,,human_only,26
PAIR_0027,105-54-4__123-29-5,105-54-4,123-29-5,CCCC(=O)OCC,CCCCCCCCC(=O)OCC,Ethyl butanoate,,Homo sapiens,OR11A1,47.0,0.0,,True,False,False,,,A tested / B untested,Low,https://pubs.acs.org/doi/10.1021/acs.jafc.4c01515,,CAS not found in compounds.csv; exact SMILES used.,b_untested,human_only,27
PAIR_0027,105-54-4__123-29-5,105-54-4,123-29-5,CCCC(=O)OCC,CCCCCCCCC(=O)OCC,Ethyl butanoate,,Homo sapiens,OR8H1,304.0,0.0,,True,False,False,,,A tested / B untested,Low,https://doi.org/10.1021/acs.jafc.3c08230,,CAS not found in compounds.csv; exact SMILES used.,b_untested,human_only,27
PAIR_0027,105-54-4__123-29-5,105-54-4,123-29-5,CCCC(=O)OCC,CCCCCCCCC(=O)OCC,Ethyl butanoate,,Homo sapiens,hOR1A1,29.0,0.0,,True,False,False,,,A tested / B untested,Low,https://doi.org/10.1093/chemse/bjw117,,CAS not found in compounds.csv; exact SMILES used.,b_untested,human_only,27
PAIR_0027,105-54-4__123-29-5,105-54-4,123-29-5,CCCC(=O)OCC,CCCCCCCCC(=O)OCC,Ethyl butanoate,,Homo sapiens,hOR1G1,405.0,1.0,1.0,True,True,True,1.0,0.0,both responsive,Low,https://doi.org/10.1093/chemse/bji002,https://doi.org/10.1093/chemse/bji002,CAS not found in compounds.csv; exact SMILES used.,,human_only,27
PAIR_0027,105-54-4__123-29-5,105-54-4,123-29-5,CCCC(=O)OCC,CCCCCCCCC(=O)OCC,Ethyl butanoate,,Homo sapiens,hOR2M3,40.0,0.0,,True,False,False,,,A tested / B untested,Low,https://doi.org/10.1093/chemse/bjw118,,CAS not found in compounds.csv; exact SMILES used.,b_untested,human_only,27
PAIR_0027,105-54-4__123-29-5,105-54-4,123-29-5,CCCC(=O)OCC,CCCCCCCCC(=O)OCC,Ethyl butanoate,,Homo sapiens,hOR2W1,51.0,1.0,,True,False,False,,,A tested / B untested,Medium,https://doi.org/10.1016/j.foodchem.2021.131680 | https://doi.org/10.1093/chemse/bjw117,,CAS not found in compounds.csv; exact SMILES used.,b_untested,human_only,27
PAIR_0027,105-54-4__123-29-5,105-54-4,123-29-5,CCCC(=O)OCC,CCCCCCCCC(=O)OCC,Ethyl butanoate,,Homo sapiens,hOR52D1,125.0,1.0,0.0,True,True,True,0.0,1.0,A only responsive,Low,https://doi.org/10.1093/chemse/bji002,https://doi.org/10.1093/chemse/bji002,CAS not found in compounds.csv; exact SMILES used.,,human_only,27
PAIR_0027,105-54-4__123-29-5,105-54-4,123-29-5,CCCC(=O)OCC,CCCCCCCCC(=O)OCC,Ethyl butanoate,,Homo sapiens,hOR5K1,418.0,0.0,,True,False,False,,,A tested / B untested,Low,https://doi.org/10.1096/fj.202100224R,,CAS not found in compounds.csv; exact SMILES used.,b_untested,human_only,27
PAIR_0027,105-54-4__123-29-5,105-54-4,123-29-5,CCCC(=O)OCC,CCCCCCCCC(=O)OCC,Ethyl butanoate,,Homo sapiens,hOR5M3,670.0,0.0,,True,False,False,,,A tested / B untested,Low,https://doi.org/10.1021/acs.jafc.1c03314,,CAS not found in compounds.csv; exact SMILES used.,b_untested,human_only,27
PAIR_0027,105-54-4__123-29-5,105-54-4,123-29-5,CCCC(=O)OCC,CCCCCCCCC(=O)OCC,Ethyl butanoate,,Homo sapiens,hOR8D1,110.0,0.0,,True,False,False,,,A tested / B untested,Low,https://doi.org/10.1021/acs.jafc.1c03314,,CAS not found in compounds.csv; exact SMILES used.,b_untested,human_only,27
PAIR_0028,105-54-4__123-66-0,105-54-4,123-66-0,CCCC(=O)OCC,CCCCCC(=O)OCC,Ethyl butanoate,Ethyl hexanoate,Homo sapiens,OR11A1,47.0,0.0,0.0,True,True,True,1.0,0.0,both non-responsive,Low,https://pubs.acs.org/doi/10.1021/acs.jafc.4c01515,https://pubs.acs.org/doi/10.1021/acs.jafc.4c01515,,,human_only,28
PAIR_0028,105-54-4__123-66-0,105-54-4,123-66-0,CCCC(=O)OCC,CCCCCC(=O)OCC,Ethyl butanoate,Ethyl hexanoate,Homo sapiens,OR8H1,304.0,0.0,0.0,True,True,True,1.0,0.0,both non-responsive,Low,https://doi.org/10.1021/acs.jafc.3c08230,https://doi.org/10.1021/acs.jafc.3c08230,,,human_only,28
PAIR_0028,105-54-4__123-66-0,105-54-4,123-66-0,CCCC(=O)OCC,CCCCCC(=O)OCC,Ethyl butanoate,Ethyl hexanoate,Homo sapiens,hOR1A1,29.0,0.0,1.0,True,True,True,0.0,1.0,B only responsive,High,https://doi.org/10.1093/chemse/bjw117,https://doi.org/10.1093/chemse/bjw117,,,human_only,28
PAIR_0028,105-54-4__123-66-0,105-54-4,123-66-0,CCCC(=O)OCC,CCCCCC(=O)OCC,Ethyl butanoate,Ethyl hexanoate,Homo sapiens,hOR1G1,405.0,1.0,0.0,True,True,True,0.0,1.0,A only responsive,Low,https://doi.org/10.1093/chemse/bji002,https://doi.org/10.1093/chemse/bji002,,,human_only,28
PAIR_0028,105-54-4__123-66-0,105-54-4,123-66-0,CCCC(=O)OCC,CCCCCC(=O)OCC,Ethyl butanoate,Ethyl hexanoate,Homo sapiens,hOR2M3,40.0,0.0,0.0,True,True,True,1.0,0.0,both non-responsive,Low,https://doi.org/10.1093/chemse/bjw118,https://doi.org/10.1093/chemse/bjw118,,,human_only,28
PAIR_0028,105-54-4__123-66-0,105-54-4,123-66-0,CCCC(=O)OCC,CCCCCC(=O)OCC,Ethyl butanoate,Ethyl hexanoate,Homo sapiens,hOR2W1,51.0,1.0,1.0,True,True,True,1.0,0.0,both responsive,High,https://doi.org/10.1016/j.foodchem.2021.131680 | https://doi.org/10.1093/chemse/bjw117,https://doi.org/10.1016/j.foodchem.2021.131680 | https://doi.org/10.1093/chemse/bjw117,,,human_only,28
PAIR_0028,105-54-4__123-66-0,105-54-4,123-66-0,CCCC(=O)OCC,CCCCCC(=O)OCC,Ethyl butanoate,Ethyl hexanoate,Homo sapiens,hOR52D1,125.0,1.0,1.0,True,True,True,1.0,0.0,both responsive,Low,https://doi.org/10.1093/chemse/bji002,https://doi.org/10.1093/chemse/bji002,,,human_only,28
PAIR_0028,105-54-4__123-66-0,105-54-4,123-66-0,CCCC(=O)OCC,CCCCCC(=O)OCC,Ethyl butanoate,Ethyl hexanoate,Homo sapiens,hOR5K1,418.0,0.0,0.0,True,True,True,1.0,0.0,both non-responsive,Low,https://doi.org/10.1096/fj.202100224R,https://doi.org/10.1096/fj.202100224R,,,human_only,28
PAIR_0028,105-54-4__123-66-0,105-54-4,123-66-0,CCCC(=O)OCC,CCCCCC(=O)OCC,Ethyl butanoate,Ethyl hexanoate,Homo sapiens,hOR5M3,670.0,0.0,0.0,True,True,True,1.0,0.0,both non-responsive,Low,https://doi.org/10.1021/acs.jafc.1c03314,https://doi.org/10.1021/acs.jafc.1c03314,,,human_only,28
PAIR_0028,105-54-4__123-66-0,105-54-4,123-66-0,CCCC(=O)OCC,CCCCCC(=O)OCC,Ethyl butanoate,Ethyl hexanoate,Homo sapiens,hOR8D1,110.0,0.0,0.0,True,True,True,1.0,0.0,both non-responsive,Low,https://doi.org/10.1021/acs.jafc.1c03314,https://doi.org/10.1021/acs.jafc.1c03314,,,human_only,28
PAIR_0029,105-54-4__141-78-6,105-54-4,141-78-6,CCCC(=O)OCC,CCOC(=O)C,Ethyl butanoate,Ethyl acetate,Homo sapiens,OR11A1,47.0,0.0,0.0,True,True,True,1.0,0.0,both non-responsive,Low,https://pubs.acs.org/doi/10.1021/acs.jafc.4c01515,https://pubs.acs.org/doi/10.1021/acs.jafc.4c01515,,,human_only,29
PAIR_0029,105-54-4__141-78-6,105-54-4,141-78-6,CCCC(=O)OCC,CCOC(=O)C,Ethyl butanoate,Ethyl acetate,Homo sapiens,OR8H1,304.0,0.0,0.0,True,True,True,1.0,0.0,both non-responsive,Low,https://doi.org/10.1021/acs.jafc.3c08230,https://doi.org/10.1021/acs.jafc.3c08230,,,human_only,29
PAIR_0029,105-54-4__141-78-6,105-54-4,141-78-6,CCCC(=O)OCC,CCOC(=O)C,Ethyl butanoate,Ethyl acetate,Homo sapiens,hOR1A1,29.0,0.0,0.0,True,True,True,1.0,0.0,both non-responsive,Low,https://doi.org/10.1093/chemse/bjw117,https://doi.org/10.1093/chemse/bjw117,,,human_only,29
PAIR_0029,105-54-4__141-78-6,105-54-4,141-78-6,CCCC(=O)OCC,CCOC(=O)C,Ethyl butanoate,Ethyl acetate,Homo sapiens,hOR1G1,405.0,1.0,,True,False,False,,,A tested / B untested,Low,https://doi.org/10.1093/chemse/bji002,,,b_untested,human_only,29
PAIR_0029,105-54-4__141-78-6,105-54-4,141-78-6,CCCC(=O)OCC,CCOC(=O)C,Ethyl butanoate,Ethyl acetate,Homo sapiens,hOR2M3,40.0,0.0,0.0,True,True,True,1.0,0.0,both non-responsive,Low,https://doi.org/10.1093/chemse/bjw118,https://doi.org/10.1093/chemse/bjw118,,,human_only,29
PAIR_0029,105-54-4__141-78-6,105-54-4,141-78-6,CCCC(=O)OCC,CCOC(=O)C,Ethyl butanoate,Ethyl acetate,Homo sapiens,hOR2W1,51.0,1.0,0.0,True,True,True,0.0,1.0,A only responsive,High,https://doi.org/10.1016/j.foodchem.2021.131680 | https://doi.org/10.1093/chemse/bjw117,https://doi.org/10.1016/j.foodchem.2021.131680 | https://doi.org/10.1093/chemse/bjw117,,,human_only,29
PAIR_0029,105-54-4__141-78-6,105-54-4,141-78-6,CCCC(=O)OCC,CCOC(=O)C,Ethyl butanoate,Ethyl acetate,Homo sapiens,hOR52D1,125.0,1.0,,True,False,False,,,A tested / B untested,Low,https://doi.org/10.1093/chemse/bji002,,,b_untested,human_only,29
PAIR_0029,105-54-4__141-78-6,105-54-4,141-78-6,CCCC(=O)OCC,CCOC(=O)C,Ethyl butanoate,Ethyl acetate,Homo sapiens,hOR5K1,418.0,0.0,0.0,True,True,True,1.0,0.0,both non-responsive,Low,https://doi.org/10.1096/fj.202100224R,https://doi.org/10.1096/fj.202100224R,,,human_only,29
PAIR_0029,105-54-4__141-78-6,105-54-4,141-78-6,CCCC(=O)OCC,CCOC(=O)C,Ethyl butanoate,Ethyl acetate,Homo sapiens,hOR5M3,670.0,0.0,0.0,True,True,True,1.0,0.0,both non-responsive,Low,https://doi.org/10.1021/acs.jafc.1c03314,https://doi.org/10.1021/acs.jafc.1c03314,,,human_only,29
PAIR_0029,105-54-4__141-78-6,105-54-4,141-78-6,CCCC(=O)OCC,CCOC(=O)C,Ethyl butanoate,Ethyl acetate,Homo sapiens,hOR8D1,110.0,0.0,0.0,True,True,True,1.0,0.0,both non-responsive,Low,https://doi.org/10.1021/acs.jafc.1c03314,https://doi.org/10.1021/acs.jafc.1c03314,,,human_only,29
PAIR_0030,106-22-9__150-84-5,106-22-9,150-84-5,CC(CCC=C(C)C)CCO,CC(CCC=C(C)C)CCOC(=O)C,,,Homo sapiens,OR1D2,283.0,1.0,,True,False,False,,,A tested / B untested,Medium,https://doi.org/10.1093/chemse/bju073,,CAS not found in compounds.csv; exact SMILES used. | No exact CAS or exact SMILES match found in M2OR.,b_untested,human_only,30
PAIR_0031,106-25-2__141-12-8,106-25-2,141-12-8,CC(=CCC/C(=C\CO)/C)C,CC(=CCC/C(=C\COC(=O)C)/C)C,nerol,,Homo sapiens,OR1D2,283.0,,1.0,False,True,False,,,A untested / B tested,Medium,,https://doi.org/10.1093/chemse/bju073,CAS not found in compounds.csv; exact SMILES used.,a_untested,human_only,31
PAIR_0031,106-25-2__141-12-8,106-25-2,141-12-8,CC(=CCC/C(=C\CO)/C)C,CC(=CCC/C(=C\COC(=O)C)/C)C,nerol,,Homo sapiens,OR2W3,9.0,0.0,,True,False,False,,,A tested / B untested,Medium,https://doi.org/10.1021/acs.biochem.8b01208,,CAS not found in compounds.csv; exact SMILES used.,b_untested,human_only,31
PAIR_0031,106-25-2__141-12-8,106-25-2,141-12-8,CC(=CCC/C(=C\CO)/C)C,CC(=CCC/C(=C\COC(=O)C)/C)C,nerol,,Homo sapiens,OR51B4,896.0,0.0,,True,False,False,,,A tested / B untested,Low,https://doi.org/10.1371/journal.pone.0172491,,CAS not found in compounds.csv; exact SMILES used.,b_untested,human_only,31
PAIR_0031,106-25-2__141-12-8,106-25-2,141-12-8,CC(=CCC/C(=C\CO)/C)C,CC(=CCC/C(=C\COC(=O)C)/C)C,nerol,,Homo sapiens,hOR1A1,29.0,1.0,,True,False,False,,,A tested / B untested,Low,https://doi.org/10.1016/j.jsb.2007.04.013,,CAS not found in compounds.csv; exact SMILES used.,b_untested,human_only,31
PAIR_0031,106-25-2__141-12-8,106-25-2,141-12-8,CC(=CCC/C(=C\CO)/C)C,CC(=CCC/C(=C\COC(=O)C)/C)C,nerol,,Homo sapiens,hOR1A2,111.0,0.0,,True,False,False,,,A tested / B untested,Low,https://doi.org/10.1016/j.jsb.2007.04.013,,CAS not found in compounds.csv; exact SMILES used.,b_untested,human_only,31
PAIR_0032,108-29-2__695-06-7,108-29-2,695-06-7,CC1CCC(=O)O1,CCC1CCC(=O)O1,,,Homo sapiens,hOR10J5,25.0,,0.0,False,True,False,,,A untested / B tested,Medium,,https://dx.doi.org/10.1126%2Fscisignal.2000016,No exact CAS or exact SMILES match found in M2OR. | CAS not found in compounds.csv; exact SMILES used.,a_untested,human_only,32
PAIR_0032,108-29-2__695-06-7,108-29-2,695-06-7,CC1CCC(=O)O1,CCC1CCC(=O)O1,,,Homo sapiens,hOR1A1,29.0,,0.0,False,True,False,,,A untested / B tested,Medium,,https://dx.doi.org/10.1126%2Fscisignal.2000016,No exact CAS or exact SMILES match found in M2OR. | CAS not found in compounds.csv; exact SMILES used.,a_untested,human_only,32
PAIR_0032,108-29-2__695-06-7,108-29-2,695-06-7,CC1CCC(=O)O1,CCC1CCC(=O)O1,,,Homo sapiens,hOR2C1,591.0,,0.0,False,True,False,,,A untested / B tested,Medium,,https://dx.doi.org/10.1126%2Fscisignal.2000016,No exact CAS or exact SMILES match found in M2OR. | CAS not found in compounds.csv; exact SMILES used.,a_untested,human_only,32
PAIR_0032,108-29-2__695-06-7,108-29-2,695-06-7,CC1CCC(=O)O1,CCC1CCC(=O)O1,,,Homo sapiens,hOR2J2,323.0,,0.0,False,True,False,,,A untested / B tested,Medium,,https://dx.doi.org/10.1126%2Fscisignal.2000016,No exact CAS or exact SMILES match found in M2OR. | CAS not found in compounds.csv; exact SMILES used.,a_untested,human_only,32
PAIR_0032,108-29-2__695-06-7,108-29-2,695-06-7,CC1CCC(=O)O1,CCC1CCC(=O)O1,,,Homo sapiens,hOR2M7,284.0,,0.0,False,True,False,,,A untested / B tested,Medium,,https://dx.doi.org/10.1126%2Fscisignal.2000016,No exact CAS or exact SMILES match found in M2OR. | CAS not found in compounds.csv; exact SMILES used.,a_untested,human_only,32
PAIR_0032,108-29-2__695-06-7,108-29-2,695-06-7,CC1CCC(=O)O1,CCC1CCC(=O)O1,,,Homo sapiens,hOR2W1,51.0,,0.0,False,True,False,,,A untested / B tested,Medium,,https://dx.doi.org/10.1126%2Fscisignal.2000016,No exact CAS or exact SMILES match found in M2OR. | CAS not found in compounds.csv; exact SMILES used.,a_untested,human_only,32
PAIR_0032,108-29-2__695-06-7,108-29-2,695-06-7,CC1CCC(=O)O1,CCC1CCC(=O)O1,,,Homo sapiens,hOR51E1,962.0,,0.0,False,True,False,,,A untested / B tested,Medium,,https://dx.doi.org/10.1126%2Fscisignal.2000016,No exact CAS or exact SMILES match found in M2OR. | CAS not found in compounds.csv; exact SMILES used.,a_untested,human_only,32
PAIR_0032,108-29-2__695-06-7,108-29-2,695-06-7,CC1CCC(=O)O1,CCC1CCC(=O)O1,,,Homo sapiens,hOR51E2,168.0,,0.0,False,True,False,,,A untested / B tested,Medium,,https://dx.doi.org/10.1126%2Fscisignal.2000016,No exact CAS or exact SMILES match found in M2OR. | CAS not found in compounds.csv; exact SMILES used.,a_untested,human_only,32
PAIR_0032,108-29-2__695-06-7,108-29-2,695-06-7,CC1CCC(=O)O1,CCC1CCC(=O)O1,,,Homo sapiens,hOR51L1,447.0,,0.0,False,True,False,,,A untested / B tested,Medium,,https://dx.doi.org/10.1126%2Fscisignal.2000016,No exact CAS or exact SMILES match found in M2OR. | CAS not found in compounds.csv; exact SMILES used.,a_untested,human_only,32
PAIR_0032,108-29-2__695-06-7,108-29-2,695-06-7,CC1CCC(=O)O1,CCC1CCC(=O)O1,,,Homo sapiens,hOR5P3,88.0,,0.0,False,True,False,,,A untested / B tested,Medium,,https://dx.doi.org/10.1126%2Fscisignal.2000016,No exact CAS or exact SMILES match found in M2OR. | CAS not found in compounds.csv; exact SMILES used.,a_untested,human_only,32
PAIR_0033,108-29-2__706-14-9,108-29-2,706-14-9,CC1CCC(=O)O1,CCCCCCC1CCC(=O)O1,,5-Hexyloxolan-2-one,Homo sapiens,OR11A1,47.0,,0.0,False,True,False,,,A untested / B tested,Low,,https://pubs.acs.org/doi/10.1021/acs.jafc.4c01515,No exact CAS or exact SMILES match found in M2OR. | Multiple CAS hits; exact SMILES used to disambiguate.,a_untested,human_only,33
PAIR_0033,108-29-2__706-14-9,108-29-2,706-14-9,CC1CCC(=O)O1,CCCCCCC1CCC(=O)O1,,5-Hexyloxolan-2-one,Homo sapiens,OR1D2,283.0,,1.0,False,True,False,,,A untested / B tested,Medium,,https://doi.org/10.1093/chemse/bju073,No exact CAS or exact SMILES match found in M2OR. | Multiple CAS hits; exact SMILES used to disambiguate.,a_untested,human_only,33
PAIR_0033,108-29-2__706-14-9,108-29-2,706-14-9,CC1CCC(=O)O1,CCCCCCC1CCC(=O)O1,,5-Hexyloxolan-2-one,Homo sapiens,OR8H1,304.0,,0.0,False,True,False,,,A untested / B tested,Low,,https://doi.org/10.1021/acs.jafc.3c08230,No exact CAS or exact SMILES match found in M2OR. | Multiple CAS hits; exact SMILES used to disambiguate.,a_untested,human_only,33
PAIR_0033,108-29-2__706-14-9,108-29-2,706-14-9,CC1CCC(=O)O1,CCCCCCC1CCC(=O)O1,,5-Hexyloxolan-2-one,Homo sapiens,hOR1A1,29.0,,0.0,False,True,False,,,A untested / B tested,Low,,https://doi.org/10.1093/chemse/bjw117,No exact CAS or exact SMILES match found in M2OR. | Multiple CAS hits; exact SMILES used to disambiguate.,a_untested,human_only,33
PAIR_0033,108-29-2__706-14-9,108-29-2,706-14-9,CC1CCC(=O)O1,CCCCCCC1CCC(=O)O1,,5-Hexyloxolan-2-one,Homo sapiens,hOR1G1,405.0,,1.0,False,True,False,,,A untested / B tested,Low,,https://doi.org/10.1093/chemse/bji002,No exact CAS or exact SMILES match found in M2OR. | Multiple CAS hits; exact SMILES used to disambiguate.,a_untested,human_only,33
PAIR_0033,108-29-2__706-14-9,108-29-2,706-14-9,CC1CCC(=O)O1,CCCCCCC1CCC(=O)O1,,5-Hexyloxolan-2-one,Homo sapiens,hOR2M3,40.0,,0.0,False,True,False,,,A untested / B tested,Low,,https://doi.org/10.1093/chemse/bjw118,No exact CAS or exact SMILES match found in M2OR. | Multiple CAS hits; exact SMILES used to disambiguate.,a_untested,human_only,33
PAIR_0033,108-29-2__706-14-9,108-29-2,706-14-9,CC1CCC(=O)O1,CCCCCCC1CCC(=O)O1,,5-Hexyloxolan-2-one,Homo sapiens,hOR2W1,51.0,,1.0,False,True,False,,,A untested / B tested,Medium,,https://doi.org/10.1016/j.foodchem.2021.131680 | https://doi.org/10.1093/chemse/bjw117,No exact CAS or exact SMILES match found in M2OR. | Multiple CAS hits; exact SMILES used to disambiguate.,a_untested,human_only,33
PAIR_0033,108-29-2__706-14-9,108-29-2,706-14-9,CC1CCC(=O)O1,CCCCCCC1CCC(=O)O1,,5-Hexyloxolan-2-one,Homo sapiens,hOR52D1,125.0,,0.0,False,True,False,,,A untested / B tested,Low,,https://doi.org/10.1093/chemse/bji002,No exact CAS or exact SMILES match found in M2OR. | Multiple CAS hits; exact SMILES used to disambiguate.,a_untested,human_only,33
PAIR_0033,108-29-2__706-14-9,108-29-2,706-14-9,CC1CCC(=O)O1,CCCCCCC1CCC(=O)O1,,5-Hexyloxolan-2-one,Homo sapiens,hOR5K1,418.0,,0.0,False,True,False,,,A untested / B tested,Low,,https://doi.org/10.1096/fj.202100224R,No exact CAS or exact SMILES match found in M2OR. | Multiple CAS hits; exact SMILES used to disambiguate.,a_untested,human_only,33
PAIR_0033,108-29-2__706-14-9,108-29-2,706-14-9,CC1CCC(=O)O1,CCCCCCC1CCC(=O)O1,,5-Hexyloxolan-2-one,Homo sapiens,hOR5M3,670.0,,0.0,False,True,False,,,A untested / B tested,Low,,https://doi.org/10.1021/acs.jafc.1c03314,No exact CAS or exact SMILES match found in M2OR. | Multiple CAS hits; exact SMILES used to disambiguate.,a_untested,human_only,33
PAIR_0033,108-29-2__706-14-9,108-29-2,706-14-9,CC1CCC(=O)O1,CCCCCCC1CCC(=O)O1,,5-Hexyloxolan-2-one,Homo sapiens,hOR8D1,110.0,,0.0,False,True,False,,,A untested / B tested,Low,,https://doi.org/10.1021/acs.jafc.1c03314,No exact CAS or exact SMILES match found in M2OR. | Multiple CAS hits; exact SMILES used to disambiguate.,a_untested,human_only,33
PAIR_0035,109-60-4__112-14-1,109-60-4,112-14-1,CCCOC(=O)C,CCCCCCCCOC(=O)C,,octyl acetate,Homo sapiens,OR1L6,258.0,,0.0,False,True,False,,,A untested / B tested,Low,,https://doi.org/10.1038/sdata.2015.2,No exact CAS or exact SMILES match found in M2OR.,a_untested,human_only,35
PAIR_0035,109-60-4__112-14-1,109-60-4,112-14-1,CCCOC(=O)C,CCCCCCCCOC(=O)C,,octyl acetate,Homo sapiens,hOR10A2,134.0,,0.0,False,True,False,,,A untested / B tested,Low,,https://doi.org/10.1038/sdata.2015.2,No exact CAS or exact SMILES match found in M2OR.,a_untested,human_only,35
PAIR_0035,109-60-4__112-14-1,109-60-4,112-14-1,CCCOC(=O)C,CCCCCCCCOC(=O)C,,octyl acetate,Homo sapiens,hOR10A3,338.0,,0.0,False,True,False,,,A untested / B tested,Low,,https://doi.org/10.1038/sdata.2015.2,No exact CAS or exact SMILES match found in M2OR.,a_untested,human_only,35
PAIR_0035,109-60-4__112-14-1,109-60-4,112-14-1,CCCOC(=O)C,CCCCCCCCOC(=O)C,,octyl acetate,Homo sapiens,hOR10A5,506.0,,0.0,False,True,False,,,A untested / B tested,Low,,https://doi.org/10.1038/sdata.2015.2,No exact CAS or exact SMILES match found in M2OR.,a_untested,human_only,35
PAIR_0035,109-60-4__112-14-1,109-60-4,112-14-1,CCCOC(=O)C,CCCCCCCCOC(=O)C,,octyl acetate,Homo sapiens,hOR10A6,181.0,,0.0,False,True,False,,,A untested / B tested,Low,,https://doi.org/10.1038/sdata.2015.2,No exact CAS or exact SMILES match found in M2OR.,a_untested,human_only,35
PAIR_0035,109-60-4__112-14-1,109-60-4,112-14-1,CCCOC(=O)C,CCCCCCCCOC(=O)C,,octyl acetate,Homo sapiens,hOR10A7,210.0,,0.0,False,True,False,,,A untested / B tested,Low,,https://doi.org/10.1038/sdata.2015.2,No exact CAS or exact SMILES match found in M2OR.,a_untested,human_only,35
PAIR_0035,109-60-4__112-14-1,109-60-4,112-14-1,CCCOC(=O)C,CCCCCCCCOC(=O)C,,octyl acetate,Homo sapiens,hOR10AG1,207.0,,0.0,False,True,False,,,A untested / B tested,Low,,https://doi.org/10.1038/sdata.2015.2,No exact CAS or exact SMILES match found in M2OR.,a_untested,human_only,35
PAIR_0035,109-60-4__112-14-1,109-60-4,112-14-1,CCCOC(=O)C,CCCCCCCCOC(=O)C,,octyl acetate,Homo sapiens,hOR10C1,49.0,,0.0,False,True,False,,,A untested / B tested,Low,,https://doi.org/10.1038/sdata.2015.2,No exact CAS or exact SMILES match found in M2OR.,a_untested,human_only,35
PAIR_0035,109-60-4__112-14-1,109-60-4,112-14-1,CCCOC(=O)C,CCCCCCCCOC(=O)C,,octyl acetate,Homo sapiens,hOR10G6,82.0,,0.0,False,True,False,,,A untested / B tested,Low,,https://doi.org/10.1038/sdata.2015.2,No exact CAS or exact SMILES match found in M2OR.,a_untested,human_only,35
PAIR_0035,109-60-4__112-14-1,109-60-4,112-14-1,CCCOC(=O)C,CCCCCCCCOC(=O)C,,octyl acetate,Homo sapiens,hOR10G7,371.0,,1.0,False,True,False,,,A untested / B tested,Low,,https://doi.org/10.1038/sdata.2015.2,No exact CAS or exact SMILES match found in M2OR.,a_untested,human_only,35
PAIR_0035,109-60-4__112-14-1,109-60-4,112-14-1,CCCOC(=O)C,CCCCCCCCOC(=O)C,,octyl acetate,Homo sapiens,hOR10G8,315.0,,0.0,False,True,False,,,A untested / B tested,Low,,https://doi.org/10.1038/sdata.2015.2,No exact CAS or exact SMILES match found in M2OR.,a_untested,human_only,35
PAIR_0035,109-60-4__112-14-1,109-60-4,112-14-1,CCCOC(=O)C,CCCCCCCCOC(=O)C,,octyl acetate,Homo sapiens,hOR10H1,107.0,,0.0,False,True,False,,,A untested / B tested,Low,,https://doi.org/10.1038/sdata.2015.2,No exact CAS or exact SMILES match found in M2OR.,a_untested,human_only,35
PAIR_0035,109-60-4__112-14-1,109-60-4,112-14-1,CCCOC(=O)C,CCCCCCCCOC(=O)C,,octyl acetate,Homo sapiens,hOR10H3,439.0,,0.0,False,True,False,,,A untested / B tested,Low,,https://doi.org/10.1038/sdata.2015.2,No exact CAS or exact SMILES match found in M2OR.,a_untested,human_only,35
PAIR_0035,109-60-4__112-14-1,109-60-4,112-14-1,CCCOC(=O)C,CCCCCCCCOC(=O)C,,octyl acetate,Homo sapiens,hOR10H4,131.0,,0.0,False,True,False,,,A untested / B tested,Low,,https://doi.org/10.1038/sdata.2015.2,No exact CAS or exact SMILES match found in M2OR.,a_untested,human_only,35
PAIR_0035,109-60-4__112-14-1,109-60-4,112-14-1,CCCOC(=O)C,CCCCCCCCOC(=O)C,,octyl acetate,Homo sapiens,hOR10J1,498.0,,0.0,False,True,False,,,A untested / B tested,Low,,https://doi.org/10.1038/sdata.2015.2,No exact CAS or exact SMILES match found in M2OR.,a_untested,human_only,35
PAIR_0035,109-60-4__112-14-1,109-60-4,112-14-1,CCCOC(=O)C,CCCCCCCCOC(=O)C,,octyl acetate,Homo sapiens,hOR10J3,378.0,,0.0,False,True,False,,,A untested / B tested,Low,,https://doi.org/10.1038/sdata.2015.2,No exact CAS or exact SMILES match found in M2OR.,a_untested,human_only,35
PAIR_0035,109-60-4__112-14-1,109-60-4,112-14-1,CCCOC(=O)C,CCCCCCCCOC(=O)C,,octyl acetate,Homo sapiens,hOR10J5,25.0,,0.0,False,True,False,,,A untested / B tested,Low,,https://doi.org/10.1038/sdata.2015.2,No exact CAS or exact SMILES match found in M2OR.,a_untested,human_only,35
PAIR_0035,109-60-4__112-14-1,109-60-4,112-14-1,CCCOC(=O)C,CCCCCCCCOC(=O)C,,octyl acetate,Homo sapiens,hOR10K1,12.0,,0.0,False,True,False,,,A untested / B tested,Low,,https://doi.org/10.1038/sdata.2015.2,No exact CAS or exact SMILES match found in M2OR.,a_untested,human_only,35
PAIR_0035,109-60-4__112-14-1,109-60-4,112-14-1,CCCOC(=O)C,CCCCCCCCOC(=O)C,,octyl acetate,Homo sapiens,hOR10K2,30.0,,0.0,False,True,False,,,A untested / B tested,Low,,https://doi.org/10.1038/sdata.2015.2,No exact CAS or exact SMILES match found in M2OR.,a_untested,human_only,35
PAIR_0035,109-60-4__112-14-1,109-60-4,112-14-1,CCCOC(=O)C,CCCCCCCCOC(=O)C,,octyl acetate,Homo sapiens,hOR10P1,211.0,,0.0,False,True,False,,,A untested / B tested,Low,,https://doi.org/10.1038/sdata.2015.2,No exact CAS or exact SMILES match found in M2OR.,a_untested,human_only,35
PAIR_0035,109-60-4__112-14-1,109-60-4,112-14-1,CCCOC(=O)C,CCCCCCCCOC(=O)C,,octyl acetate,Homo sapiens,hOR10Q1,166.0,,0.0,False,True,False,,,A untested / B tested,Low,,https://doi.org/10.1038/sdata.2015.2,No exact CAS or exact SMILES match found in M2OR.,a_untested,human_only,35
PAIR_0035,109-60-4__112-14-1,109-60-4,112-14-1,CCCOC(=O)C,CCCCCCCCOC(=O)C,,octyl acetate,Homo sapiens,hOR10R2,321.0,,0.0,False,True,False,,,A untested / B tested,Medium,,https://doi.org/10.1038/sdata.2015.2,No exact CAS or exact SMILES match found in M2OR.,a_untested,human_only,35
PAIR_0035,109-60-4__112-14-1,109-60-4,112-14-1,CCCOC(=O)C,CCCCCCCCOC(=O)C,,octyl acetate,Homo sapiens,hOR10T2,21.0,,0.0,False,True,False,,,A untested / B tested,Low,,https://doi.org/10.1038/sdata.2015.2,No exact CAS or exact SMILES match found in M2OR.,a_untested,human_only,35
PAIR_0035,109-60-4__112-14-1,109-60-4,112-14-1,CCCOC(=O)C,CCCCCCCCOC(=O)C,,octyl acetate,Homo sapiens,hOR10X1,257.0,,0.0,False,True,False,,,A untested / B tested,Low,,https://doi.org/10.1038/sdata.2015.2,No exact CAS or exact SMILES match found in M2OR.,a_untested,human_only,35
PAIR_0035,109-60-4__112-14-1,109-60-4,112-14-1,CCCOC(=O)C,CCCCCCCCOC(=O)C,,octyl acetate,Homo sapiens,hOR10Z1,14.0,,0.0,False,True,False,,,A untested / B tested,Low,,https://doi.org/10.1038/sdata.2015.2,No exact CAS or exact SMILES match found in M2OR.,a_untested,human_only,35
PAIR_0035,109-60-4__112-14-1,109-60-4,112-14-1,CCCOC(=O)C,CCCCCCCCOC(=O)C,,octyl acetate,Homo sapiens,hOR11A1,47.0,,0.0,False,True,False,,,A untested / B tested,Low,,https://doi.org/10.1038/sdata.2015.2,No exact CAS or exact SMILES match found in M2OR.,a_untested,human_only,35
PAIR_0035,109-60-4__112-14-1,109-60-4,112-14-1,CCCOC(=O)C,CCCCCCCCOC(=O)C,,octyl acetate,Homo sapiens,hOR11G2,499.0,,0.0,False,True,False,,,A untested / B tested,Low,,https://doi.org/10.1038/sdata.2015.2,No exact CAS or exact SMILES match found in M2OR.,a_untested,human_only,35
PAIR_0035,109-60-4__112-14-1,109-60-4,112-14-1,CCCOC(=O)C,CCCCCCCCOC(=O)C,,octyl acetate,Homo sapiens,hOR11H1,469.0,,0.0,False,True,False,,,A untested / B tested,Low,,https://doi.org/10.1038/sdata.2015.2,No exact CAS or exact SMILES match found in M2OR.,a_untested,human_only,35
PAIR_0035,109-60-4__112-14-1,109-60-4,112-14-1,CCCOC(=O)C,CCCCCCCCOC(=O)C,,octyl acetate,Homo sapiens,hOR11H12,248.0,,0.0,False,True,False,,,A untested / B tested,Low,,https://doi.org/10.1038/sdata.2015.2,No exact CAS or exact SMILES match found in M2OR.,a_untested,human_only,35
PAIR_0035,109-60-4__112-14-1,109-60-4,112-14-1,CCCOC(=O)C,CCCCCCCCOC(=O)C,,octyl acetate,Homo sapiens,hOR11H13,357.0,,0.0,False,True,False,,,A untested / B tested,Low,,https://doi.org/10.1038/sdata.2015.2,No exact CAS or exact SMILES match found in M2OR.,a_untested,human_only,35
PAIR_0035,109-60-4__112-14-1,109-60-4,112-14-1,CCCOC(=O)C,CCCCCCCCOC(=O)C,,octyl acetate,Homo sapiens,hOR11H4,218.0,,0.0,False,True,False,,,A untested / B tested,Low,,https://doi.org/10.1038/sdata.2015.2,No exact CAS or exact SMILES match found in M2OR.,a_untested,human_only,35
PAIR_0035,109-60-4__112-14-1,109-60-4,112-14-1,CCCOC(=O)C,CCCCCCCCOC(=O)C,,octyl acetate,Homo sapiens,hOR11H6,228.0,,0.0,False,True,False,,,A untested / B tested,Low,,https://doi.org/10.1038/sdata.2015.2,No exact CAS or exact SMILES match found in M2OR.,a_untested,human_only,35
PAIR_0035,109-60-4__112-14-1,109-60-4,112-14-1,CCCOC(=O)C,CCCCCCCCOC(=O)C,,octyl acetate,Homo sapiens,hOR12D2,58.0,,0.0,False,True,False,,,A untested / B tested,Low,,https://doi.org/10.1038/sdata.2015.2,No exact CAS or exact SMILES match found in M2OR.,a_untested,human_only,35
PAIR_0035,109-60-4__112-14-1,109-60-4,112-14-1,CCCOC(=O)C,CCCCCCCCOC(=O)C,,octyl acetate,Homo sapiens,hOR12D3,55.0,,0.0,False,True,False,,,A untested / B tested,Low,,https://doi.org/10.1038/sdata.2015.2,No exact CAS or exact SMILES match found in M2OR.,a_untested,human_only,35
PAIR_0035,109-60-4__112-14-1,109-60-4,112-14-1,CCCOC(=O)C,CCCCCCCCOC(=O)C,,octyl acetate,Homo sapiens,hOR13A1,81.0,,0.0,False,True,False,,,A untested / B tested,Low,,https://doi.org/10.1038/sdata.2015.2,No exact CAS or exact SMILES match found in M2OR.,a_untested,human_only,35
PAIR_0035,109-60-4__112-14-1,109-60-4,112-14-1,CCCOC(=O)C,CCCCCCCCOC(=O)C,,octyl acetate,Homo sapiens,hOR13C2,502.0,,0.0,False,True,False,,,A untested / B tested,Low,,https://doi.org/10.1038/sdata.2015.2,No exact CAS or exact SMILES match found in M2OR.,a_untested,human_only,35
PAIR_0035,109-60-4__112-14-1,109-60-4,112-14-1,CCCOC(=O)C,CCCCCCCCOC(=O)C,,octyl acetate,Homo sapiens,hOR13C3,307.0,,0.0,False,True,False,,,A untested / B tested,Low,,https://doi.org/10.1038/sdata.2015.2,No exact CAS or exact SMILES match found in M2OR.,a_untested,human_only,35
PAIR_0035,109-60-4__112-14-1,109-60-4,112-14-1,CCCOC(=O)C,CCCCCCCCOC(=O)C,,octyl acetate,Homo sapiens,hOR13C4,72.0,,0.0,False,True,False,,,A untested / B tested,Low,,https://doi.org/10.1038/sdata.2015.2,No exact CAS or exact SMILES match found in M2OR.,a_untested,human_only,35
PAIR_0035,109-60-4__112-14-1,109-60-4,112-14-1,CCCOC(=O)C,CCCCCCCCOC(=O)C,,octyl acetate,Homo sapiens,hOR13C8,73.0,,0.0,False,True,False,,,A untested / B tested,Low,,https://doi.org/10.1038/sdata.2015.2,No exact CAS or exact SMILES match found in M2OR.,a_untested,human_only,35
PAIR_0035,109-60-4__112-14-1,109-60-4,112-14-1,CCCOC(=O)C,CCCCCCCCOC(=O)C,,octyl acetate,Homo sapiens,hOR13D1,271.0,,0.0,False,True,False,,,A untested / B tested,Low,,https://doi.org/10.1038/sdata.2015.2,No exact CAS or exact SMILES match found in M2OR.,a_untested,human_only,35
PAIR_0035,109-60-4__112-14-1,109-60-4,112-14-1,CCCOC(=O)C,CCCCCCCCOC(=O)C,,octyl acetate,Homo sapiens,hOR13H1,413.0,,0.0,False,True,False,,,A untested / B tested,Low,,https://doi.org/10.1038/sdata.2015.2,No exact CAS or exact SMILES match found in M2OR.,a_untested,human_only,35
PAIR_0035,109-60-4__112-14-1,109-60-4,112-14-1,CCCOC(=O)C,CCCCCCCCOC(=O)C,,octyl acetate,Homo sapiens,hOR14A2,32.0,,0.0,False,True,False,,,A untested / B tested,Low,,https://doi.org/10.1038/sdata.2015.2,No exact CAS or exact SMILES match found in M2OR.,a_untested,human_only,35
PAIR_0035,109-60-4__112-14-1,109-60-4,112-14-1,CCCOC(=O)C,CCCCCCCCOC(=O)C,,octyl acetate,Homo sapiens,hOR14J1,160.0,,0.0,False,True,False,,,A untested / B tested,Low,,https://doi.org/10.1038/sdata.2015.2,No exact CAS or exact SMILES match found in M2OR.,a_untested,human_only,35
PAIR_0035,109-60-4__112-14-1,109-60-4,112-14-1,CCCOC(=O)C,CCCCCCCCOC(=O)C,,octyl acetate,Homo sapiens,hOR14K1,33.0,,0.0,False,True,False,,,A untested / B tested,Low,,https://doi.org/10.1038/sdata.2015.2,No exact CAS or exact SMILES match found in M2OR.,a_untested,human_only,35
PAIR_0035,109-60-4__112-14-1,109-60-4,112-14-1,CCCOC(=O)C,CCCCCCCCOC(=O)C,,octyl acetate,Homo sapiens,hOR14L1,17.0,,0.0,False,True,False,,,A untested / B tested,Low,,https://doi.org/10.1038/sdata.2015.2,No exact CAS or exact SMILES match found in M2OR.,a_untested,human_only,35
PAIR_0035,109-60-4__112-14-1,109-60-4,112-14-1,CCCOC(=O)C,CCCCCCCCOC(=O)C,,octyl acetate,Homo sapiens,hOR1A1,29.0,,1.0,False,True,False,,,A untested / B tested,Medium,,https://doi.org/10.1038/sdata.2015.2,No exact CAS or exact SMILES match found in M2OR.,a_untested,human_only,35
PAIR_0035,109-60-4__112-14-1,109-60-4,112-14-1,CCCOC(=O)C,CCCCCCCCOC(=O)C,,octyl acetate,Homo sapiens,hOR1A2,111.0,,0.0,False,True,False,,,A untested / B tested,Low,,https://doi.org/10.1038/sdata.2015.2,No exact CAS or exact SMILES match found in M2OR.,a_untested,human_only,35
PAIR_0035,109-60-4__112-14-1,109-60-4,112-14-1,CCCOC(=O)C,CCCCCCCCOC(=O)C,,octyl acetate,Homo sapiens,hOR1C1,34.0,,0.0,False,True,False,,,A untested / B tested,Low,,https://doi.org/10.1038/sdata.2015.2,No exact CAS or exact SMILES match found in M2OR.,a_untested,human_only,35
PAIR_0035,109-60-4__112-14-1,109-60-4,112-14-1,CCCOC(=O)C,CCCCCCCCOC(=O)C,,octyl acetate,Homo sapiens,hOR1D2,283.0,,0.0,False,True,False,,,A untested / B tested,Low,,https://doi.org/10.1038/sdata.2015.2,No exact CAS or exact SMILES match found in M2OR.,a_untested,human_only,35
PAIR_0035,109-60-4__112-14-1,109-60-4,112-14-1,CCCOC(=O)C,CCCCCCCCOC(=O)C,,octyl acetate,Homo sapiens,hOR1D5,239.0,,0.0,False,True,False,,,A untested / B tested,Low,,https://doi.org/10.1038/sdata.2015.2,No exact CAS or exact SMILES match found in M2OR.,a_untested,human_only,35
PAIR_0035,109-60-4__112-14-1,109-60-4,112-14-1,CCCOC(=O)C,CCCCCCCCOC(=O)C,,octyl acetate,Homo sapiens,hOR1E1,213.0,,0.0,False,True,False,,,A untested / B tested,Low,,https://doi.org/10.1038/sdata.2015.2,No exact CAS or exact SMILES match found in M2OR.,a_untested,human_only,35
PAIR_0035,109-60-4__112-14-1,109-60-4,112-14-1,CCCOC(=O)C,CCCCCCCCOC(=O)C,,octyl acetate,Homo sapiens,hOR1E2,431.0,,0.0,False,True,False,,,A untested / B tested,Low,,https://doi.org/10.1038/sdata.2015.2,No exact CAS or exact SMILES match found in M2OR.,a_untested,human_only,35
PAIR_0035,109-60-4__112-14-1,109-60-4,112-14-1,CCCOC(=O)C,CCCCCCCCOC(=O)C,,octyl acetate,Homo sapiens,hOR1F12,487.0,,0.0,False,True,False,,,A untested / B tested,Low,,https://doi.org/10.1038/sdata.2015.2,No exact CAS or exact SMILES match found in M2OR.,a_untested,human_only,35
PAIR_0035,109-60-4__112-14-1,109-60-4,112-14-1,CCCOC(=O)C,CCCCCCCCOC(=O)C,,octyl acetate,Homo sapiens,hOR1G1,405.0,,0.0,False,True,False,,,A untested / B tested,Low,,https://doi.org/10.1038/sdata.2015.2,No exact CAS or exact SMILES match found in M2OR.,a_untested,human_only,35
PAIR_0035,109-60-4__112-14-1,109-60-4,112-14-1,CCCOC(=O)C,CCCCCCCCOC(=O)C,,octyl acetate,Homo sapiens,hOR1J1,488.0,,0.0,False,True,False,,,A untested / B tested,Low,,https://doi.org/10.1038/sdata.2015.2,No exact CAS or exact SMILES match found in M2OR.,a_untested,human_only,35
PAIR_0035,109-60-4__112-14-1,109-60-4,112-14-1,CCCOC(=O)C,CCCCCCCCOC(=O)C,,octyl acetate,Homo sapiens,hOR1J2,365.0,,0.0,False,True,False,,,A untested / B tested,Low,,https://doi.org/10.1038/sdata.2015.2,No exact CAS or exact SMILES match found in M2OR.,a_untested,human_only,35
PAIR_0035,109-60-4__112-14-1,109-60-4,112-14-1,CCCOC(=O)C,CCCCCCCCOC(=O)C,,octyl acetate,Homo sapiens,hOR1J4,352.0,,0.0,False,True,False,,,A untested / B tested,Low,,https://doi.org/10.1038/sdata.2015.2,No exact CAS or exact SMILES match found in M2OR.,a_untested,human_only,35
PAIR_0035,109-60-4__112-14-1,109-60-4,112-14-1,CCCOC(=O)C,CCCCCCCCOC(=O)C,,octyl acetate,Homo sapiens,hOR1K1,70.0,,0.0,False,True,False,,,A untested / B tested,Low,,https://doi.org/10.1038/sdata.2015.2,No exact CAS or exact SMILES match found in M2OR.,a_untested,human_only,35
PAIR_0035,109-60-4__112-14-1,109-60-4,112-14-1,CCCOC(=O)C,CCCCCCCCOC(=O)C,,octyl acetate,Homo sapiens,hOR1L1,287.0,,0.0,False,True,False,,,A untested / B tested,Low,,https://doi.org/10.1038/sdata.2015.2,No exact CAS or exact SMILES match found in M2OR.,a_untested,human_only,35
PAIR_0035,109-60-4__112-14-1,109-60-4,112-14-1,CCCOC(=O)C,CCCCCCCCOC(=O)C,,octyl acetate,Homo sapiens,hOR1L3,71.0,,0.0,False,True,False,,,A untested / B tested,Low,,https://doi.org/10.1038/sdata.2015.2,No exact CAS or exact SMILES match found in M2OR.,a_untested,human_only,35
PAIR_0035,109-60-4__112-14-1,109-60-4,112-14-1,CCCOC(=O)C,CCCCCCCCOC(=O)C,,octyl acetate,Homo sapiens,hOR1L8,69.0,,0.0,False,True,False,,,A untested / B tested,Low,,https://doi.org/10.1038/sdata.2015.2,No exact CAS or exact SMILES match found in M2OR.,a_untested,human_only,35
PAIR_0035,109-60-4__112-14-1,109-60-4,112-14-1,CCCOC(=O)C,CCCCCCCCOC(=O)C,,octyl acetate,Homo sapiens,hOR1M1,164.0,,0.0,False,True,False,,,A untested / B tested,Low,,https://doi.org/10.1038/sdata.2015.2,No exact CAS or exact SMILES match found in M2OR.,a_untested,human_only,35
PAIR_0035,109-60-4__112-14-1,109-60-4,112-14-1,CCCOC(=O)C,CCCCCCCCOC(=O)C,,octyl acetate,Homo sapiens,hOR1N1,382.0,,0.0,False,True,False,,,A untested / B tested,Low,,https://doi.org/10.1038/sdata.2015.2,No exact CAS or exact SMILES match found in M2OR.,a_untested,human_only,35
PAIR_0035,109-60-4__112-14-1,109-60-4,112-14-1,CCCOC(=O)C,CCCCCCCCOC(=O)C,,octyl acetate,Homo sapiens,hOR1N2,421.0,,0.0,False,True,False,,,A untested / B tested,Low,,https://doi.org/10.1038/sdata.2015.2,No exact CAS or exact SMILES match found in M2OR.,a_untested,human_only,35
PAIR_0035,109-60-4__112-14-1,109-60-4,112-14-1,CCCOC(=O)C,CCCCCCCCOC(=O)C,,octyl acetate,Homo sapiens,hOR1S1,376.0,,0.0,False,True,False,,,A untested / B tested,Low,,https://doi.org/10.1038/sdata.2015.2,No exact CAS or exact SMILES match found in M2OR.,a_untested,human_only,35
PAIR_0035,109-60-4__112-14-1,109-60-4,112-14-1,CCCOC(=O)C,CCCCCCCCOC(=O)C,,octyl acetate,Homo sapiens,hOR1S2,20.0,,0.0,False,True,False,,,A untested / B tested,Low,,https://doi.org/10.1038/sdata.2015.2,No exact CAS or exact SMILES match found in M2OR.,a_untested,human_only,35
PAIR_0035,109-60-4__112-14-1,109-60-4,112-14-1,CCCOC(=O)C,CCCCCCCCOC(=O)C,,octyl acetate,Homo sapiens,hOR2A1,61.0,,0.0,False,True,False,,,A untested / B tested,Low,,https://doi.org/10.1038/sdata.2015.2,No exact CAS or exact SMILES match found in M2OR.,a_untested,human_only,35
PAIR_0035,109-60-4__112-14-1,109-60-4,112-14-1,CCCOC(=O)C,CCCCCCCCOC(=O)C,,octyl acetate,Homo sapiens,hOR2A12,67.0,,0.0,False,True,False,,,A untested / B tested,Low,,https://doi.org/10.1038/sdata.2015.2,No exact CAS or exact SMILES match found in M2OR.,a_untested,human_only,35
PAIR_0035,109-60-4__112-14-1,109-60-4,112-14-1,CCCOC(=O)C,CCCCCCCCOC(=O)C,,octyl acetate,Homo sapiens,hOR2A14,66.0,,0.0,False,True,False,,,A untested / B tested,Low,,https://doi.org/10.1038/sdata.2015.2,No exact CAS or exact SMILES match found in M2OR.,a_untested,human_only,35
PAIR_0035,109-60-4__112-14-1,109-60-4,112-14-1,CCCOC(=O)C,CCCCCCCCOC(=O)C,,octyl acetate,Homo sapiens,hOR2A2,394.0,,0.0,False,True,False,,,A untested / B tested,Low,,https://doi.org/10.1038/sdata.2015.2,No exact CAS or exact SMILES match found in M2OR.,a_untested,human_only,35
PAIR_0035,109-60-4__112-14-1,109-60-4,112-14-1,CCCOC(=O)C,CCCCCCCCOC(=O)C,,octyl acetate,Homo sapiens,hOR2A25,302.0,,0.0,False,True,False,,,A untested / B tested,Low,,https://doi.org/10.1038/sdata.2015.2,No exact CAS or exact SMILES match found in M2OR.,a_untested,human_only,35
PAIR_0035,109-60-4__112-14-1,109-60-4,112-14-1,CCCOC(=O)C,CCCCCCCCOC(=O)C,,octyl acetate,Homo sapiens,hOR2A4,299.0,,0.0,False,True,False,,,A untested / B tested,Low,,https://doi.org/10.1038/sdata.2015.2,No exact CAS or exact SMILES match found in M2OR.,a_untested,human_only,35
PAIR_0035,109-60-4__112-14-1,109-60-4,112-14-1,CCCOC(=O)C,CCCCCCCCOC(=O)C,,octyl acetate,Homo sapiens,hOR2A42,473.0,,0.0,False,True,False,,,A untested / B tested,Low,,https://doi.org/10.1038/sdata.2015.2,No exact CAS or exact SMILES match found in M2OR.,a_untested,human_only,35
PAIR_0035,109-60-4__112-14-1,109-60-4,112-14-1,CCCOC(=O)C,CCCCCCCCOC(=O)C,,octyl acetate,Homo sapiens,hOR2A5,359.0,,0.0,False,True,False,,,A untested / B tested,Low,,https://doi.org/10.1038/sdata.2015.2,No exact CAS or exact SMILES match found in M2OR.,a_untested,human_only,35
PAIR_0035,109-60-4__112-14-1,109-60-4,112-14-1,CCCOC(=O)C,CCCCCCCCOC(=O)C,,octyl acetate,Homo sapiens,hOR2A7,5.0,,0.0,False,True,False,,,A untested / B tested,Low,,https://doi.org/10.1038/sdata.2015.2,No exact CAS or exact SMILES match found in M2OR.,a_untested,human_only,35
PAIR_0035,109-60-4__112-14-1,109-60-4,112-14-1,CCCOC(=O)C,CCCCCCCCOC(=O)C,,octyl acetate,Homo sapiens,hOR2AG1,85.0,,0.0,False,True,False,,,A untested / B tested,Low,,https://doi.org/10.1038/sdata.2015.2,No exact CAS or exact SMILES match found in M2OR.,a_untested,human_only,35
PAIR_0035,109-60-4__112-14-1,109-60-4,112-14-1,CCCOC(=O)C,CCCCCCCCOC(=O)C,,octyl acetate,Homo sapiens,hOR2AG2,427.0,,0.0,False,True,False,,,A untested / B tested,Low,,https://doi.org/10.1038/sdata.2015.2,No exact CAS or exact SMILES match found in M2OR.,a_untested,human_only,35
PAIR_0035,109-60-4__112-14-1,109-60-4,112-14-1,CCCOC(=O)C,CCCCCCCCOC(=O)C,,octyl acetate,Homo sapiens,hOR2AP1,212.0,,0.0,False,True,False,,,A untested / B tested,Low,,https://doi.org/10.1038/sdata.2015.2,No exact CAS or exact SMILES match found in M2OR.,a_untested,human_only,35
PAIR_0035,109-60-4__112-14-1,109-60-4,112-14-1,CCCOC(=O)C,CCCCCCCCOC(=O)C,,octyl acetate,Homo sapiens,hOR2AT4,436.0,,0.0,False,True,False,,,A untested / B tested,Low,,https://doi.org/10.1038/sdata.2015.2,No exact CAS or exact SMILES match found in M2OR.,a_untested,human_only,35
PAIR_0035,109-60-4__112-14-1,109-60-4,112-14-1,CCCOC(=O)C,CCCCCCCCOC(=O)C,,octyl acetate,Homo sapiens,hOR2B11,339.0,,0.0,False,True,False,,,A untested / B tested,Low,,https://doi.org/10.1038/sdata.2015.2,No exact CAS or exact SMILES match found in M2OR.,a_untested,human_only,35
PAIR_0035,109-60-4__112-14-1,109-60-4,112-14-1,CCCOC(=O)C,CCCCCCCCOC(=O)C,,octyl acetate,Homo sapiens,hOR2B2,150.0,,0.0,False,True,False,,,A untested / B tested,Low,,https://doi.org/10.1038/sdata.2015.2,No exact CAS or exact SMILES match found in M2OR.,a_untested,human_only,35
PAIR_0035,109-60-4__112-14-1,109-60-4,112-14-1,CCCOC(=O)C,CCCCCCCCOC(=O)C,,octyl acetate,Homo sapiens,hOR2B3,48.0,,0.0,False,True,False,,,A untested / B tested,Low,,https://doi.org/10.1038/sdata.2015.2,No exact CAS or exact SMILES match found in M2OR.,a_untested,human_only,35
PAIR_0035,109-60-4__112-14-1,109-60-4,112-14-1,CCCOC(=O)C,CCCCCCCCOC(=O)C,,octyl acetate,Homo sapiens,hOR2B6,358.0,,0.0,False,True,False,,,A untested / B tested,Low,,https://doi.org/10.1038/sdata.2015.2,No exact CAS or exact SMILES match found in M2OR.,a_untested,human_only,35
PAIR_0035,109-60-4__112-14-1,109-60-4,112-14-1,CCCOC(=O)C,CCCCCCCCOC(=O)C,,octyl acetate,Homo sapiens,hOR2C1,328.0,,0.0,False,True,False,,,A untested / B tested,Low,,https://doi.org/10.1038/sdata.2015.2,No exact CAS or exact SMILES match found in M2OR.,a_untested,human_only,35
PAIR_0035,109-60-4__112-14-1,109-60-4,112-14-1,CCCOC(=O)C,CCCCCCCCOC(=O)C,,octyl acetate,Homo sapiens,hOR2D2,193.0,,0.0,False,True,False,,,A untested / B tested,Low,,https://doi.org/10.1038/sdata.2015.2,No exact CAS or exact SMILES match found in M2OR.,a_untested,human_only,35
PAIR_0035,109-60-4__112-14-1,109-60-4,112-14-1,CCCOC(=O)C,CCCCCCCCOC(=O)C,,octyl acetate,Homo sapiens,hOR2F1,65.0,,0.0,False,True,False,,,A untested / B tested,Low,,https://doi.org/10.1038/sdata.2015.2,No exact CAS or exact SMILES match found in M2OR.,a_untested,human_only,35
PAIR_0035,109-60-4__112-14-1,109-60-4,112-14-1,CCCOC(=O)C,CCCCCCCCOC(=O)C,,octyl acetate,Homo sapiens,hOR2G2,298.0,,0.0,False,True,False,,,A untested / B tested,Low,,https://doi.org/10.1038/sdata.2015.2,No exact CAS or exact SMILES match found in M2OR.,a_untested,human_only,35
PAIR_0035,109-60-4__112-14-1,109-60-4,112-14-1,CCCOC(=O)C,CCCCCCCCOC(=O)C,,octyl acetate,Homo sapiens,hOR2G3,292.0,,0.0,False,True,False,,,A untested / B tested,Medium,,https://doi.org/10.1038/sdata.2015.2,No exact CAS or exact SMILES match found in M2OR.,a_untested,human_only,35
PAIR_0035,109-60-4__112-14-1,109-60-4,112-14-1,CCCOC(=O)C,CCCCCCCCOC(=O)C,,octyl acetate,Homo sapiens,hOR2G6,404.0,,0.0,False,True,False,,,A untested / B tested,Low,,https://doi.org/10.1038/sdata.2015.2,No exact CAS or exact SMILES match found in M2OR.,a_untested,human_only,35
PAIR_0035,109-60-4__112-14-1,109-60-4,112-14-1,CCCOC(=O)C,CCCCCCCCOC(=O)C,,octyl acetate,Homo sapiens,hOR2H1,311.0,,0.0,False,True,False,,,A untested / B tested,Low,,https://doi.org/10.1038/sdata.2015.2,No exact CAS or exact SMILES match found in M2OR.,a_untested,human_only,35
PAIR_0035,109-60-4__112-14-1,109-60-4,112-14-1,CCCOC(=O)C,CCCCCCCCOC(=O)C,,octyl acetate,Homo sapiens,hOR2H2,50.0,,0.0,False,True,False,,,A untested / B tested,Low,,https://doi.org/10.1038/sdata.2015.2,No exact CAS or exact SMILES match found in M2OR.,a_untested,human_only,35
PAIR_0035,109-60-4__112-14-1,109-60-4,112-14-1,CCCOC(=O)C,CCCCCCCCOC(=O)C,,octyl acetate,Homo sapiens,hOR2J1,261.0,,0.0,False,True,False,,,A untested / B tested,Low,,https://doi.org/10.1038/sdata.2015.2,No exact CAS or exact SMILES match found in M2OR.,a_untested,human_only,35
PAIR_0035,109-60-4__112-14-1,109-60-4,112-14-1,CCCOC(=O)C,CCCCCCCCOC(=O)C,,octyl acetate,Homo sapiens,hOR2J2,324.0,,0.0,False,True,False,,,A untested / B tested,Low,,https://doi.org/10.1038/sdata.2015.2,No exact CAS or exact SMILES match found in M2OR.,a_untested,human_only,35
PAIR_0035,109-60-4__112-14-1,109-60-4,112-14-1,CCCOC(=O)C,CCCCCCCCOC(=O)C,,octyl acetate,Homo sapiens,hOR2K2,373.0,,0.0,False,True,False,,,A untested / B tested,Low,,https://doi.org/10.1038/sdata.2015.2,No exact CAS or exact SMILES match found in M2OR.,a_untested,human_only,35
PAIR_0035,109-60-4__112-14-1,109-60-4,112-14-1,CCCOC(=O)C,CCCCCCCCOC(=O)C,,octyl acetate,Homo sapiens,hOR2L13,6.0,,0.0,False,True,False,,,A untested / B tested,Low,,https://doi.org/10.1038/sdata.2015.2,No exact CAS or exact SMILES match found in M2OR.,a_untested,human_only,35
PAIR_0035,109-60-4__112-14-1,109-60-4,112-14-1,CCCOC(=O)C,CCCCCCCCOC(=O)C,,octyl acetate,Homo sapiens,hOR2L2,383.0,,0.0,False,True,False,,,A untested / B tested,Low,,https://doi.org/10.1038/sdata.2015.2,No exact CAS or exact SMILES match found in M2OR.,a_untested,human_only,35
PAIR_0035,109-60-4__112-14-1,109-60-4,112-14-1,CCCOC(=O)C,CCCCCCCCOC(=O)C,,octyl acetate,Homo sapiens,hOR2L3,440.0,,0.0,False,True,False,,,A untested / B tested,Low,,https://doi.org/10.1038/sdata.2015.2,No exact CAS or exact SMILES match found in M2OR.,a_untested,human_only,35
PAIR_0035,109-60-4__112-14-1,109-60-4,112-14-1,CCCOC(=O)C,CCCCCCCCOC(=O)C,,octyl acetate,Homo sapiens,hOR2L5,489.0,,0.0,False,True,False,,,A untested / B tested,Low,,https://doi.org/10.1038/sdata.2015.2,No exact CAS or exact SMILES match found in M2OR.,a_untested,human_only,35
PAIR_0035,109-60-4__112-14-1,109-60-4,112-14-1,CCCOC(=O)C,CCCCCCCCOC(=O)C,,octyl acetate,Homo sapiens,hOR2L8,429.0,,0.0,False,True,False,,,A untested / B tested,Low,,https://doi.org/10.1038/sdata.2015.2,No exact CAS or exact SMILES match found in M2OR.,a_untested,human_only,35
PAIR_0035,109-60-4__112-14-1,109-60-4,112-14-1,CCCOC(=O)C,CCCCCCCCOC(=O)C,,octyl acetate,Homo sapiens,hOR2M3,40.0,,0.0,False,True,False,,,A untested / B tested,Low,,https://doi.org/10.1038/sdata.2015.2,No exact CAS or exact SMILES match found in M2OR.,a_untested,human_only,35
PAIR_0035,109-60-4__112-14-1,109-60-4,112-14-1,CCCOC(=O)C,CCCCCCCCOC(=O)C,,octyl acetate,Homo sapiens,hOR2M4,39.0,,0.0,False,True,False,,,A untested / B tested,Medium,,https://doi.org/10.1038/sdata.2015.2,No exact CAS or exact SMILES match found in M2OR.,a_untested,human_only,35
PAIR_0035,109-60-4__112-14-1,109-60-4,112-14-1,CCCOC(=O)C,CCCCCCCCOC(=O)C,,octyl acetate,Homo sapiens,hOR2M5,128.0,,0.0,False,True,False,,,A untested / B tested,Low,,https://doi.org/10.1038/sdata.2015.2,No exact CAS or exact SMILES match found in M2OR.,a_untested,human_only,35
PAIR_0035,109-60-4__112-14-1,109-60-4,112-14-1,CCCOC(=O)C,CCCCCCCCOC(=O)C,,octyl acetate,Homo sapiens,hOR2M7,284.0,,0.0,False,True,False,,,A untested / B tested,Low,,https://doi.org/10.1038/sdata.2015.2,No exact CAS or exact SMILES match found in M2OR.,a_untested,human_only,35
PAIR_0035,109-60-4__112-14-1,109-60-4,112-14-1,CCCOC(=O)C,CCCCCCCCOC(=O)C,,octyl acetate,Homo sapiens,hOR2S2,381.0,,0.0,False,True,False,,,A untested / B tested,Low,,https://doi.org/10.1038/sdata.2015.2,No exact CAS or exact SMILES match found in M2OR.,a_untested,human_only,35
PAIR_0035,109-60-4__112-14-1,109-60-4,112-14-1,CCCOC(=O)C,CCCCCCCCOC(=O)C,,octyl acetate,Homo sapiens,hOR2T10,36.0,,0.0,False,True,False,,,A untested / B tested,Low,,https://doi.org/10.1038/sdata.2015.2,No exact CAS or exact SMILES match found in M2OR.,a_untested,human_only,35
PAIR_0035,109-60-4__112-14-1,109-60-4,112-14-1,CCCOC(=O)C,CCCCCCCCOC(=O)C,,octyl acetate,Homo sapiens,hOR2T2,471.0,,0.0,False,True,False,,,A untested / B tested,Low,,https://doi.org/10.1038/sdata.2015.2,No exact CAS or exact SMILES match found in M2OR.,a_untested,human_only,35
PAIR_0035,109-60-4__112-14-1,109-60-4,112-14-1,CCCOC(=O)C,CCCCCCCCOC(=O)C,,octyl acetate,Homo sapiens,hOR2T29,455.0,,0.0,False,True,False,,,A untested / B tested,Low,,https://doi.org/10.1038/sdata.2015.2,No exact CAS or exact SMILES match found in M2OR.,a_untested,human_only,35
PAIR_0035,109-60-4__112-14-1,109-60-4,112-14-1,CCCOC(=O)C,CCCCCCCCOC(=O)C,,octyl acetate,Homo sapiens,hOR2T3,317.0,,0.0,False,True,False,,,A untested / B tested,Low,,https://doi.org/10.1038/sdata.2015.2,No exact CAS or exact SMILES match found in M2OR.,a_untested,human_only,35
PAIR_0035,109-60-4__112-14-1,109-60-4,112-14-1,CCCOC(=O)C,CCCCCCCCOC(=O)C,,octyl acetate,Homo sapiens,hOR2T34,37.0,,0.0,False,True,False,,,A untested / B tested,Low,,https://doi.org/10.1038/sdata.2015.2,No exact CAS or exact SMILES match found in M2OR.,a_untested,human_only,35
PAIR_0035,109-60-4__112-14-1,109-60-4,112-14-1,CCCOC(=O)C,CCCCCCCCOC(=O)C,,octyl acetate,Homo sapiens,hOR2T4,276.0,,0.0,False,True,False,,,A untested / B tested,Low,,https://doi.org/10.1038/sdata.2015.2,No exact CAS or exact SMILES match found in M2OR.,a_untested,human_only,35
PAIR_0035,109-60-4__112-14-1,109-60-4,112-14-1,CCCOC(=O)C,CCCCCCCCOC(=O)C,,octyl acetate,Homo sapiens,hOR2T5,411.0,,0.0,False,True,False,,,A untested / B tested,Medium,,https://doi.org/10.1038/sdata.2015.2,No exact CAS or exact SMILES match found in M2OR.,a_untested,human_only,35
PAIR_0035,109-60-4__112-14-1,109-60-4,112-14-1,CCCOC(=O)C,CCCCCCCCOC(=O)C,,octyl acetate,Homo sapiens,hOR2T8,478.0,,0.0,False,True,False,,,A untested / B tested,Low,,https://doi.org/10.1038/sdata.2015.2,No exact CAS or exact SMILES match found in M2OR.,a_untested,human_only,35
PAIR_0035,109-60-4__112-14-1,109-60-4,112-14-1,CCCOC(=O)C,CCCCCCCCOC(=O)C,,octyl acetate,Homo sapiens,hOR2V1,503.0,,0.0,False,True,False,,,A untested / B tested,Low,,https://doi.org/10.1038/sdata.2015.2,No exact CAS or exact SMILES match found in M2OR.,a_untested,human_only,35
PAIR_0035,109-60-4__112-14-1,109-60-4,112-14-1,CCCOC(=O)C,CCCCCCCCOC(=O)C,,octyl acetate,Homo sapiens,hOR2W1,51.0,,0.0,False,True,False,,,A untested / B tested,Medium,,https://doi.org/10.1038/sdata.2015.2,No exact CAS or exact SMILES match found in M2OR.,a_untested,human_only,35
PAIR_0035,109-60-4__112-14-1,109-60-4,112-14-1,CCCOC(=O)C,CCCCCCCCOC(=O)C,,octyl acetate,Homo sapiens,hOR2W5,422.0,,0.0,False,True,False,,,A untested / B tested,Low,,https://doi.org/10.1038/sdata.2015.2,No exact CAS or exact SMILES match found in M2OR.,a_untested,human_only,35
PAIR_0035,109-60-4__112-14-1,109-60-4,112-14-1,CCCOC(=O)C,CCCCCCCCOC(=O)C,,octyl acetate,Homo sapiens,hOR2Z1,243.0,,0.0,False,True,False,,,A untested / B tested,Low,,https://doi.org/10.1038/sdata.2015.2,No exact CAS or exact SMILES match found in M2OR.,a_untested,human_only,35
PAIR_0035,109-60-4__112-14-1,109-60-4,112-14-1,CCCOC(=O)C,CCCCCCCCOC(=O)C,,octyl acetate,Homo sapiens,hOR3A1,483.0,,0.0,False,True,False,,,A untested / B tested,Low,,https://doi.org/10.1038/sdata.2015.2,No exact CAS or exact SMILES match found in M2OR.,a_untested,human_only,35
PAIR_0035,109-60-4__112-14-1,109-60-4,112-14-1,CCCOC(=O)C,CCCCCCCCOC(=O)C,,octyl acetate,Homo sapiens,hOR3A2,238.0,,0.0,False,True,False,,,A untested / B tested,Low,,https://doi.org/10.1038/sdata.2015.2,No exact CAS or exact SMILES match found in M2OR.,a_untested,human_only,35
PAIR_0035,109-60-4__112-14-1,109-60-4,112-14-1,CCCOC(=O)C,CCCCCCCCOC(=O)C,,octyl acetate,Homo sapiens,hOR3A3,457.0,,0.0,False,True,False,,,A untested / B tested,Low,,https://doi.org/10.1038/sdata.2015.2,No exact CAS or exact SMILES match found in M2OR.,a_untested,human_only,35
PAIR_0035,109-60-4__112-14-1,109-60-4,112-14-1,CCCOC(=O)C,CCCCCCCCOC(=O)C,,octyl acetate,Homo sapiens,hOR4A16,432.0,,0.0,False,True,False,,,A untested / B tested,Low,,https://doi.org/10.1038/sdata.2015.2,No exact CAS or exact SMILES match found in M2OR.,a_untested,human_only,35
PAIR_0035,109-60-4__112-14-1,109-60-4,112-14-1,CCCOC(=O)C,CCCCCCCCOC(=O)C,,octyl acetate,Homo sapiens,hOR4A4,425.0,,0.0,False,True,False,,,A untested / B tested,Low,,https://doi.org/10.1038/sdata.2015.2,No exact CAS or exact SMILES match found in M2OR.,a_untested,human_only,35
PAIR_0035,109-60-4__112-14-1,109-60-4,112-14-1,CCCOC(=O)C,CCCCCCCCOC(=O)C,,octyl acetate,Homo sapiens,hOR4A5,484.0,,0.0,False,True,False,,,A untested / B tested,Low,,https://doi.org/10.1038/sdata.2015.2,No exact CAS or exact SMILES match found in M2OR.,a_untested,human_only,35
PAIR_0035,109-60-4__112-14-1,109-60-4,112-14-1,CCCOC(=O)C,CCCCCCCCOC(=O)C,,octyl acetate,Homo sapiens,hOR4B1,153.0,,0.0,False,True,False,,,A untested / B tested,Low,,https://doi.org/10.1038/sdata.2015.2,No exact CAS or exact SMILES match found in M2OR.,a_untested,human_only,35
PAIR_0035,109-60-4__112-14-1,109-60-4,112-14-1,CCCOC(=O)C,CCCCCCCCOC(=O)C,,octyl acetate,Homo sapiens,hOR4C11,203.0,,0.0,False,True,False,,,A untested / B tested,Low,,https://doi.org/10.1038/sdata.2015.2,No exact CAS or exact SMILES match found in M2OR.,a_untested,human_only,35
PAIR_0035,109-60-4__112-14-1,109-60-4,112-14-1,CCCOC(=O)C,CCCCCCCCOC(=O)C,,octyl acetate,Homo sapiens,hOR4C15,269.0,,0.0,False,True,False,,,A untested / B tested,Low,,https://doi.org/10.1038/sdata.2015.2,No exact CAS or exact SMILES match found in M2OR.,a_untested,human_only,35
PAIR_0035,109-60-4__112-14-1,109-60-4,112-14-1,CCCOC(=O)C,CCCCCCCCOC(=O)C,,octyl acetate,Homo sapiens,hOR4C3,236.0,,0.0,False,True,False,,,A untested / B tested,Low,,https://doi.org/10.1038/sdata.2015.2,No exact CAS or exact SMILES match found in M2OR.,a_untested,human_only,35
PAIR_0035,109-60-4__112-14-1,109-60-4,112-14-1,CCCOC(=O)C,CCCCCCCCOC(=O)C,,octyl acetate,Homo sapiens,hOR4C5,251.0,,0.0,False,True,False,,,A untested / B tested,Low,,https://doi.org/10.1038/sdata.2015.2,No exact CAS or exact SMILES match found in M2OR.,a_untested,human_only,35
PAIR_0035,109-60-4__112-14-1,109-60-4,112-14-1,CCCOC(=O)C,CCCCCCCCOC(=O)C,,octyl acetate,Homo sapiens,hOR4C6,188.0,,0.0,False,True,False,,,A untested / B tested,Low,,https://doi.org/10.1038/sdata.2015.2,No exact CAS or exact SMILES match found in M2OR.,a_untested,human_only,35
PAIR_0035,109-60-4__112-14-1,109-60-4,112-14-1,CCCOC(=O)C,CCCCCCCCOC(=O)C,,octyl acetate,Homo sapiens,hOR4D1,259.0,,0.0,False,True,False,,,A untested / B tested,Low,,https://doi.org/10.1038/sdata.2015.2,No exact CAS or exact SMILES match found in M2OR.,a_untested,human_only,35
PAIR_0035,109-60-4__112-14-1,109-60-4,112-14-1,CCCOC(=O)C,CCCCCCCCOC(=O)C,,octyl acetate,Homo sapiens,hOR4D10,139.0,,0.0,False,True,False,,,A untested / B tested,Low,,https://doi.org/10.1038/sdata.2015.2,No exact CAS or exact SMILES match found in M2OR.,a_untested,human_only,35
PAIR_0035,109-60-4__112-14-1,109-60-4,112-14-1,CCCOC(=O)C,CCCCCCCCOC(=O)C,,octyl acetate,Homo sapiens,hOR4D11,202.0,,0.0,False,True,False,,,A untested / B tested,Low,,https://doi.org/10.1038/sdata.2015.2,No exact CAS or exact SMILES match found in M2OR.,a_untested,human_only,35
PAIR_0035,109-60-4__112-14-1,109-60-4,112-14-1,CCCOC(=O)C,CCCCCCCCOC(=O)C,,octyl acetate,Homo sapiens,hOR4D5,94.0,,0.0,False,True,False,,,A untested / B tested,Low,,https://doi.org/10.1038/sdata.2015.2,No exact CAS or exact SMILES match found in M2OR.,a_untested,human_only,35
PAIR_0035,109-60-4__112-14-1,109-60-4,112-14-1,CCCOC(=O)C,CCCCCCCCOC(=O)C,,octyl acetate,Homo sapiens,hOR4D9,180.0,,0.0,False,True,False,,,A untested / B tested,Low,,https://doi.org/10.1038/sdata.2015.2,No exact CAS or exact SMILES match found in M2OR.,a_untested,human_only,35
PAIR_0035,109-60-4__112-14-1,109-60-4,112-14-1,CCCOC(=O)C,CCCCCCCCOC(=O)C,,octyl acetate,Homo sapiens,hOR4F15,356.0,,0.0,False,True,False,,,A untested / B tested,Low,,https://doi.org/10.1038/sdata.2015.2,No exact CAS or exact SMILES match found in M2OR.,a_untested,human_only,35
PAIR_0035,109-60-4__112-14-1,109-60-4,112-14-1,CCCOC(=O)C,CCCCCCCCOC(=O)C,,octyl acetate,Homo sapiens,hOR4F16,45.0,,0.0,False,True,False,,,A untested / B tested,Low,,https://doi.org/10.1038/sdata.2015.2,No exact CAS or exact SMILES match found in M2OR.,a_untested,human_only,35
PAIR_0035,109-60-4__112-14-1,109-60-4,112-14-1,CCCOC(=O)C,CCCCCCCCOC(=O)C,,octyl acetate,Homo sapiens,hOR4F17,122.0,,0.0,False,True,False,,,A untested / B tested,Low,,https://doi.org/10.1038/sdata.2015.2,No exact CAS or exact SMILES match found in M2OR.,a_untested,human_only,35
PAIR_0035,109-60-4__112-14-1,109-60-4,112-14-1,CCCOC(=O)C,CCCCCCCCOC(=O)C,,octyl acetate,Homo sapiens,hOR4F21,481.0,,0.0,False,True,False,,,A untested / B tested,Low,,https://doi.org/10.1038/sdata.2015.2,No exact CAS or exact SMILES match found in M2OR.,a_untested,human_only,35
PAIR_0035,109-60-4__112-14-1,109-60-4,112-14-1,CCCOC(=O)C,CCCCCCCCOC(=O)C,,octyl acetate,Homo sapiens,hOR4F4,464.0,,0.0,False,True,False,,,A untested / B tested,Low,,https://doi.org/10.1038/sdata.2015.2,No exact CAS or exact SMILES match found in M2OR.,a_untested,human_only,35
PAIR_0035,109-60-4__112-14-1,109-60-4,112-14-1,CCCOC(=O)C,CCCCCCCCOC(=O)C,,octyl acetate,Homo sapiens,hOR4F5,466.0,,0.0,False,True,False,,,A untested / B tested,Low,,https://doi.org/10.1038/sdata.2015.2,No exact CAS or exact SMILES match found in M2OR.,a_untested,human_only,35
PAIR_0035,109-60-4__112-14-1,109-60-4,112-14-1,CCCOC(=O)C,CCCCCCCCOC(=O)C,,octyl acetate,Homo sapiens,hOR4F6,450.0,,0.0,False,True,False,,,A untested / B tested,Low,,https://doi.org/10.1038/sdata.2015.2,No exact CAS or exact SMILES match found in M2OR.,a_untested,human_only,35
PAIR_0035,109-60-4__112-14-1,109-60-4,112-14-1,CCCOC(=O)C,CCCCCCCCOC(=O)C,,octyl acetate,Homo sapiens,hOR4K13,220.0,,0.0,False,True,False,,,A untested / B tested,Low,,https://doi.org/10.1038/sdata.2015.2,No exact CAS or exact SMILES match found in M2OR.,a_untested,human_only,35
PAIR_0035,109-60-4__112-14-1,109-60-4,112-14-1,CCCOC(=O)C,CCCCCCCCOC(=O)C,,octyl acetate,Homo sapiens,hOR4K14,229.0,,0.0,False,True,False,,,A untested / B tested,Low,,https://doi.org/10.1038/sdata.2015.2,No exact CAS or exact SMILES match found in M2OR.,a_untested,human_only,35
PAIR_0035,109-60-4__112-14-1,109-60-4,112-14-1,CCCOC(=O)C,CCCCCCCCOC(=O)C,,octyl acetate,Homo sapiens,hOR4K17,340.0,,0.0,False,True,False,,,A untested / B tested,Medium,,https://doi.org/10.1038/sdata.2015.2,No exact CAS or exact SMILES match found in M2OR.,a_untested,human_only,35
PAIR_0035,109-60-4__112-14-1,109-60-4,112-14-1,CCCOC(=O)C,CCCCCCCCOC(=O)C,,octyl acetate,Homo sapiens,hOR4K2,214.0,,0.0,False,True,False,,,A untested / B tested,Low,,https://doi.org/10.1038/sdata.2015.2,No exact CAS or exact SMILES match found in M2OR.,a_untested,human_only,35
PAIR_0035,109-60-4__112-14-1,109-60-4,112-14-1,CCCOC(=O)C,CCCCCCCCOC(=O)C,,octyl acetate,Homo sapiens,hOR4K3,215.0,,0.0,False,True,False,,,A untested / B tested,Low,,https://doi.org/10.1038/sdata.2015.2,No exact CAS or exact SMILES match found in M2OR.,a_untested,human_only,35
PAIR_0035,109-60-4__112-14-1,109-60-4,112-14-1,CCCOC(=O)C,CCCCCCCCOC(=O)C,,octyl acetate,Homo sapiens,hOR4K5,216.0,,0.0,False,True,False,,,A untested / B tested,Low,,https://doi.org/10.1038/sdata.2015.2,No exact CAS or exact SMILES match found in M2OR.,a_untested,human_only,35
PAIR_0035,109-60-4__112-14-1,109-60-4,112-14-1,CCCOC(=O)C,CCCCCCCCOC(=O)C,,octyl acetate,Homo sapiens,hOR4M1,470.0,,0.0,False,True,False,,,A untested / B tested,Low,,https://doi.org/10.1038/sdata.2015.2,No exact CAS or exact SMILES match found in M2OR.,a_untested,human_only,35
PAIR_0035,109-60-4__112-14-1,109-60-4,112-14-1,CCCOC(=O)C,CCCCCCCCOC(=O)C,,octyl acetate,Homo sapiens,hOR4M2,231.0,,0.0,False,True,False,,,A untested / B tested,Low,,https://doi.org/10.1038/sdata.2015.2,No exact CAS or exact SMILES match found in M2OR.,a_untested,human_only,35
PAIR_0035,109-60-4__112-14-1,109-60-4,112-14-1,CCCOC(=O)C,CCCCCCCCOC(=O)C,,octyl acetate,Homo sapiens,hOR4N2,222.0,,0.0,False,True,False,,,A untested / B tested,Low,,https://doi.org/10.1038/sdata.2015.2,No exact CAS or exact SMILES match found in M2OR.,a_untested,human_only,35
PAIR_0035,109-60-4__112-14-1,109-60-4,112-14-1,CCCOC(=O)C,CCCCCCCCOC(=O)C,,octyl acetate,Homo sapiens,hOR4N4,230.0,,0.0,False,True,False,,,A untested / B tested,Low,,https://doi.org/10.1038/sdata.2015.2,No exact CAS or exact SMILES match found in M2OR.,a_untested,human_only,35
PAIR_0035,109-60-4__112-14-1,109-60-4,112-14-1,CCCOC(=O)C,CCCCCCCCOC(=O)C,,octyl acetate,Homo sapiens,hOR4N5,217.0,,0.0,False,True,False,,,A untested / B tested,Low,,https://doi.org/10.1038/sdata.2015.2,No exact CAS or exact SMILES match found in M2OR.,a_untested,human_only,35
PAIR_0035,109-60-4__112-14-1,109-60-4,112-14-1,CCCOC(=O)C,CCCCCCCCOC(=O)C,,octyl acetate,Homo sapiens,hOR4P4,109.0,,0.0,False,True,False,,,A untested / B tested,Low,,https://doi.org/10.1038/sdata.2015.2,No exact CAS or exact SMILES match found in M2OR.,a_untested,human_only,35
PAIR_0035,109-60-4__112-14-1,109-60-4,112-14-1,CCCOC(=O)C,CCCCCCCCOC(=O)C,,octyl acetate,Homo sapiens,hOR4Q3,333.0,,0.0,False,True,False,,,A untested / B tested,Low,,https://doi.org/10.1038/sdata.2015.2,No exact CAS or exact SMILES match found in M2OR.,a_untested,human_only,35
PAIR_0035,109-60-4__112-14-1,109-60-4,112-14-1,CCCOC(=O)C,CCCCCCCCOC(=O)C,,octyl acetate,Homo sapiens,hOR4S1,235.0,,0.0,False,True,False,,,A untested / B tested,Low,,https://doi.org/10.1038/sdata.2015.2,No exact CAS or exact SMILES match found in M2OR.,a_untested,human_only,35
PAIR_0035,109-60-4__112-14-1,109-60-4,112-14-1,CCCOC(=O)C,CCCCCCCCOC(=O)C,,octyl acetate,Homo sapiens,hOR4S2,140.0,,0.0,False,True,False,,,A untested / B tested,Low,,https://doi.org/10.1038/sdata.2015.2,No exact CAS or exact SMILES match found in M2OR.,a_untested,human_only,35
PAIR_0035,109-60-4__112-14-1,109-60-4,112-14-1,CCCOC(=O)C,CCCCCCCCOC(=O)C,,octyl acetate,Homo sapiens,hOR4X2,157.0,,0.0,False,True,False,,,A untested / B tested,Low,,https://doi.org/10.1038/sdata.2015.2,No exact CAS or exact SMILES match found in M2OR.,a_untested,human_only,35
PAIR_0035,109-60-4__112-14-1,109-60-4,112-14-1,CCCOC(=O)C,CCCCCCCCOC(=O)C,,octyl acetate,Homo sapiens,hOR51A2,479.0,,0.0,False,True,False,,,A untested / B tested,Low,,https://doi.org/10.1038/sdata.2015.2,No exact CAS or exact SMILES match found in M2OR.,a_untested,human_only,35
PAIR_0035,109-60-4__112-14-1,109-60-4,112-14-1,CCCOC(=O)C,CCCCCCCCOC(=O)C,,octyl acetate,Homo sapiens,hOR51B2,459.0,,0.0,False,True,False,,,A untested / B tested,Low,,https://doi.org/10.1038/sdata.2015.2,No exact CAS or exact SMILES match found in M2OR.,a_untested,human_only,35
PAIR_0035,109-60-4__112-14-1,109-60-4,112-14-1,CCCOC(=O)C,CCCCCCCCOC(=O)C,,octyl acetate,Homo sapiens,hOR51B5,461.0,,0.0,False,True,False,,,A untested / B tested,Low,,https://doi.org/10.1038/sdata.2015.2,No exact CAS or exact SMILES match found in M2OR.,a_untested,human_only,35
PAIR_0035,109-60-4__112-14-1,109-60-4,112-14-1,CCCOC(=O)C,CCCCCCCCOC(=O)C,,octyl acetate,Homo sapiens,hOR51B6,462.0,,0.0,False,True,False,,,A untested / B tested,Low,,https://doi.org/10.1038/sdata.2015.2,No exact CAS or exact SMILES match found in M2OR.,a_untested,human_only,35
PAIR_0035,109-60-4__112-14-1,109-60-4,112-14-1,CCCOC(=O)C,CCCCCCCCOC(=O)C,,octyl acetate,Homo sapiens,hOR51D1,169.0,,0.0,False,True,False,,,A untested / B tested,Low,,https://doi.org/10.1038/sdata.2015.2,No exact CAS or exact SMILES match found in M2OR.,a_untested,human_only,35
PAIR_0035,109-60-4__112-14-1,109-60-4,112-14-1,CCCOC(=O)C,CCCCCCCCOC(=O)C,,octyl acetate,Homo sapiens,hOR51E1,100.0,,1.0,False,True,False,,,A untested / B tested,Low,,https://doi.org/10.1038/sdata.2015.2,No exact CAS or exact SMILES match found in M2OR.,a_untested,human_only,35
PAIR_0035,109-60-4__112-14-1,109-60-4,112-14-1,CCCOC(=O)C,CCCCCCCCOC(=O)C,,octyl acetate,Homo sapiens,hOR51E2,168.0,,0.0,False,True,False,,,A untested / B tested,Low,,https://doi.org/10.1038/sdata.2015.2,No exact CAS or exact SMILES match found in M2OR.,a_untested,human_only,35
PAIR_0035,109-60-4__112-14-1,109-60-4,112-14-1,CCCOC(=O)C,CCCCCCCCOC(=O)C,,octyl acetate,Homo sapiens,hOR51F1,485.0,,0.0,False,True,False,,,A untested / B tested,Low,,https://doi.org/10.1038/sdata.2015.2,No exact CAS or exact SMILES match found in M2OR.,a_untested,human_only,35
PAIR_0035,109-60-4__112-14-1,109-60-4,112-14-1,CCCOC(=O)C,CCCCCCCCOC(=O)C,,octyl acetate,Homo sapiens,hOR51F2,266.0,,0.0,False,True,False,,,A untested / B tested,Low,,https://doi.org/10.1038/sdata.2015.2,No exact CAS or exact SMILES match found in M2OR.,a_untested,human_only,35
PAIR_0035,109-60-4__112-14-1,109-60-4,112-14-1,CCCOC(=O)C,CCCCCCCCOC(=O)C,,octyl acetate,Homo sapiens,hOR51G1,126.0,,0.0,False,True,False,,,A untested / B tested,Low,,https://doi.org/10.1038/sdata.2015.2,No exact CAS or exact SMILES match found in M2OR.,a_untested,human_only,35
PAIR_0035,109-60-4__112-14-1,109-60-4,112-14-1,CCCOC(=O)C,CCCCCCCCOC(=O)C,,octyl acetate,Homo sapiens,hOR51G2,165.0,,0.0,False,True,False,,,A untested / B tested,Low,,https://doi.org/10.1038/sdata.2015.2,No exact CAS or exact SMILES match found in M2OR.,a_untested,human_only,35
PAIR_0035,109-60-4__112-14-1,109-60-4,112-14-1,CCCOC(=O)C,CCCCCCCCOC(=O)C,,octyl acetate,Homo sapiens,hOR51H1,149.0,,0.0,False,True,False,,,A untested / B tested,Low,,https://doi.org/10.1038/sdata.2015.2,No exact CAS or exact SMILES match found in M2OR.,a_untested,human_only,35
PAIR_0035,109-60-4__112-14-1,109-60-4,112-14-1,CCCOC(=O)C,CCCCCCCCOC(=O)C,,octyl acetate,Homo sapiens,hOR51I1,463.0,,0.0,False,True,False,,,A untested / B tested,Low,,https://doi.org/10.1038/sdata.2015.2,No exact CAS or exact SMILES match found in M2OR.,a_untested,human_only,35
PAIR_0035,109-60-4__112-14-1,109-60-4,112-14-1,CCCOC(=O)C,CCCCCCCCOC(=O)C,,octyl acetate,Homo sapiens,hOR51I2,104.0,,0.0,False,True,False,,,A untested / B tested,Low,,https://doi.org/10.1038/sdata.2015.2,No exact CAS or exact SMILES match found in M2OR.,a_untested,human_only,35
PAIR_0035,109-60-4__112-14-1,109-60-4,112-14-1,CCCOC(=O)C,CCCCCCCCOC(=O)C,,octyl acetate,Homo sapiens,hOR51L1,447.0,,0.0,False,True,False,,,A untested / B tested,Low,,https://doi.org/10.1038/sdata.2015.2,No exact CAS or exact SMILES match found in M2OR.,a_untested,human_only,35
PAIR_0035,109-60-4__112-14-1,109-60-4,112-14-1,CCCOC(=O)C,CCCCCCCCOC(=O)C,,octyl acetate,Homo sapiens,hOR51Q1,154.0,,0.0,False,True,False,,,A untested / B tested,Low,,https://doi.org/10.1038/sdata.2015.2,No exact CAS or exact SMILES match found in M2OR.,a_untested,human_only,35
PAIR_0035,109-60-4__112-14-1,109-60-4,112-14-1,CCCOC(=O)C,CCCCCCCCOC(=O)C,,octyl acetate,Homo sapiens,hOR51S1,491.0,,0.0,False,True,False,,,A untested / B tested,Low,,https://doi.org/10.1038/sdata.2015.2,No exact CAS or exact SMILES match found in M2OR.,a_untested,human_only,35
PAIR_0035,109-60-4__112-14-1,109-60-4,112-14-1,CCCOC(=O)C,CCCCCCCCOC(=O)C,,octyl acetate,Homo sapiens,hOR51T1,264.0,,0.0,False,True,False,,,A untested / B tested,Low,,https://doi.org/10.1038/sdata.2015.2,No exact CAS or exact SMILES match found in M2OR.,a_untested,human_only,35
PAIR_0035,109-60-4__112-14-1,109-60-4,112-14-1,CCCOC(=O)C,CCCCCCCCOC(=O)C,,octyl acetate,Homo sapiens,hOR51V1,492.0,,0.0,False,True,False,,,A untested / B tested,Low,,https://doi.org/10.1038/sdata.2015.2,No exact CAS or exact SMILES match found in M2OR.,a_untested,human_only,35
PAIR_0035,109-60-4__112-14-1,109-60-4,112-14-1,CCCOC(=O)C,CCCCCCCCOC(=O)C,,octyl acetate,Homo sapiens,hOR52A4,504.0,,0.0,False,True,False,,,A untested / B tested,Low,,https://doi.org/10.1038/sdata.2015.2,No exact CAS or exact SMILES match found in M2OR.,a_untested,human_only,35
PAIR_0035,109-60-4__112-14-1,109-60-4,112-14-1,CCCOC(=O)C,CCCCCCCCOC(=O)C,,octyl acetate,Homo sapiens,hOR52A5,476.0,,0.0,False,True,False,,,A untested / B tested,Low,,https://doi.org/10.1038/sdata.2015.2,No exact CAS or exact SMILES match found in M2OR.,a_untested,human_only,35
PAIR_0035,109-60-4__112-14-1,109-60-4,112-14-1,CCCOC(=O)C,CCCCCCCCOC(=O)C,,octyl acetate,Homo sapiens,hOR52B2,173.0,,0.0,False,True,False,,,A untested / B tested,Low,,https://doi.org/10.1038/sdata.2015.2,No exact CAS or exact SMILES match found in M2OR.,a_untested,human_only,35
PAIR_0035,109-60-4__112-14-1,109-60-4,112-14-1,CCCOC(=O)C,CCCCCCCCOC(=O)C,,octyl acetate,Homo sapiens,hOR52B4,270.0,,0.0,False,True,False,,,A untested / B tested,Low,,https://doi.org/10.1038/sdata.2015.2,No exact CAS or exact SMILES match found in M2OR.,a_untested,human_only,35
PAIR_0035,109-60-4__112-14-1,109-60-4,112-14-1,CCCOC(=O)C,CCCCCCCCOC(=O)C,,octyl acetate,Homo sapiens,hOR52D1,125.0,,0.0,False,True,False,,,A untested / B tested,Low,,https://doi.org/10.1038/sdata.2015.2,No exact CAS or exact SMILES match found in M2OR.,a_untested,human_only,35
PAIR_0035,109-60-4__112-14-1,109-60-4,112-14-1,CCCOC(=O)C,CCCCCCCCOC(=O)C,,octyl acetate,Homo sapiens,hOR52E1,86.0,,0.0,False,True,False,,,A untested / B tested,Low,,https://doi.org/10.1038/sdata.2015.2,No exact CAS or exact SMILES match found in M2OR.,a_untested,human_only,35
PAIR_0035,109-60-4__112-14-1,109-60-4,112-14-1,CCCOC(=O)C,CCCCCCCCOC(=O)C,,octyl acetate,Homo sapiens,hOR52E6,163.0,,0.0,False,True,False,,,A untested / B tested,Low,,https://doi.org/10.1038/sdata.2015.2,No exact CAS or exact SMILES match found in M2OR.,a_untested,human_only,35
PAIR_0035,109-60-4__112-14-1,109-60-4,112-14-1,CCCOC(=O)C,CCCCCCCCOC(=O)C,,octyl acetate,Homo sapiens,hOR52E8,120.0,,0.0,False,True,False,,,A untested / B tested,Low,,https://doi.org/10.1038/sdata.2015.2,No exact CAS or exact SMILES match found in M2OR.,a_untested,human_only,35
PAIR_0035,109-60-4__112-14-1,109-60-4,112-14-1,CCCOC(=O)C,CCCCCCCCOC(=O)C,,octyl acetate,Homo sapiens,hOR52H1,494.0,,0.0,False,True,False,,,A untested / B tested,Low,,https://doi.org/10.1038/sdata.2015.2,No exact CAS or exact SMILES match found in M2OR.,a_untested,human_only,35
PAIR_0035,109-60-4__112-14-1,109-60-4,112-14-1,CCCOC(=O)C,CCCCCCCCOC(=O)C,,octyl acetate,Homo sapiens,hOR52I1,435.0,,0.0,False,True,False,,,A untested / B tested,Low,,https://doi.org/10.1038/sdata.2015.2,No exact CAS or exact SMILES match found in M2OR.,a_untested,human_only,35
PAIR_0035,109-60-4__112-14-1,109-60-4,112-14-1,CCCOC(=O)C,CCCCCCCCOC(=O)C,,octyl acetate,Homo sapiens,hOR52K1,124.0,,0.0,False,True,False,,,A untested / B tested,Low,,https://doi.org/10.1038/sdata.2015.2,No exact CAS or exact SMILES match found in M2OR.,a_untested,human_only,35
PAIR_0035,109-60-4__112-14-1,109-60-4,112-14-1,CCCOC(=O)C,CCCCCCCCOC(=O)C,,octyl acetate,Homo sapiens,hOR52K2,174.0,,0.0,False,True,False,,,A untested / B tested,Low,,https://doi.org/10.1038/sdata.2015.2,No exact CAS or exact SMILES match found in M2OR.,a_untested,human_only,35
PAIR_0035,109-60-4__112-14-1,109-60-4,112-14-1,CCCOC(=O)C,CCCCCCCCOC(=O)C,,octyl acetate,Homo sapiens,hOR52M1,113.0,,0.0,False,True,False,,,A untested / B tested,Low,,https://doi.org/10.1038/sdata.2015.2,No exact CAS or exact SMILES match found in M2OR.,a_untested,human_only,35
PAIR_0035,109-60-4__112-14-1,109-60-4,112-14-1,CCCOC(=O)C,CCCCCCCCOC(=O)C,,octyl acetate,Homo sapiens,hOR52N1,155.0,,0.0,False,True,False,,,A untested / B tested,Low,,https://doi.org/10.1038/sdata.2015.2,No exact CAS or exact SMILES match found in M2OR.,a_untested,human_only,35
PAIR_0035,109-60-4__112-14-1,109-60-4,112-14-1,CCCOC(=O)C,CCCCCCCCOC(=O)C,,octyl acetate,Homo sapiens,hOR52N5,197.0,,0.0,False,True,False,,,A untested / B tested,Low,,https://doi.org/10.1038/sdata.2015.2,No exact CAS or exact SMILES match found in M2OR.,a_untested,human_only,35
PAIR_0035,109-60-4__112-14-1,109-60-4,112-14-1,CCCOC(=O)C,CCCCCCCCOC(=O)C,,octyl acetate,Homo sapiens,hOR52P1,183.0,,0.0,False,True,False,,,A untested / B tested,Low,,https://doi.org/10.1038/sdata.2015.2,No exact CAS or exact SMILES match found in M2OR.,a_untested,human_only,35
PAIR_0035,109-60-4__112-14-1,109-60-4,112-14-1,CCCOC(=O)C,CCCCCCCCOC(=O)C,,octyl acetate,Homo sapiens,hOR52W1,192.0,,0.0,False,True,False,,,A untested / B tested,Low,,https://doi.org/10.1038/sdata.2015.2,No exact CAS or exact SMILES match found in M2OR.,a_untested,human_only,35
PAIR_0035,109-60-4__112-14-1,109-60-4,112-14-1,CCCOC(=O)C,CCCCCCCCOC(=O)C,,octyl acetate,Homo sapiens,hOR56A1,87.0,,0.0,False,True,False,,,A untested / B tested,Low,,https://doi.org/10.1038/sdata.2015.2,No exact CAS or exact SMILES match found in M2OR.,a_untested,human_only,35
PAIR_0035,109-60-4__112-14-1,109-60-4,112-14-1,CCCOC(=O)C,CCCCCCCCOC(=O)C,,octyl acetate,Homo sapiens,hOR56A4,507.0,,0.0,False,True,False,,,A untested / B tested,Low,,https://doi.org/10.1038/sdata.2015.2,No exact CAS or exact SMILES match found in M2OR.,a_untested,human_only,35
PAIR_0035,109-60-4__112-14-1,109-60-4,112-14-1,CCCOC(=O)C,CCCCCCCCOC(=O)C,,octyl acetate,Homo sapiens,hOR56A5,497.0,,1.0,False,True,False,,,A untested / B tested,Low,,https://doi.org/10.1038/sdata.2015.2,No exact CAS or exact SMILES match found in M2OR.,a_untested,human_only,35
PAIR_0035,109-60-4__112-14-1,109-60-4,112-14-1,CCCOC(=O)C,CCCCCCCCOC(=O)C,,octyl acetate,Homo sapiens,hOR5A1,101.0,,0.0,False,True,False,,,A untested / B tested,Low,,https://doi.org/10.1038/sdata.2015.2,No exact CAS or exact SMILES match found in M2OR.,a_untested,human_only,35
PAIR_0035,109-60-4__112-14-1,109-60-4,112-14-1,CCCOC(=O)C,CCCCCCCCOC(=O)C,,octyl acetate,Homo sapiens,hOR5A2,103.0,,0.0,False,True,False,,,A untested / B tested,Low,,https://doi.org/10.1038/sdata.2015.2,No exact CAS or exact SMILES match found in M2OR.,a_untested,human_only,35
PAIR_0035,109-60-4__112-14-1,109-60-4,112-14-1,CCCOC(=O)C,CCCCCCCCOC(=O)C,,octyl acetate,Homo sapiens,hOR5AK2,360.0,,0.0,False,True,False,,,A untested / B tested,Medium,,https://doi.org/10.1038/sdata.2015.2,No exact CAS or exact SMILES match found in M2OR.,a_untested,human_only,35
PAIR_0035,109-60-4__112-14-1,109-60-4,112-14-1,CCCOC(=O)C,CCCCCCCCOC(=O)C,,octyl acetate,Homo sapiens,hOR5AK3,267.0,,0.0,False,True,False,,,A untested / B tested,Low,,https://doi.org/10.1038/sdata.2015.2,No exact CAS or exact SMILES match found in M2OR.,a_untested,human_only,35
PAIR_0035,109-60-4__112-14-1,109-60-4,112-14-1,CCCOC(=O)C,CCCCCCCCOC(=O)C,,octyl acetate,Homo sapiens,hOR5AL1,275.0,,0.0,False,True,False,,,A untested / B tested,Low,,https://doi.org/10.1038/sdata.2015.2,No exact CAS or exact SMILES match found in M2OR.,a_untested,human_only,35
PAIR_0035,109-60-4__112-14-1,109-60-4,112-14-1,CCCOC(=O)C,CCCCCCCCOC(=O)C,,octyl acetate,Homo sapiens,hOR5AN1,7.0,,0.0,False,True,False,,,A untested / B tested,Low,,https://doi.org/10.1038/sdata.2015.2,No exact CAS or exact SMILES match found in M2OR.,a_untested,human_only,35
PAIR_0035,109-60-4__112-14-1,109-60-4,112-14-1,CCCOC(=O)C,CCCCCCCCOC(=O)C,,octyl acetate,Homo sapiens,hOR5AP2,172.0,,0.0,False,True,False,,,A untested / B tested,Low,,https://doi.org/10.1038/sdata.2015.2,No exact CAS or exact SMILES match found in M2OR.,a_untested,human_only,35
PAIR_0035,109-60-4__112-14-1,109-60-4,112-14-1,CCCOC(=O)C,CCCCCCCCOC(=O)C,,octyl acetate,Homo sapiens,hOR5AR1,170.0,,0.0,False,True,False,,,A untested / B tested,Low,,https://doi.org/10.1038/sdata.2015.2,No exact CAS or exact SMILES match found in M2OR.,a_untested,human_only,35
PAIR_0035,109-60-4__112-14-1,109-60-4,112-14-1,CCCOC(=O)C,CCCCCCCCOC(=O)C,,octyl acetate,Homo sapiens,hOR5AS1,105.0,,0.0,False,True,False,,,A untested / B tested,Low,,https://doi.org/10.1038/sdata.2015.2,No exact CAS or exact SMILES match found in M2OR.,a_untested,human_only,35
PAIR_0035,109-60-4__112-14-1,109-60-4,112-14-1,CCCOC(=O)C,CCCCCCCCOC(=O)C,,octyl acetate,Homo sapiens,hOR5AU1,135.0,,0.0,False,True,False,,,A untested / B tested,Low,,https://doi.org/10.1038/sdata.2015.2,No exact CAS or exact SMILES match found in M2OR.,a_untested,human_only,35
PAIR_0035,109-60-4__112-14-1,109-60-4,112-14-1,CCCOC(=O)C,CCCCCCCCOC(=O)C,,octyl acetate,Homo sapiens,hOR5B12,508.0,,0.0,False,True,False,,,A untested / B tested,Low,,https://doi.org/10.1038/sdata.2015.2,No exact CAS or exact SMILES match found in M2OR.,a_untested,human_only,35
PAIR_0035,109-60-4__112-14-1,109-60-4,112-14-1,CCCOC(=O)C,CCCCCCCCOC(=O)C,,octyl acetate,Homo sapiens,hOR5B17,182.0,,0.0,False,True,False,,,A untested / B tested,Low,,https://doi.org/10.1038/sdata.2015.2,No exact CAS or exact SMILES match found in M2OR.,a_untested,human_only,35
PAIR_0035,109-60-4__112-14-1,109-60-4,112-14-1,CCCOC(=O)C,CCCCCCCCOC(=O)C,,octyl acetate,Homo sapiens,hOR5B3,108.0,,0.0,False,True,False,,,A untested / B tested,Low,,https://doi.org/10.1038/sdata.2015.2,No exact CAS or exact SMILES match found in M2OR.,a_untested,human_only,35
PAIR_0035,109-60-4__112-14-1,109-60-4,112-14-1,CCCOC(=O)C,CCCCCCCCOC(=O)C,,octyl acetate,Homo sapiens,hOR5C1,348.0,,0.0,False,True,False,,,A untested / B tested,Low,,https://doi.org/10.1038/sdata.2015.2,No exact CAS or exact SMILES match found in M2OR.,a_untested,human_only,35
PAIR_0035,109-60-4__112-14-1,109-60-4,112-14-1,CCCOC(=O)C,CCCCCCCCOC(=O)C,,octyl acetate,Homo sapiens,hOR5D14,190.0,,0.0,False,True,False,,,A untested / B tested,Low,,https://doi.org/10.1038/sdata.2015.2,No exact CAS or exact SMILES match found in M2OR.,a_untested,human_only,35
PAIR_0035,109-60-4__112-14-1,109-60-4,112-14-1,CCCOC(=O)C,CCCCCCCCOC(=O)C,,octyl acetate,Homo sapiens,hOR5D16,341.0,,0.0,False,True,False,,,A untested / B tested,Low,,https://doi.org/10.1038/sdata.2015.2,No exact CAS or exact SMILES match found in M2OR.,a_untested,human_only,35
PAIR_0035,109-60-4__112-14-1,109-60-4,112-14-1,CCCOC(=O)C,CCCCCCCCOC(=O)C,,octyl acetate,Homo sapiens,hOR5H1,389.0,,0.0,False,True,False,,,A untested / B tested,Low,,https://doi.org/10.1038/sdata.2015.2,No exact CAS or exact SMILES match found in M2OR.,a_untested,human_only,35
PAIR_0035,109-60-4__112-14-1,109-60-4,112-14-1,CCCOC(=O)C,CCCCCCCCOC(=O)C,,octyl acetate,Homo sapiens,hOR5H2,41.0,,0.0,False,True,False,,,A untested / B tested,Low,,https://doi.org/10.1038/sdata.2015.2,No exact CAS or exact SMILES match found in M2OR.,a_untested,human_only,35
PAIR_0035,109-60-4__112-14-1,109-60-4,112-14-1,CCCOC(=O)C,CCCCCCCCOC(=O)C,,octyl acetate,Homo sapiens,hOR5H6,42.0,,0.0,False,True,False,,,A untested / B tested,Low,,https://doi.org/10.1038/sdata.2015.2,No exact CAS or exact SMILES match found in M2OR.,a_untested,human_only,35
PAIR_0035,109-60-4__112-14-1,109-60-4,112-14-1,CCCOC(=O)C,CCCCCCCCOC(=O)C,,octyl acetate,Homo sapiens,hOR5I1,114.0,,0.0,False,True,False,,,A untested / B tested,Low,,https://doi.org/10.1038/sdata.2015.2,No exact CAS or exact SMILES match found in M2OR.,a_untested,human_only,35
PAIR_0035,109-60-4__112-14-1,109-60-4,112-14-1,CCCOC(=O)C,CCCCCCCCOC(=O)C,,octyl acetate,Homo sapiens,hOR5J2,200.0,,0.0,False,True,False,,,A untested / B tested,Low,,https://doi.org/10.1038/sdata.2015.2,No exact CAS or exact SMILES match found in M2OR.,a_untested,human_only,35
PAIR_0035,109-60-4__112-14-1,109-60-4,112-14-1,CCCOC(=O)C,CCCCCCCCOC(=O)C,,octyl acetate,Homo sapiens,hOR5K1,418.0,,0.0,False,True,False,,,A untested / B tested,Low,,https://doi.org/10.1038/sdata.2015.2,No exact CAS or exact SMILES match found in M2OR.,a_untested,human_only,35
PAIR_0035,109-60-4__112-14-1,109-60-4,112-14-1,CCCOC(=O)C,CCCCCCCCOC(=O)C,,octyl acetate,Homo sapiens,hOR5K2,52.0,,0.0,False,True,False,,,A untested / B tested,Low,,https://doi.org/10.1038/sdata.2015.2,No exact CAS or exact SMILES match found in M2OR.,a_untested,human_only,35
PAIR_0035,109-60-4__112-14-1,109-60-4,112-14-1,CCCOC(=O)C,CCCCCCCCOC(=O)C,,octyl acetate,Homo sapiens,hOR5K3,428.0,,0.0,False,True,False,,,A untested / B tested,Low,,https://doi.org/10.1038/sdata.2015.2,No exact CAS or exact SMILES match found in M2OR.,a_untested,human_only,35
PAIR_0035,109-60-4__112-14-1,109-60-4,112-14-1,CCCOC(=O)C,CCCCCCCCOC(=O)C,,octyl acetate,Homo sapiens,hOR5L1,296.0,,0.0,False,True,False,,,A untested / B tested,Low,,https://doi.org/10.1038/sdata.2015.2,No exact CAS or exact SMILES match found in M2OR.,a_untested,human_only,35
PAIR_0035,109-60-4__112-14-1,109-60-4,112-14-1,CCCOC(=O)C,CCCCCCCCOC(=O)C,,octyl acetate,Homo sapiens,hOR5M11,195.0,,0.0,False,True,False,,,A untested / B tested,Low,,https://doi.org/10.1038/sdata.2015.2,No exact CAS or exact SMILES match found in M2OR.,a_untested,human_only,35
PAIR_0035,109-60-4__112-14-1,109-60-4,112-14-1,CCCOC(=O)C,CCCCCCCCOC(=O)C,,octyl acetate,Homo sapiens,hOR5M8,437.0,,0.0,False,True,False,,,A untested / B tested,Low,,https://doi.org/10.1038/sdata.2015.2,No exact CAS or exact SMILES match found in M2OR.,a_untested,human_only,35
PAIR_0035,109-60-4__112-14-1,109-60-4,112-14-1,CCCOC(=O)C,CCCCCCCCOC(=O)C,,octyl acetate,Homo sapiens,hOR5M9,161.0,,0.0,False,True,False,,,A untested / B tested,Low,,https://doi.org/10.1038/sdata.2015.2,No exact CAS or exact SMILES match found in M2OR.,a_untested,human_only,35
PAIR_0035,109-60-4__112-14-1,109-60-4,112-14-1,CCCOC(=O)C,CCCCCCCCOC(=O)C,,octyl acetate,Homo sapiens,hOR5P2,148.0,,0.0,False,True,False,,,A untested / B tested,Low,,https://doi.org/10.1038/sdata.2015.2,No exact CAS or exact SMILES match found in M2OR.,a_untested,human_only,35
PAIR_0035,109-60-4__112-14-1,109-60-4,112-14-1,CCCOC(=O)C,CCCCCCCCOC(=O)C,,octyl acetate,Homo sapiens,hOR5P3,88.0,,0.0,False,True,False,,,A untested / B tested,Low,,https://doi.org/10.1038/sdata.2015.2,No exact CAS or exact SMILES match found in M2OR.,a_untested,human_only,35
PAIR_0035,109-60-4__112-14-1,109-60-4,112-14-1,CCCOC(=O)C,CCCCCCCCOC(=O)C,,octyl acetate,Homo sapiens,hOR5R1,123.0,,0.0,False,True,False,,,A untested / B tested,Low,,https://doi.org/10.1038/sdata.2015.2,No exact CAS or exact SMILES match found in M2OR.,a_untested,human_only,35
PAIR_0035,109-60-4__112-14-1,109-60-4,112-14-1,CCCOC(=O)C,CCCCCCCCOC(=O)C,,octyl acetate,Homo sapiens,hOR5T1,206.0,,0.0,False,True,False,,,A untested / B tested,Low,,https://doi.org/10.1038/sdata.2015.2,No exact CAS or exact SMILES match found in M2OR.,a_untested,human_only,35
PAIR_0035,109-60-4__112-14-1,109-60-4,112-14-1,CCCOC(=O)C,CCCCCCCCOC(=O)C,,octyl acetate,Homo sapiens,hOR5T2,254.0,,0.0,False,True,False,,,A untested / B tested,Low,,https://doi.org/10.1038/sdata.2015.2,No exact CAS or exact SMILES match found in M2OR.,a_untested,human_only,35
PAIR_0035,109-60-4__112-14-1,109-60-4,112-14-1,CCCOC(=O)C,CCCCCCCCOC(=O)C,,octyl acetate,Homo sapiens,hOR5T3,274.0,,0.0,False,True,False,,,A untested / B tested,Low,,https://doi.org/10.1038/sdata.2015.2,No exact CAS or exact SMILES match found in M2OR.,a_untested,human_only,35
PAIR_0035,109-60-4__112-14-1,109-60-4,112-14-1,CCCOC(=O)C,CCCCCCCCOC(=O)C,,octyl acetate,Homo sapiens,hOR5V1,54.0,,0.0,False,True,False,,,A untested / B tested,Low,,https://doi.org/10.1038/sdata.2015.2,No exact CAS or exact SMILES match found in M2OR.,a_untested,human_only,35
PAIR_0035,109-60-4__112-14-1,109-60-4,112-14-1,CCCOC(=O)C,CCCCCCCCOC(=O)C,,octyl acetate,Homo sapiens,hOR6A2,406.0,,0.0,False,True,False,,,A untested / B tested,Low,,https://doi.org/10.1038/sdata.2015.2,No exact CAS or exact SMILES match found in M2OR.,a_untested,human_only,35
PAIR_0035,109-60-4__112-14-1,109-60-4,112-14-1,CCCOC(=O)C,CCCCCCCCOC(=O)C,,octyl acetate,Homo sapiens,hOR6C2,335.0,,0.0,False,True,False,,,A untested / B tested,Low,,https://doi.org/10.1038/sdata.2015.2,No exact CAS or exact SMILES match found in M2OR.,a_untested,human_only,35
PAIR_0035,109-60-4__112-14-1,109-60-4,112-14-1,CCCOC(=O)C,CCCCCCCCOC(=O)C,,octyl acetate,Homo sapiens,hOR6C3,342.0,,0.0,False,True,False,,,A untested / B tested,Low,,https://doi.org/10.1038/sdata.2015.2,No exact CAS or exact SMILES match found in M2OR.,a_untested,human_only,35
PAIR_0035,109-60-4__112-14-1,109-60-4,112-14-1,CCCOC(=O)C,CCCCCCCCOC(=O)C,,octyl acetate,Homo sapiens,hOR6C6,349.0,,0.0,False,True,False,,,A untested / B tested,Low,,https://doi.org/10.1038/sdata.2015.2,No exact CAS or exact SMILES match found in M2OR.,a_untested,human_only,35
PAIR_0035,109-60-4__112-14-1,109-60-4,112-14-1,CCCOC(=O)C,CCCCCCCCOC(=O)C,,octyl acetate,Homo sapiens,hOR6C65,379.0,,0.0,False,True,False,,,A untested / B tested,Low,,https://doi.org/10.1038/sdata.2015.2,No exact CAS or exact SMILES match found in M2OR.,a_untested,human_only,35
PAIR_0035,109-60-4__112-14-1,109-60-4,112-14-1,CCCOC(=O)C,CCCCCCCCOC(=O)C,,octyl acetate,Homo sapiens,hOR6C70,350.0,,0.0,False,True,False,,,A untested / B tested,Low,,https://doi.org/10.1038/sdata.2015.2,No exact CAS or exact SMILES match found in M2OR.,a_untested,human_only,35
PAIR_0035,109-60-4__112-14-1,109-60-4,112-14-1,CCCOC(=O)C,CCCCCCCCOC(=O)C,,octyl acetate,Homo sapiens,hOR6C74,363.0,,0.0,False,True,False,,,A untested / B tested,Low,,https://doi.org/10.1038/sdata.2015.2,No exact CAS or exact SMILES match found in M2OR.,a_untested,human_only,35
PAIR_0035,109-60-4__112-14-1,109-60-4,112-14-1,CCCOC(=O)C,CCCCCCCCOC(=O)C,,octyl acetate,Homo sapiens,hOR6C75,433.0,,0.0,False,True,False,,,A untested / B tested,Low,,https://doi.org/10.1038/sdata.2015.2,No exact CAS or exact SMILES match found in M2OR.,a_untested,human_only,35
PAIR_0035,109-60-4__112-14-1,109-60-4,112-14-1,CCCOC(=O)C,CCCCCCCCOC(=O)C,,octyl acetate,Homo sapiens,hOR6C76,336.0,,0.0,False,True,False,,,A untested / B tested,Low,,https://doi.org/10.1038/sdata.2015.2,No exact CAS or exact SMILES match found in M2OR.,a_untested,human_only,35
PAIR_0035,109-60-4__112-14-1,109-60-4,112-14-1,CCCOC(=O)C,CCCCCCCCOC(=O)C,,octyl acetate,Homo sapiens,hOR6F1,28.0,,0.0,False,True,False,,,A untested / B tested,Low,,https://doi.org/10.1038/sdata.2015.2,No exact CAS or exact SMILES match found in M2OR.,a_untested,human_only,35
PAIR_0035,109-60-4__112-14-1,109-60-4,112-14-1,CCCOC(=O)C,CCCCCCCCOC(=O)C,,octyl acetate,Homo sapiens,hOR6K2,31.0,,0.0,False,True,False,,,A untested / B tested,Low,,https://doi.org/10.1038/sdata.2015.2,No exact CAS or exact SMILES match found in M2OR.,a_untested,human_only,35
PAIR_0035,109-60-4__112-14-1,109-60-4,112-14-1,CCCOC(=O)C,CCCCCCCCOC(=O)C,,octyl acetate,Homo sapiens,hOR6K3,402.0,,0.0,False,True,False,,,A untested / B tested,Low,,https://doi.org/10.1038/sdata.2015.2,No exact CAS or exact SMILES match found in M2OR.,a_untested,human_only,35
PAIR_0035,109-60-4__112-14-1,109-60-4,112-14-1,CCCOC(=O)C,CCCCCCCCOC(=O)C,,octyl acetate,Homo sapiens,hOR6K6,277.0,,0.0,False,True,False,,,A untested / B tested,Low,,https://doi.org/10.1038/sdata.2015.2,No exact CAS or exact SMILES match found in M2OR.,a_untested,human_only,35
PAIR_0035,109-60-4__112-14-1,109-60-4,112-14-1,CCCOC(=O)C,CCCCCCCCOC(=O)C,,octyl acetate,Homo sapiens,hOR6M1,146.0,,0.0,False,True,False,,,A untested / B tested,Low,,https://doi.org/10.1038/sdata.2015.2,No exact CAS or exact SMILES match found in M2OR.,a_untested,human_only,35
PAIR_0035,109-60-4__112-14-1,109-60-4,112-14-1,CCCOC(=O)C,CCCCCCCCOC(=O)C,,octyl acetate,Homo sapiens,hOR6N2,15.0,,0.0,False,True,False,,,A untested / B tested,Low,,https://doi.org/10.1038/sdata.2015.2,No exact CAS or exact SMILES match found in M2OR.,a_untested,human_only,35
PAIR_0035,109-60-4__112-14-1,109-60-4,112-14-1,CCCOC(=O)C,CCCCCCCCOC(=O)C,,octyl acetate,Homo sapiens,hOR6P1,23.0,,0.0,False,True,False,,,A untested / B tested,Low,,https://doi.org/10.1038/sdata.2015.2,No exact CAS or exact SMILES match found in M2OR.,a_untested,human_only,35
PAIR_0035,109-60-4__112-14-1,109-60-4,112-14-1,CCCOC(=O)C,CCCCCCCCOC(=O)C,,octyl acetate,Homo sapiens,hOR6Q1,191.0,,0.0,False,True,False,,,A untested / B tested,Low,,https://doi.org/10.1038/sdata.2015.2,No exact CAS or exact SMILES match found in M2OR.,a_untested,human_only,35
PAIR_0035,109-60-4__112-14-1,109-60-4,112-14-1,CCCOC(=O)C,CCCCCCCCOC(=O)C,,octyl acetate,Homo sapiens,hOR6T1,152.0,,0.0,False,True,False,,,A untested / B tested,Low,,https://doi.org/10.1038/sdata.2015.2,No exact CAS or exact SMILES match found in M2OR.,a_untested,human_only,35
PAIR_0035,109-60-4__112-14-1,109-60-4,112-14-1,CCCOC(=O)C,CCCCCCCCOC(=O)C,,octyl acetate,Homo sapiens,hOR6V1,512.0,,0.0,False,True,False,,,A untested / B tested,Low,,https://doi.org/10.1038/sdata.2015.2,No exact CAS or exact SMILES match found in M2OR.,a_untested,human_only,35
PAIR_0035,109-60-4__112-14-1,109-60-4,112-14-1,CCCOC(=O)C,CCCCCCCCOC(=O)C,,octyl acetate,Homo sapiens,hOR6X1,198.0,,0.0,False,True,False,,,A untested / B tested,Low,,https://doi.org/10.1038/sdata.2015.2,No exact CAS or exact SMILES match found in M2OR.,a_untested,human_only,35
PAIR_0035,109-60-4__112-14-1,109-60-4,112-14-1,CCCOC(=O)C,CCCCCCCCOC(=O)C,,octyl acetate,Homo sapiens,hOR7A10,80.0,,0.0,False,True,False,,,A untested / B tested,Low,,https://doi.org/10.1038/sdata.2015.2,No exact CAS or exact SMILES match found in M2OR.,a_untested,human_only,35
PAIR_0035,109-60-4__112-14-1,109-60-4,112-14-1,CCCOC(=O)C,CCCCCCCCOC(=O)C,,octyl acetate,Homo sapiens,hOR7A17,247.0,,0.0,False,True,False,,,A untested / B tested,Low,,https://doi.org/10.1038/sdata.2015.2,No exact CAS or exact SMILES match found in M2OR.,a_untested,human_only,35
PAIR_0035,109-60-4__112-14-1,109-60-4,112-14-1,CCCOC(=O)C,CCCCCCCCOC(=O)C,,octyl acetate,Homo sapiens,hOR7A5,387.0,,0.0,False,True,False,,,A untested / B tested,Low,,https://doi.org/10.1038/sdata.2015.2,No exact CAS or exact SMILES match found in M2OR.,a_untested,human_only,35
PAIR_0035,109-60-4__112-14-1,109-60-4,112-14-1,CCCOC(=O)C,CCCCCCCCOC(=O)C,,octyl acetate,Homo sapiens,hOR7C1,246.0,,0.0,False,True,False,,,A untested / B tested,Low,,https://doi.org/10.1038/sdata.2015.2,No exact CAS or exact SMILES match found in M2OR.,a_untested,human_only,35
PAIR_0035,109-60-4__112-14-1,109-60-4,112-14-1,CCCOC(=O)C,CCCCCCCCOC(=O)C,,octyl acetate,Homo sapiens,hOR7C2,240.0,,0.0,False,True,False,,,A untested / B tested,Low,,https://doi.org/10.1038/sdata.2015.2,No exact CAS or exact SMILES match found in M2OR.,a_untested,human_only,35
PAIR_0035,109-60-4__112-14-1,109-60-4,112-14-1,CCCOC(=O)C,CCCCCCCCOC(=O)C,,octyl acetate,Homo sapiens,hOR7D2,326.0,,0.0,False,True,False,,,A untested / B tested,Low,,https://doi.org/10.1038/sdata.2015.2,No exact CAS or exact SMILES match found in M2OR.,a_untested,human_only,35
PAIR_0035,109-60-4__112-14-1,109-60-4,112-14-1,CCCOC(=O)C,CCCCCCCCOC(=O)C,,octyl acetate,Homo sapiens,hOR7D4,245.0,,0.0,False,True,False,,,A untested / B tested,Medium,,https://doi.org/10.1038/sdata.2015.2 | https://doi.org/10.1038/nature06162,No exact CAS or exact SMILES match found in M2OR.,a_untested,human_only,35
PAIR_0035,109-60-4__112-14-1,109-60-4,112-14-1,CCCOC(=O)C,CCCCCCCCOC(=O)C,,octyl acetate,Homo sapiens,hOR7G1,242.0,,0.0,False,True,False,,,A untested / B tested,Low,,https://doi.org/10.1038/sdata.2015.2,No exact CAS or exact SMILES match found in M2OR.,a_untested,human_only,35
PAIR_0035,109-60-4__112-14-1,109-60-4,112-14-1,CCCOC(=O)C,CCCCCCCCOC(=O)C,,octyl acetate,Homo sapiens,hOR7G2,393.0,,0.0,False,True,False,,,A untested / B tested,Low,,https://doi.org/10.1038/sdata.2015.2,No exact CAS or exact SMILES match found in M2OR.,a_untested,human_only,35
PAIR_0035,109-60-4__112-14-1,109-60-4,112-14-1,CCCOC(=O)C,CCCCCCCCOC(=O)C,,octyl acetate,Homo sapiens,hOR7G3,244.0,,0.0,False,True,False,,,A untested / B tested,Low,,https://doi.org/10.1038/sdata.2015.2,No exact CAS or exact SMILES match found in M2OR.,a_untested,human_only,35
PAIR_0035,109-60-4__112-14-1,109-60-4,112-14-1,CCCOC(=O)C,CCCCCCCCOC(=O)C,,octyl acetate,Homo sapiens,hOR8A1,419.0,,0.0,False,True,False,,,A untested / B tested,Low,,https://doi.org/10.1038/sdata.2015.2,No exact CAS or exact SMILES match found in M2OR.,a_untested,human_only,35
PAIR_0035,109-60-4__112-14-1,109-60-4,112-14-1,CCCOC(=O)C,CCCCCCCCOC(=O)C,,octyl acetate,Homo sapiens,hOR8B12,513.0,,0.0,False,True,False,,,A untested / B tested,Low,,https://doi.org/10.1038/sdata.2015.2,No exact CAS or exact SMILES match found in M2OR.,a_untested,human_only,35
PAIR_0035,109-60-4__112-14-1,109-60-4,112-14-1,CCCOC(=O)C,CCCCCCCCOC(=O)C,,octyl acetate,Homo sapiens,hOR8B2,199.0,,0.0,False,True,False,,,A untested / B tested,Low,,https://doi.org/10.1038/sdata.2015.2,No exact CAS or exact SMILES match found in M2OR.,a_untested,human_only,35
PAIR_0035,109-60-4__112-14-1,109-60-4,112-14-1,CCCOC(=O)C,CCCCCCCCOC(=O)C,,octyl acetate,Homo sapiens,hOR8B8,186.0,,0.0,False,True,False,,,A untested / B tested,Low,,https://doi.org/10.1038/sdata.2015.2,No exact CAS or exact SMILES match found in M2OR.,a_untested,human_only,35
PAIR_0035,109-60-4__112-14-1,109-60-4,112-14-1,CCCOC(=O)C,CCCCCCCCOC(=O)C,,octyl acetate,Homo sapiens,hOR8D1,110.0,,0.0,False,True,False,,,A untested / B tested,Low,,https://doi.org/10.1038/sdata.2015.2,No exact CAS or exact SMILES match found in M2OR.,a_untested,human_only,35
PAIR_0035,109-60-4__112-14-1,109-60-4,112-14-1,CCCOC(=O)C,CCCCCCCCOC(=O)C,,octyl acetate,Homo sapiens,hOR8D2,143.0,,0.0,False,True,False,,,A untested / B tested,Low,,https://doi.org/10.1038/sdata.2015.2,No exact CAS or exact SMILES match found in M2OR.,a_untested,human_only,35
PAIR_0035,109-60-4__112-14-1,109-60-4,112-14-1,CCCOC(=O)C,CCCCCCCCOC(=O)C,,octyl acetate,Homo sapiens,hOR8G1,313.0,,0.0,False,True,False,,,A untested / B tested,Low,,https://doi.org/10.1038/sdata.2015.2,No exact CAS or exact SMILES match found in M2OR.,a_untested,human_only,35
PAIR_0035,109-60-4__112-14-1,109-60-4,112-14-1,CCCOC(=O)C,CCCCCCCCOC(=O)C,,octyl acetate,Homo sapiens,hOR8G5,262.0,,0.0,False,True,False,,,A untested / B tested,Low,,https://doi.org/10.1038/sdata.2015.2,No exact CAS or exact SMILES match found in M2OR.,a_untested,human_only,35
PAIR_0035,109-60-4__112-14-1,109-60-4,112-14-1,CCCOC(=O)C,CCCCCCCCOC(=O)C,,octyl acetate,Homo sapiens,hOR8H1,304.0,,0.0,False,True,False,,,A untested / B tested,Low,,https://doi.org/10.1038/sdata.2015.2,No exact CAS or exact SMILES match found in M2OR.,a_untested,human_only,35
PAIR_0035,109-60-4__112-14-1,109-60-4,112-14-1,CCCOC(=O)C,CCCCCCCCOC(=O)C,,octyl acetate,Homo sapiens,hOR8I2,175.0,,0.0,False,True,False,,,A untested / B tested,Low,,https://doi.org/10.1038/sdata.2015.2,No exact CAS or exact SMILES match found in M2OR.,a_untested,human_only,35
PAIR_0035,109-60-4__112-14-1,109-60-4,112-14-1,CCCOC(=O)C,CCCCCCCCOC(=O)C,,octyl acetate,Homo sapiens,hOR8J3,116.0,,0.0,False,True,False,,,A untested / B tested,Low,,https://doi.org/10.1038/sdata.2015.2,No exact CAS or exact SMILES match found in M2OR.,a_untested,human_only,35
PAIR_0035,109-60-4__112-14-1,109-60-4,112-14-1,CCCOC(=O)C,CCCCCCCCOC(=O)C,,octyl acetate,Homo sapiens,hOR8K1,354.0,,0.0,False,True,False,,,A untested / B tested,Low,,https://doi.org/10.1038/sdata.2015.2,No exact CAS or exact SMILES match found in M2OR.,a_untested,human_only,35
PAIR_0035,109-60-4__112-14-1,109-60-4,112-14-1,CCCOC(=O)C,CCCCCCCCOC(=O)C,,octyl acetate,Homo sapiens,hOR8K5,117.0,,0.0,False,True,False,,,A untested / B tested,Low,,https://doi.org/10.1038/sdata.2015.2,No exact CAS or exact SMILES match found in M2OR.,a_untested,human_only,35
PAIR_0035,109-60-4__112-14-1,109-60-4,112-14-1,CCCOC(=O)C,CCCCCCCCOC(=O)C,,octyl acetate,Homo sapiens,hOR8U1,201.0,,0.0,False,True,False,,,A untested / B tested,Low,,https://doi.org/10.1038/sdata.2015.2,No exact CAS or exact SMILES match found in M2OR.,a_untested,human_only,35
PAIR_0035,109-60-4__112-14-1,109-60-4,112-14-1,CCCOC(=O)C,CCCCCCCCOC(=O)C,,octyl acetate,Homo sapiens,hOR8U8,415.0,,0.0,False,True,False,,,A untested / B tested,Low,,https://doi.org/10.1038/sdata.2015.2,No exact CAS or exact SMILES match found in M2OR.,a_untested,human_only,35
PAIR_0035,109-60-4__112-14-1,109-60-4,112-14-1,CCCOC(=O)C,CCCCCCCCOC(=O)C,,octyl acetate,Homo sapiens,hOR8U9,361.0,,0.0,False,True,False,,,A untested / B tested,Low,,https://doi.org/10.1038/sdata.2015.2,No exact CAS or exact SMILES match found in M2OR.,a_untested,human_only,35
PAIR_0035,109-60-4__112-14-1,109-60-4,112-14-1,CCCOC(=O)C,CCCCCCCCOC(=O)C,,octyl acetate,Homo sapiens,hOR9A2,63.0,,0.0,False,True,False,,,A untested / B tested,Low,,https://doi.org/10.1038/sdata.2015.2,No exact CAS or exact SMILES match found in M2OR.,a_untested,human_only,35
PAIR_0035,109-60-4__112-14-1,109-60-4,112-14-1,CCCOC(=O)C,CCCCCCCCOC(=O)C,,octyl acetate,Homo sapiens,hOR9A4,64.0,,0.0,False,True,False,,,A untested / B tested,Low,,https://doi.org/10.1038/sdata.2015.2,No exact CAS or exact SMILES match found in M2OR.,a_untested,human_only,35
PAIR_0035,109-60-4__112-14-1,109-60-4,112-14-1,CCCOC(=O)C,CCCCCCCCOC(=O)C,,octyl acetate,Homo sapiens,hOR9G1,84.0,,0.0,False,True,False,,,A untested / B tested,Low,,https://doi.org/10.1038/sdata.2015.2,No exact CAS or exact SMILES match found in M2OR.,a_untested,human_only,35
PAIR_0035,109-60-4__112-14-1,109-60-4,112-14-1,CCCOC(=O)C,CCCCCCCCOC(=O)C,,octyl acetate,Homo sapiens,hOR9G9,130.0,,0.0,False,True,False,,,A untested / B tested,Low,,https://doi.org/10.1038/sdata.2015.2,No exact CAS or exact SMILES match found in M2OR.,a_untested,human_only,35
PAIR_0035,109-60-4__112-14-1,109-60-4,112-14-1,CCCOC(=O)C,CCCCCCCCOC(=O)C,,octyl acetate,Homo sapiens,hOR9I1,144.0,,0.0,False,True,False,,,A untested / B tested,Low,,https://doi.org/10.1038/sdata.2015.2,No exact CAS or exact SMILES match found in M2OR.,a_untested,human_only,35
PAIR_0035,109-60-4__112-14-1,109-60-4,112-14-1,CCCOC(=O)C,CCCCCCCCOC(=O)C,,octyl acetate,Homo sapiens,hOR9K2,306.0,,0.0,False,True,False,,,A untested / B tested,Low,,https://doi.org/10.1038/sdata.2015.2,No exact CAS or exact SMILES match found in M2OR.,a_untested,human_only,35
PAIR_0035,109-60-4__112-14-1,109-60-4,112-14-1,CCCOC(=O)C,CCCCCCCCOC(=O)C,,octyl acetate,Homo sapiens,hOR9Q2,142.0,,0.0,False,True,False,,,A untested / B tested,Low,,https://doi.org/10.1038/sdata.2015.2,No exact CAS or exact SMILES match found in M2OR.,a_untested,human_only,35
PAIR_0036,109-60-4__141-78-6,109-60-4,141-78-6,CCCOC(=O)C,CCOC(=O)C,,Ethyl acetate,Homo sapiens,OR11A1,47.0,,0.0,False,True,False,,,A untested / B tested,Low,,https://pubs.acs.org/doi/10.1021/acs.jafc.4c01515,No exact CAS or exact SMILES match found in M2OR.,a_untested,human_only,36
PAIR_0036,109-60-4__141-78-6,109-60-4,141-78-6,CCCOC(=O)C,CCOC(=O)C,,Ethyl acetate,Homo sapiens,OR8H1,304.0,,0.0,False,True,False,,,A untested / B tested,Low,,https://doi.org/10.1021/acs.jafc.3c08230,No exact CAS or exact SMILES match found in M2OR.,a_untested,human_only,36
PAIR_0036,109-60-4__141-78-6,109-60-4,141-78-6,CCCOC(=O)C,CCOC(=O)C,,Ethyl acetate,Homo sapiens,hOR1A1,29.0,,0.0,False,True,False,,,A untested / B tested,Low,,https://doi.org/10.1093/chemse/bjw117,No exact CAS or exact SMILES match found in M2OR.,a_untested,human_only,36
PAIR_0036,109-60-4__141-78-6,109-60-4,141-78-6,CCCOC(=O)C,CCOC(=O)C,,Ethyl acetate,Homo sapiens,hOR2M3,40.0,,0.0,False,True,False,,,A untested / B tested,Low,,https://doi.org/10.1093/chemse/bjw118,No exact CAS or exact SMILES match found in M2OR.,a_untested,human_only,36
PAIR_0036,109-60-4__141-78-6,109-60-4,141-78-6,CCCOC(=O)C,CCOC(=O)C,,Ethyl acetate,Homo sapiens,hOR2W1,51.0,,0.0,False,True,False,,,A untested / B tested,Low,,https://doi.org/10.1016/j.foodchem.2021.131680 | https://doi.org/10.1093/chemse/bjw117,No exact CAS or exact SMILES match found in M2OR.,a_untested,human_only,36
PAIR_0036,109-60-4__141-78-6,109-60-4,141-78-6,CCCOC(=O)C,CCOC(=O)C,,Ethyl acetate,Homo sapiens,hOR5K1,418.0,,0.0,False,True,False,,,A untested / B tested,Low,,https://doi.org/10.1096/fj.202100224R,No exact CAS or exact SMILES match found in M2OR.,a_untested,human_only,36
PAIR_0036,109-60-4__141-78-6,109-60-4,141-78-6,CCCOC(=O)C,CCOC(=O)C,,Ethyl acetate,Homo sapiens,hOR5M3,670.0,,0.0,False,True,False,,,A untested / B tested,Low,,https://doi.org/10.1021/acs.jafc.1c03314,No exact CAS or exact SMILES match found in M2OR.,a_untested,human_only,36
PAIR_0036,109-60-4__141-78-6,109-60-4,141-78-6,CCCOC(=O)C,CCOC(=O)C,,Ethyl acetate,Homo sapiens,hOR8D1,110.0,,0.0,False,True,False,,,A untested / B tested,Low,,https://doi.org/10.1021/acs.jafc.1c03314,No exact CAS or exact SMILES match found in M2OR.,a_untested,human_only,36
PAIR_0037,110-19-0__112-14-1,110-19-0,112-14-1,CC(C)COC(=O)C,CCCCCCCCOC(=O)C,,octyl acetate,Homo sapiens,OR1L6,258.0,,0.0,False,True,False,,,A untested / B tested,Low,,https://doi.org/10.1038/sdata.2015.2,No exact CAS or exact SMILES match found in M2OR.,a_untested,human_only,37
PAIR_0037,110-19-0__112-14-1,110-19-0,112-14-1,CC(C)COC(=O)C,CCCCCCCCOC(=O)C,,octyl acetate,Homo sapiens,hOR10A2,134.0,,0.0,False,True,False,,,A untested / B tested,Low,,https://doi.org/10.1038/sdata.2015.2,No exact CAS or exact SMILES match found in M2OR.,a_untested,human_only,37
PAIR_0037,110-19-0__112-14-1,110-19-0,112-14-1,CC(C)COC(=O)C,CCCCCCCCOC(=O)C,,octyl acetate,Homo sapiens,hOR10A3,338.0,,0.0,False,True,False,,,A untested / B tested,Low,,https://doi.org/10.1038/sdata.2015.2,No exact CAS or exact SMILES match found in M2OR.,a_untested,human_only,37
PAIR_0037,110-19-0__112-14-1,110-19-0,112-14-1,CC(C)COC(=O)C,CCCCCCCCOC(=O)C,,octyl acetate,Homo sapiens,hOR10A5,506.0,,0.0,False,True,False,,,A untested / B tested,Low,,https://doi.org/10.1038/sdata.2015.2,No exact CAS or exact SMILES match found in M2OR.,a_untested,human_only,37
PAIR_0037,110-19-0__112-14-1,110-19-0,112-14-1,CC(C)COC(=O)C,CCCCCCCCOC(=O)C,,octyl acetate,Homo sapiens,hOR10A6,181.0,,0.0,False,True,False,,,A untested / B tested,Low,,https://doi.org/10.1038/sdata.2015.2,No exact CAS or exact SMILES match found in M2OR.,a_untested,human_only,37
PAIR_0037,110-19-0__112-14-1,110-19-0,112-14-1,CC(C)COC(=O)C,CCCCCCCCOC(=O)C,,octyl acetate,Homo sapiens,hOR10A7,210.0,,0.0,False,True,False,,,A untested / B tested,Low,,https://doi.org/10.1038/sdata.2015.2,No exact CAS or exact SMILES match found in M2OR.,a_untested,human_only,37
PAIR_0037,110-19-0__112-14-1,110-19-0,112-14-1,CC(C)COC(=O)C,CCCCCCCCOC(=O)C,,octyl acetate,Homo sapiens,hOR10AG1,207.0,,0.0,False,True,False,,,A untested / B tested,Low,,https://doi.org/10.1038/sdata.2015.2,No exact CAS or exact SMILES match found in M2OR.,a_untested,human_only,37
PAIR_0037,110-19-0__112-14-1,110-19-0,112-14-1,CC(C)COC(=O)C,CCCCCCCCOC(=O)C,,octyl acetate,Homo sapiens,hOR10C1,49.0,,0.0,False,True,False,,,A untested / B tested,Low,,https://doi.org/10.1038/sdata.2015.2,No exact CAS or exact SMILES match found in M2OR.,a_untested,human_only,37
PAIR_0037,110-19-0__112-14-1,110-19-0,112-14-1,CC(C)COC(=O)C,CCCCCCCCOC(=O)C,,octyl acetate,Homo sapiens,hOR10G6,82.0,,0.0,False,True,False,,,A untested / B tested,Low,,https://doi.org/10.1038/sdata.2015.2,No exact CAS or exact SMILES match found in M2OR.,a_untested,human_only,37
PAIR_0037,110-19-0__112-14-1,110-19-0,112-14-1,CC(C)COC(=O)C,CCCCCCCCOC(=O)C,,octyl acetate,Homo sapiens,hOR10G7,371.0,,1.0,False,True,False,,,A untested / B tested,Low,,https://doi.org/10.1038/sdata.2015.2,No exact CAS or exact SMILES match found in M2OR.,a_untested,human_only,37
PAIR_0037,110-19-0__112-14-1,110-19-0,112-14-1,CC(C)COC(=O)C,CCCCCCCCOC(=O)C,,octyl acetate,Homo sapiens,hOR10G8,315.0,,0.0,False,True,False,,,A untested / B tested,Low,,https://doi.org/10.1038/sdata.2015.2,No exact CAS or exact SMILES match found in M2OR.,a_untested,human_only,37
PAIR_0037,110-19-0__112-14-1,110-19-0,112-14-1,CC(C)COC(=O)C,CCCCCCCCOC(=O)C,,octyl acetate,Homo sapiens,hOR10H1,107.0,,0.0,False,True,False,,,A untested / B tested,Low,,https://doi.org/10.1038/sdata.2015.2,No exact CAS or exact SMILES match found in M2OR.,a_untested,human_only,37
PAIR_0037,110-19-0__112-14-1,110-19-0,112-14-1,CC(C)COC(=O)C,CCCCCCCCOC(=O)C,,octyl acetate,Homo sapiens,hOR10H3,439.0,,0.0,False,True,False,,,A untested / B tested,Low,,https://doi.org/10.1038/sdata.2015.2,No exact CAS or exact SMILES match found in M2OR.,a_untested,human_only,37
PAIR_0037,110-19-0__112-14-1,110-19-0,112-14-1,CC(C)COC(=O)C,CCCCCCCCOC(=O)C,,octyl acetate,Homo sapiens,hOR10H4,131.0,,0.0,False,True,False,,,A untested / B tested,Low,,https://doi.org/10.1038/sdata.2015.2,No exact CAS or exact SMILES match found in M2OR.,a_untested,human_only,37
PAIR_0037,110-19-0__112-14-1,110-19-0,112-14-1,CC(C)COC(=O)C,CCCCCCCCOC(=O)C,,octyl acetate,Homo sapiens,hOR10J1,498.0,,0.0,False,True,False,,,A untested / B tested,Low,,https://doi.org/10.1038/sdata.2015.2,No exact CAS or exact SMILES match found in M2OR.,a_untested,human_only,37
PAIR_0037,110-19-0__112-14-1,110-19-0,112-14-1,CC(C)COC(=O)C,CCCCCCCCOC(=O)C,,octyl acetate,Homo sapiens,hOR10J3,378.0,,0.0,False,True,False,,,A untested / B tested,Low,,https://doi.org/10.1038/sdata.2015.2,No exact CAS or exact SMILES match found in M2OR.,a_untested,human_only,37
PAIR_0037,110-19-0__112-14-1,110-19-0,112-14-1,CC(C)COC(=O)C,CCCCCCCCOC(=O)C,,octyl acetate,Homo sapiens,hOR10J5,25.0,,0.0,False,True,False,,,A untested / B tested,Low,,https://doi.org/10.1038/sdata.2015.2,No exact CAS or exact SMILES match found in M2OR.,a_untested,human_only,37
PAIR_0037,110-19-0__112-14-1,110-19-0,112-14-1,CC(C)COC(=O)C,CCCCCCCCOC(=O)C,,octyl acetate,Homo sapiens,hOR10K1,12.0,,0.0,False,True,False,,,A untested / B tested,Low,,https://doi.org/10.1038/sdata.2015.2,No exact CAS or exact SMILES match found in M2OR.,a_untested,human_only,37
PAIR_0037,110-19-0__112-14-1,110-19-0,112-14-1,CC(C)COC(=O)C,CCCCCCCCOC(=O)C,,octyl acetate,Homo sapiens,hOR10K2,30.0,,0.0,False,True,False,,,A untested / B tested,Low,,https://doi.org/10.1038/sdata.2015.2,No exact CAS or exact SMILES match found in M2OR.,a_untested,human_only,37
PAIR_0037,110-19-0__112-14-1,110-19-0,112-14-1,CC(C)COC(=O)C,CCCCCCCCOC(=O)C,,octyl acetate,Homo sapiens,hOR10P1,211.0,,0.0,False,True,False,,,A untested / B tested,Low,,https://doi.org/10.1038/sdata.2015.2,No exact CAS or exact SMILES match found in M2OR.,a_untested,human_only,37
PAIR_0037,110-19-0__112-14-1,110-19-0,112-14-1,CC(C)COC(=O)C,CCCCCCCCOC(=O)C,,octyl acetate,Homo sapiens,hOR10Q1,166.0,,0.0,False,True,False,,,A untested / B tested,Low,,https://doi.org/10.1038/sdata.2015.2,No exact CAS or exact SMILES match found in M2OR.,a_untested,human_only,37
PAIR_0037,110-19-0__112-14-1,110-19-0,112-14-1,CC(C)COC(=O)C,CCCCCCCCOC(=O)C,,octyl acetate,Homo sapiens,hOR10R2,321.0,,0.0,False,True,False,,,A untested / B tested,Medium,,https://doi.org/10.1038/sdata.2015.2,No exact CAS or exact SMILES match found in M2OR.,a_untested,human_only,37
PAIR_0037,110-19-0__112-14-1,110-19-0,112-14-1,CC(C)COC(=O)C,CCCCCCCCOC(=O)C,,octyl acetate,Homo sapiens,hOR10T2,21.0,,0.0,False,True,False,,,A untested / B tested,Low,,https://doi.org/10.1038/sdata.2015.2,No exact CAS or exact SMILES match found in M2OR.,a_untested,human_only,37
PAIR_0037,110-19-0__112-14-1,110-19-0,112-14-1,CC(C)COC(=O)C,CCCCCCCCOC(=O)C,,octyl acetate,Homo sapiens,hOR10X1,257.0,,0.0,False,True,False,,,A untested / B tested,Low,,https://doi.org/10.1038/sdata.2015.2,No exact CAS or exact SMILES match found in M2OR.,a_untested,human_only,37
PAIR_0037,110-19-0__112-14-1,110-19-0,112-14-1,CC(C)COC(=O)C,CCCCCCCCOC(=O)C,,octyl acetate,Homo sapiens,hOR10Z1,14.0,,0.0,False,True,False,,,A untested / B tested,Low,,https://doi.org/10.1038/sdata.2015.2,No exact CAS or exact SMILES match found in M2OR.,a_untested,human_only,37
PAIR_0037,110-19-0__112-14-1,110-19-0,112-14-1,CC(C)COC(=O)C,CCCCCCCCOC(=O)C,,octyl acetate,Homo sapiens,hOR11A1,47.0,,0.0,False,True,False,,,A untested / B tested,Low,,https://doi.org/10.1038/sdata.2015.2,No exact CAS or exact SMILES match found in M2OR.,a_untested,human_only,37
PAIR_0037,110-19-0__112-14-1,110-19-0,112-14-1,CC(C)COC(=O)C,CCCCCCCCOC(=O)C,,octyl acetate,Homo sapiens,hOR11G2,499.0,,0.0,False,True,False,,,A untested / B tested,Low,,https://doi.org/10.1038/sdata.2015.2,No exact CAS or exact SMILES match found in M2OR.,a_untested,human_only,37
PAIR_0037,110-19-0__112-14-1,110-19-0,112-14-1,CC(C)COC(=O)C,CCCCCCCCOC(=O)C,,octyl acetate,Homo sapiens,hOR11H1,469.0,,0.0,False,True,False,,,A untested / B tested,Low,,https://doi.org/10.1038/sdata.2015.2,No exact CAS or exact SMILES match found in M2OR.,a_untested,human_only,37
PAIR_0037,110-19-0__112-14-1,110-19-0,112-14-1,CC(C)COC(=O)C,CCCCCCCCOC(=O)C,,octyl acetate,Homo sapiens,hOR11H12,248.0,,0.0,False,True,False,,,A untested / B tested,Low,,https://doi.org/10.1038/sdata.2015.2,No exact CAS or exact SMILES match found in M2OR.,a_untested,human_only,37
PAIR_0037,110-19-0__112-14-1,110-19-0,112-14-1,CC(C)COC(=O)C,CCCCCCCCOC(=O)C,,octyl acetate,Homo sapiens,hOR11H13,357.0,,0.0,False,True,False,,,A untested / B tested,Low,,https://doi.org/10.1038/sdata.2015.2,No exact CAS or exact SMILES match found in M2OR.,a_untested,human_only,37
PAIR_0037,110-19-0__112-14-1,110-19-0,112-14-1,CC(C)COC(=O)C,CCCCCCCCOC(=O)C,,octyl acetate,Homo sapiens,hOR11H4,218.0,,0.0,False,True,False,,,A untested / B tested,Low,,https://doi.org/10.1038/sdata.2015.2,No exact CAS or exact SMILES match found in M2OR.,a_untested,human_only,37
PAIR_0037,110-19-0__112-14-1,110-19-0,112-14-1,CC(C)COC(=O)C,CCCCCCCCOC(=O)C,,octyl acetate,Homo sapiens,hOR11H6,228.0,,0.0,False,True,False,,,A untested / B tested,Low,,https://doi.org/10.1038/sdata.2015.2,No exact CAS or exact SMILES match found in M2OR.,a_untested,human_only,37
PAIR_0037,110-19-0__112-14-1,110-19-0,112-14-1,CC(C)COC(=O)C,CCCCCCCCOC(=O)C,,octyl acetate,Homo sapiens,hOR12D2,58.0,,0.0,False,True,False,,,A untested / B tested,Low,,https://doi.org/10.1038/sdata.2015.2,No exact CAS or exact SMILES match found in M2OR.,a_untested,human_only,37
PAIR_0037,110-19-0__112-14-1,110-19-0,112-14-1,CC(C)COC(=O)C,CCCCCCCCOC(=O)C,,octyl acetate,Homo sapiens,hOR12D3,55.0,,0.0,False,True,False,,,A untested / B tested,Low,,https://doi.org/10.1038/sdata.2015.2,No exact CAS or exact SMILES match found in M2OR.,a_untested,human_only,37
PAIR_0037,110-19-0__112-14-1,110-19-0,112-14-1,CC(C)COC(=O)C,CCCCCCCCOC(=O)C,,octyl acetate,Homo sapiens,hOR13A1,81.0,,0.0,False,True,False,,,A untested / B tested,Low,,https://doi.org/10.1038/sdata.2015.2,No exact CAS or exact SMILES match found in M2OR.,a_untested,human_only,37
PAIR_0037,110-19-0__112-14-1,110-19-0,112-14-1,CC(C)COC(=O)C,CCCCCCCCOC(=O)C,,octyl acetate,Homo sapiens,hOR13C2,502.0,,0.0,False,True,False,,,A untested / B tested,Low,,https://doi.org/10.1038/sdata.2015.2,No exact CAS or exact SMILES match found in M2OR.,a_untested,human_only,37
PAIR_0037,110-19-0__112-14-1,110-19-0,112-14-1,CC(C)COC(=O)C,CCCCCCCCOC(=O)C,,octyl acetate,Homo sapiens,hOR13C3,307.0,,0.0,False,True,False,,,A untested / B tested,Low,,https://doi.org/10.1038/sdata.2015.2,No exact CAS or exact SMILES match found in M2OR.,a_untested,human_only,37
PAIR_0037,110-19-0__112-14-1,110-19-0,112-14-1,CC(C)COC(=O)C,CCCCCCCCOC(=O)C,,octyl acetate,Homo sapiens,hOR13C4,72.0,,0.0,False,True,False,,,A untested / B tested,Low,,https://doi.org/10.1038/sdata.2015.2,No exact CAS or exact SMILES match found in M2OR.,a_untested,human_only,37
PAIR_0037,110-19-0__112-14-1,110-19-0,112-14-1,CC(C)COC(=O)C,CCCCCCCCOC(=O)C,,octyl acetate,Homo sapiens,hOR13C8,73.0,,0.0,False,True,False,,,A untested / B tested,Low,,https://doi.org/10.1038/sdata.2015.2,No exact CAS or exact SMILES match found in M2OR.,a_untested,human_only,37
PAIR_0037,110-19-0__112-14-1,110-19-0,112-14-1,CC(C)COC(=O)C,CCCCCCCCOC(=O)C,,octyl acetate,Homo sapiens,hOR13D1,271.0,,0.0,False,True,False,,,A untested / B tested,Low,,https://doi.org/10.1038/sdata.2015.2,No exact CAS or exact SMILES match found in M2OR.,a_untested,human_only,37
PAIR_0037,110-19-0__112-14-1,110-19-0,112-14-1,CC(C)COC(=O)C,CCCCCCCCOC(=O)C,,octyl acetate,Homo sapiens,hOR13H1,413.0,,0.0,False,True,False,,,A untested / B tested,Low,,https://doi.org/10.1038/sdata.2015.2,No exact CAS or exact SMILES match found in M2OR.,a_untested,human_only,37
PAIR_0037,110-19-0__112-14-1,110-19-0,112-14-1,CC(C)COC(=O)C,CCCCCCCCOC(=O)C,,octyl acetate,Homo sapiens,hOR14A2,32.0,,0.0,False,True,False,,,A untested / B tested,Low,,https://doi.org/10.1038/sdata.2015.2,No exact CAS or exact SMILES match found in M2OR.,a_untested,human_only,37
PAIR_0037,110-19-0__112-14-1,110-19-0,112-14-1,CC(C)COC(=O)C,CCCCCCCCOC(=O)C,,octyl acetate,Homo sapiens,hOR14J1,160.0,,0.0,False,True,False,,,A untested / B tested,Low,,https://doi.org/10.1038/sdata.2015.2,No exact CAS or exact SMILES match found in M2OR.,a_untested,human_only,37
PAIR_0037,110-19-0__112-14-1,110-19-0,112-14-1,CC(C)COC(=O)C,CCCCCCCCOC(=O)C,,octyl acetate,Homo sapiens,hOR14K1,33.0,,0.0,False,True,False,,,A untested / B tested,Low,,https://doi.org/10.1038/sdata.2015.2,No exact CAS or exact SMILES match found in M2OR.,a_untested,human_only,37
PAIR_0037,110-19-0__112-14-1,110-19-0,112-14-1,CC(C)COC(=O)C,CCCCCCCCOC(=O)C,,octyl acetate,Homo sapiens,hOR14L1,17.0,,0.0,False,True,False,,,A untested / B tested,Low,,https://doi.org/10.1038/sdata.2015.2,No exact CAS or exact SMILES match found in M2OR.,a_untested,human_only,37
PAIR_0037,110-19-0__112-14-1,110-19-0,112-14-1,CC(C)COC(=O)C,CCCCCCCCOC(=O)C,,octyl acetate,Homo sapiens,hOR1A1,29.0,,1.0,False,True,False,,,A untested / B tested,Medium,,https://doi.org/10.1038/sdata.2015.2,No exact CAS or exact SMILES match found in M2OR.,a_untested,human_only,37
PAIR_0037,110-19-0__112-14-1,110-19-0,112-14-1,CC(C)COC(=O)C,CCCCCCCCOC(=O)C,,octyl acetate,Homo sapiens,hOR1A2,111.0,,0.0,False,True,False,,,A untested / B tested,Low,,https://doi.org/10.1038/sdata.2015.2,No exact CAS or exact SMILES match found in M2OR.,a_untested,human_only,37
PAIR_0037,110-19-0__112-14-1,110-19-0,112-14-1,CC(C)COC(=O)C,CCCCCCCCOC(=O)C,,octyl acetate,Homo sapiens,hOR1C1,34.0,,0.0,False,True,False,,,A untested / B tested,Low,,https://doi.org/10.1038/sdata.2015.2,No exact CAS or exact SMILES match found in M2OR.,a_untested,human_only,37
PAIR_0037,110-19-0__112-14-1,110-19-0,112-14-1,CC(C)COC(=O)C,CCCCCCCCOC(=O)C,,octyl acetate,Homo sapiens,hOR1D2,283.0,,0.0,False,True,False,,,A untested / B tested,Low,,https://doi.org/10.1038/sdata.2015.2,No exact CAS or exact SMILES match found in M2OR.,a_untested,human_only,37
PAIR_0037,110-19-0__112-14-1,110-19-0,112-14-1,CC(C)COC(=O)C,CCCCCCCCOC(=O)C,,octyl acetate,Homo sapiens,hOR1D5,239.0,,0.0,False,True,False,,,A untested / B tested,Low,,https://doi.org/10.1038/sdata.2015.2,No exact CAS or exact SMILES match found in M2OR.,a_untested,human_only,37
PAIR_0037,110-19-0__112-14-1,110-19-0,112-14-1,CC(C)COC(=O)C,CCCCCCCCOC(=O)C,,octyl acetate,Homo sapiens,hOR1E1,213.0,,0.0,False,True,False,,,A untested / B tested,Low,,https://doi.org/10.1038/sdata.2015.2,No exact CAS or exact SMILES match found in M2OR.,a_untested,human_only,37
PAIR_0037,110-19-0__112-14-1,110-19-0,112-14-1,CC(C)COC(=O)C,CCCCCCCCOC(=O)C,,octyl acetate,Homo sapiens,hOR1E2,431.0,,0.0,False,True,False,,,A untested / B tested,Low,,https://doi.org/10.1038/sdata.2015.2,No exact CAS or exact SMILES match found in M2OR.,a_untested,human_only,37
PAIR_0037,110-19-0__112-14-1,110-19-0,112-14-1,CC(C)COC(=O)C,CCCCCCCCOC(=O)C,,octyl acetate,Homo sapiens,hOR1F12,487.0,,0.0,False,True,False,,,A untested / B tested,Low,,https://doi.org/10.1038/sdata.2015.2,No exact CAS or exact SMILES match found in M2OR.,a_untested,human_only,37
PAIR_0037,110-19-0__112-14-1,110-19-0,112-14-1,CC(C)COC(=O)C,CCCCCCCCOC(=O)C,,octyl acetate,Homo sapiens,hOR1G1,405.0,,0.0,False,True,False,,,A untested / B tested,Low,,https://doi.org/10.1038/sdata.2015.2,No exact CAS or exact SMILES match found in M2OR.,a_untested,human_only,37
PAIR_0037,110-19-0__112-14-1,110-19-0,112-14-1,CC(C)COC(=O)C,CCCCCCCCOC(=O)C,,octyl acetate,Homo sapiens,hOR1J1,488.0,,0.0,False,True,False,,,A untested / B tested,Low,,https://doi.org/10.1038/sdata.2015.2,No exact CAS or exact SMILES match found in M2OR.,a_untested,human_only,37
PAIR_0037,110-19-0__112-14-1,110-19-0,112-14-1,CC(C)COC(=O)C,CCCCCCCCOC(=O)C,,octyl acetate,Homo sapiens,hOR1J2,365.0,,0.0,False,True,False,,,A untested / B tested,Low,,https://doi.org/10.1038/sdata.2015.2,No exact CAS or exact SMILES match found in M2OR.,a_untested,human_only,37
PAIR_0037,110-19-0__112-14-1,110-19-0,112-14-1,CC(C)COC(=O)C,CCCCCCCCOC(=O)C,,octyl acetate,Homo sapiens,hOR1J4,352.0,,0.0,False,True,False,,,A untested / B tested,Low,,https://doi.org/10.1038/sdata.2015.2,No exact CAS or exact SMILES match found in M2OR.,a_untested,human_only,37
PAIR_0037,110-19-0__112-14-1,110-19-0,112-14-1,CC(C)COC(=O)C,CCCCCCCCOC(=O)C,,octyl acetate,Homo sapiens,hOR1K1,70.0,,0.0,False,True,False,,,A untested / B tested,Low,,https://doi.org/10.1038/sdata.2015.2,No exact CAS or exact SMILES match found in M2OR.,a_untested,human_only,37
PAIR_0037,110-19-0__112-14-1,110-19-0,112-14-1,CC(C)COC(=O)C,CCCCCCCCOC(=O)C,,octyl acetate,Homo sapiens,hOR1L1,287.0,,0.0,False,True,False,,,A untested / B tested,Low,,https://doi.org/10.1038/sdata.2015.2,No exact CAS or exact SMILES match found in M2OR.,a_untested,human_only,37
PAIR_0037,110-19-0__112-14-1,110-19-0,112-14-1,CC(C)COC(=O)C,CCCCCCCCOC(=O)C,,octyl acetate,Homo sapiens,hOR1L3,71.0,,0.0,False,True,False,,,A untested / B tested,Low,,https://doi.org/10.1038/sdata.2015.2,No exact CAS or exact SMILES match found in M2OR.,a_untested,human_only,37
PAIR_0037,110-19-0__112-14-1,110-19-0,112-14-1,CC(C)COC(=O)C,CCCCCCCCOC(=O)C,,octyl acetate,Homo sapiens,hOR1L8,69.0,,0.0,False,True,False,,,A untested / B tested,Low,,https://doi.org/10.1038/sdata.2015.2,No exact CAS or exact SMILES match found in M2OR.,a_untested,human_only,37
PAIR_0037,110-19-0__112-14-1,110-19-0,112-14-1,CC(C)COC(=O)C,CCCCCCCCOC(=O)C,,octyl acetate,Homo sapiens,hOR1M1,164.0,,0.0,False,True,False,,,A untested / B tested,Low,,https://doi.org/10.1038/sdata.2015.2,No exact CAS or exact SMILES match found in M2OR.,a_untested,human_only,37
PAIR_0037,110-19-0__112-14-1,110-19-0,112-14-1,CC(C)COC(=O)C,CCCCCCCCOC(=O)C,,octyl acetate,Homo sapiens,hOR1N1,382.0,,0.0,False,True,False,,,A untested / B tested,Low,,https://doi.org/10.1038/sdata.2015.2,No exact CAS or exact SMILES match found in M2OR.,a_untested,human_only,37
PAIR_0037,110-19-0__112-14-1,110-19-0,112-14-1,CC(C)COC(=O)C,CCCCCCCCOC(=O)C,,octyl acetate,Homo sapiens,hOR1N2,421.0,,0.0,False,True,False,,,A untested / B tested,Low,,https://doi.org/10.1038/sdata.2015.2,No exact CAS or exact SMILES match found in M2OR.,a_untested,human_only,37
PAIR_0037,110-19-0__112-14-1,110-19-0,112-14-1,CC(C)COC(=O)C,CCCCCCCCOC(=O)C,,octyl acetate,Homo sapiens,hOR1S1,376.0,,0.0,False,True,False,,,A untested / B tested,Low,,https://doi.org/10.1038/sdata.2015.2,No exact CAS or exact SMILES match found in M2OR.,a_untested,human_only,37
PAIR_0037,110-19-0__112-14-1,110-19-0,112-14-1,CC(C)COC(=O)C,CCCCCCCCOC(=O)C,,octyl acetate,Homo sapiens,hOR1S2,20.0,,0.0,False,True,False,,,A untested / B tested,Low,,https://doi.org/10.1038/sdata.2015.2,No exact CAS or exact SMILES match found in M2OR.,a_untested,human_only,37
PAIR_0037,110-19-0__112-14-1,110-19-0,112-14-1,CC(C)COC(=O)C,CCCCCCCCOC(=O)C,,octyl acetate,Homo sapiens,hOR2A1,61.0,,0.0,False,True,False,,,A untested / B tested,Low,,https://doi.org/10.1038/sdata.2015.2,No exact CAS or exact SMILES match found in M2OR.,a_untested,human_only,37
PAIR_0037,110-19-0__112-14-1,110-19-0,112-14-1,CC(C)COC(=O)C,CCCCCCCCOC(=O)C,,octyl acetate,Homo sapiens,hOR2A12,67.0,,0.0,False,True,False,,,A untested / B tested,Low,,https://doi.org/10.1038/sdata.2015.2,No exact CAS or exact SMILES match found in M2OR.,a_untested,human_only,37
PAIR_0037,110-19-0__112-14-1,110-19-0,112-14-1,CC(C)COC(=O)C,CCCCCCCCOC(=O)C,,octyl acetate,Homo sapiens,hOR2A14,66.0,,0.0,False,True,False,,,A untested / B tested,Low,,https://doi.org/10.1038/sdata.2015.2,No exact CAS or exact SMILES match found in M2OR.,a_untested,human_only,37
PAIR_0037,110-19-0__112-14-1,110-19-0,112-14-1,CC(C)COC(=O)C,CCCCCCCCOC(=O)C,,octyl acetate,Homo sapiens,hOR2A2,394.0,,0.0,False,True,False,,,A untested / B tested,Low,,https://doi.org/10.1038/sdata.2015.2,No exact CAS or exact SMILES match found in M2OR.,a_untested,human_only,37
PAIR_0037,110-19-0__112-14-1,110-19-0,112-14-1,CC(C)COC(=O)C,CCCCCCCCOC(=O)C,,octyl acetate,Homo sapiens,hOR2A25,302.0,,0.0,False,True,False,,,A untested / B tested,Low,,https://doi.org/10.1038/sdata.2015.2,No exact CAS or exact SMILES match found in M2OR.,a_untested,human_only,37
PAIR_0037,110-19-0__112-14-1,110-19-0,112-14-1,CC(C)COC(=O)C,CCCCCCCCOC(=O)C,,octyl acetate,Homo sapiens,hOR2A4,299.0,,0.0,False,True,False,,,A untested / B tested,Low,,https://doi.org/10.1038/sdata.2015.2,No exact CAS or exact SMILES match found in M2OR.,a_untested,human_only,37
PAIR_0037,110-19-0__112-14-1,110-19-0,112-14-1,CC(C)COC(=O)C,CCCCCCCCOC(=O)C,,octyl acetate,Homo sapiens,hOR2A42,473.0,,0.0,False,True,False,,,A untested / B tested,Low,,https://doi.org/10.1038/sdata.2015.2,No exact CAS or exact SMILES match found in M2OR.,a_untested,human_only,37
PAIR_0037,110-19-0__112-14-1,110-19-0,112-14-1,CC(C)COC(=O)C,CCCCCCCCOC(=O)C,,octyl acetate,Homo sapiens,hOR2A5,359.0,,0.0,False,True,False,,,A untested / B tested,Low,,https://doi.org/10.1038/sdata.2015.2,No exact CAS or exact SMILES match found in M2OR.,a_untested,human_only,37
PAIR_0037,110-19-0__112-14-1,110-19-0,112-14-1,CC(C)COC(=O)C,CCCCCCCCOC(=O)C,,octyl acetate,Homo sapiens,hOR2A7,5.0,,0.0,False,True,False,,,A untested / B tested,Low,,https://doi.org/10.1038/sdata.2015.2,No exact CAS or exact SMILES match found in M2OR.,a_untested,human_only,37
PAIR_0037,110-19-0__112-14-1,110-19-0,112-14-1,CC(C)COC(=O)C,CCCCCCCCOC(=O)C,,octyl acetate,Homo sapiens,hOR2AG1,85.0,,0.0,False,True,False,,,A untested / B tested,Low,,https://doi.org/10.1038/sdata.2015.2,No exact CAS or exact SMILES match found in M2OR.,a_untested,human_only,37
PAIR_0037,110-19-0__112-14-1,110-19-0,112-14-1,CC(C)COC(=O)C,CCCCCCCCOC(=O)C,,octyl acetate,Homo sapiens,hOR2AG2,427.0,,0.0,False,True,False,,,A untested / B tested,Low,,https://doi.org/10.1038/sdata.2015.2,No exact CAS or exact SMILES match found in M2OR.,a_untested,human_only,37
PAIR_0037,110-19-0__112-14-1,110-19-0,112-14-1,CC(C)COC(=O)C,CCCCCCCCOC(=O)C,,octyl acetate,Homo sapiens,hOR2AP1,212.0,,0.0,False,True,False,,,A untested / B tested,Low,,https://doi.org/10.1038/sdata.2015.2,No exact CAS or exact SMILES match found in M2OR.,a_untested,human_only,37
PAIR_0037,110-19-0__112-14-1,110-19-0,112-14-1,CC(C)COC(=O)C,CCCCCCCCOC(=O)C,,octyl acetate,Homo sapiens,hOR2AT4,436.0,,0.0,False,True,False,,,A untested / B tested,Low,,https://doi.org/10.1038/sdata.2015.2,No exact CAS or exact SMILES match found in M2OR.,a_untested,human_only,37
PAIR_0037,110-19-0__112-14-1,110-19-0,112-14-1,CC(C)COC(=O)C,CCCCCCCCOC(=O)C,,octyl acetate,Homo sapiens,hOR2B11,339.0,,0.0,False,True,False,,,A untested / B tested,Low,,https://doi.org/10.1038/sdata.2015.2,No exact CAS or exact SMILES match found in M2OR.,a_untested,human_only,37
PAIR_0037,110-19-0__112-14-1,110-19-0,112-14-1,CC(C)COC(=O)C,CCCCCCCCOC(=O)C,,octyl acetate,Homo sapiens,hOR2B2,150.0,,0.0,False,True,False,,,A untested / B tested,Low,,https://doi.org/10.1038/sdata.2015.2,No exact CAS or exact SMILES match found in M2OR.,a_untested,human_only,37
PAIR_0037,110-19-0__112-14-1,110-19-0,112-14-1,CC(C)COC(=O)C,CCCCCCCCOC(=O)C,,octyl acetate,Homo sapiens,hOR2B3,48.0,,0.0,False,True,False,,,A untested / B tested,Low,,https://doi.org/10.1038/sdata.2015.2,No exact CAS or exact SMILES match found in M2OR.,a_untested,human_only,37
PAIR_0037,110-19-0__112-14-1,110-19-0,112-14-1,CC(C)COC(=O)C,CCCCCCCCOC(=O)C,,octyl acetate,Homo sapiens,hOR2B6,358.0,,0.0,False,True,False,,,A untested / B tested,Low,,https://doi.org/10.1038/sdata.2015.2,No exact CAS or exact SMILES match found in M2OR.,a_untested,human_only,37
PAIR_0037,110-19-0__112-14-1,110-19-0,112-14-1,CC(C)COC(=O)C,CCCCCCCCOC(=O)C,,octyl acetate,Homo sapiens,hOR2C1,328.0,,0.0,False,True,False,,,A untested / B tested,Low,,https://doi.org/10.1038/sdata.2015.2,No exact CAS or exact SMILES match found in M2OR.,a_untested,human_only,37
PAIR_0037,110-19-0__112-14-1,110-19-0,112-14-1,CC(C)COC(=O)C,CCCCCCCCOC(=O)C,,octyl acetate,Homo sapiens,hOR2D2,193.0,,0.0,False,True,False,,,A untested / B tested,Low,,https://doi.org/10.1038/sdata.2015.2,No exact CAS or exact SMILES match found in M2OR.,a_untested,human_only,37
PAIR_0037,110-19-0__112-14-1,110-19-0,112-14-1,CC(C)COC(=O)C,CCCCCCCCOC(=O)C,,octyl acetate,Homo sapiens,hOR2F1,65.0,,0.0,False,True,False,,,A untested / B tested,Low,,https://doi.org/10.1038/sdata.2015.2,No exact CAS or exact SMILES match found in M2OR.,a_untested,human_only,37
PAIR_0037,110-19-0__112-14-1,110-19-0,112-14-1,CC(C)COC(=O)C,CCCCCCCCOC(=O)C,,octyl acetate,Homo sapiens,hOR2G2,298.0,,0.0,False,True,False,,,A untested / B tested,Low,,https://doi.org/10.1038/sdata.2015.2,No exact CAS or exact SMILES match found in M2OR.,a_untested,human_only,37
PAIR_0037,110-19-0__112-14-1,110-19-0,112-14-1,CC(C)COC(=O)C,CCCCCCCCOC(=O)C,,octyl acetate,Homo sapiens,hOR2G3,292.0,,0.0,False,True,False,,,A untested / B tested,Medium,,https://doi.org/10.1038/sdata.2015.2,No exact CAS or exact SMILES match found in M2OR.,a_untested,human_only,37
PAIR_0037,110-19-0__112-14-1,110-19-0,112-14-1,CC(C)COC(=O)C,CCCCCCCCOC(=O)C,,octyl acetate,Homo sapiens,hOR2G6,404.0,,0.0,False,True,False,,,A untested / B tested,Low,,https://doi.org/10.1038/sdata.2015.2,No exact CAS or exact SMILES match found in M2OR.,a_untested,human_only,37
PAIR_0037,110-19-0__112-14-1,110-19-0,112-14-1,CC(C)COC(=O)C,CCCCCCCCOC(=O)C,,octyl acetate,Homo sapiens,hOR2H1,311.0,,0.0,False,True,False,,,A untested / B tested,Low,,https://doi.org/10.1038/sdata.2015.2,No exact CAS or exact SMILES match found in M2OR.,a_untested,human_only,37
PAIR_0037,110-19-0__112-14-1,110-19-0,112-14-1,CC(C)COC(=O)C,CCCCCCCCOC(=O)C,,octyl acetate,Homo sapiens,hOR2H2,50.0,,0.0,False,True,False,,,A untested / B tested,Low,,https://doi.org/10.1038/sdata.2015.2,No exact CAS or exact SMILES match found in M2OR.,a_untested,human_only,37
PAIR_0037,110-19-0__112-14-1,110-19-0,112-14-1,CC(C)COC(=O)C,CCCCCCCCOC(=O)C,,octyl acetate,Homo sapiens,hOR2J1,261.0,,0.0,False,True,False,,,A untested / B tested,Low,,https://doi.org/10.1038/sdata.2015.2,No exact CAS or exact SMILES match found in M2OR.,a_untested,human_only,37
PAIR_0037,110-19-0__112-14-1,110-19-0,112-14-1,CC(C)COC(=O)C,CCCCCCCCOC(=O)C,,octyl acetate,Homo sapiens,hOR2J2,324.0,,0.0,False,True,False,,,A untested / B tested,Low,,https://doi.org/10.1038/sdata.2015.2,No exact CAS or exact SMILES match found in M2OR.,a_untested,human_only,37
PAIR_0037,110-19-0__112-14-1,110-19-0,112-14-1,CC(C)COC(=O)C,CCCCCCCCOC(=O)C,,octyl acetate,Homo sapiens,hOR2K2,373.0,,0.0,False,True,False,,,A untested / B tested,Low,,https://doi.org/10.1038/sdata.2015.2,No exact CAS or exact SMILES match found in M2OR.,a_untested,human_only,37
PAIR_0037,110-19-0__112-14-1,110-19-0,112-14-1,CC(C)COC(=O)C,CCCCCCCCOC(=O)C,,octyl acetate,Homo sapiens,hOR2L13,6.0,,0.0,False,True,False,,,A untested / B tested,Low,,https://doi.org/10.1038/sdata.2015.2,No exact CAS or exact SMILES match found in M2OR.,a_untested,human_only,37
PAIR_0037,110-19-0__112-14-1,110-19-0,112-14-1,CC(C)COC(=O)C,CCCCCCCCOC(=O)C,,octyl acetate,Homo sapiens,hOR2L2,383.0,,0.0,False,True,False,,,A untested / B tested,Low,,https://doi.org/10.1038/sdata.2015.2,No exact CAS or exact SMILES match found in M2OR.,a_untested,human_only,37
PAIR_0037,110-19-0__112-14-1,110-19-0,112-14-1,CC(C)COC(=O)C,CCCCCCCCOC(=O)C,,octyl acetate,Homo sapiens,hOR2L3,440.0,,0.0,False,True,False,,,A untested / B tested,Low,,https://doi.org/10.1038/sdata.2015.2,No exact CAS or exact SMILES match found in M2OR.,a_untested,human_only,37
PAIR_0037,110-19-0__112-14-1,110-19-0,112-14-1,CC(C)COC(=O)C,CCCCCCCCOC(=O)C,,octyl acetate,Homo sapiens,hOR2L5,489.0,,0.0,False,True,False,,,A untested / B tested,Low,,https://doi.org/10.1038/sdata.2015.2,No exact CAS or exact SMILES match found in M2OR.,a_untested,human_only,37
PAIR_0037,110-19-0__112-14-1,110-19-0,112-14-1,CC(C)COC(=O)C,CCCCCCCCOC(=O)C,,octyl acetate,Homo sapiens,hOR2L8,429.0,,0.0,False,True,False,,,A untested / B tested,Low,,https://doi.org/10.1038/sdata.2015.2,No exact CAS or exact SMILES match found in M2OR.,a_untested,human_only,37
PAIR_0037,110-19-0__112-14-1,110-19-0,112-14-1,CC(C)COC(=O)C,CCCCCCCCOC(=O)C,,octyl acetate,Homo sapiens,hOR2M3,40.0,,0.0,False,True,False,,,A untested / B tested,Low,,https://doi.org/10.1038/sdata.2015.2,No exact CAS or exact SMILES match found in M2OR.,a_untested,human_only,37
PAIR_0037,110-19-0__112-14-1,110-19-0,112-14-1,CC(C)COC(=O)C,CCCCCCCCOC(=O)C,,octyl acetate,Homo sapiens,hOR2M4,39.0,,0.0,False,True,False,,,A untested / B tested,Medium,,https://doi.org/10.1038/sdata.2015.2,No exact CAS or exact SMILES match found in M2OR.,a_untested,human_only,37
PAIR_0037,110-19-0__112-14-1,110-19-0,112-14-1,CC(C)COC(=O)C,CCCCCCCCOC(=O)C,,octyl acetate,Homo sapiens,hOR2M5,128.0,,0.0,False,True,False,,,A untested / B tested,Low,,https://doi.org/10.1038/sdata.2015.2,No exact CAS or exact SMILES match found in M2OR.,a_untested,human_only,37
PAIR_0037,110-19-0__112-14-1,110-19-0,112-14-1,CC(C)COC(=O)C,CCCCCCCCOC(=O)C,,octyl acetate,Homo sapiens,hOR2M7,284.0,,0.0,False,True,False,,,A untested / B tested,Low,,https://doi.org/10.1038/sdata.2015.2,No exact CAS or exact SMILES match found in M2OR.,a_untested,human_only,37
PAIR_0037,110-19-0__112-14-1,110-19-0,112-14-1,CC(C)COC(=O)C,CCCCCCCCOC(=O)C,,octyl acetate,Homo sapiens,hOR2S2,381.0,,0.0,False,True,False,,,A untested / B tested,Low,,https://doi.org/10.1038/sdata.2015.2,No exact CAS or exact SMILES match found in M2OR.,a_untested,human_only,37
PAIR_0037,110-19-0__112-14-1,110-19-0,112-14-1,CC(C)COC(=O)C,CCCCCCCCOC(=O)C,,octyl acetate,Homo sapiens,hOR2T10,36.0,,0.0,False,True,False,,,A untested / B tested,Low,,https://doi.org/10.1038/sdata.2015.2,No exact CAS or exact SMILES match found in M2OR.,a_untested,human_only,37
PAIR_0037,110-19-0__112-14-1,110-19-0,112-14-1,CC(C)COC(=O)C,CCCCCCCCOC(=O)C,,octyl acetate,Homo sapiens,hOR2T2,471.0,,0.0,False,True,False,,,A untested / B tested,Low,,https://doi.org/10.1038/sdata.2015.2,No exact CAS or exact SMILES match found in M2OR.,a_untested,human_only,37
PAIR_0037,110-19-0__112-14-1,110-19-0,112-14-1,CC(C)COC(=O)C,CCCCCCCCOC(=O)C,,octyl acetate,Homo sapiens,hOR2T29,455.0,,0.0,False,True,False,,,A untested / B tested,Low,,https://doi.org/10.1038/sdata.2015.2,No exact CAS or exact SMILES match found in M2OR.,a_untested,human_only,37
PAIR_0037,110-19-0__112-14-1,110-19-0,112-14-1,CC(C)COC(=O)C,CCCCCCCCOC(=O)C,,octyl acetate,Homo sapiens,hOR2T3,317.0,,0.0,False,True,False,,,A untested / B tested,Low,,https://doi.org/10.1038/sdata.2015.2,No exact CAS or exact SMILES match found in M2OR.,a_untested,human_only,37
PAIR_0037,110-19-0__112-14-1,110-19-0,112-14-1,CC(C)COC(=O)C,CCCCCCCCOC(=O)C,,octyl acetate,Homo sapiens,hOR2T34,37.0,,0.0,False,True,False,,,A untested / B tested,Low,,https://doi.org/10.1038/sdata.2015.2,No exact CAS or exact SMILES match found in M2OR.,a_untested,human_only,37
PAIR_0037,110-19-0__112-14-1,110-19-0,112-14-1,CC(C)COC(=O)C,CCCCCCCCOC(=O)C,,octyl acetate,Homo sapiens,hOR2T4,276.0,,0.0,False,True,False,,,A untested / B tested,Low,,https://doi.org/10.1038/sdata.2015.2,No exact CAS or exact SMILES match found in M2OR.,a_untested,human_only,37
PAIR_0037,110-19-0__112-14-1,110-19-0,112-14-1,CC(C)COC(=O)C,CCCCCCCCOC(=O)C,,octyl acetate,Homo sapiens,hOR2T5,411.0,,0.0,False,True,False,,,A untested / B tested,Medium,,https://doi.org/10.1038/sdata.2015.2,No exact CAS or exact SMILES match found in M2OR.,a_untested,human_only,37
PAIR_0037,110-19-0__112-14-1,110-19-0,112-14-1,CC(C)COC(=O)C,CCCCCCCCOC(=O)C,,octyl acetate,Homo sapiens,hOR2T8,478.0,,0.0,False,True,False,,,A untested / B tested,Low,,https://doi.org/10.1038/sdata.2015.2,No exact CAS or exact SMILES match found in M2OR.,a_untested,human_only,37
PAIR_0037,110-19-0__112-14-1,110-19-0,112-14-1,CC(C)COC(=O)C,CCCCCCCCOC(=O)C,,octyl acetate,Homo sapiens,hOR2V1,503.0,,0.0,False,True,False,,,A untested / B tested,Low,,https://doi.org/10.1038/sdata.2015.2,No exact CAS or exact SMILES match found in M2OR.,a_untested,human_only,37
PAIR_0037,110-19-0__112-14-1,110-19-0,112-14-1,CC(C)COC(=O)C,CCCCCCCCOC(=O)C,,octyl acetate,Homo sapiens,hOR2W1,51.0,,0.0,False,True,False,,,A untested / B tested,Medium,,https://doi.org/10.1038/sdata.2015.2,No exact CAS or exact SMILES match found in M2OR.,a_untested,human_only,37
PAIR_0037,110-19-0__112-14-1,110-19-0,112-14-1,CC(C)COC(=O)C,CCCCCCCCOC(=O)C,,octyl acetate,Homo sapiens,hOR2W5,422.0,,0.0,False,True,False,,,A untested / B tested,Low,,https://doi.org/10.1038/sdata.2015.2,No exact CAS or exact SMILES match found in M2OR.,a_untested,human_only,37
PAIR_0037,110-19-0__112-14-1,110-19-0,112-14-1,CC(C)COC(=O)C,CCCCCCCCOC(=O)C,,octyl acetate,Homo sapiens,hOR2Z1,243.0,,0.0,False,True,False,,,A untested / B tested,Low,,https://doi.org/10.1038/sdata.2015.2,No exact CAS or exact SMILES match found in M2OR.,a_untested,human_only,37
PAIR_0037,110-19-0__112-14-1,110-19-0,112-14-1,CC(C)COC(=O)C,CCCCCCCCOC(=O)C,,octyl acetate,Homo sapiens,hOR3A1,483.0,,0.0,False,True,False,,,A untested / B tested,Low,,https://doi.org/10.1038/sdata.2015.2,No exact CAS or exact SMILES match found in M2OR.,a_untested,human_only,37
PAIR_0037,110-19-0__112-14-1,110-19-0,112-14-1,CC(C)COC(=O)C,CCCCCCCCOC(=O)C,,octyl acetate,Homo sapiens,hOR3A2,238.0,,0.0,False,True,False,,,A untested / B tested,Low,,https://doi.org/10.1038/sdata.2015.2,No exact CAS or exact SMILES match found in M2OR.,a_untested,human_only,37
PAIR_0037,110-19-0__112-14-1,110-19-0,112-14-1,CC(C)COC(=O)C,CCCCCCCCOC(=O)C,,octyl acetate,Homo sapiens,hOR3A3,457.0,,0.0,False,True,False,,,A untested / B tested,Low,,https://doi.org/10.1038/sdata.2015.2,No exact CAS or exact SMILES match found in M2OR.,a_untested,human_only,37
PAIR_0037,110-19-0__112-14-1,110-19-0,112-14-1,CC(C)COC(=O)C,CCCCCCCCOC(=O)C,,octyl acetate,Homo sapiens,hOR4A16,432.0,,0.0,False,True,False,,,A untested / B tested,Low,,https://doi.org/10.1038/sdata.2015.2,No exact CAS or exact SMILES match found in M2OR.,a_untested,human_only,37
PAIR_0037,110-19-0__112-14-1,110-19-0,112-14-1,CC(C)COC(=O)C,CCCCCCCCOC(=O)C,,octyl acetate,Homo sapiens,hOR4A4,425.0,,0.0,False,True,False,,,A untested / B tested,Low,,https://doi.org/10.1038/sdata.2015.2,No exact CAS or exact SMILES match found in M2OR.,a_untested,human_only,37
PAIR_0037,110-19-0__112-14-1,110-19-0,112-14-1,CC(C)COC(=O)C,CCCCCCCCOC(=O)C,,octyl acetate,Homo sapiens,hOR4A5,484.0,,0.0,False,True,False,,,A untested / B tested,Low,,https://doi.org/10.1038/sdata.2015.2,No exact CAS or exact SMILES match found in M2OR.,a_untested,human_only,37
PAIR_0037,110-19-0__112-14-1,110-19-0,112-14-1,CC(C)COC(=O)C,CCCCCCCCOC(=O)C,,octyl acetate,Homo sapiens,hOR4B1,153.0,,0.0,False,True,False,,,A untested / B tested,Low,,https://doi.org/10.1038/sdata.2015.2,No exact CAS or exact SMILES match found in M2OR.,a_untested,human_only,37
PAIR_0037,110-19-0__112-14-1,110-19-0,112-14-1,CC(C)COC(=O)C,CCCCCCCCOC(=O)C,,octyl acetate,Homo sapiens,hOR4C11,203.0,,0.0,False,True,False,,,A untested / B tested,Low,,https://doi.org/10.1038/sdata.2015.2,No exact CAS or exact SMILES match found in M2OR.,a_untested,human_only,37
PAIR_0037,110-19-0__112-14-1,110-19-0,112-14-1,CC(C)COC(=O)C,CCCCCCCCOC(=O)C,,octyl acetate,Homo sapiens,hOR4C15,269.0,,0.0,False,True,False,,,A untested / B tested,Low,,https://doi.org/10.1038/sdata.2015.2,No exact CAS or exact SMILES match found in M2OR.,a_untested,human_only,37
PAIR_0037,110-19-0__112-14-1,110-19-0,112-14-1,CC(C)COC(=O)C,CCCCCCCCOC(=O)C,,octyl acetate,Homo sapiens,hOR4C3,236.0,,0.0,False,True,False,,,A untested / B tested,Low,,https://doi.org/10.1038/sdata.2015.2,No exact CAS or exact SMILES match found in M2OR.,a_untested,human_only,37
PAIR_0037,110-19-0__112-14-1,110-19-0,112-14-1,CC(C)COC(=O)C,CCCCCCCCOC(=O)C,,octyl acetate,Homo sapiens,hOR4C5,251.0,,0.0,False,True,False,,,A untested / B tested,Low,,https://doi.org/10.1038/sdata.2015.2,No exact CAS or exact SMILES match found in M2OR.,a_untested,human_only,37
PAIR_0037,110-19-0__112-14-1,110-19-0,112-14-1,CC(C)COC(=O)C,CCCCCCCCOC(=O)C,,octyl acetate,Homo sapiens,hOR4C6,188.0,,0.0,False,True,False,,,A untested / B tested,Low,,https://doi.org/10.1038/sdata.2015.2,No exact CAS or exact SMILES match found in M2OR.,a_untested,human_only,37
PAIR_0037,110-19-0__112-14-1,110-19-0,112-14-1,CC(C)COC(=O)C,CCCCCCCCOC(=O)C,,octyl acetate,Homo sapiens,hOR4D1,259.0,,0.0,False,True,False,,,A untested / B tested,Low,,https://doi.org/10.1038/sdata.2015.2,No exact CAS or exact SMILES match found in M2OR.,a_untested,human_only,37
PAIR_0037,110-19-0__112-14-1,110-19-0,112-14-1,CC(C)COC(=O)C,CCCCCCCCOC(=O)C,,octyl acetate,Homo sapiens,hOR4D10,139.0,,0.0,False,True,False,,,A untested / B tested,Low,,https://doi.org/10.1038/sdata.2015.2,No exact CAS or exact SMILES match found in M2OR.,a_untested,human_only,37
PAIR_0037,110-19-0__112-14-1,110-19-0,112-14-1,CC(C)COC(=O)C,CCCCCCCCOC(=O)C,,octyl acetate,Homo sapiens,hOR4D11,202.0,,0.0,False,True,False,,,A untested / B tested,Low,,https://doi.org/10.1038/sdata.2015.2,No exact CAS or exact SMILES match found in M2OR.,a_untested,human_only,37
PAIR_0037,110-19-0__112-14-1,110-19-0,112-14-1,CC(C)COC(=O)C,CCCCCCCCOC(=O)C,,octyl acetate,Homo sapiens,hOR4D5,94.0,,0.0,False,True,False,,,A untested / B tested,Low,,https://doi.org/10.1038/sdata.2015.2,No exact CAS or exact SMILES match found in M2OR.,a_untested,human_only,37
PAIR_0037,110-19-0__112-14-1,110-19-0,112-14-1,CC(C)COC(=O)C,CCCCCCCCOC(=O)C,,octyl acetate,Homo sapiens,hOR4D9,180.0,,0.0,False,True,False,,,A untested / B tested,Low,,https://doi.org/10.1038/sdata.2015.2,No exact CAS or exact SMILES match found in M2OR.,a_untested,human_only,37
PAIR_0037,110-19-0__112-14-1,110-19-0,112-14-1,CC(C)COC(=O)C,CCCCCCCCOC(=O)C,,octyl acetate,Homo sapiens,hOR4F15,356.0,,0.0,False,True,False,,,A untested / B tested,Low,,https://doi.org/10.1038/sdata.2015.2,No exact CAS or exact SMILES match found in M2OR.,a_untested,human_only,37
PAIR_0037,110-19-0__112-14-1,110-19-0,112-14-1,CC(C)COC(=O)C,CCCCCCCCOC(=O)C,,octyl acetate,Homo sapiens,hOR4F16,45.0,,0.0,False,True,False,,,A untested / B tested,Low,,https://doi.org/10.1038/sdata.2015.2,No exact CAS or exact SMILES match found in M2OR.,a_untested,human_only,37
PAIR_0037,110-19-0__112-14-1,110-19-0,112-14-1,CC(C)COC(=O)C,CCCCCCCCOC(=O)C,,octyl acetate,Homo sapiens,hOR4F17,122.0,,0.0,False,True,False,,,A untested / B tested,Low,,https://doi.org/10.1038/sdata.2015.2,No exact CAS or exact SMILES match found in M2OR.,a_untested,human_only,37
PAIR_0037,110-19-0__112-14-1,110-19-0,112-14-1,CC(C)COC(=O)C,CCCCCCCCOC(=O)C,,octyl acetate,Homo sapiens,hOR4F21,481.0,,0.0,False,True,False,,,A untested / B tested,Low,,https://doi.org/10.1038/sdata.2015.2,No exact CAS or exact SMILES match found in M2OR.,a_untested,human_only,37
PAIR_0037,110-19-0__112-14-1,110-19-0,112-14-1,CC(C)COC(=O)C,CCCCCCCCOC(=O)C,,octyl acetate,Homo sapiens,hOR4F4,464.0,,0.0,False,True,False,,,A untested / B tested,Low,,https://doi.org/10.1038/sdata.2015.2,No exact CAS or exact SMILES match found in M2OR.,a_untested,human_only,37
PAIR_0037,110-19-0__112-14-1,110-19-0,112-14-1,CC(C)COC(=O)C,CCCCCCCCOC(=O)C,,octyl acetate,Homo sapiens,hOR4F5,466.0,,0.0,False,True,False,,,A untested / B tested,Low,,https://doi.org/10.1038/sdata.2015.2,No exact CAS or exact SMILES match found in M2OR.,a_untested,human_only,37
PAIR_0037,110-19-0__112-14-1,110-19-0,112-14-1,CC(C)COC(=O)C,CCCCCCCCOC(=O)C,,octyl acetate,Homo sapiens,hOR4F6,450.0,,0.0,False,True,False,,,A untested / B tested,Low,,https://doi.org/10.1038/sdata.2015.2,No exact CAS or exact SMILES match found in M2OR.,a_untested,human_only,37
PAIR_0037,110-19-0__112-14-1,110-19-0,112-14-1,CC(C)COC(=O)C,CCCCCCCCOC(=O)C,,octyl acetate,Homo sapiens,hOR4K13,220.0,,0.0,False,True,False,,,A untested / B tested,Low,,https://doi.org/10.1038/sdata.2015.2,No exact CAS or exact SMILES match found in M2OR.,a_untested,human_only,37
PAIR_0037,110-19-0__112-14-1,110-19-0,112-14-1,CC(C)COC(=O)C,CCCCCCCCOC(=O)C,,octyl acetate,Homo sapiens,hOR4K14,229.0,,0.0,False,True,False,,,A untested / B tested,Low,,https://doi.org/10.1038/sdata.2015.2,No exact CAS or exact SMILES match found in M2OR.,a_untested,human_only,37
PAIR_0037,110-19-0__112-14-1,110-19-0,112-14-1,CC(C)COC(=O)C,CCCCCCCCOC(=O)C,,octyl acetate,Homo sapiens,hOR4K17,340.0,,0.0,False,True,False,,,A untested / B tested,Medium,,https://doi.org/10.1038/sdata.2015.2,No exact CAS or exact SMILES match found in M2OR.,a_untested,human_only,37
PAIR_0037,110-19-0__112-14-1,110-19-0,112-14-1,CC(C)COC(=O)C,CCCCCCCCOC(=O)C,,octyl acetate,Homo sapiens,hOR4K2,214.0,,0.0,False,True,False,,,A untested / B tested,Low,,https://doi.org/10.1038/sdata.2015.2,No exact CAS or exact SMILES match found in M2OR.,a_untested,human_only,37
PAIR_0037,110-19-0__112-14-1,110-19-0,112-14-1,CC(C)COC(=O)C,CCCCCCCCOC(=O)C,,octyl acetate,Homo sapiens,hOR4K3,215.0,,0.0,False,True,False,,,A untested / B tested,Low,,https://doi.org/10.1038/sdata.2015.2,No exact CAS or exact SMILES match found in M2OR.,a_untested,human_only,37
PAIR_0037,110-19-0__112-14-1,110-19-0,112-14-1,CC(C)COC(=O)C,CCCCCCCCOC(=O)C,,octyl acetate,Homo sapiens,hOR4K5,216.0,,0.0,False,True,False,,,A untested / B tested,Low,,https://doi.org/10.1038/sdata.2015.2,No exact CAS or exact SMILES match found in M2OR.,a_untested,human_only,37
PAIR_0037,110-19-0__112-14-1,110-19-0,112-14-1,CC(C)COC(=O)C,CCCCCCCCOC(=O)C,,octyl acetate,Homo sapiens,hOR4M1,470.0,,0.0,False,True,False,,,A untested / B tested,Low,,https://doi.org/10.1038/sdata.2015.2,No exact CAS or exact SMILES match found in M2OR.,a_untested,human_only,37
PAIR_0037,110-19-0__112-14-1,110-19-0,112-14-1,CC(C)COC(=O)C,CCCCCCCCOC(=O)C,,octyl acetate,Homo sapiens,hOR4M2,231.0,,0.0,False,True,False,,,A untested / B tested,Low,,https://doi.org/10.1038/sdata.2015.2,No exact CAS or exact SMILES match found in M2OR.,a_untested,human_only,37
PAIR_0037,110-19-0__112-14-1,110-19-0,112-14-1,CC(C)COC(=O)C,CCCCCCCCOC(=O)C,,octyl acetate,Homo sapiens,hOR4N2,222.0,,0.0,False,True,False,,,A untested / B tested,Low,,https://doi.org/10.1038/sdata.2015.2,No exact CAS or exact SMILES match found in M2OR.,a_untested,human_only,37
PAIR_0037,110-19-0__112-14-1,110-19-0,112-14-1,CC(C)COC(=O)C,CCCCCCCCOC(=O)C,,octyl acetate,Homo sapiens,hOR4N4,230.0,,0.0,False,True,False,,,A untested / B tested,Low,,https://doi.org/10.1038/sdata.2015.2,No exact CAS or exact SMILES match found in M2OR.,a_untested,human_only,37
PAIR_0037,110-19-0__112-14-1,110-19-0,112-14-1,CC(C)COC(=O)C,CCCCCCCCOC(=O)C,,octyl acetate,Homo sapiens,hOR4N5,217.0,,0.0,False,True,False,,,A untested / B tested,Low,,https://doi.org/10.1038/sdata.2015.2,No exact CAS or exact SMILES match found in M2OR.,a_untested,human_only,37
PAIR_0037,110-19-0__112-14-1,110-19-0,112-14-1,CC(C)COC(=O)C,CCCCCCCCOC(=O)C,,octyl acetate,Homo sapiens,hOR4P4,109.0,,0.0,False,True,False,,,A untested / B tested,Low,,https://doi.org/10.1038/sdata.2015.2,No exact CAS or exact SMILES match found in M2OR.,a_untested,human_only,37
PAIR_0037,110-19-0__112-14-1,110-19-0,112-14-1,CC(C)COC(=O)C,CCCCCCCCOC(=O)C,,octyl acetate,Homo sapiens,hOR4Q3,333.0,,0.0,False,True,False,,,A untested / B tested,Low,,https://doi.org/10.1038/sdata.2015.2,No exact CAS or exact SMILES match found in M2OR.,a_untested,human_only,37
PAIR_0037,110-19-0__112-14-1,110-19-0,112-14-1,CC(C)COC(=O)C,CCCCCCCCOC(=O)C,,octyl acetate,Homo sapiens,hOR4S1,235.0,,0.0,False,True,False,,,A untested / B tested,Low,,https://doi.org/10.1038/sdata.2015.2,No exact CAS or exact SMILES match found in M2OR.,a_untested,human_only,37
PAIR_0037,110-19-0__112-14-1,110-19-0,112-14-1,CC(C)COC(=O)C,CCCCCCCCOC(=O)C,,octyl acetate,Homo sapiens,hOR4S2,140.0,,0.0,False,True,False,,,A untested / B tested,Low,,https://doi.org/10.1038/sdata.2015.2,No exact CAS or exact SMILES match found in M2OR.,a_untested,human_only,37
PAIR_0037,110-19-0__112-14-1,110-19-0,112-14-1,CC(C)COC(=O)C,CCCCCCCCOC(=O)C,,octyl acetate,Homo sapiens,hOR4X2,157.0,,0.0,False,True,False,,,A untested / B tested,Low,,https://doi.org/10.1038/sdata.2015.2,No exact CAS or exact SMILES match found in M2OR.,a_untested,human_only,37
PAIR_0037,110-19-0__112-14-1,110-19-0,112-14-1,CC(C)COC(=O)C,CCCCCCCCOC(=O)C,,octyl acetate,Homo sapiens,hOR51A2,479.0,,0.0,False,True,False,,,A untested / B tested,Low,,https://doi.org/10.1038/sdata.2015.2,No exact CAS or exact SMILES match found in M2OR.,a_untested,human_only,37
PAIR_0037,110-19-0__112-14-1,110-19-0,112-14-1,CC(C)COC(=O)C,CCCCCCCCOC(=O)C,,octyl acetate,Homo sapiens,hOR51B2,459.0,,0.0,False,True,False,,,A untested / B tested,Low,,https://doi.org/10.1038/sdata.2015.2,No exact CAS or exact SMILES match found in M2OR.,a_untested,human_only,37
PAIR_0037,110-19-0__112-14-1,110-19-0,112-14-1,CC(C)COC(=O)C,CCCCCCCCOC(=O)C,,octyl acetate,Homo sapiens,hOR51B5,461.0,,0.0,False,True,False,,,A untested / B tested,Low,,https://doi.org/10.1038/sdata.2015.2,No exact CAS or exact SMILES match found in M2OR.,a_untested,human_only,37
PAIR_0037,110-19-0__112-14-1,110-19-0,112-14-1,CC(C)COC(=O)C,CCCCCCCCOC(=O)C,,octyl acetate,Homo sapiens,hOR51B6,462.0,,0.0,False,True,False,,,A untested / B tested,Low,,https://doi.org/10.1038/sdata.2015.2,No exact CAS or exact SMILES match found in M2OR.,a_untested,human_only,37
PAIR_0037,110-19-0__112-14-1,110-19-0,112-14-1,CC(C)COC(=O)C,CCCCCCCCOC(=O)C,,octyl acetate,Homo sapiens,hOR51D1,169.0,,0.0,False,True,False,,,A untested / B tested,Low,,https://doi.org/10.1038/sdata.2015.2,No exact CAS or exact SMILES match found in M2OR.,a_untested,human_only,37
PAIR_0037,110-19-0__112-14-1,110-19-0,112-14-1,CC(C)COC(=O)C,CCCCCCCCOC(=O)C,,octyl acetate,Homo sapiens,hOR51E1,100.0,,1.0,False,True,False,,,A untested / B tested,Low,,https://doi.org/10.1038/sdata.2015.2,No exact CAS or exact SMILES match found in M2OR.,a_untested,human_only,37
PAIR_0037,110-19-0__112-14-1,110-19-0,112-14-1,CC(C)COC(=O)C,CCCCCCCCOC(=O)C,,octyl acetate,Homo sapiens,hOR51E2,168.0,,0.0,False,True,False,,,A untested / B tested,Low,,https://doi.org/10.1038/sdata.2015.2,No exact CAS or exact SMILES match found in M2OR.,a_untested,human_only,37
PAIR_0037,110-19-0__112-14-1,110-19-0,112-14-1,CC(C)COC(=O)C,CCCCCCCCOC(=O)C,,octyl acetate,Homo sapiens,hOR51F1,485.0,,0.0,False,True,False,,,A untested / B tested,Low,,https://doi.org/10.1038/sdata.2015.2,No exact CAS or exact SMILES match found in M2OR.,a_untested,human_only,37
PAIR_0037,110-19-0__112-14-1,110-19-0,112-14-1,CC(C)COC(=O)C,CCCCCCCCOC(=O)C,,octyl acetate,Homo sapiens,hOR51F2,266.0,,0.0,False,True,False,,,A untested / B tested,Low,,https://doi.org/10.1038/sdata.2015.2,No exact CAS or exact SMILES match found in M2OR.,a_untested,human_only,37
PAIR_0037,110-19-0__112-14-1,110-19-0,112-14-1,CC(C)COC(=O)C,CCCCCCCCOC(=O)C,,octyl acetate,Homo sapiens,hOR51G1,126.0,,0.0,False,True,False,,,A untested / B tested,Low,,https://doi.org/10.1038/sdata.2015.2,No exact CAS or exact SMILES match found in M2OR.,a_untested,human_only,37
PAIR_0037,110-19-0__112-14-1,110-19-0,112-14-1,CC(C)COC(=O)C,CCCCCCCCOC(=O)C,,octyl acetate,Homo sapiens,hOR51G2,165.0,,0.0,False,True,False,,,A untested / B tested,Low,,https://doi.org/10.1038/sdata.2015.2,No exact CAS or exact SMILES match found in M2OR.,a_untested,human_only,37
PAIR_0037,110-19-0__112-14-1,110-19-0,112-14-1,CC(C)COC(=O)C,CCCCCCCCOC(=O)C,,octyl acetate,Homo sapiens,hOR51H1,149.0,,0.0,False,True,False,,,A untested / B tested,Low,,https://doi.org/10.1038/sdata.2015.2,No exact CAS or exact SMILES match found in M2OR.,a_untested,human_only,37
PAIR_0037,110-19-0__112-14-1,110-19-0,112-14-1,CC(C)COC(=O)C,CCCCCCCCOC(=O)C,,octyl acetate,Homo sapiens,hOR51I1,463.0,,0.0,False,True,False,,,A untested / B tested,Low,,https://doi.org/10.1038/sdata.2015.2,No exact CAS or exact SMILES match found in M2OR.,a_untested,human_only,37
PAIR_0037,110-19-0__112-14-1,110-19-0,112-14-1,CC(C)COC(=O)C,CCCCCCCCOC(=O)C,,octyl acetate,Homo sapiens,hOR51I2,104.0,,0.0,False,True,False,,,A untested / B tested,Low,,https://doi.org/10.1038/sdata.2015.2,No exact CAS or exact SMILES match found in M2OR.,a_untested,human_only,37
PAIR_0037,110-19-0__112-14-1,110-19-0,112-14-1,CC(C)COC(=O)C,CCCCCCCCOC(=O)C,,octyl acetate,Homo sapiens,hOR51L1,447.0,,0.0,False,True,False,,,A untested / B tested,Low,,https://doi.org/10.1038/sdata.2015.2,No exact CAS or exact SMILES match found in M2OR.,a_untested,human_only,37
PAIR_0037,110-19-0__112-14-1,110-19-0,112-14-1,CC(C)COC(=O)C,CCCCCCCCOC(=O)C,,octyl acetate,Homo sapiens,hOR51Q1,154.0,,0.0,False,True,False,,,A untested / B tested,Low,,https://doi.org/10.1038/sdata.2015.2,No exact CAS or exact SMILES match found in M2OR.,a_untested,human_only,37
PAIR_0037,110-19-0__112-14-1,110-19-0,112-14-1,CC(C)COC(=O)C,CCCCCCCCOC(=O)C,,octyl acetate,Homo sapiens,hOR51S1,491.0,,0.0,False,True,False,,,A untested / B tested,Low,,https://doi.org/10.1038/sdata.2015.2,No exact CAS or exact SMILES match found in M2OR.,a_untested,human_only,37
PAIR_0037,110-19-0__112-14-1,110-19-0,112-14-1,CC(C)COC(=O)C,CCCCCCCCOC(=O)C,,octyl acetate,Homo sapiens,hOR51T1,264.0,,0.0,False,True,False,,,A untested / B tested,Low,,https://doi.org/10.1038/sdata.2015.2,No exact CAS or exact SMILES match found in M2OR.,a_untested,human_only,37
PAIR_0037,110-19-0__112-14-1,110-19-0,112-14-1,CC(C)COC(=O)C,CCCCCCCCOC(=O)C,,octyl acetate,Homo sapiens,hOR51V1,492.0,,0.0,False,True,False,,,A untested / B tested,Low,,https://doi.org/10.1038/sdata.2015.2,No exact CAS or exact SMILES match found in M2OR.,a_untested,human_only,37
PAIR_0037,110-19-0__112-14-1,110-19-0,112-14-1,CC(C)COC(=O)C,CCCCCCCCOC(=O)C,,octyl acetate,Homo sapiens,hOR52A4,504.0,,0.0,False,True,False,,,A untested / B tested,Low,,https://doi.org/10.1038/sdata.2015.2,No exact CAS or exact SMILES match found in M2OR.,a_untested,human_only,37
PAIR_0037,110-19-0__112-14-1,110-19-0,112-14-1,CC(C)COC(=O)C,CCCCCCCCOC(=O)C,,octyl acetate,Homo sapiens,hOR52A5,476.0,,0.0,False,True,False,,,A untested / B tested,Low,,https://doi.org/10.1038/sdata.2015.2,No exact CAS or exact SMILES match found in M2OR.,a_untested,human_only,37
PAIR_0037,110-19-0__112-14-1,110-19-0,112-14-1,CC(C)COC(=O)C,CCCCCCCCOC(=O)C,,octyl acetate,Homo sapiens,hOR52B2,173.0,,0.0,False,True,False,,,A untested / B tested,Low,,https://doi.org/10.1038/sdata.2015.2,No exact CAS or exact SMILES match found in M2OR.,a_untested,human_only,37
PAIR_0037,110-19-0__112-14-1,110-19-0,112-14-1,CC(C)COC(=O)C,CCCCCCCCOC(=O)C,,octyl acetate,Homo sapiens,hOR52B4,270.0,,0.0,False,True,False,,,A untested / B tested,Low,,https://doi.org/10.1038/sdata.2015.2,No exact CAS or exact SMILES match found in M2OR.,a_untested,human_only,37
PAIR_0037,110-19-0__112-14-1,110-19-0,112-14-1,CC(C)COC(=O)C,CCCCCCCCOC(=O)C,,octyl acetate,Homo sapiens,hOR52D1,125.0,,0.0,False,True,False,,,A untested / B tested,Low,,https://doi.org/10.1038/sdata.2015.2,No exact CAS or exact SMILES match found in M2OR.,a_untested,human_only,37
PAIR_0037,110-19-0__112-14-1,110-19-0,112-14-1,CC(C)COC(=O)C,CCCCCCCCOC(=O)C,,octyl acetate,Homo sapiens,hOR52E1,86.0,,0.0,False,True,False,,,A untested / B tested,Low,,https://doi.org/10.1038/sdata.2015.2,No exact CAS or exact SMILES match found in M2OR.,a_untested,human_only,37
PAIR_0037,110-19-0__112-14-1,110-19-0,112-14-1,CC(C)COC(=O)C,CCCCCCCCOC(=O)C,,octyl acetate,Homo sapiens,hOR52E6,163.0,,0.0,False,True,False,,,A untested / B tested,Low,,https://doi.org/10.1038/sdata.2015.2,No exact CAS or exact SMILES match found in M2OR.,a_untested,human_only,37
PAIR_0037,110-19-0__112-14-1,110-19-0,112-14-1,CC(C)COC(=O)C,CCCCCCCCOC(=O)C,,octyl acetate,Homo sapiens,hOR52E8,120.0,,0.0,False,True,False,,,A untested / B tested,Low,,https://doi.org/10.1038/sdata.2015.2,No exact CAS or exact SMILES match found in M2OR.,a_untested,human_only,37
PAIR_0037,110-19-0__112-14-1,110-19-0,112-14-1,CC(C)COC(=O)C,CCCCCCCCOC(=O)C,,octyl acetate,Homo sapiens,hOR52H1,494.0,,0.0,False,True,False,,,A untested / B tested,Low,,https://doi.org/10.1038/sdata.2015.2,No exact CAS or exact SMILES match found in M2OR.,a_untested,human_only,37
PAIR_0037,110-19-0__112-14-1,110-19-0,112-14-1,CC(C)COC(=O)C,CCCCCCCCOC(=O)C,,octyl acetate,Homo sapiens,hOR52I1,435.0,,0.0,False,True,False,,,A untested / B tested,Low,,https://doi.org/10.1038/sdata.2015.2,No exact CAS or exact SMILES match found in M2OR.,a_untested,human_only,37
PAIR_0037,110-19-0__112-14-1,110-19-0,112-14-1,CC(C)COC(=O)C,CCCCCCCCOC(=O)C,,octyl acetate,Homo sapiens,hOR52K1,124.0,,0.0,False,True,False,,,A untested / B tested,Low,,https://doi.org/10.1038/sdata.2015.2,No exact CAS or exact SMILES match found in M2OR.,a_untested,human_only,37
PAIR_0037,110-19-0__112-14-1,110-19-0,112-14-1,CC(C)COC(=O)C,CCCCCCCCOC(=O)C,,octyl acetate,Homo sapiens,hOR52K2,174.0,,0.0,False,True,False,,,A untested / B tested,Low,,https://doi.org/10.1038/sdata.2015.2,No exact CAS or exact SMILES match found in M2OR.,a_untested,human_only,37
PAIR_0037,110-19-0__112-14-1,110-19-0,112-14-1,CC(C)COC(=O)C,CCCCCCCCOC(=O)C,,octyl acetate,Homo sapiens,hOR52M1,113.0,,0.0,False,True,False,,,A untested / B tested,Low,,https://doi.org/10.1038/sdata.2015.2,No exact CAS or exact SMILES match found in M2OR.,a_untested,human_only,37
PAIR_0037,110-19-0__112-14-1,110-19-0,112-14-1,CC(C)COC(=O)C,CCCCCCCCOC(=O)C,,octyl acetate,Homo sapiens,hOR52N1,155.0,,0.0,False,True,False,,,A untested / B tested,Low,,https://doi.org/10.1038/sdata.2015.2,No exact CAS or exact SMILES match found in M2OR.,a_untested,human_only,37
PAIR_0037,110-19-0__112-14-1,110-19-0,112-14-1,CC(C)COC(=O)C,CCCCCCCCOC(=O)C,,octyl acetate,Homo sapiens,hOR52N5,197.0,,0.0,False,True,False,,,A untested / B tested,Low,,https://doi.org/10.1038/sdata.2015.2,No exact CAS or exact SMILES match found in M2OR.,a_untested,human_only,37
PAIR_0037,110-19-0__112-14-1,110-19-0,112-14-1,CC(C)COC(=O)C,CCCCCCCCOC(=O)C,,octyl acetate,Homo sapiens,hOR52P1,183.0,,0.0,False,True,False,,,A untested / B tested,Low,,https://doi.org/10.1038/sdata.2015.2,No exact CAS or exact SMILES match found in M2OR.,a_untested,human_only,37
PAIR_0037,110-19-0__112-14-1,110-19-0,112-14-1,CC(C)COC(=O)C,CCCCCCCCOC(=O)C,,octyl acetate,Homo sapiens,hOR52W1,192.0,,0.0,False,True,False,,,A untested / B tested,Low,,https://doi.org/10.1038/sdata.2015.2,No exact CAS or exact SMILES match found in M2OR.,a_untested,human_only,37
PAIR_0037,110-19-0__112-14-1,110-19-0,112-14-1,CC(C)COC(=O)C,CCCCCCCCOC(=O)C,,octyl acetate,Homo sapiens,hOR56A1,87.0,,0.0,False,True,False,,,A untested / B tested,Low,,https://doi.org/10.1038/sdata.2015.2,No exact CAS or exact SMILES match found in M2OR.,a_untested,human_only,37
PAIR_0037,110-19-0__112-14-1,110-19-0,112-14-1,CC(C)COC(=O)C,CCCCCCCCOC(=O)C,,octyl acetate,Homo sapiens,hOR56A4,507.0,,0.0,False,True,False,,,A untested / B tested,Low,,https://doi.org/10.1038/sdata.2015.2,No exact CAS or exact SMILES match found in M2OR.,a_untested,human_only,37
PAIR_0037,110-19-0__112-14-1,110-19-0,112-14-1,CC(C)COC(=O)C,CCCCCCCCOC(=O)C,,octyl acetate,Homo sapiens,hOR56A5,497.0,,1.0,False,True,False,,,A untested / B tested,Low,,https://doi.org/10.1038/sdata.2015.2,No exact CAS or exact SMILES match found in M2OR.,a_untested,human_only,37
PAIR_0037,110-19-0__112-14-1,110-19-0,112-14-1,CC(C)COC(=O)C,CCCCCCCCOC(=O)C,,octyl acetate,Homo sapiens,hOR5A1,101.0,,0.0,False,True,False,,,A untested / B tested,Low,,https://doi.org/10.1038/sdata.2015.2,No exact CAS or exact SMILES match found in M2OR.,a_untested,human_only,37
PAIR_0037,110-19-0__112-14-1,110-19-0,112-14-1,CC(C)COC(=O)C,CCCCCCCCOC(=O)C,,octyl acetate,Homo sapiens,hOR5A2,103.0,,0.0,False,True,False,,,A untested / B tested,Low,,https://doi.org/10.1038/sdata.2015.2,No exact CAS or exact SMILES match found in M2OR.,a_untested,human_only,37
PAIR_0037,110-19-0__112-14-1,110-19-0,112-14-1,CC(C)COC(=O)C,CCCCCCCCOC(=O)C,,octyl acetate,Homo sapiens,hOR5AK2,360.0,,0.0,False,True,False,,,A untested / B tested,Medium,,https://doi.org/10.1038/sdata.2015.2,No exact CAS or exact SMILES match found in M2OR.,a_untested,human_only,37
PAIR_0037,110-19-0__112-14-1,110-19-0,112-14-1,CC(C)COC(=O)C,CCCCCCCCOC(=O)C,,octyl acetate,Homo sapiens,hOR5AK3,267.0,,0.0,False,True,False,,,A untested / B tested,Low,,https://doi.org/10.1038/sdata.2015.2,No exact CAS or exact SMILES match found in M2OR.,a_untested,human_only,37
PAIR_0037,110-19-0__112-14-1,110-19-0,112-14-1,CC(C)COC(=O)C,CCCCCCCCOC(=O)C,,octyl acetate,Homo sapiens,hOR5AL1,275.0,,0.0,False,True,False,,,A untested / B tested,Low,,https://doi.org/10.1038/sdata.2015.2,No exact CAS or exact SMILES match found in M2OR.,a_untested,human_only,37
PAIR_0037,110-19-0__112-14-1,110-19-0,112-14-1,CC(C)COC(=O)C,CCCCCCCCOC(=O)C,,octyl acetate,Homo sapiens,hOR5AN1,7.0,,0.0,False,True,False,,,A untested / B tested,Low,,https://doi.org/10.1038/sdata.2015.2,No exact CAS or exact SMILES match found in M2OR.,a_untested,human_only,37
PAIR_0037,110-19-0__112-14-1,110-19-0,112-14-1,CC(C)COC(=O)C,CCCCCCCCOC(=O)C,,octyl acetate,Homo sapiens,hOR5AP2,172.0,,0.0,False,True,False,,,A untested / B tested,Low,,https://doi.org/10.1038/sdata.2015.2,No exact CAS or exact SMILES match found in M2OR.,a_untested,human_only,37
PAIR_0037,110-19-0__112-14-1,110-19-0,112-14-1,CC(C)COC(=O)C,CCCCCCCCOC(=O)C,,octyl acetate,Homo sapiens,hOR5AR1,170.0,,0.0,False,True,False,,,A untested / B tested,Low,,https://doi.org/10.1038/sdata.2015.2,No exact CAS or exact SMILES match found in M2OR.,a_untested,human_only,37
PAIR_0037,110-19-0__112-14-1,110-19-0,112-14-1,CC(C)COC(=O)C,CCCCCCCCOC(=O)C,,octyl acetate,Homo sapiens,hOR5AS1,105.0,,0.0,False,True,False,,,A untested / B tested,Low,,https://doi.org/10.1038/sdata.2015.2,No exact CAS or exact SMILES match found in M2OR.,a_untested,human_only,37
PAIR_0037,110-19-0__112-14-1,110-19-0,112-14-1,CC(C)COC(=O)C,CCCCCCCCOC(=O)C,,octyl acetate,Homo sapiens,hOR5AU1,135.0,,0.0,False,True,False,,,A untested / B tested,Low,,https://doi.org/10.1038/sdata.2015.2,No exact CAS or exact SMILES match found in M2OR.,a_untested,human_only,37
PAIR_0037,110-19-0__112-14-1,110-19-0,112-14-1,CC(C)COC(=O)C,CCCCCCCCOC(=O)C,,octyl acetate,Homo sapiens,hOR5B12,508.0,,0.0,False,True,False,,,A untested / B tested,Low,,https://doi.org/10.1038/sdata.2015.2,No exact CAS or exact SMILES match found in M2OR.,a_untested,human_only,37
PAIR_0037,110-19-0__112-14-1,110-19-0,112-14-1,CC(C)COC(=O)C,CCCCCCCCOC(=O)C,,octyl acetate,Homo sapiens,hOR5B17,182.0,,0.0,False,True,False,,,A untested / B tested,Low,,https://doi.org/10.1038/sdata.2015.2,No exact CAS or exact SMILES match found in M2OR.,a_untested,human_only,37
PAIR_0037,110-19-0__112-14-1,110-19-0,112-14-1,CC(C)COC(=O)C,CCCCCCCCOC(=O)C,,octyl acetate,Homo sapiens,hOR5B3,108.0,,0.0,False,True,False,,,A untested / B tested,Low,,https://doi.org/10.1038/sdata.2015.2,No exact CAS or exact SMILES match found in M2OR.,a_untested,human_only,37
PAIR_0037,110-19-0__112-14-1,110-19-0,112-14-1,CC(C)COC(=O)C,CCCCCCCCOC(=O)C,,octyl acetate,Homo sapiens,hOR5C1,348.0,,0.0,False,True,False,,,A untested / B tested,Low,,https://doi.org/10.1038/sdata.2015.2,No exact CAS or exact SMILES match found in M2OR.,a_untested,human_only,37
PAIR_0037,110-19-0__112-14-1,110-19-0,112-14-1,CC(C)COC(=O)C,CCCCCCCCOC(=O)C,,octyl acetate,Homo sapiens,hOR5D14,190.0,,0.0,False,True,False,,,A untested / B tested,Low,,https://doi.org/10.1038/sdata.2015.2,No exact CAS or exact SMILES match found in M2OR.,a_untested,human_only,37
PAIR_0037,110-19-0__112-14-1,110-19-0,112-14-1,CC(C)COC(=O)C,CCCCCCCCOC(=O)C,,octyl acetate,Homo sapiens,hOR5D16,341.0,,0.0,False,True,False,,,A untested / B tested,Low,,https://doi.org/10.1038/sdata.2015.2,No exact CAS or exact SMILES match found in M2OR.,a_untested,human_only,37
PAIR_0037,110-19-0__112-14-1,110-19-0,112-14-1,CC(C)COC(=O)C,CCCCCCCCOC(=O)C,,octyl acetate,Homo sapiens,hOR5H1,389.0,,0.0,False,True,False,,,A untested / B tested,Low,,https://doi.org/10.1038/sdata.2015.2,No exact CAS or exact SMILES match found in M2OR.,a_untested,human_only,37
PAIR_0037,110-19-0__112-14-1,110-19-0,112-14-1,CC(C)COC(=O)C,CCCCCCCCOC(=O)C,,octyl acetate,Homo sapiens,hOR5H2,41.0,,0.0,False,True,False,,,A untested / B tested,Low,,https://doi.org/10.1038/sdata.2015.2,No exact CAS or exact SMILES match found in M2OR.,a_untested,human_only,37
PAIR_0037,110-19-0__112-14-1,110-19-0,112-14-1,CC(C)COC(=O)C,CCCCCCCCOC(=O)C,,octyl acetate,Homo sapiens,hOR5H6,42.0,,0.0,False,True,False,,,A untested / B tested,Low,,https://doi.org/10.1038/sdata.2015.2,No exact CAS or exact SMILES match found in M2OR.,a_untested,human_only,37
PAIR_0037,110-19-0__112-14-1,110-19-0,112-14-1,CC(C)COC(=O)C,CCCCCCCCOC(=O)C,,octyl acetate,Homo sapiens,hOR5I1,114.0,,0.0,False,True,False,,,A untested / B tested,Low,,https://doi.org/10.1038/sdata.2015.2,No exact CAS or exact SMILES match found in M2OR.,a_untested,human_only,37
PAIR_0037,110-19-0__112-14-1,110-19-0,112-14-1,CC(C)COC(=O)C,CCCCCCCCOC(=O)C,,octyl acetate,Homo sapiens,hOR5J2,200.0,,0.0,False,True,False,,,A untested / B tested,Low,,https://doi.org/10.1038/sdata.2015.2,No exact CAS or exact SMILES match found in M2OR.,a_untested,human_only,37
PAIR_0037,110-19-0__112-14-1,110-19-0,112-14-1,CC(C)COC(=O)C,CCCCCCCCOC(=O)C,,octyl acetate,Homo sapiens,hOR5K1,418.0,,0.0,False,True,False,,,A untested / B tested,Low,,https://doi.org/10.1038/sdata.2015.2,No exact CAS or exact SMILES match found in M2OR.,a_untested,human_only,37
PAIR_0037,110-19-0__112-14-1,110-19-0,112-14-1,CC(C)COC(=O)C,CCCCCCCCOC(=O)C,,octyl acetate,Homo sapiens,hOR5K2,52.0,,0.0,False,True,False,,,A untested / B tested,Low,,https://doi.org/10.1038/sdata.2015.2,No exact CAS or exact SMILES match found in M2OR.,a_untested,human_only,37
PAIR_0037,110-19-0__112-14-1,110-19-0,112-14-1,CC(C)COC(=O)C,CCCCCCCCOC(=O)C,,octyl acetate,Homo sapiens,hOR5K3,428.0,,0.0,False,True,False,,,A untested / B tested,Low,,https://doi.org/10.1038/sdata.2015.2,No exact CAS or exact SMILES match found in M2OR.,a_untested,human_only,37
PAIR_0037,110-19-0__112-14-1,110-19-0,112-14-1,CC(C)COC(=O)C,CCCCCCCCOC(=O)C,,octyl acetate,Homo sapiens,hOR5L1,296.0,,0.0,False,True,False,,,A untested / B tested,Low,,https://doi.org/10.1038/sdata.2015.2,No exact CAS or exact SMILES match found in M2OR.,a_untested,human_only,37
PAIR_0037,110-19-0__112-14-1,110-19-0,112-14-1,CC(C)COC(=O)C,CCCCCCCCOC(=O)C,,octyl acetate,Homo sapiens,hOR5M11,195.0,,0.0,False,True,False,,,A untested / B tested,Low,,https://doi.org/10.1038/sdata.2015.2,No exact CAS or exact SMILES match found in M2OR.,a_untested,human_only,37
PAIR_0037,110-19-0__112-14-1,110-19-0,112-14-1,CC(C)COC(=O)C,CCCCCCCCOC(=O)C,,octyl acetate,Homo sapiens,hOR5M8,437.0,,0.0,False,True,False,,,A untested / B tested,Low,,https://doi.org/10.1038/sdata.2015.2,No exact CAS or exact SMILES match found in M2OR.,a_untested,human_only,37
PAIR_0037,110-19-0__112-14-1,110-19-0,112-14-1,CC(C)COC(=O)C,CCCCCCCCOC(=O)C,,octyl acetate,Homo sapiens,hOR5M9,161.0,,0.0,False,True,False,,,A untested / B tested,Low,,https://doi.org/10.1038/sdata.2015.2,No exact CAS or exact SMILES match found in M2OR.,a_untested,human_only,37
PAIR_0037,110-19-0__112-14-1,110-19-0,112-14-1,CC(C)COC(=O)C,CCCCCCCCOC(=O)C,,octyl acetate,Homo sapiens,hOR5P2,148.0,,0.0,False,True,False,,,A untested / B tested,Low,,https://doi.org/10.1038/sdata.2015.2,No exact CAS or exact SMILES match found in M2OR.,a_untested,human_only,37
PAIR_0037,110-19-0__112-14-1,110-19-0,112-14-1,CC(C)COC(=O)C,CCCCCCCCOC(=O)C,,octyl acetate,Homo sapiens,hOR5P3,88.0,,0.0,False,True,False,,,A untested / B tested,Low,,https://doi.org/10.1038/sdata.2015.2,No exact CAS or exact SMILES match found in M2OR.,a_untested,human_only,37
PAIR_0037,110-19-0__112-14-1,110-19-0,112-14-1,CC(C)COC(=O)C,CCCCCCCCOC(=O)C,,octyl acetate,Homo sapiens,hOR5R1,123.0,,0.0,False,True,False,,,A untested / B tested,Low,,https://doi.org/10.1038/sdata.2015.2,No exact CAS or exact SMILES match found in M2OR.,a_untested,human_only,37
PAIR_0037,110-19-0__112-14-1,110-19-0,112-14-1,CC(C)COC(=O)C,CCCCCCCCOC(=O)C,,octyl acetate,Homo sapiens,hOR5T1,206.0,,0.0,False,True,False,,,A untested / B tested,Low,,https://doi.org/10.1038/sdata.2015.2,No exact CAS or exact SMILES match found in M2OR.,a_untested,human_only,37
PAIR_0037,110-19-0__112-14-1,110-19-0,112-14-1,CC(C)COC(=O)C,CCCCCCCCOC(=O)C,,octyl acetate,Homo sapiens,hOR5T2,254.0,,0.0,False,True,False,,,A untested / B tested,Low,,https://doi.org/10.1038/sdata.2015.2,No exact CAS or exact SMILES match found in M2OR.,a_untested,human_only,37
PAIR_0037,110-19-0__112-14-1,110-19-0,112-14-1,CC(C)COC(=O)C,CCCCCCCCOC(=O)C,,octyl acetate,Homo sapiens,hOR5T3,274.0,,0.0,False,True,False,,,A untested / B tested,Low,,https://doi.org/10.1038/sdata.2015.2,No exact CAS or exact SMILES match found in M2OR.,a_untested,human_only,37
PAIR_0037,110-19-0__112-14-1,110-19-0,112-14-1,CC(C)COC(=O)C,CCCCCCCCOC(=O)C,,octyl acetate,Homo sapiens,hOR5V1,54.0,,0.0,False,True,False,,,A untested / B tested,Low,,https://doi.org/10.1038/sdata.2015.2,No exact CAS or exact SMILES match found in M2OR.,a_untested,human_only,37
PAIR_0037,110-19-0__112-14-1,110-19-0,112-14-1,CC(C)COC(=O)C,CCCCCCCCOC(=O)C,,octyl acetate,Homo sapiens,hOR6A2,406.0,,0.0,False,True,False,,,A untested / B tested,Low,,https://doi.org/10.1038/sdata.2015.2,No exact CAS or exact SMILES match found in M2OR.,a_untested,human_only,37
PAIR_0037,110-19-0__112-14-1,110-19-0,112-14-1,CC(C)COC(=O)C,CCCCCCCCOC(=O)C,,octyl acetate,Homo sapiens,hOR6C2,335.0,,0.0,False,True,False,,,A untested / B tested,Low,,https://doi.org/10.1038/sdata.2015.2,No exact CAS or exact SMILES match found in M2OR.,a_untested,human_only,37
PAIR_0037,110-19-0__112-14-1,110-19-0,112-14-1,CC(C)COC(=O)C,CCCCCCCCOC(=O)C,,octyl acetate,Homo sapiens,hOR6C3,342.0,,0.0,False,True,False,,,A untested / B tested,Low,,https://doi.org/10.1038/sdata.2015.2,No exact CAS or exact SMILES match found in M2OR.,a_untested,human_only,37
PAIR_0037,110-19-0__112-14-1,110-19-0,112-14-1,CC(C)COC(=O)C,CCCCCCCCOC(=O)C,,octyl acetate,Homo sapiens,hOR6C6,349.0,,0.0,False,True,False,,,A untested / B tested,Low,,https://doi.org/10.1038/sdata.2015.2,No exact CAS or exact SMILES match found in M2OR.,a_untested,human_only,37
PAIR_0037,110-19-0__112-14-1,110-19-0,112-14-1,CC(C)COC(=O)C,CCCCCCCCOC(=O)C,,octyl acetate,Homo sapiens,hOR6C65,379.0,,0.0,False,True,False,,,A untested / B tested,Low,,https://doi.org/10.1038/sdata.2015.2,No exact CAS or exact SMILES match found in M2OR.,a_untested,human_only,37
PAIR_0037,110-19-0__112-14-1,110-19-0,112-14-1,CC(C)COC(=O)C,CCCCCCCCOC(=O)C,,octyl acetate,Homo sapiens,hOR6C70,350.0,,0.0,False,True,False,,,A untested / B tested,Low,,https://doi.org/10.1038/sdata.2015.2,No exact CAS or exact SMILES match found in M2OR.,a_untested,human_only,37
PAIR_0037,110-19-0__112-14-1,110-19-0,112-14-1,CC(C)COC(=O)C,CCCCCCCCOC(=O)C,,octyl acetate,Homo sapiens,hOR6C74,363.0,,0.0,False,True,False,,,A untested / B tested,Low,,https://doi.org/10.1038/sdata.2015.2,No exact CAS or exact SMILES match found in M2OR.,a_untested,human_only,37
PAIR_0037,110-19-0__112-14-1,110-19-0,112-14-1,CC(C)COC(=O)C,CCCCCCCCOC(=O)C,,octyl acetate,Homo sapiens,hOR6C75,433.0,,0.0,False,True,False,,,A untested / B tested,Low,,https://doi.org/10.1038/sdata.2015.2,No exact CAS or exact SMILES match found in M2OR.,a_untested,human_only,37
PAIR_0037,110-19-0__112-14-1,110-19-0,112-14-1,CC(C)COC(=O)C,CCCCCCCCOC(=O)C,,octyl acetate,Homo sapiens,hOR6C76,336.0,,0.0,False,True,False,,,A untested / B tested,Low,,https://doi.org/10.1038/sdata.2015.2,No exact CAS or exact SMILES match found in M2OR.,a_untested,human_only,37
PAIR_0037,110-19-0__112-14-1,110-19-0,112-14-1,CC(C)COC(=O)C,CCCCCCCCOC(=O)C,,octyl acetate,Homo sapiens,hOR6F1,28.0,,0.0,False,True,False,,,A untested / B tested,Low,,https://doi.org/10.1038/sdata.2015.2,No exact CAS or exact SMILES match found in M2OR.,a_untested,human_only,37
PAIR_0037,110-19-0__112-14-1,110-19-0,112-14-1,CC(C)COC(=O)C,CCCCCCCCOC(=O)C,,octyl acetate,Homo sapiens,hOR6K2,31.0,,0.0,False,True,False,,,A untested / B tested,Low,,https://doi.org/10.1038/sdata.2015.2,No exact CAS or exact SMILES match found in M2OR.,a_untested,human_only,37
PAIR_0037,110-19-0__112-14-1,110-19-0,112-14-1,CC(C)COC(=O)C,CCCCCCCCOC(=O)C,,octyl acetate,Homo sapiens,hOR6K3,402.0,,0.0,False,True,False,,,A untested / B tested,Low,,https://doi.org/10.1038/sdata.2015.2,No exact CAS or exact SMILES match found in M2OR.,a_untested,human_only,37
PAIR_0037,110-19-0__112-14-1,110-19-0,112-14-1,CC(C)COC(=O)C,CCCCCCCCOC(=O)C,,octyl acetate,Homo sapiens,hOR6K6,277.0,,0.0,False,True,False,,,A untested / B tested,Low,,https://doi.org/10.1038/sdata.2015.2,No exact CAS or exact SMILES match found in M2OR.,a_untested,human_only,37
PAIR_0037,110-19-0__112-14-1,110-19-0,112-14-1,CC(C)COC(=O)C,CCCCCCCCOC(=O)C,,octyl acetate,Homo sapiens,hOR6M1,146.0,,0.0,False,True,False,,,A untested / B tested,Low,,https://doi.org/10.1038/sdata.2015.2,No exact CAS or exact SMILES match found in M2OR.,a_untested,human_only,37
PAIR_0037,110-19-0__112-14-1,110-19-0,112-14-1,CC(C)COC(=O)C,CCCCCCCCOC(=O)C,,octyl acetate,Homo sapiens,hOR6N2,15.0,,0.0,False,True,False,,,A untested / B tested,Low,,https://doi.org/10.1038/sdata.2015.2,No exact CAS or exact SMILES match found in M2OR.,a_untested,human_only,37
PAIR_0037,110-19-0__112-14-1,110-19-0,112-14-1,CC(C)COC(=O)C,CCCCCCCCOC(=O)C,,octyl acetate,Homo sapiens,hOR6P1,23.0,,0.0,False,True,False,,,A untested / B tested,Low,,https://doi.org/10.1038/sdata.2015.2,No exact CAS or exact SMILES match found in M2OR.,a_untested,human_only,37
PAIR_0037,110-19-0__112-14-1,110-19-0,112-14-1,CC(C)COC(=O)C,CCCCCCCCOC(=O)C,,octyl acetate,Homo sapiens,hOR6Q1,191.0,,0.0,False,True,False,,,A untested / B tested,Low,,https://doi.org/10.1038/sdata.2015.2,No exact CAS or exact SMILES match found in M2OR.,a_untested,human_only,37
PAIR_0037,110-19-0__112-14-1,110-19-0,112-14-1,CC(C)COC(=O)C,CCCCCCCCOC(=O)C,,octyl acetate,Homo sapiens,hOR6T1,152.0,,0.0,False,True,False,,,A untested / B tested,Low,,https://doi.org/10.1038/sdata.2015.2,No exact CAS or exact SMILES match found in M2OR.,a_untested,human_only,37
PAIR_0037,110-19-0__112-14-1,110-19-0,112-14-1,CC(C)COC(=O)C,CCCCCCCCOC(=O)C,,octyl acetate,Homo sapiens,hOR6V1,512.0,,0.0,False,True,False,,,A untested / B tested,Low,,https://doi.org/10.1038/sdata.2015.2,No exact CAS or exact SMILES match found in M2OR.,a_untested,human_only,37
PAIR_0037,110-19-0__112-14-1,110-19-0,112-14-1,CC(C)COC(=O)C,CCCCCCCCOC(=O)C,,octyl acetate,Homo sapiens,hOR6X1,198.0,,0.0,False,True,False,,,A untested / B tested,Low,,https://doi.org/10.1038/sdata.2015.2,No exact CAS or exact SMILES match found in M2OR.,a_untested,human_only,37
PAIR_0037,110-19-0__112-14-1,110-19-0,112-14-1,CC(C)COC(=O)C,CCCCCCCCOC(=O)C,,octyl acetate,Homo sapiens,hOR7A10,80.0,,0.0,False,True,False,,,A untested / B tested,Low,,https://doi.org/10.1038/sdata.2015.2,No exact CAS or exact SMILES match found in M2OR.,a_untested,human_only,37
PAIR_0037,110-19-0__112-14-1,110-19-0,112-14-1,CC(C)COC(=O)C,CCCCCCCCOC(=O)C,,octyl acetate,Homo sapiens,hOR7A17,247.0,,0.0,False,True,False,,,A untested / B tested,Low,,https://doi.org/10.1038/sdata.2015.2,No exact CAS or exact SMILES match found in M2OR.,a_untested,human_only,37
PAIR_0037,110-19-0__112-14-1,110-19-0,112-14-1,CC(C)COC(=O)C,CCCCCCCCOC(=O)C,,octyl acetate,Homo sapiens,hOR7A5,387.0,,0.0,False,True,False,,,A untested / B tested,Low,,https://doi.org/10.1038/sdata.2015.2,No exact CAS or exact SMILES match found in M2OR.,a_untested,human_only,37
PAIR_0037,110-19-0__112-14-1,110-19-0,112-14-1,CC(C)COC(=O)C,CCCCCCCCOC(=O)C,,octyl acetate,Homo sapiens,hOR7C1,246.0,,0.0,False,True,False,,,A untested / B tested,Low,,https://doi.org/10.1038/sdata.2015.2,No exact CAS or exact SMILES match found in M2OR.,a_untested,human_only,37
PAIR_0037,110-19-0__112-14-1,110-19-0,112-14-1,CC(C)COC(=O)C,CCCCCCCCOC(=O)C,,octyl acetate,Homo sapiens,hOR7C2,240.0,,0.0,False,True,False,,,A untested / B tested,Low,,https://doi.org/10.1038/sdata.2015.2,No exact CAS or exact SMILES match found in M2OR.,a_untested,human_only,37
PAIR_0037,110-19-0__112-14-1,110-19-0,112-14-1,CC(C)COC(=O)C,CCCCCCCCOC(=O)C,,octyl acetate,Homo sapiens,hOR7D2,326.0,,0.0,False,True,False,,,A untested / B tested,Low,,https://doi.org/10.1038/sdata.2015.2,No exact CAS or exact SMILES match found in M2OR.,a_untested,human_only,37
PAIR_0037,110-19-0__112-14-1,110-19-0,112-14-1,CC(C)COC(=O)C,CCCCCCCCOC(=O)C,,octyl acetate,Homo sapiens,hOR7D4,245.0,,0.0,False,True,False,,,A untested / B tested,Medium,,https://doi.org/10.1038/sdata.2015.2 | https://doi.org/10.1038/nature06162,No exact CAS or exact SMILES match found in M2OR.,a_untested,human_only,37
PAIR_0037,110-19-0__112-14-1,110-19-0,112-14-1,CC(C)COC(=O)C,CCCCCCCCOC(=O)C,,octyl acetate,Homo sapiens,hOR7G1,242.0,,0.0,False,True,False,,,A untested / B tested,Low,,https://doi.org/10.1038/sdata.2015.2,No exact CAS or exact SMILES match found in M2OR.,a_untested,human_only,37
PAIR_0037,110-19-0__112-14-1,110-19-0,112-14-1,CC(C)COC(=O)C,CCCCCCCCOC(=O)C,,octyl acetate,Homo sapiens,hOR7G2,393.0,,0.0,False,True,False,,,A untested / B tested,Low,,https://doi.org/10.1038/sdata.2015.2,No exact CAS or exact SMILES match found in M2OR.,a_untested,human_only,37
PAIR_0037,110-19-0__112-14-1,110-19-0,112-14-1,CC(C)COC(=O)C,CCCCCCCCOC(=O)C,,octyl acetate,Homo sapiens,hOR7G3,244.0,,0.0,False,True,False,,,A untested / B tested,Low,,https://doi.org/10.1038/sdata.2015.2,No exact CAS or exact SMILES match found in M2OR.,a_untested,human_only,37
PAIR_0037,110-19-0__112-14-1,110-19-0,112-14-1,CC(C)COC(=O)C,CCCCCCCCOC(=O)C,,octyl acetate,Homo sapiens,hOR8A1,419.0,,0.0,False,True,False,,,A untested / B tested,Low,,https://doi.org/10.1038/sdata.2015.2,No exact CAS or exact SMILES match found in M2OR.,a_untested,human_only,37
PAIR_0037,110-19-0__112-14-1,110-19-0,112-14-1,CC(C)COC(=O)C,CCCCCCCCOC(=O)C,,octyl acetate,Homo sapiens,hOR8B12,513.0,,0.0,False,True,False,,,A untested / B tested,Low,,https://doi.org/10.1038/sdata.2015.2,No exact CAS or exact SMILES match found in M2OR.,a_untested,human_only,37
PAIR_0037,110-19-0__112-14-1,110-19-0,112-14-1,CC(C)COC(=O)C,CCCCCCCCOC(=O)C,,octyl acetate,Homo sapiens,hOR8B2,199.0,,0.0,False,True,False,,,A untested / B tested,Low,,https://doi.org/10.1038/sdata.2015.2,No exact CAS or exact SMILES match found in M2OR.,a_untested,human_only,37
PAIR_0037,110-19-0__112-14-1,110-19-0,112-14-1,CC(C)COC(=O)C,CCCCCCCCOC(=O)C,,octyl acetate,Homo sapiens,hOR8B8,186.0,,0.0,False,True,False,,,A untested / B tested,Low,,https://doi.org/10.1038/sdata.2015.2,No exact CAS or exact SMILES match found in M2OR.,a_untested,human_only,37
PAIR_0037,110-19-0__112-14-1,110-19-0,112-14-1,CC(C)COC(=O)C,CCCCCCCCOC(=O)C,,octyl acetate,Homo sapiens,hOR8D1,110.0,,0.0,False,True,False,,,A untested / B tested,Low,,https://doi.org/10.1038/sdata.2015.2,No exact CAS or exact SMILES match found in M2OR.,a_untested,human_only,37
PAIR_0037,110-19-0__112-14-1,110-19-0,112-14-1,CC(C)COC(=O)C,CCCCCCCCOC(=O)C,,octyl acetate,Homo sapiens,hOR8D2,143.0,,0.0,False,True,False,,,A untested / B tested,Low,,https://doi.org/10.1038/sdata.2015.2,No exact CAS or exact SMILES match found in M2OR.,a_untested,human_only,37
PAIR_0037,110-19-0__112-14-1,110-19-0,112-14-1,CC(C)COC(=O)C,CCCCCCCCOC(=O)C,,octyl acetate,Homo sapiens,hOR8G1,313.0,,0.0,False,True,False,,,A untested / B tested,Low,,https://doi.org/10.1038/sdata.2015.2,No exact CAS or exact SMILES match found in M2OR.,a_untested,human_only,37
PAIR_0037,110-19-0__112-14-1,110-19-0,112-14-1,CC(C)COC(=O)C,CCCCCCCCOC(=O)C,,octyl acetate,Homo sapiens,hOR8G5,262.0,,0.0,False,True,False,,,A untested / B tested,Low,,https://doi.org/10.1038/sdata.2015.2,No exact CAS or exact SMILES match found in M2OR.,a_untested,human_only,37
PAIR_0037,110-19-0__112-14-1,110-19-0,112-14-1,CC(C)COC(=O)C,CCCCCCCCOC(=O)C,,octyl acetate,Homo sapiens,hOR8H1,304.0,,0.0,False,True,False,,,A untested / B tested,Low,,https://doi.org/10.1038/sdata.2015.2,No exact CAS or exact SMILES match found in M2OR.,a_untested,human_only,37
PAIR_0037,110-19-0__112-14-1,110-19-0,112-14-1,CC(C)COC(=O)C,CCCCCCCCOC(=O)C,,octyl acetate,Homo sapiens,hOR8I2,175.0,,0.0,False,True,False,,,A untested / B tested,Low,,https://doi.org/10.1038/sdata.2015.2,No exact CAS or exact SMILES match found in M2OR.,a_untested,human_only,37
PAIR_0037,110-19-0__112-14-1,110-19-0,112-14-1,CC(C)COC(=O)C,CCCCCCCCOC(=O)C,,octyl acetate,Homo sapiens,hOR8J3,116.0,,0.0,False,True,False,,,A untested / B tested,Low,,https://doi.org/10.1038/sdata.2015.2,No exact CAS or exact SMILES match found in M2OR.,a_untested,human_only,37
PAIR_0037,110-19-0__112-14-1,110-19-0,112-14-1,CC(C)COC(=O)C,CCCCCCCCOC(=O)C,,octyl acetate,Homo sapiens,hOR8K1,354.0,,0.0,False,True,False,,,A untested / B tested,Low,,https://doi.org/10.1038/sdata.2015.2,No exact CAS or exact SMILES match found in M2OR.,a_untested,human_only,37
PAIR_0037,110-19-0__112-14-1,110-19-0,112-14-1,CC(C)COC(=O)C,CCCCCCCCOC(=O)C,,octyl acetate,Homo sapiens,hOR8K5,117.0,,0.0,False,True,False,,,A untested / B tested,Low,,https://doi.org/10.1038/sdata.2015.2,No exact CAS or exact SMILES match found in M2OR.,a_untested,human_only,37
PAIR_0037,110-19-0__112-14-1,110-19-0,112-14-1,CC(C)COC(=O)C,CCCCCCCCOC(=O)C,,octyl acetate,Homo sapiens,hOR8U1,201.0,,0.0,False,True,False,,,A untested / B tested,Low,,https://doi.org/10.1038/sdata.2015.2,No exact CAS or exact SMILES match found in M2OR.,a_untested,human_only,37
PAIR_0037,110-19-0__112-14-1,110-19-0,112-14-1,CC(C)COC(=O)C,CCCCCCCCOC(=O)C,,octyl acetate,Homo sapiens,hOR8U8,415.0,,0.0,False,True,False,,,A untested / B tested,Low,,https://doi.org/10.1038/sdata.2015.2,No exact CAS or exact SMILES match found in M2OR.,a_untested,human_only,37
PAIR_0037,110-19-0__112-14-1,110-19-0,112-14-1,CC(C)COC(=O)C,CCCCCCCCOC(=O)C,,octyl acetate,Homo sapiens,hOR8U9,361.0,,0.0,False,True,False,,,A untested / B tested,Low,,https://doi.org/10.1038/sdata.2015.2,No exact CAS or exact SMILES match found in M2OR.,a_untested,human_only,37
PAIR_0037,110-19-0__112-14-1,110-19-0,112-14-1,CC(C)COC(=O)C,CCCCCCCCOC(=O)C,,octyl acetate,Homo sapiens,hOR9A2,63.0,,0.0,False,True,False,,,A untested / B tested,Low,,https://doi.org/10.1038/sdata.2015.2,No exact CAS or exact SMILES match found in M2OR.,a_untested,human_only,37
PAIR_0037,110-19-0__112-14-1,110-19-0,112-14-1,CC(C)COC(=O)C,CCCCCCCCOC(=O)C,,octyl acetate,Homo sapiens,hOR9A4,64.0,,0.0,False,True,False,,,A untested / B tested,Low,,https://doi.org/10.1038/sdata.2015.2,No exact CAS or exact SMILES match found in M2OR.,a_untested,human_only,37
PAIR_0037,110-19-0__112-14-1,110-19-0,112-14-1,CC(C)COC(=O)C,CCCCCCCCOC(=O)C,,octyl acetate,Homo sapiens,hOR9G1,84.0,,0.0,False,True,False,,,A untested / B tested,Low,,https://doi.org/10.1038/sdata.2015.2,No exact CAS or exact SMILES match found in M2OR.,a_untested,human_only,37
PAIR_0037,110-19-0__112-14-1,110-19-0,112-14-1,CC(C)COC(=O)C,CCCCCCCCOC(=O)C,,octyl acetate,Homo sapiens,hOR9G9,130.0,,0.0,False,True,False,,,A untested / B tested,Low,,https://doi.org/10.1038/sdata.2015.2,No exact CAS or exact SMILES match found in M2OR.,a_untested,human_only,37
PAIR_0037,110-19-0__112-14-1,110-19-0,112-14-1,CC(C)COC(=O)C,CCCCCCCCOC(=O)C,,octyl acetate,Homo sapiens,hOR9I1,144.0,,0.0,False,True,False,,,A untested / B tested,Low,,https://doi.org/10.1038/sdata.2015.2,No exact CAS or exact SMILES match found in M2OR.,a_untested,human_only,37
PAIR_0037,110-19-0__112-14-1,110-19-0,112-14-1,CC(C)COC(=O)C,CCCCCCCCOC(=O)C,,octyl acetate,Homo sapiens,hOR9K2,306.0,,0.0,False,True,False,,,A untested / B tested,Low,,https://doi.org/10.1038/sdata.2015.2,No exact CAS or exact SMILES match found in M2OR.,a_untested,human_only,37
PAIR_0037,110-19-0__112-14-1,110-19-0,112-14-1,CC(C)COC(=O)C,CCCCCCCCOC(=O)C,,octyl acetate,Homo sapiens,hOR9Q2,142.0,,0.0,False,True,False,,,A untested / B tested,Low,,https://doi.org/10.1038/sdata.2015.2,No exact CAS or exact SMILES match found in M2OR.,a_untested,human_only,37
PAIR_0038,110-19-0__141-78-6,110-19-0,141-78-6,CC(C)COC(=O)C,CCOC(=O)C,,Ethyl acetate,Homo sapiens,OR11A1,47.0,,0.0,False,True,False,,,A untested / B tested,Low,,https://pubs.acs.org/doi/10.1021/acs.jafc.4c01515,No exact CAS or exact SMILES match found in M2OR.,a_untested,human_only,38
PAIR_0038,110-19-0__141-78-6,110-19-0,141-78-6,CC(C)COC(=O)C,CCOC(=O)C,,Ethyl acetate,Homo sapiens,OR8H1,304.0,,0.0,False,True,False,,,A untested / B tested,Low,,https://doi.org/10.1021/acs.jafc.3c08230,No exact CAS or exact SMILES match found in M2OR.,a_untested,human_only,38
PAIR_0038,110-19-0__141-78-6,110-19-0,141-78-6,CC(C)COC(=O)C,CCOC(=O)C,,Ethyl acetate,Homo sapiens,hOR1A1,29.0,,0.0,False,True,False,,,A untested / B tested,Low,,https://doi.org/10.1093/chemse/bjw117,No exact CAS or exact SMILES match found in M2OR.,a_untested,human_only,38
PAIR_0038,110-19-0__141-78-6,110-19-0,141-78-6,CC(C)COC(=O)C,CCOC(=O)C,,Ethyl acetate,Homo sapiens,hOR2M3,40.0,,0.0,False,True,False,,,A untested / B tested,Low,,https://doi.org/10.1093/chemse/bjw118,No exact CAS or exact SMILES match found in M2OR.,a_untested,human_only,38
PAIR_0038,110-19-0__141-78-6,110-19-0,141-78-6,CC(C)COC(=O)C,CCOC(=O)C,,Ethyl acetate,Homo sapiens,hOR2W1,51.0,,0.0,False,True,False,,,A untested / B tested,Low,,https://doi.org/10.1016/j.foodchem.2021.131680 | https://doi.org/10.1093/chemse/bjw117,No exact CAS or exact SMILES match found in M2OR.,a_untested,human_only,38
PAIR_0038,110-19-0__141-78-6,110-19-0,141-78-6,CC(C)COC(=O)C,CCOC(=O)C,,Ethyl acetate,Homo sapiens,hOR5K1,418.0,,0.0,False,True,False,,,A untested / B tested,Low,,https://doi.org/10.1096/fj.202100224R,No exact CAS or exact SMILES match found in M2OR.,a_untested,human_only,38
PAIR_0038,110-19-0__141-78-6,110-19-0,141-78-6,CC(C)COC(=O)C,CCOC(=O)C,,Ethyl acetate,Homo sapiens,hOR5M3,670.0,,0.0,False,True,False,,,A untested / B tested,Low,,https://doi.org/10.1021/acs.jafc.1c03314,No exact CAS or exact SMILES match found in M2OR.,a_untested,human_only,38
PAIR_0038,110-19-0__141-78-6,110-19-0,141-78-6,CC(C)COC(=O)C,CCOC(=O)C,,Ethyl acetate,Homo sapiens,hOR8D1,110.0,,0.0,False,True,False,,,A untested / B tested,Low,,https://doi.org/10.1021/acs.jafc.1c03314,No exact CAS or exact SMILES match found in M2OR.,a_untested,human_only,38
PAIR_0039,110-38-3__123-29-5,110-38-3,123-29-5,CCCCCCCCCC(=O)OCC,CCCCCCCCC(=O)OCC,ethyl decanoate,,Homo sapiens,OR10S1,1.0,0.0,,True,False,False,,,A tested / B untested,Low,https://doi.org/10.1021/acs.biochem.8b01208,,Multiple CAS hits; exact SMILES used to disambiguate. | CAS not found in compounds.csv; exact SMILES used.,b_untested,human_only,39
PAIR_0039,110-38-3__123-29-5,110-38-3,123-29-5,CCCCCCCCCC(=O)OCC,CCCCCCCCC(=O)OCC,ethyl decanoate,,Homo sapiens,OR11A1,47.0,0.0,,True,False,False,,,A tested / B untested,Low,https://pubs.acs.org/doi/10.1021/acs.jafc.4c01515,,Multiple CAS hits; exact SMILES used to disambiguate. | CAS not found in compounds.csv; exact SMILES used.,b_untested,human_only,39
PAIR_0039,110-38-3__123-29-5,110-38-3,123-29-5,CCCCCCCCCC(=O)OCC,CCCCCCCCC(=O)OCC,ethyl decanoate,,Homo sapiens,OR2A42,4.0,0.0,,True,False,False,,,A tested / B untested,Low,https://doi.org/10.1021/acs.biochem.8b01208,,Multiple CAS hits; exact SMILES used to disambiguate. | CAS not found in compounds.csv; exact SMILES used.,b_untested,human_only,39
PAIR_0039,110-38-3__123-29-5,110-38-3,123-29-5,CCCCCCCCCC(=O)OCC,CCCCCCCCC(=O)OCC,ethyl decanoate,,Homo sapiens,OR2A7,5.0,0.0,,True,False,False,,,A tested / B untested,Low,https://doi.org/10.1021/acs.biochem.8b01208,,Multiple CAS hits; exact SMILES used to disambiguate. | CAS not found in compounds.csv; exact SMILES used.,b_untested,human_only,39
PAIR_0039,110-38-3__123-29-5,110-38-3,123-29-5,CCCCCCCCCC(=O)OCC,CCCCCCCCC(=O)OCC,ethyl decanoate,,Homo sapiens,OR2L13,6.0,0.0,,True,False,False,,,A tested / B untested,Low,https://doi.org/10.1021/acs.biochem.8b01208,,Multiple CAS hits; exact SMILES used to disambiguate. | CAS not found in compounds.csv; exact SMILES used.,b_untested,human_only,39
PAIR_0039,110-38-3__123-29-5,110-38-3,123-29-5,CCCCCCCCCC(=O)OCC,CCCCCCCCC(=O)OCC,ethyl decanoate,,Homo sapiens,OR2T4,8.0,0.0,,True,False,False,,,A tested / B untested,Low,https://doi.org/10.1021/acs.biochem.8b01208,,Multiple CAS hits; exact SMILES used to disambiguate. | CAS not found in compounds.csv; exact SMILES used.,b_untested,human_only,39
PAIR_0039,110-38-3__123-29-5,110-38-3,123-29-5,CCCCCCCCCC(=O)OCC,CCCCCCCCC(=O)OCC,ethyl decanoate,,Homo sapiens,OR2W3,9.0,0.0,,True,False,False,,,A tested / B untested,Low,https://doi.org/10.1021/acs.biochem.8b01208,,Multiple CAS hits; exact SMILES used to disambiguate. | CAS not found in compounds.csv; exact SMILES used.,b_untested,human_only,39
PAIR_0039,110-38-3__123-29-5,110-38-3,123-29-5,CCCCCCCCCC(=O)OCC,CCCCCCCCC(=O)OCC,ethyl decanoate,,Homo sapiens,OR51B5,10.0,0.0,,True,False,False,,,A tested / B untested,Low,https://doi.org/10.1021/acs.biochem.8b01208,,Multiple CAS hits; exact SMILES used to disambiguate. | CAS not found in compounds.csv; exact SMILES used.,b_untested,human_only,39
PAIR_0039,110-38-3__123-29-5,110-38-3,123-29-5,CCCCCCCCCC(=O)OCC,CCCCCCCCC(=O)OCC,ethyl decanoate,,Homo sapiens,OR8H1,304.0,0.0,,True,False,False,,,A tested / B untested,Low,https://doi.org/10.1021/acs.jafc.3c08230,,Multiple CAS hits; exact SMILES used to disambiguate. | CAS not found in compounds.csv; exact SMILES used.,b_untested,human_only,39
PAIR_0039,110-38-3__123-29-5,110-38-3,123-29-5,CCCCCCCCCC(=O)OCC,CCCCCCCCC(=O)OCC,ethyl decanoate,,Homo sapiens,hOR1A1,29.0,0.0,,True,False,False,,,A tested / B untested,Low,https://doi.org/10.1093/chemse/bjw117,,Multiple CAS hits; exact SMILES used to disambiguate. | CAS not found in compounds.csv; exact SMILES used.,b_untested,human_only,39
PAIR_0039,110-38-3__123-29-5,110-38-3,123-29-5,CCCCCCCCCC(=O)OCC,CCCCCCCCC(=O)OCC,ethyl decanoate,,Homo sapiens,hOR1G1,405.0,1.0,1.0,True,True,True,1.0,0.0,both responsive,Low,https://doi.org/10.1093/chemse/bji002,https://doi.org/10.1093/chemse/bji002,Multiple CAS hits; exact SMILES used to disambiguate. | CAS not found in compounds.csv; exact SMILES used.,,human_only,39
PAIR_0039,110-38-3__123-29-5,110-38-3,123-29-5,CCCCCCCCCC(=O)OCC,CCCCCCCCC(=O)OCC,ethyl decanoate,,Homo sapiens,hOR2M3,40.0,0.0,,True,False,False,,,A tested / B untested,Low,https://doi.org/10.1093/chemse/bjw118,,Multiple CAS hits; exact SMILES used to disambiguate. | CAS not found in compounds.csv; exact SMILES used.,b_untested,human_only,39
PAIR_0039,110-38-3__123-29-5,110-38-3,123-29-5,CCCCCCCCCC(=O)OCC,CCCCCCCCC(=O)OCC,ethyl decanoate,,Homo sapiens,hOR2W1,51.0,1.0,,True,False,False,,,A tested / B untested,Medium,https://doi.org/10.1016/j.foodchem.2021.131680 | https://doi.org/10.1093/chemse/bjw117,,Multiple CAS hits; exact SMILES used to disambiguate. | CAS not found in compounds.csv; exact SMILES used.,b_untested,human_only,39
PAIR_0039,110-38-3__123-29-5,110-38-3,123-29-5,CCCCCCCCCC(=O)OCC,CCCCCCCCC(=O)OCC,ethyl decanoate,,Homo sapiens,hOR52D1,125.0,0.0,0.0,True,True,True,1.0,0.0,both non-responsive,Low,https://doi.org/10.1093/chemse/bji002,https://doi.org/10.1093/chemse/bji002,Multiple CAS hits; exact SMILES used to disambiguate. | CAS not found in compounds.csv; exact SMILES used.,,human_only,39
PAIR_0039,110-38-3__123-29-5,110-38-3,123-29-5,CCCCCCCCCC(=O)OCC,CCCCCCCCC(=O)OCC,ethyl decanoate,,Homo sapiens,hOR5K1,418.0,0.0,,True,False,False,,,A tested / B untested,Low,https://doi.org/10.1096/fj.202100224R,,Multiple CAS hits; exact SMILES used to disambiguate. | CAS not found in compounds.csv; exact SMILES used.,b_untested,human_only,39
PAIR_0039,110-38-3__123-29-5,110-38-3,123-29-5,CCCCCCCCCC(=O)OCC,CCCCCCCCC(=O)OCC,ethyl decanoate,,Homo sapiens,hOR5M3,670.0,0.0,,True,False,False,,,A tested / B untested,Low,https://doi.org/10.1021/acs.jafc.1c03314,,Multiple CAS hits; exact SMILES used to disambiguate. | CAS not found in compounds.csv; exact SMILES used.,b_untested,human_only,39
PAIR_0039,110-38-3__123-29-5,110-38-3,123-29-5,CCCCCCCCCC(=O)OCC,CCCCCCCCC(=O)OCC,ethyl decanoate,,Homo sapiens,hOR8D1,110.0,0.0,,True,False,False,,,A tested / B untested,Low,https://doi.org/10.1021/acs.jafc.1c03314,,Multiple CAS hits; exact SMILES used to disambiguate. | CAS not found in compounds.csv; exact SMILES used.,b_untested,human_only,39
PAIR_0040,110-38-3__123-66-0,110-38-3,123-66-0,CCCCCCCCCC(=O)OCC,CCCCCC(=O)OCC,ethyl decanoate,Ethyl hexanoate,Homo sapiens,OR10S1,1.0,0.0,,True,False,False,,,A tested / B untested,Low,https://doi.org/10.1021/acs.biochem.8b01208,,Multiple CAS hits; exact SMILES used to disambiguate.,b_untested,human_only,40
PAIR_0040,110-38-3__123-66-0,110-38-3,123-66-0,CCCCCCCCCC(=O)OCC,CCCCCC(=O)OCC,ethyl decanoate,Ethyl hexanoate,Homo sapiens,OR11A1,47.0,0.0,0.0,True,True,True,1.0,0.0,both non-responsive,Low,https://pubs.acs.org/doi/10.1021/acs.jafc.4c01515,https://pubs.acs.org/doi/10.1021/acs.jafc.4c01515,Multiple CAS hits; exact SMILES used to disambiguate.,,human_only,40
PAIR_0040,110-38-3__123-66-0,110-38-3,123-66-0,CCCCCCCCCC(=O)OCC,CCCCCC(=O)OCC,ethyl decanoate,Ethyl hexanoate,Homo sapiens,OR2A42,4.0,0.0,,True,False,False,,,A tested / B untested,Low,https://doi.org/10.1021/acs.biochem.8b01208,,Multiple CAS hits; exact SMILES used to disambiguate.,b_untested,human_only,40
PAIR_0040,110-38-3__123-66-0,110-38-3,123-66-0,CCCCCCCCCC(=O)OCC,CCCCCC(=O)OCC,ethyl decanoate,Ethyl hexanoate,Homo sapiens,OR2A7,5.0,0.0,,True,False,False,,,A tested / B untested,Low,https://doi.org/10.1021/acs.biochem.8b01208,,Multiple CAS hits; exact SMILES used to disambiguate.,b_untested,human_only,40
PAIR_0040,110-38-3__123-66-0,110-38-3,123-66-0,CCCCCCCCCC(=O)OCC,CCCCCC(=O)OCC,ethyl decanoate,Ethyl hexanoate,Homo sapiens,OR2L13,6.0,0.0,,True,False,False,,,A tested / B untested,Low,https://doi.org/10.1021/acs.biochem.8b01208,,Multiple CAS hits; exact SMILES used to disambiguate.,b_untested,human_only,40
PAIR_0040,110-38-3__123-66-0,110-38-3,123-66-0,CCCCCCCCCC(=O)OCC,CCCCCC(=O)OCC,ethyl decanoate,Ethyl hexanoate,Homo sapiens,OR2T4,8.0,0.0,,True,False,False,,,A tested / B untested,Low,https://doi.org/10.1021/acs.biochem.8b01208,,Multiple CAS hits; exact SMILES used to disambiguate.,b_untested,human_only,40
PAIR_0040,110-38-3__123-66-0,110-38-3,123-66-0,CCCCCCCCCC(=O)OCC,CCCCCC(=O)OCC,ethyl decanoate,Ethyl hexanoate,Homo sapiens,OR2W3,9.0,0.0,,True,False,False,,,A tested / B untested,Low,https://doi.org/10.1021/acs.biochem.8b01208,,Multiple CAS hits; exact SMILES used to disambiguate.,b_untested,human_only,40
PAIR_0040,110-38-3__123-66-0,110-38-3,123-66-0,CCCCCCCCCC(=O)OCC,CCCCCC(=O)OCC,ethyl decanoate,Ethyl hexanoate,Homo sapiens,OR51B5,10.0,0.0,,True,False,False,,,A tested / B untested,Low,https://doi.org/10.1021/acs.biochem.8b01208,,Multiple CAS hits; exact SMILES used to disambiguate.,b_untested,human_only,40
PAIR_0040,110-38-3__123-66-0,110-38-3,123-66-0,CCCCCCCCCC(=O)OCC,CCCCCC(=O)OCC,ethyl decanoate,Ethyl hexanoate,Homo sapiens,OR8H1,304.0,0.0,0.0,True,True,True,1.0,0.0,both non-responsive,Low,https://doi.org/10.1021/acs.jafc.3c08230,https://doi.org/10.1021/acs.jafc.3c08230,Multiple CAS hits; exact SMILES used to disambiguate.,,human_only,40
PAIR_0040,110-38-3__123-66-0,110-38-3,123-66-0,CCCCCCCCCC(=O)OCC,CCCCCC(=O)OCC,ethyl decanoate,Ethyl hexanoate,Homo sapiens,hOR1A1,29.0,0.0,1.0,True,True,True,0.0,1.0,B only responsive,High,https://doi.org/10.1093/chemse/bjw117,https://doi.org/10.1093/chemse/bjw117,Multiple CAS hits; exact SMILES used to disambiguate.,,human_only,40
PAIR_0040,110-38-3__123-66-0,110-38-3,123-66-0,CCCCCCCCCC(=O)OCC,CCCCCC(=O)OCC,ethyl decanoate,Ethyl hexanoate,Homo sapiens,hOR1G1,405.0,1.0,0.0,True,True,True,0.0,1.0,A only responsive,Low,https://doi.org/10.1093/chemse/bji002,https://doi.org/10.1093/chemse/bji002,Multiple CAS hits; exact SMILES used to disambiguate.,,human_only,40
PAIR_0040,110-38-3__123-66-0,110-38-3,123-66-0,CCCCCCCCCC(=O)OCC,CCCCCC(=O)OCC,ethyl decanoate,Ethyl hexanoate,Homo sapiens,hOR2M3,40.0,0.0,0.0,True,True,True,1.0,0.0,both non-responsive,Low,https://doi.org/10.1093/chemse/bjw118,https://doi.org/10.1093/chemse/bjw118,Multiple CAS hits; exact SMILES used to disambiguate.,,human_only,40
PAIR_0040,110-38-3__123-66-0,110-38-3,123-66-0,CCCCCCCCCC(=O)OCC,CCCCCC(=O)OCC,ethyl decanoate,Ethyl hexanoate,Homo sapiens,hOR2W1,51.0,1.0,1.0,True,True,True,1.0,0.0,both responsive,High,https://doi.org/10.1016/j.foodchem.2021.131680 | https://doi.org/10.1093/chemse/bjw117,https://doi.org/10.1016/j.foodchem.2021.131680 | https://doi.org/10.1093/chemse/bjw117,Multiple CAS hits; exact SMILES used to disambiguate.,,human_only,40
PAIR_0040,110-38-3__123-66-0,110-38-3,123-66-0,CCCCCCCCCC(=O)OCC,CCCCCC(=O)OCC,ethyl decanoate,Ethyl hexanoate,Homo sapiens,hOR52D1,125.0,0.0,1.0,True,True,True,0.0,1.0,B only responsive,Low,https://doi.org/10.1093/chemse/bji002,https://doi.org/10.1093/chemse/bji002,Multiple CAS hits; exact SMILES used to disambiguate.,,human_only,40
PAIR_0040,110-38-3__123-66-0,110-38-3,123-66-0,CCCCCCCCCC(=O)OCC,CCCCCC(=O)OCC,ethyl decanoate,Ethyl hexanoate,Homo sapiens,hOR5K1,418.0,0.0,0.0,True,True,True,1.0,0.0,both non-responsive,Low,https://doi.org/10.1096/fj.202100224R,https://doi.org/10.1096/fj.202100224R,Multiple CAS hits; exact SMILES used to disambiguate.,,human_only,40
PAIR_0040,110-38-3__123-66-0,110-38-3,123-66-0,CCCCCCCCCC(=O)OCC,CCCCCC(=O)OCC,ethyl decanoate,Ethyl hexanoate,Homo sapiens,hOR5M3,670.0,0.0,0.0,True,True,True,1.0,0.0,both non-responsive,Low,https://doi.org/10.1021/acs.jafc.1c03314,https://doi.org/10.1021/acs.jafc.1c03314,Multiple CAS hits; exact SMILES used to disambiguate.,,human_only,40
PAIR_0040,110-38-3__123-66-0,110-38-3,123-66-0,CCCCCCCCCC(=O)OCC,CCCCCC(=O)OCC,ethyl decanoate,Ethyl hexanoate,Homo sapiens,hOR8D1,110.0,0.0,0.0,True,True,True,1.0,0.0,both non-responsive,Low,https://doi.org/10.1021/acs.jafc.1c03314,https://doi.org/10.1021/acs.jafc.1c03314,Multiple CAS hits; exact SMILES used to disambiguate.,,human_only,40
PAIR_0041,110-38-3__141-78-6,110-38-3,141-78-6,CCCCCCCCCC(=O)OCC,CCOC(=O)C,ethyl decanoate,Ethyl acetate,Homo sapiens,OR10S1,1.0,0.0,,True,False,False,,,A tested / B untested,Low,https://doi.org/10.1021/acs.biochem.8b01208,,Multiple CAS hits; exact SMILES used to disambiguate.,b_untested,human_only,41
PAIR_0041,110-38-3__141-78-6,110-38-3,141-78-6,CCCCCCCCCC(=O)OCC,CCOC(=O)C,ethyl decanoate,Ethyl acetate,Homo sapiens,OR11A1,47.0,0.0,0.0,True,True,True,1.0,0.0,both non-responsive,Low,https://pubs.acs.org/doi/10.1021/acs.jafc.4c01515,https://pubs.acs.org/doi/10.1021/acs.jafc.4c01515,Multiple CAS hits; exact SMILES used to disambiguate.,,human_only,41
PAIR_0041,110-38-3__141-78-6,110-38-3,141-78-6,CCCCCCCCCC(=O)OCC,CCOC(=O)C,ethyl decanoate,Ethyl acetate,Homo sapiens,OR2A42,4.0,0.0,,True,False,False,,,A tested / B untested,Low,https://doi.org/10.1021/acs.biochem.8b01208,,Multiple CAS hits; exact SMILES used to disambiguate.,b_untested,human_only,41
PAIR_0041,110-38-3__141-78-6,110-38-3,141-78-6,CCCCCCCCCC(=O)OCC,CCOC(=O)C,ethyl decanoate,Ethyl acetate,Homo sapiens,OR2A7,5.0,0.0,,True,False,False,,,A tested / B untested,Low,https://doi.org/10.1021/acs.biochem.8b01208,,Multiple CAS hits; exact SMILES used to disambiguate.,b_untested,human_only,41
PAIR_0041,110-38-3__141-78-6,110-38-3,141-78-6,CCCCCCCCCC(=O)OCC,CCOC(=O)C,ethyl decanoate,Ethyl acetate,Homo sapiens,OR2L13,6.0,0.0,,True,False,False,,,A tested / B untested,Low,https://doi.org/10.1021/acs.biochem.8b01208,,Multiple CAS hits; exact SMILES used to disambiguate.,b_untested,human_only,41
PAIR_0041,110-38-3__141-78-6,110-38-3,141-78-6,CCCCCCCCCC(=O)OCC,CCOC(=O)C,ethyl decanoate,Ethyl acetate,Homo sapiens,OR2T4,8.0,0.0,,True,False,False,,,A tested / B untested,Low,https://doi.org/10.1021/acs.biochem.8b01208,,Multiple CAS hits; exact SMILES used to disambiguate.,b_untested,human_only,41
PAIR_0041,110-38-3__141-78-6,110-38-3,141-78-6,CCCCCCCCCC(=O)OCC,CCOC(=O)C,ethyl decanoate,Ethyl acetate,Homo sapiens,OR2W3,9.0,0.0,,True,False,False,,,A tested / B untested,Low,https://doi.org/10.1021/acs.biochem.8b01208,,Multiple CAS hits; exact SMILES used to disambiguate.,b_untested,human_only,41
PAIR_0041,110-38-3__141-78-6,110-38-3,141-78-6,CCCCCCCCCC(=O)OCC,CCOC(=O)C,ethyl decanoate,Ethyl acetate,Homo sapiens,OR51B5,10.0,0.0,,True,False,False,,,A tested / B untested,Low,https://doi.org/10.1021/acs.biochem.8b01208,,Multiple CAS hits; exact SMILES used to disambiguate.,b_untested,human_only,41
PAIR_0041,110-38-3__141-78-6,110-38-3,141-78-6,CCCCCCCCCC(=O)OCC,CCOC(=O)C,ethyl decanoate,Ethyl acetate,Homo sapiens,OR8H1,304.0,0.0,0.0,True,True,True,1.0,0.0,both non-responsive,Low,https://doi.org/10.1021/acs.jafc.3c08230,https://doi.org/10.1021/acs.jafc.3c08230,Multiple CAS hits; exact SMILES used to disambiguate.,,human_only,41
PAIR_0041,110-38-3__141-78-6,110-38-3,141-78-6,CCCCCCCCCC(=O)OCC,CCOC(=O)C,ethyl decanoate,Ethyl acetate,Homo sapiens,hOR1A1,29.0,0.0,0.0,True,True,True,1.0,0.0,both non-responsive,Low,https://doi.org/10.1093/chemse/bjw117,https://doi.org/10.1093/chemse/bjw117,Multiple CAS hits; exact SMILES used to disambiguate.,,human_only,41
PAIR_0041,110-38-3__141-78-6,110-38-3,141-78-6,CCCCCCCCCC(=O)OCC,CCOC(=O)C,ethyl decanoate,Ethyl acetate,Homo sapiens,hOR1G1,405.0,1.0,,True,False,False,,,A tested / B untested,Low,https://doi.org/10.1093/chemse/bji002,,Multiple CAS hits; exact SMILES used to disambiguate.,b_untested,human_only,41
PAIR_0041,110-38-3__141-78-6,110-38-3,141-78-6,CCCCCCCCCC(=O)OCC,CCOC(=O)C,ethyl decanoate,Ethyl acetate,Homo sapiens,hOR2M3,40.0,0.0,0.0,True,True,True,1.0,0.0,both non-responsive,Low,https://doi.org/10.1093/chemse/bjw118,https://doi.org/10.1093/chemse/bjw118,Multiple CAS hits; exact SMILES used to disambiguate.,,human_only,41
PAIR_0041,110-38-3__141-78-6,110-38-3,141-78-6,CCCCCCCCCC(=O)OCC,CCOC(=O)C,ethyl decanoate,Ethyl acetate,Homo sapiens,hOR2W1,51.0,1.0,0.0,True,True,True,0.0,1.0,A only responsive,High,https://doi.org/10.1016/j.foodchem.2021.131680 | https://doi.org/10.1093/chemse/bjw117,https://doi.org/10.1016/j.foodchem.2021.131680 | https://doi.org/10.1093/chemse/bjw117,Multiple CAS hits; exact SMILES used to disambiguate.,,human_only,41
PAIR_0041,110-38-3__141-78-6,110-38-3,141-78-6,CCCCCCCCCC(=O)OCC,CCOC(=O)C,ethyl decanoate,Ethyl acetate,Homo sapiens,hOR52D1,125.0,0.0,,True,False,False,,,A tested / B untested,Low,https://doi.org/10.1093/chemse/bji002,,Multiple CAS hits; exact SMILES used to disambiguate.,b_untested,human_only,41
PAIR_0041,110-38-3__141-78-6,110-38-3,141-78-6,CCCCCCCCCC(=O)OCC,CCOC(=O)C,ethyl decanoate,Ethyl acetate,Homo sapiens,hOR5K1,418.0,0.0,0.0,True,True,True,1.0,0.0,both non-responsive,Low,https://doi.org/10.1096/fj.202100224R,https://doi.org/10.1096/fj.202100224R,Multiple CAS hits; exact SMILES used to disambiguate.,,human_only,41
PAIR_0041,110-38-3__141-78-6,110-38-3,141-78-6,CCCCCCCCCC(=O)OCC,CCOC(=O)C,ethyl decanoate,Ethyl acetate,Homo sapiens,hOR5M3,670.0,0.0,0.0,True,True,True,1.0,0.0,both non-responsive,Low,https://doi.org/10.1021/acs.jafc.1c03314,https://doi.org/10.1021/acs.jafc.1c03314,Multiple CAS hits; exact SMILES used to disambiguate.,,human_only,41
PAIR_0041,110-38-3__141-78-6,110-38-3,141-78-6,CCCCCCCCCC(=O)OCC,CCOC(=O)C,ethyl decanoate,Ethyl acetate,Homo sapiens,hOR8D1,110.0,0.0,0.0,True,True,True,1.0,0.0,both non-responsive,Low,https://doi.org/10.1021/acs.jafc.1c03314,https://doi.org/10.1021/acs.jafc.1c03314,Multiple CAS hits; exact SMILES used to disambiguate.,,human_only,41
PAIR_0042,112-14-1__141-78-6,112-14-1,141-78-6,CCCCCCCCOC(=O)C,CCOC(=O)C,octyl acetate,Ethyl acetate,Homo sapiens,OR1L6,258.0,0.0,,True,False,False,,,A tested / B untested,Low,https://doi.org/10.1038/sdata.2015.2,,,b_untested,human_only,42
PAIR_0042,112-14-1__141-78-6,112-14-1,141-78-6,CCCCCCCCOC(=O)C,CCOC(=O)C,octyl acetate,Ethyl acetate,Homo sapiens,hOR10A2,134.0,0.0,,True,False,False,,,A tested / B untested,Low,https://doi.org/10.1038/sdata.2015.2,,,b_untested,human_only,42
PAIR_0042,112-14-1__141-78-6,112-14-1,141-78-6,CCCCCCCCOC(=O)C,CCOC(=O)C,octyl acetate,Ethyl acetate,Homo sapiens,hOR10A3,338.0,0.0,,True,False,False,,,A tested / B untested,Low,https://doi.org/10.1038/sdata.2015.2,,,b_untested,human_only,42
PAIR_0042,112-14-1__141-78-6,112-14-1,141-78-6,CCCCCCCCOC(=O)C,CCOC(=O)C,octyl acetate,Ethyl acetate,Homo sapiens,hOR10A5,506.0,0.0,,True,False,False,,,A tested / B untested,Low,https://doi.org/10.1038/sdata.2015.2,,,b_untested,human_only,42
PAIR_0042,112-14-1__141-78-6,112-14-1,141-78-6,CCCCCCCCOC(=O)C,CCOC(=O)C,octyl acetate,Ethyl acetate,Homo sapiens,hOR10A6,181.0,0.0,,True,False,False,,,A tested / B untested,Low,https://doi.org/10.1038/sdata.2015.2,,,b_untested,human_only,42
PAIR_0042,112-14-1__141-78-6,112-14-1,141-78-6,CCCCCCCCOC(=O)C,CCOC(=O)C,octyl acetate,Ethyl acetate,Homo sapiens,hOR10A7,210.0,0.0,,True,False,False,,,A tested / B untested,Low,https://doi.org/10.1038/sdata.2015.2,,,b_untested,human_only,42
PAIR_0042,112-14-1__141-78-6,112-14-1,141-78-6,CCCCCCCCOC(=O)C,CCOC(=O)C,octyl acetate,Ethyl acetate,Homo sapiens,hOR10AG1,207.0,0.0,,True,False,False,,,A tested / B untested,Low,https://doi.org/10.1038/sdata.2015.2,,,b_untested,human_only,42
PAIR_0042,112-14-1__141-78-6,112-14-1,141-78-6,CCCCCCCCOC(=O)C,CCOC(=O)C,octyl acetate,Ethyl acetate,Homo sapiens,hOR10C1,49.0,0.0,,True,False,False,,,A tested / B untested,Low,https://doi.org/10.1038/sdata.2015.2,,,b_untested,human_only,42
PAIR_0042,112-14-1__141-78-6,112-14-1,141-78-6,CCCCCCCCOC(=O)C,CCOC(=O)C,octyl acetate,Ethyl acetate,Homo sapiens,hOR10G6,82.0,0.0,,True,False,False,,,A tested / B untested,Low,https://doi.org/10.1038/sdata.2015.2,,,b_untested,human_only,42
PAIR_0042,112-14-1__141-78-6,112-14-1,141-78-6,CCCCCCCCOC(=O)C,CCOC(=O)C,octyl acetate,Ethyl acetate,Homo sapiens,hOR10G7,371.0,1.0,,True,False,False,,,A tested / B untested,Low,https://doi.org/10.1038/sdata.2015.2,,,b_untested,human_only,42
PAIR_0042,112-14-1__141-78-6,112-14-1,141-78-6,CCCCCCCCOC(=O)C,CCOC(=O)C,octyl acetate,Ethyl acetate,Homo sapiens,hOR10G8,315.0,0.0,,True,False,False,,,A tested / B untested,Low,https://doi.org/10.1038/sdata.2015.2,,,b_untested,human_only,42
PAIR_0042,112-14-1__141-78-6,112-14-1,141-78-6,CCCCCCCCOC(=O)C,CCOC(=O)C,octyl acetate,Ethyl acetate,Homo sapiens,hOR10H1,107.0,0.0,,True,False,False,,,A tested / B untested,Low,https://doi.org/10.1038/sdata.2015.2,,,b_untested,human_only,42
PAIR_0042,112-14-1__141-78-6,112-14-1,141-78-6,CCCCCCCCOC(=O)C,CCOC(=O)C,octyl acetate,Ethyl acetate,Homo sapiens,hOR10H3,439.0,0.0,,True,False,False,,,A tested / B untested,Low,https://doi.org/10.1038/sdata.2015.2,,,b_untested,human_only,42
PAIR_0042,112-14-1__141-78-6,112-14-1,141-78-6,CCCCCCCCOC(=O)C,CCOC(=O)C,octyl acetate,Ethyl acetate,Homo sapiens,hOR10H4,131.0,0.0,,True,False,False,,,A tested / B untested,Low,https://doi.org/10.1038/sdata.2015.2,,,b_untested,human_only,42
PAIR_0042,112-14-1__141-78-6,112-14-1,141-78-6,CCCCCCCCOC(=O)C,CCOC(=O)C,octyl acetate,Ethyl acetate,Homo sapiens,hOR10J1,498.0,0.0,,True,False,False,,,A tested / B untested,Low,https://doi.org/10.1038/sdata.2015.2,,,b_untested,human_only,42
PAIR_0042,112-14-1__141-78-6,112-14-1,141-78-6,CCCCCCCCOC(=O)C,CCOC(=O)C,octyl acetate,Ethyl acetate,Homo sapiens,hOR10J3,378.0,0.0,,True,False,False,,,A tested / B untested,Low,https://doi.org/10.1038/sdata.2015.2,,,b_untested,human_only,42
PAIR_0042,112-14-1__141-78-6,112-14-1,141-78-6,CCCCCCCCOC(=O)C,CCOC(=O)C,octyl acetate,Ethyl acetate,Homo sapiens,hOR10J5,25.0,0.0,,True,False,False,,,A tested / B untested,Low,https://doi.org/10.1038/sdata.2015.2,,,b_untested,human_only,42
PAIR_0042,112-14-1__141-78-6,112-14-1,141-78-6,CCCCCCCCOC(=O)C,CCOC(=O)C,octyl acetate,Ethyl acetate,Homo sapiens,hOR10K1,12.0,0.0,,True,False,False,,,A tested / B untested,Low,https://doi.org/10.1038/sdata.2015.2,,,b_untested,human_only,42
PAIR_0042,112-14-1__141-78-6,112-14-1,141-78-6,CCCCCCCCOC(=O)C,CCOC(=O)C,octyl acetate,Ethyl acetate,Homo sapiens,hOR10K2,30.0,0.0,,True,False,False,,,A tested / B untested,Low,https://doi.org/10.1038/sdata.2015.2,,,b_untested,human_only,42
PAIR_0042,112-14-1__141-78-6,112-14-1,141-78-6,CCCCCCCCOC(=O)C,CCOC(=O)C,octyl acetate,Ethyl acetate,Homo sapiens,hOR10P1,211.0,0.0,,True,False,False,,,A tested / B untested,Low,https://doi.org/10.1038/sdata.2015.2,,,b_untested,human_only,42
PAIR_0042,112-14-1__141-78-6,112-14-1,141-78-6,CCCCCCCCOC(=O)C,CCOC(=O)C,octyl acetate,Ethyl acetate,Homo sapiens,hOR10Q1,166.0,0.0,,True,False,False,,,A tested / B untested,Low,https://doi.org/10.1038/sdata.2015.2,,,b_untested,human_only,42
PAIR_0042,112-14-1__141-78-6,112-14-1,141-78-6,CCCCCCCCOC(=O)C,CCOC(=O)C,octyl acetate,Ethyl acetate,Homo sapiens,hOR10R2,321.0,0.0,,True,False,False,,,A tested / B untested,Medium,https://doi.org/10.1038/sdata.2015.2,,,b_untested,human_only,42
PAIR_0042,112-14-1__141-78-6,112-14-1,141-78-6,CCCCCCCCOC(=O)C,CCOC(=O)C,octyl acetate,Ethyl acetate,Homo sapiens,hOR10T2,21.0,0.0,,True,False,False,,,A tested / B untested,Low,https://doi.org/10.1038/sdata.2015.2,,,b_untested,human_only,42
PAIR_0042,112-14-1__141-78-6,112-14-1,141-78-6,CCCCCCCCOC(=O)C,CCOC(=O)C,octyl acetate,Ethyl acetate,Homo sapiens,hOR10X1,257.0,0.0,,True,False,False,,,A tested / B untested,Low,https://doi.org/10.1038/sdata.2015.2,,,b_untested,human_only,42
PAIR_0042,112-14-1__141-78-6,112-14-1,141-78-6,CCCCCCCCOC(=O)C,CCOC(=O)C,octyl acetate,Ethyl acetate,Homo sapiens,hOR10Z1,14.0,0.0,,True,False,False,,,A tested / B untested,Low,https://doi.org/10.1038/sdata.2015.2,,,b_untested,human_only,42
PAIR_0042,112-14-1__141-78-6,112-14-1,141-78-6,CCCCCCCCOC(=O)C,CCOC(=O)C,octyl acetate,Ethyl acetate,Homo sapiens,hOR11A1,47.0,0.0,0.0,True,True,True,1.0,0.0,both non-responsive,Low,https://doi.org/10.1038/sdata.2015.2,https://pubs.acs.org/doi/10.1021/acs.jafc.4c01515,,,human_only,42
PAIR_0042,112-14-1__141-78-6,112-14-1,141-78-6,CCCCCCCCOC(=O)C,CCOC(=O)C,octyl acetate,Ethyl acetate,Homo sapiens,hOR11G2,499.0,0.0,,True,False,False,,,A tested / B untested,Low,https://doi.org/10.1038/sdata.2015.2,,,b_untested,human_only,42
PAIR_0042,112-14-1__141-78-6,112-14-1,141-78-6,CCCCCCCCOC(=O)C,CCOC(=O)C,octyl acetate,Ethyl acetate,Homo sapiens,hOR11H1,469.0,0.0,,True,False,False,,,A tested / B untested,Low,https://doi.org/10.1038/sdata.2015.2,,,b_untested,human_only,42
PAIR_0042,112-14-1__141-78-6,112-14-1,141-78-6,CCCCCCCCOC(=O)C,CCOC(=O)C,octyl acetate,Ethyl acetate,Homo sapiens,hOR11H12,248.0,0.0,,True,False,False,,,A tested / B untested,Low,https://doi.org/10.1038/sdata.2015.2,,,b_untested,human_only,42
PAIR_0042,112-14-1__141-78-6,112-14-1,141-78-6,CCCCCCCCOC(=O)C,CCOC(=O)C,octyl acetate,Ethyl acetate,Homo sapiens,hOR11H13,357.0,0.0,,True,False,False,,,A tested / B untested,Low,https://doi.org/10.1038/sdata.2015.2,,,b_untested,human_only,42
PAIR_0042,112-14-1__141-78-6,112-14-1,141-78-6,CCCCCCCCOC(=O)C,CCOC(=O)C,octyl acetate,Ethyl acetate,Homo sapiens,hOR11H4,218.0,0.0,,True,False,False,,,A tested / B untested,Low,https://doi.org/10.1038/sdata.2015.2,,,b_untested,human_only,42
PAIR_0042,112-14-1__141-78-6,112-14-1,141-78-6,CCCCCCCCOC(=O)C,CCOC(=O)C,octyl acetate,Ethyl acetate,Homo sapiens,hOR11H6,228.0,0.0,,True,False,False,,,A tested / B untested,Low,https://doi.org/10.1038/sdata.2015.2,,,b_untested,human_only,42
PAIR_0042,112-14-1__141-78-6,112-14-1,141-78-6,CCCCCCCCOC(=O)C,CCOC(=O)C,octyl acetate,Ethyl acetate,Homo sapiens,hOR12D2,58.0,0.0,,True,False,False,,,A tested / B untested,Low,https://doi.org/10.1038/sdata.2015.2,,,b_untested,human_only,42
PAIR_0042,112-14-1__141-78-6,112-14-1,141-78-6,CCCCCCCCOC(=O)C,CCOC(=O)C,octyl acetate,Ethyl acetate,Homo sapiens,hOR12D3,55.0,0.0,,True,False,False,,,A tested / B untested,Low,https://doi.org/10.1038/sdata.2015.2,,,b_untested,human_only,42
PAIR_0042,112-14-1__141-78-6,112-14-1,141-78-6,CCCCCCCCOC(=O)C,CCOC(=O)C,octyl acetate,Ethyl acetate,Homo sapiens,hOR13A1,81.0,0.0,,True,False,False,,,A tested / B untested,Low,https://doi.org/10.1038/sdata.2015.2,,,b_untested,human_only,42
PAIR_0042,112-14-1__141-78-6,112-14-1,141-78-6,CCCCCCCCOC(=O)C,CCOC(=O)C,octyl acetate,Ethyl acetate,Homo sapiens,hOR13C2,502.0,0.0,,True,False,False,,,A tested / B untested,Low,https://doi.org/10.1038/sdata.2015.2,,,b_untested,human_only,42
PAIR_0042,112-14-1__141-78-6,112-14-1,141-78-6,CCCCCCCCOC(=O)C,CCOC(=O)C,octyl acetate,Ethyl acetate,Homo sapiens,hOR13C3,307.0,0.0,,True,False,False,,,A tested / B untested,Low,https://doi.org/10.1038/sdata.2015.2,,,b_untested,human_only,42
PAIR_0042,112-14-1__141-78-6,112-14-1,141-78-6,CCCCCCCCOC(=O)C,CCOC(=O)C,octyl acetate,Ethyl acetate,Homo sapiens,hOR13C4,72.0,0.0,,True,False,False,,,A tested / B untested,Low,https://doi.org/10.1038/sdata.2015.2,,,b_untested,human_only,42
PAIR_0042,112-14-1__141-78-6,112-14-1,141-78-6,CCCCCCCCOC(=O)C,CCOC(=O)C,octyl acetate,Ethyl acetate,Homo sapiens,hOR13C8,73.0,0.0,,True,False,False,,,A tested / B untested,Low,https://doi.org/10.1038/sdata.2015.2,,,b_untested,human_only,42
PAIR_0042,112-14-1__141-78-6,112-14-1,141-78-6,CCCCCCCCOC(=O)C,CCOC(=O)C,octyl acetate,Ethyl acetate,Homo sapiens,hOR13D1,271.0,0.0,,True,False,False,,,A tested / B untested,Low,https://doi.org/10.1038/sdata.2015.2,,,b_untested,human_only,42
PAIR_0042,112-14-1__141-78-6,112-14-1,141-78-6,CCCCCCCCOC(=O)C,CCOC(=O)C,octyl acetate,Ethyl acetate,Homo sapiens,hOR13H1,413.0,0.0,,True,False,False,,,A tested / B untested,Low,https://doi.org/10.1038/sdata.2015.2,,,b_untested,human_only,42
PAIR_0042,112-14-1__141-78-6,112-14-1,141-78-6,CCCCCCCCOC(=O)C,CCOC(=O)C,octyl acetate,Ethyl acetate,Homo sapiens,hOR14A2,32.0,0.0,,True,False,False,,,A tested / B untested,Low,https://doi.org/10.1038/sdata.2015.2,,,b_untested,human_only,42
PAIR_0042,112-14-1__141-78-6,112-14-1,141-78-6,CCCCCCCCOC(=O)C,CCOC(=O)C,octyl acetate,Ethyl acetate,Homo sapiens,hOR14J1,160.0,0.0,,True,False,False,,,A tested / B untested,Low,https://doi.org/10.1038/sdata.2015.2,,,b_untested,human_only,42
PAIR_0042,112-14-1__141-78-6,112-14-1,141-78-6,CCCCCCCCOC(=O)C,CCOC(=O)C,octyl acetate,Ethyl acetate,Homo sapiens,hOR14K1,33.0,0.0,,True,False,False,,,A tested / B untested,Low,https://doi.org/10.1038/sdata.2015.2,,,b_untested,human_only,42
PAIR_0042,112-14-1__141-78-6,112-14-1,141-78-6,CCCCCCCCOC(=O)C,CCOC(=O)C,octyl acetate,Ethyl acetate,Homo sapiens,hOR14L1,17.0,0.0,,True,False,False,,,A tested / B untested,Low,https://doi.org/10.1038/sdata.2015.2,,,b_untested,human_only,42
PAIR_0042,112-14-1__141-78-6,112-14-1,141-78-6,CCCCCCCCOC(=O)C,CCOC(=O)C,octyl acetate,Ethyl acetate,Homo sapiens,hOR1A1,29.0,1.0,0.0,True,True,True,0.0,1.0,A only responsive,Medium,https://doi.org/10.1038/sdata.2015.2,https://doi.org/10.1093/chemse/bjw117,,,human_only,42
PAIR_0042,112-14-1__141-78-6,112-14-1,141-78-6,CCCCCCCCOC(=O)C,CCOC(=O)C,octyl acetate,Ethyl acetate,Homo sapiens,hOR1A2,111.0,0.0,,True,False,False,,,A tested / B untested,Low,https://doi.org/10.1038/sdata.2015.2,,,b_untested,human_only,42
PAIR_0042,112-14-1__141-78-6,112-14-1,141-78-6,CCCCCCCCOC(=O)C,CCOC(=O)C,octyl acetate,Ethyl acetate,Homo sapiens,hOR1C1,34.0,0.0,,True,False,False,,,A tested / B untested,Low,https://doi.org/10.1038/sdata.2015.2,,,b_untested,human_only,42
PAIR_0042,112-14-1__141-78-6,112-14-1,141-78-6,CCCCCCCCOC(=O)C,CCOC(=O)C,octyl acetate,Ethyl acetate,Homo sapiens,hOR1D2,283.0,0.0,,True,False,False,,,A tested / B untested,Low,https://doi.org/10.1038/sdata.2015.2,,,b_untested,human_only,42
PAIR_0042,112-14-1__141-78-6,112-14-1,141-78-6,CCCCCCCCOC(=O)C,CCOC(=O)C,octyl acetate,Ethyl acetate,Homo sapiens,hOR1D5,239.0,0.0,,True,False,False,,,A tested / B untested,Low,https://doi.org/10.1038/sdata.2015.2,,,b_untested,human_only,42
PAIR_0042,112-14-1__141-78-6,112-14-1,141-78-6,CCCCCCCCOC(=O)C,CCOC(=O)C,octyl acetate,Ethyl acetate,Homo sapiens,hOR1E1,213.0,0.0,,True,False,False,,,A tested / B untested,Low,https://doi.org/10.1038/sdata.2015.2,,,b_untested,human_only,42
PAIR_0042,112-14-1__141-78-6,112-14-1,141-78-6,CCCCCCCCOC(=O)C,CCOC(=O)C,octyl acetate,Ethyl acetate,Homo sapiens,hOR1E2,431.0,0.0,,True,False,False,,,A tested / B untested,Low,https://doi.org/10.1038/sdata.2015.2,,,b_untested,human_only,42
PAIR_0042,112-14-1__141-78-6,112-14-1,141-78-6,CCCCCCCCOC(=O)C,CCOC(=O)C,octyl acetate,Ethyl acetate,Homo sapiens,hOR1F12,487.0,0.0,,True,False,False,,,A tested / B untested,Low,https://doi.org/10.1038/sdata.2015.2,,,b_untested,human_only,42
PAIR_0042,112-14-1__141-78-6,112-14-1,141-78-6,CCCCCCCCOC(=O)C,CCOC(=O)C,octyl acetate,Ethyl acetate,Homo sapiens,hOR1G1,405.0,0.0,,True,False,False,,,A tested / B untested,Low,https://doi.org/10.1038/sdata.2015.2,,,b_untested,human_only,42
PAIR_0042,112-14-1__141-78-6,112-14-1,141-78-6,CCCCCCCCOC(=O)C,CCOC(=O)C,octyl acetate,Ethyl acetate,Homo sapiens,hOR1J1,488.0,0.0,,True,False,False,,,A tested / B untested,Low,https://doi.org/10.1038/sdata.2015.2,,,b_untested,human_only,42
PAIR_0042,112-14-1__141-78-6,112-14-1,141-78-6,CCCCCCCCOC(=O)C,CCOC(=O)C,octyl acetate,Ethyl acetate,Homo sapiens,hOR1J2,365.0,0.0,,True,False,False,,,A tested / B untested,Low,https://doi.org/10.1038/sdata.2015.2,,,b_untested,human_only,42
PAIR_0042,112-14-1__141-78-6,112-14-1,141-78-6,CCCCCCCCOC(=O)C,CCOC(=O)C,octyl acetate,Ethyl acetate,Homo sapiens,hOR1J4,352.0,0.0,,True,False,False,,,A tested / B untested,Low,https://doi.org/10.1038/sdata.2015.2,,,b_untested,human_only,42
PAIR_0042,112-14-1__141-78-6,112-14-1,141-78-6,CCCCCCCCOC(=O)C,CCOC(=O)C,octyl acetate,Ethyl acetate,Homo sapiens,hOR1K1,70.0,0.0,,True,False,False,,,A tested / B untested,Low,https://doi.org/10.1038/sdata.2015.2,,,b_untested,human_only,42
PAIR_0042,112-14-1__141-78-6,112-14-1,141-78-6,CCCCCCCCOC(=O)C,CCOC(=O)C,octyl acetate,Ethyl acetate,Homo sapiens,hOR1L1,287.0,0.0,,True,False,False,,,A tested / B untested,Low,https://doi.org/10.1038/sdata.2015.2,,,b_untested,human_only,42
PAIR_0042,112-14-1__141-78-6,112-14-1,141-78-6,CCCCCCCCOC(=O)C,CCOC(=O)C,octyl acetate,Ethyl acetate,Homo sapiens,hOR1L3,71.0,0.0,,True,False,False,,,A tested / B untested,Low,https://doi.org/10.1038/sdata.2015.2,,,b_untested,human_only,42
PAIR_0042,112-14-1__141-78-6,112-14-1,141-78-6,CCCCCCCCOC(=O)C,CCOC(=O)C,octyl acetate,Ethyl acetate,Homo sapiens,hOR1L8,69.0,0.0,,True,False,False,,,A tested / B untested,Low,https://doi.org/10.1038/sdata.2015.2,,,b_untested,human_only,42
PAIR_0042,112-14-1__141-78-6,112-14-1,141-78-6,CCCCCCCCOC(=O)C,CCOC(=O)C,octyl acetate,Ethyl acetate,Homo sapiens,hOR1M1,164.0,0.0,,True,False,False,,,A tested / B untested,Low,https://doi.org/10.1038/sdata.2015.2,,,b_untested,human_only,42
PAIR_0042,112-14-1__141-78-6,112-14-1,141-78-6,CCCCCCCCOC(=O)C,CCOC(=O)C,octyl acetate,Ethyl acetate,Homo sapiens,hOR1N1,382.0,0.0,,True,False,False,,,A tested / B untested,Low,https://doi.org/10.1038/sdata.2015.2,,,b_untested,human_only,42
PAIR_0042,112-14-1__141-78-6,112-14-1,141-78-6,CCCCCCCCOC(=O)C,CCOC(=O)C,octyl acetate,Ethyl acetate,Homo sapiens,hOR1N2,421.0,0.0,,True,False,False,,,A tested / B untested,Low,https://doi.org/10.1038/sdata.2015.2,,,b_untested,human_only,42
PAIR_0042,112-14-1__141-78-6,112-14-1,141-78-6,CCCCCCCCOC(=O)C,CCOC(=O)C,octyl acetate,Ethyl acetate,Homo sapiens,hOR1S1,376.0,0.0,,True,False,False,,,A tested / B untested,Low,https://doi.org/10.1038/sdata.2015.2,,,b_untested,human_only,42
PAIR_0042,112-14-1__141-78-6,112-14-1,141-78-6,CCCCCCCCOC(=O)C,CCOC(=O)C,octyl acetate,Ethyl acetate,Homo sapiens,hOR1S2,20.0,0.0,,True,False,False,,,A tested / B untested,Low,https://doi.org/10.1038/sdata.2015.2,,,b_untested,human_only,42
PAIR_0042,112-14-1__141-78-6,112-14-1,141-78-6,CCCCCCCCOC(=O)C,CCOC(=O)C,octyl acetate,Ethyl acetate,Homo sapiens,hOR2A1,61.0,0.0,,True,False,False,,,A tested / B untested,Low,https://doi.org/10.1038/sdata.2015.2,,,b_untested,human_only,42
PAIR_0042,112-14-1__141-78-6,112-14-1,141-78-6,CCCCCCCCOC(=O)C,CCOC(=O)C,octyl acetate,Ethyl acetate,Homo sapiens,hOR2A12,67.0,0.0,,True,False,False,,,A tested / B untested,Low,https://doi.org/10.1038/sdata.2015.2,,,b_untested,human_only,42
PAIR_0042,112-14-1__141-78-6,112-14-1,141-78-6,CCCCCCCCOC(=O)C,CCOC(=O)C,octyl acetate,Ethyl acetate,Homo sapiens,hOR2A14,66.0,0.0,,True,False,False,,,A tested / B untested,Low,https://doi.org/10.1038/sdata.2015.2,,,b_untested,human_only,42
PAIR_0042,112-14-1__141-78-6,112-14-1,141-78-6,CCCCCCCCOC(=O)C,CCOC(=O)C,octyl acetate,Ethyl acetate,Homo sapiens,hOR2A2,394.0,0.0,,True,False,False,,,A tested / B untested,Low,https://doi.org/10.1038/sdata.2015.2,,,b_untested,human_only,42
PAIR_0042,112-14-1__141-78-6,112-14-1,141-78-6,CCCCCCCCOC(=O)C,CCOC(=O)C,octyl acetate,Ethyl acetate,Homo sapiens,hOR2A25,302.0,0.0,,True,False,False,,,A tested / B untested,Low,https://doi.org/10.1038/sdata.2015.2,,,b_untested,human_only,42
PAIR_0042,112-14-1__141-78-6,112-14-1,141-78-6,CCCCCCCCOC(=O)C,CCOC(=O)C,octyl acetate,Ethyl acetate,Homo sapiens,hOR2A4,299.0,0.0,,True,False,False,,,A tested / B untested,Low,https://doi.org/10.1038/sdata.2015.2,,,b_untested,human_only,42
PAIR_0042,112-14-1__141-78-6,112-14-1,141-78-6,CCCCCCCCOC(=O)C,CCOC(=O)C,octyl acetate,Ethyl acetate,Homo sapiens,hOR2A42,473.0,0.0,,True,False,False,,,A tested / B untested,Low,https://doi.org/10.1038/sdata.2015.2,,,b_untested,human_only,42
PAIR_0042,112-14-1__141-78-6,112-14-1,141-78-6,CCCCCCCCOC(=O)C,CCOC(=O)C,octyl acetate,Ethyl acetate,Homo sapiens,hOR2A5,359.0,0.0,,True,False,False,,,A tested / B untested,Low,https://doi.org/10.1038/sdata.2015.2,,,b_untested,human_only,42
PAIR_0042,112-14-1__141-78-6,112-14-1,141-78-6,CCCCCCCCOC(=O)C,CCOC(=O)C,octyl acetate,Ethyl acetate,Homo sapiens,hOR2A7,5.0,0.0,,True,False,False,,,A tested / B untested,Low,https://doi.org/10.1038/sdata.2015.2,,,b_untested,human_only,42
PAIR_0042,112-14-1__141-78-6,112-14-1,141-78-6,CCCCCCCCOC(=O)C,CCOC(=O)C,octyl acetate,Ethyl acetate,Homo sapiens,hOR2AG1,85.0,0.0,,True,False,False,,,A tested / B untested,Low,https://doi.org/10.1038/sdata.2015.2,,,b_untested,human_only,42
PAIR_0042,112-14-1__141-78-6,112-14-1,141-78-6,CCCCCCCCOC(=O)C,CCOC(=O)C,octyl acetate,Ethyl acetate,Homo sapiens,hOR2AG2,427.0,0.0,,True,False,False,,,A tested / B untested,Low,https://doi.org/10.1038/sdata.2015.2,,,b_untested,human_only,42
PAIR_0042,112-14-1__141-78-6,112-14-1,141-78-6,CCCCCCCCOC(=O)C,CCOC(=O)C,octyl acetate,Ethyl acetate,Homo sapiens,hOR2AP1,212.0,0.0,,True,False,False,,,A tested / B untested,Low,https://doi.org/10.1038/sdata.2015.2,,,b_untested,human_only,42
PAIR_0042,112-14-1__141-78-6,112-14-1,141-78-6,CCCCCCCCOC(=O)C,CCOC(=O)C,octyl acetate,Ethyl acetate,Homo sapiens,hOR2AT4,436.0,0.0,,True,False,False,,,A tested / B untested,Low,https://doi.org/10.1038/sdata.2015.2,,,b_untested,human_only,42
PAIR_0042,112-14-1__141-78-6,112-14-1,141-78-6,CCCCCCCCOC(=O)C,CCOC(=O)C,octyl acetate,Ethyl acetate,Homo sapiens,hOR2B11,339.0,0.0,,True,False,False,,,A tested / B untested,Low,https://doi.org/10.1038/sdata.2015.2,,,b_untested,human_only,42
PAIR_0042,112-14-1__141-78-6,112-14-1,141-78-6,CCCCCCCCOC(=O)C,CCOC(=O)C,octyl acetate,Ethyl acetate,Homo sapiens,hOR2B2,150.0,0.0,,True,False,False,,,A tested / B untested,Low,https://doi.org/10.1038/sdata.2015.2,,,b_untested,human_only,42
PAIR_0042,112-14-1__141-78-6,112-14-1,141-78-6,CCCCCCCCOC(=O)C,CCOC(=O)C,octyl acetate,Ethyl acetate,Homo sapiens,hOR2B3,48.0,0.0,,True,False,False,,,A tested / B untested,Low,https://doi.org/10.1038/sdata.2015.2,,,b_untested,human_only,42
PAIR_0042,112-14-1__141-78-6,112-14-1,141-78-6,CCCCCCCCOC(=O)C,CCOC(=O)C,octyl acetate,Ethyl acetate,Homo sapiens,hOR2B6,358.0,0.0,,True,False,False,,,A tested / B untested,Low,https://doi.org/10.1038/sdata.2015.2,,,b_untested,human_only,42
PAIR_0042,112-14-1__141-78-6,112-14-1,141-78-6,CCCCCCCCOC(=O)C,CCOC(=O)C,octyl acetate,Ethyl acetate,Homo sapiens,hOR2C1,328.0,0.0,,True,False,False,,,A tested / B untested,Low,https://doi.org/10.1038/sdata.2015.2,,,b_untested,human_only,42
PAIR_0042,112-14-1__141-78-6,112-14-1,141-78-6,CCCCCCCCOC(=O)C,CCOC(=O)C,octyl acetate,Ethyl acetate,Homo sapiens,hOR2D2,193.0,0.0,,True,False,False,,,A tested / B untested,Low,https://doi.org/10.1038/sdata.2015.2,,,b_untested,human_only,42
PAIR_0042,112-14-1__141-78-6,112-14-1,141-78-6,CCCCCCCCOC(=O)C,CCOC(=O)C,octyl acetate,Ethyl acetate,Homo sapiens,hOR2F1,65.0,0.0,,True,False,False,,,A tested / B untested,Low,https://doi.org/10.1038/sdata.2015.2,,,b_untested,human_only,42
PAIR_0042,112-14-1__141-78-6,112-14-1,141-78-6,CCCCCCCCOC(=O)C,CCOC(=O)C,octyl acetate,Ethyl acetate,Homo sapiens,hOR2G2,298.0,0.0,,True,False,False,,,A tested / B untested,Low,https://doi.org/10.1038/sdata.2015.2,,,b_untested,human_only,42
PAIR_0042,112-14-1__141-78-6,112-14-1,141-78-6,CCCCCCCCOC(=O)C,CCOC(=O)C,octyl acetate,Ethyl acetate,Homo sapiens,hOR2G3,292.0,0.0,,True,False,False,,,A tested / B untested,Medium,https://doi.org/10.1038/sdata.2015.2,,,b_untested,human_only,42
PAIR_0042,112-14-1__141-78-6,112-14-1,141-78-6,CCCCCCCCOC(=O)C,CCOC(=O)C,octyl acetate,Ethyl acetate,Homo sapiens,hOR2G6,404.0,0.0,,True,False,False,,,A tested / B untested,Low,https://doi.org/10.1038/sdata.2015.2,,,b_untested,human_only,42
PAIR_0042,112-14-1__141-78-6,112-14-1,141-78-6,CCCCCCCCOC(=O)C,CCOC(=O)C,octyl acetate,Ethyl acetate,Homo sapiens,hOR2H1,311.0,0.0,,True,False,False,,,A tested / B untested,Low,https://doi.org/10.1038/sdata.2015.2,,,b_untested,human_only,42
PAIR_0042,112-14-1__141-78-6,112-14-1,141-78-6,CCCCCCCCOC(=O)C,CCOC(=O)C,octyl acetate,Ethyl acetate,Homo sapiens,hOR2H2,50.0,0.0,,True,False,False,,,A tested / B untested,Low,https://doi.org/10.1038/sdata.2015.2,,,b_untested,human_only,42
PAIR_0042,112-14-1__141-78-6,112-14-1,141-78-6,CCCCCCCCOC(=O)C,CCOC(=O)C,octyl acetate,Ethyl acetate,Homo sapiens,hOR2J1,261.0,0.0,,True,False,False,,,A tested / B untested,Low,https://doi.org/10.1038/sdata.2015.2,,,b_untested,human_only,42
PAIR_0042,112-14-1__141-78-6,112-14-1,141-78-6,CCCCCCCCOC(=O)C,CCOC(=O)C,octyl acetate,Ethyl acetate,Homo sapiens,hOR2J2,324.0,0.0,,True,False,False,,,A tested / B untested,Low,https://doi.org/10.1038/sdata.2015.2,,,b_untested,human_only,42
PAIR_0042,112-14-1__141-78-6,112-14-1,141-78-6,CCCCCCCCOC(=O)C,CCOC(=O)C,octyl acetate,Ethyl acetate,Homo sapiens,hOR2K2,373.0,0.0,,True,False,False,,,A tested / B untested,Low,https://doi.org/10.1038/sdata.2015.2,,,b_untested,human_only,42
PAIR_0042,112-14-1__141-78-6,112-14-1,141-78-6,CCCCCCCCOC(=O)C,CCOC(=O)C,octyl acetate,Ethyl acetate,Homo sapiens,hOR2L13,6.0,0.0,,True,False,False,,,A tested / B untested,Low,https://doi.org/10.1038/sdata.2015.2,,,b_untested,human_only,42
PAIR_0042,112-14-1__141-78-6,112-14-1,141-78-6,CCCCCCCCOC(=O)C,CCOC(=O)C,octyl acetate,Ethyl acetate,Homo sapiens,hOR2L2,383.0,0.0,,True,False,False,,,A tested / B untested,Low,https://doi.org/10.1038/sdata.2015.2,,,b_untested,human_only,42
PAIR_0042,112-14-1__141-78-6,112-14-1,141-78-6,CCCCCCCCOC(=O)C,CCOC(=O)C,octyl acetate,Ethyl acetate,Homo sapiens,hOR2L3,440.0,0.0,,True,False,False,,,A tested / B untested,Low,https://doi.org/10.1038/sdata.2015.2,,,b_untested,human_only,42
PAIR_0042,112-14-1__141-78-6,112-14-1,141-78-6,CCCCCCCCOC(=O)C,CCOC(=O)C,octyl acetate,Ethyl acetate,Homo sapiens,hOR2L5,489.0,0.0,,True,False,False,,,A tested / B untested,Low,https://doi.org/10.1038/sdata.2015.2,,,b_untested,human_only,42
PAIR_0042,112-14-1__141-78-6,112-14-1,141-78-6,CCCCCCCCOC(=O)C,CCOC(=O)C,octyl acetate,Ethyl acetate,Homo sapiens,hOR2L8,429.0,0.0,,True,False,False,,,A tested / B untested,Low,https://doi.org/10.1038/sdata.2015.2,,,b_untested,human_only,42
PAIR_0042,112-14-1__141-78-6,112-14-1,141-78-6,CCCCCCCCOC(=O)C,CCOC(=O)C,octyl acetate,Ethyl acetate,Homo sapiens,hOR2M3,40.0,0.0,0.0,True,True,True,1.0,0.0,both non-responsive,Low,https://doi.org/10.1038/sdata.2015.2,https://doi.org/10.1093/chemse/bjw118,,,human_only,42
PAIR_0042,112-14-1__141-78-6,112-14-1,141-78-6,CCCCCCCCOC(=O)C,CCOC(=O)C,octyl acetate,Ethyl acetate,Homo sapiens,hOR2M4,39.0,0.0,,True,False,False,,,A tested / B untested,Medium,https://doi.org/10.1038/sdata.2015.2,,,b_untested,human_only,42
PAIR_0042,112-14-1__141-78-6,112-14-1,141-78-6,CCCCCCCCOC(=O)C,CCOC(=O)C,octyl acetate,Ethyl acetate,Homo sapiens,hOR2M5,128.0,0.0,,True,False,False,,,A tested / B untested,Low,https://doi.org/10.1038/sdata.2015.2,,,b_untested,human_only,42
PAIR_0042,112-14-1__141-78-6,112-14-1,141-78-6,CCCCCCCCOC(=O)C,CCOC(=O)C,octyl acetate,Ethyl acetate,Homo sapiens,hOR2M7,284.0,0.0,,True,False,False,,,A tested / B untested,Low,https://doi.org/10.1038/sdata.2015.2,,,b_untested,human_only,42
PAIR_0042,112-14-1__141-78-6,112-14-1,141-78-6,CCCCCCCCOC(=O)C,CCOC(=O)C,octyl acetate,Ethyl acetate,Homo sapiens,hOR2S2,381.0,0.0,,True,False,False,,,A tested / B untested,Low,https://doi.org/10.1038/sdata.2015.2,,,b_untested,human_only,42
PAIR_0042,112-14-1__141-78-6,112-14-1,141-78-6,CCCCCCCCOC(=O)C,CCOC(=O)C,octyl acetate,Ethyl acetate,Homo sapiens,hOR2T10,36.0,0.0,,True,False,False,,,A tested / B untested,Low,https://doi.org/10.1038/sdata.2015.2,,,b_untested,human_only,42
PAIR_0042,112-14-1__141-78-6,112-14-1,141-78-6,CCCCCCCCOC(=O)C,CCOC(=O)C,octyl acetate,Ethyl acetate,Homo sapiens,hOR2T2,471.0,0.0,,True,False,False,,,A tested / B untested,Low,https://doi.org/10.1038/sdata.2015.2,,,b_untested,human_only,42
PAIR_0042,112-14-1__141-78-6,112-14-1,141-78-6,CCCCCCCCOC(=O)C,CCOC(=O)C,octyl acetate,Ethyl acetate,Homo sapiens,hOR2T29,455.0,0.0,,True,False,False,,,A tested / B untested,Low,https://doi.org/10.1038/sdata.2015.2,,,b_untested,human_only,42
PAIR_0042,112-14-1__141-78-6,112-14-1,141-78-6,CCCCCCCCOC(=O)C,CCOC(=O)C,octyl acetate,Ethyl acetate,Homo sapiens,hOR2T3,317.0,0.0,,True,False,False,,,A tested / B untested,Low,https://doi.org/10.1038/sdata.2015.2,,,b_untested,human_only,42
PAIR_0042,112-14-1__141-78-6,112-14-1,141-78-6,CCCCCCCCOC(=O)C,CCOC(=O)C,octyl acetate,Ethyl acetate,Homo sapiens,hOR2T34,37.0,0.0,,True,False,False,,,A tested / B untested,Low,https://doi.org/10.1038/sdata.2015.2,,,b_untested,human_only,42
PAIR_0042,112-14-1__141-78-6,112-14-1,141-78-6,CCCCCCCCOC(=O)C,CCOC(=O)C,octyl acetate,Ethyl acetate,Homo sapiens,hOR2T4,276.0,0.0,,True,False,False,,,A tested / B untested,Low,https://doi.org/10.1038/sdata.2015.2,,,b_untested,human_only,42
PAIR_0042,112-14-1__141-78-6,112-14-1,141-78-6,CCCCCCCCOC(=O)C,CCOC(=O)C,octyl acetate,Ethyl acetate,Homo sapiens,hOR2T5,411.0,0.0,,True,False,False,,,A tested / B untested,Medium,https://doi.org/10.1038/sdata.2015.2,,,b_untested,human_only,42
PAIR_0042,112-14-1__141-78-6,112-14-1,141-78-6,CCCCCCCCOC(=O)C,CCOC(=O)C,octyl acetate,Ethyl acetate,Homo sapiens,hOR2T8,478.0,0.0,,True,False,False,,,A tested / B untested,Low,https://doi.org/10.1038/sdata.2015.2,,,b_untested,human_only,42
PAIR_0042,112-14-1__141-78-6,112-14-1,141-78-6,CCCCCCCCOC(=O)C,CCOC(=O)C,octyl acetate,Ethyl acetate,Homo sapiens,hOR2V1,503.0,0.0,,True,False,False,,,A tested / B untested,Low,https://doi.org/10.1038/sdata.2015.2,,,b_untested,human_only,42
PAIR_0042,112-14-1__141-78-6,112-14-1,141-78-6,CCCCCCCCOC(=O)C,CCOC(=O)C,octyl acetate,Ethyl acetate,Homo sapiens,hOR2W1,51.0,0.0,0.0,True,True,True,1.0,0.0,both non-responsive,Medium,https://doi.org/10.1038/sdata.2015.2,https://doi.org/10.1016/j.foodchem.2021.131680 | https://doi.org/10.1093/chemse/bjw117,,,human_only,42
PAIR_0042,112-14-1__141-78-6,112-14-1,141-78-6,CCCCCCCCOC(=O)C,CCOC(=O)C,octyl acetate,Ethyl acetate,Homo sapiens,hOR2W5,422.0,0.0,,True,False,False,,,A tested / B untested,Low,https://doi.org/10.1038/sdata.2015.2,,,b_untested,human_only,42
PAIR_0042,112-14-1__141-78-6,112-14-1,141-78-6,CCCCCCCCOC(=O)C,CCOC(=O)C,octyl acetate,Ethyl acetate,Homo sapiens,hOR2Z1,243.0,0.0,,True,False,False,,,A tested / B untested,Low,https://doi.org/10.1038/sdata.2015.2,,,b_untested,human_only,42
PAIR_0042,112-14-1__141-78-6,112-14-1,141-78-6,CCCCCCCCOC(=O)C,CCOC(=O)C,octyl acetate,Ethyl acetate,Homo sapiens,hOR3A1,483.0,0.0,,True,False,False,,,A tested / B untested,Low,https://doi.org/10.1038/sdata.2015.2,,,b_untested,human_only,42
PAIR_0042,112-14-1__141-78-6,112-14-1,141-78-6,CCCCCCCCOC(=O)C,CCOC(=O)C,octyl acetate,Ethyl acetate,Homo sapiens,hOR3A2,238.0,0.0,,True,False,False,,,A tested / B untested,Low,https://doi.org/10.1038/sdata.2015.2,,,b_untested,human_only,42
PAIR_0042,112-14-1__141-78-6,112-14-1,141-78-6,CCCCCCCCOC(=O)C,CCOC(=O)C,octyl acetate,Ethyl acetate,Homo sapiens,hOR3A3,457.0,0.0,,True,False,False,,,A tested / B untested,Low,https://doi.org/10.1038/sdata.2015.2,,,b_untested,human_only,42
PAIR_0042,112-14-1__141-78-6,112-14-1,141-78-6,CCCCCCCCOC(=O)C,CCOC(=O)C,octyl acetate,Ethyl acetate,Homo sapiens,hOR4A16,432.0,0.0,,True,False,False,,,A tested / B untested,Low,https://doi.org/10.1038/sdata.2015.2,,,b_untested,human_only,42
PAIR_0042,112-14-1__141-78-6,112-14-1,141-78-6,CCCCCCCCOC(=O)C,CCOC(=O)C,octyl acetate,Ethyl acetate,Homo sapiens,hOR4A4,425.0,0.0,,True,False,False,,,A tested / B untested,Low,https://doi.org/10.1038/sdata.2015.2,,,b_untested,human_only,42
PAIR_0042,112-14-1__141-78-6,112-14-1,141-78-6,CCCCCCCCOC(=O)C,CCOC(=O)C,octyl acetate,Ethyl acetate,Homo sapiens,hOR4A5,484.0,0.0,,True,False,False,,,A tested / B untested,Low,https://doi.org/10.1038/sdata.2015.2,,,b_untested,human_only,42
PAIR_0042,112-14-1__141-78-6,112-14-1,141-78-6,CCCCCCCCOC(=O)C,CCOC(=O)C,octyl acetate,Ethyl acetate,Homo sapiens,hOR4B1,153.0,0.0,,True,False,False,,,A tested / B untested,Low,https://doi.org/10.1038/sdata.2015.2,,,b_untested,human_only,42
PAIR_0042,112-14-1__141-78-6,112-14-1,141-78-6,CCCCCCCCOC(=O)C,CCOC(=O)C,octyl acetate,Ethyl acetate,Homo sapiens,hOR4C11,203.0,0.0,,True,False,False,,,A tested / B untested,Low,https://doi.org/10.1038/sdata.2015.2,,,b_untested,human_only,42
PAIR_0042,112-14-1__141-78-6,112-14-1,141-78-6,CCCCCCCCOC(=O)C,CCOC(=O)C,octyl acetate,Ethyl acetate,Homo sapiens,hOR4C15,269.0,0.0,,True,False,False,,,A tested / B untested,Low,https://doi.org/10.1038/sdata.2015.2,,,b_untested,human_only,42
PAIR_0042,112-14-1__141-78-6,112-14-1,141-78-6,CCCCCCCCOC(=O)C,CCOC(=O)C,octyl acetate,Ethyl acetate,Homo sapiens,hOR4C3,236.0,0.0,,True,False,False,,,A tested / B untested,Low,https://doi.org/10.1038/sdata.2015.2,,,b_untested,human_only,42
PAIR_0042,112-14-1__141-78-6,112-14-1,141-78-6,CCCCCCCCOC(=O)C,CCOC(=O)C,octyl acetate,Ethyl acetate,Homo sapiens,hOR4C5,251.0,0.0,,True,False,False,,,A tested / B untested,Low,https://doi.org/10.1038/sdata.2015.2,,,b_untested,human_only,42
PAIR_0042,112-14-1__141-78-6,112-14-1,141-78-6,CCCCCCCCOC(=O)C,CCOC(=O)C,octyl acetate,Ethyl acetate,Homo sapiens,hOR4C6,188.0,0.0,,True,False,False,,,A tested / B untested,Low,https://doi.org/10.1038/sdata.2015.2,,,b_untested,human_only,42
PAIR_0042,112-14-1__141-78-6,112-14-1,141-78-6,CCCCCCCCOC(=O)C,CCOC(=O)C,octyl acetate,Ethyl acetate,Homo sapiens,hOR4D1,259.0,0.0,,True,False,False,,,A tested / B untested,Low,https://doi.org/10.1038/sdata.2015.2,,,b_untested,human_only,42
PAIR_0042,112-14-1__141-78-6,112-14-1,141-78-6,CCCCCCCCOC(=O)C,CCOC(=O)C,octyl acetate,Ethyl acetate,Homo sapiens,hOR4D10,139.0,0.0,,True,False,False,,,A tested / B untested,Low,https://doi.org/10.1038/sdata.2015.2,,,b_untested,human_only,42
PAIR_0042,112-14-1__141-78-6,112-14-1,141-78-6,CCCCCCCCOC(=O)C,CCOC(=O)C,octyl acetate,Ethyl acetate,Homo sapiens,hOR4D11,202.0,0.0,,True,False,False,,,A tested / B untested,Low,https://doi.org/10.1038/sdata.2015.2,,,b_untested,human_only,42
PAIR_0042,112-14-1__141-78-6,112-14-1,141-78-6,CCCCCCCCOC(=O)C,CCOC(=O)C,octyl acetate,Ethyl acetate,Homo sapiens,hOR4D5,94.0,0.0,,True,False,False,,,A tested / B untested,Low,https://doi.org/10.1038/sdata.2015.2,,,b_untested,human_only,42
PAIR_0042,112-14-1__141-78-6,112-14-1,141-78-6,CCCCCCCCOC(=O)C,CCOC(=O)C,octyl acetate,Ethyl acetate,Homo sapiens,hOR4D9,180.0,0.0,,True,False,False,,,A tested / B untested,Low,https://doi.org/10.1038/sdata.2015.2,,,b_untested,human_only,42
PAIR_0042,112-14-1__141-78-6,112-14-1,141-78-6,CCCCCCCCOC(=O)C,CCOC(=O)C,octyl acetate,Ethyl acetate,Homo sapiens,hOR4F15,356.0,0.0,,True,False,False,,,A tested / B untested,Low,https://doi.org/10.1038/sdata.2015.2,,,b_untested,human_only,42
PAIR_0042,112-14-1__141-78-6,112-14-1,141-78-6,CCCCCCCCOC(=O)C,CCOC(=O)C,octyl acetate,Ethyl acetate,Homo sapiens,hOR4F16,45.0,0.0,,True,False,False,,,A tested / B untested,Low,https://doi.org/10.1038/sdata.2015.2,,,b_untested,human_only,42
PAIR_0042,112-14-1__141-78-6,112-14-1,141-78-6,CCCCCCCCOC(=O)C,CCOC(=O)C,octyl acetate,Ethyl acetate,Homo sapiens,hOR4F17,122.0,0.0,,True,False,False,,,A tested / B untested,Low,https://doi.org/10.1038/sdata.2015.2,,,b_untested,human_only,42
PAIR_0042,112-14-1__141-78-6,112-14-1,141-78-6,CCCCCCCCOC(=O)C,CCOC(=O)C,octyl acetate,Ethyl acetate,Homo sapiens,hOR4F21,481.0,0.0,,True,False,False,,,A tested / B untested,Low,https://doi.org/10.1038/sdata.2015.2,,,b_untested,human_only,42
PAIR_0042,112-14-1__141-78-6,112-14-1,141-78-6,CCCCCCCCOC(=O)C,CCOC(=O)C,octyl acetate,Ethyl acetate,Homo sapiens,hOR4F4,464.0,0.0,,True,False,False,,,A tested / B untested,Low,https://doi.org/10.1038/sdata.2015.2,,,b_untested,human_only,42
PAIR_0042,112-14-1__141-78-6,112-14-1,141-78-6,CCCCCCCCOC(=O)C,CCOC(=O)C,octyl acetate,Ethyl acetate,Homo sapiens,hOR4F5,466.0,0.0,,True,False,False,,,A tested / B untested,Low,https://doi.org/10.1038/sdata.2015.2,,,b_untested,human_only,42
PAIR_0042,112-14-1__141-78-6,112-14-1,141-78-6,CCCCCCCCOC(=O)C,CCOC(=O)C,octyl acetate,Ethyl acetate,Homo sapiens,hOR4F6,450.0,0.0,,True,False,False,,,A tested / B untested,Low,https://doi.org/10.1038/sdata.2015.2,,,b_untested,human_only,42
PAIR_0042,112-14-1__141-78-6,112-14-1,141-78-6,CCCCCCCCOC(=O)C,CCOC(=O)C,octyl acetate,Ethyl acetate,Homo sapiens,hOR4K13,220.0,0.0,,True,False,False,,,A tested / B untested,Low,https://doi.org/10.1038/sdata.2015.2,,,b_untested,human_only,42
PAIR_0042,112-14-1__141-78-6,112-14-1,141-78-6,CCCCCCCCOC(=O)C,CCOC(=O)C,octyl acetate,Ethyl acetate,Homo sapiens,hOR4K14,229.0,0.0,,True,False,False,,,A tested / B untested,Low,https://doi.org/10.1038/sdata.2015.2,,,b_untested,human_only,42
PAIR_0042,112-14-1__141-78-6,112-14-1,141-78-6,CCCCCCCCOC(=O)C,CCOC(=O)C,octyl acetate,Ethyl acetate,Homo sapiens,hOR4K17,340.0,0.0,,True,False,False,,,A tested / B untested,Medium,https://doi.org/10.1038/sdata.2015.2,,,b_untested,human_only,42
PAIR_0042,112-14-1__141-78-6,112-14-1,141-78-6,CCCCCCCCOC(=O)C,CCOC(=O)C,octyl acetate,Ethyl acetate,Homo sapiens,hOR4K2,214.0,0.0,,True,False,False,,,A tested / B untested,Low,https://doi.org/10.1038/sdata.2015.2,,,b_untested,human_only,42
PAIR_0042,112-14-1__141-78-6,112-14-1,141-78-6,CCCCCCCCOC(=O)C,CCOC(=O)C,octyl acetate,Ethyl acetate,Homo sapiens,hOR4K3,215.0,0.0,,True,False,False,,,A tested / B untested,Low,https://doi.org/10.1038/sdata.2015.2,,,b_untested,human_only,42
PAIR_0042,112-14-1__141-78-6,112-14-1,141-78-6,CCCCCCCCOC(=O)C,CCOC(=O)C,octyl acetate,Ethyl acetate,Homo sapiens,hOR4K5,216.0,0.0,,True,False,False,,,A tested / B untested,Low,https://doi.org/10.1038/sdata.2015.2,,,b_untested,human_only,42
PAIR_0042,112-14-1__141-78-6,112-14-1,141-78-6,CCCCCCCCOC(=O)C,CCOC(=O)C,octyl acetate,Ethyl acetate,Homo sapiens,hOR4M1,470.0,0.0,,True,False,False,,,A tested / B untested,Low,https://doi.org/10.1038/sdata.2015.2,,,b_untested,human_only,42
PAIR_0042,112-14-1__141-78-6,112-14-1,141-78-6,CCCCCCCCOC(=O)C,CCOC(=O)C,octyl acetate,Ethyl acetate,Homo sapiens,hOR4M2,231.0,0.0,,True,False,False,,,A tested / B untested,Low,https://doi.org/10.1038/sdata.2015.2,,,b_untested,human_only,42
PAIR_0042,112-14-1__141-78-6,112-14-1,141-78-6,CCCCCCCCOC(=O)C,CCOC(=O)C,octyl acetate,Ethyl acetate,Homo sapiens,hOR4N2,222.0,0.0,,True,False,False,,,A tested / B untested,Low,https://doi.org/10.1038/sdata.2015.2,,,b_untested,human_only,42
PAIR_0042,112-14-1__141-78-6,112-14-1,141-78-6,CCCCCCCCOC(=O)C,CCOC(=O)C,octyl acetate,Ethyl acetate,Homo sapiens,hOR4N4,230.0,0.0,,True,False,False,,,A tested / B untested,Low,https://doi.org/10.1038/sdata.2015.2,,,b_untested,human_only,42
PAIR_0042,112-14-1__141-78-6,112-14-1,141-78-6,CCCCCCCCOC(=O)C,CCOC(=O)C,octyl acetate,Ethyl acetate,Homo sapiens,hOR4N5,217.0,0.0,,True,False,False,,,A tested / B untested,Low,https://doi.org/10.1038/sdata.2015.2,,,b_untested,human_only,42
PAIR_0042,112-14-1__141-78-6,112-14-1,141-78-6,CCCCCCCCOC(=O)C,CCOC(=O)C,octyl acetate,Ethyl acetate,Homo sapiens,hOR4P4,109.0,0.0,,True,False,False,,,A tested / B untested,Low,https://doi.org/10.1038/sdata.2015.2,,,b_untested,human_only,42
PAIR_0042,112-14-1__141-78-6,112-14-1,141-78-6,CCCCCCCCOC(=O)C,CCOC(=O)C,octyl acetate,Ethyl acetate,Homo sapiens,hOR4Q3,333.0,0.0,,True,False,False,,,A tested / B untested,Low,https://doi.org/10.1038/sdata.2015.2,,,b_untested,human_only,42
PAIR_0042,112-14-1__141-78-6,112-14-1,141-78-6,CCCCCCCCOC(=O)C,CCOC(=O)C,octyl acetate,Ethyl acetate,Homo sapiens,hOR4S1,235.0,0.0,,True,False,False,,,A tested / B untested,Low,https://doi.org/10.1038/sdata.2015.2,,,b_untested,human_only,42
PAIR_0042,112-14-1__141-78-6,112-14-1,141-78-6,CCCCCCCCOC(=O)C,CCOC(=O)C,octyl acetate,Ethyl acetate,Homo sapiens,hOR4S2,140.0,0.0,,True,False,False,,,A tested / B untested,Low,https://doi.org/10.1038/sdata.2015.2,,,b_untested,human_only,42
PAIR_0042,112-14-1__141-78-6,112-14-1,141-78-6,CCCCCCCCOC(=O)C,CCOC(=O)C,octyl acetate,Ethyl acetate,Homo sapiens,hOR4X2,157.0,0.0,,True,False,False,,,A tested / B untested,Low,https://doi.org/10.1038/sdata.2015.2,,,b_untested,human_only,42
PAIR_0042,112-14-1__141-78-6,112-14-1,141-78-6,CCCCCCCCOC(=O)C,CCOC(=O)C,octyl acetate,Ethyl acetate,Homo sapiens,hOR51A2,479.0,0.0,,True,False,False,,,A tested / B untested,Low,https://doi.org/10.1038/sdata.2015.2,,,b_untested,human_only,42
PAIR_0042,112-14-1__141-78-6,112-14-1,141-78-6,CCCCCCCCOC(=O)C,CCOC(=O)C,octyl acetate,Ethyl acetate,Homo sapiens,hOR51B2,459.0,0.0,,True,False,False,,,A tested / B untested,Low,https://doi.org/10.1038/sdata.2015.2,,,b_untested,human_only,42
PAIR_0042,112-14-1__141-78-6,112-14-1,141-78-6,CCCCCCCCOC(=O)C,CCOC(=O)C,octyl acetate,Ethyl acetate,Homo sapiens,hOR51B5,461.0,0.0,,True,False,False,,,A tested / B untested,Low,https://doi.org/10.1038/sdata.2015.2,,,b_untested,human_only,42
PAIR_0042,112-14-1__141-78-6,112-14-1,141-78-6,CCCCCCCCOC(=O)C,CCOC(=O)C,octyl acetate,Ethyl acetate,Homo sapiens,hOR51B6,462.0,0.0,,True,False,False,,,A tested / B untested,Low,https://doi.org/10.1038/sdata.2015.2,,,b_untested,human_only,42
PAIR_0042,112-14-1__141-78-6,112-14-1,141-78-6,CCCCCCCCOC(=O)C,CCOC(=O)C,octyl acetate,Ethyl acetate,Homo sapiens,hOR51D1,169.0,0.0,,True,False,False,,,A tested / B untested,Low,https://doi.org/10.1038/sdata.2015.2,,,b_untested,human_only,42
PAIR_0042,112-14-1__141-78-6,112-14-1,141-78-6,CCCCCCCCOC(=O)C,CCOC(=O)C,octyl acetate,Ethyl acetate,Homo sapiens,hOR51E1,100.0,1.0,,True,False,False,,,A tested / B untested,Low,https://doi.org/10.1038/sdata.2015.2,,,b_untested,human_only,42
PAIR_0042,112-14-1__141-78-6,112-14-1,141-78-6,CCCCCCCCOC(=O)C,CCOC(=O)C,octyl acetate,Ethyl acetate,Homo sapiens,hOR51E2,168.0,0.0,,True,False,False,,,A tested / B untested,Low,https://doi.org/10.1038/sdata.2015.2,,,b_untested,human_only,42
PAIR_0042,112-14-1__141-78-6,112-14-1,141-78-6,CCCCCCCCOC(=O)C,CCOC(=O)C,octyl acetate,Ethyl acetate,Homo sapiens,hOR51F1,485.0,0.0,,True,False,False,,,A tested / B untested,Low,https://doi.org/10.1038/sdata.2015.2,,,b_untested,human_only,42
PAIR_0042,112-14-1__141-78-6,112-14-1,141-78-6,CCCCCCCCOC(=O)C,CCOC(=O)C,octyl acetate,Ethyl acetate,Homo sapiens,hOR51F2,266.0,0.0,,True,False,False,,,A tested / B untested,Low,https://doi.org/10.1038/sdata.2015.2,,,b_untested,human_only,42
PAIR_0042,112-14-1__141-78-6,112-14-1,141-78-6,CCCCCCCCOC(=O)C,CCOC(=O)C,octyl acetate,Ethyl acetate,Homo sapiens,hOR51G1,126.0,0.0,,True,False,False,,,A tested / B untested,Low,https://doi.org/10.1038/sdata.2015.2,,,b_untested,human_only,42
PAIR_0042,112-14-1__141-78-6,112-14-1,141-78-6,CCCCCCCCOC(=O)C,CCOC(=O)C,octyl acetate,Ethyl acetate,Homo sapiens,hOR51G2,165.0,0.0,,True,False,False,,,A tested / B untested,Low,https://doi.org/10.1038/sdata.2015.2,,,b_untested,human_only,42
PAIR_0042,112-14-1__141-78-6,112-14-1,141-78-6,CCCCCCCCOC(=O)C,CCOC(=O)C,octyl acetate,Ethyl acetate,Homo sapiens,hOR51H1,149.0,0.0,,True,False,False,,,A tested / B untested,Low,https://doi.org/10.1038/sdata.2015.2,,,b_untested,human_only,42
PAIR_0042,112-14-1__141-78-6,112-14-1,141-78-6,CCCCCCCCOC(=O)C,CCOC(=O)C,octyl acetate,Ethyl acetate,Homo sapiens,hOR51I1,463.0,0.0,,True,False,False,,,A tested / B untested,Low,https://doi.org/10.1038/sdata.2015.2,,,b_untested,human_only,42
PAIR_0042,112-14-1__141-78-6,112-14-1,141-78-6,CCCCCCCCOC(=O)C,CCOC(=O)C,octyl acetate,Ethyl acetate,Homo sapiens,hOR51I2,104.0,0.0,,True,False,False,,,A tested / B untested,Low,https://doi.org/10.1038/sdata.2015.2,,,b_untested,human_only,42
PAIR_0042,112-14-1__141-78-6,112-14-1,141-78-6,CCCCCCCCOC(=O)C,CCOC(=O)C,octyl acetate,Ethyl acetate,Homo sapiens,hOR51L1,447.0,0.0,,True,False,False,,,A tested / B untested,Low,https://doi.org/10.1038/sdata.2015.2,,,b_untested,human_only,42
PAIR_0042,112-14-1__141-78-6,112-14-1,141-78-6,CCCCCCCCOC(=O)C,CCOC(=O)C,octyl acetate,Ethyl acetate,Homo sapiens,hOR51Q1,154.0,0.0,,True,False,False,,,A tested / B untested,Low,https://doi.org/10.1038/sdata.2015.2,,,b_untested,human_only,42
PAIR_0042,112-14-1__141-78-6,112-14-1,141-78-6,CCCCCCCCOC(=O)C,CCOC(=O)C,octyl acetate,Ethyl acetate,Homo sapiens,hOR51S1,491.0,0.0,,True,False,False,,,A tested / B untested,Low,https://doi.org/10.1038/sdata.2015.2,,,b_untested,human_only,42
PAIR_0042,112-14-1__141-78-6,112-14-1,141-78-6,CCCCCCCCOC(=O)C,CCOC(=O)C,octyl acetate,Ethyl acetate,Homo sapiens,hOR51T1,264.0,0.0,,True,False,False,,,A tested / B untested,Low,https://doi.org/10.1038/sdata.2015.2,,,b_untested,human_only,42
PAIR_0042,112-14-1__141-78-6,112-14-1,141-78-6,CCCCCCCCOC(=O)C,CCOC(=O)C,octyl acetate,Ethyl acetate,Homo sapiens,hOR51V1,492.0,0.0,,True,False,False,,,A tested / B untested,Low,https://doi.org/10.1038/sdata.2015.2,,,b_untested,human_only,42
PAIR_0042,112-14-1__141-78-6,112-14-1,141-78-6,CCCCCCCCOC(=O)C,CCOC(=O)C,octyl acetate,Ethyl acetate,Homo sapiens,hOR52A4,504.0,0.0,,True,False,False,,,A tested / B untested,Low,https://doi.org/10.1038/sdata.2015.2,,,b_untested,human_only,42
PAIR_0042,112-14-1__141-78-6,112-14-1,141-78-6,CCCCCCCCOC(=O)C,CCOC(=O)C,octyl acetate,Ethyl acetate,Homo sapiens,hOR52A5,476.0,0.0,,True,False,False,,,A tested / B untested,Low,https://doi.org/10.1038/sdata.2015.2,,,b_untested,human_only,42
PAIR_0042,112-14-1__141-78-6,112-14-1,141-78-6,CCCCCCCCOC(=O)C,CCOC(=O)C,octyl acetate,Ethyl acetate,Homo sapiens,hOR52B2,173.0,0.0,,True,False,False,,,A tested / B untested,Low,https://doi.org/10.1038/sdata.2015.2,,,b_untested,human_only,42
PAIR_0042,112-14-1__141-78-6,112-14-1,141-78-6,CCCCCCCCOC(=O)C,CCOC(=O)C,octyl acetate,Ethyl acetate,Homo sapiens,hOR52B4,270.0,0.0,,True,False,False,,,A tested / B untested,Low,https://doi.org/10.1038/sdata.2015.2,,,b_untested,human_only,42
PAIR_0042,112-14-1__141-78-6,112-14-1,141-78-6,CCCCCCCCOC(=O)C,CCOC(=O)C,octyl acetate,Ethyl acetate,Homo sapiens,hOR52D1,125.0,0.0,,True,False,False,,,A tested / B untested,Low,https://doi.org/10.1038/sdata.2015.2,,,b_untested,human_only,42
PAIR_0042,112-14-1__141-78-6,112-14-1,141-78-6,CCCCCCCCOC(=O)C,CCOC(=O)C,octyl acetate,Ethyl acetate,Homo sapiens,hOR52E1,86.0,0.0,,True,False,False,,,A tested / B untested,Low,https://doi.org/10.1038/sdata.2015.2,,,b_untested,human_only,42
PAIR_0042,112-14-1__141-78-6,112-14-1,141-78-6,CCCCCCCCOC(=O)C,CCOC(=O)C,octyl acetate,Ethyl acetate,Homo sapiens,hOR52E6,163.0,0.0,,True,False,False,,,A tested / B untested,Low,https://doi.org/10.1038/sdata.2015.2,,,b_untested,human_only,42
PAIR_0042,112-14-1__141-78-6,112-14-1,141-78-6,CCCCCCCCOC(=O)C,CCOC(=O)C,octyl acetate,Ethyl acetate,Homo sapiens,hOR52E8,120.0,0.0,,True,False,False,,,A tested / B untested,Low,https://doi.org/10.1038/sdata.2015.2,,,b_untested,human_only,42
PAIR_0042,112-14-1__141-78-6,112-14-1,141-78-6,CCCCCCCCOC(=O)C,CCOC(=O)C,octyl acetate,Ethyl acetate,Homo sapiens,hOR52H1,494.0,0.0,,True,False,False,,,A tested / B untested,Low,https://doi.org/10.1038/sdata.2015.2,,,b_untested,human_only,42
PAIR_0042,112-14-1__141-78-6,112-14-1,141-78-6,CCCCCCCCOC(=O)C,CCOC(=O)C,octyl acetate,Ethyl acetate,Homo sapiens,hOR52I1,435.0,0.0,,True,False,False,,,A tested / B untested,Low,https://doi.org/10.1038/sdata.2015.2,,,b_untested,human_only,42
PAIR_0042,112-14-1__141-78-6,112-14-1,141-78-6,CCCCCCCCOC(=O)C,CCOC(=O)C,octyl acetate,Ethyl acetate,Homo sapiens,hOR52K1,124.0,0.0,,True,False,False,,,A tested / B untested,Low,https://doi.org/10.1038/sdata.2015.2,,,b_untested,human_only,42
PAIR_0042,112-14-1__141-78-6,112-14-1,141-78-6,CCCCCCCCOC(=O)C,CCOC(=O)C,octyl acetate,Ethyl acetate,Homo sapiens,hOR52K2,174.0,0.0,,True,False,False,,,A tested / B untested,Low,https://doi.org/10.1038/sdata.2015.2,,,b_untested,human_only,42
PAIR_0042,112-14-1__141-78-6,112-14-1,141-78-6,CCCCCCCCOC(=O)C,CCOC(=O)C,octyl acetate,Ethyl acetate,Homo sapiens,hOR52M1,113.0,0.0,,True,False,False,,,A tested / B untested,Low,https://doi.org/10.1038/sdata.2015.2,,,b_untested,human_only,42
PAIR_0042,112-14-1__141-78-6,112-14-1,141-78-6,CCCCCCCCOC(=O)C,CCOC(=O)C,octyl acetate,Ethyl acetate,Homo sapiens,hOR52N1,155.0,0.0,,True,False,False,,,A tested / B untested,Low,https://doi.org/10.1038/sdata.2015.2,,,b_untested,human_only,42
PAIR_0042,112-14-1__141-78-6,112-14-1,141-78-6,CCCCCCCCOC(=O)C,CCOC(=O)C,octyl acetate,Ethyl acetate,Homo sapiens,hOR52N5,197.0,0.0,,True,False,False,,,A tested / B untested,Low,https://doi.org/10.1038/sdata.2015.2,,,b_untested,human_only,42
PAIR_0042,112-14-1__141-78-6,112-14-1,141-78-6,CCCCCCCCOC(=O)C,CCOC(=O)C,octyl acetate,Ethyl acetate,Homo sapiens,hOR52P1,183.0,0.0,,True,False,False,,,A tested / B untested,Low,https://doi.org/10.1038/sdata.2015.2,,,b_untested,human_only,42
PAIR_0042,112-14-1__141-78-6,112-14-1,141-78-6,CCCCCCCCOC(=O)C,CCOC(=O)C,octyl acetate,Ethyl acetate,Homo sapiens,hOR52W1,192.0,0.0,,True,False,False,,,A tested / B untested,Low,https://doi.org/10.1038/sdata.2015.2,,,b_untested,human_only,42
PAIR_0042,112-14-1__141-78-6,112-14-1,141-78-6,CCCCCCCCOC(=O)C,CCOC(=O)C,octyl acetate,Ethyl acetate,Homo sapiens,hOR56A1,87.0,0.0,,True,False,False,,,A tested / B untested,Low,https://doi.org/10.1038/sdata.2015.2,,,b_untested,human_only,42
PAIR_0042,112-14-1__141-78-6,112-14-1,141-78-6,CCCCCCCCOC(=O)C,CCOC(=O)C,octyl acetate,Ethyl acetate,Homo sapiens,hOR56A4,507.0,0.0,,True,False,False,,,A tested / B untested,Low,https://doi.org/10.1038/sdata.2015.2,,,b_untested,human_only,42
PAIR_0042,112-14-1__141-78-6,112-14-1,141-78-6,CCCCCCCCOC(=O)C,CCOC(=O)C,octyl acetate,Ethyl acetate,Homo sapiens,hOR56A5,497.0,1.0,,True,False,False,,,A tested / B untested,Low,https://doi.org/10.1038/sdata.2015.2,,,b_untested,human_only,42
PAIR_0042,112-14-1__141-78-6,112-14-1,141-78-6,CCCCCCCCOC(=O)C,CCOC(=O)C,octyl acetate,Ethyl acetate,Homo sapiens,hOR5A1,101.0,0.0,,True,False,False,,,A tested / B untested,Low,https://doi.org/10.1038/sdata.2015.2,,,b_untested,human_only,42
PAIR_0042,112-14-1__141-78-6,112-14-1,141-78-6,CCCCCCCCOC(=O)C,CCOC(=O)C,octyl acetate,Ethyl acetate,Homo sapiens,hOR5A2,103.0,0.0,,True,False,False,,,A tested / B untested,Low,https://doi.org/10.1038/sdata.2015.2,,,b_untested,human_only,42
PAIR_0042,112-14-1__141-78-6,112-14-1,141-78-6,CCCCCCCCOC(=O)C,CCOC(=O)C,octyl acetate,Ethyl acetate,Homo sapiens,hOR5AK2,360.0,0.0,,True,False,False,,,A tested / B untested,Medium,https://doi.org/10.1038/sdata.2015.2,,,b_untested,human_only,42
PAIR_0042,112-14-1__141-78-6,112-14-1,141-78-6,CCCCCCCCOC(=O)C,CCOC(=O)C,octyl acetate,Ethyl acetate,Homo sapiens,hOR5AK3,267.0,0.0,,True,False,False,,,A tested / B untested,Low,https://doi.org/10.1038/sdata.2015.2,,,b_untested,human_only,42
PAIR_0042,112-14-1__141-78-6,112-14-1,141-78-6,CCCCCCCCOC(=O)C,CCOC(=O)C,octyl acetate,Ethyl acetate,Homo sapiens,hOR5AL1,275.0,0.0,,True,False,False,,,A tested / B untested,Low,https://doi.org/10.1038/sdata.2015.2,,,b_untested,human_only,42
PAIR_0042,112-14-1__141-78-6,112-14-1,141-78-6,CCCCCCCCOC(=O)C,CCOC(=O)C,octyl acetate,Ethyl acetate,Homo sapiens,hOR5AN1,7.0,0.0,,True,False,False,,,A tested / B untested,Low,https://doi.org/10.1038/sdata.2015.2,,,b_untested,human_only,42
PAIR_0042,112-14-1__141-78-6,112-14-1,141-78-6,CCCCCCCCOC(=O)C,CCOC(=O)C,octyl acetate,Ethyl acetate,Homo sapiens,hOR5AP2,172.0,0.0,,True,False,False,,,A tested / B untested,Low,https://doi.org/10.1038/sdata.2015.2,,,b_untested,human_only,42
PAIR_0042,112-14-1__141-78-6,112-14-1,141-78-6,CCCCCCCCOC(=O)C,CCOC(=O)C,octyl acetate,Ethyl acetate,Homo sapiens,hOR5AR1,170.0,0.0,,True,False,False,,,A tested / B untested,Low,https://doi.org/10.1038/sdata.2015.2,,,b_untested,human_only,42
PAIR_0042,112-14-1__141-78-6,112-14-1,141-78-6,CCCCCCCCOC(=O)C,CCOC(=O)C,octyl acetate,Ethyl acetate,Homo sapiens,hOR5AS1,105.0,0.0,,True,False,False,,,A tested / B untested,Low,https://doi.org/10.1038/sdata.2015.2,,,b_untested,human_only,42
PAIR_0042,112-14-1__141-78-6,112-14-1,141-78-6,CCCCCCCCOC(=O)C,CCOC(=O)C,octyl acetate,Ethyl acetate,Homo sapiens,hOR5AU1,135.0,0.0,,True,False,False,,,A tested / B untested,Low,https://doi.org/10.1038/sdata.2015.2,,,b_untested,human_only,42
PAIR_0042,112-14-1__141-78-6,112-14-1,141-78-6,CCCCCCCCOC(=O)C,CCOC(=O)C,octyl acetate,Ethyl acetate,Homo sapiens,hOR5B12,508.0,0.0,,True,False,False,,,A tested / B untested,Low,https://doi.org/10.1038/sdata.2015.2,,,b_untested,human_only,42
PAIR_0042,112-14-1__141-78-6,112-14-1,141-78-6,CCCCCCCCOC(=O)C,CCOC(=O)C,octyl acetate,Ethyl acetate,Homo sapiens,hOR5B17,182.0,0.0,,True,False,False,,,A tested / B untested,Low,https://doi.org/10.1038/sdata.2015.2,,,b_untested,human_only,42
PAIR_0042,112-14-1__141-78-6,112-14-1,141-78-6,CCCCCCCCOC(=O)C,CCOC(=O)C,octyl acetate,Ethyl acetate,Homo sapiens,hOR5B3,108.0,0.0,,True,False,False,,,A tested / B untested,Low,https://doi.org/10.1038/sdata.2015.2,,,b_untested,human_only,42
PAIR_0042,112-14-1__141-78-6,112-14-1,141-78-6,CCCCCCCCOC(=O)C,CCOC(=O)C,octyl acetate,Ethyl acetate,Homo sapiens,hOR5C1,348.0,0.0,,True,False,False,,,A tested / B untested,Low,https://doi.org/10.1038/sdata.2015.2,,,b_untested,human_only,42
PAIR_0042,112-14-1__141-78-6,112-14-1,141-78-6,CCCCCCCCOC(=O)C,CCOC(=O)C,octyl acetate,Ethyl acetate,Homo sapiens,hOR5D14,190.0,0.0,,True,False,False,,,A tested / B untested,Low,https://doi.org/10.1038/sdata.2015.2,,,b_untested,human_only,42
PAIR_0042,112-14-1__141-78-6,112-14-1,141-78-6,CCCCCCCCOC(=O)C,CCOC(=O)C,octyl acetate,Ethyl acetate,Homo sapiens,hOR5D16,341.0,0.0,,True,False,False,,,A tested / B untested,Low,https://doi.org/10.1038/sdata.2015.2,,,b_untested,human_only,42
PAIR_0042,112-14-1__141-78-6,112-14-1,141-78-6,CCCCCCCCOC(=O)C,CCOC(=O)C,octyl acetate,Ethyl acetate,Homo sapiens,hOR5H1,389.0,0.0,,True,False,False,,,A tested / B untested,Low,https://doi.org/10.1038/sdata.2015.2,,,b_untested,human_only,42
PAIR_0042,112-14-1__141-78-6,112-14-1,141-78-6,CCCCCCCCOC(=O)C,CCOC(=O)C,octyl acetate,Ethyl acetate,Homo sapiens,hOR5H2,41.0,0.0,,True,False,False,,,A tested / B untested,Low,https://doi.org/10.1038/sdata.2015.2,,,b_untested,human_only,42
PAIR_0042,112-14-1__141-78-6,112-14-1,141-78-6,CCCCCCCCOC(=O)C,CCOC(=O)C,octyl acetate,Ethyl acetate,Homo sapiens,hOR5H6,42.0,0.0,,True,False,False,,,A tested / B untested,Low,https://doi.org/10.1038/sdata.2015.2,,,b_untested,human_only,42
PAIR_0042,112-14-1__141-78-6,112-14-1,141-78-6,CCCCCCCCOC(=O)C,CCOC(=O)C,octyl acetate,Ethyl acetate,Homo sapiens,hOR5I1,114.0,0.0,,True,False,False,,,A tested / B untested,Low,https://doi.org/10.1038/sdata.2015.2,,,b_untested,human_only,42
PAIR_0042,112-14-1__141-78-6,112-14-1,141-78-6,CCCCCCCCOC(=O)C,CCOC(=O)C,octyl acetate,Ethyl acetate,Homo sapiens,hOR5J2,200.0,0.0,,True,False,False,,,A tested / B untested,Low,https://doi.org/10.1038/sdata.2015.2,,,b_untested,human_only,42
PAIR_0042,112-14-1__141-78-6,112-14-1,141-78-6,CCCCCCCCOC(=O)C,CCOC(=O)C,octyl acetate,Ethyl acetate,Homo sapiens,hOR5K1,418.0,0.0,0.0,True,True,True,1.0,0.0,both non-responsive,Low,https://doi.org/10.1038/sdata.2015.2,https://doi.org/10.1096/fj.202100224R,,,human_only,42
PAIR_0042,112-14-1__141-78-6,112-14-1,141-78-6,CCCCCCCCOC(=O)C,CCOC(=O)C,octyl acetate,Ethyl acetate,Homo sapiens,hOR5K2,52.0,0.0,,True,False,False,,,A tested / B untested,Low,https://doi.org/10.1038/sdata.2015.2,,,b_untested,human_only,42
PAIR_0042,112-14-1__141-78-6,112-14-1,141-78-6,CCCCCCCCOC(=O)C,CCOC(=O)C,octyl acetate,Ethyl acetate,Homo sapiens,hOR5K3,428.0,0.0,,True,False,False,,,A tested / B untested,Low,https://doi.org/10.1038/sdata.2015.2,,,b_untested,human_only,42
PAIR_0042,112-14-1__141-78-6,112-14-1,141-78-6,CCCCCCCCOC(=O)C,CCOC(=O)C,octyl acetate,Ethyl acetate,Homo sapiens,hOR5L1,296.0,0.0,,True,False,False,,,A tested / B untested,Low,https://doi.org/10.1038/sdata.2015.2,,,b_untested,human_only,42
PAIR_0042,112-14-1__141-78-6,112-14-1,141-78-6,CCCCCCCCOC(=O)C,CCOC(=O)C,octyl acetate,Ethyl acetate,Homo sapiens,hOR5M11,195.0,0.0,,True,False,False,,,A tested / B untested,Low,https://doi.org/10.1038/sdata.2015.2,,,b_untested,human_only,42
PAIR_0042,112-14-1__141-78-6,112-14-1,141-78-6,CCCCCCCCOC(=O)C,CCOC(=O)C,octyl acetate,Ethyl acetate,Homo sapiens,hOR5M3,670.0,,0.0,False,True,False,,,A untested / B tested,Low,,https://doi.org/10.1021/acs.jafc.1c03314,,a_untested,human_only,42
PAIR_0042,112-14-1__141-78-6,112-14-1,141-78-6,CCCCCCCCOC(=O)C,CCOC(=O)C,octyl acetate,Ethyl acetate,Homo sapiens,hOR5M8,437.0,0.0,,True,False,False,,,A tested / B untested,Low,https://doi.org/10.1038/sdata.2015.2,,,b_untested,human_only,42
PAIR_0042,112-14-1__141-78-6,112-14-1,141-78-6,CCCCCCCCOC(=O)C,CCOC(=O)C,octyl acetate,Ethyl acetate,Homo sapiens,hOR5M9,161.0,0.0,,True,False,False,,,A tested / B untested,Low,https://doi.org/10.1038/sdata.2015.2,,,b_untested,human_only,42
PAIR_0042,112-14-1__141-78-6,112-14-1,141-78-6,CCCCCCCCOC(=O)C,CCOC(=O)C,octyl acetate,Ethyl acetate,Homo sapiens,hOR5P2,148.0,0.0,,True,False,False,,,A tested / B untested,Low,https://doi.org/10.1038/sdata.2015.2,,,b_untested,human_only,42
PAIR_0042,112-14-1__141-78-6,112-14-1,141-78-6,CCCCCCCCOC(=O)C,CCOC(=O)C,octyl acetate,Ethyl acetate,Homo sapiens,hOR5P3,88.0,0.0,,True,False,False,,,A tested / B untested,Low,https://doi.org/10.1038/sdata.2015.2,,,b_untested,human_only,42
PAIR_0042,112-14-1__141-78-6,112-14-1,141-78-6,CCCCCCCCOC(=O)C,CCOC(=O)C,octyl acetate,Ethyl acetate,Homo sapiens,hOR5R1,123.0,0.0,,True,False,False,,,A tested / B untested,Low,https://doi.org/10.1038/sdata.2015.2,,,b_untested,human_only,42
PAIR_0042,112-14-1__141-78-6,112-14-1,141-78-6,CCCCCCCCOC(=O)C,CCOC(=O)C,octyl acetate,Ethyl acetate,Homo sapiens,hOR5T1,206.0,0.0,,True,False,False,,,A tested / B untested,Low,https://doi.org/10.1038/sdata.2015.2,,,b_untested,human_only,42
PAIR_0042,112-14-1__141-78-6,112-14-1,141-78-6,CCCCCCCCOC(=O)C,CCOC(=O)C,octyl acetate,Ethyl acetate,Homo sapiens,hOR5T2,254.0,0.0,,True,False,False,,,A tested / B untested,Low,https://doi.org/10.1038/sdata.2015.2,,,b_untested,human_only,42
PAIR_0042,112-14-1__141-78-6,112-14-1,141-78-6,CCCCCCCCOC(=O)C,CCOC(=O)C,octyl acetate,Ethyl acetate,Homo sapiens,hOR5T3,274.0,0.0,,True,False,False,,,A tested / B untested,Low,https://doi.org/10.1038/sdata.2015.2,,,b_untested,human_only,42
PAIR_0042,112-14-1__141-78-6,112-14-1,141-78-6,CCCCCCCCOC(=O)C,CCOC(=O)C,octyl acetate,Ethyl acetate,Homo sapiens,hOR5V1,54.0,0.0,,True,False,False,,,A tested / B untested,Low,https://doi.org/10.1038/sdata.2015.2,,,b_untested,human_only,42
PAIR_0042,112-14-1__141-78-6,112-14-1,141-78-6,CCCCCCCCOC(=O)C,CCOC(=O)C,octyl acetate,Ethyl acetate,Homo sapiens,hOR6A2,406.0,0.0,,True,False,False,,,A tested / B untested,Low,https://doi.org/10.1038/sdata.2015.2,,,b_untested,human_only,42
PAIR_0042,112-14-1__141-78-6,112-14-1,141-78-6,CCCCCCCCOC(=O)C,CCOC(=O)C,octyl acetate,Ethyl acetate,Homo sapiens,hOR6C2,335.0,0.0,,True,False,False,,,A tested / B untested,Low,https://doi.org/10.1038/sdata.2015.2,,,b_untested,human_only,42
PAIR_0042,112-14-1__141-78-6,112-14-1,141-78-6,CCCCCCCCOC(=O)C,CCOC(=O)C,octyl acetate,Ethyl acetate,Homo sapiens,hOR6C3,342.0,0.0,,True,False,False,,,A tested / B untested,Low,https://doi.org/10.1038/sdata.2015.2,,,b_untested,human_only,42
PAIR_0042,112-14-1__141-78-6,112-14-1,141-78-6,CCCCCCCCOC(=O)C,CCOC(=O)C,octyl acetate,Ethyl acetate,Homo sapiens,hOR6C6,349.0,0.0,,True,False,False,,,A tested / B untested,Low,https://doi.org/10.1038/sdata.2015.2,,,b_untested,human_only,42
PAIR_0042,112-14-1__141-78-6,112-14-1,141-78-6,CCCCCCCCOC(=O)C,CCOC(=O)C,octyl acetate,Ethyl acetate,Homo sapiens,hOR6C65,379.0,0.0,,True,False,False,,,A tested / B untested,Low,https://doi.org/10.1038/sdata.2015.2,,,b_untested,human_only,42
PAIR_0042,112-14-1__141-78-6,112-14-1,141-78-6,CCCCCCCCOC(=O)C,CCOC(=O)C,octyl acetate,Ethyl acetate,Homo sapiens,hOR6C70,350.0,0.0,,True,False,False,,,A tested / B untested,Low,https://doi.org/10.1038/sdata.2015.2,,,b_untested,human_only,42
PAIR_0042,112-14-1__141-78-6,112-14-1,141-78-6,CCCCCCCCOC(=O)C,CCOC(=O)C,octyl acetate,Ethyl acetate,Homo sapiens,hOR6C74,363.0,0.0,,True,False,False,,,A tested / B untested,Low,https://doi.org/10.1038/sdata.2015.2,,,b_untested,human_only,42
PAIR_0042,112-14-1__141-78-6,112-14-1,141-78-6,CCCCCCCCOC(=O)C,CCOC(=O)C,octyl acetate,Ethyl acetate,Homo sapiens,hOR6C75,433.0,0.0,,True,False,False,,,A tested / B untested,Low,https://doi.org/10.1038/sdata.2015.2,,,b_untested,human_only,42
PAIR_0042,112-14-1__141-78-6,112-14-1,141-78-6,CCCCCCCCOC(=O)C,CCOC(=O)C,octyl acetate,Ethyl acetate,Homo sapiens,hOR6C76,336.0,0.0,,True,False,False,,,A tested / B untested,Low,https://doi.org/10.1038/sdata.2015.2,,,b_untested,human_only,42
PAIR_0042,112-14-1__141-78-6,112-14-1,141-78-6,CCCCCCCCOC(=O)C,CCOC(=O)C,octyl acetate,Ethyl acetate,Homo sapiens,hOR6F1,28.0,0.0,,True,False,False,,,A tested / B untested,Low,https://doi.org/10.1038/sdata.2015.2,,,b_untested,human_only,42
PAIR_0042,112-14-1__141-78-6,112-14-1,141-78-6,CCCCCCCCOC(=O)C,CCOC(=O)C,octyl acetate,Ethyl acetate,Homo sapiens,hOR6K2,31.0,0.0,,True,False,False,,,A tested / B untested,Low,https://doi.org/10.1038/sdata.2015.2,,,b_untested,human_only,42
PAIR_0042,112-14-1__141-78-6,112-14-1,141-78-6,CCCCCCCCOC(=O)C,CCOC(=O)C,octyl acetate,Ethyl acetate,Homo sapiens,hOR6K3,402.0,0.0,,True,False,False,,,A tested / B untested,Low,https://doi.org/10.1038/sdata.2015.2,,,b_untested,human_only,42
PAIR_0042,112-14-1__141-78-6,112-14-1,141-78-6,CCCCCCCCOC(=O)C,CCOC(=O)C,octyl acetate,Ethyl acetate,Homo sapiens,hOR6K6,277.0,0.0,,True,False,False,,,A tested / B untested,Low,https://doi.org/10.1038/sdata.2015.2,,,b_untested,human_only,42
PAIR_0042,112-14-1__141-78-6,112-14-1,141-78-6,CCCCCCCCOC(=O)C,CCOC(=O)C,octyl acetate,Ethyl acetate,Homo sapiens,hOR6M1,146.0,0.0,,True,False,False,,,A tested / B untested,Low,https://doi.org/10.1038/sdata.2015.2,,,b_untested,human_only,42
PAIR_0042,112-14-1__141-78-6,112-14-1,141-78-6,CCCCCCCCOC(=O)C,CCOC(=O)C,octyl acetate,Ethyl acetate,Homo sapiens,hOR6N2,15.0,0.0,,True,False,False,,,A tested / B untested,Low,https://doi.org/10.1038/sdata.2015.2,,,b_untested,human_only,42
PAIR_0042,112-14-1__141-78-6,112-14-1,141-78-6,CCCCCCCCOC(=O)C,CCOC(=O)C,octyl acetate,Ethyl acetate,Homo sapiens,hOR6P1,23.0,0.0,,True,False,False,,,A tested / B untested,Low,https://doi.org/10.1038/sdata.2015.2,,,b_untested,human_only,42
PAIR_0042,112-14-1__141-78-6,112-14-1,141-78-6,CCCCCCCCOC(=O)C,CCOC(=O)C,octyl acetate,Ethyl acetate,Homo sapiens,hOR6Q1,191.0,0.0,,True,False,False,,,A tested / B untested,Low,https://doi.org/10.1038/sdata.2015.2,,,b_untested,human_only,42
PAIR_0042,112-14-1__141-78-6,112-14-1,141-78-6,CCCCCCCCOC(=O)C,CCOC(=O)C,octyl acetate,Ethyl acetate,Homo sapiens,hOR6T1,152.0,0.0,,True,False,False,,,A tested / B untested,Low,https://doi.org/10.1038/sdata.2015.2,,,b_untested,human_only,42
PAIR_0042,112-14-1__141-78-6,112-14-1,141-78-6,CCCCCCCCOC(=O)C,CCOC(=O)C,octyl acetate,Ethyl acetate,Homo sapiens,hOR6V1,512.0,0.0,,True,False,False,,,A tested / B untested,Low,https://doi.org/10.1038/sdata.2015.2,,,b_untested,human_only,42
PAIR_0042,112-14-1__141-78-6,112-14-1,141-78-6,CCCCCCCCOC(=O)C,CCOC(=O)C,octyl acetate,Ethyl acetate,Homo sapiens,hOR6X1,198.0,0.0,,True,False,False,,,A tested / B untested,Low,https://doi.org/10.1038/sdata.2015.2,,,b_untested,human_only,42
PAIR_0042,112-14-1__141-78-6,112-14-1,141-78-6,CCCCCCCCOC(=O)C,CCOC(=O)C,octyl acetate,Ethyl acetate,Homo sapiens,hOR7A10,80.0,0.0,,True,False,False,,,A tested / B untested,Low,https://doi.org/10.1038/sdata.2015.2,,,b_untested,human_only,42
PAIR_0042,112-14-1__141-78-6,112-14-1,141-78-6,CCCCCCCCOC(=O)C,CCOC(=O)C,octyl acetate,Ethyl acetate,Homo sapiens,hOR7A17,247.0,0.0,,True,False,False,,,A tested / B untested,Low,https://doi.org/10.1038/sdata.2015.2,,,b_untested,human_only,42
PAIR_0042,112-14-1__141-78-6,112-14-1,141-78-6,CCCCCCCCOC(=O)C,CCOC(=O)C,octyl acetate,Ethyl acetate,Homo sapiens,hOR7A5,387.0,0.0,,True,False,False,,,A tested / B untested,Low,https://doi.org/10.1038/sdata.2015.2,,,b_untested,human_only,42
PAIR_0042,112-14-1__141-78-6,112-14-1,141-78-6,CCCCCCCCOC(=O)C,CCOC(=O)C,octyl acetate,Ethyl acetate,Homo sapiens,hOR7C1,246.0,0.0,,True,False,False,,,A tested / B untested,Low,https://doi.org/10.1038/sdata.2015.2,,,b_untested,human_only,42
PAIR_0042,112-14-1__141-78-6,112-14-1,141-78-6,CCCCCCCCOC(=O)C,CCOC(=O)C,octyl acetate,Ethyl acetate,Homo sapiens,hOR7C2,240.0,0.0,,True,False,False,,,A tested / B untested,Low,https://doi.org/10.1038/sdata.2015.2,,,b_untested,human_only,42
PAIR_0042,112-14-1__141-78-6,112-14-1,141-78-6,CCCCCCCCOC(=O)C,CCOC(=O)C,octyl acetate,Ethyl acetate,Homo sapiens,hOR7D2,326.0,0.0,,True,False,False,,,A tested / B untested,Low,https://doi.org/10.1038/sdata.2015.2,,,b_untested,human_only,42
PAIR_0042,112-14-1__141-78-6,112-14-1,141-78-6,CCCCCCCCOC(=O)C,CCOC(=O)C,octyl acetate,Ethyl acetate,Homo sapiens,hOR7D4,245.0,0.0,,True,False,False,,,A tested / B untested,Medium,https://doi.org/10.1038/sdata.2015.2 | https://doi.org/10.1038/nature06162,,,b_untested,human_only,42
PAIR_0042,112-14-1__141-78-6,112-14-1,141-78-6,CCCCCCCCOC(=O)C,CCOC(=O)C,octyl acetate,Ethyl acetate,Homo sapiens,hOR7G1,242.0,0.0,,True,False,False,,,A tested / B untested,Low,https://doi.org/10.1038/sdata.2015.2,,,b_untested,human_only,42
PAIR_0042,112-14-1__141-78-6,112-14-1,141-78-6,CCCCCCCCOC(=O)C,CCOC(=O)C,octyl acetate,Ethyl acetate,Homo sapiens,hOR7G2,393.0,0.0,,True,False,False,,,A tested / B untested,Low,https://doi.org/10.1038/sdata.2015.2,,,b_untested,human_only,42
PAIR_0042,112-14-1__141-78-6,112-14-1,141-78-6,CCCCCCCCOC(=O)C,CCOC(=O)C,octyl acetate,Ethyl acetate,Homo sapiens,hOR7G3,244.0,0.0,,True,False,False,,,A tested / B untested,Low,https://doi.org/10.1038/sdata.2015.2,,,b_untested,human_only,42
PAIR_0042,112-14-1__141-78-6,112-14-1,141-78-6,CCCCCCCCOC(=O)C,CCOC(=O)C,octyl acetate,Ethyl acetate,Homo sapiens,hOR8A1,419.0,0.0,,True,False,False,,,A tested / B untested,Low,https://doi.org/10.1038/sdata.2015.2,,,b_untested,human_only,42
PAIR_0042,112-14-1__141-78-6,112-14-1,141-78-6,CCCCCCCCOC(=O)C,CCOC(=O)C,octyl acetate,Ethyl acetate,Homo sapiens,hOR8B12,513.0,0.0,,True,False,False,,,A tested / B untested,Low,https://doi.org/10.1038/sdata.2015.2,,,b_untested,human_only,42
PAIR_0042,112-14-1__141-78-6,112-14-1,141-78-6,CCCCCCCCOC(=O)C,CCOC(=O)C,octyl acetate,Ethyl acetate,Homo sapiens,hOR8B2,199.0,0.0,,True,False,False,,,A tested / B untested,Low,https://doi.org/10.1038/sdata.2015.2,,,b_untested,human_only,42
PAIR_0042,112-14-1__141-78-6,112-14-1,141-78-6,CCCCCCCCOC(=O)C,CCOC(=O)C,octyl acetate,Ethyl acetate,Homo sapiens,hOR8B8,186.0,0.0,,True,False,False,,,A tested / B untested,Low,https://doi.org/10.1038/sdata.2015.2,,,b_untested,human_only,42
PAIR_0042,112-14-1__141-78-6,112-14-1,141-78-6,CCCCCCCCOC(=O)C,CCOC(=O)C,octyl acetate,Ethyl acetate,Homo sapiens,hOR8D1,110.0,0.0,0.0,True,True,True,1.0,0.0,both non-responsive,Low,https://doi.org/10.1038/sdata.2015.2,https://doi.org/10.1021/acs.jafc.1c03314,,,human_only,42
PAIR_0042,112-14-1__141-78-6,112-14-1,141-78-6,CCCCCCCCOC(=O)C,CCOC(=O)C,octyl acetate,Ethyl acetate,Homo sapiens,hOR8D2,143.0,0.0,,True,False,False,,,A tested / B untested,Low,https://doi.org/10.1038/sdata.2015.2,,,b_untested,human_only,42
PAIR_0042,112-14-1__141-78-6,112-14-1,141-78-6,CCCCCCCCOC(=O)C,CCOC(=O)C,octyl acetate,Ethyl acetate,Homo sapiens,hOR8G1,313.0,0.0,,True,False,False,,,A tested / B untested,Low,https://doi.org/10.1038/sdata.2015.2,,,b_untested,human_only,42
PAIR_0042,112-14-1__141-78-6,112-14-1,141-78-6,CCCCCCCCOC(=O)C,CCOC(=O)C,octyl acetate,Ethyl acetate,Homo sapiens,hOR8G5,262.0,0.0,,True,False,False,,,A tested / B untested,Low,https://doi.org/10.1038/sdata.2015.2,,,b_untested,human_only,42
PAIR_0042,112-14-1__141-78-6,112-14-1,141-78-6,CCCCCCCCOC(=O)C,CCOC(=O)C,octyl acetate,Ethyl acetate,Homo sapiens,hOR8H1,304.0,0.0,0.0,True,True,True,1.0,0.0,both non-responsive,Low,https://doi.org/10.1038/sdata.2015.2,https://doi.org/10.1021/acs.jafc.3c08230,,,human_only,42
PAIR_0042,112-14-1__141-78-6,112-14-1,141-78-6,CCCCCCCCOC(=O)C,CCOC(=O)C,octyl acetate,Ethyl acetate,Homo sapiens,hOR8I2,175.0,0.0,,True,False,False,,,A tested / B untested,Low,https://doi.org/10.1038/sdata.2015.2,,,b_untested,human_only,42
PAIR_0042,112-14-1__141-78-6,112-14-1,141-78-6,CCCCCCCCOC(=O)C,CCOC(=O)C,octyl acetate,Ethyl acetate,Homo sapiens,hOR8J3,116.0,0.0,,True,False,False,,,A tested / B untested,Low,https://doi.org/10.1038/sdata.2015.2,,,b_untested,human_only,42
PAIR_0042,112-14-1__141-78-6,112-14-1,141-78-6,CCCCCCCCOC(=O)C,CCOC(=O)C,octyl acetate,Ethyl acetate,Homo sapiens,hOR8K1,354.0,0.0,,True,False,False,,,A tested / B untested,Low,https://doi.org/10.1038/sdata.2015.2,,,b_untested,human_only,42
PAIR_0042,112-14-1__141-78-6,112-14-1,141-78-6,CCCCCCCCOC(=O)C,CCOC(=O)C,octyl acetate,Ethyl acetate,Homo sapiens,hOR8K5,117.0,0.0,,True,False,False,,,A tested / B untested,Low,https://doi.org/10.1038/sdata.2015.2,,,b_untested,human_only,42
PAIR_0042,112-14-1__141-78-6,112-14-1,141-78-6,CCCCCCCCOC(=O)C,CCOC(=O)C,octyl acetate,Ethyl acetate,Homo sapiens,hOR8U1,201.0,0.0,,True,False,False,,,A tested / B untested,Low,https://doi.org/10.1038/sdata.2015.2,,,b_untested,human_only,42
PAIR_0042,112-14-1__141-78-6,112-14-1,141-78-6,CCCCCCCCOC(=O)C,CCOC(=O)C,octyl acetate,Ethyl acetate,Homo sapiens,hOR8U8,415.0,0.0,,True,False,False,,,A tested / B untested,Low,https://doi.org/10.1038/sdata.2015.2,,,b_untested,human_only,42
PAIR_0042,112-14-1__141-78-6,112-14-1,141-78-6,CCCCCCCCOC(=O)C,CCOC(=O)C,octyl acetate,Ethyl acetate,Homo sapiens,hOR8U9,361.0,0.0,,True,False,False,,,A tested / B untested,Low,https://doi.org/10.1038/sdata.2015.2,,,b_untested,human_only,42
PAIR_0042,112-14-1__141-78-6,112-14-1,141-78-6,CCCCCCCCOC(=O)C,CCOC(=O)C,octyl acetate,Ethyl acetate,Homo sapiens,hOR9A2,63.0,0.0,,True,False,False,,,A tested / B untested,Low,https://doi.org/10.1038/sdata.2015.2,,,b_untested,human_only,42
PAIR_0042,112-14-1__141-78-6,112-14-1,141-78-6,CCCCCCCCOC(=O)C,CCOC(=O)C,octyl acetate,Ethyl acetate,Homo sapiens,hOR9A4,64.0,0.0,,True,False,False,,,A tested / B untested,Low,https://doi.org/10.1038/sdata.2015.2,,,b_untested,human_only,42
PAIR_0042,112-14-1__141-78-6,112-14-1,141-78-6,CCCCCCCCOC(=O)C,CCOC(=O)C,octyl acetate,Ethyl acetate,Homo sapiens,hOR9G1,84.0,0.0,,True,False,False,,,A tested / B untested,Low,https://doi.org/10.1038/sdata.2015.2,,,b_untested,human_only,42
PAIR_0042,112-14-1__141-78-6,112-14-1,141-78-6,CCCCCCCCOC(=O)C,CCOC(=O)C,octyl acetate,Ethyl acetate,Homo sapiens,hOR9G9,130.0,0.0,,True,False,False,,,A tested / B untested,Low,https://doi.org/10.1038/sdata.2015.2,,,b_untested,human_only,42
PAIR_0042,112-14-1__141-78-6,112-14-1,141-78-6,CCCCCCCCOC(=O)C,CCOC(=O)C,octyl acetate,Ethyl acetate,Homo sapiens,hOR9I1,144.0,0.0,,True,False,False,,,A tested / B untested,Low,https://doi.org/10.1038/sdata.2015.2,,,b_untested,human_only,42
PAIR_0042,112-14-1__141-78-6,112-14-1,141-78-6,CCCCCCCCOC(=O)C,CCOC(=O)C,octyl acetate,Ethyl acetate,Homo sapiens,hOR9K2,306.0,0.0,,True,False,False,,,A tested / B untested,Low,https://doi.org/10.1038/sdata.2015.2,,,b_untested,human_only,42
PAIR_0042,112-14-1__141-78-6,112-14-1,141-78-6,CCCCCCCCOC(=O)C,CCOC(=O)C,octyl acetate,Ethyl acetate,Homo sapiens,hOR9Q2,142.0,0.0,,True,False,False,,,A tested / B untested,Low,https://doi.org/10.1038/sdata.2015.2,,,b_untested,human_only,42
PAIR_0043,115-95-7__78-70-6,115-95-7,78-70-6,CC(=CCCC(C)(C=C)OC(=O)C)C,CC(=CCCC(C)(C=C)O)C,linalyl acetate,linalool,Homo sapiens,OR10A2,223.0,,0.0,False,True,False,,,A untested / B tested,Low,,https://doi.org/10.1371/journal.pone.0267356,Multiple CAS hits; exact SMILES used to disambiguate.,a_untested,human_only,43
PAIR_0043,115-95-7__78-70-6,115-95-7,78-70-6,CC(=CCCC(C)(C=C)OC(=O)C)C,CC(=CCCC(C)(C=C)O)C,linalyl acetate,linalool,Homo sapiens,OR10A4,834.0,,0.0,False,True,False,,,A untested / B tested,Low,,https://doi.org/10.1371/journal.pone.0267356,Multiple CAS hits; exact SMILES used to disambiguate.,a_untested,human_only,43
PAIR_0043,115-95-7__78-70-6,115-95-7,78-70-6,CC(=CCCC(C)(C=C)OC(=O)C)C,CC(=CCCC(C)(C=C)O)C,linalyl acetate,linalool,Homo sapiens,OR10AD1,835.0,,0.0,False,True,False,,,A untested / B tested,Low,,https://doi.org/10.1371/journal.pone.0267356,Multiple CAS hits; exact SMILES used to disambiguate.,a_untested,human_only,43
PAIR_0043,115-95-7__78-70-6,115-95-7,78-70-6,CC(=CCCC(C)(C=C)OC(=O)C)C,CC(=CCCC(C)(C=C)O)C,linalyl acetate,linalool,Homo sapiens,OR10G2,839.0,,0.0,False,True,False,,,A untested / B tested,Low,,https://doi.org/10.1371/journal.pone.0267356,Multiple CAS hits; exact SMILES used to disambiguate.,a_untested,human_only,43
PAIR_0043,115-95-7__78-70-6,115-95-7,78-70-6,CC(=CCCC(C)(C=C)OC(=O)C)C,CC(=CCCC(C)(C=C)O)C,linalyl acetate,linalool,Homo sapiens,OR10G3,547.0,,0.0,False,True,False,,,A untested / B tested,Low,,https://doi.org/10.1371/journal.pone.0267356,Multiple CAS hits; exact SMILES used to disambiguate.,a_untested,human_only,43
PAIR_0043,115-95-7__78-70-6,115-95-7,78-70-6,CC(=CCCC(C)(C=C)OC(=O)C)C,CC(=CCCC(C)(C=C)O)C,linalyl acetate,linalool,Homo sapiens,OR10G4,534.0,,0.0,False,True,False,,,A untested / B tested,Low,,https://doi.org/10.1371/journal.pone.0267356,Multiple CAS hits; exact SMILES used to disambiguate.,a_untested,human_only,43
PAIR_0043,115-95-7__78-70-6,115-95-7,78-70-6,CC(=CCCC(C)(C=C)OC(=O)C)C,CC(=CCCC(C)(C=C)O)C,linalyl acetate,linalool,Homo sapiens,OR10G9,843.0,,0.0,False,True,False,,,A untested / B tested,Low,,https://doi.org/10.1371/journal.pone.0267356,Multiple CAS hits; exact SMILES used to disambiguate.,a_untested,human_only,43
PAIR_0043,115-95-7__78-70-6,115-95-7,78-70-6,CC(=CCCC(C)(C=C)OC(=O)C)C,CC(=CCCC(C)(C=C)O)C,linalyl acetate,linalool,Homo sapiens,OR10H2,133.0,,0.0,False,True,False,,,A untested / B tested,Low,,https://doi.org/10.1371/journal.pone.0267356,Multiple CAS hits; exact SMILES used to disambiguate.,a_untested,human_only,43
PAIR_0043,115-95-7__78-70-6,115-95-7,78-70-6,CC(=CCCC(C)(C=C)OC(=O)C)C,CC(=CCCC(C)(C=C)O)C,linalyl acetate,linalool,Homo sapiens,OR10H5,345.0,,0.0,False,True,False,,,A untested / B tested,Low,,https://doi.org/10.1371/journal.pone.0267356,Multiple CAS hits; exact SMILES used to disambiguate.,a_untested,human_only,43
PAIR_0043,115-95-7__78-70-6,115-95-7,78-70-6,CC(=CCCC(C)(C=C)OC(=O)C)C,CC(=CCCC(C)(C=C)O)C,linalyl acetate,linalool,Homo sapiens,OR10J1,847.0,,0.0,False,True,False,,,A untested / B tested,Low,,https://doi.org/10.1371/journal.pone.0267356,Multiple CAS hits; exact SMILES used to disambiguate.,a_untested,human_only,43
PAIR_0043,115-95-7__78-70-6,115-95-7,78-70-6,CC(=CCCC(C)(C=C)OC(=O)C)C,CC(=CCCC(C)(C=C)O)C,linalyl acetate,linalool,Homo sapiens,OR10J3,850.0,,0.0,False,True,False,,,A untested / B tested,Low,,https://doi.org/10.1371/journal.pone.0267356,Multiple CAS hits; exact SMILES used to disambiguate.,a_untested,human_only,43
PAIR_0043,115-95-7__78-70-6,115-95-7,78-70-6,CC(=CCCC(C)(C=C)OC(=O)C)C,CC(=CCCC(C)(C=C)O)C,linalyl acetate,linalool,Homo sapiens,OR10P1,852.0,,0.0,False,True,False,,,A untested / B tested,Low,,https://doi.org/10.1371/journal.pone.0267356,Multiple CAS hits; exact SMILES used to disambiguate.,a_untested,human_only,43
PAIR_0043,115-95-7__78-70-6,115-95-7,78-70-6,CC(=CCCC(C)(C=C)OC(=O)C)C,CC(=CCCC(C)(C=C)O)C,linalyl acetate,linalool,Homo sapiens,OR10Q1,854.0,,0.0,False,True,False,,,A untested / B tested,Low,,https://doi.org/10.1371/journal.pone.0267356,Multiple CAS hits; exact SMILES used to disambiguate.,a_untested,human_only,43
PAIR_0043,115-95-7__78-70-6,115-95-7,78-70-6,CC(=CCCC(C)(C=C)OC(=O)C)C,CC(=CCCC(C)(C=C)O)C,linalyl acetate,linalool,Homo sapiens,OR10R2,465.0,,0.0,False,True,False,,,A untested / B tested,Low,,https://doi.org/10.1371/journal.pone.0267356,Multiple CAS hits; exact SMILES used to disambiguate.,a_untested,human_only,43
PAIR_0043,115-95-7__78-70-6,115-95-7,78-70-6,CC(=CCCC(C)(C=C)OC(=O)C)C,CC(=CCCC(C)(C=C)O)C,linalyl acetate,linalool,Homo sapiens,OR10S1,1.0,,0.0,False,True,False,,,A untested / B tested,Medium,,https://doi.org/10.1021/acs.biochem.8b01208 | https://doi.org/10.1371/journal.pone.0267356,Multiple CAS hits; exact SMILES used to disambiguate.,a_untested,human_only,43
PAIR_0043,115-95-7__78-70-6,115-95-7,78-70-6,CC(=CCCC(C)(C=C)OC(=O)C)C,CC(=CCCC(C)(C=C)O)C,linalyl acetate,linalool,Homo sapiens,OR10V1,860.0,,0.0,False,True,False,,,A untested / B tested,Low,,https://doi.org/10.1371/journal.pone.0267356,Multiple CAS hits; exact SMILES used to disambiguate.,a_untested,human_only,43
PAIR_0043,115-95-7__78-70-6,115-95-7,78-70-6,CC(=CCCC(C)(C=C)OC(=O)C)C,CC(=CCCC(C)(C=C)O)C,linalyl acetate,linalool,Homo sapiens,OR10W1,862.0,,0.0,False,True,False,,,A untested / B tested,Low,,https://doi.org/10.1371/journal.pone.0267356,Multiple CAS hits; exact SMILES used to disambiguate.,a_untested,human_only,43
PAIR_0043,115-95-7__78-70-6,115-95-7,78-70-6,CC(=CCCC(C)(C=C)OC(=O)C)C,CC(=CCCC(C)(C=C)O)C,linalyl acetate,linalool,Homo sapiens,OR11G2,864.0,,0.0,False,True,False,,,A untested / B tested,Low,,https://doi.org/10.1371/journal.pone.0267356,Multiple CAS hits; exact SMILES used to disambiguate.,a_untested,human_only,43
PAIR_0043,115-95-7__78-70-6,115-95-7,78-70-6,CC(=CCCC(C)(C=C)OC(=O)C)C,CC(=CCCC(C)(C=C)O)C,linalyl acetate,linalool,Homo sapiens,OR11H1,866.0,,0.0,False,True,False,,,A untested / B tested,Low,,https://doi.org/10.1371/journal.pone.0267356,Multiple CAS hits; exact SMILES used to disambiguate.,a_untested,human_only,43
PAIR_0043,115-95-7__78-70-6,115-95-7,78-70-6,CC(=CCCC(C)(C=C)OC(=O)C)C,CC(=CCCC(C)(C=C)O)C,linalyl acetate,linalool,Homo sapiens,OR11H12,868.0,,0.0,False,True,False,,,A untested / B tested,Low,,https://doi.org/10.1371/journal.pone.0267356,Multiple CAS hits; exact SMILES used to disambiguate.,a_untested,human_only,43
PAIR_0043,115-95-7__78-70-6,115-95-7,78-70-6,CC(=CCCC(C)(C=C)OC(=O)C)C,CC(=CCCC(C)(C=C)O)C,linalyl acetate,linalool,Homo sapiens,OR11L1,857.0,,0.0,False,True,False,,,A untested / B tested,Low,,https://doi.org/10.1371/journal.pone.0267356,Multiple CAS hits; exact SMILES used to disambiguate.,a_untested,human_only,43
PAIR_0043,115-95-7__78-70-6,115-95-7,78-70-6,CC(=CCCC(C)(C=C)OC(=O)C)C,CC(=CCCC(C)(C=C)O)C,linalyl acetate,linalool,Homo sapiens,OR13C5,874.0,,0.0,False,True,False,,,A untested / B tested,Low,,https://doi.org/10.1371/journal.pone.0267356,Multiple CAS hits; exact SMILES used to disambiguate.,a_untested,human_only,43
PAIR_0043,115-95-7__78-70-6,115-95-7,78-70-6,CC(=CCCC(C)(C=C)OC(=O)C)C,CC(=CCCC(C)(C=C)O)C,linalyl acetate,linalool,Homo sapiens,OR13C9,876.0,,0.0,False,True,False,,,A untested / B tested,Low,,https://doi.org/10.1371/journal.pone.0267356,Multiple CAS hits; exact SMILES used to disambiguate.,a_untested,human_only,43
PAIR_0043,115-95-7__78-70-6,115-95-7,78-70-6,CC(=CCCC(C)(C=C)OC(=O)C)C,CC(=CCCC(C)(C=C)O)C,linalyl acetate,linalool,Homo sapiens,OR13D1,879.0,,0.0,False,True,False,,,A untested / B tested,Low,,https://doi.org/10.1371/journal.pone.0267356,Multiple CAS hits; exact SMILES used to disambiguate.,a_untested,human_only,43
PAIR_0043,115-95-7__78-70-6,115-95-7,78-70-6,CC(=CCCC(C)(C=C)OC(=O)C)C,CC(=CCCC(C)(C=C)O)C,linalyl acetate,linalool,Homo sapiens,OR13F1,517.0,,0.0,False,True,False,,,A untested / B tested,Low,,https://doi.org/10.1371/journal.pone.0267356,Multiple CAS hits; exact SMILES used to disambiguate.,a_untested,human_only,43
PAIR_0043,115-95-7__78-70-6,115-95-7,78-70-6,CC(=CCCC(C)(C=C)OC(=O)C)C,CC(=CCCC(C)(C=C)O)C,linalyl acetate,linalool,Homo sapiens,OR13G1,468.0,,0.0,False,True,False,,,A untested / B tested,Low,,https://doi.org/10.1371/journal.pone.0267356,Multiple CAS hits; exact SMILES used to disambiguate.,a_untested,human_only,43
PAIR_0043,115-95-7__78-70-6,115-95-7,78-70-6,CC(=CCCC(C)(C=C)OC(=O)C)C,CC(=CCCC(C)(C=C)O)C,linalyl acetate,linalool,Homo sapiens,OR13J1,884.0,,0.0,False,True,False,,,A untested / B tested,Low,,https://doi.org/10.1371/journal.pone.0267356,Multiple CAS hits; exact SMILES used to disambiguate.,a_untested,human_only,43
PAIR_0043,115-95-7__78-70-6,115-95-7,78-70-6,CC(=CCCC(C)(C=C)OC(=O)C)C,CC(=CCCC(C)(C=C)O)C,linalyl acetate,linalool,Homo sapiens,OR14A2,885.0,,0.0,False,True,False,,,A untested / B tested,Low,,https://doi.org/10.1371/journal.pone.0267356,Multiple CAS hits; exact SMILES used to disambiguate.,a_untested,human_only,43
PAIR_0043,115-95-7__78-70-6,115-95-7,78-70-6,CC(=CCCC(C)(C=C)OC(=O)C)C,CC(=CCCC(C)(C=C)O)C,linalyl acetate,linalool,Homo sapiens,OR14K1,890.0,,0.0,False,True,False,,,A untested / B tested,Low,,https://doi.org/10.1371/journal.pone.0267356,Multiple CAS hits; exact SMILES used to disambiguate.,a_untested,human_only,43
PAIR_0043,115-95-7__78-70-6,115-95-7,78-70-6,CC(=CCCC(C)(C=C)OC(=O)C)C,CC(=CCCC(C)(C=C)O)C,linalyl acetate,linalool,Homo sapiens,OR1B1,580.0,,0.0,False,True,False,,,A untested / B tested,Low,,https://doi.org/10.1371/journal.pone.0267356,Multiple CAS hits; exact SMILES used to disambiguate.,a_untested,human_only,43
PAIR_0043,115-95-7__78-70-6,115-95-7,78-70-6,CC(=CCCC(C)(C=C)OC(=O)C)C,CC(=CCCC(C)(C=C)O)C,linalyl acetate,linalool,Homo sapiens,OR1D4,955.0,,0.0,False,True,False,,,A untested / B tested,Low,,https://doi.org/10.1371/journal.pone.0267356,Multiple CAS hits; exact SMILES used to disambiguate.,a_untested,human_only,43
PAIR_0043,115-95-7__78-70-6,115-95-7,78-70-6,CC(=CCCC(C)(C=C)OC(=O)C)C,CC(=CCCC(C)(C=C)O)C,linalyl acetate,linalool,Homo sapiens,OR1E1,627.0,,0.0,False,True,False,,,A untested / B tested,Low,,https://doi.org/10.1371/journal.pone.0267356,Multiple CAS hits; exact SMILES used to disambiguate.,a_untested,human_only,43
PAIR_0043,115-95-7__78-70-6,115-95-7,78-70-6,CC(=CCCC(C)(C=C)OC(=O)C)C,CC(=CCCC(C)(C=C)O)C,linalyl acetate,linalool,Homo sapiens,OR1E3,1029.0,,0.0,False,True,False,,,A untested / B tested,Low,,https://doi.org/10.1371/journal.pone.0267356,Multiple CAS hits; exact SMILES used to disambiguate.,a_untested,human_only,43
PAIR_0043,115-95-7__78-70-6,115-95-7,78-70-6,CC(=CCCC(C)(C=C)OC(=O)C)C,CC(=CCCC(C)(C=C)O)C,linalyl acetate,linalool,Homo sapiens,OR1F1,525.0,,0.0,False,True,False,,,A untested / B tested,Low,,https://doi.org/10.1371/journal.pone.0267356,Multiple CAS hits; exact SMILES used to disambiguate.,a_untested,human_only,43
PAIR_0043,115-95-7__78-70-6,115-95-7,78-70-6,CC(=CCCC(C)(C=C)OC(=O)C)C,CC(=CCCC(C)(C=C)O)C,linalyl acetate,linalool,Homo sapiens,OR1I1,629.0,,0.0,False,True,False,,,A untested / B tested,Low,,https://doi.org/10.1371/journal.pone.0267356,Multiple CAS hits; exact SMILES used to disambiguate.,a_untested,human_only,43
PAIR_0043,115-95-7__78-70-6,115-95-7,78-70-6,CC(=CCCC(C)(C=C)OC(=O)C)C,CC(=CCCC(C)(C=C)O)C,linalyl acetate,linalool,Homo sapiens,OR1L1,614.0,,0.0,False,True,False,,,A untested / B tested,Low,,https://doi.org/10.1371/journal.pone.0267356,Multiple CAS hits; exact SMILES used to disambiguate.,a_untested,human_only,43
PAIR_0043,115-95-7__78-70-6,115-95-7,78-70-6,CC(=CCCC(C)(C=C)OC(=O)C)C,CC(=CCCC(C)(C=C)O)C,linalyl acetate,linalool,Homo sapiens,OR1L4,189.0,,0.0,False,True,False,,,A untested / B tested,Low,,https://doi.org/10.1371/journal.pone.0267356,Multiple CAS hits; exact SMILES used to disambiguate.,a_untested,human_only,43
PAIR_0043,115-95-7__78-70-6,115-95-7,78-70-6,CC(=CCCC(C)(C=C)OC(=O)C)C,CC(=CCCC(C)(C=C)O)C,linalyl acetate,linalool,Homo sapiens,OR1L6,258.0,,0.0,False,True,False,,,A untested / B tested,Low,,https://doi.org/10.1038/sdata.2015.2,Multiple CAS hits; exact SMILES used to disambiguate.,a_untested,human_only,43
PAIR_0043,115-95-7__78-70-6,115-95-7,78-70-6,CC(=CCCC(C)(C=C)OC(=O)C)C,CC(=CCCC(C)(C=C)O)C,linalyl acetate,linalool,Homo sapiens,OR1M1,632.0,,0.0,False,True,False,,,A untested / B tested,Low,,https://doi.org/10.1371/journal.pone.0267356,Multiple CAS hits; exact SMILES used to disambiguate.,a_untested,human_only,43
PAIR_0043,115-95-7__78-70-6,115-95-7,78-70-6,CC(=CCCC(C)(C=C)OC(=O)C)C,CC(=CCCC(C)(C=C)O)C,linalyl acetate,linalool,Homo sapiens,OR1N2,633.0,,0.0,False,True,False,,,A untested / B tested,Low,,https://doi.org/10.1371/journal.pone.0267356,Multiple CAS hits; exact SMILES used to disambiguate.,a_untested,human_only,43
PAIR_0043,115-95-7__78-70-6,115-95-7,78-70-6,CC(=CCCC(C)(C=C)OC(=O)C)C,CC(=CCCC(C)(C=C)O)C,linalyl acetate,linalool,Homo sapiens,OR1P1,320.0,,0.0,False,True,False,,,A untested / B tested,Low,,https://doi.org/10.1371/journal.pone.0267356,Multiple CAS hits; exact SMILES used to disambiguate.,a_untested,human_only,43
PAIR_0043,115-95-7__78-70-6,115-95-7,78-70-6,CC(=CCCC(C)(C=C)OC(=O)C)C,CC(=CCCC(C)(C=C)O)C,linalyl acetate,linalool,Homo sapiens,OR1Q1,533.0,,0.0,False,True,False,,,A untested / B tested,Low,,https://doi.org/10.1371/journal.pone.0267356,Multiple CAS hits; exact SMILES used to disambiguate.,a_untested,human_only,43
PAIR_0043,115-95-7__78-70-6,115-95-7,78-70-6,CC(=CCCC(C)(C=C)OC(=O)C)C,CC(=CCCC(C)(C=C)O)C,linalyl acetate,linalool,Homo sapiens,OR1S1,635.0,,0.0,False,True,False,,,A untested / B tested,Low,,https://doi.org/10.1371/journal.pone.0267356,Multiple CAS hits; exact SMILES used to disambiguate.,a_untested,human_only,43
PAIR_0043,115-95-7__78-70-6,115-95-7,78-70-6,CC(=CCCC(C)(C=C)OC(=O)C)C,CC(=CCCC(C)(C=C)O)C,linalyl acetate,linalool,Homo sapiens,OR1S2,636.0,,0.0,False,True,False,,,A untested / B tested,Low,,https://doi.org/10.1371/journal.pone.0267356,Multiple CAS hits; exact SMILES used to disambiguate.,a_untested,human_only,43
PAIR_0043,115-95-7__78-70-6,115-95-7,78-70-6,CC(=CCCC(C)(C=C)OC(=O)C)C,CC(=CCCC(C)(C=C)O)C,linalyl acetate,linalool,Homo sapiens,OR2A42 | OR2A1,4.0,,0.0,False,True,False,,,A untested / B tested,Medium,,https://doi.org/10.1021/acs.biochem.8b01208 | https://doi.org/10.1371/journal.pone.0267356,Multiple CAS hits; exact SMILES used to disambiguate.,a_untested,human_only,43
PAIR_0043,115-95-7__78-70-6,115-95-7,78-70-6,CC(=CCCC(C)(C=C)OC(=O)C)C,CC(=CCCC(C)(C=C)O)C,linalyl acetate,linalool,Homo sapiens,OR2A7 | hOR2A7,5.0,,0.0,False,True,False,,,A untested / B tested,Medium,,https://doi.org/10.1021/acs.biochem.8b01208 | https://doi.org/10.1038/sdata.2015.2 | https://doi.org/10.1371/journal.pone.0267356,Multiple CAS hits; exact SMILES used to disambiguate.,a_untested,human_only,43
PAIR_0043,115-95-7__78-70-6,115-95-7,78-70-6,CC(=CCCC(C)(C=C)OC(=O)C)C,CC(=CCCC(C)(C=C)O)C,linalyl acetate,linalool,Homo sapiens,OR2AE1,642.0,,0.0,False,True,False,,,A untested / B tested,Low,,https://doi.org/10.1371/journal.pone.0267356,Multiple CAS hits; exact SMILES used to disambiguate.,a_untested,human_only,43
PAIR_0043,115-95-7__78-70-6,115-95-7,78-70-6,CC(=CCCC(C)(C=C)OC(=O)C)C,CC(=CCCC(C)(C=C)O)C,linalyl acetate,linalool,Homo sapiens,OR2AJ1,964.0,,0.0,False,True,False,,,A untested / B tested,Low,,https://doi.org/10.1371/journal.pone.0267356,Multiple CAS hits; exact SMILES used to disambiguate.,a_untested,human_only,43
PAIR_0043,115-95-7__78-70-6,115-95-7,78-70-6,CC(=CCCC(C)(C=C)OC(=O)C)C,CC(=CCCC(C)(C=C)O)C,linalyl acetate,linalool,Homo sapiens,OR2AK2,644.0,,0.0,False,True,False,,,A untested / B tested,Low,,https://doi.org/10.1371/journal.pone.0267356,Multiple CAS hits; exact SMILES used to disambiguate.,a_untested,human_only,43
PAIR_0043,115-95-7__78-70-6,115-95-7,78-70-6,CC(=CCCC(C)(C=C)OC(=O)C)C,CC(=CCCC(C)(C=C)O)C,linalyl acetate,linalool,Homo sapiens,OR2C1,591.0,,0.0,False,True,False,,,A untested / B tested,Low,,https://doi.org/10.1371/journal.pone.0267356,Multiple CAS hits; exact SMILES used to disambiguate.,a_untested,human_only,43
PAIR_0043,115-95-7__78-70-6,115-95-7,78-70-6,CC(=CCCC(C)(C=C)OC(=O)C)C,CC(=CCCC(C)(C=C)O)C,linalyl acetate,linalool,Homo sapiens,OR2C3,537.0,,0.0,False,True,False,,,A untested / B tested,Low,,https://doi.org/10.1371/journal.pone.0267356,Multiple CAS hits; exact SMILES used to disambiguate.,a_untested,human_only,43
PAIR_0043,115-95-7__78-70-6,115-95-7,78-70-6,CC(=CCCC(C)(C=C)OC(=O)C)C,CC(=CCCC(C)(C=C)O)C,linalyl acetate,linalool,Homo sapiens,OR2D3,648.0,,0.0,False,True,False,,,A untested / B tested,Low,,https://doi.org/10.1371/journal.pone.0267356,Multiple CAS hits; exact SMILES used to disambiguate.,a_untested,human_only,43
PAIR_0043,115-95-7__78-70-6,115-95-7,78-70-6,CC(=CCCC(C)(C=C)OC(=O)C)C,CC(=CCCC(C)(C=C)O)C,linalyl acetate,linalool,Homo sapiens,OR2F2,650.0,,0.0,False,True,False,,,A untested / B tested,Low,,https://doi.org/10.1371/journal.pone.0267356,Multiple CAS hits; exact SMILES used to disambiguate.,a_untested,human_only,43
PAIR_0043,115-95-7__78-70-6,115-95-7,78-70-6,CC(=CCCC(C)(C=C)OC(=O)C)C,CC(=CCCC(C)(C=C)O)C,linalyl acetate,linalool,Homo sapiens,OR2H2,527.0,,0.0,False,True,False,,,A untested / B tested,Low,,https://doi.org/10.1371/journal.pone.0267356,Multiple CAS hits; exact SMILES used to disambiguate.,a_untested,human_only,43
PAIR_0043,115-95-7__78-70-6,115-95-7,78-70-6,CC(=CCCC(C)(C=C)OC(=O)C)C,CC(=CCCC(C)(C=C)O)C,linalyl acetate,linalool,Homo sapiens,OR2J1,194.0,,0.0,False,True,False,,,A untested / B tested,Low,,https://doi.org/10.1371/journal.pone.0267356,Multiple CAS hits; exact SMILES used to disambiguate.,a_untested,human_only,43
PAIR_0043,115-95-7__78-70-6,115-95-7,78-70-6,CC(=CCCC(C)(C=C)OC(=O)C)C,CC(=CCCC(C)(C=C)O)C,linalyl acetate,linalool,Homo sapiens,OR2J2,323.0,,0.0,False,True,False,,,A untested / B tested,Medium,,https://doi.org/10.1371/journal.pone.0267356,Multiple CAS hits; exact SMILES used to disambiguate.,a_untested,human_only,43
PAIR_0043,115-95-7__78-70-6,115-95-7,78-70-6,CC(=CCCC(C)(C=C)OC(=O)C)C,CC(=CCCC(C)(C=C)O)C,linalyl acetate,linalool,Homo sapiens,OR2J3,482.0,,0.0,False,True,False,,,A untested / B tested,Medium,,https://doi.org/10.1371/journal.pone.0267356,Multiple CAS hits; exact SMILES used to disambiguate.,a_untested,human_only,43
PAIR_0043,115-95-7__78-70-6,115-95-7,78-70-6,CC(=CCCC(C)(C=C)OC(=O)C)C,CC(=CCCC(C)(C=C)O)C,linalyl acetate,linalool,Homo sapiens,OR2L13 | hOR2L13,6.0,,0.0,False,True,False,,,A untested / B tested,Medium,,https://doi.org/10.1021/acs.biochem.8b01208 | https://doi.org/10.1038/sdata.2015.2 | https://doi.org/10.1371/journal.pone.0267356,Multiple CAS hits; exact SMILES used to disambiguate.,a_untested,human_only,43
PAIR_0043,115-95-7__78-70-6,115-95-7,78-70-6,CC(=CCCC(C)(C=C)OC(=O)C)C,CC(=CCCC(C)(C=C)O)C,linalyl acetate,linalool,Homo sapiens,OR2L3,655.0,,0.0,False,True,False,,,A untested / B tested,Low,,https://doi.org/10.1371/journal.pone.0267356,Multiple CAS hits; exact SMILES used to disambiguate.,a_untested,human_only,43
PAIR_0043,115-95-7__78-70-6,115-95-7,78-70-6,CC(=CCCC(C)(C=C)OC(=O)C)C,CC(=CCCC(C)(C=C)O)C,linalyl acetate,linalool,Homo sapiens,OR2L8,656.0,,0.0,False,True,False,,,A untested / B tested,Low,,https://doi.org/10.1371/journal.pone.0267356,Multiple CAS hits; exact SMILES used to disambiguate.,a_untested,human_only,43
PAIR_0043,115-95-7__78-70-6,115-95-7,78-70-6,CC(=CCCC(C)(C=C)OC(=O)C)C,CC(=CCCC(C)(C=C)O)C,linalyl acetate,linalool,Homo sapiens,OR2M2,565.0,,0.0,False,True,False,,,A untested / B tested,Low,,https://doi.org/10.1371/journal.pone.0267356,Multiple CAS hits; exact SMILES used to disambiguate.,a_untested,human_only,43
PAIR_0043,115-95-7__78-70-6,115-95-7,78-70-6,CC(=CCCC(C)(C=C)OC(=O)C)C,CC(=CCCC(C)(C=C)O)C,linalyl acetate,linalool,Homo sapiens,OR2M5,657.0,,0.0,False,True,False,,,A untested / B tested,Low,,https://doi.org/10.1371/journal.pone.0267356,Multiple CAS hits; exact SMILES used to disambiguate.,a_untested,human_only,43
PAIR_0043,115-95-7__78-70-6,115-95-7,78-70-6,CC(=CCCC(C)(C=C)OC(=O)C)C,CC(=CCCC(C)(C=C)O)C,linalyl acetate,linalool,Homo sapiens,OR2S2,659.0,,0.0,False,True,False,,,A untested / B tested,Low,,https://doi.org/10.1371/journal.pone.0267356,Multiple CAS hits; exact SMILES used to disambiguate.,a_untested,human_only,43
PAIR_0043,115-95-7__78-70-6,115-95-7,78-70-6,CC(=CCCC(C)(C=C)OC(=O)C)C,CC(=CCCC(C)(C=C)O)C,linalyl acetate,linalool,Homo sapiens,OR2T1,531.0,,0.0,False,True,False,,,A untested / B tested,Low,,https://doi.org/10.1371/journal.pone.0267356,Multiple CAS hits; exact SMILES used to disambiguate.,a_untested,human_only,43
PAIR_0043,115-95-7__78-70-6,115-95-7,78-70-6,CC(=CCCC(C)(C=C)OC(=O)C)C,CC(=CCCC(C)(C=C)O)C,linalyl acetate,linalool,Homo sapiens,OR2T11,660.0,,0.0,False,True,False,,,A untested / B tested,Low,,https://doi.org/10.1371/journal.pone.0267356,Multiple CAS hits; exact SMILES used to disambiguate.,a_untested,human_only,43
PAIR_0043,115-95-7__78-70-6,115-95-7,78-70-6,CC(=CCCC(C)(C=C)OC(=O)C)C,CC(=CCCC(C)(C=C)O)C,linalyl acetate,linalool,Homo sapiens,OR2T12,661.0,,0.0,False,True,False,,,A untested / B tested,Low,,https://doi.org/10.1371/journal.pone.0267356,Multiple CAS hits; exact SMILES used to disambiguate.,a_untested,human_only,43
PAIR_0043,115-95-7__78-70-6,115-95-7,78-70-6,CC(=CCCC(C)(C=C)OC(=O)C)C,CC(=CCCC(C)(C=C)O)C,linalyl acetate,linalool,Homo sapiens,OR2T2,662.0,,0.0,False,True,False,,,A untested / B tested,Low,,https://doi.org/10.1371/journal.pone.0267356,Multiple CAS hits; exact SMILES used to disambiguate.,a_untested,human_only,43
PAIR_0043,115-95-7__78-70-6,115-95-7,78-70-6,CC(=CCCC(C)(C=C)OC(=O)C)C,CC(=CCCC(C)(C=C)O)C,linalyl acetate,linalool,Homo sapiens,OR2T27,666.0,,0.0,False,True,False,,,A untested / B tested,Low,,https://doi.org/10.1371/journal.pone.0267356,Multiple CAS hits; exact SMILES used to disambiguate.,a_untested,human_only,43
PAIR_0043,115-95-7__78-70-6,115-95-7,78-70-6,CC(=CCCC(C)(C=C)OC(=O)C)C,CC(=CCCC(C)(C=C)O)C,linalyl acetate,linalool,Homo sapiens,OR2T29,668.0,,0.0,False,True,False,,,A untested / B tested,Low,,https://doi.org/10.1371/journal.pone.0267356,Multiple CAS hits; exact SMILES used to disambiguate.,a_untested,human_only,43
PAIR_0043,115-95-7__78-70-6,115-95-7,78-70-6,CC(=CCCC(C)(C=C)OC(=O)C)C,CC(=CCCC(C)(C=C)O)C,linalyl acetate,linalool,Homo sapiens,OR2T33,674.0,,0.0,False,True,False,,,A untested / B tested,Low,,https://doi.org/10.1371/journal.pone.0267356,Multiple CAS hits; exact SMILES used to disambiguate.,a_untested,human_only,43
PAIR_0043,115-95-7__78-70-6,115-95-7,78-70-6,CC(=CCCC(C)(C=C)OC(=O)C)C,CC(=CCCC(C)(C=C)O)C,linalyl acetate,linalool,Homo sapiens,OR2T4,8.0,,0.0,False,True,False,,,A untested / B tested,Medium,,https://doi.org/10.1021/acs.biochem.8b01208 | https://doi.org/10.1371/journal.pone.0267356,Multiple CAS hits; exact SMILES used to disambiguate.,a_untested,human_only,43
PAIR_0043,115-95-7__78-70-6,115-95-7,78-70-6,CC(=CCCC(C)(C=C)OC(=O)C)C,CC(=CCCC(C)(C=C)O)C,linalyl acetate,linalool,Homo sapiens,OR2T5,681.0,,0.0,False,True,False,,,A untested / B tested,Low,,https://doi.org/10.1371/journal.pone.0267356,Multiple CAS hits; exact SMILES used to disambiguate.,a_untested,human_only,43
PAIR_0043,115-95-7__78-70-6,115-95-7,78-70-6,CC(=CCCC(C)(C=C)OC(=O)C)C,CC(=CCCC(C)(C=C)O)C,linalyl acetate,linalool,Homo sapiens,OR2T6,684.0,,0.0,False,True,False,,,A untested / B tested,Low,,https://doi.org/10.1371/journal.pone.0267356,Multiple CAS hits; exact SMILES used to disambiguate.,a_untested,human_only,43
PAIR_0043,115-95-7__78-70-6,115-95-7,78-70-6,CC(=CCCC(C)(C=C)OC(=O)C)C,CC(=CCCC(C)(C=C)O)C,linalyl acetate,linalool,Homo sapiens,OR2T7,965.0,,0.0,False,True,False,,,A untested / B tested,Low,,https://doi.org/10.1371/journal.pone.0267356,Multiple CAS hits; exact SMILES used to disambiguate.,a_untested,human_only,43
PAIR_0043,115-95-7__78-70-6,115-95-7,78-70-6,CC(=CCCC(C)(C=C)OC(=O)C)C,CC(=CCCC(C)(C=C)O)C,linalyl acetate,linalool,Homo sapiens,OR2T8,687.0,,0.0,False,True,False,,,A untested / B tested,Low,,https://doi.org/10.1371/journal.pone.0267356,Multiple CAS hits; exact SMILES used to disambiguate.,a_untested,human_only,43
PAIR_0043,115-95-7__78-70-6,115-95-7,78-70-6,CC(=CCCC(C)(C=C)OC(=O)C)C,CC(=CCCC(C)(C=C)O)C,linalyl acetate,linalool,Homo sapiens,OR2V2,688.0,,0.0,False,True,False,,,A untested / B tested,Low,,https://doi.org/10.1371/journal.pone.0267356,Multiple CAS hits; exact SMILES used to disambiguate.,a_untested,human_only,43
PAIR_0043,115-95-7__78-70-6,115-95-7,78-70-6,CC(=CCCC(C)(C=C)OC(=O)C)C,CC(=CCCC(C)(C=C)O)C,linalyl acetate,linalool,Homo sapiens,OR2W3,9.0,,0.0,False,True,False,,,A untested / B tested,Medium,,https://doi.org/10.1021/acs.biochem.8b01208 | https://doi.org/10.1371/journal.pone.0267356,Multiple CAS hits; exact SMILES used to disambiguate.,a_untested,human_only,43
PAIR_0043,115-95-7__78-70-6,115-95-7,78-70-6,CC(=CCCC(C)(C=C)OC(=O)C)C,CC(=CCCC(C)(C=C)O)C,linalyl acetate,linalool,Homo sapiens,OR3A3,526.0,,0.0,False,True,False,,,A untested / B tested,Low,,https://doi.org/10.1371/journal.pone.0267356,Multiple CAS hits; exact SMILES used to disambiguate.,a_untested,human_only,43
PAIR_0043,115-95-7__78-70-6,115-95-7,78-70-6,CC(=CCCC(C)(C=C)OC(=O)C)C,CC(=CCCC(C)(C=C)O)C,linalyl acetate,linalool,Homo sapiens,OR3A4,956.0,,0.0,False,True,False,,,A untested / B tested,Low,,https://doi.org/10.1371/journal.pone.0267356,Multiple CAS hits; exact SMILES used to disambiguate.,a_untested,human_only,43
PAIR_0043,115-95-7__78-70-6,115-95-7,78-70-6,CC(=CCCC(C)(C=C)OC(=O)C)C,CC(=CCCC(C)(C=C)O)C,linalyl acetate,linalool,Homo sapiens,OR4A15,693.0,,0.0,False,True,False,,,A untested / B tested,Low,,https://doi.org/10.1371/journal.pone.0267356,Multiple CAS hits; exact SMILES used to disambiguate.,a_untested,human_only,43
PAIR_0043,115-95-7__78-70-6,115-95-7,78-70-6,CC(=CCCC(C)(C=C)OC(=O)C)C,CC(=CCCC(C)(C=C)O)C,linalyl acetate,linalool,Homo sapiens,OR4A47,694.0,,0.0,False,True,False,,,A untested / B tested,Low,,https://doi.org/10.1371/journal.pone.0267356,Multiple CAS hits; exact SMILES used to disambiguate.,a_untested,human_only,43
PAIR_0043,115-95-7__78-70-6,115-95-7,78-70-6,CC(=CCCC(C)(C=C)OC(=O)C)C,CC(=CCCC(C)(C=C)O)C,linalyl acetate,linalool,Homo sapiens,OR4C12,696.0,,0.0,False,True,False,,,A untested / B tested,Low,,https://doi.org/10.1371/journal.pone.0267356,Multiple CAS hits; exact SMILES used to disambiguate.,a_untested,human_only,43
PAIR_0043,115-95-7__78-70-6,115-95-7,78-70-6,CC(=CCCC(C)(C=C)OC(=O)C)C,CC(=CCCC(C)(C=C)O)C,linalyl acetate,linalool,Homo sapiens,OR4C13,697.0,,0.0,False,True,False,,,A untested / B tested,Low,,https://doi.org/10.1371/journal.pone.0267356,Multiple CAS hits; exact SMILES used to disambiguate.,a_untested,human_only,43
PAIR_0043,115-95-7__78-70-6,115-95-7,78-70-6,CC(=CCCC(C)(C=C)OC(=O)C)C,CC(=CCCC(C)(C=C)O)C,linalyl acetate,linalool,Homo sapiens,OR4C15,958.0,,0.0,False,True,False,,,A untested / B tested,Low,,https://doi.org/10.1371/journal.pone.0267356,Multiple CAS hits; exact SMILES used to disambiguate.,a_untested,human_only,43
PAIR_0043,115-95-7__78-70-6,115-95-7,78-70-6,CC(=CCCC(C)(C=C)OC(=O)C)C,CC(=CCCC(C)(C=C)O)C,linalyl acetate,linalool,Homo sapiens,OR4C16,700.0,,0.0,False,True,False,,,A untested / B tested,Low,,https://doi.org/10.1371/journal.pone.0267356,Multiple CAS hits; exact SMILES used to disambiguate.,a_untested,human_only,43
PAIR_0043,115-95-7__78-70-6,115-95-7,78-70-6,CC(=CCCC(C)(C=C)OC(=O)C)C,CC(=CCCC(C)(C=C)O)C,linalyl acetate,linalool,Homo sapiens,OR4C45,702.0,,0.0,False,True,False,,,A untested / B tested,Low,,https://doi.org/10.1371/journal.pone.0267356,Multiple CAS hits; exact SMILES used to disambiguate.,a_untested,human_only,43
PAIR_0043,115-95-7__78-70-6,115-95-7,78-70-6,CC(=CCCC(C)(C=C)OC(=O)C)C,CC(=CCCC(C)(C=C)O)C,linalyl acetate,linalool,Homo sapiens,OR4C46,703.0,,0.0,False,True,False,,,A untested / B tested,Low,,https://doi.org/10.1371/journal.pone.0267356,Multiple CAS hits; exact SMILES used to disambiguate.,a_untested,human_only,43
PAIR_0043,115-95-7__78-70-6,115-95-7,78-70-6,CC(=CCCC(C)(C=C)OC(=O)C)C,CC(=CCCC(C)(C=C)O)C,linalyl acetate,linalool,Homo sapiens,OR4C5,705.0,,0.0,False,True,False,,,A untested / B tested,Low,,https://doi.org/10.1371/journal.pone.0267356,Multiple CAS hits; exact SMILES used to disambiguate.,a_untested,human_only,43
PAIR_0043,115-95-7__78-70-6,115-95-7,78-70-6,CC(=CCCC(C)(C=C)OC(=O)C)C,CC(=CCCC(C)(C=C)O)C,linalyl acetate,linalool,Homo sapiens,OR4D1,467.0,,0.0,False,True,False,,,A untested / B tested,Low,,https://doi.org/10.1371/journal.pone.0267356,Multiple CAS hits; exact SMILES used to disambiguate.,a_untested,human_only,43
PAIR_0043,115-95-7__78-70-6,115-95-7,78-70-6,CC(=CCCC(C)(C=C)OC(=O)C)C,CC(=CCCC(C)(C=C)O)C,linalyl acetate,linalool,Homo sapiens,OR4D2,573.0,,0.0,False,True,False,,,A untested / B tested,Low,,https://doi.org/10.1371/journal.pone.0267356,Multiple CAS hits; exact SMILES used to disambiguate.,a_untested,human_only,43
PAIR_0043,115-95-7__78-70-6,115-95-7,78-70-6,CC(=CCCC(C)(C=C)OC(=O)C)C,CC(=CCCC(C)(C=C)O)C,linalyl acetate,linalool,Homo sapiens,OR4D6,346.0,,0.0,False,True,False,,,A untested / B tested,Low,,https://doi.org/10.1371/journal.pone.0267356,Multiple CAS hits; exact SMILES used to disambiguate.,a_untested,human_only,43
PAIR_0043,115-95-7__78-70-6,115-95-7,78-70-6,CC(=CCCC(C)(C=C)OC(=O)C)C,CC(=CCCC(C)(C=C)O)C,linalyl acetate,linalool,Homo sapiens,OR4F17,710.0,,0.0,False,True,False,,,A untested / B tested,Low,,https://doi.org/10.1371/journal.pone.0267356,Multiple CAS hits; exact SMILES used to disambiguate.,a_untested,human_only,43
PAIR_0043,115-95-7__78-70-6,115-95-7,78-70-6,CC(=CCCC(C)(C=C)OC(=O)C)C,CC(=CCCC(C)(C=C)O)C,linalyl acetate,linalool,Homo sapiens,OR4F21,711.0,,0.0,False,True,False,,,A untested / B tested,Low,,https://doi.org/10.1371/journal.pone.0267356,Multiple CAS hits; exact SMILES used to disambiguate.,a_untested,human_only,43
PAIR_0043,115-95-7__78-70-6,115-95-7,78-70-6,CC(=CCCC(C)(C=C)OC(=O)C)C,CC(=CCCC(C)(C=C)O)C,linalyl acetate,linalool,Homo sapiens,OR4F4,713.0,,0.0,False,True,False,,,A untested / B tested,Low,,https://doi.org/10.1371/journal.pone.0267356,Multiple CAS hits; exact SMILES used to disambiguate.,a_untested,human_only,43
PAIR_0043,115-95-7__78-70-6,115-95-7,78-70-6,CC(=CCCC(C)(C=C)OC(=O)C)C,CC(=CCCC(C)(C=C)O)C,linalyl acetate,linalool,Homo sapiens,OR4F5,714.0,,0.0,False,True,False,,,A untested / B tested,Low,,https://doi.org/10.1371/journal.pone.0267356,Multiple CAS hits; exact SMILES used to disambiguate.,a_untested,human_only,43
PAIR_0043,115-95-7__78-70-6,115-95-7,78-70-6,CC(=CCCC(C)(C=C)OC(=O)C)C,CC(=CCCC(C)(C=C)O)C,linalyl acetate,linalool,Homo sapiens,OR4K1,716.0,,0.0,False,True,False,,,A untested / B tested,Low,,https://doi.org/10.1371/journal.pone.0267356,Multiple CAS hits; exact SMILES used to disambiguate.,a_untested,human_only,43
PAIR_0043,115-95-7__78-70-6,115-95-7,78-70-6,CC(=CCCC(C)(C=C)OC(=O)C)C,CC(=CCCC(C)(C=C)O)C,linalyl acetate,linalool,Homo sapiens,OR4K15,520.0,,0.0,False,True,False,,,A untested / B tested,Low,,https://doi.org/10.1371/journal.pone.0267356,Multiple CAS hits; exact SMILES used to disambiguate.,a_untested,human_only,43
PAIR_0043,115-95-7__78-70-6,115-95-7,78-70-6,CC(=CCCC(C)(C=C)OC(=O)C)C,CC(=CCCC(C)(C=C)O)C,linalyl acetate,linalool,Homo sapiens,OR4K17,948.0,,0.0,False,True,False,,,A untested / B tested,Low,,https://doi.org/10.1371/journal.pone.0267356,Multiple CAS hits; exact SMILES used to disambiguate.,a_untested,human_only,43
PAIR_0043,115-95-7__78-70-6,115-95-7,78-70-6,CC(=CCCC(C)(C=C)OC(=O)C)C,CC(=CCCC(C)(C=C)O)C,linalyl acetate,linalool,Homo sapiens,OR4L1,719.0,,0.0,False,True,False,,,A untested / B tested,Low,,https://doi.org/10.1371/journal.pone.0267356,Multiple CAS hits; exact SMILES used to disambiguate.,a_untested,human_only,43
PAIR_0043,115-95-7__78-70-6,115-95-7,78-70-6,CC(=CCCC(C)(C=C)OC(=O)C)C,CC(=CCCC(C)(C=C)O)C,linalyl acetate,linalool,Homo sapiens,OR4M2,721.0,,0.0,False,True,False,,,A untested / B tested,Low,,https://doi.org/10.1371/journal.pone.0267356,Multiple CAS hits; exact SMILES used to disambiguate.,a_untested,human_only,43
PAIR_0043,115-95-7__78-70-6,115-95-7,78-70-6,CC(=CCCC(C)(C=C)OC(=O)C)C,CC(=CCCC(C)(C=C)O)C,linalyl acetate,linalool,Homo sapiens,OR4P4,724.0,,0.0,False,True,False,,,A untested / B tested,Low,,https://doi.org/10.1371/journal.pone.0267356,Multiple CAS hits; exact SMILES used to disambiguate.,a_untested,human_only,43
PAIR_0043,115-95-7__78-70-6,115-95-7,78-70-6,CC(=CCCC(C)(C=C)OC(=O)C)C,CC(=CCCC(C)(C=C)O)C,linalyl acetate,linalool,Homo sapiens,OR4X1,726.0,,0.0,False,True,False,,,A untested / B tested,Low,,https://doi.org/10.1371/journal.pone.0267356,Multiple CAS hits; exact SMILES used to disambiguate.,a_untested,human_only,43
PAIR_0043,115-95-7__78-70-6,115-95-7,78-70-6,CC(=CCCC(C)(C=C)OC(=O)C)C,CC(=CCCC(C)(C=C)O)C,linalyl acetate,linalool,Homo sapiens,OR51A4,892.0,,0.0,False,True,False,,,A untested / B tested,Low,,https://doi.org/10.1371/journal.pone.0267356,Multiple CAS hits; exact SMILES used to disambiguate.,a_untested,human_only,43
PAIR_0043,115-95-7__78-70-6,115-95-7,78-70-6,CC(=CCCC(C)(C=C)OC(=O)C)C,CC(=CCCC(C)(C=C)O)C,linalyl acetate,linalool,Homo sapiens,OR51A7,893.0,,0.0,False,True,False,,,A untested / B tested,Low,,https://doi.org/10.1371/journal.pone.0267356,Multiple CAS hits; exact SMILES used to disambiguate.,a_untested,human_only,43
PAIR_0043,115-95-7__78-70-6,115-95-7,78-70-6,CC(=CCCC(C)(C=C)OC(=O)C)C,CC(=CCCC(C)(C=C)O)C,linalyl acetate,linalool,Homo sapiens,OR51B4,896.0,,0.0,False,True,False,,,A untested / B tested,Low,,https://doi.org/10.1371/journal.pone.0267356,Multiple CAS hits; exact SMILES used to disambiguate.,a_untested,human_only,43
PAIR_0043,115-95-7__78-70-6,115-95-7,78-70-6,CC(=CCCC(C)(C=C)OC(=O)C)C,CC(=CCCC(C)(C=C)O)C,linalyl acetate,linalool,Homo sapiens,OR51B5,10.0,,0.0,False,True,False,,,A untested / B tested,Medium,,https://doi.org/10.1021/acs.biochem.8b01208 | https://doi.org/10.1371/journal.pone.0267356,Multiple CAS hits; exact SMILES used to disambiguate.,a_untested,human_only,43
PAIR_0043,115-95-7__78-70-6,115-95-7,78-70-6,CC(=CCCC(C)(C=C)OC(=O)C)C,CC(=CCCC(C)(C=C)O)C,linalyl acetate,linalool,Homo sapiens,OR51B6,899.0,,0.0,False,True,False,,,A untested / B tested,Low,,https://doi.org/10.1371/journal.pone.0267356,Multiple CAS hits; exact SMILES used to disambiguate.,a_untested,human_only,43
PAIR_0043,115-95-7__78-70-6,115-95-7,78-70-6,CC(=CCCC(C)(C=C)OC(=O)C)C,CC(=CCCC(C)(C=C)O)C,linalyl acetate,linalool,Homo sapiens,OR51E1,962.0,,0.0,False,True,False,,,A untested / B tested,Low,,https://doi.org/10.1371/journal.pone.0267356,Multiple CAS hits; exact SMILES used to disambiguate.,a_untested,human_only,43
PAIR_0043,115-95-7__78-70-6,115-95-7,78-70-6,CC(=CCCC(C)(C=C)OC(=O)C)C,CC(=CCCC(C)(C=C)O)C,linalyl acetate,linalool,Homo sapiens,OR51F1,524.0,,0.0,False,True,False,,,A untested / B tested,Low,,https://doi.org/10.1371/journal.pone.0267356,Multiple CAS hits; exact SMILES used to disambiguate.,a_untested,human_only,43
PAIR_0043,115-95-7__78-70-6,115-95-7,78-70-6,CC(=CCCC(C)(C=C)OC(=O)C)C,CC(=CCCC(C)(C=C)O)C,linalyl acetate,linalool,Homo sapiens,OR51F2,901.0,,0.0,False,True,False,,,A untested / B tested,Low,,https://doi.org/10.1371/journal.pone.0267356,Multiple CAS hits; exact SMILES used to disambiguate.,a_untested,human_only,43
PAIR_0043,115-95-7__78-70-6,115-95-7,78-70-6,CC(=CCCC(C)(C=C)OC(=O)C)C,CC(=CCCC(C)(C=C)O)C,linalyl acetate,linalool,Homo sapiens,OR51G2,903.0,,0.0,False,True,False,,,A untested / B tested,Low,,https://doi.org/10.1371/journal.pone.0267356,Multiple CAS hits; exact SMILES used to disambiguate.,a_untested,human_only,43
PAIR_0043,115-95-7__78-70-6,115-95-7,78-70-6,CC(=CCCC(C)(C=C)OC(=O)C)C,CC(=CCCC(C)(C=C)O)C,linalyl acetate,linalool,Homo sapiens,OR51J1,905.0,,0.0,False,True,False,,,A untested / B tested,Low,,https://doi.org/10.1371/journal.pone.0267356,Multiple CAS hits; exact SMILES used to disambiguate.,a_untested,human_only,43
PAIR_0043,115-95-7__78-70-6,115-95-7,78-70-6,CC(=CCCC(C)(C=C)OC(=O)C)C,CC(=CCCC(C)(C=C)O)C,linalyl acetate,linalool,Homo sapiens,OR51M1,907.0,,0.0,False,True,False,,,A untested / B tested,Low,,https://doi.org/10.1371/journal.pone.0267356,Multiple CAS hits; exact SMILES used to disambiguate.,a_untested,human_only,43
PAIR_0043,115-95-7__78-70-6,115-95-7,78-70-6,CC(=CCCC(C)(C=C)OC(=O)C)C,CC(=CCCC(C)(C=C)O)C,linalyl acetate,linalool,Homo sapiens,OR51Q1,908.0,,0.0,False,True,False,,,A untested / B tested,Low,,https://doi.org/10.1371/journal.pone.0267356,Multiple CAS hits; exact SMILES used to disambiguate.,a_untested,human_only,43
PAIR_0043,115-95-7__78-70-6,115-95-7,78-70-6,CC(=CCCC(C)(C=C)OC(=O)C)C,CC(=CCCC(C)(C=C)O)C,linalyl acetate,linalool,Homo sapiens,OR51T1,954.0,,0.0,False,True,False,,,A untested / B tested,Low,,https://doi.org/10.1371/journal.pone.0267356,Multiple CAS hits; exact SMILES used to disambiguate.,a_untested,human_only,43
PAIR_0043,115-95-7__78-70-6,115-95-7,78-70-6,CC(=CCCC(C)(C=C)OC(=O)C)C,CC(=CCCC(C)(C=C)O)C,linalyl acetate,linalool,Homo sapiens,OR51V1,474.0,,0.0,False,True,False,,,A untested / B tested,Low,,https://doi.org/10.1371/journal.pone.0267356,Multiple CAS hits; exact SMILES used to disambiguate.,a_untested,human_only,43
PAIR_0043,115-95-7__78-70-6,115-95-7,78-70-6,CC(=CCCC(C)(C=C)OC(=O)C)C,CC(=CCCC(C)(C=C)O)C,linalyl acetate,linalool,Homo sapiens,OR52A1,911.0,,0.0,False,True,False,,,A untested / B tested,Low,,https://doi.org/10.1371/journal.pone.0267356,Multiple CAS hits; exact SMILES used to disambiguate.,a_untested,human_only,43
PAIR_0043,115-95-7__78-70-6,115-95-7,78-70-6,CC(=CCCC(C)(C=C)OC(=O)C)C,CC(=CCCC(C)(C=C)O)C,linalyl acetate,linalool,Homo sapiens,OR52B2,912.0,,0.0,False,True,False,,,A untested / B tested,Low,,https://doi.org/10.1371/journal.pone.0267356,Multiple CAS hits; exact SMILES used to disambiguate.,a_untested,human_only,43
PAIR_0043,115-95-7__78-70-6,115-95-7,78-70-6,CC(=CCCC(C)(C=C)OC(=O)C)C,CC(=CCCC(C)(C=C)O)C,linalyl acetate,linalool,Homo sapiens,OR52B6,398.0,,0.0,False,True,False,,,A untested / B tested,Low,,https://doi.org/10.1371/journal.pone.0267356,Multiple CAS hits; exact SMILES used to disambiguate.,a_untested,human_only,43
PAIR_0043,115-95-7__78-70-6,115-95-7,78-70-6,CC(=CCCC(C)(C=C)OC(=O)C)C,CC(=CCCC(C)(C=C)O)C,linalyl acetate,linalool,Homo sapiens,OR52E2,915.0,,0.0,False,True,False,,,A untested / B tested,Low,,https://doi.org/10.1371/journal.pone.0267356,Multiple CAS hits; exact SMILES used to disambiguate.,a_untested,human_only,43
PAIR_0043,115-95-7__78-70-6,115-95-7,78-70-6,CC(=CCCC(C)(C=C)OC(=O)C)C,CC(=CCCC(C)(C=C)O)C,linalyl acetate,linalool,Homo sapiens,OR52E4,917.0,,0.0,False,True,False,,,A untested / B tested,Low,,https://doi.org/10.1371/journal.pone.0267356,Multiple CAS hits; exact SMILES used to disambiguate.,a_untested,human_only,43
PAIR_0043,115-95-7__78-70-6,115-95-7,78-70-6,CC(=CCCC(C)(C=C)OC(=O)C)C,CC(=CCCC(C)(C=C)O)C,linalyl acetate,linalool,Homo sapiens,OR52H1,919.0,,0.0,False,True,False,,,A untested / B tested,Low,,https://doi.org/10.1371/journal.pone.0267356,Multiple CAS hits; exact SMILES used to disambiguate.,a_untested,human_only,43
PAIR_0043,115-95-7__78-70-6,115-95-7,78-70-6,CC(=CCCC(C)(C=C)OC(=O)C)C,CC(=CCCC(C)(C=C)O)C,linalyl acetate,linalool,Homo sapiens,OR52I1,922.0,,0.0,False,True,False,,,A untested / B tested,Low,,https://doi.org/10.1371/journal.pone.0267356,Multiple CAS hits; exact SMILES used to disambiguate.,a_untested,human_only,43
PAIR_0043,115-95-7__78-70-6,115-95-7,78-70-6,CC(=CCCC(C)(C=C)OC(=O)C)C,CC(=CCCC(C)(C=C)O)C,linalyl acetate,linalool,Homo sapiens,OR52I2,118.0,,0.0,False,True,False,,,A untested / B tested,Low,,https://doi.org/10.1371/journal.pone.0267356,Multiple CAS hits; exact SMILES used to disambiguate.,a_untested,human_only,43
PAIR_0043,115-95-7__78-70-6,115-95-7,78-70-6,CC(=CCCC(C)(C=C)OC(=O)C)C,CC(=CCCC(C)(C=C)O)C,linalyl acetate,linalool,Homo sapiens,OR52J3,924.0,,0.0,False,True,False,,,A untested / B tested,Low,,https://doi.org/10.1371/journal.pone.0267356,Multiple CAS hits; exact SMILES used to disambiguate.,a_untested,human_only,43
PAIR_0043,115-95-7__78-70-6,115-95-7,78-70-6,CC(=CCCC(C)(C=C)OC(=O)C)C,CC(=CCCC(C)(C=C)O)C,linalyl acetate,linalool,Homo sapiens,OR52L1,959.0,,0.0,False,True,False,,,A untested / B tested,Low,,https://doi.org/10.1371/journal.pone.0267356,Multiple CAS hits; exact SMILES used to disambiguate.,a_untested,human_only,43
PAIR_0043,115-95-7__78-70-6,115-95-7,78-70-6,CC(=CCCC(C)(C=C)OC(=O)C)C,CC(=CCCC(C)(C=C)O)C,linalyl acetate,linalool,Homo sapiens,OR52M1,929.0,,0.0,False,True,False,,,A untested / B tested,Low,,https://doi.org/10.1371/journal.pone.0267356,Multiple CAS hits; exact SMILES used to disambiguate.,a_untested,human_only,43
PAIR_0043,115-95-7__78-70-6,115-95-7,78-70-6,CC(=CCCC(C)(C=C)OC(=O)C)C,CC(=CCCC(C)(C=C)O)C,linalyl acetate,linalool,Homo sapiens,OR52N1,931.0,,0.0,False,True,False,,,A untested / B tested,Low,,https://doi.org/10.1371/journal.pone.0267356,Multiple CAS hits; exact SMILES used to disambiguate.,a_untested,human_only,43
PAIR_0043,115-95-7__78-70-6,115-95-7,78-70-6,CC(=CCCC(C)(C=C)OC(=O)C)C,CC(=CCCC(C)(C=C)O)C,linalyl acetate,linalool,Homo sapiens,OR52N2,933.0,,0.0,False,True,False,,,A untested / B tested,Low,,https://doi.org/10.1371/journal.pone.0267356,Multiple CAS hits; exact SMILES used to disambiguate.,a_untested,human_only,43
PAIR_0043,115-95-7__78-70-6,115-95-7,78-70-6,CC(=CCCC(C)(C=C)OC(=O)C)C,CC(=CCCC(C)(C=C)O)C,linalyl acetate,linalool,Homo sapiens,OR52R1,936.0,,0.0,False,True,False,,,A untested / B tested,Low,,https://doi.org/10.1371/journal.pone.0267356,Multiple CAS hits; exact SMILES used to disambiguate.,a_untested,human_only,43
PAIR_0043,115-95-7__78-70-6,115-95-7,78-70-6,CC(=CCCC(C)(C=C)OC(=O)C)C,CC(=CCCC(C)(C=C)O)C,linalyl acetate,linalool,Homo sapiens,OR52W1,937.0,,0.0,False,True,False,,,A untested / B tested,Low,,https://doi.org/10.1371/journal.pone.0267356,Multiple CAS hits; exact SMILES used to disambiguate.,a_untested,human_only,43
PAIR_0043,115-95-7__78-70-6,115-95-7,78-70-6,CC(=CCCC(C)(C=C)OC(=O)C)C,CC(=CCCC(C)(C=C)O)C,linalyl acetate,linalool,Homo sapiens,OR56A3,939.0,,0.0,False,True,False,,,A untested / B tested,Low,,https://doi.org/10.1371/journal.pone.0267356,Multiple CAS hits; exact SMILES used to disambiguate.,a_untested,human_only,43
PAIR_0043,115-95-7__78-70-6,115-95-7,78-70-6,CC(=CCCC(C)(C=C)OC(=O)C)C,CC(=CCCC(C)(C=C)O)C,linalyl acetate,linalool,Homo sapiens,OR56B1,944.0,,0.0,False,True,False,,,A untested / B tested,Low,,https://doi.org/10.1371/journal.pone.0267356,Multiple CAS hits; exact SMILES used to disambiguate.,a_untested,human_only,43
PAIR_0043,115-95-7__78-70-6,115-95-7,78-70-6,CC(=CCCC(C)(C=C)OC(=O)C)C,CC(=CCCC(C)(C=C)O)C,linalyl acetate,linalool,Homo sapiens,OR56B4,947.0,,0.0,False,True,False,,,A untested / B tested,Low,,https://doi.org/10.1371/journal.pone.0267356,Multiple CAS hits; exact SMILES used to disambiguate.,a_untested,human_only,43
PAIR_0043,115-95-7__78-70-6,115-95-7,78-70-6,CC(=CCCC(C)(C=C)OC(=O)C)C,CC(=CCCC(C)(C=C)O)C,linalyl acetate,linalool,Homo sapiens,OR5A1,727.0,,0.0,False,True,False,,,A untested / B tested,Low,,https://doi.org/10.1371/journal.pone.0267356,Multiple CAS hits; exact SMILES used to disambiguate.,a_untested,human_only,43
PAIR_0043,115-95-7__78-70-6,115-95-7,78-70-6,CC(=CCCC(C)(C=C)OC(=O)C)C,CC(=CCCC(C)(C=C)O)C,linalyl acetate,linalool,Homo sapiens,OR5AP2,733.0,,0.0,False,True,False,,,A untested / B tested,Low,,https://doi.org/10.1371/journal.pone.0267356,Multiple CAS hits; exact SMILES used to disambiguate.,a_untested,human_only,43
PAIR_0043,115-95-7__78-70-6,115-95-7,78-70-6,CC(=CCCC(C)(C=C)OC(=O)C)C,CC(=CCCC(C)(C=C)O)C,linalyl acetate,linalool,Homo sapiens,OR5B12,735.0,,0.0,False,True,False,,,A untested / B tested,Low,,https://doi.org/10.1371/journal.pone.0267356,Multiple CAS hits; exact SMILES used to disambiguate.,a_untested,human_only,43
PAIR_0043,115-95-7__78-70-6,115-95-7,78-70-6,CC(=CCCC(C)(C=C)OC(=O)C)C,CC(=CCCC(C)(C=C)O)C,linalyl acetate,linalool,Homo sapiens,OR5B2,739.0,,0.0,False,True,False,,,A untested / B tested,Low,,https://doi.org/10.1371/journal.pone.0267356,Multiple CAS hits; exact SMILES used to disambiguate.,a_untested,human_only,43
PAIR_0043,115-95-7__78-70-6,115-95-7,78-70-6,CC(=CCCC(C)(C=C)OC(=O)C)C,CC(=CCCC(C)(C=C)O)C,linalyl acetate,linalool,Homo sapiens,OR5B21,741.0,,0.0,False,True,False,,,A untested / B tested,Low,,https://doi.org/10.1371/journal.pone.0267356,Multiple CAS hits; exact SMILES used to disambiguate.,a_untested,human_only,43
PAIR_0043,115-95-7__78-70-6,115-95-7,78-70-6,CC(=CCCC(C)(C=C)OC(=O)C)C,CC(=CCCC(C)(C=C)O)C,linalyl acetate,linalool,Homo sapiens,OR5D13,132.0,,0.0,False,True,False,,,A untested / B tested,Low,,https://doi.org/10.1371/journal.pone.0267356,Multiple CAS hits; exact SMILES used to disambiguate.,a_untested,human_only,43
PAIR_0043,115-95-7__78-70-6,115-95-7,78-70-6,CC(=CCCC(C)(C=C)OC(=O)C)C,CC(=CCCC(C)(C=C)O)C,linalyl acetate,linalool,Homo sapiens,OR5D14,744.0,,0.0,False,True,False,,,A untested / B tested,Low,,https://doi.org/10.1371/journal.pone.0267356,Multiple CAS hits; exact SMILES used to disambiguate.,a_untested,human_only,43
PAIR_0043,115-95-7__78-70-6,115-95-7,78-70-6,CC(=CCCC(C)(C=C)OC(=O)C)C,CC(=CCCC(C)(C=C)O)C,linalyl acetate,linalool,Homo sapiens,OR5D16,746.0,,0.0,False,True,False,,,A untested / B tested,Low,,https://doi.org/10.1371/journal.pone.0267356,Multiple CAS hits; exact SMILES used to disambiguate.,a_untested,human_only,43
PAIR_0043,115-95-7__78-70-6,115-95-7,78-70-6,CC(=CCCC(C)(C=C)OC(=O)C)C,CC(=CCCC(C)(C=C)O)C,linalyl acetate,linalool,Homo sapiens,OR5D18,748.0,,0.0,False,True,False,,,A untested / B tested,Low,,https://doi.org/10.1371/journal.pone.0267356,Multiple CAS hits; exact SMILES used to disambiguate.,a_untested,human_only,43
PAIR_0043,115-95-7__78-70-6,115-95-7,78-70-6,CC(=CCCC(C)(C=C)OC(=O)C)C,CC(=CCCC(C)(C=C)O)C,linalyl acetate,linalool,Homo sapiens,OR5F1,344.0,,0.0,False,True,False,,,A untested / B tested,Low,,https://doi.org/10.1371/journal.pone.0267356,Multiple CAS hits; exact SMILES used to disambiguate.,a_untested,human_only,43
PAIR_0043,115-95-7__78-70-6,115-95-7,78-70-6,CC(=CCCC(C)(C=C)OC(=O)C)C,CC(=CCCC(C)(C=C)O)C,linalyl acetate,linalool,Homo sapiens,OR5H14,751.0,,0.0,False,True,False,,,A untested / B tested,Low,,https://doi.org/10.1371/journal.pone.0267356,Multiple CAS hits; exact SMILES used to disambiguate.,a_untested,human_only,43
PAIR_0043,115-95-7__78-70-6,115-95-7,78-70-6,CC(=CCCC(C)(C=C)OC(=O)C)C,CC(=CCCC(C)(C=C)O)C,linalyl acetate,linalool,Homo sapiens,OR5H15,752.0,,0.0,False,True,False,,,A untested / B tested,Low,,https://doi.org/10.1371/journal.pone.0267356,Multiple CAS hits; exact SMILES used to disambiguate.,a_untested,human_only,43
PAIR_0043,115-95-7__78-70-6,115-95-7,78-70-6,CC(=CCCC(C)(C=C)OC(=O)C)C,CC(=CCCC(C)(C=C)O)C,linalyl acetate,linalool,Homo sapiens,OR5H2,754.0,,0.0,False,True,False,,,A untested / B tested,Low,,https://doi.org/10.1371/journal.pone.0267356,Multiple CAS hits; exact SMILES used to disambiguate.,a_untested,human_only,43
PAIR_0043,115-95-7__78-70-6,115-95-7,78-70-6,CC(=CCCC(C)(C=C)OC(=O)C)C,CC(=CCCC(C)(C=C)O)C,linalyl acetate,linalool,Homo sapiens,OR5H6,755.0,,0.0,False,True,False,,,A untested / B tested,Low,,https://doi.org/10.1371/journal.pone.0267356,Multiple CAS hits; exact SMILES used to disambiguate.,a_untested,human_only,43
PAIR_0043,115-95-7__78-70-6,115-95-7,78-70-6,CC(=CCCC(C)(C=C)OC(=O)C)C,CC(=CCCC(C)(C=C)O)C,linalyl acetate,linalool,Homo sapiens,OR5K3,521.0,,0.0,False,True,False,,,A untested / B tested,Low,,https://doi.org/10.1371/journal.pone.0267356,Multiple CAS hits; exact SMILES used to disambiguate.,a_untested,human_only,43
PAIR_0043,115-95-7__78-70-6,115-95-7,78-70-6,CC(=CCCC(C)(C=C)OC(=O)C)C,CC(=CCCC(C)(C=C)O)C,linalyl acetate,linalool,Homo sapiens,OR5K4,757.0,,0.0,False,True,False,,,A untested / B tested,Low,,https://doi.org/10.1371/journal.pone.0267356,Multiple CAS hits; exact SMILES used to disambiguate.,a_untested,human_only,43
PAIR_0043,115-95-7__78-70-6,115-95-7,78-70-6,CC(=CCCC(C)(C=C)OC(=O)C)C,CC(=CCCC(C)(C=C)O)C,linalyl acetate,linalool,Homo sapiens,OR5L2,758.0,,0.0,False,True,False,,,A untested / B tested,Low,,https://doi.org/10.1371/journal.pone.0267356,Multiple CAS hits; exact SMILES used to disambiguate.,a_untested,human_only,43
PAIR_0043,115-95-7__78-70-6,115-95-7,78-70-6,CC(=CCCC(C)(C=C)OC(=O)C)C,CC(=CCCC(C)(C=C)O)C,linalyl acetate,linalool,Homo sapiens,OR5M1,759.0,,0.0,False,True,False,,,A untested / B tested,Low,,https://doi.org/10.1371/journal.pone.0267356,Multiple CAS hits; exact SMILES used to disambiguate.,a_untested,human_only,43
PAIR_0043,115-95-7__78-70-6,115-95-7,78-70-6,CC(=CCCC(C)(C=C)OC(=O)C)C,CC(=CCCC(C)(C=C)O)C,linalyl acetate,linalool,Homo sapiens,OR5M10,761.0,,0.0,False,True,False,,,A untested / B tested,Low,,https://doi.org/10.1371/journal.pone.0267356,Multiple CAS hits; exact SMILES used to disambiguate.,a_untested,human_only,43
PAIR_0043,115-95-7__78-70-6,115-95-7,78-70-6,CC(=CCCC(C)(C=C)OC(=O)C)C,CC(=CCCC(C)(C=C)O)C,linalyl acetate,linalool,Homo sapiens,OR5R1,529.0,,0.0,False,True,False,,,A untested / B tested,Low,,https://doi.org/10.1371/journal.pone.0267356,Multiple CAS hits; exact SMILES used to disambiguate.,a_untested,human_only,43
PAIR_0043,115-95-7__78-70-6,115-95-7,78-70-6,CC(=CCCC(C)(C=C)OC(=O)C)C,CC(=CCCC(C)(C=C)O)C,linalyl acetate,linalool,Homo sapiens,OR5T2,767.0,,0.0,False,True,False,,,A untested / B tested,Low,,https://doi.org/10.1371/journal.pone.0267356,Multiple CAS hits; exact SMILES used to disambiguate.,a_untested,human_only,43
PAIR_0043,115-95-7__78-70-6,115-95-7,78-70-6,CC(=CCCC(C)(C=C)OC(=O)C)C,CC(=CCCC(C)(C=C)O)C,linalyl acetate,linalool,Homo sapiens,OR5T3,159.0,,0.0,False,True,False,,,A untested / B tested,Low,,https://doi.org/10.1371/journal.pone.0267356,Multiple CAS hits; exact SMILES used to disambiguate.,a_untested,human_only,43
PAIR_0043,115-95-7__78-70-6,115-95-7,78-70-6,CC(=CCCC(C)(C=C)OC(=O)C)C,CC(=CCCC(C)(C=C)O)C,linalyl acetate,linalool,Homo sapiens,OR5W2,769.0,,0.0,False,True,False,,,A untested / B tested,Low,,https://doi.org/10.1371/journal.pone.0267356,Multiple CAS hits; exact SMILES used to disambiguate.,a_untested,human_only,43
PAIR_0043,115-95-7__78-70-6,115-95-7,78-70-6,CC(=CCCC(C)(C=C)OC(=O)C)C,CC(=CCCC(C)(C=C)O)C,linalyl acetate,linalool,Homo sapiens,OR6B1,772.0,,0.0,False,True,False,,,A untested / B tested,Low,,https://doi.org/10.1371/journal.pone.0267356,Multiple CAS hits; exact SMILES used to disambiguate.,a_untested,human_only,43
PAIR_0043,115-95-7__78-70-6,115-95-7,78-70-6,CC(=CCCC(C)(C=C)OC(=O)C)C,CC(=CCCC(C)(C=C)O)C,linalyl acetate,linalool,Homo sapiens,OR6B2,773.0,,0.0,False,True,False,,,A untested / B tested,Low,,https://doi.org/10.1371/journal.pone.0267356,Multiple CAS hits; exact SMILES used to disambiguate.,a_untested,human_only,43
PAIR_0043,115-95-7__78-70-6,115-95-7,78-70-6,CC(=CCCC(C)(C=C)OC(=O)C)C,CC(=CCCC(C)(C=C)O)C,linalyl acetate,linalool,Homo sapiens,OR6B3,209.0,,0.0,False,True,False,,,A untested / B tested,Low,,https://doi.org/10.1371/journal.pone.0267356,Multiple CAS hits; exact SMILES used to disambiguate.,a_untested,human_only,43
PAIR_0043,115-95-7__78-70-6,115-95-7,78-70-6,CC(=CCCC(C)(C=C)OC(=O)C)C,CC(=CCCC(C)(C=C)O)C,linalyl acetate,linalool,Homo sapiens,OR6C1,776.0,,0.0,False,True,False,,,A untested / B tested,Low,,https://doi.org/10.1371/journal.pone.0267356,Multiple CAS hits; exact SMILES used to disambiguate.,a_untested,human_only,43
PAIR_0043,115-95-7__78-70-6,115-95-7,78-70-6,CC(=CCCC(C)(C=C)OC(=O)C)C,CC(=CCCC(C)(C=C)O)C,linalyl acetate,linalool,Homo sapiens,OR6C4,778.0,,0.0,False,True,False,,,A untested / B tested,Low,,https://doi.org/10.1371/journal.pone.0267356,Multiple CAS hits; exact SMILES used to disambiguate.,a_untested,human_only,43
PAIR_0043,115-95-7__78-70-6,115-95-7,78-70-6,CC(=CCCC(C)(C=C)OC(=O)C)C,CC(=CCCC(C)(C=C)O)C,linalyl acetate,linalool,Homo sapiens,OR6C68,781.0,,0.0,False,True,False,,,A untested / B tested,Low,,https://doi.org/10.1371/journal.pone.0267356,Multiple CAS hits; exact SMILES used to disambiguate.,a_untested,human_only,43
PAIR_0043,115-95-7__78-70-6,115-95-7,78-70-6,CC(=CCCC(C)(C=C)OC(=O)C)C,CC(=CCCC(C)(C=C)O)C,linalyl acetate,linalool,Homo sapiens,OR6C70,782.0,,0.0,False,True,False,,,A untested / B tested,Low,,https://doi.org/10.1371/journal.pone.0267356,Multiple CAS hits; exact SMILES used to disambiguate.,a_untested,human_only,43
PAIR_0043,115-95-7__78-70-6,115-95-7,78-70-6,CC(=CCCC(C)(C=C)OC(=O)C)C,CC(=CCCC(C)(C=C)O)C,linalyl acetate,linalool,Homo sapiens,OR6J1,961.0,,0.0,False,True,False,,,A untested / B tested,Low,,https://doi.org/10.1371/journal.pone.0267356,Multiple CAS hits; exact SMILES used to disambiguate.,a_untested,human_only,43
PAIR_0043,115-95-7__78-70-6,115-95-7,78-70-6,CC(=CCCC(C)(C=C)OC(=O)C)C,CC(=CCCC(C)(C=C)O)C,linalyl acetate,linalool,Homo sapiens,OR6K3,603.0,,0.0,False,True,False,,,A untested / B tested,Low,,https://doi.org/10.1371/journal.pone.0267356,Multiple CAS hits; exact SMILES used to disambiguate.,a_untested,human_only,43
PAIR_0043,115-95-7__78-70-6,115-95-7,78-70-6,CC(=CCCC(C)(C=C)OC(=O)C)C,CC(=CCCC(C)(C=C)O)C,linalyl acetate,linalool,Homo sapiens,OR6K6,530.0,,0.0,False,True,False,,,A untested / B tested,Low,,https://doi.org/10.1371/journal.pone.0267356,Multiple CAS hits; exact SMILES used to disambiguate.,a_untested,human_only,43
PAIR_0043,115-95-7__78-70-6,115-95-7,78-70-6,CC(=CCCC(C)(C=C)OC(=O)C)C,CC(=CCCC(C)(C=C)O)C,linalyl acetate,linalool,Homo sapiens,OR6N1,788.0,,0.0,False,True,False,,,A untested / B tested,Low,,https://doi.org/10.1371/journal.pone.0267356,Multiple CAS hits; exact SMILES used to disambiguate.,a_untested,human_only,43
PAIR_0043,115-95-7__78-70-6,115-95-7,78-70-6,CC(=CCCC(C)(C=C)OC(=O)C)C,CC(=CCCC(C)(C=C)O)C,linalyl acetate,linalool,Homo sapiens,OR6S1,789.0,,0.0,False,True,False,,,A untested / B tested,Low,,https://doi.org/10.1371/journal.pone.0267356,Multiple CAS hits; exact SMILES used to disambiguate.,a_untested,human_only,43
PAIR_0043,115-95-7__78-70-6,115-95-7,78-70-6,CC(=CCCC(C)(C=C)OC(=O)C)C,CC(=CCCC(C)(C=C)O)C,linalyl acetate,linalool,Homo sapiens,OR6T1,112.0,,0.0,False,True,False,,,A untested / B tested,Low,,https://doi.org/10.1371/journal.pone.0267356,Multiple CAS hits; exact SMILES used to disambiguate.,a_untested,human_only,43
PAIR_0043,115-95-7__78-70-6,115-95-7,78-70-6,CC(=CCCC(C)(C=C)OC(=O)C)C,CC(=CCCC(C)(C=C)O)C,linalyl acetate,linalool,Homo sapiens,OR6Y1,792.0,,0.0,False,True,False,,,A untested / B tested,Low,,https://doi.org/10.1371/journal.pone.0267356,Multiple CAS hits; exact SMILES used to disambiguate.,a_untested,human_only,43
PAIR_0043,115-95-7__78-70-6,115-95-7,78-70-6,CC(=CCCC(C)(C=C)OC(=O)C)C,CC(=CCCC(C)(C=C)O)C,linalyl acetate,linalool,Homo sapiens,OR7C1,608.0,,0.0,False,True,False,,,A untested / B tested,Low,,https://doi.org/10.1371/journal.pone.0267356,Multiple CAS hits; exact SMILES used to disambiguate.,a_untested,human_only,43
PAIR_0043,115-95-7__78-70-6,115-95-7,78-70-6,CC(=CCCC(C)(C=C)OC(=O)C)C,CC(=CCCC(C)(C=C)O)C,linalyl acetate,linalool,Homo sapiens,OR7C2,795.0,,0.0,False,True,False,,,A untested / B tested,Low,,https://doi.org/10.1371/journal.pone.0267356,Multiple CAS hits; exact SMILES used to disambiguate.,a_untested,human_only,43
PAIR_0043,115-95-7__78-70-6,115-95-7,78-70-6,CC(=CCCC(C)(C=C)OC(=O)C)C,CC(=CCCC(C)(C=C)O)C,linalyl acetate,linalool,Homo sapiens,OR7D2,796.0,,0.0,False,True,False,,,A untested / B tested,Low,,https://doi.org/10.1371/journal.pone.0267356,Multiple CAS hits; exact SMILES used to disambiguate.,a_untested,human_only,43
PAIR_0043,115-95-7__78-70-6,115-95-7,78-70-6,CC(=CCCC(C)(C=C)OC(=O)C)C,CC(=CCCC(C)(C=C)O)C,linalyl acetate,linalool,Homo sapiens,OR7E24,798.0,,0.0,False,True,False,,,A untested / B tested,Low,,https://doi.org/10.1371/journal.pone.0267356,Multiple CAS hits; exact SMILES used to disambiguate.,a_untested,human_only,43
PAIR_0043,115-95-7__78-70-6,115-95-7,78-70-6,CC(=CCCC(C)(C=C)OC(=O)C)C,CC(=CCCC(C)(C=C)O)C,linalyl acetate,linalool,Homo sapiens,OR8A1,136.0,,0.0,False,True,False,,,A untested / B tested,Low,,https://doi.org/10.1371/journal.pone.0267356,Multiple CAS hits; exact SMILES used to disambiguate.,a_untested,human_only,43
PAIR_0043,115-95-7__78-70-6,115-95-7,78-70-6,CC(=CCCC(C)(C=C)OC(=O)C)C,CC(=CCCC(C)(C=C)O)C,linalyl acetate,linalool,Homo sapiens,OR8B3,804.0,,0.0,False,True,False,,,A untested / B tested,Low,,https://doi.org/10.1371/journal.pone.0267356,Multiple CAS hits; exact SMILES used to disambiguate.,a_untested,human_only,43
PAIR_0043,115-95-7__78-70-6,115-95-7,78-70-6,CC(=CCCC(C)(C=C)OC(=O)C)C,CC(=CCCC(C)(C=C)O)C,linalyl acetate,linalool,Homo sapiens,OR8B4,137.0,,0.0,False,True,False,,,A untested / B tested,Low,,https://doi.org/10.1371/journal.pone.0267356,Multiple CAS hits; exact SMILES used to disambiguate.,a_untested,human_only,43
PAIR_0043,115-95-7__78-70-6,115-95-7,78-70-6,CC(=CCCC(C)(C=C)OC(=O)C)C,CC(=CCCC(C)(C=C)O)C,linalyl acetate,linalool,Homo sapiens,OR8D4,811.0,,0.0,False,True,False,,,A untested / B tested,Low,,https://doi.org/10.1371/journal.pone.0267356,Multiple CAS hits; exact SMILES used to disambiguate.,a_untested,human_only,43
PAIR_0043,115-95-7__78-70-6,115-95-7,78-70-6,CC(=CCCC(C)(C=C)OC(=O)C)C,CC(=CCCC(C)(C=C)O)C,linalyl acetate,linalool,Homo sapiens,OR8G2,1246.0,,0.0,False,True,False,,,A untested / B tested,Low,,https://doi.org/10.1371/journal.pone.0267356,Multiple CAS hits; exact SMILES used to disambiguate.,a_untested,human_only,43
PAIR_0043,115-95-7__78-70-6,115-95-7,78-70-6,CC(=CCCC(C)(C=C)OC(=O)C)C,CC(=CCCC(C)(C=C)O)C,linalyl acetate,linalool,Homo sapiens,OR8H2,813.0,,0.0,False,True,False,,,A untested / B tested,Low,,https://doi.org/10.1371/journal.pone.0267356,Multiple CAS hits; exact SMILES used to disambiguate.,a_untested,human_only,43
PAIR_0043,115-95-7__78-70-6,115-95-7,78-70-6,CC(=CCCC(C)(C=C)OC(=O)C)C,CC(=CCCC(C)(C=C)O)C,linalyl acetate,linalool,Homo sapiens,OR8H3,426.0,,0.0,False,True,False,,,A untested / B tested,Low,,https://doi.org/10.1371/journal.pone.0267356,Multiple CAS hits; exact SMILES used to disambiguate.,a_untested,human_only,43
PAIR_0043,115-95-7__78-70-6,115-95-7,78-70-6,CC(=CCCC(C)(C=C)OC(=O)C)C,CC(=CCCC(C)(C=C)O)C,linalyl acetate,linalool,Homo sapiens,OR8I2,815.0,,0.0,False,True,False,,,A untested / B tested,Low,,https://doi.org/10.1371/journal.pone.0267356,Multiple CAS hits; exact SMILES used to disambiguate.,a_untested,human_only,43
PAIR_0043,115-95-7__78-70-6,115-95-7,78-70-6,CC(=CCCC(C)(C=C)OC(=O)C)C,CC(=CCCC(C)(C=C)O)C,linalyl acetate,linalool,Homo sapiens,OR8J1,516.0,,0.0,False,True,False,,,A untested / B tested,Low,,https://doi.org/10.1371/journal.pone.0267356,Multiple CAS hits; exact SMILES used to disambiguate.,a_untested,human_only,43
PAIR_0043,115-95-7__78-70-6,115-95-7,78-70-6,CC(=CCCC(C)(C=C)OC(=O)C)C,CC(=CCCC(C)(C=C)O)C,linalyl acetate,linalool,Homo sapiens,OR8K3,817.0,,0.0,False,True,False,,,A untested / B tested,Low,,https://doi.org/10.1371/journal.pone.0267356,Multiple CAS hits; exact SMILES used to disambiguate.,a_untested,human_only,43
PAIR_0043,115-95-7__78-70-6,115-95-7,78-70-6,CC(=CCCC(C)(C=C)OC(=O)C)C,CC(=CCCC(C)(C=C)O)C,linalyl acetate,linalool,Homo sapiens,OR8K5,818.0,,0.0,False,True,False,,,A untested / B tested,Low,,https://doi.org/10.1371/journal.pone.0267356,Multiple CAS hits; exact SMILES used to disambiguate.,a_untested,human_only,43
PAIR_0043,115-95-7__78-70-6,115-95-7,78-70-6,CC(=CCCC(C)(C=C)OC(=O)C)C,CC(=CCCC(C)(C=C)O)C,linalyl acetate,linalool,Homo sapiens,OR8U1,208.0,,0.0,False,True,False,,,A untested / B tested,Low,,https://doi.org/10.1371/journal.pone.0267356,Multiple CAS hits; exact SMILES used to disambiguate.,a_untested,human_only,43
PAIR_0043,115-95-7__78-70-6,115-95-7,78-70-6,CC(=CCCC(C)(C=C)OC(=O)C)C,CC(=CCCC(C)(C=C)O)C,linalyl acetate,linalool,Homo sapiens,OR8U8,963.0,,0.0,False,True,False,,,A untested / B tested,Low,,https://doi.org/10.1371/journal.pone.0267356,Multiple CAS hits; exact SMILES used to disambiguate.,a_untested,human_only,43
PAIR_0043,115-95-7__78-70-6,115-95-7,78-70-6,CC(=CCCC(C)(C=C)OC(=O)C)C,CC(=CCCC(C)(C=C)O)C,linalyl acetate,linalool,Homo sapiens,OR8U9,821.0,,0.0,False,True,False,,,A untested / B tested,Low,,https://doi.org/10.1371/journal.pone.0267356,Multiple CAS hits; exact SMILES used to disambiguate.,a_untested,human_only,43
PAIR_0043,115-95-7__78-70-6,115-95-7,78-70-6,CC(=CCCC(C)(C=C)OC(=O)C)C,CC(=CCCC(C)(C=C)O)C,linalyl acetate,linalool,Homo sapiens,OR9A2,823.0,,0.0,False,True,False,,,A untested / B tested,Low,,https://doi.org/10.1371/journal.pone.0267356,Multiple CAS hits; exact SMILES used to disambiguate.,a_untested,human_only,43
PAIR_0043,115-95-7__78-70-6,115-95-7,78-70-6,CC(=CCCC(C)(C=C)OC(=O)C)C,CC(=CCCC(C)(C=C)O)C,linalyl acetate,linalool,Homo sapiens,OR9G1,528.0,,0.0,False,True,False,,,A untested / B tested,Low,,https://doi.org/10.1371/journal.pone.0267356,Multiple CAS hits; exact SMILES used to disambiguate.,a_untested,human_only,43
PAIR_0043,115-95-7__78-70-6,115-95-7,78-70-6,CC(=CCCC(C)(C=C)OC(=O)C)C,CC(=CCCC(C)(C=C)O)C,linalyl acetate,linalool,Homo sapiens,OR9G4,825.0,,0.0,False,True,False,,,A untested / B tested,Low,,https://doi.org/10.1371/journal.pone.0267356,Multiple CAS hits; exact SMILES used to disambiguate.,a_untested,human_only,43
PAIR_0043,115-95-7__78-70-6,115-95-7,78-70-6,CC(=CCCC(C)(C=C)OC(=O)C)C,CC(=CCCC(C)(C=C)O)C,linalyl acetate,linalool,Homo sapiens,OR9G9,966.0,,0.0,False,True,False,,,A untested / B tested,Low,,https://doi.org/10.1371/journal.pone.0267356,Multiple CAS hits; exact SMILES used to disambiguate.,a_untested,human_only,43
PAIR_0043,115-95-7__78-70-6,115-95-7,78-70-6,CC(=CCCC(C)(C=C)OC(=O)C)C,CC(=CCCC(C)(C=C)O)C,linalyl acetate,linalool,Homo sapiens,OR9Q1,829.0,,0.0,False,True,False,,,A untested / B tested,Low,,https://doi.org/10.1371/journal.pone.0267356,Multiple CAS hits; exact SMILES used to disambiguate.,a_untested,human_only,43
PAIR_0043,115-95-7__78-70-6,115-95-7,78-70-6,CC(=CCCC(C)(C=C)OC(=O)C)C,CC(=CCCC(C)(C=C)O)C,linalyl acetate,linalool,Homo sapiens,hOR10A2,134.0,,0.0,False,True,False,,,A untested / B tested,Low,,https://doi.org/10.1038/sdata.2015.2,Multiple CAS hits; exact SMILES used to disambiguate.,a_untested,human_only,43
PAIR_0043,115-95-7__78-70-6,115-95-7,78-70-6,CC(=CCCC(C)(C=C)OC(=O)C)C,CC(=CCCC(C)(C=C)O)C,linalyl acetate,linalool,Homo sapiens,hOR10A3 | OR10A3,338.0,,0.0,False,True,False,,,A untested / B tested,Medium,,https://doi.org/10.1038/sdata.2015.2 | https://doi.org/10.1371/journal.pone.0267356,Multiple CAS hits; exact SMILES used to disambiguate.,a_untested,human_only,43
PAIR_0043,115-95-7__78-70-6,115-95-7,78-70-6,CC(=CCCC(C)(C=C)OC(=O)C)C,CC(=CCCC(C)(C=C)O)C,linalyl acetate,linalool,Homo sapiens,hOR10A5 | OR10A5,506.0,,0.0,False,True,False,,,A untested / B tested,Medium,,https://doi.org/10.1038/sdata.2015.2 | https://doi.org/10.1371/journal.pone.0267356,Multiple CAS hits; exact SMILES used to disambiguate.,a_untested,human_only,43
PAIR_0043,115-95-7__78-70-6,115-95-7,78-70-6,CC(=CCCC(C)(C=C)OC(=O)C)C,CC(=CCCC(C)(C=C)O)C,linalyl acetate,linalool,Homo sapiens,hOR10A6 | OR10A6,181.0,,0.0,False,True,False,,,A untested / B tested,Medium,,https://doi.org/10.1038/sdata.2015.2 | https://doi.org/10.1371/journal.pone.0267356,Multiple CAS hits; exact SMILES used to disambiguate.,a_untested,human_only,43
PAIR_0043,115-95-7__78-70-6,115-95-7,78-70-6,CC(=CCCC(C)(C=C)OC(=O)C)C,CC(=CCCC(C)(C=C)O)C,linalyl acetate,linalool,Homo sapiens,hOR10A7 | OR10A7,210.0,,0.0,False,True,False,,,A untested / B tested,Medium,,https://doi.org/10.1038/sdata.2015.2 | https://doi.org/10.1371/journal.pone.0267356,Multiple CAS hits; exact SMILES used to disambiguate.,a_untested,human_only,43
PAIR_0043,115-95-7__78-70-6,115-95-7,78-70-6,CC(=CCCC(C)(C=C)OC(=O)C)C,CC(=CCCC(C)(C=C)O)C,linalyl acetate,linalool,Homo sapiens,hOR10AG1 | OR10AG1,207.0,,0.0,False,True,False,,,A untested / B tested,Medium,,https://doi.org/10.1038/sdata.2015.2 | https://doi.org/10.1371/journal.pone.0267356,Multiple CAS hits; exact SMILES used to disambiguate.,a_untested,human_only,43
PAIR_0043,115-95-7__78-70-6,115-95-7,78-70-6,CC(=CCCC(C)(C=C)OC(=O)C)C,CC(=CCCC(C)(C=C)O)C,linalyl acetate,linalool,Homo sapiens,hOR10C1 | OR10C1,49.0,,0.0,False,True,False,,,A untested / B tested,Medium,,https://doi.org/10.1038/sdata.2015.2 | https://doi.org/10.1371/journal.pone.0267356,Multiple CAS hits; exact SMILES used to disambiguate.,a_untested,human_only,43
PAIR_0043,115-95-7__78-70-6,115-95-7,78-70-6,CC(=CCCC(C)(C=C)OC(=O)C)C,CC(=CCCC(C)(C=C)O)C,linalyl acetate,linalool,Homo sapiens,hOR10G6 | OR10G6,82.0,,0.0,False,True,False,,,A untested / B tested,Medium,,https://doi.org/10.1038/sdata.2015.2 | https://doi.org/10.1371/journal.pone.0267356,Multiple CAS hits; exact SMILES used to disambiguate.,a_untested,human_only,43
PAIR_0043,115-95-7__78-70-6,115-95-7,78-70-6,CC(=CCCC(C)(C=C)OC(=O)C)C,CC(=CCCC(C)(C=C)O)C,linalyl acetate,linalool,Homo sapiens,hOR10G7 | OR10G7,371.0,,1.0,False,True,False,,,A untested / B tested,,,https://doi.org/10.1038/sdata.2015.2 | https://doi.org/10.1371/journal.pone.0267356,Multiple CAS hits; exact SMILES used to disambiguate.,a_untested,human_only,43
PAIR_0043,115-95-7__78-70-6,115-95-7,78-70-6,CC(=CCCC(C)(C=C)OC(=O)C)C,CC(=CCCC(C)(C=C)O)C,linalyl acetate,linalool,Homo sapiens,hOR10G8 | OR10G8,315.0,,0.0,False,True,False,,,A untested / B tested,Medium,,https://doi.org/10.1038/sdata.2015.2 | https://doi.org/10.1371/journal.pone.0267356,Multiple CAS hits; exact SMILES used to disambiguate.,a_untested,human_only,43
PAIR_0043,115-95-7__78-70-6,115-95-7,78-70-6,CC(=CCCC(C)(C=C)OC(=O)C)C,CC(=CCCC(C)(C=C)O)C,linalyl acetate,linalool,Homo sapiens,hOR10H1 | OR10H1,107.0,,0.0,False,True,False,,,A untested / B tested,Medium,,https://doi.org/10.1038/sdata.2015.2 | https://doi.org/10.1371/journal.pone.0267356,Multiple CAS hits; exact SMILES used to disambiguate.,a_untested,human_only,43
PAIR_0043,115-95-7__78-70-6,115-95-7,78-70-6,CC(=CCCC(C)(C=C)OC(=O)C)C,CC(=CCCC(C)(C=C)O)C,linalyl acetate,linalool,Homo sapiens,hOR10H3 | OR10H3,439.0,,0.0,False,True,False,,,A untested / B tested,Medium,,https://doi.org/10.1038/sdata.2015.2 | https://doi.org/10.1371/journal.pone.0267356,Multiple CAS hits; exact SMILES used to disambiguate.,a_untested,human_only,43
PAIR_0043,115-95-7__78-70-6,115-95-7,78-70-6,CC(=CCCC(C)(C=C)OC(=O)C)C,CC(=CCCC(C)(C=C)O)C,linalyl acetate,linalool,Homo sapiens,hOR10H4 | OR10H4,131.0,,0.0,False,True,False,,,A untested / B tested,Medium,,https://doi.org/10.1038/sdata.2015.2 | https://doi.org/10.1371/journal.pone.0267356,Multiple CAS hits; exact SMILES used to disambiguate.,a_untested,human_only,43
PAIR_0043,115-95-7__78-70-6,115-95-7,78-70-6,CC(=CCCC(C)(C=C)OC(=O)C)C,CC(=CCCC(C)(C=C)O)C,linalyl acetate,linalool,Homo sapiens,hOR10J1,498.0,,0.0,False,True,False,,,A untested / B tested,Low,,https://doi.org/10.1038/sdata.2015.2,Multiple CAS hits; exact SMILES used to disambiguate.,a_untested,human_only,43
PAIR_0043,115-95-7__78-70-6,115-95-7,78-70-6,CC(=CCCC(C)(C=C)OC(=O)C)C,CC(=CCCC(C)(C=C)O)C,linalyl acetate,linalool,Homo sapiens,hOR10J3,378.0,,0.0,False,True,False,,,A untested / B tested,Low,,https://doi.org/10.1038/sdata.2015.2,Multiple CAS hits; exact SMILES used to disambiguate.,a_untested,human_only,43
PAIR_0043,115-95-7__78-70-6,115-95-7,78-70-6,CC(=CCCC(C)(C=C)OC(=O)C)C,CC(=CCCC(C)(C=C)O)C,linalyl acetate,linalool,Homo sapiens,hOR10J5 | OR10J5,25.0,,0.0,False,True,False,,,A untested / B tested,Medium,,https://doi.org/10.1038/sdata.2015.2 | https://doi.org/10.1371/journal.pone.0267356,Multiple CAS hits; exact SMILES used to disambiguate.,a_untested,human_only,43
PAIR_0043,115-95-7__78-70-6,115-95-7,78-70-6,CC(=CCCC(C)(C=C)OC(=O)C)C,CC(=CCCC(C)(C=C)O)C,linalyl acetate,linalool,Homo sapiens,hOR10K1 | OR10K1,12.0,,0.0,False,True,False,,,A untested / B tested,Medium,,https://doi.org/10.1038/sdata.2015.2 | https://doi.org/10.1371/journal.pone.0267356,Multiple CAS hits; exact SMILES used to disambiguate.,a_untested,human_only,43
PAIR_0043,115-95-7__78-70-6,115-95-7,78-70-6,CC(=CCCC(C)(C=C)OC(=O)C)C,CC(=CCCC(C)(C=C)O)C,linalyl acetate,linalool,Homo sapiens,hOR10K2 | OR10K2,30.0,,0.0,False,True,False,,,A untested / B tested,Medium,,https://doi.org/10.1038/sdata.2015.2 | https://doi.org/10.1371/journal.pone.0267356,Multiple CAS hits; exact SMILES used to disambiguate.,a_untested,human_only,43
PAIR_0043,115-95-7__78-70-6,115-95-7,78-70-6,CC(=CCCC(C)(C=C)OC(=O)C)C,CC(=CCCC(C)(C=C)O)C,linalyl acetate,linalool,Homo sapiens,hOR10P1,211.0,,0.0,False,True,False,,,A untested / B tested,Low,,https://doi.org/10.1038/sdata.2015.2,Multiple CAS hits; exact SMILES used to disambiguate.,a_untested,human_only,43
PAIR_0043,115-95-7__78-70-6,115-95-7,78-70-6,CC(=CCCC(C)(C=C)OC(=O)C)C,CC(=CCCC(C)(C=C)O)C,linalyl acetate,linalool,Homo sapiens,hOR10Q1,166.0,,0.0,False,True,False,,,A untested / B tested,Low,,https://doi.org/10.1038/sdata.2015.2,Multiple CAS hits; exact SMILES used to disambiguate.,a_untested,human_only,43
PAIR_0043,115-95-7__78-70-6,115-95-7,78-70-6,CC(=CCCC(C)(C=C)OC(=O)C)C,CC(=CCCC(C)(C=C)O)C,linalyl acetate,linalool,Homo sapiens,hOR10R2,321.0,,0.0,False,True,False,,,A untested / B tested,Medium,,https://doi.org/10.1038/sdata.2015.2,Multiple CAS hits; exact SMILES used to disambiguate.,a_untested,human_only,43
PAIR_0043,115-95-7__78-70-6,115-95-7,78-70-6,CC(=CCCC(C)(C=C)OC(=O)C)C,CC(=CCCC(C)(C=C)O)C,linalyl acetate,linalool,Homo sapiens,hOR10T2 | OR10T2,21.0,,0.0,False,True,False,,,A untested / B tested,Medium,,https://doi.org/10.1038/sdata.2015.2 | https://doi.org/10.1371/journal.pone.0267356,Multiple CAS hits; exact SMILES used to disambiguate.,a_untested,human_only,43
PAIR_0043,115-95-7__78-70-6,115-95-7,78-70-6,CC(=CCCC(C)(C=C)OC(=O)C)C,CC(=CCCC(C)(C=C)O)C,linalyl acetate,linalool,Homo sapiens,hOR10X1,257.0,,0.0,False,True,False,,,A untested / B tested,Low,,https://doi.org/10.1038/sdata.2015.2,Multiple CAS hits; exact SMILES used to disambiguate.,a_untested,human_only,43
PAIR_0043,115-95-7__78-70-6,115-95-7,78-70-6,CC(=CCCC(C)(C=C)OC(=O)C)C,CC(=CCCC(C)(C=C)O)C,linalyl acetate,linalool,Homo sapiens,hOR10X1 | OR10X1,430.0,,0.0,False,True,False,,,A untested / B tested,Medium,,https://doi.org/10.1038/sdata.2015.2 | https://doi.org/10.1371/journal.pone.0267356,Multiple CAS hits; exact SMILES used to disambiguate.,a_untested,human_only,43
PAIR_0043,115-95-7__78-70-6,115-95-7,78-70-6,CC(=CCCC(C)(C=C)OC(=O)C)C,CC(=CCCC(C)(C=C)O)C,linalyl acetate,linalool,Homo sapiens,hOR10Z1 | OR10Z1,14.0,,0.0,False,True,False,,,A untested / B tested,Medium,,https://doi.org/10.1038/sdata.2015.2 | https://doi.org/10.1371/journal.pone.0267356,Multiple CAS hits; exact SMILES used to disambiguate.,a_untested,human_only,43
PAIR_0043,115-95-7__78-70-6,115-95-7,78-70-6,CC(=CCCC(C)(C=C)OC(=O)C)C,CC(=CCCC(C)(C=C)O)C,linalyl acetate,linalool,Homo sapiens,hOR11A1 | OR11A1,47.0,,0.0,False,True,False,,,A untested / B tested,Medium,,https://doi.org/10.1038/sdata.2015.2 | https://doi.org/10.1371/journal.pone.0267356 | https://pubs.acs.org/doi/10.1021/acs.jafc.4c01515,Multiple CAS hits; exact SMILES used to disambiguate.,a_untested,human_only,43
PAIR_0043,115-95-7__78-70-6,115-95-7,78-70-6,CC(=CCCC(C)(C=C)OC(=O)C)C,CC(=CCCC(C)(C=C)O)C,linalyl acetate,linalool,Homo sapiens,hOR11G2,499.0,,0.0,False,True,False,,,A untested / B tested,Low,,https://doi.org/10.1038/sdata.2015.2,Multiple CAS hits; exact SMILES used to disambiguate.,a_untested,human_only,43
PAIR_0043,115-95-7__78-70-6,115-95-7,78-70-6,CC(=CCCC(C)(C=C)OC(=O)C)C,CC(=CCCC(C)(C=C)O)C,linalyl acetate,linalool,Homo sapiens,hOR11H1,469.0,,0.0,False,True,False,,,A untested / B tested,Low,,https://doi.org/10.1038/sdata.2015.2,Multiple CAS hits; exact SMILES used to disambiguate.,a_untested,human_only,43
PAIR_0043,115-95-7__78-70-6,115-95-7,78-70-6,CC(=CCCC(C)(C=C)OC(=O)C)C,CC(=CCCC(C)(C=C)O)C,linalyl acetate,linalool,Homo sapiens,hOR11H12,248.0,,0.0,False,True,False,,,A untested / B tested,Medium,,https://doi.org/10.1038/sdata.2015.2,Multiple CAS hits; exact SMILES used to disambiguate.,a_untested,human_only,43
PAIR_0043,115-95-7__78-70-6,115-95-7,78-70-6,CC(=CCCC(C)(C=C)OC(=O)C)C,CC(=CCCC(C)(C=C)O)C,linalyl acetate,linalool,Homo sapiens,hOR11H13,357.0,,0.0,False,True,False,,,A untested / B tested,Low,,https://doi.org/10.1038/sdata.2015.2,Multiple CAS hits; exact SMILES used to disambiguate.,a_untested,human_only,43
PAIR_0043,115-95-7__78-70-6,115-95-7,78-70-6,CC(=CCCC(C)(C=C)OC(=O)C)C,CC(=CCCC(C)(C=C)O)C,linalyl acetate,linalool,Homo sapiens,hOR11H4,218.0,,0.0,False,True,False,,,A untested / B tested,Low,,https://doi.org/10.1038/sdata.2015.2,Multiple CAS hits; exact SMILES used to disambiguate.,a_untested,human_only,43
PAIR_0043,115-95-7__78-70-6,115-95-7,78-70-6,CC(=CCCC(C)(C=C)OC(=O)C)C,CC(=CCCC(C)(C=C)O)C,linalyl acetate,linalool,Homo sapiens,hOR11H4 | OR11H4,347.0,,0.0,False,True,False,,,A untested / B tested,Medium,,https://doi.org/10.1038/sdata.2015.2 | https://doi.org/10.1371/journal.pone.0267356,Multiple CAS hits; exact SMILES used to disambiguate.,a_untested,human_only,43
PAIR_0043,115-95-7__78-70-6,115-95-7,78-70-6,CC(=CCCC(C)(C=C)OC(=O)C)C,CC(=CCCC(C)(C=C)O)C,linalyl acetate,linalool,Homo sapiens,hOR11H6 | OR11H6,228.0,,0.0,False,True,False,,,A untested / B tested,Medium,,https://doi.org/10.1038/sdata.2015.2 | https://doi.org/10.1371/journal.pone.0267356,Multiple CAS hits; exact SMILES used to disambiguate.,a_untested,human_only,43
PAIR_0043,115-95-7__78-70-6,115-95-7,78-70-6,CC(=CCCC(C)(C=C)OC(=O)C)C,CC(=CCCC(C)(C=C)O)C,linalyl acetate,linalool,Homo sapiens,hOR12D2 | OR12D2,58.0,,0.0,False,True,False,,,A untested / B tested,Medium,,https://doi.org/10.1038/sdata.2015.2 | https://doi.org/10.1371/journal.pone.0267356,Multiple CAS hits; exact SMILES used to disambiguate.,a_untested,human_only,43
PAIR_0043,115-95-7__78-70-6,115-95-7,78-70-6,CC(=CCCC(C)(C=C)OC(=O)C)C,CC(=CCCC(C)(C=C)O)C,linalyl acetate,linalool,Homo sapiens,hOR12D3 | OR12D3,55.0,,0.0,False,True,False,,,A untested / B tested,Medium,,https://doi.org/10.1038/sdata.2015.2 | https://doi.org/10.1371/journal.pone.0267356,Multiple CAS hits; exact SMILES used to disambiguate.,a_untested,human_only,43
PAIR_0043,115-95-7__78-70-6,115-95-7,78-70-6,CC(=CCCC(C)(C=C)OC(=O)C)C,CC(=CCCC(C)(C=C)O)C,linalyl acetate,linalool,Homo sapiens,hOR13A1,523.0,,0.0,False,True,False,,,A untested / B tested,Medium,,https://doi.org/10.1038/sdata.2015.2,Multiple CAS hits; exact SMILES used to disambiguate.,a_untested,human_only,43
PAIR_0043,115-95-7__78-70-6,115-95-7,78-70-6,CC(=CCCC(C)(C=C)OC(=O)C)C,CC(=CCCC(C)(C=C)O)C,linalyl acetate,linalool,Homo sapiens,hOR13A1 | OR13A1,81.0,,0.0,False,True,False,,,A untested / B tested,Medium,,https://doi.org/10.1038/sdata.2015.2 | https://doi.org/10.1371/journal.pone.0267356,Multiple CAS hits; exact SMILES used to disambiguate.,a_untested,human_only,43
PAIR_0043,115-95-7__78-70-6,115-95-7,78-70-6,CC(=CCCC(C)(C=C)OC(=O)C)C,CC(=CCCC(C)(C=C)O)C,linalyl acetate,linalool,Homo sapiens,hOR13C2 | OR13C2,502.0,,0.0,False,True,False,,,A untested / B tested,Medium,,https://doi.org/10.1038/sdata.2015.2 | https://doi.org/10.1371/journal.pone.0267356,Multiple CAS hits; exact SMILES used to disambiguate.,a_untested,human_only,43
PAIR_0043,115-95-7__78-70-6,115-95-7,78-70-6,CC(=CCCC(C)(C=C)OC(=O)C)C,CC(=CCCC(C)(C=C)O)C,linalyl acetate,linalool,Homo sapiens,hOR13C3 | OR13C3,307.0,,0.0,False,True,False,,,A untested / B tested,Medium,,https://doi.org/10.1038/sdata.2015.2 | https://doi.org/10.1371/journal.pone.0267356,Multiple CAS hits; exact SMILES used to disambiguate.,a_untested,human_only,43
PAIR_0043,115-95-7__78-70-6,115-95-7,78-70-6,CC(=CCCC(C)(C=C)OC(=O)C)C,CC(=CCCC(C)(C=C)O)C,linalyl acetate,linalool,Homo sapiens,hOR13C4 | OR13C4,72.0,,0.0,False,True,False,,,A untested / B tested,Medium,,https://doi.org/10.1038/sdata.2015.2 | https://doi.org/10.1371/journal.pone.0267356,Multiple CAS hits; exact SMILES used to disambiguate.,a_untested,human_only,43
PAIR_0043,115-95-7__78-70-6,115-95-7,78-70-6,CC(=CCCC(C)(C=C)OC(=O)C)C,CC(=CCCC(C)(C=C)O)C,linalyl acetate,linalool,Homo sapiens,hOR13C8 | OR13C8,73.0,,0.0,False,True,False,,,A untested / B tested,Medium,,https://doi.org/10.1038/sdata.2015.2 | https://doi.org/10.1371/journal.pone.0267356,Multiple CAS hits; exact SMILES used to disambiguate.,a_untested,human_only,43
PAIR_0043,115-95-7__78-70-6,115-95-7,78-70-6,CC(=CCCC(C)(C=C)OC(=O)C)C,CC(=CCCC(C)(C=C)O)C,linalyl acetate,linalool,Homo sapiens,hOR13D1,271.0,,0.0,False,True,False,,,A untested / B tested,Low,,https://doi.org/10.1038/sdata.2015.2,Multiple CAS hits; exact SMILES used to disambiguate.,a_untested,human_only,43
PAIR_0043,115-95-7__78-70-6,115-95-7,78-70-6,CC(=CCCC(C)(C=C)OC(=O)C)C,CC(=CCCC(C)(C=C)O)C,linalyl acetate,linalool,Homo sapiens,hOR13H1 | OR13H1,413.0,,0.0,False,True,False,,,A untested / B tested,Medium,,https://doi.org/10.1038/sdata.2015.2 | https://doi.org/10.1371/journal.pone.0267356,Multiple CAS hits; exact SMILES used to disambiguate.,a_untested,human_only,43
PAIR_0043,115-95-7__78-70-6,115-95-7,78-70-6,CC(=CCCC(C)(C=C)OC(=O)C)C,CC(=CCCC(C)(C=C)O)C,linalyl acetate,linalool,Homo sapiens,hOR14A2,32.0,,0.0,False,True,False,,,A untested / B tested,Low,,https://doi.org/10.1038/sdata.2015.2,Multiple CAS hits; exact SMILES used to disambiguate.,a_untested,human_only,43
PAIR_0043,115-95-7__78-70-6,115-95-7,78-70-6,CC(=CCCC(C)(C=C)OC(=O)C)C,CC(=CCCC(C)(C=C)O)C,linalyl acetate,linalool,Homo sapiens,hOR14J1,160.0,,0.0,False,True,False,,,A untested / B tested,Low,,https://doi.org/10.1038/sdata.2015.2,Multiple CAS hits; exact SMILES used to disambiguate.,a_untested,human_only,43
PAIR_0043,115-95-7__78-70-6,115-95-7,78-70-6,CC(=CCCC(C)(C=C)OC(=O)C)C,CC(=CCCC(C)(C=C)O)C,linalyl acetate,linalool,Homo sapiens,hOR14K1,33.0,,0.0,False,True,False,,,A untested / B tested,Low,,https://doi.org/10.1038/sdata.2015.2,Multiple CAS hits; exact SMILES used to disambiguate.,a_untested,human_only,43
PAIR_0043,115-95-7__78-70-6,115-95-7,78-70-6,CC(=CCCC(C)(C=C)OC(=O)C)C,CC(=CCCC(C)(C=C)O)C,linalyl acetate,linalool,Homo sapiens,hOR14L1,17.0,,0.0,False,True,False,,,A untested / B tested,Low,,https://doi.org/10.1038/sdata.2015.2,Multiple CAS hits; exact SMILES used to disambiguate.,a_untested,human_only,43
PAIR_0043,115-95-7__78-70-6,115-95-7,78-70-6,CC(=CCCC(C)(C=C)OC(=O)C)C,CC(=CCCC(C)(C=C)O)C,linalyl acetate,linalool,Homo sapiens,hOR1A1 | OR1A1,29.0,,1.0,False,True,False,,,A untested / B tested,Medium,,https://doi.org/10.1016/j.jsb.2007.04.013 | https://doi.org/10.1038/sdata.2015.2 | https://doi.org/10.1093/chemse/bjw117 | https://doi.org/10.1371/journal.pone.0267356,Multiple CAS hits; exact SMILES used to disambiguate.,a_untested,human_only,43
PAIR_0043,115-95-7__78-70-6,115-95-7,78-70-6,CC(=CCCC(C)(C=C)OC(=O)C)C,CC(=CCCC(C)(C=C)O)C,linalyl acetate,linalool,Homo sapiens,hOR1A2 | OR1A2,111.0,,0.0,False,True,False,,,A untested / B tested,Medium,,https://doi.org/10.1038/sdata.2015.2 | https://doi.org/10.1016/j.jsb.2007.04.013 | https://doi.org/10.1371/journal.pone.0267356,Multiple CAS hits; exact SMILES used to disambiguate.,a_untested,human_only,43
PAIR_0043,115-95-7__78-70-6,115-95-7,78-70-6,CC(=CCCC(C)(C=C)OC(=O)C)C,CC(=CCCC(C)(C=C)O)C,linalyl acetate,linalool,Homo sapiens,hOR1C1 | OR1C1,34.0,,1.0,False,True,False,,,A untested / B tested,Medium,,https://doi.org/10.1038/sdata.2015.2 | https://doi.org/10.1371/journal.pone.0267356,Multiple CAS hits; exact SMILES used to disambiguate.,a_untested,human_only,43
PAIR_0043,115-95-7__78-70-6,115-95-7,78-70-6,CC(=CCCC(C)(C=C)OC(=O)C)C,CC(=CCCC(C)(C=C)O)C,linalyl acetate,linalool,Homo sapiens,hOR1D2 | OR1D2,283.0,,1.0,False,True,False,,,A untested / B tested,Medium,,https://doi.org/10.1038/sdata.2015.2 | https://doi.org/10.1093/chemse/bju073 | https://doi.org/10.1371/journal.pone.0267356,Multiple CAS hits; exact SMILES used to disambiguate.,a_untested,human_only,43
PAIR_0043,115-95-7__78-70-6,115-95-7,78-70-6,CC(=CCCC(C)(C=C)OC(=O)C)C,CC(=CCCC(C)(C=C)O)C,linalyl acetate,linalool,Homo sapiens,hOR1D5,486.0,,0.0,False,True,False,,,A untested / B tested,Low,,https://doi.org/10.1038/sdata.2015.2,Multiple CAS hits; exact SMILES used to disambiguate.,a_untested,human_only,43
PAIR_0043,115-95-7__78-70-6,115-95-7,78-70-6,CC(=CCCC(C)(C=C)OC(=O)C)C,CC(=CCCC(C)(C=C)O)C,linalyl acetate,linalool,Homo sapiens,hOR1D5 | OR1D5,239.0,,0.0,False,True,False,,,A untested / B tested,Medium,,https://doi.org/10.1038/sdata.2015.2 | https://doi.org/10.1371/journal.pone.0267356,Multiple CAS hits; exact SMILES used to disambiguate.,a_untested,human_only,43
PAIR_0043,115-95-7__78-70-6,115-95-7,78-70-6,CC(=CCCC(C)(C=C)OC(=O)C)C,CC(=CCCC(C)(C=C)O)C,linalyl acetate,linalool,Homo sapiens,hOR1E1,213.0,,0.0,False,True,False,,,A untested / B tested,Low,,https://doi.org/10.1038/sdata.2015.2,Multiple CAS hits; exact SMILES used to disambiguate.,a_untested,human_only,43
PAIR_0043,115-95-7__78-70-6,115-95-7,78-70-6,CC(=CCCC(C)(C=C)OC(=O)C)C,CC(=CCCC(C)(C=C)O)C,linalyl acetate,linalool,Homo sapiens,hOR1E2 | OR1E2,431.0,,0.0,False,True,False,,,A untested / B tested,Medium,,https://doi.org/10.1038/sdata.2015.2 | https://doi.org/10.1371/journal.pone.0267356,Multiple CAS hits; exact SMILES used to disambiguate.,a_untested,human_only,43
PAIR_0043,115-95-7__78-70-6,115-95-7,78-70-6,CC(=CCCC(C)(C=C)OC(=O)C)C,CC(=CCCC(C)(C=C)O)C,linalyl acetate,linalool,Homo sapiens,hOR1F12,487.0,,0.0,False,True,False,,,A untested / B tested,Low,,https://doi.org/10.1038/sdata.2015.2,Multiple CAS hits; exact SMILES used to disambiguate.,a_untested,human_only,43
PAIR_0043,115-95-7__78-70-6,115-95-7,78-70-6,CC(=CCCC(C)(C=C)OC(=O)C)C,CC(=CCCC(C)(C=C)O)C,linalyl acetate,linalool,Homo sapiens,hOR1G1,405.0,0.0,0.0,True,True,True,1.0,0.0,both non-responsive,Medium,https://doi.org/10.3389/fphar.2015.00035,https://doi.org/10.1038/sdata.2015.2 | https://doi.org/10.3389/fphar.2015.00035 | https://doi.org/10.1371/journal.pone.0267356,Multiple CAS hits; exact SMILES used to disambiguate.,,human_only,43
PAIR_0043,115-95-7__78-70-6,115-95-7,78-70-6,CC(=CCCC(C)(C=C)OC(=O)C)C,CC(=CCCC(C)(C=C)O)C,linalyl acetate,linalool,Homo sapiens,hOR1J1 | OR1J1,488.0,,0.0,False,True,False,,,A untested / B tested,Medium,,https://doi.org/10.1038/sdata.2015.2 | https://doi.org/10.1371/journal.pone.0267356,Multiple CAS hits; exact SMILES used to disambiguate.,a_untested,human_only,43
PAIR_0043,115-95-7__78-70-6,115-95-7,78-70-6,CC(=CCCC(C)(C=C)OC(=O)C)C,CC(=CCCC(C)(C=C)O)C,linalyl acetate,linalool,Homo sapiens,hOR1J2 | OR1J2,365.0,,0.0,False,True,False,,,A untested / B tested,Medium,,https://doi.org/10.1038/sdata.2015.2 | https://doi.org/10.1371/journal.pone.0267356,Multiple CAS hits; exact SMILES used to disambiguate.,a_untested,human_only,43
PAIR_0043,115-95-7__78-70-6,115-95-7,78-70-6,CC(=CCCC(C)(C=C)OC(=O)C)C,CC(=CCCC(C)(C=C)O)C,linalyl acetate,linalool,Homo sapiens,hOR1J4 | OR1J4,352.0,,0.0,False,True,False,,,A untested / B tested,Medium,,https://doi.org/10.1038/sdata.2015.2 | https://doi.org/10.1371/journal.pone.0267356,Multiple CAS hits; exact SMILES used to disambiguate.,a_untested,human_only,43
PAIR_0043,115-95-7__78-70-6,115-95-7,78-70-6,CC(=CCCC(C)(C=C)OC(=O)C)C,CC(=CCCC(C)(C=C)O)C,linalyl acetate,linalool,Homo sapiens,hOR1K1 | OR1K1,70.0,,0.0,False,True,False,,,A untested / B tested,Medium,,https://doi.org/10.1038/sdata.2015.2 | https://doi.org/10.1371/journal.pone.0267356,Multiple CAS hits; exact SMILES used to disambiguate.,a_untested,human_only,43
PAIR_0043,115-95-7__78-70-6,115-95-7,78-70-6,CC(=CCCC(C)(C=C)OC(=O)C)C,CC(=CCCC(C)(C=C)O)C,linalyl acetate,linalool,Homo sapiens,hOR1L1,287.0,,0.0,False,True,False,,,A untested / B tested,Low,,https://doi.org/10.1038/sdata.2015.2,Multiple CAS hits; exact SMILES used to disambiguate.,a_untested,human_only,43
PAIR_0043,115-95-7__78-70-6,115-95-7,78-70-6,CC(=CCCC(C)(C=C)OC(=O)C)C,CC(=CCCC(C)(C=C)O)C,linalyl acetate,linalool,Homo sapiens,hOR1L3,71.0,0.0,0.0,True,True,True,1.0,0.0,both non-responsive,Medium,https://doi.org/10.3389/fphar.2015.00035,https://doi.org/10.1038/sdata.2015.2 | https://doi.org/10.3389/fphar.2015.00035 | https://doi.org/10.1371/journal.pone.0267356,Multiple CAS hits; exact SMILES used to disambiguate.,,human_only,43
PAIR_0043,115-95-7__78-70-6,115-95-7,78-70-6,CC(=CCCC(C)(C=C)OC(=O)C)C,CC(=CCCC(C)(C=C)O)C,linalyl acetate,linalool,Homo sapiens,hOR1L8 | OR1L8,69.0,,0.0,False,True,False,,,A untested / B tested,Medium,,https://doi.org/10.1038/sdata.2015.2 | https://doi.org/10.1371/journal.pone.0267356,Multiple CAS hits; exact SMILES used to disambiguate.,a_untested,human_only,43
PAIR_0043,115-95-7__78-70-6,115-95-7,78-70-6,CC(=CCCC(C)(C=C)OC(=O)C)C,CC(=CCCC(C)(C=C)O)C,linalyl acetate,linalool,Homo sapiens,hOR1M1,164.0,,0.0,False,True,False,,,A untested / B tested,Low,,https://doi.org/10.1038/sdata.2015.2,Multiple CAS hits; exact SMILES used to disambiguate.,a_untested,human_only,43
PAIR_0043,115-95-7__78-70-6,115-95-7,78-70-6,CC(=CCCC(C)(C=C)OC(=O)C)C,CC(=CCCC(C)(C=C)O)C,linalyl acetate,linalool,Homo sapiens,hOR1N1 | OR1N1,382.0,,0.0,False,True,False,,,A untested / B tested,Medium,,https://doi.org/10.1038/sdata.2015.2 | https://doi.org/10.1371/journal.pone.0267356,Multiple CAS hits; exact SMILES used to disambiguate.,a_untested,human_only,43
PAIR_0043,115-95-7__78-70-6,115-95-7,78-70-6,CC(=CCCC(C)(C=C)OC(=O)C)C,CC(=CCCC(C)(C=C)O)C,linalyl acetate,linalool,Homo sapiens,hOR1N2,421.0,,1.0,False,True,False,,,A untested / B tested,Medium,,https://doi.org/10.1038/sdata.2015.2,Multiple CAS hits; exact SMILES used to disambiguate.,a_untested,human_only,43
PAIR_0043,115-95-7__78-70-6,115-95-7,78-70-6,CC(=CCCC(C)(C=C)OC(=O)C)C,CC(=CCCC(C)(C=C)O)C,linalyl acetate,linalool,Homo sapiens,hOR1S1,376.0,,0.0,False,True,False,,,A untested / B tested,Low,,https://doi.org/10.1038/sdata.2015.2,Multiple CAS hits; exact SMILES used to disambiguate.,a_untested,human_only,43
PAIR_0043,115-95-7__78-70-6,115-95-7,78-70-6,CC(=CCCC(C)(C=C)OC(=O)C)C,CC(=CCCC(C)(C=C)O)C,linalyl acetate,linalool,Homo sapiens,hOR1S2,20.0,,0.0,False,True,False,,,A untested / B tested,Medium,,https://doi.org/10.1038/sdata.2015.2,Multiple CAS hits; exact SMILES used to disambiguate.,a_untested,human_only,43
PAIR_0043,115-95-7__78-70-6,115-95-7,78-70-6,CC(=CCCC(C)(C=C)OC(=O)C)C,CC(=CCCC(C)(C=C)O)C,linalyl acetate,linalool,Homo sapiens,hOR2A1,61.0,,0.0,False,True,False,,,A untested / B tested,Low,,https://doi.org/10.1038/sdata.2015.2,Multiple CAS hits; exact SMILES used to disambiguate.,a_untested,human_only,43
PAIR_0043,115-95-7__78-70-6,115-95-7,78-70-6,CC(=CCCC(C)(C=C)OC(=O)C)C,CC(=CCCC(C)(C=C)O)C,linalyl acetate,linalool,Homo sapiens,hOR2A12 | OR2A12,67.0,,0.0,False,True,False,,,A untested / B tested,Medium,,https://doi.org/10.1038/sdata.2015.2 | https://doi.org/10.1371/journal.pone.0267356,Multiple CAS hits; exact SMILES used to disambiguate.,a_untested,human_only,43
PAIR_0043,115-95-7__78-70-6,115-95-7,78-70-6,CC(=CCCC(C)(C=C)OC(=O)C)C,CC(=CCCC(C)(C=C)O)C,linalyl acetate,linalool,Homo sapiens,hOR2A14 | OR2A14,66.0,,0.0,False,True,False,,,A untested / B tested,Medium,,https://doi.org/10.1038/sdata.2015.2 | https://doi.org/10.1371/journal.pone.0267356,Multiple CAS hits; exact SMILES used to disambiguate.,a_untested,human_only,43
PAIR_0043,115-95-7__78-70-6,115-95-7,78-70-6,CC(=CCCC(C)(C=C)OC(=O)C)C,CC(=CCCC(C)(C=C)O)C,linalyl acetate,linalool,Homo sapiens,hOR2A2 | OR2A2,394.0,,0.0,False,True,False,,,A untested / B tested,Medium,,https://doi.org/10.1038/sdata.2015.2 | https://doi.org/10.1371/journal.pone.0267356,Multiple CAS hits; exact SMILES used to disambiguate.,a_untested,human_only,43
PAIR_0043,115-95-7__78-70-6,115-95-7,78-70-6,CC(=CCCC(C)(C=C)OC(=O)C)C,CC(=CCCC(C)(C=C)O)C,linalyl acetate,linalool,Homo sapiens,hOR2A25 | OR2A25,302.0,,0.0,False,True,False,,,A untested / B tested,Medium,,https://doi.org/10.1038/sdata.2015.2 | https://doi.org/10.1371/journal.pone.0267356,Multiple CAS hits; exact SMILES used to disambiguate.,a_untested,human_only,43
PAIR_0043,115-95-7__78-70-6,115-95-7,78-70-6,CC(=CCCC(C)(C=C)OC(=O)C)C,CC(=CCCC(C)(C=C)O)C,linalyl acetate,linalool,Homo sapiens,hOR2A4 | OR2A4,299.0,,0.0,False,True,False,,,A untested / B tested,Medium,,https://doi.org/10.1038/sdata.2015.2 | https://doi.org/10.1371/journal.pone.0267356,Multiple CAS hits; exact SMILES used to disambiguate.,a_untested,human_only,43
PAIR_0043,115-95-7__78-70-6,115-95-7,78-70-6,CC(=CCCC(C)(C=C)OC(=O)C)C,CC(=CCCC(C)(C=C)O)C,linalyl acetate,linalool,Homo sapiens,hOR2A42,473.0,,0.0,False,True,False,,,A untested / B tested,Low,,https://doi.org/10.1038/sdata.2015.2,Multiple CAS hits; exact SMILES used to disambiguate.,a_untested,human_only,43
PAIR_0043,115-95-7__78-70-6,115-95-7,78-70-6,CC(=CCCC(C)(C=C)OC(=O)C)C,CC(=CCCC(C)(C=C)O)C,linalyl acetate,linalool,Homo sapiens,hOR2A5 | OR2A5,359.0,,0.0,False,True,False,,,A untested / B tested,Medium,,https://doi.org/10.1038/sdata.2015.2 | https://doi.org/10.1371/journal.pone.0267356,Multiple CAS hits; exact SMILES used to disambiguate.,a_untested,human_only,43
PAIR_0043,115-95-7__78-70-6,115-95-7,78-70-6,CC(=CCCC(C)(C=C)OC(=O)C)C,CC(=CCCC(C)(C=C)O)C,linalyl acetate,linalool,Homo sapiens,hOR2A7,60.0,,0.0,False,True,False,,,A untested / B tested,Low,,https://doi.org/10.1038/sdata.2015.2,Multiple CAS hits; exact SMILES used to disambiguate.,a_untested,human_only,43
PAIR_0043,115-95-7__78-70-6,115-95-7,78-70-6,CC(=CCCC(C)(C=C)OC(=O)C)C,CC(=CCCC(C)(C=C)O)C,linalyl acetate,linalool,Homo sapiens,hOR2AG1 | OR2AG1,85.0,,0.0,False,True,False,,,A untested / B tested,Medium,,https://doi.org/10.1038/sdata.2015.2 | https://doi.org/10.1371/journal.pone.0267356,Multiple CAS hits; exact SMILES used to disambiguate.,a_untested,human_only,43
PAIR_0043,115-95-7__78-70-6,115-95-7,78-70-6,CC(=CCCC(C)(C=C)OC(=O)C)C,CC(=CCCC(C)(C=C)O)C,linalyl acetate,linalool,Homo sapiens,hOR2AG2 | OR2AG2,427.0,,0.0,False,True,False,,,A untested / B tested,Medium,,https://doi.org/10.1038/sdata.2015.2 | https://doi.org/10.1371/journal.pone.0267356,Multiple CAS hits; exact SMILES used to disambiguate.,a_untested,human_only,43
PAIR_0043,115-95-7__78-70-6,115-95-7,78-70-6,CC(=CCCC(C)(C=C)OC(=O)C)C,CC(=CCCC(C)(C=C)O)C,linalyl acetate,linalool,Homo sapiens,hOR2AP1,212.0,,0.0,False,True,False,,,A untested / B tested,Low,,https://doi.org/10.1038/sdata.2015.2,Multiple CAS hits; exact SMILES used to disambiguate.,a_untested,human_only,43
PAIR_0043,115-95-7__78-70-6,115-95-7,78-70-6,CC(=CCCC(C)(C=C)OC(=O)C)C,CC(=CCCC(C)(C=C)O)C,linalyl acetate,linalool,Homo sapiens,hOR2AT4 | OR2AT4,436.0,,0.0,False,True,False,,,A untested / B tested,Medium,,https://doi.org/10.1038/sdata.2015.2 | https://doi.org/10.1371/journal.pone.0267356,Multiple CAS hits; exact SMILES used to disambiguate.,a_untested,human_only,43
PAIR_0043,115-95-7__78-70-6,115-95-7,78-70-6,CC(=CCCC(C)(C=C)OC(=O)C)C,CC(=CCCC(C)(C=C)O)C,linalyl acetate,linalool,Homo sapiens,hOR2B11 | OR2B11,339.0,,0.0,False,True,False,,,A untested / B tested,Medium,,https://doi.org/10.1038/sdata.2015.2 | https://doi.org/10.1371/journal.pone.0267356,Multiple CAS hits; exact SMILES used to disambiguate.,a_untested,human_only,43
PAIR_0043,115-95-7__78-70-6,115-95-7,78-70-6,CC(=CCCC(C)(C=C)OC(=O)C)C,CC(=CCCC(C)(C=C)O)C,linalyl acetate,linalool,Homo sapiens,hOR2B2 | OR2B2,150.0,,0.0,False,True,False,,,A untested / B tested,Medium,,https://doi.org/10.1038/sdata.2015.2 | https://doi.org/10.1371/journal.pone.0267356,Multiple CAS hits; exact SMILES used to disambiguate.,a_untested,human_only,43
PAIR_0043,115-95-7__78-70-6,115-95-7,78-70-6,CC(=CCCC(C)(C=C)OC(=O)C)C,CC(=CCCC(C)(C=C)O)C,linalyl acetate,linalool,Homo sapiens,hOR2B3,48.0,0.0,0.0,True,True,True,1.0,0.0,both non-responsive,Medium,https://doi.org/10.3389/fphar.2015.00035,https://doi.org/10.1038/sdata.2015.2 | https://doi.org/10.3389/fphar.2015.00035 | https://doi.org/10.1371/journal.pone.0267356,Multiple CAS hits; exact SMILES used to disambiguate.,,human_only,43
PAIR_0043,115-95-7__78-70-6,115-95-7,78-70-6,CC(=CCCC(C)(C=C)OC(=O)C)C,CC(=CCCC(C)(C=C)O)C,linalyl acetate,linalool,Homo sapiens,hOR2B6 | OR2B6,358.0,,0.0,False,True,False,,,A untested / B tested,Medium,,https://doi.org/10.1038/sdata.2015.2 | https://doi.org/10.1371/journal.pone.0267356,Multiple CAS hits; exact SMILES used to disambiguate.,a_untested,human_only,43
PAIR_0043,115-95-7__78-70-6,115-95-7,78-70-6,CC(=CCCC(C)(C=C)OC(=O)C)C,CC(=CCCC(C)(C=C)O)C,linalyl acetate,linalool,Homo sapiens,hOR2C1,328.0,,0.0,False,True,False,,,A untested / B tested,Low,,https://doi.org/10.1038/sdata.2015.2,Multiple CAS hits; exact SMILES used to disambiguate.,a_untested,human_only,43
PAIR_0043,115-95-7__78-70-6,115-95-7,78-70-6,CC(=CCCC(C)(C=C)OC(=O)C)C,CC(=CCCC(C)(C=C)O)C,linalyl acetate,linalool,Homo sapiens,hOR2D2 | OR2D2,193.0,,0.0,False,True,False,,,A untested / B tested,Medium,,https://doi.org/10.1038/sdata.2015.2 | https://doi.org/10.1371/journal.pone.0267356,Multiple CAS hits; exact SMILES used to disambiguate.,a_untested,human_only,43
PAIR_0043,115-95-7__78-70-6,115-95-7,78-70-6,CC(=CCCC(C)(C=C)OC(=O)C)C,CC(=CCCC(C)(C=C)O)C,linalyl acetate,linalool,Homo sapiens,hOR2F1 | OR2F1,65.0,,0.0,False,True,False,,,A untested / B tested,Medium,,https://doi.org/10.1038/sdata.2015.2 | https://doi.org/10.1371/journal.pone.0267356,Multiple CAS hits; exact SMILES used to disambiguate.,a_untested,human_only,43
PAIR_0043,115-95-7__78-70-6,115-95-7,78-70-6,CC(=CCCC(C)(C=C)OC(=O)C)C,CC(=CCCC(C)(C=C)O)C,linalyl acetate,linalool,Homo sapiens,hOR2G2,651.0,0.0,0.0,True,True,True,1.0,0.0,both non-responsive,Medium,https://doi.org/10.3389/fphar.2015.00035,https://doi.org/10.3389/fphar.2015.00035 | https://doi.org/10.1371/journal.pone.0267356,Multiple CAS hits; exact SMILES used to disambiguate.,,human_only,43
PAIR_0043,115-95-7__78-70-6,115-95-7,78-70-6,CC(=CCCC(C)(C=C)OC(=O)C)C,CC(=CCCC(C)(C=C)O)C,linalyl acetate,linalool,Homo sapiens,hOR2G3,265.0,,0.0,False,True,False,,,A untested / B tested,Low,,https://doi.org/10.1038/sdata.2015.2,Multiple CAS hits; exact SMILES used to disambiguate.,a_untested,human_only,43
PAIR_0043,115-95-7__78-70-6,115-95-7,78-70-6,CC(=CCCC(C)(C=C)OC(=O)C)C,CC(=CCCC(C)(C=C)O)C,linalyl acetate,linalool,Homo sapiens,hOR2G3 | OR2G3,292.0,,0.0,False,True,False,,,A untested / B tested,Medium,,https://doi.org/10.1038/sdata.2015.2 | https://doi.org/10.1371/journal.pone.0267356,Multiple CAS hits; exact SMILES used to disambiguate.,a_untested,human_only,43
PAIR_0043,115-95-7__78-70-6,115-95-7,78-70-6,CC(=CCCC(C)(C=C)OC(=O)C)C,CC(=CCCC(C)(C=C)O)C,linalyl acetate,linalool,Homo sapiens,hOR2G6 | OR2G6,404.0,,0.0,False,True,False,,,A untested / B tested,Medium,,https://doi.org/10.1038/sdata.2015.2 | https://doi.org/10.1371/journal.pone.0267356,Multiple CAS hits; exact SMILES used to disambiguate.,a_untested,human_only,43
PAIR_0043,115-95-7__78-70-6,115-95-7,78-70-6,CC(=CCCC(C)(C=C)OC(=O)C)C,CC(=CCCC(C)(C=C)O)C,linalyl acetate,linalool,Homo sapiens,hOR2H1 | OR2H1,311.0,,0.0,False,True,False,,,A untested / B tested,Medium,,https://doi.org/10.1038/sdata.2015.2 | https://doi.org/10.1371/journal.pone.0267356,Multiple CAS hits; exact SMILES used to disambiguate.,a_untested,human_only,43
PAIR_0043,115-95-7__78-70-6,115-95-7,78-70-6,CC(=CCCC(C)(C=C)OC(=O)C)C,CC(=CCCC(C)(C=C)O)C,linalyl acetate,linalool,Homo sapiens,hOR2H2,50.0,,0.0,False,True,False,,,A untested / B tested,Low,,https://doi.org/10.1038/sdata.2015.2,Multiple CAS hits; exact SMILES used to disambiguate.,a_untested,human_only,43
PAIR_0043,115-95-7__78-70-6,115-95-7,78-70-6,CC(=CCCC(C)(C=C)OC(=O)C)C,CC(=CCCC(C)(C=C)O)C,linalyl acetate,linalool,Homo sapiens,hOR2J1,261.0,,0.0,False,True,False,,,A untested / B tested,Low,,https://doi.org/10.1038/sdata.2015.2,Multiple CAS hits; exact SMILES used to disambiguate.,a_untested,human_only,43
PAIR_0043,115-95-7__78-70-6,115-95-7,78-70-6,CC(=CCCC(C)(C=C)OC(=O)C)C,CC(=CCCC(C)(C=C)O)C,linalyl acetate,linalool,Homo sapiens,hOR2J2,324.0,,0.0,False,True,False,,,A untested / B tested,Low,,https://doi.org/10.1038/sdata.2015.2,Multiple CAS hits; exact SMILES used to disambiguate.,a_untested,human_only,43
PAIR_0043,115-95-7__78-70-6,115-95-7,78-70-6,CC(=CCCC(C)(C=C)OC(=O)C)C,CC(=CCCC(C)(C=C)O)C,linalyl acetate,linalool,Homo sapiens,hOR2K2 | OR2K2,373.0,,0.0,False,True,False,,,A untested / B tested,Medium,,https://doi.org/10.1038/sdata.2015.2 | https://doi.org/10.1371/journal.pone.0267356,Multiple CAS hits; exact SMILES used to disambiguate.,a_untested,human_only,43
PAIR_0043,115-95-7__78-70-6,115-95-7,78-70-6,CC(=CCCC(C)(C=C)OC(=O)C)C,CC(=CCCC(C)(C=C)O)C,linalyl acetate,linalool,Homo sapiens,hOR2L2 | OR2L2,383.0,,0.0,False,True,False,,,A untested / B tested,Medium,,https://doi.org/10.1038/sdata.2015.2 | https://doi.org/10.1371/journal.pone.0267356,Multiple CAS hits; exact SMILES used to disambiguate.,a_untested,human_only,43
PAIR_0043,115-95-7__78-70-6,115-95-7,78-70-6,CC(=CCCC(C)(C=C)OC(=O)C)C,CC(=CCCC(C)(C=C)O)C,linalyl acetate,linalool,Homo sapiens,hOR2L3,440.0,,0.0,False,True,False,,,A untested / B tested,Low,,https://doi.org/10.1038/sdata.2015.2,Multiple CAS hits; exact SMILES used to disambiguate.,a_untested,human_only,43
PAIR_0043,115-95-7__78-70-6,115-95-7,78-70-6,CC(=CCCC(C)(C=C)OC(=O)C)C,CC(=CCCC(C)(C=C)O)C,linalyl acetate,linalool,Homo sapiens,hOR2L5 | OR2L5,489.0,,0.0,False,True,False,,,A untested / B tested,Medium,,https://doi.org/10.1038/sdata.2015.2 | https://doi.org/10.1371/journal.pone.0267356,Multiple CAS hits; exact SMILES used to disambiguate.,a_untested,human_only,43
PAIR_0043,115-95-7__78-70-6,115-95-7,78-70-6,CC(=CCCC(C)(C=C)OC(=O)C)C,CC(=CCCC(C)(C=C)O)C,linalyl acetate,linalool,Homo sapiens,hOR2L8,429.0,,0.0,False,True,False,,,A untested / B tested,Low,,https://doi.org/10.1038/sdata.2015.2,Multiple CAS hits; exact SMILES used to disambiguate.,a_untested,human_only,43
PAIR_0043,115-95-7__78-70-6,115-95-7,78-70-6,CC(=CCCC(C)(C=C)OC(=O)C)C,CC(=CCCC(C)(C=C)O)C,linalyl acetate,linalool,Homo sapiens,hOR2M3 | OR2M3,40.0,,0.0,False,True,False,,,A untested / B tested,Medium,,https://doi.org/10.1038/sdata.2015.2 | https://doi.org/10.1093/chemse/bjw118 | https://doi.org/10.1371/journal.pone.0267356,Multiple CAS hits; exact SMILES used to disambiguate.,a_untested,human_only,43
PAIR_0043,115-95-7__78-70-6,115-95-7,78-70-6,CC(=CCCC(C)(C=C)OC(=O)C)C,CC(=CCCC(C)(C=C)O)C,linalyl acetate,linalool,Homo sapiens,hOR2M4,39.0,0.0,0.0,True,True,True,1.0,0.0,both non-responsive,Medium,https://doi.org/10.3389/fphar.2015.00035,https://doi.org/10.1038/sdata.2015.2 | https://doi.org/10.3389/fphar.2015.00035 | https://doi.org/10.1371/journal.pone.0267356,Multiple CAS hits; exact SMILES used to disambiguate.,,human_only,43
PAIR_0043,115-95-7__78-70-6,115-95-7,78-70-6,CC(=CCCC(C)(C=C)OC(=O)C)C,CC(=CCCC(C)(C=C)O)C,linalyl acetate,linalool,Homo sapiens,hOR2M5,128.0,,0.0,False,True,False,,,A untested / B tested,Low,,https://doi.org/10.1038/sdata.2015.2,Multiple CAS hits; exact SMILES used to disambiguate.,a_untested,human_only,43
PAIR_0043,115-95-7__78-70-6,115-95-7,78-70-6,CC(=CCCC(C)(C=C)OC(=O)C)C,CC(=CCCC(C)(C=C)O)C,linalyl acetate,linalool,Homo sapiens,hOR2M7 | OR2M7,284.0,,0.0,False,True,False,,,A untested / B tested,Medium,,https://doi.org/10.1038/sdata.2015.2 | https://doi.org/10.1371/journal.pone.0267356,Multiple CAS hits; exact SMILES used to disambiguate.,a_untested,human_only,43
PAIR_0043,115-95-7__78-70-6,115-95-7,78-70-6,CC(=CCCC(C)(C=C)OC(=O)C)C,CC(=CCCC(C)(C=C)O)C,linalyl acetate,linalool,Homo sapiens,hOR2S2,381.0,,0.0,False,True,False,,,A untested / B tested,Low,,https://doi.org/10.1038/sdata.2015.2,Multiple CAS hits; exact SMILES used to disambiguate.,a_untested,human_only,43
PAIR_0043,115-95-7__78-70-6,115-95-7,78-70-6,CC(=CCCC(C)(C=C)OC(=O)C)C,CC(=CCCC(C)(C=C)O)C,linalyl acetate,linalool,Homo sapiens,hOR2T10,36.0,0.0,0.0,True,True,True,1.0,0.0,both non-responsive,Medium,https://doi.org/10.3389/fphar.2015.00035,https://doi.org/10.1038/sdata.2015.2 | https://doi.org/10.3389/fphar.2015.00035 | https://doi.org/10.1371/journal.pone.0267356,Multiple CAS hits; exact SMILES used to disambiguate.,,human_only,43
PAIR_0043,115-95-7__78-70-6,115-95-7,78-70-6,CC(=CCCC(C)(C=C)OC(=O)C)C,CC(=CCCC(C)(C=C)O)C,linalyl acetate,linalool,Homo sapiens,hOR2T2,471.0,,0.0,False,True,False,,,A untested / B tested,Low,,https://doi.org/10.1038/sdata.2015.2,Multiple CAS hits; exact SMILES used to disambiguate.,a_untested,human_only,43
PAIR_0043,115-95-7__78-70-6,115-95-7,78-70-6,CC(=CCCC(C)(C=C)OC(=O)C)C,CC(=CCCC(C)(C=C)O)C,linalyl acetate,linalool,Homo sapiens,hOR2T29,455.0,,0.0,False,True,False,,,A untested / B tested,Low,,https://doi.org/10.1038/sdata.2015.2,Multiple CAS hits; exact SMILES used to disambiguate.,a_untested,human_only,43
PAIR_0043,115-95-7__78-70-6,115-95-7,78-70-6,CC(=CCCC(C)(C=C)OC(=O)C)C,CC(=CCCC(C)(C=C)O)C,linalyl acetate,linalool,Homo sapiens,hOR2T3 | OR2T3,317.0,,0.0,False,True,False,,,A untested / B tested,Medium,,https://doi.org/10.1038/sdata.2015.2 | https://doi.org/10.1371/journal.pone.0267356,Multiple CAS hits; exact SMILES used to disambiguate.,a_untested,human_only,43
PAIR_0043,115-95-7__78-70-6,115-95-7,78-70-6,CC(=CCCC(C)(C=C)OC(=O)C)C,CC(=CCCC(C)(C=C)O)C,linalyl acetate,linalool,Homo sapiens,hOR2T34,677.0,0.0,0.0,True,True,True,1.0,0.0,both non-responsive,Medium,https://doi.org/10.3389/fphar.2015.00035,https://doi.org/10.3389/fphar.2015.00035 | https://doi.org/10.1371/journal.pone.0267356,Multiple CAS hits; exact SMILES used to disambiguate.,,human_only,43
PAIR_0043,115-95-7__78-70-6,115-95-7,78-70-6,CC(=CCCC(C)(C=C)OC(=O)C)C,CC(=CCCC(C)(C=C)O)C,linalyl acetate,linalool,Homo sapiens,hOR2T4,276.0,,0.0,False,True,False,,,A untested / B tested,Low,,https://doi.org/10.1038/sdata.2015.2,Multiple CAS hits; exact SMILES used to disambiguate.,a_untested,human_only,43
PAIR_0043,115-95-7__78-70-6,115-95-7,78-70-6,CC(=CCCC(C)(C=C)OC(=O)C)C,CC(=CCCC(C)(C=C)O)C,linalyl acetate,linalool,Homo sapiens,hOR2T5,22.0,,0.0,False,True,False,,,A untested / B tested,Low,,https://doi.org/10.1038/sdata.2015.2,Multiple CAS hits; exact SMILES used to disambiguate.,a_untested,human_only,43
PAIR_0043,115-95-7__78-70-6,115-95-7,78-70-6,CC(=CCCC(C)(C=C)OC(=O)C)C,CC(=CCCC(C)(C=C)O)C,linalyl acetate,linalool,Homo sapiens,hOR2T8,478.0,,0.0,False,True,False,,,A untested / B tested,Low,,https://doi.org/10.1038/sdata.2015.2,Multiple CAS hits; exact SMILES used to disambiguate.,a_untested,human_only,43
PAIR_0043,115-95-7__78-70-6,115-95-7,78-70-6,CC(=CCCC(C)(C=C)OC(=O)C)C,CC(=CCCC(C)(C=C)O)C,linalyl acetate,linalool,Homo sapiens,hOR2V1,503.0,,0.0,False,True,False,,,A untested / B tested,Low,,https://doi.org/10.1038/sdata.2015.2,Multiple CAS hits; exact SMILES used to disambiguate.,a_untested,human_only,43
PAIR_0043,115-95-7__78-70-6,115-95-7,78-70-6,CC(=CCCC(C)(C=C)OC(=O)C)C,CC(=CCCC(C)(C=C)O)C,linalyl acetate,linalool,Homo sapiens,hOR2W1 | OR2W1,51.0,,1.0,False,True,False,,,A untested / B tested,Medium,,https://doi.org/10.1038/sdata.2015.2 | https://doi.org/10.1016/j.foodchem.2021.131680 | https://doi.org/10.1093/chemse/bjw117 | https://doi.org/10.1371/journal.pone.0267356,Multiple CAS hits; exact SMILES used to disambiguate.,a_untested,human_only,43
PAIR_0043,115-95-7__78-70-6,115-95-7,78-70-6,CC(=CCCC(C)(C=C)OC(=O)C)C,CC(=CCCC(C)(C=C)O)C,linalyl acetate,linalool,Homo sapiens,hOR2W5 | OR2W5,422.0,,0.0,False,True,False,,,A untested / B tested,Medium,,https://doi.org/10.1038/sdata.2015.2 | https://doi.org/10.1371/journal.pone.0267356,Multiple CAS hits; exact SMILES used to disambiguate.,a_untested,human_only,43
PAIR_0043,115-95-7__78-70-6,115-95-7,78-70-6,CC(=CCCC(C)(C=C)OC(=O)C)C,CC(=CCCC(C)(C=C)O)C,linalyl acetate,linalool,Homo sapiens,hOR2Z1 | OR2Z1,243.0,,0.0,False,True,False,,,A untested / B tested,Medium,,https://doi.org/10.1038/sdata.2015.2 | https://doi.org/10.1371/journal.pone.0267356,Multiple CAS hits; exact SMILES used to disambiguate.,a_untested,human_only,43
PAIR_0043,115-95-7__78-70-6,115-95-7,78-70-6,CC(=CCCC(C)(C=C)OC(=O)C)C,CC(=CCCC(C)(C=C)O)C,linalyl acetate,linalool,Homo sapiens,hOR3A1 | OR3A1,483.0,,0.0,False,True,False,,,A untested / B tested,Medium,,https://doi.org/10.1038/sdata.2015.2 | https://doi.org/10.1371/journal.pone.0267356,Multiple CAS hits; exact SMILES used to disambiguate.,a_untested,human_only,43
PAIR_0043,115-95-7__78-70-6,115-95-7,78-70-6,CC(=CCCC(C)(C=C)OC(=O)C)C,CC(=CCCC(C)(C=C)O)C,linalyl acetate,linalool,Homo sapiens,hOR3A2 | OR3A2,238.0,,0.0,False,True,False,,,A untested / B tested,Medium,,https://doi.org/10.1038/sdata.2015.2 | https://doi.org/10.1371/journal.pone.0267356,Multiple CAS hits; exact SMILES used to disambiguate.,a_untested,human_only,43
PAIR_0043,115-95-7__78-70-6,115-95-7,78-70-6,CC(=CCCC(C)(C=C)OC(=O)C)C,CC(=CCCC(C)(C=C)O)C,linalyl acetate,linalool,Homo sapiens,hOR3A3,457.0,,0.0,False,True,False,,,A untested / B tested,Low,,https://doi.org/10.1038/sdata.2015.2,Multiple CAS hits; exact SMILES used to disambiguate.,a_untested,human_only,43
PAIR_0043,115-95-7__78-70-6,115-95-7,78-70-6,CC(=CCCC(C)(C=C)OC(=O)C)C,CC(=CCCC(C)(C=C)O)C,linalyl acetate,linalool,Homo sapiens,hOR4A16 | OR4A16,432.0,,0.0,False,True,False,,,A untested / B tested,Medium,,https://doi.org/10.1038/sdata.2015.2 | https://doi.org/10.1371/journal.pone.0267356,Multiple CAS hits; exact SMILES used to disambiguate.,a_untested,human_only,43
PAIR_0043,115-95-7__78-70-6,115-95-7,78-70-6,CC(=CCCC(C)(C=C)OC(=O)C)C,CC(=CCCC(C)(C=C)O)C,linalyl acetate,linalool,Homo sapiens,hOR4A4,425.0,,0.0,False,True,False,,,A untested / B tested,Low,,https://doi.org/10.1038/sdata.2015.2,Multiple CAS hits; exact SMILES used to disambiguate.,a_untested,human_only,43
PAIR_0043,115-95-7__78-70-6,115-95-7,78-70-6,CC(=CCCC(C)(C=C)OC(=O)C)C,CC(=CCCC(C)(C=C)O)C,linalyl acetate,linalool,Homo sapiens,hOR4A5 | OR4A5,484.0,,0.0,False,True,False,,,A untested / B tested,Medium,,https://doi.org/10.1038/sdata.2015.2 | https://doi.org/10.1371/journal.pone.0267356,Multiple CAS hits; exact SMILES used to disambiguate.,a_untested,human_only,43
PAIR_0043,115-95-7__78-70-6,115-95-7,78-70-6,CC(=CCCC(C)(C=C)OC(=O)C)C,CC(=CCCC(C)(C=C)O)C,linalyl acetate,linalool,Homo sapiens,hOR4B1 | OR4B1,153.0,,0.0,False,True,False,,,A untested / B tested,Medium,,https://doi.org/10.1038/sdata.2015.2 | https://doi.org/10.1371/journal.pone.0267356,Multiple CAS hits; exact SMILES used to disambiguate.,a_untested,human_only,43
PAIR_0043,115-95-7__78-70-6,115-95-7,78-70-6,CC(=CCCC(C)(C=C)OC(=O)C)C,CC(=CCCC(C)(C=C)O)C,linalyl acetate,linalool,Homo sapiens,hOR4C11 | OR4C11,203.0,,0.0,False,True,False,,,A untested / B tested,Medium,,https://doi.org/10.1038/sdata.2015.2 | https://doi.org/10.1371/journal.pone.0267356,Multiple CAS hits; exact SMILES used to disambiguate.,a_untested,human_only,43
PAIR_0043,115-95-7__78-70-6,115-95-7,78-70-6,CC(=CCCC(C)(C=C)OC(=O)C)C,CC(=CCCC(C)(C=C)O)C,linalyl acetate,linalool,Homo sapiens,hOR4C15,370.0,,0.0,False,True,False,,,A untested / B tested,Medium,,https://doi.org/10.1038/sdata.2015.2,Multiple CAS hits; exact SMILES used to disambiguate.,a_untested,human_only,43
PAIR_0043,115-95-7__78-70-6,115-95-7,78-70-6,CC(=CCCC(C)(C=C)OC(=O)C)C,CC(=CCCC(C)(C=C)O)C,linalyl acetate,linalool,Homo sapiens,hOR4C3,236.0,,0.0,False,True,False,,,A untested / B tested,Low,,https://doi.org/10.1038/sdata.2015.2,Multiple CAS hits; exact SMILES used to disambiguate.,a_untested,human_only,43
PAIR_0043,115-95-7__78-70-6,115-95-7,78-70-6,CC(=CCCC(C)(C=C)OC(=O)C)C,CC(=CCCC(C)(C=C)O)C,linalyl acetate,linalool,Homo sapiens,hOR4C3 | OR4C3,397.0,,0.0,False,True,False,,,A untested / B tested,Medium,,https://doi.org/10.1038/sdata.2015.2 | https://doi.org/10.1371/journal.pone.0267356,Multiple CAS hits; exact SMILES used to disambiguate.,a_untested,human_only,43
PAIR_0043,115-95-7__78-70-6,115-95-7,78-70-6,CC(=CCCC(C)(C=C)OC(=O)C)C,CC(=CCCC(C)(C=C)O)C,linalyl acetate,linalool,Homo sapiens,hOR4C5,251.0,,0.0,False,True,False,,,A untested / B tested,Low,,https://doi.org/10.1038/sdata.2015.2,Multiple CAS hits; exact SMILES used to disambiguate.,a_untested,human_only,43
PAIR_0043,115-95-7__78-70-6,115-95-7,78-70-6,CC(=CCCC(C)(C=C)OC(=O)C)C,CC(=CCCC(C)(C=C)O)C,linalyl acetate,linalool,Homo sapiens,hOR4C6 | OR4C6,188.0,,0.0,False,True,False,,,A untested / B tested,Medium,,https://doi.org/10.1038/sdata.2015.2 | https://doi.org/10.1371/journal.pone.0267356,Multiple CAS hits; exact SMILES used to disambiguate.,a_untested,human_only,43
PAIR_0043,115-95-7__78-70-6,115-95-7,78-70-6,CC(=CCCC(C)(C=C)OC(=O)C)C,CC(=CCCC(C)(C=C)O)C,linalyl acetate,linalool,Homo sapiens,hOR4D1,259.0,,0.0,False,True,False,,,A untested / B tested,Low,,https://doi.org/10.1038/sdata.2015.2,Multiple CAS hits; exact SMILES used to disambiguate.,a_untested,human_only,43
PAIR_0043,115-95-7__78-70-6,115-95-7,78-70-6,CC(=CCCC(C)(C=C)OC(=O)C)C,CC(=CCCC(C)(C=C)O)C,linalyl acetate,linalool,Homo sapiens,hOR4D10 | OR4D10,139.0,,0.0,False,True,False,,,A untested / B tested,Medium,,https://doi.org/10.1038/sdata.2015.2 | https://doi.org/10.1371/journal.pone.0267356,Multiple CAS hits; exact SMILES used to disambiguate.,a_untested,human_only,43
PAIR_0043,115-95-7__78-70-6,115-95-7,78-70-6,CC(=CCCC(C)(C=C)OC(=O)C)C,CC(=CCCC(C)(C=C)O)C,linalyl acetate,linalool,Homo sapiens,hOR4D11 | OR4D11,202.0,,0.0,False,True,False,,,A untested / B tested,Medium,,https://doi.org/10.1038/sdata.2015.2 | https://doi.org/10.1371/journal.pone.0267356,Multiple CAS hits; exact SMILES used to disambiguate.,a_untested,human_only,43
PAIR_0043,115-95-7__78-70-6,115-95-7,78-70-6,CC(=CCCC(C)(C=C)OC(=O)C)C,CC(=CCCC(C)(C=C)O)C,linalyl acetate,linalool,Homo sapiens,hOR4D5 | OR4D5,94.0,,0.0,False,True,False,,,A untested / B tested,Medium,,https://doi.org/10.1038/sdata.2015.2 | https://doi.org/10.1371/journal.pone.0267356,Multiple CAS hits; exact SMILES used to disambiguate.,a_untested,human_only,43
PAIR_0043,115-95-7__78-70-6,115-95-7,78-70-6,CC(=CCCC(C)(C=C)OC(=O)C)C,CC(=CCCC(C)(C=C)O)C,linalyl acetate,linalool,Homo sapiens,hOR4D9 | OR4D9,180.0,,0.0,False,True,False,,,A untested / B tested,Medium,,https://doi.org/10.1038/sdata.2015.2 | https://doi.org/10.1371/journal.pone.0267356,Multiple CAS hits; exact SMILES used to disambiguate.,a_untested,human_only,43
PAIR_0043,115-95-7__78-70-6,115-95-7,78-70-6,CC(=CCCC(C)(C=C)OC(=O)C)C,CC(=CCCC(C)(C=C)O)C,linalyl acetate,linalool,Homo sapiens,hOR4F15 | OR4F15,356.0,,0.0,False,True,False,,,A untested / B tested,Medium,,https://doi.org/10.1038/sdata.2015.2 | https://doi.org/10.1371/journal.pone.0267356,Multiple CAS hits; exact SMILES used to disambiguate.,a_untested,human_only,43
PAIR_0043,115-95-7__78-70-6,115-95-7,78-70-6,CC(=CCCC(C)(C=C)OC(=O)C)C,CC(=CCCC(C)(C=C)O)C,linalyl acetate,linalool,Homo sapiens,hOR4F16 | OR4F3 | OR4F16 | OR4F29,45.0,,0.0,False,True,False,,,A untested / B tested,Medium,,https://doi.org/10.1038/sdata.2015.2 | https://doi.org/10.1371/journal.pone.0267356,Multiple CAS hits; exact SMILES used to disambiguate.,a_untested,human_only,43
PAIR_0043,115-95-7__78-70-6,115-95-7,78-70-6,CC(=CCCC(C)(C=C)OC(=O)C)C,CC(=CCCC(C)(C=C)O)C,linalyl acetate,linalool,Homo sapiens,hOR4F17,122.0,,0.0,False,True,False,,,A untested / B tested,Low,,https://doi.org/10.1038/sdata.2015.2,Multiple CAS hits; exact SMILES used to disambiguate.,a_untested,human_only,43
PAIR_0043,115-95-7__78-70-6,115-95-7,78-70-6,CC(=CCCC(C)(C=C)OC(=O)C)C,CC(=CCCC(C)(C=C)O)C,linalyl acetate,linalool,Homo sapiens,hOR4F21,481.0,,0.0,False,True,False,,,A untested / B tested,Low,,https://doi.org/10.1038/sdata.2015.2,Multiple CAS hits; exact SMILES used to disambiguate.,a_untested,human_only,43
PAIR_0043,115-95-7__78-70-6,115-95-7,78-70-6,CC(=CCCC(C)(C=C)OC(=O)C)C,CC(=CCCC(C)(C=C)O)C,linalyl acetate,linalool,Homo sapiens,hOR4F4,464.0,,0.0,False,True,False,,,A untested / B tested,Low,,https://doi.org/10.1038/sdata.2015.2,Multiple CAS hits; exact SMILES used to disambiguate.,a_untested,human_only,43
PAIR_0043,115-95-7__78-70-6,115-95-7,78-70-6,CC(=CCCC(C)(C=C)OC(=O)C)C,CC(=CCCC(C)(C=C)O)C,linalyl acetate,linalool,Homo sapiens,hOR4F5,466.0,,0.0,False,True,False,,,A untested / B tested,Low,,https://doi.org/10.1038/sdata.2015.2,Multiple CAS hits; exact SMILES used to disambiguate.,a_untested,human_only,43
PAIR_0043,115-95-7__78-70-6,115-95-7,78-70-6,CC(=CCCC(C)(C=C)OC(=O)C)C,CC(=CCCC(C)(C=C)O)C,linalyl acetate,linalool,Homo sapiens,hOR4F6 | OR4F6,450.0,,0.0,False,True,False,,,A untested / B tested,Medium,,https://doi.org/10.1038/sdata.2015.2 | https://doi.org/10.1371/journal.pone.0267356,Multiple CAS hits; exact SMILES used to disambiguate.,a_untested,human_only,43
PAIR_0043,115-95-7__78-70-6,115-95-7,78-70-6,CC(=CCCC(C)(C=C)OC(=O)C)C,CC(=CCCC(C)(C=C)O)C,linalyl acetate,linalool,Homo sapiens,hOR4K13 | OR4K13,220.0,,0.0,False,True,False,,,A untested / B tested,Medium,,https://doi.org/10.1038/sdata.2015.2 | https://doi.org/10.1371/journal.pone.0267356,Multiple CAS hits; exact SMILES used to disambiguate.,a_untested,human_only,43
PAIR_0043,115-95-7__78-70-6,115-95-7,78-70-6,CC(=CCCC(C)(C=C)OC(=O)C)C,CC(=CCCC(C)(C=C)O)C,linalyl acetate,linalool,Homo sapiens,hOR4K14 | OR4K14,229.0,,0.0,False,True,False,,,A untested / B tested,Medium,,https://doi.org/10.1038/sdata.2015.2 | https://doi.org/10.1371/journal.pone.0267356,Multiple CAS hits; exact SMILES used to disambiguate.,a_untested,human_only,43
PAIR_0043,115-95-7__78-70-6,115-95-7,78-70-6,CC(=CCCC(C)(C=C)OC(=O)C)C,CC(=CCCC(C)(C=C)O)C,linalyl acetate,linalool,Homo sapiens,hOR4K17,340.0,,0.0,False,True,False,,,A untested / B tested,Low,,https://doi.org/10.1038/sdata.2015.2,Multiple CAS hits; exact SMILES used to disambiguate.,a_untested,human_only,43
PAIR_0043,115-95-7__78-70-6,115-95-7,78-70-6,CC(=CCCC(C)(C=C)OC(=O)C)C,CC(=CCCC(C)(C=C)O)C,linalyl acetate,linalool,Homo sapiens,hOR4K2 | OR4K2,214.0,,0.0,False,True,False,,,A untested / B tested,Medium,,https://doi.org/10.1038/sdata.2015.2 | https://doi.org/10.1371/journal.pone.0267356,Multiple CAS hits; exact SMILES used to disambiguate.,a_untested,human_only,43
PAIR_0043,115-95-7__78-70-6,115-95-7,78-70-6,CC(=CCCC(C)(C=C)OC(=O)C)C,CC(=CCCC(C)(C=C)O)C,linalyl acetate,linalool,Homo sapiens,hOR4K3,215.0,,0.0,False,True,False,,,A untested / B tested,Low,,https://doi.org/10.1038/sdata.2015.2,Multiple CAS hits; exact SMILES used to disambiguate.,a_untested,human_only,43
PAIR_0043,115-95-7__78-70-6,115-95-7,78-70-6,CC(=CCCC(C)(C=C)OC(=O)C)C,CC(=CCCC(C)(C=C)O)C,linalyl acetate,linalool,Homo sapiens,hOR4K5,216.0,,0.0,False,True,False,,,A untested / B tested,Low,,https://doi.org/10.1038/sdata.2015.2,Multiple CAS hits; exact SMILES used to disambiguate.,a_untested,human_only,43
PAIR_0043,115-95-7__78-70-6,115-95-7,78-70-6,CC(=CCCC(C)(C=C)OC(=O)C)C,CC(=CCCC(C)(C=C)O)C,linalyl acetate,linalool,Homo sapiens,hOR4M1 | OR4M1,470.0,,0.0,False,True,False,,,A untested / B tested,Medium,,https://doi.org/10.1038/sdata.2015.2 | https://doi.org/10.1371/journal.pone.0267356,Multiple CAS hits; exact SMILES used to disambiguate.,a_untested,human_only,43
PAIR_0043,115-95-7__78-70-6,115-95-7,78-70-6,CC(=CCCC(C)(C=C)OC(=O)C)C,CC(=CCCC(C)(C=C)O)C,linalyl acetate,linalool,Homo sapiens,hOR4M2,231.0,,0.0,False,True,False,,,A untested / B tested,Low,,https://doi.org/10.1038/sdata.2015.2,Multiple CAS hits; exact SMILES used to disambiguate.,a_untested,human_only,43
PAIR_0043,115-95-7__78-70-6,115-95-7,78-70-6,CC(=CCCC(C)(C=C)OC(=O)C)C,CC(=CCCC(C)(C=C)O)C,linalyl acetate,linalool,Homo sapiens,hOR4N2 | OR4N2,222.0,,0.0,False,True,False,,,A untested / B tested,Medium,,https://doi.org/10.1038/sdata.2015.2 | https://doi.org/10.1371/journal.pone.0267356,Multiple CAS hits; exact SMILES used to disambiguate.,a_untested,human_only,43
PAIR_0043,115-95-7__78-70-6,115-95-7,78-70-6,CC(=CCCC(C)(C=C)OC(=O)C)C,CC(=CCCC(C)(C=C)O)C,linalyl acetate,linalool,Homo sapiens,hOR4N4 | OR4N4,230.0,,0.0,False,True,False,,,A untested / B tested,Medium,,https://doi.org/10.1038/sdata.2015.2 | https://doi.org/10.1371/journal.pone.0267356,Multiple CAS hits; exact SMILES used to disambiguate.,a_untested,human_only,43
PAIR_0043,115-95-7__78-70-6,115-95-7,78-70-6,CC(=CCCC(C)(C=C)OC(=O)C)C,CC(=CCCC(C)(C=C)O)C,linalyl acetate,linalool,Homo sapiens,hOR4N5 | OR4N5,217.0,,0.0,False,True,False,,,A untested / B tested,Medium,,https://doi.org/10.1038/sdata.2015.2 | https://doi.org/10.1371/journal.pone.0267356,Multiple CAS hits; exact SMILES used to disambiguate.,a_untested,human_only,43
PAIR_0043,115-95-7__78-70-6,115-95-7,78-70-6,CC(=CCCC(C)(C=C)OC(=O)C)C,CC(=CCCC(C)(C=C)O)C,linalyl acetate,linalool,Homo sapiens,hOR4P4,109.0,,0.0,False,True,False,,,A untested / B tested,Low,,https://doi.org/10.1038/sdata.2015.2,Multiple CAS hits; exact SMILES used to disambiguate.,a_untested,human_only,43
PAIR_0043,115-95-7__78-70-6,115-95-7,78-70-6,CC(=CCCC(C)(C=C)OC(=O)C)C,CC(=CCCC(C)(C=C)O)C,linalyl acetate,linalool,Homo sapiens,hOR4Q3 | OR4Q3,333.0,,0.0,False,True,False,,,A untested / B tested,Medium,,https://doi.org/10.1038/sdata.2015.2 | https://doi.org/10.1371/journal.pone.0267356,Multiple CAS hits; exact SMILES used to disambiguate.,a_untested,human_only,43
PAIR_0043,115-95-7__78-70-6,115-95-7,78-70-6,CC(=CCCC(C)(C=C)OC(=O)C)C,CC(=CCCC(C)(C=C)O)C,linalyl acetate,linalool,Homo sapiens,hOR4S1 | OR4S1,235.0,,0.0,False,True,False,,,A untested / B tested,Medium,,https://doi.org/10.1038/sdata.2015.2 | https://doi.org/10.1371/journal.pone.0267356,Multiple CAS hits; exact SMILES used to disambiguate.,a_untested,human_only,43
PAIR_0043,115-95-7__78-70-6,115-95-7,78-70-6,CC(=CCCC(C)(C=C)OC(=O)C)C,CC(=CCCC(C)(C=C)O)C,linalyl acetate,linalool,Homo sapiens,hOR4S2 | OR4S2,140.0,,0.0,False,True,False,,,A untested / B tested,Medium,,https://doi.org/10.1038/sdata.2015.2 | https://doi.org/10.1371/journal.pone.0267356,Multiple CAS hits; exact SMILES used to disambiguate.,a_untested,human_only,43
PAIR_0043,115-95-7__78-70-6,115-95-7,78-70-6,CC(=CCCC(C)(C=C)OC(=O)C)C,CC(=CCCC(C)(C=C)O)C,linalyl acetate,linalool,Homo sapiens,hOR4X2 | OR4X2,157.0,,0.0,False,True,False,,,A untested / B tested,Medium,,https://doi.org/10.1038/sdata.2015.2 | https://doi.org/10.1371/journal.pone.0267356,Multiple CAS hits; exact SMILES used to disambiguate.,a_untested,human_only,43
PAIR_0043,115-95-7__78-70-6,115-95-7,78-70-6,CC(=CCCC(C)(C=C)OC(=O)C)C,CC(=CCCC(C)(C=C)O)C,linalyl acetate,linalool,Homo sapiens,hOR51A2 | OR51A2,479.0,,0.0,False,True,False,,,A untested / B tested,Medium,,https://doi.org/10.1038/sdata.2015.2 | https://doi.org/10.1371/journal.pone.0267356,Multiple CAS hits; exact SMILES used to disambiguate.,a_untested,human_only,43
PAIR_0043,115-95-7__78-70-6,115-95-7,78-70-6,CC(=CCCC(C)(C=C)OC(=O)C)C,CC(=CCCC(C)(C=C)O)C,linalyl acetate,linalool,Homo sapiens,hOR51B2 | OR51B2,459.0,,0.0,False,True,False,,,A untested / B tested,Medium,,https://doi.org/10.1038/sdata.2015.2 | https://doi.org/10.1371/journal.pone.0267356,Multiple CAS hits; exact SMILES used to disambiguate.,a_untested,human_only,43
PAIR_0043,115-95-7__78-70-6,115-95-7,78-70-6,CC(=CCCC(C)(C=C)OC(=O)C)C,CC(=CCCC(C)(C=C)O)C,linalyl acetate,linalool,Homo sapiens,hOR51B5,461.0,,0.0,False,True,False,,,A untested / B tested,Low,,https://doi.org/10.1038/sdata.2015.2,Multiple CAS hits; exact SMILES used to disambiguate.,a_untested,human_only,43
PAIR_0043,115-95-7__78-70-6,115-95-7,78-70-6,CC(=CCCC(C)(C=C)OC(=O)C)C,CC(=CCCC(C)(C=C)O)C,linalyl acetate,linalool,Homo sapiens,hOR51B6,462.0,,0.0,False,True,False,,,A untested / B tested,Low,,https://doi.org/10.1038/sdata.2015.2,Multiple CAS hits; exact SMILES used to disambiguate.,a_untested,human_only,43
PAIR_0043,115-95-7__78-70-6,115-95-7,78-70-6,CC(=CCCC(C)(C=C)OC(=O)C)C,CC(=CCCC(C)(C=C)O)C,linalyl acetate,linalool,Homo sapiens,hOR51D1 | OR51D1,169.0,,0.0,False,True,False,,,A untested / B tested,Medium,,https://doi.org/10.1038/sdata.2015.2 | https://doi.org/10.1371/journal.pone.0267356,Multiple CAS hits; exact SMILES used to disambiguate.,a_untested,human_only,43
PAIR_0043,115-95-7__78-70-6,115-95-7,78-70-6,CC(=CCCC(C)(C=C)OC(=O)C)C,CC(=CCCC(C)(C=C)O)C,linalyl acetate,linalool,Homo sapiens,hOR51E1,100.0,,0.0,False,True,False,,,A untested / B tested,Medium,,https://doi.org/10.1038/sdata.2015.2,Multiple CAS hits; exact SMILES used to disambiguate.,a_untested,human_only,43
PAIR_0043,115-95-7__78-70-6,115-95-7,78-70-6,CC(=CCCC(C)(C=C)OC(=O)C)C,CC(=CCCC(C)(C=C)O)C,linalyl acetate,linalool,Homo sapiens,hOR51E2 | OR51E2,168.0,,0.0,False,True,False,,,A untested / B tested,Medium,,https://doi.org/10.1038/sdata.2015.2 | https://doi.org/10.1371/journal.pone.0267356,Multiple CAS hits; exact SMILES used to disambiguate.,a_untested,human_only,43
PAIR_0043,115-95-7__78-70-6,115-95-7,78-70-6,CC(=CCCC(C)(C=C)OC(=O)C)C,CC(=CCCC(C)(C=C)O)C,linalyl acetate,linalool,Homo sapiens,hOR51F1,485.0,,0.0,False,True,False,,,A untested / B tested,Low,,https://doi.org/10.1038/sdata.2015.2,Multiple CAS hits; exact SMILES used to disambiguate.,a_untested,human_only,43
PAIR_0043,115-95-7__78-70-6,115-95-7,78-70-6,CC(=CCCC(C)(C=C)OC(=O)C)C,CC(=CCCC(C)(C=C)O)C,linalyl acetate,linalool,Homo sapiens,hOR51F2,266.0,,0.0,False,True,False,,,A untested / B tested,Low,,https://doi.org/10.1038/sdata.2015.2,Multiple CAS hits; exact SMILES used to disambiguate.,a_untested,human_only,43
PAIR_0043,115-95-7__78-70-6,115-95-7,78-70-6,CC(=CCCC(C)(C=C)OC(=O)C)C,CC(=CCCC(C)(C=C)O)C,linalyl acetate,linalool,Homo sapiens,hOR51G1 | OR51G1,126.0,,0.0,False,True,False,,,A untested / B tested,Medium,,https://doi.org/10.1038/sdata.2015.2 | https://doi.org/10.1371/journal.pone.0267356,Multiple CAS hits; exact SMILES used to disambiguate.,a_untested,human_only,43
PAIR_0043,115-95-7__78-70-6,115-95-7,78-70-6,CC(=CCCC(C)(C=C)OC(=O)C)C,CC(=CCCC(C)(C=C)O)C,linalyl acetate,linalool,Homo sapiens,hOR51G2,165.0,,0.0,False,True,False,,,A untested / B tested,Low,,https://doi.org/10.1038/sdata.2015.2,Multiple CAS hits; exact SMILES used to disambiguate.,a_untested,human_only,43
PAIR_0043,115-95-7__78-70-6,115-95-7,78-70-6,CC(=CCCC(C)(C=C)OC(=O)C)C,CC(=CCCC(C)(C=C)O)C,linalyl acetate,linalool,Homo sapiens,hOR51H1,149.0,,0.0,False,True,False,,,A untested / B tested,Low,,https://doi.org/10.1038/sdata.2015.2,Multiple CAS hits; exact SMILES used to disambiguate.,a_untested,human_only,43
PAIR_0043,115-95-7__78-70-6,115-95-7,78-70-6,CC(=CCCC(C)(C=C)OC(=O)C)C,CC(=CCCC(C)(C=C)O)C,linalyl acetate,linalool,Homo sapiens,hOR51I1 | OR51I1,463.0,,0.0,False,True,False,,,A untested / B tested,Medium,,https://doi.org/10.1038/sdata.2015.2 | https://doi.org/10.1371/journal.pone.0267356,Multiple CAS hits; exact SMILES used to disambiguate.,a_untested,human_only,43
PAIR_0043,115-95-7__78-70-6,115-95-7,78-70-6,CC(=CCCC(C)(C=C)OC(=O)C)C,CC(=CCCC(C)(C=C)O)C,linalyl acetate,linalool,Homo sapiens,hOR51I2 | OR51I2,104.0,,0.0,False,True,False,,,A untested / B tested,Medium,,https://doi.org/10.1038/sdata.2015.2 | https://doi.org/10.1371/journal.pone.0267356,Multiple CAS hits; exact SMILES used to disambiguate.,a_untested,human_only,43
PAIR_0043,115-95-7__78-70-6,115-95-7,78-70-6,CC(=CCCC(C)(C=C)OC(=O)C)C,CC(=CCCC(C)(C=C)O)C,linalyl acetate,linalool,Homo sapiens,hOR51L1 | OR51L1,447.0,,0.0,False,True,False,,,A untested / B tested,Medium,,https://doi.org/10.1038/sdata.2015.2 | https://doi.org/10.1371/journal.pone.0267356,Multiple CAS hits; exact SMILES used to disambiguate.,a_untested,human_only,43
PAIR_0043,115-95-7__78-70-6,115-95-7,78-70-6,CC(=CCCC(C)(C=C)OC(=O)C)C,CC(=CCCC(C)(C=C)O)C,linalyl acetate,linalool,Homo sapiens,hOR51Q1,154.0,,0.0,False,True,False,,,A untested / B tested,Low,,https://doi.org/10.1038/sdata.2015.2,Multiple CAS hits; exact SMILES used to disambiguate.,a_untested,human_only,43
PAIR_0043,115-95-7__78-70-6,115-95-7,78-70-6,CC(=CCCC(C)(C=C)OC(=O)C)C,CC(=CCCC(C)(C=C)O)C,linalyl acetate,linalool,Homo sapiens,hOR51S1 | OR51S1,491.0,,0.0,False,True,False,,,A untested / B tested,Medium,,https://doi.org/10.1038/sdata.2015.2 | https://doi.org/10.1371/journal.pone.0267356,Multiple CAS hits; exact SMILES used to disambiguate.,a_untested,human_only,43
PAIR_0043,115-95-7__78-70-6,115-95-7,78-70-6,CC(=CCCC(C)(C=C)OC(=O)C)C,CC(=CCCC(C)(C=C)O)C,linalyl acetate,linalool,Homo sapiens,hOR51T1,264.0,,0.0,False,True,False,,,A untested / B tested,Low,,https://doi.org/10.1038/sdata.2015.2,Multiple CAS hits; exact SMILES used to disambiguate.,a_untested,human_only,43
PAIR_0043,115-95-7__78-70-6,115-95-7,78-70-6,CC(=CCCC(C)(C=C)OC(=O)C)C,CC(=CCCC(C)(C=C)O)C,linalyl acetate,linalool,Homo sapiens,hOR51V1,492.0,,0.0,False,True,False,,,A untested / B tested,Low,,https://doi.org/10.1038/sdata.2015.2,Multiple CAS hits; exact SMILES used to disambiguate.,a_untested,human_only,43
PAIR_0043,115-95-7__78-70-6,115-95-7,78-70-6,CC(=CCCC(C)(C=C)OC(=O)C)C,CC(=CCCC(C)(C=C)O)C,linalyl acetate,linalool,Homo sapiens,hOR52A4 | OR52A4,504.0,,0.0,False,True,False,,,A untested / B tested,Medium,,https://doi.org/10.1038/sdata.2015.2 | https://doi.org/10.1371/journal.pone.0267356,Multiple CAS hits; exact SMILES used to disambiguate.,a_untested,human_only,43
PAIR_0043,115-95-7__78-70-6,115-95-7,78-70-6,CC(=CCCC(C)(C=C)OC(=O)C)C,CC(=CCCC(C)(C=C)O)C,linalyl acetate,linalool,Homo sapiens,hOR52A5 | OR52A5,476.0,,0.0,False,True,False,,,A untested / B tested,Medium,,https://doi.org/10.1038/sdata.2015.2 | https://doi.org/10.1371/journal.pone.0267356,Multiple CAS hits; exact SMILES used to disambiguate.,a_untested,human_only,43
PAIR_0043,115-95-7__78-70-6,115-95-7,78-70-6,CC(=CCCC(C)(C=C)OC(=O)C)C,CC(=CCCC(C)(C=C)O)C,linalyl acetate,linalool,Homo sapiens,hOR52B2,173.0,,0.0,False,True,False,,,A untested / B tested,Low,,https://doi.org/10.1038/sdata.2015.2,Multiple CAS hits; exact SMILES used to disambiguate.,a_untested,human_only,43
PAIR_0043,115-95-7__78-70-6,115-95-7,78-70-6,CC(=CCCC(C)(C=C)OC(=O)C)C,CC(=CCCC(C)(C=C)O)C,linalyl acetate,linalool,Homo sapiens,hOR52B4 | OR52B4,270.0,,0.0,False,True,False,,,A untested / B tested,Medium,,https://doi.org/10.1038/sdata.2015.2 | https://doi.org/10.1371/journal.pone.0267356,Multiple CAS hits; exact SMILES used to disambiguate.,a_untested,human_only,43
PAIR_0043,115-95-7__78-70-6,115-95-7,78-70-6,CC(=CCCC(C)(C=C)OC(=O)C)C,CC(=CCCC(C)(C=C)O)C,linalyl acetate,linalool,Homo sapiens,hOR52D1 | OR52D1,125.0,,0.0,False,True,False,,,A untested / B tested,Medium,,https://doi.org/10.1038/sdata.2015.2 | https://doi.org/10.1371/journal.pone.0267356,Multiple CAS hits; exact SMILES used to disambiguate.,a_untested,human_only,43
PAIR_0043,115-95-7__78-70-6,115-95-7,78-70-6,CC(=CCCC(C)(C=C)OC(=O)C)C,CC(=CCCC(C)(C=C)O)C,linalyl acetate,linalool,Homo sapiens,hOR52E1,86.0,,0.0,False,True,False,,,A untested / B tested,Low,,https://doi.org/10.1038/sdata.2015.2,Multiple CAS hits; exact SMILES used to disambiguate.,a_untested,human_only,43
PAIR_0043,115-95-7__78-70-6,115-95-7,78-70-6,CC(=CCCC(C)(C=C)OC(=O)C)C,CC(=CCCC(C)(C=C)O)C,linalyl acetate,linalool,Homo sapiens,hOR52E6 | OR52E6,163.0,,0.0,False,True,False,,,A untested / B tested,Medium,,https://doi.org/10.1038/sdata.2015.2 | https://doi.org/10.1371/journal.pone.0267356,Multiple CAS hits; exact SMILES used to disambiguate.,a_untested,human_only,43
PAIR_0043,115-95-7__78-70-6,115-95-7,78-70-6,CC(=CCCC(C)(C=C)OC(=O)C)C,CC(=CCCC(C)(C=C)O)C,linalyl acetate,linalool,Homo sapiens,hOR52E8 | OR52E8,120.0,,0.0,False,True,False,,,A untested / B tested,Medium,,https://doi.org/10.1038/sdata.2015.2 | https://doi.org/10.1371/journal.pone.0267356,Multiple CAS hits; exact SMILES used to disambiguate.,a_untested,human_only,43
PAIR_0043,115-95-7__78-70-6,115-95-7,78-70-6,CC(=CCCC(C)(C=C)OC(=O)C)C,CC(=CCCC(C)(C=C)O)C,linalyl acetate,linalool,Homo sapiens,hOR52H1,494.0,,1.0,False,True,False,,,A untested / B tested,Low,,https://doi.org/10.1038/sdata.2015.2,Multiple CAS hits; exact SMILES used to disambiguate.,a_untested,human_only,43
PAIR_0043,115-95-7__78-70-6,115-95-7,78-70-6,CC(=CCCC(C)(C=C)OC(=O)C)C,CC(=CCCC(C)(C=C)O)C,linalyl acetate,linalool,Homo sapiens,hOR52I1,435.0,,0.0,False,True,False,,,A untested / B tested,Low,,https://doi.org/10.1038/sdata.2015.2,Multiple CAS hits; exact SMILES used to disambiguate.,a_untested,human_only,43
PAIR_0043,115-95-7__78-70-6,115-95-7,78-70-6,CC(=CCCC(C)(C=C)OC(=O)C)C,CC(=CCCC(C)(C=C)O)C,linalyl acetate,linalool,Homo sapiens,hOR52K1 | OR52K1,124.0,,0.0,False,True,False,,,A untested / B tested,Medium,,https://doi.org/10.1038/sdata.2015.2 | https://doi.org/10.1371/journal.pone.0267356,Multiple CAS hits; exact SMILES used to disambiguate.,a_untested,human_only,43
PAIR_0043,115-95-7__78-70-6,115-95-7,78-70-6,CC(=CCCC(C)(C=C)OC(=O)C)C,CC(=CCCC(C)(C=C)O)C,linalyl acetate,linalool,Homo sapiens,hOR52K2 | OR52K2,174.0,,0.0,False,True,False,,,A untested / B tested,Medium,,https://doi.org/10.1038/sdata.2015.2 | https://doi.org/10.1371/journal.pone.0267356,Multiple CAS hits; exact SMILES used to disambiguate.,a_untested,human_only,43
PAIR_0043,115-95-7__78-70-6,115-95-7,78-70-6,CC(=CCCC(C)(C=C)OC(=O)C)C,CC(=CCCC(C)(C=C)O)C,linalyl acetate,linalool,Homo sapiens,hOR52M1,113.0,,0.0,False,True,False,,,A untested / B tested,Low,,https://doi.org/10.1038/sdata.2015.2,Multiple CAS hits; exact SMILES used to disambiguate.,a_untested,human_only,43
PAIR_0043,115-95-7__78-70-6,115-95-7,78-70-6,CC(=CCCC(C)(C=C)OC(=O)C)C,CC(=CCCC(C)(C=C)O)C,linalyl acetate,linalool,Homo sapiens,hOR52N1,155.0,,0.0,False,True,False,,,A untested / B tested,Low,,https://doi.org/10.1038/sdata.2015.2,Multiple CAS hits; exact SMILES used to disambiguate.,a_untested,human_only,43
PAIR_0043,115-95-7__78-70-6,115-95-7,78-70-6,CC(=CCCC(C)(C=C)OC(=O)C)C,CC(=CCCC(C)(C=C)O)C,linalyl acetate,linalool,Homo sapiens,hOR52N5 | OR52N5,197.0,,0.0,False,True,False,,,A untested / B tested,Medium,,https://doi.org/10.1038/sdata.2015.2 | https://doi.org/10.1371/journal.pone.0267356,Multiple CAS hits; exact SMILES used to disambiguate.,a_untested,human_only,43
PAIR_0043,115-95-7__78-70-6,115-95-7,78-70-6,CC(=CCCC(C)(C=C)OC(=O)C)C,CC(=CCCC(C)(C=C)O)C,linalyl acetate,linalool,Homo sapiens,hOR52P1,183.0,,0.0,False,True,False,,,A untested / B tested,Low,,https://doi.org/10.1038/sdata.2015.2,Multiple CAS hits; exact SMILES used to disambiguate.,a_untested,human_only,43
PAIR_0043,115-95-7__78-70-6,115-95-7,78-70-6,CC(=CCCC(C)(C=C)OC(=O)C)C,CC(=CCCC(C)(C=C)O)C,linalyl acetate,linalool,Homo sapiens,hOR52W1,192.0,,0.0,False,True,False,,,A untested / B tested,Low,,https://doi.org/10.1038/sdata.2015.2,Multiple CAS hits; exact SMILES used to disambiguate.,a_untested,human_only,43
PAIR_0043,115-95-7__78-70-6,115-95-7,78-70-6,CC(=CCCC(C)(C=C)OC(=O)C)C,CC(=CCCC(C)(C=C)O)C,linalyl acetate,linalool,Homo sapiens,hOR56A1 | OR56A1,87.0,,0.0,False,True,False,,,A untested / B tested,Medium,,https://doi.org/10.1038/sdata.2015.2 | https://doi.org/10.1371/journal.pone.0267356,Multiple CAS hits; exact SMILES used to disambiguate.,a_untested,human_only,43
PAIR_0043,115-95-7__78-70-6,115-95-7,78-70-6,CC(=CCCC(C)(C=C)OC(=O)C)C,CC(=CCCC(C)(C=C)O)C,linalyl acetate,linalool,Homo sapiens,hOR56A4 | OR56A4,507.0,,0.0,False,True,False,,,A untested / B tested,Medium,,https://doi.org/10.1038/sdata.2015.2 | https://doi.org/10.1371/journal.pone.0267356,Multiple CAS hits; exact SMILES used to disambiguate.,a_untested,human_only,43
PAIR_0043,115-95-7__78-70-6,115-95-7,78-70-6,CC(=CCCC(C)(C=C)OC(=O)C)C,CC(=CCCC(C)(C=C)O)C,linalyl acetate,linalool,Homo sapiens,hOR56A5,497.0,,1.0,False,True,False,,,A untested / B tested,Low,,https://doi.org/10.1038/sdata.2015.2,Multiple CAS hits; exact SMILES used to disambiguate.,a_untested,human_only,43
PAIR_0043,115-95-7__78-70-6,115-95-7,78-70-6,CC(=CCCC(C)(C=C)OC(=O)C)C,CC(=CCCC(C)(C=C)O)C,linalyl acetate,linalool,Homo sapiens,hOR5A1,101.0,,0.0,False,True,False,,,A untested / B tested,Low,,https://doi.org/10.1038/sdata.2015.2,Multiple CAS hits; exact SMILES used to disambiguate.,a_untested,human_only,43
PAIR_0043,115-95-7__78-70-6,115-95-7,78-70-6,CC(=CCCC(C)(C=C)OC(=O)C)C,CC(=CCCC(C)(C=C)O)C,linalyl acetate,linalool,Homo sapiens,hOR5A2 | OR5A2,103.0,,0.0,False,True,False,,,A untested / B tested,Medium,,https://doi.org/10.1038/sdata.2015.2 | https://doi.org/10.1371/journal.pone.0267356,Multiple CAS hits; exact SMILES used to disambiguate.,a_untested,human_only,43
PAIR_0043,115-95-7__78-70-6,115-95-7,78-70-6,CC(=CCCC(C)(C=C)OC(=O)C)C,CC(=CCCC(C)(C=C)O)C,linalyl acetate,linalool,Homo sapiens,hOR5AC2,729.0,0.0,0.0,True,True,True,1.0,0.0,both non-responsive,Medium,https://doi.org/10.3389/fphar.2015.00035,https://doi.org/10.3389/fphar.2015.00035 | https://doi.org/10.1371/journal.pone.0267356,Multiple CAS hits; exact SMILES used to disambiguate.,,human_only,43
PAIR_0043,115-95-7__78-70-6,115-95-7,78-70-6,CC(=CCCC(C)(C=C)OC(=O)C)C,CC(=CCCC(C)(C=C)O)C,linalyl acetate,linalool,Homo sapiens,hOR5AK2 | OR5AK2,360.0,,0.0,False,True,False,,,A untested / B tested,Medium,,https://doi.org/10.1038/sdata.2015.2 | https://doi.org/10.1371/journal.pone.0267356,Multiple CAS hits; exact SMILES used to disambiguate.,a_untested,human_only,43
PAIR_0043,115-95-7__78-70-6,115-95-7,78-70-6,CC(=CCCC(C)(C=C)OC(=O)C)C,CC(=CCCC(C)(C=C)O)C,linalyl acetate,linalool,Homo sapiens,hOR5AK3,267.0,,0.0,False,True,False,,,A untested / B tested,Low,,https://doi.org/10.1038/sdata.2015.2,Multiple CAS hits; exact SMILES used to disambiguate.,a_untested,human_only,43
PAIR_0043,115-95-7__78-70-6,115-95-7,78-70-6,CC(=CCCC(C)(C=C)OC(=O)C)C,CC(=CCCC(C)(C=C)O)C,linalyl acetate,linalool,Homo sapiens,hOR5AL1,275.0,,0.0,False,True,False,,,A untested / B tested,Low,,https://doi.org/10.1038/sdata.2015.2,Multiple CAS hits; exact SMILES used to disambiguate.,a_untested,human_only,43
PAIR_0043,115-95-7__78-70-6,115-95-7,78-70-6,CC(=CCCC(C)(C=C)OC(=O)C)C,CC(=CCCC(C)(C=C)O)C,linalyl acetate,linalool,Homo sapiens,hOR5AN1 | OR5AN1,7.0,,0.0,False,True,False,,,A untested / B tested,Medium,,https://doi.org/10.1038/sdata.2015.2 | https://doi.org/10.1371/journal.pone.0267356,Multiple CAS hits; exact SMILES used to disambiguate.,a_untested,human_only,43
PAIR_0043,115-95-7__78-70-6,115-95-7,78-70-6,CC(=CCCC(C)(C=C)OC(=O)C)C,CC(=CCCC(C)(C=C)O)C,linalyl acetate,linalool,Homo sapiens,hOR5AP2,172.0,,0.0,False,True,False,,,A untested / B tested,Low,,https://doi.org/10.1038/sdata.2015.2,Multiple CAS hits; exact SMILES used to disambiguate.,a_untested,human_only,43
PAIR_0043,115-95-7__78-70-6,115-95-7,78-70-6,CC(=CCCC(C)(C=C)OC(=O)C)C,CC(=CCCC(C)(C=C)O)C,linalyl acetate,linalool,Homo sapiens,hOR5AR1 | OR5AR1,170.0,,0.0,False,True,False,,,A untested / B tested,Medium,,https://doi.org/10.1038/sdata.2015.2 | https://doi.org/10.1371/journal.pone.0267356,Multiple CAS hits; exact SMILES used to disambiguate.,a_untested,human_only,43
PAIR_0043,115-95-7__78-70-6,115-95-7,78-70-6,CC(=CCCC(C)(C=C)OC(=O)C)C,CC(=CCCC(C)(C=C)O)C,linalyl acetate,linalool,Homo sapiens,hOR5AS1 | OR5AS1,105.0,,0.0,False,True,False,,,A untested / B tested,Medium,,https://doi.org/10.1038/sdata.2015.2 | https://doi.org/10.1371/journal.pone.0267356,Multiple CAS hits; exact SMILES used to disambiguate.,a_untested,human_only,43
PAIR_0043,115-95-7__78-70-6,115-95-7,78-70-6,CC(=CCCC(C)(C=C)OC(=O)C)C,CC(=CCCC(C)(C=C)O)C,linalyl acetate,linalool,Homo sapiens,hOR5AU1 | OR5AU1,135.0,,0.0,False,True,False,,,A untested / B tested,Medium,,https://doi.org/10.1038/sdata.2015.2 | https://doi.org/10.1371/journal.pone.0267356,Multiple CAS hits; exact SMILES used to disambiguate.,a_untested,human_only,43
PAIR_0043,115-95-7__78-70-6,115-95-7,78-70-6,CC(=CCCC(C)(C=C)OC(=O)C)C,CC(=CCCC(C)(C=C)O)C,linalyl acetate,linalool,Homo sapiens,hOR5B12,508.0,,0.0,False,True,False,,,A untested / B tested,Low,,https://doi.org/10.1038/sdata.2015.2,Multiple CAS hits; exact SMILES used to disambiguate.,a_untested,human_only,43
PAIR_0043,115-95-7__78-70-6,115-95-7,78-70-6,CC(=CCCC(C)(C=C)OC(=O)C)C,CC(=CCCC(C)(C=C)O)C,linalyl acetate,linalool,Homo sapiens,hOR5B17,182.0,0.0,0.0,True,True,True,1.0,0.0,both non-responsive,Medium,https://doi.org/10.3389/fphar.2015.00035,https://doi.org/10.1038/sdata.2015.2 | https://doi.org/10.3389/fphar.2015.00035 | https://doi.org/10.1371/journal.pone.0267356,Multiple CAS hits; exact SMILES used to disambiguate.,,human_only,43
PAIR_0043,115-95-7__78-70-6,115-95-7,78-70-6,CC(=CCCC(C)(C=C)OC(=O)C)C,CC(=CCCC(C)(C=C)O)C,linalyl acetate,linalool,Homo sapiens,hOR5B3 | OR5B3,108.0,,0.0,False,True,False,,,A untested / B tested,Medium,,https://doi.org/10.1038/sdata.2015.2 | https://doi.org/10.1371/journal.pone.0267356,Multiple CAS hits; exact SMILES used to disambiguate.,a_untested,human_only,43
PAIR_0043,115-95-7__78-70-6,115-95-7,78-70-6,CC(=CCCC(C)(C=C)OC(=O)C)C,CC(=CCCC(C)(C=C)O)C,linalyl acetate,linalool,Homo sapiens,hOR5C1 | OR5C1,348.0,,0.0,False,True,False,,,A untested / B tested,Medium,,https://doi.org/10.1038/sdata.2015.2 | https://doi.org/10.1371/journal.pone.0267356,Multiple CAS hits; exact SMILES used to disambiguate.,a_untested,human_only,43
PAIR_0043,115-95-7__78-70-6,115-95-7,78-70-6,CC(=CCCC(C)(C=C)OC(=O)C)C,CC(=CCCC(C)(C=C)O)C,linalyl acetate,linalool,Homo sapiens,hOR5D14,190.0,,0.0,False,True,False,,,A untested / B tested,Low,,https://doi.org/10.1038/sdata.2015.2,Multiple CAS hits; exact SMILES used to disambiguate.,a_untested,human_only,43
PAIR_0043,115-95-7__78-70-6,115-95-7,78-70-6,CC(=CCCC(C)(C=C)OC(=O)C)C,CC(=CCCC(C)(C=C)O)C,linalyl acetate,linalool,Homo sapiens,hOR5D16,341.0,,0.0,False,True,False,,,A untested / B tested,Low,,https://doi.org/10.1038/sdata.2015.2,Multiple CAS hits; exact SMILES used to disambiguate.,a_untested,human_only,43
PAIR_0043,115-95-7__78-70-6,115-95-7,78-70-6,CC(=CCCC(C)(C=C)OC(=O)C)C,CC(=CCCC(C)(C=C)O)C,linalyl acetate,linalool,Homo sapiens,hOR5H1 | OR5H1,389.0,,0.0,False,True,False,,,A untested / B tested,Medium,,https://doi.org/10.1038/sdata.2015.2 | https://doi.org/10.1371/journal.pone.0267356,Multiple CAS hits; exact SMILES used to disambiguate.,a_untested,human_only,43
PAIR_0043,115-95-7__78-70-6,115-95-7,78-70-6,CC(=CCCC(C)(C=C)OC(=O)C)C,CC(=CCCC(C)(C=C)O)C,linalyl acetate,linalool,Homo sapiens,hOR5H2,41.0,,0.0,False,True,False,,,A untested / B tested,Low,,https://doi.org/10.1038/sdata.2015.2,Multiple CAS hits; exact SMILES used to disambiguate.,a_untested,human_only,43
PAIR_0043,115-95-7__78-70-6,115-95-7,78-70-6,CC(=CCCC(C)(C=C)OC(=O)C)C,CC(=CCCC(C)(C=C)O)C,linalyl acetate,linalool,Homo sapiens,hOR5H6,42.0,,0.0,False,True,False,,,A untested / B tested,Low,,https://doi.org/10.1038/sdata.2015.2,Multiple CAS hits; exact SMILES used to disambiguate.,a_untested,human_only,43
PAIR_0043,115-95-7__78-70-6,115-95-7,78-70-6,CC(=CCCC(C)(C=C)OC(=O)C)C,CC(=CCCC(C)(C=C)O)C,linalyl acetate,linalool,Homo sapiens,hOR5I1 | OR5I1,114.0,,0.0,False,True,False,,,A untested / B tested,Medium,,https://doi.org/10.1038/sdata.2015.2 | https://doi.org/10.1371/journal.pone.0267356,Multiple CAS hits; exact SMILES used to disambiguate.,a_untested,human_only,43
PAIR_0043,115-95-7__78-70-6,115-95-7,78-70-6,CC(=CCCC(C)(C=C)OC(=O)C)C,CC(=CCCC(C)(C=C)O)C,linalyl acetate,linalool,Homo sapiens,hOR5J2 | OR5J2,200.0,,0.0,False,True,False,,,A untested / B tested,Medium,,https://doi.org/10.1038/sdata.2015.2 | https://doi.org/10.1371/journal.pone.0267356,Multiple CAS hits; exact SMILES used to disambiguate.,a_untested,human_only,43
PAIR_0043,115-95-7__78-70-6,115-95-7,78-70-6,CC(=CCCC(C)(C=C)OC(=O)C)C,CC(=CCCC(C)(C=C)O)C,linalyl acetate,linalool,Homo sapiens,hOR5K1 | OR5K1,418.0,,0.0,False,True,False,,,A untested / B tested,Medium,,https://doi.org/10.1038/sdata.2015.2 | https://doi.org/10.1096/fj.202100224R | https://doi.org/10.1371/journal.pone.0267356,Multiple CAS hits; exact SMILES used to disambiguate.,a_untested,human_only,43
PAIR_0043,115-95-7__78-70-6,115-95-7,78-70-6,CC(=CCCC(C)(C=C)OC(=O)C)C,CC(=CCCC(C)(C=C)O)C,linalyl acetate,linalool,Homo sapiens,hOR5K2 | OR5K2,52.0,,0.0,False,True,False,,,A untested / B tested,Medium,,https://doi.org/10.1038/sdata.2015.2 | https://doi.org/10.1371/journal.pone.0267356,Multiple CAS hits; exact SMILES used to disambiguate.,a_untested,human_only,43
PAIR_0043,115-95-7__78-70-6,115-95-7,78-70-6,CC(=CCCC(C)(C=C)OC(=O)C)C,CC(=CCCC(C)(C=C)O)C,linalyl acetate,linalool,Homo sapiens,hOR5K3,428.0,,0.0,False,True,False,,,A untested / B tested,Low,,https://doi.org/10.1038/sdata.2015.2,Multiple CAS hits; exact SMILES used to disambiguate.,a_untested,human_only,43
PAIR_0043,115-95-7__78-70-6,115-95-7,78-70-6,CC(=CCCC(C)(C=C)OC(=O)C)C,CC(=CCCC(C)(C=C)O)C,linalyl acetate,linalool,Homo sapiens,hOR5L1,505.0,,0.0,False,True,False,,,A untested / B tested,Low,,https://doi.org/10.1038/sdata.2015.2,Multiple CAS hits; exact SMILES used to disambiguate.,a_untested,human_only,43
PAIR_0043,115-95-7__78-70-6,115-95-7,78-70-6,CC(=CCCC(C)(C=C)OC(=O)C)C,CC(=CCCC(C)(C=C)O)C,linalyl acetate,linalool,Homo sapiens,hOR5L1 | OR5L1,296.0,,0.0,False,True,False,,,A untested / B tested,Medium,,https://doi.org/10.1038/sdata.2015.2 | https://doi.org/10.1371/journal.pone.0267356,Multiple CAS hits; exact SMILES used to disambiguate.,a_untested,human_only,43
PAIR_0043,115-95-7__78-70-6,115-95-7,78-70-6,CC(=CCCC(C)(C=C)OC(=O)C)C,CC(=CCCC(C)(C=C)O)C,linalyl acetate,linalool,Homo sapiens,hOR5M11 | OR5M11,195.0,,0.0,False,True,False,,,A untested / B tested,Medium,,https://doi.org/10.1038/sdata.2015.2 | https://doi.org/10.1371/journal.pone.0267356,Multiple CAS hits; exact SMILES used to disambiguate.,a_untested,human_only,43
PAIR_0043,115-95-7__78-70-6,115-95-7,78-70-6,CC(=CCCC(C)(C=C)OC(=O)C)C,CC(=CCCC(C)(C=C)O)C,linalyl acetate,linalool,Homo sapiens,hOR5M3 | OR5M3,670.0,,0.0,False,True,False,,,A untested / B tested,Low,,https://doi.org/10.1021/acs.jafc.1c03314 | https://doi.org/10.1371/journal.pone.0267356,Multiple CAS hits; exact SMILES used to disambiguate.,a_untested,human_only,43
PAIR_0043,115-95-7__78-70-6,115-95-7,78-70-6,CC(=CCCC(C)(C=C)OC(=O)C)C,CC(=CCCC(C)(C=C)O)C,linalyl acetate,linalool,Homo sapiens,hOR5M8 | OR5M8,437.0,,0.0,False,True,False,,,A untested / B tested,Medium,,https://doi.org/10.1038/sdata.2015.2 | https://doi.org/10.1371/journal.pone.0267356,Multiple CAS hits; exact SMILES used to disambiguate.,a_untested,human_only,43
PAIR_0043,115-95-7__78-70-6,115-95-7,78-70-6,CC(=CCCC(C)(C=C)OC(=O)C)C,CC(=CCCC(C)(C=C)O)C,linalyl acetate,linalool,Homo sapiens,hOR5M9 | OR5M9,161.0,,0.0,False,True,False,,,A untested / B tested,Medium,,https://doi.org/10.1038/sdata.2015.2 | https://doi.org/10.1371/journal.pone.0267356,Multiple CAS hits; exact SMILES used to disambiguate.,a_untested,human_only,43
PAIR_0043,115-95-7__78-70-6,115-95-7,78-70-6,CC(=CCCC(C)(C=C)OC(=O)C)C,CC(=CCCC(C)(C=C)O)C,linalyl acetate,linalool,Homo sapiens,hOR5P2 | OR5P2,148.0,,0.0,False,True,False,,,A untested / B tested,Medium,,https://doi.org/10.1038/sdata.2015.2 | https://doi.org/10.1371/journal.pone.0267356,Multiple CAS hits; exact SMILES used to disambiguate.,a_untested,human_only,43
PAIR_0043,115-95-7__78-70-6,115-95-7,78-70-6,CC(=CCCC(C)(C=C)OC(=O)C)C,CC(=CCCC(C)(C=C)O)C,linalyl acetate,linalool,Homo sapiens,hOR5P3 | OR5P3,88.0,,0.0,False,True,False,,,A untested / B tested,Medium,,https://doi.org/10.1038/sdata.2015.2 | https://doi.org/10.1371/journal.pone.0267356,Multiple CAS hits; exact SMILES used to disambiguate.,a_untested,human_only,43
PAIR_0043,115-95-7__78-70-6,115-95-7,78-70-6,CC(=CCCC(C)(C=C)OC(=O)C)C,CC(=CCCC(C)(C=C)O)C,linalyl acetate,linalool,Homo sapiens,hOR5R1,123.0,,0.0,False,True,False,,,A untested / B tested,Low,,https://doi.org/10.1038/sdata.2015.2,Multiple CAS hits; exact SMILES used to disambiguate.,a_untested,human_only,43
PAIR_0043,115-95-7__78-70-6,115-95-7,78-70-6,CC(=CCCC(C)(C=C)OC(=O)C)C,CC(=CCCC(C)(C=C)O)C,linalyl acetate,linalool,Homo sapiens,hOR5T1,319.0,,0.0,False,True,False,,,A untested / B tested,Low,,https://doi.org/10.1038/sdata.2015.2,Multiple CAS hits; exact SMILES used to disambiguate.,a_untested,human_only,43
PAIR_0043,115-95-7__78-70-6,115-95-7,78-70-6,CC(=CCCC(C)(C=C)OC(=O)C)C,CC(=CCCC(C)(C=C)O)C,linalyl acetate,linalool,Homo sapiens,hOR5T1 | OR5T1,206.0,,0.0,False,True,False,,,A untested / B tested,Medium,,https://doi.org/10.1038/sdata.2015.2 | https://doi.org/10.1371/journal.pone.0267356,Multiple CAS hits; exact SMILES used to disambiguate.,a_untested,human_only,43
PAIR_0043,115-95-7__78-70-6,115-95-7,78-70-6,CC(=CCCC(C)(C=C)OC(=O)C)C,CC(=CCCC(C)(C=C)O)C,linalyl acetate,linalool,Homo sapiens,hOR5T2,254.0,,0.0,False,True,False,,,A untested / B tested,Low,,https://doi.org/10.1038/sdata.2015.2,Multiple CAS hits; exact SMILES used to disambiguate.,a_untested,human_only,43
PAIR_0043,115-95-7__78-70-6,115-95-7,78-70-6,CC(=CCCC(C)(C=C)OC(=O)C)C,CC(=CCCC(C)(C=C)O)C,linalyl acetate,linalool,Homo sapiens,hOR5T3,274.0,,0.0,False,True,False,,,A untested / B tested,Low,,https://doi.org/10.1038/sdata.2015.2,Multiple CAS hits; exact SMILES used to disambiguate.,a_untested,human_only,43
PAIR_0043,115-95-7__78-70-6,115-95-7,78-70-6,CC(=CCCC(C)(C=C)OC(=O)C)C,CC(=CCCC(C)(C=C)O)C,linalyl acetate,linalool,Homo sapiens,hOR5V1 | OR5V1,54.0,,0.0,False,True,False,,,A untested / B tested,Medium,,https://doi.org/10.1038/sdata.2015.2 | https://doi.org/10.1371/journal.pone.0267356,Multiple CAS hits; exact SMILES used to disambiguate.,a_untested,human_only,43
PAIR_0043,115-95-7__78-70-6,115-95-7,78-70-6,CC(=CCCC(C)(C=C)OC(=O)C)C,CC(=CCCC(C)(C=C)O)C,linalyl acetate,linalool,Homo sapiens,hOR6A2 | OR6A2,406.0,,0.0,False,True,False,,,A untested / B tested,Medium,,https://doi.org/10.1038/sdata.2015.2 | https://doi.org/10.1371/journal.pone.0267356,Multiple CAS hits; exact SMILES used to disambiguate.,a_untested,human_only,43
PAIR_0043,115-95-7__78-70-6,115-95-7,78-70-6,CC(=CCCC(C)(C=C)OC(=O)C)C,CC(=CCCC(C)(C=C)O)C,linalyl acetate,linalool,Homo sapiens,hOR6C2 | OR6C2,335.0,,0.0,False,True,False,,,A untested / B tested,Medium,,https://doi.org/10.1038/sdata.2015.2 | https://doi.org/10.1371/journal.pone.0267356,Multiple CAS hits; exact SMILES used to disambiguate.,a_untested,human_only,43
PAIR_0043,115-95-7__78-70-6,115-95-7,78-70-6,CC(=CCCC(C)(C=C)OC(=O)C)C,CC(=CCCC(C)(C=C)O)C,linalyl acetate,linalool,Homo sapiens,hOR6C3 | OR6C3,342.0,,0.0,False,True,False,,,A untested / B tested,Medium,,https://doi.org/10.1038/sdata.2015.2 | https://doi.org/10.1371/journal.pone.0267356,Multiple CAS hits; exact SMILES used to disambiguate.,a_untested,human_only,43
PAIR_0043,115-95-7__78-70-6,115-95-7,78-70-6,CC(=CCCC(C)(C=C)OC(=O)C)C,CC(=CCCC(C)(C=C)O)C,linalyl acetate,linalool,Homo sapiens,hOR6C6 | OR6C6,349.0,,0.0,False,True,False,,,A untested / B tested,Medium,,https://doi.org/10.1038/sdata.2015.2 | https://doi.org/10.1371/journal.pone.0267356,Multiple CAS hits; exact SMILES used to disambiguate.,a_untested,human_only,43
PAIR_0043,115-95-7__78-70-6,115-95-7,78-70-6,CC(=CCCC(C)(C=C)OC(=O)C)C,CC(=CCCC(C)(C=C)O)C,linalyl acetate,linalool,Homo sapiens,hOR6C65 | OR6C65,379.0,,0.0,False,True,False,,,A untested / B tested,Medium,,https://doi.org/10.1038/sdata.2015.2 | https://doi.org/10.1371/journal.pone.0267356,Multiple CAS hits; exact SMILES used to disambiguate.,a_untested,human_only,43
PAIR_0043,115-95-7__78-70-6,115-95-7,78-70-6,CC(=CCCC(C)(C=C)OC(=O)C)C,CC(=CCCC(C)(C=C)O)C,linalyl acetate,linalool,Homo sapiens,hOR6C70,350.0,,0.0,False,True,False,,,A untested / B tested,Low,,https://doi.org/10.1038/sdata.2015.2,Multiple CAS hits; exact SMILES used to disambiguate.,a_untested,human_only,43
PAIR_0043,115-95-7__78-70-6,115-95-7,78-70-6,CC(=CCCC(C)(C=C)OC(=O)C)C,CC(=CCCC(C)(C=C)O)C,linalyl acetate,linalool,Homo sapiens,hOR6C74 | OR6C74,363.0,,0.0,False,True,False,,,A untested / B tested,Medium,,https://doi.org/10.1038/sdata.2015.2 | https://doi.org/10.1371/journal.pone.0267356,Multiple CAS hits; exact SMILES used to disambiguate.,a_untested,human_only,43
PAIR_0043,115-95-7__78-70-6,115-95-7,78-70-6,CC(=CCCC(C)(C=C)OC(=O)C)C,CC(=CCCC(C)(C=C)O)C,linalyl acetate,linalool,Homo sapiens,hOR6C75 | OR6C75,433.0,,0.0,False,True,False,,,A untested / B tested,Medium,,https://doi.org/10.1038/sdata.2015.2 | https://doi.org/10.1371/journal.pone.0267356,Multiple CAS hits; exact SMILES used to disambiguate.,a_untested,human_only,43
PAIR_0043,115-95-7__78-70-6,115-95-7,78-70-6,CC(=CCCC(C)(C=C)OC(=O)C)C,CC(=CCCC(C)(C=C)O)C,linalyl acetate,linalool,Homo sapiens,hOR6C76 | OR6C76,336.0,,0.0,False,True,False,,,A untested / B tested,Medium,,https://doi.org/10.1038/sdata.2015.2 | https://doi.org/10.1371/journal.pone.0267356,Multiple CAS hits; exact SMILES used to disambiguate.,a_untested,human_only,43
PAIR_0043,115-95-7__78-70-6,115-95-7,78-70-6,CC(=CCCC(C)(C=C)OC(=O)C)C,CC(=CCCC(C)(C=C)O)C,linalyl acetate,linalool,Homo sapiens,hOR6F1 | OR6F1,28.0,,0.0,False,True,False,,,A untested / B tested,Medium,,https://doi.org/10.1038/sdata.2015.2 | https://doi.org/10.1371/journal.pone.0267356,Multiple CAS hits; exact SMILES used to disambiguate.,a_untested,human_only,43
PAIR_0043,115-95-7__78-70-6,115-95-7,78-70-6,CC(=CCCC(C)(C=C)OC(=O)C)C,CC(=CCCC(C)(C=C)O)C,linalyl acetate,linalool,Homo sapiens,hOR6K2 | OR6K2,31.0,,0.0,False,True,False,,,A untested / B tested,Medium,,https://doi.org/10.1038/sdata.2015.2 | https://doi.org/10.1371/journal.pone.0267356,Multiple CAS hits; exact SMILES used to disambiguate.,a_untested,human_only,43
PAIR_0043,115-95-7__78-70-6,115-95-7,78-70-6,CC(=CCCC(C)(C=C)OC(=O)C)C,CC(=CCCC(C)(C=C)O)C,linalyl acetate,linalool,Homo sapiens,hOR6K3,402.0,,0.0,False,True,False,,,A untested / B tested,Low,,https://doi.org/10.1038/sdata.2015.2,Multiple CAS hits; exact SMILES used to disambiguate.,a_untested,human_only,43
PAIR_0043,115-95-7__78-70-6,115-95-7,78-70-6,CC(=CCCC(C)(C=C)OC(=O)C)C,CC(=CCCC(C)(C=C)O)C,linalyl acetate,linalool,Homo sapiens,hOR6K6,277.0,,0.0,False,True,False,,,A untested / B tested,Low,,https://doi.org/10.1038/sdata.2015.2,Multiple CAS hits; exact SMILES used to disambiguate.,a_untested,human_only,43
PAIR_0043,115-95-7__78-70-6,115-95-7,78-70-6,CC(=CCCC(C)(C=C)OC(=O)C)C,CC(=CCCC(C)(C=C)O)C,linalyl acetate,linalool,Homo sapiens,hOR6M1 | OR6M1,146.0,,0.0,False,True,False,,,A untested / B tested,Medium,,https://doi.org/10.1038/sdata.2015.2 | https://doi.org/10.1371/journal.pone.0267356,Multiple CAS hits; exact SMILES used to disambiguate.,a_untested,human_only,43
PAIR_0043,115-95-7__78-70-6,115-95-7,78-70-6,CC(=CCCC(C)(C=C)OC(=O)C)C,CC(=CCCC(C)(C=C)O)C,linalyl acetate,linalool,Homo sapiens,hOR6N2 | OR6N2,15.0,,0.0,False,True,False,,,A untested / B tested,Medium,,https://doi.org/10.1038/sdata.2015.2 | https://doi.org/10.1371/journal.pone.0267356,Multiple CAS hits; exact SMILES used to disambiguate.,a_untested,human_only,43
PAIR_0043,115-95-7__78-70-6,115-95-7,78-70-6,CC(=CCCC(C)(C=C)OC(=O)C)C,CC(=CCCC(C)(C=C)O)C,linalyl acetate,linalool,Homo sapiens,hOR6P1,23.0,,0.0,False,True,False,,,A untested / B tested,Low,,https://doi.org/10.1038/sdata.2015.2,Multiple CAS hits; exact SMILES used to disambiguate.,a_untested,human_only,43
PAIR_0043,115-95-7__78-70-6,115-95-7,78-70-6,CC(=CCCC(C)(C=C)OC(=O)C)C,CC(=CCCC(C)(C=C)O)C,linalyl acetate,linalool,Homo sapiens,hOR6Q1 | OR6Q1,191.0,,0.0,False,True,False,,,A untested / B tested,Medium,,https://doi.org/10.1038/sdata.2015.2 | https://doi.org/10.1371/journal.pone.0267356,Multiple CAS hits; exact SMILES used to disambiguate.,a_untested,human_only,43
PAIR_0043,115-95-7__78-70-6,115-95-7,78-70-6,CC(=CCCC(C)(C=C)OC(=O)C)C,CC(=CCCC(C)(C=C)O)C,linalyl acetate,linalool,Homo sapiens,hOR6T1,152.0,,0.0,False,True,False,,,A untested / B tested,Low,,https://doi.org/10.1038/sdata.2015.2,Multiple CAS hits; exact SMILES used to disambiguate.,a_untested,human_only,43
PAIR_0043,115-95-7__78-70-6,115-95-7,78-70-6,CC(=CCCC(C)(C=C)OC(=O)C)C,CC(=CCCC(C)(C=C)O)C,linalyl acetate,linalool,Homo sapiens,hOR6V1 | OR6V1,512.0,,0.0,False,True,False,,,A untested / B tested,Medium,,https://doi.org/10.1038/sdata.2015.2 | https://doi.org/10.1371/journal.pone.0267356,Multiple CAS hits; exact SMILES used to disambiguate.,a_untested,human_only,43
PAIR_0043,115-95-7__78-70-6,115-95-7,78-70-6,CC(=CCCC(C)(C=C)OC(=O)C)C,CC(=CCCC(C)(C=C)O)C,linalyl acetate,linalool,Homo sapiens,hOR6X1 | OR6X1,198.0,,0.0,False,True,False,,,A untested / B tested,Medium,,https://doi.org/10.1038/sdata.2015.2 | https://doi.org/10.1371/journal.pone.0267356,Multiple CAS hits; exact SMILES used to disambiguate.,a_untested,human_only,43
PAIR_0043,115-95-7__78-70-6,115-95-7,78-70-6,CC(=CCCC(C)(C=C)OC(=O)C)C,CC(=CCCC(C)(C=C)O)C,linalyl acetate,linalool,Homo sapiens,hOR7A10 | OR7A10,80.0,,0.0,False,True,False,,,A untested / B tested,Medium,,https://doi.org/10.1038/sdata.2015.2 | https://doi.org/10.1371/journal.pone.0267356,Multiple CAS hits; exact SMILES used to disambiguate.,a_untested,human_only,43
PAIR_0043,115-95-7__78-70-6,115-95-7,78-70-6,CC(=CCCC(C)(C=C)OC(=O)C)C,CC(=CCCC(C)(C=C)O)C,linalyl acetate,linalool,Homo sapiens,hOR7A17 | OR7A17,247.0,,0.0,False,True,False,,,A untested / B tested,Medium,,https://doi.org/10.1038/sdata.2015.2 | https://doi.org/10.1371/journal.pone.0267356,Multiple CAS hits; exact SMILES used to disambiguate.,a_untested,human_only,43
PAIR_0043,115-95-7__78-70-6,115-95-7,78-70-6,CC(=CCCC(C)(C=C)OC(=O)C)C,CC(=CCCC(C)(C=C)O)C,linalyl acetate,linalool,Homo sapiens,hOR7A5 | OR7A5,387.0,,0.0,False,True,False,,,A untested / B tested,Medium,,https://doi.org/10.1038/sdata.2015.2 | https://doi.org/10.1371/journal.pone.0267356,Multiple CAS hits; exact SMILES used to disambiguate.,a_untested,human_only,43
PAIR_0043,115-95-7__78-70-6,115-95-7,78-70-6,CC(=CCCC(C)(C=C)OC(=O)C)C,CC(=CCCC(C)(C=C)O)C,linalyl acetate,linalool,Homo sapiens,hOR7C1,246.0,,0.0,False,True,False,,,A untested / B tested,Low,,https://doi.org/10.1038/sdata.2015.2,Multiple CAS hits; exact SMILES used to disambiguate.,a_untested,human_only,43
PAIR_0043,115-95-7__78-70-6,115-95-7,78-70-6,CC(=CCCC(C)(C=C)OC(=O)C)C,CC(=CCCC(C)(C=C)O)C,linalyl acetate,linalool,Homo sapiens,hOR7C2,240.0,,0.0,False,True,False,,,A untested / B tested,Low,,https://doi.org/10.1038/sdata.2015.2,Multiple CAS hits; exact SMILES used to disambiguate.,a_untested,human_only,43
PAIR_0043,115-95-7__78-70-6,115-95-7,78-70-6,CC(=CCCC(C)(C=C)OC(=O)C)C,CC(=CCCC(C)(C=C)O)C,linalyl acetate,linalool,Homo sapiens,hOR7D2,326.0,,0.0,False,True,False,,,A untested / B tested,Low,,https://doi.org/10.1038/sdata.2015.2,Multiple CAS hits; exact SMILES used to disambiguate.,a_untested,human_only,43
PAIR_0043,115-95-7__78-70-6,115-95-7,78-70-6,CC(=CCCC(C)(C=C)OC(=O)C)C,CC(=CCCC(C)(C=C)O)C,linalyl acetate,linalool,Homo sapiens,hOR7D4 | OR7D4,245.0,,0.0,False,True,False,,,A untested / B tested,Medium,,https://doi.org/10.1038/sdata.2015.2 | https://doi.org/10.1038/nature06162 | https://doi.org/10.1371/journal.pone.0267356,Multiple CAS hits; exact SMILES used to disambiguate.,a_untested,human_only,43
PAIR_0043,115-95-7__78-70-6,115-95-7,78-70-6,CC(=CCCC(C)(C=C)OC(=O)C)C,CC(=CCCC(C)(C=C)O)C,linalyl acetate,linalool,Homo sapiens,hOR7G1 | OR7G1,242.0,,0.0,False,True,False,,,A untested / B tested,Medium,,https://doi.org/10.1038/sdata.2015.2 | https://doi.org/10.1371/journal.pone.0267356,Multiple CAS hits; exact SMILES used to disambiguate.,a_untested,human_only,43
PAIR_0043,115-95-7__78-70-6,115-95-7,78-70-6,CC(=CCCC(C)(C=C)OC(=O)C)C,CC(=CCCC(C)(C=C)O)C,linalyl acetate,linalool,Homo sapiens,hOR7G2 | OR7G2,393.0,,0.0,False,True,False,,,A untested / B tested,Medium,,https://doi.org/10.1038/sdata.2015.2 | https://doi.org/10.1371/journal.pone.0267356,Multiple CAS hits; exact SMILES used to disambiguate.,a_untested,human_only,43
PAIR_0043,115-95-7__78-70-6,115-95-7,78-70-6,CC(=CCCC(C)(C=C)OC(=O)C)C,CC(=CCCC(C)(C=C)O)C,linalyl acetate,linalool,Homo sapiens,hOR7G3 | OR7G3,244.0,,0.0,False,True,False,,,A untested / B tested,Medium,,https://doi.org/10.1038/sdata.2015.2 | https://doi.org/10.1371/journal.pone.0267356,Multiple CAS hits; exact SMILES used to disambiguate.,a_untested,human_only,43
PAIR_0043,115-95-7__78-70-6,115-95-7,78-70-6,CC(=CCCC(C)(C=C)OC(=O)C)C,CC(=CCCC(C)(C=C)O)C,linalyl acetate,linalool,Homo sapiens,hOR8A1,419.0,,0.0,False,True,False,,,A untested / B tested,Low,,https://doi.org/10.1038/sdata.2015.2,Multiple CAS hits; exact SMILES used to disambiguate.,a_untested,human_only,43
PAIR_0043,115-95-7__78-70-6,115-95-7,78-70-6,CC(=CCCC(C)(C=C)OC(=O)C)C,CC(=CCCC(C)(C=C)O)C,linalyl acetate,linalool,Homo sapiens,hOR8B12 | OR8B12,513.0,,0.0,False,True,False,,,A untested / B tested,Medium,,https://doi.org/10.1038/sdata.2015.2 | https://doi.org/10.1371/journal.pone.0267356,Multiple CAS hits; exact SMILES used to disambiguate.,a_untested,human_only,43
PAIR_0043,115-95-7__78-70-6,115-95-7,78-70-6,CC(=CCCC(C)(C=C)OC(=O)C)C,CC(=CCCC(C)(C=C)O)C,linalyl acetate,linalool,Homo sapiens,hOR8B2 | OR8B2,199.0,,0.0,False,True,False,,,A untested / B tested,Medium,,https://doi.org/10.1038/sdata.2015.2 | https://doi.org/10.1371/journal.pone.0267356,Multiple CAS hits; exact SMILES used to disambiguate.,a_untested,human_only,43
PAIR_0043,115-95-7__78-70-6,115-95-7,78-70-6,CC(=CCCC(C)(C=C)OC(=O)C)C,CC(=CCCC(C)(C=C)O)C,linalyl acetate,linalool,Homo sapiens,hOR8B8,186.0,,0.0,False,True,False,,,A untested / B tested,Low,,https://doi.org/10.1038/sdata.2015.2,Multiple CAS hits; exact SMILES used to disambiguate.,a_untested,human_only,43
PAIR_0043,115-95-7__78-70-6,115-95-7,78-70-6,CC(=CCCC(C)(C=C)OC(=O)C)C,CC(=CCCC(C)(C=C)O)C,linalyl acetate,linalool,Homo sapiens,hOR8B8 | OR8B8,420.0,,0.0,False,True,False,,,A untested / B tested,Medium,,https://doi.org/10.1038/sdata.2015.2 | https://doi.org/10.1371/journal.pone.0267356,Multiple CAS hits; exact SMILES used to disambiguate.,a_untested,human_only,43
PAIR_0043,115-95-7__78-70-6,115-95-7,78-70-6,CC(=CCCC(C)(C=C)OC(=O)C)C,CC(=CCCC(C)(C=C)O)C,linalyl acetate,linalool,Homo sapiens,hOR8D1 | OR8D1,110.0,,0.0,False,True,False,,,A untested / B tested,Medium,,https://doi.org/10.1038/sdata.2015.2 | https://doi.org/10.1021/acs.jafc.1c03314 | https://doi.org/10.1371/journal.pone.0267356,Multiple CAS hits; exact SMILES used to disambiguate.,a_untested,human_only,43
PAIR_0043,115-95-7__78-70-6,115-95-7,78-70-6,CC(=CCCC(C)(C=C)OC(=O)C)C,CC(=CCCC(C)(C=C)O)C,linalyl acetate,linalool,Homo sapiens,hOR8D2 | OR8D2,143.0,,0.0,False,True,False,,,A untested / B tested,Medium,,https://doi.org/10.1038/sdata.2015.2 | https://doi.org/10.1371/journal.pone.0267356,Multiple CAS hits; exact SMILES used to disambiguate.,a_untested,human_only,43
PAIR_0043,115-95-7__78-70-6,115-95-7,78-70-6,CC(=CCCC(C)(C=C)OC(=O)C)C,CC(=CCCC(C)(C=C)O)C,linalyl acetate,linalool,Homo sapiens,hOR8G1 | OR8G1,313.0,,0.0,False,True,False,,,A untested / B tested,Medium,,https://doi.org/10.1038/sdata.2015.2 | https://doi.org/10.1371/journal.pone.0267356,Multiple CAS hits; exact SMILES used to disambiguate.,a_untested,human_only,43
PAIR_0043,115-95-7__78-70-6,115-95-7,78-70-6,CC(=CCCC(C)(C=C)OC(=O)C)C,CC(=CCCC(C)(C=C)O)C,linalyl acetate,linalool,Homo sapiens,hOR8G5,409.0,,0.0,False,True,False,,,A untested / B tested,Low,,https://doi.org/10.1038/sdata.2015.2,Multiple CAS hits; exact SMILES used to disambiguate.,a_untested,human_only,43
PAIR_0043,115-95-7__78-70-6,115-95-7,78-70-6,CC(=CCCC(C)(C=C)OC(=O)C)C,CC(=CCCC(C)(C=C)O)C,linalyl acetate,linalool,Homo sapiens,hOR8G5 | OR8G5,262.0,,0.0,False,True,False,,,A untested / B tested,Medium,,https://doi.org/10.1038/sdata.2015.2 | https://doi.org/10.1371/journal.pone.0267356,Multiple CAS hits; exact SMILES used to disambiguate.,a_untested,human_only,43
PAIR_0043,115-95-7__78-70-6,115-95-7,78-70-6,CC(=CCCC(C)(C=C)OC(=O)C)C,CC(=CCCC(C)(C=C)O)C,linalyl acetate,linalool,Homo sapiens,hOR8H1 | OR8H1,304.0,,0.0,False,True,False,,,A untested / B tested,Medium,,https://doi.org/10.1038/sdata.2015.2 | https://doi.org/10.1371/journal.pone.0267356 | https://doi.org/10.1021/acs.jafc.3c08230,Multiple CAS hits; exact SMILES used to disambiguate.,a_untested,human_only,43
PAIR_0043,115-95-7__78-70-6,115-95-7,78-70-6,CC(=CCCC(C)(C=C)OC(=O)C)C,CC(=CCCC(C)(C=C)O)C,linalyl acetate,linalool,Homo sapiens,hOR8I2,175.0,,0.0,False,True,False,,,A untested / B tested,Low,,https://doi.org/10.1038/sdata.2015.2,Multiple CAS hits; exact SMILES used to disambiguate.,a_untested,human_only,43
PAIR_0043,115-95-7__78-70-6,115-95-7,78-70-6,CC(=CCCC(C)(C=C)OC(=O)C)C,CC(=CCCC(C)(C=C)O)C,linalyl acetate,linalool,Homo sapiens,hOR8J3 | OR8J3,116.0,,0.0,False,True,False,,,A untested / B tested,Medium,,https://doi.org/10.1038/sdata.2015.2 | https://doi.org/10.1371/journal.pone.0267356,Multiple CAS hits; exact SMILES used to disambiguate.,a_untested,human_only,43
PAIR_0043,115-95-7__78-70-6,115-95-7,78-70-6,CC(=CCCC(C)(C=C)OC(=O)C)C,CC(=CCCC(C)(C=C)O)C,linalyl acetate,linalool,Homo sapiens,hOR8K1 | OR8K1,354.0,,0.0,False,True,False,,,A untested / B tested,Medium,,https://doi.org/10.1038/sdata.2015.2 | https://doi.org/10.1371/journal.pone.0267356,Multiple CAS hits; exact SMILES used to disambiguate.,a_untested,human_only,43
PAIR_0043,115-95-7__78-70-6,115-95-7,78-70-6,CC(=CCCC(C)(C=C)OC(=O)C)C,CC(=CCCC(C)(C=C)O)C,linalyl acetate,linalool,Homo sapiens,hOR8K5,117.0,,0.0,False,True,False,,,A untested / B tested,Low,,https://doi.org/10.1038/sdata.2015.2,Multiple CAS hits; exact SMILES used to disambiguate.,a_untested,human_only,43
PAIR_0043,115-95-7__78-70-6,115-95-7,78-70-6,CC(=CCCC(C)(C=C)OC(=O)C)C,CC(=CCCC(C)(C=C)O)C,linalyl acetate,linalool,Homo sapiens,hOR8U1,201.0,,0.0,False,True,False,,,A untested / B tested,Low,,https://doi.org/10.1038/sdata.2015.2,Multiple CAS hits; exact SMILES used to disambiguate.,a_untested,human_only,43
PAIR_0043,115-95-7__78-70-6,115-95-7,78-70-6,CC(=CCCC(C)(C=C)OC(=O)C)C,CC(=CCCC(C)(C=C)O)C,linalyl acetate,linalool,Homo sapiens,hOR8U8,415.0,,0.0,False,True,False,,,A untested / B tested,Medium,,https://doi.org/10.1038/sdata.2015.2,Multiple CAS hits; exact SMILES used to disambiguate.,a_untested,human_only,43
PAIR_0043,115-95-7__78-70-6,115-95-7,78-70-6,CC(=CCCC(C)(C=C)OC(=O)C)C,CC(=CCCC(C)(C=C)O)C,linalyl acetate,linalool,Homo sapiens,hOR8U9,361.0,,0.0,False,True,False,,,A untested / B tested,Low,,https://doi.org/10.1038/sdata.2015.2,Multiple CAS hits; exact SMILES used to disambiguate.,a_untested,human_only,43
PAIR_0043,115-95-7__78-70-6,115-95-7,78-70-6,CC(=CCCC(C)(C=C)OC(=O)C)C,CC(=CCCC(C)(C=C)O)C,linalyl acetate,linalool,Homo sapiens,hOR9A2,63.0,,0.0,False,True,False,,,A untested / B tested,Low,,https://doi.org/10.1038/sdata.2015.2,Multiple CAS hits; exact SMILES used to disambiguate.,a_untested,human_only,43
PAIR_0043,115-95-7__78-70-6,115-95-7,78-70-6,CC(=CCCC(C)(C=C)OC(=O)C)C,CC(=CCCC(C)(C=C)O)C,linalyl acetate,linalool,Homo sapiens,hOR9A4 | OR9A4,64.0,,0.0,False,True,False,,,A untested / B tested,Medium,,https://doi.org/10.1038/sdata.2015.2 | https://doi.org/10.1371/journal.pone.0267356,Multiple CAS hits; exact SMILES used to disambiguate.,a_untested,human_only,43
PAIR_0043,115-95-7__78-70-6,115-95-7,78-70-6,CC(=CCCC(C)(C=C)OC(=O)C)C,CC(=CCCC(C)(C=C)O)C,linalyl acetate,linalool,Homo sapiens,hOR9G1,84.0,,0.0,False,True,False,,,A untested / B tested,Low,,https://doi.org/10.1038/sdata.2015.2,Multiple CAS hits; exact SMILES used to disambiguate.,a_untested,human_only,43
PAIR_0043,115-95-7__78-70-6,115-95-7,78-70-6,CC(=CCCC(C)(C=C)OC(=O)C)C,CC(=CCCC(C)(C=C)O)C,linalyl acetate,linalool,Homo sapiens,hOR9G9,130.0,,0.0,False,True,False,,,A untested / B tested,Low,,https://doi.org/10.1038/sdata.2015.2,Multiple CAS hits; exact SMILES used to disambiguate.,a_untested,human_only,43
PAIR_0043,115-95-7__78-70-6,115-95-7,78-70-6,CC(=CCCC(C)(C=C)OC(=O)C)C,CC(=CCCC(C)(C=C)O)C,linalyl acetate,linalool,Homo sapiens,hOR9I1 | OR9I1,144.0,,0.0,False,True,False,,,A untested / B tested,Medium,,https://doi.org/10.1038/sdata.2015.2 | https://doi.org/10.1371/journal.pone.0267356,Multiple CAS hits; exact SMILES used to disambiguate.,a_untested,human_only,43
PAIR_0043,115-95-7__78-70-6,115-95-7,78-70-6,CC(=CCCC(C)(C=C)OC(=O)C)C,CC(=CCCC(C)(C=C)O)C,linalyl acetate,linalool,Homo sapiens,hOR9K2 | OR9K2,306.0,,0.0,False,True,False,,,A untested / B tested,Medium,,https://doi.org/10.1038/sdata.2015.2 | https://doi.org/10.1371/journal.pone.0267356,Multiple CAS hits; exact SMILES used to disambiguate.,a_untested,human_only,43
PAIR_0043,115-95-7__78-70-6,115-95-7,78-70-6,CC(=CCCC(C)(C=C)OC(=O)C)C,CC(=CCCC(C)(C=C)O)C,linalyl acetate,linalool,Homo sapiens,hOR9Q2,142.0,,0.0,False,True,False,,,A untested / B tested,Low,,https://doi.org/10.1038/sdata.2015.2,Multiple CAS hits; exact SMILES used to disambiguate.,a_untested,human_only,43
PAIR_0043,115-95-7__78-70-6,115-95-7,78-70-6,CC(=CCCC(C)(C=C)OC(=O)C)C,CC(=CCCC(C)(C=C)O)C,linalyl acetate,linalool,Homo sapiens,hOR9Q2 | OR9Q2,417.0,,0.0,False,True,False,,,A untested / B tested,Medium,,https://doi.org/10.1038/sdata.2015.2 | https://doi.org/10.1371/journal.pone.0267356,Multiple CAS hits; exact SMILES used to disambiguate.,a_untested,human_only,43
PAIR_0044,118-58-1__119-36-8,118-58-1,119-36-8,C1=CC=C(C=C1)COC(=O)C2=CC=CC=C2O,COC(=O)C1=CC=CC=C1O,,methyl salicylate,Homo sapiens,OR1L6,258.0,,0.0,False,True,False,,,A untested / B tested,Low,,https://doi.org/10.1038/sdata.2015.2,No Homo sapiens WT OR record found in M2OR.,a_untested,human_only,44
PAIR_0044,118-58-1__119-36-8,118-58-1,119-36-8,C1=CC=C(C=C1)COC(=O)C2=CC=CC=C2O,COC(=O)C1=CC=CC=C1O,,methyl salicylate,Homo sapiens,hOR10A2,134.0,,0.0,False,True,False,,,A untested / B tested,Low,,https://doi.org/10.1038/sdata.2015.2,No Homo sapiens WT OR record found in M2OR.,a_untested,human_only,44
PAIR_0044,118-58-1__119-36-8,118-58-1,119-36-8,C1=CC=C(C=C1)COC(=O)C2=CC=CC=C2O,COC(=O)C1=CC=CC=C1O,,methyl salicylate,Homo sapiens,hOR10A3,338.0,,0.0,False,True,False,,,A untested / B tested,Low,,https://doi.org/10.1038/sdata.2015.2,No Homo sapiens WT OR record found in M2OR.,a_untested,human_only,44
PAIR_0044,118-58-1__119-36-8,118-58-1,119-36-8,C1=CC=C(C=C1)COC(=O)C2=CC=CC=C2O,COC(=O)C1=CC=CC=C1O,,methyl salicylate,Homo sapiens,hOR10A5,506.0,,0.0,False,True,False,,,A untested / B tested,Low,,https://doi.org/10.1038/sdata.2015.2,No Homo sapiens WT OR record found in M2OR.,a_untested,human_only,44
PAIR_0044,118-58-1__119-36-8,118-58-1,119-36-8,C1=CC=C(C=C1)COC(=O)C2=CC=CC=C2O,COC(=O)C1=CC=CC=C1O,,methyl salicylate,Homo sapiens,hOR10A6,181.0,,0.0,False,True,False,,,A untested / B tested,Low,,https://doi.org/10.1038/sdata.2015.2,No Homo sapiens WT OR record found in M2OR.,a_untested,human_only,44
PAIR_0044,118-58-1__119-36-8,118-58-1,119-36-8,C1=CC=C(C=C1)COC(=O)C2=CC=CC=C2O,COC(=O)C1=CC=CC=C1O,,methyl salicylate,Homo sapiens,hOR10A7,210.0,,0.0,False,True,False,,,A untested / B tested,Low,,https://doi.org/10.1038/sdata.2015.2,No Homo sapiens WT OR record found in M2OR.,a_untested,human_only,44
PAIR_0044,118-58-1__119-36-8,118-58-1,119-36-8,C1=CC=C(C=C1)COC(=O)C2=CC=CC=C2O,COC(=O)C1=CC=CC=C1O,,methyl salicylate,Homo sapiens,hOR10AG1,207.0,,0.0,False,True,False,,,A untested / B tested,Low,,https://doi.org/10.1038/sdata.2015.2,No Homo sapiens WT OR record found in M2OR.,a_untested,human_only,44
PAIR_0044,118-58-1__119-36-8,118-58-1,119-36-8,C1=CC=C(C=C1)COC(=O)C2=CC=CC=C2O,COC(=O)C1=CC=CC=C1O,,methyl salicylate,Homo sapiens,hOR10C1,49.0,,0.0,False,True,False,,,A untested / B tested,Low,,https://doi.org/10.1038/sdata.2015.2,No Homo sapiens WT OR record found in M2OR.,a_untested,human_only,44
PAIR_0044,118-58-1__119-36-8,118-58-1,119-36-8,C1=CC=C(C=C1)COC(=O)C2=CC=CC=C2O,COC(=O)C1=CC=CC=C1O,,methyl salicylate,Homo sapiens,hOR10G6,82.0,,0.0,False,True,False,,,A untested / B tested,Low,,https://doi.org/10.1038/sdata.2015.2,No Homo sapiens WT OR record found in M2OR.,a_untested,human_only,44
PAIR_0044,118-58-1__119-36-8,118-58-1,119-36-8,C1=CC=C(C=C1)COC(=O)C2=CC=CC=C2O,COC(=O)C1=CC=CC=C1O,,methyl salicylate,Homo sapiens,hOR10G7,371.0,,1.0,False,True,False,,,A untested / B tested,Low,,https://doi.org/10.1038/sdata.2015.2,No Homo sapiens WT OR record found in M2OR.,a_untested,human_only,44
PAIR_0044,118-58-1__119-36-8,118-58-1,119-36-8,C1=CC=C(C=C1)COC(=O)C2=CC=CC=C2O,COC(=O)C1=CC=CC=C1O,,methyl salicylate,Homo sapiens,hOR10G8,315.0,,0.0,False,True,False,,,A untested / B tested,Low,,https://doi.org/10.1038/sdata.2015.2,No Homo sapiens WT OR record found in M2OR.,a_untested,human_only,44
PAIR_0044,118-58-1__119-36-8,118-58-1,119-36-8,C1=CC=C(C=C1)COC(=O)C2=CC=CC=C2O,COC(=O)C1=CC=CC=C1O,,methyl salicylate,Homo sapiens,hOR10H1,107.0,,0.0,False,True,False,,,A untested / B tested,Low,,https://doi.org/10.1038/sdata.2015.2,No Homo sapiens WT OR record found in M2OR.,a_untested,human_only,44
PAIR_0044,118-58-1__119-36-8,118-58-1,119-36-8,C1=CC=C(C=C1)COC(=O)C2=CC=CC=C2O,COC(=O)C1=CC=CC=C1O,,methyl salicylate,Homo sapiens,hOR10H3,439.0,,0.0,False,True,False,,,A untested / B tested,Low,,https://doi.org/10.1038/sdata.2015.2,No Homo sapiens WT OR record found in M2OR.,a_untested,human_only,44
PAIR_0044,118-58-1__119-36-8,118-58-1,119-36-8,C1=CC=C(C=C1)COC(=O)C2=CC=CC=C2O,COC(=O)C1=CC=CC=C1O,,methyl salicylate,Homo sapiens,hOR10H4,131.0,,0.0,False,True,False,,,A untested / B tested,Low,,https://doi.org/10.1038/sdata.2015.2,No Homo sapiens WT OR record found in M2OR.,a_untested,human_only,44
PAIR_0044,118-58-1__119-36-8,118-58-1,119-36-8,C1=CC=C(C=C1)COC(=O)C2=CC=CC=C2O,COC(=O)C1=CC=CC=C1O,,methyl salicylate,Homo sapiens,hOR10J1,498.0,,0.0,False,True,False,,,A untested / B tested,Low,,https://doi.org/10.1038/sdata.2015.2,No Homo sapiens WT OR record found in M2OR.,a_untested,human_only,44
PAIR_0044,118-58-1__119-36-8,118-58-1,119-36-8,C1=CC=C(C=C1)COC(=O)C2=CC=CC=C2O,COC(=O)C1=CC=CC=C1O,,methyl salicylate,Homo sapiens,hOR10J3,378.0,,0.0,False,True,False,,,A untested / B tested,Low,,https://doi.org/10.1038/sdata.2015.2,No Homo sapiens WT OR record found in M2OR.,a_untested,human_only,44
PAIR_0044,118-58-1__119-36-8,118-58-1,119-36-8,C1=CC=C(C=C1)COC(=O)C2=CC=CC=C2O,COC(=O)C1=CC=CC=C1O,,methyl salicylate,Homo sapiens,hOR10J5,25.0,,0.0,False,True,False,,,A untested / B tested,Low,,https://doi.org/10.1038/sdata.2015.2,No Homo sapiens WT OR record found in M2OR.,a_untested,human_only,44
PAIR_0044,118-58-1__119-36-8,118-58-1,119-36-8,C1=CC=C(C=C1)COC(=O)C2=CC=CC=C2O,COC(=O)C1=CC=CC=C1O,,methyl salicylate,Homo sapiens,hOR10K1,12.0,,0.0,False,True,False,,,A untested / B tested,Low,,https://doi.org/10.1038/sdata.2015.2,No Homo sapiens WT OR record found in M2OR.,a_untested,human_only,44
PAIR_0044,118-58-1__119-36-8,118-58-1,119-36-8,C1=CC=C(C=C1)COC(=O)C2=CC=CC=C2O,COC(=O)C1=CC=CC=C1O,,methyl salicylate,Homo sapiens,hOR10K2,30.0,,0.0,False,True,False,,,A untested / B tested,Low,,https://doi.org/10.1038/sdata.2015.2,No Homo sapiens WT OR record found in M2OR.,a_untested,human_only,44
PAIR_0044,118-58-1__119-36-8,118-58-1,119-36-8,C1=CC=C(C=C1)COC(=O)C2=CC=CC=C2O,COC(=O)C1=CC=CC=C1O,,methyl salicylate,Homo sapiens,hOR10P1,211.0,,0.0,False,True,False,,,A untested / B tested,Low,,https://doi.org/10.1038/sdata.2015.2,No Homo sapiens WT OR record found in M2OR.,a_untested,human_only,44
PAIR_0044,118-58-1__119-36-8,118-58-1,119-36-8,C1=CC=C(C=C1)COC(=O)C2=CC=CC=C2O,COC(=O)C1=CC=CC=C1O,,methyl salicylate,Homo sapiens,hOR10Q1,166.0,,0.0,False,True,False,,,A untested / B tested,Low,,https://doi.org/10.1038/sdata.2015.2,No Homo sapiens WT OR record found in M2OR.,a_untested,human_only,44
PAIR_0044,118-58-1__119-36-8,118-58-1,119-36-8,C1=CC=C(C=C1)COC(=O)C2=CC=CC=C2O,COC(=O)C1=CC=CC=C1O,,methyl salicylate,Homo sapiens,hOR10R2,321.0,,0.0,False,True,False,,,A untested / B tested,Low,,https://doi.org/10.1038/sdata.2015.2,No Homo sapiens WT OR record found in M2OR.,a_untested,human_only,44
PAIR_0044,118-58-1__119-36-8,118-58-1,119-36-8,C1=CC=C(C=C1)COC(=O)C2=CC=CC=C2O,COC(=O)C1=CC=CC=C1O,,methyl salicylate,Homo sapiens,hOR10T2,21.0,,0.0,False,True,False,,,A untested / B tested,Low,,https://doi.org/10.1038/sdata.2015.2,No Homo sapiens WT OR record found in M2OR.,a_untested,human_only,44
PAIR_0044,118-58-1__119-36-8,118-58-1,119-36-8,C1=CC=C(C=C1)COC(=O)C2=CC=CC=C2O,COC(=O)C1=CC=CC=C1O,,methyl salicylate,Homo sapiens,hOR10X1,257.0,,0.0,False,True,False,,,A untested / B tested,Low,,https://doi.org/10.1038/sdata.2015.2,No Homo sapiens WT OR record found in M2OR.,a_untested,human_only,44
PAIR_0044,118-58-1__119-36-8,118-58-1,119-36-8,C1=CC=C(C=C1)COC(=O)C2=CC=CC=C2O,COC(=O)C1=CC=CC=C1O,,methyl salicylate,Homo sapiens,hOR10Z1,14.0,,0.0,False,True,False,,,A untested / B tested,Low,,https://doi.org/10.1038/sdata.2015.2,No Homo sapiens WT OR record found in M2OR.,a_untested,human_only,44
PAIR_0044,118-58-1__119-36-8,118-58-1,119-36-8,C1=CC=C(C=C1)COC(=O)C2=CC=CC=C2O,COC(=O)C1=CC=CC=C1O,,methyl salicylate,Homo sapiens,hOR11A1,47.0,,0.0,False,True,False,,,A untested / B tested,Low,,https://doi.org/10.1038/sdata.2015.2,No Homo sapiens WT OR record found in M2OR.,a_untested,human_only,44
PAIR_0044,118-58-1__119-36-8,118-58-1,119-36-8,C1=CC=C(C=C1)COC(=O)C2=CC=CC=C2O,COC(=O)C1=CC=CC=C1O,,methyl salicylate,Homo sapiens,hOR11G2,499.0,,0.0,False,True,False,,,A untested / B tested,Low,,https://doi.org/10.1038/sdata.2015.2,No Homo sapiens WT OR record found in M2OR.,a_untested,human_only,44
PAIR_0044,118-58-1__119-36-8,118-58-1,119-36-8,C1=CC=C(C=C1)COC(=O)C2=CC=CC=C2O,COC(=O)C1=CC=CC=C1O,,methyl salicylate,Homo sapiens,hOR11H1,469.0,,0.0,False,True,False,,,A untested / B tested,Low,,https://doi.org/10.1038/sdata.2015.2,No Homo sapiens WT OR record found in M2OR.,a_untested,human_only,44
PAIR_0044,118-58-1__119-36-8,118-58-1,119-36-8,C1=CC=C(C=C1)COC(=O)C2=CC=CC=C2O,COC(=O)C1=CC=CC=C1O,,methyl salicylate,Homo sapiens,hOR11H12,248.0,,0.0,False,True,False,,,A untested / B tested,Low,,https://doi.org/10.1038/sdata.2015.2,No Homo sapiens WT OR record found in M2OR.,a_untested,human_only,44
PAIR_0044,118-58-1__119-36-8,118-58-1,119-36-8,C1=CC=C(C=C1)COC(=O)C2=CC=CC=C2O,COC(=O)C1=CC=CC=C1O,,methyl salicylate,Homo sapiens,hOR11H13,357.0,,0.0,False,True,False,,,A untested / B tested,Medium,,https://doi.org/10.1038/sdata.2015.2,No Homo sapiens WT OR record found in M2OR.,a_untested,human_only,44
PAIR_0044,118-58-1__119-36-8,118-58-1,119-36-8,C1=CC=C(C=C1)COC(=O)C2=CC=CC=C2O,COC(=O)C1=CC=CC=C1O,,methyl salicylate,Homo sapiens,hOR11H4,218.0,,0.0,False,True,False,,,A untested / B tested,Low,,https://doi.org/10.1038/sdata.2015.2,No Homo sapiens WT OR record found in M2OR.,a_untested,human_only,44
PAIR_0044,118-58-1__119-36-8,118-58-1,119-36-8,C1=CC=C(C=C1)COC(=O)C2=CC=CC=C2O,COC(=O)C1=CC=CC=C1O,,methyl salicylate,Homo sapiens,hOR11H6,228.0,,0.0,False,True,False,,,A untested / B tested,Low,,https://doi.org/10.1038/sdata.2015.2,No Homo sapiens WT OR record found in M2OR.,a_untested,human_only,44
PAIR_0044,118-58-1__119-36-8,118-58-1,119-36-8,C1=CC=C(C=C1)COC(=O)C2=CC=CC=C2O,COC(=O)C1=CC=CC=C1O,,methyl salicylate,Homo sapiens,hOR12D2,58.0,,0.0,False,True,False,,,A untested / B tested,Low,,https://doi.org/10.1038/sdata.2015.2,No Homo sapiens WT OR record found in M2OR.,a_untested,human_only,44
PAIR_0044,118-58-1__119-36-8,118-58-1,119-36-8,C1=CC=C(C=C1)COC(=O)C2=CC=CC=C2O,COC(=O)C1=CC=CC=C1O,,methyl salicylate,Homo sapiens,hOR12D3,55.0,,0.0,False,True,False,,,A untested / B tested,Medium,,https://doi.org/10.1038/sdata.2015.2,No Homo sapiens WT OR record found in M2OR.,a_untested,human_only,44
PAIR_0044,118-58-1__119-36-8,118-58-1,119-36-8,C1=CC=C(C=C1)COC(=O)C2=CC=CC=C2O,COC(=O)C1=CC=CC=C1O,,methyl salicylate,Homo sapiens,hOR13A1,81.0,,0.0,False,True,False,,,A untested / B tested,Low,,https://doi.org/10.1038/sdata.2015.2,No Homo sapiens WT OR record found in M2OR.,a_untested,human_only,44
PAIR_0044,118-58-1__119-36-8,118-58-1,119-36-8,C1=CC=C(C=C1)COC(=O)C2=CC=CC=C2O,COC(=O)C1=CC=CC=C1O,,methyl salicylate,Homo sapiens,hOR13C2,502.0,,0.0,False,True,False,,,A untested / B tested,Low,,https://doi.org/10.1038/sdata.2015.2,No Homo sapiens WT OR record found in M2OR.,a_untested,human_only,44
PAIR_0044,118-58-1__119-36-8,118-58-1,119-36-8,C1=CC=C(C=C1)COC(=O)C2=CC=CC=C2O,COC(=O)C1=CC=CC=C1O,,methyl salicylate,Homo sapiens,hOR13C3,307.0,,0.0,False,True,False,,,A untested / B tested,Low,,https://doi.org/10.1038/sdata.2015.2,No Homo sapiens WT OR record found in M2OR.,a_untested,human_only,44
PAIR_0044,118-58-1__119-36-8,118-58-1,119-36-8,C1=CC=C(C=C1)COC(=O)C2=CC=CC=C2O,COC(=O)C1=CC=CC=C1O,,methyl salicylate,Homo sapiens,hOR13C4,72.0,,0.0,False,True,False,,,A untested / B tested,Low,,https://doi.org/10.1038/sdata.2015.2,No Homo sapiens WT OR record found in M2OR.,a_untested,human_only,44
PAIR_0044,118-58-1__119-36-8,118-58-1,119-36-8,C1=CC=C(C=C1)COC(=O)C2=CC=CC=C2O,COC(=O)C1=CC=CC=C1O,,methyl salicylate,Homo sapiens,hOR13C8,73.0,,0.0,False,True,False,,,A untested / B tested,Low,,https://doi.org/10.1038/sdata.2015.2,No Homo sapiens WT OR record found in M2OR.,a_untested,human_only,44
PAIR_0044,118-58-1__119-36-8,118-58-1,119-36-8,C1=CC=C(C=C1)COC(=O)C2=CC=CC=C2O,COC(=O)C1=CC=CC=C1O,,methyl salicylate,Homo sapiens,hOR13D1,271.0,,0.0,False,True,False,,,A untested / B tested,Medium,,https://doi.org/10.1038/sdata.2015.2,No Homo sapiens WT OR record found in M2OR.,a_untested,human_only,44
PAIR_0044,118-58-1__119-36-8,118-58-1,119-36-8,C1=CC=C(C=C1)COC(=O)C2=CC=CC=C2O,COC(=O)C1=CC=CC=C1O,,methyl salicylate,Homo sapiens,hOR13H1,413.0,,0.0,False,True,False,,,A untested / B tested,Low,,https://doi.org/10.1038/sdata.2015.2,No Homo sapiens WT OR record found in M2OR.,a_untested,human_only,44
PAIR_0044,118-58-1__119-36-8,118-58-1,119-36-8,C1=CC=C(C=C1)COC(=O)C2=CC=CC=C2O,COC(=O)C1=CC=CC=C1O,,methyl salicylate,Homo sapiens,hOR14A2,32.0,,0.0,False,True,False,,,A untested / B tested,Low,,https://doi.org/10.1038/sdata.2015.2,No Homo sapiens WT OR record found in M2OR.,a_untested,human_only,44
PAIR_0044,118-58-1__119-36-8,118-58-1,119-36-8,C1=CC=C(C=C1)COC(=O)C2=CC=CC=C2O,COC(=O)C1=CC=CC=C1O,,methyl salicylate,Homo sapiens,hOR14J1,160.0,,0.0,False,True,False,,,A untested / B tested,Low,,https://doi.org/10.1038/sdata.2015.2,No Homo sapiens WT OR record found in M2OR.,a_untested,human_only,44
PAIR_0044,118-58-1__119-36-8,118-58-1,119-36-8,C1=CC=C(C=C1)COC(=O)C2=CC=CC=C2O,COC(=O)C1=CC=CC=C1O,,methyl salicylate,Homo sapiens,hOR14K1,33.0,,0.0,False,True,False,,,A untested / B tested,Low,,https://doi.org/10.1038/sdata.2015.2,No Homo sapiens WT OR record found in M2OR.,a_untested,human_only,44
PAIR_0044,118-58-1__119-36-8,118-58-1,119-36-8,C1=CC=C(C=C1)COC(=O)C2=CC=CC=C2O,COC(=O)C1=CC=CC=C1O,,methyl salicylate,Homo sapiens,hOR14L1,17.0,,0.0,False,True,False,,,A untested / B tested,Low,,https://doi.org/10.1038/sdata.2015.2,No Homo sapiens WT OR record found in M2OR.,a_untested,human_only,44
PAIR_0044,118-58-1__119-36-8,118-58-1,119-36-8,C1=CC=C(C=C1)COC(=O)C2=CC=CC=C2O,COC(=O)C1=CC=CC=C1O,,methyl salicylate,Homo sapiens,hOR1A1,29.0,,0.0,False,True,False,,,A untested / B tested,Medium,,https://doi.org/10.1038/sdata.2015.2,No Homo sapiens WT OR record found in M2OR.,a_untested,human_only,44
PAIR_0044,118-58-1__119-36-8,118-58-1,119-36-8,C1=CC=C(C=C1)COC(=O)C2=CC=CC=C2O,COC(=O)C1=CC=CC=C1O,,methyl salicylate,Homo sapiens,hOR1A2,111.0,,0.0,False,True,False,,,A untested / B tested,Low,,https://doi.org/10.1038/sdata.2015.2,No Homo sapiens WT OR record found in M2OR.,a_untested,human_only,44
PAIR_0044,118-58-1__119-36-8,118-58-1,119-36-8,C1=CC=C(C=C1)COC(=O)C2=CC=CC=C2O,COC(=O)C1=CC=CC=C1O,,methyl salicylate,Homo sapiens,hOR1C1,34.0,,0.0,False,True,False,,,A untested / B tested,Medium,,https://doi.org/10.1038/sdata.2015.2,No Homo sapiens WT OR record found in M2OR.,a_untested,human_only,44
PAIR_0044,118-58-1__119-36-8,118-58-1,119-36-8,C1=CC=C(C=C1)COC(=O)C2=CC=CC=C2O,COC(=O)C1=CC=CC=C1O,,methyl salicylate,Homo sapiens,hOR1D2,283.0,,0.0,False,True,False,,,A untested / B tested,Low,,https://doi.org/10.1038/sdata.2015.2,No Homo sapiens WT OR record found in M2OR.,a_untested,human_only,44
PAIR_0044,118-58-1__119-36-8,118-58-1,119-36-8,C1=CC=C(C=C1)COC(=O)C2=CC=CC=C2O,COC(=O)C1=CC=CC=C1O,,methyl salicylate,Homo sapiens,hOR1D5,239.0,,0.0,False,True,False,,,A untested / B tested,Low,,https://doi.org/10.1038/sdata.2015.2,No Homo sapiens WT OR record found in M2OR.,a_untested,human_only,44
PAIR_0044,118-58-1__119-36-8,118-58-1,119-36-8,C1=CC=C(C=C1)COC(=O)C2=CC=CC=C2O,COC(=O)C1=CC=CC=C1O,,methyl salicylate,Homo sapiens,hOR1E1,213.0,,0.0,False,True,False,,,A untested / B tested,Low,,https://doi.org/10.1038/sdata.2015.2,No Homo sapiens WT OR record found in M2OR.,a_untested,human_only,44
PAIR_0044,118-58-1__119-36-8,118-58-1,119-36-8,C1=CC=C(C=C1)COC(=O)C2=CC=CC=C2O,COC(=O)C1=CC=CC=C1O,,methyl salicylate,Homo sapiens,hOR1E2,431.0,,0.0,False,True,False,,,A untested / B tested,Low,,https://doi.org/10.1038/sdata.2015.2,No Homo sapiens WT OR record found in M2OR.,a_untested,human_only,44
PAIR_0044,118-58-1__119-36-8,118-58-1,119-36-8,C1=CC=C(C=C1)COC(=O)C2=CC=CC=C2O,COC(=O)C1=CC=CC=C1O,,methyl salicylate,Homo sapiens,hOR1F12,487.0,,0.0,False,True,False,,,A untested / B tested,Low,,https://doi.org/10.1038/sdata.2015.2,No Homo sapiens WT OR record found in M2OR.,a_untested,human_only,44
PAIR_0044,118-58-1__119-36-8,118-58-1,119-36-8,C1=CC=C(C=C1)COC(=O)C2=CC=CC=C2O,COC(=O)C1=CC=CC=C1O,,methyl salicylate,Homo sapiens,hOR1G1,405.0,,0.0,False,True,False,,,A untested / B tested,Medium,,https://doi.org/10.1038/sdata.2015.2 | https://doi.org/10.1093/chemse/bji002,No Homo sapiens WT OR record found in M2OR.,a_untested,human_only,44
PAIR_0044,118-58-1__119-36-8,118-58-1,119-36-8,C1=CC=C(C=C1)COC(=O)C2=CC=CC=C2O,COC(=O)C1=CC=CC=C1O,,methyl salicylate,Homo sapiens,hOR1J1,488.0,,0.0,False,True,False,,,A untested / B tested,Low,,https://doi.org/10.1038/sdata.2015.2,No Homo sapiens WT OR record found in M2OR.,a_untested,human_only,44
PAIR_0044,118-58-1__119-36-8,118-58-1,119-36-8,C1=CC=C(C=C1)COC(=O)C2=CC=CC=C2O,COC(=O)C1=CC=CC=C1O,,methyl salicylate,Homo sapiens,hOR1J2,365.0,,0.0,False,True,False,,,A untested / B tested,Low,,https://doi.org/10.1038/sdata.2015.2,No Homo sapiens WT OR record found in M2OR.,a_untested,human_only,44
PAIR_0044,118-58-1__119-36-8,118-58-1,119-36-8,C1=CC=C(C=C1)COC(=O)C2=CC=CC=C2O,COC(=O)C1=CC=CC=C1O,,methyl salicylate,Homo sapiens,hOR1J4,352.0,,0.0,False,True,False,,,A untested / B tested,Low,,https://doi.org/10.1038/sdata.2015.2,No Homo sapiens WT OR record found in M2OR.,a_untested,human_only,44
PAIR_0044,118-58-1__119-36-8,118-58-1,119-36-8,C1=CC=C(C=C1)COC(=O)C2=CC=CC=C2O,COC(=O)C1=CC=CC=C1O,,methyl salicylate,Homo sapiens,hOR1K1,70.0,,0.0,False,True,False,,,A untested / B tested,Low,,https://doi.org/10.1038/sdata.2015.2,No Homo sapiens WT OR record found in M2OR.,a_untested,human_only,44
PAIR_0044,118-58-1__119-36-8,118-58-1,119-36-8,C1=CC=C(C=C1)COC(=O)C2=CC=CC=C2O,COC(=O)C1=CC=CC=C1O,,methyl salicylate,Homo sapiens,hOR1L1,287.0,,0.0,False,True,False,,,A untested / B tested,Low,,https://doi.org/10.1038/sdata.2015.2,No Homo sapiens WT OR record found in M2OR.,a_untested,human_only,44
PAIR_0044,118-58-1__119-36-8,118-58-1,119-36-8,C1=CC=C(C=C1)COC(=O)C2=CC=CC=C2O,COC(=O)C1=CC=CC=C1O,,methyl salicylate,Homo sapiens,hOR1L3,71.0,,0.0,False,True,False,,,A untested / B tested,Low,,https://doi.org/10.1038/sdata.2015.2,No Homo sapiens WT OR record found in M2OR.,a_untested,human_only,44
PAIR_0044,118-58-1__119-36-8,118-58-1,119-36-8,C1=CC=C(C=C1)COC(=O)C2=CC=CC=C2O,COC(=O)C1=CC=CC=C1O,,methyl salicylate,Homo sapiens,hOR1L8,69.0,,0.0,False,True,False,,,A untested / B tested,Low,,https://doi.org/10.1038/sdata.2015.2,No Homo sapiens WT OR record found in M2OR.,a_untested,human_only,44
PAIR_0044,118-58-1__119-36-8,118-58-1,119-36-8,C1=CC=C(C=C1)COC(=O)C2=CC=CC=C2O,COC(=O)C1=CC=CC=C1O,,methyl salicylate,Homo sapiens,hOR1M1,164.0,,0.0,False,True,False,,,A untested / B tested,Low,,https://doi.org/10.1038/sdata.2015.2,No Homo sapiens WT OR record found in M2OR.,a_untested,human_only,44
PAIR_0044,118-58-1__119-36-8,118-58-1,119-36-8,C1=CC=C(C=C1)COC(=O)C2=CC=CC=C2O,COC(=O)C1=CC=CC=C1O,,methyl salicylate,Homo sapiens,hOR1N1,382.0,,0.0,False,True,False,,,A untested / B tested,Medium,,https://doi.org/10.1038/sdata.2015.2,No Homo sapiens WT OR record found in M2OR.,a_untested,human_only,44
PAIR_0044,118-58-1__119-36-8,118-58-1,119-36-8,C1=CC=C(C=C1)COC(=O)C2=CC=CC=C2O,COC(=O)C1=CC=CC=C1O,,methyl salicylate,Homo sapiens,hOR1N2,421.0,,0.0,False,True,False,,,A untested / B tested,Low,,https://doi.org/10.1038/sdata.2015.2,No Homo sapiens WT OR record found in M2OR.,a_untested,human_only,44
PAIR_0044,118-58-1__119-36-8,118-58-1,119-36-8,C1=CC=C(C=C1)COC(=O)C2=CC=CC=C2O,COC(=O)C1=CC=CC=C1O,,methyl salicylate,Homo sapiens,hOR1S1,376.0,,0.0,False,True,False,,,A untested / B tested,Low,,https://doi.org/10.1038/sdata.2015.2,No Homo sapiens WT OR record found in M2OR.,a_untested,human_only,44
PAIR_0044,118-58-1__119-36-8,118-58-1,119-36-8,C1=CC=C(C=C1)COC(=O)C2=CC=CC=C2O,COC(=O)C1=CC=CC=C1O,,methyl salicylate,Homo sapiens,hOR1S2,20.0,,0.0,False,True,False,,,A untested / B tested,Low,,https://doi.org/10.1038/sdata.2015.2,No Homo sapiens WT OR record found in M2OR.,a_untested,human_only,44
PAIR_0044,118-58-1__119-36-8,118-58-1,119-36-8,C1=CC=C(C=C1)COC(=O)C2=CC=CC=C2O,COC(=O)C1=CC=CC=C1O,,methyl salicylate,Homo sapiens,hOR2A1,61.0,,0.0,False,True,False,,,A untested / B tested,Low,,https://doi.org/10.1038/sdata.2015.2,No Homo sapiens WT OR record found in M2OR.,a_untested,human_only,44
PAIR_0044,118-58-1__119-36-8,118-58-1,119-36-8,C1=CC=C(C=C1)COC(=O)C2=CC=CC=C2O,COC(=O)C1=CC=CC=C1O,,methyl salicylate,Homo sapiens,hOR2A12,67.0,,0.0,False,True,False,,,A untested / B tested,Low,,https://doi.org/10.1038/sdata.2015.2,No Homo sapiens WT OR record found in M2OR.,a_untested,human_only,44
PAIR_0044,118-58-1__119-36-8,118-58-1,119-36-8,C1=CC=C(C=C1)COC(=O)C2=CC=CC=C2O,COC(=O)C1=CC=CC=C1O,,methyl salicylate,Homo sapiens,hOR2A14,66.0,,0.0,False,True,False,,,A untested / B tested,Low,,https://doi.org/10.1038/sdata.2015.2,No Homo sapiens WT OR record found in M2OR.,a_untested,human_only,44
PAIR_0044,118-58-1__119-36-8,118-58-1,119-36-8,C1=CC=C(C=C1)COC(=O)C2=CC=CC=C2O,COC(=O)C1=CC=CC=C1O,,methyl salicylate,Homo sapiens,hOR2A2,394.0,,0.0,False,True,False,,,A untested / B tested,Low,,https://doi.org/10.1038/sdata.2015.2,No Homo sapiens WT OR record found in M2OR.,a_untested,human_only,44
PAIR_0044,118-58-1__119-36-8,118-58-1,119-36-8,C1=CC=C(C=C1)COC(=O)C2=CC=CC=C2O,COC(=O)C1=CC=CC=C1O,,methyl salicylate,Homo sapiens,hOR2A25,302.0,,0.0,False,True,False,,,A untested / B tested,Low,,https://doi.org/10.1038/sdata.2015.2,No Homo sapiens WT OR record found in M2OR.,a_untested,human_only,44
PAIR_0044,118-58-1__119-36-8,118-58-1,119-36-8,C1=CC=C(C=C1)COC(=O)C2=CC=CC=C2O,COC(=O)C1=CC=CC=C1O,,methyl salicylate,Homo sapiens,hOR2A4,299.0,,0.0,False,True,False,,,A untested / B tested,Low,,https://doi.org/10.1038/sdata.2015.2,No Homo sapiens WT OR record found in M2OR.,a_untested,human_only,44
PAIR_0044,118-58-1__119-36-8,118-58-1,119-36-8,C1=CC=C(C=C1)COC(=O)C2=CC=CC=C2O,COC(=O)C1=CC=CC=C1O,,methyl salicylate,Homo sapiens,hOR2A42,473.0,,0.0,False,True,False,,,A untested / B tested,Low,,https://doi.org/10.1038/sdata.2015.2,No Homo sapiens WT OR record found in M2OR.,a_untested,human_only,44
PAIR_0044,118-58-1__119-36-8,118-58-1,119-36-8,C1=CC=C(C=C1)COC(=O)C2=CC=CC=C2O,COC(=O)C1=CC=CC=C1O,,methyl salicylate,Homo sapiens,hOR2A5,359.0,,0.0,False,True,False,,,A untested / B tested,Low,,https://doi.org/10.1038/sdata.2015.2,No Homo sapiens WT OR record found in M2OR.,a_untested,human_only,44
PAIR_0044,118-58-1__119-36-8,118-58-1,119-36-8,C1=CC=C(C=C1)COC(=O)C2=CC=CC=C2O,COC(=O)C1=CC=CC=C1O,,methyl salicylate,Homo sapiens,hOR2A7,5.0,,0.0,False,True,False,,,A untested / B tested,Low,,https://doi.org/10.1038/sdata.2015.2,No Homo sapiens WT OR record found in M2OR.,a_untested,human_only,44
PAIR_0044,118-58-1__119-36-8,118-58-1,119-36-8,C1=CC=C(C=C1)COC(=O)C2=CC=CC=C2O,COC(=O)C1=CC=CC=C1O,,methyl salicylate,Homo sapiens,hOR2AG1,85.0,,0.0,False,True,False,,,A untested / B tested,Low,,https://doi.org/10.1038/sdata.2015.2,No Homo sapiens WT OR record found in M2OR.,a_untested,human_only,44
PAIR_0044,118-58-1__119-36-8,118-58-1,119-36-8,C1=CC=C(C=C1)COC(=O)C2=CC=CC=C2O,COC(=O)C1=CC=CC=C1O,,methyl salicylate,Homo sapiens,hOR2AG2,427.0,,0.0,False,True,False,,,A untested / B tested,Low,,https://doi.org/10.1038/sdata.2015.2,No Homo sapiens WT OR record found in M2OR.,a_untested,human_only,44
PAIR_0044,118-58-1__119-36-8,118-58-1,119-36-8,C1=CC=C(C=C1)COC(=O)C2=CC=CC=C2O,COC(=O)C1=CC=CC=C1O,,methyl salicylate,Homo sapiens,hOR2AP1,212.0,,0.0,False,True,False,,,A untested / B tested,Low,,https://doi.org/10.1038/sdata.2015.2,No Homo sapiens WT OR record found in M2OR.,a_untested,human_only,44
PAIR_0044,118-58-1__119-36-8,118-58-1,119-36-8,C1=CC=C(C=C1)COC(=O)C2=CC=CC=C2O,COC(=O)C1=CC=CC=C1O,,methyl salicylate,Homo sapiens,hOR2AT4,436.0,,0.0,False,True,False,,,A untested / B tested,Low,,https://doi.org/10.1038/sdata.2015.2,No Homo sapiens WT OR record found in M2OR.,a_untested,human_only,44
PAIR_0044,118-58-1__119-36-8,118-58-1,119-36-8,C1=CC=C(C=C1)COC(=O)C2=CC=CC=C2O,COC(=O)C1=CC=CC=C1O,,methyl salicylate,Homo sapiens,hOR2B11,339.0,,0.0,False,True,False,,,A untested / B tested,Low,,https://doi.org/10.1038/sdata.2015.2,No Homo sapiens WT OR record found in M2OR.,a_untested,human_only,44
PAIR_0044,118-58-1__119-36-8,118-58-1,119-36-8,C1=CC=C(C=C1)COC(=O)C2=CC=CC=C2O,COC(=O)C1=CC=CC=C1O,,methyl salicylate,Homo sapiens,hOR2B2,150.0,,0.0,False,True,False,,,A untested / B tested,Low,,https://doi.org/10.1038/sdata.2015.2,No Homo sapiens WT OR record found in M2OR.,a_untested,human_only,44
PAIR_0044,118-58-1__119-36-8,118-58-1,119-36-8,C1=CC=C(C=C1)COC(=O)C2=CC=CC=C2O,COC(=O)C1=CC=CC=C1O,,methyl salicylate,Homo sapiens,hOR2B3,48.0,,0.0,False,True,False,,,A untested / B tested,Low,,https://doi.org/10.1038/sdata.2015.2,No Homo sapiens WT OR record found in M2OR.,a_untested,human_only,44
PAIR_0044,118-58-1__119-36-8,118-58-1,119-36-8,C1=CC=C(C=C1)COC(=O)C2=CC=CC=C2O,COC(=O)C1=CC=CC=C1O,,methyl salicylate,Homo sapiens,hOR2B6,358.0,,0.0,False,True,False,,,A untested / B tested,Low,,https://doi.org/10.1038/sdata.2015.2,No Homo sapiens WT OR record found in M2OR.,a_untested,human_only,44
PAIR_0044,118-58-1__119-36-8,118-58-1,119-36-8,C1=CC=C(C=C1)COC(=O)C2=CC=CC=C2O,COC(=O)C1=CC=CC=C1O,,methyl salicylate,Homo sapiens,hOR2C1,329.0,,0.0,False,True,False,,,A untested / B tested,Medium,,https://doi.org/10.1038/sdata.2015.2,No Homo sapiens WT OR record found in M2OR.,a_untested,human_only,44
PAIR_0044,118-58-1__119-36-8,118-58-1,119-36-8,C1=CC=C(C=C1)COC(=O)C2=CC=CC=C2O,COC(=O)C1=CC=CC=C1O,,methyl salicylate,Homo sapiens,hOR2D2,193.0,,0.0,False,True,False,,,A untested / B tested,Low,,https://doi.org/10.1038/sdata.2015.2,No Homo sapiens WT OR record found in M2OR.,a_untested,human_only,44
PAIR_0044,118-58-1__119-36-8,118-58-1,119-36-8,C1=CC=C(C=C1)COC(=O)C2=CC=CC=C2O,COC(=O)C1=CC=CC=C1O,,methyl salicylate,Homo sapiens,hOR2F1,65.0,,0.0,False,True,False,,,A untested / B tested,Low,,https://doi.org/10.1038/sdata.2015.2,No Homo sapiens WT OR record found in M2OR.,a_untested,human_only,44
PAIR_0044,118-58-1__119-36-8,118-58-1,119-36-8,C1=CC=C(C=C1)COC(=O)C2=CC=CC=C2O,COC(=O)C1=CC=CC=C1O,,methyl salicylate,Homo sapiens,hOR2G2,298.0,,0.0,False,True,False,,,A untested / B tested,Low,,https://doi.org/10.1038/sdata.2015.2,No Homo sapiens WT OR record found in M2OR.,a_untested,human_only,44
PAIR_0044,118-58-1__119-36-8,118-58-1,119-36-8,C1=CC=C(C=C1)COC(=O)C2=CC=CC=C2O,COC(=O)C1=CC=CC=C1O,,methyl salicylate,Homo sapiens,hOR2G3,265.0,,0.0,False,True,False,,,A untested / B tested,Low,,https://doi.org/10.1038/sdata.2015.2,No Homo sapiens WT OR record found in M2OR.,a_untested,human_only,44
PAIR_0044,118-58-1__119-36-8,118-58-1,119-36-8,C1=CC=C(C=C1)COC(=O)C2=CC=CC=C2O,COC(=O)C1=CC=CC=C1O,,methyl salicylate,Homo sapiens,hOR2G6,404.0,,0.0,False,True,False,,,A untested / B tested,Low,,https://doi.org/10.1038/sdata.2015.2,No Homo sapiens WT OR record found in M2OR.,a_untested,human_only,44
PAIR_0044,118-58-1__119-36-8,118-58-1,119-36-8,C1=CC=C(C=C1)COC(=O)C2=CC=CC=C2O,COC(=O)C1=CC=CC=C1O,,methyl salicylate,Homo sapiens,hOR2H1,311.0,,0.0,False,True,False,,,A untested / B tested,Low,,https://doi.org/10.1038/sdata.2015.2,No Homo sapiens WT OR record found in M2OR.,a_untested,human_only,44
PAIR_0044,118-58-1__119-36-8,118-58-1,119-36-8,C1=CC=C(C=C1)COC(=O)C2=CC=CC=C2O,COC(=O)C1=CC=CC=C1O,,methyl salicylate,Homo sapiens,hOR2H2,50.0,,0.0,False,True,False,,,A untested / B tested,Low,,https://doi.org/10.1038/sdata.2015.2,No Homo sapiens WT OR record found in M2OR.,a_untested,human_only,44
PAIR_0044,118-58-1__119-36-8,118-58-1,119-36-8,C1=CC=C(C=C1)COC(=O)C2=CC=CC=C2O,COC(=O)C1=CC=CC=C1O,,methyl salicylate,Homo sapiens,hOR2J1,261.0,,0.0,False,True,False,,,A untested / B tested,Low,,https://doi.org/10.1038/sdata.2015.2,No Homo sapiens WT OR record found in M2OR.,a_untested,human_only,44
PAIR_0044,118-58-1__119-36-8,118-58-1,119-36-8,C1=CC=C(C=C1)COC(=O)C2=CC=CC=C2O,COC(=O)C1=CC=CC=C1O,,methyl salicylate,Homo sapiens,hOR2J2,324.0,,0.0,False,True,False,,,A untested / B tested,Low,,https://doi.org/10.1038/sdata.2015.2,No Homo sapiens WT OR record found in M2OR.,a_untested,human_only,44
PAIR_0044,118-58-1__119-36-8,118-58-1,119-36-8,C1=CC=C(C=C1)COC(=O)C2=CC=CC=C2O,COC(=O)C1=CC=CC=C1O,,methyl salicylate,Homo sapiens,hOR2K2,373.0,,0.0,False,True,False,,,A untested / B tested,Low,,https://doi.org/10.1038/sdata.2015.2,No Homo sapiens WT OR record found in M2OR.,a_untested,human_only,44
PAIR_0044,118-58-1__119-36-8,118-58-1,119-36-8,C1=CC=C(C=C1)COC(=O)C2=CC=CC=C2O,COC(=O)C1=CC=CC=C1O,,methyl salicylate,Homo sapiens,hOR2L13,6.0,,0.0,False,True,False,,,A untested / B tested,Low,,https://doi.org/10.1038/sdata.2015.2,No Homo sapiens WT OR record found in M2OR.,a_untested,human_only,44
PAIR_0044,118-58-1__119-36-8,118-58-1,119-36-8,C1=CC=C(C=C1)COC(=O)C2=CC=CC=C2O,COC(=O)C1=CC=CC=C1O,,methyl salicylate,Homo sapiens,hOR2L2,383.0,,0.0,False,True,False,,,A untested / B tested,Low,,https://doi.org/10.1038/sdata.2015.2,No Homo sapiens WT OR record found in M2OR.,a_untested,human_only,44
PAIR_0044,118-58-1__119-36-8,118-58-1,119-36-8,C1=CC=C(C=C1)COC(=O)C2=CC=CC=C2O,COC(=O)C1=CC=CC=C1O,,methyl salicylate,Homo sapiens,hOR2L3,440.0,,0.0,False,True,False,,,A untested / B tested,Low,,https://doi.org/10.1038/sdata.2015.2,No Homo sapiens WT OR record found in M2OR.,a_untested,human_only,44
PAIR_0044,118-58-1__119-36-8,118-58-1,119-36-8,C1=CC=C(C=C1)COC(=O)C2=CC=CC=C2O,COC(=O)C1=CC=CC=C1O,,methyl salicylate,Homo sapiens,hOR2L5,489.0,,0.0,False,True,False,,,A untested / B tested,Low,,https://doi.org/10.1038/sdata.2015.2,No Homo sapiens WT OR record found in M2OR.,a_untested,human_only,44
PAIR_0044,118-58-1__119-36-8,118-58-1,119-36-8,C1=CC=C(C=C1)COC(=O)C2=CC=CC=C2O,COC(=O)C1=CC=CC=C1O,,methyl salicylate,Homo sapiens,hOR2L8,429.0,,0.0,False,True,False,,,A untested / B tested,Low,,https://doi.org/10.1038/sdata.2015.2,No Homo sapiens WT OR record found in M2OR.,a_untested,human_only,44
PAIR_0044,118-58-1__119-36-8,118-58-1,119-36-8,C1=CC=C(C=C1)COC(=O)C2=CC=CC=C2O,COC(=O)C1=CC=CC=C1O,,methyl salicylate,Homo sapiens,hOR2M3,40.0,,0.0,False,True,False,,,A untested / B tested,Low,,https://doi.org/10.1038/sdata.2015.2,No Homo sapiens WT OR record found in M2OR.,a_untested,human_only,44
PAIR_0044,118-58-1__119-36-8,118-58-1,119-36-8,C1=CC=C(C=C1)COC(=O)C2=CC=CC=C2O,COC(=O)C1=CC=CC=C1O,,methyl salicylate,Homo sapiens,hOR2M4,39.0,,0.0,False,True,False,,,A untested / B tested,Low,,https://doi.org/10.1038/sdata.2015.2,No Homo sapiens WT OR record found in M2OR.,a_untested,human_only,44
PAIR_0044,118-58-1__119-36-8,118-58-1,119-36-8,C1=CC=C(C=C1)COC(=O)C2=CC=CC=C2O,COC(=O)C1=CC=CC=C1O,,methyl salicylate,Homo sapiens,hOR2M5,128.0,,0.0,False,True,False,,,A untested / B tested,Low,,https://doi.org/10.1038/sdata.2015.2,No Homo sapiens WT OR record found in M2OR.,a_untested,human_only,44
PAIR_0044,118-58-1__119-36-8,118-58-1,119-36-8,C1=CC=C(C=C1)COC(=O)C2=CC=CC=C2O,COC(=O)C1=CC=CC=C1O,,methyl salicylate,Homo sapiens,hOR2M7,284.0,,0.0,False,True,False,,,A untested / B tested,Low,,https://doi.org/10.1038/sdata.2015.2,No Homo sapiens WT OR record found in M2OR.,a_untested,human_only,44
PAIR_0044,118-58-1__119-36-8,118-58-1,119-36-8,C1=CC=C(C=C1)COC(=O)C2=CC=CC=C2O,COC(=O)C1=CC=CC=C1O,,methyl salicylate,Homo sapiens,hOR2S2,381.0,,0.0,False,True,False,,,A untested / B tested,Low,,https://doi.org/10.1038/sdata.2015.2,No Homo sapiens WT OR record found in M2OR.,a_untested,human_only,44
PAIR_0044,118-58-1__119-36-8,118-58-1,119-36-8,C1=CC=C(C=C1)COC(=O)C2=CC=CC=C2O,COC(=O)C1=CC=CC=C1O,,methyl salicylate,Homo sapiens,hOR2T10,36.0,,0.0,False,True,False,,,A untested / B tested,Low,,https://doi.org/10.1038/sdata.2015.2,No Homo sapiens WT OR record found in M2OR.,a_untested,human_only,44
PAIR_0044,118-58-1__119-36-8,118-58-1,119-36-8,C1=CC=C(C=C1)COC(=O)C2=CC=CC=C2O,COC(=O)C1=CC=CC=C1O,,methyl salicylate,Homo sapiens,hOR2T2,471.0,,0.0,False,True,False,,,A untested / B tested,Low,,https://doi.org/10.1038/sdata.2015.2,No Homo sapiens WT OR record found in M2OR.,a_untested,human_only,44
PAIR_0044,118-58-1__119-36-8,118-58-1,119-36-8,C1=CC=C(C=C1)COC(=O)C2=CC=CC=C2O,COC(=O)C1=CC=CC=C1O,,methyl salicylate,Homo sapiens,hOR2T29,455.0,,0.0,False,True,False,,,A untested / B tested,Low,,https://doi.org/10.1038/sdata.2015.2,No Homo sapiens WT OR record found in M2OR.,a_untested,human_only,44
PAIR_0044,118-58-1__119-36-8,118-58-1,119-36-8,C1=CC=C(C=C1)COC(=O)C2=CC=CC=C2O,COC(=O)C1=CC=CC=C1O,,methyl salicylate,Homo sapiens,hOR2T3,317.0,,0.0,False,True,False,,,A untested / B tested,Low,,https://doi.org/10.1038/sdata.2015.2,No Homo sapiens WT OR record found in M2OR.,a_untested,human_only,44
PAIR_0044,118-58-1__119-36-8,118-58-1,119-36-8,C1=CC=C(C=C1)COC(=O)C2=CC=CC=C2O,COC(=O)C1=CC=CC=C1O,,methyl salicylate,Homo sapiens,hOR2T34,37.0,,0.0,False,True,False,,,A untested / B tested,Low,,https://doi.org/10.1038/sdata.2015.2,No Homo sapiens WT OR record found in M2OR.,a_untested,human_only,44
PAIR_0044,118-58-1__119-36-8,118-58-1,119-36-8,C1=CC=C(C=C1)COC(=O)C2=CC=CC=C2O,COC(=O)C1=CC=CC=C1O,,methyl salicylate,Homo sapiens,hOR2T4,276.0,,0.0,False,True,False,,,A untested / B tested,Low,,https://doi.org/10.1038/sdata.2015.2,No Homo sapiens WT OR record found in M2OR.,a_untested,human_only,44
PAIR_0044,118-58-1__119-36-8,118-58-1,119-36-8,C1=CC=C(C=C1)COC(=O)C2=CC=CC=C2O,COC(=O)C1=CC=CC=C1O,,methyl salicylate,Homo sapiens,hOR2T5,411.0,,0.0,False,True,False,,,A untested / B tested,Medium,,https://doi.org/10.1038/sdata.2015.2,No Homo sapiens WT OR record found in M2OR.,a_untested,human_only,44
PAIR_0044,118-58-1__119-36-8,118-58-1,119-36-8,C1=CC=C(C=C1)COC(=O)C2=CC=CC=C2O,COC(=O)C1=CC=CC=C1O,,methyl salicylate,Homo sapiens,hOR2T8,478.0,,0.0,False,True,False,,,A untested / B tested,Low,,https://doi.org/10.1038/sdata.2015.2,No Homo sapiens WT OR record found in M2OR.,a_untested,human_only,44
PAIR_0044,118-58-1__119-36-8,118-58-1,119-36-8,C1=CC=C(C=C1)COC(=O)C2=CC=CC=C2O,COC(=O)C1=CC=CC=C1O,,methyl salicylate,Homo sapiens,hOR2V1,503.0,,0.0,False,True,False,,,A untested / B tested,Low,,https://doi.org/10.1038/sdata.2015.2,No Homo sapiens WT OR record found in M2OR.,a_untested,human_only,44
PAIR_0044,118-58-1__119-36-8,118-58-1,119-36-8,C1=CC=C(C=C1)COC(=O)C2=CC=CC=C2O,COC(=O)C1=CC=CC=C1O,,methyl salicylate,Homo sapiens,hOR2W1,51.0,,0.0,False,True,False,,,A untested / B tested,Medium,,https://doi.org/10.1038/sdata.2015.2,No Homo sapiens WT OR record found in M2OR.,a_untested,human_only,44
PAIR_0044,118-58-1__119-36-8,118-58-1,119-36-8,C1=CC=C(C=C1)COC(=O)C2=CC=CC=C2O,COC(=O)C1=CC=CC=C1O,,methyl salicylate,Homo sapiens,hOR2W5,422.0,,0.0,False,True,False,,,A untested / B tested,Low,,https://doi.org/10.1038/sdata.2015.2,No Homo sapiens WT OR record found in M2OR.,a_untested,human_only,44
PAIR_0044,118-58-1__119-36-8,118-58-1,119-36-8,C1=CC=C(C=C1)COC(=O)C2=CC=CC=C2O,COC(=O)C1=CC=CC=C1O,,methyl salicylate,Homo sapiens,hOR2Z1,243.0,,0.0,False,True,False,,,A untested / B tested,Low,,https://doi.org/10.1038/sdata.2015.2,No Homo sapiens WT OR record found in M2OR.,a_untested,human_only,44
PAIR_0044,118-58-1__119-36-8,118-58-1,119-36-8,C1=CC=C(C=C1)COC(=O)C2=CC=CC=C2O,COC(=O)C1=CC=CC=C1O,,methyl salicylate,Homo sapiens,hOR3A1,483.0,,0.0,False,True,False,,,A untested / B tested,Low,,https://doi.org/10.1038/sdata.2015.2,No Homo sapiens WT OR record found in M2OR.,a_untested,human_only,44
PAIR_0044,118-58-1__119-36-8,118-58-1,119-36-8,C1=CC=C(C=C1)COC(=O)C2=CC=CC=C2O,COC(=O)C1=CC=CC=C1O,,methyl salicylate,Homo sapiens,hOR3A2,238.0,,0.0,False,True,False,,,A untested / B tested,Low,,https://doi.org/10.1038/sdata.2015.2,No Homo sapiens WT OR record found in M2OR.,a_untested,human_only,44
PAIR_0044,118-58-1__119-36-8,118-58-1,119-36-8,C1=CC=C(C=C1)COC(=O)C2=CC=CC=C2O,COC(=O)C1=CC=CC=C1O,,methyl salicylate,Homo sapiens,hOR3A3,457.0,,0.0,False,True,False,,,A untested / B tested,Low,,https://doi.org/10.1038/sdata.2015.2,No Homo sapiens WT OR record found in M2OR.,a_untested,human_only,44
PAIR_0044,118-58-1__119-36-8,118-58-1,119-36-8,C1=CC=C(C=C1)COC(=O)C2=CC=CC=C2O,COC(=O)C1=CC=CC=C1O,,methyl salicylate,Homo sapiens,hOR4A16,432.0,,0.0,False,True,False,,,A untested / B tested,Low,,https://doi.org/10.1038/sdata.2015.2,No Homo sapiens WT OR record found in M2OR.,a_untested,human_only,44
PAIR_0044,118-58-1__119-36-8,118-58-1,119-36-8,C1=CC=C(C=C1)COC(=O)C2=CC=CC=C2O,COC(=O)C1=CC=CC=C1O,,methyl salicylate,Homo sapiens,hOR4A4,425.0,,0.0,False,True,False,,,A untested / B tested,Low,,https://doi.org/10.1038/sdata.2015.2,No Homo sapiens WT OR record found in M2OR.,a_untested,human_only,44
PAIR_0044,118-58-1__119-36-8,118-58-1,119-36-8,C1=CC=C(C=C1)COC(=O)C2=CC=CC=C2O,COC(=O)C1=CC=CC=C1O,,methyl salicylate,Homo sapiens,hOR4A5,484.0,,0.0,False,True,False,,,A untested / B tested,Low,,https://doi.org/10.1038/sdata.2015.2,No Homo sapiens WT OR record found in M2OR.,a_untested,human_only,44
PAIR_0044,118-58-1__119-36-8,118-58-1,119-36-8,C1=CC=C(C=C1)COC(=O)C2=CC=CC=C2O,COC(=O)C1=CC=CC=C1O,,methyl salicylate,Homo sapiens,hOR4B1,153.0,,0.0,False,True,False,,,A untested / B tested,Low,,https://doi.org/10.1038/sdata.2015.2,No Homo sapiens WT OR record found in M2OR.,a_untested,human_only,44
PAIR_0044,118-58-1__119-36-8,118-58-1,119-36-8,C1=CC=C(C=C1)COC(=O)C2=CC=CC=C2O,COC(=O)C1=CC=CC=C1O,,methyl salicylate,Homo sapiens,hOR4C11,203.0,,0.0,False,True,False,,,A untested / B tested,Low,,https://doi.org/10.1038/sdata.2015.2,No Homo sapiens WT OR record found in M2OR.,a_untested,human_only,44
PAIR_0044,118-58-1__119-36-8,118-58-1,119-36-8,C1=CC=C(C=C1)COC(=O)C2=CC=CC=C2O,COC(=O)C1=CC=CC=C1O,,methyl salicylate,Homo sapiens,hOR4C15,269.0,,0.0,False,True,False,,,A untested / B tested,Medium,,https://doi.org/10.1038/sdata.2015.2,No Homo sapiens WT OR record found in M2OR.,a_untested,human_only,44
PAIR_0044,118-58-1__119-36-8,118-58-1,119-36-8,C1=CC=C(C=C1)COC(=O)C2=CC=CC=C2O,COC(=O)C1=CC=CC=C1O,,methyl salicylate,Homo sapiens,hOR4C3,236.0,,0.0,False,True,False,,,A untested / B tested,Low,,https://doi.org/10.1038/sdata.2015.2,No Homo sapiens WT OR record found in M2OR.,a_untested,human_only,44
PAIR_0044,118-58-1__119-36-8,118-58-1,119-36-8,C1=CC=C(C=C1)COC(=O)C2=CC=CC=C2O,COC(=O)C1=CC=CC=C1O,,methyl salicylate,Homo sapiens,hOR4C5,251.0,,0.0,False,True,False,,,A untested / B tested,Medium,,https://doi.org/10.1038/sdata.2015.2,No Homo sapiens WT OR record found in M2OR.,a_untested,human_only,44
PAIR_0044,118-58-1__119-36-8,118-58-1,119-36-8,C1=CC=C(C=C1)COC(=O)C2=CC=CC=C2O,COC(=O)C1=CC=CC=C1O,,methyl salicylate,Homo sapiens,hOR4C6,188.0,,0.0,False,True,False,,,A untested / B tested,Low,,https://doi.org/10.1038/sdata.2015.2,No Homo sapiens WT OR record found in M2OR.,a_untested,human_only,44
PAIR_0044,118-58-1__119-36-8,118-58-1,119-36-8,C1=CC=C(C=C1)COC(=O)C2=CC=CC=C2O,COC(=O)C1=CC=CC=C1O,,methyl salicylate,Homo sapiens,hOR4D1,259.0,,0.0,False,True,False,,,A untested / B tested,Low,,https://doi.org/10.1038/sdata.2015.2,No Homo sapiens WT OR record found in M2OR.,a_untested,human_only,44
PAIR_0044,118-58-1__119-36-8,118-58-1,119-36-8,C1=CC=C(C=C1)COC(=O)C2=CC=CC=C2O,COC(=O)C1=CC=CC=C1O,,methyl salicylate,Homo sapiens,hOR4D10,139.0,,0.0,False,True,False,,,A untested / B tested,Low,,https://doi.org/10.1038/sdata.2015.2,No Homo sapiens WT OR record found in M2OR.,a_untested,human_only,44
PAIR_0044,118-58-1__119-36-8,118-58-1,119-36-8,C1=CC=C(C=C1)COC(=O)C2=CC=CC=C2O,COC(=O)C1=CC=CC=C1O,,methyl salicylate,Homo sapiens,hOR4D11,202.0,,0.0,False,True,False,,,A untested / B tested,Low,,https://doi.org/10.1038/sdata.2015.2,No Homo sapiens WT OR record found in M2OR.,a_untested,human_only,44
PAIR_0044,118-58-1__119-36-8,118-58-1,119-36-8,C1=CC=C(C=C1)COC(=O)C2=CC=CC=C2O,COC(=O)C1=CC=CC=C1O,,methyl salicylate,Homo sapiens,hOR4D5,94.0,,0.0,False,True,False,,,A untested / B tested,Low,,https://doi.org/10.1038/sdata.2015.2,No Homo sapiens WT OR record found in M2OR.,a_untested,human_only,44
PAIR_0044,118-58-1__119-36-8,118-58-1,119-36-8,C1=CC=C(C=C1)COC(=O)C2=CC=CC=C2O,COC(=O)C1=CC=CC=C1O,,methyl salicylate,Homo sapiens,hOR4D9,180.0,,0.0,False,True,False,,,A untested / B tested,Low,,https://doi.org/10.1038/sdata.2015.2,No Homo sapiens WT OR record found in M2OR.,a_untested,human_only,44
PAIR_0044,118-58-1__119-36-8,118-58-1,119-36-8,C1=CC=C(C=C1)COC(=O)C2=CC=CC=C2O,COC(=O)C1=CC=CC=C1O,,methyl salicylate,Homo sapiens,hOR4F15,356.0,,0.0,False,True,False,,,A untested / B tested,Low,,https://doi.org/10.1038/sdata.2015.2,No Homo sapiens WT OR record found in M2OR.,a_untested,human_only,44
PAIR_0044,118-58-1__119-36-8,118-58-1,119-36-8,C1=CC=C(C=C1)COC(=O)C2=CC=CC=C2O,COC(=O)C1=CC=CC=C1O,,methyl salicylate,Homo sapiens,hOR4F16,45.0,,0.0,False,True,False,,,A untested / B tested,Low,,https://doi.org/10.1038/sdata.2015.2,No Homo sapiens WT OR record found in M2OR.,a_untested,human_only,44
PAIR_0044,118-58-1__119-36-8,118-58-1,119-36-8,C1=CC=C(C=C1)COC(=O)C2=CC=CC=C2O,COC(=O)C1=CC=CC=C1O,,methyl salicylate,Homo sapiens,hOR4F17,122.0,,0.0,False,True,False,,,A untested / B tested,Low,,https://doi.org/10.1038/sdata.2015.2,No Homo sapiens WT OR record found in M2OR.,a_untested,human_only,44
PAIR_0044,118-58-1__119-36-8,118-58-1,119-36-8,C1=CC=C(C=C1)COC(=O)C2=CC=CC=C2O,COC(=O)C1=CC=CC=C1O,,methyl salicylate,Homo sapiens,hOR4F21,481.0,,0.0,False,True,False,,,A untested / B tested,Low,,https://doi.org/10.1038/sdata.2015.2,No Homo sapiens WT OR record found in M2OR.,a_untested,human_only,44
PAIR_0044,118-58-1__119-36-8,118-58-1,119-36-8,C1=CC=C(C=C1)COC(=O)C2=CC=CC=C2O,COC(=O)C1=CC=CC=C1O,,methyl salicylate,Homo sapiens,hOR4F4,464.0,,0.0,False,True,False,,,A untested / B tested,Low,,https://doi.org/10.1038/sdata.2015.2,No Homo sapiens WT OR record found in M2OR.,a_untested,human_only,44
PAIR_0044,118-58-1__119-36-8,118-58-1,119-36-8,C1=CC=C(C=C1)COC(=O)C2=CC=CC=C2O,COC(=O)C1=CC=CC=C1O,,methyl salicylate,Homo sapiens,hOR4F5,466.0,,0.0,False,True,False,,,A untested / B tested,Low,,https://doi.org/10.1038/sdata.2015.2,No Homo sapiens WT OR record found in M2OR.,a_untested,human_only,44
PAIR_0044,118-58-1__119-36-8,118-58-1,119-36-8,C1=CC=C(C=C1)COC(=O)C2=CC=CC=C2O,COC(=O)C1=CC=CC=C1O,,methyl salicylate,Homo sapiens,hOR4F6,450.0,,0.0,False,True,False,,,A untested / B tested,Low,,https://doi.org/10.1038/sdata.2015.2,No Homo sapiens WT OR record found in M2OR.,a_untested,human_only,44
PAIR_0044,118-58-1__119-36-8,118-58-1,119-36-8,C1=CC=C(C=C1)COC(=O)C2=CC=CC=C2O,COC(=O)C1=CC=CC=C1O,,methyl salicylate,Homo sapiens,hOR4K13,220.0,,0.0,False,True,False,,,A untested / B tested,Low,,https://doi.org/10.1038/sdata.2015.2,No Homo sapiens WT OR record found in M2OR.,a_untested,human_only,44
PAIR_0044,118-58-1__119-36-8,118-58-1,119-36-8,C1=CC=C(C=C1)COC(=O)C2=CC=CC=C2O,COC(=O)C1=CC=CC=C1O,,methyl salicylate,Homo sapiens,hOR4K14,229.0,,0.0,False,True,False,,,A untested / B tested,Low,,https://doi.org/10.1038/sdata.2015.2,No Homo sapiens WT OR record found in M2OR.,a_untested,human_only,44
PAIR_0044,118-58-1__119-36-8,118-58-1,119-36-8,C1=CC=C(C=C1)COC(=O)C2=CC=CC=C2O,COC(=O)C1=CC=CC=C1O,,methyl salicylate,Homo sapiens,hOR4K17,340.0,,0.0,False,True,False,,,A untested / B tested,Low,,https://doi.org/10.1038/sdata.2015.2,No Homo sapiens WT OR record found in M2OR.,a_untested,human_only,44
PAIR_0044,118-58-1__119-36-8,118-58-1,119-36-8,C1=CC=C(C=C1)COC(=O)C2=CC=CC=C2O,COC(=O)C1=CC=CC=C1O,,methyl salicylate,Homo sapiens,hOR4K2,214.0,,0.0,False,True,False,,,A untested / B tested,Low,,https://doi.org/10.1038/sdata.2015.2,No Homo sapiens WT OR record found in M2OR.,a_untested,human_only,44
PAIR_0044,118-58-1__119-36-8,118-58-1,119-36-8,C1=CC=C(C=C1)COC(=O)C2=CC=CC=C2O,COC(=O)C1=CC=CC=C1O,,methyl salicylate,Homo sapiens,hOR4K3,215.0,,0.0,False,True,False,,,A untested / B tested,Low,,https://doi.org/10.1038/sdata.2015.2,No Homo sapiens WT OR record found in M2OR.,a_untested,human_only,44
PAIR_0044,118-58-1__119-36-8,118-58-1,119-36-8,C1=CC=C(C=C1)COC(=O)C2=CC=CC=C2O,COC(=O)C1=CC=CC=C1O,,methyl salicylate,Homo sapiens,hOR4K5,216.0,,0.0,False,True,False,,,A untested / B tested,Low,,https://doi.org/10.1038/sdata.2015.2,No Homo sapiens WT OR record found in M2OR.,a_untested,human_only,44
PAIR_0044,118-58-1__119-36-8,118-58-1,119-36-8,C1=CC=C(C=C1)COC(=O)C2=CC=CC=C2O,COC(=O)C1=CC=CC=C1O,,methyl salicylate,Homo sapiens,hOR4M1,470.0,,0.0,False,True,False,,,A untested / B tested,Low,,https://doi.org/10.1038/sdata.2015.2,No Homo sapiens WT OR record found in M2OR.,a_untested,human_only,44
PAIR_0044,118-58-1__119-36-8,118-58-1,119-36-8,C1=CC=C(C=C1)COC(=O)C2=CC=CC=C2O,COC(=O)C1=CC=CC=C1O,,methyl salicylate,Homo sapiens,hOR4M2,231.0,,0.0,False,True,False,,,A untested / B tested,Low,,https://doi.org/10.1038/sdata.2015.2,No Homo sapiens WT OR record found in M2OR.,a_untested,human_only,44
PAIR_0044,118-58-1__119-36-8,118-58-1,119-36-8,C1=CC=C(C=C1)COC(=O)C2=CC=CC=C2O,COC(=O)C1=CC=CC=C1O,,methyl salicylate,Homo sapiens,hOR4N2,222.0,,0.0,False,True,False,,,A untested / B tested,Low,,https://doi.org/10.1038/sdata.2015.2,No Homo sapiens WT OR record found in M2OR.,a_untested,human_only,44
PAIR_0044,118-58-1__119-36-8,118-58-1,119-36-8,C1=CC=C(C=C1)COC(=O)C2=CC=CC=C2O,COC(=O)C1=CC=CC=C1O,,methyl salicylate,Homo sapiens,hOR4N4,230.0,,0.0,False,True,False,,,A untested / B tested,Low,,https://doi.org/10.1038/sdata.2015.2,No Homo sapiens WT OR record found in M2OR.,a_untested,human_only,44
PAIR_0044,118-58-1__119-36-8,118-58-1,119-36-8,C1=CC=C(C=C1)COC(=O)C2=CC=CC=C2O,COC(=O)C1=CC=CC=C1O,,methyl salicylate,Homo sapiens,hOR4N5,217.0,,0.0,False,True,False,,,A untested / B tested,Low,,https://doi.org/10.1038/sdata.2015.2,No Homo sapiens WT OR record found in M2OR.,a_untested,human_only,44
PAIR_0044,118-58-1__119-36-8,118-58-1,119-36-8,C1=CC=C(C=C1)COC(=O)C2=CC=CC=C2O,COC(=O)C1=CC=CC=C1O,,methyl salicylate,Homo sapiens,hOR4P4,109.0,,0.0,False,True,False,,,A untested / B tested,Low,,https://doi.org/10.1038/sdata.2015.2,No Homo sapiens WT OR record found in M2OR.,a_untested,human_only,44
PAIR_0044,118-58-1__119-36-8,118-58-1,119-36-8,C1=CC=C(C=C1)COC(=O)C2=CC=CC=C2O,COC(=O)C1=CC=CC=C1O,,methyl salicylate,Homo sapiens,hOR4Q3,333.0,,0.0,False,True,False,,,A untested / B tested,Low,,https://doi.org/10.1038/sdata.2015.2,No Homo sapiens WT OR record found in M2OR.,a_untested,human_only,44
PAIR_0044,118-58-1__119-36-8,118-58-1,119-36-8,C1=CC=C(C=C1)COC(=O)C2=CC=CC=C2O,COC(=O)C1=CC=CC=C1O,,methyl salicylate,Homo sapiens,hOR4S1,235.0,,0.0,False,True,False,,,A untested / B tested,Low,,https://doi.org/10.1038/sdata.2015.2,No Homo sapiens WT OR record found in M2OR.,a_untested,human_only,44
PAIR_0044,118-58-1__119-36-8,118-58-1,119-36-8,C1=CC=C(C=C1)COC(=O)C2=CC=CC=C2O,COC(=O)C1=CC=CC=C1O,,methyl salicylate,Homo sapiens,hOR4S2,140.0,,0.0,False,True,False,,,A untested / B tested,Low,,https://doi.org/10.1038/sdata.2015.2,No Homo sapiens WT OR record found in M2OR.,a_untested,human_only,44
PAIR_0044,118-58-1__119-36-8,118-58-1,119-36-8,C1=CC=C(C=C1)COC(=O)C2=CC=CC=C2O,COC(=O)C1=CC=CC=C1O,,methyl salicylate,Homo sapiens,hOR4X2,157.0,,0.0,False,True,False,,,A untested / B tested,Low,,https://doi.org/10.1038/sdata.2015.2,No Homo sapiens WT OR record found in M2OR.,a_untested,human_only,44
PAIR_0044,118-58-1__119-36-8,118-58-1,119-36-8,C1=CC=C(C=C1)COC(=O)C2=CC=CC=C2O,COC(=O)C1=CC=CC=C1O,,methyl salicylate,Homo sapiens,hOR51A2,479.0,,0.0,False,True,False,,,A untested / B tested,Low,,https://doi.org/10.1038/sdata.2015.2,No Homo sapiens WT OR record found in M2OR.,a_untested,human_only,44
PAIR_0044,118-58-1__119-36-8,118-58-1,119-36-8,C1=CC=C(C=C1)COC(=O)C2=CC=CC=C2O,COC(=O)C1=CC=CC=C1O,,methyl salicylate,Homo sapiens,hOR51B2,459.0,,0.0,False,True,False,,,A untested / B tested,Low,,https://doi.org/10.1038/sdata.2015.2,No Homo sapiens WT OR record found in M2OR.,a_untested,human_only,44
PAIR_0044,118-58-1__119-36-8,118-58-1,119-36-8,C1=CC=C(C=C1)COC(=O)C2=CC=CC=C2O,COC(=O)C1=CC=CC=C1O,,methyl salicylate,Homo sapiens,hOR51B5,461.0,,0.0,False,True,False,,,A untested / B tested,Low,,https://doi.org/10.1038/sdata.2015.2,No Homo sapiens WT OR record found in M2OR.,a_untested,human_only,44
PAIR_0044,118-58-1__119-36-8,118-58-1,119-36-8,C1=CC=C(C=C1)COC(=O)C2=CC=CC=C2O,COC(=O)C1=CC=CC=C1O,,methyl salicylate,Homo sapiens,hOR51B6,462.0,,0.0,False,True,False,,,A untested / B tested,Low,,https://doi.org/10.1038/sdata.2015.2,No Homo sapiens WT OR record found in M2OR.,a_untested,human_only,44
PAIR_0044,118-58-1__119-36-8,118-58-1,119-36-8,C1=CC=C(C=C1)COC(=O)C2=CC=CC=C2O,COC(=O)C1=CC=CC=C1O,,methyl salicylate,Homo sapiens,hOR51D1,169.0,,0.0,False,True,False,,,A untested / B tested,Low,,https://doi.org/10.1038/sdata.2015.2,No Homo sapiens WT OR record found in M2OR.,a_untested,human_only,44
PAIR_0044,118-58-1__119-36-8,118-58-1,119-36-8,C1=CC=C(C=C1)COC(=O)C2=CC=CC=C2O,COC(=O)C1=CC=CC=C1O,,methyl salicylate,Homo sapiens,hOR51E1,100.0,,0.0,False,True,False,,,A untested / B tested,Medium,,https://doi.org/10.1038/sdata.2015.2,No Homo sapiens WT OR record found in M2OR.,a_untested,human_only,44
PAIR_0044,118-58-1__119-36-8,118-58-1,119-36-8,C1=CC=C(C=C1)COC(=O)C2=CC=CC=C2O,COC(=O)C1=CC=CC=C1O,,methyl salicylate,Homo sapiens,hOR51E2,168.0,,0.0,False,True,False,,,A untested / B tested,Low,,https://doi.org/10.1038/sdata.2015.2,No Homo sapiens WT OR record found in M2OR.,a_untested,human_only,44
PAIR_0044,118-58-1__119-36-8,118-58-1,119-36-8,C1=CC=C(C=C1)COC(=O)C2=CC=CC=C2O,COC(=O)C1=CC=CC=C1O,,methyl salicylate,Homo sapiens,hOR51F1,485.0,,0.0,False,True,False,,,A untested / B tested,Low,,https://doi.org/10.1038/sdata.2015.2,No Homo sapiens WT OR record found in M2OR.,a_untested,human_only,44
PAIR_0044,118-58-1__119-36-8,118-58-1,119-36-8,C1=CC=C(C=C1)COC(=O)C2=CC=CC=C2O,COC(=O)C1=CC=CC=C1O,,methyl salicylate,Homo sapiens,hOR51F2,266.0,,0.0,False,True,False,,,A untested / B tested,Low,,https://doi.org/10.1038/sdata.2015.2,No Homo sapiens WT OR record found in M2OR.,a_untested,human_only,44
PAIR_0044,118-58-1__119-36-8,118-58-1,119-36-8,C1=CC=C(C=C1)COC(=O)C2=CC=CC=C2O,COC(=O)C1=CC=CC=C1O,,methyl salicylate,Homo sapiens,hOR51G1,126.0,,0.0,False,True,False,,,A untested / B tested,Low,,https://doi.org/10.1038/sdata.2015.2,No Homo sapiens WT OR record found in M2OR.,a_untested,human_only,44
PAIR_0044,118-58-1__119-36-8,118-58-1,119-36-8,C1=CC=C(C=C1)COC(=O)C2=CC=CC=C2O,COC(=O)C1=CC=CC=C1O,,methyl salicylate,Homo sapiens,hOR51G2,165.0,,0.0,False,True,False,,,A untested / B tested,Low,,https://doi.org/10.1038/sdata.2015.2,No Homo sapiens WT OR record found in M2OR.,a_untested,human_only,44
PAIR_0044,118-58-1__119-36-8,118-58-1,119-36-8,C1=CC=C(C=C1)COC(=O)C2=CC=CC=C2O,COC(=O)C1=CC=CC=C1O,,methyl salicylate,Homo sapiens,hOR51H1,149.0,,0.0,False,True,False,,,A untested / B tested,Low,,https://doi.org/10.1038/sdata.2015.2,No Homo sapiens WT OR record found in M2OR.,a_untested,human_only,44
PAIR_0044,118-58-1__119-36-8,118-58-1,119-36-8,C1=CC=C(C=C1)COC(=O)C2=CC=CC=C2O,COC(=O)C1=CC=CC=C1O,,methyl salicylate,Homo sapiens,hOR51I1,463.0,,0.0,False,True,False,,,A untested / B tested,Low,,https://doi.org/10.1038/sdata.2015.2,No Homo sapiens WT OR record found in M2OR.,a_untested,human_only,44
PAIR_0044,118-58-1__119-36-8,118-58-1,119-36-8,C1=CC=C(C=C1)COC(=O)C2=CC=CC=C2O,COC(=O)C1=CC=CC=C1O,,methyl salicylate,Homo sapiens,hOR51I2,104.0,,0.0,False,True,False,,,A untested / B tested,Low,,https://doi.org/10.1038/sdata.2015.2,No Homo sapiens WT OR record found in M2OR.,a_untested,human_only,44
PAIR_0044,118-58-1__119-36-8,118-58-1,119-36-8,C1=CC=C(C=C1)COC(=O)C2=CC=CC=C2O,COC(=O)C1=CC=CC=C1O,,methyl salicylate,Homo sapiens,hOR51L1,447.0,,0.0,False,True,False,,,A untested / B tested,Low,,https://doi.org/10.1038/sdata.2015.2,No Homo sapiens WT OR record found in M2OR.,a_untested,human_only,44
PAIR_0044,118-58-1__119-36-8,118-58-1,119-36-8,C1=CC=C(C=C1)COC(=O)C2=CC=CC=C2O,COC(=O)C1=CC=CC=C1O,,methyl salicylate,Homo sapiens,hOR51Q1,154.0,,0.0,False,True,False,,,A untested / B tested,Low,,https://doi.org/10.1038/sdata.2015.2,No Homo sapiens WT OR record found in M2OR.,a_untested,human_only,44
PAIR_0044,118-58-1__119-36-8,118-58-1,119-36-8,C1=CC=C(C=C1)COC(=O)C2=CC=CC=C2O,COC(=O)C1=CC=CC=C1O,,methyl salicylate,Homo sapiens,hOR51S1,491.0,,0.0,False,True,False,,,A untested / B tested,Low,,https://doi.org/10.1038/sdata.2015.2,No Homo sapiens WT OR record found in M2OR.,a_untested,human_only,44
PAIR_0044,118-58-1__119-36-8,118-58-1,119-36-8,C1=CC=C(C=C1)COC(=O)C2=CC=CC=C2O,COC(=O)C1=CC=CC=C1O,,methyl salicylate,Homo sapiens,hOR51T1,264.0,,0.0,False,True,False,,,A untested / B tested,Low,,https://doi.org/10.1038/sdata.2015.2,No Homo sapiens WT OR record found in M2OR.,a_untested,human_only,44
PAIR_0044,118-58-1__119-36-8,118-58-1,119-36-8,C1=CC=C(C=C1)COC(=O)C2=CC=CC=C2O,COC(=O)C1=CC=CC=C1O,,methyl salicylate,Homo sapiens,hOR51V1,492.0,,0.0,False,True,False,,,A untested / B tested,Low,,https://doi.org/10.1038/sdata.2015.2,No Homo sapiens WT OR record found in M2OR.,a_untested,human_only,44
PAIR_0044,118-58-1__119-36-8,118-58-1,119-36-8,C1=CC=C(C=C1)COC(=O)C2=CC=CC=C2O,COC(=O)C1=CC=CC=C1O,,methyl salicylate,Homo sapiens,hOR52A4,504.0,,0.0,False,True,False,,,A untested / B tested,Low,,https://doi.org/10.1038/sdata.2015.2,No Homo sapiens WT OR record found in M2OR.,a_untested,human_only,44
PAIR_0044,118-58-1__119-36-8,118-58-1,119-36-8,C1=CC=C(C=C1)COC(=O)C2=CC=CC=C2O,COC(=O)C1=CC=CC=C1O,,methyl salicylate,Homo sapiens,hOR52A5,476.0,,0.0,False,True,False,,,A untested / B tested,Low,,https://doi.org/10.1038/sdata.2015.2,No Homo sapiens WT OR record found in M2OR.,a_untested,human_only,44
PAIR_0044,118-58-1__119-36-8,118-58-1,119-36-8,C1=CC=C(C=C1)COC(=O)C2=CC=CC=C2O,COC(=O)C1=CC=CC=C1O,,methyl salicylate,Homo sapiens,hOR52B2,173.0,,0.0,False,True,False,,,A untested / B tested,Low,,https://doi.org/10.1038/sdata.2015.2,No Homo sapiens WT OR record found in M2OR.,a_untested,human_only,44
PAIR_0044,118-58-1__119-36-8,118-58-1,119-36-8,C1=CC=C(C=C1)COC(=O)C2=CC=CC=C2O,COC(=O)C1=CC=CC=C1O,,methyl salicylate,Homo sapiens,hOR52B4,270.0,,0.0,False,True,False,,,A untested / B tested,Low,,https://doi.org/10.1038/sdata.2015.2,No Homo sapiens WT OR record found in M2OR.,a_untested,human_only,44
PAIR_0044,118-58-1__119-36-8,118-58-1,119-36-8,C1=CC=C(C=C1)COC(=O)C2=CC=CC=C2O,COC(=O)C1=CC=CC=C1O,,methyl salicylate,Homo sapiens,hOR52D1,125.0,,0.0,False,True,False,,,A untested / B tested,Medium,,https://doi.org/10.1038/sdata.2015.2 | https://doi.org/10.1093/chemse/bji002,No Homo sapiens WT OR record found in M2OR.,a_untested,human_only,44
PAIR_0044,118-58-1__119-36-8,118-58-1,119-36-8,C1=CC=C(C=C1)COC(=O)C2=CC=CC=C2O,COC(=O)C1=CC=CC=C1O,,methyl salicylate,Homo sapiens,hOR52E1,86.0,,0.0,False,True,False,,,A untested / B tested,Low,,https://doi.org/10.1038/sdata.2015.2,No Homo sapiens WT OR record found in M2OR.,a_untested,human_only,44
PAIR_0044,118-58-1__119-36-8,118-58-1,119-36-8,C1=CC=C(C=C1)COC(=O)C2=CC=CC=C2O,COC(=O)C1=CC=CC=C1O,,methyl salicylate,Homo sapiens,hOR52E6,163.0,,0.0,False,True,False,,,A untested / B tested,Low,,https://doi.org/10.1038/sdata.2015.2,No Homo sapiens WT OR record found in M2OR.,a_untested,human_only,44
PAIR_0044,118-58-1__119-36-8,118-58-1,119-36-8,C1=CC=C(C=C1)COC(=O)C2=CC=CC=C2O,COC(=O)C1=CC=CC=C1O,,methyl salicylate,Homo sapiens,hOR52E8,120.0,,0.0,False,True,False,,,A untested / B tested,Low,,https://doi.org/10.1038/sdata.2015.2,No Homo sapiens WT OR record found in M2OR.,a_untested,human_only,44
PAIR_0044,118-58-1__119-36-8,118-58-1,119-36-8,C1=CC=C(C=C1)COC(=O)C2=CC=CC=C2O,COC(=O)C1=CC=CC=C1O,,methyl salicylate,Homo sapiens,hOR52H1,494.0,,0.0,False,True,False,,,A untested / B tested,Low,,https://doi.org/10.1038/sdata.2015.2,No Homo sapiens WT OR record found in M2OR.,a_untested,human_only,44
PAIR_0044,118-58-1__119-36-8,118-58-1,119-36-8,C1=CC=C(C=C1)COC(=O)C2=CC=CC=C2O,COC(=O)C1=CC=CC=C1O,,methyl salicylate,Homo sapiens,hOR52I1,435.0,,0.0,False,True,False,,,A untested / B tested,Low,,https://doi.org/10.1038/sdata.2015.2,No Homo sapiens WT OR record found in M2OR.,a_untested,human_only,44
PAIR_0044,118-58-1__119-36-8,118-58-1,119-36-8,C1=CC=C(C=C1)COC(=O)C2=CC=CC=C2O,COC(=O)C1=CC=CC=C1O,,methyl salicylate,Homo sapiens,hOR52K1,124.0,,0.0,False,True,False,,,A untested / B tested,Low,,https://doi.org/10.1038/sdata.2015.2,No Homo sapiens WT OR record found in M2OR.,a_untested,human_only,44
PAIR_0044,118-58-1__119-36-8,118-58-1,119-36-8,C1=CC=C(C=C1)COC(=O)C2=CC=CC=C2O,COC(=O)C1=CC=CC=C1O,,methyl salicylate,Homo sapiens,hOR52K2,174.0,,0.0,False,True,False,,,A untested / B tested,Low,,https://doi.org/10.1038/sdata.2015.2,No Homo sapiens WT OR record found in M2OR.,a_untested,human_only,44
PAIR_0044,118-58-1__119-36-8,118-58-1,119-36-8,C1=CC=C(C=C1)COC(=O)C2=CC=CC=C2O,COC(=O)C1=CC=CC=C1O,,methyl salicylate,Homo sapiens,hOR52M1,113.0,,0.0,False,True,False,,,A untested / B tested,Low,,https://doi.org/10.1038/sdata.2015.2,No Homo sapiens WT OR record found in M2OR.,a_untested,human_only,44
PAIR_0044,118-58-1__119-36-8,118-58-1,119-36-8,C1=CC=C(C=C1)COC(=O)C2=CC=CC=C2O,COC(=O)C1=CC=CC=C1O,,methyl salicylate,Homo sapiens,hOR52N1,155.0,,0.0,False,True,False,,,A untested / B tested,Low,,https://doi.org/10.1038/sdata.2015.2,No Homo sapiens WT OR record found in M2OR.,a_untested,human_only,44
PAIR_0044,118-58-1__119-36-8,118-58-1,119-36-8,C1=CC=C(C=C1)COC(=O)C2=CC=CC=C2O,COC(=O)C1=CC=CC=C1O,,methyl salicylate,Homo sapiens,hOR52N5,197.0,,0.0,False,True,False,,,A untested / B tested,Low,,https://doi.org/10.1038/sdata.2015.2,No Homo sapiens WT OR record found in M2OR.,a_untested,human_only,44
PAIR_0044,118-58-1__119-36-8,118-58-1,119-36-8,C1=CC=C(C=C1)COC(=O)C2=CC=CC=C2O,COC(=O)C1=CC=CC=C1O,,methyl salicylate,Homo sapiens,hOR52P1,183.0,,0.0,False,True,False,,,A untested / B tested,Low,,https://doi.org/10.1038/sdata.2015.2,No Homo sapiens WT OR record found in M2OR.,a_untested,human_only,44
PAIR_0044,118-58-1__119-36-8,118-58-1,119-36-8,C1=CC=C(C=C1)COC(=O)C2=CC=CC=C2O,COC(=O)C1=CC=CC=C1O,,methyl salicylate,Homo sapiens,hOR52W1,192.0,,0.0,False,True,False,,,A untested / B tested,Low,,https://doi.org/10.1038/sdata.2015.2,No Homo sapiens WT OR record found in M2OR.,a_untested,human_only,44
PAIR_0044,118-58-1__119-36-8,118-58-1,119-36-8,C1=CC=C(C=C1)COC(=O)C2=CC=CC=C2O,COC(=O)C1=CC=CC=C1O,,methyl salicylate,Homo sapiens,hOR56A1,87.0,,0.0,False,True,False,,,A untested / B tested,Low,,https://doi.org/10.1038/sdata.2015.2,No Homo sapiens WT OR record found in M2OR.,a_untested,human_only,44
PAIR_0044,118-58-1__119-36-8,118-58-1,119-36-8,C1=CC=C(C=C1)COC(=O)C2=CC=CC=C2O,COC(=O)C1=CC=CC=C1O,,methyl salicylate,Homo sapiens,hOR56A4,507.0,,0.0,False,True,False,,,A untested / B tested,Low,,https://doi.org/10.1038/sdata.2015.2,No Homo sapiens WT OR record found in M2OR.,a_untested,human_only,44
PAIR_0044,118-58-1__119-36-8,118-58-1,119-36-8,C1=CC=C(C=C1)COC(=O)C2=CC=CC=C2O,COC(=O)C1=CC=CC=C1O,,methyl salicylate,Homo sapiens,hOR56A5,497.0,,0.0,False,True,False,,,A untested / B tested,Low,,https://doi.org/10.1038/sdata.2015.2,No Homo sapiens WT OR record found in M2OR.,a_untested,human_only,44
PAIR_0044,118-58-1__119-36-8,118-58-1,119-36-8,C1=CC=C(C=C1)COC(=O)C2=CC=CC=C2O,COC(=O)C1=CC=CC=C1O,,methyl salicylate,Homo sapiens,hOR5A1,101.0,,0.0,False,True,False,,,A untested / B tested,Low,,https://doi.org/10.1038/sdata.2015.2,No Homo sapiens WT OR record found in M2OR.,a_untested,human_only,44
PAIR_0044,118-58-1__119-36-8,118-58-1,119-36-8,C1=CC=C(C=C1)COC(=O)C2=CC=CC=C2O,COC(=O)C1=CC=CC=C1O,,methyl salicylate,Homo sapiens,hOR5A2,103.0,,0.0,False,True,False,,,A untested / B tested,Low,,https://doi.org/10.1038/sdata.2015.2,No Homo sapiens WT OR record found in M2OR.,a_untested,human_only,44
PAIR_0044,118-58-1__119-36-8,118-58-1,119-36-8,C1=CC=C(C=C1)COC(=O)C2=CC=CC=C2O,COC(=O)C1=CC=CC=C1O,,methyl salicylate,Homo sapiens,hOR5AK2,360.0,,0.0,False,True,False,,,A untested / B tested,Medium,,https://doi.org/10.1038/sdata.2015.2,No Homo sapiens WT OR record found in M2OR.,a_untested,human_only,44
PAIR_0044,118-58-1__119-36-8,118-58-1,119-36-8,C1=CC=C(C=C1)COC(=O)C2=CC=CC=C2O,COC(=O)C1=CC=CC=C1O,,methyl salicylate,Homo sapiens,hOR5AK3,267.0,,0.0,False,True,False,,,A untested / B tested,Low,,https://doi.org/10.1038/sdata.2015.2,No Homo sapiens WT OR record found in M2OR.,a_untested,human_only,44
PAIR_0044,118-58-1__119-36-8,118-58-1,119-36-8,C1=CC=C(C=C1)COC(=O)C2=CC=CC=C2O,COC(=O)C1=CC=CC=C1O,,methyl salicylate,Homo sapiens,hOR5AL1,275.0,,0.0,False,True,False,,,A untested / B tested,Low,,https://doi.org/10.1038/sdata.2015.2,No Homo sapiens WT OR record found in M2OR.,a_untested,human_only,44
PAIR_0044,118-58-1__119-36-8,118-58-1,119-36-8,C1=CC=C(C=C1)COC(=O)C2=CC=CC=C2O,COC(=O)C1=CC=CC=C1O,,methyl salicylate,Homo sapiens,hOR5AN1,7.0,,0.0,False,True,False,,,A untested / B tested,Low,,https://doi.org/10.1038/sdata.2015.2,No Homo sapiens WT OR record found in M2OR.,a_untested,human_only,44
PAIR_0044,118-58-1__119-36-8,118-58-1,119-36-8,C1=CC=C(C=C1)COC(=O)C2=CC=CC=C2O,COC(=O)C1=CC=CC=C1O,,methyl salicylate,Homo sapiens,hOR5AP2,172.0,,0.0,False,True,False,,,A untested / B tested,Medium,,https://doi.org/10.1038/sdata.2015.2,No Homo sapiens WT OR record found in M2OR.,a_untested,human_only,44
PAIR_0044,118-58-1__119-36-8,118-58-1,119-36-8,C1=CC=C(C=C1)COC(=O)C2=CC=CC=C2O,COC(=O)C1=CC=CC=C1O,,methyl salicylate,Homo sapiens,hOR5AR1,170.0,,0.0,False,True,False,,,A untested / B tested,Low,,https://doi.org/10.1038/sdata.2015.2,No Homo sapiens WT OR record found in M2OR.,a_untested,human_only,44
PAIR_0044,118-58-1__119-36-8,118-58-1,119-36-8,C1=CC=C(C=C1)COC(=O)C2=CC=CC=C2O,COC(=O)C1=CC=CC=C1O,,methyl salicylate,Homo sapiens,hOR5AS1,105.0,,0.0,False,True,False,,,A untested / B tested,Medium,,https://doi.org/10.1038/sdata.2015.2,No Homo sapiens WT OR record found in M2OR.,a_untested,human_only,44
PAIR_0044,118-58-1__119-36-8,118-58-1,119-36-8,C1=CC=C(C=C1)COC(=O)C2=CC=CC=C2O,COC(=O)C1=CC=CC=C1O,,methyl salicylate,Homo sapiens,hOR5AU1,135.0,,0.0,False,True,False,,,A untested / B tested,Low,,https://doi.org/10.1038/sdata.2015.2,No Homo sapiens WT OR record found in M2OR.,a_untested,human_only,44
PAIR_0044,118-58-1__119-36-8,118-58-1,119-36-8,C1=CC=C(C=C1)COC(=O)C2=CC=CC=C2O,COC(=O)C1=CC=CC=C1O,,methyl salicylate,Homo sapiens,hOR5B12,508.0,,0.0,False,True,False,,,A untested / B tested,Low,,https://doi.org/10.1038/sdata.2015.2,No Homo sapiens WT OR record found in M2OR.,a_untested,human_only,44
PAIR_0044,118-58-1__119-36-8,118-58-1,119-36-8,C1=CC=C(C=C1)COC(=O)C2=CC=CC=C2O,COC(=O)C1=CC=CC=C1O,,methyl salicylate,Homo sapiens,hOR5B17,182.0,,0.0,False,True,False,,,A untested / B tested,Low,,https://doi.org/10.1038/sdata.2015.2,No Homo sapiens WT OR record found in M2OR.,a_untested,human_only,44
PAIR_0044,118-58-1__119-36-8,118-58-1,119-36-8,C1=CC=C(C=C1)COC(=O)C2=CC=CC=C2O,COC(=O)C1=CC=CC=C1O,,methyl salicylate,Homo sapiens,hOR5B3,108.0,,0.0,False,True,False,,,A untested / B tested,Low,,https://doi.org/10.1038/sdata.2015.2,No Homo sapiens WT OR record found in M2OR.,a_untested,human_only,44
PAIR_0044,118-58-1__119-36-8,118-58-1,119-36-8,C1=CC=C(C=C1)COC(=O)C2=CC=CC=C2O,COC(=O)C1=CC=CC=C1O,,methyl salicylate,Homo sapiens,hOR5C1,348.0,,0.0,False,True,False,,,A untested / B tested,Low,,https://doi.org/10.1038/sdata.2015.2,No Homo sapiens WT OR record found in M2OR.,a_untested,human_only,44
PAIR_0044,118-58-1__119-36-8,118-58-1,119-36-8,C1=CC=C(C=C1)COC(=O)C2=CC=CC=C2O,COC(=O)C1=CC=CC=C1O,,methyl salicylate,Homo sapiens,hOR5D14,190.0,,0.0,False,True,False,,,A untested / B tested,Low,,https://doi.org/10.1038/sdata.2015.2,No Homo sapiens WT OR record found in M2OR.,a_untested,human_only,44
PAIR_0044,118-58-1__119-36-8,118-58-1,119-36-8,C1=CC=C(C=C1)COC(=O)C2=CC=CC=C2O,COC(=O)C1=CC=CC=C1O,,methyl salicylate,Homo sapiens,hOR5D16,341.0,,0.0,False,True,False,,,A untested / B tested,Low,,https://doi.org/10.1038/sdata.2015.2,No Homo sapiens WT OR record found in M2OR.,a_untested,human_only,44
PAIR_0044,118-58-1__119-36-8,118-58-1,119-36-8,C1=CC=C(C=C1)COC(=O)C2=CC=CC=C2O,COC(=O)C1=CC=CC=C1O,,methyl salicylate,Homo sapiens,hOR5H1,389.0,,0.0,False,True,False,,,A untested / B tested,Low,,https://doi.org/10.1038/sdata.2015.2,No Homo sapiens WT OR record found in M2OR.,a_untested,human_only,44
PAIR_0044,118-58-1__119-36-8,118-58-1,119-36-8,C1=CC=C(C=C1)COC(=O)C2=CC=CC=C2O,COC(=O)C1=CC=CC=C1O,,methyl salicylate,Homo sapiens,hOR5H2,41.0,,0.0,False,True,False,,,A untested / B tested,Low,,https://doi.org/10.1038/sdata.2015.2,No Homo sapiens WT OR record found in M2OR.,a_untested,human_only,44
PAIR_0044,118-58-1__119-36-8,118-58-1,119-36-8,C1=CC=C(C=C1)COC(=O)C2=CC=CC=C2O,COC(=O)C1=CC=CC=C1O,,methyl salicylate,Homo sapiens,hOR5H6,42.0,,0.0,False,True,False,,,A untested / B tested,Low,,https://doi.org/10.1038/sdata.2015.2,No Homo sapiens WT OR record found in M2OR.,a_untested,human_only,44
PAIR_0044,118-58-1__119-36-8,118-58-1,119-36-8,C1=CC=C(C=C1)COC(=O)C2=CC=CC=C2O,COC(=O)C1=CC=CC=C1O,,methyl salicylate,Homo sapiens,hOR5I1,114.0,,0.0,False,True,False,,,A untested / B tested,Low,,https://doi.org/10.1038/sdata.2015.2,No Homo sapiens WT OR record found in M2OR.,a_untested,human_only,44
PAIR_0044,118-58-1__119-36-8,118-58-1,119-36-8,C1=CC=C(C=C1)COC(=O)C2=CC=CC=C2O,COC(=O)C1=CC=CC=C1O,,methyl salicylate,Homo sapiens,hOR5J2,200.0,,0.0,False,True,False,,,A untested / B tested,Low,,https://doi.org/10.1038/sdata.2015.2,No Homo sapiens WT OR record found in M2OR.,a_untested,human_only,44
PAIR_0044,118-58-1__119-36-8,118-58-1,119-36-8,C1=CC=C(C=C1)COC(=O)C2=CC=CC=C2O,COC(=O)C1=CC=CC=C1O,,methyl salicylate,Homo sapiens,hOR5K1,418.0,,0.0,False,True,False,,,A untested / B tested,Low,,https://doi.org/10.1038/sdata.2015.2,No Homo sapiens WT OR record found in M2OR.,a_untested,human_only,44
PAIR_0044,118-58-1__119-36-8,118-58-1,119-36-8,C1=CC=C(C=C1)COC(=O)C2=CC=CC=C2O,COC(=O)C1=CC=CC=C1O,,methyl salicylate,Homo sapiens,hOR5K2,52.0,,0.0,False,True,False,,,A untested / B tested,Low,,https://doi.org/10.1038/sdata.2015.2,No Homo sapiens WT OR record found in M2OR.,a_untested,human_only,44
PAIR_0044,118-58-1__119-36-8,118-58-1,119-36-8,C1=CC=C(C=C1)COC(=O)C2=CC=CC=C2O,COC(=O)C1=CC=CC=C1O,,methyl salicylate,Homo sapiens,hOR5K3,428.0,,0.0,False,True,False,,,A untested / B tested,Low,,https://doi.org/10.1038/sdata.2015.2,No Homo sapiens WT OR record found in M2OR.,a_untested,human_only,44
PAIR_0044,118-58-1__119-36-8,118-58-1,119-36-8,C1=CC=C(C=C1)COC(=O)C2=CC=CC=C2O,COC(=O)C1=CC=CC=C1O,,methyl salicylate,Homo sapiens,hOR5L1,296.0,,0.0,False,True,False,,,A untested / B tested,Low,,https://doi.org/10.1038/sdata.2015.2,No Homo sapiens WT OR record found in M2OR.,a_untested,human_only,44
PAIR_0044,118-58-1__119-36-8,118-58-1,119-36-8,C1=CC=C(C=C1)COC(=O)C2=CC=CC=C2O,COC(=O)C1=CC=CC=C1O,,methyl salicylate,Homo sapiens,hOR5M11,195.0,,0.0,False,True,False,,,A untested / B tested,Low,,https://doi.org/10.1038/sdata.2015.2,No Homo sapiens WT OR record found in M2OR.,a_untested,human_only,44
PAIR_0044,118-58-1__119-36-8,118-58-1,119-36-8,C1=CC=C(C=C1)COC(=O)C2=CC=CC=C2O,COC(=O)C1=CC=CC=C1O,,methyl salicylate,Homo sapiens,hOR5M8,437.0,,0.0,False,True,False,,,A untested / B tested,Low,,https://doi.org/10.1038/sdata.2015.2,No Homo sapiens WT OR record found in M2OR.,a_untested,human_only,44
PAIR_0044,118-58-1__119-36-8,118-58-1,119-36-8,C1=CC=C(C=C1)COC(=O)C2=CC=CC=C2O,COC(=O)C1=CC=CC=C1O,,methyl salicylate,Homo sapiens,hOR5M9,161.0,,0.0,False,True,False,,,A untested / B tested,Low,,https://doi.org/10.1038/sdata.2015.2,No Homo sapiens WT OR record found in M2OR.,a_untested,human_only,44
PAIR_0044,118-58-1__119-36-8,118-58-1,119-36-8,C1=CC=C(C=C1)COC(=O)C2=CC=CC=C2O,COC(=O)C1=CC=CC=C1O,,methyl salicylate,Homo sapiens,hOR5P2,148.0,,0.0,False,True,False,,,A untested / B tested,Low,,https://doi.org/10.1038/sdata.2015.2,No Homo sapiens WT OR record found in M2OR.,a_untested,human_only,44
PAIR_0044,118-58-1__119-36-8,118-58-1,119-36-8,C1=CC=C(C=C1)COC(=O)C2=CC=CC=C2O,COC(=O)C1=CC=CC=C1O,,methyl salicylate,Homo sapiens,hOR5P3,88.0,,1.0,False,True,False,,,A untested / B tested,Medium,,https://doi.org/10.1038/sdata.2015.2,No Homo sapiens WT OR record found in M2OR.,a_untested,human_only,44
PAIR_0044,118-58-1__119-36-8,118-58-1,119-36-8,C1=CC=C(C=C1)COC(=O)C2=CC=CC=C2O,COC(=O)C1=CC=CC=C1O,,methyl salicylate,Homo sapiens,hOR5R1,123.0,,0.0,False,True,False,,,A untested / B tested,Low,,https://doi.org/10.1038/sdata.2015.2,No Homo sapiens WT OR record found in M2OR.,a_untested,human_only,44
PAIR_0044,118-58-1__119-36-8,118-58-1,119-36-8,C1=CC=C(C=C1)COC(=O)C2=CC=CC=C2O,COC(=O)C1=CC=CC=C1O,,methyl salicylate,Homo sapiens,hOR5T1,206.0,,0.0,False,True,False,,,A untested / B tested,Low,,https://doi.org/10.1038/sdata.2015.2,No Homo sapiens WT OR record found in M2OR.,a_untested,human_only,44
PAIR_0044,118-58-1__119-36-8,118-58-1,119-36-8,C1=CC=C(C=C1)COC(=O)C2=CC=CC=C2O,COC(=O)C1=CC=CC=C1O,,methyl salicylate,Homo sapiens,hOR5T2,254.0,,0.0,False,True,False,,,A untested / B tested,Low,,https://doi.org/10.1038/sdata.2015.2,No Homo sapiens WT OR record found in M2OR.,a_untested,human_only,44
PAIR_0044,118-58-1__119-36-8,118-58-1,119-36-8,C1=CC=C(C=C1)COC(=O)C2=CC=CC=C2O,COC(=O)C1=CC=CC=C1O,,methyl salicylate,Homo sapiens,hOR5T3,274.0,,0.0,False,True,False,,,A untested / B tested,Low,,https://doi.org/10.1038/sdata.2015.2,No Homo sapiens WT OR record found in M2OR.,a_untested,human_only,44
PAIR_0044,118-58-1__119-36-8,118-58-1,119-36-8,C1=CC=C(C=C1)COC(=O)C2=CC=CC=C2O,COC(=O)C1=CC=CC=C1O,,methyl salicylate,Homo sapiens,hOR5V1,54.0,,0.0,False,True,False,,,A untested / B tested,Medium,,https://doi.org/10.1038/sdata.2015.2,No Homo sapiens WT OR record found in M2OR.,a_untested,human_only,44
PAIR_0044,118-58-1__119-36-8,118-58-1,119-36-8,C1=CC=C(C=C1)COC(=O)C2=CC=CC=C2O,COC(=O)C1=CC=CC=C1O,,methyl salicylate,Homo sapiens,hOR6A2,406.0,,0.0,False,True,False,,,A untested / B tested,Low,,https://doi.org/10.1038/sdata.2015.2,No Homo sapiens WT OR record found in M2OR.,a_untested,human_only,44
PAIR_0044,118-58-1__119-36-8,118-58-1,119-36-8,C1=CC=C(C=C1)COC(=O)C2=CC=CC=C2O,COC(=O)C1=CC=CC=C1O,,methyl salicylate,Homo sapiens,hOR6C2,335.0,,0.0,False,True,False,,,A untested / B tested,Low,,https://doi.org/10.1038/sdata.2015.2,No Homo sapiens WT OR record found in M2OR.,a_untested,human_only,44
PAIR_0044,118-58-1__119-36-8,118-58-1,119-36-8,C1=CC=C(C=C1)COC(=O)C2=CC=CC=C2O,COC(=O)C1=CC=CC=C1O,,methyl salicylate,Homo sapiens,hOR6C3,342.0,,0.0,False,True,False,,,A untested / B tested,Low,,https://doi.org/10.1038/sdata.2015.2,No Homo sapiens WT OR record found in M2OR.,a_untested,human_only,44
PAIR_0044,118-58-1__119-36-8,118-58-1,119-36-8,C1=CC=C(C=C1)COC(=O)C2=CC=CC=C2O,COC(=O)C1=CC=CC=C1O,,methyl salicylate,Homo sapiens,hOR6C6,349.0,,0.0,False,True,False,,,A untested / B tested,Medium,,https://doi.org/10.1038/sdata.2015.2,No Homo sapiens WT OR record found in M2OR.,a_untested,human_only,44
PAIR_0044,118-58-1__119-36-8,118-58-1,119-36-8,C1=CC=C(C=C1)COC(=O)C2=CC=CC=C2O,COC(=O)C1=CC=CC=C1O,,methyl salicylate,Homo sapiens,hOR6C65,379.0,,0.0,False,True,False,,,A untested / B tested,Low,,https://doi.org/10.1038/sdata.2015.2,No Homo sapiens WT OR record found in M2OR.,a_untested,human_only,44
PAIR_0044,118-58-1__119-36-8,118-58-1,119-36-8,C1=CC=C(C=C1)COC(=O)C2=CC=CC=C2O,COC(=O)C1=CC=CC=C1O,,methyl salicylate,Homo sapiens,hOR6C70,350.0,,0.0,False,True,False,,,A untested / B tested,Low,,https://doi.org/10.1038/sdata.2015.2,No Homo sapiens WT OR record found in M2OR.,a_untested,human_only,44
PAIR_0044,118-58-1__119-36-8,118-58-1,119-36-8,C1=CC=C(C=C1)COC(=O)C2=CC=CC=C2O,COC(=O)C1=CC=CC=C1O,,methyl salicylate,Homo sapiens,hOR6C74,363.0,,0.0,False,True,False,,,A untested / B tested,Low,,https://doi.org/10.1038/sdata.2015.2,No Homo sapiens WT OR record found in M2OR.,a_untested,human_only,44
PAIR_0044,118-58-1__119-36-8,118-58-1,119-36-8,C1=CC=C(C=C1)COC(=O)C2=CC=CC=C2O,COC(=O)C1=CC=CC=C1O,,methyl salicylate,Homo sapiens,hOR6C75,433.0,,0.0,False,True,False,,,A untested / B tested,Low,,https://doi.org/10.1038/sdata.2015.2,No Homo sapiens WT OR record found in M2OR.,a_untested,human_only,44
PAIR_0044,118-58-1__119-36-8,118-58-1,119-36-8,C1=CC=C(C=C1)COC(=O)C2=CC=CC=C2O,COC(=O)C1=CC=CC=C1O,,methyl salicylate,Homo sapiens,hOR6C76,336.0,,0.0,False,True,False,,,A untested / B tested,Low,,https://doi.org/10.1038/sdata.2015.2,No Homo sapiens WT OR record found in M2OR.,a_untested,human_only,44
PAIR_0044,118-58-1__119-36-8,118-58-1,119-36-8,C1=CC=C(C=C1)COC(=O)C2=CC=CC=C2O,COC(=O)C1=CC=CC=C1O,,methyl salicylate,Homo sapiens,hOR6F1,28.0,,0.0,False,True,False,,,A untested / B tested,Low,,https://doi.org/10.1038/sdata.2015.2,No Homo sapiens WT OR record found in M2OR.,a_untested,human_only,44
PAIR_0044,118-58-1__119-36-8,118-58-1,119-36-8,C1=CC=C(C=C1)COC(=O)C2=CC=CC=C2O,COC(=O)C1=CC=CC=C1O,,methyl salicylate,Homo sapiens,hOR6K2,31.0,,0.0,False,True,False,,,A untested / B tested,Low,,https://doi.org/10.1038/sdata.2015.2,No Homo sapiens WT OR record found in M2OR.,a_untested,human_only,44
PAIR_0044,118-58-1__119-36-8,118-58-1,119-36-8,C1=CC=C(C=C1)COC(=O)C2=CC=CC=C2O,COC(=O)C1=CC=CC=C1O,,methyl salicylate,Homo sapiens,hOR6K3,402.0,,0.0,False,True,False,,,A untested / B tested,Low,,https://doi.org/10.1038/sdata.2015.2,No Homo sapiens WT OR record found in M2OR.,a_untested,human_only,44
PAIR_0044,118-58-1__119-36-8,118-58-1,119-36-8,C1=CC=C(C=C1)COC(=O)C2=CC=CC=C2O,COC(=O)C1=CC=CC=C1O,,methyl salicylate,Homo sapiens,hOR6K6,277.0,,0.0,False,True,False,,,A untested / B tested,Low,,https://doi.org/10.1038/sdata.2015.2,No Homo sapiens WT OR record found in M2OR.,a_untested,human_only,44
PAIR_0044,118-58-1__119-36-8,118-58-1,119-36-8,C1=CC=C(C=C1)COC(=O)C2=CC=CC=C2O,COC(=O)C1=CC=CC=C1O,,methyl salicylate,Homo sapiens,hOR6M1,146.0,,0.0,False,True,False,,,A untested / B tested,Low,,https://doi.org/10.1038/sdata.2015.2,No Homo sapiens WT OR record found in M2OR.,a_untested,human_only,44
PAIR_0044,118-58-1__119-36-8,118-58-1,119-36-8,C1=CC=C(C=C1)COC(=O)C2=CC=CC=C2O,COC(=O)C1=CC=CC=C1O,,methyl salicylate,Homo sapiens,hOR6N2,15.0,,0.0,False,True,False,,,A untested / B tested,Low,,https://doi.org/10.1038/sdata.2015.2,No Homo sapiens WT OR record found in M2OR.,a_untested,human_only,44
PAIR_0044,118-58-1__119-36-8,118-58-1,119-36-8,C1=CC=C(C=C1)COC(=O)C2=CC=CC=C2O,COC(=O)C1=CC=CC=C1O,,methyl salicylate,Homo sapiens,hOR6P1,23.0,,0.0,False,True,False,,,A untested / B tested,Low,,https://doi.org/10.1038/sdata.2015.2,No Homo sapiens WT OR record found in M2OR.,a_untested,human_only,44
PAIR_0044,118-58-1__119-36-8,118-58-1,119-36-8,C1=CC=C(C=C1)COC(=O)C2=CC=CC=C2O,COC(=O)C1=CC=CC=C1O,,methyl salicylate,Homo sapiens,hOR6Q1,191.0,,0.0,False,True,False,,,A untested / B tested,Low,,https://doi.org/10.1038/sdata.2015.2,No Homo sapiens WT OR record found in M2OR.,a_untested,human_only,44
PAIR_0044,118-58-1__119-36-8,118-58-1,119-36-8,C1=CC=C(C=C1)COC(=O)C2=CC=CC=C2O,COC(=O)C1=CC=CC=C1O,,methyl salicylate,Homo sapiens,hOR6T1,152.0,,0.0,False,True,False,,,A untested / B tested,Low,,https://doi.org/10.1038/sdata.2015.2,No Homo sapiens WT OR record found in M2OR.,a_untested,human_only,44
PAIR_0044,118-58-1__119-36-8,118-58-1,119-36-8,C1=CC=C(C=C1)COC(=O)C2=CC=CC=C2O,COC(=O)C1=CC=CC=C1O,,methyl salicylate,Homo sapiens,hOR6V1,512.0,,0.0,False,True,False,,,A untested / B tested,Low,,https://doi.org/10.1038/sdata.2015.2,No Homo sapiens WT OR record found in M2OR.,a_untested,human_only,44
PAIR_0044,118-58-1__119-36-8,118-58-1,119-36-8,C1=CC=C(C=C1)COC(=O)C2=CC=CC=C2O,COC(=O)C1=CC=CC=C1O,,methyl salicylate,Homo sapiens,hOR6X1,198.0,,0.0,False,True,False,,,A untested / B tested,Low,,https://doi.org/10.1038/sdata.2015.2,No Homo sapiens WT OR record found in M2OR.,a_untested,human_only,44
PAIR_0044,118-58-1__119-36-8,118-58-1,119-36-8,C1=CC=C(C=C1)COC(=O)C2=CC=CC=C2O,COC(=O)C1=CC=CC=C1O,,methyl salicylate,Homo sapiens,hOR7A10,80.0,,0.0,False,True,False,,,A untested / B tested,Low,,https://doi.org/10.1038/sdata.2015.2,No Homo sapiens WT OR record found in M2OR.,a_untested,human_only,44
PAIR_0044,118-58-1__119-36-8,118-58-1,119-36-8,C1=CC=C(C=C1)COC(=O)C2=CC=CC=C2O,COC(=O)C1=CC=CC=C1O,,methyl salicylate,Homo sapiens,hOR7A17,247.0,,0.0,False,True,False,,,A untested / B tested,Low,,https://doi.org/10.1038/sdata.2015.2,No Homo sapiens WT OR record found in M2OR.,a_untested,human_only,44
PAIR_0044,118-58-1__119-36-8,118-58-1,119-36-8,C1=CC=C(C=C1)COC(=O)C2=CC=CC=C2O,COC(=O)C1=CC=CC=C1O,,methyl salicylate,Homo sapiens,hOR7A5,387.0,,0.0,False,True,False,,,A untested / B tested,Low,,https://doi.org/10.1038/sdata.2015.2,No Homo sapiens WT OR record found in M2OR.,a_untested,human_only,44
PAIR_0044,118-58-1__119-36-8,118-58-1,119-36-8,C1=CC=C(C=C1)COC(=O)C2=CC=CC=C2O,COC(=O)C1=CC=CC=C1O,,methyl salicylate,Homo sapiens,hOR7C1,246.0,,0.0,False,True,False,,,A untested / B tested,Low,,https://doi.org/10.1038/sdata.2015.2,No Homo sapiens WT OR record found in M2OR.,a_untested,human_only,44
PAIR_0044,118-58-1__119-36-8,118-58-1,119-36-8,C1=CC=C(C=C1)COC(=O)C2=CC=CC=C2O,COC(=O)C1=CC=CC=C1O,,methyl salicylate,Homo sapiens,hOR7C2,240.0,,0.0,False,True,False,,,A untested / B tested,Low,,https://doi.org/10.1038/sdata.2015.2,No Homo sapiens WT OR record found in M2OR.,a_untested,human_only,44
PAIR_0044,118-58-1__119-36-8,118-58-1,119-36-8,C1=CC=C(C=C1)COC(=O)C2=CC=CC=C2O,COC(=O)C1=CC=CC=C1O,,methyl salicylate,Homo sapiens,hOR7D2,326.0,,0.0,False,True,False,,,A untested / B tested,Low,,https://doi.org/10.1038/sdata.2015.2,No Homo sapiens WT OR record found in M2OR.,a_untested,human_only,44
PAIR_0044,118-58-1__119-36-8,118-58-1,119-36-8,C1=CC=C(C=C1)COC(=O)C2=CC=CC=C2O,COC(=O)C1=CC=CC=C1O,,methyl salicylate,Homo sapiens,hOR7D4,245.0,,0.0,False,True,False,,,A untested / B tested,Medium,,https://doi.org/10.1038/sdata.2015.2 | https://doi.org/10.1038/nature06162,No Homo sapiens WT OR record found in M2OR.,a_untested,human_only,44
PAIR_0044,118-58-1__119-36-8,118-58-1,119-36-8,C1=CC=C(C=C1)COC(=O)C2=CC=CC=C2O,COC(=O)C1=CC=CC=C1O,,methyl salicylate,Homo sapiens,hOR7G1,242.0,,0.0,False,True,False,,,A untested / B tested,Low,,https://doi.org/10.1038/sdata.2015.2,No Homo sapiens WT OR record found in M2OR.,a_untested,human_only,44
PAIR_0044,118-58-1__119-36-8,118-58-1,119-36-8,C1=CC=C(C=C1)COC(=O)C2=CC=CC=C2O,COC(=O)C1=CC=CC=C1O,,methyl salicylate,Homo sapiens,hOR7G2,393.0,,0.0,False,True,False,,,A untested / B tested,Low,,https://doi.org/10.1038/sdata.2015.2,No Homo sapiens WT OR record found in M2OR.,a_untested,human_only,44
PAIR_0044,118-58-1__119-36-8,118-58-1,119-36-8,C1=CC=C(C=C1)COC(=O)C2=CC=CC=C2O,COC(=O)C1=CC=CC=C1O,,methyl salicylate,Homo sapiens,hOR7G3,244.0,,0.0,False,True,False,,,A untested / B tested,Low,,https://doi.org/10.1038/sdata.2015.2,No Homo sapiens WT OR record found in M2OR.,a_untested,human_only,44
PAIR_0044,118-58-1__119-36-8,118-58-1,119-36-8,C1=CC=C(C=C1)COC(=O)C2=CC=CC=C2O,COC(=O)C1=CC=CC=C1O,,methyl salicylate,Homo sapiens,hOR8A1,419.0,,0.0,False,True,False,,,A untested / B tested,Low,,https://doi.org/10.1038/sdata.2015.2,No Homo sapiens WT OR record found in M2OR.,a_untested,human_only,44
PAIR_0044,118-58-1__119-36-8,118-58-1,119-36-8,C1=CC=C(C=C1)COC(=O)C2=CC=CC=C2O,COC(=O)C1=CC=CC=C1O,,methyl salicylate,Homo sapiens,hOR8B12,513.0,,0.0,False,True,False,,,A untested / B tested,Low,,https://doi.org/10.1038/sdata.2015.2,No Homo sapiens WT OR record found in M2OR.,a_untested,human_only,44
PAIR_0044,118-58-1__119-36-8,118-58-1,119-36-8,C1=CC=C(C=C1)COC(=O)C2=CC=CC=C2O,COC(=O)C1=CC=CC=C1O,,methyl salicylate,Homo sapiens,hOR8B2,199.0,,0.0,False,True,False,,,A untested / B tested,Low,,https://doi.org/10.1038/sdata.2015.2,No Homo sapiens WT OR record found in M2OR.,a_untested,human_only,44
PAIR_0044,118-58-1__119-36-8,118-58-1,119-36-8,C1=CC=C(C=C1)COC(=O)C2=CC=CC=C2O,COC(=O)C1=CC=CC=C1O,,methyl salicylate,Homo sapiens,hOR8B8,186.0,,0.0,False,True,False,,,A untested / B tested,Low,,https://doi.org/10.1038/sdata.2015.2,No Homo sapiens WT OR record found in M2OR.,a_untested,human_only,44
PAIR_0044,118-58-1__119-36-8,118-58-1,119-36-8,C1=CC=C(C=C1)COC(=O)C2=CC=CC=C2O,COC(=O)C1=CC=CC=C1O,,methyl salicylate,Homo sapiens,hOR8D1,110.0,,0.0,False,True,False,,,A untested / B tested,Medium,,https://doi.org/10.1038/sdata.2015.2,No Homo sapiens WT OR record found in M2OR.,a_untested,human_only,44
PAIR_0044,118-58-1__119-36-8,118-58-1,119-36-8,C1=CC=C(C=C1)COC(=O)C2=CC=CC=C2O,COC(=O)C1=CC=CC=C1O,,methyl salicylate,Homo sapiens,hOR8D2,143.0,,0.0,False,True,False,,,A untested / B tested,Low,,https://doi.org/10.1038/sdata.2015.2,No Homo sapiens WT OR record found in M2OR.,a_untested,human_only,44
PAIR_0044,118-58-1__119-36-8,118-58-1,119-36-8,C1=CC=C(C=C1)COC(=O)C2=CC=CC=C2O,COC(=O)C1=CC=CC=C1O,,methyl salicylate,Homo sapiens,hOR8G1,313.0,,0.0,False,True,False,,,A untested / B tested,Low,,https://doi.org/10.1038/sdata.2015.2,No Homo sapiens WT OR record found in M2OR.,a_untested,human_only,44
PAIR_0044,118-58-1__119-36-8,118-58-1,119-36-8,C1=CC=C(C=C1)COC(=O)C2=CC=CC=C2O,COC(=O)C1=CC=CC=C1O,,methyl salicylate,Homo sapiens,hOR8G5,262.0,,0.0,False,True,False,,,A untested / B tested,Low,,https://doi.org/10.1038/sdata.2015.2,No Homo sapiens WT OR record found in M2OR.,a_untested,human_only,44
PAIR_0044,118-58-1__119-36-8,118-58-1,119-36-8,C1=CC=C(C=C1)COC(=O)C2=CC=CC=C2O,COC(=O)C1=CC=CC=C1O,,methyl salicylate,Homo sapiens,hOR8H1,304.0,,0.0,False,True,False,,,A untested / B tested,Low,,https://doi.org/10.1038/sdata.2015.2,No Homo sapiens WT OR record found in M2OR.,a_untested,human_only,44
PAIR_0044,118-58-1__119-36-8,118-58-1,119-36-8,C1=CC=C(C=C1)COC(=O)C2=CC=CC=C2O,COC(=O)C1=CC=CC=C1O,,methyl salicylate,Homo sapiens,hOR8I2,175.0,,0.0,False,True,False,,,A untested / B tested,Medium,,https://doi.org/10.1038/sdata.2015.2,No Homo sapiens WT OR record found in M2OR.,a_untested,human_only,44
PAIR_0044,118-58-1__119-36-8,118-58-1,119-36-8,C1=CC=C(C=C1)COC(=O)C2=CC=CC=C2O,COC(=O)C1=CC=CC=C1O,,methyl salicylate,Homo sapiens,hOR8J3,116.0,,0.0,False,True,False,,,A untested / B tested,Low,,https://doi.org/10.1038/sdata.2015.2,No Homo sapiens WT OR record found in M2OR.,a_untested,human_only,44
PAIR_0044,118-58-1__119-36-8,118-58-1,119-36-8,C1=CC=C(C=C1)COC(=O)C2=CC=CC=C2O,COC(=O)C1=CC=CC=C1O,,methyl salicylate,Homo sapiens,hOR8K1,354.0,,0.0,False,True,False,,,A untested / B tested,Medium,,https://doi.org/10.1038/sdata.2015.2,No Homo sapiens WT OR record found in M2OR.,a_untested,human_only,44
PAIR_0044,118-58-1__119-36-8,118-58-1,119-36-8,C1=CC=C(C=C1)COC(=O)C2=CC=CC=C2O,COC(=O)C1=CC=CC=C1O,,methyl salicylate,Homo sapiens,hOR8K5,117.0,,0.0,False,True,False,,,A untested / B tested,Low,,https://doi.org/10.1038/sdata.2015.2,No Homo sapiens WT OR record found in M2OR.,a_untested,human_only,44
PAIR_0044,118-58-1__119-36-8,118-58-1,119-36-8,C1=CC=C(C=C1)COC(=O)C2=CC=CC=C2O,COC(=O)C1=CC=CC=C1O,,methyl salicylate,Homo sapiens,hOR8U1,201.0,,0.0,False,True,False,,,A untested / B tested,Low,,https://doi.org/10.1038/sdata.2015.2,No Homo sapiens WT OR record found in M2OR.,a_untested,human_only,44
PAIR_0044,118-58-1__119-36-8,118-58-1,119-36-8,C1=CC=C(C=C1)COC(=O)C2=CC=CC=C2O,COC(=O)C1=CC=CC=C1O,,methyl salicylate,Homo sapiens,hOR8U8,415.0,,0.0,False,True,False,,,A untested / B tested,Low,,https://doi.org/10.1038/sdata.2015.2,No Homo sapiens WT OR record found in M2OR.,a_untested,human_only,44
PAIR_0044,118-58-1__119-36-8,118-58-1,119-36-8,C1=CC=C(C=C1)COC(=O)C2=CC=CC=C2O,COC(=O)C1=CC=CC=C1O,,methyl salicylate,Homo sapiens,hOR8U9,361.0,,0.0,False,True,False,,,A untested / B tested,Low,,https://doi.org/10.1038/sdata.2015.2,No Homo sapiens WT OR record found in M2OR.,a_untested,human_only,44
PAIR_0044,118-58-1__119-36-8,118-58-1,119-36-8,C1=CC=C(C=C1)COC(=O)C2=CC=CC=C2O,COC(=O)C1=CC=CC=C1O,,methyl salicylate,Homo sapiens,hOR9A2,63.0,,0.0,False,True,False,,,A untested / B tested,Low,,https://doi.org/10.1038/sdata.2015.2,No Homo sapiens WT OR record found in M2OR.,a_untested,human_only,44
PAIR_0044,118-58-1__119-36-8,118-58-1,119-36-8,C1=CC=C(C=C1)COC(=O)C2=CC=CC=C2O,COC(=O)C1=CC=CC=C1O,,methyl salicylate,Homo sapiens,hOR9A4,64.0,,0.0,False,True,False,,,A untested / B tested,Low,,https://doi.org/10.1038/sdata.2015.2,No Homo sapiens WT OR record found in M2OR.,a_untested,human_only,44
PAIR_0044,118-58-1__119-36-8,118-58-1,119-36-8,C1=CC=C(C=C1)COC(=O)C2=CC=CC=C2O,COC(=O)C1=CC=CC=C1O,,methyl salicylate,Homo sapiens,hOR9G1,84.0,,0.0,False,True,False,,,A untested / B tested,Low,,https://doi.org/10.1038/sdata.2015.2,No Homo sapiens WT OR record found in M2OR.,a_untested,human_only,44
PAIR_0044,118-58-1__119-36-8,118-58-1,119-36-8,C1=CC=C(C=C1)COC(=O)C2=CC=CC=C2O,COC(=O)C1=CC=CC=C1O,,methyl salicylate,Homo sapiens,hOR9G9,130.0,,0.0,False,True,False,,,A untested / B tested,Low,,https://doi.org/10.1038/sdata.2015.2,No Homo sapiens WT OR record found in M2OR.,a_untested,human_only,44
PAIR_0044,118-58-1__119-36-8,118-58-1,119-36-8,C1=CC=C(C=C1)COC(=O)C2=CC=CC=C2O,COC(=O)C1=CC=CC=C1O,,methyl salicylate,Homo sapiens,hOR9I1,144.0,,0.0,False,True,False,,,A untested / B tested,Low,,https://doi.org/10.1038/sdata.2015.2,No Homo sapiens WT OR record found in M2OR.,a_untested,human_only,44
PAIR_0044,118-58-1__119-36-8,118-58-1,119-36-8,C1=CC=C(C=C1)COC(=O)C2=CC=CC=C2O,COC(=O)C1=CC=CC=C1O,,methyl salicylate,Homo sapiens,hOR9K2,306.0,,0.0,False,True,False,,,A untested / B tested,Low,,https://doi.org/10.1038/sdata.2015.2,No Homo sapiens WT OR record found in M2OR.,a_untested,human_only,44
PAIR_0044,118-58-1__119-36-8,118-58-1,119-36-8,C1=CC=C(C=C1)COC(=O)C2=CC=CC=C2O,COC(=O)C1=CC=CC=C1O,,methyl salicylate,Homo sapiens,hOR9Q2,142.0,,0.0,False,True,False,,,A untested / B tested,Low,,https://doi.org/10.1038/sdata.2015.2,No Homo sapiens WT OR record found in M2OR.,a_untested,human_only,44
PAIR_0045,118-58-1__140-11-4,118-58-1,140-11-4,C1=CC=C(C=C1)COC(=O)C2=CC=CC=C2O,CC(=O)OCC1=CC=CC=C1,,benzyl acetate,Homo sapiens,OR1D2,283.0,,1.0,False,True,False,,,A untested / B tested,Medium,,https://doi.org/10.1093/chemse/bju073,No Homo sapiens WT OR record found in M2OR.,a_untested,human_only,45
PAIR_0045,118-58-1__140-11-4,118-58-1,140-11-4,C1=CC=C(C=C1)COC(=O)C2=CC=CC=C2O,CC(=O)OCC1=CC=CC=C1,,benzyl acetate,Homo sapiens,hOR10J5,25.0,,0.0,False,True,False,,,A untested / B tested,Medium,,https://dx.doi.org/10.1126%2Fscisignal.2000016,No Homo sapiens WT OR record found in M2OR.,a_untested,human_only,45
PAIR_0045,118-58-1__140-11-4,118-58-1,140-11-4,C1=CC=C(C=C1)COC(=O)C2=CC=CC=C2O,CC(=O)OCC1=CC=CC=C1,,benzyl acetate,Homo sapiens,hOR1A1,29.0,,1.0,False,True,False,,,A untested / B tested,Medium,,https://dx.doi.org/10.1126%2Fscisignal.2000016,No Homo sapiens WT OR record found in M2OR.,a_untested,human_only,45
PAIR_0045,118-58-1__140-11-4,118-58-1,140-11-4,C1=CC=C(C=C1)COC(=O)C2=CC=CC=C2O,CC(=O)OCC1=CC=CC=C1,,benzyl acetate,Homo sapiens,hOR1G1,405.0,,0.0,False,True,False,,,A untested / B tested,Medium,,https://doi.org/10.3389/fphar.2015.00035,No Homo sapiens WT OR record found in M2OR.,a_untested,human_only,45
PAIR_0045,118-58-1__140-11-4,118-58-1,140-11-4,C1=CC=C(C=C1)COC(=O)C2=CC=CC=C2O,CC(=O)OCC1=CC=CC=C1,,benzyl acetate,Homo sapiens,hOR1L3,71.0,,0.0,False,True,False,,,A untested / B tested,Medium,,https://doi.org/10.3389/fphar.2015.00035,No Homo sapiens WT OR record found in M2OR.,a_untested,human_only,45
PAIR_0045,118-58-1__140-11-4,118-58-1,140-11-4,C1=CC=C(C=C1)COC(=O)C2=CC=CC=C2O,CC(=O)OCC1=CC=CC=C1,,benzyl acetate,Homo sapiens,hOR2B3,48.0,,0.0,False,True,False,,,A untested / B tested,Medium,,https://doi.org/10.3389/fphar.2015.00035,No Homo sapiens WT OR record found in M2OR.,a_untested,human_only,45
PAIR_0045,118-58-1__140-11-4,118-58-1,140-11-4,C1=CC=C(C=C1)COC(=O)C2=CC=CC=C2O,CC(=O)OCC1=CC=CC=C1,,benzyl acetate,Homo sapiens,hOR2C1,591.0,,0.0,False,True,False,,,A untested / B tested,Medium,,https://dx.doi.org/10.1126%2Fscisignal.2000016,No Homo sapiens WT OR record found in M2OR.,a_untested,human_only,45
PAIR_0045,118-58-1__140-11-4,118-58-1,140-11-4,C1=CC=C(C=C1)COC(=O)C2=CC=CC=C2O,CC(=O)OCC1=CC=CC=C1,,benzyl acetate,Homo sapiens,hOR2G2,651.0,,0.0,False,True,False,,,A untested / B tested,Medium,,https://doi.org/10.3389/fphar.2015.00035,No Homo sapiens WT OR record found in M2OR.,a_untested,human_only,45
PAIR_0045,118-58-1__140-11-4,118-58-1,140-11-4,C1=CC=C(C=C1)COC(=O)C2=CC=CC=C2O,CC(=O)OCC1=CC=CC=C1,,benzyl acetate,Homo sapiens,hOR2J2,323.0,,0.0,False,True,False,,,A untested / B tested,Medium,,https://dx.doi.org/10.1126%2Fscisignal.2000016,No Homo sapiens WT OR record found in M2OR.,a_untested,human_only,45
PAIR_0045,118-58-1__140-11-4,118-58-1,140-11-4,C1=CC=C(C=C1)COC(=O)C2=CC=CC=C2O,CC(=O)OCC1=CC=CC=C1,,benzyl acetate,Homo sapiens,hOR2M4,39.0,,0.0,False,True,False,,,A untested / B tested,Medium,,https://doi.org/10.3389/fphar.2015.00035,No Homo sapiens WT OR record found in M2OR.,a_untested,human_only,45
PAIR_0045,118-58-1__140-11-4,118-58-1,140-11-4,C1=CC=C(C=C1)COC(=O)C2=CC=CC=C2O,CC(=O)OCC1=CC=CC=C1,,benzyl acetate,Homo sapiens,hOR2M7,284.0,,0.0,False,True,False,,,A untested / B tested,Medium,,https://dx.doi.org/10.1126%2Fscisignal.2000016,No Homo sapiens WT OR record found in M2OR.,a_untested,human_only,45
PAIR_0045,118-58-1__140-11-4,118-58-1,140-11-4,C1=CC=C(C=C1)COC(=O)C2=CC=CC=C2O,CC(=O)OCC1=CC=CC=C1,,benzyl acetate,Homo sapiens,hOR2T10,36.0,,0.0,False,True,False,,,A untested / B tested,Medium,,https://doi.org/10.3389/fphar.2015.00035,No Homo sapiens WT OR record found in M2OR.,a_untested,human_only,45
PAIR_0045,118-58-1__140-11-4,118-58-1,140-11-4,C1=CC=C(C=C1)COC(=O)C2=CC=CC=C2O,CC(=O)OCC1=CC=CC=C1,,benzyl acetate,Homo sapiens,hOR2T34,677.0,,0.0,False,True,False,,,A untested / B tested,Medium,,https://doi.org/10.3389/fphar.2015.00035,No Homo sapiens WT OR record found in M2OR.,a_untested,human_only,45
PAIR_0045,118-58-1__140-11-4,118-58-1,140-11-4,C1=CC=C(C=C1)COC(=O)C2=CC=CC=C2O,CC(=O)OCC1=CC=CC=C1,,benzyl acetate,Homo sapiens,hOR2W1,51.0,,1.0,False,True,False,,,A untested / B tested,Medium,,https://dx.doi.org/10.1126%2Fscisignal.2000016,No Homo sapiens WT OR record found in M2OR.,a_untested,human_only,45
PAIR_0045,118-58-1__140-11-4,118-58-1,140-11-4,C1=CC=C(C=C1)COC(=O)C2=CC=CC=C2O,CC(=O)OCC1=CC=CC=C1,,benzyl acetate,Homo sapiens,hOR51E1,962.0,,0.0,False,True,False,,,A untested / B tested,Medium,,https://dx.doi.org/10.1126%2Fscisignal.2000016,No Homo sapiens WT OR record found in M2OR.,a_untested,human_only,45
PAIR_0045,118-58-1__140-11-4,118-58-1,140-11-4,C1=CC=C(C=C1)COC(=O)C2=CC=CC=C2O,CC(=O)OCC1=CC=CC=C1,,benzyl acetate,Homo sapiens,hOR51E2,168.0,,0.0,False,True,False,,,A untested / B tested,Medium,,https://dx.doi.org/10.1126%2Fscisignal.2000016,No Homo sapiens WT OR record found in M2OR.,a_untested,human_only,45
PAIR_0045,118-58-1__140-11-4,118-58-1,140-11-4,C1=CC=C(C=C1)COC(=O)C2=CC=CC=C2O,CC(=O)OCC1=CC=CC=C1,,benzyl acetate,Homo sapiens,hOR51L1,447.0,,0.0,False,True,False,,,A untested / B tested,Medium,,https://dx.doi.org/10.1126%2Fscisignal.2000016,No Homo sapiens WT OR record found in M2OR.,a_untested,human_only,45
PAIR_0045,118-58-1__140-11-4,118-58-1,140-11-4,C1=CC=C(C=C1)COC(=O)C2=CC=CC=C2O,CC(=O)OCC1=CC=CC=C1,,benzyl acetate,Homo sapiens,hOR5AC2,729.0,,0.0,False,True,False,,,A untested / B tested,Medium,,https://doi.org/10.3389/fphar.2015.00035,No Homo sapiens WT OR record found in M2OR.,a_untested,human_only,45
PAIR_0045,118-58-1__140-11-4,118-58-1,140-11-4,C1=CC=C(C=C1)COC(=O)C2=CC=CC=C2O,CC(=O)OCC1=CC=CC=C1,,benzyl acetate,Homo sapiens,hOR5B17,182.0,,0.0,False,True,False,,,A untested / B tested,Medium,,https://doi.org/10.3389/fphar.2015.00035,No Homo sapiens WT OR record found in M2OR.,a_untested,human_only,45
PAIR_0045,118-58-1__140-11-4,118-58-1,140-11-4,C1=CC=C(C=C1)COC(=O)C2=CC=CC=C2O,CC(=O)OCC1=CC=CC=C1,,benzyl acetate,Homo sapiens,hOR5P3,88.0,,0.0,False,True,False,,,A untested / B tested,Medium,,https://dx.doi.org/10.1126%2Fscisignal.2000016,No Homo sapiens WT OR record found in M2OR.,a_untested,human_only,45
PAIR_0046,121-32-4__121-33-5,121-32-4,121-33-5,CCOC1=C(C=CC(=C1)C=O)O,COC1=C(C=CC(=C1)C=O)O,Ethylvanillin,vanillin,Homo sapiens,OR10S1,1.0,,0.0,False,True,False,,,A untested / B tested,Low,,https://doi.org/10.1021/acs.biochem.8b01208,Multiple CAS hits; exact SMILES used to disambiguate.,a_untested,human_only,46
PAIR_0046,121-32-4__121-33-5,121-32-4,121-33-5,CCOC1=C(C=CC(=C1)C=O)O,COC1=C(C=CC(=C1)C=O)O,Ethylvanillin,vanillin,Homo sapiens,OR11A1,47.0,0.0,0.0,True,True,True,1.0,0.0,both non-responsive,Medium,https://pubs.acs.org/doi/10.1021/acs.jafc.4c01515,https://doi.org/10.1038/sdata.2015.2 | https://pubs.acs.org/doi/10.1021/acs.jafc.4c01515,Multiple CAS hits; exact SMILES used to disambiguate.,,human_only,46
PAIR_0046,121-32-4__121-33-5,121-32-4,121-33-5,CCOC1=C(C=CC(=C1)C=O)O,COC1=C(C=CC(=C1)C=O)O,Ethylvanillin,vanillin,Homo sapiens,OR1L6,258.0,,0.0,False,True,False,,,A untested / B tested,Low,,https://doi.org/10.1038/sdata.2015.2,Multiple CAS hits; exact SMILES used to disambiguate.,a_untested,human_only,46
PAIR_0046,121-32-4__121-33-5,121-32-4,121-33-5,CCOC1=C(C=CC(=C1)C=O)O,COC1=C(C=CC(=C1)C=O)O,Ethylvanillin,vanillin,Homo sapiens,OR2A42,4.0,,0.0,False,True,False,,,A untested / B tested,Low,,https://doi.org/10.1021/acs.biochem.8b01208,Multiple CAS hits; exact SMILES used to disambiguate.,a_untested,human_only,46
PAIR_0046,121-32-4__121-33-5,121-32-4,121-33-5,CCOC1=C(C=CC(=C1)C=O)O,COC1=C(C=CC(=C1)C=O)O,Ethylvanillin,vanillin,Homo sapiens,OR2A7 | hOR2A7,5.0,,0.0,False,True,False,,,A untested / B tested,Medium,,https://doi.org/10.1021/acs.biochem.8b01208 | https://doi.org/10.1038/sdata.2015.2,Multiple CAS hits; exact SMILES used to disambiguate.,a_untested,human_only,46
PAIR_0046,121-32-4__121-33-5,121-32-4,121-33-5,CCOC1=C(C=CC(=C1)C=O)O,COC1=C(C=CC(=C1)C=O)O,Ethylvanillin,vanillin,Homo sapiens,OR2L13 | hOR2L13,6.0,,0.0,False,True,False,,,A untested / B tested,Medium,,https://doi.org/10.1021/acs.biochem.8b01208 | https://doi.org/10.1038/sdata.2015.2,Multiple CAS hits; exact SMILES used to disambiguate.,a_untested,human_only,46
PAIR_0046,121-32-4__121-33-5,121-32-4,121-33-5,CCOC1=C(C=CC(=C1)C=O)O,COC1=C(C=CC(=C1)C=O)O,Ethylvanillin,vanillin,Homo sapiens,OR2T4,8.0,,0.0,False,True,False,,,A untested / B tested,Low,,https://doi.org/10.1021/acs.biochem.8b01208,Multiple CAS hits; exact SMILES used to disambiguate.,a_untested,human_only,46
PAIR_0046,121-32-4__121-33-5,121-32-4,121-33-5,CCOC1=C(C=CC(=C1)C=O)O,COC1=C(C=CC(=C1)C=O)O,Ethylvanillin,vanillin,Homo sapiens,OR2W3,9.0,,0.0,False,True,False,,,A untested / B tested,Low,,https://doi.org/10.1021/acs.biochem.8b01208,Multiple CAS hits; exact SMILES used to disambiguate.,a_untested,human_only,46
PAIR_0046,121-32-4__121-33-5,121-32-4,121-33-5,CCOC1=C(C=CC(=C1)C=O)O,COC1=C(C=CC(=C1)C=O)O,Ethylvanillin,vanillin,Homo sapiens,OR51B5,10.0,,0.0,False,True,False,,,A untested / B tested,Low,,https://doi.org/10.1021/acs.biochem.8b01208,Multiple CAS hits; exact SMILES used to disambiguate.,a_untested,human_only,46
PAIR_0046,121-32-4__121-33-5,121-32-4,121-33-5,CCOC1=C(C=CC(=C1)C=O)O,COC1=C(C=CC(=C1)C=O)O,Ethylvanillin,vanillin,Homo sapiens,OR8H1,304.0,0.0,0.0,True,True,True,1.0,0.0,both non-responsive,Medium,https://doi.org/10.1021/acs.jafc.3c08230,https://doi.org/10.1038/sdata.2015.2 | https://doi.org/10.1021/acs.jafc.3c08230,Multiple CAS hits; exact SMILES used to disambiguate.,,human_only,46
PAIR_0046,121-32-4__121-33-5,121-32-4,121-33-5,CCOC1=C(C=CC(=C1)C=O)O,COC1=C(C=CC(=C1)C=O)O,Ethylvanillin,vanillin,Homo sapiens,hOR10A2,134.0,,0.0,False,True,False,,,A untested / B tested,Low,,https://doi.org/10.1038/sdata.2015.2,Multiple CAS hits; exact SMILES used to disambiguate.,a_untested,human_only,46
PAIR_0046,121-32-4__121-33-5,121-32-4,121-33-5,CCOC1=C(C=CC(=C1)C=O)O,COC1=C(C=CC(=C1)C=O)O,Ethylvanillin,vanillin,Homo sapiens,hOR10A3,338.0,,0.0,False,True,False,,,A untested / B tested,Low,,https://doi.org/10.1038/sdata.2015.2,Multiple CAS hits; exact SMILES used to disambiguate.,a_untested,human_only,46
PAIR_0046,121-32-4__121-33-5,121-32-4,121-33-5,CCOC1=C(C=CC(=C1)C=O)O,COC1=C(C=CC(=C1)C=O)O,Ethylvanillin,vanillin,Homo sapiens,hOR10A5,506.0,,0.0,False,True,False,,,A untested / B tested,Low,,https://doi.org/10.1038/sdata.2015.2,Multiple CAS hits; exact SMILES used to disambiguate.,a_untested,human_only,46
PAIR_0046,121-32-4__121-33-5,121-32-4,121-33-5,CCOC1=C(C=CC(=C1)C=O)O,COC1=C(C=CC(=C1)C=O)O,Ethylvanillin,vanillin,Homo sapiens,hOR10A6,181.0,,0.0,False,True,False,,,A untested / B tested,Low,,https://doi.org/10.1038/sdata.2015.2,Multiple CAS hits; exact SMILES used to disambiguate.,a_untested,human_only,46
PAIR_0046,121-32-4__121-33-5,121-32-4,121-33-5,CCOC1=C(C=CC(=C1)C=O)O,COC1=C(C=CC(=C1)C=O)O,Ethylvanillin,vanillin,Homo sapiens,hOR10A7,210.0,,0.0,False,True,False,,,A untested / B tested,Low,,https://doi.org/10.1038/sdata.2015.2,Multiple CAS hits; exact SMILES used to disambiguate.,a_untested,human_only,46
PAIR_0046,121-32-4__121-33-5,121-32-4,121-33-5,CCOC1=C(C=CC(=C1)C=O)O,COC1=C(C=CC(=C1)C=O)O,Ethylvanillin,vanillin,Homo sapiens,hOR10AG1,207.0,,0.0,False,True,False,,,A untested / B tested,Low,,https://doi.org/10.1038/sdata.2015.2,Multiple CAS hits; exact SMILES used to disambiguate.,a_untested,human_only,46
PAIR_0046,121-32-4__121-33-5,121-32-4,121-33-5,CCOC1=C(C=CC(=C1)C=O)O,COC1=C(C=CC(=C1)C=O)O,Ethylvanillin,vanillin,Homo sapiens,hOR10C1,49.0,,0.0,False,True,False,,,A untested / B tested,Low,,https://doi.org/10.1038/sdata.2015.2,Multiple CAS hits; exact SMILES used to disambiguate.,a_untested,human_only,46
PAIR_0046,121-32-4__121-33-5,121-32-4,121-33-5,CCOC1=C(C=CC(=C1)C=O)O,COC1=C(C=CC(=C1)C=O)O,Ethylvanillin,vanillin,Homo sapiens,hOR10G3 | OR10G3,547.0,,1.0,False,True,False,,,A untested / B tested,Medium,,https://doi.org/10.1038/sdata.2015.2 | https://doi.org/10.1093/chemse/bju073,Multiple CAS hits; exact SMILES used to disambiguate.,a_untested,human_only,46
PAIR_0046,121-32-4__121-33-5,121-32-4,121-33-5,CCOC1=C(C=CC(=C1)C=O)O,COC1=C(C=CC(=C1)C=O)O,Ethylvanillin,vanillin,Homo sapiens,hOR10G6,82.0,,0.0,False,True,False,,,A untested / B tested,Low,,https://doi.org/10.1038/sdata.2015.2,Multiple CAS hits; exact SMILES used to disambiguate.,a_untested,human_only,46
PAIR_0046,121-32-4__121-33-5,121-32-4,121-33-5,CCOC1=C(C=CC(=C1)C=O)O,COC1=C(C=CC(=C1)C=O)O,Ethylvanillin,vanillin,Homo sapiens,hOR10G7,371.0,,1.0,False,True,False,,,A untested / B tested,Low,,https://doi.org/10.1038/sdata.2015.2,Multiple CAS hits; exact SMILES used to disambiguate.,a_untested,human_only,46
PAIR_0046,121-32-4__121-33-5,121-32-4,121-33-5,CCOC1=C(C=CC(=C1)C=O)O,COC1=C(C=CC(=C1)C=O)O,Ethylvanillin,vanillin,Homo sapiens,hOR10G8,315.0,,0.0,False,True,False,,,A untested / B tested,Low,,https://doi.org/10.1038/sdata.2015.2,Multiple CAS hits; exact SMILES used to disambiguate.,a_untested,human_only,46
PAIR_0046,121-32-4__121-33-5,121-32-4,121-33-5,CCOC1=C(C=CC(=C1)C=O)O,COC1=C(C=CC(=C1)C=O)O,Ethylvanillin,vanillin,Homo sapiens,hOR10H1,107.0,,0.0,False,True,False,,,A untested / B tested,Low,,https://doi.org/10.1038/sdata.2015.2,Multiple CAS hits; exact SMILES used to disambiguate.,a_untested,human_only,46
PAIR_0046,121-32-4__121-33-5,121-32-4,121-33-5,CCOC1=C(C=CC(=C1)C=O)O,COC1=C(C=CC(=C1)C=O)O,Ethylvanillin,vanillin,Homo sapiens,hOR10H3,439.0,,0.0,False,True,False,,,A untested / B tested,Low,,https://doi.org/10.1038/sdata.2015.2,Multiple CAS hits; exact SMILES used to disambiguate.,a_untested,human_only,46
PAIR_0046,121-32-4__121-33-5,121-32-4,121-33-5,CCOC1=C(C=CC(=C1)C=O)O,COC1=C(C=CC(=C1)C=O)O,Ethylvanillin,vanillin,Homo sapiens,hOR10H4,131.0,,0.0,False,True,False,,,A untested / B tested,Low,,https://doi.org/10.1038/sdata.2015.2,Multiple CAS hits; exact SMILES used to disambiguate.,a_untested,human_only,46
PAIR_0046,121-32-4__121-33-5,121-32-4,121-33-5,CCOC1=C(C=CC(=C1)C=O)O,COC1=C(C=CC(=C1)C=O)O,Ethylvanillin,vanillin,Homo sapiens,hOR10J1,498.0,,0.0,False,True,False,,,A untested / B tested,Low,,https://doi.org/10.1038/sdata.2015.2,Multiple CAS hits; exact SMILES used to disambiguate.,a_untested,human_only,46
PAIR_0046,121-32-4__121-33-5,121-32-4,121-33-5,CCOC1=C(C=CC(=C1)C=O)O,COC1=C(C=CC(=C1)C=O)O,Ethylvanillin,vanillin,Homo sapiens,hOR10J3,378.0,,1.0,False,True,False,,,A untested / B tested,Low,,https://doi.org/10.1038/sdata.2015.2,Multiple CAS hits; exact SMILES used to disambiguate.,a_untested,human_only,46
PAIR_0046,121-32-4__121-33-5,121-32-4,121-33-5,CCOC1=C(C=CC(=C1)C=O)O,COC1=C(C=CC(=C1)C=O)O,Ethylvanillin,vanillin,Homo sapiens,hOR10J5,25.0,,0.0,False,True,False,,,A untested / B tested,Low,,https://doi.org/10.1038/sdata.2015.2,Multiple CAS hits; exact SMILES used to disambiguate.,a_untested,human_only,46
PAIR_0046,121-32-4__121-33-5,121-32-4,121-33-5,CCOC1=C(C=CC(=C1)C=O)O,COC1=C(C=CC(=C1)C=O)O,Ethylvanillin,vanillin,Homo sapiens,hOR10K1,12.0,,0.0,False,True,False,,,A untested / B tested,Low,,https://doi.org/10.1038/sdata.2015.2,Multiple CAS hits; exact SMILES used to disambiguate.,a_untested,human_only,46
PAIR_0046,121-32-4__121-33-5,121-32-4,121-33-5,CCOC1=C(C=CC(=C1)C=O)O,COC1=C(C=CC(=C1)C=O)O,Ethylvanillin,vanillin,Homo sapiens,hOR10K2,30.0,,0.0,False,True,False,,,A untested / B tested,Low,,https://doi.org/10.1038/sdata.2015.2,Multiple CAS hits; exact SMILES used to disambiguate.,a_untested,human_only,46
PAIR_0046,121-32-4__121-33-5,121-32-4,121-33-5,CCOC1=C(C=CC(=C1)C=O)O,COC1=C(C=CC(=C1)C=O)O,Ethylvanillin,vanillin,Homo sapiens,hOR10P1,211.0,,0.0,False,True,False,,,A untested / B tested,Low,,https://doi.org/10.1038/sdata.2015.2,Multiple CAS hits; exact SMILES used to disambiguate.,a_untested,human_only,46
PAIR_0046,121-32-4__121-33-5,121-32-4,121-33-5,CCOC1=C(C=CC(=C1)C=O)O,COC1=C(C=CC(=C1)C=O)O,Ethylvanillin,vanillin,Homo sapiens,hOR10Q1,166.0,,0.0,False,True,False,,,A untested / B tested,Low,,https://doi.org/10.1038/sdata.2015.2,Multiple CAS hits; exact SMILES used to disambiguate.,a_untested,human_only,46
PAIR_0046,121-32-4__121-33-5,121-32-4,121-33-5,CCOC1=C(C=CC(=C1)C=O)O,COC1=C(C=CC(=C1)C=O)O,Ethylvanillin,vanillin,Homo sapiens,hOR10R2,321.0,,0.0,False,True,False,,,A untested / B tested,Low,,https://doi.org/10.1038/sdata.2015.2,Multiple CAS hits; exact SMILES used to disambiguate.,a_untested,human_only,46
PAIR_0046,121-32-4__121-33-5,121-32-4,121-33-5,CCOC1=C(C=CC(=C1)C=O)O,COC1=C(C=CC(=C1)C=O)O,Ethylvanillin,vanillin,Homo sapiens,hOR10T2,21.0,,0.0,False,True,False,,,A untested / B tested,Low,,https://doi.org/10.1038/sdata.2015.2,Multiple CAS hits; exact SMILES used to disambiguate.,a_untested,human_only,46
PAIR_0046,121-32-4__121-33-5,121-32-4,121-33-5,CCOC1=C(C=CC(=C1)C=O)O,COC1=C(C=CC(=C1)C=O)O,Ethylvanillin,vanillin,Homo sapiens,hOR10X1,257.0,,0.0,False,True,False,,,A untested / B tested,Low,,https://doi.org/10.1038/sdata.2015.2,Multiple CAS hits; exact SMILES used to disambiguate.,a_untested,human_only,46
PAIR_0046,121-32-4__121-33-5,121-32-4,121-33-5,CCOC1=C(C=CC(=C1)C=O)O,COC1=C(C=CC(=C1)C=O)O,Ethylvanillin,vanillin,Homo sapiens,hOR10Z1,14.0,,0.0,False,True,False,,,A untested / B tested,Low,,https://doi.org/10.1038/sdata.2015.2,Multiple CAS hits; exact SMILES used to disambiguate.,a_untested,human_only,46
PAIR_0046,121-32-4__121-33-5,121-32-4,121-33-5,CCOC1=C(C=CC(=C1)C=O)O,COC1=C(C=CC(=C1)C=O)O,Ethylvanillin,vanillin,Homo sapiens,hOR11G2,499.0,,0.0,False,True,False,,,A untested / B tested,Low,,https://doi.org/10.1038/sdata.2015.2,Multiple CAS hits; exact SMILES used to disambiguate.,a_untested,human_only,46
PAIR_0046,121-32-4__121-33-5,121-32-4,121-33-5,CCOC1=C(C=CC(=C1)C=O)O,COC1=C(C=CC(=C1)C=O)O,Ethylvanillin,vanillin,Homo sapiens,hOR11H1,469.0,,0.0,False,True,False,,,A untested / B tested,Low,,https://doi.org/10.1038/sdata.2015.2,Multiple CAS hits; exact SMILES used to disambiguate.,a_untested,human_only,46
PAIR_0046,121-32-4__121-33-5,121-32-4,121-33-5,CCOC1=C(C=CC(=C1)C=O)O,COC1=C(C=CC(=C1)C=O)O,Ethylvanillin,vanillin,Homo sapiens,hOR11H12,248.0,,0.0,False,True,False,,,A untested / B tested,Low,,https://doi.org/10.1038/sdata.2015.2,Multiple CAS hits; exact SMILES used to disambiguate.,a_untested,human_only,46
PAIR_0046,121-32-4__121-33-5,121-32-4,121-33-5,CCOC1=C(C=CC(=C1)C=O)O,COC1=C(C=CC(=C1)C=O)O,Ethylvanillin,vanillin,Homo sapiens,hOR11H13,357.0,,0.0,False,True,False,,,A untested / B tested,Low,,https://doi.org/10.1038/sdata.2015.2,Multiple CAS hits; exact SMILES used to disambiguate.,a_untested,human_only,46
PAIR_0046,121-32-4__121-33-5,121-32-4,121-33-5,CCOC1=C(C=CC(=C1)C=O)O,COC1=C(C=CC(=C1)C=O)O,Ethylvanillin,vanillin,Homo sapiens,hOR11H4,218.0,,0.0,False,True,False,,,A untested / B tested,Low,,https://doi.org/10.1038/sdata.2015.2,Multiple CAS hits; exact SMILES used to disambiguate.,a_untested,human_only,46
PAIR_0046,121-32-4__121-33-5,121-32-4,121-33-5,CCOC1=C(C=CC(=C1)C=O)O,COC1=C(C=CC(=C1)C=O)O,Ethylvanillin,vanillin,Homo sapiens,hOR11H6,228.0,,0.0,False,True,False,,,A untested / B tested,Low,,https://doi.org/10.1038/sdata.2015.2,Multiple CAS hits; exact SMILES used to disambiguate.,a_untested,human_only,46
PAIR_0046,121-32-4__121-33-5,121-32-4,121-33-5,CCOC1=C(C=CC(=C1)C=O)O,COC1=C(C=CC(=C1)C=O)O,Ethylvanillin,vanillin,Homo sapiens,hOR12D2,58.0,,0.0,False,True,False,,,A untested / B tested,Low,,https://doi.org/10.1038/sdata.2015.2,Multiple CAS hits; exact SMILES used to disambiguate.,a_untested,human_only,46
PAIR_0046,121-32-4__121-33-5,121-32-4,121-33-5,CCOC1=C(C=CC(=C1)C=O)O,COC1=C(C=CC(=C1)C=O)O,Ethylvanillin,vanillin,Homo sapiens,hOR12D3,55.0,,0.0,False,True,False,,,A untested / B tested,Low,,https://doi.org/10.1038/sdata.2015.2,Multiple CAS hits; exact SMILES used to disambiguate.,a_untested,human_only,46
PAIR_0046,121-32-4__121-33-5,121-32-4,121-33-5,CCOC1=C(C=CC(=C1)C=O)O,COC1=C(C=CC(=C1)C=O)O,Ethylvanillin,vanillin,Homo sapiens,hOR13A1,81.0,,0.0,False,True,False,,,A untested / B tested,Low,,https://doi.org/10.1038/sdata.2015.2,Multiple CAS hits; exact SMILES used to disambiguate.,a_untested,human_only,46
PAIR_0046,121-32-4__121-33-5,121-32-4,121-33-5,CCOC1=C(C=CC(=C1)C=O)O,COC1=C(C=CC(=C1)C=O)O,Ethylvanillin,vanillin,Homo sapiens,hOR13C2,502.0,,0.0,False,True,False,,,A untested / B tested,Low,,https://doi.org/10.1038/sdata.2015.2,Multiple CAS hits; exact SMILES used to disambiguate.,a_untested,human_only,46
PAIR_0046,121-32-4__121-33-5,121-32-4,121-33-5,CCOC1=C(C=CC(=C1)C=O)O,COC1=C(C=CC(=C1)C=O)O,Ethylvanillin,vanillin,Homo sapiens,hOR13C3,307.0,,0.0,False,True,False,,,A untested / B tested,Low,,https://doi.org/10.1038/sdata.2015.2,Multiple CAS hits; exact SMILES used to disambiguate.,a_untested,human_only,46
PAIR_0046,121-32-4__121-33-5,121-32-4,121-33-5,CCOC1=C(C=CC(=C1)C=O)O,COC1=C(C=CC(=C1)C=O)O,Ethylvanillin,vanillin,Homo sapiens,hOR13C4,72.0,,0.0,False,True,False,,,A untested / B tested,Low,,https://doi.org/10.1038/sdata.2015.2,Multiple CAS hits; exact SMILES used to disambiguate.,a_untested,human_only,46
PAIR_0046,121-32-4__121-33-5,121-32-4,121-33-5,CCOC1=C(C=CC(=C1)C=O)O,COC1=C(C=CC(=C1)C=O)O,Ethylvanillin,vanillin,Homo sapiens,hOR13C8,73.0,,0.0,False,True,False,,,A untested / B tested,Low,,https://doi.org/10.1038/sdata.2015.2,Multiple CAS hits; exact SMILES used to disambiguate.,a_untested,human_only,46
PAIR_0046,121-32-4__121-33-5,121-32-4,121-33-5,CCOC1=C(C=CC(=C1)C=O)O,COC1=C(C=CC(=C1)C=O)O,Ethylvanillin,vanillin,Homo sapiens,hOR13D1,271.0,,0.0,False,True,False,,,A untested / B tested,Low,,https://doi.org/10.1038/sdata.2015.2,Multiple CAS hits; exact SMILES used to disambiguate.,a_untested,human_only,46
PAIR_0046,121-32-4__121-33-5,121-32-4,121-33-5,CCOC1=C(C=CC(=C1)C=O)O,COC1=C(C=CC(=C1)C=O)O,Ethylvanillin,vanillin,Homo sapiens,hOR13H1,413.0,,0.0,False,True,False,,,A untested / B tested,Low,,https://doi.org/10.1038/sdata.2015.2,Multiple CAS hits; exact SMILES used to disambiguate.,a_untested,human_only,46
PAIR_0046,121-32-4__121-33-5,121-32-4,121-33-5,CCOC1=C(C=CC(=C1)C=O)O,COC1=C(C=CC(=C1)C=O)O,Ethylvanillin,vanillin,Homo sapiens,hOR14A2,32.0,,0.0,False,True,False,,,A untested / B tested,Low,,https://doi.org/10.1038/sdata.2015.2,Multiple CAS hits; exact SMILES used to disambiguate.,a_untested,human_only,46
PAIR_0046,121-32-4__121-33-5,121-32-4,121-33-5,CCOC1=C(C=CC(=C1)C=O)O,COC1=C(C=CC(=C1)C=O)O,Ethylvanillin,vanillin,Homo sapiens,hOR14J1,160.0,,0.0,False,True,False,,,A untested / B tested,Low,,https://doi.org/10.1038/sdata.2015.2,Multiple CAS hits; exact SMILES used to disambiguate.,a_untested,human_only,46
PAIR_0046,121-32-4__121-33-5,121-32-4,121-33-5,CCOC1=C(C=CC(=C1)C=O)O,COC1=C(C=CC(=C1)C=O)O,Ethylvanillin,vanillin,Homo sapiens,hOR14K1,33.0,,0.0,False,True,False,,,A untested / B tested,Low,,https://doi.org/10.1038/sdata.2015.2,Multiple CAS hits; exact SMILES used to disambiguate.,a_untested,human_only,46
PAIR_0046,121-32-4__121-33-5,121-32-4,121-33-5,CCOC1=C(C=CC(=C1)C=O)O,COC1=C(C=CC(=C1)C=O)O,Ethylvanillin,vanillin,Homo sapiens,hOR14L1,17.0,,0.0,False,True,False,,,A untested / B tested,Low,,https://doi.org/10.1038/sdata.2015.2,Multiple CAS hits; exact SMILES used to disambiguate.,a_untested,human_only,46
PAIR_0046,121-32-4__121-33-5,121-32-4,121-33-5,CCOC1=C(C=CC(=C1)C=O)O,COC1=C(C=CC(=C1)C=O)O,Ethylvanillin,vanillin,Homo sapiens,hOR1A1,29.0,0.0,0.0,True,True,True,1.0,0.0,both non-responsive,Medium,https://doi.org/10.1093/chemse/bjw117,https://doi.org/10.1038/sdata.2015.2 | https://doi.org/10.1093/chemse/bjw117,Multiple CAS hits; exact SMILES used to disambiguate.,,human_only,46
PAIR_0046,121-32-4__121-33-5,121-32-4,121-33-5,CCOC1=C(C=CC(=C1)C=O)O,COC1=C(C=CC(=C1)C=O)O,Ethylvanillin,vanillin,Homo sapiens,hOR1A2,111.0,,0.0,False,True,False,,,A untested / B tested,Low,,https://doi.org/10.1038/sdata.2015.2,Multiple CAS hits; exact SMILES used to disambiguate.,a_untested,human_only,46
PAIR_0046,121-32-4__121-33-5,121-32-4,121-33-5,CCOC1=C(C=CC(=C1)C=O)O,COC1=C(C=CC(=C1)C=O)O,Ethylvanillin,vanillin,Homo sapiens,hOR1C1,34.0,,0.0,False,True,False,,,A untested / B tested,Low,,https://doi.org/10.1038/sdata.2015.2,Multiple CAS hits; exact SMILES used to disambiguate.,a_untested,human_only,46
PAIR_0046,121-32-4__121-33-5,121-32-4,121-33-5,CCOC1=C(C=CC(=C1)C=O)O,COC1=C(C=CC(=C1)C=O)O,Ethylvanillin,vanillin,Homo sapiens,hOR1D2,283.0,,0.0,False,True,False,,,A untested / B tested,Low,,https://doi.org/10.1038/sdata.2015.2,Multiple CAS hits; exact SMILES used to disambiguate.,a_untested,human_only,46
PAIR_0046,121-32-4__121-33-5,121-32-4,121-33-5,CCOC1=C(C=CC(=C1)C=O)O,COC1=C(C=CC(=C1)C=O)O,Ethylvanillin,vanillin,Homo sapiens,hOR1D5,239.0,,0.0,False,True,False,,,A untested / B tested,Low,,https://doi.org/10.1038/sdata.2015.2,Multiple CAS hits; exact SMILES used to disambiguate.,a_untested,human_only,46
PAIR_0046,121-32-4__121-33-5,121-32-4,121-33-5,CCOC1=C(C=CC(=C1)C=O)O,COC1=C(C=CC(=C1)C=O)O,Ethylvanillin,vanillin,Homo sapiens,hOR1E1,213.0,,0.0,False,True,False,,,A untested / B tested,Low,,https://doi.org/10.1038/sdata.2015.2,Multiple CAS hits; exact SMILES used to disambiguate.,a_untested,human_only,46
PAIR_0046,121-32-4__121-33-5,121-32-4,121-33-5,CCOC1=C(C=CC(=C1)C=O)O,COC1=C(C=CC(=C1)C=O)O,Ethylvanillin,vanillin,Homo sapiens,hOR1E2,431.0,,0.0,False,True,False,,,A untested / B tested,Low,,https://doi.org/10.1038/sdata.2015.2,Multiple CAS hits; exact SMILES used to disambiguate.,a_untested,human_only,46
PAIR_0046,121-32-4__121-33-5,121-32-4,121-33-5,CCOC1=C(C=CC(=C1)C=O)O,COC1=C(C=CC(=C1)C=O)O,Ethylvanillin,vanillin,Homo sapiens,hOR1F12,487.0,,0.0,False,True,False,,,A untested / B tested,Low,,https://doi.org/10.1038/sdata.2015.2,Multiple CAS hits; exact SMILES used to disambiguate.,a_untested,human_only,46
PAIR_0046,121-32-4__121-33-5,121-32-4,121-33-5,CCOC1=C(C=CC(=C1)C=O)O,COC1=C(C=CC(=C1)C=O)O,Ethylvanillin,vanillin,Homo sapiens,hOR1G1,405.0,0.0,1.0,True,True,True,0.0,1.0,B only responsive,Low,https://doi.org/10.1093/chemse/bji002,https://doi.org/10.1038/sdata.2015.2 | https://doi.org/10.1093/chemse/bji002 | https://doi.org/10.3389/fphar.2015.00035,Multiple CAS hits; exact SMILES used to disambiguate.,,human_only,46
PAIR_0046,121-32-4__121-33-5,121-32-4,121-33-5,CCOC1=C(C=CC(=C1)C=O)O,COC1=C(C=CC(=C1)C=O)O,Ethylvanillin,vanillin,Homo sapiens,hOR1J1,488.0,,0.0,False,True,False,,,A untested / B tested,Low,,https://doi.org/10.1038/sdata.2015.2,Multiple CAS hits; exact SMILES used to disambiguate.,a_untested,human_only,46
PAIR_0046,121-32-4__121-33-5,121-32-4,121-33-5,CCOC1=C(C=CC(=C1)C=O)O,COC1=C(C=CC(=C1)C=O)O,Ethylvanillin,vanillin,Homo sapiens,hOR1J2,365.0,,0.0,False,True,False,,,A untested / B tested,Low,,https://doi.org/10.1038/sdata.2015.2,Multiple CAS hits; exact SMILES used to disambiguate.,a_untested,human_only,46
PAIR_0046,121-32-4__121-33-5,121-32-4,121-33-5,CCOC1=C(C=CC(=C1)C=O)O,COC1=C(C=CC(=C1)C=O)O,Ethylvanillin,vanillin,Homo sapiens,hOR1J4,352.0,,0.0,False,True,False,,,A untested / B tested,Low,,https://doi.org/10.1038/sdata.2015.2,Multiple CAS hits; exact SMILES used to disambiguate.,a_untested,human_only,46
PAIR_0046,121-32-4__121-33-5,121-32-4,121-33-5,CCOC1=C(C=CC(=C1)C=O)O,COC1=C(C=CC(=C1)C=O)O,Ethylvanillin,vanillin,Homo sapiens,hOR1K1,70.0,,0.0,False,True,False,,,A untested / B tested,Low,,https://doi.org/10.1038/sdata.2015.2,Multiple CAS hits; exact SMILES used to disambiguate.,a_untested,human_only,46
PAIR_0046,121-32-4__121-33-5,121-32-4,121-33-5,CCOC1=C(C=CC(=C1)C=O)O,COC1=C(C=CC(=C1)C=O)O,Ethylvanillin,vanillin,Homo sapiens,hOR1L1,287.0,,0.0,False,True,False,,,A untested / B tested,Low,,https://doi.org/10.1038/sdata.2015.2,Multiple CAS hits; exact SMILES used to disambiguate.,a_untested,human_only,46
PAIR_0046,121-32-4__121-33-5,121-32-4,121-33-5,CCOC1=C(C=CC(=C1)C=O)O,COC1=C(C=CC(=C1)C=O)O,Ethylvanillin,vanillin,Homo sapiens,hOR1L3,71.0,,1.0,False,True,False,,,A untested / B tested,,,https://doi.org/10.1038/sdata.2015.2 | https://doi.org/10.3389/fphar.2015.00035,Multiple CAS hits; exact SMILES used to disambiguate.,a_untested,human_only,46
PAIR_0046,121-32-4__121-33-5,121-32-4,121-33-5,CCOC1=C(C=CC(=C1)C=O)O,COC1=C(C=CC(=C1)C=O)O,Ethylvanillin,vanillin,Homo sapiens,hOR1L8,69.0,,0.0,False,True,False,,,A untested / B tested,Low,,https://doi.org/10.1038/sdata.2015.2,Multiple CAS hits; exact SMILES used to disambiguate.,a_untested,human_only,46
PAIR_0046,121-32-4__121-33-5,121-32-4,121-33-5,CCOC1=C(C=CC(=C1)C=O)O,COC1=C(C=CC(=C1)C=O)O,Ethylvanillin,vanillin,Homo sapiens,hOR1M1,164.0,,0.0,False,True,False,,,A untested / B tested,Low,,https://doi.org/10.1038/sdata.2015.2,Multiple CAS hits; exact SMILES used to disambiguate.,a_untested,human_only,46
PAIR_0046,121-32-4__121-33-5,121-32-4,121-33-5,CCOC1=C(C=CC(=C1)C=O)O,COC1=C(C=CC(=C1)C=O)O,Ethylvanillin,vanillin,Homo sapiens,hOR1N1,382.0,,0.0,False,True,False,,,A untested / B tested,Low,,https://doi.org/10.1038/sdata.2015.2,Multiple CAS hits; exact SMILES used to disambiguate.,a_untested,human_only,46
PAIR_0046,121-32-4__121-33-5,121-32-4,121-33-5,CCOC1=C(C=CC(=C1)C=O)O,COC1=C(C=CC(=C1)C=O)O,Ethylvanillin,vanillin,Homo sapiens,hOR1N2,421.0,,0.0,False,True,False,,,A untested / B tested,Low,,https://doi.org/10.1038/sdata.2015.2,Multiple CAS hits; exact SMILES used to disambiguate.,a_untested,human_only,46
PAIR_0046,121-32-4__121-33-5,121-32-4,121-33-5,CCOC1=C(C=CC(=C1)C=O)O,COC1=C(C=CC(=C1)C=O)O,Ethylvanillin,vanillin,Homo sapiens,hOR1S1,376.0,,1.0,False,True,False,,,A untested / B tested,Low,,https://doi.org/10.1038/sdata.2015.2,Multiple CAS hits; exact SMILES used to disambiguate.,a_untested,human_only,46
PAIR_0046,121-32-4__121-33-5,121-32-4,121-33-5,CCOC1=C(C=CC(=C1)C=O)O,COC1=C(C=CC(=C1)C=O)O,Ethylvanillin,vanillin,Homo sapiens,hOR1S2,20.0,,0.0,False,True,False,,,A untested / B tested,Low,,https://doi.org/10.1038/sdata.2015.2,Multiple CAS hits; exact SMILES used to disambiguate.,a_untested,human_only,46
PAIR_0046,121-32-4__121-33-5,121-32-4,121-33-5,CCOC1=C(C=CC(=C1)C=O)O,COC1=C(C=CC(=C1)C=O)O,Ethylvanillin,vanillin,Homo sapiens,hOR2A1,61.0,,0.0,False,True,False,,,A untested / B tested,Low,,https://doi.org/10.1038/sdata.2015.2,Multiple CAS hits; exact SMILES used to disambiguate.,a_untested,human_only,46
PAIR_0046,121-32-4__121-33-5,121-32-4,121-33-5,CCOC1=C(C=CC(=C1)C=O)O,COC1=C(C=CC(=C1)C=O)O,Ethylvanillin,vanillin,Homo sapiens,hOR2A12,67.0,,0.0,False,True,False,,,A untested / B tested,Low,,https://doi.org/10.1038/sdata.2015.2,Multiple CAS hits; exact SMILES used to disambiguate.,a_untested,human_only,46
PAIR_0046,121-32-4__121-33-5,121-32-4,121-33-5,CCOC1=C(C=CC(=C1)C=O)O,COC1=C(C=CC(=C1)C=O)O,Ethylvanillin,vanillin,Homo sapiens,hOR2A14,66.0,,0.0,False,True,False,,,A untested / B tested,Low,,https://doi.org/10.1038/sdata.2015.2,Multiple CAS hits; exact SMILES used to disambiguate.,a_untested,human_only,46
PAIR_0046,121-32-4__121-33-5,121-32-4,121-33-5,CCOC1=C(C=CC(=C1)C=O)O,COC1=C(C=CC(=C1)C=O)O,Ethylvanillin,vanillin,Homo sapiens,hOR2A2,394.0,,0.0,False,True,False,,,A untested / B tested,Low,,https://doi.org/10.1038/sdata.2015.2,Multiple CAS hits; exact SMILES used to disambiguate.,a_untested,human_only,46
PAIR_0046,121-32-4__121-33-5,121-32-4,121-33-5,CCOC1=C(C=CC(=C1)C=O)O,COC1=C(C=CC(=C1)C=O)O,Ethylvanillin,vanillin,Homo sapiens,hOR2A25,302.0,,0.0,False,True,False,,,A untested / B tested,Low,,https://doi.org/10.1038/sdata.2015.2,Multiple CAS hits; exact SMILES used to disambiguate.,a_untested,human_only,46
PAIR_0046,121-32-4__121-33-5,121-32-4,121-33-5,CCOC1=C(C=CC(=C1)C=O)O,COC1=C(C=CC(=C1)C=O)O,Ethylvanillin,vanillin,Homo sapiens,hOR2A4,299.0,,0.0,False,True,False,,,A untested / B tested,Low,,https://doi.org/10.1038/sdata.2015.2,Multiple CAS hits; exact SMILES used to disambiguate.,a_untested,human_only,46
PAIR_0046,121-32-4__121-33-5,121-32-4,121-33-5,CCOC1=C(C=CC(=C1)C=O)O,COC1=C(C=CC(=C1)C=O)O,Ethylvanillin,vanillin,Homo sapiens,hOR2A42,473.0,,0.0,False,True,False,,,A untested / B tested,Low,,https://doi.org/10.1038/sdata.2015.2,Multiple CAS hits; exact SMILES used to disambiguate.,a_untested,human_only,46
PAIR_0046,121-32-4__121-33-5,121-32-4,121-33-5,CCOC1=C(C=CC(=C1)C=O)O,COC1=C(C=CC(=C1)C=O)O,Ethylvanillin,vanillin,Homo sapiens,hOR2A5,359.0,,0.0,False,True,False,,,A untested / B tested,Low,,https://doi.org/10.1038/sdata.2015.2,Multiple CAS hits; exact SMILES used to disambiguate.,a_untested,human_only,46
PAIR_0046,121-32-4__121-33-5,121-32-4,121-33-5,CCOC1=C(C=CC(=C1)C=O)O,COC1=C(C=CC(=C1)C=O)O,Ethylvanillin,vanillin,Homo sapiens,hOR2A7,60.0,,0.0,False,True,False,,,A untested / B tested,Low,,https://doi.org/10.1038/sdata.2015.2,Multiple CAS hits; exact SMILES used to disambiguate.,a_untested,human_only,46
PAIR_0046,121-32-4__121-33-5,121-32-4,121-33-5,CCOC1=C(C=CC(=C1)C=O)O,COC1=C(C=CC(=C1)C=O)O,Ethylvanillin,vanillin,Homo sapiens,hOR2AG1,85.0,,0.0,False,True,False,,,A untested / B tested,Low,,https://doi.org/10.1038/sdata.2015.2,Multiple CAS hits; exact SMILES used to disambiguate.,a_untested,human_only,46
PAIR_0046,121-32-4__121-33-5,121-32-4,121-33-5,CCOC1=C(C=CC(=C1)C=O)O,COC1=C(C=CC(=C1)C=O)O,Ethylvanillin,vanillin,Homo sapiens,hOR2AG2,427.0,,0.0,False,True,False,,,A untested / B tested,Low,,https://doi.org/10.1038/sdata.2015.2,Multiple CAS hits; exact SMILES used to disambiguate.,a_untested,human_only,46
PAIR_0046,121-32-4__121-33-5,121-32-4,121-33-5,CCOC1=C(C=CC(=C1)C=O)O,COC1=C(C=CC(=C1)C=O)O,Ethylvanillin,vanillin,Homo sapiens,hOR2AP1,212.0,,0.0,False,True,False,,,A untested / B tested,Low,,https://doi.org/10.1038/sdata.2015.2,Multiple CAS hits; exact SMILES used to disambiguate.,a_untested,human_only,46
PAIR_0046,121-32-4__121-33-5,121-32-4,121-33-5,CCOC1=C(C=CC(=C1)C=O)O,COC1=C(C=CC(=C1)C=O)O,Ethylvanillin,vanillin,Homo sapiens,hOR2AT4,436.0,,0.0,False,True,False,,,A untested / B tested,Low,,https://doi.org/10.1038/sdata.2015.2,Multiple CAS hits; exact SMILES used to disambiguate.,a_untested,human_only,46
PAIR_0046,121-32-4__121-33-5,121-32-4,121-33-5,CCOC1=C(C=CC(=C1)C=O)O,COC1=C(C=CC(=C1)C=O)O,Ethylvanillin,vanillin,Homo sapiens,hOR2B11,339.0,,0.0,False,True,False,,,A untested / B tested,Low,,https://doi.org/10.1038/sdata.2015.2,Multiple CAS hits; exact SMILES used to disambiguate.,a_untested,human_only,46
PAIR_0046,121-32-4__121-33-5,121-32-4,121-33-5,CCOC1=C(C=CC(=C1)C=O)O,COC1=C(C=CC(=C1)C=O)O,Ethylvanillin,vanillin,Homo sapiens,hOR2B2,150.0,,0.0,False,True,False,,,A untested / B tested,Low,,https://doi.org/10.1038/sdata.2015.2,Multiple CAS hits; exact SMILES used to disambiguate.,a_untested,human_only,46
PAIR_0046,121-32-4__121-33-5,121-32-4,121-33-5,CCOC1=C(C=CC(=C1)C=O)O,COC1=C(C=CC(=C1)C=O)O,Ethylvanillin,vanillin,Homo sapiens,hOR2B3,48.0,,0.0,False,True,False,,,A untested / B tested,Medium,,https://doi.org/10.1038/sdata.2015.2 | https://doi.org/10.3389/fphar.2015.00035,Multiple CAS hits; exact SMILES used to disambiguate.,a_untested,human_only,46
PAIR_0046,121-32-4__121-33-5,121-32-4,121-33-5,CCOC1=C(C=CC(=C1)C=O)O,COC1=C(C=CC(=C1)C=O)O,Ethylvanillin,vanillin,Homo sapiens,hOR2B6,358.0,,0.0,False,True,False,,,A untested / B tested,Low,,https://doi.org/10.1038/sdata.2015.2,Multiple CAS hits; exact SMILES used to disambiguate.,a_untested,human_only,46
PAIR_0046,121-32-4__121-33-5,121-32-4,121-33-5,CCOC1=C(C=CC(=C1)C=O)O,COC1=C(C=CC(=C1)C=O)O,Ethylvanillin,vanillin,Homo sapiens,hOR2C1,328.0,,0.0,False,True,False,,,A untested / B tested,Low,,https://doi.org/10.1038/sdata.2015.2,Multiple CAS hits; exact SMILES used to disambiguate.,a_untested,human_only,46
PAIR_0046,121-32-4__121-33-5,121-32-4,121-33-5,CCOC1=C(C=CC(=C1)C=O)O,COC1=C(C=CC(=C1)C=O)O,Ethylvanillin,vanillin,Homo sapiens,hOR2D2,193.0,,0.0,False,True,False,,,A untested / B tested,Low,,https://doi.org/10.1038/sdata.2015.2,Multiple CAS hits; exact SMILES used to disambiguate.,a_untested,human_only,46
PAIR_0046,121-32-4__121-33-5,121-32-4,121-33-5,CCOC1=C(C=CC(=C1)C=O)O,COC1=C(C=CC(=C1)C=O)O,Ethylvanillin,vanillin,Homo sapiens,hOR2F1,65.0,,0.0,False,True,False,,,A untested / B tested,Low,,https://doi.org/10.1038/sdata.2015.2,Multiple CAS hits; exact SMILES used to disambiguate.,a_untested,human_only,46
PAIR_0046,121-32-4__121-33-5,121-32-4,121-33-5,CCOC1=C(C=CC(=C1)C=O)O,COC1=C(C=CC(=C1)C=O)O,Ethylvanillin,vanillin,Homo sapiens,hOR2G2,298.0,,0.0,False,True,False,,,A untested / B tested,Low,,https://doi.org/10.1038/sdata.2015.2,Multiple CAS hits; exact SMILES used to disambiguate.,a_untested,human_only,46
PAIR_0046,121-32-4__121-33-5,121-32-4,121-33-5,CCOC1=C(C=CC(=C1)C=O)O,COC1=C(C=CC(=C1)C=O)O,Ethylvanillin,vanillin,Homo sapiens,hOR2G3,265.0,,0.0,False,True,False,,,A untested / B tested,Low,,https://doi.org/10.1038/sdata.2015.2,Multiple CAS hits; exact SMILES used to disambiguate.,a_untested,human_only,46
PAIR_0046,121-32-4__121-33-5,121-32-4,121-33-5,CCOC1=C(C=CC(=C1)C=O)O,COC1=C(C=CC(=C1)C=O)O,Ethylvanillin,vanillin,Homo sapiens,hOR2G6,404.0,,0.0,False,True,False,,,A untested / B tested,Low,,https://doi.org/10.1038/sdata.2015.2,Multiple CAS hits; exact SMILES used to disambiguate.,a_untested,human_only,46
PAIR_0046,121-32-4__121-33-5,121-32-4,121-33-5,CCOC1=C(C=CC(=C1)C=O)O,COC1=C(C=CC(=C1)C=O)O,Ethylvanillin,vanillin,Homo sapiens,hOR2H1,311.0,,0.0,False,True,False,,,A untested / B tested,Low,,https://doi.org/10.1038/sdata.2015.2,Multiple CAS hits; exact SMILES used to disambiguate.,a_untested,human_only,46
PAIR_0046,121-32-4__121-33-5,121-32-4,121-33-5,CCOC1=C(C=CC(=C1)C=O)O,COC1=C(C=CC(=C1)C=O)O,Ethylvanillin,vanillin,Homo sapiens,hOR2H2,50.0,,0.0,False,True,False,,,A untested / B tested,Low,,https://doi.org/10.1038/sdata.2015.2,Multiple CAS hits; exact SMILES used to disambiguate.,a_untested,human_only,46
PAIR_0046,121-32-4__121-33-5,121-32-4,121-33-5,CCOC1=C(C=CC(=C1)C=O)O,COC1=C(C=CC(=C1)C=O)O,Ethylvanillin,vanillin,Homo sapiens,hOR2J1,261.0,,0.0,False,True,False,,,A untested / B tested,Low,,https://doi.org/10.1038/sdata.2015.2,Multiple CAS hits; exact SMILES used to disambiguate.,a_untested,human_only,46
PAIR_0046,121-32-4__121-33-5,121-32-4,121-33-5,CCOC1=C(C=CC(=C1)C=O)O,COC1=C(C=CC(=C1)C=O)O,Ethylvanillin,vanillin,Homo sapiens,hOR2J2,325.0,,1.0,False,True,False,,,A untested / B tested,Medium,,https://doi.org/10.1038/sdata.2015.2,Multiple CAS hits; exact SMILES used to disambiguate.,a_untested,human_only,46
PAIR_0046,121-32-4__121-33-5,121-32-4,121-33-5,CCOC1=C(C=CC(=C1)C=O)O,COC1=C(C=CC(=C1)C=O)O,Ethylvanillin,vanillin,Homo sapiens,hOR2K2,373.0,,0.0,False,True,False,,,A untested / B tested,Low,,https://doi.org/10.1038/sdata.2015.2,Multiple CAS hits; exact SMILES used to disambiguate.,a_untested,human_only,46
PAIR_0046,121-32-4__121-33-5,121-32-4,121-33-5,CCOC1=C(C=CC(=C1)C=O)O,COC1=C(C=CC(=C1)C=O)O,Ethylvanillin,vanillin,Homo sapiens,hOR2L2,383.0,,0.0,False,True,False,,,A untested / B tested,Low,,https://doi.org/10.1038/sdata.2015.2,Multiple CAS hits; exact SMILES used to disambiguate.,a_untested,human_only,46
PAIR_0046,121-32-4__121-33-5,121-32-4,121-33-5,CCOC1=C(C=CC(=C1)C=O)O,COC1=C(C=CC(=C1)C=O)O,Ethylvanillin,vanillin,Homo sapiens,hOR2L3,440.0,,0.0,False,True,False,,,A untested / B tested,Low,,https://doi.org/10.1038/sdata.2015.2,Multiple CAS hits; exact SMILES used to disambiguate.,a_untested,human_only,46
PAIR_0046,121-32-4__121-33-5,121-32-4,121-33-5,CCOC1=C(C=CC(=C1)C=O)O,COC1=C(C=CC(=C1)C=O)O,Ethylvanillin,vanillin,Homo sapiens,hOR2L5,489.0,,0.0,False,True,False,,,A untested / B tested,Low,,https://doi.org/10.1038/sdata.2015.2,Multiple CAS hits; exact SMILES used to disambiguate.,a_untested,human_only,46
PAIR_0046,121-32-4__121-33-5,121-32-4,121-33-5,CCOC1=C(C=CC(=C1)C=O)O,COC1=C(C=CC(=C1)C=O)O,Ethylvanillin,vanillin,Homo sapiens,hOR2L8,429.0,,0.0,False,True,False,,,A untested / B tested,Low,,https://doi.org/10.1038/sdata.2015.2,Multiple CAS hits; exact SMILES used to disambiguate.,a_untested,human_only,46
PAIR_0046,121-32-4__121-33-5,121-32-4,121-33-5,CCOC1=C(C=CC(=C1)C=O)O,COC1=C(C=CC(=C1)C=O)O,Ethylvanillin,vanillin,Homo sapiens,hOR2M3,40.0,0.0,0.0,True,True,True,1.0,0.0,both non-responsive,Medium,https://doi.org/10.1093/chemse/bjw118,https://doi.org/10.1038/sdata.2015.2 | https://doi.org/10.1093/chemse/bjw118,Multiple CAS hits; exact SMILES used to disambiguate.,,human_only,46
PAIR_0046,121-32-4__121-33-5,121-32-4,121-33-5,CCOC1=C(C=CC(=C1)C=O)O,COC1=C(C=CC(=C1)C=O)O,Ethylvanillin,vanillin,Homo sapiens,hOR2M4,39.0,,1.0,False,True,False,,,A untested / B tested,,,https://doi.org/10.1038/sdata.2015.2 | https://doi.org/10.3389/fphar.2015.00035,Multiple CAS hits; exact SMILES used to disambiguate.,a_untested,human_only,46
PAIR_0046,121-32-4__121-33-5,121-32-4,121-33-5,CCOC1=C(C=CC(=C1)C=O)O,COC1=C(C=CC(=C1)C=O)O,Ethylvanillin,vanillin,Homo sapiens,hOR2M5,128.0,,0.0,False,True,False,,,A untested / B tested,Low,,https://doi.org/10.1038/sdata.2015.2,Multiple CAS hits; exact SMILES used to disambiguate.,a_untested,human_only,46
PAIR_0046,121-32-4__121-33-5,121-32-4,121-33-5,CCOC1=C(C=CC(=C1)C=O)O,COC1=C(C=CC(=C1)C=O)O,Ethylvanillin,vanillin,Homo sapiens,hOR2M7,284.0,,0.0,False,True,False,,,A untested / B tested,Low,,https://doi.org/10.1038/sdata.2015.2,Multiple CAS hits; exact SMILES used to disambiguate.,a_untested,human_only,46
PAIR_0046,121-32-4__121-33-5,121-32-4,121-33-5,CCOC1=C(C=CC(=C1)C=O)O,COC1=C(C=CC(=C1)C=O)O,Ethylvanillin,vanillin,Homo sapiens,hOR2S2,381.0,,0.0,False,True,False,,,A untested / B tested,Low,,https://doi.org/10.1038/sdata.2015.2,Multiple CAS hits; exact SMILES used to disambiguate.,a_untested,human_only,46
PAIR_0046,121-32-4__121-33-5,121-32-4,121-33-5,CCOC1=C(C=CC(=C1)C=O)O,COC1=C(C=CC(=C1)C=O)O,Ethylvanillin,vanillin,Homo sapiens,hOR2T10,36.0,,1.0,False,True,False,,,A untested / B tested,,,https://doi.org/10.1038/sdata.2015.2 | https://doi.org/10.3389/fphar.2015.00035,Multiple CAS hits; exact SMILES used to disambiguate.,a_untested,human_only,46
PAIR_0046,121-32-4__121-33-5,121-32-4,121-33-5,CCOC1=C(C=CC(=C1)C=O)O,COC1=C(C=CC(=C1)C=O)O,Ethylvanillin,vanillin,Homo sapiens,hOR2T2,471.0,,0.0,False,True,False,,,A untested / B tested,Low,,https://doi.org/10.1038/sdata.2015.2,Multiple CAS hits; exact SMILES used to disambiguate.,a_untested,human_only,46
PAIR_0046,121-32-4__121-33-5,121-32-4,121-33-5,CCOC1=C(C=CC(=C1)C=O)O,COC1=C(C=CC(=C1)C=O)O,Ethylvanillin,vanillin,Homo sapiens,hOR2T29,455.0,,0.0,False,True,False,,,A untested / B tested,Low,,https://doi.org/10.1038/sdata.2015.2,Multiple CAS hits; exact SMILES used to disambiguate.,a_untested,human_only,46
PAIR_0046,121-32-4__121-33-5,121-32-4,121-33-5,CCOC1=C(C=CC(=C1)C=O)O,COC1=C(C=CC(=C1)C=O)O,Ethylvanillin,vanillin,Homo sapiens,hOR2T3,317.0,,0.0,False,True,False,,,A untested / B tested,Low,,https://doi.org/10.1038/sdata.2015.2,Multiple CAS hits; exact SMILES used to disambiguate.,a_untested,human_only,46
PAIR_0046,121-32-4__121-33-5,121-32-4,121-33-5,CCOC1=C(C=CC(=C1)C=O)O,COC1=C(C=CC(=C1)C=O)O,Ethylvanillin,vanillin,Homo sapiens,hOR2T34,37.0,,0.0,False,True,False,,,A untested / B tested,Low,,https://doi.org/10.1038/sdata.2015.2,Multiple CAS hits; exact SMILES used to disambiguate.,a_untested,human_only,46
PAIR_0046,121-32-4__121-33-5,121-32-4,121-33-5,CCOC1=C(C=CC(=C1)C=O)O,COC1=C(C=CC(=C1)C=O)O,Ethylvanillin,vanillin,Homo sapiens,hOR2T4,276.0,,0.0,False,True,False,,,A untested / B tested,Low,,https://doi.org/10.1038/sdata.2015.2,Multiple CAS hits; exact SMILES used to disambiguate.,a_untested,human_only,46
PAIR_0046,121-32-4__121-33-5,121-32-4,121-33-5,CCOC1=C(C=CC(=C1)C=O)O,COC1=C(C=CC(=C1)C=O)O,Ethylvanillin,vanillin,Homo sapiens,hOR2T5,411.0,,0.0,False,True,False,,,A untested / B tested,Medium,,https://doi.org/10.1038/sdata.2015.2,Multiple CAS hits; exact SMILES used to disambiguate.,a_untested,human_only,46
PAIR_0046,121-32-4__121-33-5,121-32-4,121-33-5,CCOC1=C(C=CC(=C1)C=O)O,COC1=C(C=CC(=C1)C=O)O,Ethylvanillin,vanillin,Homo sapiens,hOR2T8,478.0,,0.0,False,True,False,,,A untested / B tested,Low,,https://doi.org/10.1038/sdata.2015.2,Multiple CAS hits; exact SMILES used to disambiguate.,a_untested,human_only,46
PAIR_0046,121-32-4__121-33-5,121-32-4,121-33-5,CCOC1=C(C=CC(=C1)C=O)O,COC1=C(C=CC(=C1)C=O)O,Ethylvanillin,vanillin,Homo sapiens,hOR2V1,503.0,,0.0,False,True,False,,,A untested / B tested,Low,,https://doi.org/10.1038/sdata.2015.2,Multiple CAS hits; exact SMILES used to disambiguate.,a_untested,human_only,46
PAIR_0046,121-32-4__121-33-5,121-32-4,121-33-5,CCOC1=C(C=CC(=C1)C=O)O,COC1=C(C=CC(=C1)C=O)O,Ethylvanillin,vanillin,Homo sapiens,hOR2W1,51.0,0.0,1.0,True,True,True,0.0,1.0,B only responsive,Low,https://doi.org/10.1016/j.foodchem.2021.131680 | https://doi.org/10.1093/chemse/bjw117,https://doi.org/10.1038/sdata.2015.2 | https://doi.org/10.1016/j.foodchem.2021.131680 | https://doi.org/10.1093/chemse/bjw117,Multiple CAS hits; exact SMILES used to disambiguate.,,human_only,46
PAIR_0046,121-32-4__121-33-5,121-32-4,121-33-5,CCOC1=C(C=CC(=C1)C=O)O,COC1=C(C=CC(=C1)C=O)O,Ethylvanillin,vanillin,Homo sapiens,hOR2W5,422.0,,0.0,False,True,False,,,A untested / B tested,Low,,https://doi.org/10.1038/sdata.2015.2,Multiple CAS hits; exact SMILES used to disambiguate.,a_untested,human_only,46
PAIR_0046,121-32-4__121-33-5,121-32-4,121-33-5,CCOC1=C(C=CC(=C1)C=O)O,COC1=C(C=CC(=C1)C=O)O,Ethylvanillin,vanillin,Homo sapiens,hOR2Z1,243.0,,0.0,False,True,False,,,A untested / B tested,Low,,https://doi.org/10.1038/sdata.2015.2,Multiple CAS hits; exact SMILES used to disambiguate.,a_untested,human_only,46
PAIR_0046,121-32-4__121-33-5,121-32-4,121-33-5,CCOC1=C(C=CC(=C1)C=O)O,COC1=C(C=CC(=C1)C=O)O,Ethylvanillin,vanillin,Homo sapiens,hOR3A1 | OR3A1,483.0,,0.0,False,True,False,,,A untested / B tested,Medium,,https://doi.org/10.1038/sdata.2015.2 | https://doi.org/10.1523/JNEUROSCI.19-17-07426.1999 | https://doi.org/10.1111/j.1471-4159.2006.03771.x,Multiple CAS hits; exact SMILES used to disambiguate.,a_untested,human_only,46
PAIR_0046,121-32-4__121-33-5,121-32-4,121-33-5,CCOC1=C(C=CC(=C1)C=O)O,COC1=C(C=CC(=C1)C=O)O,Ethylvanillin,vanillin,Homo sapiens,hOR3A2,238.0,,0.0,False,True,False,,,A untested / B tested,Low,,https://doi.org/10.1038/sdata.2015.2,Multiple CAS hits; exact SMILES used to disambiguate.,a_untested,human_only,46
PAIR_0046,121-32-4__121-33-5,121-32-4,121-33-5,CCOC1=C(C=CC(=C1)C=O)O,COC1=C(C=CC(=C1)C=O)O,Ethylvanillin,vanillin,Homo sapiens,hOR3A3,457.0,,0.0,False,True,False,,,A untested / B tested,Low,,https://doi.org/10.1038/sdata.2015.2,Multiple CAS hits; exact SMILES used to disambiguate.,a_untested,human_only,46
PAIR_0046,121-32-4__121-33-5,121-32-4,121-33-5,CCOC1=C(C=CC(=C1)C=O)O,COC1=C(C=CC(=C1)C=O)O,Ethylvanillin,vanillin,Homo sapiens,hOR4A16,432.0,,0.0,False,True,False,,,A untested / B tested,Low,,https://doi.org/10.1038/sdata.2015.2,Multiple CAS hits; exact SMILES used to disambiguate.,a_untested,human_only,46
PAIR_0046,121-32-4__121-33-5,121-32-4,121-33-5,CCOC1=C(C=CC(=C1)C=O)O,COC1=C(C=CC(=C1)C=O)O,Ethylvanillin,vanillin,Homo sapiens,hOR4A4,425.0,,0.0,False,True,False,,,A untested / B tested,Low,,https://doi.org/10.1038/sdata.2015.2,Multiple CAS hits; exact SMILES used to disambiguate.,a_untested,human_only,46
PAIR_0046,121-32-4__121-33-5,121-32-4,121-33-5,CCOC1=C(C=CC(=C1)C=O)O,COC1=C(C=CC(=C1)C=O)O,Ethylvanillin,vanillin,Homo sapiens,hOR4A5,484.0,,0.0,False,True,False,,,A untested / B tested,Low,,https://doi.org/10.1038/sdata.2015.2,Multiple CAS hits; exact SMILES used to disambiguate.,a_untested,human_only,46
PAIR_0046,121-32-4__121-33-5,121-32-4,121-33-5,CCOC1=C(C=CC(=C1)C=O)O,COC1=C(C=CC(=C1)C=O)O,Ethylvanillin,vanillin,Homo sapiens,hOR4B1,153.0,,0.0,False,True,False,,,A untested / B tested,Low,,https://doi.org/10.1038/sdata.2015.2,Multiple CAS hits; exact SMILES used to disambiguate.,a_untested,human_only,46
PAIR_0046,121-32-4__121-33-5,121-32-4,121-33-5,CCOC1=C(C=CC(=C1)C=O)O,COC1=C(C=CC(=C1)C=O)O,Ethylvanillin,vanillin,Homo sapiens,hOR4C11,203.0,,0.0,False,True,False,,,A untested / B tested,Low,,https://doi.org/10.1038/sdata.2015.2,Multiple CAS hits; exact SMILES used to disambiguate.,a_untested,human_only,46
PAIR_0046,121-32-4__121-33-5,121-32-4,121-33-5,CCOC1=C(C=CC(=C1)C=O)O,COC1=C(C=CC(=C1)C=O)O,Ethylvanillin,vanillin,Homo sapiens,hOR4C15,269.0,,0.0,False,True,False,,,A untested / B tested,Low,,https://doi.org/10.1038/sdata.2015.2,Multiple CAS hits; exact SMILES used to disambiguate.,a_untested,human_only,46
PAIR_0046,121-32-4__121-33-5,121-32-4,121-33-5,CCOC1=C(C=CC(=C1)C=O)O,COC1=C(C=CC(=C1)C=O)O,Ethylvanillin,vanillin,Homo sapiens,hOR4C3,236.0,,0.0,False,True,False,,,A untested / B tested,Low,,https://doi.org/10.1038/sdata.2015.2,Multiple CAS hits; exact SMILES used to disambiguate.,a_untested,human_only,46
PAIR_0046,121-32-4__121-33-5,121-32-4,121-33-5,CCOC1=C(C=CC(=C1)C=O)O,COC1=C(C=CC(=C1)C=O)O,Ethylvanillin,vanillin,Homo sapiens,hOR4C5,251.0,,0.0,False,True,False,,,A untested / B tested,Low,,https://doi.org/10.1038/sdata.2015.2,Multiple CAS hits; exact SMILES used to disambiguate.,a_untested,human_only,46
PAIR_0046,121-32-4__121-33-5,121-32-4,121-33-5,CCOC1=C(C=CC(=C1)C=O)O,COC1=C(C=CC(=C1)C=O)O,Ethylvanillin,vanillin,Homo sapiens,hOR4C6,188.0,,0.0,False,True,False,,,A untested / B tested,Low,,https://doi.org/10.1038/sdata.2015.2,Multiple CAS hits; exact SMILES used to disambiguate.,a_untested,human_only,46
PAIR_0046,121-32-4__121-33-5,121-32-4,121-33-5,CCOC1=C(C=CC(=C1)C=O)O,COC1=C(C=CC(=C1)C=O)O,Ethylvanillin,vanillin,Homo sapiens,hOR4D1,259.0,,0.0,False,True,False,,,A untested / B tested,Low,,https://doi.org/10.1038/sdata.2015.2,Multiple CAS hits; exact SMILES used to disambiguate.,a_untested,human_only,46
PAIR_0046,121-32-4__121-33-5,121-32-4,121-33-5,CCOC1=C(C=CC(=C1)C=O)O,COC1=C(C=CC(=C1)C=O)O,Ethylvanillin,vanillin,Homo sapiens,hOR4D10,139.0,,0.0,False,True,False,,,A untested / B tested,Low,,https://doi.org/10.1038/sdata.2015.2,Multiple CAS hits; exact SMILES used to disambiguate.,a_untested,human_only,46
PAIR_0046,121-32-4__121-33-5,121-32-4,121-33-5,CCOC1=C(C=CC(=C1)C=O)O,COC1=C(C=CC(=C1)C=O)O,Ethylvanillin,vanillin,Homo sapiens,hOR4D11,202.0,,0.0,False,True,False,,,A untested / B tested,Low,,https://doi.org/10.1038/sdata.2015.2,Multiple CAS hits; exact SMILES used to disambiguate.,a_untested,human_only,46
PAIR_0046,121-32-4__121-33-5,121-32-4,121-33-5,CCOC1=C(C=CC(=C1)C=O)O,COC1=C(C=CC(=C1)C=O)O,Ethylvanillin,vanillin,Homo sapiens,hOR4D5,94.0,,0.0,False,True,False,,,A untested / B tested,Low,,https://doi.org/10.1038/sdata.2015.2,Multiple CAS hits; exact SMILES used to disambiguate.,a_untested,human_only,46
PAIR_0046,121-32-4__121-33-5,121-32-4,121-33-5,CCOC1=C(C=CC(=C1)C=O)O,COC1=C(C=CC(=C1)C=O)O,Ethylvanillin,vanillin,Homo sapiens,hOR4D9,180.0,,0.0,False,True,False,,,A untested / B tested,Low,,https://doi.org/10.1038/sdata.2015.2,Multiple CAS hits; exact SMILES used to disambiguate.,a_untested,human_only,46
PAIR_0046,121-32-4__121-33-5,121-32-4,121-33-5,CCOC1=C(C=CC(=C1)C=O)O,COC1=C(C=CC(=C1)C=O)O,Ethylvanillin,vanillin,Homo sapiens,hOR4F15,356.0,,0.0,False,True,False,,,A untested / B tested,Low,,https://doi.org/10.1038/sdata.2015.2,Multiple CAS hits; exact SMILES used to disambiguate.,a_untested,human_only,46
PAIR_0046,121-32-4__121-33-5,121-32-4,121-33-5,CCOC1=C(C=CC(=C1)C=O)O,COC1=C(C=CC(=C1)C=O)O,Ethylvanillin,vanillin,Homo sapiens,hOR4F16,45.0,,0.0,False,True,False,,,A untested / B tested,Low,,https://doi.org/10.1038/sdata.2015.2,Multiple CAS hits; exact SMILES used to disambiguate.,a_untested,human_only,46
PAIR_0046,121-32-4__121-33-5,121-32-4,121-33-5,CCOC1=C(C=CC(=C1)C=O)O,COC1=C(C=CC(=C1)C=O)O,Ethylvanillin,vanillin,Homo sapiens,hOR4F17,122.0,,0.0,False,True,False,,,A untested / B tested,Low,,https://doi.org/10.1038/sdata.2015.2,Multiple CAS hits; exact SMILES used to disambiguate.,a_untested,human_only,46
PAIR_0046,121-32-4__121-33-5,121-32-4,121-33-5,CCOC1=C(C=CC(=C1)C=O)O,COC1=C(C=CC(=C1)C=O)O,Ethylvanillin,vanillin,Homo sapiens,hOR4F21,481.0,,1.0,False,True,False,,,A untested / B tested,Low,,https://doi.org/10.1038/sdata.2015.2,Multiple CAS hits; exact SMILES used to disambiguate.,a_untested,human_only,46
PAIR_0046,121-32-4__121-33-5,121-32-4,121-33-5,CCOC1=C(C=CC(=C1)C=O)O,COC1=C(C=CC(=C1)C=O)O,Ethylvanillin,vanillin,Homo sapiens,hOR4F4,464.0,,0.0,False,True,False,,,A untested / B tested,Low,,https://doi.org/10.1038/sdata.2015.2,Multiple CAS hits; exact SMILES used to disambiguate.,a_untested,human_only,46
PAIR_0046,121-32-4__121-33-5,121-32-4,121-33-5,CCOC1=C(C=CC(=C1)C=O)O,COC1=C(C=CC(=C1)C=O)O,Ethylvanillin,vanillin,Homo sapiens,hOR4F5,466.0,,0.0,False,True,False,,,A untested / B tested,Low,,https://doi.org/10.1038/sdata.2015.2,Multiple CAS hits; exact SMILES used to disambiguate.,a_untested,human_only,46
PAIR_0046,121-32-4__121-33-5,121-32-4,121-33-5,CCOC1=C(C=CC(=C1)C=O)O,COC1=C(C=CC(=C1)C=O)O,Ethylvanillin,vanillin,Homo sapiens,hOR4F6,450.0,,0.0,False,True,False,,,A untested / B tested,Low,,https://doi.org/10.1038/sdata.2015.2,Multiple CAS hits; exact SMILES used to disambiguate.,a_untested,human_only,46
PAIR_0046,121-32-4__121-33-5,121-32-4,121-33-5,CCOC1=C(C=CC(=C1)C=O)O,COC1=C(C=CC(=C1)C=O)O,Ethylvanillin,vanillin,Homo sapiens,hOR4K13,220.0,,0.0,False,True,False,,,A untested / B tested,Low,,https://doi.org/10.1038/sdata.2015.2,Multiple CAS hits; exact SMILES used to disambiguate.,a_untested,human_only,46
PAIR_0046,121-32-4__121-33-5,121-32-4,121-33-5,CCOC1=C(C=CC(=C1)C=O)O,COC1=C(C=CC(=C1)C=O)O,Ethylvanillin,vanillin,Homo sapiens,hOR4K14,229.0,,0.0,False,True,False,,,A untested / B tested,Low,,https://doi.org/10.1038/sdata.2015.2,Multiple CAS hits; exact SMILES used to disambiguate.,a_untested,human_only,46
PAIR_0046,121-32-4__121-33-5,121-32-4,121-33-5,CCOC1=C(C=CC(=C1)C=O)O,COC1=C(C=CC(=C1)C=O)O,Ethylvanillin,vanillin,Homo sapiens,hOR4K17,340.0,,0.0,False,True,False,,,A untested / B tested,Low,,https://doi.org/10.1038/sdata.2015.2,Multiple CAS hits; exact SMILES used to disambiguate.,a_untested,human_only,46
PAIR_0046,121-32-4__121-33-5,121-32-4,121-33-5,CCOC1=C(C=CC(=C1)C=O)O,COC1=C(C=CC(=C1)C=O)O,Ethylvanillin,vanillin,Homo sapiens,hOR4K2,214.0,,0.0,False,True,False,,,A untested / B tested,Low,,https://doi.org/10.1038/sdata.2015.2,Multiple CAS hits; exact SMILES used to disambiguate.,a_untested,human_only,46
PAIR_0046,121-32-4__121-33-5,121-32-4,121-33-5,CCOC1=C(C=CC(=C1)C=O)O,COC1=C(C=CC(=C1)C=O)O,Ethylvanillin,vanillin,Homo sapiens,hOR4K3,215.0,,0.0,False,True,False,,,A untested / B tested,Low,,https://doi.org/10.1038/sdata.2015.2,Multiple CAS hits; exact SMILES used to disambiguate.,a_untested,human_only,46
PAIR_0046,121-32-4__121-33-5,121-32-4,121-33-5,CCOC1=C(C=CC(=C1)C=O)O,COC1=C(C=CC(=C1)C=O)O,Ethylvanillin,vanillin,Homo sapiens,hOR4K5,216.0,,0.0,False,True,False,,,A untested / B tested,Low,,https://doi.org/10.1038/sdata.2015.2,Multiple CAS hits; exact SMILES used to disambiguate.,a_untested,human_only,46
PAIR_0046,121-32-4__121-33-5,121-32-4,121-33-5,CCOC1=C(C=CC(=C1)C=O)O,COC1=C(C=CC(=C1)C=O)O,Ethylvanillin,vanillin,Homo sapiens,hOR4M1,470.0,,0.0,False,True,False,,,A untested / B tested,Low,,https://doi.org/10.1038/sdata.2015.2,Multiple CAS hits; exact SMILES used to disambiguate.,a_untested,human_only,46
PAIR_0046,121-32-4__121-33-5,121-32-4,121-33-5,CCOC1=C(C=CC(=C1)C=O)O,COC1=C(C=CC(=C1)C=O)O,Ethylvanillin,vanillin,Homo sapiens,hOR4M2,231.0,,0.0,False,True,False,,,A untested / B tested,Low,,https://doi.org/10.1038/sdata.2015.2,Multiple CAS hits; exact SMILES used to disambiguate.,a_untested,human_only,46
PAIR_0046,121-32-4__121-33-5,121-32-4,121-33-5,CCOC1=C(C=CC(=C1)C=O)O,COC1=C(C=CC(=C1)C=O)O,Ethylvanillin,vanillin,Homo sapiens,hOR4N2,222.0,,0.0,False,True,False,,,A untested / B tested,Low,,https://doi.org/10.1038/sdata.2015.2,Multiple CAS hits; exact SMILES used to disambiguate.,a_untested,human_only,46
PAIR_0046,121-32-4__121-33-5,121-32-4,121-33-5,CCOC1=C(C=CC(=C1)C=O)O,COC1=C(C=CC(=C1)C=O)O,Ethylvanillin,vanillin,Homo sapiens,hOR4N4,230.0,,0.0,False,True,False,,,A untested / B tested,Low,,https://doi.org/10.1038/sdata.2015.2,Multiple CAS hits; exact SMILES used to disambiguate.,a_untested,human_only,46
PAIR_0046,121-32-4__121-33-5,121-32-4,121-33-5,CCOC1=C(C=CC(=C1)C=O)O,COC1=C(C=CC(=C1)C=O)O,Ethylvanillin,vanillin,Homo sapiens,hOR4N5,217.0,,0.0,False,True,False,,,A untested / B tested,Low,,https://doi.org/10.1038/sdata.2015.2,Multiple CAS hits; exact SMILES used to disambiguate.,a_untested,human_only,46
PAIR_0046,121-32-4__121-33-5,121-32-4,121-33-5,CCOC1=C(C=CC(=C1)C=O)O,COC1=C(C=CC(=C1)C=O)O,Ethylvanillin,vanillin,Homo sapiens,hOR4P4,109.0,,0.0,False,True,False,,,A untested / B tested,Low,,https://doi.org/10.1038/sdata.2015.2,Multiple CAS hits; exact SMILES used to disambiguate.,a_untested,human_only,46
PAIR_0046,121-32-4__121-33-5,121-32-4,121-33-5,CCOC1=C(C=CC(=C1)C=O)O,COC1=C(C=CC(=C1)C=O)O,Ethylvanillin,vanillin,Homo sapiens,hOR4Q3,333.0,,0.0,False,True,False,,,A untested / B tested,Low,,https://doi.org/10.1038/sdata.2015.2,Multiple CAS hits; exact SMILES used to disambiguate.,a_untested,human_only,46
PAIR_0046,121-32-4__121-33-5,121-32-4,121-33-5,CCOC1=C(C=CC(=C1)C=O)O,COC1=C(C=CC(=C1)C=O)O,Ethylvanillin,vanillin,Homo sapiens,hOR4S1,235.0,,0.0,False,True,False,,,A untested / B tested,Low,,https://doi.org/10.1038/sdata.2015.2,Multiple CAS hits; exact SMILES used to disambiguate.,a_untested,human_only,46
PAIR_0046,121-32-4__121-33-5,121-32-4,121-33-5,CCOC1=C(C=CC(=C1)C=O)O,COC1=C(C=CC(=C1)C=O)O,Ethylvanillin,vanillin,Homo sapiens,hOR4S2,140.0,,0.0,False,True,False,,,A untested / B tested,Low,,https://doi.org/10.1038/sdata.2015.2,Multiple CAS hits; exact SMILES used to disambiguate.,a_untested,human_only,46
PAIR_0046,121-32-4__121-33-5,121-32-4,121-33-5,CCOC1=C(C=CC(=C1)C=O)O,COC1=C(C=CC(=C1)C=O)O,Ethylvanillin,vanillin,Homo sapiens,hOR4X2,157.0,,0.0,False,True,False,,,A untested / B tested,Low,,https://doi.org/10.1038/sdata.2015.2,Multiple CAS hits; exact SMILES used to disambiguate.,a_untested,human_only,46
PAIR_0046,121-32-4__121-33-5,121-32-4,121-33-5,CCOC1=C(C=CC(=C1)C=O)O,COC1=C(C=CC(=C1)C=O)O,Ethylvanillin,vanillin,Homo sapiens,hOR51A2,479.0,,0.0,False,True,False,,,A untested / B tested,Low,,https://doi.org/10.1038/sdata.2015.2,Multiple CAS hits; exact SMILES used to disambiguate.,a_untested,human_only,46
PAIR_0046,121-32-4__121-33-5,121-32-4,121-33-5,CCOC1=C(C=CC(=C1)C=O)O,COC1=C(C=CC(=C1)C=O)O,Ethylvanillin,vanillin,Homo sapiens,hOR51B2,459.0,,0.0,False,True,False,,,A untested / B tested,Low,,https://doi.org/10.1038/sdata.2015.2,Multiple CAS hits; exact SMILES used to disambiguate.,a_untested,human_only,46
PAIR_0046,121-32-4__121-33-5,121-32-4,121-33-5,CCOC1=C(C=CC(=C1)C=O)O,COC1=C(C=CC(=C1)C=O)O,Ethylvanillin,vanillin,Homo sapiens,hOR51B5,461.0,,0.0,False,True,False,,,A untested / B tested,Low,,https://doi.org/10.1038/sdata.2015.2,Multiple CAS hits; exact SMILES used to disambiguate.,a_untested,human_only,46
PAIR_0046,121-32-4__121-33-5,121-32-4,121-33-5,CCOC1=C(C=CC(=C1)C=O)O,COC1=C(C=CC(=C1)C=O)O,Ethylvanillin,vanillin,Homo sapiens,hOR51B6,462.0,,0.0,False,True,False,,,A untested / B tested,Low,,https://doi.org/10.1038/sdata.2015.2,Multiple CAS hits; exact SMILES used to disambiguate.,a_untested,human_only,46
PAIR_0046,121-32-4__121-33-5,121-32-4,121-33-5,CCOC1=C(C=CC(=C1)C=O)O,COC1=C(C=CC(=C1)C=O)O,Ethylvanillin,vanillin,Homo sapiens,hOR51D1,169.0,,0.0,False,True,False,,,A untested / B tested,Low,,https://doi.org/10.1038/sdata.2015.2,Multiple CAS hits; exact SMILES used to disambiguate.,a_untested,human_only,46
PAIR_0046,121-32-4__121-33-5,121-32-4,121-33-5,CCOC1=C(C=CC(=C1)C=O)O,COC1=C(C=CC(=C1)C=O)O,Ethylvanillin,vanillin,Homo sapiens,hOR51E1,100.0,,0.0,False,True,False,,,A untested / B tested,Low,,https://doi.org/10.1038/sdata.2015.2,Multiple CAS hits; exact SMILES used to disambiguate.,a_untested,human_only,46
PAIR_0046,121-32-4__121-33-5,121-32-4,121-33-5,CCOC1=C(C=CC(=C1)C=O)O,COC1=C(C=CC(=C1)C=O)O,Ethylvanillin,vanillin,Homo sapiens,hOR51E2,168.0,,0.0,False,True,False,,,A untested / B tested,Low,,https://doi.org/10.1038/sdata.2015.2,Multiple CAS hits; exact SMILES used to disambiguate.,a_untested,human_only,46
PAIR_0046,121-32-4__121-33-5,121-32-4,121-33-5,CCOC1=C(C=CC(=C1)C=O)O,COC1=C(C=CC(=C1)C=O)O,Ethylvanillin,vanillin,Homo sapiens,hOR51F1,485.0,,0.0,False,True,False,,,A untested / B tested,Low,,https://doi.org/10.1038/sdata.2015.2,Multiple CAS hits; exact SMILES used to disambiguate.,a_untested,human_only,46
PAIR_0046,121-32-4__121-33-5,121-32-4,121-33-5,CCOC1=C(C=CC(=C1)C=O)O,COC1=C(C=CC(=C1)C=O)O,Ethylvanillin,vanillin,Homo sapiens,hOR51F2,266.0,,0.0,False,True,False,,,A untested / B tested,Low,,https://doi.org/10.1038/sdata.2015.2,Multiple CAS hits; exact SMILES used to disambiguate.,a_untested,human_only,46
PAIR_0046,121-32-4__121-33-5,121-32-4,121-33-5,CCOC1=C(C=CC(=C1)C=O)O,COC1=C(C=CC(=C1)C=O)O,Ethylvanillin,vanillin,Homo sapiens,hOR51G1,126.0,,0.0,False,True,False,,,A untested / B tested,Low,,https://doi.org/10.1038/sdata.2015.2,Multiple CAS hits; exact SMILES used to disambiguate.,a_untested,human_only,46
PAIR_0046,121-32-4__121-33-5,121-32-4,121-33-5,CCOC1=C(C=CC(=C1)C=O)O,COC1=C(C=CC(=C1)C=O)O,Ethylvanillin,vanillin,Homo sapiens,hOR51G2,165.0,,0.0,False,True,False,,,A untested / B tested,Low,,https://doi.org/10.1038/sdata.2015.2,Multiple CAS hits; exact SMILES used to disambiguate.,a_untested,human_only,46
PAIR_0046,121-32-4__121-33-5,121-32-4,121-33-5,CCOC1=C(C=CC(=C1)C=O)O,COC1=C(C=CC(=C1)C=O)O,Ethylvanillin,vanillin,Homo sapiens,hOR51H1,149.0,,0.0,False,True,False,,,A untested / B tested,Low,,https://doi.org/10.1038/sdata.2015.2,Multiple CAS hits; exact SMILES used to disambiguate.,a_untested,human_only,46
PAIR_0046,121-32-4__121-33-5,121-32-4,121-33-5,CCOC1=C(C=CC(=C1)C=O)O,COC1=C(C=CC(=C1)C=O)O,Ethylvanillin,vanillin,Homo sapiens,hOR51I1,463.0,,0.0,False,True,False,,,A untested / B tested,Low,,https://doi.org/10.1038/sdata.2015.2,Multiple CAS hits; exact SMILES used to disambiguate.,a_untested,human_only,46
PAIR_0046,121-32-4__121-33-5,121-32-4,121-33-5,CCOC1=C(C=CC(=C1)C=O)O,COC1=C(C=CC(=C1)C=O)O,Ethylvanillin,vanillin,Homo sapiens,hOR51I2,104.0,,0.0,False,True,False,,,A untested / B tested,Low,,https://doi.org/10.1038/sdata.2015.2,Multiple CAS hits; exact SMILES used to disambiguate.,a_untested,human_only,46
PAIR_0046,121-32-4__121-33-5,121-32-4,121-33-5,CCOC1=C(C=CC(=C1)C=O)O,COC1=C(C=CC(=C1)C=O)O,Ethylvanillin,vanillin,Homo sapiens,hOR51L1,447.0,,0.0,False,True,False,,,A untested / B tested,Low,,https://doi.org/10.1038/sdata.2015.2,Multiple CAS hits; exact SMILES used to disambiguate.,a_untested,human_only,46
PAIR_0046,121-32-4__121-33-5,121-32-4,121-33-5,CCOC1=C(C=CC(=C1)C=O)O,COC1=C(C=CC(=C1)C=O)O,Ethylvanillin,vanillin,Homo sapiens,hOR51Q1,154.0,,0.0,False,True,False,,,A untested / B tested,Low,,https://doi.org/10.1038/sdata.2015.2,Multiple CAS hits; exact SMILES used to disambiguate.,a_untested,human_only,46
PAIR_0046,121-32-4__121-33-5,121-32-4,121-33-5,CCOC1=C(C=CC(=C1)C=O)O,COC1=C(C=CC(=C1)C=O)O,Ethylvanillin,vanillin,Homo sapiens,hOR51S1,491.0,,0.0,False,True,False,,,A untested / B tested,Medium,,https://doi.org/10.1038/sdata.2015.2,Multiple CAS hits; exact SMILES used to disambiguate.,a_untested,human_only,46
PAIR_0046,121-32-4__121-33-5,121-32-4,121-33-5,CCOC1=C(C=CC(=C1)C=O)O,COC1=C(C=CC(=C1)C=O)O,Ethylvanillin,vanillin,Homo sapiens,hOR51T1,264.0,,0.0,False,True,False,,,A untested / B tested,Low,,https://doi.org/10.1038/sdata.2015.2,Multiple CAS hits; exact SMILES used to disambiguate.,a_untested,human_only,46
PAIR_0046,121-32-4__121-33-5,121-32-4,121-33-5,CCOC1=C(C=CC(=C1)C=O)O,COC1=C(C=CC(=C1)C=O)O,Ethylvanillin,vanillin,Homo sapiens,hOR51V1,492.0,,0.0,False,True,False,,,A untested / B tested,Low,,https://doi.org/10.1038/sdata.2015.2,Multiple CAS hits; exact SMILES used to disambiguate.,a_untested,human_only,46
PAIR_0046,121-32-4__121-33-5,121-32-4,121-33-5,CCOC1=C(C=CC(=C1)C=O)O,COC1=C(C=CC(=C1)C=O)O,Ethylvanillin,vanillin,Homo sapiens,hOR52A4,504.0,,0.0,False,True,False,,,A untested / B tested,Low,,https://doi.org/10.1038/sdata.2015.2,Multiple CAS hits; exact SMILES used to disambiguate.,a_untested,human_only,46
PAIR_0046,121-32-4__121-33-5,121-32-4,121-33-5,CCOC1=C(C=CC(=C1)C=O)O,COC1=C(C=CC(=C1)C=O)O,Ethylvanillin,vanillin,Homo sapiens,hOR52A5,476.0,,0.0,False,True,False,,,A untested / B tested,Low,,https://doi.org/10.1038/sdata.2015.2,Multiple CAS hits; exact SMILES used to disambiguate.,a_untested,human_only,46
PAIR_0046,121-32-4__121-33-5,121-32-4,121-33-5,CCOC1=C(C=CC(=C1)C=O)O,COC1=C(C=CC(=C1)C=O)O,Ethylvanillin,vanillin,Homo sapiens,hOR52B2,173.0,,0.0,False,True,False,,,A untested / B tested,Low,,https://doi.org/10.1038/sdata.2015.2,Multiple CAS hits; exact SMILES used to disambiguate.,a_untested,human_only,46
PAIR_0046,121-32-4__121-33-5,121-32-4,121-33-5,CCOC1=C(C=CC(=C1)C=O)O,COC1=C(C=CC(=C1)C=O)O,Ethylvanillin,vanillin,Homo sapiens,hOR52B4,270.0,,0.0,False,True,False,,,A untested / B tested,Low,,https://doi.org/10.1038/sdata.2015.2,Multiple CAS hits; exact SMILES used to disambiguate.,a_untested,human_only,46
PAIR_0046,121-32-4__121-33-5,121-32-4,121-33-5,CCOC1=C(C=CC(=C1)C=O)O,COC1=C(C=CC(=C1)C=O)O,Ethylvanillin,vanillin,Homo sapiens,hOR52D1,125.0,0.0,0.0,True,True,True,1.0,0.0,both non-responsive,Medium,https://doi.org/10.1093/chemse/bji002,https://doi.org/10.1038/sdata.2015.2 | https://doi.org/10.1093/chemse/bji002,Multiple CAS hits; exact SMILES used to disambiguate.,,human_only,46
PAIR_0046,121-32-4__121-33-5,121-32-4,121-33-5,CCOC1=C(C=CC(=C1)C=O)O,COC1=C(C=CC(=C1)C=O)O,Ethylvanillin,vanillin,Homo sapiens,hOR52E1,86.0,,0.0,False,True,False,,,A untested / B tested,Low,,https://doi.org/10.1038/sdata.2015.2,Multiple CAS hits; exact SMILES used to disambiguate.,a_untested,human_only,46
PAIR_0046,121-32-4__121-33-5,121-32-4,121-33-5,CCOC1=C(C=CC(=C1)C=O)O,COC1=C(C=CC(=C1)C=O)O,Ethylvanillin,vanillin,Homo sapiens,hOR52E6,163.0,,0.0,False,True,False,,,A untested / B tested,Low,,https://doi.org/10.1038/sdata.2015.2,Multiple CAS hits; exact SMILES used to disambiguate.,a_untested,human_only,46
PAIR_0046,121-32-4__121-33-5,121-32-4,121-33-5,CCOC1=C(C=CC(=C1)C=O)O,COC1=C(C=CC(=C1)C=O)O,Ethylvanillin,vanillin,Homo sapiens,hOR52E8,120.0,,0.0,False,True,False,,,A untested / B tested,Low,,https://doi.org/10.1038/sdata.2015.2,Multiple CAS hits; exact SMILES used to disambiguate.,a_untested,human_only,46
PAIR_0046,121-32-4__121-33-5,121-32-4,121-33-5,CCOC1=C(C=CC(=C1)C=O)O,COC1=C(C=CC(=C1)C=O)O,Ethylvanillin,vanillin,Homo sapiens,hOR52H1,494.0,,0.0,False,True,False,,,A untested / B tested,Low,,https://doi.org/10.1038/sdata.2015.2,Multiple CAS hits; exact SMILES used to disambiguate.,a_untested,human_only,46
PAIR_0046,121-32-4__121-33-5,121-32-4,121-33-5,CCOC1=C(C=CC(=C1)C=O)O,COC1=C(C=CC(=C1)C=O)O,Ethylvanillin,vanillin,Homo sapiens,hOR52I1,435.0,,0.0,False,True,False,,,A untested / B tested,Low,,https://doi.org/10.1038/sdata.2015.2,Multiple CAS hits; exact SMILES used to disambiguate.,a_untested,human_only,46
PAIR_0046,121-32-4__121-33-5,121-32-4,121-33-5,CCOC1=C(C=CC(=C1)C=O)O,COC1=C(C=CC(=C1)C=O)O,Ethylvanillin,vanillin,Homo sapiens,hOR52K1,124.0,,0.0,False,True,False,,,A untested / B tested,Low,,https://doi.org/10.1038/sdata.2015.2,Multiple CAS hits; exact SMILES used to disambiguate.,a_untested,human_only,46
PAIR_0046,121-32-4__121-33-5,121-32-4,121-33-5,CCOC1=C(C=CC(=C1)C=O)O,COC1=C(C=CC(=C1)C=O)O,Ethylvanillin,vanillin,Homo sapiens,hOR52K2,174.0,,0.0,False,True,False,,,A untested / B tested,Low,,https://doi.org/10.1038/sdata.2015.2,Multiple CAS hits; exact SMILES used to disambiguate.,a_untested,human_only,46
PAIR_0046,121-32-4__121-33-5,121-32-4,121-33-5,CCOC1=C(C=CC(=C1)C=O)O,COC1=C(C=CC(=C1)C=O)O,Ethylvanillin,vanillin,Homo sapiens,hOR52M1,113.0,,0.0,False,True,False,,,A untested / B tested,Low,,https://doi.org/10.1038/sdata.2015.2,Multiple CAS hits; exact SMILES used to disambiguate.,a_untested,human_only,46
PAIR_0046,121-32-4__121-33-5,121-32-4,121-33-5,CCOC1=C(C=CC(=C1)C=O)O,COC1=C(C=CC(=C1)C=O)O,Ethylvanillin,vanillin,Homo sapiens,hOR52N1,155.0,,0.0,False,True,False,,,A untested / B tested,Low,,https://doi.org/10.1038/sdata.2015.2,Multiple CAS hits; exact SMILES used to disambiguate.,a_untested,human_only,46
PAIR_0046,121-32-4__121-33-5,121-32-4,121-33-5,CCOC1=C(C=CC(=C1)C=O)O,COC1=C(C=CC(=C1)C=O)O,Ethylvanillin,vanillin,Homo sapiens,hOR52N5,197.0,,0.0,False,True,False,,,A untested / B tested,Low,,https://doi.org/10.1038/sdata.2015.2,Multiple CAS hits; exact SMILES used to disambiguate.,a_untested,human_only,46
PAIR_0046,121-32-4__121-33-5,121-32-4,121-33-5,CCOC1=C(C=CC(=C1)C=O)O,COC1=C(C=CC(=C1)C=O)O,Ethylvanillin,vanillin,Homo sapiens,hOR52P1,183.0,,0.0,False,True,False,,,A untested / B tested,Low,,https://doi.org/10.1038/sdata.2015.2,Multiple CAS hits; exact SMILES used to disambiguate.,a_untested,human_only,46
PAIR_0046,121-32-4__121-33-5,121-32-4,121-33-5,CCOC1=C(C=CC(=C1)C=O)O,COC1=C(C=CC(=C1)C=O)O,Ethylvanillin,vanillin,Homo sapiens,hOR52W1,192.0,,0.0,False,True,False,,,A untested / B tested,Low,,https://doi.org/10.1038/sdata.2015.2,Multiple CAS hits; exact SMILES used to disambiguate.,a_untested,human_only,46
PAIR_0046,121-32-4__121-33-5,121-32-4,121-33-5,CCOC1=C(C=CC(=C1)C=O)O,COC1=C(C=CC(=C1)C=O)O,Ethylvanillin,vanillin,Homo sapiens,hOR56A1,87.0,,0.0,False,True,False,,,A untested / B tested,Low,,https://doi.org/10.1038/sdata.2015.2,Multiple CAS hits; exact SMILES used to disambiguate.,a_untested,human_only,46
PAIR_0046,121-32-4__121-33-5,121-32-4,121-33-5,CCOC1=C(C=CC(=C1)C=O)O,COC1=C(C=CC(=C1)C=O)O,Ethylvanillin,vanillin,Homo sapiens,hOR56A4,507.0,,0.0,False,True,False,,,A untested / B tested,Low,,https://doi.org/10.1038/sdata.2015.2,Multiple CAS hits; exact SMILES used to disambiguate.,a_untested,human_only,46
PAIR_0046,121-32-4__121-33-5,121-32-4,121-33-5,CCOC1=C(C=CC(=C1)C=O)O,COC1=C(C=CC(=C1)C=O)O,Ethylvanillin,vanillin,Homo sapiens,hOR56A5,497.0,,0.0,False,True,False,,,A untested / B tested,Low,,https://doi.org/10.1038/sdata.2015.2,Multiple CAS hits; exact SMILES used to disambiguate.,a_untested,human_only,46
PAIR_0046,121-32-4__121-33-5,121-32-4,121-33-5,CCOC1=C(C=CC(=C1)C=O)O,COC1=C(C=CC(=C1)C=O)O,Ethylvanillin,vanillin,Homo sapiens,hOR5A1,101.0,,0.0,False,True,False,,,A untested / B tested,Low,,https://doi.org/10.1038/sdata.2015.2,Multiple CAS hits; exact SMILES used to disambiguate.,a_untested,human_only,46
PAIR_0046,121-32-4__121-33-5,121-32-4,121-33-5,CCOC1=C(C=CC(=C1)C=O)O,COC1=C(C=CC(=C1)C=O)O,Ethylvanillin,vanillin,Homo sapiens,hOR5A2,103.0,,0.0,False,True,False,,,A untested / B tested,Low,,https://doi.org/10.1038/sdata.2015.2,Multiple CAS hits; exact SMILES used to disambiguate.,a_untested,human_only,46
PAIR_0046,121-32-4__121-33-5,121-32-4,121-33-5,CCOC1=C(C=CC(=C1)C=O)O,COC1=C(C=CC(=C1)C=O)O,Ethylvanillin,vanillin,Homo sapiens,hOR5AC2,729.0,,1.0,False,True,False,,,A untested / B tested,,,https://doi.org/10.3389/fphar.2015.00035,Multiple CAS hits; exact SMILES used to disambiguate.,a_untested,human_only,46
PAIR_0046,121-32-4__121-33-5,121-32-4,121-33-5,CCOC1=C(C=CC(=C1)C=O)O,COC1=C(C=CC(=C1)C=O)O,Ethylvanillin,vanillin,Homo sapiens,hOR5AK2,360.0,,0.0,False,True,False,,,A untested / B tested,Low,,https://doi.org/10.1038/sdata.2015.2,Multiple CAS hits; exact SMILES used to disambiguate.,a_untested,human_only,46
PAIR_0046,121-32-4__121-33-5,121-32-4,121-33-5,CCOC1=C(C=CC(=C1)C=O)O,COC1=C(C=CC(=C1)C=O)O,Ethylvanillin,vanillin,Homo sapiens,hOR5AK3,267.0,,0.0,False,True,False,,,A untested / B tested,Low,,https://doi.org/10.1038/sdata.2015.2,Multiple CAS hits; exact SMILES used to disambiguate.,a_untested,human_only,46
PAIR_0046,121-32-4__121-33-5,121-32-4,121-33-5,CCOC1=C(C=CC(=C1)C=O)O,COC1=C(C=CC(=C1)C=O)O,Ethylvanillin,vanillin,Homo sapiens,hOR5AL1,275.0,,0.0,False,True,False,,,A untested / B tested,Low,,https://doi.org/10.1038/sdata.2015.2,Multiple CAS hits; exact SMILES used to disambiguate.,a_untested,human_only,46
PAIR_0046,121-32-4__121-33-5,121-32-4,121-33-5,CCOC1=C(C=CC(=C1)C=O)O,COC1=C(C=CC(=C1)C=O)O,Ethylvanillin,vanillin,Homo sapiens,hOR5AN1,7.0,,0.0,False,True,False,,,A untested / B tested,Low,,https://doi.org/10.1038/sdata.2015.2,Multiple CAS hits; exact SMILES used to disambiguate.,a_untested,human_only,46
PAIR_0046,121-32-4__121-33-5,121-32-4,121-33-5,CCOC1=C(C=CC(=C1)C=O)O,COC1=C(C=CC(=C1)C=O)O,Ethylvanillin,vanillin,Homo sapiens,hOR5AP2,172.0,,0.0,False,True,False,,,A untested / B tested,Low,,https://doi.org/10.1038/sdata.2015.2,Multiple CAS hits; exact SMILES used to disambiguate.,a_untested,human_only,46
PAIR_0046,121-32-4__121-33-5,121-32-4,121-33-5,CCOC1=C(C=CC(=C1)C=O)O,COC1=C(C=CC(=C1)C=O)O,Ethylvanillin,vanillin,Homo sapiens,hOR5AR1,170.0,,0.0,False,True,False,,,A untested / B tested,Low,,https://doi.org/10.1038/sdata.2015.2,Multiple CAS hits; exact SMILES used to disambiguate.,a_untested,human_only,46
PAIR_0046,121-32-4__121-33-5,121-32-4,121-33-5,CCOC1=C(C=CC(=C1)C=O)O,COC1=C(C=CC(=C1)C=O)O,Ethylvanillin,vanillin,Homo sapiens,hOR5AS1,105.0,,0.0,False,True,False,,,A untested / B tested,Low,,https://doi.org/10.1038/sdata.2015.2,Multiple CAS hits; exact SMILES used to disambiguate.,a_untested,human_only,46
PAIR_0046,121-32-4__121-33-5,121-32-4,121-33-5,CCOC1=C(C=CC(=C1)C=O)O,COC1=C(C=CC(=C1)C=O)O,Ethylvanillin,vanillin,Homo sapiens,hOR5AU1,135.0,,0.0,False,True,False,,,A untested / B tested,Low,,https://doi.org/10.1038/sdata.2015.2,Multiple CAS hits; exact SMILES used to disambiguate.,a_untested,human_only,46
PAIR_0046,121-32-4__121-33-5,121-32-4,121-33-5,CCOC1=C(C=CC(=C1)C=O)O,COC1=C(C=CC(=C1)C=O)O,Ethylvanillin,vanillin,Homo sapiens,hOR5B12,508.0,,0.0,False,True,False,,,A untested / B tested,Low,,https://doi.org/10.1038/sdata.2015.2,Multiple CAS hits; exact SMILES used to disambiguate.,a_untested,human_only,46
PAIR_0046,121-32-4__121-33-5,121-32-4,121-33-5,CCOC1=C(C=CC(=C1)C=O)O,COC1=C(C=CC(=C1)C=O)O,Ethylvanillin,vanillin,Homo sapiens,hOR5B17,182.0,,0.0,False,True,False,,,A untested / B tested,Medium,,https://doi.org/10.1038/sdata.2015.2 | https://doi.org/10.3389/fphar.2015.00035,Multiple CAS hits; exact SMILES used to disambiguate.,a_untested,human_only,46
PAIR_0046,121-32-4__121-33-5,121-32-4,121-33-5,CCOC1=C(C=CC(=C1)C=O)O,COC1=C(C=CC(=C1)C=O)O,Ethylvanillin,vanillin,Homo sapiens,hOR5B3,108.0,,0.0,False,True,False,,,A untested / B tested,Low,,https://doi.org/10.1038/sdata.2015.2,Multiple CAS hits; exact SMILES used to disambiguate.,a_untested,human_only,46
PAIR_0046,121-32-4__121-33-5,121-32-4,121-33-5,CCOC1=C(C=CC(=C1)C=O)O,COC1=C(C=CC(=C1)C=O)O,Ethylvanillin,vanillin,Homo sapiens,hOR5C1,348.0,,0.0,False,True,False,,,A untested / B tested,Low,,https://doi.org/10.1038/sdata.2015.2,Multiple CAS hits; exact SMILES used to disambiguate.,a_untested,human_only,46
PAIR_0046,121-32-4__121-33-5,121-32-4,121-33-5,CCOC1=C(C=CC(=C1)C=O)O,COC1=C(C=CC(=C1)C=O)O,Ethylvanillin,vanillin,Homo sapiens,hOR5D14,190.0,,0.0,False,True,False,,,A untested / B tested,Low,,https://doi.org/10.1038/sdata.2015.2,Multiple CAS hits; exact SMILES used to disambiguate.,a_untested,human_only,46
PAIR_0046,121-32-4__121-33-5,121-32-4,121-33-5,CCOC1=C(C=CC(=C1)C=O)O,COC1=C(C=CC(=C1)C=O)O,Ethylvanillin,vanillin,Homo sapiens,hOR5D16,341.0,,0.0,False,True,False,,,A untested / B tested,Low,,https://doi.org/10.1038/sdata.2015.2,Multiple CAS hits; exact SMILES used to disambiguate.,a_untested,human_only,46
PAIR_0046,121-32-4__121-33-5,121-32-4,121-33-5,CCOC1=C(C=CC(=C1)C=O)O,COC1=C(C=CC(=C1)C=O)O,Ethylvanillin,vanillin,Homo sapiens,hOR5H1,389.0,,0.0,False,True,False,,,A untested / B tested,Low,,https://doi.org/10.1038/sdata.2015.2,Multiple CAS hits; exact SMILES used to disambiguate.,a_untested,human_only,46
PAIR_0046,121-32-4__121-33-5,121-32-4,121-33-5,CCOC1=C(C=CC(=C1)C=O)O,COC1=C(C=CC(=C1)C=O)O,Ethylvanillin,vanillin,Homo sapiens,hOR5H2,41.0,,0.0,False,True,False,,,A untested / B tested,Low,,https://doi.org/10.1038/sdata.2015.2,Multiple CAS hits; exact SMILES used to disambiguate.,a_untested,human_only,46
PAIR_0046,121-32-4__121-33-5,121-32-4,121-33-5,CCOC1=C(C=CC(=C1)C=O)O,COC1=C(C=CC(=C1)C=O)O,Ethylvanillin,vanillin,Homo sapiens,hOR5H6,42.0,,0.0,False,True,False,,,A untested / B tested,Low,,https://doi.org/10.1038/sdata.2015.2,Multiple CAS hits; exact SMILES used to disambiguate.,a_untested,human_only,46
PAIR_0046,121-32-4__121-33-5,121-32-4,121-33-5,CCOC1=C(C=CC(=C1)C=O)O,COC1=C(C=CC(=C1)C=O)O,Ethylvanillin,vanillin,Homo sapiens,hOR5I1,114.0,,0.0,False,True,False,,,A untested / B tested,Low,,https://doi.org/10.1038/sdata.2015.2,Multiple CAS hits; exact SMILES used to disambiguate.,a_untested,human_only,46
PAIR_0046,121-32-4__121-33-5,121-32-4,121-33-5,CCOC1=C(C=CC(=C1)C=O)O,COC1=C(C=CC(=C1)C=O)O,Ethylvanillin,vanillin,Homo sapiens,hOR5J2,200.0,,0.0,False,True,False,,,A untested / B tested,Low,,https://doi.org/10.1038/sdata.2015.2,Multiple CAS hits; exact SMILES used to disambiguate.,a_untested,human_only,46
PAIR_0046,121-32-4__121-33-5,121-32-4,121-33-5,CCOC1=C(C=CC(=C1)C=O)O,COC1=C(C=CC(=C1)C=O)O,Ethylvanillin,vanillin,Homo sapiens,hOR5K1,418.0,0.0,0.0,True,True,True,1.0,0.0,both non-responsive,Medium,https://doi.org/10.1096/fj.202100224R,https://doi.org/10.1038/sdata.2015.2 | https://doi.org/10.1096/fj.202100224R,Multiple CAS hits; exact SMILES used to disambiguate.,,human_only,46
PAIR_0046,121-32-4__121-33-5,121-32-4,121-33-5,CCOC1=C(C=CC(=C1)C=O)O,COC1=C(C=CC(=C1)C=O)O,Ethylvanillin,vanillin,Homo sapiens,hOR5K2,52.0,,0.0,False,True,False,,,A untested / B tested,Low,,https://doi.org/10.1038/sdata.2015.2,Multiple CAS hits; exact SMILES used to disambiguate.,a_untested,human_only,46
PAIR_0046,121-32-4__121-33-5,121-32-4,121-33-5,CCOC1=C(C=CC(=C1)C=O)O,COC1=C(C=CC(=C1)C=O)O,Ethylvanillin,vanillin,Homo sapiens,hOR5K3,428.0,,0.0,False,True,False,,,A untested / B tested,Low,,https://doi.org/10.1038/sdata.2015.2,Multiple CAS hits; exact SMILES used to disambiguate.,a_untested,human_only,46
PAIR_0046,121-32-4__121-33-5,121-32-4,121-33-5,CCOC1=C(C=CC(=C1)C=O)O,COC1=C(C=CC(=C1)C=O)O,Ethylvanillin,vanillin,Homo sapiens,hOR5L1,296.0,,0.0,False,True,False,,,A untested / B tested,Low,,https://doi.org/10.1038/sdata.2015.2,Multiple CAS hits; exact SMILES used to disambiguate.,a_untested,human_only,46
PAIR_0046,121-32-4__121-33-5,121-32-4,121-33-5,CCOC1=C(C=CC(=C1)C=O)O,COC1=C(C=CC(=C1)C=O)O,Ethylvanillin,vanillin,Homo sapiens,hOR5M11,195.0,,0.0,False,True,False,,,A untested / B tested,Low,,https://doi.org/10.1038/sdata.2015.2,Multiple CAS hits; exact SMILES used to disambiguate.,a_untested,human_only,46
PAIR_0046,121-32-4__121-33-5,121-32-4,121-33-5,CCOC1=C(C=CC(=C1)C=O)O,COC1=C(C=CC(=C1)C=O)O,Ethylvanillin,vanillin,Homo sapiens,hOR5M3,670.0,0.0,0.0,True,True,True,1.0,0.0,both non-responsive,Low,https://doi.org/10.1021/acs.jafc.1c03314,https://doi.org/10.1021/acs.jafc.1c03314,Multiple CAS hits; exact SMILES used to disambiguate.,,human_only,46
PAIR_0046,121-32-4__121-33-5,121-32-4,121-33-5,CCOC1=C(C=CC(=C1)C=O)O,COC1=C(C=CC(=C1)C=O)O,Ethylvanillin,vanillin,Homo sapiens,hOR5M8,437.0,,0.0,False,True,False,,,A untested / B tested,Low,,https://doi.org/10.1038/sdata.2015.2,Multiple CAS hits; exact SMILES used to disambiguate.,a_untested,human_only,46
PAIR_0046,121-32-4__121-33-5,121-32-4,121-33-5,CCOC1=C(C=CC(=C1)C=O)O,COC1=C(C=CC(=C1)C=O)O,Ethylvanillin,vanillin,Homo sapiens,hOR5M9,161.0,,0.0,False,True,False,,,A untested / B tested,Low,,https://doi.org/10.1038/sdata.2015.2,Multiple CAS hits; exact SMILES used to disambiguate.,a_untested,human_only,46
PAIR_0046,121-32-4__121-33-5,121-32-4,121-33-5,CCOC1=C(C=CC(=C1)C=O)O,COC1=C(C=CC(=C1)C=O)O,Ethylvanillin,vanillin,Homo sapiens,hOR5P2,148.0,,0.0,False,True,False,,,A untested / B tested,Low,,https://doi.org/10.1038/sdata.2015.2,Multiple CAS hits; exact SMILES used to disambiguate.,a_untested,human_only,46
PAIR_0046,121-32-4__121-33-5,121-32-4,121-33-5,CCOC1=C(C=CC(=C1)C=O)O,COC1=C(C=CC(=C1)C=O)O,Ethylvanillin,vanillin,Homo sapiens,hOR5P3,88.0,,0.0,False,True,False,,,A untested / B tested,Low,,https://doi.org/10.1038/sdata.2015.2,Multiple CAS hits; exact SMILES used to disambiguate.,a_untested,human_only,46
PAIR_0046,121-32-4__121-33-5,121-32-4,121-33-5,CCOC1=C(C=CC(=C1)C=O)O,COC1=C(C=CC(=C1)C=O)O,Ethylvanillin,vanillin,Homo sapiens,hOR5R1,123.0,,0.0,False,True,False,,,A untested / B tested,Low,,https://doi.org/10.1038/sdata.2015.2,Multiple CAS hits; exact SMILES used to disambiguate.,a_untested,human_only,46
PAIR_0046,121-32-4__121-33-5,121-32-4,121-33-5,CCOC1=C(C=CC(=C1)C=O)O,COC1=C(C=CC(=C1)C=O)O,Ethylvanillin,vanillin,Homo sapiens,hOR5T1,206.0,,0.0,False,True,False,,,A untested / B tested,Low,,https://doi.org/10.1038/sdata.2015.2,Multiple CAS hits; exact SMILES used to disambiguate.,a_untested,human_only,46
PAIR_0046,121-32-4__121-33-5,121-32-4,121-33-5,CCOC1=C(C=CC(=C1)C=O)O,COC1=C(C=CC(=C1)C=O)O,Ethylvanillin,vanillin,Homo sapiens,hOR5T2,254.0,,0.0,False,True,False,,,A untested / B tested,Low,,https://doi.org/10.1038/sdata.2015.2,Multiple CAS hits; exact SMILES used to disambiguate.,a_untested,human_only,46
PAIR_0046,121-32-4__121-33-5,121-32-4,121-33-5,CCOC1=C(C=CC(=C1)C=O)O,COC1=C(C=CC(=C1)C=O)O,Ethylvanillin,vanillin,Homo sapiens,hOR5T3,274.0,,0.0,False,True,False,,,A untested / B tested,Low,,https://doi.org/10.1038/sdata.2015.2,Multiple CAS hits; exact SMILES used to disambiguate.,a_untested,human_only,46
PAIR_0046,121-32-4__121-33-5,121-32-4,121-33-5,CCOC1=C(C=CC(=C1)C=O)O,COC1=C(C=CC(=C1)C=O)O,Ethylvanillin,vanillin,Homo sapiens,hOR5V1,54.0,,0.0,False,True,False,,,A untested / B tested,Low,,https://doi.org/10.1038/sdata.2015.2,Multiple CAS hits; exact SMILES used to disambiguate.,a_untested,human_only,46
PAIR_0046,121-32-4__121-33-5,121-32-4,121-33-5,CCOC1=C(C=CC(=C1)C=O)O,COC1=C(C=CC(=C1)C=O)O,Ethylvanillin,vanillin,Homo sapiens,hOR6A2,406.0,,0.0,False,True,False,,,A untested / B tested,Low,,https://doi.org/10.1038/sdata.2015.2,Multiple CAS hits; exact SMILES used to disambiguate.,a_untested,human_only,46
PAIR_0046,121-32-4__121-33-5,121-32-4,121-33-5,CCOC1=C(C=CC(=C1)C=O)O,COC1=C(C=CC(=C1)C=O)O,Ethylvanillin,vanillin,Homo sapiens,hOR6C2,335.0,,0.0,False,True,False,,,A untested / B tested,Low,,https://doi.org/10.1038/sdata.2015.2,Multiple CAS hits; exact SMILES used to disambiguate.,a_untested,human_only,46
PAIR_0046,121-32-4__121-33-5,121-32-4,121-33-5,CCOC1=C(C=CC(=C1)C=O)O,COC1=C(C=CC(=C1)C=O)O,Ethylvanillin,vanillin,Homo sapiens,hOR6C3,342.0,,0.0,False,True,False,,,A untested / B tested,Low,,https://doi.org/10.1038/sdata.2015.2,Multiple CAS hits; exact SMILES used to disambiguate.,a_untested,human_only,46
PAIR_0046,121-32-4__121-33-5,121-32-4,121-33-5,CCOC1=C(C=CC(=C1)C=O)O,COC1=C(C=CC(=C1)C=O)O,Ethylvanillin,vanillin,Homo sapiens,hOR6C6,349.0,,0.0,False,True,False,,,A untested / B tested,Low,,https://doi.org/10.1038/sdata.2015.2,Multiple CAS hits; exact SMILES used to disambiguate.,a_untested,human_only,46
PAIR_0046,121-32-4__121-33-5,121-32-4,121-33-5,CCOC1=C(C=CC(=C1)C=O)O,COC1=C(C=CC(=C1)C=O)O,Ethylvanillin,vanillin,Homo sapiens,hOR6C65,379.0,,0.0,False,True,False,,,A untested / B tested,Low,,https://doi.org/10.1038/sdata.2015.2,Multiple CAS hits; exact SMILES used to disambiguate.,a_untested,human_only,46
PAIR_0046,121-32-4__121-33-5,121-32-4,121-33-5,CCOC1=C(C=CC(=C1)C=O)O,COC1=C(C=CC(=C1)C=O)O,Ethylvanillin,vanillin,Homo sapiens,hOR6C70,350.0,,0.0,False,True,False,,,A untested / B tested,Low,,https://doi.org/10.1038/sdata.2015.2,Multiple CAS hits; exact SMILES used to disambiguate.,a_untested,human_only,46
PAIR_0046,121-32-4__121-33-5,121-32-4,121-33-5,CCOC1=C(C=CC(=C1)C=O)O,COC1=C(C=CC(=C1)C=O)O,Ethylvanillin,vanillin,Homo sapiens,hOR6C74,363.0,,0.0,False,True,False,,,A untested / B tested,Low,,https://doi.org/10.1038/sdata.2015.2,Multiple CAS hits; exact SMILES used to disambiguate.,a_untested,human_only,46
PAIR_0046,121-32-4__121-33-5,121-32-4,121-33-5,CCOC1=C(C=CC(=C1)C=O)O,COC1=C(C=CC(=C1)C=O)O,Ethylvanillin,vanillin,Homo sapiens,hOR6C75,433.0,,0.0,False,True,False,,,A untested / B tested,Low,,https://doi.org/10.1038/sdata.2015.2,Multiple CAS hits; exact SMILES used to disambiguate.,a_untested,human_only,46
PAIR_0046,121-32-4__121-33-5,121-32-4,121-33-5,CCOC1=C(C=CC(=C1)C=O)O,COC1=C(C=CC(=C1)C=O)O,Ethylvanillin,vanillin,Homo sapiens,hOR6C76,336.0,,0.0,False,True,False,,,A untested / B tested,Low,,https://doi.org/10.1038/sdata.2015.2,Multiple CAS hits; exact SMILES used to disambiguate.,a_untested,human_only,46
PAIR_0046,121-32-4__121-33-5,121-32-4,121-33-5,CCOC1=C(C=CC(=C1)C=O)O,COC1=C(C=CC(=C1)C=O)O,Ethylvanillin,vanillin,Homo sapiens,hOR6F1,28.0,,0.0,False,True,False,,,A untested / B tested,Low,,https://doi.org/10.1038/sdata.2015.2,Multiple CAS hits; exact SMILES used to disambiguate.,a_untested,human_only,46
PAIR_0046,121-32-4__121-33-5,121-32-4,121-33-5,CCOC1=C(C=CC(=C1)C=O)O,COC1=C(C=CC(=C1)C=O)O,Ethylvanillin,vanillin,Homo sapiens,hOR6K2,31.0,,0.0,False,True,False,,,A untested / B tested,Low,,https://doi.org/10.1038/sdata.2015.2,Multiple CAS hits; exact SMILES used to disambiguate.,a_untested,human_only,46
PAIR_0046,121-32-4__121-33-5,121-32-4,121-33-5,CCOC1=C(C=CC(=C1)C=O)O,COC1=C(C=CC(=C1)C=O)O,Ethylvanillin,vanillin,Homo sapiens,hOR6K3,402.0,,0.0,False,True,False,,,A untested / B tested,Low,,https://doi.org/10.1038/sdata.2015.2,Multiple CAS hits; exact SMILES used to disambiguate.,a_untested,human_only,46
PAIR_0046,121-32-4__121-33-5,121-32-4,121-33-5,CCOC1=C(C=CC(=C1)C=O)O,COC1=C(C=CC(=C1)C=O)O,Ethylvanillin,vanillin,Homo sapiens,hOR6K6,277.0,,0.0,False,True,False,,,A untested / B tested,Low,,https://doi.org/10.1038/sdata.2015.2,Multiple CAS hits; exact SMILES used to disambiguate.,a_untested,human_only,46
PAIR_0046,121-32-4__121-33-5,121-32-4,121-33-5,CCOC1=C(C=CC(=C1)C=O)O,COC1=C(C=CC(=C1)C=O)O,Ethylvanillin,vanillin,Homo sapiens,hOR6M1,146.0,,0.0,False,True,False,,,A untested / B tested,Low,,https://doi.org/10.1038/sdata.2015.2,Multiple CAS hits; exact SMILES used to disambiguate.,a_untested,human_only,46
PAIR_0046,121-32-4__121-33-5,121-32-4,121-33-5,CCOC1=C(C=CC(=C1)C=O)O,COC1=C(C=CC(=C1)C=O)O,Ethylvanillin,vanillin,Homo sapiens,hOR6N2,15.0,,0.0,False,True,False,,,A untested / B tested,Low,,https://doi.org/10.1038/sdata.2015.2,Multiple CAS hits; exact SMILES used to disambiguate.,a_untested,human_only,46
PAIR_0046,121-32-4__121-33-5,121-32-4,121-33-5,CCOC1=C(C=CC(=C1)C=O)O,COC1=C(C=CC(=C1)C=O)O,Ethylvanillin,vanillin,Homo sapiens,hOR6P1,23.0,,0.0,False,True,False,,,A untested / B tested,Low,,https://doi.org/10.1038/sdata.2015.2,Multiple CAS hits; exact SMILES used to disambiguate.,a_untested,human_only,46
PAIR_0046,121-32-4__121-33-5,121-32-4,121-33-5,CCOC1=C(C=CC(=C1)C=O)O,COC1=C(C=CC(=C1)C=O)O,Ethylvanillin,vanillin,Homo sapiens,hOR6Q1,191.0,,0.0,False,True,False,,,A untested / B tested,Low,,https://doi.org/10.1038/sdata.2015.2,Multiple CAS hits; exact SMILES used to disambiguate.,a_untested,human_only,46
PAIR_0046,121-32-4__121-33-5,121-32-4,121-33-5,CCOC1=C(C=CC(=C1)C=O)O,COC1=C(C=CC(=C1)C=O)O,Ethylvanillin,vanillin,Homo sapiens,hOR6T1,152.0,,0.0,False,True,False,,,A untested / B tested,Low,,https://doi.org/10.1038/sdata.2015.2,Multiple CAS hits; exact SMILES used to disambiguate.,a_untested,human_only,46
PAIR_0046,121-32-4__121-33-5,121-32-4,121-33-5,CCOC1=C(C=CC(=C1)C=O)O,COC1=C(C=CC(=C1)C=O)O,Ethylvanillin,vanillin,Homo sapiens,hOR6V1,512.0,,0.0,False,True,False,,,A untested / B tested,Low,,https://doi.org/10.1038/sdata.2015.2,Multiple CAS hits; exact SMILES used to disambiguate.,a_untested,human_only,46
PAIR_0046,121-32-4__121-33-5,121-32-4,121-33-5,CCOC1=C(C=CC(=C1)C=O)O,COC1=C(C=CC(=C1)C=O)O,Ethylvanillin,vanillin,Homo sapiens,hOR6X1,198.0,,0.0,False,True,False,,,A untested / B tested,Medium,,https://doi.org/10.1038/sdata.2015.2,Multiple CAS hits; exact SMILES used to disambiguate.,a_untested,human_only,46
PAIR_0046,121-32-4__121-33-5,121-32-4,121-33-5,CCOC1=C(C=CC(=C1)C=O)O,COC1=C(C=CC(=C1)C=O)O,Ethylvanillin,vanillin,Homo sapiens,hOR7A10,80.0,,0.0,False,True,False,,,A untested / B tested,Low,,https://doi.org/10.1038/sdata.2015.2,Multiple CAS hits; exact SMILES used to disambiguate.,a_untested,human_only,46
PAIR_0046,121-32-4__121-33-5,121-32-4,121-33-5,CCOC1=C(C=CC(=C1)C=O)O,COC1=C(C=CC(=C1)C=O)O,Ethylvanillin,vanillin,Homo sapiens,hOR7A17,247.0,,0.0,False,True,False,,,A untested / B tested,Low,,https://doi.org/10.1038/sdata.2015.2,Multiple CAS hits; exact SMILES used to disambiguate.,a_untested,human_only,46
PAIR_0046,121-32-4__121-33-5,121-32-4,121-33-5,CCOC1=C(C=CC(=C1)C=O)O,COC1=C(C=CC(=C1)C=O)O,Ethylvanillin,vanillin,Homo sapiens,hOR7A5,387.0,,0.0,False,True,False,,,A untested / B tested,Low,,https://doi.org/10.1038/sdata.2015.2,Multiple CAS hits; exact SMILES used to disambiguate.,a_untested,human_only,46
PAIR_0046,121-32-4__121-33-5,121-32-4,121-33-5,CCOC1=C(C=CC(=C1)C=O)O,COC1=C(C=CC(=C1)C=O)O,Ethylvanillin,vanillin,Homo sapiens,hOR7C1,246.0,,0.0,False,True,False,,,A untested / B tested,Low,,https://doi.org/10.1038/sdata.2015.2,Multiple CAS hits; exact SMILES used to disambiguate.,a_untested,human_only,46
PAIR_0046,121-32-4__121-33-5,121-32-4,121-33-5,CCOC1=C(C=CC(=C1)C=O)O,COC1=C(C=CC(=C1)C=O)O,Ethylvanillin,vanillin,Homo sapiens,hOR7C2,240.0,,0.0,False,True,False,,,A untested / B tested,Low,,https://doi.org/10.1038/sdata.2015.2,Multiple CAS hits; exact SMILES used to disambiguate.,a_untested,human_only,46
PAIR_0046,121-32-4__121-33-5,121-32-4,121-33-5,CCOC1=C(C=CC(=C1)C=O)O,COC1=C(C=CC(=C1)C=O)O,Ethylvanillin,vanillin,Homo sapiens,hOR7D2,326.0,,0.0,False,True,False,,,A untested / B tested,Low,,https://doi.org/10.1038/sdata.2015.2,Multiple CAS hits; exact SMILES used to disambiguate.,a_untested,human_only,46
PAIR_0046,121-32-4__121-33-5,121-32-4,121-33-5,CCOC1=C(C=CC(=C1)C=O)O,COC1=C(C=CC(=C1)C=O)O,Ethylvanillin,vanillin,Homo sapiens,hOR7D4,245.0,0.0,0.0,True,True,True,1.0,0.0,both non-responsive,Medium,https://doi.org/10.1038/nature06162,https://doi.org/10.1038/sdata.2015.2 | https://doi.org/10.1038/nature06162,Multiple CAS hits; exact SMILES used to disambiguate.,,human_only,46
PAIR_0046,121-32-4__121-33-5,121-32-4,121-33-5,CCOC1=C(C=CC(=C1)C=O)O,COC1=C(C=CC(=C1)C=O)O,Ethylvanillin,vanillin,Homo sapiens,hOR7G1,242.0,,0.0,False,True,False,,,A untested / B tested,Low,,https://doi.org/10.1038/sdata.2015.2,Multiple CAS hits; exact SMILES used to disambiguate.,a_untested,human_only,46
PAIR_0046,121-32-4__121-33-5,121-32-4,121-33-5,CCOC1=C(C=CC(=C1)C=O)O,COC1=C(C=CC(=C1)C=O)O,Ethylvanillin,vanillin,Homo sapiens,hOR7G2,393.0,,0.0,False,True,False,,,A untested / B tested,Low,,https://doi.org/10.1038/sdata.2015.2,Multiple CAS hits; exact SMILES used to disambiguate.,a_untested,human_only,46
PAIR_0046,121-32-4__121-33-5,121-32-4,121-33-5,CCOC1=C(C=CC(=C1)C=O)O,COC1=C(C=CC(=C1)C=O)O,Ethylvanillin,vanillin,Homo sapiens,hOR7G3,244.0,,0.0,False,True,False,,,A untested / B tested,Low,,https://doi.org/10.1038/sdata.2015.2,Multiple CAS hits; exact SMILES used to disambiguate.,a_untested,human_only,46
PAIR_0046,121-32-4__121-33-5,121-32-4,121-33-5,CCOC1=C(C=CC(=C1)C=O)O,COC1=C(C=CC(=C1)C=O)O,Ethylvanillin,vanillin,Homo sapiens,hOR8A1,419.0,,0.0,False,True,False,,,A untested / B tested,Low,,https://doi.org/10.1038/sdata.2015.2,Multiple CAS hits; exact SMILES used to disambiguate.,a_untested,human_only,46
PAIR_0046,121-32-4__121-33-5,121-32-4,121-33-5,CCOC1=C(C=CC(=C1)C=O)O,COC1=C(C=CC(=C1)C=O)O,Ethylvanillin,vanillin,Homo sapiens,hOR8B12,513.0,,0.0,False,True,False,,,A untested / B tested,Low,,https://doi.org/10.1038/sdata.2015.2,Multiple CAS hits; exact SMILES used to disambiguate.,a_untested,human_only,46
PAIR_0046,121-32-4__121-33-5,121-32-4,121-33-5,CCOC1=C(C=CC(=C1)C=O)O,COC1=C(C=CC(=C1)C=O)O,Ethylvanillin,vanillin,Homo sapiens,hOR8B2,199.0,,0.0,False,True,False,,,A untested / B tested,Low,,https://doi.org/10.1038/sdata.2015.2,Multiple CAS hits; exact SMILES used to disambiguate.,a_untested,human_only,46
PAIR_0046,121-32-4__121-33-5,121-32-4,121-33-5,CCOC1=C(C=CC(=C1)C=O)O,COC1=C(C=CC(=C1)C=O)O,Ethylvanillin,vanillin,Homo sapiens,hOR8B8,186.0,,0.0,False,True,False,,,A untested / B tested,Low,,https://doi.org/10.1038/sdata.2015.2,Multiple CAS hits; exact SMILES used to disambiguate.,a_untested,human_only,46
PAIR_0046,121-32-4__121-33-5,121-32-4,121-33-5,CCOC1=C(C=CC(=C1)C=O)O,COC1=C(C=CC(=C1)C=O)O,Ethylvanillin,vanillin,Homo sapiens,hOR8D1,110.0,0.0,0.0,True,True,True,1.0,0.0,both non-responsive,Medium,https://doi.org/10.1021/acs.jafc.1c03314,https://doi.org/10.1038/sdata.2015.2 | https://doi.org/10.1021/acs.jafc.1c03314,Multiple CAS hits; exact SMILES used to disambiguate.,,human_only,46
PAIR_0046,121-32-4__121-33-5,121-32-4,121-33-5,CCOC1=C(C=CC(=C1)C=O)O,COC1=C(C=CC(=C1)C=O)O,Ethylvanillin,vanillin,Homo sapiens,hOR8D2,143.0,,0.0,False,True,False,,,A untested / B tested,Low,,https://doi.org/10.1038/sdata.2015.2,Multiple CAS hits; exact SMILES used to disambiguate.,a_untested,human_only,46
PAIR_0046,121-32-4__121-33-5,121-32-4,121-33-5,CCOC1=C(C=CC(=C1)C=O)O,COC1=C(C=CC(=C1)C=O)O,Ethylvanillin,vanillin,Homo sapiens,hOR8G1,313.0,,0.0,False,True,False,,,A untested / B tested,Low,,https://doi.org/10.1038/sdata.2015.2,Multiple CAS hits; exact SMILES used to disambiguate.,a_untested,human_only,46
PAIR_0046,121-32-4__121-33-5,121-32-4,121-33-5,CCOC1=C(C=CC(=C1)C=O)O,COC1=C(C=CC(=C1)C=O)O,Ethylvanillin,vanillin,Homo sapiens,hOR8G5,262.0,,0.0,False,True,False,,,A untested / B tested,Low,,https://doi.org/10.1038/sdata.2015.2,Multiple CAS hits; exact SMILES used to disambiguate.,a_untested,human_only,46
PAIR_0046,121-32-4__121-33-5,121-32-4,121-33-5,CCOC1=C(C=CC(=C1)C=O)O,COC1=C(C=CC(=C1)C=O)O,Ethylvanillin,vanillin,Homo sapiens,hOR8I2,175.0,,0.0,False,True,False,,,A untested / B tested,Low,,https://doi.org/10.1038/sdata.2015.2,Multiple CAS hits; exact SMILES used to disambiguate.,a_untested,human_only,46
PAIR_0046,121-32-4__121-33-5,121-32-4,121-33-5,CCOC1=C(C=CC(=C1)C=O)O,COC1=C(C=CC(=C1)C=O)O,Ethylvanillin,vanillin,Homo sapiens,hOR8J3,116.0,,0.0,False,True,False,,,A untested / B tested,Low,,https://doi.org/10.1038/sdata.2015.2,Multiple CAS hits; exact SMILES used to disambiguate.,a_untested,human_only,46
PAIR_0046,121-32-4__121-33-5,121-32-4,121-33-5,CCOC1=C(C=CC(=C1)C=O)O,COC1=C(C=CC(=C1)C=O)O,Ethylvanillin,vanillin,Homo sapiens,hOR8K1,354.0,,0.0,False,True,False,,,A untested / B tested,Low,,https://doi.org/10.1038/sdata.2015.2,Multiple CAS hits; exact SMILES used to disambiguate.,a_untested,human_only,46
PAIR_0046,121-32-4__121-33-5,121-32-4,121-33-5,CCOC1=C(C=CC(=C1)C=O)O,COC1=C(C=CC(=C1)C=O)O,Ethylvanillin,vanillin,Homo sapiens,hOR8K5,117.0,,0.0,False,True,False,,,A untested / B tested,Low,,https://doi.org/10.1038/sdata.2015.2,Multiple CAS hits; exact SMILES used to disambiguate.,a_untested,human_only,46
PAIR_0046,121-32-4__121-33-5,121-32-4,121-33-5,CCOC1=C(C=CC(=C1)C=O)O,COC1=C(C=CC(=C1)C=O)O,Ethylvanillin,vanillin,Homo sapiens,hOR8U1,201.0,,0.0,False,True,False,,,A untested / B tested,Low,,https://doi.org/10.1038/sdata.2015.2,Multiple CAS hits; exact SMILES used to disambiguate.,a_untested,human_only,46
PAIR_0046,121-32-4__121-33-5,121-32-4,121-33-5,CCOC1=C(C=CC(=C1)C=O)O,COC1=C(C=CC(=C1)C=O)O,Ethylvanillin,vanillin,Homo sapiens,hOR8U8,415.0,,0.0,False,True,False,,,A untested / B tested,Low,,https://doi.org/10.1038/sdata.2015.2,Multiple CAS hits; exact SMILES used to disambiguate.,a_untested,human_only,46
PAIR_0046,121-32-4__121-33-5,121-32-4,121-33-5,CCOC1=C(C=CC(=C1)C=O)O,COC1=C(C=CC(=C1)C=O)O,Ethylvanillin,vanillin,Homo sapiens,hOR8U9,361.0,,0.0,False,True,False,,,A untested / B tested,Low,,https://doi.org/10.1038/sdata.2015.2,Multiple CAS hits; exact SMILES used to disambiguate.,a_untested,human_only,46
PAIR_0046,121-32-4__121-33-5,121-32-4,121-33-5,CCOC1=C(C=CC(=C1)C=O)O,COC1=C(C=CC(=C1)C=O)O,Ethylvanillin,vanillin,Homo sapiens,hOR9A2,63.0,,0.0,False,True,False,,,A untested / B tested,Low,,https://doi.org/10.1038/sdata.2015.2,Multiple CAS hits; exact SMILES used to disambiguate.,a_untested,human_only,46
PAIR_0046,121-32-4__121-33-5,121-32-4,121-33-5,CCOC1=C(C=CC(=C1)C=O)O,COC1=C(C=CC(=C1)C=O)O,Ethylvanillin,vanillin,Homo sapiens,hOR9A4,64.0,,0.0,False,True,False,,,A untested / B tested,Low,,https://doi.org/10.1038/sdata.2015.2,Multiple CAS hits; exact SMILES used to disambiguate.,a_untested,human_only,46
PAIR_0046,121-32-4__121-33-5,121-32-4,121-33-5,CCOC1=C(C=CC(=C1)C=O)O,COC1=C(C=CC(=C1)C=O)O,Ethylvanillin,vanillin,Homo sapiens,hOR9G1,84.0,,0.0,False,True,False,,,A untested / B tested,Low,,https://doi.org/10.1038/sdata.2015.2,Multiple CAS hits; exact SMILES used to disambiguate.,a_untested,human_only,46
PAIR_0046,121-32-4__121-33-5,121-32-4,121-33-5,CCOC1=C(C=CC(=C1)C=O)O,COC1=C(C=CC(=C1)C=O)O,Ethylvanillin,vanillin,Homo sapiens,hOR9G9,130.0,,0.0,False,True,False,,,A untested / B tested,Low,,https://doi.org/10.1038/sdata.2015.2,Multiple CAS hits; exact SMILES used to disambiguate.,a_untested,human_only,46
PAIR_0046,121-32-4__121-33-5,121-32-4,121-33-5,CCOC1=C(C=CC(=C1)C=O)O,COC1=C(C=CC(=C1)C=O)O,Ethylvanillin,vanillin,Homo sapiens,hOR9I1,144.0,,0.0,False,True,False,,,A untested / B tested,Low,,https://doi.org/10.1038/sdata.2015.2,Multiple CAS hits; exact SMILES used to disambiguate.,a_untested,human_only,46
PAIR_0046,121-32-4__121-33-5,121-32-4,121-33-5,CCOC1=C(C=CC(=C1)C=O)O,COC1=C(C=CC(=C1)C=O)O,Ethylvanillin,vanillin,Homo sapiens,hOR9K2,306.0,,0.0,False,True,False,,,A untested / B tested,Low,,https://doi.org/10.1038/sdata.2015.2,Multiple CAS hits; exact SMILES used to disambiguate.,a_untested,human_only,46
PAIR_0046,121-32-4__121-33-5,121-32-4,121-33-5,CCOC1=C(C=CC(=C1)C=O)O,COC1=C(C=CC(=C1)C=O)O,Ethylvanillin,vanillin,Homo sapiens,hOR9Q2,142.0,,0.0,False,True,False,,,A untested / B tested,Low,,https://doi.org/10.1038/sdata.2015.2,Multiple CAS hits; exact SMILES used to disambiguate.,a_untested,human_only,46
PAIR_0047,123-29-5__123-66-0,123-29-5,123-66-0,CCCCCCCCC(=O)OCC,CCCCCC(=O)OCC,,Ethyl hexanoate,Homo sapiens,OR11A1,47.0,,0.0,False,True,False,,,A untested / B tested,Low,,https://pubs.acs.org/doi/10.1021/acs.jafc.4c01515,CAS not found in compounds.csv; exact SMILES used.,a_untested,human_only,47
PAIR_0047,123-29-5__123-66-0,123-29-5,123-66-0,CCCCCCCCC(=O)OCC,CCCCCC(=O)OCC,,Ethyl hexanoate,Homo sapiens,OR8H1,304.0,,0.0,False,True,False,,,A untested / B tested,Low,,https://doi.org/10.1021/acs.jafc.3c08230,CAS not found in compounds.csv; exact SMILES used.,a_untested,human_only,47
PAIR_0047,123-29-5__123-66-0,123-29-5,123-66-0,CCCCCCCCC(=O)OCC,CCCCCC(=O)OCC,,Ethyl hexanoate,Homo sapiens,hOR1A1,29.0,,1.0,False,True,False,,,A untested / B tested,Medium,,https://doi.org/10.1093/chemse/bjw117,CAS not found in compounds.csv; exact SMILES used.,a_untested,human_only,47
PAIR_0047,123-29-5__123-66-0,123-29-5,123-66-0,CCCCCCCCC(=O)OCC,CCCCCC(=O)OCC,,Ethyl hexanoate,Homo sapiens,hOR1G1,405.0,1.0,0.0,True,True,True,0.0,1.0,A only responsive,Low,https://doi.org/10.1093/chemse/bji002,https://doi.org/10.1093/chemse/bji002,CAS not found in compounds.csv; exact SMILES used.,,human_only,47
PAIR_0047,123-29-5__123-66-0,123-29-5,123-66-0,CCCCCCCCC(=O)OCC,CCCCCC(=O)OCC,,Ethyl hexanoate,Homo sapiens,hOR2M3,40.0,,0.0,False,True,False,,,A untested / B tested,Low,,https://doi.org/10.1093/chemse/bjw118,CAS not found in compounds.csv; exact SMILES used.,a_untested,human_only,47
PAIR_0047,123-29-5__123-66-0,123-29-5,123-66-0,CCCCCCCCC(=O)OCC,CCCCCC(=O)OCC,,Ethyl hexanoate,Homo sapiens,hOR2W1,51.0,,1.0,False,True,False,,,A untested / B tested,Medium,,https://doi.org/10.1016/j.foodchem.2021.131680 | https://doi.org/10.1093/chemse/bjw117,CAS not found in compounds.csv; exact SMILES used.,a_untested,human_only,47
PAIR_0047,123-29-5__123-66-0,123-29-5,123-66-0,CCCCCCCCC(=O)OCC,CCCCCC(=O)OCC,,Ethyl hexanoate,Homo sapiens,hOR52D1,125.0,0.0,1.0,True,True,True,0.0,1.0,B only responsive,Low,https://doi.org/10.1093/chemse/bji002,https://doi.org/10.1093/chemse/bji002,CAS not found in compounds.csv; exact SMILES used.,,human_only,47
PAIR_0047,123-29-5__123-66-0,123-29-5,123-66-0,CCCCCCCCC(=O)OCC,CCCCCC(=O)OCC,,Ethyl hexanoate,Homo sapiens,hOR5K1,418.0,,0.0,False,True,False,,,A untested / B tested,Low,,https://doi.org/10.1096/fj.202100224R,CAS not found in compounds.csv; exact SMILES used.,a_untested,human_only,47
PAIR_0047,123-29-5__123-66-0,123-29-5,123-66-0,CCCCCCCCC(=O)OCC,CCCCCC(=O)OCC,,Ethyl hexanoate,Homo sapiens,hOR5M3,670.0,,0.0,False,True,False,,,A untested / B tested,Low,,https://doi.org/10.1021/acs.jafc.1c03314,CAS not found in compounds.csv; exact SMILES used.,a_untested,human_only,47
PAIR_0047,123-29-5__123-66-0,123-29-5,123-66-0,CCCCCCCCC(=O)OCC,CCCCCC(=O)OCC,,Ethyl hexanoate,Homo sapiens,hOR8D1,110.0,,0.0,False,True,False,,,A untested / B tested,Low,,https://doi.org/10.1021/acs.jafc.1c03314,CAS not found in compounds.csv; exact SMILES used.,a_untested,human_only,47
PAIR_0048,123-29-5__141-78-6,123-29-5,141-78-6,CCCCCCCCC(=O)OCC,CCOC(=O)C,,Ethyl acetate,Homo sapiens,OR11A1,47.0,,0.0,False,True,False,,,A untested / B tested,Low,,https://pubs.acs.org/doi/10.1021/acs.jafc.4c01515,CAS not found in compounds.csv; exact SMILES used.,a_untested,human_only,48
PAIR_0048,123-29-5__141-78-6,123-29-5,141-78-6,CCCCCCCCC(=O)OCC,CCOC(=O)C,,Ethyl acetate,Homo sapiens,OR8H1,304.0,,0.0,False,True,False,,,A untested / B tested,Low,,https://doi.org/10.1021/acs.jafc.3c08230,CAS not found in compounds.csv; exact SMILES used.,a_untested,human_only,48
PAIR_0048,123-29-5__141-78-6,123-29-5,141-78-6,CCCCCCCCC(=O)OCC,CCOC(=O)C,,Ethyl acetate,Homo sapiens,hOR1A1,29.0,,0.0,False,True,False,,,A untested / B tested,Low,,https://doi.org/10.1093/chemse/bjw117,CAS not found in compounds.csv; exact SMILES used.,a_untested,human_only,48
PAIR_0048,123-29-5__141-78-6,123-29-5,141-78-6,CCCCCCCCC(=O)OCC,CCOC(=O)C,,Ethyl acetate,Homo sapiens,hOR1G1,405.0,1.0,,True,False,False,,,A tested / B untested,Low,https://doi.org/10.1093/chemse/bji002,,CAS not found in compounds.csv; exact SMILES used.,b_untested,human_only,48
PAIR_0048,123-29-5__141-78-6,123-29-5,141-78-6,CCCCCCCCC(=O)OCC,CCOC(=O)C,,Ethyl acetate,Homo sapiens,hOR2M3,40.0,,0.0,False,True,False,,,A untested / B tested,Low,,https://doi.org/10.1093/chemse/bjw118,CAS not found in compounds.csv; exact SMILES used.,a_untested,human_only,48
PAIR_0048,123-29-5__141-78-6,123-29-5,141-78-6,CCCCCCCCC(=O)OCC,CCOC(=O)C,,Ethyl acetate,Homo sapiens,hOR2W1,51.0,,0.0,False,True,False,,,A untested / B tested,Low,,https://doi.org/10.1016/j.foodchem.2021.131680 | https://doi.org/10.1093/chemse/bjw117,CAS not found in compounds.csv; exact SMILES used.,a_untested,human_only,48
PAIR_0048,123-29-5__141-78-6,123-29-5,141-78-6,CCCCCCCCC(=O)OCC,CCOC(=O)C,,Ethyl acetate,Homo sapiens,hOR52D1,125.0,0.0,,True,False,False,,,A tested / B untested,Low,https://doi.org/10.1093/chemse/bji002,,CAS not found in compounds.csv; exact SMILES used.,b_untested,human_only,48
PAIR_0048,123-29-5__141-78-6,123-29-5,141-78-6,CCCCCCCCC(=O)OCC,CCOC(=O)C,,Ethyl acetate,Homo sapiens,hOR5K1,418.0,,0.0,False,True,False,,,A untested / B tested,Low,,https://doi.org/10.1096/fj.202100224R,CAS not found in compounds.csv; exact SMILES used.,a_untested,human_only,48
PAIR_0048,123-29-5__141-78-6,123-29-5,141-78-6,CCCCCCCCC(=O)OCC,CCOC(=O)C,,Ethyl acetate,Homo sapiens,hOR5M3,670.0,,0.0,False,True,False,,,A untested / B tested,Low,,https://doi.org/10.1021/acs.jafc.1c03314,CAS not found in compounds.csv; exact SMILES used.,a_untested,human_only,48
PAIR_0048,123-29-5__141-78-6,123-29-5,141-78-6,CCCCCCCCC(=O)OCC,CCOC(=O)C,,Ethyl acetate,Homo sapiens,hOR8D1,110.0,,0.0,False,True,False,,,A untested / B tested,Low,,https://doi.org/10.1021/acs.jafc.1c03314,CAS not found in compounds.csv; exact SMILES used.,a_untested,human_only,48
PAIR_0049,123-66-0__123-68-2,123-66-0,123-68-2,CCCCCC(=O)OCC,CCCCCC(=O)OCC=C,Ethyl hexanoate,,Homo sapiens,OR11A1,47.0,0.0,,True,False,False,,,A tested / B untested,Low,https://pubs.acs.org/doi/10.1021/acs.jafc.4c01515,,No exact CAS or exact SMILES match found in M2OR.,b_untested,human_only,49
PAIR_0049,123-66-0__123-68-2,123-66-0,123-68-2,CCCCCC(=O)OCC,CCCCCC(=O)OCC=C,Ethyl hexanoate,,Homo sapiens,OR8H1,304.0,0.0,,True,False,False,,,A tested / B untested,Low,https://doi.org/10.1021/acs.jafc.3c08230,,No exact CAS or exact SMILES match found in M2OR.,b_untested,human_only,49
PAIR_0049,123-66-0__123-68-2,123-66-0,123-68-2,CCCCCC(=O)OCC,CCCCCC(=O)OCC=C,Ethyl hexanoate,,Homo sapiens,hOR1A1,29.0,1.0,,True,False,False,,,A tested / B untested,Medium,https://doi.org/10.1093/chemse/bjw117,,No exact CAS or exact SMILES match found in M2OR.,b_untested,human_only,49
PAIR_0049,123-66-0__123-68-2,123-66-0,123-68-2,CCCCCC(=O)OCC,CCCCCC(=O)OCC=C,Ethyl hexanoate,,Homo sapiens,hOR1G1,405.0,0.0,,True,False,False,,,A tested / B untested,Low,https://doi.org/10.1093/chemse/bji002,,No exact CAS or exact SMILES match found in M2OR.,b_untested,human_only,49
PAIR_0049,123-66-0__123-68-2,123-66-0,123-68-2,CCCCCC(=O)OCC,CCCCCC(=O)OCC=C,Ethyl hexanoate,,Homo sapiens,hOR2M3,40.0,0.0,,True,False,False,,,A tested / B untested,Low,https://doi.org/10.1093/chemse/bjw118,,No exact CAS or exact SMILES match found in M2OR.,b_untested,human_only,49
PAIR_0049,123-66-0__123-68-2,123-66-0,123-68-2,CCCCCC(=O)OCC,CCCCCC(=O)OCC=C,Ethyl hexanoate,,Homo sapiens,hOR2W1,51.0,1.0,,True,False,False,,,A tested / B untested,Medium,https://doi.org/10.1016/j.foodchem.2021.131680 | https://doi.org/10.1093/chemse/bjw117,,No exact CAS or exact SMILES match found in M2OR.,b_untested,human_only,49
PAIR_0049,123-66-0__123-68-2,123-66-0,123-68-2,CCCCCC(=O)OCC,CCCCCC(=O)OCC=C,Ethyl hexanoate,,Homo sapiens,hOR52D1,125.0,1.0,,True,False,False,,,A tested / B untested,Low,https://doi.org/10.1093/chemse/bji002,,No exact CAS or exact SMILES match found in M2OR.,b_untested,human_only,49
PAIR_0049,123-66-0__123-68-2,123-66-0,123-68-2,CCCCCC(=O)OCC,CCCCCC(=O)OCC=C,Ethyl hexanoate,,Homo sapiens,hOR5K1,418.0,0.0,,True,False,False,,,A tested / B untested,Low,https://doi.org/10.1096/fj.202100224R,,No exact CAS or exact SMILES match found in M2OR.,b_untested,human_only,49
PAIR_0049,123-66-0__123-68-2,123-66-0,123-68-2,CCCCCC(=O)OCC,CCCCCC(=O)OCC=C,Ethyl hexanoate,,Homo sapiens,hOR5M3,670.0,0.0,,True,False,False,,,A tested / B untested,Low,https://doi.org/10.1021/acs.jafc.1c03314,,No exact CAS or exact SMILES match found in M2OR.,b_untested,human_only,49
PAIR_0049,123-66-0__123-68-2,123-66-0,123-68-2,CCCCCC(=O)OCC,CCCCCC(=O)OCC=C,Ethyl hexanoate,,Homo sapiens,hOR8D1,110.0,0.0,,True,False,False,,,A tested / B untested,Low,https://doi.org/10.1021/acs.jafc.1c03314,,No exact CAS or exact SMILES match found in M2OR.,b_untested,human_only,49
PAIR_0050,123-66-0__141-78-6,123-66-0,141-78-6,CCCCCC(=O)OCC,CCOC(=O)C,Ethyl hexanoate,Ethyl acetate,Homo sapiens,OR11A1,47.0,0.0,0.0,True,True,True,1.0,0.0,both non-responsive,Low,https://pubs.acs.org/doi/10.1021/acs.jafc.4c01515,https://pubs.acs.org/doi/10.1021/acs.jafc.4c01515,,,human_only,50
PAIR_0050,123-66-0__141-78-6,123-66-0,141-78-6,CCCCCC(=O)OCC,CCOC(=O)C,Ethyl hexanoate,Ethyl acetate,Homo sapiens,OR8H1,304.0,0.0,0.0,True,True,True,1.0,0.0,both non-responsive,Low,https://doi.org/10.1021/acs.jafc.3c08230,https://doi.org/10.1021/acs.jafc.3c08230,,,human_only,50
PAIR_0050,123-66-0__141-78-6,123-66-0,141-78-6,CCCCCC(=O)OCC,CCOC(=O)C,Ethyl hexanoate,Ethyl acetate,Homo sapiens,hOR1A1,29.0,1.0,0.0,True,True,True,0.0,1.0,A only responsive,High,https://doi.org/10.1093/chemse/bjw117,https://doi.org/10.1093/chemse/bjw117,,,human_only,50
PAIR_0050,123-66-0__141-78-6,123-66-0,141-78-6,CCCCCC(=O)OCC,CCOC(=O)C,Ethyl hexanoate,Ethyl acetate,Homo sapiens,hOR1G1,405.0,0.0,,True,False,False,,,A tested / B untested,Low,https://doi.org/10.1093/chemse/bji002,,,b_untested,human_only,50
PAIR_0050,123-66-0__141-78-6,123-66-0,141-78-6,CCCCCC(=O)OCC,CCOC(=O)C,Ethyl hexanoate,Ethyl acetate,Homo sapiens,hOR2M3,40.0,0.0,0.0,True,True,True,1.0,0.0,both non-responsive,Low,https://doi.org/10.1093/chemse/bjw118,https://doi.org/10.1093/chemse/bjw118,,,human_only,50
PAIR_0050,123-66-0__141-78-6,123-66-0,141-78-6,CCCCCC(=O)OCC,CCOC(=O)C,Ethyl hexanoate,Ethyl acetate,Homo sapiens,hOR2W1,51.0,1.0,0.0,True,True,True,0.0,1.0,A only responsive,High,https://doi.org/10.1016/j.foodchem.2021.131680 | https://doi.org/10.1093/chemse/bjw117,https://doi.org/10.1016/j.foodchem.2021.131680 | https://doi.org/10.1093/chemse/bjw117,,,human_only,50
PAIR_0050,123-66-0__141-78-6,123-66-0,141-78-6,CCCCCC(=O)OCC,CCOC(=O)C,Ethyl hexanoate,Ethyl acetate,Homo sapiens,hOR52D1,125.0,1.0,,True,False,False,,,A tested / B untested,Low,https://doi.org/10.1093/chemse/bji002,,,b_untested,human_only,50
PAIR_0050,123-66-0__141-78-6,123-66-0,141-78-6,CCCCCC(=O)OCC,CCOC(=O)C,Ethyl hexanoate,Ethyl acetate,Homo sapiens,hOR5K1,418.0,0.0,0.0,True,True,True,1.0,0.0,both non-responsive,Low,https://doi.org/10.1096/fj.202100224R,https://doi.org/10.1096/fj.202100224R,,,human_only,50
PAIR_0050,123-66-0__141-78-6,123-66-0,141-78-6,CCCCCC(=O)OCC,CCOC(=O)C,Ethyl hexanoate,Ethyl acetate,Homo sapiens,hOR5M3,670.0,0.0,0.0,True,True,True,1.0,0.0,both non-responsive,Low,https://doi.org/10.1021/acs.jafc.1c03314,https://doi.org/10.1021/acs.jafc.1c03314,,,human_only,50
PAIR_0050,123-66-0__141-78-6,123-66-0,141-78-6,CCCCCC(=O)OCC,CCOC(=O)C,Ethyl hexanoate,Ethyl acetate,Homo sapiens,hOR8D1,110.0,0.0,0.0,True,True,True,1.0,0.0,both non-responsive,Low,https://doi.org/10.1021/acs.jafc.1c03314,https://doi.org/10.1021/acs.jafc.1c03314,,,human_only,50
PAIR_0051,141-78-6__141-97-9,141-78-6,141-97-9,CCOC(=O)C,CCOC(=O)CC(=O)C,Ethyl acetate,,Homo sapiens,OR11A1,47.0,0.0,,True,False,False,,,A tested / B untested,Low,https://pubs.acs.org/doi/10.1021/acs.jafc.4c01515,,No exact CAS or exact SMILES match found in M2OR.,b_untested,human_only,51
PAIR_0051,141-78-6__141-97-9,141-78-6,141-97-9,CCOC(=O)C,CCOC(=O)CC(=O)C,Ethyl acetate,,Homo sapiens,OR8H1,304.0,0.0,,True,False,False,,,A tested / B untested,Low,https://doi.org/10.1021/acs.jafc.3c08230,,No exact CAS or exact SMILES match found in M2OR.,b_untested,human_only,51
PAIR_0051,141-78-6__141-97-9,141-78-6,141-97-9,CCOC(=O)C,CCOC(=O)CC(=O)C,Ethyl acetate,,Homo sapiens,hOR1A1,29.0,0.0,,True,False,False,,,A tested / B untested,Low,https://doi.org/10.1093/chemse/bjw117,,No exact CAS or exact SMILES match found in M2OR.,b_untested,human_only,51
PAIR_0051,141-78-6__141-97-9,141-78-6,141-97-9,CCOC(=O)C,CCOC(=O)CC(=O)C,Ethyl acetate,,Homo sapiens,hOR2M3,40.0,0.0,,True,False,False,,,A tested / B untested,Low,https://doi.org/10.1093/chemse/bjw118,,No exact CAS or exact SMILES match found in M2OR.,b_untested,human_only,51
PAIR_0051,141-78-6__141-97-9,141-78-6,141-97-9,CCOC(=O)C,CCOC(=O)CC(=O)C,Ethyl acetate,,Homo sapiens,hOR2W1,51.0,0.0,,True,False,False,,,A tested / B untested,Low,https://doi.org/10.1016/j.foodchem.2021.131680 | https://doi.org/10.1093/chemse/bjw117,,No exact CAS or exact SMILES match found in M2OR.,b_untested,human_only,51
PAIR_0051,141-78-6__141-97-9,141-78-6,141-97-9,CCOC(=O)C,CCOC(=O)CC(=O)C,Ethyl acetate,,Homo sapiens,hOR5K1,418.0,0.0,,True,False,False,,,A tested / B untested,Low,https://doi.org/10.1096/fj.202100224R,,No exact CAS or exact SMILES match found in M2OR.,b_untested,human_only,51
PAIR_0051,141-78-6__141-97-9,141-78-6,141-97-9,CCOC(=O)C,CCOC(=O)CC(=O)C,Ethyl acetate,,Homo sapiens,hOR5M3,670.0,0.0,,True,False,False,,,A tested / B untested,Low,https://doi.org/10.1021/acs.jafc.1c03314,,No exact CAS or exact SMILES match found in M2OR.,b_untested,human_only,51
PAIR_0051,141-78-6__141-97-9,141-78-6,141-97-9,CCOC(=O)C,CCOC(=O)CC(=O)C,Ethyl acetate,,Homo sapiens,hOR8D1,110.0,0.0,,True,False,False,,,A tested / B untested,Low,https://doi.org/10.1021/acs.jafc.1c03314,,No exact CAS or exact SMILES match found in M2OR.,b_untested,human_only,51
PAIR_0052,2721-22-4__3301-94-8,2721-22-4,3301-94-8,CCCCCCCCCC1CCCC(=O)O1,CCCCC1CCCC(=O)O1,,,Homo sapiens,OR1D2,283.0,1.0,1.0,True,True,True,1.0,0.0,both responsive,High,https://doi.org/10.1093/chemse/bju073,https://doi.org/10.1093/chemse/bju073,CAS not found in compounds.csv; exact SMILES used.,,human_only,52
PAIR_0053,2721-22-4__698-76-0,2721-22-4,698-76-0,CCCCCCCCCC1CCCC(=O)O1,CCCC1CCCC(=O)O1,,6-Propyloxan-2-one,Homo sapiens,OR11A1,47.0,,0.0,False,True,False,,,A untested / B tested,Low,,https://pubs.acs.org/doi/10.1021/acs.jafc.4c01515,CAS not found in compounds.csv; exact SMILES used. | Multiple CAS hits; exact SMILES used to disambiguate.,a_untested,human_only,53
PAIR_0053,2721-22-4__698-76-0,2721-22-4,698-76-0,CCCCCCCCCC1CCCC(=O)O1,CCCC1CCCC(=O)O1,,6-Propyloxan-2-one,Homo sapiens,OR1D2,283.0,1.0,,True,False,False,,,A tested / B untested,Medium,https://doi.org/10.1093/chemse/bju073,,CAS not found in compounds.csv; exact SMILES used. | Multiple CAS hits; exact SMILES used to disambiguate.,b_untested,human_only,53
PAIR_0053,2721-22-4__698-76-0,2721-22-4,698-76-0,CCCCCCCCCC1CCCC(=O)O1,CCCC1CCCC(=O)O1,,6-Propyloxan-2-one,Homo sapiens,OR8H1,304.0,,0.0,False,True,False,,,A untested / B tested,Low,,https://doi.org/10.1021/acs.jafc.3c08230,CAS not found in compounds.csv; exact SMILES used. | Multiple CAS hits; exact SMILES used to disambiguate.,a_untested,human_only,53
PAIR_0053,2721-22-4__698-76-0,2721-22-4,698-76-0,CCCCCCCCCC1CCCC(=O)O1,CCCC1CCCC(=O)O1,,6-Propyloxan-2-one,Homo sapiens,hOR1A1,29.0,,0.0,False,True,False,,,A untested / B tested,Low,,https://doi.org/10.1093/chemse/bjw117,CAS not found in compounds.csv; exact SMILES used. | Multiple CAS hits; exact SMILES used to disambiguate.,a_untested,human_only,53
PAIR_0053,2721-22-4__698-76-0,2721-22-4,698-76-0,CCCCCCCCCC1CCCC(=O)O1,CCCC1CCCC(=O)O1,,6-Propyloxan-2-one,Homo sapiens,hOR2M3,40.0,,0.0,False,True,False,,,A untested / B tested,Low,,https://doi.org/10.1093/chemse/bjw118,CAS not found in compounds.csv; exact SMILES used. | Multiple CAS hits; exact SMILES used to disambiguate.,a_untested,human_only,53
PAIR_0053,2721-22-4__698-76-0,2721-22-4,698-76-0,CCCCCCCCCC1CCCC(=O)O1,CCCC1CCCC(=O)O1,,6-Propyloxan-2-one,Homo sapiens,hOR2W1,51.0,,1.0,False,True,False,,,A untested / B tested,Medium,,https://doi.org/10.1016/j.foodchem.2021.131680 | https://doi.org/10.1093/chemse/bjw117,CAS not found in compounds.csv; exact SMILES used. | Multiple CAS hits; exact SMILES used to disambiguate.,a_untested,human_only,53
PAIR_0053,2721-22-4__698-76-0,2721-22-4,698-76-0,CCCCCCCCCC1CCCC(=O)O1,CCCC1CCCC(=O)O1,,6-Propyloxan-2-one,Homo sapiens,hOR5K1,418.0,,0.0,False,True,False,,,A untested / B tested,Low,,https://doi.org/10.1096/fj.202100224R,CAS not found in compounds.csv; exact SMILES used. | Multiple CAS hits; exact SMILES used to disambiguate.,a_untested,human_only,53
PAIR_0053,2721-22-4__698-76-0,2721-22-4,698-76-0,CCCCCCCCCC1CCCC(=O)O1,CCCC1CCCC(=O)O1,,6-Propyloxan-2-one,Homo sapiens,hOR5M3,670.0,,0.0,False,True,False,,,A untested / B tested,Low,,https://doi.org/10.1021/acs.jafc.1c03314,CAS not found in compounds.csv; exact SMILES used. | Multiple CAS hits; exact SMILES used to disambiguate.,a_untested,human_only,53
PAIR_0053,2721-22-4__698-76-0,2721-22-4,698-76-0,CCCCCCCCCC1CCCC(=O)O1,CCCC1CCCC(=O)O1,,6-Propyloxan-2-one,Homo sapiens,hOR8D1,110.0,,0.0,False,True,False,,,A untested / B tested,Low,,https://doi.org/10.1021/acs.jafc.1c03314,CAS not found in compounds.csv; exact SMILES used. | Multiple CAS hits; exact SMILES used to disambiguate.,a_untested,human_only,53
PAIR_0054,2721-22-4__705-86-2,2721-22-4,705-86-2,CCCCCCCCCC1CCCC(=O)O1,CCCCCC1CCCC(=O)O1,,6-Pentyloxan-2-one,Homo sapiens,OR1D2,283.0,1.0,1.0,True,True,True,1.0,0.0,both responsive,High,https://doi.org/10.1093/chemse/bju073,https://doi.org/10.1093/chemse/bju073,CAS not found in compounds.csv; exact SMILES used.,,human_only,54
PAIR_0054,2721-22-4__705-86-2,2721-22-4,705-86-2,CCCCCCCCCC1CCCC(=O)O1,CCCCCC1CCCC(=O)O1,,6-Pentyloxan-2-one,Homo sapiens,hOR1A1,29.0,,0.0,False,True,False,,,A untested / B tested,Low,,https://doi.org/10.1093/chemse/bjw117,CAS not found in compounds.csv; exact SMILES used.,a_untested,human_only,54
PAIR_0054,2721-22-4__705-86-2,2721-22-4,705-86-2,CCCCCCCCCC1CCCC(=O)O1,CCCCCC1CCCC(=O)O1,,6-Pentyloxan-2-one,Homo sapiens,hOR2M3,40.0,,0.0,False,True,False,,,A untested / B tested,Low,,https://doi.org/10.1093/chemse/bjw118,CAS not found in compounds.csv; exact SMILES used.,a_untested,human_only,54
PAIR_0054,2721-22-4__705-86-2,2721-22-4,705-86-2,CCCCCCCCCC1CCCC(=O)O1,CCCCCC1CCCC(=O)O1,,6-Pentyloxan-2-one,Homo sapiens,hOR2W1,51.0,,0.0,False,True,False,,,A untested / B tested,Low,,https://doi.org/10.1093/chemse/bjw117,CAS not found in compounds.csv; exact SMILES used.,a_untested,human_only,54
PAIR_0054,2721-22-4__705-86-2,2721-22-4,705-86-2,CCCCCCCCCC1CCCC(=O)O1,CCCCCC1CCCC(=O)O1,,6-Pentyloxan-2-one,Homo sapiens,hOR51A2,479.0,,0.0,False,True,False,,,A untested / B tested,Low,,https://doi.org/10.1021/acs.jafc.5b01884,CAS not found in compounds.csv; exact SMILES used.,a_untested,human_only,54
PAIR_0054,2721-22-4__705-86-2,2721-22-4,705-86-2,CCCCCCCCCC1CCCC(=O)O1,CCCCCC1CCCC(=O)O1,,6-Pentyloxan-2-one,Homo sapiens,hOR51A4,892.0,,0.0,False,True,False,,,A untested / B tested,Low,,https://doi.org/10.1021/acs.jafc.5b01884,CAS not found in compounds.csv; exact SMILES used.,a_untested,human_only,54
PAIR_0054,2721-22-4__705-86-2,2721-22-4,705-86-2,CCCCCCCCCC1CCCC(=O)O1,CCCCCC1CCCC(=O)O1,,6-Pentyloxan-2-one,Homo sapiens,hOR51A7,893.0,,0.0,False,True,False,,,A untested / B tested,Low,,https://doi.org/10.1021/acs.jafc.5b01884,CAS not found in compounds.csv; exact SMILES used.,a_untested,human_only,54
PAIR_0054,2721-22-4__705-86-2,2721-22-4,705-86-2,CCCCCCCCCC1CCCC(=O)O1,CCCCCC1CCCC(=O)O1,,6-Pentyloxan-2-one,Homo sapiens,hOR51B2,459.0,,0.0,False,True,False,,,A untested / B tested,Low,,https://doi.org/10.1021/acs.jafc.5b01884,CAS not found in compounds.csv; exact SMILES used.,a_untested,human_only,54
PAIR_0054,2721-22-4__705-86-2,2721-22-4,705-86-2,CCCCCCCCCC1CCCC(=O)O1,CCCCCC1CCCC(=O)O1,,6-Pentyloxan-2-one,Homo sapiens,hOR51B4,896.0,,0.0,False,True,False,,,A untested / B tested,Low,,https://doi.org/10.1021/acs.jafc.5b01884,CAS not found in compounds.csv; exact SMILES used.,a_untested,human_only,54
PAIR_0054,2721-22-4__705-86-2,2721-22-4,705-86-2,CCCCCCCCCC1CCCC(=O)O1,CCCCCC1CCCC(=O)O1,,6-Pentyloxan-2-one,Homo sapiens,hOR51B5,10.0,,0.0,False,True,False,,,A untested / B tested,Low,,https://doi.org/10.1021/acs.jafc.5b01884,CAS not found in compounds.csv; exact SMILES used.,a_untested,human_only,54
PAIR_0054,2721-22-4__705-86-2,2721-22-4,705-86-2,CCCCCCCCCC1CCCC(=O)O1,CCCCCC1CCCC(=O)O1,,6-Pentyloxan-2-one,Homo sapiens,hOR51B6,899.0,,0.0,False,True,False,,,A untested / B tested,Low,,https://doi.org/10.1021/acs.jafc.5b01884,CAS not found in compounds.csv; exact SMILES used.,a_untested,human_only,54
PAIR_0054,2721-22-4__705-86-2,2721-22-4,705-86-2,CCCCCCCCCC1CCCC(=O)O1,CCCCCC1CCCC(=O)O1,,6-Pentyloxan-2-one,Homo sapiens,hOR51D1,169.0,,0.0,False,True,False,,,A untested / B tested,Low,,https://doi.org/10.1021/acs.jafc.5b01884,CAS not found in compounds.csv; exact SMILES used.,a_untested,human_only,54
PAIR_0054,2721-22-4__705-86-2,2721-22-4,705-86-2,CCCCCCCCCC1CCCC(=O)O1,CCCCCC1CCCC(=O)O1,,6-Pentyloxan-2-one,Homo sapiens,hOR51E1,962.0,,0.0,False,True,False,,,A untested / B tested,Low,,https://doi.org/10.1021/acs.jafc.5b01884,CAS not found in compounds.csv; exact SMILES used.,a_untested,human_only,54
PAIR_0054,2721-22-4__705-86-2,2721-22-4,705-86-2,CCCCCCCCCC1CCCC(=O)O1,CCCCCC1CCCC(=O)O1,,6-Pentyloxan-2-one,Homo sapiens,hOR51E2,168.0,,0.0,False,True,False,,,A untested / B tested,Low,,https://doi.org/10.1021/acs.jafc.5b01884,CAS not found in compounds.csv; exact SMILES used.,a_untested,human_only,54
PAIR_0054,2721-22-4__705-86-2,2721-22-4,705-86-2,CCCCCCCCCC1CCCC(=O)O1,CCCCCC1CCCC(=O)O1,,6-Pentyloxan-2-one,Homo sapiens,hOR51F1,524.0,,0.0,False,True,False,,,A untested / B tested,Low,,https://doi.org/10.1021/acs.jafc.5b01884,CAS not found in compounds.csv; exact SMILES used.,a_untested,human_only,54
PAIR_0054,2721-22-4__705-86-2,2721-22-4,705-86-2,CCCCCCCCCC1CCCC(=O)O1,CCCCCC1CCCC(=O)O1,,6-Pentyloxan-2-one,Homo sapiens,hOR51F2,901.0,,0.0,False,True,False,,,A untested / B tested,Low,,https://doi.org/10.1021/acs.jafc.5b01884,CAS not found in compounds.csv; exact SMILES used.,a_untested,human_only,54
PAIR_0054,2721-22-4__705-86-2,2721-22-4,705-86-2,CCCCCCCCCC1CCCC(=O)O1,CCCCCC1CCCC(=O)O1,,6-Pentyloxan-2-one,Homo sapiens,hOR51G1,126.0,,0.0,False,True,False,,,A untested / B tested,Low,,https://doi.org/10.1021/acs.jafc.5b01884,CAS not found in compounds.csv; exact SMILES used.,a_untested,human_only,54
PAIR_0054,2721-22-4__705-86-2,2721-22-4,705-86-2,CCCCCCCCCC1CCCC(=O)O1,CCCCCC1CCCC(=O)O1,,6-Pentyloxan-2-one,Homo sapiens,hOR51G2,903.0,,0.0,False,True,False,,,A untested / B tested,Low,,https://doi.org/10.1021/acs.jafc.5b01884,CAS not found in compounds.csv; exact SMILES used.,a_untested,human_only,54
PAIR_0054,2721-22-4__705-86-2,2721-22-4,705-86-2,CCCCCCCCCC1CCCC(=O)O1,CCCCCC1CCCC(=O)O1,,6-Pentyloxan-2-one,Homo sapiens,hOR51I1,463.0,,0.0,False,True,False,,,A untested / B tested,Low,,https://doi.org/10.1021/acs.jafc.5b01884,CAS not found in compounds.csv; exact SMILES used.,a_untested,human_only,54
PAIR_0054,2721-22-4__705-86-2,2721-22-4,705-86-2,CCCCCCCCCC1CCCC(=O)O1,CCCCCC1CCCC(=O)O1,,6-Pentyloxan-2-one,Homo sapiens,hOR51I2,104.0,,0.0,False,True,False,,,A untested / B tested,Low,,https://doi.org/10.1021/acs.jafc.5b01884,CAS not found in compounds.csv; exact SMILES used.,a_untested,human_only,54
PAIR_0054,2721-22-4__705-86-2,2721-22-4,705-86-2,CCCCCCCCCC1CCCC(=O)O1,CCCCCC1CCCC(=O)O1,,6-Pentyloxan-2-one,Homo sapiens,hOR51J1,905.0,,0.0,False,True,False,,,A untested / B tested,Low,,https://doi.org/10.1021/acs.jafc.5b01884,CAS not found in compounds.csv; exact SMILES used.,a_untested,human_only,54
PAIR_0054,2721-22-4__705-86-2,2721-22-4,705-86-2,CCCCCCCCCC1CCCC(=O)O1,CCCCCC1CCCC(=O)O1,,6-Pentyloxan-2-one,Homo sapiens,hOR51L1,447.0,,0.0,False,True,False,,,A untested / B tested,Low,,https://doi.org/10.1021/acs.jafc.5b01884,CAS not found in compounds.csv; exact SMILES used.,a_untested,human_only,54
PAIR_0054,2721-22-4__705-86-2,2721-22-4,705-86-2,CCCCCCCCCC1CCCC(=O)O1,CCCCCC1CCCC(=O)O1,,6-Pentyloxan-2-one,Homo sapiens,hOR51M1,907.0,,0.0,False,True,False,,,A untested / B tested,Low,,https://doi.org/10.1021/acs.jafc.5b01884,CAS not found in compounds.csv; exact SMILES used.,a_untested,human_only,54
PAIR_0054,2721-22-4__705-86-2,2721-22-4,705-86-2,CCCCCCCCCC1CCCC(=O)O1,CCCCCC1CCCC(=O)O1,,6-Pentyloxan-2-one,Homo sapiens,hOR51Q1,908.0,,0.0,False,True,False,,,A untested / B tested,Low,,https://doi.org/10.1021/acs.jafc.5b01884,CAS not found in compounds.csv; exact SMILES used.,a_untested,human_only,54
PAIR_0054,2721-22-4__705-86-2,2721-22-4,705-86-2,CCCCCCCCCC1CCCC(=O)O1,CCCCCC1CCCC(=O)O1,,6-Pentyloxan-2-one,Homo sapiens,hOR51S1,491.0,,0.0,False,True,False,,,A untested / B tested,Low,,https://doi.org/10.1021/acs.jafc.5b01884,CAS not found in compounds.csv; exact SMILES used.,a_untested,human_only,54
PAIR_0054,2721-22-4__705-86-2,2721-22-4,705-86-2,CCCCCCCCCC1CCCC(=O)O1,CCCCCC1CCCC(=O)O1,,6-Pentyloxan-2-one,Homo sapiens,hOR51T1,954.0,,0.0,False,True,False,,,A untested / B tested,Low,,https://doi.org/10.1021/acs.jafc.5b01884,CAS not found in compounds.csv; exact SMILES used.,a_untested,human_only,54
PAIR_0054,2721-22-4__705-86-2,2721-22-4,705-86-2,CCCCCCCCCC1CCCC(=O)O1,CCCCCC1CCCC(=O)O1,,6-Pentyloxan-2-one,Homo sapiens,hOR51V1,474.0,,0.0,False,True,False,,,A untested / B tested,Low,,https://doi.org/10.1021/acs.jafc.5b01884,CAS not found in compounds.csv; exact SMILES used.,a_untested,human_only,54
PAIR_0054,2721-22-4__705-86-2,2721-22-4,705-86-2,CCCCCCCCCC1CCCC(=O)O1,CCCCCC1CCCC(=O)O1,,6-Pentyloxan-2-one,Homo sapiens,hOR52A1,911.0,,0.0,False,True,False,,,A untested / B tested,Low,,https://doi.org/10.1021/acs.jafc.5b01884,CAS not found in compounds.csv; exact SMILES used.,a_untested,human_only,54
PAIR_0054,2721-22-4__705-86-2,2721-22-4,705-86-2,CCCCCCCCCC1CCCC(=O)O1,CCCCCC1CCCC(=O)O1,,6-Pentyloxan-2-one,Homo sapiens,hOR52A4,504.0,,0.0,False,True,False,,,A untested / B tested,Low,,https://doi.org/10.1021/acs.jafc.5b01884,CAS not found in compounds.csv; exact SMILES used.,a_untested,human_only,54
PAIR_0054,2721-22-4__705-86-2,2721-22-4,705-86-2,CCCCCCCCCC1CCCC(=O)O1,CCCCCC1CCCC(=O)O1,,6-Pentyloxan-2-one,Homo sapiens,hOR52A5,476.0,,0.0,False,True,False,,,A untested / B tested,Low,,https://doi.org/10.1021/acs.jafc.5b01884,CAS not found in compounds.csv; exact SMILES used.,a_untested,human_only,54
PAIR_0054,2721-22-4__705-86-2,2721-22-4,705-86-2,CCCCCCCCCC1CCCC(=O)O1,CCCCCC1CCCC(=O)O1,,6-Pentyloxan-2-one,Homo sapiens,hOR52B2,912.0,,0.0,False,True,False,,,A untested / B tested,Low,,https://doi.org/10.1021/acs.jafc.5b01884,CAS not found in compounds.csv; exact SMILES used.,a_untested,human_only,54
PAIR_0054,2721-22-4__705-86-2,2721-22-4,705-86-2,CCCCCCCCCC1CCCC(=O)O1,CCCCCC1CCCC(=O)O1,,6-Pentyloxan-2-one,Homo sapiens,hOR52B4,270.0,,0.0,False,True,False,,,A untested / B tested,Low,,https://doi.org/10.1021/acs.jafc.5b01884,CAS not found in compounds.csv; exact SMILES used.,a_untested,human_only,54
PAIR_0054,2721-22-4__705-86-2,2721-22-4,705-86-2,CCCCCCCCCC1CCCC(=O)O1,CCCCCC1CCCC(=O)O1,,6-Pentyloxan-2-one,Homo sapiens,hOR52B6,398.0,,0.0,False,True,False,,,A untested / B tested,Low,,https://doi.org/10.1021/acs.jafc.5b01884,CAS not found in compounds.csv; exact SMILES used.,a_untested,human_only,54
PAIR_0054,2721-22-4__705-86-2,2721-22-4,705-86-2,CCCCCCCCCC1CCCC(=O)O1,CCCCCC1CCCC(=O)O1,,6-Pentyloxan-2-one,Homo sapiens,hOR52D1,125.0,,1.0,False,True,False,,,A untested / B tested,Low,,https://doi.org/10.1021/acs.jafc.5b01884,CAS not found in compounds.csv; exact SMILES used.,a_untested,human_only,54
PAIR_0054,2721-22-4__705-86-2,2721-22-4,705-86-2,CCCCCCCCCC1CCCC(=O)O1,CCCCCC1CCCC(=O)O1,,6-Pentyloxan-2-one,Homo sapiens,hOR52E2,915.0,,0.0,False,True,False,,,A untested / B tested,Low,,https://doi.org/10.1021/acs.jafc.5b01884,CAS not found in compounds.csv; exact SMILES used.,a_untested,human_only,54
PAIR_0054,2721-22-4__705-86-2,2721-22-4,705-86-2,CCCCCCCCCC1CCCC(=O)O1,CCCCCC1CCCC(=O)O1,,6-Pentyloxan-2-one,Homo sapiens,hOR52E4,917.0,,0.0,False,True,False,,,A untested / B tested,Low,,https://doi.org/10.1021/acs.jafc.5b01884,CAS not found in compounds.csv; exact SMILES used.,a_untested,human_only,54
PAIR_0054,2721-22-4__705-86-2,2721-22-4,705-86-2,CCCCCCCCCC1CCCC(=O)O1,CCCCCC1CCCC(=O)O1,,6-Pentyloxan-2-one,Homo sapiens,hOR52E5,957.0,,0.0,False,True,False,,,A untested / B tested,Low,,https://doi.org/10.1021/acs.jafc.5b01884,CAS not found in compounds.csv; exact SMILES used.,a_untested,human_only,54
PAIR_0054,2721-22-4__705-86-2,2721-22-4,705-86-2,CCCCCCCCCC1CCCC(=O)O1,CCCCCC1CCCC(=O)O1,,6-Pentyloxan-2-one,Homo sapiens,hOR52E6,163.0,,0.0,False,True,False,,,A untested / B tested,Low,,https://doi.org/10.1021/acs.jafc.5b01884,CAS not found in compounds.csv; exact SMILES used.,a_untested,human_only,54
PAIR_0054,2721-22-4__705-86-2,2721-22-4,705-86-2,CCCCCCCCCC1CCCC(=O)O1,CCCCCC1CCCC(=O)O1,,6-Pentyloxan-2-one,Homo sapiens,hOR52E8,120.0,,0.0,False,True,False,,,A untested / B tested,Low,,https://doi.org/10.1021/acs.jafc.5b01884,CAS not found in compounds.csv; exact SMILES used.,a_untested,human_only,54
PAIR_0054,2721-22-4__705-86-2,2721-22-4,705-86-2,CCCCCCCCCC1CCCC(=O)O1,CCCCCC1CCCC(=O)O1,,6-Pentyloxan-2-one,Homo sapiens,hOR52H1,919.0,,0.0,False,True,False,,,A untested / B tested,Low,,https://doi.org/10.1021/acs.jafc.5b01884,CAS not found in compounds.csv; exact SMILES used.,a_untested,human_only,54
PAIR_0054,2721-22-4__705-86-2,2721-22-4,705-86-2,CCCCCCCCCC1CCCC(=O)O1,CCCCCC1CCCC(=O)O1,,6-Pentyloxan-2-one,Homo sapiens,hOR52I1,922.0,,0.0,False,True,False,,,A untested / B tested,Low,,https://doi.org/10.1021/acs.jafc.5b01884,CAS not found in compounds.csv; exact SMILES used.,a_untested,human_only,54
PAIR_0054,2721-22-4__705-86-2,2721-22-4,705-86-2,CCCCCCCCCC1CCCC(=O)O1,CCCCCC1CCCC(=O)O1,,6-Pentyloxan-2-one,Homo sapiens,hOR52I2,118.0,,0.0,False,True,False,,,A untested / B tested,Low,,https://doi.org/10.1021/acs.jafc.5b01884,CAS not found in compounds.csv; exact SMILES used.,a_untested,human_only,54
PAIR_0054,2721-22-4__705-86-2,2721-22-4,705-86-2,CCCCCCCCCC1CCCC(=O)O1,CCCCCC1CCCC(=O)O1,,6-Pentyloxan-2-one,Homo sapiens,hOR52J3,924.0,,0.0,False,True,False,,,A untested / B tested,Low,,https://doi.org/10.1021/acs.jafc.5b01884,CAS not found in compounds.csv; exact SMILES used.,a_untested,human_only,54
PAIR_0054,2721-22-4__705-86-2,2721-22-4,705-86-2,CCCCCCCCCC1CCCC(=O)O1,CCCCCC1CCCC(=O)O1,,6-Pentyloxan-2-one,Homo sapiens,hOR52K1,124.0,,1.0,False,True,False,,,A untested / B tested,Low,,https://doi.org/10.1021/acs.jafc.5b01884,CAS not found in compounds.csv; exact SMILES used.,a_untested,human_only,54
PAIR_0054,2721-22-4__705-86-2,2721-22-4,705-86-2,CCCCCCCCCC1CCCC(=O)O1,CCCCCC1CCCC(=O)O1,,6-Pentyloxan-2-one,Homo sapiens,hOR52K2,174.0,,0.0,False,True,False,,,A untested / B tested,Low,,https://doi.org/10.1021/acs.jafc.5b01884,CAS not found in compounds.csv; exact SMILES used.,a_untested,human_only,54
PAIR_0054,2721-22-4__705-86-2,2721-22-4,705-86-2,CCCCCCCCCC1CCCC(=O)O1,CCCCCC1CCCC(=O)O1,,6-Pentyloxan-2-one,Homo sapiens,hOR52L1,959.0,,1.0,False,True,False,,,A untested / B tested,Low,,https://doi.org/10.1021/acs.jafc.5b01884,CAS not found in compounds.csv; exact SMILES used.,a_untested,human_only,54
PAIR_0054,2721-22-4__705-86-2,2721-22-4,705-86-2,CCCCCCCCCC1CCCC(=O)O1,CCCCCC1CCCC(=O)O1,,6-Pentyloxan-2-one,Homo sapiens,hOR52M1,929.0,,1.0,False,True,False,,,A untested / B tested,Low,,https://doi.org/10.1021/acs.jafc.5b01884,CAS not found in compounds.csv; exact SMILES used.,a_untested,human_only,54
PAIR_0054,2721-22-4__705-86-2,2721-22-4,705-86-2,CCCCCCCCCC1CCCC(=O)O1,CCCCCC1CCCC(=O)O1,,6-Pentyloxan-2-one,Homo sapiens,hOR52N1,931.0,,0.0,False,True,False,,,A untested / B tested,Low,,https://doi.org/10.1021/acs.jafc.5b01884,CAS not found in compounds.csv; exact SMILES used.,a_untested,human_only,54
PAIR_0054,2721-22-4__705-86-2,2721-22-4,705-86-2,CCCCCCCCCC1CCCC(=O)O1,CCCCCC1CCCC(=O)O1,,6-Pentyloxan-2-one,Homo sapiens,hOR52N2,933.0,,0.0,False,True,False,,,A untested / B tested,Low,,https://doi.org/10.1021/acs.jafc.5b01884,CAS not found in compounds.csv; exact SMILES used.,a_untested,human_only,54
PAIR_0054,2721-22-4__705-86-2,2721-22-4,705-86-2,CCCCCCCCCC1CCCC(=O)O1,CCCCCC1CCCC(=O)O1,,6-Pentyloxan-2-one,Homo sapiens,hOR52N4,935.0,,0.0,False,True,False,,,A untested / B tested,Low,,https://doi.org/10.1021/acs.jafc.5b01884,CAS not found in compounds.csv; exact SMILES used.,a_untested,human_only,54
PAIR_0054,2721-22-4__705-86-2,2721-22-4,705-86-2,CCCCCCCCCC1CCCC(=O)O1,CCCCCC1CCCC(=O)O1,,6-Pentyloxan-2-one,Homo sapiens,hOR52N5,197.0,,1.0,False,True,False,,,A untested / B tested,Low,,https://doi.org/10.1021/acs.jafc.5b01884,CAS not found in compounds.csv; exact SMILES used.,a_untested,human_only,54
PAIR_0054,2721-22-4__705-86-2,2721-22-4,705-86-2,CCCCCCCCCC1CCCC(=O)O1,CCCCCC1CCCC(=O)O1,,6-Pentyloxan-2-one,Homo sapiens,hOR52R1,936.0,,1.0,False,True,False,,,A untested / B tested,Low,,https://doi.org/10.1021/acs.jafc.5b01884,CAS not found in compounds.csv; exact SMILES used.,a_untested,human_only,54
PAIR_0054,2721-22-4__705-86-2,2721-22-4,705-86-2,CCCCCCCCCC1CCCC(=O)O1,CCCCCC1CCCC(=O)O1,,6-Pentyloxan-2-one,Homo sapiens,hOR52W1,937.0,,0.0,False,True,False,,,A untested / B tested,Low,,https://doi.org/10.1021/acs.jafc.5b01884,CAS not found in compounds.csv; exact SMILES used.,a_untested,human_only,54
PAIR_0054,2721-22-4__705-86-2,2721-22-4,705-86-2,CCCCCCCCCC1CCCC(=O)O1,CCCCCC1CCCC(=O)O1,,6-Pentyloxan-2-one,Homo sapiens,hOR56A1,87.0,,0.0,False,True,False,,,A untested / B tested,Low,,https://doi.org/10.1021/acs.jafc.5b01884,CAS not found in compounds.csv; exact SMILES used.,a_untested,human_only,54
PAIR_0054,2721-22-4__705-86-2,2721-22-4,705-86-2,CCCCCCCCCC1CCCC(=O)O1,CCCCCC1CCCC(=O)O1,,6-Pentyloxan-2-one,Homo sapiens,hOR56A3,939.0,,0.0,False,True,False,,,A untested / B tested,Low,,https://doi.org/10.1021/acs.jafc.5b01884,CAS not found in compounds.csv; exact SMILES used.,a_untested,human_only,54
PAIR_0054,2721-22-4__705-86-2,2721-22-4,705-86-2,CCCCCCCCCC1CCCC(=O)O1,CCCCCC1CCCC(=O)O1,,6-Pentyloxan-2-one,Homo sapiens,hOR56A4,507.0,,0.0,False,True,False,,,A untested / B tested,Low,,https://doi.org/10.1021/acs.jafc.5b01884,CAS not found in compounds.csv; exact SMILES used.,a_untested,human_only,54
PAIR_0054,2721-22-4__705-86-2,2721-22-4,705-86-2,CCCCCCCCCC1CCCC(=O)O1,CCCCCC1CCCC(=O)O1,,6-Pentyloxan-2-one,Homo sapiens,hOR56B1,944.0,,0.0,False,True,False,,,A untested / B tested,Low,,https://doi.org/10.1021/acs.jafc.5b01884,CAS not found in compounds.csv; exact SMILES used.,a_untested,human_only,54
PAIR_0054,2721-22-4__705-86-2,2721-22-4,705-86-2,CCCCCCCCCC1CCCC(=O)O1,CCCCCC1CCCC(=O)O1,,6-Pentyloxan-2-one,Homo sapiens,hOR56B4,947.0,,1.0,False,True,False,,,A untested / B tested,Low,,https://doi.org/10.1021/acs.jafc.5b01884,CAS not found in compounds.csv; exact SMILES used.,a_untested,human_only,54
PAIR_0055,2721-22-4__710-04-3,2721-22-4,710-04-3,CCCCCCCCCC1CCCC(=O)O1,CCCCCCC1CCCC(=O)O1,,,Homo sapiens,OR1D2,283.0,1.0,1.0,True,True,True,1.0,0.0,both responsive,High,https://doi.org/10.1093/chemse/bju073,https://doi.org/10.1093/chemse/bju073,CAS not found in compounds.csv; exact SMILES used.,,human_only,55
PAIR_0056,3301-94-8__698-76-0,3301-94-8,698-76-0,CCCCC1CCCC(=O)O1,CCCC1CCCC(=O)O1,,6-Propyloxan-2-one,Homo sapiens,OR11A1,47.0,,0.0,False,True,False,,,A untested / B tested,Low,,https://pubs.acs.org/doi/10.1021/acs.jafc.4c01515,CAS not found in compounds.csv; exact SMILES used. | Multiple CAS hits; exact SMILES used to disambiguate.,a_untested,human_only,56
PAIR_0056,3301-94-8__698-76-0,3301-94-8,698-76-0,CCCCC1CCCC(=O)O1,CCCC1CCCC(=O)O1,,6-Propyloxan-2-one,Homo sapiens,OR1D2,283.0,1.0,,True,False,False,,,A tested / B untested,Medium,https://doi.org/10.1093/chemse/bju073,,CAS not found in compounds.csv; exact SMILES used. | Multiple CAS hits; exact SMILES used to disambiguate.,b_untested,human_only,56
PAIR_0056,3301-94-8__698-76-0,3301-94-8,698-76-0,CCCCC1CCCC(=O)O1,CCCC1CCCC(=O)O1,,6-Propyloxan-2-one,Homo sapiens,OR8H1,304.0,,0.0,False,True,False,,,A untested / B tested,Low,,https://doi.org/10.1021/acs.jafc.3c08230,CAS not found in compounds.csv; exact SMILES used. | Multiple CAS hits; exact SMILES used to disambiguate.,a_untested,human_only,56
PAIR_0056,3301-94-8__698-76-0,3301-94-8,698-76-0,CCCCC1CCCC(=O)O1,CCCC1CCCC(=O)O1,,6-Propyloxan-2-one,Homo sapiens,hOR1A1,29.0,,0.0,False,True,False,,,A untested / B tested,Low,,https://doi.org/10.1093/chemse/bjw117,CAS not found in compounds.csv; exact SMILES used. | Multiple CAS hits; exact SMILES used to disambiguate.,a_untested,human_only,56
PAIR_0056,3301-94-8__698-76-0,3301-94-8,698-76-0,CCCCC1CCCC(=O)O1,CCCC1CCCC(=O)O1,,6-Propyloxan-2-one,Homo sapiens,hOR2M3,40.0,,0.0,False,True,False,,,A untested / B tested,Low,,https://doi.org/10.1093/chemse/bjw118,CAS not found in compounds.csv; exact SMILES used. | Multiple CAS hits; exact SMILES used to disambiguate.,a_untested,human_only,56
PAIR_0056,3301-94-8__698-76-0,3301-94-8,698-76-0,CCCCC1CCCC(=O)O1,CCCC1CCCC(=O)O1,,6-Propyloxan-2-one,Homo sapiens,hOR2W1,51.0,,1.0,False,True,False,,,A untested / B tested,Medium,,https://doi.org/10.1016/j.foodchem.2021.131680 | https://doi.org/10.1093/chemse/bjw117,CAS not found in compounds.csv; exact SMILES used. | Multiple CAS hits; exact SMILES used to disambiguate.,a_untested,human_only,56
PAIR_0056,3301-94-8__698-76-0,3301-94-8,698-76-0,CCCCC1CCCC(=O)O1,CCCC1CCCC(=O)O1,,6-Propyloxan-2-one,Homo sapiens,hOR5K1,418.0,,0.0,False,True,False,,,A untested / B tested,Low,,https://doi.org/10.1096/fj.202100224R,CAS not found in compounds.csv; exact SMILES used. | Multiple CAS hits; exact SMILES used to disambiguate.,a_untested,human_only,56
PAIR_0056,3301-94-8__698-76-0,3301-94-8,698-76-0,CCCCC1CCCC(=O)O1,CCCC1CCCC(=O)O1,,6-Propyloxan-2-one,Homo sapiens,hOR5M3,670.0,,0.0,False,True,False,,,A untested / B tested,Low,,https://doi.org/10.1021/acs.jafc.1c03314,CAS not found in compounds.csv; exact SMILES used. | Multiple CAS hits; exact SMILES used to disambiguate.,a_untested,human_only,56
PAIR_0056,3301-94-8__698-76-0,3301-94-8,698-76-0,CCCCC1CCCC(=O)O1,CCCC1CCCC(=O)O1,,6-Propyloxan-2-one,Homo sapiens,hOR8D1,110.0,,0.0,False,True,False,,,A untested / B tested,Low,,https://doi.org/10.1021/acs.jafc.1c03314,CAS not found in compounds.csv; exact SMILES used. | Multiple CAS hits; exact SMILES used to disambiguate.,a_untested,human_only,56
PAIR_0057,3301-94-8__710-04-3,3301-94-8,710-04-3,CCCCC1CCCC(=O)O1,CCCCCCC1CCCC(=O)O1,,,Homo sapiens,OR1D2,283.0,1.0,1.0,True,True,True,1.0,0.0,both responsive,High,https://doi.org/10.1093/chemse/bju073,https://doi.org/10.1093/chemse/bju073,CAS not found in compounds.csv; exact SMILES used.,,human_only,57
PAIR_0058,695-06-7__706-14-9,695-06-7,706-14-9,CCC1CCC(=O)O1,CCCCCCC1CCC(=O)O1,,5-Hexyloxolan-2-one,Homo sapiens,OR11A1,47.0,,0.0,False,True,False,,,A untested / B tested,Low,,https://pubs.acs.org/doi/10.1021/acs.jafc.4c01515,CAS not found in compounds.csv; exact SMILES used. | Multiple CAS hits; exact SMILES used to disambiguate.,a_untested,human_only,58
PAIR_0058,695-06-7__706-14-9,695-06-7,706-14-9,CCC1CCC(=O)O1,CCCCCCC1CCC(=O)O1,,5-Hexyloxolan-2-one,Homo sapiens,OR1D2,283.0,,1.0,False,True,False,,,A untested / B tested,Medium,,https://doi.org/10.1093/chemse/bju073,CAS not found in compounds.csv; exact SMILES used. | Multiple CAS hits; exact SMILES used to disambiguate.,a_untested,human_only,58
PAIR_0058,695-06-7__706-14-9,695-06-7,706-14-9,CCC1CCC(=O)O1,CCCCCCC1CCC(=O)O1,,5-Hexyloxolan-2-one,Homo sapiens,OR8H1,304.0,,0.0,False,True,False,,,A untested / B tested,Low,,https://doi.org/10.1021/acs.jafc.3c08230,CAS not found in compounds.csv; exact SMILES used. | Multiple CAS hits; exact SMILES used to disambiguate.,a_untested,human_only,58
PAIR_0058,695-06-7__706-14-9,695-06-7,706-14-9,CCC1CCC(=O)O1,CCCCCCC1CCC(=O)O1,,5-Hexyloxolan-2-one,Homo sapiens,hOR10J5,25.0,0.0,,True,False,False,,,A tested / B untested,Medium,https://dx.doi.org/10.1126%2Fscisignal.2000016,,CAS not found in compounds.csv; exact SMILES used. | Multiple CAS hits; exact SMILES used to disambiguate.,b_untested,human_only,58
PAIR_0058,695-06-7__706-14-9,695-06-7,706-14-9,CCC1CCC(=O)O1,CCCCCCC1CCC(=O)O1,,5-Hexyloxolan-2-one,Homo sapiens,hOR1A1,29.0,0.0,0.0,True,True,True,1.0,0.0,both non-responsive,High,https://dx.doi.org/10.1126%2Fscisignal.2000016,https://doi.org/10.1093/chemse/bjw117,CAS not found in compounds.csv; exact SMILES used. | Multiple CAS hits; exact SMILES used to disambiguate.,,human_only,58
PAIR_0058,695-06-7__706-14-9,695-06-7,706-14-9,CCC1CCC(=O)O1,CCCCCCC1CCC(=O)O1,,5-Hexyloxolan-2-one,Homo sapiens,hOR1G1,405.0,,1.0,False,True,False,,,A untested / B tested,Low,,https://doi.org/10.1093/chemse/bji002,CAS not found in compounds.csv; exact SMILES used. | Multiple CAS hits; exact SMILES used to disambiguate.,a_untested,human_only,58
PAIR_0058,695-06-7__706-14-9,695-06-7,706-14-9,CCC1CCC(=O)O1,CCCCCCC1CCC(=O)O1,,5-Hexyloxolan-2-one,Homo sapiens,hOR2C1,591.0,0.0,,True,False,False,,,A tested / B untested,Medium,https://dx.doi.org/10.1126%2Fscisignal.2000016,,CAS not found in compounds.csv; exact SMILES used. | Multiple CAS hits; exact SMILES used to disambiguate.,b_untested,human_only,58
PAIR_0058,695-06-7__706-14-9,695-06-7,706-14-9,CCC1CCC(=O)O1,CCCCCCC1CCC(=O)O1,,5-Hexyloxolan-2-one,Homo sapiens,hOR2J2,323.0,0.0,,True,False,False,,,A tested / B untested,Medium,https://dx.doi.org/10.1126%2Fscisignal.2000016,,CAS not found in compounds.csv; exact SMILES used. | Multiple CAS hits; exact SMILES used to disambiguate.,b_untested,human_only,58
PAIR_0058,695-06-7__706-14-9,695-06-7,706-14-9,CCC1CCC(=O)O1,CCCCCCC1CCC(=O)O1,,5-Hexyloxolan-2-one,Homo sapiens,hOR2M3,40.0,,0.0,False,True,False,,,A untested / B tested,Low,,https://doi.org/10.1093/chemse/bjw118,CAS not found in compounds.csv; exact SMILES used. | Multiple CAS hits; exact SMILES used to disambiguate.,a_untested,human_only,58
PAIR_0058,695-06-7__706-14-9,695-06-7,706-14-9,CCC1CCC(=O)O1,CCCCCCC1CCC(=O)O1,,5-Hexyloxolan-2-one,Homo sapiens,hOR2M7,284.0,0.0,,True,False,False,,,A tested / B untested,Medium,https://dx.doi.org/10.1126%2Fscisignal.2000016,,CAS not found in compounds.csv; exact SMILES used. | Multiple CAS hits; exact SMILES used to disambiguate.,b_untested,human_only,58
PAIR_0058,695-06-7__706-14-9,695-06-7,706-14-9,CCC1CCC(=O)O1,CCCCCCC1CCC(=O)O1,,5-Hexyloxolan-2-one,Homo sapiens,hOR2W1,51.0,0.0,1.0,True,True,True,0.0,1.0,B only responsive,High,https://dx.doi.org/10.1126%2Fscisignal.2000016,https://doi.org/10.1016/j.foodchem.2021.131680 | https://doi.org/10.1093/chemse/bjw117,CAS not found in compounds.csv; exact SMILES used. | Multiple CAS hits; exact SMILES used to disambiguate.,,human_only,58
PAIR_0058,695-06-7__706-14-9,695-06-7,706-14-9,CCC1CCC(=O)O1,CCCCCCC1CCC(=O)O1,,5-Hexyloxolan-2-one,Homo sapiens,hOR51E1,962.0,0.0,,True,False,False,,,A tested / B untested,Medium,https://dx.doi.org/10.1126%2Fscisignal.2000016,,CAS not found in compounds.csv; exact SMILES used. | Multiple CAS hits; exact SMILES used to disambiguate.,b_untested,human_only,58
PAIR_0058,695-06-7__706-14-9,695-06-7,706-14-9,CCC1CCC(=O)O1,CCCCCCC1CCC(=O)O1,,5-Hexyloxolan-2-one,Homo sapiens,hOR51E2,168.0,0.0,,True,False,False,,,A tested / B untested,Medium,https://dx.doi.org/10.1126%2Fscisignal.2000016,,CAS not found in compounds.csv; exact SMILES used. | Multiple CAS hits; exact SMILES used to disambiguate.,b_untested,human_only,58
PAIR_0058,695-06-7__706-14-9,695-06-7,706-14-9,CCC1CCC(=O)O1,CCCCCCC1CCC(=O)O1,,5-Hexyloxolan-2-one,Homo sapiens,hOR51L1,447.0,0.0,,True,False,False,,,A tested / B untested,Medium,https://dx.doi.org/10.1126%2Fscisignal.2000016,,CAS not found in compounds.csv; exact SMILES used. | Multiple CAS hits; exact SMILES used to disambiguate.,b_untested,human_only,58
PAIR_0058,695-06-7__706-14-9,695-06-7,706-14-9,CCC1CCC(=O)O1,CCCCCCC1CCC(=O)O1,,5-Hexyloxolan-2-one,Homo sapiens,hOR52D1,125.0,,0.0,False,True,False,,,A untested / B tested,Low,,https://doi.org/10.1093/chemse/bji002,CAS not found in compounds.csv; exact SMILES used. | Multiple CAS hits; exact SMILES used to disambiguate.,a_untested,human_only,58
PAIR_0058,695-06-7__706-14-9,695-06-7,706-14-9,CCC1CCC(=O)O1,CCCCCCC1CCC(=O)O1,,5-Hexyloxolan-2-one,Homo sapiens,hOR5K1,418.0,,0.0,False,True,False,,,A untested / B tested,Low,,https://doi.org/10.1096/fj.202100224R,CAS not found in compounds.csv; exact SMILES used. | Multiple CAS hits; exact SMILES used to disambiguate.,a_untested,human_only,58
PAIR_0058,695-06-7__706-14-9,695-06-7,706-14-9,CCC1CCC(=O)O1,CCCCCCC1CCC(=O)O1,,5-Hexyloxolan-2-one,Homo sapiens,hOR5M3,670.0,,0.0,False,True,False,,,A untested / B tested,Low,,https://doi.org/10.1021/acs.jafc.1c03314,CAS not found in compounds.csv; exact SMILES used. | Multiple CAS hits; exact SMILES used to disambiguate.,a_untested,human_only,58
PAIR_0058,695-06-7__706-14-9,695-06-7,706-14-9,CCC1CCC(=O)O1,CCCCCCC1CCC(=O)O1,,5-Hexyloxolan-2-one,Homo sapiens,hOR5P3,88.0,0.0,,True,False,False,,,A tested / B untested,Medium,https://dx.doi.org/10.1126%2Fscisignal.2000016,,CAS not found in compounds.csv; exact SMILES used. | Multiple CAS hits; exact SMILES used to disambiguate.,b_untested,human_only,58
PAIR_0058,695-06-7__706-14-9,695-06-7,706-14-9,CCC1CCC(=O)O1,CCCCCCC1CCC(=O)O1,,5-Hexyloxolan-2-one,Homo sapiens,hOR8D1,110.0,,0.0,False,True,False,,,A untested / B tested,Low,,https://doi.org/10.1021/acs.jafc.1c03314,CAS not found in compounds.csv; exact SMILES used. | Multiple CAS hits; exact SMILES used to disambiguate.,a_untested,human_only,58
PAIR_0059,698-76-0__710-04-3,698-76-0,710-04-3,CCCC1CCCC(=O)O1,CCCCCCC1CCCC(=O)O1,6-Propyloxan-2-one,,Homo sapiens,OR11A1,47.0,0.0,,True,False,False,,,A tested / B untested,Low,https://pubs.acs.org/doi/10.1021/acs.jafc.4c01515,,Multiple CAS hits; exact SMILES used to disambiguate. | CAS not found in compounds.csv; exact SMILES used.,b_untested,human_only,59
PAIR_0059,698-76-0__710-04-3,698-76-0,710-04-3,CCCC1CCCC(=O)O1,CCCCCCC1CCCC(=O)O1,6-Propyloxan-2-one,,Homo sapiens,OR1D2,283.0,,1.0,False,True,False,,,A untested / B tested,Medium,,https://doi.org/10.1093/chemse/bju073,Multiple CAS hits; exact SMILES used to disambiguate. | CAS not found in compounds.csv; exact SMILES used.,a_untested,human_only,59
PAIR_0059,698-76-0__710-04-3,698-76-0,710-04-3,CCCC1CCCC(=O)O1,CCCCCCC1CCCC(=O)O1,6-Propyloxan-2-one,,Homo sapiens,OR8H1,304.0,0.0,,True,False,False,,,A tested / B untested,Low,https://doi.org/10.1021/acs.jafc.3c08230,,Multiple CAS hits; exact SMILES used to disambiguate. | CAS not found in compounds.csv; exact SMILES used.,b_untested,human_only,59
PAIR_0059,698-76-0__710-04-3,698-76-0,710-04-3,CCCC1CCCC(=O)O1,CCCCCCC1CCCC(=O)O1,6-Propyloxan-2-one,,Homo sapiens,hOR1A1,29.0,0.0,,True,False,False,,,A tested / B untested,Low,https://doi.org/10.1093/chemse/bjw117,,Multiple CAS hits; exact SMILES used to disambiguate. | CAS not found in compounds.csv; exact SMILES used.,b_untested,human_only,59
PAIR_0059,698-76-0__710-04-3,698-76-0,710-04-3,CCCC1CCCC(=O)O1,CCCCCCC1CCCC(=O)O1,6-Propyloxan-2-one,,Homo sapiens,hOR2M3,40.0,0.0,,True,False,False,,,A tested / B untested,Low,https://doi.org/10.1093/chemse/bjw118,,Multiple CAS hits; exact SMILES used to disambiguate. | CAS not found in compounds.csv; exact SMILES used.,b_untested,human_only,59
PAIR_0059,698-76-0__710-04-3,698-76-0,710-04-3,CCCC1CCCC(=O)O1,CCCCCCC1CCCC(=O)O1,6-Propyloxan-2-one,,Homo sapiens,hOR2W1,51.0,1.0,,True,False,False,,,A tested / B untested,Medium,https://doi.org/10.1016/j.foodchem.2021.131680 | https://doi.org/10.1093/chemse/bjw117,,Multiple CAS hits; exact SMILES used to disambiguate. | CAS not found in compounds.csv; exact SMILES used.,b_untested,human_only,59
PAIR_0059,698-76-0__710-04-3,698-76-0,710-04-3,CCCC1CCCC(=O)O1,CCCCCCC1CCCC(=O)O1,6-Propyloxan-2-one,,Homo sapiens,hOR5K1,418.0,0.0,,True,False,False,,,A tested / B untested,Low,https://doi.org/10.1096/fj.202100224R,,Multiple CAS hits; exact SMILES used to disambiguate. | CAS not found in compounds.csv; exact SMILES used.,b_untested,human_only,59
PAIR_0059,698-76-0__710-04-3,698-76-0,710-04-3,CCCC1CCCC(=O)O1,CCCCCCC1CCCC(=O)O1,6-Propyloxan-2-one,,Homo sapiens,hOR5M3,670.0,0.0,,True,False,False,,,A tested / B untested,Low,https://doi.org/10.1021/acs.jafc.1c03314,,Multiple CAS hits; exact SMILES used to disambiguate. | CAS not found in compounds.csv; exact SMILES used.,b_untested,human_only,59
PAIR_0059,698-76-0__710-04-3,698-76-0,710-04-3,CCCC1CCCC(=O)O1,CCCCCCC1CCCC(=O)O1,6-Propyloxan-2-one,,Homo sapiens,hOR8D1,110.0,0.0,,True,False,False,,,A tested / B untested,Low,https://doi.org/10.1021/acs.jafc.1c03314,,Multiple CAS hits; exact SMILES used to disambiguate. | CAS not found in compounds.csv; exact SMILES used.,b_untested,human_only,59
PAIR_0060,705-86-2__710-04-3,705-86-2,710-04-3,CCCCCC1CCCC(=O)O1,CCCCCCC1CCCC(=O)O1,6-Pentyloxan-2-one,,Homo sapiens,OR1D2,283.0,1.0,1.0,True,True,True,1.0,0.0,both responsive,High,https://doi.org/10.1093/chemse/bju073,https://doi.org/10.1093/chemse/bju073,CAS not found in compounds.csv; exact SMILES used.,,human_only,60
PAIR_0060,705-86-2__710-04-3,705-86-2,710-04-3,CCCCCC1CCCC(=O)O1,CCCCCCC1CCCC(=O)O1,6-Pentyloxan-2-one,,Homo sapiens,hOR1A1,29.0,0.0,,True,False,False,,,A tested / B untested,Low,https://doi.org/10.1093/chemse/bjw117,,CAS not found in compounds.csv; exact SMILES used.,b_untested,human_only,60
PAIR_0060,705-86-2__710-04-3,705-86-2,710-04-3,CCCCCC1CCCC(=O)O1,CCCCCCC1CCCC(=O)O1,6-Pentyloxan-2-one,,Homo sapiens,hOR2M3,40.0,0.0,,True,False,False,,,A tested / B untested,Low,https://doi.org/10.1093/chemse/bjw118,,CAS not found in compounds.csv; exact SMILES used.,b_untested,human_only,60
PAIR_0060,705-86-2__710-04-3,705-86-2,710-04-3,CCCCCC1CCCC(=O)O1,CCCCCCC1CCCC(=O)O1,6-Pentyloxan-2-one,,Homo sapiens,hOR2W1,51.0,0.0,,True,False,False,,,A tested / B untested,Low,https://doi.org/10.1093/chemse/bjw117,,CAS not found in compounds.csv; exact SMILES used.,b_untested,human_only,60
PAIR_0060,705-86-2__710-04-3,705-86-2,710-04-3,CCCCCC1CCCC(=O)O1,CCCCCCC1CCCC(=O)O1,6-Pentyloxan-2-one,,Homo sapiens,hOR51A2,479.0,0.0,,True,False,False,,,A tested / B untested,Low,https://doi.org/10.1021/acs.jafc.5b01884,,CAS not found in compounds.csv; exact SMILES used.,b_untested,human_only,60
PAIR_0060,705-86-2__710-04-3,705-86-2,710-04-3,CCCCCC1CCCC(=O)O1,CCCCCCC1CCCC(=O)O1,6-Pentyloxan-2-one,,Homo sapiens,hOR51A4,892.0,0.0,,True,False,False,,,A tested / B untested,Low,https://doi.org/10.1021/acs.jafc.5b01884,,CAS not found in compounds.csv; exact SMILES used.,b_untested,human_only,60
PAIR_0060,705-86-2__710-04-3,705-86-2,710-04-3,CCCCCC1CCCC(=O)O1,CCCCCCC1CCCC(=O)O1,6-Pentyloxan-2-one,,Homo sapiens,hOR51A7,893.0,0.0,,True,False,False,,,A tested / B untested,Low,https://doi.org/10.1021/acs.jafc.5b01884,,CAS not found in compounds.csv; exact SMILES used.,b_untested,human_only,60
PAIR_0060,705-86-2__710-04-3,705-86-2,710-04-3,CCCCCC1CCCC(=O)O1,CCCCCCC1CCCC(=O)O1,6-Pentyloxan-2-one,,Homo sapiens,hOR51B2,459.0,0.0,,True,False,False,,,A tested / B untested,Low,https://doi.org/10.1021/acs.jafc.5b01884,,CAS not found in compounds.csv; exact SMILES used.,b_untested,human_only,60
PAIR_0060,705-86-2__710-04-3,705-86-2,710-04-3,CCCCCC1CCCC(=O)O1,CCCCCCC1CCCC(=O)O1,6-Pentyloxan-2-one,,Homo sapiens,hOR51B4,896.0,0.0,,True,False,False,,,A tested / B untested,Low,https://doi.org/10.1021/acs.jafc.5b01884,,CAS not found in compounds.csv; exact SMILES used.,b_untested,human_only,60
PAIR_0060,705-86-2__710-04-3,705-86-2,710-04-3,CCCCCC1CCCC(=O)O1,CCCCCCC1CCCC(=O)O1,6-Pentyloxan-2-one,,Homo sapiens,hOR51B5,10.0,0.0,,True,False,False,,,A tested / B untested,Low,https://doi.org/10.1021/acs.jafc.5b01884,,CAS not found in compounds.csv; exact SMILES used.,b_untested,human_only,60
PAIR_0060,705-86-2__710-04-3,705-86-2,710-04-3,CCCCCC1CCCC(=O)O1,CCCCCCC1CCCC(=O)O1,6-Pentyloxan-2-one,,Homo sapiens,hOR51B6,899.0,0.0,,True,False,False,,,A tested / B untested,Low,https://doi.org/10.1021/acs.jafc.5b01884,,CAS not found in compounds.csv; exact SMILES used.,b_untested,human_only,60
PAIR_0060,705-86-2__710-04-3,705-86-2,710-04-3,CCCCCC1CCCC(=O)O1,CCCCCCC1CCCC(=O)O1,6-Pentyloxan-2-one,,Homo sapiens,hOR51D1,169.0,0.0,,True,False,False,,,A tested / B untested,Low,https://doi.org/10.1021/acs.jafc.5b01884,,CAS not found in compounds.csv; exact SMILES used.,b_untested,human_only,60
PAIR_0060,705-86-2__710-04-3,705-86-2,710-04-3,CCCCCC1CCCC(=O)O1,CCCCCCC1CCCC(=O)O1,6-Pentyloxan-2-one,,Homo sapiens,hOR51E1,962.0,0.0,,True,False,False,,,A tested / B untested,Low,https://doi.org/10.1021/acs.jafc.5b01884,,CAS not found in compounds.csv; exact SMILES used.,b_untested,human_only,60
PAIR_0060,705-86-2__710-04-3,705-86-2,710-04-3,CCCCCC1CCCC(=O)O1,CCCCCCC1CCCC(=O)O1,6-Pentyloxan-2-one,,Homo sapiens,hOR51E2,168.0,0.0,,True,False,False,,,A tested / B untested,Low,https://doi.org/10.1021/acs.jafc.5b01884,,CAS not found in compounds.csv; exact SMILES used.,b_untested,human_only,60
PAIR_0060,705-86-2__710-04-3,705-86-2,710-04-3,CCCCCC1CCCC(=O)O1,CCCCCCC1CCCC(=O)O1,6-Pentyloxan-2-one,,Homo sapiens,hOR51F1,524.0,0.0,,True,False,False,,,A tested / B untested,Low,https://doi.org/10.1021/acs.jafc.5b01884,,CAS not found in compounds.csv; exact SMILES used.,b_untested,human_only,60
PAIR_0060,705-86-2__710-04-3,705-86-2,710-04-3,CCCCCC1CCCC(=O)O1,CCCCCCC1CCCC(=O)O1,6-Pentyloxan-2-one,,Homo sapiens,hOR51F2,901.0,0.0,,True,False,False,,,A tested / B untested,Low,https://doi.org/10.1021/acs.jafc.5b01884,,CAS not found in compounds.csv; exact SMILES used.,b_untested,human_only,60
PAIR_0060,705-86-2__710-04-3,705-86-2,710-04-3,CCCCCC1CCCC(=O)O1,CCCCCCC1CCCC(=O)O1,6-Pentyloxan-2-one,,Homo sapiens,hOR51G1,126.0,0.0,,True,False,False,,,A tested / B untested,Low,https://doi.org/10.1021/acs.jafc.5b01884,,CAS not found in compounds.csv; exact SMILES used.,b_untested,human_only,60
PAIR_0060,705-86-2__710-04-3,705-86-2,710-04-3,CCCCCC1CCCC(=O)O1,CCCCCCC1CCCC(=O)O1,6-Pentyloxan-2-one,,Homo sapiens,hOR51G2,903.0,0.0,,True,False,False,,,A tested / B untested,Low,https://doi.org/10.1021/acs.jafc.5b01884,,CAS not found in compounds.csv; exact SMILES used.,b_untested,human_only,60
PAIR_0060,705-86-2__710-04-3,705-86-2,710-04-3,CCCCCC1CCCC(=O)O1,CCCCCCC1CCCC(=O)O1,6-Pentyloxan-2-one,,Homo sapiens,hOR51I1,463.0,0.0,,True,False,False,,,A tested / B untested,Low,https://doi.org/10.1021/acs.jafc.5b01884,,CAS not found in compounds.csv; exact SMILES used.,b_untested,human_only,60
PAIR_0060,705-86-2__710-04-3,705-86-2,710-04-3,CCCCCC1CCCC(=O)O1,CCCCCCC1CCCC(=O)O1,6-Pentyloxan-2-one,,Homo sapiens,hOR51I2,104.0,0.0,,True,False,False,,,A tested / B untested,Low,https://doi.org/10.1021/acs.jafc.5b01884,,CAS not found in compounds.csv; exact SMILES used.,b_untested,human_only,60
PAIR_0060,705-86-2__710-04-3,705-86-2,710-04-3,CCCCCC1CCCC(=O)O1,CCCCCCC1CCCC(=O)O1,6-Pentyloxan-2-one,,Homo sapiens,hOR51J1,905.0,0.0,,True,False,False,,,A tested / B untested,Low,https://doi.org/10.1021/acs.jafc.5b01884,,CAS not found in compounds.csv; exact SMILES used.,b_untested,human_only,60
PAIR_0060,705-86-2__710-04-3,705-86-2,710-04-3,CCCCCC1CCCC(=O)O1,CCCCCCC1CCCC(=O)O1,6-Pentyloxan-2-one,,Homo sapiens,hOR51L1,447.0,0.0,,True,False,False,,,A tested / B untested,Low,https://doi.org/10.1021/acs.jafc.5b01884,,CAS not found in compounds.csv; exact SMILES used.,b_untested,human_only,60
PAIR_0060,705-86-2__710-04-3,705-86-2,710-04-3,CCCCCC1CCCC(=O)O1,CCCCCCC1CCCC(=O)O1,6-Pentyloxan-2-one,,Homo sapiens,hOR51M1,907.0,0.0,,True,False,False,,,A tested / B untested,Low,https://doi.org/10.1021/acs.jafc.5b01884,,CAS not found in compounds.csv; exact SMILES used.,b_untested,human_only,60
PAIR_0060,705-86-2__710-04-3,705-86-2,710-04-3,CCCCCC1CCCC(=O)O1,CCCCCCC1CCCC(=O)O1,6-Pentyloxan-2-one,,Homo sapiens,hOR51Q1,908.0,0.0,,True,False,False,,,A tested / B untested,Low,https://doi.org/10.1021/acs.jafc.5b01884,,CAS not found in compounds.csv; exact SMILES used.,b_untested,human_only,60
PAIR_0060,705-86-2__710-04-3,705-86-2,710-04-3,CCCCCC1CCCC(=O)O1,CCCCCCC1CCCC(=O)O1,6-Pentyloxan-2-one,,Homo sapiens,hOR51S1,491.0,0.0,,True,False,False,,,A tested / B untested,Low,https://doi.org/10.1021/acs.jafc.5b01884,,CAS not found in compounds.csv; exact SMILES used.,b_untested,human_only,60
PAIR_0060,705-86-2__710-04-3,705-86-2,710-04-3,CCCCCC1CCCC(=O)O1,CCCCCCC1CCCC(=O)O1,6-Pentyloxan-2-one,,Homo sapiens,hOR51T1,954.0,0.0,,True,False,False,,,A tested / B untested,Low,https://doi.org/10.1021/acs.jafc.5b01884,,CAS not found in compounds.csv; exact SMILES used.,b_untested,human_only,60
PAIR_0060,705-86-2__710-04-3,705-86-2,710-04-3,CCCCCC1CCCC(=O)O1,CCCCCCC1CCCC(=O)O1,6-Pentyloxan-2-one,,Homo sapiens,hOR51V1,474.0,0.0,,True,False,False,,,A tested / B untested,Low,https://doi.org/10.1021/acs.jafc.5b01884,,CAS not found in compounds.csv; exact SMILES used.,b_untested,human_only,60
PAIR_0060,705-86-2__710-04-3,705-86-2,710-04-3,CCCCCC1CCCC(=O)O1,CCCCCCC1CCCC(=O)O1,6-Pentyloxan-2-one,,Homo sapiens,hOR52A1,911.0,0.0,,True,False,False,,,A tested / B untested,Low,https://doi.org/10.1021/acs.jafc.5b01884,,CAS not found in compounds.csv; exact SMILES used.,b_untested,human_only,60
PAIR_0060,705-86-2__710-04-3,705-86-2,710-04-3,CCCCCC1CCCC(=O)O1,CCCCCCC1CCCC(=O)O1,6-Pentyloxan-2-one,,Homo sapiens,hOR52A4,504.0,0.0,,True,False,False,,,A tested / B untested,Low,https://doi.org/10.1021/acs.jafc.5b01884,,CAS not found in compounds.csv; exact SMILES used.,b_untested,human_only,60
PAIR_0060,705-86-2__710-04-3,705-86-2,710-04-3,CCCCCC1CCCC(=O)O1,CCCCCCC1CCCC(=O)O1,6-Pentyloxan-2-one,,Homo sapiens,hOR52A5,476.0,0.0,,True,False,False,,,A tested / B untested,Low,https://doi.org/10.1021/acs.jafc.5b01884,,CAS not found in compounds.csv; exact SMILES used.,b_untested,human_only,60
PAIR_0060,705-86-2__710-04-3,705-86-2,710-04-3,CCCCCC1CCCC(=O)O1,CCCCCCC1CCCC(=O)O1,6-Pentyloxan-2-one,,Homo sapiens,hOR52B2,912.0,0.0,,True,False,False,,,A tested / B untested,Low,https://doi.org/10.1021/acs.jafc.5b01884,,CAS not found in compounds.csv; exact SMILES used.,b_untested,human_only,60
PAIR_0060,705-86-2__710-04-3,705-86-2,710-04-3,CCCCCC1CCCC(=O)O1,CCCCCCC1CCCC(=O)O1,6-Pentyloxan-2-one,,Homo sapiens,hOR52B4,270.0,0.0,,True,False,False,,,A tested / B untested,Low,https://doi.org/10.1021/acs.jafc.5b01884,,CAS not found in compounds.csv; exact SMILES used.,b_untested,human_only,60
PAIR_0060,705-86-2__710-04-3,705-86-2,710-04-3,CCCCCC1CCCC(=O)O1,CCCCCCC1CCCC(=O)O1,6-Pentyloxan-2-one,,Homo sapiens,hOR52B6,398.0,0.0,,True,False,False,,,A tested / B untested,Low,https://doi.org/10.1021/acs.jafc.5b01884,,CAS not found in compounds.csv; exact SMILES used.,b_untested,human_only,60
PAIR_0060,705-86-2__710-04-3,705-86-2,710-04-3,CCCCCC1CCCC(=O)O1,CCCCCCC1CCCC(=O)O1,6-Pentyloxan-2-one,,Homo sapiens,hOR52D1,125.0,1.0,,True,False,False,,,A tested / B untested,Low,https://doi.org/10.1021/acs.jafc.5b01884,,CAS not found in compounds.csv; exact SMILES used.,b_untested,human_only,60
PAIR_0060,705-86-2__710-04-3,705-86-2,710-04-3,CCCCCC1CCCC(=O)O1,CCCCCCC1CCCC(=O)O1,6-Pentyloxan-2-one,,Homo sapiens,hOR52E2,915.0,0.0,,True,False,False,,,A tested / B untested,Low,https://doi.org/10.1021/acs.jafc.5b01884,,CAS not found in compounds.csv; exact SMILES used.,b_untested,human_only,60
PAIR_0060,705-86-2__710-04-3,705-86-2,710-04-3,CCCCCC1CCCC(=O)O1,CCCCCCC1CCCC(=O)O1,6-Pentyloxan-2-one,,Homo sapiens,hOR52E4,917.0,0.0,,True,False,False,,,A tested / B untested,Low,https://doi.org/10.1021/acs.jafc.5b01884,,CAS not found in compounds.csv; exact SMILES used.,b_untested,human_only,60
PAIR_0060,705-86-2__710-04-3,705-86-2,710-04-3,CCCCCC1CCCC(=O)O1,CCCCCCC1CCCC(=O)O1,6-Pentyloxan-2-one,,Homo sapiens,hOR52E5,957.0,0.0,,True,False,False,,,A tested / B untested,Low,https://doi.org/10.1021/acs.jafc.5b01884,,CAS not found in compounds.csv; exact SMILES used.,b_untested,human_only,60
PAIR_0060,705-86-2__710-04-3,705-86-2,710-04-3,CCCCCC1CCCC(=O)O1,CCCCCCC1CCCC(=O)O1,6-Pentyloxan-2-one,,Homo sapiens,hOR52E6,163.0,0.0,,True,False,False,,,A tested / B untested,Low,https://doi.org/10.1021/acs.jafc.5b01884,,CAS not found in compounds.csv; exact SMILES used.,b_untested,human_only,60
PAIR_0060,705-86-2__710-04-3,705-86-2,710-04-3,CCCCCC1CCCC(=O)O1,CCCCCCC1CCCC(=O)O1,6-Pentyloxan-2-one,,Homo sapiens,hOR52E8,120.0,0.0,,True,False,False,,,A tested / B untested,Low,https://doi.org/10.1021/acs.jafc.5b01884,,CAS not found in compounds.csv; exact SMILES used.,b_untested,human_only,60
PAIR_0060,705-86-2__710-04-3,705-86-2,710-04-3,CCCCCC1CCCC(=O)O1,CCCCCCC1CCCC(=O)O1,6-Pentyloxan-2-one,,Homo sapiens,hOR52H1,919.0,0.0,,True,False,False,,,A tested / B untested,Low,https://doi.org/10.1021/acs.jafc.5b01884,,CAS not found in compounds.csv; exact SMILES used.,b_untested,human_only,60
PAIR_0060,705-86-2__710-04-3,705-86-2,710-04-3,CCCCCC1CCCC(=O)O1,CCCCCCC1CCCC(=O)O1,6-Pentyloxan-2-one,,Homo sapiens,hOR52I1,922.0,0.0,,True,False,False,,,A tested / B untested,Low,https://doi.org/10.1021/acs.jafc.5b01884,,CAS not found in compounds.csv; exact SMILES used.,b_untested,human_only,60
PAIR_0060,705-86-2__710-04-3,705-86-2,710-04-3,CCCCCC1CCCC(=O)O1,CCCCCCC1CCCC(=O)O1,6-Pentyloxan-2-one,,Homo sapiens,hOR52I2,118.0,0.0,,True,False,False,,,A tested / B untested,Low,https://doi.org/10.1021/acs.jafc.5b01884,,CAS not found in compounds.csv; exact SMILES used.,b_untested,human_only,60
PAIR_0060,705-86-2__710-04-3,705-86-2,710-04-3,CCCCCC1CCCC(=O)O1,CCCCCCC1CCCC(=O)O1,6-Pentyloxan-2-one,,Homo sapiens,hOR52J3,924.0,0.0,,True,False,False,,,A tested / B untested,Low,https://doi.org/10.1021/acs.jafc.5b01884,,CAS not found in compounds.csv; exact SMILES used.,b_untested,human_only,60
PAIR_0060,705-86-2__710-04-3,705-86-2,710-04-3,CCCCCC1CCCC(=O)O1,CCCCCCC1CCCC(=O)O1,6-Pentyloxan-2-one,,Homo sapiens,hOR52K1,124.0,1.0,,True,False,False,,,A tested / B untested,Low,https://doi.org/10.1021/acs.jafc.5b01884,,CAS not found in compounds.csv; exact SMILES used.,b_untested,human_only,60
PAIR_0060,705-86-2__710-04-3,705-86-2,710-04-3,CCCCCC1CCCC(=O)O1,CCCCCCC1CCCC(=O)O1,6-Pentyloxan-2-one,,Homo sapiens,hOR52K2,174.0,0.0,,True,False,False,,,A tested / B untested,Low,https://doi.org/10.1021/acs.jafc.5b01884,,CAS not found in compounds.csv; exact SMILES used.,b_untested,human_only,60
PAIR_0060,705-86-2__710-04-3,705-86-2,710-04-3,CCCCCC1CCCC(=O)O1,CCCCCCC1CCCC(=O)O1,6-Pentyloxan-2-one,,Homo sapiens,hOR52L1,959.0,1.0,,True,False,False,,,A tested / B untested,Low,https://doi.org/10.1021/acs.jafc.5b01884,,CAS not found in compounds.csv; exact SMILES used.,b_untested,human_only,60
PAIR_0060,705-86-2__710-04-3,705-86-2,710-04-3,CCCCCC1CCCC(=O)O1,CCCCCCC1CCCC(=O)O1,6-Pentyloxan-2-one,,Homo sapiens,hOR52M1,929.0,1.0,,True,False,False,,,A tested / B untested,Low,https://doi.org/10.1021/acs.jafc.5b01884,,CAS not found in compounds.csv; exact SMILES used.,b_untested,human_only,60
PAIR_0060,705-86-2__710-04-3,705-86-2,710-04-3,CCCCCC1CCCC(=O)O1,CCCCCCC1CCCC(=O)O1,6-Pentyloxan-2-one,,Homo sapiens,hOR52N1,931.0,0.0,,True,False,False,,,A tested / B untested,Low,https://doi.org/10.1021/acs.jafc.5b01884,,CAS not found in compounds.csv; exact SMILES used.,b_untested,human_only,60
PAIR_0060,705-86-2__710-04-3,705-86-2,710-04-3,CCCCCC1CCCC(=O)O1,CCCCCCC1CCCC(=O)O1,6-Pentyloxan-2-one,,Homo sapiens,hOR52N2,933.0,0.0,,True,False,False,,,A tested / B untested,Low,https://doi.org/10.1021/acs.jafc.5b01884,,CAS not found in compounds.csv; exact SMILES used.,b_untested,human_only,60
PAIR_0060,705-86-2__710-04-3,705-86-2,710-04-3,CCCCCC1CCCC(=O)O1,CCCCCCC1CCCC(=O)O1,6-Pentyloxan-2-one,,Homo sapiens,hOR52N4,935.0,0.0,,True,False,False,,,A tested / B untested,Low,https://doi.org/10.1021/acs.jafc.5b01884,,CAS not found in compounds.csv; exact SMILES used.,b_untested,human_only,60
PAIR_0060,705-86-2__710-04-3,705-86-2,710-04-3,CCCCCC1CCCC(=O)O1,CCCCCCC1CCCC(=O)O1,6-Pentyloxan-2-one,,Homo sapiens,hOR52N5,197.0,1.0,,True,False,False,,,A tested / B untested,Low,https://doi.org/10.1021/acs.jafc.5b01884,,CAS not found in compounds.csv; exact SMILES used.,b_untested,human_only,60
PAIR_0060,705-86-2__710-04-3,705-86-2,710-04-3,CCCCCC1CCCC(=O)O1,CCCCCCC1CCCC(=O)O1,6-Pentyloxan-2-one,,Homo sapiens,hOR52R1,936.0,1.0,,True,False,False,,,A tested / B untested,Low,https://doi.org/10.1021/acs.jafc.5b01884,,CAS not found in compounds.csv; exact SMILES used.,b_untested,human_only,60
PAIR_0060,705-86-2__710-04-3,705-86-2,710-04-3,CCCCCC1CCCC(=O)O1,CCCCCCC1CCCC(=O)O1,6-Pentyloxan-2-one,,Homo sapiens,hOR52W1,937.0,0.0,,True,False,False,,,A tested / B untested,Low,https://doi.org/10.1021/acs.jafc.5b01884,,CAS not found in compounds.csv; exact SMILES used.,b_untested,human_only,60
PAIR_0060,705-86-2__710-04-3,705-86-2,710-04-3,CCCCCC1CCCC(=O)O1,CCCCCCC1CCCC(=O)O1,6-Pentyloxan-2-one,,Homo sapiens,hOR56A1,87.0,0.0,,True,False,False,,,A tested / B untested,Low,https://doi.org/10.1021/acs.jafc.5b01884,,CAS not found in compounds.csv; exact SMILES used.,b_untested,human_only,60
PAIR_0060,705-86-2__710-04-3,705-86-2,710-04-3,CCCCCC1CCCC(=O)O1,CCCCCCC1CCCC(=O)O1,6-Pentyloxan-2-one,,Homo sapiens,hOR56A3,939.0,0.0,,True,False,False,,,A tested / B untested,Low,https://doi.org/10.1021/acs.jafc.5b01884,,CAS not found in compounds.csv; exact SMILES used.,b_untested,human_only,60
PAIR_0060,705-86-2__710-04-3,705-86-2,710-04-3,CCCCCC1CCCC(=O)O1,CCCCCCC1CCCC(=O)O1,6-Pentyloxan-2-one,,Homo sapiens,hOR56A4,507.0,0.0,,True,False,False,,,A tested / B untested,Low,https://doi.org/10.1021/acs.jafc.5b01884,,CAS not found in compounds.csv; exact SMILES used.,b_untested,human_only,60
PAIR_0060,705-86-2__710-04-3,705-86-2,710-04-3,CCCCCC1CCCC(=O)O1,CCCCCCC1CCCC(=O)O1,6-Pentyloxan-2-one,,Homo sapiens,hOR56B1,944.0,0.0,,True,False,False,,,A tested / B untested,Low,https://doi.org/10.1021/acs.jafc.5b01884,,CAS not found in compounds.csv; exact SMILES used.,b_untested,human_only,60
PAIR_0060,705-86-2__710-04-3,705-86-2,710-04-3,CCCCCC1CCCC(=O)O1,CCCCCCC1CCCC(=O)O1,6-Pentyloxan-2-one,,Homo sapiens,hOR56B4,947.0,1.0,,True,False,False,,,A tested / B untested,Low,https://doi.org/10.1021/acs.jafc.5b01884,,CAS not found in compounds.csv; exact SMILES used.,b_untested,human_only,60
